ARM GAS  /tmp/ccCFMTgI.s 			page 1


   1              		.cpu cortex-m4
   2              		.arch armv7e-m
   3              		.fpu fpv4-sp-d16
   4              		.eabi_attribute 27, 1
   5              		.eabi_attribute 28, 1
   6              		.eabi_attribute 20, 1
   7              		.eabi_attribute 21, 1
   8              		.eabi_attribute 23, 3
   9              		.eabi_attribute 24, 1
  10              		.eabi_attribute 25, 1
  11              		.eabi_attribute 26, 1
  12              		.eabi_attribute 30, 1
  13              		.eabi_attribute 34, 1
  14              		.eabi_attribute 18, 4
  15              		.file	"stm32l4xx_hal_lptim.c"
  16              		.text
  17              	.Ltext0:
  18              		.cfi_sections	.debug_frame
  19              		.file 1 "Drivers/STM32L4xx_HAL_Driver/Src/stm32l4xx_hal_lptim.c"
  20              		.section	.text.LPTIM_WaitForFlag,"ax",%progbits
  21              		.align	1
  22              		.syntax unified
  23              		.thumb
  24              		.thumb_func
  26              	LPTIM_WaitForFlag:
  27              	.LVL0:
  28              	.LFB424:
   1:Drivers/STM32L4xx_HAL_Driver/Src/stm32l4xx_hal_lptim.c **** /**
   2:Drivers/STM32L4xx_HAL_Driver/Src/stm32l4xx_hal_lptim.c ****   ******************************************************************************
   3:Drivers/STM32L4xx_HAL_Driver/Src/stm32l4xx_hal_lptim.c ****   * @file    stm32l4xx_hal_lptim.c
   4:Drivers/STM32L4xx_HAL_Driver/Src/stm32l4xx_hal_lptim.c ****   * @author  MCD Application Team
   5:Drivers/STM32L4xx_HAL_Driver/Src/stm32l4xx_hal_lptim.c ****   * @brief   LPTIM HAL module driver.
   6:Drivers/STM32L4xx_HAL_Driver/Src/stm32l4xx_hal_lptim.c ****   *          This file provides firmware functions to manage the following
   7:Drivers/STM32L4xx_HAL_Driver/Src/stm32l4xx_hal_lptim.c ****   *          functionalities of the Low Power Timer (LPTIM) peripheral:
   8:Drivers/STM32L4xx_HAL_Driver/Src/stm32l4xx_hal_lptim.c ****   *           + Initialization and de-initialization functions.
   9:Drivers/STM32L4xx_HAL_Driver/Src/stm32l4xx_hal_lptim.c ****   *           + Start/Stop operation functions in polling mode.
  10:Drivers/STM32L4xx_HAL_Driver/Src/stm32l4xx_hal_lptim.c ****   *           + Start/Stop operation functions in interrupt mode.
  11:Drivers/STM32L4xx_HAL_Driver/Src/stm32l4xx_hal_lptim.c ****   *           + Reading operation functions.
  12:Drivers/STM32L4xx_HAL_Driver/Src/stm32l4xx_hal_lptim.c ****   *           + Peripheral State functions.
  13:Drivers/STM32L4xx_HAL_Driver/Src/stm32l4xx_hal_lptim.c ****   *
  14:Drivers/STM32L4xx_HAL_Driver/Src/stm32l4xx_hal_lptim.c ****   ******************************************************************************
  15:Drivers/STM32L4xx_HAL_Driver/Src/stm32l4xx_hal_lptim.c ****   * @attention
  16:Drivers/STM32L4xx_HAL_Driver/Src/stm32l4xx_hal_lptim.c ****   *
  17:Drivers/STM32L4xx_HAL_Driver/Src/stm32l4xx_hal_lptim.c ****   * Copyright (c) 2017 STMicroelectronics.
  18:Drivers/STM32L4xx_HAL_Driver/Src/stm32l4xx_hal_lptim.c ****   * All rights reserved.
  19:Drivers/STM32L4xx_HAL_Driver/Src/stm32l4xx_hal_lptim.c ****   *
  20:Drivers/STM32L4xx_HAL_Driver/Src/stm32l4xx_hal_lptim.c ****   * This software is licensed under terms that can be found in the LICENSE file
  21:Drivers/STM32L4xx_HAL_Driver/Src/stm32l4xx_hal_lptim.c ****   * in the root directory of this software component.
  22:Drivers/STM32L4xx_HAL_Driver/Src/stm32l4xx_hal_lptim.c ****   * If no LICENSE file comes with this software, it is provided AS-IS.
  23:Drivers/STM32L4xx_HAL_Driver/Src/stm32l4xx_hal_lptim.c ****   *
  24:Drivers/STM32L4xx_HAL_Driver/Src/stm32l4xx_hal_lptim.c ****   ******************************************************************************
  25:Drivers/STM32L4xx_HAL_Driver/Src/stm32l4xx_hal_lptim.c ****   @verbatim
  26:Drivers/STM32L4xx_HAL_Driver/Src/stm32l4xx_hal_lptim.c ****   ==============================================================================
  27:Drivers/STM32L4xx_HAL_Driver/Src/stm32l4xx_hal_lptim.c ****                      ##### How to use this driver #####
  28:Drivers/STM32L4xx_HAL_Driver/Src/stm32l4xx_hal_lptim.c ****   ==============================================================================
  29:Drivers/STM32L4xx_HAL_Driver/Src/stm32l4xx_hal_lptim.c ****     [..]
  30:Drivers/STM32L4xx_HAL_Driver/Src/stm32l4xx_hal_lptim.c ****       The LPTIM HAL driver can be used as follows:
ARM GAS  /tmp/ccCFMTgI.s 			page 2


  31:Drivers/STM32L4xx_HAL_Driver/Src/stm32l4xx_hal_lptim.c **** 
  32:Drivers/STM32L4xx_HAL_Driver/Src/stm32l4xx_hal_lptim.c ****       (#)Initialize the LPTIM low level resources by implementing the
  33:Drivers/STM32L4xx_HAL_Driver/Src/stm32l4xx_hal_lptim.c ****         HAL_LPTIM_MspInit():
  34:Drivers/STM32L4xx_HAL_Driver/Src/stm32l4xx_hal_lptim.c ****          (++) Enable the LPTIM interface clock using __HAL_RCC_LPTIMx_CLK_ENABLE().
  35:Drivers/STM32L4xx_HAL_Driver/Src/stm32l4xx_hal_lptim.c ****          (++) In case of using interrupts (e.g. HAL_LPTIM_PWM_Start_IT()):
  36:Drivers/STM32L4xx_HAL_Driver/Src/stm32l4xx_hal_lptim.c ****              (+++) Configure the LPTIM interrupt priority using HAL_NVIC_SetPriority().
  37:Drivers/STM32L4xx_HAL_Driver/Src/stm32l4xx_hal_lptim.c ****              (+++) Enable the LPTIM IRQ handler using HAL_NVIC_EnableIRQ().
  38:Drivers/STM32L4xx_HAL_Driver/Src/stm32l4xx_hal_lptim.c ****              (+++) In LPTIM IRQ handler, call HAL_LPTIM_IRQHandler().
  39:Drivers/STM32L4xx_HAL_Driver/Src/stm32l4xx_hal_lptim.c **** 
  40:Drivers/STM32L4xx_HAL_Driver/Src/stm32l4xx_hal_lptim.c ****       (#)Initialize the LPTIM HAL using HAL_LPTIM_Init(). This function
  41:Drivers/STM32L4xx_HAL_Driver/Src/stm32l4xx_hal_lptim.c ****          configures mainly:
  42:Drivers/STM32L4xx_HAL_Driver/Src/stm32l4xx_hal_lptim.c ****          (++) The instance: LPTIM1 or LPTIM2.
  43:Drivers/STM32L4xx_HAL_Driver/Src/stm32l4xx_hal_lptim.c ****          (++) Clock: the counter clock.
  44:Drivers/STM32L4xx_HAL_Driver/Src/stm32l4xx_hal_lptim.c ****              (+++) Source   : it can be either the ULPTIM input (IN1) or one of
  45:Drivers/STM32L4xx_HAL_Driver/Src/stm32l4xx_hal_lptim.c ****                               the internal clock; (APB, LSE, LSI or MSI).
  46:Drivers/STM32L4xx_HAL_Driver/Src/stm32l4xx_hal_lptim.c ****              (+++) Prescaler: select the clock divider.
  47:Drivers/STM32L4xx_HAL_Driver/Src/stm32l4xx_hal_lptim.c ****          (++)  UltraLowPowerClock : To be used only if the ULPTIM is selected
  48:Drivers/STM32L4xx_HAL_Driver/Src/stm32l4xx_hal_lptim.c ****                as counter clock source.
  49:Drivers/STM32L4xx_HAL_Driver/Src/stm32l4xx_hal_lptim.c ****              (+++) Polarity:   polarity of the active edge for the counter unit
  50:Drivers/STM32L4xx_HAL_Driver/Src/stm32l4xx_hal_lptim.c ****                                if the ULPTIM input is selected.
  51:Drivers/STM32L4xx_HAL_Driver/Src/stm32l4xx_hal_lptim.c ****              (+++) SampleTime: clock sampling time to configure the clock glitch
  52:Drivers/STM32L4xx_HAL_Driver/Src/stm32l4xx_hal_lptim.c ****                                filter.
  53:Drivers/STM32L4xx_HAL_Driver/Src/stm32l4xx_hal_lptim.c ****          (++) Trigger: How the counter start.
  54:Drivers/STM32L4xx_HAL_Driver/Src/stm32l4xx_hal_lptim.c ****              (+++) Source: trigger can be software or one of the hardware triggers.
  55:Drivers/STM32L4xx_HAL_Driver/Src/stm32l4xx_hal_lptim.c ****              (+++) ActiveEdge : only for hardware trigger.
  56:Drivers/STM32L4xx_HAL_Driver/Src/stm32l4xx_hal_lptim.c ****              (+++) SampleTime : trigger sampling time to configure the trigger
  57:Drivers/STM32L4xx_HAL_Driver/Src/stm32l4xx_hal_lptim.c ****                                 glitch filter.
  58:Drivers/STM32L4xx_HAL_Driver/Src/stm32l4xx_hal_lptim.c ****          (++) OutputPolarity : 2 opposite polarities are possible.
  59:Drivers/STM32L4xx_HAL_Driver/Src/stm32l4xx_hal_lptim.c ****          (++) UpdateMode: specifies whether the update of the autoreload and
  60:Drivers/STM32L4xx_HAL_Driver/Src/stm32l4xx_hal_lptim.c ****               the compare values is done immediately or after the end of current
  61:Drivers/STM32L4xx_HAL_Driver/Src/stm32l4xx_hal_lptim.c ****               period.
  62:Drivers/STM32L4xx_HAL_Driver/Src/stm32l4xx_hal_lptim.c ****          (++) Input1Source: Source selected for input1 (GPIO or comparator output).
  63:Drivers/STM32L4xx_HAL_Driver/Src/stm32l4xx_hal_lptim.c ****          (++) Input2Source: Source selected for input2 (GPIO or comparator output).
  64:Drivers/STM32L4xx_HAL_Driver/Src/stm32l4xx_hal_lptim.c ****               Input2 is used only for encoder feature so is used only for LPTIM1 instance.
  65:Drivers/STM32L4xx_HAL_Driver/Src/stm32l4xx_hal_lptim.c **** 
  66:Drivers/STM32L4xx_HAL_Driver/Src/stm32l4xx_hal_lptim.c ****       (#)Six modes are available:
  67:Drivers/STM32L4xx_HAL_Driver/Src/stm32l4xx_hal_lptim.c **** 
  68:Drivers/STM32L4xx_HAL_Driver/Src/stm32l4xx_hal_lptim.c ****          (++) PWM Mode: To generate a PWM signal with specified period and pulse,
  69:Drivers/STM32L4xx_HAL_Driver/Src/stm32l4xx_hal_lptim.c ****          call HAL_LPTIM_PWM_Start() or HAL_LPTIM_PWM_Start_IT() for interruption
  70:Drivers/STM32L4xx_HAL_Driver/Src/stm32l4xx_hal_lptim.c ****          mode.
  71:Drivers/STM32L4xx_HAL_Driver/Src/stm32l4xx_hal_lptim.c **** 
  72:Drivers/STM32L4xx_HAL_Driver/Src/stm32l4xx_hal_lptim.c ****          (++) One Pulse Mode: To generate pulse with specified width in response
  73:Drivers/STM32L4xx_HAL_Driver/Src/stm32l4xx_hal_lptim.c ****          to a stimulus, call HAL_LPTIM_OnePulse_Start() or
  74:Drivers/STM32L4xx_HAL_Driver/Src/stm32l4xx_hal_lptim.c ****          HAL_LPTIM_OnePulse_Start_IT() for interruption mode.
  75:Drivers/STM32L4xx_HAL_Driver/Src/stm32l4xx_hal_lptim.c **** 
  76:Drivers/STM32L4xx_HAL_Driver/Src/stm32l4xx_hal_lptim.c ****          (++) Set once Mode: In this mode, the output changes the level (from
  77:Drivers/STM32L4xx_HAL_Driver/Src/stm32l4xx_hal_lptim.c ****          low level to high level if the output polarity is configured high, else
  78:Drivers/STM32L4xx_HAL_Driver/Src/stm32l4xx_hal_lptim.c ****          the opposite) when a compare match occurs. To start this mode, call
  79:Drivers/STM32L4xx_HAL_Driver/Src/stm32l4xx_hal_lptim.c ****          HAL_LPTIM_SetOnce_Start() or HAL_LPTIM_SetOnce_Start_IT() for
  80:Drivers/STM32L4xx_HAL_Driver/Src/stm32l4xx_hal_lptim.c ****          interruption mode.
  81:Drivers/STM32L4xx_HAL_Driver/Src/stm32l4xx_hal_lptim.c **** 
  82:Drivers/STM32L4xx_HAL_Driver/Src/stm32l4xx_hal_lptim.c ****          (++) Encoder Mode: To use the encoder interface call
  83:Drivers/STM32L4xx_HAL_Driver/Src/stm32l4xx_hal_lptim.c ****          HAL_LPTIM_Encoder_Start() or HAL_LPTIM_Encoder_Start_IT() for
  84:Drivers/STM32L4xx_HAL_Driver/Src/stm32l4xx_hal_lptim.c ****          interruption mode. Only available for LPTIM1 instance.
  85:Drivers/STM32L4xx_HAL_Driver/Src/stm32l4xx_hal_lptim.c **** 
  86:Drivers/STM32L4xx_HAL_Driver/Src/stm32l4xx_hal_lptim.c ****          (++) Time out Mode: an active edge on one selected trigger input rests
  87:Drivers/STM32L4xx_HAL_Driver/Src/stm32l4xx_hal_lptim.c ****          the counter. The first trigger event will start the timer, any
ARM GAS  /tmp/ccCFMTgI.s 			page 3


  88:Drivers/STM32L4xx_HAL_Driver/Src/stm32l4xx_hal_lptim.c ****          successive trigger event will reset the counter and the timer will
  89:Drivers/STM32L4xx_HAL_Driver/Src/stm32l4xx_hal_lptim.c ****          restart. To start this mode call HAL_LPTIM_TimeOut_Start_IT() or
  90:Drivers/STM32L4xx_HAL_Driver/Src/stm32l4xx_hal_lptim.c ****          HAL_LPTIM_TimeOut_Start_IT() for interruption mode.
  91:Drivers/STM32L4xx_HAL_Driver/Src/stm32l4xx_hal_lptim.c **** 
  92:Drivers/STM32L4xx_HAL_Driver/Src/stm32l4xx_hal_lptim.c ****          (++) Counter Mode: counter can be used to count external events on
  93:Drivers/STM32L4xx_HAL_Driver/Src/stm32l4xx_hal_lptim.c ****          the LPTIM Input1 or it can be used to count internal clock cycles.
  94:Drivers/STM32L4xx_HAL_Driver/Src/stm32l4xx_hal_lptim.c ****          To start this mode, call HAL_LPTIM_Counter_Start() or
  95:Drivers/STM32L4xx_HAL_Driver/Src/stm32l4xx_hal_lptim.c ****          HAL_LPTIM_Counter_Start_IT() for interruption mode.
  96:Drivers/STM32L4xx_HAL_Driver/Src/stm32l4xx_hal_lptim.c **** 
  97:Drivers/STM32L4xx_HAL_Driver/Src/stm32l4xx_hal_lptim.c **** 
  98:Drivers/STM32L4xx_HAL_Driver/Src/stm32l4xx_hal_lptim.c ****       (#) User can stop any process by calling the corresponding API:
  99:Drivers/STM32L4xx_HAL_Driver/Src/stm32l4xx_hal_lptim.c ****           HAL_LPTIM_Xxx_Stop() or HAL_LPTIM_Xxx_Stop_IT() if the process is
 100:Drivers/STM32L4xx_HAL_Driver/Src/stm32l4xx_hal_lptim.c ****           already started in interruption mode.
 101:Drivers/STM32L4xx_HAL_Driver/Src/stm32l4xx_hal_lptim.c **** 
 102:Drivers/STM32L4xx_HAL_Driver/Src/stm32l4xx_hal_lptim.c ****       (#) De-initialize the LPTIM peripheral using HAL_LPTIM_DeInit().
 103:Drivers/STM32L4xx_HAL_Driver/Src/stm32l4xx_hal_lptim.c **** 
 104:Drivers/STM32L4xx_HAL_Driver/Src/stm32l4xx_hal_lptim.c ****     *** Callback registration ***
 105:Drivers/STM32L4xx_HAL_Driver/Src/stm32l4xx_hal_lptim.c ****   =============================================
 106:Drivers/STM32L4xx_HAL_Driver/Src/stm32l4xx_hal_lptim.c ****   [..]
 107:Drivers/STM32L4xx_HAL_Driver/Src/stm32l4xx_hal_lptim.c ****   The compilation define  USE_HAL_LPTIM_REGISTER_CALLBACKS when set to 1
 108:Drivers/STM32L4xx_HAL_Driver/Src/stm32l4xx_hal_lptim.c ****   allows the user to configure dynamically the driver callbacks.
 109:Drivers/STM32L4xx_HAL_Driver/Src/stm32l4xx_hal_lptim.c ****   [..]
 110:Drivers/STM32L4xx_HAL_Driver/Src/stm32l4xx_hal_lptim.c ****   Use Function HAL_LPTIM_RegisterCallback() to register a callback.
 111:Drivers/STM32L4xx_HAL_Driver/Src/stm32l4xx_hal_lptim.c ****   HAL_LPTIM_RegisterCallback() takes as parameters the HAL peripheral handle,
 112:Drivers/STM32L4xx_HAL_Driver/Src/stm32l4xx_hal_lptim.c ****   the Callback ID and a pointer to the user callback function.
 113:Drivers/STM32L4xx_HAL_Driver/Src/stm32l4xx_hal_lptim.c ****   [..]
 114:Drivers/STM32L4xx_HAL_Driver/Src/stm32l4xx_hal_lptim.c ****   Use function HAL_LPTIM_UnRegisterCallback() to reset a callback to the
 115:Drivers/STM32L4xx_HAL_Driver/Src/stm32l4xx_hal_lptim.c ****   default weak function.
 116:Drivers/STM32L4xx_HAL_Driver/Src/stm32l4xx_hal_lptim.c ****   HAL_LPTIM_UnRegisterCallback takes as parameters the HAL peripheral handle,
 117:Drivers/STM32L4xx_HAL_Driver/Src/stm32l4xx_hal_lptim.c ****   and the Callback ID.
 118:Drivers/STM32L4xx_HAL_Driver/Src/stm32l4xx_hal_lptim.c ****   [..]
 119:Drivers/STM32L4xx_HAL_Driver/Src/stm32l4xx_hal_lptim.c ****   These functions allow to register/unregister following callbacks:
 120:Drivers/STM32L4xx_HAL_Driver/Src/stm32l4xx_hal_lptim.c **** 
 121:Drivers/STM32L4xx_HAL_Driver/Src/stm32l4xx_hal_lptim.c ****     (+) MspInitCallback         : LPTIM Base Msp Init Callback.
 122:Drivers/STM32L4xx_HAL_Driver/Src/stm32l4xx_hal_lptim.c ****     (+) MspDeInitCallback       : LPTIM Base Msp DeInit Callback.
 123:Drivers/STM32L4xx_HAL_Driver/Src/stm32l4xx_hal_lptim.c ****     (+) CompareMatchCallback    : Compare match Callback.
 124:Drivers/STM32L4xx_HAL_Driver/Src/stm32l4xx_hal_lptim.c ****     (+) AutoReloadMatchCallback : Auto-reload match Callback.
 125:Drivers/STM32L4xx_HAL_Driver/Src/stm32l4xx_hal_lptim.c ****     (+) TriggerCallback         : External trigger event detection Callback.
 126:Drivers/STM32L4xx_HAL_Driver/Src/stm32l4xx_hal_lptim.c ****     (+) CompareWriteCallback    : Compare register write complete Callback.
 127:Drivers/STM32L4xx_HAL_Driver/Src/stm32l4xx_hal_lptim.c ****     (+) AutoReloadWriteCallback : Auto-reload register write complete Callback.
 128:Drivers/STM32L4xx_HAL_Driver/Src/stm32l4xx_hal_lptim.c ****     (+) DirectionUpCallback     : Up-counting direction change Callback.
 129:Drivers/STM32L4xx_HAL_Driver/Src/stm32l4xx_hal_lptim.c ****     (+) DirectionDownCallback   : Down-counting direction change Callback.
 130:Drivers/STM32L4xx_HAL_Driver/Src/stm32l4xx_hal_lptim.c **** 
 131:Drivers/STM32L4xx_HAL_Driver/Src/stm32l4xx_hal_lptim.c ****   [..]
 132:Drivers/STM32L4xx_HAL_Driver/Src/stm32l4xx_hal_lptim.c ****   By default, after the Init and when the state is HAL_LPTIM_STATE_RESET
 133:Drivers/STM32L4xx_HAL_Driver/Src/stm32l4xx_hal_lptim.c ****   all interrupt callbacks are set to the corresponding weak functions:
 134:Drivers/STM32L4xx_HAL_Driver/Src/stm32l4xx_hal_lptim.c ****   examples HAL_LPTIM_TriggerCallback(), HAL_LPTIM_CompareMatchCallback().
 135:Drivers/STM32L4xx_HAL_Driver/Src/stm32l4xx_hal_lptim.c **** 
 136:Drivers/STM32L4xx_HAL_Driver/Src/stm32l4xx_hal_lptim.c ****   [..]
 137:Drivers/STM32L4xx_HAL_Driver/Src/stm32l4xx_hal_lptim.c ****   Exception done for MspInit and MspDeInit functions that are reset to the legacy weak
 138:Drivers/STM32L4xx_HAL_Driver/Src/stm32l4xx_hal_lptim.c ****   functionalities in the Init/DeInit only when these callbacks are null
 139:Drivers/STM32L4xx_HAL_Driver/Src/stm32l4xx_hal_lptim.c ****   (not registered beforehand). If not, MspInit or MspDeInit are not null, the Init/DeInit
 140:Drivers/STM32L4xx_HAL_Driver/Src/stm32l4xx_hal_lptim.c ****   keep and use the user MspInit/MspDeInit callbacks (registered beforehand)
 141:Drivers/STM32L4xx_HAL_Driver/Src/stm32l4xx_hal_lptim.c **** 
 142:Drivers/STM32L4xx_HAL_Driver/Src/stm32l4xx_hal_lptim.c ****   [..]
 143:Drivers/STM32L4xx_HAL_Driver/Src/stm32l4xx_hal_lptim.c ****   Callbacks can be registered/unregistered in HAL_LPTIM_STATE_READY state only.
 144:Drivers/STM32L4xx_HAL_Driver/Src/stm32l4xx_hal_lptim.c ****   Exception done MspInit/MspDeInit that can be registered/unregistered
ARM GAS  /tmp/ccCFMTgI.s 			page 4


 145:Drivers/STM32L4xx_HAL_Driver/Src/stm32l4xx_hal_lptim.c ****   in HAL_LPTIM_STATE_READY or HAL_LPTIM_STATE_RESET state,
 146:Drivers/STM32L4xx_HAL_Driver/Src/stm32l4xx_hal_lptim.c ****   thus registered (user) MspInit/DeInit callbacks can be used during the Init/DeInit.
 147:Drivers/STM32L4xx_HAL_Driver/Src/stm32l4xx_hal_lptim.c ****   In that case first register the MspInit/MspDeInit user callbacks
 148:Drivers/STM32L4xx_HAL_Driver/Src/stm32l4xx_hal_lptim.c ****   using HAL_LPTIM_RegisterCallback() before calling DeInit or Init function.
 149:Drivers/STM32L4xx_HAL_Driver/Src/stm32l4xx_hal_lptim.c **** 
 150:Drivers/STM32L4xx_HAL_Driver/Src/stm32l4xx_hal_lptim.c ****   [..]
 151:Drivers/STM32L4xx_HAL_Driver/Src/stm32l4xx_hal_lptim.c ****   When The compilation define USE_HAL_LPTIM_REGISTER_CALLBACKS is set to 0 or
 152:Drivers/STM32L4xx_HAL_Driver/Src/stm32l4xx_hal_lptim.c ****   not defined, the callback registration feature is not available and all callbacks
 153:Drivers/STM32L4xx_HAL_Driver/Src/stm32l4xx_hal_lptim.c ****   are set to the corresponding weak functions.
 154:Drivers/STM32L4xx_HAL_Driver/Src/stm32l4xx_hal_lptim.c **** 
 155:Drivers/STM32L4xx_HAL_Driver/Src/stm32l4xx_hal_lptim.c ****   @endverbatim
 156:Drivers/STM32L4xx_HAL_Driver/Src/stm32l4xx_hal_lptim.c ****   ******************************************************************************
 157:Drivers/STM32L4xx_HAL_Driver/Src/stm32l4xx_hal_lptim.c ****   */
 158:Drivers/STM32L4xx_HAL_Driver/Src/stm32l4xx_hal_lptim.c **** 
 159:Drivers/STM32L4xx_HAL_Driver/Src/stm32l4xx_hal_lptim.c **** /* Includes ------------------------------------------------------------------*/
 160:Drivers/STM32L4xx_HAL_Driver/Src/stm32l4xx_hal_lptim.c **** #include "stm32l4xx_hal.h"
 161:Drivers/STM32L4xx_HAL_Driver/Src/stm32l4xx_hal_lptim.c **** 
 162:Drivers/STM32L4xx_HAL_Driver/Src/stm32l4xx_hal_lptim.c **** /** @addtogroup STM32L4xx_HAL_Driver
 163:Drivers/STM32L4xx_HAL_Driver/Src/stm32l4xx_hal_lptim.c ****   * @{
 164:Drivers/STM32L4xx_HAL_Driver/Src/stm32l4xx_hal_lptim.c ****   */
 165:Drivers/STM32L4xx_HAL_Driver/Src/stm32l4xx_hal_lptim.c **** 
 166:Drivers/STM32L4xx_HAL_Driver/Src/stm32l4xx_hal_lptim.c **** /** @defgroup LPTIM LPTIM
 167:Drivers/STM32L4xx_HAL_Driver/Src/stm32l4xx_hal_lptim.c ****   * @brief LPTIM HAL module driver.
 168:Drivers/STM32L4xx_HAL_Driver/Src/stm32l4xx_hal_lptim.c ****   * @{
 169:Drivers/STM32L4xx_HAL_Driver/Src/stm32l4xx_hal_lptim.c ****   */
 170:Drivers/STM32L4xx_HAL_Driver/Src/stm32l4xx_hal_lptim.c **** 
 171:Drivers/STM32L4xx_HAL_Driver/Src/stm32l4xx_hal_lptim.c **** #ifdef HAL_LPTIM_MODULE_ENABLED
 172:Drivers/STM32L4xx_HAL_Driver/Src/stm32l4xx_hal_lptim.c **** 
 173:Drivers/STM32L4xx_HAL_Driver/Src/stm32l4xx_hal_lptim.c **** #if defined (LPTIM1) || defined (LPTIM2)
 174:Drivers/STM32L4xx_HAL_Driver/Src/stm32l4xx_hal_lptim.c **** 
 175:Drivers/STM32L4xx_HAL_Driver/Src/stm32l4xx_hal_lptim.c **** /* Private typedef -----------------------------------------------------------*/
 176:Drivers/STM32L4xx_HAL_Driver/Src/stm32l4xx_hal_lptim.c **** /* Private define ------------------------------------------------------------*/
 177:Drivers/STM32L4xx_HAL_Driver/Src/stm32l4xx_hal_lptim.c **** /** @addtogroup LPTIM_Private_Constants
 178:Drivers/STM32L4xx_HAL_Driver/Src/stm32l4xx_hal_lptim.c ****   * @{
 179:Drivers/STM32L4xx_HAL_Driver/Src/stm32l4xx_hal_lptim.c ****   */
 180:Drivers/STM32L4xx_HAL_Driver/Src/stm32l4xx_hal_lptim.c **** #define TIMEOUT                                     1000UL /* Timeout is 1s */
 181:Drivers/STM32L4xx_HAL_Driver/Src/stm32l4xx_hal_lptim.c **** /**
 182:Drivers/STM32L4xx_HAL_Driver/Src/stm32l4xx_hal_lptim.c ****   * @}
 183:Drivers/STM32L4xx_HAL_Driver/Src/stm32l4xx_hal_lptim.c ****   */
 184:Drivers/STM32L4xx_HAL_Driver/Src/stm32l4xx_hal_lptim.c **** 
 185:Drivers/STM32L4xx_HAL_Driver/Src/stm32l4xx_hal_lptim.c **** /* Private macro -------------------------------------------------------------*/
 186:Drivers/STM32L4xx_HAL_Driver/Src/stm32l4xx_hal_lptim.c **** /** @addtogroup LPTIM_Private_Macros
 187:Drivers/STM32L4xx_HAL_Driver/Src/stm32l4xx_hal_lptim.c ****   * @{
 188:Drivers/STM32L4xx_HAL_Driver/Src/stm32l4xx_hal_lptim.c ****   */
 189:Drivers/STM32L4xx_HAL_Driver/Src/stm32l4xx_hal_lptim.c **** #if defined(LPTIM2)
 190:Drivers/STM32L4xx_HAL_Driver/Src/stm32l4xx_hal_lptim.c **** #define __HAL_LPTIM_WAKEUPTIMER_EXTI_ENABLE_IT(__INSTANCE__) \
 191:Drivers/STM32L4xx_HAL_Driver/Src/stm32l4xx_hal_lptim.c ****   (((__INSTANCE__) == LPTIM1) ? __HAL_LPTIM_LPTIM1_EXTI_ENABLE_IT() : __HAL_LPTIM_LPTIM2_EXTI_ENABL
 192:Drivers/STM32L4xx_HAL_Driver/Src/stm32l4xx_hal_lptim.c **** 
 193:Drivers/STM32L4xx_HAL_Driver/Src/stm32l4xx_hal_lptim.c **** #define __HAL_LPTIM_WAKEUPTIMER_EXTI_DISABLE_IT(__INSTANCE__) \
 194:Drivers/STM32L4xx_HAL_Driver/Src/stm32l4xx_hal_lptim.c ****   (((__INSTANCE__) == LPTIM1) ? __HAL_LPTIM_LPTIM1_EXTI_DISABLE_IT() : __HAL_LPTIM_LPTIM2_EXTI_DISA
 195:Drivers/STM32L4xx_HAL_Driver/Src/stm32l4xx_hal_lptim.c **** #else
 196:Drivers/STM32L4xx_HAL_Driver/Src/stm32l4xx_hal_lptim.c **** #define __HAL_LPTIM_WAKEUPTIMER_EXTI_ENABLE_IT(__INSTANCE__) __HAL_LPTIM_LPTIM1_EXTI_ENABLE_IT()
 197:Drivers/STM32L4xx_HAL_Driver/Src/stm32l4xx_hal_lptim.c **** 
 198:Drivers/STM32L4xx_HAL_Driver/Src/stm32l4xx_hal_lptim.c **** #define __HAL_LPTIM_WAKEUPTIMER_EXTI_DISABLE_IT(__INSTANCE__) __HAL_LPTIM_LPTIM1_EXTI_DISABLE_IT()
 199:Drivers/STM32L4xx_HAL_Driver/Src/stm32l4xx_hal_lptim.c **** #endif /* LPTIM2 */
 200:Drivers/STM32L4xx_HAL_Driver/Src/stm32l4xx_hal_lptim.c **** /**
 201:Drivers/STM32L4xx_HAL_Driver/Src/stm32l4xx_hal_lptim.c ****   * @}
ARM GAS  /tmp/ccCFMTgI.s 			page 5


 202:Drivers/STM32L4xx_HAL_Driver/Src/stm32l4xx_hal_lptim.c ****   */
 203:Drivers/STM32L4xx_HAL_Driver/Src/stm32l4xx_hal_lptim.c **** 
 204:Drivers/STM32L4xx_HAL_Driver/Src/stm32l4xx_hal_lptim.c **** /* Private variables ---------------------------------------------------------*/
 205:Drivers/STM32L4xx_HAL_Driver/Src/stm32l4xx_hal_lptim.c **** /* Private function prototypes -----------------------------------------------*/
 206:Drivers/STM32L4xx_HAL_Driver/Src/stm32l4xx_hal_lptim.c **** #if (USE_HAL_LPTIM_REGISTER_CALLBACKS == 1)
 207:Drivers/STM32L4xx_HAL_Driver/Src/stm32l4xx_hal_lptim.c **** static void LPTIM_ResetCallback(LPTIM_HandleTypeDef *lptim);
 208:Drivers/STM32L4xx_HAL_Driver/Src/stm32l4xx_hal_lptim.c **** #endif /* USE_HAL_LPTIM_REGISTER_CALLBACKS */
 209:Drivers/STM32L4xx_HAL_Driver/Src/stm32l4xx_hal_lptim.c **** static HAL_StatusTypeDef LPTIM_WaitForFlag(const LPTIM_HandleTypeDef *hlptim, uint32_t flag);
 210:Drivers/STM32L4xx_HAL_Driver/Src/stm32l4xx_hal_lptim.c **** 
 211:Drivers/STM32L4xx_HAL_Driver/Src/stm32l4xx_hal_lptim.c **** /* Exported functions --------------------------------------------------------*/
 212:Drivers/STM32L4xx_HAL_Driver/Src/stm32l4xx_hal_lptim.c **** 
 213:Drivers/STM32L4xx_HAL_Driver/Src/stm32l4xx_hal_lptim.c **** /** @defgroup LPTIM_Exported_Functions LPTIM Exported Functions
 214:Drivers/STM32L4xx_HAL_Driver/Src/stm32l4xx_hal_lptim.c ****   * @{
 215:Drivers/STM32L4xx_HAL_Driver/Src/stm32l4xx_hal_lptim.c ****   */
 216:Drivers/STM32L4xx_HAL_Driver/Src/stm32l4xx_hal_lptim.c **** 
 217:Drivers/STM32L4xx_HAL_Driver/Src/stm32l4xx_hal_lptim.c **** /** @defgroup LPTIM_Exported_Functions_Group1 Initialization/de-initialization functions
 218:Drivers/STM32L4xx_HAL_Driver/Src/stm32l4xx_hal_lptim.c ****   *  @brief    Initialization and Configuration functions.
 219:Drivers/STM32L4xx_HAL_Driver/Src/stm32l4xx_hal_lptim.c ****   *
 220:Drivers/STM32L4xx_HAL_Driver/Src/stm32l4xx_hal_lptim.c **** @verbatim
 221:Drivers/STM32L4xx_HAL_Driver/Src/stm32l4xx_hal_lptim.c ****   ==============================================================================
 222:Drivers/STM32L4xx_HAL_Driver/Src/stm32l4xx_hal_lptim.c ****               ##### Initialization and de-initialization functions #####
 223:Drivers/STM32L4xx_HAL_Driver/Src/stm32l4xx_hal_lptim.c ****   ==============================================================================
 224:Drivers/STM32L4xx_HAL_Driver/Src/stm32l4xx_hal_lptim.c ****     [..]  This section provides functions allowing to:
 225:Drivers/STM32L4xx_HAL_Driver/Src/stm32l4xx_hal_lptim.c ****       (+) Initialize the LPTIM according to the specified parameters in the
 226:Drivers/STM32L4xx_HAL_Driver/Src/stm32l4xx_hal_lptim.c ****           LPTIM_InitTypeDef and initialize the associated handle.
 227:Drivers/STM32L4xx_HAL_Driver/Src/stm32l4xx_hal_lptim.c ****       (+) DeInitialize the LPTIM peripheral.
 228:Drivers/STM32L4xx_HAL_Driver/Src/stm32l4xx_hal_lptim.c ****       (+) Initialize the LPTIM MSP.
 229:Drivers/STM32L4xx_HAL_Driver/Src/stm32l4xx_hal_lptim.c ****       (+) DeInitialize the LPTIM MSP.
 230:Drivers/STM32L4xx_HAL_Driver/Src/stm32l4xx_hal_lptim.c **** 
 231:Drivers/STM32L4xx_HAL_Driver/Src/stm32l4xx_hal_lptim.c **** @endverbatim
 232:Drivers/STM32L4xx_HAL_Driver/Src/stm32l4xx_hal_lptim.c ****   * @{
 233:Drivers/STM32L4xx_HAL_Driver/Src/stm32l4xx_hal_lptim.c ****   */
 234:Drivers/STM32L4xx_HAL_Driver/Src/stm32l4xx_hal_lptim.c **** 
 235:Drivers/STM32L4xx_HAL_Driver/Src/stm32l4xx_hal_lptim.c **** /**
 236:Drivers/STM32L4xx_HAL_Driver/Src/stm32l4xx_hal_lptim.c ****   * @brief  Initialize the LPTIM according to the specified parameters in the
 237:Drivers/STM32L4xx_HAL_Driver/Src/stm32l4xx_hal_lptim.c ****   *         LPTIM_InitTypeDef and initialize the associated handle.
 238:Drivers/STM32L4xx_HAL_Driver/Src/stm32l4xx_hal_lptim.c ****   * @param  hlptim LPTIM handle
 239:Drivers/STM32L4xx_HAL_Driver/Src/stm32l4xx_hal_lptim.c ****   * @retval HAL status
 240:Drivers/STM32L4xx_HAL_Driver/Src/stm32l4xx_hal_lptim.c ****   */
 241:Drivers/STM32L4xx_HAL_Driver/Src/stm32l4xx_hal_lptim.c **** HAL_StatusTypeDef HAL_LPTIM_Init(LPTIM_HandleTypeDef *hlptim)
 242:Drivers/STM32L4xx_HAL_Driver/Src/stm32l4xx_hal_lptim.c **** {
 243:Drivers/STM32L4xx_HAL_Driver/Src/stm32l4xx_hal_lptim.c ****   uint32_t tmpcfgr;
 244:Drivers/STM32L4xx_HAL_Driver/Src/stm32l4xx_hal_lptim.c **** 
 245:Drivers/STM32L4xx_HAL_Driver/Src/stm32l4xx_hal_lptim.c ****   /* Check the LPTIM handle allocation */
 246:Drivers/STM32L4xx_HAL_Driver/Src/stm32l4xx_hal_lptim.c ****   if (hlptim == NULL)
 247:Drivers/STM32L4xx_HAL_Driver/Src/stm32l4xx_hal_lptim.c ****   {
 248:Drivers/STM32L4xx_HAL_Driver/Src/stm32l4xx_hal_lptim.c ****     return HAL_ERROR;
 249:Drivers/STM32L4xx_HAL_Driver/Src/stm32l4xx_hal_lptim.c ****   }
 250:Drivers/STM32L4xx_HAL_Driver/Src/stm32l4xx_hal_lptim.c **** 
 251:Drivers/STM32L4xx_HAL_Driver/Src/stm32l4xx_hal_lptim.c ****   /* Check the parameters */
 252:Drivers/STM32L4xx_HAL_Driver/Src/stm32l4xx_hal_lptim.c ****   assert_param(IS_LPTIM_INSTANCE(hlptim->Instance));
 253:Drivers/STM32L4xx_HAL_Driver/Src/stm32l4xx_hal_lptim.c **** 
 254:Drivers/STM32L4xx_HAL_Driver/Src/stm32l4xx_hal_lptim.c ****   assert_param(IS_LPTIM_CLOCK_SOURCE(hlptim->Init.Clock.Source));
 255:Drivers/STM32L4xx_HAL_Driver/Src/stm32l4xx_hal_lptim.c ****   assert_param(IS_LPTIM_CLOCK_PRESCALER(hlptim->Init.Clock.Prescaler));
 256:Drivers/STM32L4xx_HAL_Driver/Src/stm32l4xx_hal_lptim.c ****   if ((hlptim->Init.Clock.Source == LPTIM_CLOCKSOURCE_ULPTIM)
 257:Drivers/STM32L4xx_HAL_Driver/Src/stm32l4xx_hal_lptim.c ****       || (hlptim->Init.CounterSource == LPTIM_COUNTERSOURCE_EXTERNAL))
 258:Drivers/STM32L4xx_HAL_Driver/Src/stm32l4xx_hal_lptim.c ****   {
ARM GAS  /tmp/ccCFMTgI.s 			page 6


 259:Drivers/STM32L4xx_HAL_Driver/Src/stm32l4xx_hal_lptim.c ****     assert_param(IS_LPTIM_CLOCK_POLARITY(hlptim->Init.UltraLowPowerClock.Polarity));
 260:Drivers/STM32L4xx_HAL_Driver/Src/stm32l4xx_hal_lptim.c ****     assert_param(IS_LPTIM_CLOCK_SAMPLE_TIME(hlptim->Init.UltraLowPowerClock.SampleTime));
 261:Drivers/STM32L4xx_HAL_Driver/Src/stm32l4xx_hal_lptim.c ****   }
 262:Drivers/STM32L4xx_HAL_Driver/Src/stm32l4xx_hal_lptim.c ****   assert_param(IS_LPTIM_TRG_SOURCE(hlptim->Init.Trigger.Source));
 263:Drivers/STM32L4xx_HAL_Driver/Src/stm32l4xx_hal_lptim.c ****   if (hlptim->Init.Trigger.Source != LPTIM_TRIGSOURCE_SOFTWARE)
 264:Drivers/STM32L4xx_HAL_Driver/Src/stm32l4xx_hal_lptim.c ****   {
 265:Drivers/STM32L4xx_HAL_Driver/Src/stm32l4xx_hal_lptim.c ****     assert_param(IS_LPTIM_EXT_TRG_POLARITY(hlptim->Init.Trigger.ActiveEdge));
 266:Drivers/STM32L4xx_HAL_Driver/Src/stm32l4xx_hal_lptim.c ****     assert_param(IS_LPTIM_TRIG_SAMPLE_TIME(hlptim->Init.Trigger.SampleTime));
 267:Drivers/STM32L4xx_HAL_Driver/Src/stm32l4xx_hal_lptim.c ****   }
 268:Drivers/STM32L4xx_HAL_Driver/Src/stm32l4xx_hal_lptim.c ****   assert_param(IS_LPTIM_OUTPUT_POLARITY(hlptim->Init.OutputPolarity));
 269:Drivers/STM32L4xx_HAL_Driver/Src/stm32l4xx_hal_lptim.c ****   assert_param(IS_LPTIM_UPDATE_MODE(hlptim->Init.UpdateMode));
 270:Drivers/STM32L4xx_HAL_Driver/Src/stm32l4xx_hal_lptim.c ****   assert_param(IS_LPTIM_COUNTER_SOURCE(hlptim->Init.CounterSource));
 271:Drivers/STM32L4xx_HAL_Driver/Src/stm32l4xx_hal_lptim.c **** #if defined(LPTIM_RCR_REP)
 272:Drivers/STM32L4xx_HAL_Driver/Src/stm32l4xx_hal_lptim.c ****   assert_param(IS_LPTIM_REPETITION(hlptim->Init.RepetitionCounter));
 273:Drivers/STM32L4xx_HAL_Driver/Src/stm32l4xx_hal_lptim.c **** #endif
 274:Drivers/STM32L4xx_HAL_Driver/Src/stm32l4xx_hal_lptim.c **** 
 275:Drivers/STM32L4xx_HAL_Driver/Src/stm32l4xx_hal_lptim.c ****   if (hlptim->State == HAL_LPTIM_STATE_RESET)
 276:Drivers/STM32L4xx_HAL_Driver/Src/stm32l4xx_hal_lptim.c ****   {
 277:Drivers/STM32L4xx_HAL_Driver/Src/stm32l4xx_hal_lptim.c ****     /* Allocate lock resource and initialize it */
 278:Drivers/STM32L4xx_HAL_Driver/Src/stm32l4xx_hal_lptim.c ****     hlptim->Lock = HAL_UNLOCKED;
 279:Drivers/STM32L4xx_HAL_Driver/Src/stm32l4xx_hal_lptim.c **** 
 280:Drivers/STM32L4xx_HAL_Driver/Src/stm32l4xx_hal_lptim.c **** #if (USE_HAL_LPTIM_REGISTER_CALLBACKS == 1)
 281:Drivers/STM32L4xx_HAL_Driver/Src/stm32l4xx_hal_lptim.c ****     /* Reset interrupt callbacks to legacy weak callbacks */
 282:Drivers/STM32L4xx_HAL_Driver/Src/stm32l4xx_hal_lptim.c ****     LPTIM_ResetCallback(hlptim);
 283:Drivers/STM32L4xx_HAL_Driver/Src/stm32l4xx_hal_lptim.c **** 
 284:Drivers/STM32L4xx_HAL_Driver/Src/stm32l4xx_hal_lptim.c ****     if (hlptim->MspInitCallback == NULL)
 285:Drivers/STM32L4xx_HAL_Driver/Src/stm32l4xx_hal_lptim.c ****     {
 286:Drivers/STM32L4xx_HAL_Driver/Src/stm32l4xx_hal_lptim.c ****       hlptim->MspInitCallback = HAL_LPTIM_MspInit;
 287:Drivers/STM32L4xx_HAL_Driver/Src/stm32l4xx_hal_lptim.c ****     }
 288:Drivers/STM32L4xx_HAL_Driver/Src/stm32l4xx_hal_lptim.c **** 
 289:Drivers/STM32L4xx_HAL_Driver/Src/stm32l4xx_hal_lptim.c ****     /* Init the low level hardware : GPIO, CLOCK, NVIC */
 290:Drivers/STM32L4xx_HAL_Driver/Src/stm32l4xx_hal_lptim.c ****     hlptim->MspInitCallback(hlptim);
 291:Drivers/STM32L4xx_HAL_Driver/Src/stm32l4xx_hal_lptim.c **** #else
 292:Drivers/STM32L4xx_HAL_Driver/Src/stm32l4xx_hal_lptim.c ****     /* Init the low level hardware : GPIO, CLOCK, NVIC */
 293:Drivers/STM32L4xx_HAL_Driver/Src/stm32l4xx_hal_lptim.c ****     HAL_LPTIM_MspInit(hlptim);
 294:Drivers/STM32L4xx_HAL_Driver/Src/stm32l4xx_hal_lptim.c **** #endif /* USE_HAL_LPTIM_REGISTER_CALLBACKS */
 295:Drivers/STM32L4xx_HAL_Driver/Src/stm32l4xx_hal_lptim.c ****   }
 296:Drivers/STM32L4xx_HAL_Driver/Src/stm32l4xx_hal_lptim.c **** 
 297:Drivers/STM32L4xx_HAL_Driver/Src/stm32l4xx_hal_lptim.c ****   /* Change the LPTIM state */
 298:Drivers/STM32L4xx_HAL_Driver/Src/stm32l4xx_hal_lptim.c ****   hlptim->State = HAL_LPTIM_STATE_BUSY;
 299:Drivers/STM32L4xx_HAL_Driver/Src/stm32l4xx_hal_lptim.c **** #if defined(LPTIM_RCR_REP)
 300:Drivers/STM32L4xx_HAL_Driver/Src/stm32l4xx_hal_lptim.c **** 
 301:Drivers/STM32L4xx_HAL_Driver/Src/stm32l4xx_hal_lptim.c ****   /* Enable the Peripheral */
 302:Drivers/STM32L4xx_HAL_Driver/Src/stm32l4xx_hal_lptim.c ****   __HAL_LPTIM_ENABLE(hlptim);
 303:Drivers/STM32L4xx_HAL_Driver/Src/stm32l4xx_hal_lptim.c **** 
 304:Drivers/STM32L4xx_HAL_Driver/Src/stm32l4xx_hal_lptim.c ****   /* Clear flag */
 305:Drivers/STM32L4xx_HAL_Driver/Src/stm32l4xx_hal_lptim.c ****   __HAL_LPTIM_CLEAR_FLAG(hlptim, LPTIM_FLAG_REPOK);
 306:Drivers/STM32L4xx_HAL_Driver/Src/stm32l4xx_hal_lptim.c **** 
 307:Drivers/STM32L4xx_HAL_Driver/Src/stm32l4xx_hal_lptim.c ****   /* Set the repetition counter */
 308:Drivers/STM32L4xx_HAL_Driver/Src/stm32l4xx_hal_lptim.c ****   __HAL_LPTIM_REPETITIONCOUNTER_SET(hlptim, hlptim->Init.RepetitionCounter);
 309:Drivers/STM32L4xx_HAL_Driver/Src/stm32l4xx_hal_lptim.c **** 
 310:Drivers/STM32L4xx_HAL_Driver/Src/stm32l4xx_hal_lptim.c ****   /* Wait for the completion of the write operation to the LPTIM_RCR register */
 311:Drivers/STM32L4xx_HAL_Driver/Src/stm32l4xx_hal_lptim.c ****   if (LPTIM_WaitForFlag(hlptim, LPTIM_FLAG_REPOK) == HAL_TIMEOUT)
 312:Drivers/STM32L4xx_HAL_Driver/Src/stm32l4xx_hal_lptim.c ****   {
 313:Drivers/STM32L4xx_HAL_Driver/Src/stm32l4xx_hal_lptim.c ****     return HAL_TIMEOUT;
 314:Drivers/STM32L4xx_HAL_Driver/Src/stm32l4xx_hal_lptim.c ****   }
 315:Drivers/STM32L4xx_HAL_Driver/Src/stm32l4xx_hal_lptim.c **** 
ARM GAS  /tmp/ccCFMTgI.s 			page 7


 316:Drivers/STM32L4xx_HAL_Driver/Src/stm32l4xx_hal_lptim.c ****   /* Disable the Peripheral */
 317:Drivers/STM32L4xx_HAL_Driver/Src/stm32l4xx_hal_lptim.c ****   __HAL_LPTIM_DISABLE(hlptim);
 318:Drivers/STM32L4xx_HAL_Driver/Src/stm32l4xx_hal_lptim.c **** 
 319:Drivers/STM32L4xx_HAL_Driver/Src/stm32l4xx_hal_lptim.c ****   if (HAL_LPTIM_GetState(hlptim) == HAL_LPTIM_STATE_TIMEOUT)
 320:Drivers/STM32L4xx_HAL_Driver/Src/stm32l4xx_hal_lptim.c ****   {
 321:Drivers/STM32L4xx_HAL_Driver/Src/stm32l4xx_hal_lptim.c ****     return HAL_TIMEOUT;
 322:Drivers/STM32L4xx_HAL_Driver/Src/stm32l4xx_hal_lptim.c ****   }
 323:Drivers/STM32L4xx_HAL_Driver/Src/stm32l4xx_hal_lptim.c **** 
 324:Drivers/STM32L4xx_HAL_Driver/Src/stm32l4xx_hal_lptim.c **** #endif
 325:Drivers/STM32L4xx_HAL_Driver/Src/stm32l4xx_hal_lptim.c **** 
 326:Drivers/STM32L4xx_HAL_Driver/Src/stm32l4xx_hal_lptim.c ****   /* Get the LPTIMx CFGR value */
 327:Drivers/STM32L4xx_HAL_Driver/Src/stm32l4xx_hal_lptim.c ****   tmpcfgr = hlptim->Instance->CFGR;
 328:Drivers/STM32L4xx_HAL_Driver/Src/stm32l4xx_hal_lptim.c **** 
 329:Drivers/STM32L4xx_HAL_Driver/Src/stm32l4xx_hal_lptim.c ****   if ((hlptim->Init.Clock.Source == LPTIM_CLOCKSOURCE_ULPTIM)
 330:Drivers/STM32L4xx_HAL_Driver/Src/stm32l4xx_hal_lptim.c ****       || (hlptim->Init.CounterSource == LPTIM_COUNTERSOURCE_EXTERNAL))
 331:Drivers/STM32L4xx_HAL_Driver/Src/stm32l4xx_hal_lptim.c ****   {
 332:Drivers/STM32L4xx_HAL_Driver/Src/stm32l4xx_hal_lptim.c ****     tmpcfgr &= (uint32_t)(~(LPTIM_CFGR_CKPOL | LPTIM_CFGR_CKFLT));
 333:Drivers/STM32L4xx_HAL_Driver/Src/stm32l4xx_hal_lptim.c ****   }
 334:Drivers/STM32L4xx_HAL_Driver/Src/stm32l4xx_hal_lptim.c ****   if (hlptim->Init.Trigger.Source != LPTIM_TRIGSOURCE_SOFTWARE)
 335:Drivers/STM32L4xx_HAL_Driver/Src/stm32l4xx_hal_lptim.c ****   {
 336:Drivers/STM32L4xx_HAL_Driver/Src/stm32l4xx_hal_lptim.c ****     tmpcfgr &= (uint32_t)(~(LPTIM_CFGR_TRGFLT | LPTIM_CFGR_TRIGSEL));
 337:Drivers/STM32L4xx_HAL_Driver/Src/stm32l4xx_hal_lptim.c ****   }
 338:Drivers/STM32L4xx_HAL_Driver/Src/stm32l4xx_hal_lptim.c **** 
 339:Drivers/STM32L4xx_HAL_Driver/Src/stm32l4xx_hal_lptim.c ****   /* Clear CKSEL, PRESC, TRIGEN, TRGFLT, WAVPOL, PRELOAD & COUNTMODE bits */
 340:Drivers/STM32L4xx_HAL_Driver/Src/stm32l4xx_hal_lptim.c ****   tmpcfgr &= (uint32_t)(~(LPTIM_CFGR_CKSEL | LPTIM_CFGR_TRIGEN | LPTIM_CFGR_PRELOAD |
 341:Drivers/STM32L4xx_HAL_Driver/Src/stm32l4xx_hal_lptim.c ****                           LPTIM_CFGR_WAVPOL | LPTIM_CFGR_PRESC | LPTIM_CFGR_COUNTMODE));
 342:Drivers/STM32L4xx_HAL_Driver/Src/stm32l4xx_hal_lptim.c **** 
 343:Drivers/STM32L4xx_HAL_Driver/Src/stm32l4xx_hal_lptim.c ****   /* Set initialization parameters */
 344:Drivers/STM32L4xx_HAL_Driver/Src/stm32l4xx_hal_lptim.c ****   tmpcfgr |= (hlptim->Init.Clock.Source    |
 345:Drivers/STM32L4xx_HAL_Driver/Src/stm32l4xx_hal_lptim.c ****               hlptim->Init.Clock.Prescaler |
 346:Drivers/STM32L4xx_HAL_Driver/Src/stm32l4xx_hal_lptim.c ****               hlptim->Init.OutputPolarity  |
 347:Drivers/STM32L4xx_HAL_Driver/Src/stm32l4xx_hal_lptim.c ****               hlptim->Init.UpdateMode      |
 348:Drivers/STM32L4xx_HAL_Driver/Src/stm32l4xx_hal_lptim.c ****               hlptim->Init.CounterSource);
 349:Drivers/STM32L4xx_HAL_Driver/Src/stm32l4xx_hal_lptim.c **** 
 350:Drivers/STM32L4xx_HAL_Driver/Src/stm32l4xx_hal_lptim.c ****   /* Glitch filters for internal triggers and  external inputs are configured
 351:Drivers/STM32L4xx_HAL_Driver/Src/stm32l4xx_hal_lptim.c ****    * only if an internal clock source is provided to the LPTIM
 352:Drivers/STM32L4xx_HAL_Driver/Src/stm32l4xx_hal_lptim.c ****    */
 353:Drivers/STM32L4xx_HAL_Driver/Src/stm32l4xx_hal_lptim.c ****   if (hlptim->Init.Clock.Source == LPTIM_CLOCKSOURCE_APBCLOCK_LPOSC)
 354:Drivers/STM32L4xx_HAL_Driver/Src/stm32l4xx_hal_lptim.c ****   {
 355:Drivers/STM32L4xx_HAL_Driver/Src/stm32l4xx_hal_lptim.c ****     tmpcfgr |= (hlptim->Init.Trigger.SampleTime |
 356:Drivers/STM32L4xx_HAL_Driver/Src/stm32l4xx_hal_lptim.c ****                 hlptim->Init.UltraLowPowerClock.SampleTime);
 357:Drivers/STM32L4xx_HAL_Driver/Src/stm32l4xx_hal_lptim.c ****   }
 358:Drivers/STM32L4xx_HAL_Driver/Src/stm32l4xx_hal_lptim.c **** 
 359:Drivers/STM32L4xx_HAL_Driver/Src/stm32l4xx_hal_lptim.c ****   /* Configure LPTIM external clock polarity and digital filter */
 360:Drivers/STM32L4xx_HAL_Driver/Src/stm32l4xx_hal_lptim.c ****   if ((hlptim->Init.Clock.Source == LPTIM_CLOCKSOURCE_ULPTIM)
 361:Drivers/STM32L4xx_HAL_Driver/Src/stm32l4xx_hal_lptim.c ****       || (hlptim->Init.CounterSource == LPTIM_COUNTERSOURCE_EXTERNAL))
 362:Drivers/STM32L4xx_HAL_Driver/Src/stm32l4xx_hal_lptim.c ****   {
 363:Drivers/STM32L4xx_HAL_Driver/Src/stm32l4xx_hal_lptim.c ****     tmpcfgr |= (hlptim->Init.UltraLowPowerClock.Polarity |
 364:Drivers/STM32L4xx_HAL_Driver/Src/stm32l4xx_hal_lptim.c ****                 hlptim->Init.UltraLowPowerClock.SampleTime);
 365:Drivers/STM32L4xx_HAL_Driver/Src/stm32l4xx_hal_lptim.c ****   }
 366:Drivers/STM32L4xx_HAL_Driver/Src/stm32l4xx_hal_lptim.c **** 
 367:Drivers/STM32L4xx_HAL_Driver/Src/stm32l4xx_hal_lptim.c ****   /* Configure LPTIM external trigger */
 368:Drivers/STM32L4xx_HAL_Driver/Src/stm32l4xx_hal_lptim.c ****   if (hlptim->Init.Trigger.Source != LPTIM_TRIGSOURCE_SOFTWARE)
 369:Drivers/STM32L4xx_HAL_Driver/Src/stm32l4xx_hal_lptim.c ****   {
 370:Drivers/STM32L4xx_HAL_Driver/Src/stm32l4xx_hal_lptim.c ****     /* Enable External trigger and set the trigger source */
 371:Drivers/STM32L4xx_HAL_Driver/Src/stm32l4xx_hal_lptim.c ****     tmpcfgr |= (hlptim->Init.Trigger.Source     |
 372:Drivers/STM32L4xx_HAL_Driver/Src/stm32l4xx_hal_lptim.c ****                 hlptim->Init.Trigger.ActiveEdge |
ARM GAS  /tmp/ccCFMTgI.s 			page 8


 373:Drivers/STM32L4xx_HAL_Driver/Src/stm32l4xx_hal_lptim.c ****                 hlptim->Init.Trigger.SampleTime);
 374:Drivers/STM32L4xx_HAL_Driver/Src/stm32l4xx_hal_lptim.c ****   }
 375:Drivers/STM32L4xx_HAL_Driver/Src/stm32l4xx_hal_lptim.c **** 
 376:Drivers/STM32L4xx_HAL_Driver/Src/stm32l4xx_hal_lptim.c ****   /* Write to LPTIMx CFGR */
 377:Drivers/STM32L4xx_HAL_Driver/Src/stm32l4xx_hal_lptim.c ****   hlptim->Instance->CFGR = tmpcfgr;
 378:Drivers/STM32L4xx_HAL_Driver/Src/stm32l4xx_hal_lptim.c **** 
 379:Drivers/STM32L4xx_HAL_Driver/Src/stm32l4xx_hal_lptim.c ****   /* Configure LPTIM input sources */
 380:Drivers/STM32L4xx_HAL_Driver/Src/stm32l4xx_hal_lptim.c ****   if (hlptim->Instance == LPTIM1)
 381:Drivers/STM32L4xx_HAL_Driver/Src/stm32l4xx_hal_lptim.c ****   {
 382:Drivers/STM32L4xx_HAL_Driver/Src/stm32l4xx_hal_lptim.c ****     /* Check LPTIM Input1 and Input2 sources */
 383:Drivers/STM32L4xx_HAL_Driver/Src/stm32l4xx_hal_lptim.c ****     assert_param(IS_LPTIM_INPUT1_SOURCE(hlptim->Instance, hlptim->Init.Input1Source));
 384:Drivers/STM32L4xx_HAL_Driver/Src/stm32l4xx_hal_lptim.c ****     assert_param(IS_LPTIM_INPUT2_SOURCE(hlptim->Instance, hlptim->Init.Input2Source));
 385:Drivers/STM32L4xx_HAL_Driver/Src/stm32l4xx_hal_lptim.c **** 
 386:Drivers/STM32L4xx_HAL_Driver/Src/stm32l4xx_hal_lptim.c ****     /* Configure LPTIM Input1 and Input2 sources */
 387:Drivers/STM32L4xx_HAL_Driver/Src/stm32l4xx_hal_lptim.c ****     hlptim->Instance->OR = (hlptim->Init.Input1Source | hlptim->Init.Input2Source);
 388:Drivers/STM32L4xx_HAL_Driver/Src/stm32l4xx_hal_lptim.c ****   }
 389:Drivers/STM32L4xx_HAL_Driver/Src/stm32l4xx_hal_lptim.c ****   else
 390:Drivers/STM32L4xx_HAL_Driver/Src/stm32l4xx_hal_lptim.c ****   {
 391:Drivers/STM32L4xx_HAL_Driver/Src/stm32l4xx_hal_lptim.c ****     /* Check LPTIM Input1 source */
 392:Drivers/STM32L4xx_HAL_Driver/Src/stm32l4xx_hal_lptim.c ****     assert_param(IS_LPTIM_INPUT1_SOURCE(hlptim->Instance, hlptim->Init.Input1Source));
 393:Drivers/STM32L4xx_HAL_Driver/Src/stm32l4xx_hal_lptim.c **** 
 394:Drivers/STM32L4xx_HAL_Driver/Src/stm32l4xx_hal_lptim.c ****     /* Configure LPTIM Input1 source */
 395:Drivers/STM32L4xx_HAL_Driver/Src/stm32l4xx_hal_lptim.c ****     hlptim->Instance->OR = hlptim->Init.Input1Source;
 396:Drivers/STM32L4xx_HAL_Driver/Src/stm32l4xx_hal_lptim.c ****   }
 397:Drivers/STM32L4xx_HAL_Driver/Src/stm32l4xx_hal_lptim.c **** 
 398:Drivers/STM32L4xx_HAL_Driver/Src/stm32l4xx_hal_lptim.c ****   /* Change the LPTIM state */
 399:Drivers/STM32L4xx_HAL_Driver/Src/stm32l4xx_hal_lptim.c ****   hlptim->State = HAL_LPTIM_STATE_READY;
 400:Drivers/STM32L4xx_HAL_Driver/Src/stm32l4xx_hal_lptim.c **** 
 401:Drivers/STM32L4xx_HAL_Driver/Src/stm32l4xx_hal_lptim.c ****   /* Return function status */
 402:Drivers/STM32L4xx_HAL_Driver/Src/stm32l4xx_hal_lptim.c ****   return HAL_OK;
 403:Drivers/STM32L4xx_HAL_Driver/Src/stm32l4xx_hal_lptim.c **** }
 404:Drivers/STM32L4xx_HAL_Driver/Src/stm32l4xx_hal_lptim.c **** 
 405:Drivers/STM32L4xx_HAL_Driver/Src/stm32l4xx_hal_lptim.c **** /**
 406:Drivers/STM32L4xx_HAL_Driver/Src/stm32l4xx_hal_lptim.c ****   * @brief  DeInitialize the LPTIM peripheral.
 407:Drivers/STM32L4xx_HAL_Driver/Src/stm32l4xx_hal_lptim.c ****   * @param  hlptim LPTIM handle
 408:Drivers/STM32L4xx_HAL_Driver/Src/stm32l4xx_hal_lptim.c ****   * @retval HAL status
 409:Drivers/STM32L4xx_HAL_Driver/Src/stm32l4xx_hal_lptim.c ****   */
 410:Drivers/STM32L4xx_HAL_Driver/Src/stm32l4xx_hal_lptim.c **** HAL_StatusTypeDef HAL_LPTIM_DeInit(LPTIM_HandleTypeDef *hlptim)
 411:Drivers/STM32L4xx_HAL_Driver/Src/stm32l4xx_hal_lptim.c **** {
 412:Drivers/STM32L4xx_HAL_Driver/Src/stm32l4xx_hal_lptim.c ****   /* Check the LPTIM handle allocation */
 413:Drivers/STM32L4xx_HAL_Driver/Src/stm32l4xx_hal_lptim.c ****   if (hlptim == NULL)
 414:Drivers/STM32L4xx_HAL_Driver/Src/stm32l4xx_hal_lptim.c ****   {
 415:Drivers/STM32L4xx_HAL_Driver/Src/stm32l4xx_hal_lptim.c ****     return HAL_ERROR;
 416:Drivers/STM32L4xx_HAL_Driver/Src/stm32l4xx_hal_lptim.c ****   }
 417:Drivers/STM32L4xx_HAL_Driver/Src/stm32l4xx_hal_lptim.c **** 
 418:Drivers/STM32L4xx_HAL_Driver/Src/stm32l4xx_hal_lptim.c ****   /* Change the LPTIM state */
 419:Drivers/STM32L4xx_HAL_Driver/Src/stm32l4xx_hal_lptim.c ****   hlptim->State = HAL_LPTIM_STATE_BUSY;
 420:Drivers/STM32L4xx_HAL_Driver/Src/stm32l4xx_hal_lptim.c **** 
 421:Drivers/STM32L4xx_HAL_Driver/Src/stm32l4xx_hal_lptim.c ****   /* Disable the LPTIM Peripheral Clock */
 422:Drivers/STM32L4xx_HAL_Driver/Src/stm32l4xx_hal_lptim.c ****   __HAL_LPTIM_DISABLE(hlptim);
 423:Drivers/STM32L4xx_HAL_Driver/Src/stm32l4xx_hal_lptim.c **** 
 424:Drivers/STM32L4xx_HAL_Driver/Src/stm32l4xx_hal_lptim.c ****   if (HAL_LPTIM_GetState(hlptim) == HAL_LPTIM_STATE_TIMEOUT)
 425:Drivers/STM32L4xx_HAL_Driver/Src/stm32l4xx_hal_lptim.c ****   {
 426:Drivers/STM32L4xx_HAL_Driver/Src/stm32l4xx_hal_lptim.c ****     return HAL_TIMEOUT;
 427:Drivers/STM32L4xx_HAL_Driver/Src/stm32l4xx_hal_lptim.c ****   }
 428:Drivers/STM32L4xx_HAL_Driver/Src/stm32l4xx_hal_lptim.c **** 
 429:Drivers/STM32L4xx_HAL_Driver/Src/stm32l4xx_hal_lptim.c **** #if (USE_HAL_LPTIM_REGISTER_CALLBACKS == 1)
ARM GAS  /tmp/ccCFMTgI.s 			page 9


 430:Drivers/STM32L4xx_HAL_Driver/Src/stm32l4xx_hal_lptim.c ****   if (hlptim->MspDeInitCallback == NULL)
 431:Drivers/STM32L4xx_HAL_Driver/Src/stm32l4xx_hal_lptim.c ****   {
 432:Drivers/STM32L4xx_HAL_Driver/Src/stm32l4xx_hal_lptim.c ****     hlptim->MspDeInitCallback = HAL_LPTIM_MspDeInit;
 433:Drivers/STM32L4xx_HAL_Driver/Src/stm32l4xx_hal_lptim.c ****   }
 434:Drivers/STM32L4xx_HAL_Driver/Src/stm32l4xx_hal_lptim.c **** 
 435:Drivers/STM32L4xx_HAL_Driver/Src/stm32l4xx_hal_lptim.c ****   /* DeInit the low level hardware: CLOCK, NVIC.*/
 436:Drivers/STM32L4xx_HAL_Driver/Src/stm32l4xx_hal_lptim.c ****   hlptim->MspDeInitCallback(hlptim);
 437:Drivers/STM32L4xx_HAL_Driver/Src/stm32l4xx_hal_lptim.c **** #else
 438:Drivers/STM32L4xx_HAL_Driver/Src/stm32l4xx_hal_lptim.c ****   /* DeInit the low level hardware: CLOCK, NVIC.*/
 439:Drivers/STM32L4xx_HAL_Driver/Src/stm32l4xx_hal_lptim.c ****   HAL_LPTIM_MspDeInit(hlptim);
 440:Drivers/STM32L4xx_HAL_Driver/Src/stm32l4xx_hal_lptim.c **** #endif /* USE_HAL_LPTIM_REGISTER_CALLBACKS */
 441:Drivers/STM32L4xx_HAL_Driver/Src/stm32l4xx_hal_lptim.c **** 
 442:Drivers/STM32L4xx_HAL_Driver/Src/stm32l4xx_hal_lptim.c ****   /* Change the LPTIM state */
 443:Drivers/STM32L4xx_HAL_Driver/Src/stm32l4xx_hal_lptim.c ****   hlptim->State = HAL_LPTIM_STATE_RESET;
 444:Drivers/STM32L4xx_HAL_Driver/Src/stm32l4xx_hal_lptim.c **** 
 445:Drivers/STM32L4xx_HAL_Driver/Src/stm32l4xx_hal_lptim.c ****   /* Release Lock */
 446:Drivers/STM32L4xx_HAL_Driver/Src/stm32l4xx_hal_lptim.c ****   __HAL_UNLOCK(hlptim);
 447:Drivers/STM32L4xx_HAL_Driver/Src/stm32l4xx_hal_lptim.c **** 
 448:Drivers/STM32L4xx_HAL_Driver/Src/stm32l4xx_hal_lptim.c ****   /* Return function status */
 449:Drivers/STM32L4xx_HAL_Driver/Src/stm32l4xx_hal_lptim.c ****   return HAL_OK;
 450:Drivers/STM32L4xx_HAL_Driver/Src/stm32l4xx_hal_lptim.c **** }
 451:Drivers/STM32L4xx_HAL_Driver/Src/stm32l4xx_hal_lptim.c **** 
 452:Drivers/STM32L4xx_HAL_Driver/Src/stm32l4xx_hal_lptim.c **** /**
 453:Drivers/STM32L4xx_HAL_Driver/Src/stm32l4xx_hal_lptim.c ****   * @brief  Initialize the LPTIM MSP.
 454:Drivers/STM32L4xx_HAL_Driver/Src/stm32l4xx_hal_lptim.c ****   * @param  hlptim LPTIM handle
 455:Drivers/STM32L4xx_HAL_Driver/Src/stm32l4xx_hal_lptim.c ****   * @retval None
 456:Drivers/STM32L4xx_HAL_Driver/Src/stm32l4xx_hal_lptim.c ****   */
 457:Drivers/STM32L4xx_HAL_Driver/Src/stm32l4xx_hal_lptim.c **** __weak void HAL_LPTIM_MspInit(LPTIM_HandleTypeDef *hlptim)
 458:Drivers/STM32L4xx_HAL_Driver/Src/stm32l4xx_hal_lptim.c **** {
 459:Drivers/STM32L4xx_HAL_Driver/Src/stm32l4xx_hal_lptim.c ****   /* Prevent unused argument(s) compilation warning */
 460:Drivers/STM32L4xx_HAL_Driver/Src/stm32l4xx_hal_lptim.c ****   UNUSED(hlptim);
 461:Drivers/STM32L4xx_HAL_Driver/Src/stm32l4xx_hal_lptim.c **** 
 462:Drivers/STM32L4xx_HAL_Driver/Src/stm32l4xx_hal_lptim.c ****   /* NOTE : This function should not be modified, when the callback is needed,
 463:Drivers/STM32L4xx_HAL_Driver/Src/stm32l4xx_hal_lptim.c ****             the HAL_LPTIM_MspInit could be implemented in the user file
 464:Drivers/STM32L4xx_HAL_Driver/Src/stm32l4xx_hal_lptim.c ****    */
 465:Drivers/STM32L4xx_HAL_Driver/Src/stm32l4xx_hal_lptim.c **** }
 466:Drivers/STM32L4xx_HAL_Driver/Src/stm32l4xx_hal_lptim.c **** 
 467:Drivers/STM32L4xx_HAL_Driver/Src/stm32l4xx_hal_lptim.c **** /**
 468:Drivers/STM32L4xx_HAL_Driver/Src/stm32l4xx_hal_lptim.c ****   * @brief  DeInitialize LPTIM MSP.
 469:Drivers/STM32L4xx_HAL_Driver/Src/stm32l4xx_hal_lptim.c ****   * @param  hlptim LPTIM handle
 470:Drivers/STM32L4xx_HAL_Driver/Src/stm32l4xx_hal_lptim.c ****   * @retval None
 471:Drivers/STM32L4xx_HAL_Driver/Src/stm32l4xx_hal_lptim.c ****   */
 472:Drivers/STM32L4xx_HAL_Driver/Src/stm32l4xx_hal_lptim.c **** __weak void HAL_LPTIM_MspDeInit(LPTIM_HandleTypeDef *hlptim)
 473:Drivers/STM32L4xx_HAL_Driver/Src/stm32l4xx_hal_lptim.c **** {
 474:Drivers/STM32L4xx_HAL_Driver/Src/stm32l4xx_hal_lptim.c ****   /* Prevent unused argument(s) compilation warning */
 475:Drivers/STM32L4xx_HAL_Driver/Src/stm32l4xx_hal_lptim.c ****   UNUSED(hlptim);
 476:Drivers/STM32L4xx_HAL_Driver/Src/stm32l4xx_hal_lptim.c **** 
 477:Drivers/STM32L4xx_HAL_Driver/Src/stm32l4xx_hal_lptim.c ****   /* NOTE : This function should not be modified, when the callback is needed,
 478:Drivers/STM32L4xx_HAL_Driver/Src/stm32l4xx_hal_lptim.c ****             the HAL_LPTIM_MspDeInit could be implemented in the user file
 479:Drivers/STM32L4xx_HAL_Driver/Src/stm32l4xx_hal_lptim.c ****    */
 480:Drivers/STM32L4xx_HAL_Driver/Src/stm32l4xx_hal_lptim.c **** }
 481:Drivers/STM32L4xx_HAL_Driver/Src/stm32l4xx_hal_lptim.c **** 
 482:Drivers/STM32L4xx_HAL_Driver/Src/stm32l4xx_hal_lptim.c **** /**
 483:Drivers/STM32L4xx_HAL_Driver/Src/stm32l4xx_hal_lptim.c ****   * @}
 484:Drivers/STM32L4xx_HAL_Driver/Src/stm32l4xx_hal_lptim.c ****   */
 485:Drivers/STM32L4xx_HAL_Driver/Src/stm32l4xx_hal_lptim.c **** 
 486:Drivers/STM32L4xx_HAL_Driver/Src/stm32l4xx_hal_lptim.c **** /** @defgroup LPTIM_Exported_Functions_Group2 LPTIM Start-Stop operation functions
ARM GAS  /tmp/ccCFMTgI.s 			page 10


 487:Drivers/STM32L4xx_HAL_Driver/Src/stm32l4xx_hal_lptim.c ****   *  @brief   Start-Stop operation functions.
 488:Drivers/STM32L4xx_HAL_Driver/Src/stm32l4xx_hal_lptim.c ****   *
 489:Drivers/STM32L4xx_HAL_Driver/Src/stm32l4xx_hal_lptim.c **** @verbatim
 490:Drivers/STM32L4xx_HAL_Driver/Src/stm32l4xx_hal_lptim.c ****   ==============================================================================
 491:Drivers/STM32L4xx_HAL_Driver/Src/stm32l4xx_hal_lptim.c ****                 ##### LPTIM Start Stop operation functions #####
 492:Drivers/STM32L4xx_HAL_Driver/Src/stm32l4xx_hal_lptim.c ****   ==============================================================================
 493:Drivers/STM32L4xx_HAL_Driver/Src/stm32l4xx_hal_lptim.c ****     [..]  This section provides functions allowing to:
 494:Drivers/STM32L4xx_HAL_Driver/Src/stm32l4xx_hal_lptim.c ****       (+) Start the PWM mode.
 495:Drivers/STM32L4xx_HAL_Driver/Src/stm32l4xx_hal_lptim.c ****       (+) Stop the PWM mode.
 496:Drivers/STM32L4xx_HAL_Driver/Src/stm32l4xx_hal_lptim.c ****       (+) Start the One pulse mode.
 497:Drivers/STM32L4xx_HAL_Driver/Src/stm32l4xx_hal_lptim.c ****       (+) Stop the One pulse mode.
 498:Drivers/STM32L4xx_HAL_Driver/Src/stm32l4xx_hal_lptim.c ****       (+) Start the Set once mode.
 499:Drivers/STM32L4xx_HAL_Driver/Src/stm32l4xx_hal_lptim.c ****       (+) Stop the Set once mode.
 500:Drivers/STM32L4xx_HAL_Driver/Src/stm32l4xx_hal_lptim.c ****       (+) Start the Encoder mode.
 501:Drivers/STM32L4xx_HAL_Driver/Src/stm32l4xx_hal_lptim.c ****       (+) Stop the Encoder mode.
 502:Drivers/STM32L4xx_HAL_Driver/Src/stm32l4xx_hal_lptim.c ****       (+) Start the Timeout mode.
 503:Drivers/STM32L4xx_HAL_Driver/Src/stm32l4xx_hal_lptim.c ****       (+) Stop the Timeout mode.
 504:Drivers/STM32L4xx_HAL_Driver/Src/stm32l4xx_hal_lptim.c ****       (+) Start the Counter mode.
 505:Drivers/STM32L4xx_HAL_Driver/Src/stm32l4xx_hal_lptim.c ****       (+) Stop the Counter mode.
 506:Drivers/STM32L4xx_HAL_Driver/Src/stm32l4xx_hal_lptim.c **** 
 507:Drivers/STM32L4xx_HAL_Driver/Src/stm32l4xx_hal_lptim.c **** 
 508:Drivers/STM32L4xx_HAL_Driver/Src/stm32l4xx_hal_lptim.c **** @endverbatim
 509:Drivers/STM32L4xx_HAL_Driver/Src/stm32l4xx_hal_lptim.c ****   * @{
 510:Drivers/STM32L4xx_HAL_Driver/Src/stm32l4xx_hal_lptim.c ****   */
 511:Drivers/STM32L4xx_HAL_Driver/Src/stm32l4xx_hal_lptim.c **** 
 512:Drivers/STM32L4xx_HAL_Driver/Src/stm32l4xx_hal_lptim.c **** /**
 513:Drivers/STM32L4xx_HAL_Driver/Src/stm32l4xx_hal_lptim.c ****   * @brief  Start the LPTIM PWM generation.
 514:Drivers/STM32L4xx_HAL_Driver/Src/stm32l4xx_hal_lptim.c ****   * @param  hlptim LPTIM handle
 515:Drivers/STM32L4xx_HAL_Driver/Src/stm32l4xx_hal_lptim.c ****   * @param  Period Specifies the Autoreload value.
 516:Drivers/STM32L4xx_HAL_Driver/Src/stm32l4xx_hal_lptim.c ****   *         This parameter must be a value between 0x0001 and 0xFFFF.
 517:Drivers/STM32L4xx_HAL_Driver/Src/stm32l4xx_hal_lptim.c ****   * @param  Pulse Specifies the compare value.
 518:Drivers/STM32L4xx_HAL_Driver/Src/stm32l4xx_hal_lptim.c ****   *         This parameter must be a value between 0x0000 and 0xFFFF.
 519:Drivers/STM32L4xx_HAL_Driver/Src/stm32l4xx_hal_lptim.c ****   * @retval HAL status
 520:Drivers/STM32L4xx_HAL_Driver/Src/stm32l4xx_hal_lptim.c ****   */
 521:Drivers/STM32L4xx_HAL_Driver/Src/stm32l4xx_hal_lptim.c **** HAL_StatusTypeDef HAL_LPTIM_PWM_Start(LPTIM_HandleTypeDef *hlptim, uint32_t Period, uint32_t Pulse)
 522:Drivers/STM32L4xx_HAL_Driver/Src/stm32l4xx_hal_lptim.c **** {
 523:Drivers/STM32L4xx_HAL_Driver/Src/stm32l4xx_hal_lptim.c ****   /* Check the parameters */
 524:Drivers/STM32L4xx_HAL_Driver/Src/stm32l4xx_hal_lptim.c ****   assert_param(IS_LPTIM_INSTANCE(hlptim->Instance));
 525:Drivers/STM32L4xx_HAL_Driver/Src/stm32l4xx_hal_lptim.c ****   assert_param(IS_LPTIM_PERIOD(Period));
 526:Drivers/STM32L4xx_HAL_Driver/Src/stm32l4xx_hal_lptim.c ****   assert_param(IS_LPTIM_PULSE(Pulse));
 527:Drivers/STM32L4xx_HAL_Driver/Src/stm32l4xx_hal_lptim.c **** 
 528:Drivers/STM32L4xx_HAL_Driver/Src/stm32l4xx_hal_lptim.c ****   /* Set the LPTIM state */
 529:Drivers/STM32L4xx_HAL_Driver/Src/stm32l4xx_hal_lptim.c ****   hlptim->State = HAL_LPTIM_STATE_BUSY;
 530:Drivers/STM32L4xx_HAL_Driver/Src/stm32l4xx_hal_lptim.c **** 
 531:Drivers/STM32L4xx_HAL_Driver/Src/stm32l4xx_hal_lptim.c ****   /* Reset WAVE bit to set PWM mode */
 532:Drivers/STM32L4xx_HAL_Driver/Src/stm32l4xx_hal_lptim.c ****   hlptim->Instance->CFGR &= ~LPTIM_CFGR_WAVE;
 533:Drivers/STM32L4xx_HAL_Driver/Src/stm32l4xx_hal_lptim.c **** 
 534:Drivers/STM32L4xx_HAL_Driver/Src/stm32l4xx_hal_lptim.c ****   /* Enable the Peripheral */
 535:Drivers/STM32L4xx_HAL_Driver/Src/stm32l4xx_hal_lptim.c ****   __HAL_LPTIM_ENABLE(hlptim);
 536:Drivers/STM32L4xx_HAL_Driver/Src/stm32l4xx_hal_lptim.c **** 
 537:Drivers/STM32L4xx_HAL_Driver/Src/stm32l4xx_hal_lptim.c ****   /* Clear flag */
 538:Drivers/STM32L4xx_HAL_Driver/Src/stm32l4xx_hal_lptim.c ****   __HAL_LPTIM_CLEAR_FLAG(hlptim, LPTIM_FLAG_ARROK);
 539:Drivers/STM32L4xx_HAL_Driver/Src/stm32l4xx_hal_lptim.c **** 
 540:Drivers/STM32L4xx_HAL_Driver/Src/stm32l4xx_hal_lptim.c ****   /* Load the period value in the autoreload register */
 541:Drivers/STM32L4xx_HAL_Driver/Src/stm32l4xx_hal_lptim.c ****   __HAL_LPTIM_AUTORELOAD_SET(hlptim, Period);
 542:Drivers/STM32L4xx_HAL_Driver/Src/stm32l4xx_hal_lptim.c **** 
 543:Drivers/STM32L4xx_HAL_Driver/Src/stm32l4xx_hal_lptim.c ****   /* Wait for the completion of the write operation to the LPTIM_ARR register */
ARM GAS  /tmp/ccCFMTgI.s 			page 11


 544:Drivers/STM32L4xx_HAL_Driver/Src/stm32l4xx_hal_lptim.c ****   if (LPTIM_WaitForFlag(hlptim, LPTIM_FLAG_ARROK) == HAL_TIMEOUT)
 545:Drivers/STM32L4xx_HAL_Driver/Src/stm32l4xx_hal_lptim.c ****   {
 546:Drivers/STM32L4xx_HAL_Driver/Src/stm32l4xx_hal_lptim.c ****     return HAL_TIMEOUT;
 547:Drivers/STM32L4xx_HAL_Driver/Src/stm32l4xx_hal_lptim.c ****   }
 548:Drivers/STM32L4xx_HAL_Driver/Src/stm32l4xx_hal_lptim.c **** 
 549:Drivers/STM32L4xx_HAL_Driver/Src/stm32l4xx_hal_lptim.c ****   /* Clear flag */
 550:Drivers/STM32L4xx_HAL_Driver/Src/stm32l4xx_hal_lptim.c ****   __HAL_LPTIM_CLEAR_FLAG(hlptim, LPTIM_FLAG_CMPOK);
 551:Drivers/STM32L4xx_HAL_Driver/Src/stm32l4xx_hal_lptim.c **** 
 552:Drivers/STM32L4xx_HAL_Driver/Src/stm32l4xx_hal_lptim.c ****   /* Load the pulse value in the compare register */
 553:Drivers/STM32L4xx_HAL_Driver/Src/stm32l4xx_hal_lptim.c ****   __HAL_LPTIM_COMPARE_SET(hlptim, Pulse);
 554:Drivers/STM32L4xx_HAL_Driver/Src/stm32l4xx_hal_lptim.c **** 
 555:Drivers/STM32L4xx_HAL_Driver/Src/stm32l4xx_hal_lptim.c ****   /* Wait for the completion of the write operation to the LPTIM_CMP register */
 556:Drivers/STM32L4xx_HAL_Driver/Src/stm32l4xx_hal_lptim.c ****   if (LPTIM_WaitForFlag(hlptim, LPTIM_FLAG_CMPOK) == HAL_TIMEOUT)
 557:Drivers/STM32L4xx_HAL_Driver/Src/stm32l4xx_hal_lptim.c ****   {
 558:Drivers/STM32L4xx_HAL_Driver/Src/stm32l4xx_hal_lptim.c ****     return HAL_TIMEOUT;
 559:Drivers/STM32L4xx_HAL_Driver/Src/stm32l4xx_hal_lptim.c ****   }
 560:Drivers/STM32L4xx_HAL_Driver/Src/stm32l4xx_hal_lptim.c **** 
 561:Drivers/STM32L4xx_HAL_Driver/Src/stm32l4xx_hal_lptim.c ****   /* Start timer in continuous mode */
 562:Drivers/STM32L4xx_HAL_Driver/Src/stm32l4xx_hal_lptim.c ****   __HAL_LPTIM_START_CONTINUOUS(hlptim);
 563:Drivers/STM32L4xx_HAL_Driver/Src/stm32l4xx_hal_lptim.c **** 
 564:Drivers/STM32L4xx_HAL_Driver/Src/stm32l4xx_hal_lptim.c ****   /* Change the LPTIM state */
 565:Drivers/STM32L4xx_HAL_Driver/Src/stm32l4xx_hal_lptim.c ****   hlptim->State = HAL_LPTIM_STATE_READY;
 566:Drivers/STM32L4xx_HAL_Driver/Src/stm32l4xx_hal_lptim.c **** 
 567:Drivers/STM32L4xx_HAL_Driver/Src/stm32l4xx_hal_lptim.c ****   /* Return function status */
 568:Drivers/STM32L4xx_HAL_Driver/Src/stm32l4xx_hal_lptim.c ****   return HAL_OK;
 569:Drivers/STM32L4xx_HAL_Driver/Src/stm32l4xx_hal_lptim.c **** }
 570:Drivers/STM32L4xx_HAL_Driver/Src/stm32l4xx_hal_lptim.c **** 
 571:Drivers/STM32L4xx_HAL_Driver/Src/stm32l4xx_hal_lptim.c **** /**
 572:Drivers/STM32L4xx_HAL_Driver/Src/stm32l4xx_hal_lptim.c ****   * @brief  Stop the LPTIM PWM generation.
 573:Drivers/STM32L4xx_HAL_Driver/Src/stm32l4xx_hal_lptim.c ****   * @param  hlptim LPTIM handle
 574:Drivers/STM32L4xx_HAL_Driver/Src/stm32l4xx_hal_lptim.c ****   * @retval HAL status
 575:Drivers/STM32L4xx_HAL_Driver/Src/stm32l4xx_hal_lptim.c ****   */
 576:Drivers/STM32L4xx_HAL_Driver/Src/stm32l4xx_hal_lptim.c **** HAL_StatusTypeDef HAL_LPTIM_PWM_Stop(LPTIM_HandleTypeDef *hlptim)
 577:Drivers/STM32L4xx_HAL_Driver/Src/stm32l4xx_hal_lptim.c **** {
 578:Drivers/STM32L4xx_HAL_Driver/Src/stm32l4xx_hal_lptim.c ****   /* Check the parameters */
 579:Drivers/STM32L4xx_HAL_Driver/Src/stm32l4xx_hal_lptim.c ****   assert_param(IS_LPTIM_INSTANCE(hlptim->Instance));
 580:Drivers/STM32L4xx_HAL_Driver/Src/stm32l4xx_hal_lptim.c **** 
 581:Drivers/STM32L4xx_HAL_Driver/Src/stm32l4xx_hal_lptim.c ****   /* Change the LPTIM state */
 582:Drivers/STM32L4xx_HAL_Driver/Src/stm32l4xx_hal_lptim.c ****   hlptim->State = HAL_LPTIM_STATE_BUSY;
 583:Drivers/STM32L4xx_HAL_Driver/Src/stm32l4xx_hal_lptim.c **** 
 584:Drivers/STM32L4xx_HAL_Driver/Src/stm32l4xx_hal_lptim.c ****   /* Disable the Peripheral */
 585:Drivers/STM32L4xx_HAL_Driver/Src/stm32l4xx_hal_lptim.c ****   __HAL_LPTIM_DISABLE(hlptim);
 586:Drivers/STM32L4xx_HAL_Driver/Src/stm32l4xx_hal_lptim.c **** 
 587:Drivers/STM32L4xx_HAL_Driver/Src/stm32l4xx_hal_lptim.c ****   if (HAL_LPTIM_GetState(hlptim) == HAL_LPTIM_STATE_TIMEOUT)
 588:Drivers/STM32L4xx_HAL_Driver/Src/stm32l4xx_hal_lptim.c ****   {
 589:Drivers/STM32L4xx_HAL_Driver/Src/stm32l4xx_hal_lptim.c ****     return HAL_TIMEOUT;
 590:Drivers/STM32L4xx_HAL_Driver/Src/stm32l4xx_hal_lptim.c ****   }
 591:Drivers/STM32L4xx_HAL_Driver/Src/stm32l4xx_hal_lptim.c **** 
 592:Drivers/STM32L4xx_HAL_Driver/Src/stm32l4xx_hal_lptim.c ****   /* Change the LPTIM state */
 593:Drivers/STM32L4xx_HAL_Driver/Src/stm32l4xx_hal_lptim.c ****   hlptim->State = HAL_LPTIM_STATE_READY;
 594:Drivers/STM32L4xx_HAL_Driver/Src/stm32l4xx_hal_lptim.c **** 
 595:Drivers/STM32L4xx_HAL_Driver/Src/stm32l4xx_hal_lptim.c ****   /* Return function status */
 596:Drivers/STM32L4xx_HAL_Driver/Src/stm32l4xx_hal_lptim.c ****   return HAL_OK;
 597:Drivers/STM32L4xx_HAL_Driver/Src/stm32l4xx_hal_lptim.c **** }
 598:Drivers/STM32L4xx_HAL_Driver/Src/stm32l4xx_hal_lptim.c **** 
 599:Drivers/STM32L4xx_HAL_Driver/Src/stm32l4xx_hal_lptim.c **** /**
 600:Drivers/STM32L4xx_HAL_Driver/Src/stm32l4xx_hal_lptim.c ****   * @brief  Start the LPTIM PWM generation in interrupt mode.
ARM GAS  /tmp/ccCFMTgI.s 			page 12


 601:Drivers/STM32L4xx_HAL_Driver/Src/stm32l4xx_hal_lptim.c ****   * @param  hlptim LPTIM handle
 602:Drivers/STM32L4xx_HAL_Driver/Src/stm32l4xx_hal_lptim.c ****   * @param  Period Specifies the Autoreload value.
 603:Drivers/STM32L4xx_HAL_Driver/Src/stm32l4xx_hal_lptim.c ****   *         This parameter must be a value between 0x0001 and 0xFFFF
 604:Drivers/STM32L4xx_HAL_Driver/Src/stm32l4xx_hal_lptim.c ****   * @param  Pulse Specifies the compare value.
 605:Drivers/STM32L4xx_HAL_Driver/Src/stm32l4xx_hal_lptim.c ****   *         This parameter must be a value between 0x0000 and 0xFFFF
 606:Drivers/STM32L4xx_HAL_Driver/Src/stm32l4xx_hal_lptim.c ****   * @retval HAL status
 607:Drivers/STM32L4xx_HAL_Driver/Src/stm32l4xx_hal_lptim.c ****   */
 608:Drivers/STM32L4xx_HAL_Driver/Src/stm32l4xx_hal_lptim.c **** HAL_StatusTypeDef HAL_LPTIM_PWM_Start_IT(LPTIM_HandleTypeDef *hlptim, uint32_t Period, uint32_t Pul
 609:Drivers/STM32L4xx_HAL_Driver/Src/stm32l4xx_hal_lptim.c **** {
 610:Drivers/STM32L4xx_HAL_Driver/Src/stm32l4xx_hal_lptim.c ****   /* Check the parameters */
 611:Drivers/STM32L4xx_HAL_Driver/Src/stm32l4xx_hal_lptim.c ****   assert_param(IS_LPTIM_INSTANCE(hlptim->Instance));
 612:Drivers/STM32L4xx_HAL_Driver/Src/stm32l4xx_hal_lptim.c ****   assert_param(IS_LPTIM_PERIOD(Period));
 613:Drivers/STM32L4xx_HAL_Driver/Src/stm32l4xx_hal_lptim.c ****   assert_param(IS_LPTIM_PULSE(Pulse));
 614:Drivers/STM32L4xx_HAL_Driver/Src/stm32l4xx_hal_lptim.c **** 
 615:Drivers/STM32L4xx_HAL_Driver/Src/stm32l4xx_hal_lptim.c ****   /* Set the LPTIM state */
 616:Drivers/STM32L4xx_HAL_Driver/Src/stm32l4xx_hal_lptim.c ****   hlptim->State = HAL_LPTIM_STATE_BUSY;
 617:Drivers/STM32L4xx_HAL_Driver/Src/stm32l4xx_hal_lptim.c **** 
 618:Drivers/STM32L4xx_HAL_Driver/Src/stm32l4xx_hal_lptim.c ****   /* Reset WAVE bit to set PWM mode */
 619:Drivers/STM32L4xx_HAL_Driver/Src/stm32l4xx_hal_lptim.c ****   hlptim->Instance->CFGR &= ~LPTIM_CFGR_WAVE;
 620:Drivers/STM32L4xx_HAL_Driver/Src/stm32l4xx_hal_lptim.c **** 
 621:Drivers/STM32L4xx_HAL_Driver/Src/stm32l4xx_hal_lptim.c ****   /* Enable the Peripheral */
 622:Drivers/STM32L4xx_HAL_Driver/Src/stm32l4xx_hal_lptim.c ****   __HAL_LPTIM_ENABLE(hlptim);
 623:Drivers/STM32L4xx_HAL_Driver/Src/stm32l4xx_hal_lptim.c **** 
 624:Drivers/STM32L4xx_HAL_Driver/Src/stm32l4xx_hal_lptim.c ****   /* Clear flag */
 625:Drivers/STM32L4xx_HAL_Driver/Src/stm32l4xx_hal_lptim.c ****   __HAL_LPTIM_CLEAR_FLAG(hlptim, LPTIM_FLAG_ARROK);
 626:Drivers/STM32L4xx_HAL_Driver/Src/stm32l4xx_hal_lptim.c **** 
 627:Drivers/STM32L4xx_HAL_Driver/Src/stm32l4xx_hal_lptim.c ****   /* Load the period value in the autoreload register */
 628:Drivers/STM32L4xx_HAL_Driver/Src/stm32l4xx_hal_lptim.c ****   __HAL_LPTIM_AUTORELOAD_SET(hlptim, Period);
 629:Drivers/STM32L4xx_HAL_Driver/Src/stm32l4xx_hal_lptim.c **** 
 630:Drivers/STM32L4xx_HAL_Driver/Src/stm32l4xx_hal_lptim.c ****   /* Wait for the completion of the write operation to the LPTIM_ARR register */
 631:Drivers/STM32L4xx_HAL_Driver/Src/stm32l4xx_hal_lptim.c ****   if (LPTIM_WaitForFlag(hlptim, LPTIM_FLAG_ARROK) == HAL_TIMEOUT)
 632:Drivers/STM32L4xx_HAL_Driver/Src/stm32l4xx_hal_lptim.c ****   {
 633:Drivers/STM32L4xx_HAL_Driver/Src/stm32l4xx_hal_lptim.c ****     return HAL_TIMEOUT;
 634:Drivers/STM32L4xx_HAL_Driver/Src/stm32l4xx_hal_lptim.c ****   }
 635:Drivers/STM32L4xx_HAL_Driver/Src/stm32l4xx_hal_lptim.c **** 
 636:Drivers/STM32L4xx_HAL_Driver/Src/stm32l4xx_hal_lptim.c ****   /* Clear flag */
 637:Drivers/STM32L4xx_HAL_Driver/Src/stm32l4xx_hal_lptim.c ****   __HAL_LPTIM_CLEAR_FLAG(hlptim, LPTIM_FLAG_CMPOK);
 638:Drivers/STM32L4xx_HAL_Driver/Src/stm32l4xx_hal_lptim.c **** 
 639:Drivers/STM32L4xx_HAL_Driver/Src/stm32l4xx_hal_lptim.c ****   /* Load the pulse value in the compare register */
 640:Drivers/STM32L4xx_HAL_Driver/Src/stm32l4xx_hal_lptim.c ****   __HAL_LPTIM_COMPARE_SET(hlptim, Pulse);
 641:Drivers/STM32L4xx_HAL_Driver/Src/stm32l4xx_hal_lptim.c **** 
 642:Drivers/STM32L4xx_HAL_Driver/Src/stm32l4xx_hal_lptim.c ****   /* Wait for the completion of the write operation to the LPTIM_CMP register */
 643:Drivers/STM32L4xx_HAL_Driver/Src/stm32l4xx_hal_lptim.c ****   if (LPTIM_WaitForFlag(hlptim, LPTIM_FLAG_CMPOK) == HAL_TIMEOUT)
 644:Drivers/STM32L4xx_HAL_Driver/Src/stm32l4xx_hal_lptim.c ****   {
 645:Drivers/STM32L4xx_HAL_Driver/Src/stm32l4xx_hal_lptim.c ****     return HAL_TIMEOUT;
 646:Drivers/STM32L4xx_HAL_Driver/Src/stm32l4xx_hal_lptim.c ****   }
 647:Drivers/STM32L4xx_HAL_Driver/Src/stm32l4xx_hal_lptim.c **** 
 648:Drivers/STM32L4xx_HAL_Driver/Src/stm32l4xx_hal_lptim.c ****   /* Disable the Peripheral */
 649:Drivers/STM32L4xx_HAL_Driver/Src/stm32l4xx_hal_lptim.c ****   __HAL_LPTIM_DISABLE(hlptim);
 650:Drivers/STM32L4xx_HAL_Driver/Src/stm32l4xx_hal_lptim.c **** 
 651:Drivers/STM32L4xx_HAL_Driver/Src/stm32l4xx_hal_lptim.c ****   if (HAL_LPTIM_GetState(hlptim) == HAL_LPTIM_STATE_TIMEOUT)
 652:Drivers/STM32L4xx_HAL_Driver/Src/stm32l4xx_hal_lptim.c ****   {
 653:Drivers/STM32L4xx_HAL_Driver/Src/stm32l4xx_hal_lptim.c ****     return HAL_TIMEOUT;
 654:Drivers/STM32L4xx_HAL_Driver/Src/stm32l4xx_hal_lptim.c ****   }
 655:Drivers/STM32L4xx_HAL_Driver/Src/stm32l4xx_hal_lptim.c **** 
 656:Drivers/STM32L4xx_HAL_Driver/Src/stm32l4xx_hal_lptim.c ****   /* Enable Autoreload write complete interrupt */
 657:Drivers/STM32L4xx_HAL_Driver/Src/stm32l4xx_hal_lptim.c ****   __HAL_LPTIM_ENABLE_IT(hlptim, LPTIM_IT_ARROK);
ARM GAS  /tmp/ccCFMTgI.s 			page 13


 658:Drivers/STM32L4xx_HAL_Driver/Src/stm32l4xx_hal_lptim.c **** 
 659:Drivers/STM32L4xx_HAL_Driver/Src/stm32l4xx_hal_lptim.c ****   /* Enable Compare write complete interrupt */
 660:Drivers/STM32L4xx_HAL_Driver/Src/stm32l4xx_hal_lptim.c ****   __HAL_LPTIM_ENABLE_IT(hlptim, LPTIM_IT_CMPOK);
 661:Drivers/STM32L4xx_HAL_Driver/Src/stm32l4xx_hal_lptim.c **** 
 662:Drivers/STM32L4xx_HAL_Driver/Src/stm32l4xx_hal_lptim.c ****   /* Enable Autoreload match interrupt */
 663:Drivers/STM32L4xx_HAL_Driver/Src/stm32l4xx_hal_lptim.c ****   __HAL_LPTIM_ENABLE_IT(hlptim, LPTIM_IT_ARRM);
 664:Drivers/STM32L4xx_HAL_Driver/Src/stm32l4xx_hal_lptim.c **** 
 665:Drivers/STM32L4xx_HAL_Driver/Src/stm32l4xx_hal_lptim.c ****   /* Enable Compare match interrupt */
 666:Drivers/STM32L4xx_HAL_Driver/Src/stm32l4xx_hal_lptim.c ****   __HAL_LPTIM_ENABLE_IT(hlptim, LPTIM_IT_CMPM);
 667:Drivers/STM32L4xx_HAL_Driver/Src/stm32l4xx_hal_lptim.c **** 
 668:Drivers/STM32L4xx_HAL_Driver/Src/stm32l4xx_hal_lptim.c ****   /* If external trigger source is used, then enable external trigger interrupt */
 669:Drivers/STM32L4xx_HAL_Driver/Src/stm32l4xx_hal_lptim.c ****   if ((hlptim->Init.Trigger.Source) != LPTIM_TRIGSOURCE_SOFTWARE)
 670:Drivers/STM32L4xx_HAL_Driver/Src/stm32l4xx_hal_lptim.c ****   {
 671:Drivers/STM32L4xx_HAL_Driver/Src/stm32l4xx_hal_lptim.c ****     /* Enable external trigger interrupt */
 672:Drivers/STM32L4xx_HAL_Driver/Src/stm32l4xx_hal_lptim.c ****     __HAL_LPTIM_ENABLE_IT(hlptim, LPTIM_IT_EXTTRIG);
 673:Drivers/STM32L4xx_HAL_Driver/Src/stm32l4xx_hal_lptim.c ****   }
 674:Drivers/STM32L4xx_HAL_Driver/Src/stm32l4xx_hal_lptim.c **** #if defined(LPTIM_RCR_REP)
 675:Drivers/STM32L4xx_HAL_Driver/Src/stm32l4xx_hal_lptim.c **** 
 676:Drivers/STM32L4xx_HAL_Driver/Src/stm32l4xx_hal_lptim.c ****   /* Enable Rep Update Ok interrupt */
 677:Drivers/STM32L4xx_HAL_Driver/Src/stm32l4xx_hal_lptim.c ****   __HAL_LPTIM_ENABLE_IT(hlptim, LPTIM_IT_REPOK);
 678:Drivers/STM32L4xx_HAL_Driver/Src/stm32l4xx_hal_lptim.c **** 
 679:Drivers/STM32L4xx_HAL_Driver/Src/stm32l4xx_hal_lptim.c ****   /* Enable Update Event interrupt */
 680:Drivers/STM32L4xx_HAL_Driver/Src/stm32l4xx_hal_lptim.c ****   __HAL_LPTIM_ENABLE_IT(hlptim, LPTIM_IT_UPDATE);
 681:Drivers/STM32L4xx_HAL_Driver/Src/stm32l4xx_hal_lptim.c **** #endif
 682:Drivers/STM32L4xx_HAL_Driver/Src/stm32l4xx_hal_lptim.c **** 
 683:Drivers/STM32L4xx_HAL_Driver/Src/stm32l4xx_hal_lptim.c ****   /* Enable the Peripheral */
 684:Drivers/STM32L4xx_HAL_Driver/Src/stm32l4xx_hal_lptim.c ****   __HAL_LPTIM_ENABLE(hlptim);
 685:Drivers/STM32L4xx_HAL_Driver/Src/stm32l4xx_hal_lptim.c **** 
 686:Drivers/STM32L4xx_HAL_Driver/Src/stm32l4xx_hal_lptim.c ****   /* Start timer in continuous mode */
 687:Drivers/STM32L4xx_HAL_Driver/Src/stm32l4xx_hal_lptim.c ****   __HAL_LPTIM_START_CONTINUOUS(hlptim);
 688:Drivers/STM32L4xx_HAL_Driver/Src/stm32l4xx_hal_lptim.c **** 
 689:Drivers/STM32L4xx_HAL_Driver/Src/stm32l4xx_hal_lptim.c ****   /* Change the LPTIM state */
 690:Drivers/STM32L4xx_HAL_Driver/Src/stm32l4xx_hal_lptim.c ****   hlptim->State = HAL_LPTIM_STATE_READY;
 691:Drivers/STM32L4xx_HAL_Driver/Src/stm32l4xx_hal_lptim.c **** 
 692:Drivers/STM32L4xx_HAL_Driver/Src/stm32l4xx_hal_lptim.c ****   /* Return function status */
 693:Drivers/STM32L4xx_HAL_Driver/Src/stm32l4xx_hal_lptim.c ****   return HAL_OK;
 694:Drivers/STM32L4xx_HAL_Driver/Src/stm32l4xx_hal_lptim.c **** }
 695:Drivers/STM32L4xx_HAL_Driver/Src/stm32l4xx_hal_lptim.c **** 
 696:Drivers/STM32L4xx_HAL_Driver/Src/stm32l4xx_hal_lptim.c **** /**
 697:Drivers/STM32L4xx_HAL_Driver/Src/stm32l4xx_hal_lptim.c ****   * @brief  Stop the LPTIM PWM generation in interrupt mode.
 698:Drivers/STM32L4xx_HAL_Driver/Src/stm32l4xx_hal_lptim.c ****   * @param  hlptim LPTIM handle
 699:Drivers/STM32L4xx_HAL_Driver/Src/stm32l4xx_hal_lptim.c ****   * @retval HAL status
 700:Drivers/STM32L4xx_HAL_Driver/Src/stm32l4xx_hal_lptim.c ****   */
 701:Drivers/STM32L4xx_HAL_Driver/Src/stm32l4xx_hal_lptim.c **** HAL_StatusTypeDef HAL_LPTIM_PWM_Stop_IT(LPTIM_HandleTypeDef *hlptim)
 702:Drivers/STM32L4xx_HAL_Driver/Src/stm32l4xx_hal_lptim.c **** {
 703:Drivers/STM32L4xx_HAL_Driver/Src/stm32l4xx_hal_lptim.c ****   /* Check the parameters */
 704:Drivers/STM32L4xx_HAL_Driver/Src/stm32l4xx_hal_lptim.c ****   assert_param(IS_LPTIM_INSTANCE(hlptim->Instance));
 705:Drivers/STM32L4xx_HAL_Driver/Src/stm32l4xx_hal_lptim.c **** 
 706:Drivers/STM32L4xx_HAL_Driver/Src/stm32l4xx_hal_lptim.c ****   /* Change the LPTIM state */
 707:Drivers/STM32L4xx_HAL_Driver/Src/stm32l4xx_hal_lptim.c ****   hlptim->State = HAL_LPTIM_STATE_BUSY;
 708:Drivers/STM32L4xx_HAL_Driver/Src/stm32l4xx_hal_lptim.c **** 
 709:Drivers/STM32L4xx_HAL_Driver/Src/stm32l4xx_hal_lptim.c ****   /* Disable the Peripheral */
 710:Drivers/STM32L4xx_HAL_Driver/Src/stm32l4xx_hal_lptim.c ****   __HAL_LPTIM_DISABLE(hlptim);
 711:Drivers/STM32L4xx_HAL_Driver/Src/stm32l4xx_hal_lptim.c **** 
 712:Drivers/STM32L4xx_HAL_Driver/Src/stm32l4xx_hal_lptim.c ****   if (HAL_LPTIM_GetState(hlptim) == HAL_LPTIM_STATE_TIMEOUT)
 713:Drivers/STM32L4xx_HAL_Driver/Src/stm32l4xx_hal_lptim.c ****   {
 714:Drivers/STM32L4xx_HAL_Driver/Src/stm32l4xx_hal_lptim.c ****     return HAL_TIMEOUT;
ARM GAS  /tmp/ccCFMTgI.s 			page 14


 715:Drivers/STM32L4xx_HAL_Driver/Src/stm32l4xx_hal_lptim.c ****   }
 716:Drivers/STM32L4xx_HAL_Driver/Src/stm32l4xx_hal_lptim.c **** 
 717:Drivers/STM32L4xx_HAL_Driver/Src/stm32l4xx_hal_lptim.c ****   /* Disable Autoreload write complete interrupt */
 718:Drivers/STM32L4xx_HAL_Driver/Src/stm32l4xx_hal_lptim.c ****   __HAL_LPTIM_DISABLE_IT(hlptim, LPTIM_IT_ARROK);
 719:Drivers/STM32L4xx_HAL_Driver/Src/stm32l4xx_hal_lptim.c **** 
 720:Drivers/STM32L4xx_HAL_Driver/Src/stm32l4xx_hal_lptim.c ****   /* Disable Compare write complete interrupt */
 721:Drivers/STM32L4xx_HAL_Driver/Src/stm32l4xx_hal_lptim.c ****   __HAL_LPTIM_DISABLE_IT(hlptim, LPTIM_IT_CMPOK);
 722:Drivers/STM32L4xx_HAL_Driver/Src/stm32l4xx_hal_lptim.c **** 
 723:Drivers/STM32L4xx_HAL_Driver/Src/stm32l4xx_hal_lptim.c ****   /* Disable Autoreload match interrupt */
 724:Drivers/STM32L4xx_HAL_Driver/Src/stm32l4xx_hal_lptim.c ****   __HAL_LPTIM_DISABLE_IT(hlptim, LPTIM_IT_ARRM);
 725:Drivers/STM32L4xx_HAL_Driver/Src/stm32l4xx_hal_lptim.c **** 
 726:Drivers/STM32L4xx_HAL_Driver/Src/stm32l4xx_hal_lptim.c ****   /* Disable Compare match interrupt */
 727:Drivers/STM32L4xx_HAL_Driver/Src/stm32l4xx_hal_lptim.c ****   __HAL_LPTIM_DISABLE_IT(hlptim, LPTIM_IT_CMPM);
 728:Drivers/STM32L4xx_HAL_Driver/Src/stm32l4xx_hal_lptim.c **** 
 729:Drivers/STM32L4xx_HAL_Driver/Src/stm32l4xx_hal_lptim.c ****   /* If external trigger source is used, then disable external trigger interrupt */
 730:Drivers/STM32L4xx_HAL_Driver/Src/stm32l4xx_hal_lptim.c ****   if ((hlptim->Init.Trigger.Source) != LPTIM_TRIGSOURCE_SOFTWARE)
 731:Drivers/STM32L4xx_HAL_Driver/Src/stm32l4xx_hal_lptim.c ****   {
 732:Drivers/STM32L4xx_HAL_Driver/Src/stm32l4xx_hal_lptim.c ****     /* Disable external trigger interrupt */
 733:Drivers/STM32L4xx_HAL_Driver/Src/stm32l4xx_hal_lptim.c ****     __HAL_LPTIM_DISABLE_IT(hlptim, LPTIM_IT_EXTTRIG);
 734:Drivers/STM32L4xx_HAL_Driver/Src/stm32l4xx_hal_lptim.c ****   }
 735:Drivers/STM32L4xx_HAL_Driver/Src/stm32l4xx_hal_lptim.c **** #if defined(LPTIM_RCR_REP)
 736:Drivers/STM32L4xx_HAL_Driver/Src/stm32l4xx_hal_lptim.c **** 
 737:Drivers/STM32L4xx_HAL_Driver/Src/stm32l4xx_hal_lptim.c ****   /* Enable Rep Update Ok interrupt */
 738:Drivers/STM32L4xx_HAL_Driver/Src/stm32l4xx_hal_lptim.c ****   __HAL_LPTIM_DISABLE_IT(hlptim, LPTIM_IT_REPOK);
 739:Drivers/STM32L4xx_HAL_Driver/Src/stm32l4xx_hal_lptim.c **** 
 740:Drivers/STM32L4xx_HAL_Driver/Src/stm32l4xx_hal_lptim.c ****   /* Enable Update Event interrupt */
 741:Drivers/STM32L4xx_HAL_Driver/Src/stm32l4xx_hal_lptim.c ****   __HAL_LPTIM_DISABLE_IT(hlptim, LPTIM_IT_UPDATE);
 742:Drivers/STM32L4xx_HAL_Driver/Src/stm32l4xx_hal_lptim.c **** #endif
 743:Drivers/STM32L4xx_HAL_Driver/Src/stm32l4xx_hal_lptim.c **** 
 744:Drivers/STM32L4xx_HAL_Driver/Src/stm32l4xx_hal_lptim.c ****   /* Change the LPTIM state */
 745:Drivers/STM32L4xx_HAL_Driver/Src/stm32l4xx_hal_lptim.c ****   hlptim->State = HAL_LPTIM_STATE_READY;
 746:Drivers/STM32L4xx_HAL_Driver/Src/stm32l4xx_hal_lptim.c **** 
 747:Drivers/STM32L4xx_HAL_Driver/Src/stm32l4xx_hal_lptim.c ****   /* Return function status */
 748:Drivers/STM32L4xx_HAL_Driver/Src/stm32l4xx_hal_lptim.c ****   return HAL_OK;
 749:Drivers/STM32L4xx_HAL_Driver/Src/stm32l4xx_hal_lptim.c **** }
 750:Drivers/STM32L4xx_HAL_Driver/Src/stm32l4xx_hal_lptim.c **** 
 751:Drivers/STM32L4xx_HAL_Driver/Src/stm32l4xx_hal_lptim.c **** /**
 752:Drivers/STM32L4xx_HAL_Driver/Src/stm32l4xx_hal_lptim.c ****   * @brief  Start the LPTIM One pulse generation.
 753:Drivers/STM32L4xx_HAL_Driver/Src/stm32l4xx_hal_lptim.c ****   * @param  hlptim LPTIM handle
 754:Drivers/STM32L4xx_HAL_Driver/Src/stm32l4xx_hal_lptim.c ****   * @param  Period Specifies the Autoreload value.
 755:Drivers/STM32L4xx_HAL_Driver/Src/stm32l4xx_hal_lptim.c ****   *         This parameter must be a value between 0x0001 and 0xFFFF.
 756:Drivers/STM32L4xx_HAL_Driver/Src/stm32l4xx_hal_lptim.c ****   * @param  Pulse Specifies the compare value.
 757:Drivers/STM32L4xx_HAL_Driver/Src/stm32l4xx_hal_lptim.c ****   *         This parameter must be a value between 0x0000 and 0xFFFF.
 758:Drivers/STM32L4xx_HAL_Driver/Src/stm32l4xx_hal_lptim.c ****   * @retval HAL status
 759:Drivers/STM32L4xx_HAL_Driver/Src/stm32l4xx_hal_lptim.c ****   */
 760:Drivers/STM32L4xx_HAL_Driver/Src/stm32l4xx_hal_lptim.c **** HAL_StatusTypeDef HAL_LPTIM_OnePulse_Start(LPTIM_HandleTypeDef *hlptim, uint32_t Period, uint32_t P
 761:Drivers/STM32L4xx_HAL_Driver/Src/stm32l4xx_hal_lptim.c **** {
 762:Drivers/STM32L4xx_HAL_Driver/Src/stm32l4xx_hal_lptim.c ****   /* Check the parameters */
 763:Drivers/STM32L4xx_HAL_Driver/Src/stm32l4xx_hal_lptim.c ****   assert_param(IS_LPTIM_INSTANCE(hlptim->Instance));
 764:Drivers/STM32L4xx_HAL_Driver/Src/stm32l4xx_hal_lptim.c ****   assert_param(IS_LPTIM_PERIOD(Period));
 765:Drivers/STM32L4xx_HAL_Driver/Src/stm32l4xx_hal_lptim.c ****   assert_param(IS_LPTIM_PULSE(Pulse));
 766:Drivers/STM32L4xx_HAL_Driver/Src/stm32l4xx_hal_lptim.c **** 
 767:Drivers/STM32L4xx_HAL_Driver/Src/stm32l4xx_hal_lptim.c ****   /* Set the LPTIM state */
 768:Drivers/STM32L4xx_HAL_Driver/Src/stm32l4xx_hal_lptim.c ****   hlptim->State = HAL_LPTIM_STATE_BUSY;
 769:Drivers/STM32L4xx_HAL_Driver/Src/stm32l4xx_hal_lptim.c **** 
 770:Drivers/STM32L4xx_HAL_Driver/Src/stm32l4xx_hal_lptim.c ****   /* Reset WAVE bit to set one pulse mode */
 771:Drivers/STM32L4xx_HAL_Driver/Src/stm32l4xx_hal_lptim.c ****   hlptim->Instance->CFGR &= ~LPTIM_CFGR_WAVE;
ARM GAS  /tmp/ccCFMTgI.s 			page 15


 772:Drivers/STM32L4xx_HAL_Driver/Src/stm32l4xx_hal_lptim.c **** 
 773:Drivers/STM32L4xx_HAL_Driver/Src/stm32l4xx_hal_lptim.c ****   /* Enable the Peripheral */
 774:Drivers/STM32L4xx_HAL_Driver/Src/stm32l4xx_hal_lptim.c ****   __HAL_LPTIM_ENABLE(hlptim);
 775:Drivers/STM32L4xx_HAL_Driver/Src/stm32l4xx_hal_lptim.c **** 
 776:Drivers/STM32L4xx_HAL_Driver/Src/stm32l4xx_hal_lptim.c ****   /* Clear flag */
 777:Drivers/STM32L4xx_HAL_Driver/Src/stm32l4xx_hal_lptim.c ****   __HAL_LPTIM_CLEAR_FLAG(hlptim, LPTIM_FLAG_ARROK);
 778:Drivers/STM32L4xx_HAL_Driver/Src/stm32l4xx_hal_lptim.c **** 
 779:Drivers/STM32L4xx_HAL_Driver/Src/stm32l4xx_hal_lptim.c ****   /* Load the period value in the autoreload register */
 780:Drivers/STM32L4xx_HAL_Driver/Src/stm32l4xx_hal_lptim.c ****   __HAL_LPTIM_AUTORELOAD_SET(hlptim, Period);
 781:Drivers/STM32L4xx_HAL_Driver/Src/stm32l4xx_hal_lptim.c **** 
 782:Drivers/STM32L4xx_HAL_Driver/Src/stm32l4xx_hal_lptim.c ****   /* Wait for the completion of the write operation to the LPTIM_ARR register */
 783:Drivers/STM32L4xx_HAL_Driver/Src/stm32l4xx_hal_lptim.c ****   if (LPTIM_WaitForFlag(hlptim, LPTIM_FLAG_ARROK) == HAL_TIMEOUT)
 784:Drivers/STM32L4xx_HAL_Driver/Src/stm32l4xx_hal_lptim.c ****   {
 785:Drivers/STM32L4xx_HAL_Driver/Src/stm32l4xx_hal_lptim.c ****     return HAL_TIMEOUT;
 786:Drivers/STM32L4xx_HAL_Driver/Src/stm32l4xx_hal_lptim.c ****   }
 787:Drivers/STM32L4xx_HAL_Driver/Src/stm32l4xx_hal_lptim.c **** 
 788:Drivers/STM32L4xx_HAL_Driver/Src/stm32l4xx_hal_lptim.c ****   /* Clear flag */
 789:Drivers/STM32L4xx_HAL_Driver/Src/stm32l4xx_hal_lptim.c ****   __HAL_LPTIM_CLEAR_FLAG(hlptim, LPTIM_FLAG_CMPOK);
 790:Drivers/STM32L4xx_HAL_Driver/Src/stm32l4xx_hal_lptim.c **** 
 791:Drivers/STM32L4xx_HAL_Driver/Src/stm32l4xx_hal_lptim.c ****   /* Load the pulse value in the compare register */
 792:Drivers/STM32L4xx_HAL_Driver/Src/stm32l4xx_hal_lptim.c ****   __HAL_LPTIM_COMPARE_SET(hlptim, Pulse);
 793:Drivers/STM32L4xx_HAL_Driver/Src/stm32l4xx_hal_lptim.c **** 
 794:Drivers/STM32L4xx_HAL_Driver/Src/stm32l4xx_hal_lptim.c ****   /* Wait for the completion of the write operation to the LPTIM_CMP register */
 795:Drivers/STM32L4xx_HAL_Driver/Src/stm32l4xx_hal_lptim.c ****   if (LPTIM_WaitForFlag(hlptim, LPTIM_FLAG_CMPOK) == HAL_TIMEOUT)
 796:Drivers/STM32L4xx_HAL_Driver/Src/stm32l4xx_hal_lptim.c ****   {
 797:Drivers/STM32L4xx_HAL_Driver/Src/stm32l4xx_hal_lptim.c ****     return HAL_TIMEOUT;
 798:Drivers/STM32L4xx_HAL_Driver/Src/stm32l4xx_hal_lptim.c ****   }
 799:Drivers/STM32L4xx_HAL_Driver/Src/stm32l4xx_hal_lptim.c **** 
 800:Drivers/STM32L4xx_HAL_Driver/Src/stm32l4xx_hal_lptim.c ****   /* Start timer in single (one shot) mode */
 801:Drivers/STM32L4xx_HAL_Driver/Src/stm32l4xx_hal_lptim.c ****   __HAL_LPTIM_START_SINGLE(hlptim);
 802:Drivers/STM32L4xx_HAL_Driver/Src/stm32l4xx_hal_lptim.c **** 
 803:Drivers/STM32L4xx_HAL_Driver/Src/stm32l4xx_hal_lptim.c ****   /* Change the LPTIM state */
 804:Drivers/STM32L4xx_HAL_Driver/Src/stm32l4xx_hal_lptim.c ****   hlptim->State = HAL_LPTIM_STATE_READY;
 805:Drivers/STM32L4xx_HAL_Driver/Src/stm32l4xx_hal_lptim.c **** 
 806:Drivers/STM32L4xx_HAL_Driver/Src/stm32l4xx_hal_lptim.c ****   /* Return function status */
 807:Drivers/STM32L4xx_HAL_Driver/Src/stm32l4xx_hal_lptim.c ****   return HAL_OK;
 808:Drivers/STM32L4xx_HAL_Driver/Src/stm32l4xx_hal_lptim.c **** }
 809:Drivers/STM32L4xx_HAL_Driver/Src/stm32l4xx_hal_lptim.c **** 
 810:Drivers/STM32L4xx_HAL_Driver/Src/stm32l4xx_hal_lptim.c **** /**
 811:Drivers/STM32L4xx_HAL_Driver/Src/stm32l4xx_hal_lptim.c ****   * @brief  Stop the LPTIM One pulse generation.
 812:Drivers/STM32L4xx_HAL_Driver/Src/stm32l4xx_hal_lptim.c ****   * @param  hlptim LPTIM handle
 813:Drivers/STM32L4xx_HAL_Driver/Src/stm32l4xx_hal_lptim.c ****   * @retval HAL status
 814:Drivers/STM32L4xx_HAL_Driver/Src/stm32l4xx_hal_lptim.c ****   */
 815:Drivers/STM32L4xx_HAL_Driver/Src/stm32l4xx_hal_lptim.c **** HAL_StatusTypeDef HAL_LPTIM_OnePulse_Stop(LPTIM_HandleTypeDef *hlptim)
 816:Drivers/STM32L4xx_HAL_Driver/Src/stm32l4xx_hal_lptim.c **** {
 817:Drivers/STM32L4xx_HAL_Driver/Src/stm32l4xx_hal_lptim.c ****   /* Check the parameters */
 818:Drivers/STM32L4xx_HAL_Driver/Src/stm32l4xx_hal_lptim.c ****   assert_param(IS_LPTIM_INSTANCE(hlptim->Instance));
 819:Drivers/STM32L4xx_HAL_Driver/Src/stm32l4xx_hal_lptim.c **** 
 820:Drivers/STM32L4xx_HAL_Driver/Src/stm32l4xx_hal_lptim.c ****   /* Set the LPTIM state */
 821:Drivers/STM32L4xx_HAL_Driver/Src/stm32l4xx_hal_lptim.c ****   hlptim->State = HAL_LPTIM_STATE_BUSY;
 822:Drivers/STM32L4xx_HAL_Driver/Src/stm32l4xx_hal_lptim.c **** 
 823:Drivers/STM32L4xx_HAL_Driver/Src/stm32l4xx_hal_lptim.c ****   /* Disable the Peripheral */
 824:Drivers/STM32L4xx_HAL_Driver/Src/stm32l4xx_hal_lptim.c ****   __HAL_LPTIM_DISABLE(hlptim);
 825:Drivers/STM32L4xx_HAL_Driver/Src/stm32l4xx_hal_lptim.c **** 
 826:Drivers/STM32L4xx_HAL_Driver/Src/stm32l4xx_hal_lptim.c ****   if (HAL_LPTIM_GetState(hlptim) == HAL_LPTIM_STATE_TIMEOUT)
 827:Drivers/STM32L4xx_HAL_Driver/Src/stm32l4xx_hal_lptim.c ****   {
 828:Drivers/STM32L4xx_HAL_Driver/Src/stm32l4xx_hal_lptim.c ****     return HAL_TIMEOUT;
ARM GAS  /tmp/ccCFMTgI.s 			page 16


 829:Drivers/STM32L4xx_HAL_Driver/Src/stm32l4xx_hal_lptim.c ****   }
 830:Drivers/STM32L4xx_HAL_Driver/Src/stm32l4xx_hal_lptim.c **** 
 831:Drivers/STM32L4xx_HAL_Driver/Src/stm32l4xx_hal_lptim.c ****   /* Change the LPTIM state */
 832:Drivers/STM32L4xx_HAL_Driver/Src/stm32l4xx_hal_lptim.c ****   hlptim->State = HAL_LPTIM_STATE_READY;
 833:Drivers/STM32L4xx_HAL_Driver/Src/stm32l4xx_hal_lptim.c **** 
 834:Drivers/STM32L4xx_HAL_Driver/Src/stm32l4xx_hal_lptim.c ****   /* Return function status */
 835:Drivers/STM32L4xx_HAL_Driver/Src/stm32l4xx_hal_lptim.c ****   return HAL_OK;
 836:Drivers/STM32L4xx_HAL_Driver/Src/stm32l4xx_hal_lptim.c **** }
 837:Drivers/STM32L4xx_HAL_Driver/Src/stm32l4xx_hal_lptim.c **** 
 838:Drivers/STM32L4xx_HAL_Driver/Src/stm32l4xx_hal_lptim.c **** /**
 839:Drivers/STM32L4xx_HAL_Driver/Src/stm32l4xx_hal_lptim.c ****   * @brief  Start the LPTIM One pulse generation in interrupt mode.
 840:Drivers/STM32L4xx_HAL_Driver/Src/stm32l4xx_hal_lptim.c ****   * @param  hlptim LPTIM handle
 841:Drivers/STM32L4xx_HAL_Driver/Src/stm32l4xx_hal_lptim.c ****   * @param  Period Specifies the Autoreload value.
 842:Drivers/STM32L4xx_HAL_Driver/Src/stm32l4xx_hal_lptim.c ****   *         This parameter must be a value between 0x0001 and 0xFFFF.
 843:Drivers/STM32L4xx_HAL_Driver/Src/stm32l4xx_hal_lptim.c ****   * @param  Pulse Specifies the compare value.
 844:Drivers/STM32L4xx_HAL_Driver/Src/stm32l4xx_hal_lptim.c ****   *         This parameter must be a value between 0x0000 and 0xFFFF.
 845:Drivers/STM32L4xx_HAL_Driver/Src/stm32l4xx_hal_lptim.c ****   * @retval HAL status
 846:Drivers/STM32L4xx_HAL_Driver/Src/stm32l4xx_hal_lptim.c ****   */
 847:Drivers/STM32L4xx_HAL_Driver/Src/stm32l4xx_hal_lptim.c **** HAL_StatusTypeDef HAL_LPTIM_OnePulse_Start_IT(LPTIM_HandleTypeDef *hlptim, uint32_t Period, uint32_
 848:Drivers/STM32L4xx_HAL_Driver/Src/stm32l4xx_hal_lptim.c **** {
 849:Drivers/STM32L4xx_HAL_Driver/Src/stm32l4xx_hal_lptim.c ****   /* Check the parameters */
 850:Drivers/STM32L4xx_HAL_Driver/Src/stm32l4xx_hal_lptim.c ****   assert_param(IS_LPTIM_INSTANCE(hlptim->Instance));
 851:Drivers/STM32L4xx_HAL_Driver/Src/stm32l4xx_hal_lptim.c ****   assert_param(IS_LPTIM_PERIOD(Period));
 852:Drivers/STM32L4xx_HAL_Driver/Src/stm32l4xx_hal_lptim.c ****   assert_param(IS_LPTIM_PULSE(Pulse));
 853:Drivers/STM32L4xx_HAL_Driver/Src/stm32l4xx_hal_lptim.c **** 
 854:Drivers/STM32L4xx_HAL_Driver/Src/stm32l4xx_hal_lptim.c ****   /* Set the LPTIM state */
 855:Drivers/STM32L4xx_HAL_Driver/Src/stm32l4xx_hal_lptim.c ****   hlptim->State = HAL_LPTIM_STATE_BUSY;
 856:Drivers/STM32L4xx_HAL_Driver/Src/stm32l4xx_hal_lptim.c **** 
 857:Drivers/STM32L4xx_HAL_Driver/Src/stm32l4xx_hal_lptim.c ****   /* Reset WAVE bit to set one pulse mode */
 858:Drivers/STM32L4xx_HAL_Driver/Src/stm32l4xx_hal_lptim.c ****   hlptim->Instance->CFGR &= ~LPTIM_CFGR_WAVE;
 859:Drivers/STM32L4xx_HAL_Driver/Src/stm32l4xx_hal_lptim.c **** 
 860:Drivers/STM32L4xx_HAL_Driver/Src/stm32l4xx_hal_lptim.c ****   /* Enable the Peripheral */
 861:Drivers/STM32L4xx_HAL_Driver/Src/stm32l4xx_hal_lptim.c ****   __HAL_LPTIM_ENABLE(hlptim);
 862:Drivers/STM32L4xx_HAL_Driver/Src/stm32l4xx_hal_lptim.c **** 
 863:Drivers/STM32L4xx_HAL_Driver/Src/stm32l4xx_hal_lptim.c ****   /* Clear flag */
 864:Drivers/STM32L4xx_HAL_Driver/Src/stm32l4xx_hal_lptim.c ****   __HAL_LPTIM_CLEAR_FLAG(hlptim, LPTIM_FLAG_ARROK);
 865:Drivers/STM32L4xx_HAL_Driver/Src/stm32l4xx_hal_lptim.c **** 
 866:Drivers/STM32L4xx_HAL_Driver/Src/stm32l4xx_hal_lptim.c ****   /* Load the period value in the autoreload register */
 867:Drivers/STM32L4xx_HAL_Driver/Src/stm32l4xx_hal_lptim.c ****   __HAL_LPTIM_AUTORELOAD_SET(hlptim, Period);
 868:Drivers/STM32L4xx_HAL_Driver/Src/stm32l4xx_hal_lptim.c **** 
 869:Drivers/STM32L4xx_HAL_Driver/Src/stm32l4xx_hal_lptim.c ****   /* Wait for the completion of the write operation to the LPTIM_ARR register */
 870:Drivers/STM32L4xx_HAL_Driver/Src/stm32l4xx_hal_lptim.c ****   if (LPTIM_WaitForFlag(hlptim, LPTIM_FLAG_ARROK) == HAL_TIMEOUT)
 871:Drivers/STM32L4xx_HAL_Driver/Src/stm32l4xx_hal_lptim.c ****   {
 872:Drivers/STM32L4xx_HAL_Driver/Src/stm32l4xx_hal_lptim.c ****     return HAL_TIMEOUT;
 873:Drivers/STM32L4xx_HAL_Driver/Src/stm32l4xx_hal_lptim.c ****   }
 874:Drivers/STM32L4xx_HAL_Driver/Src/stm32l4xx_hal_lptim.c **** 
 875:Drivers/STM32L4xx_HAL_Driver/Src/stm32l4xx_hal_lptim.c ****   /* Clear flag */
 876:Drivers/STM32L4xx_HAL_Driver/Src/stm32l4xx_hal_lptim.c ****   __HAL_LPTIM_CLEAR_FLAG(hlptim, LPTIM_FLAG_CMPOK);
 877:Drivers/STM32L4xx_HAL_Driver/Src/stm32l4xx_hal_lptim.c **** 
 878:Drivers/STM32L4xx_HAL_Driver/Src/stm32l4xx_hal_lptim.c ****   /* Load the pulse value in the compare register */
 879:Drivers/STM32L4xx_HAL_Driver/Src/stm32l4xx_hal_lptim.c ****   __HAL_LPTIM_COMPARE_SET(hlptim, Pulse);
 880:Drivers/STM32L4xx_HAL_Driver/Src/stm32l4xx_hal_lptim.c **** 
 881:Drivers/STM32L4xx_HAL_Driver/Src/stm32l4xx_hal_lptim.c ****   /* Wait for the completion of the write operation to the LPTIM_CMP register */
 882:Drivers/STM32L4xx_HAL_Driver/Src/stm32l4xx_hal_lptim.c ****   if (LPTIM_WaitForFlag(hlptim, LPTIM_FLAG_CMPOK) == HAL_TIMEOUT)
 883:Drivers/STM32L4xx_HAL_Driver/Src/stm32l4xx_hal_lptim.c ****   {
 884:Drivers/STM32L4xx_HAL_Driver/Src/stm32l4xx_hal_lptim.c ****     return HAL_TIMEOUT;
 885:Drivers/STM32L4xx_HAL_Driver/Src/stm32l4xx_hal_lptim.c ****   }
ARM GAS  /tmp/ccCFMTgI.s 			page 17


 886:Drivers/STM32L4xx_HAL_Driver/Src/stm32l4xx_hal_lptim.c **** 
 887:Drivers/STM32L4xx_HAL_Driver/Src/stm32l4xx_hal_lptim.c ****   /* Disable the Peripheral */
 888:Drivers/STM32L4xx_HAL_Driver/Src/stm32l4xx_hal_lptim.c ****   __HAL_LPTIM_DISABLE(hlptim);
 889:Drivers/STM32L4xx_HAL_Driver/Src/stm32l4xx_hal_lptim.c **** 
 890:Drivers/STM32L4xx_HAL_Driver/Src/stm32l4xx_hal_lptim.c ****   if (HAL_LPTIM_GetState(hlptim) == HAL_LPTIM_STATE_TIMEOUT)
 891:Drivers/STM32L4xx_HAL_Driver/Src/stm32l4xx_hal_lptim.c ****   {
 892:Drivers/STM32L4xx_HAL_Driver/Src/stm32l4xx_hal_lptim.c ****     return HAL_TIMEOUT;
 893:Drivers/STM32L4xx_HAL_Driver/Src/stm32l4xx_hal_lptim.c ****   }
 894:Drivers/STM32L4xx_HAL_Driver/Src/stm32l4xx_hal_lptim.c **** 
 895:Drivers/STM32L4xx_HAL_Driver/Src/stm32l4xx_hal_lptim.c ****   /* Enable Autoreload write complete interrupt */
 896:Drivers/STM32L4xx_HAL_Driver/Src/stm32l4xx_hal_lptim.c ****   __HAL_LPTIM_ENABLE_IT(hlptim, LPTIM_IT_ARROK);
 897:Drivers/STM32L4xx_HAL_Driver/Src/stm32l4xx_hal_lptim.c **** 
 898:Drivers/STM32L4xx_HAL_Driver/Src/stm32l4xx_hal_lptim.c ****   /* Enable Compare write complete interrupt */
 899:Drivers/STM32L4xx_HAL_Driver/Src/stm32l4xx_hal_lptim.c ****   __HAL_LPTIM_ENABLE_IT(hlptim, LPTIM_IT_CMPOK);
 900:Drivers/STM32L4xx_HAL_Driver/Src/stm32l4xx_hal_lptim.c **** 
 901:Drivers/STM32L4xx_HAL_Driver/Src/stm32l4xx_hal_lptim.c ****   /* Enable Autoreload match interrupt */
 902:Drivers/STM32L4xx_HAL_Driver/Src/stm32l4xx_hal_lptim.c ****   __HAL_LPTIM_ENABLE_IT(hlptim, LPTIM_IT_ARRM);
 903:Drivers/STM32L4xx_HAL_Driver/Src/stm32l4xx_hal_lptim.c **** 
 904:Drivers/STM32L4xx_HAL_Driver/Src/stm32l4xx_hal_lptim.c ****   /* Enable Compare match interrupt */
 905:Drivers/STM32L4xx_HAL_Driver/Src/stm32l4xx_hal_lptim.c ****   __HAL_LPTIM_ENABLE_IT(hlptim, LPTIM_IT_CMPM);
 906:Drivers/STM32L4xx_HAL_Driver/Src/stm32l4xx_hal_lptim.c **** 
 907:Drivers/STM32L4xx_HAL_Driver/Src/stm32l4xx_hal_lptim.c ****   /* If external trigger source is used, then enable external trigger interrupt */
 908:Drivers/STM32L4xx_HAL_Driver/Src/stm32l4xx_hal_lptim.c ****   if ((hlptim->Init.Trigger.Source) != LPTIM_TRIGSOURCE_SOFTWARE)
 909:Drivers/STM32L4xx_HAL_Driver/Src/stm32l4xx_hal_lptim.c ****   {
 910:Drivers/STM32L4xx_HAL_Driver/Src/stm32l4xx_hal_lptim.c ****     /* Enable external trigger interrupt */
 911:Drivers/STM32L4xx_HAL_Driver/Src/stm32l4xx_hal_lptim.c ****     __HAL_LPTIM_ENABLE_IT(hlptim, LPTIM_IT_EXTTRIG);
 912:Drivers/STM32L4xx_HAL_Driver/Src/stm32l4xx_hal_lptim.c ****   }
 913:Drivers/STM32L4xx_HAL_Driver/Src/stm32l4xx_hal_lptim.c **** #if defined(LPTIM_RCR_REP)
 914:Drivers/STM32L4xx_HAL_Driver/Src/stm32l4xx_hal_lptim.c **** 
 915:Drivers/STM32L4xx_HAL_Driver/Src/stm32l4xx_hal_lptim.c ****   /* Enable Rep Update Ok interrupt */
 916:Drivers/STM32L4xx_HAL_Driver/Src/stm32l4xx_hal_lptim.c ****   __HAL_LPTIM_ENABLE_IT(hlptim, LPTIM_IT_REPOK);
 917:Drivers/STM32L4xx_HAL_Driver/Src/stm32l4xx_hal_lptim.c **** 
 918:Drivers/STM32L4xx_HAL_Driver/Src/stm32l4xx_hal_lptim.c ****   /* Enable Update Event interrupt */
 919:Drivers/STM32L4xx_HAL_Driver/Src/stm32l4xx_hal_lptim.c ****   __HAL_LPTIM_ENABLE_IT(hlptim, LPTIM_IT_UPDATE);
 920:Drivers/STM32L4xx_HAL_Driver/Src/stm32l4xx_hal_lptim.c **** #endif
 921:Drivers/STM32L4xx_HAL_Driver/Src/stm32l4xx_hal_lptim.c **** 
 922:Drivers/STM32L4xx_HAL_Driver/Src/stm32l4xx_hal_lptim.c ****   /* Enable the Peripheral */
 923:Drivers/STM32L4xx_HAL_Driver/Src/stm32l4xx_hal_lptim.c ****   __HAL_LPTIM_ENABLE(hlptim);
 924:Drivers/STM32L4xx_HAL_Driver/Src/stm32l4xx_hal_lptim.c **** 
 925:Drivers/STM32L4xx_HAL_Driver/Src/stm32l4xx_hal_lptim.c ****   /* Start timer in single (one shot) mode */
 926:Drivers/STM32L4xx_HAL_Driver/Src/stm32l4xx_hal_lptim.c ****   __HAL_LPTIM_START_SINGLE(hlptim);
 927:Drivers/STM32L4xx_HAL_Driver/Src/stm32l4xx_hal_lptim.c **** 
 928:Drivers/STM32L4xx_HAL_Driver/Src/stm32l4xx_hal_lptim.c ****   /* Change the LPTIM state */
 929:Drivers/STM32L4xx_HAL_Driver/Src/stm32l4xx_hal_lptim.c ****   hlptim->State = HAL_LPTIM_STATE_READY;
 930:Drivers/STM32L4xx_HAL_Driver/Src/stm32l4xx_hal_lptim.c **** 
 931:Drivers/STM32L4xx_HAL_Driver/Src/stm32l4xx_hal_lptim.c ****   /* Return function status */
 932:Drivers/STM32L4xx_HAL_Driver/Src/stm32l4xx_hal_lptim.c ****   return HAL_OK;
 933:Drivers/STM32L4xx_HAL_Driver/Src/stm32l4xx_hal_lptim.c **** }
 934:Drivers/STM32L4xx_HAL_Driver/Src/stm32l4xx_hal_lptim.c **** 
 935:Drivers/STM32L4xx_HAL_Driver/Src/stm32l4xx_hal_lptim.c **** /**
 936:Drivers/STM32L4xx_HAL_Driver/Src/stm32l4xx_hal_lptim.c ****   * @brief  Stop the LPTIM One pulse generation in interrupt mode.
 937:Drivers/STM32L4xx_HAL_Driver/Src/stm32l4xx_hal_lptim.c ****   * @param  hlptim LPTIM handle
 938:Drivers/STM32L4xx_HAL_Driver/Src/stm32l4xx_hal_lptim.c ****   * @retval HAL status
 939:Drivers/STM32L4xx_HAL_Driver/Src/stm32l4xx_hal_lptim.c ****   */
 940:Drivers/STM32L4xx_HAL_Driver/Src/stm32l4xx_hal_lptim.c **** HAL_StatusTypeDef HAL_LPTIM_OnePulse_Stop_IT(LPTIM_HandleTypeDef *hlptim)
 941:Drivers/STM32L4xx_HAL_Driver/Src/stm32l4xx_hal_lptim.c **** {
 942:Drivers/STM32L4xx_HAL_Driver/Src/stm32l4xx_hal_lptim.c ****   /* Check the parameters */
ARM GAS  /tmp/ccCFMTgI.s 			page 18


 943:Drivers/STM32L4xx_HAL_Driver/Src/stm32l4xx_hal_lptim.c ****   assert_param(IS_LPTIM_INSTANCE(hlptim->Instance));
 944:Drivers/STM32L4xx_HAL_Driver/Src/stm32l4xx_hal_lptim.c **** 
 945:Drivers/STM32L4xx_HAL_Driver/Src/stm32l4xx_hal_lptim.c ****   /* Set the LPTIM state */
 946:Drivers/STM32L4xx_HAL_Driver/Src/stm32l4xx_hal_lptim.c ****   hlptim->State = HAL_LPTIM_STATE_BUSY;
 947:Drivers/STM32L4xx_HAL_Driver/Src/stm32l4xx_hal_lptim.c **** 
 948:Drivers/STM32L4xx_HAL_Driver/Src/stm32l4xx_hal_lptim.c **** 
 949:Drivers/STM32L4xx_HAL_Driver/Src/stm32l4xx_hal_lptim.c ****   /* Disable the Peripheral */
 950:Drivers/STM32L4xx_HAL_Driver/Src/stm32l4xx_hal_lptim.c ****   __HAL_LPTIM_DISABLE(hlptim);
 951:Drivers/STM32L4xx_HAL_Driver/Src/stm32l4xx_hal_lptim.c **** 
 952:Drivers/STM32L4xx_HAL_Driver/Src/stm32l4xx_hal_lptim.c ****   if (HAL_LPTIM_GetState(hlptim) == HAL_LPTIM_STATE_TIMEOUT)
 953:Drivers/STM32L4xx_HAL_Driver/Src/stm32l4xx_hal_lptim.c ****   {
 954:Drivers/STM32L4xx_HAL_Driver/Src/stm32l4xx_hal_lptim.c ****     return HAL_TIMEOUT;
 955:Drivers/STM32L4xx_HAL_Driver/Src/stm32l4xx_hal_lptim.c ****   }
 956:Drivers/STM32L4xx_HAL_Driver/Src/stm32l4xx_hal_lptim.c **** 
 957:Drivers/STM32L4xx_HAL_Driver/Src/stm32l4xx_hal_lptim.c ****   /* Disable Autoreload write complete interrupt */
 958:Drivers/STM32L4xx_HAL_Driver/Src/stm32l4xx_hal_lptim.c ****   __HAL_LPTIM_DISABLE_IT(hlptim, LPTIM_IT_ARROK);
 959:Drivers/STM32L4xx_HAL_Driver/Src/stm32l4xx_hal_lptim.c **** 
 960:Drivers/STM32L4xx_HAL_Driver/Src/stm32l4xx_hal_lptim.c ****   /* Disable Compare write complete interrupt */
 961:Drivers/STM32L4xx_HAL_Driver/Src/stm32l4xx_hal_lptim.c ****   __HAL_LPTIM_DISABLE_IT(hlptim, LPTIM_IT_CMPOK);
 962:Drivers/STM32L4xx_HAL_Driver/Src/stm32l4xx_hal_lptim.c **** 
 963:Drivers/STM32L4xx_HAL_Driver/Src/stm32l4xx_hal_lptim.c ****   /* Disable Autoreload match interrupt */
 964:Drivers/STM32L4xx_HAL_Driver/Src/stm32l4xx_hal_lptim.c ****   __HAL_LPTIM_DISABLE_IT(hlptim, LPTIM_IT_ARRM);
 965:Drivers/STM32L4xx_HAL_Driver/Src/stm32l4xx_hal_lptim.c **** 
 966:Drivers/STM32L4xx_HAL_Driver/Src/stm32l4xx_hal_lptim.c ****   /* Disable Compare match interrupt */
 967:Drivers/STM32L4xx_HAL_Driver/Src/stm32l4xx_hal_lptim.c ****   __HAL_LPTIM_DISABLE_IT(hlptim, LPTIM_IT_CMPM);
 968:Drivers/STM32L4xx_HAL_Driver/Src/stm32l4xx_hal_lptim.c **** 
 969:Drivers/STM32L4xx_HAL_Driver/Src/stm32l4xx_hal_lptim.c ****   /* If external trigger source is used, then disable external trigger interrupt */
 970:Drivers/STM32L4xx_HAL_Driver/Src/stm32l4xx_hal_lptim.c ****   if ((hlptim->Init.Trigger.Source) != LPTIM_TRIGSOURCE_SOFTWARE)
 971:Drivers/STM32L4xx_HAL_Driver/Src/stm32l4xx_hal_lptim.c ****   {
 972:Drivers/STM32L4xx_HAL_Driver/Src/stm32l4xx_hal_lptim.c ****     /* Disable external trigger interrupt */
 973:Drivers/STM32L4xx_HAL_Driver/Src/stm32l4xx_hal_lptim.c ****     __HAL_LPTIM_DISABLE_IT(hlptim, LPTIM_IT_EXTTRIG);
 974:Drivers/STM32L4xx_HAL_Driver/Src/stm32l4xx_hal_lptim.c ****   }
 975:Drivers/STM32L4xx_HAL_Driver/Src/stm32l4xx_hal_lptim.c **** #if defined(LPTIM_RCR_REP)
 976:Drivers/STM32L4xx_HAL_Driver/Src/stm32l4xx_hal_lptim.c **** 
 977:Drivers/STM32L4xx_HAL_Driver/Src/stm32l4xx_hal_lptim.c ****   /* Enable Rep Update Ok interrupt */
 978:Drivers/STM32L4xx_HAL_Driver/Src/stm32l4xx_hal_lptim.c ****   __HAL_LPTIM_DISABLE_IT(hlptim, LPTIM_IT_REPOK);
 979:Drivers/STM32L4xx_HAL_Driver/Src/stm32l4xx_hal_lptim.c **** 
 980:Drivers/STM32L4xx_HAL_Driver/Src/stm32l4xx_hal_lptim.c ****   /* Enable Update Event interrupt */
 981:Drivers/STM32L4xx_HAL_Driver/Src/stm32l4xx_hal_lptim.c ****   __HAL_LPTIM_DISABLE_IT(hlptim, LPTIM_IT_UPDATE);
 982:Drivers/STM32L4xx_HAL_Driver/Src/stm32l4xx_hal_lptim.c **** #endif
 983:Drivers/STM32L4xx_HAL_Driver/Src/stm32l4xx_hal_lptim.c **** 
 984:Drivers/STM32L4xx_HAL_Driver/Src/stm32l4xx_hal_lptim.c ****   /* Change the LPTIM state */
 985:Drivers/STM32L4xx_HAL_Driver/Src/stm32l4xx_hal_lptim.c ****   hlptim->State = HAL_LPTIM_STATE_READY;
 986:Drivers/STM32L4xx_HAL_Driver/Src/stm32l4xx_hal_lptim.c **** 
 987:Drivers/STM32L4xx_HAL_Driver/Src/stm32l4xx_hal_lptim.c ****   /* Return function status */
 988:Drivers/STM32L4xx_HAL_Driver/Src/stm32l4xx_hal_lptim.c ****   return HAL_OK;
 989:Drivers/STM32L4xx_HAL_Driver/Src/stm32l4xx_hal_lptim.c **** }
 990:Drivers/STM32L4xx_HAL_Driver/Src/stm32l4xx_hal_lptim.c **** 
 991:Drivers/STM32L4xx_HAL_Driver/Src/stm32l4xx_hal_lptim.c **** /**
 992:Drivers/STM32L4xx_HAL_Driver/Src/stm32l4xx_hal_lptim.c ****   * @brief  Start the LPTIM in Set once mode.
 993:Drivers/STM32L4xx_HAL_Driver/Src/stm32l4xx_hal_lptim.c ****   * @param  hlptim LPTIM handle
 994:Drivers/STM32L4xx_HAL_Driver/Src/stm32l4xx_hal_lptim.c ****   * @param  Period Specifies the Autoreload value.
 995:Drivers/STM32L4xx_HAL_Driver/Src/stm32l4xx_hal_lptim.c ****   *         This parameter must be a value between 0x0001 and 0xFFFF.
 996:Drivers/STM32L4xx_HAL_Driver/Src/stm32l4xx_hal_lptim.c ****   * @param  Pulse Specifies the compare value.
 997:Drivers/STM32L4xx_HAL_Driver/Src/stm32l4xx_hal_lptim.c ****   *         This parameter must be a value between 0x0000 and 0xFFFF.
 998:Drivers/STM32L4xx_HAL_Driver/Src/stm32l4xx_hal_lptim.c ****   * @retval HAL status
 999:Drivers/STM32L4xx_HAL_Driver/Src/stm32l4xx_hal_lptim.c ****   */
ARM GAS  /tmp/ccCFMTgI.s 			page 19


1000:Drivers/STM32L4xx_HAL_Driver/Src/stm32l4xx_hal_lptim.c **** HAL_StatusTypeDef HAL_LPTIM_SetOnce_Start(LPTIM_HandleTypeDef *hlptim, uint32_t Period, uint32_t Pu
1001:Drivers/STM32L4xx_HAL_Driver/Src/stm32l4xx_hal_lptim.c **** {
1002:Drivers/STM32L4xx_HAL_Driver/Src/stm32l4xx_hal_lptim.c ****   /* Check the parameters */
1003:Drivers/STM32L4xx_HAL_Driver/Src/stm32l4xx_hal_lptim.c ****   assert_param(IS_LPTIM_INSTANCE(hlptim->Instance));
1004:Drivers/STM32L4xx_HAL_Driver/Src/stm32l4xx_hal_lptim.c ****   assert_param(IS_LPTIM_PERIOD(Period));
1005:Drivers/STM32L4xx_HAL_Driver/Src/stm32l4xx_hal_lptim.c ****   assert_param(IS_LPTIM_PULSE(Pulse));
1006:Drivers/STM32L4xx_HAL_Driver/Src/stm32l4xx_hal_lptim.c **** 
1007:Drivers/STM32L4xx_HAL_Driver/Src/stm32l4xx_hal_lptim.c ****   /* Set the LPTIM state */
1008:Drivers/STM32L4xx_HAL_Driver/Src/stm32l4xx_hal_lptim.c ****   hlptim->State = HAL_LPTIM_STATE_BUSY;
1009:Drivers/STM32L4xx_HAL_Driver/Src/stm32l4xx_hal_lptim.c **** 
1010:Drivers/STM32L4xx_HAL_Driver/Src/stm32l4xx_hal_lptim.c ****   /* Set WAVE bit to enable the set once mode */
1011:Drivers/STM32L4xx_HAL_Driver/Src/stm32l4xx_hal_lptim.c ****   hlptim->Instance->CFGR |= LPTIM_CFGR_WAVE;
1012:Drivers/STM32L4xx_HAL_Driver/Src/stm32l4xx_hal_lptim.c **** 
1013:Drivers/STM32L4xx_HAL_Driver/Src/stm32l4xx_hal_lptim.c ****   /* Enable the Peripheral */
1014:Drivers/STM32L4xx_HAL_Driver/Src/stm32l4xx_hal_lptim.c ****   __HAL_LPTIM_ENABLE(hlptim);
1015:Drivers/STM32L4xx_HAL_Driver/Src/stm32l4xx_hal_lptim.c **** 
1016:Drivers/STM32L4xx_HAL_Driver/Src/stm32l4xx_hal_lptim.c ****   /* Clear flag */
1017:Drivers/STM32L4xx_HAL_Driver/Src/stm32l4xx_hal_lptim.c ****   __HAL_LPTIM_CLEAR_FLAG(hlptim, LPTIM_FLAG_ARROK);
1018:Drivers/STM32L4xx_HAL_Driver/Src/stm32l4xx_hal_lptim.c **** 
1019:Drivers/STM32L4xx_HAL_Driver/Src/stm32l4xx_hal_lptim.c ****   /* Load the period value in the autoreload register */
1020:Drivers/STM32L4xx_HAL_Driver/Src/stm32l4xx_hal_lptim.c ****   __HAL_LPTIM_AUTORELOAD_SET(hlptim, Period);
1021:Drivers/STM32L4xx_HAL_Driver/Src/stm32l4xx_hal_lptim.c **** 
1022:Drivers/STM32L4xx_HAL_Driver/Src/stm32l4xx_hal_lptim.c ****   /* Wait for the completion of the write operation to the LPTIM_ARR register */
1023:Drivers/STM32L4xx_HAL_Driver/Src/stm32l4xx_hal_lptim.c ****   if (LPTIM_WaitForFlag(hlptim, LPTIM_FLAG_ARROK) == HAL_TIMEOUT)
1024:Drivers/STM32L4xx_HAL_Driver/Src/stm32l4xx_hal_lptim.c ****   {
1025:Drivers/STM32L4xx_HAL_Driver/Src/stm32l4xx_hal_lptim.c ****     return HAL_TIMEOUT;
1026:Drivers/STM32L4xx_HAL_Driver/Src/stm32l4xx_hal_lptim.c ****   }
1027:Drivers/STM32L4xx_HAL_Driver/Src/stm32l4xx_hal_lptim.c **** 
1028:Drivers/STM32L4xx_HAL_Driver/Src/stm32l4xx_hal_lptim.c ****   /* Clear flag */
1029:Drivers/STM32L4xx_HAL_Driver/Src/stm32l4xx_hal_lptim.c ****   __HAL_LPTIM_CLEAR_FLAG(hlptim, LPTIM_FLAG_CMPOK);
1030:Drivers/STM32L4xx_HAL_Driver/Src/stm32l4xx_hal_lptim.c **** 
1031:Drivers/STM32L4xx_HAL_Driver/Src/stm32l4xx_hal_lptim.c ****   /* Load the pulse value in the compare register */
1032:Drivers/STM32L4xx_HAL_Driver/Src/stm32l4xx_hal_lptim.c ****   __HAL_LPTIM_COMPARE_SET(hlptim, Pulse);
1033:Drivers/STM32L4xx_HAL_Driver/Src/stm32l4xx_hal_lptim.c **** 
1034:Drivers/STM32L4xx_HAL_Driver/Src/stm32l4xx_hal_lptim.c ****   /* Wait for the completion of the write operation to the LPTIM_CMP register */
1035:Drivers/STM32L4xx_HAL_Driver/Src/stm32l4xx_hal_lptim.c ****   if (LPTIM_WaitForFlag(hlptim, LPTIM_FLAG_CMPOK) == HAL_TIMEOUT)
1036:Drivers/STM32L4xx_HAL_Driver/Src/stm32l4xx_hal_lptim.c ****   {
1037:Drivers/STM32L4xx_HAL_Driver/Src/stm32l4xx_hal_lptim.c ****     return HAL_TIMEOUT;
1038:Drivers/STM32L4xx_HAL_Driver/Src/stm32l4xx_hal_lptim.c ****   }
1039:Drivers/STM32L4xx_HAL_Driver/Src/stm32l4xx_hal_lptim.c **** 
1040:Drivers/STM32L4xx_HAL_Driver/Src/stm32l4xx_hal_lptim.c ****   /* Start timer in single (one shot) mode */
1041:Drivers/STM32L4xx_HAL_Driver/Src/stm32l4xx_hal_lptim.c ****   __HAL_LPTIM_START_SINGLE(hlptim);
1042:Drivers/STM32L4xx_HAL_Driver/Src/stm32l4xx_hal_lptim.c **** 
1043:Drivers/STM32L4xx_HAL_Driver/Src/stm32l4xx_hal_lptim.c ****   /* Change the LPTIM state */
1044:Drivers/STM32L4xx_HAL_Driver/Src/stm32l4xx_hal_lptim.c ****   hlptim->State = HAL_LPTIM_STATE_READY;
1045:Drivers/STM32L4xx_HAL_Driver/Src/stm32l4xx_hal_lptim.c **** 
1046:Drivers/STM32L4xx_HAL_Driver/Src/stm32l4xx_hal_lptim.c ****   /* Return function status */
1047:Drivers/STM32L4xx_HAL_Driver/Src/stm32l4xx_hal_lptim.c ****   return HAL_OK;
1048:Drivers/STM32L4xx_HAL_Driver/Src/stm32l4xx_hal_lptim.c **** }
1049:Drivers/STM32L4xx_HAL_Driver/Src/stm32l4xx_hal_lptim.c **** 
1050:Drivers/STM32L4xx_HAL_Driver/Src/stm32l4xx_hal_lptim.c **** /**
1051:Drivers/STM32L4xx_HAL_Driver/Src/stm32l4xx_hal_lptim.c ****   * @brief  Stop the LPTIM Set once mode.
1052:Drivers/STM32L4xx_HAL_Driver/Src/stm32l4xx_hal_lptim.c ****   * @param  hlptim LPTIM handle
1053:Drivers/STM32L4xx_HAL_Driver/Src/stm32l4xx_hal_lptim.c ****   * @retval HAL status
1054:Drivers/STM32L4xx_HAL_Driver/Src/stm32l4xx_hal_lptim.c ****   */
1055:Drivers/STM32L4xx_HAL_Driver/Src/stm32l4xx_hal_lptim.c **** HAL_StatusTypeDef HAL_LPTIM_SetOnce_Stop(LPTIM_HandleTypeDef *hlptim)
1056:Drivers/STM32L4xx_HAL_Driver/Src/stm32l4xx_hal_lptim.c **** {
ARM GAS  /tmp/ccCFMTgI.s 			page 20


1057:Drivers/STM32L4xx_HAL_Driver/Src/stm32l4xx_hal_lptim.c ****   /* Check the parameters */
1058:Drivers/STM32L4xx_HAL_Driver/Src/stm32l4xx_hal_lptim.c ****   assert_param(IS_LPTIM_INSTANCE(hlptim->Instance));
1059:Drivers/STM32L4xx_HAL_Driver/Src/stm32l4xx_hal_lptim.c **** 
1060:Drivers/STM32L4xx_HAL_Driver/Src/stm32l4xx_hal_lptim.c ****   /* Set the LPTIM state */
1061:Drivers/STM32L4xx_HAL_Driver/Src/stm32l4xx_hal_lptim.c ****   hlptim->State = HAL_LPTIM_STATE_BUSY;
1062:Drivers/STM32L4xx_HAL_Driver/Src/stm32l4xx_hal_lptim.c **** 
1063:Drivers/STM32L4xx_HAL_Driver/Src/stm32l4xx_hal_lptim.c ****   /* Disable the Peripheral */
1064:Drivers/STM32L4xx_HAL_Driver/Src/stm32l4xx_hal_lptim.c ****   __HAL_LPTIM_DISABLE(hlptim);
1065:Drivers/STM32L4xx_HAL_Driver/Src/stm32l4xx_hal_lptim.c **** 
1066:Drivers/STM32L4xx_HAL_Driver/Src/stm32l4xx_hal_lptim.c ****   if (HAL_LPTIM_GetState(hlptim) == HAL_LPTIM_STATE_TIMEOUT)
1067:Drivers/STM32L4xx_HAL_Driver/Src/stm32l4xx_hal_lptim.c ****   {
1068:Drivers/STM32L4xx_HAL_Driver/Src/stm32l4xx_hal_lptim.c ****     return HAL_TIMEOUT;
1069:Drivers/STM32L4xx_HAL_Driver/Src/stm32l4xx_hal_lptim.c ****   }
1070:Drivers/STM32L4xx_HAL_Driver/Src/stm32l4xx_hal_lptim.c **** 
1071:Drivers/STM32L4xx_HAL_Driver/Src/stm32l4xx_hal_lptim.c ****   /* Change the LPTIM state */
1072:Drivers/STM32L4xx_HAL_Driver/Src/stm32l4xx_hal_lptim.c ****   hlptim->State = HAL_LPTIM_STATE_READY;
1073:Drivers/STM32L4xx_HAL_Driver/Src/stm32l4xx_hal_lptim.c **** 
1074:Drivers/STM32L4xx_HAL_Driver/Src/stm32l4xx_hal_lptim.c ****   /* Return function status */
1075:Drivers/STM32L4xx_HAL_Driver/Src/stm32l4xx_hal_lptim.c ****   return HAL_OK;
1076:Drivers/STM32L4xx_HAL_Driver/Src/stm32l4xx_hal_lptim.c **** }
1077:Drivers/STM32L4xx_HAL_Driver/Src/stm32l4xx_hal_lptim.c **** 
1078:Drivers/STM32L4xx_HAL_Driver/Src/stm32l4xx_hal_lptim.c **** /**
1079:Drivers/STM32L4xx_HAL_Driver/Src/stm32l4xx_hal_lptim.c ****   * @brief  Start the LPTIM Set once mode in interrupt mode.
1080:Drivers/STM32L4xx_HAL_Driver/Src/stm32l4xx_hal_lptim.c ****   * @param  hlptim LPTIM handle
1081:Drivers/STM32L4xx_HAL_Driver/Src/stm32l4xx_hal_lptim.c ****   * @param  Period Specifies the Autoreload value.
1082:Drivers/STM32L4xx_HAL_Driver/Src/stm32l4xx_hal_lptim.c ****   *         This parameter must be a value between 0x0000 and 0xFFFF.
1083:Drivers/STM32L4xx_HAL_Driver/Src/stm32l4xx_hal_lptim.c ****   * @param  Pulse Specifies the compare value.
1084:Drivers/STM32L4xx_HAL_Driver/Src/stm32l4xx_hal_lptim.c ****   *         This parameter must be a value between 0x0000 and 0xFFFF.
1085:Drivers/STM32L4xx_HAL_Driver/Src/stm32l4xx_hal_lptim.c ****   * @retval HAL status
1086:Drivers/STM32L4xx_HAL_Driver/Src/stm32l4xx_hal_lptim.c ****   */
1087:Drivers/STM32L4xx_HAL_Driver/Src/stm32l4xx_hal_lptim.c **** HAL_StatusTypeDef HAL_LPTIM_SetOnce_Start_IT(LPTIM_HandleTypeDef *hlptim, uint32_t Period, uint32_t
1088:Drivers/STM32L4xx_HAL_Driver/Src/stm32l4xx_hal_lptim.c **** {
1089:Drivers/STM32L4xx_HAL_Driver/Src/stm32l4xx_hal_lptim.c ****   /* Check the parameters */
1090:Drivers/STM32L4xx_HAL_Driver/Src/stm32l4xx_hal_lptim.c ****   assert_param(IS_LPTIM_INSTANCE(hlptim->Instance));
1091:Drivers/STM32L4xx_HAL_Driver/Src/stm32l4xx_hal_lptim.c ****   assert_param(IS_LPTIM_PERIOD(Period));
1092:Drivers/STM32L4xx_HAL_Driver/Src/stm32l4xx_hal_lptim.c ****   assert_param(IS_LPTIM_PULSE(Pulse));
1093:Drivers/STM32L4xx_HAL_Driver/Src/stm32l4xx_hal_lptim.c **** 
1094:Drivers/STM32L4xx_HAL_Driver/Src/stm32l4xx_hal_lptim.c ****   /* Set the LPTIM state */
1095:Drivers/STM32L4xx_HAL_Driver/Src/stm32l4xx_hal_lptim.c ****   hlptim->State = HAL_LPTIM_STATE_BUSY;
1096:Drivers/STM32L4xx_HAL_Driver/Src/stm32l4xx_hal_lptim.c **** 
1097:Drivers/STM32L4xx_HAL_Driver/Src/stm32l4xx_hal_lptim.c ****   /* Set WAVE bit to enable the set once mode */
1098:Drivers/STM32L4xx_HAL_Driver/Src/stm32l4xx_hal_lptim.c ****   hlptim->Instance->CFGR |= LPTIM_CFGR_WAVE;
1099:Drivers/STM32L4xx_HAL_Driver/Src/stm32l4xx_hal_lptim.c **** 
1100:Drivers/STM32L4xx_HAL_Driver/Src/stm32l4xx_hal_lptim.c ****   /* Enable the Peripheral */
1101:Drivers/STM32L4xx_HAL_Driver/Src/stm32l4xx_hal_lptim.c ****   __HAL_LPTIM_ENABLE(hlptim);
1102:Drivers/STM32L4xx_HAL_Driver/Src/stm32l4xx_hal_lptim.c **** 
1103:Drivers/STM32L4xx_HAL_Driver/Src/stm32l4xx_hal_lptim.c ****   /* Clear flag */
1104:Drivers/STM32L4xx_HAL_Driver/Src/stm32l4xx_hal_lptim.c ****   __HAL_LPTIM_CLEAR_FLAG(hlptim, LPTIM_FLAG_ARROK);
1105:Drivers/STM32L4xx_HAL_Driver/Src/stm32l4xx_hal_lptim.c **** 
1106:Drivers/STM32L4xx_HAL_Driver/Src/stm32l4xx_hal_lptim.c ****   /* Load the period value in the autoreload register */
1107:Drivers/STM32L4xx_HAL_Driver/Src/stm32l4xx_hal_lptim.c ****   __HAL_LPTIM_AUTORELOAD_SET(hlptim, Period);
1108:Drivers/STM32L4xx_HAL_Driver/Src/stm32l4xx_hal_lptim.c **** 
1109:Drivers/STM32L4xx_HAL_Driver/Src/stm32l4xx_hal_lptim.c ****   /* Wait for the completion of the write operation to the LPTIM_ARR register */
1110:Drivers/STM32L4xx_HAL_Driver/Src/stm32l4xx_hal_lptim.c ****   if (LPTIM_WaitForFlag(hlptim, LPTIM_FLAG_ARROK) == HAL_TIMEOUT)
1111:Drivers/STM32L4xx_HAL_Driver/Src/stm32l4xx_hal_lptim.c ****   {
1112:Drivers/STM32L4xx_HAL_Driver/Src/stm32l4xx_hal_lptim.c ****     return HAL_TIMEOUT;
1113:Drivers/STM32L4xx_HAL_Driver/Src/stm32l4xx_hal_lptim.c ****   }
ARM GAS  /tmp/ccCFMTgI.s 			page 21


1114:Drivers/STM32L4xx_HAL_Driver/Src/stm32l4xx_hal_lptim.c **** 
1115:Drivers/STM32L4xx_HAL_Driver/Src/stm32l4xx_hal_lptim.c ****   /* Clear flag */
1116:Drivers/STM32L4xx_HAL_Driver/Src/stm32l4xx_hal_lptim.c ****   __HAL_LPTIM_CLEAR_FLAG(hlptim, LPTIM_FLAG_CMPOK);
1117:Drivers/STM32L4xx_HAL_Driver/Src/stm32l4xx_hal_lptim.c **** 
1118:Drivers/STM32L4xx_HAL_Driver/Src/stm32l4xx_hal_lptim.c ****   /* Load the pulse value in the compare register */
1119:Drivers/STM32L4xx_HAL_Driver/Src/stm32l4xx_hal_lptim.c ****   __HAL_LPTIM_COMPARE_SET(hlptim, Pulse);
1120:Drivers/STM32L4xx_HAL_Driver/Src/stm32l4xx_hal_lptim.c **** 
1121:Drivers/STM32L4xx_HAL_Driver/Src/stm32l4xx_hal_lptim.c ****   /* Wait for the completion of the write operation to the LPTIM_CMP register */
1122:Drivers/STM32L4xx_HAL_Driver/Src/stm32l4xx_hal_lptim.c ****   if (LPTIM_WaitForFlag(hlptim, LPTIM_FLAG_CMPOK) == HAL_TIMEOUT)
1123:Drivers/STM32L4xx_HAL_Driver/Src/stm32l4xx_hal_lptim.c ****   {
1124:Drivers/STM32L4xx_HAL_Driver/Src/stm32l4xx_hal_lptim.c ****     return HAL_TIMEOUT;
1125:Drivers/STM32L4xx_HAL_Driver/Src/stm32l4xx_hal_lptim.c ****   }
1126:Drivers/STM32L4xx_HAL_Driver/Src/stm32l4xx_hal_lptim.c **** 
1127:Drivers/STM32L4xx_HAL_Driver/Src/stm32l4xx_hal_lptim.c ****   /* Disable the Peripheral */
1128:Drivers/STM32L4xx_HAL_Driver/Src/stm32l4xx_hal_lptim.c ****   __HAL_LPTIM_DISABLE(hlptim);
1129:Drivers/STM32L4xx_HAL_Driver/Src/stm32l4xx_hal_lptim.c **** 
1130:Drivers/STM32L4xx_HAL_Driver/Src/stm32l4xx_hal_lptim.c ****   if (HAL_LPTIM_GetState(hlptim) == HAL_LPTIM_STATE_TIMEOUT)
1131:Drivers/STM32L4xx_HAL_Driver/Src/stm32l4xx_hal_lptim.c ****   {
1132:Drivers/STM32L4xx_HAL_Driver/Src/stm32l4xx_hal_lptim.c ****     return HAL_TIMEOUT;
1133:Drivers/STM32L4xx_HAL_Driver/Src/stm32l4xx_hal_lptim.c ****   }
1134:Drivers/STM32L4xx_HAL_Driver/Src/stm32l4xx_hal_lptim.c **** 
1135:Drivers/STM32L4xx_HAL_Driver/Src/stm32l4xx_hal_lptim.c ****   /* Enable Autoreload write complete interrupt */
1136:Drivers/STM32L4xx_HAL_Driver/Src/stm32l4xx_hal_lptim.c ****   __HAL_LPTIM_ENABLE_IT(hlptim, LPTIM_IT_ARROK);
1137:Drivers/STM32L4xx_HAL_Driver/Src/stm32l4xx_hal_lptim.c **** 
1138:Drivers/STM32L4xx_HAL_Driver/Src/stm32l4xx_hal_lptim.c ****   /* Enable Compare write complete interrupt */
1139:Drivers/STM32L4xx_HAL_Driver/Src/stm32l4xx_hal_lptim.c ****   __HAL_LPTIM_ENABLE_IT(hlptim, LPTIM_IT_CMPOK);
1140:Drivers/STM32L4xx_HAL_Driver/Src/stm32l4xx_hal_lptim.c **** 
1141:Drivers/STM32L4xx_HAL_Driver/Src/stm32l4xx_hal_lptim.c ****   /* Enable Autoreload match interrupt */
1142:Drivers/STM32L4xx_HAL_Driver/Src/stm32l4xx_hal_lptim.c ****   __HAL_LPTIM_ENABLE_IT(hlptim, LPTIM_IT_ARRM);
1143:Drivers/STM32L4xx_HAL_Driver/Src/stm32l4xx_hal_lptim.c **** 
1144:Drivers/STM32L4xx_HAL_Driver/Src/stm32l4xx_hal_lptim.c ****   /* Enable Compare match interrupt */
1145:Drivers/STM32L4xx_HAL_Driver/Src/stm32l4xx_hal_lptim.c ****   __HAL_LPTIM_ENABLE_IT(hlptim, LPTIM_IT_CMPM);
1146:Drivers/STM32L4xx_HAL_Driver/Src/stm32l4xx_hal_lptim.c **** 
1147:Drivers/STM32L4xx_HAL_Driver/Src/stm32l4xx_hal_lptim.c ****   /* If external trigger source is used, then enable external trigger interrupt */
1148:Drivers/STM32L4xx_HAL_Driver/Src/stm32l4xx_hal_lptim.c ****   if ((hlptim->Init.Trigger.Source) != LPTIM_TRIGSOURCE_SOFTWARE)
1149:Drivers/STM32L4xx_HAL_Driver/Src/stm32l4xx_hal_lptim.c ****   {
1150:Drivers/STM32L4xx_HAL_Driver/Src/stm32l4xx_hal_lptim.c ****     /* Enable external trigger interrupt */
1151:Drivers/STM32L4xx_HAL_Driver/Src/stm32l4xx_hal_lptim.c ****     __HAL_LPTIM_ENABLE_IT(hlptim, LPTIM_IT_EXTTRIG);
1152:Drivers/STM32L4xx_HAL_Driver/Src/stm32l4xx_hal_lptim.c ****   }
1153:Drivers/STM32L4xx_HAL_Driver/Src/stm32l4xx_hal_lptim.c **** 
1154:Drivers/STM32L4xx_HAL_Driver/Src/stm32l4xx_hal_lptim.c ****   /* Enable the Peripheral */
1155:Drivers/STM32L4xx_HAL_Driver/Src/stm32l4xx_hal_lptim.c ****   __HAL_LPTIM_ENABLE(hlptim);
1156:Drivers/STM32L4xx_HAL_Driver/Src/stm32l4xx_hal_lptim.c **** 
1157:Drivers/STM32L4xx_HAL_Driver/Src/stm32l4xx_hal_lptim.c ****   /* Start timer in single (one shot) mode */
1158:Drivers/STM32L4xx_HAL_Driver/Src/stm32l4xx_hal_lptim.c ****   __HAL_LPTIM_START_SINGLE(hlptim);
1159:Drivers/STM32L4xx_HAL_Driver/Src/stm32l4xx_hal_lptim.c **** 
1160:Drivers/STM32L4xx_HAL_Driver/Src/stm32l4xx_hal_lptim.c ****   /* Change the LPTIM state */
1161:Drivers/STM32L4xx_HAL_Driver/Src/stm32l4xx_hal_lptim.c ****   hlptim->State = HAL_LPTIM_STATE_READY;
1162:Drivers/STM32L4xx_HAL_Driver/Src/stm32l4xx_hal_lptim.c **** 
1163:Drivers/STM32L4xx_HAL_Driver/Src/stm32l4xx_hal_lptim.c ****   /* Return function status */
1164:Drivers/STM32L4xx_HAL_Driver/Src/stm32l4xx_hal_lptim.c ****   return HAL_OK;
1165:Drivers/STM32L4xx_HAL_Driver/Src/stm32l4xx_hal_lptim.c **** }
1166:Drivers/STM32L4xx_HAL_Driver/Src/stm32l4xx_hal_lptim.c **** 
1167:Drivers/STM32L4xx_HAL_Driver/Src/stm32l4xx_hal_lptim.c **** /**
1168:Drivers/STM32L4xx_HAL_Driver/Src/stm32l4xx_hal_lptim.c ****   * @brief  Stop the LPTIM Set once mode in interrupt mode.
1169:Drivers/STM32L4xx_HAL_Driver/Src/stm32l4xx_hal_lptim.c ****   * @param  hlptim LPTIM handle
1170:Drivers/STM32L4xx_HAL_Driver/Src/stm32l4xx_hal_lptim.c ****   * @retval HAL status
ARM GAS  /tmp/ccCFMTgI.s 			page 22


1171:Drivers/STM32L4xx_HAL_Driver/Src/stm32l4xx_hal_lptim.c ****   */
1172:Drivers/STM32L4xx_HAL_Driver/Src/stm32l4xx_hal_lptim.c **** HAL_StatusTypeDef HAL_LPTIM_SetOnce_Stop_IT(LPTIM_HandleTypeDef *hlptim)
1173:Drivers/STM32L4xx_HAL_Driver/Src/stm32l4xx_hal_lptim.c **** {
1174:Drivers/STM32L4xx_HAL_Driver/Src/stm32l4xx_hal_lptim.c ****   /* Check the parameters */
1175:Drivers/STM32L4xx_HAL_Driver/Src/stm32l4xx_hal_lptim.c ****   assert_param(IS_LPTIM_INSTANCE(hlptim->Instance));
1176:Drivers/STM32L4xx_HAL_Driver/Src/stm32l4xx_hal_lptim.c **** 
1177:Drivers/STM32L4xx_HAL_Driver/Src/stm32l4xx_hal_lptim.c ****   /* Set the LPTIM state */
1178:Drivers/STM32L4xx_HAL_Driver/Src/stm32l4xx_hal_lptim.c ****   hlptim->State = HAL_LPTIM_STATE_BUSY;
1179:Drivers/STM32L4xx_HAL_Driver/Src/stm32l4xx_hal_lptim.c **** 
1180:Drivers/STM32L4xx_HAL_Driver/Src/stm32l4xx_hal_lptim.c ****   /* Disable the Peripheral */
1181:Drivers/STM32L4xx_HAL_Driver/Src/stm32l4xx_hal_lptim.c ****   __HAL_LPTIM_DISABLE(hlptim);
1182:Drivers/STM32L4xx_HAL_Driver/Src/stm32l4xx_hal_lptim.c **** 
1183:Drivers/STM32L4xx_HAL_Driver/Src/stm32l4xx_hal_lptim.c ****   if (HAL_LPTIM_GetState(hlptim) == HAL_LPTIM_STATE_TIMEOUT)
1184:Drivers/STM32L4xx_HAL_Driver/Src/stm32l4xx_hal_lptim.c ****   {
1185:Drivers/STM32L4xx_HAL_Driver/Src/stm32l4xx_hal_lptim.c ****     return HAL_TIMEOUT;
1186:Drivers/STM32L4xx_HAL_Driver/Src/stm32l4xx_hal_lptim.c ****   }
1187:Drivers/STM32L4xx_HAL_Driver/Src/stm32l4xx_hal_lptim.c **** 
1188:Drivers/STM32L4xx_HAL_Driver/Src/stm32l4xx_hal_lptim.c ****   /* Disable Autoreload write complete interrupt */
1189:Drivers/STM32L4xx_HAL_Driver/Src/stm32l4xx_hal_lptim.c ****   __HAL_LPTIM_DISABLE_IT(hlptim, LPTIM_IT_ARROK);
1190:Drivers/STM32L4xx_HAL_Driver/Src/stm32l4xx_hal_lptim.c **** 
1191:Drivers/STM32L4xx_HAL_Driver/Src/stm32l4xx_hal_lptim.c ****   /* Disable Compare write complete interrupt */
1192:Drivers/STM32L4xx_HAL_Driver/Src/stm32l4xx_hal_lptim.c ****   __HAL_LPTIM_DISABLE_IT(hlptim, LPTIM_IT_CMPOK);
1193:Drivers/STM32L4xx_HAL_Driver/Src/stm32l4xx_hal_lptim.c **** 
1194:Drivers/STM32L4xx_HAL_Driver/Src/stm32l4xx_hal_lptim.c ****   /* Disable Autoreload match interrupt */
1195:Drivers/STM32L4xx_HAL_Driver/Src/stm32l4xx_hal_lptim.c ****   __HAL_LPTIM_DISABLE_IT(hlptim, LPTIM_IT_ARRM);
1196:Drivers/STM32L4xx_HAL_Driver/Src/stm32l4xx_hal_lptim.c **** 
1197:Drivers/STM32L4xx_HAL_Driver/Src/stm32l4xx_hal_lptim.c ****   /* Disable Compare match interrupt */
1198:Drivers/STM32L4xx_HAL_Driver/Src/stm32l4xx_hal_lptim.c ****   __HAL_LPTIM_DISABLE_IT(hlptim, LPTIM_IT_CMPM);
1199:Drivers/STM32L4xx_HAL_Driver/Src/stm32l4xx_hal_lptim.c **** 
1200:Drivers/STM32L4xx_HAL_Driver/Src/stm32l4xx_hal_lptim.c ****   /* If external trigger source is used, then disable external trigger interrupt */
1201:Drivers/STM32L4xx_HAL_Driver/Src/stm32l4xx_hal_lptim.c ****   if ((hlptim->Init.Trigger.Source) != LPTIM_TRIGSOURCE_SOFTWARE)
1202:Drivers/STM32L4xx_HAL_Driver/Src/stm32l4xx_hal_lptim.c ****   {
1203:Drivers/STM32L4xx_HAL_Driver/Src/stm32l4xx_hal_lptim.c ****     /* Disable external trigger interrupt */
1204:Drivers/STM32L4xx_HAL_Driver/Src/stm32l4xx_hal_lptim.c ****     __HAL_LPTIM_DISABLE_IT(hlptim, LPTIM_IT_EXTTRIG);
1205:Drivers/STM32L4xx_HAL_Driver/Src/stm32l4xx_hal_lptim.c ****   }
1206:Drivers/STM32L4xx_HAL_Driver/Src/stm32l4xx_hal_lptim.c **** 
1207:Drivers/STM32L4xx_HAL_Driver/Src/stm32l4xx_hal_lptim.c ****   /* Change the LPTIM state */
1208:Drivers/STM32L4xx_HAL_Driver/Src/stm32l4xx_hal_lptim.c ****   hlptim->State = HAL_LPTIM_STATE_READY;
1209:Drivers/STM32L4xx_HAL_Driver/Src/stm32l4xx_hal_lptim.c **** 
1210:Drivers/STM32L4xx_HAL_Driver/Src/stm32l4xx_hal_lptim.c ****   /* Return function status */
1211:Drivers/STM32L4xx_HAL_Driver/Src/stm32l4xx_hal_lptim.c ****   return HAL_OK;
1212:Drivers/STM32L4xx_HAL_Driver/Src/stm32l4xx_hal_lptim.c **** }
1213:Drivers/STM32L4xx_HAL_Driver/Src/stm32l4xx_hal_lptim.c **** 
1214:Drivers/STM32L4xx_HAL_Driver/Src/stm32l4xx_hal_lptim.c **** /**
1215:Drivers/STM32L4xx_HAL_Driver/Src/stm32l4xx_hal_lptim.c ****   * @brief  Start the Encoder interface.
1216:Drivers/STM32L4xx_HAL_Driver/Src/stm32l4xx_hal_lptim.c ****   * @param  hlptim LPTIM handle
1217:Drivers/STM32L4xx_HAL_Driver/Src/stm32l4xx_hal_lptim.c ****   * @param  Period Specifies the Autoreload value.
1218:Drivers/STM32L4xx_HAL_Driver/Src/stm32l4xx_hal_lptim.c ****   *         This parameter must be a value between 0x0001 and 0xFFFF.
1219:Drivers/STM32L4xx_HAL_Driver/Src/stm32l4xx_hal_lptim.c ****   * @retval HAL status
1220:Drivers/STM32L4xx_HAL_Driver/Src/stm32l4xx_hal_lptim.c ****   */
1221:Drivers/STM32L4xx_HAL_Driver/Src/stm32l4xx_hal_lptim.c **** HAL_StatusTypeDef HAL_LPTIM_Encoder_Start(LPTIM_HandleTypeDef *hlptim, uint32_t Period)
1222:Drivers/STM32L4xx_HAL_Driver/Src/stm32l4xx_hal_lptim.c **** {
1223:Drivers/STM32L4xx_HAL_Driver/Src/stm32l4xx_hal_lptim.c ****   uint32_t          tmpcfgr;
1224:Drivers/STM32L4xx_HAL_Driver/Src/stm32l4xx_hal_lptim.c **** 
1225:Drivers/STM32L4xx_HAL_Driver/Src/stm32l4xx_hal_lptim.c ****   /* Check the parameters */
1226:Drivers/STM32L4xx_HAL_Driver/Src/stm32l4xx_hal_lptim.c ****   assert_param(IS_LPTIM_ENCODER_INTERFACE_INSTANCE(hlptim->Instance));
1227:Drivers/STM32L4xx_HAL_Driver/Src/stm32l4xx_hal_lptim.c ****   assert_param(IS_LPTIM_PERIOD(Period));
ARM GAS  /tmp/ccCFMTgI.s 			page 23


1228:Drivers/STM32L4xx_HAL_Driver/Src/stm32l4xx_hal_lptim.c ****   assert_param(hlptim->Init.Clock.Source == LPTIM_CLOCKSOURCE_APBCLOCK_LPOSC);
1229:Drivers/STM32L4xx_HAL_Driver/Src/stm32l4xx_hal_lptim.c ****   assert_param(hlptim->Init.Clock.Prescaler == LPTIM_PRESCALER_DIV1);
1230:Drivers/STM32L4xx_HAL_Driver/Src/stm32l4xx_hal_lptim.c ****   assert_param(IS_LPTIM_CLOCK_POLARITY(hlptim->Init.UltraLowPowerClock.Polarity));
1231:Drivers/STM32L4xx_HAL_Driver/Src/stm32l4xx_hal_lptim.c **** 
1232:Drivers/STM32L4xx_HAL_Driver/Src/stm32l4xx_hal_lptim.c ****   /* Set the LPTIM state */
1233:Drivers/STM32L4xx_HAL_Driver/Src/stm32l4xx_hal_lptim.c ****   hlptim->State = HAL_LPTIM_STATE_BUSY;
1234:Drivers/STM32L4xx_HAL_Driver/Src/stm32l4xx_hal_lptim.c **** 
1235:Drivers/STM32L4xx_HAL_Driver/Src/stm32l4xx_hal_lptim.c ****   /* Get the LPTIMx CFGR value */
1236:Drivers/STM32L4xx_HAL_Driver/Src/stm32l4xx_hal_lptim.c ****   tmpcfgr = hlptim->Instance->CFGR;
1237:Drivers/STM32L4xx_HAL_Driver/Src/stm32l4xx_hal_lptim.c **** 
1238:Drivers/STM32L4xx_HAL_Driver/Src/stm32l4xx_hal_lptim.c ****   /* Clear CKPOL bits */
1239:Drivers/STM32L4xx_HAL_Driver/Src/stm32l4xx_hal_lptim.c ****   tmpcfgr &= (uint32_t)(~LPTIM_CFGR_CKPOL);
1240:Drivers/STM32L4xx_HAL_Driver/Src/stm32l4xx_hal_lptim.c **** 
1241:Drivers/STM32L4xx_HAL_Driver/Src/stm32l4xx_hal_lptim.c ****   /* Set Input polarity */
1242:Drivers/STM32L4xx_HAL_Driver/Src/stm32l4xx_hal_lptim.c ****   tmpcfgr |=  hlptim->Init.UltraLowPowerClock.Polarity;
1243:Drivers/STM32L4xx_HAL_Driver/Src/stm32l4xx_hal_lptim.c **** 
1244:Drivers/STM32L4xx_HAL_Driver/Src/stm32l4xx_hal_lptim.c ****   /* Write to LPTIMx CFGR */
1245:Drivers/STM32L4xx_HAL_Driver/Src/stm32l4xx_hal_lptim.c ****   hlptim->Instance->CFGR = tmpcfgr;
1246:Drivers/STM32L4xx_HAL_Driver/Src/stm32l4xx_hal_lptim.c **** 
1247:Drivers/STM32L4xx_HAL_Driver/Src/stm32l4xx_hal_lptim.c ****   /* Set ENC bit to enable the encoder interface */
1248:Drivers/STM32L4xx_HAL_Driver/Src/stm32l4xx_hal_lptim.c ****   hlptim->Instance->CFGR |= LPTIM_CFGR_ENC;
1249:Drivers/STM32L4xx_HAL_Driver/Src/stm32l4xx_hal_lptim.c **** 
1250:Drivers/STM32L4xx_HAL_Driver/Src/stm32l4xx_hal_lptim.c ****   /* Enable the Peripheral */
1251:Drivers/STM32L4xx_HAL_Driver/Src/stm32l4xx_hal_lptim.c ****   __HAL_LPTIM_ENABLE(hlptim);
1252:Drivers/STM32L4xx_HAL_Driver/Src/stm32l4xx_hal_lptim.c **** 
1253:Drivers/STM32L4xx_HAL_Driver/Src/stm32l4xx_hal_lptim.c ****   /* Clear flag */
1254:Drivers/STM32L4xx_HAL_Driver/Src/stm32l4xx_hal_lptim.c ****   __HAL_LPTIM_CLEAR_FLAG(hlptim, LPTIM_FLAG_ARROK);
1255:Drivers/STM32L4xx_HAL_Driver/Src/stm32l4xx_hal_lptim.c **** 
1256:Drivers/STM32L4xx_HAL_Driver/Src/stm32l4xx_hal_lptim.c ****   /* Load the period value in the autoreload register */
1257:Drivers/STM32L4xx_HAL_Driver/Src/stm32l4xx_hal_lptim.c ****   __HAL_LPTIM_AUTORELOAD_SET(hlptim, Period);
1258:Drivers/STM32L4xx_HAL_Driver/Src/stm32l4xx_hal_lptim.c **** 
1259:Drivers/STM32L4xx_HAL_Driver/Src/stm32l4xx_hal_lptim.c ****   /* Wait for the completion of the write operation to the LPTIM_ARR register */
1260:Drivers/STM32L4xx_HAL_Driver/Src/stm32l4xx_hal_lptim.c ****   if (LPTIM_WaitForFlag(hlptim, LPTIM_FLAG_ARROK) == HAL_TIMEOUT)
1261:Drivers/STM32L4xx_HAL_Driver/Src/stm32l4xx_hal_lptim.c ****   {
1262:Drivers/STM32L4xx_HAL_Driver/Src/stm32l4xx_hal_lptim.c ****     return HAL_TIMEOUT;
1263:Drivers/STM32L4xx_HAL_Driver/Src/stm32l4xx_hal_lptim.c ****   }
1264:Drivers/STM32L4xx_HAL_Driver/Src/stm32l4xx_hal_lptim.c **** 
1265:Drivers/STM32L4xx_HAL_Driver/Src/stm32l4xx_hal_lptim.c ****   /* Start timer in continuous mode */
1266:Drivers/STM32L4xx_HAL_Driver/Src/stm32l4xx_hal_lptim.c ****   __HAL_LPTIM_START_CONTINUOUS(hlptim);
1267:Drivers/STM32L4xx_HAL_Driver/Src/stm32l4xx_hal_lptim.c **** 
1268:Drivers/STM32L4xx_HAL_Driver/Src/stm32l4xx_hal_lptim.c ****   /* Change the LPTIM state */
1269:Drivers/STM32L4xx_HAL_Driver/Src/stm32l4xx_hal_lptim.c ****   hlptim->State = HAL_LPTIM_STATE_READY;
1270:Drivers/STM32L4xx_HAL_Driver/Src/stm32l4xx_hal_lptim.c **** 
1271:Drivers/STM32L4xx_HAL_Driver/Src/stm32l4xx_hal_lptim.c ****   /* Return function status */
1272:Drivers/STM32L4xx_HAL_Driver/Src/stm32l4xx_hal_lptim.c ****   return HAL_OK;
1273:Drivers/STM32L4xx_HAL_Driver/Src/stm32l4xx_hal_lptim.c **** }
1274:Drivers/STM32L4xx_HAL_Driver/Src/stm32l4xx_hal_lptim.c **** 
1275:Drivers/STM32L4xx_HAL_Driver/Src/stm32l4xx_hal_lptim.c **** /**
1276:Drivers/STM32L4xx_HAL_Driver/Src/stm32l4xx_hal_lptim.c ****   * @brief  Stop the Encoder interface.
1277:Drivers/STM32L4xx_HAL_Driver/Src/stm32l4xx_hal_lptim.c ****   * @param  hlptim LPTIM handle
1278:Drivers/STM32L4xx_HAL_Driver/Src/stm32l4xx_hal_lptim.c ****   * @retval HAL status
1279:Drivers/STM32L4xx_HAL_Driver/Src/stm32l4xx_hal_lptim.c ****   */
1280:Drivers/STM32L4xx_HAL_Driver/Src/stm32l4xx_hal_lptim.c **** HAL_StatusTypeDef HAL_LPTIM_Encoder_Stop(LPTIM_HandleTypeDef *hlptim)
1281:Drivers/STM32L4xx_HAL_Driver/Src/stm32l4xx_hal_lptim.c **** {
1282:Drivers/STM32L4xx_HAL_Driver/Src/stm32l4xx_hal_lptim.c ****   /* Check the parameters */
1283:Drivers/STM32L4xx_HAL_Driver/Src/stm32l4xx_hal_lptim.c ****   assert_param(IS_LPTIM_ENCODER_INTERFACE_INSTANCE(hlptim->Instance));
1284:Drivers/STM32L4xx_HAL_Driver/Src/stm32l4xx_hal_lptim.c **** 
ARM GAS  /tmp/ccCFMTgI.s 			page 24


1285:Drivers/STM32L4xx_HAL_Driver/Src/stm32l4xx_hal_lptim.c ****   /* Set the LPTIM state */
1286:Drivers/STM32L4xx_HAL_Driver/Src/stm32l4xx_hal_lptim.c ****   hlptim->State = HAL_LPTIM_STATE_BUSY;
1287:Drivers/STM32L4xx_HAL_Driver/Src/stm32l4xx_hal_lptim.c **** 
1288:Drivers/STM32L4xx_HAL_Driver/Src/stm32l4xx_hal_lptim.c ****   /* Disable the Peripheral */
1289:Drivers/STM32L4xx_HAL_Driver/Src/stm32l4xx_hal_lptim.c ****   __HAL_LPTIM_DISABLE(hlptim);
1290:Drivers/STM32L4xx_HAL_Driver/Src/stm32l4xx_hal_lptim.c **** 
1291:Drivers/STM32L4xx_HAL_Driver/Src/stm32l4xx_hal_lptim.c ****   if (HAL_LPTIM_GetState(hlptim) == HAL_LPTIM_STATE_TIMEOUT)
1292:Drivers/STM32L4xx_HAL_Driver/Src/stm32l4xx_hal_lptim.c ****   {
1293:Drivers/STM32L4xx_HAL_Driver/Src/stm32l4xx_hal_lptim.c ****     return HAL_TIMEOUT;
1294:Drivers/STM32L4xx_HAL_Driver/Src/stm32l4xx_hal_lptim.c ****   }
1295:Drivers/STM32L4xx_HAL_Driver/Src/stm32l4xx_hal_lptim.c **** 
1296:Drivers/STM32L4xx_HAL_Driver/Src/stm32l4xx_hal_lptim.c ****   /* Reset ENC bit to disable the encoder interface */
1297:Drivers/STM32L4xx_HAL_Driver/Src/stm32l4xx_hal_lptim.c ****   hlptim->Instance->CFGR &= ~LPTIM_CFGR_ENC;
1298:Drivers/STM32L4xx_HAL_Driver/Src/stm32l4xx_hal_lptim.c **** 
1299:Drivers/STM32L4xx_HAL_Driver/Src/stm32l4xx_hal_lptim.c ****   /* Change the LPTIM state */
1300:Drivers/STM32L4xx_HAL_Driver/Src/stm32l4xx_hal_lptim.c ****   hlptim->State = HAL_LPTIM_STATE_READY;
1301:Drivers/STM32L4xx_HAL_Driver/Src/stm32l4xx_hal_lptim.c **** 
1302:Drivers/STM32L4xx_HAL_Driver/Src/stm32l4xx_hal_lptim.c ****   /* Return function status */
1303:Drivers/STM32L4xx_HAL_Driver/Src/stm32l4xx_hal_lptim.c ****   return HAL_OK;
1304:Drivers/STM32L4xx_HAL_Driver/Src/stm32l4xx_hal_lptim.c **** }
1305:Drivers/STM32L4xx_HAL_Driver/Src/stm32l4xx_hal_lptim.c **** 
1306:Drivers/STM32L4xx_HAL_Driver/Src/stm32l4xx_hal_lptim.c **** /**
1307:Drivers/STM32L4xx_HAL_Driver/Src/stm32l4xx_hal_lptim.c ****   * @brief  Start the Encoder interface in interrupt mode.
1308:Drivers/STM32L4xx_HAL_Driver/Src/stm32l4xx_hal_lptim.c ****   * @param  hlptim LPTIM handle
1309:Drivers/STM32L4xx_HAL_Driver/Src/stm32l4xx_hal_lptim.c ****   * @param  Period Specifies the Autoreload value.
1310:Drivers/STM32L4xx_HAL_Driver/Src/stm32l4xx_hal_lptim.c ****   *         This parameter must be a value between 0x0000 and 0xFFFF.
1311:Drivers/STM32L4xx_HAL_Driver/Src/stm32l4xx_hal_lptim.c ****   * @retval HAL status
1312:Drivers/STM32L4xx_HAL_Driver/Src/stm32l4xx_hal_lptim.c ****   */
1313:Drivers/STM32L4xx_HAL_Driver/Src/stm32l4xx_hal_lptim.c **** HAL_StatusTypeDef HAL_LPTIM_Encoder_Start_IT(LPTIM_HandleTypeDef *hlptim, uint32_t Period)
1314:Drivers/STM32L4xx_HAL_Driver/Src/stm32l4xx_hal_lptim.c **** {
1315:Drivers/STM32L4xx_HAL_Driver/Src/stm32l4xx_hal_lptim.c ****   uint32_t          tmpcfgr;
1316:Drivers/STM32L4xx_HAL_Driver/Src/stm32l4xx_hal_lptim.c **** 
1317:Drivers/STM32L4xx_HAL_Driver/Src/stm32l4xx_hal_lptim.c ****   /* Check the parameters */
1318:Drivers/STM32L4xx_HAL_Driver/Src/stm32l4xx_hal_lptim.c ****   assert_param(IS_LPTIM_ENCODER_INTERFACE_INSTANCE(hlptim->Instance));
1319:Drivers/STM32L4xx_HAL_Driver/Src/stm32l4xx_hal_lptim.c ****   assert_param(IS_LPTIM_PERIOD(Period));
1320:Drivers/STM32L4xx_HAL_Driver/Src/stm32l4xx_hal_lptim.c ****   assert_param(hlptim->Init.Clock.Source == LPTIM_CLOCKSOURCE_APBCLOCK_LPOSC);
1321:Drivers/STM32L4xx_HAL_Driver/Src/stm32l4xx_hal_lptim.c ****   assert_param(hlptim->Init.Clock.Prescaler == LPTIM_PRESCALER_DIV1);
1322:Drivers/STM32L4xx_HAL_Driver/Src/stm32l4xx_hal_lptim.c ****   assert_param(IS_LPTIM_CLOCK_POLARITY(hlptim->Init.UltraLowPowerClock.Polarity));
1323:Drivers/STM32L4xx_HAL_Driver/Src/stm32l4xx_hal_lptim.c **** 
1324:Drivers/STM32L4xx_HAL_Driver/Src/stm32l4xx_hal_lptim.c ****   /* Set the LPTIM state */
1325:Drivers/STM32L4xx_HAL_Driver/Src/stm32l4xx_hal_lptim.c ****   hlptim->State = HAL_LPTIM_STATE_BUSY;
1326:Drivers/STM32L4xx_HAL_Driver/Src/stm32l4xx_hal_lptim.c **** 
1327:Drivers/STM32L4xx_HAL_Driver/Src/stm32l4xx_hal_lptim.c ****   /* Configure edge sensitivity for encoder mode */
1328:Drivers/STM32L4xx_HAL_Driver/Src/stm32l4xx_hal_lptim.c ****   /* Get the LPTIMx CFGR value */
1329:Drivers/STM32L4xx_HAL_Driver/Src/stm32l4xx_hal_lptim.c ****   tmpcfgr = hlptim->Instance->CFGR;
1330:Drivers/STM32L4xx_HAL_Driver/Src/stm32l4xx_hal_lptim.c **** 
1331:Drivers/STM32L4xx_HAL_Driver/Src/stm32l4xx_hal_lptim.c ****   /* Clear CKPOL bits */
1332:Drivers/STM32L4xx_HAL_Driver/Src/stm32l4xx_hal_lptim.c ****   tmpcfgr &= (uint32_t)(~LPTIM_CFGR_CKPOL);
1333:Drivers/STM32L4xx_HAL_Driver/Src/stm32l4xx_hal_lptim.c **** 
1334:Drivers/STM32L4xx_HAL_Driver/Src/stm32l4xx_hal_lptim.c ****   /* Set Input polarity */
1335:Drivers/STM32L4xx_HAL_Driver/Src/stm32l4xx_hal_lptim.c ****   tmpcfgr |=  hlptim->Init.UltraLowPowerClock.Polarity;
1336:Drivers/STM32L4xx_HAL_Driver/Src/stm32l4xx_hal_lptim.c **** 
1337:Drivers/STM32L4xx_HAL_Driver/Src/stm32l4xx_hal_lptim.c ****   /* Write to LPTIMx CFGR */
1338:Drivers/STM32L4xx_HAL_Driver/Src/stm32l4xx_hal_lptim.c ****   hlptim->Instance->CFGR = tmpcfgr;
1339:Drivers/STM32L4xx_HAL_Driver/Src/stm32l4xx_hal_lptim.c **** 
1340:Drivers/STM32L4xx_HAL_Driver/Src/stm32l4xx_hal_lptim.c ****   /* Set ENC bit to enable the encoder interface */
1341:Drivers/STM32L4xx_HAL_Driver/Src/stm32l4xx_hal_lptim.c ****   hlptim->Instance->CFGR |= LPTIM_CFGR_ENC;
ARM GAS  /tmp/ccCFMTgI.s 			page 25


1342:Drivers/STM32L4xx_HAL_Driver/Src/stm32l4xx_hal_lptim.c **** 
1343:Drivers/STM32L4xx_HAL_Driver/Src/stm32l4xx_hal_lptim.c ****   /* Enable the Peripheral */
1344:Drivers/STM32L4xx_HAL_Driver/Src/stm32l4xx_hal_lptim.c ****   __HAL_LPTIM_ENABLE(hlptim);
1345:Drivers/STM32L4xx_HAL_Driver/Src/stm32l4xx_hal_lptim.c **** 
1346:Drivers/STM32L4xx_HAL_Driver/Src/stm32l4xx_hal_lptim.c ****   /* Clear flag */
1347:Drivers/STM32L4xx_HAL_Driver/Src/stm32l4xx_hal_lptim.c ****   __HAL_LPTIM_CLEAR_FLAG(hlptim, LPTIM_FLAG_ARROK);
1348:Drivers/STM32L4xx_HAL_Driver/Src/stm32l4xx_hal_lptim.c **** 
1349:Drivers/STM32L4xx_HAL_Driver/Src/stm32l4xx_hal_lptim.c ****   /* Load the period value in the autoreload register */
1350:Drivers/STM32L4xx_HAL_Driver/Src/stm32l4xx_hal_lptim.c ****   __HAL_LPTIM_AUTORELOAD_SET(hlptim, Period);
1351:Drivers/STM32L4xx_HAL_Driver/Src/stm32l4xx_hal_lptim.c **** 
1352:Drivers/STM32L4xx_HAL_Driver/Src/stm32l4xx_hal_lptim.c ****   /* Wait for the completion of the write operation to the LPTIM_ARR register */
1353:Drivers/STM32L4xx_HAL_Driver/Src/stm32l4xx_hal_lptim.c ****   if (LPTIM_WaitForFlag(hlptim, LPTIM_FLAG_ARROK) == HAL_TIMEOUT)
1354:Drivers/STM32L4xx_HAL_Driver/Src/stm32l4xx_hal_lptim.c ****   {
1355:Drivers/STM32L4xx_HAL_Driver/Src/stm32l4xx_hal_lptim.c ****     return HAL_TIMEOUT;
1356:Drivers/STM32L4xx_HAL_Driver/Src/stm32l4xx_hal_lptim.c ****   }
1357:Drivers/STM32L4xx_HAL_Driver/Src/stm32l4xx_hal_lptim.c **** 
1358:Drivers/STM32L4xx_HAL_Driver/Src/stm32l4xx_hal_lptim.c ****   /* Disable the Peripheral */
1359:Drivers/STM32L4xx_HAL_Driver/Src/stm32l4xx_hal_lptim.c ****   __HAL_LPTIM_DISABLE(hlptim);
1360:Drivers/STM32L4xx_HAL_Driver/Src/stm32l4xx_hal_lptim.c **** 
1361:Drivers/STM32L4xx_HAL_Driver/Src/stm32l4xx_hal_lptim.c ****   if (HAL_LPTIM_GetState(hlptim) == HAL_LPTIM_STATE_TIMEOUT)
1362:Drivers/STM32L4xx_HAL_Driver/Src/stm32l4xx_hal_lptim.c ****   {
1363:Drivers/STM32L4xx_HAL_Driver/Src/stm32l4xx_hal_lptim.c ****     return HAL_TIMEOUT;
1364:Drivers/STM32L4xx_HAL_Driver/Src/stm32l4xx_hal_lptim.c ****   }
1365:Drivers/STM32L4xx_HAL_Driver/Src/stm32l4xx_hal_lptim.c **** 
1366:Drivers/STM32L4xx_HAL_Driver/Src/stm32l4xx_hal_lptim.c ****   /* Enable "switch to down direction" interrupt */
1367:Drivers/STM32L4xx_HAL_Driver/Src/stm32l4xx_hal_lptim.c ****   __HAL_LPTIM_ENABLE_IT(hlptim, LPTIM_IT_DOWN);
1368:Drivers/STM32L4xx_HAL_Driver/Src/stm32l4xx_hal_lptim.c **** 
1369:Drivers/STM32L4xx_HAL_Driver/Src/stm32l4xx_hal_lptim.c ****   /* Enable "switch to up direction" interrupt */
1370:Drivers/STM32L4xx_HAL_Driver/Src/stm32l4xx_hal_lptim.c ****   __HAL_LPTIM_ENABLE_IT(hlptim, LPTIM_IT_UP);
1371:Drivers/STM32L4xx_HAL_Driver/Src/stm32l4xx_hal_lptim.c **** 
1372:Drivers/STM32L4xx_HAL_Driver/Src/stm32l4xx_hal_lptim.c ****   /* Enable the Peripheral */
1373:Drivers/STM32L4xx_HAL_Driver/Src/stm32l4xx_hal_lptim.c ****   __HAL_LPTIM_ENABLE(hlptim);
1374:Drivers/STM32L4xx_HAL_Driver/Src/stm32l4xx_hal_lptim.c **** 
1375:Drivers/STM32L4xx_HAL_Driver/Src/stm32l4xx_hal_lptim.c ****   /* Start timer in continuous mode */
1376:Drivers/STM32L4xx_HAL_Driver/Src/stm32l4xx_hal_lptim.c ****   __HAL_LPTIM_START_CONTINUOUS(hlptim);
1377:Drivers/STM32L4xx_HAL_Driver/Src/stm32l4xx_hal_lptim.c **** 
1378:Drivers/STM32L4xx_HAL_Driver/Src/stm32l4xx_hal_lptim.c ****   /* Change the LPTIM state */
1379:Drivers/STM32L4xx_HAL_Driver/Src/stm32l4xx_hal_lptim.c ****   hlptim->State = HAL_LPTIM_STATE_READY;
1380:Drivers/STM32L4xx_HAL_Driver/Src/stm32l4xx_hal_lptim.c **** 
1381:Drivers/STM32L4xx_HAL_Driver/Src/stm32l4xx_hal_lptim.c ****   /* Return function status */
1382:Drivers/STM32L4xx_HAL_Driver/Src/stm32l4xx_hal_lptim.c ****   return HAL_OK;
1383:Drivers/STM32L4xx_HAL_Driver/Src/stm32l4xx_hal_lptim.c **** }
1384:Drivers/STM32L4xx_HAL_Driver/Src/stm32l4xx_hal_lptim.c **** 
1385:Drivers/STM32L4xx_HAL_Driver/Src/stm32l4xx_hal_lptim.c **** /**
1386:Drivers/STM32L4xx_HAL_Driver/Src/stm32l4xx_hal_lptim.c ****   * @brief  Stop the Encoder interface in interrupt mode.
1387:Drivers/STM32L4xx_HAL_Driver/Src/stm32l4xx_hal_lptim.c ****   * @param  hlptim LPTIM handle
1388:Drivers/STM32L4xx_HAL_Driver/Src/stm32l4xx_hal_lptim.c ****   * @retval HAL status
1389:Drivers/STM32L4xx_HAL_Driver/Src/stm32l4xx_hal_lptim.c ****   */
1390:Drivers/STM32L4xx_HAL_Driver/Src/stm32l4xx_hal_lptim.c **** HAL_StatusTypeDef HAL_LPTIM_Encoder_Stop_IT(LPTIM_HandleTypeDef *hlptim)
1391:Drivers/STM32L4xx_HAL_Driver/Src/stm32l4xx_hal_lptim.c **** {
1392:Drivers/STM32L4xx_HAL_Driver/Src/stm32l4xx_hal_lptim.c ****   /* Check the parameters */
1393:Drivers/STM32L4xx_HAL_Driver/Src/stm32l4xx_hal_lptim.c ****   assert_param(IS_LPTIM_ENCODER_INTERFACE_INSTANCE(hlptim->Instance));
1394:Drivers/STM32L4xx_HAL_Driver/Src/stm32l4xx_hal_lptim.c **** 
1395:Drivers/STM32L4xx_HAL_Driver/Src/stm32l4xx_hal_lptim.c ****   /* Set the LPTIM state */
1396:Drivers/STM32L4xx_HAL_Driver/Src/stm32l4xx_hal_lptim.c ****   hlptim->State = HAL_LPTIM_STATE_BUSY;
1397:Drivers/STM32L4xx_HAL_Driver/Src/stm32l4xx_hal_lptim.c **** 
1398:Drivers/STM32L4xx_HAL_Driver/Src/stm32l4xx_hal_lptim.c ****   /* Disable the Peripheral */
ARM GAS  /tmp/ccCFMTgI.s 			page 26


1399:Drivers/STM32L4xx_HAL_Driver/Src/stm32l4xx_hal_lptim.c ****   __HAL_LPTIM_DISABLE(hlptim);
1400:Drivers/STM32L4xx_HAL_Driver/Src/stm32l4xx_hal_lptim.c **** 
1401:Drivers/STM32L4xx_HAL_Driver/Src/stm32l4xx_hal_lptim.c ****   if (HAL_LPTIM_GetState(hlptim) == HAL_LPTIM_STATE_TIMEOUT)
1402:Drivers/STM32L4xx_HAL_Driver/Src/stm32l4xx_hal_lptim.c ****   {
1403:Drivers/STM32L4xx_HAL_Driver/Src/stm32l4xx_hal_lptim.c ****     return HAL_TIMEOUT;
1404:Drivers/STM32L4xx_HAL_Driver/Src/stm32l4xx_hal_lptim.c ****   }
1405:Drivers/STM32L4xx_HAL_Driver/Src/stm32l4xx_hal_lptim.c **** 
1406:Drivers/STM32L4xx_HAL_Driver/Src/stm32l4xx_hal_lptim.c ****   /* Reset ENC bit to disable the encoder interface */
1407:Drivers/STM32L4xx_HAL_Driver/Src/stm32l4xx_hal_lptim.c ****   hlptim->Instance->CFGR &= ~LPTIM_CFGR_ENC;
1408:Drivers/STM32L4xx_HAL_Driver/Src/stm32l4xx_hal_lptim.c **** 
1409:Drivers/STM32L4xx_HAL_Driver/Src/stm32l4xx_hal_lptim.c ****   /* Disable "switch to down direction" interrupt */
1410:Drivers/STM32L4xx_HAL_Driver/Src/stm32l4xx_hal_lptim.c ****   __HAL_LPTIM_DISABLE_IT(hlptim, LPTIM_IT_DOWN);
1411:Drivers/STM32L4xx_HAL_Driver/Src/stm32l4xx_hal_lptim.c **** 
1412:Drivers/STM32L4xx_HAL_Driver/Src/stm32l4xx_hal_lptim.c ****   /* Disable "switch to up direction" interrupt */
1413:Drivers/STM32L4xx_HAL_Driver/Src/stm32l4xx_hal_lptim.c ****   __HAL_LPTIM_DISABLE_IT(hlptim, LPTIM_IT_UP);
1414:Drivers/STM32L4xx_HAL_Driver/Src/stm32l4xx_hal_lptim.c **** 
1415:Drivers/STM32L4xx_HAL_Driver/Src/stm32l4xx_hal_lptim.c ****   /* Change the LPTIM state */
1416:Drivers/STM32L4xx_HAL_Driver/Src/stm32l4xx_hal_lptim.c ****   hlptim->State = HAL_LPTIM_STATE_READY;
1417:Drivers/STM32L4xx_HAL_Driver/Src/stm32l4xx_hal_lptim.c **** 
1418:Drivers/STM32L4xx_HAL_Driver/Src/stm32l4xx_hal_lptim.c ****   /* Return function status */
1419:Drivers/STM32L4xx_HAL_Driver/Src/stm32l4xx_hal_lptim.c ****   return HAL_OK;
1420:Drivers/STM32L4xx_HAL_Driver/Src/stm32l4xx_hal_lptim.c **** }
1421:Drivers/STM32L4xx_HAL_Driver/Src/stm32l4xx_hal_lptim.c **** 
1422:Drivers/STM32L4xx_HAL_Driver/Src/stm32l4xx_hal_lptim.c **** /**
1423:Drivers/STM32L4xx_HAL_Driver/Src/stm32l4xx_hal_lptim.c ****   * @brief  Start the Timeout function.
1424:Drivers/STM32L4xx_HAL_Driver/Src/stm32l4xx_hal_lptim.c ****   * @note   The first trigger event will start the timer, any successive
1425:Drivers/STM32L4xx_HAL_Driver/Src/stm32l4xx_hal_lptim.c ****   *         trigger event will reset the counter and the timer restarts.
1426:Drivers/STM32L4xx_HAL_Driver/Src/stm32l4xx_hal_lptim.c ****   * @param  hlptim LPTIM handle
1427:Drivers/STM32L4xx_HAL_Driver/Src/stm32l4xx_hal_lptim.c ****   * @param  Period Specifies the Autoreload value.
1428:Drivers/STM32L4xx_HAL_Driver/Src/stm32l4xx_hal_lptim.c ****   *         This parameter must be a value between 0x0001 and 0xFFFF.
1429:Drivers/STM32L4xx_HAL_Driver/Src/stm32l4xx_hal_lptim.c ****   * @param  Timeout Specifies the TimeOut value to reset the counter.
1430:Drivers/STM32L4xx_HAL_Driver/Src/stm32l4xx_hal_lptim.c ****   *         This parameter must be a value between 0x0000 and 0xFFFF.
1431:Drivers/STM32L4xx_HAL_Driver/Src/stm32l4xx_hal_lptim.c ****   * @retval HAL status
1432:Drivers/STM32L4xx_HAL_Driver/Src/stm32l4xx_hal_lptim.c ****   */
1433:Drivers/STM32L4xx_HAL_Driver/Src/stm32l4xx_hal_lptim.c **** HAL_StatusTypeDef HAL_LPTIM_TimeOut_Start(LPTIM_HandleTypeDef *hlptim, uint32_t Period, uint32_t Ti
1434:Drivers/STM32L4xx_HAL_Driver/Src/stm32l4xx_hal_lptim.c **** {
1435:Drivers/STM32L4xx_HAL_Driver/Src/stm32l4xx_hal_lptim.c ****   /* Check the parameters */
1436:Drivers/STM32L4xx_HAL_Driver/Src/stm32l4xx_hal_lptim.c ****   assert_param(IS_LPTIM_INSTANCE(hlptim->Instance));
1437:Drivers/STM32L4xx_HAL_Driver/Src/stm32l4xx_hal_lptim.c ****   assert_param(IS_LPTIM_PERIOD(Period));
1438:Drivers/STM32L4xx_HAL_Driver/Src/stm32l4xx_hal_lptim.c ****   assert_param(IS_LPTIM_PULSE(Timeout));
1439:Drivers/STM32L4xx_HAL_Driver/Src/stm32l4xx_hal_lptim.c **** 
1440:Drivers/STM32L4xx_HAL_Driver/Src/stm32l4xx_hal_lptim.c ****   /* Set the LPTIM state */
1441:Drivers/STM32L4xx_HAL_Driver/Src/stm32l4xx_hal_lptim.c ****   hlptim->State = HAL_LPTIM_STATE_BUSY;
1442:Drivers/STM32L4xx_HAL_Driver/Src/stm32l4xx_hal_lptim.c **** 
1443:Drivers/STM32L4xx_HAL_Driver/Src/stm32l4xx_hal_lptim.c ****   /* Set TIMOUT bit to enable the timeout function */
1444:Drivers/STM32L4xx_HAL_Driver/Src/stm32l4xx_hal_lptim.c ****   hlptim->Instance->CFGR |= LPTIM_CFGR_TIMOUT;
1445:Drivers/STM32L4xx_HAL_Driver/Src/stm32l4xx_hal_lptim.c **** 
1446:Drivers/STM32L4xx_HAL_Driver/Src/stm32l4xx_hal_lptim.c ****   /* Enable the Peripheral */
1447:Drivers/STM32L4xx_HAL_Driver/Src/stm32l4xx_hal_lptim.c ****   __HAL_LPTIM_ENABLE(hlptim);
1448:Drivers/STM32L4xx_HAL_Driver/Src/stm32l4xx_hal_lptim.c **** 
1449:Drivers/STM32L4xx_HAL_Driver/Src/stm32l4xx_hal_lptim.c ****   /* Clear flag */
1450:Drivers/STM32L4xx_HAL_Driver/Src/stm32l4xx_hal_lptim.c ****   __HAL_LPTIM_CLEAR_FLAG(hlptim, LPTIM_FLAG_ARROK);
1451:Drivers/STM32L4xx_HAL_Driver/Src/stm32l4xx_hal_lptim.c **** 
1452:Drivers/STM32L4xx_HAL_Driver/Src/stm32l4xx_hal_lptim.c ****   /* Load the period value in the autoreload register */
1453:Drivers/STM32L4xx_HAL_Driver/Src/stm32l4xx_hal_lptim.c ****   __HAL_LPTIM_AUTORELOAD_SET(hlptim, Period);
1454:Drivers/STM32L4xx_HAL_Driver/Src/stm32l4xx_hal_lptim.c **** 
1455:Drivers/STM32L4xx_HAL_Driver/Src/stm32l4xx_hal_lptim.c ****   /* Wait for the completion of the write operation to the LPTIM_ARR register */
ARM GAS  /tmp/ccCFMTgI.s 			page 27


1456:Drivers/STM32L4xx_HAL_Driver/Src/stm32l4xx_hal_lptim.c ****   if (LPTIM_WaitForFlag(hlptim, LPTIM_FLAG_ARROK) == HAL_TIMEOUT)
1457:Drivers/STM32L4xx_HAL_Driver/Src/stm32l4xx_hal_lptim.c ****   {
1458:Drivers/STM32L4xx_HAL_Driver/Src/stm32l4xx_hal_lptim.c ****     return HAL_TIMEOUT;
1459:Drivers/STM32L4xx_HAL_Driver/Src/stm32l4xx_hal_lptim.c ****   }
1460:Drivers/STM32L4xx_HAL_Driver/Src/stm32l4xx_hal_lptim.c **** 
1461:Drivers/STM32L4xx_HAL_Driver/Src/stm32l4xx_hal_lptim.c ****   /* Clear flag */
1462:Drivers/STM32L4xx_HAL_Driver/Src/stm32l4xx_hal_lptim.c ****   __HAL_LPTIM_CLEAR_FLAG(hlptim, LPTIM_FLAG_CMPOK);
1463:Drivers/STM32L4xx_HAL_Driver/Src/stm32l4xx_hal_lptim.c **** 
1464:Drivers/STM32L4xx_HAL_Driver/Src/stm32l4xx_hal_lptim.c ****   /* Load the Timeout value in the compare register */
1465:Drivers/STM32L4xx_HAL_Driver/Src/stm32l4xx_hal_lptim.c ****   __HAL_LPTIM_COMPARE_SET(hlptim, Timeout);
1466:Drivers/STM32L4xx_HAL_Driver/Src/stm32l4xx_hal_lptim.c **** 
1467:Drivers/STM32L4xx_HAL_Driver/Src/stm32l4xx_hal_lptim.c ****   /* Wait for the completion of the write operation to the LPTIM_CMP register */
1468:Drivers/STM32L4xx_HAL_Driver/Src/stm32l4xx_hal_lptim.c ****   if (LPTIM_WaitForFlag(hlptim, LPTIM_FLAG_CMPOK) == HAL_TIMEOUT)
1469:Drivers/STM32L4xx_HAL_Driver/Src/stm32l4xx_hal_lptim.c ****   {
1470:Drivers/STM32L4xx_HAL_Driver/Src/stm32l4xx_hal_lptim.c ****     return HAL_TIMEOUT;
1471:Drivers/STM32L4xx_HAL_Driver/Src/stm32l4xx_hal_lptim.c ****   }
1472:Drivers/STM32L4xx_HAL_Driver/Src/stm32l4xx_hal_lptim.c **** 
1473:Drivers/STM32L4xx_HAL_Driver/Src/stm32l4xx_hal_lptim.c ****   /* Start timer in continuous mode */
1474:Drivers/STM32L4xx_HAL_Driver/Src/stm32l4xx_hal_lptim.c ****   __HAL_LPTIM_START_CONTINUOUS(hlptim);
1475:Drivers/STM32L4xx_HAL_Driver/Src/stm32l4xx_hal_lptim.c **** 
1476:Drivers/STM32L4xx_HAL_Driver/Src/stm32l4xx_hal_lptim.c ****   /* Change the LPTIM state */
1477:Drivers/STM32L4xx_HAL_Driver/Src/stm32l4xx_hal_lptim.c ****   hlptim->State = HAL_LPTIM_STATE_READY;
1478:Drivers/STM32L4xx_HAL_Driver/Src/stm32l4xx_hal_lptim.c **** 
1479:Drivers/STM32L4xx_HAL_Driver/Src/stm32l4xx_hal_lptim.c ****   /* Return function status */
1480:Drivers/STM32L4xx_HAL_Driver/Src/stm32l4xx_hal_lptim.c ****   return HAL_OK;
1481:Drivers/STM32L4xx_HAL_Driver/Src/stm32l4xx_hal_lptim.c **** }
1482:Drivers/STM32L4xx_HAL_Driver/Src/stm32l4xx_hal_lptim.c **** 
1483:Drivers/STM32L4xx_HAL_Driver/Src/stm32l4xx_hal_lptim.c **** /**
1484:Drivers/STM32L4xx_HAL_Driver/Src/stm32l4xx_hal_lptim.c ****   * @brief  Stop the Timeout function.
1485:Drivers/STM32L4xx_HAL_Driver/Src/stm32l4xx_hal_lptim.c ****   * @param  hlptim LPTIM handle
1486:Drivers/STM32L4xx_HAL_Driver/Src/stm32l4xx_hal_lptim.c ****   * @retval HAL status
1487:Drivers/STM32L4xx_HAL_Driver/Src/stm32l4xx_hal_lptim.c ****   */
1488:Drivers/STM32L4xx_HAL_Driver/Src/stm32l4xx_hal_lptim.c **** HAL_StatusTypeDef HAL_LPTIM_TimeOut_Stop(LPTIM_HandleTypeDef *hlptim)
1489:Drivers/STM32L4xx_HAL_Driver/Src/stm32l4xx_hal_lptim.c **** {
1490:Drivers/STM32L4xx_HAL_Driver/Src/stm32l4xx_hal_lptim.c ****   /* Check the parameters */
1491:Drivers/STM32L4xx_HAL_Driver/Src/stm32l4xx_hal_lptim.c ****   assert_param(IS_LPTIM_INSTANCE(hlptim->Instance));
1492:Drivers/STM32L4xx_HAL_Driver/Src/stm32l4xx_hal_lptim.c **** 
1493:Drivers/STM32L4xx_HAL_Driver/Src/stm32l4xx_hal_lptim.c ****   /* Set the LPTIM state */
1494:Drivers/STM32L4xx_HAL_Driver/Src/stm32l4xx_hal_lptim.c ****   hlptim->State = HAL_LPTIM_STATE_BUSY;
1495:Drivers/STM32L4xx_HAL_Driver/Src/stm32l4xx_hal_lptim.c **** 
1496:Drivers/STM32L4xx_HAL_Driver/Src/stm32l4xx_hal_lptim.c ****   /* Disable the Peripheral */
1497:Drivers/STM32L4xx_HAL_Driver/Src/stm32l4xx_hal_lptim.c ****   __HAL_LPTIM_DISABLE(hlptim);
1498:Drivers/STM32L4xx_HAL_Driver/Src/stm32l4xx_hal_lptim.c **** 
1499:Drivers/STM32L4xx_HAL_Driver/Src/stm32l4xx_hal_lptim.c ****   if (HAL_LPTIM_GetState(hlptim) == HAL_LPTIM_STATE_TIMEOUT)
1500:Drivers/STM32L4xx_HAL_Driver/Src/stm32l4xx_hal_lptim.c ****   {
1501:Drivers/STM32L4xx_HAL_Driver/Src/stm32l4xx_hal_lptim.c ****     return HAL_TIMEOUT;
1502:Drivers/STM32L4xx_HAL_Driver/Src/stm32l4xx_hal_lptim.c ****   }
1503:Drivers/STM32L4xx_HAL_Driver/Src/stm32l4xx_hal_lptim.c **** 
1504:Drivers/STM32L4xx_HAL_Driver/Src/stm32l4xx_hal_lptim.c ****   /* Reset TIMOUT bit to enable the timeout function */
1505:Drivers/STM32L4xx_HAL_Driver/Src/stm32l4xx_hal_lptim.c ****   hlptim->Instance->CFGR &= ~LPTIM_CFGR_TIMOUT;
1506:Drivers/STM32L4xx_HAL_Driver/Src/stm32l4xx_hal_lptim.c **** 
1507:Drivers/STM32L4xx_HAL_Driver/Src/stm32l4xx_hal_lptim.c ****   /* Change the LPTIM state */
1508:Drivers/STM32L4xx_HAL_Driver/Src/stm32l4xx_hal_lptim.c ****   hlptim->State = HAL_LPTIM_STATE_READY;
1509:Drivers/STM32L4xx_HAL_Driver/Src/stm32l4xx_hal_lptim.c **** 
1510:Drivers/STM32L4xx_HAL_Driver/Src/stm32l4xx_hal_lptim.c ****   /* Return function status */
1511:Drivers/STM32L4xx_HAL_Driver/Src/stm32l4xx_hal_lptim.c ****   return HAL_OK;
1512:Drivers/STM32L4xx_HAL_Driver/Src/stm32l4xx_hal_lptim.c **** }
ARM GAS  /tmp/ccCFMTgI.s 			page 28


1513:Drivers/STM32L4xx_HAL_Driver/Src/stm32l4xx_hal_lptim.c **** 
1514:Drivers/STM32L4xx_HAL_Driver/Src/stm32l4xx_hal_lptim.c **** /**
1515:Drivers/STM32L4xx_HAL_Driver/Src/stm32l4xx_hal_lptim.c ****   * @brief  Start the Timeout function in interrupt mode.
1516:Drivers/STM32L4xx_HAL_Driver/Src/stm32l4xx_hal_lptim.c ****   * @note   The first trigger event will start the timer, any successive
1517:Drivers/STM32L4xx_HAL_Driver/Src/stm32l4xx_hal_lptim.c ****   *         trigger event will reset the counter and the timer restarts.
1518:Drivers/STM32L4xx_HAL_Driver/Src/stm32l4xx_hal_lptim.c ****   * @param  hlptim LPTIM handle
1519:Drivers/STM32L4xx_HAL_Driver/Src/stm32l4xx_hal_lptim.c ****   * @param  Period Specifies the Autoreload value.
1520:Drivers/STM32L4xx_HAL_Driver/Src/stm32l4xx_hal_lptim.c ****   *         This parameter must be a value between 0x0001 and 0xFFFF.
1521:Drivers/STM32L4xx_HAL_Driver/Src/stm32l4xx_hal_lptim.c ****   * @param  Timeout Specifies the TimeOut value to reset the counter.
1522:Drivers/STM32L4xx_HAL_Driver/Src/stm32l4xx_hal_lptim.c ****   *         This parameter must be a value between 0x0000 and 0xFFFF.
1523:Drivers/STM32L4xx_HAL_Driver/Src/stm32l4xx_hal_lptim.c ****   * @retval HAL status
1524:Drivers/STM32L4xx_HAL_Driver/Src/stm32l4xx_hal_lptim.c ****   */
1525:Drivers/STM32L4xx_HAL_Driver/Src/stm32l4xx_hal_lptim.c **** HAL_StatusTypeDef HAL_LPTIM_TimeOut_Start_IT(LPTIM_HandleTypeDef *hlptim, uint32_t Period, uint32_t
1526:Drivers/STM32L4xx_HAL_Driver/Src/stm32l4xx_hal_lptim.c **** {
1527:Drivers/STM32L4xx_HAL_Driver/Src/stm32l4xx_hal_lptim.c ****   /* Check the parameters */
1528:Drivers/STM32L4xx_HAL_Driver/Src/stm32l4xx_hal_lptim.c ****   assert_param(IS_LPTIM_INSTANCE(hlptim->Instance));
1529:Drivers/STM32L4xx_HAL_Driver/Src/stm32l4xx_hal_lptim.c ****   assert_param(IS_LPTIM_PERIOD(Period));
1530:Drivers/STM32L4xx_HAL_Driver/Src/stm32l4xx_hal_lptim.c ****   assert_param(IS_LPTIM_PULSE(Timeout));
1531:Drivers/STM32L4xx_HAL_Driver/Src/stm32l4xx_hal_lptim.c **** 
1532:Drivers/STM32L4xx_HAL_Driver/Src/stm32l4xx_hal_lptim.c ****   /* Set the LPTIM state */
1533:Drivers/STM32L4xx_HAL_Driver/Src/stm32l4xx_hal_lptim.c ****   hlptim->State = HAL_LPTIM_STATE_BUSY;
1534:Drivers/STM32L4xx_HAL_Driver/Src/stm32l4xx_hal_lptim.c **** 
1535:Drivers/STM32L4xx_HAL_Driver/Src/stm32l4xx_hal_lptim.c ****   /* Enable EXTI Line interrupt on the LPTIM Wake-up Timer */
1536:Drivers/STM32L4xx_HAL_Driver/Src/stm32l4xx_hal_lptim.c ****   __HAL_LPTIM_WAKEUPTIMER_EXTI_ENABLE_IT(hlptim->Instance);
1537:Drivers/STM32L4xx_HAL_Driver/Src/stm32l4xx_hal_lptim.c **** 
1538:Drivers/STM32L4xx_HAL_Driver/Src/stm32l4xx_hal_lptim.c ****   /* Set TIMOUT bit to enable the timeout function */
1539:Drivers/STM32L4xx_HAL_Driver/Src/stm32l4xx_hal_lptim.c ****   hlptim->Instance->CFGR |= LPTIM_CFGR_TIMOUT;
1540:Drivers/STM32L4xx_HAL_Driver/Src/stm32l4xx_hal_lptim.c **** 
1541:Drivers/STM32L4xx_HAL_Driver/Src/stm32l4xx_hal_lptim.c ****   /* Enable the Peripheral */
1542:Drivers/STM32L4xx_HAL_Driver/Src/stm32l4xx_hal_lptim.c ****   __HAL_LPTIM_ENABLE(hlptim);
1543:Drivers/STM32L4xx_HAL_Driver/Src/stm32l4xx_hal_lptim.c **** 
1544:Drivers/STM32L4xx_HAL_Driver/Src/stm32l4xx_hal_lptim.c ****   /* Clear flag */
1545:Drivers/STM32L4xx_HAL_Driver/Src/stm32l4xx_hal_lptim.c ****   __HAL_LPTIM_CLEAR_FLAG(hlptim, LPTIM_FLAG_ARROK);
1546:Drivers/STM32L4xx_HAL_Driver/Src/stm32l4xx_hal_lptim.c **** 
1547:Drivers/STM32L4xx_HAL_Driver/Src/stm32l4xx_hal_lptim.c ****   /* Load the period value in the autoreload register */
1548:Drivers/STM32L4xx_HAL_Driver/Src/stm32l4xx_hal_lptim.c ****   __HAL_LPTIM_AUTORELOAD_SET(hlptim, Period);
1549:Drivers/STM32L4xx_HAL_Driver/Src/stm32l4xx_hal_lptim.c **** 
1550:Drivers/STM32L4xx_HAL_Driver/Src/stm32l4xx_hal_lptim.c ****   /* Wait for the completion of the write operation to the LPTIM_ARR register */
1551:Drivers/STM32L4xx_HAL_Driver/Src/stm32l4xx_hal_lptim.c ****   if (LPTIM_WaitForFlag(hlptim, LPTIM_FLAG_ARROK) == HAL_TIMEOUT)
1552:Drivers/STM32L4xx_HAL_Driver/Src/stm32l4xx_hal_lptim.c ****   {
1553:Drivers/STM32L4xx_HAL_Driver/Src/stm32l4xx_hal_lptim.c ****     return HAL_TIMEOUT;
1554:Drivers/STM32L4xx_HAL_Driver/Src/stm32l4xx_hal_lptim.c ****   }
1555:Drivers/STM32L4xx_HAL_Driver/Src/stm32l4xx_hal_lptim.c **** 
1556:Drivers/STM32L4xx_HAL_Driver/Src/stm32l4xx_hal_lptim.c ****   /* Clear flag */
1557:Drivers/STM32L4xx_HAL_Driver/Src/stm32l4xx_hal_lptim.c ****   __HAL_LPTIM_CLEAR_FLAG(hlptim, LPTIM_FLAG_CMPOK);
1558:Drivers/STM32L4xx_HAL_Driver/Src/stm32l4xx_hal_lptim.c **** 
1559:Drivers/STM32L4xx_HAL_Driver/Src/stm32l4xx_hal_lptim.c ****   /* Load the Timeout value in the compare register */
1560:Drivers/STM32L4xx_HAL_Driver/Src/stm32l4xx_hal_lptim.c ****   __HAL_LPTIM_COMPARE_SET(hlptim, Timeout);
1561:Drivers/STM32L4xx_HAL_Driver/Src/stm32l4xx_hal_lptim.c **** 
1562:Drivers/STM32L4xx_HAL_Driver/Src/stm32l4xx_hal_lptim.c ****   /* Wait for the completion of the write operation to the LPTIM_CMP register */
1563:Drivers/STM32L4xx_HAL_Driver/Src/stm32l4xx_hal_lptim.c ****   if (LPTIM_WaitForFlag(hlptim, LPTIM_FLAG_CMPOK) == HAL_TIMEOUT)
1564:Drivers/STM32L4xx_HAL_Driver/Src/stm32l4xx_hal_lptim.c ****   {
1565:Drivers/STM32L4xx_HAL_Driver/Src/stm32l4xx_hal_lptim.c ****     return HAL_TIMEOUT;
1566:Drivers/STM32L4xx_HAL_Driver/Src/stm32l4xx_hal_lptim.c ****   }
1567:Drivers/STM32L4xx_HAL_Driver/Src/stm32l4xx_hal_lptim.c **** 
1568:Drivers/STM32L4xx_HAL_Driver/Src/stm32l4xx_hal_lptim.c ****   /* Disable the Peripheral */
1569:Drivers/STM32L4xx_HAL_Driver/Src/stm32l4xx_hal_lptim.c ****   __HAL_LPTIM_DISABLE(hlptim);
ARM GAS  /tmp/ccCFMTgI.s 			page 29


1570:Drivers/STM32L4xx_HAL_Driver/Src/stm32l4xx_hal_lptim.c **** 
1571:Drivers/STM32L4xx_HAL_Driver/Src/stm32l4xx_hal_lptim.c ****   if (HAL_LPTIM_GetState(hlptim) == HAL_LPTIM_STATE_TIMEOUT)
1572:Drivers/STM32L4xx_HAL_Driver/Src/stm32l4xx_hal_lptim.c ****   {
1573:Drivers/STM32L4xx_HAL_Driver/Src/stm32l4xx_hal_lptim.c ****     return HAL_TIMEOUT;
1574:Drivers/STM32L4xx_HAL_Driver/Src/stm32l4xx_hal_lptim.c ****   }
1575:Drivers/STM32L4xx_HAL_Driver/Src/stm32l4xx_hal_lptim.c **** 
1576:Drivers/STM32L4xx_HAL_Driver/Src/stm32l4xx_hal_lptim.c ****   /* Enable Compare match interrupt */
1577:Drivers/STM32L4xx_HAL_Driver/Src/stm32l4xx_hal_lptim.c ****   __HAL_LPTIM_ENABLE_IT(hlptim, LPTIM_IT_CMPM);
1578:Drivers/STM32L4xx_HAL_Driver/Src/stm32l4xx_hal_lptim.c **** 
1579:Drivers/STM32L4xx_HAL_Driver/Src/stm32l4xx_hal_lptim.c ****   /* Enable the Peripheral */
1580:Drivers/STM32L4xx_HAL_Driver/Src/stm32l4xx_hal_lptim.c ****   __HAL_LPTIM_ENABLE(hlptim);
1581:Drivers/STM32L4xx_HAL_Driver/Src/stm32l4xx_hal_lptim.c **** 
1582:Drivers/STM32L4xx_HAL_Driver/Src/stm32l4xx_hal_lptim.c ****   /* Start timer in continuous mode */
1583:Drivers/STM32L4xx_HAL_Driver/Src/stm32l4xx_hal_lptim.c ****   __HAL_LPTIM_START_CONTINUOUS(hlptim);
1584:Drivers/STM32L4xx_HAL_Driver/Src/stm32l4xx_hal_lptim.c **** 
1585:Drivers/STM32L4xx_HAL_Driver/Src/stm32l4xx_hal_lptim.c ****   /* Change the LPTIM state */
1586:Drivers/STM32L4xx_HAL_Driver/Src/stm32l4xx_hal_lptim.c ****   hlptim->State = HAL_LPTIM_STATE_READY;
1587:Drivers/STM32L4xx_HAL_Driver/Src/stm32l4xx_hal_lptim.c **** 
1588:Drivers/STM32L4xx_HAL_Driver/Src/stm32l4xx_hal_lptim.c ****   /* Return function status */
1589:Drivers/STM32L4xx_HAL_Driver/Src/stm32l4xx_hal_lptim.c ****   return HAL_OK;
1590:Drivers/STM32L4xx_HAL_Driver/Src/stm32l4xx_hal_lptim.c **** }
1591:Drivers/STM32L4xx_HAL_Driver/Src/stm32l4xx_hal_lptim.c **** 
1592:Drivers/STM32L4xx_HAL_Driver/Src/stm32l4xx_hal_lptim.c **** /**
1593:Drivers/STM32L4xx_HAL_Driver/Src/stm32l4xx_hal_lptim.c ****   * @brief  Stop the Timeout function in interrupt mode.
1594:Drivers/STM32L4xx_HAL_Driver/Src/stm32l4xx_hal_lptim.c ****   * @param  hlptim LPTIM handle
1595:Drivers/STM32L4xx_HAL_Driver/Src/stm32l4xx_hal_lptim.c ****   * @retval HAL status
1596:Drivers/STM32L4xx_HAL_Driver/Src/stm32l4xx_hal_lptim.c ****   */
1597:Drivers/STM32L4xx_HAL_Driver/Src/stm32l4xx_hal_lptim.c **** HAL_StatusTypeDef HAL_LPTIM_TimeOut_Stop_IT(LPTIM_HandleTypeDef *hlptim)
1598:Drivers/STM32L4xx_HAL_Driver/Src/stm32l4xx_hal_lptim.c **** {
1599:Drivers/STM32L4xx_HAL_Driver/Src/stm32l4xx_hal_lptim.c ****   /* Check the parameters */
1600:Drivers/STM32L4xx_HAL_Driver/Src/stm32l4xx_hal_lptim.c ****   assert_param(IS_LPTIM_INSTANCE(hlptim->Instance));
1601:Drivers/STM32L4xx_HAL_Driver/Src/stm32l4xx_hal_lptim.c **** 
1602:Drivers/STM32L4xx_HAL_Driver/Src/stm32l4xx_hal_lptim.c **** 
1603:Drivers/STM32L4xx_HAL_Driver/Src/stm32l4xx_hal_lptim.c ****   /* Disable EXTI Line interrupt on the LPTIM Wake-up Timer */
1604:Drivers/STM32L4xx_HAL_Driver/Src/stm32l4xx_hal_lptim.c ****   __HAL_LPTIM_WAKEUPTIMER_EXTI_DISABLE_IT(hlptim->Instance);
1605:Drivers/STM32L4xx_HAL_Driver/Src/stm32l4xx_hal_lptim.c **** 
1606:Drivers/STM32L4xx_HAL_Driver/Src/stm32l4xx_hal_lptim.c ****   /* Set the LPTIM state */
1607:Drivers/STM32L4xx_HAL_Driver/Src/stm32l4xx_hal_lptim.c ****   hlptim->State = HAL_LPTIM_STATE_BUSY;
1608:Drivers/STM32L4xx_HAL_Driver/Src/stm32l4xx_hal_lptim.c **** 
1609:Drivers/STM32L4xx_HAL_Driver/Src/stm32l4xx_hal_lptim.c ****   /* Disable the Peripheral */
1610:Drivers/STM32L4xx_HAL_Driver/Src/stm32l4xx_hal_lptim.c ****   __HAL_LPTIM_DISABLE(hlptim);
1611:Drivers/STM32L4xx_HAL_Driver/Src/stm32l4xx_hal_lptim.c **** 
1612:Drivers/STM32L4xx_HAL_Driver/Src/stm32l4xx_hal_lptim.c ****   if (HAL_LPTIM_GetState(hlptim) == HAL_LPTIM_STATE_TIMEOUT)
1613:Drivers/STM32L4xx_HAL_Driver/Src/stm32l4xx_hal_lptim.c ****   {
1614:Drivers/STM32L4xx_HAL_Driver/Src/stm32l4xx_hal_lptim.c ****     return HAL_TIMEOUT;
1615:Drivers/STM32L4xx_HAL_Driver/Src/stm32l4xx_hal_lptim.c ****   }
1616:Drivers/STM32L4xx_HAL_Driver/Src/stm32l4xx_hal_lptim.c **** 
1617:Drivers/STM32L4xx_HAL_Driver/Src/stm32l4xx_hal_lptim.c ****   /* Reset TIMOUT bit to enable the timeout function */
1618:Drivers/STM32L4xx_HAL_Driver/Src/stm32l4xx_hal_lptim.c ****   hlptim->Instance->CFGR &= ~LPTIM_CFGR_TIMOUT;
1619:Drivers/STM32L4xx_HAL_Driver/Src/stm32l4xx_hal_lptim.c **** 
1620:Drivers/STM32L4xx_HAL_Driver/Src/stm32l4xx_hal_lptim.c ****   /* Disable Compare match interrupt */
1621:Drivers/STM32L4xx_HAL_Driver/Src/stm32l4xx_hal_lptim.c ****   __HAL_LPTIM_DISABLE_IT(hlptim, LPTIM_IT_CMPM);
1622:Drivers/STM32L4xx_HAL_Driver/Src/stm32l4xx_hal_lptim.c **** 
1623:Drivers/STM32L4xx_HAL_Driver/Src/stm32l4xx_hal_lptim.c ****   /* Change the LPTIM state */
1624:Drivers/STM32L4xx_HAL_Driver/Src/stm32l4xx_hal_lptim.c ****   hlptim->State = HAL_LPTIM_STATE_READY;
1625:Drivers/STM32L4xx_HAL_Driver/Src/stm32l4xx_hal_lptim.c **** 
1626:Drivers/STM32L4xx_HAL_Driver/Src/stm32l4xx_hal_lptim.c ****   /* Return function status */
ARM GAS  /tmp/ccCFMTgI.s 			page 30


1627:Drivers/STM32L4xx_HAL_Driver/Src/stm32l4xx_hal_lptim.c ****   return HAL_OK;
1628:Drivers/STM32L4xx_HAL_Driver/Src/stm32l4xx_hal_lptim.c **** }
1629:Drivers/STM32L4xx_HAL_Driver/Src/stm32l4xx_hal_lptim.c **** 
1630:Drivers/STM32L4xx_HAL_Driver/Src/stm32l4xx_hal_lptim.c **** /**
1631:Drivers/STM32L4xx_HAL_Driver/Src/stm32l4xx_hal_lptim.c ****   * @brief  Start the Counter mode.
1632:Drivers/STM32L4xx_HAL_Driver/Src/stm32l4xx_hal_lptim.c ****   * @param  hlptim LPTIM handle
1633:Drivers/STM32L4xx_HAL_Driver/Src/stm32l4xx_hal_lptim.c ****   * @param  Period Specifies the Autoreload value.
1634:Drivers/STM32L4xx_HAL_Driver/Src/stm32l4xx_hal_lptim.c ****   *         This parameter must be a value between 0x0001 and 0xFFFF.
1635:Drivers/STM32L4xx_HAL_Driver/Src/stm32l4xx_hal_lptim.c ****   * @retval HAL status
1636:Drivers/STM32L4xx_HAL_Driver/Src/stm32l4xx_hal_lptim.c ****   */
1637:Drivers/STM32L4xx_HAL_Driver/Src/stm32l4xx_hal_lptim.c **** HAL_StatusTypeDef HAL_LPTIM_Counter_Start(LPTIM_HandleTypeDef *hlptim, uint32_t Period)
1638:Drivers/STM32L4xx_HAL_Driver/Src/stm32l4xx_hal_lptim.c **** {
1639:Drivers/STM32L4xx_HAL_Driver/Src/stm32l4xx_hal_lptim.c ****   /* Check the parameters */
1640:Drivers/STM32L4xx_HAL_Driver/Src/stm32l4xx_hal_lptim.c ****   assert_param(IS_LPTIM_INSTANCE(hlptim->Instance));
1641:Drivers/STM32L4xx_HAL_Driver/Src/stm32l4xx_hal_lptim.c ****   assert_param(IS_LPTIM_PERIOD(Period));
1642:Drivers/STM32L4xx_HAL_Driver/Src/stm32l4xx_hal_lptim.c **** 
1643:Drivers/STM32L4xx_HAL_Driver/Src/stm32l4xx_hal_lptim.c ****   /* Set the LPTIM state */
1644:Drivers/STM32L4xx_HAL_Driver/Src/stm32l4xx_hal_lptim.c ****   hlptim->State = HAL_LPTIM_STATE_BUSY;
1645:Drivers/STM32L4xx_HAL_Driver/Src/stm32l4xx_hal_lptim.c **** 
1646:Drivers/STM32L4xx_HAL_Driver/Src/stm32l4xx_hal_lptim.c ****   /* If clock source is not ULPTIM clock and counter source is external, then it must not be presca
1647:Drivers/STM32L4xx_HAL_Driver/Src/stm32l4xx_hal_lptim.c ****   if ((hlptim->Init.Clock.Source != LPTIM_CLOCKSOURCE_ULPTIM)
1648:Drivers/STM32L4xx_HAL_Driver/Src/stm32l4xx_hal_lptim.c ****       && (hlptim->Init.CounterSource == LPTIM_COUNTERSOURCE_EXTERNAL))
1649:Drivers/STM32L4xx_HAL_Driver/Src/stm32l4xx_hal_lptim.c ****   {
1650:Drivers/STM32L4xx_HAL_Driver/Src/stm32l4xx_hal_lptim.c ****     /* Check if clock is prescaled */
1651:Drivers/STM32L4xx_HAL_Driver/Src/stm32l4xx_hal_lptim.c ****     assert_param(IS_LPTIM_CLOCK_PRESCALERDIV1(hlptim->Init.Clock.Prescaler));
1652:Drivers/STM32L4xx_HAL_Driver/Src/stm32l4xx_hal_lptim.c ****     /* Set clock prescaler to 0 */
1653:Drivers/STM32L4xx_HAL_Driver/Src/stm32l4xx_hal_lptim.c ****     hlptim->Instance->CFGR &= ~LPTIM_CFGR_PRESC;
1654:Drivers/STM32L4xx_HAL_Driver/Src/stm32l4xx_hal_lptim.c ****   }
1655:Drivers/STM32L4xx_HAL_Driver/Src/stm32l4xx_hal_lptim.c **** 
1656:Drivers/STM32L4xx_HAL_Driver/Src/stm32l4xx_hal_lptim.c ****   /* Enable the Peripheral */
1657:Drivers/STM32L4xx_HAL_Driver/Src/stm32l4xx_hal_lptim.c ****   __HAL_LPTIM_ENABLE(hlptim);
1658:Drivers/STM32L4xx_HAL_Driver/Src/stm32l4xx_hal_lptim.c **** 
1659:Drivers/STM32L4xx_HAL_Driver/Src/stm32l4xx_hal_lptim.c ****   /* Clear flag */
1660:Drivers/STM32L4xx_HAL_Driver/Src/stm32l4xx_hal_lptim.c ****   __HAL_LPTIM_CLEAR_FLAG(hlptim, LPTIM_FLAG_ARROK);
1661:Drivers/STM32L4xx_HAL_Driver/Src/stm32l4xx_hal_lptim.c **** 
1662:Drivers/STM32L4xx_HAL_Driver/Src/stm32l4xx_hal_lptim.c ****   /* Load the period value in the autoreload register */
1663:Drivers/STM32L4xx_HAL_Driver/Src/stm32l4xx_hal_lptim.c ****   __HAL_LPTIM_AUTORELOAD_SET(hlptim, Period);
1664:Drivers/STM32L4xx_HAL_Driver/Src/stm32l4xx_hal_lptim.c **** 
1665:Drivers/STM32L4xx_HAL_Driver/Src/stm32l4xx_hal_lptim.c ****   /* Wait for the completion of the write operation to the LPTIM_ARR register */
1666:Drivers/STM32L4xx_HAL_Driver/Src/stm32l4xx_hal_lptim.c ****   if (LPTIM_WaitForFlag(hlptim, LPTIM_FLAG_ARROK) == HAL_TIMEOUT)
1667:Drivers/STM32L4xx_HAL_Driver/Src/stm32l4xx_hal_lptim.c ****   {
1668:Drivers/STM32L4xx_HAL_Driver/Src/stm32l4xx_hal_lptim.c ****     return HAL_TIMEOUT;
1669:Drivers/STM32L4xx_HAL_Driver/Src/stm32l4xx_hal_lptim.c ****   }
1670:Drivers/STM32L4xx_HAL_Driver/Src/stm32l4xx_hal_lptim.c **** 
1671:Drivers/STM32L4xx_HAL_Driver/Src/stm32l4xx_hal_lptim.c ****   /* Start timer in continuous mode */
1672:Drivers/STM32L4xx_HAL_Driver/Src/stm32l4xx_hal_lptim.c ****   __HAL_LPTIM_START_CONTINUOUS(hlptim);
1673:Drivers/STM32L4xx_HAL_Driver/Src/stm32l4xx_hal_lptim.c **** 
1674:Drivers/STM32L4xx_HAL_Driver/Src/stm32l4xx_hal_lptim.c ****   /* Change the LPTIM state */
1675:Drivers/STM32L4xx_HAL_Driver/Src/stm32l4xx_hal_lptim.c ****   hlptim->State = HAL_LPTIM_STATE_READY;
1676:Drivers/STM32L4xx_HAL_Driver/Src/stm32l4xx_hal_lptim.c **** 
1677:Drivers/STM32L4xx_HAL_Driver/Src/stm32l4xx_hal_lptim.c ****   /* Return function status */
1678:Drivers/STM32L4xx_HAL_Driver/Src/stm32l4xx_hal_lptim.c ****   return HAL_OK;
1679:Drivers/STM32L4xx_HAL_Driver/Src/stm32l4xx_hal_lptim.c **** }
1680:Drivers/STM32L4xx_HAL_Driver/Src/stm32l4xx_hal_lptim.c **** 
1681:Drivers/STM32L4xx_HAL_Driver/Src/stm32l4xx_hal_lptim.c **** /**
1682:Drivers/STM32L4xx_HAL_Driver/Src/stm32l4xx_hal_lptim.c ****   * @brief  Stop the Counter mode.
1683:Drivers/STM32L4xx_HAL_Driver/Src/stm32l4xx_hal_lptim.c ****   * @param  hlptim LPTIM handle
ARM GAS  /tmp/ccCFMTgI.s 			page 31


1684:Drivers/STM32L4xx_HAL_Driver/Src/stm32l4xx_hal_lptim.c ****   * @retval HAL status
1685:Drivers/STM32L4xx_HAL_Driver/Src/stm32l4xx_hal_lptim.c ****   */
1686:Drivers/STM32L4xx_HAL_Driver/Src/stm32l4xx_hal_lptim.c **** HAL_StatusTypeDef HAL_LPTIM_Counter_Stop(LPTIM_HandleTypeDef *hlptim)
1687:Drivers/STM32L4xx_HAL_Driver/Src/stm32l4xx_hal_lptim.c **** {
1688:Drivers/STM32L4xx_HAL_Driver/Src/stm32l4xx_hal_lptim.c ****   /* Check the parameters */
1689:Drivers/STM32L4xx_HAL_Driver/Src/stm32l4xx_hal_lptim.c ****   assert_param(IS_LPTIM_INSTANCE(hlptim->Instance));
1690:Drivers/STM32L4xx_HAL_Driver/Src/stm32l4xx_hal_lptim.c **** 
1691:Drivers/STM32L4xx_HAL_Driver/Src/stm32l4xx_hal_lptim.c ****   /* Set the LPTIM state */
1692:Drivers/STM32L4xx_HAL_Driver/Src/stm32l4xx_hal_lptim.c ****   hlptim->State = HAL_LPTIM_STATE_BUSY;
1693:Drivers/STM32L4xx_HAL_Driver/Src/stm32l4xx_hal_lptim.c **** 
1694:Drivers/STM32L4xx_HAL_Driver/Src/stm32l4xx_hal_lptim.c ****   /* Disable the Peripheral */
1695:Drivers/STM32L4xx_HAL_Driver/Src/stm32l4xx_hal_lptim.c ****   __HAL_LPTIM_DISABLE(hlptim);
1696:Drivers/STM32L4xx_HAL_Driver/Src/stm32l4xx_hal_lptim.c **** 
1697:Drivers/STM32L4xx_HAL_Driver/Src/stm32l4xx_hal_lptim.c ****   if (HAL_LPTIM_GetState(hlptim) == HAL_LPTIM_STATE_TIMEOUT)
1698:Drivers/STM32L4xx_HAL_Driver/Src/stm32l4xx_hal_lptim.c ****   {
1699:Drivers/STM32L4xx_HAL_Driver/Src/stm32l4xx_hal_lptim.c ****     return HAL_TIMEOUT;
1700:Drivers/STM32L4xx_HAL_Driver/Src/stm32l4xx_hal_lptim.c ****   }
1701:Drivers/STM32L4xx_HAL_Driver/Src/stm32l4xx_hal_lptim.c **** 
1702:Drivers/STM32L4xx_HAL_Driver/Src/stm32l4xx_hal_lptim.c ****   /* Change the LPTIM state */
1703:Drivers/STM32L4xx_HAL_Driver/Src/stm32l4xx_hal_lptim.c ****   hlptim->State = HAL_LPTIM_STATE_READY;
1704:Drivers/STM32L4xx_HAL_Driver/Src/stm32l4xx_hal_lptim.c **** 
1705:Drivers/STM32L4xx_HAL_Driver/Src/stm32l4xx_hal_lptim.c ****   /* Return function status */
1706:Drivers/STM32L4xx_HAL_Driver/Src/stm32l4xx_hal_lptim.c ****   return HAL_OK;
1707:Drivers/STM32L4xx_HAL_Driver/Src/stm32l4xx_hal_lptim.c **** }
1708:Drivers/STM32L4xx_HAL_Driver/Src/stm32l4xx_hal_lptim.c **** 
1709:Drivers/STM32L4xx_HAL_Driver/Src/stm32l4xx_hal_lptim.c **** /**
1710:Drivers/STM32L4xx_HAL_Driver/Src/stm32l4xx_hal_lptim.c ****   * @brief  Start the Counter mode in interrupt mode.
1711:Drivers/STM32L4xx_HAL_Driver/Src/stm32l4xx_hal_lptim.c ****   * @param  hlptim LPTIM handle
1712:Drivers/STM32L4xx_HAL_Driver/Src/stm32l4xx_hal_lptim.c ****   * @param  Period Specifies the Autoreload value.
1713:Drivers/STM32L4xx_HAL_Driver/Src/stm32l4xx_hal_lptim.c ****   *         This parameter must be a value between 0x0001 and 0xFFFF.
1714:Drivers/STM32L4xx_HAL_Driver/Src/stm32l4xx_hal_lptim.c ****   * @retval HAL status
1715:Drivers/STM32L4xx_HAL_Driver/Src/stm32l4xx_hal_lptim.c ****   */
1716:Drivers/STM32L4xx_HAL_Driver/Src/stm32l4xx_hal_lptim.c **** HAL_StatusTypeDef HAL_LPTIM_Counter_Start_IT(LPTIM_HandleTypeDef *hlptim, uint32_t Period)
1717:Drivers/STM32L4xx_HAL_Driver/Src/stm32l4xx_hal_lptim.c **** {
1718:Drivers/STM32L4xx_HAL_Driver/Src/stm32l4xx_hal_lptim.c ****   /* Check the parameters */
1719:Drivers/STM32L4xx_HAL_Driver/Src/stm32l4xx_hal_lptim.c ****   assert_param(IS_LPTIM_INSTANCE(hlptim->Instance));
1720:Drivers/STM32L4xx_HAL_Driver/Src/stm32l4xx_hal_lptim.c ****   assert_param(IS_LPTIM_PERIOD(Period));
1721:Drivers/STM32L4xx_HAL_Driver/Src/stm32l4xx_hal_lptim.c **** 
1722:Drivers/STM32L4xx_HAL_Driver/Src/stm32l4xx_hal_lptim.c ****   /* Set the LPTIM state */
1723:Drivers/STM32L4xx_HAL_Driver/Src/stm32l4xx_hal_lptim.c ****   hlptim->State = HAL_LPTIM_STATE_BUSY;
1724:Drivers/STM32L4xx_HAL_Driver/Src/stm32l4xx_hal_lptim.c **** 
1725:Drivers/STM32L4xx_HAL_Driver/Src/stm32l4xx_hal_lptim.c ****   /* Enable EXTI Line interrupt on the LPTIM Wake-up Timer */
1726:Drivers/STM32L4xx_HAL_Driver/Src/stm32l4xx_hal_lptim.c ****   __HAL_LPTIM_WAKEUPTIMER_EXTI_ENABLE_IT(hlptim->Instance);
1727:Drivers/STM32L4xx_HAL_Driver/Src/stm32l4xx_hal_lptim.c **** 
1728:Drivers/STM32L4xx_HAL_Driver/Src/stm32l4xx_hal_lptim.c ****   /* If clock source is not ULPTIM clock and counter source is external, then it must not be presca
1729:Drivers/STM32L4xx_HAL_Driver/Src/stm32l4xx_hal_lptim.c ****   if ((hlptim->Init.Clock.Source != LPTIM_CLOCKSOURCE_ULPTIM)
1730:Drivers/STM32L4xx_HAL_Driver/Src/stm32l4xx_hal_lptim.c ****       && (hlptim->Init.CounterSource == LPTIM_COUNTERSOURCE_EXTERNAL))
1731:Drivers/STM32L4xx_HAL_Driver/Src/stm32l4xx_hal_lptim.c ****   {
1732:Drivers/STM32L4xx_HAL_Driver/Src/stm32l4xx_hal_lptim.c ****     /* Check if clock is prescaled */
1733:Drivers/STM32L4xx_HAL_Driver/Src/stm32l4xx_hal_lptim.c ****     assert_param(IS_LPTIM_CLOCK_PRESCALERDIV1(hlptim->Init.Clock.Prescaler));
1734:Drivers/STM32L4xx_HAL_Driver/Src/stm32l4xx_hal_lptim.c ****     /* Set clock prescaler to 0 */
1735:Drivers/STM32L4xx_HAL_Driver/Src/stm32l4xx_hal_lptim.c ****     hlptim->Instance->CFGR &= ~LPTIM_CFGR_PRESC;
1736:Drivers/STM32L4xx_HAL_Driver/Src/stm32l4xx_hal_lptim.c ****   }
1737:Drivers/STM32L4xx_HAL_Driver/Src/stm32l4xx_hal_lptim.c **** 
1738:Drivers/STM32L4xx_HAL_Driver/Src/stm32l4xx_hal_lptim.c ****   /* Enable the Peripheral */
1739:Drivers/STM32L4xx_HAL_Driver/Src/stm32l4xx_hal_lptim.c ****   __HAL_LPTIM_ENABLE(hlptim);
1740:Drivers/STM32L4xx_HAL_Driver/Src/stm32l4xx_hal_lptim.c **** 
ARM GAS  /tmp/ccCFMTgI.s 			page 32


1741:Drivers/STM32L4xx_HAL_Driver/Src/stm32l4xx_hal_lptim.c ****   /* Clear flag */
1742:Drivers/STM32L4xx_HAL_Driver/Src/stm32l4xx_hal_lptim.c ****   __HAL_LPTIM_CLEAR_FLAG(hlptim, LPTIM_FLAG_ARROK);
1743:Drivers/STM32L4xx_HAL_Driver/Src/stm32l4xx_hal_lptim.c **** 
1744:Drivers/STM32L4xx_HAL_Driver/Src/stm32l4xx_hal_lptim.c ****   /* Load the period value in the autoreload register */
1745:Drivers/STM32L4xx_HAL_Driver/Src/stm32l4xx_hal_lptim.c ****   __HAL_LPTIM_AUTORELOAD_SET(hlptim, Period);
1746:Drivers/STM32L4xx_HAL_Driver/Src/stm32l4xx_hal_lptim.c **** 
1747:Drivers/STM32L4xx_HAL_Driver/Src/stm32l4xx_hal_lptim.c ****   /* Wait for the completion of the write operation to the LPTIM_ARR register */
1748:Drivers/STM32L4xx_HAL_Driver/Src/stm32l4xx_hal_lptim.c ****   if (LPTIM_WaitForFlag(hlptim, LPTIM_FLAG_ARROK) == HAL_TIMEOUT)
1749:Drivers/STM32L4xx_HAL_Driver/Src/stm32l4xx_hal_lptim.c ****   {
1750:Drivers/STM32L4xx_HAL_Driver/Src/stm32l4xx_hal_lptim.c ****     return HAL_TIMEOUT;
1751:Drivers/STM32L4xx_HAL_Driver/Src/stm32l4xx_hal_lptim.c ****   }
1752:Drivers/STM32L4xx_HAL_Driver/Src/stm32l4xx_hal_lptim.c **** 
1753:Drivers/STM32L4xx_HAL_Driver/Src/stm32l4xx_hal_lptim.c ****   /* Disable the Peripheral */
1754:Drivers/STM32L4xx_HAL_Driver/Src/stm32l4xx_hal_lptim.c ****   __HAL_LPTIM_DISABLE(hlptim);
1755:Drivers/STM32L4xx_HAL_Driver/Src/stm32l4xx_hal_lptim.c **** 
1756:Drivers/STM32L4xx_HAL_Driver/Src/stm32l4xx_hal_lptim.c ****   if (HAL_LPTIM_GetState(hlptim) == HAL_LPTIM_STATE_TIMEOUT)
1757:Drivers/STM32L4xx_HAL_Driver/Src/stm32l4xx_hal_lptim.c ****   {
1758:Drivers/STM32L4xx_HAL_Driver/Src/stm32l4xx_hal_lptim.c ****     return HAL_TIMEOUT;
1759:Drivers/STM32L4xx_HAL_Driver/Src/stm32l4xx_hal_lptim.c ****   }
1760:Drivers/STM32L4xx_HAL_Driver/Src/stm32l4xx_hal_lptim.c **** 
1761:Drivers/STM32L4xx_HAL_Driver/Src/stm32l4xx_hal_lptim.c ****   /* Enable Autoreload write complete interrupt */
1762:Drivers/STM32L4xx_HAL_Driver/Src/stm32l4xx_hal_lptim.c ****   __HAL_LPTIM_ENABLE_IT(hlptim, LPTIM_IT_ARROK);
1763:Drivers/STM32L4xx_HAL_Driver/Src/stm32l4xx_hal_lptim.c **** 
1764:Drivers/STM32L4xx_HAL_Driver/Src/stm32l4xx_hal_lptim.c ****   /* Enable Autoreload match interrupt */
1765:Drivers/STM32L4xx_HAL_Driver/Src/stm32l4xx_hal_lptim.c ****   __HAL_LPTIM_ENABLE_IT(hlptim, LPTIM_IT_ARRM);
1766:Drivers/STM32L4xx_HAL_Driver/Src/stm32l4xx_hal_lptim.c **** 
1767:Drivers/STM32L4xx_HAL_Driver/Src/stm32l4xx_hal_lptim.c **** #if defined(LPTIM_RCR_REP)
1768:Drivers/STM32L4xx_HAL_Driver/Src/stm32l4xx_hal_lptim.c ****   /* Enable Rep Update Ok interrupt */
1769:Drivers/STM32L4xx_HAL_Driver/Src/stm32l4xx_hal_lptim.c ****   __HAL_LPTIM_ENABLE_IT(hlptim, LPTIM_IT_REPOK);
1770:Drivers/STM32L4xx_HAL_Driver/Src/stm32l4xx_hal_lptim.c **** 
1771:Drivers/STM32L4xx_HAL_Driver/Src/stm32l4xx_hal_lptim.c ****   /* Enable Update Event interrupt */
1772:Drivers/STM32L4xx_HAL_Driver/Src/stm32l4xx_hal_lptim.c ****   __HAL_LPTIM_ENABLE_IT(hlptim, LPTIM_IT_UPDATE);
1773:Drivers/STM32L4xx_HAL_Driver/Src/stm32l4xx_hal_lptim.c **** 
1774:Drivers/STM32L4xx_HAL_Driver/Src/stm32l4xx_hal_lptim.c **** #endif
1775:Drivers/STM32L4xx_HAL_Driver/Src/stm32l4xx_hal_lptim.c ****   /* Enable the Peripheral */
1776:Drivers/STM32L4xx_HAL_Driver/Src/stm32l4xx_hal_lptim.c ****   __HAL_LPTIM_ENABLE(hlptim);
1777:Drivers/STM32L4xx_HAL_Driver/Src/stm32l4xx_hal_lptim.c **** 
1778:Drivers/STM32L4xx_HAL_Driver/Src/stm32l4xx_hal_lptim.c ****   /* Start timer in continuous mode */
1779:Drivers/STM32L4xx_HAL_Driver/Src/stm32l4xx_hal_lptim.c ****   __HAL_LPTIM_START_CONTINUOUS(hlptim);
1780:Drivers/STM32L4xx_HAL_Driver/Src/stm32l4xx_hal_lptim.c **** 
1781:Drivers/STM32L4xx_HAL_Driver/Src/stm32l4xx_hal_lptim.c ****   /* Change the LPTIM state */
1782:Drivers/STM32L4xx_HAL_Driver/Src/stm32l4xx_hal_lptim.c ****   hlptim->State = HAL_LPTIM_STATE_READY;
1783:Drivers/STM32L4xx_HAL_Driver/Src/stm32l4xx_hal_lptim.c **** 
1784:Drivers/STM32L4xx_HAL_Driver/Src/stm32l4xx_hal_lptim.c ****   /* Return function status */
1785:Drivers/STM32L4xx_HAL_Driver/Src/stm32l4xx_hal_lptim.c ****   return HAL_OK;
1786:Drivers/STM32L4xx_HAL_Driver/Src/stm32l4xx_hal_lptim.c **** }
1787:Drivers/STM32L4xx_HAL_Driver/Src/stm32l4xx_hal_lptim.c **** 
1788:Drivers/STM32L4xx_HAL_Driver/Src/stm32l4xx_hal_lptim.c **** /**
1789:Drivers/STM32L4xx_HAL_Driver/Src/stm32l4xx_hal_lptim.c ****   * @brief  Stop the Counter mode in interrupt mode.
1790:Drivers/STM32L4xx_HAL_Driver/Src/stm32l4xx_hal_lptim.c ****   * @param  hlptim LPTIM handle
1791:Drivers/STM32L4xx_HAL_Driver/Src/stm32l4xx_hal_lptim.c ****   * @retval HAL status
1792:Drivers/STM32L4xx_HAL_Driver/Src/stm32l4xx_hal_lptim.c ****   */
1793:Drivers/STM32L4xx_HAL_Driver/Src/stm32l4xx_hal_lptim.c **** HAL_StatusTypeDef HAL_LPTIM_Counter_Stop_IT(LPTIM_HandleTypeDef *hlptim)
1794:Drivers/STM32L4xx_HAL_Driver/Src/stm32l4xx_hal_lptim.c **** {
1795:Drivers/STM32L4xx_HAL_Driver/Src/stm32l4xx_hal_lptim.c ****   /* Check the parameters */
1796:Drivers/STM32L4xx_HAL_Driver/Src/stm32l4xx_hal_lptim.c ****   assert_param(IS_LPTIM_INSTANCE(hlptim->Instance));
1797:Drivers/STM32L4xx_HAL_Driver/Src/stm32l4xx_hal_lptim.c **** 
ARM GAS  /tmp/ccCFMTgI.s 			page 33


1798:Drivers/STM32L4xx_HAL_Driver/Src/stm32l4xx_hal_lptim.c **** 
1799:Drivers/STM32L4xx_HAL_Driver/Src/stm32l4xx_hal_lptim.c ****   /* Disable EXTI Line interrupt on the LPTIM Wake-up Timer */
1800:Drivers/STM32L4xx_HAL_Driver/Src/stm32l4xx_hal_lptim.c ****   __HAL_LPTIM_WAKEUPTIMER_EXTI_DISABLE_IT(hlptim->Instance);
1801:Drivers/STM32L4xx_HAL_Driver/Src/stm32l4xx_hal_lptim.c **** 
1802:Drivers/STM32L4xx_HAL_Driver/Src/stm32l4xx_hal_lptim.c ****   /* Set the LPTIM state */
1803:Drivers/STM32L4xx_HAL_Driver/Src/stm32l4xx_hal_lptim.c ****   hlptim->State = HAL_LPTIM_STATE_BUSY;
1804:Drivers/STM32L4xx_HAL_Driver/Src/stm32l4xx_hal_lptim.c **** 
1805:Drivers/STM32L4xx_HAL_Driver/Src/stm32l4xx_hal_lptim.c ****   /* Disable the Peripheral */
1806:Drivers/STM32L4xx_HAL_Driver/Src/stm32l4xx_hal_lptim.c ****   __HAL_LPTIM_DISABLE(hlptim);
1807:Drivers/STM32L4xx_HAL_Driver/Src/stm32l4xx_hal_lptim.c **** 
1808:Drivers/STM32L4xx_HAL_Driver/Src/stm32l4xx_hal_lptim.c ****   if (HAL_LPTIM_GetState(hlptim) == HAL_LPTIM_STATE_TIMEOUT)
1809:Drivers/STM32L4xx_HAL_Driver/Src/stm32l4xx_hal_lptim.c ****   {
1810:Drivers/STM32L4xx_HAL_Driver/Src/stm32l4xx_hal_lptim.c ****     return HAL_TIMEOUT;
1811:Drivers/STM32L4xx_HAL_Driver/Src/stm32l4xx_hal_lptim.c ****   }
1812:Drivers/STM32L4xx_HAL_Driver/Src/stm32l4xx_hal_lptim.c **** 
1813:Drivers/STM32L4xx_HAL_Driver/Src/stm32l4xx_hal_lptim.c ****   /* Disable Autoreload write complete interrupt */
1814:Drivers/STM32L4xx_HAL_Driver/Src/stm32l4xx_hal_lptim.c ****   __HAL_LPTIM_DISABLE_IT(hlptim, LPTIM_IT_ARROK);
1815:Drivers/STM32L4xx_HAL_Driver/Src/stm32l4xx_hal_lptim.c **** 
1816:Drivers/STM32L4xx_HAL_Driver/Src/stm32l4xx_hal_lptim.c ****   /* Disable Autoreload match interrupt */
1817:Drivers/STM32L4xx_HAL_Driver/Src/stm32l4xx_hal_lptim.c ****   __HAL_LPTIM_DISABLE_IT(hlptim, LPTIM_IT_ARRM);
1818:Drivers/STM32L4xx_HAL_Driver/Src/stm32l4xx_hal_lptim.c **** #if defined(LPTIM_RCR_REP)
1819:Drivers/STM32L4xx_HAL_Driver/Src/stm32l4xx_hal_lptim.c **** 
1820:Drivers/STM32L4xx_HAL_Driver/Src/stm32l4xx_hal_lptim.c ****   /* Disable Rep Update Ok interrupt */
1821:Drivers/STM32L4xx_HAL_Driver/Src/stm32l4xx_hal_lptim.c ****   __HAL_LPTIM_DISABLE_IT(hlptim, LPTIM_IT_REPOK);
1822:Drivers/STM32L4xx_HAL_Driver/Src/stm32l4xx_hal_lptim.c **** 
1823:Drivers/STM32L4xx_HAL_Driver/Src/stm32l4xx_hal_lptim.c ****   /* Disable Update Event interrupt */
1824:Drivers/STM32L4xx_HAL_Driver/Src/stm32l4xx_hal_lptim.c ****   __HAL_LPTIM_DISABLE_IT(hlptim, LPTIM_IT_UPDATE);
1825:Drivers/STM32L4xx_HAL_Driver/Src/stm32l4xx_hal_lptim.c **** #endif
1826:Drivers/STM32L4xx_HAL_Driver/Src/stm32l4xx_hal_lptim.c ****   /* Change the LPTIM state */
1827:Drivers/STM32L4xx_HAL_Driver/Src/stm32l4xx_hal_lptim.c ****   hlptim->State = HAL_LPTIM_STATE_READY;
1828:Drivers/STM32L4xx_HAL_Driver/Src/stm32l4xx_hal_lptim.c **** 
1829:Drivers/STM32L4xx_HAL_Driver/Src/stm32l4xx_hal_lptim.c ****   /* Return function status */
1830:Drivers/STM32L4xx_HAL_Driver/Src/stm32l4xx_hal_lptim.c ****   return HAL_OK;
1831:Drivers/STM32L4xx_HAL_Driver/Src/stm32l4xx_hal_lptim.c **** }
1832:Drivers/STM32L4xx_HAL_Driver/Src/stm32l4xx_hal_lptim.c **** 
1833:Drivers/STM32L4xx_HAL_Driver/Src/stm32l4xx_hal_lptim.c **** /**
1834:Drivers/STM32L4xx_HAL_Driver/Src/stm32l4xx_hal_lptim.c ****   * @}
1835:Drivers/STM32L4xx_HAL_Driver/Src/stm32l4xx_hal_lptim.c ****   */
1836:Drivers/STM32L4xx_HAL_Driver/Src/stm32l4xx_hal_lptim.c **** 
1837:Drivers/STM32L4xx_HAL_Driver/Src/stm32l4xx_hal_lptim.c **** /** @defgroup LPTIM_Exported_Functions_Group3 LPTIM Read operation functions
1838:Drivers/STM32L4xx_HAL_Driver/Src/stm32l4xx_hal_lptim.c ****   *  @brief  Read operation functions.
1839:Drivers/STM32L4xx_HAL_Driver/Src/stm32l4xx_hal_lptim.c ****   *
1840:Drivers/STM32L4xx_HAL_Driver/Src/stm32l4xx_hal_lptim.c **** @verbatim
1841:Drivers/STM32L4xx_HAL_Driver/Src/stm32l4xx_hal_lptim.c ****   ==============================================================================
1842:Drivers/STM32L4xx_HAL_Driver/Src/stm32l4xx_hal_lptim.c ****                   ##### LPTIM Read operation functions #####
1843:Drivers/STM32L4xx_HAL_Driver/Src/stm32l4xx_hal_lptim.c ****   ==============================================================================
1844:Drivers/STM32L4xx_HAL_Driver/Src/stm32l4xx_hal_lptim.c **** [..]  This section provides LPTIM Reading functions.
1845:Drivers/STM32L4xx_HAL_Driver/Src/stm32l4xx_hal_lptim.c ****       (+) Read the counter value.
1846:Drivers/STM32L4xx_HAL_Driver/Src/stm32l4xx_hal_lptim.c ****       (+) Read the period (Auto-reload) value.
1847:Drivers/STM32L4xx_HAL_Driver/Src/stm32l4xx_hal_lptim.c ****       (+) Read the pulse (Compare)value.
1848:Drivers/STM32L4xx_HAL_Driver/Src/stm32l4xx_hal_lptim.c **** @endverbatim
1849:Drivers/STM32L4xx_HAL_Driver/Src/stm32l4xx_hal_lptim.c ****   * @{
1850:Drivers/STM32L4xx_HAL_Driver/Src/stm32l4xx_hal_lptim.c ****   */
1851:Drivers/STM32L4xx_HAL_Driver/Src/stm32l4xx_hal_lptim.c **** 
1852:Drivers/STM32L4xx_HAL_Driver/Src/stm32l4xx_hal_lptim.c **** /**
1853:Drivers/STM32L4xx_HAL_Driver/Src/stm32l4xx_hal_lptim.c ****   * @brief  Return the current counter value.
1854:Drivers/STM32L4xx_HAL_Driver/Src/stm32l4xx_hal_lptim.c ****   * @param  hlptim LPTIM handle
ARM GAS  /tmp/ccCFMTgI.s 			page 34


1855:Drivers/STM32L4xx_HAL_Driver/Src/stm32l4xx_hal_lptim.c ****   * @retval Counter value.
1856:Drivers/STM32L4xx_HAL_Driver/Src/stm32l4xx_hal_lptim.c ****   */
1857:Drivers/STM32L4xx_HAL_Driver/Src/stm32l4xx_hal_lptim.c **** uint32_t HAL_LPTIM_ReadCounter(const LPTIM_HandleTypeDef *hlptim)
1858:Drivers/STM32L4xx_HAL_Driver/Src/stm32l4xx_hal_lptim.c **** {
1859:Drivers/STM32L4xx_HAL_Driver/Src/stm32l4xx_hal_lptim.c ****   /* Check the parameters */
1860:Drivers/STM32L4xx_HAL_Driver/Src/stm32l4xx_hal_lptim.c ****   assert_param(IS_LPTIM_INSTANCE(hlptim->Instance));
1861:Drivers/STM32L4xx_HAL_Driver/Src/stm32l4xx_hal_lptim.c **** 
1862:Drivers/STM32L4xx_HAL_Driver/Src/stm32l4xx_hal_lptim.c ****   return (hlptim->Instance->CNT);
1863:Drivers/STM32L4xx_HAL_Driver/Src/stm32l4xx_hal_lptim.c **** }
1864:Drivers/STM32L4xx_HAL_Driver/Src/stm32l4xx_hal_lptim.c **** 
1865:Drivers/STM32L4xx_HAL_Driver/Src/stm32l4xx_hal_lptim.c **** /**
1866:Drivers/STM32L4xx_HAL_Driver/Src/stm32l4xx_hal_lptim.c ****   * @brief  Return the current Autoreload (Period) value.
1867:Drivers/STM32L4xx_HAL_Driver/Src/stm32l4xx_hal_lptim.c ****   * @param  hlptim LPTIM handle
1868:Drivers/STM32L4xx_HAL_Driver/Src/stm32l4xx_hal_lptim.c ****   * @retval Autoreload value.
1869:Drivers/STM32L4xx_HAL_Driver/Src/stm32l4xx_hal_lptim.c ****   */
1870:Drivers/STM32L4xx_HAL_Driver/Src/stm32l4xx_hal_lptim.c **** uint32_t HAL_LPTIM_ReadAutoReload(const LPTIM_HandleTypeDef *hlptim)
1871:Drivers/STM32L4xx_HAL_Driver/Src/stm32l4xx_hal_lptim.c **** {
1872:Drivers/STM32L4xx_HAL_Driver/Src/stm32l4xx_hal_lptim.c ****   /* Check the parameters */
1873:Drivers/STM32L4xx_HAL_Driver/Src/stm32l4xx_hal_lptim.c ****   assert_param(IS_LPTIM_INSTANCE(hlptim->Instance));
1874:Drivers/STM32L4xx_HAL_Driver/Src/stm32l4xx_hal_lptim.c **** 
1875:Drivers/STM32L4xx_HAL_Driver/Src/stm32l4xx_hal_lptim.c ****   return (hlptim->Instance->ARR);
1876:Drivers/STM32L4xx_HAL_Driver/Src/stm32l4xx_hal_lptim.c **** }
1877:Drivers/STM32L4xx_HAL_Driver/Src/stm32l4xx_hal_lptim.c **** 
1878:Drivers/STM32L4xx_HAL_Driver/Src/stm32l4xx_hal_lptim.c **** /**
1879:Drivers/STM32L4xx_HAL_Driver/Src/stm32l4xx_hal_lptim.c ****   * @brief  Return the current Compare (Pulse) value.
1880:Drivers/STM32L4xx_HAL_Driver/Src/stm32l4xx_hal_lptim.c ****   * @param  hlptim LPTIM handle
1881:Drivers/STM32L4xx_HAL_Driver/Src/stm32l4xx_hal_lptim.c ****   * @retval Compare value.
1882:Drivers/STM32L4xx_HAL_Driver/Src/stm32l4xx_hal_lptim.c ****   */
1883:Drivers/STM32L4xx_HAL_Driver/Src/stm32l4xx_hal_lptim.c **** uint32_t HAL_LPTIM_ReadCompare(const LPTIM_HandleTypeDef *hlptim)
1884:Drivers/STM32L4xx_HAL_Driver/Src/stm32l4xx_hal_lptim.c **** {
1885:Drivers/STM32L4xx_HAL_Driver/Src/stm32l4xx_hal_lptim.c ****   /* Check the parameters */
1886:Drivers/STM32L4xx_HAL_Driver/Src/stm32l4xx_hal_lptim.c ****   assert_param(IS_LPTIM_INSTANCE(hlptim->Instance));
1887:Drivers/STM32L4xx_HAL_Driver/Src/stm32l4xx_hal_lptim.c **** 
1888:Drivers/STM32L4xx_HAL_Driver/Src/stm32l4xx_hal_lptim.c ****   return (hlptim->Instance->CMP);
1889:Drivers/STM32L4xx_HAL_Driver/Src/stm32l4xx_hal_lptim.c **** }
1890:Drivers/STM32L4xx_HAL_Driver/Src/stm32l4xx_hal_lptim.c **** 
1891:Drivers/STM32L4xx_HAL_Driver/Src/stm32l4xx_hal_lptim.c **** /**
1892:Drivers/STM32L4xx_HAL_Driver/Src/stm32l4xx_hal_lptim.c ****   * @}
1893:Drivers/STM32L4xx_HAL_Driver/Src/stm32l4xx_hal_lptim.c ****   */
1894:Drivers/STM32L4xx_HAL_Driver/Src/stm32l4xx_hal_lptim.c **** 
1895:Drivers/STM32L4xx_HAL_Driver/Src/stm32l4xx_hal_lptim.c **** /** @defgroup LPTIM_Exported_Functions_Group4 LPTIM IRQ handler and callbacks
1896:Drivers/STM32L4xx_HAL_Driver/Src/stm32l4xx_hal_lptim.c ****   *  @brief  LPTIM  IRQ handler.
1897:Drivers/STM32L4xx_HAL_Driver/Src/stm32l4xx_hal_lptim.c ****   *
1898:Drivers/STM32L4xx_HAL_Driver/Src/stm32l4xx_hal_lptim.c **** @verbatim
1899:Drivers/STM32L4xx_HAL_Driver/Src/stm32l4xx_hal_lptim.c ****   ==============================================================================
1900:Drivers/STM32L4xx_HAL_Driver/Src/stm32l4xx_hal_lptim.c ****                       ##### LPTIM IRQ handler and callbacks  #####
1901:Drivers/STM32L4xx_HAL_Driver/Src/stm32l4xx_hal_lptim.c ****   ==============================================================================
1902:Drivers/STM32L4xx_HAL_Driver/Src/stm32l4xx_hal_lptim.c **** [..]  This section provides LPTIM IRQ handler and callback functions called within
1903:Drivers/STM32L4xx_HAL_Driver/Src/stm32l4xx_hal_lptim.c ****       the IRQ handler:
1904:Drivers/STM32L4xx_HAL_Driver/Src/stm32l4xx_hal_lptim.c ****    (+) LPTIM interrupt request handler
1905:Drivers/STM32L4xx_HAL_Driver/Src/stm32l4xx_hal_lptim.c ****    (+) Compare match Callback
1906:Drivers/STM32L4xx_HAL_Driver/Src/stm32l4xx_hal_lptim.c ****    (+) Auto-reload match Callback
1907:Drivers/STM32L4xx_HAL_Driver/Src/stm32l4xx_hal_lptim.c ****    (+) External trigger event detection Callback
1908:Drivers/STM32L4xx_HAL_Driver/Src/stm32l4xx_hal_lptim.c ****    (+) Compare register write complete Callback
1909:Drivers/STM32L4xx_HAL_Driver/Src/stm32l4xx_hal_lptim.c ****    (+) Auto-reload register write complete Callback
1910:Drivers/STM32L4xx_HAL_Driver/Src/stm32l4xx_hal_lptim.c ****    (+) Up-counting direction change Callback
1911:Drivers/STM32L4xx_HAL_Driver/Src/stm32l4xx_hal_lptim.c ****    (+) Down-counting direction change Callback
ARM GAS  /tmp/ccCFMTgI.s 			page 35


1912:Drivers/STM32L4xx_HAL_Driver/Src/stm32l4xx_hal_lptim.c **** 
1913:Drivers/STM32L4xx_HAL_Driver/Src/stm32l4xx_hal_lptim.c **** @endverbatim
1914:Drivers/STM32L4xx_HAL_Driver/Src/stm32l4xx_hal_lptim.c ****   * @{
1915:Drivers/STM32L4xx_HAL_Driver/Src/stm32l4xx_hal_lptim.c ****   */
1916:Drivers/STM32L4xx_HAL_Driver/Src/stm32l4xx_hal_lptim.c **** 
1917:Drivers/STM32L4xx_HAL_Driver/Src/stm32l4xx_hal_lptim.c **** /**
1918:Drivers/STM32L4xx_HAL_Driver/Src/stm32l4xx_hal_lptim.c ****   * @brief  Handle LPTIM interrupt request.
1919:Drivers/STM32L4xx_HAL_Driver/Src/stm32l4xx_hal_lptim.c ****   * @param  hlptim LPTIM handle
1920:Drivers/STM32L4xx_HAL_Driver/Src/stm32l4xx_hal_lptim.c ****   * @retval None
1921:Drivers/STM32L4xx_HAL_Driver/Src/stm32l4xx_hal_lptim.c ****   */
1922:Drivers/STM32L4xx_HAL_Driver/Src/stm32l4xx_hal_lptim.c **** void HAL_LPTIM_IRQHandler(LPTIM_HandleTypeDef *hlptim)
1923:Drivers/STM32L4xx_HAL_Driver/Src/stm32l4xx_hal_lptim.c **** {
1924:Drivers/STM32L4xx_HAL_Driver/Src/stm32l4xx_hal_lptim.c ****   /* Compare match interrupt */
1925:Drivers/STM32L4xx_HAL_Driver/Src/stm32l4xx_hal_lptim.c ****   if (__HAL_LPTIM_GET_FLAG(hlptim, LPTIM_FLAG_CMPM) != RESET)
1926:Drivers/STM32L4xx_HAL_Driver/Src/stm32l4xx_hal_lptim.c ****   {
1927:Drivers/STM32L4xx_HAL_Driver/Src/stm32l4xx_hal_lptim.c ****     if (__HAL_LPTIM_GET_IT_SOURCE(hlptim, LPTIM_IT_CMPM) != RESET)
1928:Drivers/STM32L4xx_HAL_Driver/Src/stm32l4xx_hal_lptim.c ****     {
1929:Drivers/STM32L4xx_HAL_Driver/Src/stm32l4xx_hal_lptim.c ****       /* Clear Compare match flag */
1930:Drivers/STM32L4xx_HAL_Driver/Src/stm32l4xx_hal_lptim.c ****       __HAL_LPTIM_CLEAR_FLAG(hlptim, LPTIM_FLAG_CMPM);
1931:Drivers/STM32L4xx_HAL_Driver/Src/stm32l4xx_hal_lptim.c **** 
1932:Drivers/STM32L4xx_HAL_Driver/Src/stm32l4xx_hal_lptim.c ****       /* Compare match Callback */
1933:Drivers/STM32L4xx_HAL_Driver/Src/stm32l4xx_hal_lptim.c **** #if (USE_HAL_LPTIM_REGISTER_CALLBACKS == 1)
1934:Drivers/STM32L4xx_HAL_Driver/Src/stm32l4xx_hal_lptim.c ****       hlptim->CompareMatchCallback(hlptim);
1935:Drivers/STM32L4xx_HAL_Driver/Src/stm32l4xx_hal_lptim.c **** #else
1936:Drivers/STM32L4xx_HAL_Driver/Src/stm32l4xx_hal_lptim.c ****       HAL_LPTIM_CompareMatchCallback(hlptim);
1937:Drivers/STM32L4xx_HAL_Driver/Src/stm32l4xx_hal_lptim.c **** #endif /* USE_HAL_LPTIM_REGISTER_CALLBACKS */
1938:Drivers/STM32L4xx_HAL_Driver/Src/stm32l4xx_hal_lptim.c ****     }
1939:Drivers/STM32L4xx_HAL_Driver/Src/stm32l4xx_hal_lptim.c ****   }
1940:Drivers/STM32L4xx_HAL_Driver/Src/stm32l4xx_hal_lptim.c **** 
1941:Drivers/STM32L4xx_HAL_Driver/Src/stm32l4xx_hal_lptim.c ****   /* Autoreload match interrupt */
1942:Drivers/STM32L4xx_HAL_Driver/Src/stm32l4xx_hal_lptim.c ****   if (__HAL_LPTIM_GET_FLAG(hlptim, LPTIM_FLAG_ARRM) != RESET)
1943:Drivers/STM32L4xx_HAL_Driver/Src/stm32l4xx_hal_lptim.c ****   {
1944:Drivers/STM32L4xx_HAL_Driver/Src/stm32l4xx_hal_lptim.c ****     if (__HAL_LPTIM_GET_IT_SOURCE(hlptim, LPTIM_IT_ARRM) != RESET)
1945:Drivers/STM32L4xx_HAL_Driver/Src/stm32l4xx_hal_lptim.c ****     {
1946:Drivers/STM32L4xx_HAL_Driver/Src/stm32l4xx_hal_lptim.c ****       /* Clear Autoreload match flag */
1947:Drivers/STM32L4xx_HAL_Driver/Src/stm32l4xx_hal_lptim.c ****       __HAL_LPTIM_CLEAR_FLAG(hlptim, LPTIM_FLAG_ARRM);
1948:Drivers/STM32L4xx_HAL_Driver/Src/stm32l4xx_hal_lptim.c **** 
1949:Drivers/STM32L4xx_HAL_Driver/Src/stm32l4xx_hal_lptim.c ****       /* Autoreload match Callback */
1950:Drivers/STM32L4xx_HAL_Driver/Src/stm32l4xx_hal_lptim.c **** #if (USE_HAL_LPTIM_REGISTER_CALLBACKS == 1)
1951:Drivers/STM32L4xx_HAL_Driver/Src/stm32l4xx_hal_lptim.c ****       hlptim->AutoReloadMatchCallback(hlptim);
1952:Drivers/STM32L4xx_HAL_Driver/Src/stm32l4xx_hal_lptim.c **** #else
1953:Drivers/STM32L4xx_HAL_Driver/Src/stm32l4xx_hal_lptim.c ****       HAL_LPTIM_AutoReloadMatchCallback(hlptim);
1954:Drivers/STM32L4xx_HAL_Driver/Src/stm32l4xx_hal_lptim.c **** #endif /* USE_HAL_LPTIM_REGISTER_CALLBACKS */
1955:Drivers/STM32L4xx_HAL_Driver/Src/stm32l4xx_hal_lptim.c ****     }
1956:Drivers/STM32L4xx_HAL_Driver/Src/stm32l4xx_hal_lptim.c ****   }
1957:Drivers/STM32L4xx_HAL_Driver/Src/stm32l4xx_hal_lptim.c **** 
1958:Drivers/STM32L4xx_HAL_Driver/Src/stm32l4xx_hal_lptim.c ****   /* Trigger detected interrupt */
1959:Drivers/STM32L4xx_HAL_Driver/Src/stm32l4xx_hal_lptim.c ****   if (__HAL_LPTIM_GET_FLAG(hlptim, LPTIM_FLAG_EXTTRIG) != RESET)
1960:Drivers/STM32L4xx_HAL_Driver/Src/stm32l4xx_hal_lptim.c ****   {
1961:Drivers/STM32L4xx_HAL_Driver/Src/stm32l4xx_hal_lptim.c ****     if (__HAL_LPTIM_GET_IT_SOURCE(hlptim, LPTIM_IT_EXTTRIG) != RESET)
1962:Drivers/STM32L4xx_HAL_Driver/Src/stm32l4xx_hal_lptim.c ****     {
1963:Drivers/STM32L4xx_HAL_Driver/Src/stm32l4xx_hal_lptim.c ****       /* Clear Trigger detected flag */
1964:Drivers/STM32L4xx_HAL_Driver/Src/stm32l4xx_hal_lptim.c ****       __HAL_LPTIM_CLEAR_FLAG(hlptim, LPTIM_FLAG_EXTTRIG);
1965:Drivers/STM32L4xx_HAL_Driver/Src/stm32l4xx_hal_lptim.c **** 
1966:Drivers/STM32L4xx_HAL_Driver/Src/stm32l4xx_hal_lptim.c ****       /* Trigger detected callback */
1967:Drivers/STM32L4xx_HAL_Driver/Src/stm32l4xx_hal_lptim.c **** #if (USE_HAL_LPTIM_REGISTER_CALLBACKS == 1)
1968:Drivers/STM32L4xx_HAL_Driver/Src/stm32l4xx_hal_lptim.c ****       hlptim->TriggerCallback(hlptim);
ARM GAS  /tmp/ccCFMTgI.s 			page 36


1969:Drivers/STM32L4xx_HAL_Driver/Src/stm32l4xx_hal_lptim.c **** #else
1970:Drivers/STM32L4xx_HAL_Driver/Src/stm32l4xx_hal_lptim.c ****       HAL_LPTIM_TriggerCallback(hlptim);
1971:Drivers/STM32L4xx_HAL_Driver/Src/stm32l4xx_hal_lptim.c **** #endif /* USE_HAL_LPTIM_REGISTER_CALLBACKS */
1972:Drivers/STM32L4xx_HAL_Driver/Src/stm32l4xx_hal_lptim.c ****     }
1973:Drivers/STM32L4xx_HAL_Driver/Src/stm32l4xx_hal_lptim.c ****   }
1974:Drivers/STM32L4xx_HAL_Driver/Src/stm32l4xx_hal_lptim.c **** 
1975:Drivers/STM32L4xx_HAL_Driver/Src/stm32l4xx_hal_lptim.c ****   /* Compare write interrupt */
1976:Drivers/STM32L4xx_HAL_Driver/Src/stm32l4xx_hal_lptim.c ****   if (__HAL_LPTIM_GET_FLAG(hlptim, LPTIM_FLAG_CMPOK) != RESET)
1977:Drivers/STM32L4xx_HAL_Driver/Src/stm32l4xx_hal_lptim.c ****   {
1978:Drivers/STM32L4xx_HAL_Driver/Src/stm32l4xx_hal_lptim.c ****     if (__HAL_LPTIM_GET_IT_SOURCE(hlptim, LPTIM_IT_CMPOK) != RESET)
1979:Drivers/STM32L4xx_HAL_Driver/Src/stm32l4xx_hal_lptim.c ****     {
1980:Drivers/STM32L4xx_HAL_Driver/Src/stm32l4xx_hal_lptim.c ****       /* Clear Compare write flag */
1981:Drivers/STM32L4xx_HAL_Driver/Src/stm32l4xx_hal_lptim.c ****       __HAL_LPTIM_CLEAR_FLAG(hlptim, LPTIM_FLAG_CMPOK);
1982:Drivers/STM32L4xx_HAL_Driver/Src/stm32l4xx_hal_lptim.c **** 
1983:Drivers/STM32L4xx_HAL_Driver/Src/stm32l4xx_hal_lptim.c ****       /* Compare write Callback */
1984:Drivers/STM32L4xx_HAL_Driver/Src/stm32l4xx_hal_lptim.c **** #if (USE_HAL_LPTIM_REGISTER_CALLBACKS == 1)
1985:Drivers/STM32L4xx_HAL_Driver/Src/stm32l4xx_hal_lptim.c ****       hlptim->CompareWriteCallback(hlptim);
1986:Drivers/STM32L4xx_HAL_Driver/Src/stm32l4xx_hal_lptim.c **** #else
1987:Drivers/STM32L4xx_HAL_Driver/Src/stm32l4xx_hal_lptim.c ****       HAL_LPTIM_CompareWriteCallback(hlptim);
1988:Drivers/STM32L4xx_HAL_Driver/Src/stm32l4xx_hal_lptim.c **** #endif /* USE_HAL_LPTIM_REGISTER_CALLBACKS */
1989:Drivers/STM32L4xx_HAL_Driver/Src/stm32l4xx_hal_lptim.c ****     }
1990:Drivers/STM32L4xx_HAL_Driver/Src/stm32l4xx_hal_lptim.c ****   }
1991:Drivers/STM32L4xx_HAL_Driver/Src/stm32l4xx_hal_lptim.c **** 
1992:Drivers/STM32L4xx_HAL_Driver/Src/stm32l4xx_hal_lptim.c ****   /* Autoreload write interrupt */
1993:Drivers/STM32L4xx_HAL_Driver/Src/stm32l4xx_hal_lptim.c ****   if (__HAL_LPTIM_GET_FLAG(hlptim, LPTIM_FLAG_ARROK) != RESET)
1994:Drivers/STM32L4xx_HAL_Driver/Src/stm32l4xx_hal_lptim.c ****   {
1995:Drivers/STM32L4xx_HAL_Driver/Src/stm32l4xx_hal_lptim.c ****     if (__HAL_LPTIM_GET_IT_SOURCE(hlptim, LPTIM_IT_ARROK) != RESET)
1996:Drivers/STM32L4xx_HAL_Driver/Src/stm32l4xx_hal_lptim.c ****     {
1997:Drivers/STM32L4xx_HAL_Driver/Src/stm32l4xx_hal_lptim.c ****       /* Clear Autoreload write flag */
1998:Drivers/STM32L4xx_HAL_Driver/Src/stm32l4xx_hal_lptim.c ****       __HAL_LPTIM_CLEAR_FLAG(hlptim, LPTIM_FLAG_ARROK);
1999:Drivers/STM32L4xx_HAL_Driver/Src/stm32l4xx_hal_lptim.c **** 
2000:Drivers/STM32L4xx_HAL_Driver/Src/stm32l4xx_hal_lptim.c ****       /* Autoreload write Callback */
2001:Drivers/STM32L4xx_HAL_Driver/Src/stm32l4xx_hal_lptim.c **** #if (USE_HAL_LPTIM_REGISTER_CALLBACKS == 1)
2002:Drivers/STM32L4xx_HAL_Driver/Src/stm32l4xx_hal_lptim.c ****       hlptim->AutoReloadWriteCallback(hlptim);
2003:Drivers/STM32L4xx_HAL_Driver/Src/stm32l4xx_hal_lptim.c **** #else
2004:Drivers/STM32L4xx_HAL_Driver/Src/stm32l4xx_hal_lptim.c ****       HAL_LPTIM_AutoReloadWriteCallback(hlptim);
2005:Drivers/STM32L4xx_HAL_Driver/Src/stm32l4xx_hal_lptim.c **** #endif /* USE_HAL_LPTIM_REGISTER_CALLBACKS */
2006:Drivers/STM32L4xx_HAL_Driver/Src/stm32l4xx_hal_lptim.c ****     }
2007:Drivers/STM32L4xx_HAL_Driver/Src/stm32l4xx_hal_lptim.c ****   }
2008:Drivers/STM32L4xx_HAL_Driver/Src/stm32l4xx_hal_lptim.c **** 
2009:Drivers/STM32L4xx_HAL_Driver/Src/stm32l4xx_hal_lptim.c ****   /* Direction counter changed from Down to Up interrupt */
2010:Drivers/STM32L4xx_HAL_Driver/Src/stm32l4xx_hal_lptim.c ****   if (__HAL_LPTIM_GET_FLAG(hlptim, LPTIM_FLAG_UP) != RESET)
2011:Drivers/STM32L4xx_HAL_Driver/Src/stm32l4xx_hal_lptim.c ****   {
2012:Drivers/STM32L4xx_HAL_Driver/Src/stm32l4xx_hal_lptim.c ****     if (__HAL_LPTIM_GET_IT_SOURCE(hlptim, LPTIM_IT_UP) != RESET)
2013:Drivers/STM32L4xx_HAL_Driver/Src/stm32l4xx_hal_lptim.c ****     {
2014:Drivers/STM32L4xx_HAL_Driver/Src/stm32l4xx_hal_lptim.c ****       /* Clear Direction counter changed from Down to Up flag */
2015:Drivers/STM32L4xx_HAL_Driver/Src/stm32l4xx_hal_lptim.c ****       __HAL_LPTIM_CLEAR_FLAG(hlptim, LPTIM_FLAG_UP);
2016:Drivers/STM32L4xx_HAL_Driver/Src/stm32l4xx_hal_lptim.c **** 
2017:Drivers/STM32L4xx_HAL_Driver/Src/stm32l4xx_hal_lptim.c ****       /* Direction counter changed from Down to Up Callback */
2018:Drivers/STM32L4xx_HAL_Driver/Src/stm32l4xx_hal_lptim.c **** #if (USE_HAL_LPTIM_REGISTER_CALLBACKS == 1)
2019:Drivers/STM32L4xx_HAL_Driver/Src/stm32l4xx_hal_lptim.c ****       hlptim->DirectionUpCallback(hlptim);
2020:Drivers/STM32L4xx_HAL_Driver/Src/stm32l4xx_hal_lptim.c **** #else
2021:Drivers/STM32L4xx_HAL_Driver/Src/stm32l4xx_hal_lptim.c ****       HAL_LPTIM_DirectionUpCallback(hlptim);
2022:Drivers/STM32L4xx_HAL_Driver/Src/stm32l4xx_hal_lptim.c **** #endif /* USE_HAL_LPTIM_REGISTER_CALLBACKS */
2023:Drivers/STM32L4xx_HAL_Driver/Src/stm32l4xx_hal_lptim.c ****     }
2024:Drivers/STM32L4xx_HAL_Driver/Src/stm32l4xx_hal_lptim.c ****   }
2025:Drivers/STM32L4xx_HAL_Driver/Src/stm32l4xx_hal_lptim.c **** 
ARM GAS  /tmp/ccCFMTgI.s 			page 37


2026:Drivers/STM32L4xx_HAL_Driver/Src/stm32l4xx_hal_lptim.c ****   /* Direction counter changed from Up to Down interrupt */
2027:Drivers/STM32L4xx_HAL_Driver/Src/stm32l4xx_hal_lptim.c ****   if (__HAL_LPTIM_GET_FLAG(hlptim, LPTIM_FLAG_DOWN) != RESET)
2028:Drivers/STM32L4xx_HAL_Driver/Src/stm32l4xx_hal_lptim.c ****   {
2029:Drivers/STM32L4xx_HAL_Driver/Src/stm32l4xx_hal_lptim.c ****     if (__HAL_LPTIM_GET_IT_SOURCE(hlptim, LPTIM_IT_DOWN) != RESET)
2030:Drivers/STM32L4xx_HAL_Driver/Src/stm32l4xx_hal_lptim.c ****     {
2031:Drivers/STM32L4xx_HAL_Driver/Src/stm32l4xx_hal_lptim.c ****       /* Clear Direction counter changed from Up to Down flag */
2032:Drivers/STM32L4xx_HAL_Driver/Src/stm32l4xx_hal_lptim.c ****       __HAL_LPTIM_CLEAR_FLAG(hlptim, LPTIM_FLAG_DOWN);
2033:Drivers/STM32L4xx_HAL_Driver/Src/stm32l4xx_hal_lptim.c **** 
2034:Drivers/STM32L4xx_HAL_Driver/Src/stm32l4xx_hal_lptim.c ****       /* Direction counter changed from Up to Down Callback */
2035:Drivers/STM32L4xx_HAL_Driver/Src/stm32l4xx_hal_lptim.c **** #if (USE_HAL_LPTIM_REGISTER_CALLBACKS == 1)
2036:Drivers/STM32L4xx_HAL_Driver/Src/stm32l4xx_hal_lptim.c ****       hlptim->DirectionDownCallback(hlptim);
2037:Drivers/STM32L4xx_HAL_Driver/Src/stm32l4xx_hal_lptim.c **** #else
2038:Drivers/STM32L4xx_HAL_Driver/Src/stm32l4xx_hal_lptim.c ****       HAL_LPTIM_DirectionDownCallback(hlptim);
2039:Drivers/STM32L4xx_HAL_Driver/Src/stm32l4xx_hal_lptim.c **** #endif /* USE_HAL_LPTIM_REGISTER_CALLBACKS */
2040:Drivers/STM32L4xx_HAL_Driver/Src/stm32l4xx_hal_lptim.c ****     }
2041:Drivers/STM32L4xx_HAL_Driver/Src/stm32l4xx_hal_lptim.c ****   }
2042:Drivers/STM32L4xx_HAL_Driver/Src/stm32l4xx_hal_lptim.c **** #if defined(LPTIM_RCR_REP)
2043:Drivers/STM32L4xx_HAL_Driver/Src/stm32l4xx_hal_lptim.c **** 
2044:Drivers/STM32L4xx_HAL_Driver/Src/stm32l4xx_hal_lptim.c ****   /* Repetition counter underflowed (or contains zero) and the LPTIM counter
2045:Drivers/STM32L4xx_HAL_Driver/Src/stm32l4xx_hal_lptim.c ****      overflowed */
2046:Drivers/STM32L4xx_HAL_Driver/Src/stm32l4xx_hal_lptim.c ****   if (__HAL_LPTIM_GET_FLAG(hlptim, LPTIM_FLAG_UPDATE) != RESET)
2047:Drivers/STM32L4xx_HAL_Driver/Src/stm32l4xx_hal_lptim.c ****   {
2048:Drivers/STM32L4xx_HAL_Driver/Src/stm32l4xx_hal_lptim.c ****     if (__HAL_LPTIM_GET_IT_SOURCE(hlptim, LPTIM_IT_UPDATE) != RESET)
2049:Drivers/STM32L4xx_HAL_Driver/Src/stm32l4xx_hal_lptim.c ****     {
2050:Drivers/STM32L4xx_HAL_Driver/Src/stm32l4xx_hal_lptim.c ****       /* Clear update event flag */
2051:Drivers/STM32L4xx_HAL_Driver/Src/stm32l4xx_hal_lptim.c ****       __HAL_LPTIM_CLEAR_FLAG(hlptim, LPTIM_FLAG_UPDATE);
2052:Drivers/STM32L4xx_HAL_Driver/Src/stm32l4xx_hal_lptim.c **** 
2053:Drivers/STM32L4xx_HAL_Driver/Src/stm32l4xx_hal_lptim.c ****       /* Update event Callback */
2054:Drivers/STM32L4xx_HAL_Driver/Src/stm32l4xx_hal_lptim.c **** #if (USE_HAL_LPTIM_REGISTER_CALLBACKS == 1)
2055:Drivers/STM32L4xx_HAL_Driver/Src/stm32l4xx_hal_lptim.c ****       hlptim->UpdateEventCallback(hlptim);
2056:Drivers/STM32L4xx_HAL_Driver/Src/stm32l4xx_hal_lptim.c **** #else
2057:Drivers/STM32L4xx_HAL_Driver/Src/stm32l4xx_hal_lptim.c ****       HAL_LPTIM_UpdateEventCallback(hlptim);
2058:Drivers/STM32L4xx_HAL_Driver/Src/stm32l4xx_hal_lptim.c **** #endif /* USE_HAL_LPTIM_REGISTER_CALLBACKS */
2059:Drivers/STM32L4xx_HAL_Driver/Src/stm32l4xx_hal_lptim.c ****     }
2060:Drivers/STM32L4xx_HAL_Driver/Src/stm32l4xx_hal_lptim.c ****   }
2061:Drivers/STM32L4xx_HAL_Driver/Src/stm32l4xx_hal_lptim.c **** 
2062:Drivers/STM32L4xx_HAL_Driver/Src/stm32l4xx_hal_lptim.c ****   /* Successful APB bus write to repetition counter register */
2063:Drivers/STM32L4xx_HAL_Driver/Src/stm32l4xx_hal_lptim.c ****   if (__HAL_LPTIM_GET_FLAG(hlptim, LPTIM_FLAG_REPOK) != RESET)
2064:Drivers/STM32L4xx_HAL_Driver/Src/stm32l4xx_hal_lptim.c ****   {
2065:Drivers/STM32L4xx_HAL_Driver/Src/stm32l4xx_hal_lptim.c ****     if (__HAL_LPTIM_GET_IT_SOURCE(hlptim, LPTIM_IT_REPOK) != RESET)
2066:Drivers/STM32L4xx_HAL_Driver/Src/stm32l4xx_hal_lptim.c ****     {
2067:Drivers/STM32L4xx_HAL_Driver/Src/stm32l4xx_hal_lptim.c ****       /* Clear successful APB bus write to repetition counter flag */
2068:Drivers/STM32L4xx_HAL_Driver/Src/stm32l4xx_hal_lptim.c ****       __HAL_LPTIM_CLEAR_FLAG(hlptim, LPTIM_FLAG_REPOK);
2069:Drivers/STM32L4xx_HAL_Driver/Src/stm32l4xx_hal_lptim.c **** 
2070:Drivers/STM32L4xx_HAL_Driver/Src/stm32l4xx_hal_lptim.c ****       /* Successful APB bus write to repetition counter Callback */
2071:Drivers/STM32L4xx_HAL_Driver/Src/stm32l4xx_hal_lptim.c **** #if (USE_HAL_LPTIM_REGISTER_CALLBACKS == 1)
2072:Drivers/STM32L4xx_HAL_Driver/Src/stm32l4xx_hal_lptim.c ****       hlptim->RepCounterWriteCallback(hlptim);
2073:Drivers/STM32L4xx_HAL_Driver/Src/stm32l4xx_hal_lptim.c **** #else
2074:Drivers/STM32L4xx_HAL_Driver/Src/stm32l4xx_hal_lptim.c ****       HAL_LPTIM_RepCounterWriteCallback(hlptim);
2075:Drivers/STM32L4xx_HAL_Driver/Src/stm32l4xx_hal_lptim.c **** #endif /* USE_HAL_LPTIM_REGISTER_CALLBACKS */
2076:Drivers/STM32L4xx_HAL_Driver/Src/stm32l4xx_hal_lptim.c ****     }
2077:Drivers/STM32L4xx_HAL_Driver/Src/stm32l4xx_hal_lptim.c ****   }
2078:Drivers/STM32L4xx_HAL_Driver/Src/stm32l4xx_hal_lptim.c **** #endif
2079:Drivers/STM32L4xx_HAL_Driver/Src/stm32l4xx_hal_lptim.c **** }
2080:Drivers/STM32L4xx_HAL_Driver/Src/stm32l4xx_hal_lptim.c **** 
2081:Drivers/STM32L4xx_HAL_Driver/Src/stm32l4xx_hal_lptim.c **** /**
2082:Drivers/STM32L4xx_HAL_Driver/Src/stm32l4xx_hal_lptim.c ****   * @brief  Compare match callback in non-blocking mode.
ARM GAS  /tmp/ccCFMTgI.s 			page 38


2083:Drivers/STM32L4xx_HAL_Driver/Src/stm32l4xx_hal_lptim.c ****   * @param  hlptim LPTIM handle
2084:Drivers/STM32L4xx_HAL_Driver/Src/stm32l4xx_hal_lptim.c ****   * @retval None
2085:Drivers/STM32L4xx_HAL_Driver/Src/stm32l4xx_hal_lptim.c ****   */
2086:Drivers/STM32L4xx_HAL_Driver/Src/stm32l4xx_hal_lptim.c **** __weak void HAL_LPTIM_CompareMatchCallback(LPTIM_HandleTypeDef *hlptim)
2087:Drivers/STM32L4xx_HAL_Driver/Src/stm32l4xx_hal_lptim.c **** {
2088:Drivers/STM32L4xx_HAL_Driver/Src/stm32l4xx_hal_lptim.c ****   /* Prevent unused argument(s) compilation warning */
2089:Drivers/STM32L4xx_HAL_Driver/Src/stm32l4xx_hal_lptim.c ****   UNUSED(hlptim);
2090:Drivers/STM32L4xx_HAL_Driver/Src/stm32l4xx_hal_lptim.c **** 
2091:Drivers/STM32L4xx_HAL_Driver/Src/stm32l4xx_hal_lptim.c ****   /* NOTE : This function should not be modified, when the callback is needed,
2092:Drivers/STM32L4xx_HAL_Driver/Src/stm32l4xx_hal_lptim.c ****             the HAL_LPTIM_CompareMatchCallback could be implemented in the user file
2093:Drivers/STM32L4xx_HAL_Driver/Src/stm32l4xx_hal_lptim.c ****    */
2094:Drivers/STM32L4xx_HAL_Driver/Src/stm32l4xx_hal_lptim.c **** }
2095:Drivers/STM32L4xx_HAL_Driver/Src/stm32l4xx_hal_lptim.c **** 
2096:Drivers/STM32L4xx_HAL_Driver/Src/stm32l4xx_hal_lptim.c **** /**
2097:Drivers/STM32L4xx_HAL_Driver/Src/stm32l4xx_hal_lptim.c ****   * @brief  Autoreload match callback in non-blocking mode.
2098:Drivers/STM32L4xx_HAL_Driver/Src/stm32l4xx_hal_lptim.c ****   * @param  hlptim LPTIM handle
2099:Drivers/STM32L4xx_HAL_Driver/Src/stm32l4xx_hal_lptim.c ****   * @retval None
2100:Drivers/STM32L4xx_HAL_Driver/Src/stm32l4xx_hal_lptim.c ****   */
2101:Drivers/STM32L4xx_HAL_Driver/Src/stm32l4xx_hal_lptim.c **** __weak void HAL_LPTIM_AutoReloadMatchCallback(LPTIM_HandleTypeDef *hlptim)
2102:Drivers/STM32L4xx_HAL_Driver/Src/stm32l4xx_hal_lptim.c **** {
2103:Drivers/STM32L4xx_HAL_Driver/Src/stm32l4xx_hal_lptim.c ****   /* Prevent unused argument(s) compilation warning */
2104:Drivers/STM32L4xx_HAL_Driver/Src/stm32l4xx_hal_lptim.c ****   UNUSED(hlptim);
2105:Drivers/STM32L4xx_HAL_Driver/Src/stm32l4xx_hal_lptim.c **** 
2106:Drivers/STM32L4xx_HAL_Driver/Src/stm32l4xx_hal_lptim.c ****   /* NOTE : This function should not be modified, when the callback is needed,
2107:Drivers/STM32L4xx_HAL_Driver/Src/stm32l4xx_hal_lptim.c ****             the HAL_LPTIM_AutoReloadMatchCallback could be implemented in the user file
2108:Drivers/STM32L4xx_HAL_Driver/Src/stm32l4xx_hal_lptim.c ****    */
2109:Drivers/STM32L4xx_HAL_Driver/Src/stm32l4xx_hal_lptim.c **** }
2110:Drivers/STM32L4xx_HAL_Driver/Src/stm32l4xx_hal_lptim.c **** 
2111:Drivers/STM32L4xx_HAL_Driver/Src/stm32l4xx_hal_lptim.c **** /**
2112:Drivers/STM32L4xx_HAL_Driver/Src/stm32l4xx_hal_lptim.c ****   * @brief  Trigger detected callback in non-blocking mode.
2113:Drivers/STM32L4xx_HAL_Driver/Src/stm32l4xx_hal_lptim.c ****   * @param  hlptim LPTIM handle
2114:Drivers/STM32L4xx_HAL_Driver/Src/stm32l4xx_hal_lptim.c ****   * @retval None
2115:Drivers/STM32L4xx_HAL_Driver/Src/stm32l4xx_hal_lptim.c ****   */
2116:Drivers/STM32L4xx_HAL_Driver/Src/stm32l4xx_hal_lptim.c **** __weak void HAL_LPTIM_TriggerCallback(LPTIM_HandleTypeDef *hlptim)
2117:Drivers/STM32L4xx_HAL_Driver/Src/stm32l4xx_hal_lptim.c **** {
2118:Drivers/STM32L4xx_HAL_Driver/Src/stm32l4xx_hal_lptim.c ****   /* Prevent unused argument(s) compilation warning */
2119:Drivers/STM32L4xx_HAL_Driver/Src/stm32l4xx_hal_lptim.c ****   UNUSED(hlptim);
2120:Drivers/STM32L4xx_HAL_Driver/Src/stm32l4xx_hal_lptim.c **** 
2121:Drivers/STM32L4xx_HAL_Driver/Src/stm32l4xx_hal_lptim.c ****   /* NOTE : This function should not be modified, when the callback is needed,
2122:Drivers/STM32L4xx_HAL_Driver/Src/stm32l4xx_hal_lptim.c ****             the HAL_LPTIM_TriggerCallback could be implemented in the user file
2123:Drivers/STM32L4xx_HAL_Driver/Src/stm32l4xx_hal_lptim.c ****    */
2124:Drivers/STM32L4xx_HAL_Driver/Src/stm32l4xx_hal_lptim.c **** }
2125:Drivers/STM32L4xx_HAL_Driver/Src/stm32l4xx_hal_lptim.c **** 
2126:Drivers/STM32L4xx_HAL_Driver/Src/stm32l4xx_hal_lptim.c **** /**
2127:Drivers/STM32L4xx_HAL_Driver/Src/stm32l4xx_hal_lptim.c ****   * @brief  Compare write callback in non-blocking mode.
2128:Drivers/STM32L4xx_HAL_Driver/Src/stm32l4xx_hal_lptim.c ****   * @param  hlptim LPTIM handle
2129:Drivers/STM32L4xx_HAL_Driver/Src/stm32l4xx_hal_lptim.c ****   * @retval None
2130:Drivers/STM32L4xx_HAL_Driver/Src/stm32l4xx_hal_lptim.c ****   */
2131:Drivers/STM32L4xx_HAL_Driver/Src/stm32l4xx_hal_lptim.c **** __weak void HAL_LPTIM_CompareWriteCallback(LPTIM_HandleTypeDef *hlptim)
2132:Drivers/STM32L4xx_HAL_Driver/Src/stm32l4xx_hal_lptim.c **** {
2133:Drivers/STM32L4xx_HAL_Driver/Src/stm32l4xx_hal_lptim.c ****   /* Prevent unused argument(s) compilation warning */
2134:Drivers/STM32L4xx_HAL_Driver/Src/stm32l4xx_hal_lptim.c ****   UNUSED(hlptim);
2135:Drivers/STM32L4xx_HAL_Driver/Src/stm32l4xx_hal_lptim.c **** 
2136:Drivers/STM32L4xx_HAL_Driver/Src/stm32l4xx_hal_lptim.c ****   /* NOTE : This function should not be modified, when the callback is needed,
2137:Drivers/STM32L4xx_HAL_Driver/Src/stm32l4xx_hal_lptim.c ****             the HAL_LPTIM_CompareWriteCallback could be implemented in the user file
2138:Drivers/STM32L4xx_HAL_Driver/Src/stm32l4xx_hal_lptim.c ****    */
2139:Drivers/STM32L4xx_HAL_Driver/Src/stm32l4xx_hal_lptim.c **** }
ARM GAS  /tmp/ccCFMTgI.s 			page 39


2140:Drivers/STM32L4xx_HAL_Driver/Src/stm32l4xx_hal_lptim.c **** 
2141:Drivers/STM32L4xx_HAL_Driver/Src/stm32l4xx_hal_lptim.c **** /**
2142:Drivers/STM32L4xx_HAL_Driver/Src/stm32l4xx_hal_lptim.c ****   * @brief  Autoreload write callback in non-blocking mode.
2143:Drivers/STM32L4xx_HAL_Driver/Src/stm32l4xx_hal_lptim.c ****   * @param  hlptim LPTIM handle
2144:Drivers/STM32L4xx_HAL_Driver/Src/stm32l4xx_hal_lptim.c ****   * @retval None
2145:Drivers/STM32L4xx_HAL_Driver/Src/stm32l4xx_hal_lptim.c ****   */
2146:Drivers/STM32L4xx_HAL_Driver/Src/stm32l4xx_hal_lptim.c **** __weak void HAL_LPTIM_AutoReloadWriteCallback(LPTIM_HandleTypeDef *hlptim)
2147:Drivers/STM32L4xx_HAL_Driver/Src/stm32l4xx_hal_lptim.c **** {
2148:Drivers/STM32L4xx_HAL_Driver/Src/stm32l4xx_hal_lptim.c ****   /* Prevent unused argument(s) compilation warning */
2149:Drivers/STM32L4xx_HAL_Driver/Src/stm32l4xx_hal_lptim.c ****   UNUSED(hlptim);
2150:Drivers/STM32L4xx_HAL_Driver/Src/stm32l4xx_hal_lptim.c **** 
2151:Drivers/STM32L4xx_HAL_Driver/Src/stm32l4xx_hal_lptim.c ****   /* NOTE : This function should not be modified, when the callback is needed,
2152:Drivers/STM32L4xx_HAL_Driver/Src/stm32l4xx_hal_lptim.c ****             the HAL_LPTIM_AutoReloadWriteCallback could be implemented in the user file
2153:Drivers/STM32L4xx_HAL_Driver/Src/stm32l4xx_hal_lptim.c ****    */
2154:Drivers/STM32L4xx_HAL_Driver/Src/stm32l4xx_hal_lptim.c **** }
2155:Drivers/STM32L4xx_HAL_Driver/Src/stm32l4xx_hal_lptim.c **** 
2156:Drivers/STM32L4xx_HAL_Driver/Src/stm32l4xx_hal_lptim.c **** /**
2157:Drivers/STM32L4xx_HAL_Driver/Src/stm32l4xx_hal_lptim.c ****   * @brief  Direction counter changed from Down to Up callback in non-blocking mode.
2158:Drivers/STM32L4xx_HAL_Driver/Src/stm32l4xx_hal_lptim.c ****   * @param  hlptim LPTIM handle
2159:Drivers/STM32L4xx_HAL_Driver/Src/stm32l4xx_hal_lptim.c ****   * @retval None
2160:Drivers/STM32L4xx_HAL_Driver/Src/stm32l4xx_hal_lptim.c ****   */
2161:Drivers/STM32L4xx_HAL_Driver/Src/stm32l4xx_hal_lptim.c **** __weak void HAL_LPTIM_DirectionUpCallback(LPTIM_HandleTypeDef *hlptim)
2162:Drivers/STM32L4xx_HAL_Driver/Src/stm32l4xx_hal_lptim.c **** {
2163:Drivers/STM32L4xx_HAL_Driver/Src/stm32l4xx_hal_lptim.c ****   /* Prevent unused argument(s) compilation warning */
2164:Drivers/STM32L4xx_HAL_Driver/Src/stm32l4xx_hal_lptim.c ****   UNUSED(hlptim);
2165:Drivers/STM32L4xx_HAL_Driver/Src/stm32l4xx_hal_lptim.c **** 
2166:Drivers/STM32L4xx_HAL_Driver/Src/stm32l4xx_hal_lptim.c ****   /* NOTE : This function should not be modified, when the callback is needed,
2167:Drivers/STM32L4xx_HAL_Driver/Src/stm32l4xx_hal_lptim.c ****             the HAL_LPTIM_DirectionUpCallback could be implemented in the user file
2168:Drivers/STM32L4xx_HAL_Driver/Src/stm32l4xx_hal_lptim.c ****    */
2169:Drivers/STM32L4xx_HAL_Driver/Src/stm32l4xx_hal_lptim.c **** }
2170:Drivers/STM32L4xx_HAL_Driver/Src/stm32l4xx_hal_lptim.c **** 
2171:Drivers/STM32L4xx_HAL_Driver/Src/stm32l4xx_hal_lptim.c **** /**
2172:Drivers/STM32L4xx_HAL_Driver/Src/stm32l4xx_hal_lptim.c ****   * @brief  Direction counter changed from Up to Down callback in non-blocking mode.
2173:Drivers/STM32L4xx_HAL_Driver/Src/stm32l4xx_hal_lptim.c ****   * @param  hlptim LPTIM handle
2174:Drivers/STM32L4xx_HAL_Driver/Src/stm32l4xx_hal_lptim.c ****   * @retval None
2175:Drivers/STM32L4xx_HAL_Driver/Src/stm32l4xx_hal_lptim.c ****   */
2176:Drivers/STM32L4xx_HAL_Driver/Src/stm32l4xx_hal_lptim.c **** __weak void HAL_LPTIM_DirectionDownCallback(LPTIM_HandleTypeDef *hlptim)
2177:Drivers/STM32L4xx_HAL_Driver/Src/stm32l4xx_hal_lptim.c **** {
2178:Drivers/STM32L4xx_HAL_Driver/Src/stm32l4xx_hal_lptim.c ****   /* Prevent unused argument(s) compilation warning */
2179:Drivers/STM32L4xx_HAL_Driver/Src/stm32l4xx_hal_lptim.c ****   UNUSED(hlptim);
2180:Drivers/STM32L4xx_HAL_Driver/Src/stm32l4xx_hal_lptim.c **** 
2181:Drivers/STM32L4xx_HAL_Driver/Src/stm32l4xx_hal_lptim.c ****   /* NOTE : This function should not be modified, when the callback is needed,
2182:Drivers/STM32L4xx_HAL_Driver/Src/stm32l4xx_hal_lptim.c ****             the HAL_LPTIM_DirectionDownCallback could be implemented in the user file
2183:Drivers/STM32L4xx_HAL_Driver/Src/stm32l4xx_hal_lptim.c ****    */
2184:Drivers/STM32L4xx_HAL_Driver/Src/stm32l4xx_hal_lptim.c **** }
2185:Drivers/STM32L4xx_HAL_Driver/Src/stm32l4xx_hal_lptim.c **** #if defined(LPTIM_RCR_REP)
2186:Drivers/STM32L4xx_HAL_Driver/Src/stm32l4xx_hal_lptim.c **** 
2187:Drivers/STM32L4xx_HAL_Driver/Src/stm32l4xx_hal_lptim.c **** /**
2188:Drivers/STM32L4xx_HAL_Driver/Src/stm32l4xx_hal_lptim.c ****   * @brief Repetition counter underflowed (or contains zero) and LPTIM counter overflowed callback 
2189:Drivers/STM32L4xx_HAL_Driver/Src/stm32l4xx_hal_lptim.c ****   * @param  hlptim LPTIM handle
2190:Drivers/STM32L4xx_HAL_Driver/Src/stm32l4xx_hal_lptim.c ****   * @retval None
2191:Drivers/STM32L4xx_HAL_Driver/Src/stm32l4xx_hal_lptim.c ****   */
2192:Drivers/STM32L4xx_HAL_Driver/Src/stm32l4xx_hal_lptim.c **** __weak void HAL_LPTIM_UpdateEventCallback(LPTIM_HandleTypeDef *hlptim)
2193:Drivers/STM32L4xx_HAL_Driver/Src/stm32l4xx_hal_lptim.c **** {
2194:Drivers/STM32L4xx_HAL_Driver/Src/stm32l4xx_hal_lptim.c ****   /* Prevent unused argument(s) compilation warning */
2195:Drivers/STM32L4xx_HAL_Driver/Src/stm32l4xx_hal_lptim.c ****   UNUSED(hlptim);
2196:Drivers/STM32L4xx_HAL_Driver/Src/stm32l4xx_hal_lptim.c **** 
ARM GAS  /tmp/ccCFMTgI.s 			page 40


2197:Drivers/STM32L4xx_HAL_Driver/Src/stm32l4xx_hal_lptim.c ****   /* NOTE : This function should not be modified, when the callback is needed,
2198:Drivers/STM32L4xx_HAL_Driver/Src/stm32l4xx_hal_lptim.c ****             the HAL_LPTIM_UpdateEventCallback could be implemented in the user file
2199:Drivers/STM32L4xx_HAL_Driver/Src/stm32l4xx_hal_lptim.c ****    */
2200:Drivers/STM32L4xx_HAL_Driver/Src/stm32l4xx_hal_lptim.c **** }
2201:Drivers/STM32L4xx_HAL_Driver/Src/stm32l4xx_hal_lptim.c **** 
2202:Drivers/STM32L4xx_HAL_Driver/Src/stm32l4xx_hal_lptim.c **** /**
2203:Drivers/STM32L4xx_HAL_Driver/Src/stm32l4xx_hal_lptim.c ****   * @brief  Successful APB bus write to repetition counter register callback in non-blocking mode.
2204:Drivers/STM32L4xx_HAL_Driver/Src/stm32l4xx_hal_lptim.c ****   * @param  hlptim LPTIM handle
2205:Drivers/STM32L4xx_HAL_Driver/Src/stm32l4xx_hal_lptim.c ****   * @retval None
2206:Drivers/STM32L4xx_HAL_Driver/Src/stm32l4xx_hal_lptim.c ****   */
2207:Drivers/STM32L4xx_HAL_Driver/Src/stm32l4xx_hal_lptim.c **** __weak void HAL_LPTIM_RepCounterWriteCallback(LPTIM_HandleTypeDef *hlptim)
2208:Drivers/STM32L4xx_HAL_Driver/Src/stm32l4xx_hal_lptim.c **** {
2209:Drivers/STM32L4xx_HAL_Driver/Src/stm32l4xx_hal_lptim.c ****   /* Prevent unused argument(s) compilation warning */
2210:Drivers/STM32L4xx_HAL_Driver/Src/stm32l4xx_hal_lptim.c ****   UNUSED(hlptim);
2211:Drivers/STM32L4xx_HAL_Driver/Src/stm32l4xx_hal_lptim.c **** 
2212:Drivers/STM32L4xx_HAL_Driver/Src/stm32l4xx_hal_lptim.c ****   /* NOTE : This function should not be modified, when the callback is needed,
2213:Drivers/STM32L4xx_HAL_Driver/Src/stm32l4xx_hal_lptim.c ****             the HAL_LPTIM_RepCounterWriteCallback could be implemented in the user file
2214:Drivers/STM32L4xx_HAL_Driver/Src/stm32l4xx_hal_lptim.c ****    */
2215:Drivers/STM32L4xx_HAL_Driver/Src/stm32l4xx_hal_lptim.c **** }
2216:Drivers/STM32L4xx_HAL_Driver/Src/stm32l4xx_hal_lptim.c **** #endif
2217:Drivers/STM32L4xx_HAL_Driver/Src/stm32l4xx_hal_lptim.c **** 
2218:Drivers/STM32L4xx_HAL_Driver/Src/stm32l4xx_hal_lptim.c **** #if (USE_HAL_LPTIM_REGISTER_CALLBACKS == 1)
2219:Drivers/STM32L4xx_HAL_Driver/Src/stm32l4xx_hal_lptim.c **** /**
2220:Drivers/STM32L4xx_HAL_Driver/Src/stm32l4xx_hal_lptim.c ****   * @brief  Register a User LPTIM callback to be used instead of the weak predefined callback
2221:Drivers/STM32L4xx_HAL_Driver/Src/stm32l4xx_hal_lptim.c ****   * @param hlptim LPTIM handle
2222:Drivers/STM32L4xx_HAL_Driver/Src/stm32l4xx_hal_lptim.c ****   * @param CallbackID ID of the callback to be registered
2223:Drivers/STM32L4xx_HAL_Driver/Src/stm32l4xx_hal_lptim.c ****   *        This parameter can be one of the following values:
2224:Drivers/STM32L4xx_HAL_Driver/Src/stm32l4xx_hal_lptim.c ****   *          @arg @ref HAL_LPTIM_MSPINIT_CB_ID          LPTIM Base Msp Init Callback ID
2225:Drivers/STM32L4xx_HAL_Driver/Src/stm32l4xx_hal_lptim.c ****   *          @arg @ref HAL_LPTIM_MSPDEINIT_CB_ID        LPTIM Base Msp DeInit Callback ID
2226:Drivers/STM32L4xx_HAL_Driver/Src/stm32l4xx_hal_lptim.c ****   *          @arg @ref HAL_LPTIM_COMPARE_MATCH_CB_ID    Compare match Callback ID
2227:Drivers/STM32L4xx_HAL_Driver/Src/stm32l4xx_hal_lptim.c ****   *          @arg @ref HAL_LPTIM_AUTORELOAD_MATCH_CB_ID Auto-reload match Callback ID
2228:Drivers/STM32L4xx_HAL_Driver/Src/stm32l4xx_hal_lptim.c ****   *          @arg @ref HAL_LPTIM_TRIGGER_CB_ID          External trigger event detection Callback I
2229:Drivers/STM32L4xx_HAL_Driver/Src/stm32l4xx_hal_lptim.c ****   *          @arg @ref HAL_LPTIM_COMPARE_WRITE_CB_ID    Compare register write complete Callback ID
2230:Drivers/STM32L4xx_HAL_Driver/Src/stm32l4xx_hal_lptim.c ****   *          @arg @ref HAL_LPTIM_AUTORELOAD_WRITE_CB_ID Auto-reload register write complete Callbac
2231:Drivers/STM32L4xx_HAL_Driver/Src/stm32l4xx_hal_lptim.c ****   *          @arg @ref HAL_LPTIM_DIRECTION_UP_CB_ID     Up-counting direction change Callback ID
2232:Drivers/STM32L4xx_HAL_Driver/Src/stm32l4xx_hal_lptim.c ****   *          @arg @ref HAL_LPTIM_DIRECTION_DOWN_CB_ID   Down-counting direction change Callback ID
2233:Drivers/STM32L4xx_HAL_Driver/Src/stm32l4xx_hal_lptim.c ****   *          @arg @ref HAL_LPTIM_UPDATE_EVENT_CB_ID      Update event detection Callback ID (when a
2234:Drivers/STM32L4xx_HAL_Driver/Src/stm32l4xx_hal_lptim.c ****   *          @arg @ref HAL_LPTIM_REP_COUNTER_WRITE_CB_ID Repetition counter register write complete
2235:Drivers/STM32L4xx_HAL_Driver/Src/stm32l4xx_hal_lptim.c ****   * @param pCallback pointer to the callback function
2236:Drivers/STM32L4xx_HAL_Driver/Src/stm32l4xx_hal_lptim.c ****   * @retval status
2237:Drivers/STM32L4xx_HAL_Driver/Src/stm32l4xx_hal_lptim.c ****   */
2238:Drivers/STM32L4xx_HAL_Driver/Src/stm32l4xx_hal_lptim.c **** HAL_StatusTypeDef HAL_LPTIM_RegisterCallback(LPTIM_HandleTypeDef        *hlptim,
2239:Drivers/STM32L4xx_HAL_Driver/Src/stm32l4xx_hal_lptim.c ****                                              HAL_LPTIM_CallbackIDTypeDef CallbackID,
2240:Drivers/STM32L4xx_HAL_Driver/Src/stm32l4xx_hal_lptim.c ****                                              pLPTIM_CallbackTypeDef      pCallback)
2241:Drivers/STM32L4xx_HAL_Driver/Src/stm32l4xx_hal_lptim.c **** {
2242:Drivers/STM32L4xx_HAL_Driver/Src/stm32l4xx_hal_lptim.c ****   HAL_StatusTypeDef status = HAL_OK;
2243:Drivers/STM32L4xx_HAL_Driver/Src/stm32l4xx_hal_lptim.c **** 
2244:Drivers/STM32L4xx_HAL_Driver/Src/stm32l4xx_hal_lptim.c ****   if (pCallback == NULL)
2245:Drivers/STM32L4xx_HAL_Driver/Src/stm32l4xx_hal_lptim.c ****   {
2246:Drivers/STM32L4xx_HAL_Driver/Src/stm32l4xx_hal_lptim.c ****     return HAL_ERROR;
2247:Drivers/STM32L4xx_HAL_Driver/Src/stm32l4xx_hal_lptim.c ****   }
2248:Drivers/STM32L4xx_HAL_Driver/Src/stm32l4xx_hal_lptim.c **** 
2249:Drivers/STM32L4xx_HAL_Driver/Src/stm32l4xx_hal_lptim.c ****   if (hlptim->State == HAL_LPTIM_STATE_READY)
2250:Drivers/STM32L4xx_HAL_Driver/Src/stm32l4xx_hal_lptim.c ****   {
2251:Drivers/STM32L4xx_HAL_Driver/Src/stm32l4xx_hal_lptim.c ****     switch (CallbackID)
2252:Drivers/STM32L4xx_HAL_Driver/Src/stm32l4xx_hal_lptim.c ****     {
2253:Drivers/STM32L4xx_HAL_Driver/Src/stm32l4xx_hal_lptim.c ****       case HAL_LPTIM_MSPINIT_CB_ID :
ARM GAS  /tmp/ccCFMTgI.s 			page 41


2254:Drivers/STM32L4xx_HAL_Driver/Src/stm32l4xx_hal_lptim.c ****         hlptim->MspInitCallback = pCallback;
2255:Drivers/STM32L4xx_HAL_Driver/Src/stm32l4xx_hal_lptim.c ****         break;
2256:Drivers/STM32L4xx_HAL_Driver/Src/stm32l4xx_hal_lptim.c **** 
2257:Drivers/STM32L4xx_HAL_Driver/Src/stm32l4xx_hal_lptim.c ****       case HAL_LPTIM_MSPDEINIT_CB_ID :
2258:Drivers/STM32L4xx_HAL_Driver/Src/stm32l4xx_hal_lptim.c ****         hlptim->MspDeInitCallback = pCallback;
2259:Drivers/STM32L4xx_HAL_Driver/Src/stm32l4xx_hal_lptim.c ****         break;
2260:Drivers/STM32L4xx_HAL_Driver/Src/stm32l4xx_hal_lptim.c **** 
2261:Drivers/STM32L4xx_HAL_Driver/Src/stm32l4xx_hal_lptim.c ****       case HAL_LPTIM_COMPARE_MATCH_CB_ID :
2262:Drivers/STM32L4xx_HAL_Driver/Src/stm32l4xx_hal_lptim.c ****         hlptim->CompareMatchCallback = pCallback;
2263:Drivers/STM32L4xx_HAL_Driver/Src/stm32l4xx_hal_lptim.c ****         break;
2264:Drivers/STM32L4xx_HAL_Driver/Src/stm32l4xx_hal_lptim.c **** 
2265:Drivers/STM32L4xx_HAL_Driver/Src/stm32l4xx_hal_lptim.c ****       case HAL_LPTIM_AUTORELOAD_MATCH_CB_ID :
2266:Drivers/STM32L4xx_HAL_Driver/Src/stm32l4xx_hal_lptim.c ****         hlptim->AutoReloadMatchCallback = pCallback;
2267:Drivers/STM32L4xx_HAL_Driver/Src/stm32l4xx_hal_lptim.c ****         break;
2268:Drivers/STM32L4xx_HAL_Driver/Src/stm32l4xx_hal_lptim.c **** 
2269:Drivers/STM32L4xx_HAL_Driver/Src/stm32l4xx_hal_lptim.c ****       case HAL_LPTIM_TRIGGER_CB_ID :
2270:Drivers/STM32L4xx_HAL_Driver/Src/stm32l4xx_hal_lptim.c ****         hlptim->TriggerCallback = pCallback;
2271:Drivers/STM32L4xx_HAL_Driver/Src/stm32l4xx_hal_lptim.c ****         break;
2272:Drivers/STM32L4xx_HAL_Driver/Src/stm32l4xx_hal_lptim.c **** 
2273:Drivers/STM32L4xx_HAL_Driver/Src/stm32l4xx_hal_lptim.c ****       case HAL_LPTIM_COMPARE_WRITE_CB_ID :
2274:Drivers/STM32L4xx_HAL_Driver/Src/stm32l4xx_hal_lptim.c ****         hlptim->CompareWriteCallback = pCallback;
2275:Drivers/STM32L4xx_HAL_Driver/Src/stm32l4xx_hal_lptim.c ****         break;
2276:Drivers/STM32L4xx_HAL_Driver/Src/stm32l4xx_hal_lptim.c **** 
2277:Drivers/STM32L4xx_HAL_Driver/Src/stm32l4xx_hal_lptim.c ****       case HAL_LPTIM_AUTORELOAD_WRITE_CB_ID :
2278:Drivers/STM32L4xx_HAL_Driver/Src/stm32l4xx_hal_lptim.c ****         hlptim->AutoReloadWriteCallback = pCallback;
2279:Drivers/STM32L4xx_HAL_Driver/Src/stm32l4xx_hal_lptim.c ****         break;
2280:Drivers/STM32L4xx_HAL_Driver/Src/stm32l4xx_hal_lptim.c **** 
2281:Drivers/STM32L4xx_HAL_Driver/Src/stm32l4xx_hal_lptim.c ****       case HAL_LPTIM_DIRECTION_UP_CB_ID :
2282:Drivers/STM32L4xx_HAL_Driver/Src/stm32l4xx_hal_lptim.c ****         hlptim->DirectionUpCallback = pCallback;
2283:Drivers/STM32L4xx_HAL_Driver/Src/stm32l4xx_hal_lptim.c ****         break;
2284:Drivers/STM32L4xx_HAL_Driver/Src/stm32l4xx_hal_lptim.c **** 
2285:Drivers/STM32L4xx_HAL_Driver/Src/stm32l4xx_hal_lptim.c ****       case HAL_LPTIM_DIRECTION_DOWN_CB_ID :
2286:Drivers/STM32L4xx_HAL_Driver/Src/stm32l4xx_hal_lptim.c ****         hlptim->DirectionDownCallback = pCallback;
2287:Drivers/STM32L4xx_HAL_Driver/Src/stm32l4xx_hal_lptim.c ****         break;
2288:Drivers/STM32L4xx_HAL_Driver/Src/stm32l4xx_hal_lptim.c **** #if defined(LPTIM_RCR_REP)
2289:Drivers/STM32L4xx_HAL_Driver/Src/stm32l4xx_hal_lptim.c **** 
2290:Drivers/STM32L4xx_HAL_Driver/Src/stm32l4xx_hal_lptim.c ****       case HAL_LPTIM_UPDATE_EVENT_CB_ID :
2291:Drivers/STM32L4xx_HAL_Driver/Src/stm32l4xx_hal_lptim.c ****         hlptim->UpdateEventCallback = pCallback;
2292:Drivers/STM32L4xx_HAL_Driver/Src/stm32l4xx_hal_lptim.c ****         break;
2293:Drivers/STM32L4xx_HAL_Driver/Src/stm32l4xx_hal_lptim.c **** 
2294:Drivers/STM32L4xx_HAL_Driver/Src/stm32l4xx_hal_lptim.c ****       case HAL_LPTIM_REP_COUNTER_WRITE_CB_ID :
2295:Drivers/STM32L4xx_HAL_Driver/Src/stm32l4xx_hal_lptim.c ****         hlptim->RepCounterWriteCallback = pCallback;
2296:Drivers/STM32L4xx_HAL_Driver/Src/stm32l4xx_hal_lptim.c ****         break;
2297:Drivers/STM32L4xx_HAL_Driver/Src/stm32l4xx_hal_lptim.c **** #endif
2298:Drivers/STM32L4xx_HAL_Driver/Src/stm32l4xx_hal_lptim.c **** 
2299:Drivers/STM32L4xx_HAL_Driver/Src/stm32l4xx_hal_lptim.c ****       default :
2300:Drivers/STM32L4xx_HAL_Driver/Src/stm32l4xx_hal_lptim.c ****         /* Return error status */
2301:Drivers/STM32L4xx_HAL_Driver/Src/stm32l4xx_hal_lptim.c ****         status =  HAL_ERROR;
2302:Drivers/STM32L4xx_HAL_Driver/Src/stm32l4xx_hal_lptim.c ****         break;
2303:Drivers/STM32L4xx_HAL_Driver/Src/stm32l4xx_hal_lptim.c ****     }
2304:Drivers/STM32L4xx_HAL_Driver/Src/stm32l4xx_hal_lptim.c ****   }
2305:Drivers/STM32L4xx_HAL_Driver/Src/stm32l4xx_hal_lptim.c ****   else if (hlptim->State == HAL_LPTIM_STATE_RESET)
2306:Drivers/STM32L4xx_HAL_Driver/Src/stm32l4xx_hal_lptim.c ****   {
2307:Drivers/STM32L4xx_HAL_Driver/Src/stm32l4xx_hal_lptim.c ****     switch (CallbackID)
2308:Drivers/STM32L4xx_HAL_Driver/Src/stm32l4xx_hal_lptim.c ****     {
2309:Drivers/STM32L4xx_HAL_Driver/Src/stm32l4xx_hal_lptim.c ****       case HAL_LPTIM_MSPINIT_CB_ID :
2310:Drivers/STM32L4xx_HAL_Driver/Src/stm32l4xx_hal_lptim.c ****         hlptim->MspInitCallback = pCallback;
ARM GAS  /tmp/ccCFMTgI.s 			page 42


2311:Drivers/STM32L4xx_HAL_Driver/Src/stm32l4xx_hal_lptim.c ****         break;
2312:Drivers/STM32L4xx_HAL_Driver/Src/stm32l4xx_hal_lptim.c **** 
2313:Drivers/STM32L4xx_HAL_Driver/Src/stm32l4xx_hal_lptim.c ****       case HAL_LPTIM_MSPDEINIT_CB_ID :
2314:Drivers/STM32L4xx_HAL_Driver/Src/stm32l4xx_hal_lptim.c ****         hlptim->MspDeInitCallback = pCallback;
2315:Drivers/STM32L4xx_HAL_Driver/Src/stm32l4xx_hal_lptim.c ****         break;
2316:Drivers/STM32L4xx_HAL_Driver/Src/stm32l4xx_hal_lptim.c **** 
2317:Drivers/STM32L4xx_HAL_Driver/Src/stm32l4xx_hal_lptim.c ****       default :
2318:Drivers/STM32L4xx_HAL_Driver/Src/stm32l4xx_hal_lptim.c ****         /* Return error status */
2319:Drivers/STM32L4xx_HAL_Driver/Src/stm32l4xx_hal_lptim.c ****         status =  HAL_ERROR;
2320:Drivers/STM32L4xx_HAL_Driver/Src/stm32l4xx_hal_lptim.c ****         break;
2321:Drivers/STM32L4xx_HAL_Driver/Src/stm32l4xx_hal_lptim.c ****     }
2322:Drivers/STM32L4xx_HAL_Driver/Src/stm32l4xx_hal_lptim.c ****   }
2323:Drivers/STM32L4xx_HAL_Driver/Src/stm32l4xx_hal_lptim.c ****   else
2324:Drivers/STM32L4xx_HAL_Driver/Src/stm32l4xx_hal_lptim.c ****   {
2325:Drivers/STM32L4xx_HAL_Driver/Src/stm32l4xx_hal_lptim.c ****     /* Return error status */
2326:Drivers/STM32L4xx_HAL_Driver/Src/stm32l4xx_hal_lptim.c ****     status =  HAL_ERROR;
2327:Drivers/STM32L4xx_HAL_Driver/Src/stm32l4xx_hal_lptim.c ****   }
2328:Drivers/STM32L4xx_HAL_Driver/Src/stm32l4xx_hal_lptim.c **** 
2329:Drivers/STM32L4xx_HAL_Driver/Src/stm32l4xx_hal_lptim.c ****   return status;
2330:Drivers/STM32L4xx_HAL_Driver/Src/stm32l4xx_hal_lptim.c **** }
2331:Drivers/STM32L4xx_HAL_Driver/Src/stm32l4xx_hal_lptim.c **** 
2332:Drivers/STM32L4xx_HAL_Driver/Src/stm32l4xx_hal_lptim.c **** /**
2333:Drivers/STM32L4xx_HAL_Driver/Src/stm32l4xx_hal_lptim.c ****   * @brief  Unregister a LPTIM callback
2334:Drivers/STM32L4xx_HAL_Driver/Src/stm32l4xx_hal_lptim.c ****   *         LLPTIM callback is redirected to the weak predefined callback
2335:Drivers/STM32L4xx_HAL_Driver/Src/stm32l4xx_hal_lptim.c ****   * @param hlptim LPTIM handle
2336:Drivers/STM32L4xx_HAL_Driver/Src/stm32l4xx_hal_lptim.c ****   * @param CallbackID ID of the callback to be unregistered
2337:Drivers/STM32L4xx_HAL_Driver/Src/stm32l4xx_hal_lptim.c ****   *        This parameter can be one of the following values:
2338:Drivers/STM32L4xx_HAL_Driver/Src/stm32l4xx_hal_lptim.c ****   *          @arg @ref HAL_LPTIM_MSPINIT_CB_ID          LPTIM Base Msp Init Callback ID
2339:Drivers/STM32L4xx_HAL_Driver/Src/stm32l4xx_hal_lptim.c ****   *          @arg @ref HAL_LPTIM_MSPDEINIT_CB_ID        LPTIM Base Msp DeInit Callback ID
2340:Drivers/STM32L4xx_HAL_Driver/Src/stm32l4xx_hal_lptim.c ****   *          @arg @ref HAL_LPTIM_COMPARE_MATCH_CB_ID    Compare match Callback ID
2341:Drivers/STM32L4xx_HAL_Driver/Src/stm32l4xx_hal_lptim.c ****   *          @arg @ref HAL_LPTIM_AUTORELOAD_MATCH_CB_ID Auto-reload match Callback ID
2342:Drivers/STM32L4xx_HAL_Driver/Src/stm32l4xx_hal_lptim.c ****   *          @arg @ref HAL_LPTIM_TRIGGER_CB_ID          External trigger event detection Callback I
2343:Drivers/STM32L4xx_HAL_Driver/Src/stm32l4xx_hal_lptim.c ****   *          @arg @ref HAL_LPTIM_COMPARE_WRITE_CB_ID    Compare register write complete Callback ID
2344:Drivers/STM32L4xx_HAL_Driver/Src/stm32l4xx_hal_lptim.c ****   *          @arg @ref HAL_LPTIM_AUTORELOAD_WRITE_CB_ID Auto-reload register write complete Callbac
2345:Drivers/STM32L4xx_HAL_Driver/Src/stm32l4xx_hal_lptim.c ****   *          @arg @ref HAL_LPTIM_DIRECTION_UP_CB_ID     Up-counting direction change Callback ID
2346:Drivers/STM32L4xx_HAL_Driver/Src/stm32l4xx_hal_lptim.c ****   *          @arg @ref HAL_LPTIM_DIRECTION_DOWN_CB_ID   Down-counting direction change Callback ID
2347:Drivers/STM32L4xx_HAL_Driver/Src/stm32l4xx_hal_lptim.c ****   *          @arg @ref HAL_LPTIM_UPDATE_EVENT_CB_ID      Update event detection Callback ID (when a
2348:Drivers/STM32L4xx_HAL_Driver/Src/stm32l4xx_hal_lptim.c ****   *          @arg @ref HAL_LPTIM_REP_COUNTER_WRITE_CB_ID Repetition counter register write complete
2349:Drivers/STM32L4xx_HAL_Driver/Src/stm32l4xx_hal_lptim.c ****   * @retval status
2350:Drivers/STM32L4xx_HAL_Driver/Src/stm32l4xx_hal_lptim.c ****   */
2351:Drivers/STM32L4xx_HAL_Driver/Src/stm32l4xx_hal_lptim.c **** HAL_StatusTypeDef HAL_LPTIM_UnRegisterCallback(LPTIM_HandleTypeDef        *hlptim,
2352:Drivers/STM32L4xx_HAL_Driver/Src/stm32l4xx_hal_lptim.c ****                                                HAL_LPTIM_CallbackIDTypeDef CallbackID)
2353:Drivers/STM32L4xx_HAL_Driver/Src/stm32l4xx_hal_lptim.c **** {
2354:Drivers/STM32L4xx_HAL_Driver/Src/stm32l4xx_hal_lptim.c ****   HAL_StatusTypeDef status = HAL_OK;
2355:Drivers/STM32L4xx_HAL_Driver/Src/stm32l4xx_hal_lptim.c **** 
2356:Drivers/STM32L4xx_HAL_Driver/Src/stm32l4xx_hal_lptim.c ****   if (hlptim->State == HAL_LPTIM_STATE_READY)
2357:Drivers/STM32L4xx_HAL_Driver/Src/stm32l4xx_hal_lptim.c ****   {
2358:Drivers/STM32L4xx_HAL_Driver/Src/stm32l4xx_hal_lptim.c ****     switch (CallbackID)
2359:Drivers/STM32L4xx_HAL_Driver/Src/stm32l4xx_hal_lptim.c ****     {
2360:Drivers/STM32L4xx_HAL_Driver/Src/stm32l4xx_hal_lptim.c ****       case HAL_LPTIM_MSPINIT_CB_ID :
2361:Drivers/STM32L4xx_HAL_Driver/Src/stm32l4xx_hal_lptim.c ****         /* Legacy weak MspInit Callback */
2362:Drivers/STM32L4xx_HAL_Driver/Src/stm32l4xx_hal_lptim.c ****         hlptim->MspInitCallback = HAL_LPTIM_MspInit;
2363:Drivers/STM32L4xx_HAL_Driver/Src/stm32l4xx_hal_lptim.c ****         break;
2364:Drivers/STM32L4xx_HAL_Driver/Src/stm32l4xx_hal_lptim.c **** 
2365:Drivers/STM32L4xx_HAL_Driver/Src/stm32l4xx_hal_lptim.c ****       case HAL_LPTIM_MSPDEINIT_CB_ID :
2366:Drivers/STM32L4xx_HAL_Driver/Src/stm32l4xx_hal_lptim.c ****         /* Legacy weak Msp DeInit Callback */
2367:Drivers/STM32L4xx_HAL_Driver/Src/stm32l4xx_hal_lptim.c ****         hlptim->MspDeInitCallback = HAL_LPTIM_MspDeInit;
ARM GAS  /tmp/ccCFMTgI.s 			page 43


2368:Drivers/STM32L4xx_HAL_Driver/Src/stm32l4xx_hal_lptim.c ****         break;
2369:Drivers/STM32L4xx_HAL_Driver/Src/stm32l4xx_hal_lptim.c **** 
2370:Drivers/STM32L4xx_HAL_Driver/Src/stm32l4xx_hal_lptim.c ****       case HAL_LPTIM_COMPARE_MATCH_CB_ID :
2371:Drivers/STM32L4xx_HAL_Driver/Src/stm32l4xx_hal_lptim.c ****         /* Legacy weak Compare match Callback */
2372:Drivers/STM32L4xx_HAL_Driver/Src/stm32l4xx_hal_lptim.c ****         hlptim->CompareMatchCallback = HAL_LPTIM_CompareMatchCallback;
2373:Drivers/STM32L4xx_HAL_Driver/Src/stm32l4xx_hal_lptim.c ****         break;
2374:Drivers/STM32L4xx_HAL_Driver/Src/stm32l4xx_hal_lptim.c **** 
2375:Drivers/STM32L4xx_HAL_Driver/Src/stm32l4xx_hal_lptim.c ****       case HAL_LPTIM_AUTORELOAD_MATCH_CB_ID :
2376:Drivers/STM32L4xx_HAL_Driver/Src/stm32l4xx_hal_lptim.c ****         /* Legacy weak Auto-reload match Callback */
2377:Drivers/STM32L4xx_HAL_Driver/Src/stm32l4xx_hal_lptim.c ****         hlptim->AutoReloadMatchCallback = HAL_LPTIM_AutoReloadMatchCallback;
2378:Drivers/STM32L4xx_HAL_Driver/Src/stm32l4xx_hal_lptim.c ****         break;
2379:Drivers/STM32L4xx_HAL_Driver/Src/stm32l4xx_hal_lptim.c **** 
2380:Drivers/STM32L4xx_HAL_Driver/Src/stm32l4xx_hal_lptim.c ****       case HAL_LPTIM_TRIGGER_CB_ID :
2381:Drivers/STM32L4xx_HAL_Driver/Src/stm32l4xx_hal_lptim.c ****         /* Legacy weak External trigger event detection Callback */
2382:Drivers/STM32L4xx_HAL_Driver/Src/stm32l4xx_hal_lptim.c ****         hlptim->TriggerCallback = HAL_LPTIM_TriggerCallback;
2383:Drivers/STM32L4xx_HAL_Driver/Src/stm32l4xx_hal_lptim.c ****         break;
2384:Drivers/STM32L4xx_HAL_Driver/Src/stm32l4xx_hal_lptim.c **** 
2385:Drivers/STM32L4xx_HAL_Driver/Src/stm32l4xx_hal_lptim.c ****       case HAL_LPTIM_COMPARE_WRITE_CB_ID :
2386:Drivers/STM32L4xx_HAL_Driver/Src/stm32l4xx_hal_lptim.c ****         /* Legacy weak Compare register write complete Callback */
2387:Drivers/STM32L4xx_HAL_Driver/Src/stm32l4xx_hal_lptim.c ****         hlptim->CompareWriteCallback = HAL_LPTIM_CompareWriteCallback;
2388:Drivers/STM32L4xx_HAL_Driver/Src/stm32l4xx_hal_lptim.c ****         break;
2389:Drivers/STM32L4xx_HAL_Driver/Src/stm32l4xx_hal_lptim.c **** 
2390:Drivers/STM32L4xx_HAL_Driver/Src/stm32l4xx_hal_lptim.c ****       case HAL_LPTIM_AUTORELOAD_WRITE_CB_ID :
2391:Drivers/STM32L4xx_HAL_Driver/Src/stm32l4xx_hal_lptim.c ****         /* Legacy weak Auto-reload register write complete Callback */
2392:Drivers/STM32L4xx_HAL_Driver/Src/stm32l4xx_hal_lptim.c ****         hlptim->AutoReloadWriteCallback = HAL_LPTIM_AutoReloadWriteCallback;
2393:Drivers/STM32L4xx_HAL_Driver/Src/stm32l4xx_hal_lptim.c ****         break;
2394:Drivers/STM32L4xx_HAL_Driver/Src/stm32l4xx_hal_lptim.c **** 
2395:Drivers/STM32L4xx_HAL_Driver/Src/stm32l4xx_hal_lptim.c ****       case HAL_LPTIM_DIRECTION_UP_CB_ID :
2396:Drivers/STM32L4xx_HAL_Driver/Src/stm32l4xx_hal_lptim.c ****         /* Legacy weak Up-counting direction change Callback */
2397:Drivers/STM32L4xx_HAL_Driver/Src/stm32l4xx_hal_lptim.c ****         hlptim->DirectionUpCallback = HAL_LPTIM_DirectionUpCallback;
2398:Drivers/STM32L4xx_HAL_Driver/Src/stm32l4xx_hal_lptim.c ****         break;
2399:Drivers/STM32L4xx_HAL_Driver/Src/stm32l4xx_hal_lptim.c **** 
2400:Drivers/STM32L4xx_HAL_Driver/Src/stm32l4xx_hal_lptim.c ****       case HAL_LPTIM_DIRECTION_DOWN_CB_ID :
2401:Drivers/STM32L4xx_HAL_Driver/Src/stm32l4xx_hal_lptim.c ****         /* Legacy weak Down-counting direction change Callback */
2402:Drivers/STM32L4xx_HAL_Driver/Src/stm32l4xx_hal_lptim.c ****         hlptim->DirectionDownCallback = HAL_LPTIM_DirectionDownCallback;
2403:Drivers/STM32L4xx_HAL_Driver/Src/stm32l4xx_hal_lptim.c ****         break;
2404:Drivers/STM32L4xx_HAL_Driver/Src/stm32l4xx_hal_lptim.c **** #if defined(LPTIM_RCR_REP)
2405:Drivers/STM32L4xx_HAL_Driver/Src/stm32l4xx_hal_lptim.c **** 
2406:Drivers/STM32L4xx_HAL_Driver/Src/stm32l4xx_hal_lptim.c ****       case HAL_LPTIM_UPDATE_EVENT_CB_ID :
2407:Drivers/STM32L4xx_HAL_Driver/Src/stm32l4xx_hal_lptim.c ****         /* Legacy weak Update event detection Callback */
2408:Drivers/STM32L4xx_HAL_Driver/Src/stm32l4xx_hal_lptim.c ****         hlptim->UpdateEventCallback = HAL_LPTIM_UpdateEventCallback;
2409:Drivers/STM32L4xx_HAL_Driver/Src/stm32l4xx_hal_lptim.c ****         break;
2410:Drivers/STM32L4xx_HAL_Driver/Src/stm32l4xx_hal_lptim.c **** 
2411:Drivers/STM32L4xx_HAL_Driver/Src/stm32l4xx_hal_lptim.c ****       case HAL_LPTIM_REP_COUNTER_WRITE_CB_ID :
2412:Drivers/STM32L4xx_HAL_Driver/Src/stm32l4xx_hal_lptim.c ****         /* Legacy weak Repetition counter register write complete Callback */
2413:Drivers/STM32L4xx_HAL_Driver/Src/stm32l4xx_hal_lptim.c ****         hlptim->RepCounterWriteCallback = HAL_LPTIM_RepCounterWriteCallback;
2414:Drivers/STM32L4xx_HAL_Driver/Src/stm32l4xx_hal_lptim.c ****         break;
2415:Drivers/STM32L4xx_HAL_Driver/Src/stm32l4xx_hal_lptim.c **** #endif
2416:Drivers/STM32L4xx_HAL_Driver/Src/stm32l4xx_hal_lptim.c **** 
2417:Drivers/STM32L4xx_HAL_Driver/Src/stm32l4xx_hal_lptim.c ****       default :
2418:Drivers/STM32L4xx_HAL_Driver/Src/stm32l4xx_hal_lptim.c ****         /* Return error status */
2419:Drivers/STM32L4xx_HAL_Driver/Src/stm32l4xx_hal_lptim.c ****         status =  HAL_ERROR;
2420:Drivers/STM32L4xx_HAL_Driver/Src/stm32l4xx_hal_lptim.c ****         break;
2421:Drivers/STM32L4xx_HAL_Driver/Src/stm32l4xx_hal_lptim.c ****     }
2422:Drivers/STM32L4xx_HAL_Driver/Src/stm32l4xx_hal_lptim.c ****   }
2423:Drivers/STM32L4xx_HAL_Driver/Src/stm32l4xx_hal_lptim.c ****   else if (hlptim->State == HAL_LPTIM_STATE_RESET)
2424:Drivers/STM32L4xx_HAL_Driver/Src/stm32l4xx_hal_lptim.c ****   {
ARM GAS  /tmp/ccCFMTgI.s 			page 44


2425:Drivers/STM32L4xx_HAL_Driver/Src/stm32l4xx_hal_lptim.c ****     switch (CallbackID)
2426:Drivers/STM32L4xx_HAL_Driver/Src/stm32l4xx_hal_lptim.c ****     {
2427:Drivers/STM32L4xx_HAL_Driver/Src/stm32l4xx_hal_lptim.c ****       case HAL_LPTIM_MSPINIT_CB_ID :
2428:Drivers/STM32L4xx_HAL_Driver/Src/stm32l4xx_hal_lptim.c ****         /* Legacy weak MspInit Callback */
2429:Drivers/STM32L4xx_HAL_Driver/Src/stm32l4xx_hal_lptim.c ****         hlptim->MspInitCallback = HAL_LPTIM_MspInit;
2430:Drivers/STM32L4xx_HAL_Driver/Src/stm32l4xx_hal_lptim.c ****         break;
2431:Drivers/STM32L4xx_HAL_Driver/Src/stm32l4xx_hal_lptim.c **** 
2432:Drivers/STM32L4xx_HAL_Driver/Src/stm32l4xx_hal_lptim.c ****       case HAL_LPTIM_MSPDEINIT_CB_ID :
2433:Drivers/STM32L4xx_HAL_Driver/Src/stm32l4xx_hal_lptim.c ****         /* Legacy weak Msp DeInit Callback */
2434:Drivers/STM32L4xx_HAL_Driver/Src/stm32l4xx_hal_lptim.c ****         hlptim->MspDeInitCallback = HAL_LPTIM_MspDeInit;
2435:Drivers/STM32L4xx_HAL_Driver/Src/stm32l4xx_hal_lptim.c ****         break;
2436:Drivers/STM32L4xx_HAL_Driver/Src/stm32l4xx_hal_lptim.c **** 
2437:Drivers/STM32L4xx_HAL_Driver/Src/stm32l4xx_hal_lptim.c ****       default :
2438:Drivers/STM32L4xx_HAL_Driver/Src/stm32l4xx_hal_lptim.c ****         /* Return error status */
2439:Drivers/STM32L4xx_HAL_Driver/Src/stm32l4xx_hal_lptim.c ****         status =  HAL_ERROR;
2440:Drivers/STM32L4xx_HAL_Driver/Src/stm32l4xx_hal_lptim.c ****         break;
2441:Drivers/STM32L4xx_HAL_Driver/Src/stm32l4xx_hal_lptim.c ****     }
2442:Drivers/STM32L4xx_HAL_Driver/Src/stm32l4xx_hal_lptim.c ****   }
2443:Drivers/STM32L4xx_HAL_Driver/Src/stm32l4xx_hal_lptim.c ****   else
2444:Drivers/STM32L4xx_HAL_Driver/Src/stm32l4xx_hal_lptim.c ****   {
2445:Drivers/STM32L4xx_HAL_Driver/Src/stm32l4xx_hal_lptim.c ****     /* Return error status */
2446:Drivers/STM32L4xx_HAL_Driver/Src/stm32l4xx_hal_lptim.c ****     status =  HAL_ERROR;
2447:Drivers/STM32L4xx_HAL_Driver/Src/stm32l4xx_hal_lptim.c ****   }
2448:Drivers/STM32L4xx_HAL_Driver/Src/stm32l4xx_hal_lptim.c **** 
2449:Drivers/STM32L4xx_HAL_Driver/Src/stm32l4xx_hal_lptim.c ****   return status;
2450:Drivers/STM32L4xx_HAL_Driver/Src/stm32l4xx_hal_lptim.c **** }
2451:Drivers/STM32L4xx_HAL_Driver/Src/stm32l4xx_hal_lptim.c **** #endif /* USE_HAL_LPTIM_REGISTER_CALLBACKS */
2452:Drivers/STM32L4xx_HAL_Driver/Src/stm32l4xx_hal_lptim.c **** 
2453:Drivers/STM32L4xx_HAL_Driver/Src/stm32l4xx_hal_lptim.c **** /**
2454:Drivers/STM32L4xx_HAL_Driver/Src/stm32l4xx_hal_lptim.c ****   * @}
2455:Drivers/STM32L4xx_HAL_Driver/Src/stm32l4xx_hal_lptim.c ****   */
2456:Drivers/STM32L4xx_HAL_Driver/Src/stm32l4xx_hal_lptim.c **** 
2457:Drivers/STM32L4xx_HAL_Driver/Src/stm32l4xx_hal_lptim.c **** /** @defgroup LPTIM_Group5 Peripheral State functions
2458:Drivers/STM32L4xx_HAL_Driver/Src/stm32l4xx_hal_lptim.c ****   *  @brief   Peripheral State functions.
2459:Drivers/STM32L4xx_HAL_Driver/Src/stm32l4xx_hal_lptim.c ****   *
2460:Drivers/STM32L4xx_HAL_Driver/Src/stm32l4xx_hal_lptim.c **** @verbatim
2461:Drivers/STM32L4xx_HAL_Driver/Src/stm32l4xx_hal_lptim.c ****   ==============================================================================
2462:Drivers/STM32L4xx_HAL_Driver/Src/stm32l4xx_hal_lptim.c ****                       ##### Peripheral State functions #####
2463:Drivers/STM32L4xx_HAL_Driver/Src/stm32l4xx_hal_lptim.c ****   ==============================================================================
2464:Drivers/STM32L4xx_HAL_Driver/Src/stm32l4xx_hal_lptim.c ****     [..]
2465:Drivers/STM32L4xx_HAL_Driver/Src/stm32l4xx_hal_lptim.c ****     This subsection permits to get in run-time the status of the peripheral.
2466:Drivers/STM32L4xx_HAL_Driver/Src/stm32l4xx_hal_lptim.c **** 
2467:Drivers/STM32L4xx_HAL_Driver/Src/stm32l4xx_hal_lptim.c **** @endverbatim
2468:Drivers/STM32L4xx_HAL_Driver/Src/stm32l4xx_hal_lptim.c ****   * @{
2469:Drivers/STM32L4xx_HAL_Driver/Src/stm32l4xx_hal_lptim.c ****   */
2470:Drivers/STM32L4xx_HAL_Driver/Src/stm32l4xx_hal_lptim.c **** 
2471:Drivers/STM32L4xx_HAL_Driver/Src/stm32l4xx_hal_lptim.c **** /**
2472:Drivers/STM32L4xx_HAL_Driver/Src/stm32l4xx_hal_lptim.c ****   * @brief  Return the LPTIM handle state.
2473:Drivers/STM32L4xx_HAL_Driver/Src/stm32l4xx_hal_lptim.c ****   * @param  hlptim LPTIM handle
2474:Drivers/STM32L4xx_HAL_Driver/Src/stm32l4xx_hal_lptim.c ****   * @retval HAL state
2475:Drivers/STM32L4xx_HAL_Driver/Src/stm32l4xx_hal_lptim.c ****   */
2476:Drivers/STM32L4xx_HAL_Driver/Src/stm32l4xx_hal_lptim.c **** HAL_LPTIM_StateTypeDef HAL_LPTIM_GetState(const LPTIM_HandleTypeDef *hlptim)
2477:Drivers/STM32L4xx_HAL_Driver/Src/stm32l4xx_hal_lptim.c **** {
2478:Drivers/STM32L4xx_HAL_Driver/Src/stm32l4xx_hal_lptim.c ****   /* Return LPTIM handle state */
2479:Drivers/STM32L4xx_HAL_Driver/Src/stm32l4xx_hal_lptim.c ****   return hlptim->State;
2480:Drivers/STM32L4xx_HAL_Driver/Src/stm32l4xx_hal_lptim.c **** }
2481:Drivers/STM32L4xx_HAL_Driver/Src/stm32l4xx_hal_lptim.c **** 
ARM GAS  /tmp/ccCFMTgI.s 			page 45


2482:Drivers/STM32L4xx_HAL_Driver/Src/stm32l4xx_hal_lptim.c **** /**
2483:Drivers/STM32L4xx_HAL_Driver/Src/stm32l4xx_hal_lptim.c ****   * @}
2484:Drivers/STM32L4xx_HAL_Driver/Src/stm32l4xx_hal_lptim.c ****   */
2485:Drivers/STM32L4xx_HAL_Driver/Src/stm32l4xx_hal_lptim.c **** 
2486:Drivers/STM32L4xx_HAL_Driver/Src/stm32l4xx_hal_lptim.c **** 
2487:Drivers/STM32L4xx_HAL_Driver/Src/stm32l4xx_hal_lptim.c **** /**
2488:Drivers/STM32L4xx_HAL_Driver/Src/stm32l4xx_hal_lptim.c ****   * @}
2489:Drivers/STM32L4xx_HAL_Driver/Src/stm32l4xx_hal_lptim.c ****   */
2490:Drivers/STM32L4xx_HAL_Driver/Src/stm32l4xx_hal_lptim.c **** 
2491:Drivers/STM32L4xx_HAL_Driver/Src/stm32l4xx_hal_lptim.c **** /* Private functions ---------------------------------------------------------*/
2492:Drivers/STM32L4xx_HAL_Driver/Src/stm32l4xx_hal_lptim.c **** 
2493:Drivers/STM32L4xx_HAL_Driver/Src/stm32l4xx_hal_lptim.c **** /** @defgroup LPTIM_Private_Functions LPTIM Private Functions
2494:Drivers/STM32L4xx_HAL_Driver/Src/stm32l4xx_hal_lptim.c ****   * @{
2495:Drivers/STM32L4xx_HAL_Driver/Src/stm32l4xx_hal_lptim.c ****   */
2496:Drivers/STM32L4xx_HAL_Driver/Src/stm32l4xx_hal_lptim.c **** #if (USE_HAL_LPTIM_REGISTER_CALLBACKS == 1)
2497:Drivers/STM32L4xx_HAL_Driver/Src/stm32l4xx_hal_lptim.c **** /**
2498:Drivers/STM32L4xx_HAL_Driver/Src/stm32l4xx_hal_lptim.c ****   * @brief  Reset interrupt callbacks to the legacy weak callbacks.
2499:Drivers/STM32L4xx_HAL_Driver/Src/stm32l4xx_hal_lptim.c ****   * @param  lptim pointer to a LPTIM_HandleTypeDef structure that contains
2500:Drivers/STM32L4xx_HAL_Driver/Src/stm32l4xx_hal_lptim.c ****   *                the configuration information for LPTIM module.
2501:Drivers/STM32L4xx_HAL_Driver/Src/stm32l4xx_hal_lptim.c ****   * @retval None
2502:Drivers/STM32L4xx_HAL_Driver/Src/stm32l4xx_hal_lptim.c ****   */
2503:Drivers/STM32L4xx_HAL_Driver/Src/stm32l4xx_hal_lptim.c **** static void LPTIM_ResetCallback(LPTIM_HandleTypeDef *lptim)
2504:Drivers/STM32L4xx_HAL_Driver/Src/stm32l4xx_hal_lptim.c **** {
2505:Drivers/STM32L4xx_HAL_Driver/Src/stm32l4xx_hal_lptim.c ****   /* Reset the LPTIM callback to the legacy weak callbacks */
2506:Drivers/STM32L4xx_HAL_Driver/Src/stm32l4xx_hal_lptim.c ****   lptim->CompareMatchCallback    = HAL_LPTIM_CompareMatchCallback;
2507:Drivers/STM32L4xx_HAL_Driver/Src/stm32l4xx_hal_lptim.c ****   lptim->AutoReloadMatchCallback = HAL_LPTIM_AutoReloadMatchCallback;
2508:Drivers/STM32L4xx_HAL_Driver/Src/stm32l4xx_hal_lptim.c ****   lptim->TriggerCallback         = HAL_LPTIM_TriggerCallback;
2509:Drivers/STM32L4xx_HAL_Driver/Src/stm32l4xx_hal_lptim.c ****   lptim->CompareWriteCallback    = HAL_LPTIM_CompareWriteCallback;
2510:Drivers/STM32L4xx_HAL_Driver/Src/stm32l4xx_hal_lptim.c ****   lptim->AutoReloadWriteCallback = HAL_LPTIM_AutoReloadWriteCallback;
2511:Drivers/STM32L4xx_HAL_Driver/Src/stm32l4xx_hal_lptim.c ****   lptim->DirectionUpCallback     = HAL_LPTIM_DirectionUpCallback;
2512:Drivers/STM32L4xx_HAL_Driver/Src/stm32l4xx_hal_lptim.c ****   lptim->DirectionDownCallback   = HAL_LPTIM_DirectionDownCallback;
2513:Drivers/STM32L4xx_HAL_Driver/Src/stm32l4xx_hal_lptim.c **** #if defined(LPTIM_RCR_REP)
2514:Drivers/STM32L4xx_HAL_Driver/Src/stm32l4xx_hal_lptim.c ****   lptim->UpdateEventCallback = HAL_LPTIM_UpdateEventCallback;
2515:Drivers/STM32L4xx_HAL_Driver/Src/stm32l4xx_hal_lptim.c ****   lptim->RepCounterWriteCallback = HAL_LPTIM_RepCounterWriteCallback;
2516:Drivers/STM32L4xx_HAL_Driver/Src/stm32l4xx_hal_lptim.c **** #endif
2517:Drivers/STM32L4xx_HAL_Driver/Src/stm32l4xx_hal_lptim.c **** }
2518:Drivers/STM32L4xx_HAL_Driver/Src/stm32l4xx_hal_lptim.c **** #endif /* USE_HAL_LPTIM_REGISTER_CALLBACKS */
2519:Drivers/STM32L4xx_HAL_Driver/Src/stm32l4xx_hal_lptim.c **** 
2520:Drivers/STM32L4xx_HAL_Driver/Src/stm32l4xx_hal_lptim.c **** /**
2521:Drivers/STM32L4xx_HAL_Driver/Src/stm32l4xx_hal_lptim.c ****   * @brief  LPTimer Wait for flag set
2522:Drivers/STM32L4xx_HAL_Driver/Src/stm32l4xx_hal_lptim.c ****   * @param  hlptim pointer to a LPTIM_HandleTypeDef structure that contains
2523:Drivers/STM32L4xx_HAL_Driver/Src/stm32l4xx_hal_lptim.c ****   *                the configuration information for LPTIM module.
2524:Drivers/STM32L4xx_HAL_Driver/Src/stm32l4xx_hal_lptim.c ****   * @param  flag   The lptim flag
2525:Drivers/STM32L4xx_HAL_Driver/Src/stm32l4xx_hal_lptim.c ****   * @retval HAL status
2526:Drivers/STM32L4xx_HAL_Driver/Src/stm32l4xx_hal_lptim.c ****   */
2527:Drivers/STM32L4xx_HAL_Driver/Src/stm32l4xx_hal_lptim.c **** static HAL_StatusTypeDef LPTIM_WaitForFlag(const LPTIM_HandleTypeDef *hlptim, uint32_t flag)
2528:Drivers/STM32L4xx_HAL_Driver/Src/stm32l4xx_hal_lptim.c **** {
  29              		.loc 1 2528 1 view -0
  30              		.cfi_startproc
  31              		@ args = 0, pretend = 0, frame = 0
  32              		@ frame_needed = 0, uses_anonymous_args = 0
  33              		@ link register save eliminated.
  34              		.loc 1 2528 1 is_stmt 0 view .LVU1
  35 0000 8446     		mov	ip, r0
2529:Drivers/STM32L4xx_HAL_Driver/Src/stm32l4xx_hal_lptim.c ****   HAL_StatusTypeDef result = HAL_OK;
  36              		.loc 1 2529 3 is_stmt 1 view .LVU2
  37              	.LVL1:
ARM GAS  /tmp/ccCFMTgI.s 			page 46


2530:Drivers/STM32L4xx_HAL_Driver/Src/stm32l4xx_hal_lptim.c ****   uint32_t count = TIMEOUT * (SystemCoreClock / 20UL / 1000UL);
  38              		.loc 1 2530 3 view .LVU3
  39              		.loc 1 2530 54 is_stmt 0 view .LVU4
  40 0002 0C4B     		ldr	r3, .L6
  41 0004 1B68     		ldr	r3, [r3]
  42 0006 0C4A     		ldr	r2, .L6+4
  43 0008 A2FB0323 		umull	r2, r3, r2, r3
  44 000c 9B0B     		lsrs	r3, r3, #14
  45              		.loc 1 2530 12 view .LVU5
  46 000e 4FF47A72 		mov	r2, #1000
  47 0012 02FB03F3 		mul	r3, r2, r3
  48              	.LVL2:
2529:Drivers/STM32L4xx_HAL_Driver/Src/stm32l4xx_hal_lptim.c ****   HAL_StatusTypeDef result = HAL_OK;
  49              		.loc 1 2529 21 view .LVU6
  50 0016 0020     		movs	r0, #0
  51              	.LVL3:
2529:Drivers/STM32L4xx_HAL_Driver/Src/stm32l4xx_hal_lptim.c ****   HAL_StatusTypeDef result = HAL_OK;
  52              		.loc 1 2529 21 view .LVU7
  53 0018 06E0     		b	.L4
  54              	.LVL4:
  55              	.L2:
2531:Drivers/STM32L4xx_HAL_Driver/Src/stm32l4xx_hal_lptim.c ****   do
2532:Drivers/STM32L4xx_HAL_Driver/Src/stm32l4xx_hal_lptim.c ****   {
2533:Drivers/STM32L4xx_HAL_Driver/Src/stm32l4xx_hal_lptim.c ****     count--;
2534:Drivers/STM32L4xx_HAL_Driver/Src/stm32l4xx_hal_lptim.c ****     if (count == 0UL)
2535:Drivers/STM32L4xx_HAL_Driver/Src/stm32l4xx_hal_lptim.c ****     {
2536:Drivers/STM32L4xx_HAL_Driver/Src/stm32l4xx_hal_lptim.c ****       result = HAL_TIMEOUT;
2537:Drivers/STM32L4xx_HAL_Driver/Src/stm32l4xx_hal_lptim.c ****     }
2538:Drivers/STM32L4xx_HAL_Driver/Src/stm32l4xx_hal_lptim.c ****   } while ((!(__HAL_LPTIM_GET_FLAG((hlptim), (flag)))) && (count != 0UL));
  56              		.loc 1 2538 56 is_stmt 1 view .LVU8
  57              		.loc 1 2538 15 is_stmt 0 view .LVU9
  58 001a DCF80020 		ldr	r2, [ip]
  59 001e 1268     		ldr	r2, [r2]
  60              		.loc 1 2538 56 view .LVU10
  61 0020 31EA0202 		bics	r2, r1, r2
  62 0024 04D0     		beq	.L3
  63              		.loc 1 2538 56 discriminator 1 view .LVU11
  64 0026 1BB1     		cbz	r3, .L3
  65              	.LVL5:
  66              	.L4:
2531:Drivers/STM32L4xx_HAL_Driver/Src/stm32l4xx_hal_lptim.c ****   do
  67              		.loc 1 2531 3 is_stmt 1 view .LVU12
2533:Drivers/STM32L4xx_HAL_Driver/Src/stm32l4xx_hal_lptim.c ****     if (count == 0UL)
  68              		.loc 1 2533 5 view .LVU13
2534:Drivers/STM32L4xx_HAL_Driver/Src/stm32l4xx_hal_lptim.c ****     {
  69              		.loc 1 2534 5 view .LVU14
2534:Drivers/STM32L4xx_HAL_Driver/Src/stm32l4xx_hal_lptim.c ****     {
  70              		.loc 1 2534 8 is_stmt 0 view .LVU15
  71 0028 013B     		subs	r3, r3, #1
  72              	.LVL6:
2534:Drivers/STM32L4xx_HAL_Driver/Src/stm32l4xx_hal_lptim.c ****     {
  73              		.loc 1 2534 8 view .LVU16
  74 002a F6D1     		bne	.L2
2536:Drivers/STM32L4xx_HAL_Driver/Src/stm32l4xx_hal_lptim.c ****     }
  75              		.loc 1 2536 14 view .LVU17
  76 002c 0320     		movs	r0, #3
  77              	.LVL7:
ARM GAS  /tmp/ccCFMTgI.s 			page 47


2536:Drivers/STM32L4xx_HAL_Driver/Src/stm32l4xx_hal_lptim.c ****     }
  78              		.loc 1 2536 14 view .LVU18
  79 002e F4E7     		b	.L2
  80              	.LVL8:
  81              	.L3:
2539:Drivers/STM32L4xx_HAL_Driver/Src/stm32l4xx_hal_lptim.c **** 
2540:Drivers/STM32L4xx_HAL_Driver/Src/stm32l4xx_hal_lptim.c ****   return result;
  82              		.loc 1 2540 3 is_stmt 1 view .LVU19
2541:Drivers/STM32L4xx_HAL_Driver/Src/stm32l4xx_hal_lptim.c **** }
  83              		.loc 1 2541 1 is_stmt 0 view .LVU20
  84 0030 7047     		bx	lr
  85              	.L7:
  86 0032 00BF     		.align	2
  87              	.L6:
  88 0034 00000000 		.word	SystemCoreClock
  89 0038 5917B7D1 		.word	-776530087
  90              		.cfi_endproc
  91              	.LFE424:
  93              		.section	.text.HAL_LPTIM_MspInit,"ax",%progbits
  94              		.align	1
  95              		.weak	HAL_LPTIM_MspInit
  96              		.syntax unified
  97              		.thumb
  98              		.thumb_func
 100              	HAL_LPTIM_MspInit:
 101              	.LVL9:
 102              	.LFB386:
 458:Drivers/STM32L4xx_HAL_Driver/Src/stm32l4xx_hal_lptim.c ****   /* Prevent unused argument(s) compilation warning */
 103              		.loc 1 458 1 is_stmt 1 view -0
 104              		.cfi_startproc
 105              		@ args = 0, pretend = 0, frame = 0
 106              		@ frame_needed = 0, uses_anonymous_args = 0
 107              		@ link register save eliminated.
 460:Drivers/STM32L4xx_HAL_Driver/Src/stm32l4xx_hal_lptim.c **** 
 108              		.loc 1 460 3 view .LVU22
 465:Drivers/STM32L4xx_HAL_Driver/Src/stm32l4xx_hal_lptim.c **** 
 109              		.loc 1 465 1 is_stmt 0 view .LVU23
 110 0000 7047     		bx	lr
 111              		.cfi_endproc
 112              	.LFE386:
 114              		.section	.text.HAL_LPTIM_Init,"ax",%progbits
 115              		.align	1
 116              		.global	HAL_LPTIM_Init
 117              		.syntax unified
 118              		.thumb
 119              		.thumb_func
 121              	HAL_LPTIM_Init:
 122              	.LVL10:
 123              	.LFB384:
 242:Drivers/STM32L4xx_HAL_Driver/Src/stm32l4xx_hal_lptim.c ****   uint32_t tmpcfgr;
 124              		.loc 1 242 1 is_stmt 1 view -0
 125              		.cfi_startproc
 126              		@ args = 0, pretend = 0, frame = 0
 127              		@ frame_needed = 0, uses_anonymous_args = 0
 243:Drivers/STM32L4xx_HAL_Driver/Src/stm32l4xx_hal_lptim.c **** 
 128              		.loc 1 243 3 view .LVU25
 246:Drivers/STM32L4xx_HAL_Driver/Src/stm32l4xx_hal_lptim.c ****   {
ARM GAS  /tmp/ccCFMTgI.s 			page 48


 129              		.loc 1 246 3 view .LVU26
 246:Drivers/STM32L4xx_HAL_Driver/Src/stm32l4xx_hal_lptim.c ****   {
 130              		.loc 1 246 6 is_stmt 0 view .LVU27
 131 0000 0028     		cmp	r0, #0
 132 0002 54D0     		beq	.L21
 242:Drivers/STM32L4xx_HAL_Driver/Src/stm32l4xx_hal_lptim.c ****   uint32_t tmpcfgr;
 133              		.loc 1 242 1 view .LVU28
 134 0004 F8B5     		push	{r3, r4, r5, r6, r7, lr}
 135              	.LCFI0:
 136              		.cfi_def_cfa_offset 24
 137              		.cfi_offset 3, -24
 138              		.cfi_offset 4, -20
 139              		.cfi_offset 5, -16
 140              		.cfi_offset 6, -12
 141              		.cfi_offset 7, -8
 142              		.cfi_offset 14, -4
 143 0006 0446     		mov	r4, r0
 252:Drivers/STM32L4xx_HAL_Driver/Src/stm32l4xx_hal_lptim.c **** 
 144              		.loc 1 252 3 is_stmt 1 view .LVU29
 254:Drivers/STM32L4xx_HAL_Driver/Src/stm32l4xx_hal_lptim.c ****   assert_param(IS_LPTIM_CLOCK_PRESCALER(hlptim->Init.Clock.Prescaler));
 145              		.loc 1 254 3 view .LVU30
 255:Drivers/STM32L4xx_HAL_Driver/Src/stm32l4xx_hal_lptim.c ****   if ((hlptim->Init.Clock.Source == LPTIM_CLOCKSOURCE_ULPTIM)
 146              		.loc 1 255 3 view .LVU31
 256:Drivers/STM32L4xx_HAL_Driver/Src/stm32l4xx_hal_lptim.c ****       || (hlptim->Init.CounterSource == LPTIM_COUNTERSOURCE_EXTERNAL))
 147              		.loc 1 256 3 view .LVU32
 259:Drivers/STM32L4xx_HAL_Driver/Src/stm32l4xx_hal_lptim.c ****     assert_param(IS_LPTIM_CLOCK_SAMPLE_TIME(hlptim->Init.UltraLowPowerClock.SampleTime));
 148              		.loc 1 259 5 view .LVU33
 260:Drivers/STM32L4xx_HAL_Driver/Src/stm32l4xx_hal_lptim.c ****   }
 149              		.loc 1 260 5 view .LVU34
 262:Drivers/STM32L4xx_HAL_Driver/Src/stm32l4xx_hal_lptim.c ****   if (hlptim->Init.Trigger.Source != LPTIM_TRIGSOURCE_SOFTWARE)
 150              		.loc 1 262 3 view .LVU35
 263:Drivers/STM32L4xx_HAL_Driver/Src/stm32l4xx_hal_lptim.c ****   {
 151              		.loc 1 263 3 view .LVU36
 265:Drivers/STM32L4xx_HAL_Driver/Src/stm32l4xx_hal_lptim.c ****     assert_param(IS_LPTIM_TRIG_SAMPLE_TIME(hlptim->Init.Trigger.SampleTime));
 152              		.loc 1 265 5 view .LVU37
 266:Drivers/STM32L4xx_HAL_Driver/Src/stm32l4xx_hal_lptim.c ****   }
 153              		.loc 1 266 5 view .LVU38
 268:Drivers/STM32L4xx_HAL_Driver/Src/stm32l4xx_hal_lptim.c ****   assert_param(IS_LPTIM_UPDATE_MODE(hlptim->Init.UpdateMode));
 154              		.loc 1 268 3 view .LVU39
 269:Drivers/STM32L4xx_HAL_Driver/Src/stm32l4xx_hal_lptim.c ****   assert_param(IS_LPTIM_COUNTER_SOURCE(hlptim->Init.CounterSource));
 155              		.loc 1 269 3 view .LVU40
 270:Drivers/STM32L4xx_HAL_Driver/Src/stm32l4xx_hal_lptim.c **** #if defined(LPTIM_RCR_REP)
 156              		.loc 1 270 3 view .LVU41
 275:Drivers/STM32L4xx_HAL_Driver/Src/stm32l4xx_hal_lptim.c ****   {
 157              		.loc 1 275 3 view .LVU42
 275:Drivers/STM32L4xx_HAL_Driver/Src/stm32l4xx_hal_lptim.c ****   {
 158              		.loc 1 275 13 is_stmt 0 view .LVU43
 159 0008 90F83630 		ldrb	r3, [r0, #54]	@ zero_extendqisi2
 275:Drivers/STM32L4xx_HAL_Driver/Src/stm32l4xx_hal_lptim.c ****   {
 160              		.loc 1 275 6 view .LVU44
 161 000c 002B     		cmp	r3, #0
 162 000e 44D0     		beq	.L26
 163              	.LVL11:
 164              	.L11:
 298:Drivers/STM32L4xx_HAL_Driver/Src/stm32l4xx_hal_lptim.c **** #if defined(LPTIM_RCR_REP)
 165              		.loc 1 298 3 is_stmt 1 view .LVU45
 298:Drivers/STM32L4xx_HAL_Driver/Src/stm32l4xx_hal_lptim.c **** #if defined(LPTIM_RCR_REP)
ARM GAS  /tmp/ccCFMTgI.s 			page 49


 166              		.loc 1 298 17 is_stmt 0 view .LVU46
 167 0010 0223     		movs	r3, #2
 168 0012 84F83630 		strb	r3, [r4, #54]
 327:Drivers/STM32L4xx_HAL_Driver/Src/stm32l4xx_hal_lptim.c **** 
 169              		.loc 1 327 3 is_stmt 1 view .LVU47
 327:Drivers/STM32L4xx_HAL_Driver/Src/stm32l4xx_hal_lptim.c **** 
 170              		.loc 1 327 19 is_stmt 0 view .LVU48
 171 0016 2568     		ldr	r5, [r4]
 327:Drivers/STM32L4xx_HAL_Driver/Src/stm32l4xx_hal_lptim.c **** 
 172              		.loc 1 327 11 view .LVU49
 173 0018 EB68     		ldr	r3, [r5, #12]
 174              	.LVL12:
 329:Drivers/STM32L4xx_HAL_Driver/Src/stm32l4xx_hal_lptim.c ****       || (hlptim->Init.CounterSource == LPTIM_COUNTERSOURCE_EXTERNAL))
 175              		.loc 1 329 3 is_stmt 1 view .LVU50
 329:Drivers/STM32L4xx_HAL_Driver/Src/stm32l4xx_hal_lptim.c ****       || (hlptim->Init.CounterSource == LPTIM_COUNTERSOURCE_EXTERNAL))
 176              		.loc 1 329 26 is_stmt 0 view .LVU51
 177 001a 6168     		ldr	r1, [r4, #4]
 329:Drivers/STM32L4xx_HAL_Driver/Src/stm32l4xx_hal_lptim.c ****       || (hlptim->Init.CounterSource == LPTIM_COUNTERSOURCE_EXTERNAL))
 178              		.loc 1 329 6 view .LVU52
 179 001c 0129     		cmp	r1, #1
 180 001e 03D0     		beq	.L12
 330:Drivers/STM32L4xx_HAL_Driver/Src/stm32l4xx_hal_lptim.c ****   {
 181              		.loc 1 330 23 view .LVU53
 182 0020 A26A     		ldr	r2, [r4, #40]
 330:Drivers/STM32L4xx_HAL_Driver/Src/stm32l4xx_hal_lptim.c ****   {
 183              		.loc 1 330 7 view .LVU54
 184 0022 B2F5000F 		cmp	r2, #8388608
 185 0026 01D1     		bne	.L13
 186              	.L12:
 332:Drivers/STM32L4xx_HAL_Driver/Src/stm32l4xx_hal_lptim.c ****   }
 187              		.loc 1 332 5 is_stmt 1 view .LVU55
 332:Drivers/STM32L4xx_HAL_Driver/Src/stm32l4xx_hal_lptim.c ****   }
 188              		.loc 1 332 13 is_stmt 0 view .LVU56
 189 0028 23F01E03 		bic	r3, r3, #30
 190              	.LVL13:
 191              	.L13:
 334:Drivers/STM32L4xx_HAL_Driver/Src/stm32l4xx_hal_lptim.c ****   {
 192              		.loc 1 334 3 is_stmt 1 view .LVU57
 334:Drivers/STM32L4xx_HAL_Driver/Src/stm32l4xx_hal_lptim.c ****   {
 193              		.loc 1 334 27 is_stmt 0 view .LVU58
 194 002c 6269     		ldr	r2, [r4, #20]
 334:Drivers/STM32L4xx_HAL_Driver/Src/stm32l4xx_hal_lptim.c ****   {
 195              		.loc 1 334 6 view .LVU59
 196 002e 4FF6FF70 		movw	r0, #65535
 197 0032 8242     		cmp	r2, r0
 198 0034 03D0     		beq	.L14
 336:Drivers/STM32L4xx_HAL_Driver/Src/stm32l4xx_hal_lptim.c ****   }
 199              		.loc 1 336 5 is_stmt 1 view .LVU60
 336:Drivers/STM32L4xx_HAL_Driver/Src/stm32l4xx_hal_lptim.c ****   }
 200              		.loc 1 336 13 is_stmt 0 view .LVU61
 201 0036 23F46043 		bic	r3, r3, #57344
 202              	.LVL14:
 336:Drivers/STM32L4xx_HAL_Driver/Src/stm32l4xx_hal_lptim.c ****   }
 203              		.loc 1 336 13 view .LVU62
 204 003a 23F0C003 		bic	r3, r3, #192
 205              	.LVL15:
 206              	.L14:
ARM GAS  /tmp/ccCFMTgI.s 			page 50


 340:Drivers/STM32L4xx_HAL_Driver/Src/stm32l4xx_hal_lptim.c ****                           LPTIM_CFGR_WAVPOL | LPTIM_CFGR_PRESC | LPTIM_CFGR_COUNTMODE));
 207              		.loc 1 340 3 is_stmt 1 view .LVU63
 340:Drivers/STM32L4xx_HAL_Driver/Src/stm32l4xx_hal_lptim.c ****                           LPTIM_CFGR_WAVPOL | LPTIM_CFGR_PRESC | LPTIM_CFGR_COUNTMODE));
 208              		.loc 1 340 11 is_stmt 0 view .LVU64
 209 003e 1D48     		ldr	r0, .L28
 210 0040 1840     		ands	r0, r0, r3
 211              	.LVL16:
 344:Drivers/STM32L4xx_HAL_Driver/Src/stm32l4xx_hal_lptim.c ****               hlptim->Init.Clock.Prescaler |
 212              		.loc 1 344 3 is_stmt 1 view .LVU65
 345:Drivers/STM32L4xx_HAL_Driver/Src/stm32l4xx_hal_lptim.c ****               hlptim->Init.OutputPolarity  |
 213              		.loc 1 345 33 is_stmt 0 view .LVU66
 214 0042 A368     		ldr	r3, [r4, #8]
 344:Drivers/STM32L4xx_HAL_Driver/Src/stm32l4xx_hal_lptim.c ****               hlptim->Init.Clock.Prescaler |
 215              		.loc 1 344 44 view .LVU67
 216 0044 0B43     		orrs	r3, r3, r1
 346:Drivers/STM32L4xx_HAL_Driver/Src/stm32l4xx_hal_lptim.c ****               hlptim->Init.UpdateMode      |
 217              		.loc 1 346 27 view .LVU68
 218 0046 266A     		ldr	r6, [r4, #32]
 345:Drivers/STM32L4xx_HAL_Driver/Src/stm32l4xx_hal_lptim.c ****               hlptim->Init.OutputPolarity  |
 219              		.loc 1 345 44 view .LVU69
 220 0048 3343     		orrs	r3, r3, r6
 347:Drivers/STM32L4xx_HAL_Driver/Src/stm32l4xx_hal_lptim.c ****               hlptim->Init.CounterSource);
 221              		.loc 1 347 27 view .LVU70
 222 004a 666A     		ldr	r6, [r4, #36]
 346:Drivers/STM32L4xx_HAL_Driver/Src/stm32l4xx_hal_lptim.c ****               hlptim->Init.UpdateMode      |
 223              		.loc 1 346 44 view .LVU71
 224 004c 3343     		orrs	r3, r3, r6
 348:Drivers/STM32L4xx_HAL_Driver/Src/stm32l4xx_hal_lptim.c **** 
 225              		.loc 1 348 27 view .LVU72
 226 004e A66A     		ldr	r6, [r4, #40]
 347:Drivers/STM32L4xx_HAL_Driver/Src/stm32l4xx_hal_lptim.c ****               hlptim->Init.CounterSource);
 227              		.loc 1 347 44 view .LVU73
 228 0050 3343     		orrs	r3, r3, r6
 344:Drivers/STM32L4xx_HAL_Driver/Src/stm32l4xx_hal_lptim.c ****               hlptim->Init.Clock.Prescaler |
 229              		.loc 1 344 11 view .LVU74
 230 0052 0343     		orrs	r3, r3, r0
 231              	.LVL17:
 353:Drivers/STM32L4xx_HAL_Driver/Src/stm32l4xx_hal_lptim.c ****   {
 232              		.loc 1 353 3 is_stmt 1 view .LVU75
 353:Drivers/STM32L4xx_HAL_Driver/Src/stm32l4xx_hal_lptim.c ****   {
 233              		.loc 1 353 6 is_stmt 0 view .LVU76
 234 0054 19B9     		cbnz	r1, .L15
 355:Drivers/STM32L4xx_HAL_Driver/Src/stm32l4xx_hal_lptim.c ****                 hlptim->Init.UltraLowPowerClock.SampleTime);
 235              		.loc 1 355 5 is_stmt 1 view .LVU77
 355:Drivers/STM32L4xx_HAL_Driver/Src/stm32l4xx_hal_lptim.c ****                 hlptim->Init.UltraLowPowerClock.SampleTime);
 236              		.loc 1 355 37 is_stmt 0 view .LVU78
 237 0056 E069     		ldr	r0, [r4, #28]
 355:Drivers/STM32L4xx_HAL_Driver/Src/stm32l4xx_hal_lptim.c ****                 hlptim->Init.UltraLowPowerClock.SampleTime);
 238              		.loc 1 355 49 view .LVU79
 239 0058 2769     		ldr	r7, [r4, #16]
 240 005a 3843     		orrs	r0, r0, r7
 355:Drivers/STM32L4xx_HAL_Driver/Src/stm32l4xx_hal_lptim.c ****                 hlptim->Init.UltraLowPowerClock.SampleTime);
 241              		.loc 1 355 13 view .LVU80
 242 005c 0343     		orrs	r3, r3, r0
 243              	.LVL18:
 244              	.L15:
 360:Drivers/STM32L4xx_HAL_Driver/Src/stm32l4xx_hal_lptim.c ****       || (hlptim->Init.CounterSource == LPTIM_COUNTERSOURCE_EXTERNAL))
ARM GAS  /tmp/ccCFMTgI.s 			page 51


 245              		.loc 1 360 3 is_stmt 1 view .LVU81
 360:Drivers/STM32L4xx_HAL_Driver/Src/stm32l4xx_hal_lptim.c ****       || (hlptim->Init.CounterSource == LPTIM_COUNTERSOURCE_EXTERNAL))
 246              		.loc 1 360 6 is_stmt 0 view .LVU82
 247 005e 0129     		cmp	r1, #1
 248 0060 02D0     		beq	.L16
 361:Drivers/STM32L4xx_HAL_Driver/Src/stm32l4xx_hal_lptim.c ****   {
 249              		.loc 1 361 7 view .LVU83
 250 0062 B6F5000F 		cmp	r6, #8388608
 251 0066 03D1     		bne	.L17
 252              	.L16:
 363:Drivers/STM32L4xx_HAL_Driver/Src/stm32l4xx_hal_lptim.c ****                 hlptim->Init.UltraLowPowerClock.SampleTime);
 253              		.loc 1 363 5 is_stmt 1 view .LVU84
 363:Drivers/STM32L4xx_HAL_Driver/Src/stm32l4xx_hal_lptim.c ****                 hlptim->Init.UltraLowPowerClock.SampleTime);
 254              		.loc 1 363 48 is_stmt 0 view .LVU85
 255 0068 E168     		ldr	r1, [r4, #12]
 364:Drivers/STM32L4xx_HAL_Driver/Src/stm32l4xx_hal_lptim.c ****   }
 256              		.loc 1 364 48 view .LVU86
 257 006a 2069     		ldr	r0, [r4, #16]
 363:Drivers/STM32L4xx_HAL_Driver/Src/stm32l4xx_hal_lptim.c ****                 hlptim->Init.UltraLowPowerClock.SampleTime);
 258              		.loc 1 363 58 view .LVU87
 259 006c 0143     		orrs	r1, r1, r0
 363:Drivers/STM32L4xx_HAL_Driver/Src/stm32l4xx_hal_lptim.c ****                 hlptim->Init.UltraLowPowerClock.SampleTime);
 260              		.loc 1 363 13 view .LVU88
 261 006e 0B43     		orrs	r3, r3, r1
 262              	.LVL19:
 263              	.L17:
 368:Drivers/STM32L4xx_HAL_Driver/Src/stm32l4xx_hal_lptim.c ****   {
 264              		.loc 1 368 3 is_stmt 1 view .LVU89
 368:Drivers/STM32L4xx_HAL_Driver/Src/stm32l4xx_hal_lptim.c ****   {
 265              		.loc 1 368 6 is_stmt 0 view .LVU90
 266 0070 4FF6FF71 		movw	r1, #65535
 267 0074 8A42     		cmp	r2, r1
 268 0076 04D0     		beq	.L18
 371:Drivers/STM32L4xx_HAL_Driver/Src/stm32l4xx_hal_lptim.c ****                 hlptim->Init.Trigger.ActiveEdge |
 269              		.loc 1 371 5 is_stmt 1 view .LVU91
 372:Drivers/STM32L4xx_HAL_Driver/Src/stm32l4xx_hal_lptim.c ****                 hlptim->Init.Trigger.SampleTime);
 270              		.loc 1 372 37 is_stmt 0 view .LVU92
 271 0078 A169     		ldr	r1, [r4, #24]
 371:Drivers/STM32L4xx_HAL_Driver/Src/stm32l4xx_hal_lptim.c ****                 hlptim->Init.Trigger.ActiveEdge |
 272              		.loc 1 371 49 view .LVU93
 273 007a 0A43     		orrs	r2, r2, r1
 373:Drivers/STM32L4xx_HAL_Driver/Src/stm32l4xx_hal_lptim.c ****   }
 274              		.loc 1 373 37 view .LVU94
 275 007c E169     		ldr	r1, [r4, #28]
 372:Drivers/STM32L4xx_HAL_Driver/Src/stm32l4xx_hal_lptim.c ****                 hlptim->Init.Trigger.SampleTime);
 276              		.loc 1 372 49 view .LVU95
 277 007e 0A43     		orrs	r2, r2, r1
 371:Drivers/STM32L4xx_HAL_Driver/Src/stm32l4xx_hal_lptim.c ****                 hlptim->Init.Trigger.ActiveEdge |
 278              		.loc 1 371 13 view .LVU96
 279 0080 1343     		orrs	r3, r3, r2
 280              	.LVL20:
 281              	.L18:
 377:Drivers/STM32L4xx_HAL_Driver/Src/stm32l4xx_hal_lptim.c **** 
 282              		.loc 1 377 3 is_stmt 1 view .LVU97
 377:Drivers/STM32L4xx_HAL_Driver/Src/stm32l4xx_hal_lptim.c **** 
 283              		.loc 1 377 26 is_stmt 0 view .LVU98
 284 0082 EB60     		str	r3, [r5, #12]
ARM GAS  /tmp/ccCFMTgI.s 			page 52


 380:Drivers/STM32L4xx_HAL_Driver/Src/stm32l4xx_hal_lptim.c ****   {
 285              		.loc 1 380 3 is_stmt 1 view .LVU99
 380:Drivers/STM32L4xx_HAL_Driver/Src/stm32l4xx_hal_lptim.c ****   {
 286              		.loc 1 380 13 is_stmt 0 view .LVU100
 287 0084 2368     		ldr	r3, [r4]
 288              	.LVL21:
 380:Drivers/STM32L4xx_HAL_Driver/Src/stm32l4xx_hal_lptim.c ****   {
 289              		.loc 1 380 6 view .LVU101
 290 0086 0C4A     		ldr	r2, .L28+4
 291 0088 9342     		cmp	r3, r2
 292 008a 0BD0     		beq	.L27
 392:Drivers/STM32L4xx_HAL_Driver/Src/stm32l4xx_hal_lptim.c **** 
 293              		.loc 1 392 5 is_stmt 1 view .LVU102
 395:Drivers/STM32L4xx_HAL_Driver/Src/stm32l4xx_hal_lptim.c ****   }
 294              		.loc 1 395 5 view .LVU103
 395:Drivers/STM32L4xx_HAL_Driver/Src/stm32l4xx_hal_lptim.c ****   }
 295              		.loc 1 395 40 is_stmt 0 view .LVU104
 296 008c E26A     		ldr	r2, [r4, #44]
 395:Drivers/STM32L4xx_HAL_Driver/Src/stm32l4xx_hal_lptim.c ****   }
 297              		.loc 1 395 26 view .LVU105
 298 008e 1A62     		str	r2, [r3, #32]
 299              	.LVL22:
 300              	.L20:
 399:Drivers/STM32L4xx_HAL_Driver/Src/stm32l4xx_hal_lptim.c **** 
 301              		.loc 1 399 3 is_stmt 1 view .LVU106
 399:Drivers/STM32L4xx_HAL_Driver/Src/stm32l4xx_hal_lptim.c **** 
 302              		.loc 1 399 17 is_stmt 0 view .LVU107
 303 0090 0123     		movs	r3, #1
 304 0092 84F83630 		strb	r3, [r4, #54]
 402:Drivers/STM32L4xx_HAL_Driver/Src/stm32l4xx_hal_lptim.c **** }
 305              		.loc 1 402 3 is_stmt 1 view .LVU108
 402:Drivers/STM32L4xx_HAL_Driver/Src/stm32l4xx_hal_lptim.c **** }
 306              		.loc 1 402 10 is_stmt 0 view .LVU109
 307 0096 0020     		movs	r0, #0
 403:Drivers/STM32L4xx_HAL_Driver/Src/stm32l4xx_hal_lptim.c **** 
 308              		.loc 1 403 1 view .LVU110
 309 0098 F8BD     		pop	{r3, r4, r5, r6, r7, pc}
 310              	.LVL23:
 311              	.L26:
 278:Drivers/STM32L4xx_HAL_Driver/Src/stm32l4xx_hal_lptim.c **** 
 312              		.loc 1 278 5 is_stmt 1 view .LVU111
 278:Drivers/STM32L4xx_HAL_Driver/Src/stm32l4xx_hal_lptim.c **** 
 313              		.loc 1 278 18 is_stmt 0 view .LVU112
 314 009a 80F83530 		strb	r3, [r0, #53]
 293:Drivers/STM32L4xx_HAL_Driver/Src/stm32l4xx_hal_lptim.c **** #endif /* USE_HAL_LPTIM_REGISTER_CALLBACKS */
 315              		.loc 1 293 5 is_stmt 1 view .LVU113
 316 009e FFF7FEFF 		bl	HAL_LPTIM_MspInit
 317              	.LVL24:
 293:Drivers/STM32L4xx_HAL_Driver/Src/stm32l4xx_hal_lptim.c **** #endif /* USE_HAL_LPTIM_REGISTER_CALLBACKS */
 318              		.loc 1 293 5 is_stmt 0 view .LVU114
 319 00a2 B5E7     		b	.L11
 320              	.LVL25:
 321              	.L27:
 383:Drivers/STM32L4xx_HAL_Driver/Src/stm32l4xx_hal_lptim.c ****     assert_param(IS_LPTIM_INPUT2_SOURCE(hlptim->Instance, hlptim->Init.Input2Source));
 322              		.loc 1 383 5 is_stmt 1 view .LVU115
 384:Drivers/STM32L4xx_HAL_Driver/Src/stm32l4xx_hal_lptim.c **** 
 323              		.loc 1 384 5 view .LVU116
ARM GAS  /tmp/ccCFMTgI.s 			page 53


 387:Drivers/STM32L4xx_HAL_Driver/Src/stm32l4xx_hal_lptim.c ****   }
 324              		.loc 1 387 5 view .LVU117
 387:Drivers/STM32L4xx_HAL_Driver/Src/stm32l4xx_hal_lptim.c ****   }
 325              		.loc 1 387 41 is_stmt 0 view .LVU118
 326 00a4 E26A     		ldr	r2, [r4, #44]
 387:Drivers/STM32L4xx_HAL_Driver/Src/stm32l4xx_hal_lptim.c ****   }
 327              		.loc 1 387 69 view .LVU119
 328 00a6 216B     		ldr	r1, [r4, #48]
 387:Drivers/STM32L4xx_HAL_Driver/Src/stm32l4xx_hal_lptim.c ****   }
 329              		.loc 1 387 55 view .LVU120
 330 00a8 0A43     		orrs	r2, r2, r1
 387:Drivers/STM32L4xx_HAL_Driver/Src/stm32l4xx_hal_lptim.c ****   }
 331              		.loc 1 387 26 view .LVU121
 332 00aa 1A62     		str	r2, [r3, #32]
 333              	.LVL26:
 387:Drivers/STM32L4xx_HAL_Driver/Src/stm32l4xx_hal_lptim.c ****   }
 334              		.loc 1 387 26 view .LVU122
 335 00ac F0E7     		b	.L20
 336              	.LVL27:
 337              	.L21:
 338              	.LCFI1:
 339              		.cfi_def_cfa_offset 0
 340              		.cfi_restore 3
 341              		.cfi_restore 4
 342              		.cfi_restore 5
 343              		.cfi_restore 6
 344              		.cfi_restore 7
 345              		.cfi_restore 14
 248:Drivers/STM32L4xx_HAL_Driver/Src/stm32l4xx_hal_lptim.c ****   }
 346              		.loc 1 248 12 view .LVU123
 347 00ae 0120     		movs	r0, #1
 348              	.LVL28:
 403:Drivers/STM32L4xx_HAL_Driver/Src/stm32l4xx_hal_lptim.c **** 
 349              		.loc 1 403 1 view .LVU124
 350 00b0 7047     		bx	lr
 351              	.L29:
 352 00b2 00BF     		.align	2
 353              	.L28:
 354 00b4 FEF119FF 		.word	-15076866
 355 00b8 007C0040 		.word	1073773568
 356              		.cfi_endproc
 357              	.LFE384:
 359              		.section	.text.HAL_LPTIM_MspDeInit,"ax",%progbits
 360              		.align	1
 361              		.weak	HAL_LPTIM_MspDeInit
 362              		.syntax unified
 363              		.thumb
 364              		.thumb_func
 366              	HAL_LPTIM_MspDeInit:
 367              	.LVL29:
 368              	.LFB387:
 473:Drivers/STM32L4xx_HAL_Driver/Src/stm32l4xx_hal_lptim.c ****   /* Prevent unused argument(s) compilation warning */
 369              		.loc 1 473 1 is_stmt 1 view -0
 370              		.cfi_startproc
 371              		@ args = 0, pretend = 0, frame = 0
 372              		@ frame_needed = 0, uses_anonymous_args = 0
 373              		@ link register save eliminated.
ARM GAS  /tmp/ccCFMTgI.s 			page 54


 475:Drivers/STM32L4xx_HAL_Driver/Src/stm32l4xx_hal_lptim.c **** 
 374              		.loc 1 475 3 view .LVU126
 480:Drivers/STM32L4xx_HAL_Driver/Src/stm32l4xx_hal_lptim.c **** 
 375              		.loc 1 480 1 is_stmt 0 view .LVU127
 376 0000 7047     		bx	lr
 377              		.cfi_endproc
 378              	.LFE387:
 380              		.section	.text.HAL_LPTIM_PWM_Start,"ax",%progbits
 381              		.align	1
 382              		.global	HAL_LPTIM_PWM_Start
 383              		.syntax unified
 384              		.thumb
 385              		.thumb_func
 387              	HAL_LPTIM_PWM_Start:
 388              	.LVL30:
 389              	.LFB388:
 522:Drivers/STM32L4xx_HAL_Driver/Src/stm32l4xx_hal_lptim.c ****   /* Check the parameters */
 390              		.loc 1 522 1 is_stmt 1 view -0
 391              		.cfi_startproc
 392              		@ args = 0, pretend = 0, frame = 0
 393              		@ frame_needed = 0, uses_anonymous_args = 0
 522:Drivers/STM32L4xx_HAL_Driver/Src/stm32l4xx_hal_lptim.c ****   /* Check the parameters */
 394              		.loc 1 522 1 is_stmt 0 view .LVU129
 395 0000 38B5     		push	{r3, r4, r5, lr}
 396              	.LCFI2:
 397              		.cfi_def_cfa_offset 16
 398              		.cfi_offset 3, -16
 399              		.cfi_offset 4, -12
 400              		.cfi_offset 5, -8
 401              		.cfi_offset 14, -4
 402 0002 0446     		mov	r4, r0
 403 0004 0B46     		mov	r3, r1
 404 0006 1546     		mov	r5, r2
 524:Drivers/STM32L4xx_HAL_Driver/Src/stm32l4xx_hal_lptim.c ****   assert_param(IS_LPTIM_PERIOD(Period));
 405              		.loc 1 524 3 is_stmt 1 view .LVU130
 525:Drivers/STM32L4xx_HAL_Driver/Src/stm32l4xx_hal_lptim.c ****   assert_param(IS_LPTIM_PULSE(Pulse));
 406              		.loc 1 525 3 view .LVU131
 526:Drivers/STM32L4xx_HAL_Driver/Src/stm32l4xx_hal_lptim.c **** 
 407              		.loc 1 526 3 view .LVU132
 529:Drivers/STM32L4xx_HAL_Driver/Src/stm32l4xx_hal_lptim.c **** 
 408              		.loc 1 529 3 view .LVU133
 529:Drivers/STM32L4xx_HAL_Driver/Src/stm32l4xx_hal_lptim.c **** 
 409              		.loc 1 529 17 is_stmt 0 view .LVU134
 410 0008 0222     		movs	r2, #2
 411              	.LVL31:
 529:Drivers/STM32L4xx_HAL_Driver/Src/stm32l4xx_hal_lptim.c **** 
 412              		.loc 1 529 17 view .LVU135
 413 000a 80F83620 		strb	r2, [r0, #54]
 532:Drivers/STM32L4xx_HAL_Driver/Src/stm32l4xx_hal_lptim.c **** 
 414              		.loc 1 532 3 is_stmt 1 view .LVU136
 532:Drivers/STM32L4xx_HAL_Driver/Src/stm32l4xx_hal_lptim.c **** 
 415              		.loc 1 532 9 is_stmt 0 view .LVU137
 416 000e 0268     		ldr	r2, [r0]
 532:Drivers/STM32L4xx_HAL_Driver/Src/stm32l4xx_hal_lptim.c **** 
 417              		.loc 1 532 19 view .LVU138
 418 0010 D168     		ldr	r1, [r2, #12]
 419              	.LVL32:
ARM GAS  /tmp/ccCFMTgI.s 			page 55


 532:Drivers/STM32L4xx_HAL_Driver/Src/stm32l4xx_hal_lptim.c **** 
 420              		.loc 1 532 26 view .LVU139
 421 0012 21F48011 		bic	r1, r1, #1048576
 422 0016 D160     		str	r1, [r2, #12]
 535:Drivers/STM32L4xx_HAL_Driver/Src/stm32l4xx_hal_lptim.c **** 
 423              		.loc 1 535 3 is_stmt 1 view .LVU140
 424 0018 0268     		ldr	r2, [r0]
 425 001a 1169     		ldr	r1, [r2, #16]
 426 001c 41F00101 		orr	r1, r1, #1
 427 0020 1161     		str	r1, [r2, #16]
 538:Drivers/STM32L4xx_HAL_Driver/Src/stm32l4xx_hal_lptim.c **** 
 428              		.loc 1 538 3 view .LVU141
 429 0022 0268     		ldr	r2, [r0]
 430 0024 1021     		movs	r1, #16
 431 0026 5160     		str	r1, [r2, #4]
 541:Drivers/STM32L4xx_HAL_Driver/Src/stm32l4xx_hal_lptim.c **** 
 432              		.loc 1 541 3 view .LVU142
 433 0028 0268     		ldr	r2, [r0]
 434 002a 9361     		str	r3, [r2, #24]
 544:Drivers/STM32L4xx_HAL_Driver/Src/stm32l4xx_hal_lptim.c ****   {
 435              		.loc 1 544 3 view .LVU143
 544:Drivers/STM32L4xx_HAL_Driver/Src/stm32l4xx_hal_lptim.c ****   {
 436              		.loc 1 544 7 is_stmt 0 view .LVU144
 437 002c FFF7FEFF 		bl	LPTIM_WaitForFlag
 438              	.LVL33:
 544:Drivers/STM32L4xx_HAL_Driver/Src/stm32l4xx_hal_lptim.c ****   {
 439              		.loc 1 544 6 discriminator 1 view .LVU145
 440 0030 0328     		cmp	r0, #3
 441 0032 12D0     		beq	.L32
 550:Drivers/STM32L4xx_HAL_Driver/Src/stm32l4xx_hal_lptim.c **** 
 442              		.loc 1 550 3 is_stmt 1 view .LVU146
 443 0034 2368     		ldr	r3, [r4]
 444 0036 0821     		movs	r1, #8
 445 0038 5960     		str	r1, [r3, #4]
 553:Drivers/STM32L4xx_HAL_Driver/Src/stm32l4xx_hal_lptim.c **** 
 446              		.loc 1 553 3 view .LVU147
 447 003a 2368     		ldr	r3, [r4]
 448 003c 5D61     		str	r5, [r3, #20]
 556:Drivers/STM32L4xx_HAL_Driver/Src/stm32l4xx_hal_lptim.c ****   {
 449              		.loc 1 556 3 view .LVU148
 556:Drivers/STM32L4xx_HAL_Driver/Src/stm32l4xx_hal_lptim.c ****   {
 450              		.loc 1 556 7 is_stmt 0 view .LVU149
 451 003e 2046     		mov	r0, r4
 452 0040 FFF7FEFF 		bl	LPTIM_WaitForFlag
 453              	.LVL34:
 556:Drivers/STM32L4xx_HAL_Driver/Src/stm32l4xx_hal_lptim.c ****   {
 454              		.loc 1 556 6 discriminator 1 view .LVU150
 455 0044 0328     		cmp	r0, #3
 456 0046 08D0     		beq	.L32
 562:Drivers/STM32L4xx_HAL_Driver/Src/stm32l4xx_hal_lptim.c **** 
 457              		.loc 1 562 3 is_stmt 1 view .LVU151
 458 0048 2268     		ldr	r2, [r4]
 459 004a 1369     		ldr	r3, [r2, #16]
 460 004c 43F00403 		orr	r3, r3, #4
 461 0050 1361     		str	r3, [r2, #16]
 565:Drivers/STM32L4xx_HAL_Driver/Src/stm32l4xx_hal_lptim.c **** 
 462              		.loc 1 565 3 view .LVU152
ARM GAS  /tmp/ccCFMTgI.s 			page 56


 565:Drivers/STM32L4xx_HAL_Driver/Src/stm32l4xx_hal_lptim.c **** 
 463              		.loc 1 565 17 is_stmt 0 view .LVU153
 464 0052 0123     		movs	r3, #1
 465 0054 84F83630 		strb	r3, [r4, #54]
 568:Drivers/STM32L4xx_HAL_Driver/Src/stm32l4xx_hal_lptim.c **** }
 466              		.loc 1 568 3 is_stmt 1 view .LVU154
 568:Drivers/STM32L4xx_HAL_Driver/Src/stm32l4xx_hal_lptim.c **** }
 467              		.loc 1 568 10 is_stmt 0 view .LVU155
 468 0058 0020     		movs	r0, #0
 469              	.L32:
 569:Drivers/STM32L4xx_HAL_Driver/Src/stm32l4xx_hal_lptim.c **** 
 470              		.loc 1 569 1 view .LVU156
 471 005a 38BD     		pop	{r3, r4, r5, pc}
 569:Drivers/STM32L4xx_HAL_Driver/Src/stm32l4xx_hal_lptim.c **** 
 472              		.loc 1 569 1 view .LVU157
 473              		.cfi_endproc
 474              	.LFE388:
 476              		.section	.text.HAL_LPTIM_OnePulse_Start,"ax",%progbits
 477              		.align	1
 478              		.global	HAL_LPTIM_OnePulse_Start
 479              		.syntax unified
 480              		.thumb
 481              		.thumb_func
 483              	HAL_LPTIM_OnePulse_Start:
 484              	.LVL35:
 485              	.LFB392:
 761:Drivers/STM32L4xx_HAL_Driver/Src/stm32l4xx_hal_lptim.c ****   /* Check the parameters */
 486              		.loc 1 761 1 is_stmt 1 view -0
 487              		.cfi_startproc
 488              		@ args = 0, pretend = 0, frame = 0
 489              		@ frame_needed = 0, uses_anonymous_args = 0
 761:Drivers/STM32L4xx_HAL_Driver/Src/stm32l4xx_hal_lptim.c ****   /* Check the parameters */
 490              		.loc 1 761 1 is_stmt 0 view .LVU159
 491 0000 38B5     		push	{r3, r4, r5, lr}
 492              	.LCFI3:
 493              		.cfi_def_cfa_offset 16
 494              		.cfi_offset 3, -16
 495              		.cfi_offset 4, -12
 496              		.cfi_offset 5, -8
 497              		.cfi_offset 14, -4
 498 0002 0446     		mov	r4, r0
 499 0004 0B46     		mov	r3, r1
 500 0006 1546     		mov	r5, r2
 763:Drivers/STM32L4xx_HAL_Driver/Src/stm32l4xx_hal_lptim.c ****   assert_param(IS_LPTIM_PERIOD(Period));
 501              		.loc 1 763 3 is_stmt 1 view .LVU160
 764:Drivers/STM32L4xx_HAL_Driver/Src/stm32l4xx_hal_lptim.c ****   assert_param(IS_LPTIM_PULSE(Pulse));
 502              		.loc 1 764 3 view .LVU161
 765:Drivers/STM32L4xx_HAL_Driver/Src/stm32l4xx_hal_lptim.c **** 
 503              		.loc 1 765 3 view .LVU162
 768:Drivers/STM32L4xx_HAL_Driver/Src/stm32l4xx_hal_lptim.c **** 
 504              		.loc 1 768 3 view .LVU163
 768:Drivers/STM32L4xx_HAL_Driver/Src/stm32l4xx_hal_lptim.c **** 
 505              		.loc 1 768 17 is_stmt 0 view .LVU164
 506 0008 0222     		movs	r2, #2
 507              	.LVL36:
 768:Drivers/STM32L4xx_HAL_Driver/Src/stm32l4xx_hal_lptim.c **** 
 508              		.loc 1 768 17 view .LVU165
ARM GAS  /tmp/ccCFMTgI.s 			page 57


 509 000a 80F83620 		strb	r2, [r0, #54]
 771:Drivers/STM32L4xx_HAL_Driver/Src/stm32l4xx_hal_lptim.c **** 
 510              		.loc 1 771 3 is_stmt 1 view .LVU166
 771:Drivers/STM32L4xx_HAL_Driver/Src/stm32l4xx_hal_lptim.c **** 
 511              		.loc 1 771 9 is_stmt 0 view .LVU167
 512 000e 0268     		ldr	r2, [r0]
 771:Drivers/STM32L4xx_HAL_Driver/Src/stm32l4xx_hal_lptim.c **** 
 513              		.loc 1 771 19 view .LVU168
 514 0010 D168     		ldr	r1, [r2, #12]
 515              	.LVL37:
 771:Drivers/STM32L4xx_HAL_Driver/Src/stm32l4xx_hal_lptim.c **** 
 516              		.loc 1 771 26 view .LVU169
 517 0012 21F48011 		bic	r1, r1, #1048576
 518 0016 D160     		str	r1, [r2, #12]
 774:Drivers/STM32L4xx_HAL_Driver/Src/stm32l4xx_hal_lptim.c **** 
 519              		.loc 1 774 3 is_stmt 1 view .LVU170
 520 0018 0268     		ldr	r2, [r0]
 521 001a 1169     		ldr	r1, [r2, #16]
 522 001c 41F00101 		orr	r1, r1, #1
 523 0020 1161     		str	r1, [r2, #16]
 777:Drivers/STM32L4xx_HAL_Driver/Src/stm32l4xx_hal_lptim.c **** 
 524              		.loc 1 777 3 view .LVU171
 525 0022 0268     		ldr	r2, [r0]
 526 0024 1021     		movs	r1, #16
 527 0026 5160     		str	r1, [r2, #4]
 780:Drivers/STM32L4xx_HAL_Driver/Src/stm32l4xx_hal_lptim.c **** 
 528              		.loc 1 780 3 view .LVU172
 529 0028 0268     		ldr	r2, [r0]
 530 002a 9361     		str	r3, [r2, #24]
 783:Drivers/STM32L4xx_HAL_Driver/Src/stm32l4xx_hal_lptim.c ****   {
 531              		.loc 1 783 3 view .LVU173
 783:Drivers/STM32L4xx_HAL_Driver/Src/stm32l4xx_hal_lptim.c ****   {
 532              		.loc 1 783 7 is_stmt 0 view .LVU174
 533 002c FFF7FEFF 		bl	LPTIM_WaitForFlag
 534              	.LVL38:
 783:Drivers/STM32L4xx_HAL_Driver/Src/stm32l4xx_hal_lptim.c ****   {
 535              		.loc 1 783 6 discriminator 1 view .LVU175
 536 0030 0328     		cmp	r0, #3
 537 0032 12D0     		beq	.L35
 789:Drivers/STM32L4xx_HAL_Driver/Src/stm32l4xx_hal_lptim.c **** 
 538              		.loc 1 789 3 is_stmt 1 view .LVU176
 539 0034 2368     		ldr	r3, [r4]
 540 0036 0821     		movs	r1, #8
 541 0038 5960     		str	r1, [r3, #4]
 792:Drivers/STM32L4xx_HAL_Driver/Src/stm32l4xx_hal_lptim.c **** 
 542              		.loc 1 792 3 view .LVU177
 543 003a 2368     		ldr	r3, [r4]
 544 003c 5D61     		str	r5, [r3, #20]
 795:Drivers/STM32L4xx_HAL_Driver/Src/stm32l4xx_hal_lptim.c ****   {
 545              		.loc 1 795 3 view .LVU178
 795:Drivers/STM32L4xx_HAL_Driver/Src/stm32l4xx_hal_lptim.c ****   {
 546              		.loc 1 795 7 is_stmt 0 view .LVU179
 547 003e 2046     		mov	r0, r4
 548 0040 FFF7FEFF 		bl	LPTIM_WaitForFlag
 549              	.LVL39:
 795:Drivers/STM32L4xx_HAL_Driver/Src/stm32l4xx_hal_lptim.c ****   {
 550              		.loc 1 795 6 discriminator 1 view .LVU180
ARM GAS  /tmp/ccCFMTgI.s 			page 58


 551 0044 0328     		cmp	r0, #3
 552 0046 08D0     		beq	.L35
 801:Drivers/STM32L4xx_HAL_Driver/Src/stm32l4xx_hal_lptim.c **** 
 553              		.loc 1 801 3 is_stmt 1 view .LVU181
 554 0048 2268     		ldr	r2, [r4]
 555 004a 1369     		ldr	r3, [r2, #16]
 556 004c 43F00203 		orr	r3, r3, #2
 557 0050 1361     		str	r3, [r2, #16]
 804:Drivers/STM32L4xx_HAL_Driver/Src/stm32l4xx_hal_lptim.c **** 
 558              		.loc 1 804 3 view .LVU182
 804:Drivers/STM32L4xx_HAL_Driver/Src/stm32l4xx_hal_lptim.c **** 
 559              		.loc 1 804 17 is_stmt 0 view .LVU183
 560 0052 0123     		movs	r3, #1
 561 0054 84F83630 		strb	r3, [r4, #54]
 807:Drivers/STM32L4xx_HAL_Driver/Src/stm32l4xx_hal_lptim.c **** }
 562              		.loc 1 807 3 is_stmt 1 view .LVU184
 807:Drivers/STM32L4xx_HAL_Driver/Src/stm32l4xx_hal_lptim.c **** }
 563              		.loc 1 807 10 is_stmt 0 view .LVU185
 564 0058 0020     		movs	r0, #0
 565              	.L35:
 808:Drivers/STM32L4xx_HAL_Driver/Src/stm32l4xx_hal_lptim.c **** 
 566              		.loc 1 808 1 view .LVU186
 567 005a 38BD     		pop	{r3, r4, r5, pc}
 808:Drivers/STM32L4xx_HAL_Driver/Src/stm32l4xx_hal_lptim.c **** 
 568              		.loc 1 808 1 view .LVU187
 569              		.cfi_endproc
 570              	.LFE392:
 572              		.section	.text.HAL_LPTIM_SetOnce_Start,"ax",%progbits
 573              		.align	1
 574              		.global	HAL_LPTIM_SetOnce_Start
 575              		.syntax unified
 576              		.thumb
 577              		.thumb_func
 579              	HAL_LPTIM_SetOnce_Start:
 580              	.LVL40:
 581              	.LFB396:
1001:Drivers/STM32L4xx_HAL_Driver/Src/stm32l4xx_hal_lptim.c ****   /* Check the parameters */
 582              		.loc 1 1001 1 is_stmt 1 view -0
 583              		.cfi_startproc
 584              		@ args = 0, pretend = 0, frame = 0
 585              		@ frame_needed = 0, uses_anonymous_args = 0
1001:Drivers/STM32L4xx_HAL_Driver/Src/stm32l4xx_hal_lptim.c ****   /* Check the parameters */
 586              		.loc 1 1001 1 is_stmt 0 view .LVU189
 587 0000 38B5     		push	{r3, r4, r5, lr}
 588              	.LCFI4:
 589              		.cfi_def_cfa_offset 16
 590              		.cfi_offset 3, -16
 591              		.cfi_offset 4, -12
 592              		.cfi_offset 5, -8
 593              		.cfi_offset 14, -4
 594 0002 0446     		mov	r4, r0
 595 0004 0B46     		mov	r3, r1
 596 0006 1546     		mov	r5, r2
1003:Drivers/STM32L4xx_HAL_Driver/Src/stm32l4xx_hal_lptim.c ****   assert_param(IS_LPTIM_PERIOD(Period));
 597              		.loc 1 1003 3 is_stmt 1 view .LVU190
1004:Drivers/STM32L4xx_HAL_Driver/Src/stm32l4xx_hal_lptim.c ****   assert_param(IS_LPTIM_PULSE(Pulse));
 598              		.loc 1 1004 3 view .LVU191
ARM GAS  /tmp/ccCFMTgI.s 			page 59


1005:Drivers/STM32L4xx_HAL_Driver/Src/stm32l4xx_hal_lptim.c **** 
 599              		.loc 1 1005 3 view .LVU192
1008:Drivers/STM32L4xx_HAL_Driver/Src/stm32l4xx_hal_lptim.c **** 
 600              		.loc 1 1008 3 view .LVU193
1008:Drivers/STM32L4xx_HAL_Driver/Src/stm32l4xx_hal_lptim.c **** 
 601              		.loc 1 1008 17 is_stmt 0 view .LVU194
 602 0008 0222     		movs	r2, #2
 603              	.LVL41:
1008:Drivers/STM32L4xx_HAL_Driver/Src/stm32l4xx_hal_lptim.c **** 
 604              		.loc 1 1008 17 view .LVU195
 605 000a 80F83620 		strb	r2, [r0, #54]
1011:Drivers/STM32L4xx_HAL_Driver/Src/stm32l4xx_hal_lptim.c **** 
 606              		.loc 1 1011 3 is_stmt 1 view .LVU196
1011:Drivers/STM32L4xx_HAL_Driver/Src/stm32l4xx_hal_lptim.c **** 
 607              		.loc 1 1011 9 is_stmt 0 view .LVU197
 608 000e 0268     		ldr	r2, [r0]
1011:Drivers/STM32L4xx_HAL_Driver/Src/stm32l4xx_hal_lptim.c **** 
 609              		.loc 1 1011 19 view .LVU198
 610 0010 D168     		ldr	r1, [r2, #12]
 611              	.LVL42:
1011:Drivers/STM32L4xx_HAL_Driver/Src/stm32l4xx_hal_lptim.c **** 
 612              		.loc 1 1011 26 view .LVU199
 613 0012 41F48011 		orr	r1, r1, #1048576
 614 0016 D160     		str	r1, [r2, #12]
1014:Drivers/STM32L4xx_HAL_Driver/Src/stm32l4xx_hal_lptim.c **** 
 615              		.loc 1 1014 3 is_stmt 1 view .LVU200
 616 0018 0268     		ldr	r2, [r0]
 617 001a 1169     		ldr	r1, [r2, #16]
 618 001c 41F00101 		orr	r1, r1, #1
 619 0020 1161     		str	r1, [r2, #16]
1017:Drivers/STM32L4xx_HAL_Driver/Src/stm32l4xx_hal_lptim.c **** 
 620              		.loc 1 1017 3 view .LVU201
 621 0022 0268     		ldr	r2, [r0]
 622 0024 1021     		movs	r1, #16
 623 0026 5160     		str	r1, [r2, #4]
1020:Drivers/STM32L4xx_HAL_Driver/Src/stm32l4xx_hal_lptim.c **** 
 624              		.loc 1 1020 3 view .LVU202
 625 0028 0268     		ldr	r2, [r0]
 626 002a 9361     		str	r3, [r2, #24]
1023:Drivers/STM32L4xx_HAL_Driver/Src/stm32l4xx_hal_lptim.c ****   {
 627              		.loc 1 1023 3 view .LVU203
1023:Drivers/STM32L4xx_HAL_Driver/Src/stm32l4xx_hal_lptim.c ****   {
 628              		.loc 1 1023 7 is_stmt 0 view .LVU204
 629 002c FFF7FEFF 		bl	LPTIM_WaitForFlag
 630              	.LVL43:
1023:Drivers/STM32L4xx_HAL_Driver/Src/stm32l4xx_hal_lptim.c ****   {
 631              		.loc 1 1023 6 discriminator 1 view .LVU205
 632 0030 0328     		cmp	r0, #3
 633 0032 12D0     		beq	.L38
1029:Drivers/STM32L4xx_HAL_Driver/Src/stm32l4xx_hal_lptim.c **** 
 634              		.loc 1 1029 3 is_stmt 1 view .LVU206
 635 0034 2368     		ldr	r3, [r4]
 636 0036 0821     		movs	r1, #8
 637 0038 5960     		str	r1, [r3, #4]
1032:Drivers/STM32L4xx_HAL_Driver/Src/stm32l4xx_hal_lptim.c **** 
 638              		.loc 1 1032 3 view .LVU207
 639 003a 2368     		ldr	r3, [r4]
ARM GAS  /tmp/ccCFMTgI.s 			page 60


 640 003c 5D61     		str	r5, [r3, #20]
1035:Drivers/STM32L4xx_HAL_Driver/Src/stm32l4xx_hal_lptim.c ****   {
 641              		.loc 1 1035 3 view .LVU208
1035:Drivers/STM32L4xx_HAL_Driver/Src/stm32l4xx_hal_lptim.c ****   {
 642              		.loc 1 1035 7 is_stmt 0 view .LVU209
 643 003e 2046     		mov	r0, r4
 644 0040 FFF7FEFF 		bl	LPTIM_WaitForFlag
 645              	.LVL44:
1035:Drivers/STM32L4xx_HAL_Driver/Src/stm32l4xx_hal_lptim.c ****   {
 646              		.loc 1 1035 6 discriminator 1 view .LVU210
 647 0044 0328     		cmp	r0, #3
 648 0046 08D0     		beq	.L38
1041:Drivers/STM32L4xx_HAL_Driver/Src/stm32l4xx_hal_lptim.c **** 
 649              		.loc 1 1041 3 is_stmt 1 view .LVU211
 650 0048 2268     		ldr	r2, [r4]
 651 004a 1369     		ldr	r3, [r2, #16]
 652 004c 43F00203 		orr	r3, r3, #2
 653 0050 1361     		str	r3, [r2, #16]
1044:Drivers/STM32L4xx_HAL_Driver/Src/stm32l4xx_hal_lptim.c **** 
 654              		.loc 1 1044 3 view .LVU212
1044:Drivers/STM32L4xx_HAL_Driver/Src/stm32l4xx_hal_lptim.c **** 
 655              		.loc 1 1044 17 is_stmt 0 view .LVU213
 656 0052 0123     		movs	r3, #1
 657 0054 84F83630 		strb	r3, [r4, #54]
1047:Drivers/STM32L4xx_HAL_Driver/Src/stm32l4xx_hal_lptim.c **** }
 658              		.loc 1 1047 3 is_stmt 1 view .LVU214
1047:Drivers/STM32L4xx_HAL_Driver/Src/stm32l4xx_hal_lptim.c **** }
 659              		.loc 1 1047 10 is_stmt 0 view .LVU215
 660 0058 0020     		movs	r0, #0
 661              	.L38:
1048:Drivers/STM32L4xx_HAL_Driver/Src/stm32l4xx_hal_lptim.c **** 
 662              		.loc 1 1048 1 view .LVU216
 663 005a 38BD     		pop	{r3, r4, r5, pc}
1048:Drivers/STM32L4xx_HAL_Driver/Src/stm32l4xx_hal_lptim.c **** 
 664              		.loc 1 1048 1 view .LVU217
 665              		.cfi_endproc
 666              	.LFE396:
 668              		.section	.text.HAL_LPTIM_Encoder_Start,"ax",%progbits
 669              		.align	1
 670              		.global	HAL_LPTIM_Encoder_Start
 671              		.syntax unified
 672              		.thumb
 673              		.thumb_func
 675              	HAL_LPTIM_Encoder_Start:
 676              	.LVL45:
 677              	.LFB400:
1222:Drivers/STM32L4xx_HAL_Driver/Src/stm32l4xx_hal_lptim.c ****   uint32_t          tmpcfgr;
 678              		.loc 1 1222 1 is_stmt 1 view -0
 679              		.cfi_startproc
 680              		@ args = 0, pretend = 0, frame = 0
 681              		@ frame_needed = 0, uses_anonymous_args = 0
1222:Drivers/STM32L4xx_HAL_Driver/Src/stm32l4xx_hal_lptim.c ****   uint32_t          tmpcfgr;
 682              		.loc 1 1222 1 is_stmt 0 view .LVU219
 683 0000 38B5     		push	{r3, r4, r5, lr}
 684              	.LCFI5:
 685              		.cfi_def_cfa_offset 16
 686              		.cfi_offset 3, -16
ARM GAS  /tmp/ccCFMTgI.s 			page 61


 687              		.cfi_offset 4, -12
 688              		.cfi_offset 5, -8
 689              		.cfi_offset 14, -4
 690 0002 0446     		mov	r4, r0
 691 0004 0B46     		mov	r3, r1
1223:Drivers/STM32L4xx_HAL_Driver/Src/stm32l4xx_hal_lptim.c **** 
 692              		.loc 1 1223 3 is_stmt 1 view .LVU220
1226:Drivers/STM32L4xx_HAL_Driver/Src/stm32l4xx_hal_lptim.c ****   assert_param(IS_LPTIM_PERIOD(Period));
 693              		.loc 1 1226 3 view .LVU221
1227:Drivers/STM32L4xx_HAL_Driver/Src/stm32l4xx_hal_lptim.c ****   assert_param(hlptim->Init.Clock.Source == LPTIM_CLOCKSOURCE_APBCLOCK_LPOSC);
 694              		.loc 1 1227 3 view .LVU222
1228:Drivers/STM32L4xx_HAL_Driver/Src/stm32l4xx_hal_lptim.c ****   assert_param(hlptim->Init.Clock.Prescaler == LPTIM_PRESCALER_DIV1);
 695              		.loc 1 1228 3 view .LVU223
1229:Drivers/STM32L4xx_HAL_Driver/Src/stm32l4xx_hal_lptim.c ****   assert_param(IS_LPTIM_CLOCK_POLARITY(hlptim->Init.UltraLowPowerClock.Polarity));
 696              		.loc 1 1229 3 view .LVU224
1230:Drivers/STM32L4xx_HAL_Driver/Src/stm32l4xx_hal_lptim.c **** 
 697              		.loc 1 1230 3 view .LVU225
1233:Drivers/STM32L4xx_HAL_Driver/Src/stm32l4xx_hal_lptim.c **** 
 698              		.loc 1 1233 3 view .LVU226
1233:Drivers/STM32L4xx_HAL_Driver/Src/stm32l4xx_hal_lptim.c **** 
 699              		.loc 1 1233 17 is_stmt 0 view .LVU227
 700 0006 0222     		movs	r2, #2
 701 0008 80F83620 		strb	r2, [r0, #54]
1236:Drivers/STM32L4xx_HAL_Driver/Src/stm32l4xx_hal_lptim.c **** 
 702              		.loc 1 1236 3 is_stmt 1 view .LVU228
1236:Drivers/STM32L4xx_HAL_Driver/Src/stm32l4xx_hal_lptim.c **** 
 703              		.loc 1 1236 19 is_stmt 0 view .LVU229
 704 000c 0568     		ldr	r5, [r0]
1236:Drivers/STM32L4xx_HAL_Driver/Src/stm32l4xx_hal_lptim.c **** 
 705              		.loc 1 1236 11 view .LVU230
 706 000e E968     		ldr	r1, [r5, #12]
 707              	.LVL46:
1239:Drivers/STM32L4xx_HAL_Driver/Src/stm32l4xx_hal_lptim.c **** 
 708              		.loc 1 1239 3 is_stmt 1 view .LVU231
1239:Drivers/STM32L4xx_HAL_Driver/Src/stm32l4xx_hal_lptim.c **** 
 709              		.loc 1 1239 11 is_stmt 0 view .LVU232
 710 0010 21F00601 		bic	r1, r1, #6
 711              	.LVL47:
1242:Drivers/STM32L4xx_HAL_Driver/Src/stm32l4xx_hal_lptim.c **** 
 712              		.loc 1 1242 3 is_stmt 1 view .LVU233
1242:Drivers/STM32L4xx_HAL_Driver/Src/stm32l4xx_hal_lptim.c **** 
 713              		.loc 1 1242 46 is_stmt 0 view .LVU234
 714 0014 C268     		ldr	r2, [r0, #12]
1242:Drivers/STM32L4xx_HAL_Driver/Src/stm32l4xx_hal_lptim.c **** 
 715              		.loc 1 1242 11 view .LVU235
 716 0016 0A43     		orrs	r2, r2, r1
 717              	.LVL48:
1245:Drivers/STM32L4xx_HAL_Driver/Src/stm32l4xx_hal_lptim.c **** 
 718              		.loc 1 1245 3 is_stmt 1 view .LVU236
1245:Drivers/STM32L4xx_HAL_Driver/Src/stm32l4xx_hal_lptim.c **** 
 719              		.loc 1 1245 26 is_stmt 0 view .LVU237
 720 0018 EA60     		str	r2, [r5, #12]
1248:Drivers/STM32L4xx_HAL_Driver/Src/stm32l4xx_hal_lptim.c **** 
 721              		.loc 1 1248 3 is_stmt 1 view .LVU238
1248:Drivers/STM32L4xx_HAL_Driver/Src/stm32l4xx_hal_lptim.c **** 
 722              		.loc 1 1248 9 is_stmt 0 view .LVU239
 723 001a 0168     		ldr	r1, [r0]
ARM GAS  /tmp/ccCFMTgI.s 			page 62


1248:Drivers/STM32L4xx_HAL_Driver/Src/stm32l4xx_hal_lptim.c **** 
 724              		.loc 1 1248 19 view .LVU240
 725 001c CA68     		ldr	r2, [r1, #12]
 726              	.LVL49:
1248:Drivers/STM32L4xx_HAL_Driver/Src/stm32l4xx_hal_lptim.c **** 
 727              		.loc 1 1248 26 view .LVU241
 728 001e 42F08072 		orr	r2, r2, #16777216
 729 0022 CA60     		str	r2, [r1, #12]
 730              	.LVL50:
1251:Drivers/STM32L4xx_HAL_Driver/Src/stm32l4xx_hal_lptim.c **** 
 731              		.loc 1 1251 3 is_stmt 1 view .LVU242
 732 0024 0168     		ldr	r1, [r0]
 733 0026 0A69     		ldr	r2, [r1, #16]
 734 0028 42F00102 		orr	r2, r2, #1
 735 002c 0A61     		str	r2, [r1, #16]
1254:Drivers/STM32L4xx_HAL_Driver/Src/stm32l4xx_hal_lptim.c **** 
 736              		.loc 1 1254 3 view .LVU243
 737 002e 0268     		ldr	r2, [r0]
 738 0030 1021     		movs	r1, #16
 739 0032 5160     		str	r1, [r2, #4]
1257:Drivers/STM32L4xx_HAL_Driver/Src/stm32l4xx_hal_lptim.c **** 
 740              		.loc 1 1257 3 view .LVU244
 741 0034 0268     		ldr	r2, [r0]
 742 0036 9361     		str	r3, [r2, #24]
1260:Drivers/STM32L4xx_HAL_Driver/Src/stm32l4xx_hal_lptim.c ****   {
 743              		.loc 1 1260 3 view .LVU245
1260:Drivers/STM32L4xx_HAL_Driver/Src/stm32l4xx_hal_lptim.c ****   {
 744              		.loc 1 1260 7 is_stmt 0 view .LVU246
 745 0038 FFF7FEFF 		bl	LPTIM_WaitForFlag
 746              	.LVL51:
1260:Drivers/STM32L4xx_HAL_Driver/Src/stm32l4xx_hal_lptim.c ****   {
 747              		.loc 1 1260 6 discriminator 1 view .LVU247
 748 003c 0328     		cmp	r0, #3
 749 003e 08D0     		beq	.L41
1266:Drivers/STM32L4xx_HAL_Driver/Src/stm32l4xx_hal_lptim.c **** 
 750              		.loc 1 1266 3 is_stmt 1 view .LVU248
 751 0040 2268     		ldr	r2, [r4]
 752 0042 1369     		ldr	r3, [r2, #16]
 753 0044 43F00403 		orr	r3, r3, #4
 754 0048 1361     		str	r3, [r2, #16]
1269:Drivers/STM32L4xx_HAL_Driver/Src/stm32l4xx_hal_lptim.c **** 
 755              		.loc 1 1269 3 view .LVU249
1269:Drivers/STM32L4xx_HAL_Driver/Src/stm32l4xx_hal_lptim.c **** 
 756              		.loc 1 1269 17 is_stmt 0 view .LVU250
 757 004a 0123     		movs	r3, #1
 758 004c 84F83630 		strb	r3, [r4, #54]
1272:Drivers/STM32L4xx_HAL_Driver/Src/stm32l4xx_hal_lptim.c **** }
 759              		.loc 1 1272 3 is_stmt 1 view .LVU251
1272:Drivers/STM32L4xx_HAL_Driver/Src/stm32l4xx_hal_lptim.c **** }
 760              		.loc 1 1272 10 is_stmt 0 view .LVU252
 761 0050 0020     		movs	r0, #0
 762              	.L41:
1273:Drivers/STM32L4xx_HAL_Driver/Src/stm32l4xx_hal_lptim.c **** 
 763              		.loc 1 1273 1 view .LVU253
 764 0052 38BD     		pop	{r3, r4, r5, pc}
1273:Drivers/STM32L4xx_HAL_Driver/Src/stm32l4xx_hal_lptim.c **** 
 765              		.loc 1 1273 1 view .LVU254
ARM GAS  /tmp/ccCFMTgI.s 			page 63


 766              		.cfi_endproc
 767              	.LFE400:
 769              		.section	.text.HAL_LPTIM_TimeOut_Start,"ax",%progbits
 770              		.align	1
 771              		.global	HAL_LPTIM_TimeOut_Start
 772              		.syntax unified
 773              		.thumb
 774              		.thumb_func
 776              	HAL_LPTIM_TimeOut_Start:
 777              	.LVL52:
 778              	.LFB404:
1434:Drivers/STM32L4xx_HAL_Driver/Src/stm32l4xx_hal_lptim.c ****   /* Check the parameters */
 779              		.loc 1 1434 1 is_stmt 1 view -0
 780              		.cfi_startproc
 781              		@ args = 0, pretend = 0, frame = 0
 782              		@ frame_needed = 0, uses_anonymous_args = 0
1434:Drivers/STM32L4xx_HAL_Driver/Src/stm32l4xx_hal_lptim.c ****   /* Check the parameters */
 783              		.loc 1 1434 1 is_stmt 0 view .LVU256
 784 0000 38B5     		push	{r3, r4, r5, lr}
 785              	.LCFI6:
 786              		.cfi_def_cfa_offset 16
 787              		.cfi_offset 3, -16
 788              		.cfi_offset 4, -12
 789              		.cfi_offset 5, -8
 790              		.cfi_offset 14, -4
 791 0002 0446     		mov	r4, r0
 792 0004 0B46     		mov	r3, r1
 793 0006 1546     		mov	r5, r2
1436:Drivers/STM32L4xx_HAL_Driver/Src/stm32l4xx_hal_lptim.c ****   assert_param(IS_LPTIM_PERIOD(Period));
 794              		.loc 1 1436 3 is_stmt 1 view .LVU257
1437:Drivers/STM32L4xx_HAL_Driver/Src/stm32l4xx_hal_lptim.c ****   assert_param(IS_LPTIM_PULSE(Timeout));
 795              		.loc 1 1437 3 view .LVU258
1438:Drivers/STM32L4xx_HAL_Driver/Src/stm32l4xx_hal_lptim.c **** 
 796              		.loc 1 1438 3 view .LVU259
1441:Drivers/STM32L4xx_HAL_Driver/Src/stm32l4xx_hal_lptim.c **** 
 797              		.loc 1 1441 3 view .LVU260
1441:Drivers/STM32L4xx_HAL_Driver/Src/stm32l4xx_hal_lptim.c **** 
 798              		.loc 1 1441 17 is_stmt 0 view .LVU261
 799 0008 0222     		movs	r2, #2
 800              	.LVL53:
1441:Drivers/STM32L4xx_HAL_Driver/Src/stm32l4xx_hal_lptim.c **** 
 801              		.loc 1 1441 17 view .LVU262
 802 000a 80F83620 		strb	r2, [r0, #54]
1444:Drivers/STM32L4xx_HAL_Driver/Src/stm32l4xx_hal_lptim.c **** 
 803              		.loc 1 1444 3 is_stmt 1 view .LVU263
1444:Drivers/STM32L4xx_HAL_Driver/Src/stm32l4xx_hal_lptim.c **** 
 804              		.loc 1 1444 9 is_stmt 0 view .LVU264
 805 000e 0268     		ldr	r2, [r0]
1444:Drivers/STM32L4xx_HAL_Driver/Src/stm32l4xx_hal_lptim.c **** 
 806              		.loc 1 1444 19 view .LVU265
 807 0010 D168     		ldr	r1, [r2, #12]
 808              	.LVL54:
1444:Drivers/STM32L4xx_HAL_Driver/Src/stm32l4xx_hal_lptim.c **** 
 809              		.loc 1 1444 26 view .LVU266
 810 0012 41F40021 		orr	r1, r1, #524288
 811 0016 D160     		str	r1, [r2, #12]
1447:Drivers/STM32L4xx_HAL_Driver/Src/stm32l4xx_hal_lptim.c **** 
ARM GAS  /tmp/ccCFMTgI.s 			page 64


 812              		.loc 1 1447 3 is_stmt 1 view .LVU267
 813 0018 0268     		ldr	r2, [r0]
 814 001a 1169     		ldr	r1, [r2, #16]
 815 001c 41F00101 		orr	r1, r1, #1
 816 0020 1161     		str	r1, [r2, #16]
1450:Drivers/STM32L4xx_HAL_Driver/Src/stm32l4xx_hal_lptim.c **** 
 817              		.loc 1 1450 3 view .LVU268
 818 0022 0268     		ldr	r2, [r0]
 819 0024 1021     		movs	r1, #16
 820 0026 5160     		str	r1, [r2, #4]
1453:Drivers/STM32L4xx_HAL_Driver/Src/stm32l4xx_hal_lptim.c **** 
 821              		.loc 1 1453 3 view .LVU269
 822 0028 0268     		ldr	r2, [r0]
 823 002a 9361     		str	r3, [r2, #24]
1456:Drivers/STM32L4xx_HAL_Driver/Src/stm32l4xx_hal_lptim.c ****   {
 824              		.loc 1 1456 3 view .LVU270
1456:Drivers/STM32L4xx_HAL_Driver/Src/stm32l4xx_hal_lptim.c ****   {
 825              		.loc 1 1456 7 is_stmt 0 view .LVU271
 826 002c FFF7FEFF 		bl	LPTIM_WaitForFlag
 827              	.LVL55:
1456:Drivers/STM32L4xx_HAL_Driver/Src/stm32l4xx_hal_lptim.c ****   {
 828              		.loc 1 1456 6 discriminator 1 view .LVU272
 829 0030 0328     		cmp	r0, #3
 830 0032 12D0     		beq	.L44
1462:Drivers/STM32L4xx_HAL_Driver/Src/stm32l4xx_hal_lptim.c **** 
 831              		.loc 1 1462 3 is_stmt 1 view .LVU273
 832 0034 2368     		ldr	r3, [r4]
 833 0036 0821     		movs	r1, #8
 834 0038 5960     		str	r1, [r3, #4]
1465:Drivers/STM32L4xx_HAL_Driver/Src/stm32l4xx_hal_lptim.c **** 
 835              		.loc 1 1465 3 view .LVU274
 836 003a 2368     		ldr	r3, [r4]
 837 003c 5D61     		str	r5, [r3, #20]
1468:Drivers/STM32L4xx_HAL_Driver/Src/stm32l4xx_hal_lptim.c ****   {
 838              		.loc 1 1468 3 view .LVU275
1468:Drivers/STM32L4xx_HAL_Driver/Src/stm32l4xx_hal_lptim.c ****   {
 839              		.loc 1 1468 7 is_stmt 0 view .LVU276
 840 003e 2046     		mov	r0, r4
 841 0040 FFF7FEFF 		bl	LPTIM_WaitForFlag
 842              	.LVL56:
1468:Drivers/STM32L4xx_HAL_Driver/Src/stm32l4xx_hal_lptim.c ****   {
 843              		.loc 1 1468 6 discriminator 1 view .LVU277
 844 0044 0328     		cmp	r0, #3
 845 0046 08D0     		beq	.L44
1474:Drivers/STM32L4xx_HAL_Driver/Src/stm32l4xx_hal_lptim.c **** 
 846              		.loc 1 1474 3 is_stmt 1 view .LVU278
 847 0048 2268     		ldr	r2, [r4]
 848 004a 1369     		ldr	r3, [r2, #16]
 849 004c 43F00403 		orr	r3, r3, #4
 850 0050 1361     		str	r3, [r2, #16]
1477:Drivers/STM32L4xx_HAL_Driver/Src/stm32l4xx_hal_lptim.c **** 
 851              		.loc 1 1477 3 view .LVU279
1477:Drivers/STM32L4xx_HAL_Driver/Src/stm32l4xx_hal_lptim.c **** 
 852              		.loc 1 1477 17 is_stmt 0 view .LVU280
 853 0052 0123     		movs	r3, #1
 854 0054 84F83630 		strb	r3, [r4, #54]
1480:Drivers/STM32L4xx_HAL_Driver/Src/stm32l4xx_hal_lptim.c **** }
ARM GAS  /tmp/ccCFMTgI.s 			page 65


 855              		.loc 1 1480 3 is_stmt 1 view .LVU281
1480:Drivers/STM32L4xx_HAL_Driver/Src/stm32l4xx_hal_lptim.c **** }
 856              		.loc 1 1480 10 is_stmt 0 view .LVU282
 857 0058 0020     		movs	r0, #0
 858              	.L44:
1481:Drivers/STM32L4xx_HAL_Driver/Src/stm32l4xx_hal_lptim.c **** 
 859              		.loc 1 1481 1 view .LVU283
 860 005a 38BD     		pop	{r3, r4, r5, pc}
1481:Drivers/STM32L4xx_HAL_Driver/Src/stm32l4xx_hal_lptim.c **** 
 861              		.loc 1 1481 1 view .LVU284
 862              		.cfi_endproc
 863              	.LFE404:
 865              		.section	.text.HAL_LPTIM_Counter_Start,"ax",%progbits
 866              		.align	1
 867              		.global	HAL_LPTIM_Counter_Start
 868              		.syntax unified
 869              		.thumb
 870              		.thumb_func
 872              	HAL_LPTIM_Counter_Start:
 873              	.LVL57:
 874              	.LFB408:
1638:Drivers/STM32L4xx_HAL_Driver/Src/stm32l4xx_hal_lptim.c ****   /* Check the parameters */
 875              		.loc 1 1638 1 is_stmt 1 view -0
 876              		.cfi_startproc
 877              		@ args = 0, pretend = 0, frame = 0
 878              		@ frame_needed = 0, uses_anonymous_args = 0
1638:Drivers/STM32L4xx_HAL_Driver/Src/stm32l4xx_hal_lptim.c ****   /* Check the parameters */
 879              		.loc 1 1638 1 is_stmt 0 view .LVU286
 880 0000 10B5     		push	{r4, lr}
 881              	.LCFI7:
 882              		.cfi_def_cfa_offset 8
 883              		.cfi_offset 4, -8
 884              		.cfi_offset 14, -4
 885 0002 0446     		mov	r4, r0
 886 0004 0B46     		mov	r3, r1
1640:Drivers/STM32L4xx_HAL_Driver/Src/stm32l4xx_hal_lptim.c ****   assert_param(IS_LPTIM_PERIOD(Period));
 887              		.loc 1 1640 3 is_stmt 1 view .LVU287
1641:Drivers/STM32L4xx_HAL_Driver/Src/stm32l4xx_hal_lptim.c **** 
 888              		.loc 1 1641 3 view .LVU288
1644:Drivers/STM32L4xx_HAL_Driver/Src/stm32l4xx_hal_lptim.c **** 
 889              		.loc 1 1644 3 view .LVU289
1644:Drivers/STM32L4xx_HAL_Driver/Src/stm32l4xx_hal_lptim.c **** 
 890              		.loc 1 1644 17 is_stmt 0 view .LVU290
 891 0006 0222     		movs	r2, #2
 892 0008 80F83620 		strb	r2, [r0, #54]
1647:Drivers/STM32L4xx_HAL_Driver/Src/stm32l4xx_hal_lptim.c ****       && (hlptim->Init.CounterSource == LPTIM_COUNTERSOURCE_EXTERNAL))
 893              		.loc 1 1647 3 is_stmt 1 view .LVU291
1647:Drivers/STM32L4xx_HAL_Driver/Src/stm32l4xx_hal_lptim.c ****       && (hlptim->Init.CounterSource == LPTIM_COUNTERSOURCE_EXTERNAL))
 894              		.loc 1 1647 26 is_stmt 0 view .LVU292
 895 000c 4268     		ldr	r2, [r0, #4]
1647:Drivers/STM32L4xx_HAL_Driver/Src/stm32l4xx_hal_lptim.c ****       && (hlptim->Init.CounterSource == LPTIM_COUNTERSOURCE_EXTERNAL))
 896              		.loc 1 1647 6 view .LVU293
 897 000e 012A     		cmp	r2, #1
 898 0010 03D0     		beq	.L47
1648:Drivers/STM32L4xx_HAL_Driver/Src/stm32l4xx_hal_lptim.c ****   {
 899              		.loc 1 1648 23 view .LVU294
 900 0012 826A     		ldr	r2, [r0, #40]
ARM GAS  /tmp/ccCFMTgI.s 			page 66


1648:Drivers/STM32L4xx_HAL_Driver/Src/stm32l4xx_hal_lptim.c ****   {
 901              		.loc 1 1648 7 view .LVU295
 902 0014 B2F5000F 		cmp	r2, #8388608
 903 0018 18D0     		beq	.L50
 904              	.LVL58:
 905              	.L47:
1657:Drivers/STM32L4xx_HAL_Driver/Src/stm32l4xx_hal_lptim.c **** 
 906              		.loc 1 1657 3 is_stmt 1 view .LVU296
 907 001a 2168     		ldr	r1, [r4]
 908 001c 0A69     		ldr	r2, [r1, #16]
 909 001e 42F00102 		orr	r2, r2, #1
 910 0022 0A61     		str	r2, [r1, #16]
1660:Drivers/STM32L4xx_HAL_Driver/Src/stm32l4xx_hal_lptim.c **** 
 911              		.loc 1 1660 3 view .LVU297
 912 0024 2268     		ldr	r2, [r4]
 913 0026 1021     		movs	r1, #16
 914 0028 5160     		str	r1, [r2, #4]
1663:Drivers/STM32L4xx_HAL_Driver/Src/stm32l4xx_hal_lptim.c **** 
 915              		.loc 1 1663 3 view .LVU298
 916 002a 2268     		ldr	r2, [r4]
 917 002c 9361     		str	r3, [r2, #24]
1666:Drivers/STM32L4xx_HAL_Driver/Src/stm32l4xx_hal_lptim.c ****   {
 918              		.loc 1 1666 3 view .LVU299
1666:Drivers/STM32L4xx_HAL_Driver/Src/stm32l4xx_hal_lptim.c ****   {
 919              		.loc 1 1666 7 is_stmt 0 view .LVU300
 920 002e 2046     		mov	r0, r4
 921              	.LVL59:
1666:Drivers/STM32L4xx_HAL_Driver/Src/stm32l4xx_hal_lptim.c ****   {
 922              		.loc 1 1666 7 view .LVU301
 923 0030 FFF7FEFF 		bl	LPTIM_WaitForFlag
 924              	.LVL60:
1666:Drivers/STM32L4xx_HAL_Driver/Src/stm32l4xx_hal_lptim.c ****   {
 925              		.loc 1 1666 6 discriminator 1 view .LVU302
 926 0034 0328     		cmp	r0, #3
 927 0036 08D0     		beq	.L48
1672:Drivers/STM32L4xx_HAL_Driver/Src/stm32l4xx_hal_lptim.c **** 
 928              		.loc 1 1672 3 is_stmt 1 view .LVU303
 929 0038 2268     		ldr	r2, [r4]
 930 003a 1369     		ldr	r3, [r2, #16]
 931 003c 43F00403 		orr	r3, r3, #4
 932 0040 1361     		str	r3, [r2, #16]
1675:Drivers/STM32L4xx_HAL_Driver/Src/stm32l4xx_hal_lptim.c **** 
 933              		.loc 1 1675 3 view .LVU304
1675:Drivers/STM32L4xx_HAL_Driver/Src/stm32l4xx_hal_lptim.c **** 
 934              		.loc 1 1675 17 is_stmt 0 view .LVU305
 935 0042 0123     		movs	r3, #1
 936 0044 84F83630 		strb	r3, [r4, #54]
1678:Drivers/STM32L4xx_HAL_Driver/Src/stm32l4xx_hal_lptim.c **** }
 937              		.loc 1 1678 3 is_stmt 1 view .LVU306
1678:Drivers/STM32L4xx_HAL_Driver/Src/stm32l4xx_hal_lptim.c **** }
 938              		.loc 1 1678 10 is_stmt 0 view .LVU307
 939 0048 0020     		movs	r0, #0
 940              	.L48:
1679:Drivers/STM32L4xx_HAL_Driver/Src/stm32l4xx_hal_lptim.c **** 
 941              		.loc 1 1679 1 view .LVU308
 942 004a 10BD     		pop	{r4, pc}
 943              	.LVL61:
ARM GAS  /tmp/ccCFMTgI.s 			page 67


 944              	.L50:
1651:Drivers/STM32L4xx_HAL_Driver/Src/stm32l4xx_hal_lptim.c ****     /* Set clock prescaler to 0 */
 945              		.loc 1 1651 5 is_stmt 1 view .LVU309
1653:Drivers/STM32L4xx_HAL_Driver/Src/stm32l4xx_hal_lptim.c ****   }
 946              		.loc 1 1653 5 view .LVU310
1653:Drivers/STM32L4xx_HAL_Driver/Src/stm32l4xx_hal_lptim.c ****   }
 947              		.loc 1 1653 11 is_stmt 0 view .LVU311
 948 004c 0168     		ldr	r1, [r0]
 949              	.LVL62:
1653:Drivers/STM32L4xx_HAL_Driver/Src/stm32l4xx_hal_lptim.c ****   }
 950              		.loc 1 1653 21 view .LVU312
 951 004e CA68     		ldr	r2, [r1, #12]
1653:Drivers/STM32L4xx_HAL_Driver/Src/stm32l4xx_hal_lptim.c ****   }
 952              		.loc 1 1653 28 view .LVU313
 953 0050 22F46062 		bic	r2, r2, #3584
 954 0054 CA60     		str	r2, [r1, #12]
 955 0056 E0E7     		b	.L47
 956              		.cfi_endproc
 957              	.LFE408:
 959              		.section	.text.HAL_LPTIM_ReadCounter,"ax",%progbits
 960              		.align	1
 961              		.global	HAL_LPTIM_ReadCounter
 962              		.syntax unified
 963              		.thumb
 964              		.thumb_func
 966              	HAL_LPTIM_ReadCounter:
 967              	.LVL63:
 968              	.LFB412:
1858:Drivers/STM32L4xx_HAL_Driver/Src/stm32l4xx_hal_lptim.c ****   /* Check the parameters */
 969              		.loc 1 1858 1 is_stmt 1 view -0
 970              		.cfi_startproc
 971              		@ args = 0, pretend = 0, frame = 0
 972              		@ frame_needed = 0, uses_anonymous_args = 0
 973              		@ link register save eliminated.
1860:Drivers/STM32L4xx_HAL_Driver/Src/stm32l4xx_hal_lptim.c **** 
 974              		.loc 1 1860 3 view .LVU315
1862:Drivers/STM32L4xx_HAL_Driver/Src/stm32l4xx_hal_lptim.c **** }
 975              		.loc 1 1862 3 view .LVU316
1862:Drivers/STM32L4xx_HAL_Driver/Src/stm32l4xx_hal_lptim.c **** }
 976              		.loc 1 1862 17 is_stmt 0 view .LVU317
 977 0000 0368     		ldr	r3, [r0]
1862:Drivers/STM32L4xx_HAL_Driver/Src/stm32l4xx_hal_lptim.c **** }
 978              		.loc 1 1862 27 view .LVU318
 979 0002 D869     		ldr	r0, [r3, #28]
 980              	.LVL64:
1863:Drivers/STM32L4xx_HAL_Driver/Src/stm32l4xx_hal_lptim.c **** 
 981              		.loc 1 1863 1 view .LVU319
 982 0004 7047     		bx	lr
 983              		.cfi_endproc
 984              	.LFE412:
 986              		.section	.text.HAL_LPTIM_ReadAutoReload,"ax",%progbits
 987              		.align	1
 988              		.global	HAL_LPTIM_ReadAutoReload
 989              		.syntax unified
 990              		.thumb
 991              		.thumb_func
 993              	HAL_LPTIM_ReadAutoReload:
ARM GAS  /tmp/ccCFMTgI.s 			page 68


 994              	.LVL65:
 995              	.LFB413:
1871:Drivers/STM32L4xx_HAL_Driver/Src/stm32l4xx_hal_lptim.c ****   /* Check the parameters */
 996              		.loc 1 1871 1 is_stmt 1 view -0
 997              		.cfi_startproc
 998              		@ args = 0, pretend = 0, frame = 0
 999              		@ frame_needed = 0, uses_anonymous_args = 0
 1000              		@ link register save eliminated.
1873:Drivers/STM32L4xx_HAL_Driver/Src/stm32l4xx_hal_lptim.c **** 
 1001              		.loc 1 1873 3 view .LVU321
1875:Drivers/STM32L4xx_HAL_Driver/Src/stm32l4xx_hal_lptim.c **** }
 1002              		.loc 1 1875 3 view .LVU322
1875:Drivers/STM32L4xx_HAL_Driver/Src/stm32l4xx_hal_lptim.c **** }
 1003              		.loc 1 1875 17 is_stmt 0 view .LVU323
 1004 0000 0368     		ldr	r3, [r0]
1875:Drivers/STM32L4xx_HAL_Driver/Src/stm32l4xx_hal_lptim.c **** }
 1005              		.loc 1 1875 27 view .LVU324
 1006 0002 9869     		ldr	r0, [r3, #24]
 1007              	.LVL66:
1876:Drivers/STM32L4xx_HAL_Driver/Src/stm32l4xx_hal_lptim.c **** 
 1008              		.loc 1 1876 1 view .LVU325
 1009 0004 7047     		bx	lr
 1010              		.cfi_endproc
 1011              	.LFE413:
 1013              		.section	.text.HAL_LPTIM_ReadCapturedValue,"ax",%progbits
 1014              		.align	1
 1015              		.global	HAL_LPTIM_ReadCapturedValue
 1016              		.syntax unified
 1017              		.thumb
 1018              		.thumb_func
 1020              	HAL_LPTIM_ReadCapturedValue:
 1021              	.LVL67:
 1022              	.LFB414:
1884:Drivers/STM32L4xx_HAL_Driver/Src/stm32l4xx_hal_lptim.c ****   /* Check the parameters */
 1023              		.loc 1 1884 1 is_stmt 1 view -0
 1024              		.cfi_startproc
 1025              		@ args = 0, pretend = 0, frame = 0
 1026              		@ frame_needed = 0, uses_anonymous_args = 0
 1027              		@ link register save eliminated.
1886:Drivers/STM32L4xx_HAL_Driver/Src/stm32l4xx_hal_lptim.c **** 
 1028              		.loc 1 1886 3 view .LVU327
1888:Drivers/STM32L4xx_HAL_Driver/Src/stm32l4xx_hal_lptim.c **** }
 1029              		.loc 1 1888 3 view .LVU328
1888:Drivers/STM32L4xx_HAL_Driver/Src/stm32l4xx_hal_lptim.c **** }
 1030              		.loc 1 1888 17 is_stmt 0 view .LVU329
 1031 0000 0368     		ldr	r3, [r0]
1888:Drivers/STM32L4xx_HAL_Driver/Src/stm32l4xx_hal_lptim.c **** }
 1032              		.loc 1 1888 27 view .LVU330
 1033 0002 5869     		ldr	r0, [r3, #20]
 1034              	.LVL68:
1889:Drivers/STM32L4xx_HAL_Driver/Src/stm32l4xx_hal_lptim.c **** 
 1035              		.loc 1 1889 1 view .LVU331
 1036 0004 7047     		bx	lr
 1037              		.cfi_endproc
 1038              	.LFE414:
 1040              		.section	.text.HAL_LPTIM_CompareMatchCallback,"ax",%progbits
 1041              		.align	1
ARM GAS  /tmp/ccCFMTgI.s 			page 69


 1042              		.weak	HAL_LPTIM_CompareMatchCallback
 1043              		.syntax unified
 1044              		.thumb
 1045              		.thumb_func
 1047              	HAL_LPTIM_CompareMatchCallback:
 1048              	.LVL69:
 1049              	.LFB416:
2087:Drivers/STM32L4xx_HAL_Driver/Src/stm32l4xx_hal_lptim.c ****   /* Prevent unused argument(s) compilation warning */
 1050              		.loc 1 2087 1 is_stmt 1 view -0
 1051              		.cfi_startproc
 1052              		@ args = 0, pretend = 0, frame = 0
 1053              		@ frame_needed = 0, uses_anonymous_args = 0
 1054              		@ link register save eliminated.
2089:Drivers/STM32L4xx_HAL_Driver/Src/stm32l4xx_hal_lptim.c **** 
 1055              		.loc 1 2089 3 view .LVU333
2094:Drivers/STM32L4xx_HAL_Driver/Src/stm32l4xx_hal_lptim.c **** 
 1056              		.loc 1 2094 1 is_stmt 0 view .LVU334
 1057 0000 7047     		bx	lr
 1058              		.cfi_endproc
 1059              	.LFE416:
 1061              		.section	.text.HAL_LPTIM_AutoReloadMatchCallback,"ax",%progbits
 1062              		.align	1
 1063              		.weak	HAL_LPTIM_AutoReloadMatchCallback
 1064              		.syntax unified
 1065              		.thumb
 1066              		.thumb_func
 1068              	HAL_LPTIM_AutoReloadMatchCallback:
 1069              	.LVL70:
 1070              	.LFB417:
2102:Drivers/STM32L4xx_HAL_Driver/Src/stm32l4xx_hal_lptim.c ****   /* Prevent unused argument(s) compilation warning */
 1071              		.loc 1 2102 1 is_stmt 1 view -0
 1072              		.cfi_startproc
 1073              		@ args = 0, pretend = 0, frame = 0
 1074              		@ frame_needed = 0, uses_anonymous_args = 0
 1075              		@ link register save eliminated.
2104:Drivers/STM32L4xx_HAL_Driver/Src/stm32l4xx_hal_lptim.c **** 
 1076              		.loc 1 2104 3 view .LVU336
2109:Drivers/STM32L4xx_HAL_Driver/Src/stm32l4xx_hal_lptim.c **** 
 1077              		.loc 1 2109 1 is_stmt 0 view .LVU337
 1078 0000 7047     		bx	lr
 1079              		.cfi_endproc
 1080              	.LFE417:
 1082              		.section	.text.HAL_LPTIM_TriggerCallback,"ax",%progbits
 1083              		.align	1
 1084              		.weak	HAL_LPTIM_TriggerCallback
 1085              		.syntax unified
 1086              		.thumb
 1087              		.thumb_func
 1089              	HAL_LPTIM_TriggerCallback:
 1090              	.LVL71:
 1091              	.LFB418:
2117:Drivers/STM32L4xx_HAL_Driver/Src/stm32l4xx_hal_lptim.c ****   /* Prevent unused argument(s) compilation warning */
 1092              		.loc 1 2117 1 is_stmt 1 view -0
 1093              		.cfi_startproc
 1094              		@ args = 0, pretend = 0, frame = 0
 1095              		@ frame_needed = 0, uses_anonymous_args = 0
 1096              		@ link register save eliminated.
ARM GAS  /tmp/ccCFMTgI.s 			page 70


2119:Drivers/STM32L4xx_HAL_Driver/Src/stm32l4xx_hal_lptim.c **** 
 1097              		.loc 1 2119 3 view .LVU339
2124:Drivers/STM32L4xx_HAL_Driver/Src/stm32l4xx_hal_lptim.c **** 
 1098              		.loc 1 2124 1 is_stmt 0 view .LVU340
 1099 0000 7047     		bx	lr
 1100              		.cfi_endproc
 1101              	.LFE418:
 1103              		.section	.text.HAL_LPTIM_CompareWriteCallback,"ax",%progbits
 1104              		.align	1
 1105              		.weak	HAL_LPTIM_CompareWriteCallback
 1106              		.syntax unified
 1107              		.thumb
 1108              		.thumb_func
 1110              	HAL_LPTIM_CompareWriteCallback:
 1111              	.LVL72:
 1112              	.LFB419:
2132:Drivers/STM32L4xx_HAL_Driver/Src/stm32l4xx_hal_lptim.c ****   /* Prevent unused argument(s) compilation warning */
 1113              		.loc 1 2132 1 is_stmt 1 view -0
 1114              		.cfi_startproc
 1115              		@ args = 0, pretend = 0, frame = 0
 1116              		@ frame_needed = 0, uses_anonymous_args = 0
 1117              		@ link register save eliminated.
2134:Drivers/STM32L4xx_HAL_Driver/Src/stm32l4xx_hal_lptim.c **** 
 1118              		.loc 1 2134 3 view .LVU342
2139:Drivers/STM32L4xx_HAL_Driver/Src/stm32l4xx_hal_lptim.c **** 
 1119              		.loc 1 2139 1 is_stmt 0 view .LVU343
 1120 0000 7047     		bx	lr
 1121              		.cfi_endproc
 1122              	.LFE419:
 1124              		.section	.text.HAL_LPTIM_AutoReloadWriteCallback,"ax",%progbits
 1125              		.align	1
 1126              		.weak	HAL_LPTIM_AutoReloadWriteCallback
 1127              		.syntax unified
 1128              		.thumb
 1129              		.thumb_func
 1131              	HAL_LPTIM_AutoReloadWriteCallback:
 1132              	.LVL73:
 1133              	.LFB420:
2147:Drivers/STM32L4xx_HAL_Driver/Src/stm32l4xx_hal_lptim.c ****   /* Prevent unused argument(s) compilation warning */
 1134              		.loc 1 2147 1 is_stmt 1 view -0
 1135              		.cfi_startproc
 1136              		@ args = 0, pretend = 0, frame = 0
 1137              		@ frame_needed = 0, uses_anonymous_args = 0
 1138              		@ link register save eliminated.
2149:Drivers/STM32L4xx_HAL_Driver/Src/stm32l4xx_hal_lptim.c **** 
 1139              		.loc 1 2149 3 view .LVU345
2154:Drivers/STM32L4xx_HAL_Driver/Src/stm32l4xx_hal_lptim.c **** 
 1140              		.loc 1 2154 1 is_stmt 0 view .LVU346
 1141 0000 7047     		bx	lr
 1142              		.cfi_endproc
 1143              	.LFE420:
 1145              		.section	.text.HAL_LPTIM_DirectionUpCallback,"ax",%progbits
 1146              		.align	1
 1147              		.weak	HAL_LPTIM_DirectionUpCallback
 1148              		.syntax unified
 1149              		.thumb
 1150              		.thumb_func
ARM GAS  /tmp/ccCFMTgI.s 			page 71


 1152              	HAL_LPTIM_DirectionUpCallback:
 1153              	.LVL74:
 1154              	.LFB421:
2162:Drivers/STM32L4xx_HAL_Driver/Src/stm32l4xx_hal_lptim.c ****   /* Prevent unused argument(s) compilation warning */
 1155              		.loc 1 2162 1 is_stmt 1 view -0
 1156              		.cfi_startproc
 1157              		@ args = 0, pretend = 0, frame = 0
 1158              		@ frame_needed = 0, uses_anonymous_args = 0
 1159              		@ link register save eliminated.
2164:Drivers/STM32L4xx_HAL_Driver/Src/stm32l4xx_hal_lptim.c **** 
 1160              		.loc 1 2164 3 view .LVU348
2169:Drivers/STM32L4xx_HAL_Driver/Src/stm32l4xx_hal_lptim.c **** 
 1161              		.loc 1 2169 1 is_stmt 0 view .LVU349
 1162 0000 7047     		bx	lr
 1163              		.cfi_endproc
 1164              	.LFE421:
 1166              		.section	.text.HAL_LPTIM_DirectionDownCallback,"ax",%progbits
 1167              		.align	1
 1168              		.weak	HAL_LPTIM_DirectionDownCallback
 1169              		.syntax unified
 1170              		.thumb
 1171              		.thumb_func
 1173              	HAL_LPTIM_DirectionDownCallback:
 1174              	.LVL75:
 1175              	.LFB422:
2177:Drivers/STM32L4xx_HAL_Driver/Src/stm32l4xx_hal_lptim.c ****   /* Prevent unused argument(s) compilation warning */
 1176              		.loc 1 2177 1 is_stmt 1 view -0
 1177              		.cfi_startproc
 1178              		@ args = 0, pretend = 0, frame = 0
 1179              		@ frame_needed = 0, uses_anonymous_args = 0
 1180              		@ link register save eliminated.
2179:Drivers/STM32L4xx_HAL_Driver/Src/stm32l4xx_hal_lptim.c **** 
 1181              		.loc 1 2179 3 view .LVU351
2184:Drivers/STM32L4xx_HAL_Driver/Src/stm32l4xx_hal_lptim.c **** #if defined(LPTIM_RCR_REP)
 1182              		.loc 1 2184 1 is_stmt 0 view .LVU352
 1183 0000 7047     		bx	lr
 1184              		.cfi_endproc
 1185              	.LFE422:
 1187              		.section	.text.HAL_LPTIM_IRQHandler,"ax",%progbits
 1188              		.align	1
 1189              		.global	HAL_LPTIM_IRQHandler
 1190              		.syntax unified
 1191              		.thumb
 1192              		.thumb_func
 1194              	HAL_LPTIM_IRQHandler:
 1195              	.LVL76:
 1196              	.LFB415:
1923:Drivers/STM32L4xx_HAL_Driver/Src/stm32l4xx_hal_lptim.c ****   /* Compare match interrupt */
 1197              		.loc 1 1923 1 is_stmt 1 view -0
 1198              		.cfi_startproc
 1199              		@ args = 0, pretend = 0, frame = 0
 1200              		@ frame_needed = 0, uses_anonymous_args = 0
1923:Drivers/STM32L4xx_HAL_Driver/Src/stm32l4xx_hal_lptim.c ****   /* Compare match interrupt */
 1201              		.loc 1 1923 1 is_stmt 0 view .LVU354
 1202 0000 10B5     		push	{r4, lr}
 1203              	.LCFI8:
 1204              		.cfi_def_cfa_offset 8
ARM GAS  /tmp/ccCFMTgI.s 			page 72


 1205              		.cfi_offset 4, -8
 1206              		.cfi_offset 14, -4
 1207 0002 0446     		mov	r4, r0
1925:Drivers/STM32L4xx_HAL_Driver/Src/stm32l4xx_hal_lptim.c ****   {
 1208              		.loc 1 1925 3 is_stmt 1 view .LVU355
1925:Drivers/STM32L4xx_HAL_Driver/Src/stm32l4xx_hal_lptim.c ****   {
 1209              		.loc 1 1925 7 is_stmt 0 view .LVU356
 1210 0004 0368     		ldr	r3, [r0]
 1211 0006 1A68     		ldr	r2, [r3]
1925:Drivers/STM32L4xx_HAL_Driver/Src/stm32l4xx_hal_lptim.c ****   {
 1212              		.loc 1 1925 6 view .LVU357
 1213 0008 12F0010F 		tst	r2, #1
 1214 000c 03D0     		beq	.L62
1927:Drivers/STM32L4xx_HAL_Driver/Src/stm32l4xx_hal_lptim.c ****     {
 1215              		.loc 1 1927 5 is_stmt 1 view .LVU358
1927:Drivers/STM32L4xx_HAL_Driver/Src/stm32l4xx_hal_lptim.c ****     {
 1216              		.loc 1 1927 9 is_stmt 0 view .LVU359
 1217 000e 9A68     		ldr	r2, [r3, #8]
1927:Drivers/STM32L4xx_HAL_Driver/Src/stm32l4xx_hal_lptim.c ****     {
 1218              		.loc 1 1927 8 view .LVU360
 1219 0010 12F0010F 		tst	r2, #1
 1220 0014 36D1     		bne	.L70
 1221              	.LVL77:
 1222              	.L62:
1942:Drivers/STM32L4xx_HAL_Driver/Src/stm32l4xx_hal_lptim.c ****   {
 1223              		.loc 1 1942 3 is_stmt 1 view .LVU361
1942:Drivers/STM32L4xx_HAL_Driver/Src/stm32l4xx_hal_lptim.c ****   {
 1224              		.loc 1 1942 7 is_stmt 0 view .LVU362
 1225 0016 2368     		ldr	r3, [r4]
 1226 0018 1A68     		ldr	r2, [r3]
1942:Drivers/STM32L4xx_HAL_Driver/Src/stm32l4xx_hal_lptim.c ****   {
 1227              		.loc 1 1942 6 view .LVU363
 1228 001a 12F0020F 		tst	r2, #2
 1229 001e 03D0     		beq	.L63
1944:Drivers/STM32L4xx_HAL_Driver/Src/stm32l4xx_hal_lptim.c ****     {
 1230              		.loc 1 1944 5 is_stmt 1 view .LVU364
1944:Drivers/STM32L4xx_HAL_Driver/Src/stm32l4xx_hal_lptim.c ****     {
 1231              		.loc 1 1944 9 is_stmt 0 view .LVU365
 1232 0020 9A68     		ldr	r2, [r3, #8]
1944:Drivers/STM32L4xx_HAL_Driver/Src/stm32l4xx_hal_lptim.c ****     {
 1233              		.loc 1 1944 8 view .LVU366
 1234 0022 12F0020F 		tst	r2, #2
 1235 0026 32D1     		bne	.L71
 1236              	.L63:
1959:Drivers/STM32L4xx_HAL_Driver/Src/stm32l4xx_hal_lptim.c ****   {
 1237              		.loc 1 1959 3 is_stmt 1 view .LVU367
1959:Drivers/STM32L4xx_HAL_Driver/Src/stm32l4xx_hal_lptim.c ****   {
 1238              		.loc 1 1959 7 is_stmt 0 view .LVU368
 1239 0028 2368     		ldr	r3, [r4]
 1240 002a 1A68     		ldr	r2, [r3]
1959:Drivers/STM32L4xx_HAL_Driver/Src/stm32l4xx_hal_lptim.c ****   {
 1241              		.loc 1 1959 6 view .LVU369
 1242 002c 12F0040F 		tst	r2, #4
 1243 0030 03D0     		beq	.L64
1961:Drivers/STM32L4xx_HAL_Driver/Src/stm32l4xx_hal_lptim.c ****     {
 1244              		.loc 1 1961 5 is_stmt 1 view .LVU370
1961:Drivers/STM32L4xx_HAL_Driver/Src/stm32l4xx_hal_lptim.c ****     {
ARM GAS  /tmp/ccCFMTgI.s 			page 73


 1245              		.loc 1 1961 9 is_stmt 0 view .LVU371
 1246 0032 9A68     		ldr	r2, [r3, #8]
1961:Drivers/STM32L4xx_HAL_Driver/Src/stm32l4xx_hal_lptim.c ****     {
 1247              		.loc 1 1961 8 view .LVU372
 1248 0034 12F0040F 		tst	r2, #4
 1249 0038 2FD1     		bne	.L72
 1250              	.L64:
1976:Drivers/STM32L4xx_HAL_Driver/Src/stm32l4xx_hal_lptim.c ****   {
 1251              		.loc 1 1976 3 is_stmt 1 view .LVU373
1976:Drivers/STM32L4xx_HAL_Driver/Src/stm32l4xx_hal_lptim.c ****   {
 1252              		.loc 1 1976 7 is_stmt 0 view .LVU374
 1253 003a 2368     		ldr	r3, [r4]
 1254 003c 1A68     		ldr	r2, [r3]
1976:Drivers/STM32L4xx_HAL_Driver/Src/stm32l4xx_hal_lptim.c ****   {
 1255              		.loc 1 1976 6 view .LVU375
 1256 003e 12F0080F 		tst	r2, #8
 1257 0042 03D0     		beq	.L65
1978:Drivers/STM32L4xx_HAL_Driver/Src/stm32l4xx_hal_lptim.c ****     {
 1258              		.loc 1 1978 5 is_stmt 1 view .LVU376
1978:Drivers/STM32L4xx_HAL_Driver/Src/stm32l4xx_hal_lptim.c ****     {
 1259              		.loc 1 1978 9 is_stmt 0 view .LVU377
 1260 0044 9A68     		ldr	r2, [r3, #8]
1978:Drivers/STM32L4xx_HAL_Driver/Src/stm32l4xx_hal_lptim.c ****     {
 1261              		.loc 1 1978 8 view .LVU378
 1262 0046 12F0080F 		tst	r2, #8
 1263 004a 2CD1     		bne	.L73
 1264              	.L65:
1993:Drivers/STM32L4xx_HAL_Driver/Src/stm32l4xx_hal_lptim.c ****   {
 1265              		.loc 1 1993 3 is_stmt 1 view .LVU379
1993:Drivers/STM32L4xx_HAL_Driver/Src/stm32l4xx_hal_lptim.c ****   {
 1266              		.loc 1 1993 7 is_stmt 0 view .LVU380
 1267 004c 2368     		ldr	r3, [r4]
 1268 004e 1A68     		ldr	r2, [r3]
1993:Drivers/STM32L4xx_HAL_Driver/Src/stm32l4xx_hal_lptim.c ****   {
 1269              		.loc 1 1993 6 view .LVU381
 1270 0050 12F0100F 		tst	r2, #16
 1271 0054 03D0     		beq	.L66
1995:Drivers/STM32L4xx_HAL_Driver/Src/stm32l4xx_hal_lptim.c ****     {
 1272              		.loc 1 1995 5 is_stmt 1 view .LVU382
1995:Drivers/STM32L4xx_HAL_Driver/Src/stm32l4xx_hal_lptim.c ****     {
 1273              		.loc 1 1995 9 is_stmt 0 view .LVU383
 1274 0056 9A68     		ldr	r2, [r3, #8]
1995:Drivers/STM32L4xx_HAL_Driver/Src/stm32l4xx_hal_lptim.c ****     {
 1275              		.loc 1 1995 8 view .LVU384
 1276 0058 12F0100F 		tst	r2, #16
 1277 005c 29D1     		bne	.L74
 1278              	.L66:
2010:Drivers/STM32L4xx_HAL_Driver/Src/stm32l4xx_hal_lptim.c ****   {
 1279              		.loc 1 2010 3 is_stmt 1 view .LVU385
2010:Drivers/STM32L4xx_HAL_Driver/Src/stm32l4xx_hal_lptim.c ****   {
 1280              		.loc 1 2010 7 is_stmt 0 view .LVU386
 1281 005e 2368     		ldr	r3, [r4]
 1282 0060 1A68     		ldr	r2, [r3]
2010:Drivers/STM32L4xx_HAL_Driver/Src/stm32l4xx_hal_lptim.c ****   {
 1283              		.loc 1 2010 6 view .LVU387
 1284 0062 12F0200F 		tst	r2, #32
 1285 0066 03D0     		beq	.L67
ARM GAS  /tmp/ccCFMTgI.s 			page 74


2012:Drivers/STM32L4xx_HAL_Driver/Src/stm32l4xx_hal_lptim.c ****     {
 1286              		.loc 1 2012 5 is_stmt 1 view .LVU388
2012:Drivers/STM32L4xx_HAL_Driver/Src/stm32l4xx_hal_lptim.c ****     {
 1287              		.loc 1 2012 9 is_stmt 0 view .LVU389
 1288 0068 9A68     		ldr	r2, [r3, #8]
2012:Drivers/STM32L4xx_HAL_Driver/Src/stm32l4xx_hal_lptim.c ****     {
 1289              		.loc 1 2012 8 view .LVU390
 1290 006a 12F0200F 		tst	r2, #32
 1291 006e 26D1     		bne	.L75
 1292              	.L67:
2027:Drivers/STM32L4xx_HAL_Driver/Src/stm32l4xx_hal_lptim.c ****   {
 1293              		.loc 1 2027 3 is_stmt 1 view .LVU391
2027:Drivers/STM32L4xx_HAL_Driver/Src/stm32l4xx_hal_lptim.c ****   {
 1294              		.loc 1 2027 7 is_stmt 0 view .LVU392
 1295 0070 2368     		ldr	r3, [r4]
 1296 0072 1A68     		ldr	r2, [r3]
2027:Drivers/STM32L4xx_HAL_Driver/Src/stm32l4xx_hal_lptim.c ****   {
 1297              		.loc 1 2027 6 view .LVU393
 1298 0074 12F0400F 		tst	r2, #64
 1299 0078 03D0     		beq	.L61
2029:Drivers/STM32L4xx_HAL_Driver/Src/stm32l4xx_hal_lptim.c ****     {
 1300              		.loc 1 2029 5 is_stmt 1 view .LVU394
2029:Drivers/STM32L4xx_HAL_Driver/Src/stm32l4xx_hal_lptim.c ****     {
 1301              		.loc 1 2029 9 is_stmt 0 view .LVU395
 1302 007a 9A68     		ldr	r2, [r3, #8]
2029:Drivers/STM32L4xx_HAL_Driver/Src/stm32l4xx_hal_lptim.c ****     {
 1303              		.loc 1 2029 8 view .LVU396
 1304 007c 12F0400F 		tst	r2, #64
 1305 0080 23D1     		bne	.L76
 1306              	.L61:
2079:Drivers/STM32L4xx_HAL_Driver/Src/stm32l4xx_hal_lptim.c **** 
 1307              		.loc 1 2079 1 view .LVU397
 1308 0082 10BD     		pop	{r4, pc}
 1309              	.LVL78:
 1310              	.L70:
1930:Drivers/STM32L4xx_HAL_Driver/Src/stm32l4xx_hal_lptim.c **** 
 1311              		.loc 1 1930 7 is_stmt 1 view .LVU398
 1312 0084 0122     		movs	r2, #1
 1313 0086 5A60     		str	r2, [r3, #4]
1936:Drivers/STM32L4xx_HAL_Driver/Src/stm32l4xx_hal_lptim.c **** #endif /* USE_HAL_LPTIM_REGISTER_CALLBACKS */
 1314              		.loc 1 1936 7 view .LVU399
 1315 0088 FFF7FEFF 		bl	HAL_LPTIM_CompareMatchCallback
 1316              	.LVL79:
1936:Drivers/STM32L4xx_HAL_Driver/Src/stm32l4xx_hal_lptim.c **** #endif /* USE_HAL_LPTIM_REGISTER_CALLBACKS */
 1317              		.loc 1 1936 7 is_stmt 0 view .LVU400
 1318 008c C3E7     		b	.L62
 1319              	.L71:
1947:Drivers/STM32L4xx_HAL_Driver/Src/stm32l4xx_hal_lptim.c **** 
 1320              		.loc 1 1947 7 is_stmt 1 view .LVU401
 1321 008e 0222     		movs	r2, #2
 1322 0090 5A60     		str	r2, [r3, #4]
1953:Drivers/STM32L4xx_HAL_Driver/Src/stm32l4xx_hal_lptim.c **** #endif /* USE_HAL_LPTIM_REGISTER_CALLBACKS */
 1323              		.loc 1 1953 7 view .LVU402
 1324 0092 2046     		mov	r0, r4
 1325 0094 FFF7FEFF 		bl	HAL_LPTIM_AutoReloadMatchCallback
 1326              	.LVL80:
 1327 0098 C6E7     		b	.L63
ARM GAS  /tmp/ccCFMTgI.s 			page 75


 1328              	.L72:
1964:Drivers/STM32L4xx_HAL_Driver/Src/stm32l4xx_hal_lptim.c **** 
 1329              		.loc 1 1964 7 view .LVU403
 1330 009a 0422     		movs	r2, #4
 1331 009c 5A60     		str	r2, [r3, #4]
1970:Drivers/STM32L4xx_HAL_Driver/Src/stm32l4xx_hal_lptim.c **** #endif /* USE_HAL_LPTIM_REGISTER_CALLBACKS */
 1332              		.loc 1 1970 7 view .LVU404
 1333 009e 2046     		mov	r0, r4
 1334 00a0 FFF7FEFF 		bl	HAL_LPTIM_TriggerCallback
 1335              	.LVL81:
 1336 00a4 C9E7     		b	.L64
 1337              	.L73:
1981:Drivers/STM32L4xx_HAL_Driver/Src/stm32l4xx_hal_lptim.c **** 
 1338              		.loc 1 1981 7 view .LVU405
 1339 00a6 0822     		movs	r2, #8
 1340 00a8 5A60     		str	r2, [r3, #4]
1987:Drivers/STM32L4xx_HAL_Driver/Src/stm32l4xx_hal_lptim.c **** #endif /* USE_HAL_LPTIM_REGISTER_CALLBACKS */
 1341              		.loc 1 1987 7 view .LVU406
 1342 00aa 2046     		mov	r0, r4
 1343 00ac FFF7FEFF 		bl	HAL_LPTIM_CompareWriteCallback
 1344              	.LVL82:
 1345 00b0 CCE7     		b	.L65
 1346              	.L74:
1998:Drivers/STM32L4xx_HAL_Driver/Src/stm32l4xx_hal_lptim.c **** 
 1347              		.loc 1 1998 7 view .LVU407
 1348 00b2 1022     		movs	r2, #16
 1349 00b4 5A60     		str	r2, [r3, #4]
2004:Drivers/STM32L4xx_HAL_Driver/Src/stm32l4xx_hal_lptim.c **** #endif /* USE_HAL_LPTIM_REGISTER_CALLBACKS */
 1350              		.loc 1 2004 7 view .LVU408
 1351 00b6 2046     		mov	r0, r4
 1352 00b8 FFF7FEFF 		bl	HAL_LPTIM_AutoReloadWriteCallback
 1353              	.LVL83:
 1354 00bc CFE7     		b	.L66
 1355              	.L75:
2015:Drivers/STM32L4xx_HAL_Driver/Src/stm32l4xx_hal_lptim.c **** 
 1356              		.loc 1 2015 7 view .LVU409
 1357 00be 2022     		movs	r2, #32
 1358 00c0 5A60     		str	r2, [r3, #4]
2021:Drivers/STM32L4xx_HAL_Driver/Src/stm32l4xx_hal_lptim.c **** #endif /* USE_HAL_LPTIM_REGISTER_CALLBACKS */
 1359              		.loc 1 2021 7 view .LVU410
 1360 00c2 2046     		mov	r0, r4
 1361 00c4 FFF7FEFF 		bl	HAL_LPTIM_DirectionUpCallback
 1362              	.LVL84:
 1363 00c8 D2E7     		b	.L67
 1364              	.L76:
2032:Drivers/STM32L4xx_HAL_Driver/Src/stm32l4xx_hal_lptim.c **** 
 1365              		.loc 1 2032 7 view .LVU411
 1366 00ca 4022     		movs	r2, #64
 1367 00cc 5A60     		str	r2, [r3, #4]
2038:Drivers/STM32L4xx_HAL_Driver/Src/stm32l4xx_hal_lptim.c **** #endif /* USE_HAL_LPTIM_REGISTER_CALLBACKS */
 1368              		.loc 1 2038 7 view .LVU412
 1369 00ce 2046     		mov	r0, r4
 1370 00d0 FFF7FEFF 		bl	HAL_LPTIM_DirectionDownCallback
 1371              	.LVL85:
2079:Drivers/STM32L4xx_HAL_Driver/Src/stm32l4xx_hal_lptim.c **** 
 1372              		.loc 1 2079 1 is_stmt 0 view .LVU413
 1373 00d4 D5E7     		b	.L61
ARM GAS  /tmp/ccCFMTgI.s 			page 76


 1374              		.cfi_endproc
 1375              	.LFE415:
 1377              		.section	.text.HAL_LPTIM_GetState,"ax",%progbits
 1378              		.align	1
 1379              		.global	HAL_LPTIM_GetState
 1380              		.syntax unified
 1381              		.thumb
 1382              		.thumb_func
 1384              	HAL_LPTIM_GetState:
 1385              	.LVL86:
 1386              	.LFB423:
2477:Drivers/STM32L4xx_HAL_Driver/Src/stm32l4xx_hal_lptim.c ****   /* Return LPTIM handle state */
 1387              		.loc 1 2477 1 is_stmt 1 view -0
 1388              		.cfi_startproc
 1389              		@ args = 0, pretend = 0, frame = 0
 1390              		@ frame_needed = 0, uses_anonymous_args = 0
 1391              		@ link register save eliminated.
2479:Drivers/STM32L4xx_HAL_Driver/Src/stm32l4xx_hal_lptim.c **** }
 1392              		.loc 1 2479 3 view .LVU415
2479:Drivers/STM32L4xx_HAL_Driver/Src/stm32l4xx_hal_lptim.c **** }
 1393              		.loc 1 2479 16 is_stmt 0 view .LVU416
 1394 0000 90F83600 		ldrb	r0, [r0, #54]	@ zero_extendqisi2
 1395              	.LVL87:
2480:Drivers/STM32L4xx_HAL_Driver/Src/stm32l4xx_hal_lptim.c **** 
 1396              		.loc 1 2480 1 view .LVU417
 1397 0004 7047     		bx	lr
 1398              		.cfi_endproc
 1399              	.LFE423:
 1401              		.section	.text.LPTIM_Disable,"ax",%progbits
 1402              		.align	1
 1403              		.global	LPTIM_Disable
 1404              		.syntax unified
 1405              		.thumb
 1406              		.thumb_func
 1408              	LPTIM_Disable:
 1409              	.LVL88:
 1410              	.LFB425:
2542:Drivers/STM32L4xx_HAL_Driver/Src/stm32l4xx_hal_lptim.c **** 
2543:Drivers/STM32L4xx_HAL_Driver/Src/stm32l4xx_hal_lptim.c **** /**
2544:Drivers/STM32L4xx_HAL_Driver/Src/stm32l4xx_hal_lptim.c ****   * @brief  Disable LPTIM HW instance.
2545:Drivers/STM32L4xx_HAL_Driver/Src/stm32l4xx_hal_lptim.c ****   * @param  hlptim pointer to a LPTIM_HandleTypeDef structure that contains
2546:Drivers/STM32L4xx_HAL_Driver/Src/stm32l4xx_hal_lptim.c ****   *                the configuration information for LPTIM module.
2547:Drivers/STM32L4xx_HAL_Driver/Src/stm32l4xx_hal_lptim.c ****   * @note   The following sequence is required to solve LPTIM disable HW limitation.
2548:Drivers/STM32L4xx_HAL_Driver/Src/stm32l4xx_hal_lptim.c ****   *         Please check Errata Sheet ES0335 for more details under "MCU may remain
2549:Drivers/STM32L4xx_HAL_Driver/Src/stm32l4xx_hal_lptim.c ****   *         stuck in LPTIM interrupt when entering Stop mode" section.
2550:Drivers/STM32L4xx_HAL_Driver/Src/stm32l4xx_hal_lptim.c ****   * @retval None
2551:Drivers/STM32L4xx_HAL_Driver/Src/stm32l4xx_hal_lptim.c ****   */
2552:Drivers/STM32L4xx_HAL_Driver/Src/stm32l4xx_hal_lptim.c **** void LPTIM_Disable(LPTIM_HandleTypeDef *hlptim)
2553:Drivers/STM32L4xx_HAL_Driver/Src/stm32l4xx_hal_lptim.c **** {
 1411              		.loc 1 2553 1 is_stmt 1 view -0
 1412              		.cfi_startproc
 1413              		@ args = 0, pretend = 0, frame = 0
 1414              		@ frame_needed = 0, uses_anonymous_args = 0
 1415              		.loc 1 2553 1 is_stmt 0 view .LVU419
 1416 0000 2DE9F047 		push	{r4, r5, r6, r7, r8, r9, r10, lr}
 1417              	.LCFI9:
 1418              		.cfi_def_cfa_offset 32
ARM GAS  /tmp/ccCFMTgI.s 			page 77


 1419              		.cfi_offset 4, -32
 1420              		.cfi_offset 5, -28
 1421              		.cfi_offset 6, -24
 1422              		.cfi_offset 7, -20
 1423              		.cfi_offset 8, -16
 1424              		.cfi_offset 9, -12
 1425              		.cfi_offset 10, -8
 1426              		.cfi_offset 14, -4
 1427 0004 0446     		mov	r4, r0
2554:Drivers/STM32L4xx_HAL_Driver/Src/stm32l4xx_hal_lptim.c ****   uint32_t tmpclksource = 0;
 1428              		.loc 1 2554 3 is_stmt 1 view .LVU420
 1429              	.LVL89:
2555:Drivers/STM32L4xx_HAL_Driver/Src/stm32l4xx_hal_lptim.c ****   uint32_t tmpIER;
 1430              		.loc 1 2555 3 view .LVU421
2556:Drivers/STM32L4xx_HAL_Driver/Src/stm32l4xx_hal_lptim.c ****   uint32_t tmpCFGR;
 1431              		.loc 1 2556 3 view .LVU422
2557:Drivers/STM32L4xx_HAL_Driver/Src/stm32l4xx_hal_lptim.c ****   uint32_t tmpCMP;
 1432              		.loc 1 2557 3 view .LVU423
2558:Drivers/STM32L4xx_HAL_Driver/Src/stm32l4xx_hal_lptim.c ****   uint32_t tmpARR;
 1433              		.loc 1 2558 3 view .LVU424
2559:Drivers/STM32L4xx_HAL_Driver/Src/stm32l4xx_hal_lptim.c ****   uint32_t primask_bit;
 1434              		.loc 1 2559 3 view .LVU425
2560:Drivers/STM32L4xx_HAL_Driver/Src/stm32l4xx_hal_lptim.c ****   uint32_t tmpOR;
 1435              		.loc 1 2560 3 view .LVU426
2561:Drivers/STM32L4xx_HAL_Driver/Src/stm32l4xx_hal_lptim.c **** #if defined(LPTIM_RCR_REP)
2562:Drivers/STM32L4xx_HAL_Driver/Src/stm32l4xx_hal_lptim.c ****   uint32_t tmpRCR;
2563:Drivers/STM32L4xx_HAL_Driver/Src/stm32l4xx_hal_lptim.c **** #endif
2564:Drivers/STM32L4xx_HAL_Driver/Src/stm32l4xx_hal_lptim.c **** 
2565:Drivers/STM32L4xx_HAL_Driver/Src/stm32l4xx_hal_lptim.c ****   /* Enter critical section */
2566:Drivers/STM32L4xx_HAL_Driver/Src/stm32l4xx_hal_lptim.c ****   primask_bit = __get_PRIMASK();
 1436              		.loc 1 2566 3 view .LVU427
 1437              	.LBB8:
 1438              	.LBI8:
 1439              		.file 2 "Drivers/CMSIS/Include/cmsis_gcc.h"
   1:Drivers/CMSIS/Include/cmsis_gcc.h **** /**************************************************************************//**
   2:Drivers/CMSIS/Include/cmsis_gcc.h ****  * @file     cmsis_gcc.h
   3:Drivers/CMSIS/Include/cmsis_gcc.h ****  * @brief    CMSIS compiler GCC header file
   4:Drivers/CMSIS/Include/cmsis_gcc.h ****  * @version  V5.2.0
   5:Drivers/CMSIS/Include/cmsis_gcc.h ****  * @date     08. May 2019
   6:Drivers/CMSIS/Include/cmsis_gcc.h ****  ******************************************************************************/
   7:Drivers/CMSIS/Include/cmsis_gcc.h **** /*
   8:Drivers/CMSIS/Include/cmsis_gcc.h ****  * Copyright (c) 2009-2019 Arm Limited. All rights reserved.
   9:Drivers/CMSIS/Include/cmsis_gcc.h ****  *
  10:Drivers/CMSIS/Include/cmsis_gcc.h ****  * SPDX-License-Identifier: Apache-2.0
  11:Drivers/CMSIS/Include/cmsis_gcc.h ****  *
  12:Drivers/CMSIS/Include/cmsis_gcc.h ****  * Licensed under the Apache License, Version 2.0 (the License); you may
  13:Drivers/CMSIS/Include/cmsis_gcc.h ****  * not use this file except in compliance with the License.
  14:Drivers/CMSIS/Include/cmsis_gcc.h ****  * You may obtain a copy of the License at
  15:Drivers/CMSIS/Include/cmsis_gcc.h ****  *
  16:Drivers/CMSIS/Include/cmsis_gcc.h ****  * www.apache.org/licenses/LICENSE-2.0
  17:Drivers/CMSIS/Include/cmsis_gcc.h ****  *
  18:Drivers/CMSIS/Include/cmsis_gcc.h ****  * Unless required by applicable law or agreed to in writing, software
  19:Drivers/CMSIS/Include/cmsis_gcc.h ****  * distributed under the License is distributed on an AS IS BASIS, WITHOUT
  20:Drivers/CMSIS/Include/cmsis_gcc.h ****  * WARRANTIES OR CONDITIONS OF ANY KIND, either express or implied.
  21:Drivers/CMSIS/Include/cmsis_gcc.h ****  * See the License for the specific language governing permissions and
  22:Drivers/CMSIS/Include/cmsis_gcc.h ****  * limitations under the License.
  23:Drivers/CMSIS/Include/cmsis_gcc.h ****  */
ARM GAS  /tmp/ccCFMTgI.s 			page 78


  24:Drivers/CMSIS/Include/cmsis_gcc.h **** 
  25:Drivers/CMSIS/Include/cmsis_gcc.h **** #ifndef __CMSIS_GCC_H
  26:Drivers/CMSIS/Include/cmsis_gcc.h **** #define __CMSIS_GCC_H
  27:Drivers/CMSIS/Include/cmsis_gcc.h **** 
  28:Drivers/CMSIS/Include/cmsis_gcc.h **** /* ignore some GCC warnings */
  29:Drivers/CMSIS/Include/cmsis_gcc.h **** #pragma GCC diagnostic push
  30:Drivers/CMSIS/Include/cmsis_gcc.h **** #pragma GCC diagnostic ignored "-Wsign-conversion"
  31:Drivers/CMSIS/Include/cmsis_gcc.h **** #pragma GCC diagnostic ignored "-Wconversion"
  32:Drivers/CMSIS/Include/cmsis_gcc.h **** #pragma GCC diagnostic ignored "-Wunused-parameter"
  33:Drivers/CMSIS/Include/cmsis_gcc.h **** 
  34:Drivers/CMSIS/Include/cmsis_gcc.h **** /* Fallback for __has_builtin */
  35:Drivers/CMSIS/Include/cmsis_gcc.h **** #ifndef __has_builtin
  36:Drivers/CMSIS/Include/cmsis_gcc.h ****   #define __has_builtin(x) (0)
  37:Drivers/CMSIS/Include/cmsis_gcc.h **** #endif
  38:Drivers/CMSIS/Include/cmsis_gcc.h **** 
  39:Drivers/CMSIS/Include/cmsis_gcc.h **** /* CMSIS compiler specific defines */
  40:Drivers/CMSIS/Include/cmsis_gcc.h **** #ifndef   __ASM
  41:Drivers/CMSIS/Include/cmsis_gcc.h ****   #define __ASM                                  __asm
  42:Drivers/CMSIS/Include/cmsis_gcc.h **** #endif
  43:Drivers/CMSIS/Include/cmsis_gcc.h **** #ifndef   __INLINE
  44:Drivers/CMSIS/Include/cmsis_gcc.h ****   #define __INLINE                               inline
  45:Drivers/CMSIS/Include/cmsis_gcc.h **** #endif
  46:Drivers/CMSIS/Include/cmsis_gcc.h **** #ifndef   __STATIC_INLINE
  47:Drivers/CMSIS/Include/cmsis_gcc.h ****   #define __STATIC_INLINE                        static inline
  48:Drivers/CMSIS/Include/cmsis_gcc.h **** #endif
  49:Drivers/CMSIS/Include/cmsis_gcc.h **** #ifndef   __STATIC_FORCEINLINE                 
  50:Drivers/CMSIS/Include/cmsis_gcc.h ****   #define __STATIC_FORCEINLINE                   __attribute__((always_inline)) static inline
  51:Drivers/CMSIS/Include/cmsis_gcc.h **** #endif                                           
  52:Drivers/CMSIS/Include/cmsis_gcc.h **** #ifndef   __NO_RETURN
  53:Drivers/CMSIS/Include/cmsis_gcc.h ****   #define __NO_RETURN                            __attribute__((__noreturn__))
  54:Drivers/CMSIS/Include/cmsis_gcc.h **** #endif
  55:Drivers/CMSIS/Include/cmsis_gcc.h **** #ifndef   __USED
  56:Drivers/CMSIS/Include/cmsis_gcc.h ****   #define __USED                                 __attribute__((used))
  57:Drivers/CMSIS/Include/cmsis_gcc.h **** #endif
  58:Drivers/CMSIS/Include/cmsis_gcc.h **** #ifndef   __WEAK
  59:Drivers/CMSIS/Include/cmsis_gcc.h ****   #define __WEAK                                 __attribute__((weak))
  60:Drivers/CMSIS/Include/cmsis_gcc.h **** #endif
  61:Drivers/CMSIS/Include/cmsis_gcc.h **** #ifndef   __PACKED
  62:Drivers/CMSIS/Include/cmsis_gcc.h ****   #define __PACKED                               __attribute__((packed, aligned(1)))
  63:Drivers/CMSIS/Include/cmsis_gcc.h **** #endif
  64:Drivers/CMSIS/Include/cmsis_gcc.h **** #ifndef   __PACKED_STRUCT
  65:Drivers/CMSIS/Include/cmsis_gcc.h ****   #define __PACKED_STRUCT                        struct __attribute__((packed, aligned(1)))
  66:Drivers/CMSIS/Include/cmsis_gcc.h **** #endif
  67:Drivers/CMSIS/Include/cmsis_gcc.h **** #ifndef   __PACKED_UNION
  68:Drivers/CMSIS/Include/cmsis_gcc.h ****   #define __PACKED_UNION                         union __attribute__((packed, aligned(1)))
  69:Drivers/CMSIS/Include/cmsis_gcc.h **** #endif
  70:Drivers/CMSIS/Include/cmsis_gcc.h **** #ifndef   __UNALIGNED_UINT32        /* deprecated */
  71:Drivers/CMSIS/Include/cmsis_gcc.h ****   #pragma GCC diagnostic push
  72:Drivers/CMSIS/Include/cmsis_gcc.h ****   #pragma GCC diagnostic ignored "-Wpacked"
  73:Drivers/CMSIS/Include/cmsis_gcc.h ****   #pragma GCC diagnostic ignored "-Wattributes"
  74:Drivers/CMSIS/Include/cmsis_gcc.h ****   struct __attribute__((packed)) T_UINT32 { uint32_t v; };
  75:Drivers/CMSIS/Include/cmsis_gcc.h ****   #pragma GCC diagnostic pop
  76:Drivers/CMSIS/Include/cmsis_gcc.h ****   #define __UNALIGNED_UINT32(x)                  (((struct T_UINT32 *)(x))->v)
  77:Drivers/CMSIS/Include/cmsis_gcc.h **** #endif
  78:Drivers/CMSIS/Include/cmsis_gcc.h **** #ifndef   __UNALIGNED_UINT16_WRITE
  79:Drivers/CMSIS/Include/cmsis_gcc.h ****   #pragma GCC diagnostic push
  80:Drivers/CMSIS/Include/cmsis_gcc.h ****   #pragma GCC diagnostic ignored "-Wpacked"
ARM GAS  /tmp/ccCFMTgI.s 			page 79


  81:Drivers/CMSIS/Include/cmsis_gcc.h ****   #pragma GCC diagnostic ignored "-Wattributes"
  82:Drivers/CMSIS/Include/cmsis_gcc.h ****   __PACKED_STRUCT T_UINT16_WRITE { uint16_t v; };
  83:Drivers/CMSIS/Include/cmsis_gcc.h ****   #pragma GCC diagnostic pop
  84:Drivers/CMSIS/Include/cmsis_gcc.h ****   #define __UNALIGNED_UINT16_WRITE(addr, val)    (void)((((struct T_UINT16_WRITE *)(void *)(addr))-
  85:Drivers/CMSIS/Include/cmsis_gcc.h **** #endif
  86:Drivers/CMSIS/Include/cmsis_gcc.h **** #ifndef   __UNALIGNED_UINT16_READ
  87:Drivers/CMSIS/Include/cmsis_gcc.h ****   #pragma GCC diagnostic push
  88:Drivers/CMSIS/Include/cmsis_gcc.h ****   #pragma GCC diagnostic ignored "-Wpacked"
  89:Drivers/CMSIS/Include/cmsis_gcc.h ****   #pragma GCC diagnostic ignored "-Wattributes"
  90:Drivers/CMSIS/Include/cmsis_gcc.h ****   __PACKED_STRUCT T_UINT16_READ { uint16_t v; };
  91:Drivers/CMSIS/Include/cmsis_gcc.h ****   #pragma GCC diagnostic pop
  92:Drivers/CMSIS/Include/cmsis_gcc.h ****   #define __UNALIGNED_UINT16_READ(addr)          (((const struct T_UINT16_READ *)(const void *)(add
  93:Drivers/CMSIS/Include/cmsis_gcc.h **** #endif
  94:Drivers/CMSIS/Include/cmsis_gcc.h **** #ifndef   __UNALIGNED_UINT32_WRITE
  95:Drivers/CMSIS/Include/cmsis_gcc.h ****   #pragma GCC diagnostic push
  96:Drivers/CMSIS/Include/cmsis_gcc.h ****   #pragma GCC diagnostic ignored "-Wpacked"
  97:Drivers/CMSIS/Include/cmsis_gcc.h ****   #pragma GCC diagnostic ignored "-Wattributes"
  98:Drivers/CMSIS/Include/cmsis_gcc.h ****   __PACKED_STRUCT T_UINT32_WRITE { uint32_t v; };
  99:Drivers/CMSIS/Include/cmsis_gcc.h ****   #pragma GCC diagnostic pop
 100:Drivers/CMSIS/Include/cmsis_gcc.h ****   #define __UNALIGNED_UINT32_WRITE(addr, val)    (void)((((struct T_UINT32_WRITE *)(void *)(addr))-
 101:Drivers/CMSIS/Include/cmsis_gcc.h **** #endif
 102:Drivers/CMSIS/Include/cmsis_gcc.h **** #ifndef   __UNALIGNED_UINT32_READ
 103:Drivers/CMSIS/Include/cmsis_gcc.h ****   #pragma GCC diagnostic push
 104:Drivers/CMSIS/Include/cmsis_gcc.h ****   #pragma GCC diagnostic ignored "-Wpacked"
 105:Drivers/CMSIS/Include/cmsis_gcc.h ****   #pragma GCC diagnostic ignored "-Wattributes"
 106:Drivers/CMSIS/Include/cmsis_gcc.h ****   __PACKED_STRUCT T_UINT32_READ { uint32_t v; };
 107:Drivers/CMSIS/Include/cmsis_gcc.h ****   #pragma GCC diagnostic pop
 108:Drivers/CMSIS/Include/cmsis_gcc.h ****   #define __UNALIGNED_UINT32_READ(addr)          (((const struct T_UINT32_READ *)(const void *)(add
 109:Drivers/CMSIS/Include/cmsis_gcc.h **** #endif
 110:Drivers/CMSIS/Include/cmsis_gcc.h **** #ifndef   __ALIGNED
 111:Drivers/CMSIS/Include/cmsis_gcc.h ****   #define __ALIGNED(x)                           __attribute__((aligned(x)))
 112:Drivers/CMSIS/Include/cmsis_gcc.h **** #endif
 113:Drivers/CMSIS/Include/cmsis_gcc.h **** #ifndef   __RESTRICT
 114:Drivers/CMSIS/Include/cmsis_gcc.h ****   #define __RESTRICT                             __restrict
 115:Drivers/CMSIS/Include/cmsis_gcc.h **** #endif
 116:Drivers/CMSIS/Include/cmsis_gcc.h **** #ifndef   __COMPILER_BARRIER
 117:Drivers/CMSIS/Include/cmsis_gcc.h ****   #define __COMPILER_BARRIER()                   __ASM volatile("":::"memory")
 118:Drivers/CMSIS/Include/cmsis_gcc.h **** #endif
 119:Drivers/CMSIS/Include/cmsis_gcc.h **** 
 120:Drivers/CMSIS/Include/cmsis_gcc.h **** /* #########################  Startup and Lowlevel Init  ######################## */
 121:Drivers/CMSIS/Include/cmsis_gcc.h **** 
 122:Drivers/CMSIS/Include/cmsis_gcc.h **** #ifndef __PROGRAM_START
 123:Drivers/CMSIS/Include/cmsis_gcc.h **** 
 124:Drivers/CMSIS/Include/cmsis_gcc.h **** /**
 125:Drivers/CMSIS/Include/cmsis_gcc.h ****   \brief   Initializes data and bss sections
 126:Drivers/CMSIS/Include/cmsis_gcc.h ****   \details This default implementations initialized all data and additional bss
 127:Drivers/CMSIS/Include/cmsis_gcc.h ****            sections relying on .copy.table and .zero.table specified properly
 128:Drivers/CMSIS/Include/cmsis_gcc.h ****            in the used linker script.
 129:Drivers/CMSIS/Include/cmsis_gcc.h ****   
 130:Drivers/CMSIS/Include/cmsis_gcc.h ****  */
 131:Drivers/CMSIS/Include/cmsis_gcc.h **** __STATIC_FORCEINLINE __NO_RETURN void __cmsis_start(void)
 132:Drivers/CMSIS/Include/cmsis_gcc.h **** {
 133:Drivers/CMSIS/Include/cmsis_gcc.h ****   extern void _start(void) __NO_RETURN;
 134:Drivers/CMSIS/Include/cmsis_gcc.h ****   
 135:Drivers/CMSIS/Include/cmsis_gcc.h ****   typedef struct {
 136:Drivers/CMSIS/Include/cmsis_gcc.h ****     uint32_t const* src;
 137:Drivers/CMSIS/Include/cmsis_gcc.h ****     uint32_t* dest;
ARM GAS  /tmp/ccCFMTgI.s 			page 80


 138:Drivers/CMSIS/Include/cmsis_gcc.h ****     uint32_t  wlen;
 139:Drivers/CMSIS/Include/cmsis_gcc.h ****   } __copy_table_t;
 140:Drivers/CMSIS/Include/cmsis_gcc.h ****   
 141:Drivers/CMSIS/Include/cmsis_gcc.h ****   typedef struct {
 142:Drivers/CMSIS/Include/cmsis_gcc.h ****     uint32_t* dest;
 143:Drivers/CMSIS/Include/cmsis_gcc.h ****     uint32_t  wlen;
 144:Drivers/CMSIS/Include/cmsis_gcc.h ****   } __zero_table_t;
 145:Drivers/CMSIS/Include/cmsis_gcc.h ****   
 146:Drivers/CMSIS/Include/cmsis_gcc.h ****   extern const __copy_table_t __copy_table_start__;
 147:Drivers/CMSIS/Include/cmsis_gcc.h ****   extern const __copy_table_t __copy_table_end__;
 148:Drivers/CMSIS/Include/cmsis_gcc.h ****   extern const __zero_table_t __zero_table_start__;
 149:Drivers/CMSIS/Include/cmsis_gcc.h ****   extern const __zero_table_t __zero_table_end__;
 150:Drivers/CMSIS/Include/cmsis_gcc.h **** 
 151:Drivers/CMSIS/Include/cmsis_gcc.h ****   for (__copy_table_t const* pTable = &__copy_table_start__; pTable < &__copy_table_end__; ++pTable
 152:Drivers/CMSIS/Include/cmsis_gcc.h ****     for(uint32_t i=0u; i<pTable->wlen; ++i) {
 153:Drivers/CMSIS/Include/cmsis_gcc.h ****       pTable->dest[i] = pTable->src[i];
 154:Drivers/CMSIS/Include/cmsis_gcc.h ****     }
 155:Drivers/CMSIS/Include/cmsis_gcc.h ****   }
 156:Drivers/CMSIS/Include/cmsis_gcc.h ****  
 157:Drivers/CMSIS/Include/cmsis_gcc.h ****   for (__zero_table_t const* pTable = &__zero_table_start__; pTable < &__zero_table_end__; ++pTable
 158:Drivers/CMSIS/Include/cmsis_gcc.h ****     for(uint32_t i=0u; i<pTable->wlen; ++i) {
 159:Drivers/CMSIS/Include/cmsis_gcc.h ****       pTable->dest[i] = 0u;
 160:Drivers/CMSIS/Include/cmsis_gcc.h ****     }
 161:Drivers/CMSIS/Include/cmsis_gcc.h ****   }
 162:Drivers/CMSIS/Include/cmsis_gcc.h ****  
 163:Drivers/CMSIS/Include/cmsis_gcc.h ****   _start();
 164:Drivers/CMSIS/Include/cmsis_gcc.h **** }
 165:Drivers/CMSIS/Include/cmsis_gcc.h ****   
 166:Drivers/CMSIS/Include/cmsis_gcc.h **** #define __PROGRAM_START           __cmsis_start
 167:Drivers/CMSIS/Include/cmsis_gcc.h **** #endif
 168:Drivers/CMSIS/Include/cmsis_gcc.h **** 
 169:Drivers/CMSIS/Include/cmsis_gcc.h **** #ifndef __INITIAL_SP
 170:Drivers/CMSIS/Include/cmsis_gcc.h **** #define __INITIAL_SP              __StackTop
 171:Drivers/CMSIS/Include/cmsis_gcc.h **** #endif
 172:Drivers/CMSIS/Include/cmsis_gcc.h **** 
 173:Drivers/CMSIS/Include/cmsis_gcc.h **** #ifndef __STACK_LIMIT
 174:Drivers/CMSIS/Include/cmsis_gcc.h **** #define __STACK_LIMIT             __StackLimit
 175:Drivers/CMSIS/Include/cmsis_gcc.h **** #endif
 176:Drivers/CMSIS/Include/cmsis_gcc.h **** 
 177:Drivers/CMSIS/Include/cmsis_gcc.h **** #ifndef __VECTOR_TABLE
 178:Drivers/CMSIS/Include/cmsis_gcc.h **** #define __VECTOR_TABLE            __Vectors
 179:Drivers/CMSIS/Include/cmsis_gcc.h **** #endif
 180:Drivers/CMSIS/Include/cmsis_gcc.h **** 
 181:Drivers/CMSIS/Include/cmsis_gcc.h **** #ifndef __VECTOR_TABLE_ATTRIBUTE
 182:Drivers/CMSIS/Include/cmsis_gcc.h **** #define __VECTOR_TABLE_ATTRIBUTE  __attribute((used, section(".vectors")))
 183:Drivers/CMSIS/Include/cmsis_gcc.h **** #endif
 184:Drivers/CMSIS/Include/cmsis_gcc.h **** 
 185:Drivers/CMSIS/Include/cmsis_gcc.h **** /* ###########################  Core Function Access  ########################### */
 186:Drivers/CMSIS/Include/cmsis_gcc.h **** /** \ingroup  CMSIS_Core_FunctionInterface
 187:Drivers/CMSIS/Include/cmsis_gcc.h ****     \defgroup CMSIS_Core_RegAccFunctions CMSIS Core Register Access Functions
 188:Drivers/CMSIS/Include/cmsis_gcc.h ****   @{
 189:Drivers/CMSIS/Include/cmsis_gcc.h ****  */
 190:Drivers/CMSIS/Include/cmsis_gcc.h **** 
 191:Drivers/CMSIS/Include/cmsis_gcc.h **** /**
 192:Drivers/CMSIS/Include/cmsis_gcc.h ****   \brief   Enable IRQ Interrupts
 193:Drivers/CMSIS/Include/cmsis_gcc.h ****   \details Enables IRQ interrupts by clearing the I-bit in the CPSR.
 194:Drivers/CMSIS/Include/cmsis_gcc.h ****            Can only be executed in Privileged modes.
ARM GAS  /tmp/ccCFMTgI.s 			page 81


 195:Drivers/CMSIS/Include/cmsis_gcc.h ****  */
 196:Drivers/CMSIS/Include/cmsis_gcc.h **** __STATIC_FORCEINLINE void __enable_irq(void)
 197:Drivers/CMSIS/Include/cmsis_gcc.h **** {
 198:Drivers/CMSIS/Include/cmsis_gcc.h ****   __ASM volatile ("cpsie i" : : : "memory");
 199:Drivers/CMSIS/Include/cmsis_gcc.h **** }
 200:Drivers/CMSIS/Include/cmsis_gcc.h **** 
 201:Drivers/CMSIS/Include/cmsis_gcc.h **** 
 202:Drivers/CMSIS/Include/cmsis_gcc.h **** /**
 203:Drivers/CMSIS/Include/cmsis_gcc.h ****   \brief   Disable IRQ Interrupts
 204:Drivers/CMSIS/Include/cmsis_gcc.h ****   \details Disables IRQ interrupts by setting the I-bit in the CPSR.
 205:Drivers/CMSIS/Include/cmsis_gcc.h ****            Can only be executed in Privileged modes.
 206:Drivers/CMSIS/Include/cmsis_gcc.h ****  */
 207:Drivers/CMSIS/Include/cmsis_gcc.h **** __STATIC_FORCEINLINE void __disable_irq(void)
 208:Drivers/CMSIS/Include/cmsis_gcc.h **** {
 209:Drivers/CMSIS/Include/cmsis_gcc.h ****   __ASM volatile ("cpsid i" : : : "memory");
 210:Drivers/CMSIS/Include/cmsis_gcc.h **** }
 211:Drivers/CMSIS/Include/cmsis_gcc.h **** 
 212:Drivers/CMSIS/Include/cmsis_gcc.h **** 
 213:Drivers/CMSIS/Include/cmsis_gcc.h **** /**
 214:Drivers/CMSIS/Include/cmsis_gcc.h ****   \brief   Get Control Register
 215:Drivers/CMSIS/Include/cmsis_gcc.h ****   \details Returns the content of the Control Register.
 216:Drivers/CMSIS/Include/cmsis_gcc.h ****   \return               Control Register value
 217:Drivers/CMSIS/Include/cmsis_gcc.h ****  */
 218:Drivers/CMSIS/Include/cmsis_gcc.h **** __STATIC_FORCEINLINE uint32_t __get_CONTROL(void)
 219:Drivers/CMSIS/Include/cmsis_gcc.h **** {
 220:Drivers/CMSIS/Include/cmsis_gcc.h ****   uint32_t result;
 221:Drivers/CMSIS/Include/cmsis_gcc.h **** 
 222:Drivers/CMSIS/Include/cmsis_gcc.h ****   __ASM volatile ("MRS %0, control" : "=r" (result) );
 223:Drivers/CMSIS/Include/cmsis_gcc.h ****   return(result);
 224:Drivers/CMSIS/Include/cmsis_gcc.h **** }
 225:Drivers/CMSIS/Include/cmsis_gcc.h **** 
 226:Drivers/CMSIS/Include/cmsis_gcc.h **** 
 227:Drivers/CMSIS/Include/cmsis_gcc.h **** #if (defined (__ARM_FEATURE_CMSE ) && (__ARM_FEATURE_CMSE == 3))
 228:Drivers/CMSIS/Include/cmsis_gcc.h **** /**
 229:Drivers/CMSIS/Include/cmsis_gcc.h ****   \brief   Get Control Register (non-secure)
 230:Drivers/CMSIS/Include/cmsis_gcc.h ****   \details Returns the content of the non-secure Control Register when in secure mode.
 231:Drivers/CMSIS/Include/cmsis_gcc.h ****   \return               non-secure Control Register value
 232:Drivers/CMSIS/Include/cmsis_gcc.h ****  */
 233:Drivers/CMSIS/Include/cmsis_gcc.h **** __STATIC_FORCEINLINE uint32_t __TZ_get_CONTROL_NS(void)
 234:Drivers/CMSIS/Include/cmsis_gcc.h **** {
 235:Drivers/CMSIS/Include/cmsis_gcc.h ****   uint32_t result;
 236:Drivers/CMSIS/Include/cmsis_gcc.h **** 
 237:Drivers/CMSIS/Include/cmsis_gcc.h ****   __ASM volatile ("MRS %0, control_ns" : "=r" (result) );
 238:Drivers/CMSIS/Include/cmsis_gcc.h ****   return(result);
 239:Drivers/CMSIS/Include/cmsis_gcc.h **** }
 240:Drivers/CMSIS/Include/cmsis_gcc.h **** #endif
 241:Drivers/CMSIS/Include/cmsis_gcc.h **** 
 242:Drivers/CMSIS/Include/cmsis_gcc.h **** 
 243:Drivers/CMSIS/Include/cmsis_gcc.h **** /**
 244:Drivers/CMSIS/Include/cmsis_gcc.h ****   \brief   Set Control Register
 245:Drivers/CMSIS/Include/cmsis_gcc.h ****   \details Writes the given value to the Control Register.
 246:Drivers/CMSIS/Include/cmsis_gcc.h ****   \param [in]    control  Control Register value to set
 247:Drivers/CMSIS/Include/cmsis_gcc.h ****  */
 248:Drivers/CMSIS/Include/cmsis_gcc.h **** __STATIC_FORCEINLINE void __set_CONTROL(uint32_t control)
 249:Drivers/CMSIS/Include/cmsis_gcc.h **** {
 250:Drivers/CMSIS/Include/cmsis_gcc.h ****   __ASM volatile ("MSR control, %0" : : "r" (control) : "memory");
 251:Drivers/CMSIS/Include/cmsis_gcc.h **** }
ARM GAS  /tmp/ccCFMTgI.s 			page 82


 252:Drivers/CMSIS/Include/cmsis_gcc.h **** 
 253:Drivers/CMSIS/Include/cmsis_gcc.h **** 
 254:Drivers/CMSIS/Include/cmsis_gcc.h **** #if (defined (__ARM_FEATURE_CMSE ) && (__ARM_FEATURE_CMSE == 3))
 255:Drivers/CMSIS/Include/cmsis_gcc.h **** /**
 256:Drivers/CMSIS/Include/cmsis_gcc.h ****   \brief   Set Control Register (non-secure)
 257:Drivers/CMSIS/Include/cmsis_gcc.h ****   \details Writes the given value to the non-secure Control Register when in secure state.
 258:Drivers/CMSIS/Include/cmsis_gcc.h ****   \param [in]    control  Control Register value to set
 259:Drivers/CMSIS/Include/cmsis_gcc.h ****  */
 260:Drivers/CMSIS/Include/cmsis_gcc.h **** __STATIC_FORCEINLINE void __TZ_set_CONTROL_NS(uint32_t control)
 261:Drivers/CMSIS/Include/cmsis_gcc.h **** {
 262:Drivers/CMSIS/Include/cmsis_gcc.h ****   __ASM volatile ("MSR control_ns, %0" : : "r" (control) : "memory");
 263:Drivers/CMSIS/Include/cmsis_gcc.h **** }
 264:Drivers/CMSIS/Include/cmsis_gcc.h **** #endif
 265:Drivers/CMSIS/Include/cmsis_gcc.h **** 
 266:Drivers/CMSIS/Include/cmsis_gcc.h **** 
 267:Drivers/CMSIS/Include/cmsis_gcc.h **** /**
 268:Drivers/CMSIS/Include/cmsis_gcc.h ****   \brief   Get IPSR Register
 269:Drivers/CMSIS/Include/cmsis_gcc.h ****   \details Returns the content of the IPSR Register.
 270:Drivers/CMSIS/Include/cmsis_gcc.h ****   \return               IPSR Register value
 271:Drivers/CMSIS/Include/cmsis_gcc.h ****  */
 272:Drivers/CMSIS/Include/cmsis_gcc.h **** __STATIC_FORCEINLINE uint32_t __get_IPSR(void)
 273:Drivers/CMSIS/Include/cmsis_gcc.h **** {
 274:Drivers/CMSIS/Include/cmsis_gcc.h ****   uint32_t result;
 275:Drivers/CMSIS/Include/cmsis_gcc.h **** 
 276:Drivers/CMSIS/Include/cmsis_gcc.h ****   __ASM volatile ("MRS %0, ipsr" : "=r" (result) );
 277:Drivers/CMSIS/Include/cmsis_gcc.h ****   return(result);
 278:Drivers/CMSIS/Include/cmsis_gcc.h **** }
 279:Drivers/CMSIS/Include/cmsis_gcc.h **** 
 280:Drivers/CMSIS/Include/cmsis_gcc.h **** 
 281:Drivers/CMSIS/Include/cmsis_gcc.h **** /**
 282:Drivers/CMSIS/Include/cmsis_gcc.h ****   \brief   Get APSR Register
 283:Drivers/CMSIS/Include/cmsis_gcc.h ****   \details Returns the content of the APSR Register.
 284:Drivers/CMSIS/Include/cmsis_gcc.h ****   \return               APSR Register value
 285:Drivers/CMSIS/Include/cmsis_gcc.h ****  */
 286:Drivers/CMSIS/Include/cmsis_gcc.h **** __STATIC_FORCEINLINE uint32_t __get_APSR(void)
 287:Drivers/CMSIS/Include/cmsis_gcc.h **** {
 288:Drivers/CMSIS/Include/cmsis_gcc.h ****   uint32_t result;
 289:Drivers/CMSIS/Include/cmsis_gcc.h **** 
 290:Drivers/CMSIS/Include/cmsis_gcc.h ****   __ASM volatile ("MRS %0, apsr" : "=r" (result) );
 291:Drivers/CMSIS/Include/cmsis_gcc.h ****   return(result);
 292:Drivers/CMSIS/Include/cmsis_gcc.h **** }
 293:Drivers/CMSIS/Include/cmsis_gcc.h **** 
 294:Drivers/CMSIS/Include/cmsis_gcc.h **** 
 295:Drivers/CMSIS/Include/cmsis_gcc.h **** /**
 296:Drivers/CMSIS/Include/cmsis_gcc.h ****   \brief   Get xPSR Register
 297:Drivers/CMSIS/Include/cmsis_gcc.h ****   \details Returns the content of the xPSR Register.
 298:Drivers/CMSIS/Include/cmsis_gcc.h ****   \return               xPSR Register value
 299:Drivers/CMSIS/Include/cmsis_gcc.h ****  */
 300:Drivers/CMSIS/Include/cmsis_gcc.h **** __STATIC_FORCEINLINE uint32_t __get_xPSR(void)
 301:Drivers/CMSIS/Include/cmsis_gcc.h **** {
 302:Drivers/CMSIS/Include/cmsis_gcc.h ****   uint32_t result;
 303:Drivers/CMSIS/Include/cmsis_gcc.h **** 
 304:Drivers/CMSIS/Include/cmsis_gcc.h ****   __ASM volatile ("MRS %0, xpsr" : "=r" (result) );
 305:Drivers/CMSIS/Include/cmsis_gcc.h ****   return(result);
 306:Drivers/CMSIS/Include/cmsis_gcc.h **** }
 307:Drivers/CMSIS/Include/cmsis_gcc.h **** 
 308:Drivers/CMSIS/Include/cmsis_gcc.h **** 
ARM GAS  /tmp/ccCFMTgI.s 			page 83


 309:Drivers/CMSIS/Include/cmsis_gcc.h **** /**
 310:Drivers/CMSIS/Include/cmsis_gcc.h ****   \brief   Get Process Stack Pointer
 311:Drivers/CMSIS/Include/cmsis_gcc.h ****   \details Returns the current value of the Process Stack Pointer (PSP).
 312:Drivers/CMSIS/Include/cmsis_gcc.h ****   \return               PSP Register value
 313:Drivers/CMSIS/Include/cmsis_gcc.h ****  */
 314:Drivers/CMSIS/Include/cmsis_gcc.h **** __STATIC_FORCEINLINE uint32_t __get_PSP(void)
 315:Drivers/CMSIS/Include/cmsis_gcc.h **** {
 316:Drivers/CMSIS/Include/cmsis_gcc.h ****   uint32_t result;
 317:Drivers/CMSIS/Include/cmsis_gcc.h **** 
 318:Drivers/CMSIS/Include/cmsis_gcc.h ****   __ASM volatile ("MRS %0, psp"  : "=r" (result) );
 319:Drivers/CMSIS/Include/cmsis_gcc.h ****   return(result);
 320:Drivers/CMSIS/Include/cmsis_gcc.h **** }
 321:Drivers/CMSIS/Include/cmsis_gcc.h **** 
 322:Drivers/CMSIS/Include/cmsis_gcc.h **** 
 323:Drivers/CMSIS/Include/cmsis_gcc.h **** #if (defined (__ARM_FEATURE_CMSE ) && (__ARM_FEATURE_CMSE == 3))
 324:Drivers/CMSIS/Include/cmsis_gcc.h **** /**
 325:Drivers/CMSIS/Include/cmsis_gcc.h ****   \brief   Get Process Stack Pointer (non-secure)
 326:Drivers/CMSIS/Include/cmsis_gcc.h ****   \details Returns the current value of the non-secure Process Stack Pointer (PSP) when in secure s
 327:Drivers/CMSIS/Include/cmsis_gcc.h ****   \return               PSP Register value
 328:Drivers/CMSIS/Include/cmsis_gcc.h ****  */
 329:Drivers/CMSIS/Include/cmsis_gcc.h **** __STATIC_FORCEINLINE uint32_t __TZ_get_PSP_NS(void)
 330:Drivers/CMSIS/Include/cmsis_gcc.h **** {
 331:Drivers/CMSIS/Include/cmsis_gcc.h ****   uint32_t result;
 332:Drivers/CMSIS/Include/cmsis_gcc.h **** 
 333:Drivers/CMSIS/Include/cmsis_gcc.h ****   __ASM volatile ("MRS %0, psp_ns"  : "=r" (result) );
 334:Drivers/CMSIS/Include/cmsis_gcc.h ****   return(result);
 335:Drivers/CMSIS/Include/cmsis_gcc.h **** }
 336:Drivers/CMSIS/Include/cmsis_gcc.h **** #endif
 337:Drivers/CMSIS/Include/cmsis_gcc.h **** 
 338:Drivers/CMSIS/Include/cmsis_gcc.h **** 
 339:Drivers/CMSIS/Include/cmsis_gcc.h **** /**
 340:Drivers/CMSIS/Include/cmsis_gcc.h ****   \brief   Set Process Stack Pointer
 341:Drivers/CMSIS/Include/cmsis_gcc.h ****   \details Assigns the given value to the Process Stack Pointer (PSP).
 342:Drivers/CMSIS/Include/cmsis_gcc.h ****   \param [in]    topOfProcStack  Process Stack Pointer value to set
 343:Drivers/CMSIS/Include/cmsis_gcc.h ****  */
 344:Drivers/CMSIS/Include/cmsis_gcc.h **** __STATIC_FORCEINLINE void __set_PSP(uint32_t topOfProcStack)
 345:Drivers/CMSIS/Include/cmsis_gcc.h **** {
 346:Drivers/CMSIS/Include/cmsis_gcc.h ****   __ASM volatile ("MSR psp, %0" : : "r" (topOfProcStack) : );
 347:Drivers/CMSIS/Include/cmsis_gcc.h **** }
 348:Drivers/CMSIS/Include/cmsis_gcc.h **** 
 349:Drivers/CMSIS/Include/cmsis_gcc.h **** 
 350:Drivers/CMSIS/Include/cmsis_gcc.h **** #if (defined (__ARM_FEATURE_CMSE ) && (__ARM_FEATURE_CMSE == 3))
 351:Drivers/CMSIS/Include/cmsis_gcc.h **** /**
 352:Drivers/CMSIS/Include/cmsis_gcc.h ****   \brief   Set Process Stack Pointer (non-secure)
 353:Drivers/CMSIS/Include/cmsis_gcc.h ****   \details Assigns the given value to the non-secure Process Stack Pointer (PSP) when in secure sta
 354:Drivers/CMSIS/Include/cmsis_gcc.h ****   \param [in]    topOfProcStack  Process Stack Pointer value to set
 355:Drivers/CMSIS/Include/cmsis_gcc.h ****  */
 356:Drivers/CMSIS/Include/cmsis_gcc.h **** __STATIC_FORCEINLINE void __TZ_set_PSP_NS(uint32_t topOfProcStack)
 357:Drivers/CMSIS/Include/cmsis_gcc.h **** {
 358:Drivers/CMSIS/Include/cmsis_gcc.h ****   __ASM volatile ("MSR psp_ns, %0" : : "r" (topOfProcStack) : );
 359:Drivers/CMSIS/Include/cmsis_gcc.h **** }
 360:Drivers/CMSIS/Include/cmsis_gcc.h **** #endif
 361:Drivers/CMSIS/Include/cmsis_gcc.h **** 
 362:Drivers/CMSIS/Include/cmsis_gcc.h **** 
 363:Drivers/CMSIS/Include/cmsis_gcc.h **** /**
 364:Drivers/CMSIS/Include/cmsis_gcc.h ****   \brief   Get Main Stack Pointer
 365:Drivers/CMSIS/Include/cmsis_gcc.h ****   \details Returns the current value of the Main Stack Pointer (MSP).
ARM GAS  /tmp/ccCFMTgI.s 			page 84


 366:Drivers/CMSIS/Include/cmsis_gcc.h ****   \return               MSP Register value
 367:Drivers/CMSIS/Include/cmsis_gcc.h ****  */
 368:Drivers/CMSIS/Include/cmsis_gcc.h **** __STATIC_FORCEINLINE uint32_t __get_MSP(void)
 369:Drivers/CMSIS/Include/cmsis_gcc.h **** {
 370:Drivers/CMSIS/Include/cmsis_gcc.h ****   uint32_t result;
 371:Drivers/CMSIS/Include/cmsis_gcc.h **** 
 372:Drivers/CMSIS/Include/cmsis_gcc.h ****   __ASM volatile ("MRS %0, msp" : "=r" (result) );
 373:Drivers/CMSIS/Include/cmsis_gcc.h ****   return(result);
 374:Drivers/CMSIS/Include/cmsis_gcc.h **** }
 375:Drivers/CMSIS/Include/cmsis_gcc.h **** 
 376:Drivers/CMSIS/Include/cmsis_gcc.h **** 
 377:Drivers/CMSIS/Include/cmsis_gcc.h **** #if (defined (__ARM_FEATURE_CMSE ) && (__ARM_FEATURE_CMSE == 3))
 378:Drivers/CMSIS/Include/cmsis_gcc.h **** /**
 379:Drivers/CMSIS/Include/cmsis_gcc.h ****   \brief   Get Main Stack Pointer (non-secure)
 380:Drivers/CMSIS/Include/cmsis_gcc.h ****   \details Returns the current value of the non-secure Main Stack Pointer (MSP) when in secure stat
 381:Drivers/CMSIS/Include/cmsis_gcc.h ****   \return               MSP Register value
 382:Drivers/CMSIS/Include/cmsis_gcc.h ****  */
 383:Drivers/CMSIS/Include/cmsis_gcc.h **** __STATIC_FORCEINLINE uint32_t __TZ_get_MSP_NS(void)
 384:Drivers/CMSIS/Include/cmsis_gcc.h **** {
 385:Drivers/CMSIS/Include/cmsis_gcc.h ****   uint32_t result;
 386:Drivers/CMSIS/Include/cmsis_gcc.h **** 
 387:Drivers/CMSIS/Include/cmsis_gcc.h ****   __ASM volatile ("MRS %0, msp_ns" : "=r" (result) );
 388:Drivers/CMSIS/Include/cmsis_gcc.h ****   return(result);
 389:Drivers/CMSIS/Include/cmsis_gcc.h **** }
 390:Drivers/CMSIS/Include/cmsis_gcc.h **** #endif
 391:Drivers/CMSIS/Include/cmsis_gcc.h **** 
 392:Drivers/CMSIS/Include/cmsis_gcc.h **** 
 393:Drivers/CMSIS/Include/cmsis_gcc.h **** /**
 394:Drivers/CMSIS/Include/cmsis_gcc.h ****   \brief   Set Main Stack Pointer
 395:Drivers/CMSIS/Include/cmsis_gcc.h ****   \details Assigns the given value to the Main Stack Pointer (MSP).
 396:Drivers/CMSIS/Include/cmsis_gcc.h ****   \param [in]    topOfMainStack  Main Stack Pointer value to set
 397:Drivers/CMSIS/Include/cmsis_gcc.h ****  */
 398:Drivers/CMSIS/Include/cmsis_gcc.h **** __STATIC_FORCEINLINE void __set_MSP(uint32_t topOfMainStack)
 399:Drivers/CMSIS/Include/cmsis_gcc.h **** {
 400:Drivers/CMSIS/Include/cmsis_gcc.h ****   __ASM volatile ("MSR msp, %0" : : "r" (topOfMainStack) : );
 401:Drivers/CMSIS/Include/cmsis_gcc.h **** }
 402:Drivers/CMSIS/Include/cmsis_gcc.h **** 
 403:Drivers/CMSIS/Include/cmsis_gcc.h **** 
 404:Drivers/CMSIS/Include/cmsis_gcc.h **** #if (defined (__ARM_FEATURE_CMSE ) && (__ARM_FEATURE_CMSE == 3))
 405:Drivers/CMSIS/Include/cmsis_gcc.h **** /**
 406:Drivers/CMSIS/Include/cmsis_gcc.h ****   \brief   Set Main Stack Pointer (non-secure)
 407:Drivers/CMSIS/Include/cmsis_gcc.h ****   \details Assigns the given value to the non-secure Main Stack Pointer (MSP) when in secure state.
 408:Drivers/CMSIS/Include/cmsis_gcc.h ****   \param [in]    topOfMainStack  Main Stack Pointer value to set
 409:Drivers/CMSIS/Include/cmsis_gcc.h ****  */
 410:Drivers/CMSIS/Include/cmsis_gcc.h **** __STATIC_FORCEINLINE void __TZ_set_MSP_NS(uint32_t topOfMainStack)
 411:Drivers/CMSIS/Include/cmsis_gcc.h **** {
 412:Drivers/CMSIS/Include/cmsis_gcc.h ****   __ASM volatile ("MSR msp_ns, %0" : : "r" (topOfMainStack) : );
 413:Drivers/CMSIS/Include/cmsis_gcc.h **** }
 414:Drivers/CMSIS/Include/cmsis_gcc.h **** #endif
 415:Drivers/CMSIS/Include/cmsis_gcc.h **** 
 416:Drivers/CMSIS/Include/cmsis_gcc.h **** 
 417:Drivers/CMSIS/Include/cmsis_gcc.h **** #if (defined (__ARM_FEATURE_CMSE ) && (__ARM_FEATURE_CMSE == 3))
 418:Drivers/CMSIS/Include/cmsis_gcc.h **** /**
 419:Drivers/CMSIS/Include/cmsis_gcc.h ****   \brief   Get Stack Pointer (non-secure)
 420:Drivers/CMSIS/Include/cmsis_gcc.h ****   \details Returns the current value of the non-secure Stack Pointer (SP) when in secure state.
 421:Drivers/CMSIS/Include/cmsis_gcc.h ****   \return               SP Register value
 422:Drivers/CMSIS/Include/cmsis_gcc.h ****  */
ARM GAS  /tmp/ccCFMTgI.s 			page 85


 423:Drivers/CMSIS/Include/cmsis_gcc.h **** __STATIC_FORCEINLINE uint32_t __TZ_get_SP_NS(void)
 424:Drivers/CMSIS/Include/cmsis_gcc.h **** {
 425:Drivers/CMSIS/Include/cmsis_gcc.h ****   uint32_t result;
 426:Drivers/CMSIS/Include/cmsis_gcc.h **** 
 427:Drivers/CMSIS/Include/cmsis_gcc.h ****   __ASM volatile ("MRS %0, sp_ns" : "=r" (result) );
 428:Drivers/CMSIS/Include/cmsis_gcc.h ****   return(result);
 429:Drivers/CMSIS/Include/cmsis_gcc.h **** }
 430:Drivers/CMSIS/Include/cmsis_gcc.h **** 
 431:Drivers/CMSIS/Include/cmsis_gcc.h **** 
 432:Drivers/CMSIS/Include/cmsis_gcc.h **** /**
 433:Drivers/CMSIS/Include/cmsis_gcc.h ****   \brief   Set Stack Pointer (non-secure)
 434:Drivers/CMSIS/Include/cmsis_gcc.h ****   \details Assigns the given value to the non-secure Stack Pointer (SP) when in secure state.
 435:Drivers/CMSIS/Include/cmsis_gcc.h ****   \param [in]    topOfStack  Stack Pointer value to set
 436:Drivers/CMSIS/Include/cmsis_gcc.h ****  */
 437:Drivers/CMSIS/Include/cmsis_gcc.h **** __STATIC_FORCEINLINE void __TZ_set_SP_NS(uint32_t topOfStack)
 438:Drivers/CMSIS/Include/cmsis_gcc.h **** {
 439:Drivers/CMSIS/Include/cmsis_gcc.h ****   __ASM volatile ("MSR sp_ns, %0" : : "r" (topOfStack) : );
 440:Drivers/CMSIS/Include/cmsis_gcc.h **** }
 441:Drivers/CMSIS/Include/cmsis_gcc.h **** #endif
 442:Drivers/CMSIS/Include/cmsis_gcc.h **** 
 443:Drivers/CMSIS/Include/cmsis_gcc.h **** 
 444:Drivers/CMSIS/Include/cmsis_gcc.h **** /**
 445:Drivers/CMSIS/Include/cmsis_gcc.h ****   \brief   Get Priority Mask
 446:Drivers/CMSIS/Include/cmsis_gcc.h ****   \details Returns the current state of the priority mask bit from the Priority Mask Register.
 447:Drivers/CMSIS/Include/cmsis_gcc.h ****   \return               Priority Mask value
 448:Drivers/CMSIS/Include/cmsis_gcc.h ****  */
 449:Drivers/CMSIS/Include/cmsis_gcc.h **** __STATIC_FORCEINLINE uint32_t __get_PRIMASK(void)
 1440              		.loc 2 449 31 view .LVU428
 1441              	.LBB9:
 450:Drivers/CMSIS/Include/cmsis_gcc.h **** {
 451:Drivers/CMSIS/Include/cmsis_gcc.h ****   uint32_t result;
 1442              		.loc 2 451 3 view .LVU429
 452:Drivers/CMSIS/Include/cmsis_gcc.h **** 
 453:Drivers/CMSIS/Include/cmsis_gcc.h ****   __ASM volatile ("MRS %0, primask" : "=r" (result) :: "memory");
 1443              		.loc 2 453 3 view .LVU430
 1444              		.syntax unified
 1445              	@ 453 "Drivers/CMSIS/Include/cmsis_gcc.h" 1
 1446 0006 EFF31085 		MRS r5, primask
 1447              	@ 0 "" 2
 1448              	.LVL90:
 454:Drivers/CMSIS/Include/cmsis_gcc.h ****   return(result);
 1449              		.loc 2 454 3 view .LVU431
 1450              		.loc 2 454 3 is_stmt 0 view .LVU432
 1451              		.thumb
 1452              		.syntax unified
 1453              	.LBE9:
 1454              	.LBE8:
2567:Drivers/STM32L4xx_HAL_Driver/Src/stm32l4xx_hal_lptim.c ****   __set_PRIMASK(1) ;
 1455              		.loc 1 2567 3 is_stmt 1 view .LVU433
 1456              	.LBB10:
 1457              	.LBI10:
 455:Drivers/CMSIS/Include/cmsis_gcc.h **** }
 456:Drivers/CMSIS/Include/cmsis_gcc.h **** 
 457:Drivers/CMSIS/Include/cmsis_gcc.h **** 
 458:Drivers/CMSIS/Include/cmsis_gcc.h **** #if (defined (__ARM_FEATURE_CMSE ) && (__ARM_FEATURE_CMSE == 3))
 459:Drivers/CMSIS/Include/cmsis_gcc.h **** /**
 460:Drivers/CMSIS/Include/cmsis_gcc.h ****   \brief   Get Priority Mask (non-secure)
ARM GAS  /tmp/ccCFMTgI.s 			page 86


 461:Drivers/CMSIS/Include/cmsis_gcc.h ****   \details Returns the current state of the non-secure priority mask bit from the Priority Mask Reg
 462:Drivers/CMSIS/Include/cmsis_gcc.h ****   \return               Priority Mask value
 463:Drivers/CMSIS/Include/cmsis_gcc.h ****  */
 464:Drivers/CMSIS/Include/cmsis_gcc.h **** __STATIC_FORCEINLINE uint32_t __TZ_get_PRIMASK_NS(void)
 465:Drivers/CMSIS/Include/cmsis_gcc.h **** {
 466:Drivers/CMSIS/Include/cmsis_gcc.h ****   uint32_t result;
 467:Drivers/CMSIS/Include/cmsis_gcc.h **** 
 468:Drivers/CMSIS/Include/cmsis_gcc.h ****   __ASM volatile ("MRS %0, primask_ns" : "=r" (result) :: "memory");
 469:Drivers/CMSIS/Include/cmsis_gcc.h ****   return(result);
 470:Drivers/CMSIS/Include/cmsis_gcc.h **** }
 471:Drivers/CMSIS/Include/cmsis_gcc.h **** #endif
 472:Drivers/CMSIS/Include/cmsis_gcc.h **** 
 473:Drivers/CMSIS/Include/cmsis_gcc.h **** 
 474:Drivers/CMSIS/Include/cmsis_gcc.h **** /**
 475:Drivers/CMSIS/Include/cmsis_gcc.h ****   \brief   Set Priority Mask
 476:Drivers/CMSIS/Include/cmsis_gcc.h ****   \details Assigns the given value to the Priority Mask Register.
 477:Drivers/CMSIS/Include/cmsis_gcc.h ****   \param [in]    priMask  Priority Mask
 478:Drivers/CMSIS/Include/cmsis_gcc.h ****  */
 479:Drivers/CMSIS/Include/cmsis_gcc.h **** __STATIC_FORCEINLINE void __set_PRIMASK(uint32_t priMask)
 1458              		.loc 2 479 27 view .LVU434
 1459              	.LBB11:
 480:Drivers/CMSIS/Include/cmsis_gcc.h **** {
 481:Drivers/CMSIS/Include/cmsis_gcc.h ****   __ASM volatile ("MSR primask, %0" : : "r" (priMask) : "memory");
 1460              		.loc 2 481 3 view .LVU435
 1461 000a 0123     		movs	r3, #1
 1462              		.syntax unified
 1463              	@ 481 "Drivers/CMSIS/Include/cmsis_gcc.h" 1
 1464 000c 83F31088 		MSR primask, r3
 1465              	@ 0 "" 2
 1466              	.LVL91:
 1467              		.loc 2 481 3 is_stmt 0 view .LVU436
 1468              		.thumb
 1469              		.syntax unified
 1470              	.LBE11:
 1471              	.LBE10:
2568:Drivers/STM32L4xx_HAL_Driver/Src/stm32l4xx_hal_lptim.c **** 
2569:Drivers/STM32L4xx_HAL_Driver/Src/stm32l4xx_hal_lptim.c ****   /*********** Save LPTIM Config ***********/
2570:Drivers/STM32L4xx_HAL_Driver/Src/stm32l4xx_hal_lptim.c ****   /* Save LPTIM source clock */
2571:Drivers/STM32L4xx_HAL_Driver/Src/stm32l4xx_hal_lptim.c ****   switch ((uint32_t)hlptim->Instance)
 1472              		.loc 1 2571 3 is_stmt 1 view .LVU437
 1473              		.loc 1 2571 27 is_stmt 0 view .LVU438
 1474 0010 0368     		ldr	r3, [r0]
 1475              		.loc 1 2571 3 view .LVU439
 1476 0012 554A     		ldr	r2, .L101
 1477 0014 9342     		cmp	r3, r2
 1478 0016 06D0     		beq	.L79
 1479 0018 02F5C052 		add	r2, r2, #6144
 1480 001c 9342     		cmp	r3, r2
 1481 001e 1FD0     		beq	.L80
 1482 0020 4FF00009 		mov	r9, #0
 1483 0024 04E0     		b	.L81
 1484              	.L79:
2572:Drivers/STM32L4xx_HAL_Driver/Src/stm32l4xx_hal_lptim.c ****   {
2573:Drivers/STM32L4xx_HAL_Driver/Src/stm32l4xx_hal_lptim.c ****     case LPTIM1_BASE:
2574:Drivers/STM32L4xx_HAL_Driver/Src/stm32l4xx_hal_lptim.c ****       tmpclksource = __HAL_RCC_GET_LPTIM1_SOURCE();
 1485              		.loc 1 2574 7 is_stmt 1 view .LVU440
 1486              		.loc 1 2574 22 is_stmt 0 view .LVU441
ARM GAS  /tmp/ccCFMTgI.s 			page 87


 1487 0026 514A     		ldr	r2, .L101+4
 1488 0028 D2F88820 		ldr	r2, [r2, #136]
 1489              		.loc 1 2574 20 view .LVU442
 1490 002c 02F44029 		and	r9, r2, #786432
 1491              	.LVL92:
2575:Drivers/STM32L4xx_HAL_Driver/Src/stm32l4xx_hal_lptim.c ****       break;
 1492              		.loc 1 2575 7 is_stmt 1 view .LVU443
 1493              	.L81:
2576:Drivers/STM32L4xx_HAL_Driver/Src/stm32l4xx_hal_lptim.c **** #if defined(LPTIM2)
2577:Drivers/STM32L4xx_HAL_Driver/Src/stm32l4xx_hal_lptim.c ****     case LPTIM2_BASE:
2578:Drivers/STM32L4xx_HAL_Driver/Src/stm32l4xx_hal_lptim.c ****       tmpclksource = __HAL_RCC_GET_LPTIM2_SOURCE();
2579:Drivers/STM32L4xx_HAL_Driver/Src/stm32l4xx_hal_lptim.c ****       break;
2580:Drivers/STM32L4xx_HAL_Driver/Src/stm32l4xx_hal_lptim.c **** #endif /* LPTIM2 */
2581:Drivers/STM32L4xx_HAL_Driver/Src/stm32l4xx_hal_lptim.c ****     default:
2582:Drivers/STM32L4xx_HAL_Driver/Src/stm32l4xx_hal_lptim.c ****       break;
2583:Drivers/STM32L4xx_HAL_Driver/Src/stm32l4xx_hal_lptim.c ****   }
2584:Drivers/STM32L4xx_HAL_Driver/Src/stm32l4xx_hal_lptim.c **** 
2585:Drivers/STM32L4xx_HAL_Driver/Src/stm32l4xx_hal_lptim.c ****   /* Save LPTIM configuration registers */
2586:Drivers/STM32L4xx_HAL_Driver/Src/stm32l4xx_hal_lptim.c ****   tmpIER = hlptim->Instance->IER;
 1494              		.loc 1 2586 3 view .LVU444
 1495              		.loc 1 2586 10 is_stmt 0 view .LVU445
 1496 0030 D3F80880 		ldr	r8, [r3, #8]
 1497              	.LVL93:
2587:Drivers/STM32L4xx_HAL_Driver/Src/stm32l4xx_hal_lptim.c ****   tmpCFGR = hlptim->Instance->CFGR;
 1498              		.loc 1 2587 3 is_stmt 1 view .LVU446
 1499              		.loc 1 2587 11 is_stmt 0 view .LVU447
 1500 0034 DF68     		ldr	r7, [r3, #12]
 1501              	.LVL94:
2588:Drivers/STM32L4xx_HAL_Driver/Src/stm32l4xx_hal_lptim.c ****   tmpCMP = hlptim->Instance->CMP;
 1502              		.loc 1 2588 3 is_stmt 1 view .LVU448
 1503              		.loc 1 2588 10 is_stmt 0 view .LVU449
 1504 0036 5A69     		ldr	r2, [r3, #20]
 1505              	.LVL95:
2589:Drivers/STM32L4xx_HAL_Driver/Src/stm32l4xx_hal_lptim.c ****   tmpARR = hlptim->Instance->ARR;
 1506              		.loc 1 2589 3 is_stmt 1 view .LVU450
 1507              		.loc 1 2589 10 is_stmt 0 view .LVU451
 1508 0038 D3F818A0 		ldr	r10, [r3, #24]
 1509              	.LVL96:
2590:Drivers/STM32L4xx_HAL_Driver/Src/stm32l4xx_hal_lptim.c ****   tmpOR = hlptim->Instance->OR;
 1510              		.loc 1 2590 3 is_stmt 1 view .LVU452
 1511              		.loc 1 2590 9 is_stmt 0 view .LVU453
 1512 003c 1E6A     		ldr	r6, [r3, #32]
 1513              	.LVL97:
2591:Drivers/STM32L4xx_HAL_Driver/Src/stm32l4xx_hal_lptim.c **** #if defined(LPTIM_RCR_REP)
2592:Drivers/STM32L4xx_HAL_Driver/Src/stm32l4xx_hal_lptim.c ****   tmpRCR = hlptim->Instance->RCR;
2593:Drivers/STM32L4xx_HAL_Driver/Src/stm32l4xx_hal_lptim.c **** #endif
2594:Drivers/STM32L4xx_HAL_Driver/Src/stm32l4xx_hal_lptim.c **** 
2595:Drivers/STM32L4xx_HAL_Driver/Src/stm32l4xx_hal_lptim.c ****   /*********** Reset LPTIM ***********/
2596:Drivers/STM32L4xx_HAL_Driver/Src/stm32l4xx_hal_lptim.c ****   switch ((uint32_t)hlptim->Instance)
 1514              		.loc 1 2596 3 is_stmt 1 view .LVU454
 1515 003e 4A49     		ldr	r1, .L101
 1516 0040 8B42     		cmp	r3, r1
 1517 0042 13D0     		beq	.L82
 1518 0044 01F5C051 		add	r1, r1, #6144
 1519 0048 8B42     		cmp	r3, r1
 1520 004a 18D1     		bne	.L84
2597:Drivers/STM32L4xx_HAL_Driver/Src/stm32l4xx_hal_lptim.c ****   {
ARM GAS  /tmp/ccCFMTgI.s 			page 88


2598:Drivers/STM32L4xx_HAL_Driver/Src/stm32l4xx_hal_lptim.c ****     case LPTIM1_BASE:
2599:Drivers/STM32L4xx_HAL_Driver/Src/stm32l4xx_hal_lptim.c ****       __HAL_RCC_LPTIM1_FORCE_RESET();
2600:Drivers/STM32L4xx_HAL_Driver/Src/stm32l4xx_hal_lptim.c ****       __HAL_RCC_LPTIM1_RELEASE_RESET();
2601:Drivers/STM32L4xx_HAL_Driver/Src/stm32l4xx_hal_lptim.c ****       break;
2602:Drivers/STM32L4xx_HAL_Driver/Src/stm32l4xx_hal_lptim.c **** #if defined(LPTIM2)
2603:Drivers/STM32L4xx_HAL_Driver/Src/stm32l4xx_hal_lptim.c ****     case LPTIM2_BASE:
2604:Drivers/STM32L4xx_HAL_Driver/Src/stm32l4xx_hal_lptim.c ****       __HAL_RCC_LPTIM2_FORCE_RESET();
 1521              		.loc 1 2604 7 view .LVU455
 1522 004c 474B     		ldr	r3, .L101+4
 1523 004e D96B     		ldr	r1, [r3, #60]
 1524 0050 41F02001 		orr	r1, r1, #32
 1525 0054 D963     		str	r1, [r3, #60]
2605:Drivers/STM32L4xx_HAL_Driver/Src/stm32l4xx_hal_lptim.c ****       __HAL_RCC_LPTIM2_RELEASE_RESET();
 1526              		.loc 1 2605 7 view .LVU456
 1527 0056 D96B     		ldr	r1, [r3, #60]
 1528 0058 21F02001 		bic	r1, r1, #32
 1529 005c D963     		str	r1, [r3, #60]
2606:Drivers/STM32L4xx_HAL_Driver/Src/stm32l4xx_hal_lptim.c ****       break;
 1530              		.loc 1 2606 7 view .LVU457
 1531 005e 0EE0     		b	.L84
 1532              	.LVL98:
 1533              	.L80:
2578:Drivers/STM32L4xx_HAL_Driver/Src/stm32l4xx_hal_lptim.c ****       break;
 1534              		.loc 1 2578 7 view .LVU458
2578:Drivers/STM32L4xx_HAL_Driver/Src/stm32l4xx_hal_lptim.c ****       break;
 1535              		.loc 1 2578 22 is_stmt 0 view .LVU459
 1536 0060 424A     		ldr	r2, .L101+4
 1537 0062 D2F88820 		ldr	r2, [r2, #136]
2578:Drivers/STM32L4xx_HAL_Driver/Src/stm32l4xx_hal_lptim.c ****       break;
 1538              		.loc 1 2578 20 view .LVU460
 1539 0066 02F44019 		and	r9, r2, #3145728
 1540              	.LVL99:
2579:Drivers/STM32L4xx_HAL_Driver/Src/stm32l4xx_hal_lptim.c **** #endif /* LPTIM2 */
 1541              		.loc 1 2579 7 is_stmt 1 view .LVU461
 1542 006a E1E7     		b	.L81
 1543              	.LVL100:
 1544              	.L82:
2599:Drivers/STM32L4xx_HAL_Driver/Src/stm32l4xx_hal_lptim.c ****       __HAL_RCC_LPTIM1_RELEASE_RESET();
 1545              		.loc 1 2599 7 view .LVU462
 1546 006c 3F4B     		ldr	r3, .L101+4
 1547 006e 996B     		ldr	r1, [r3, #56]
 1548 0070 41F00041 		orr	r1, r1, #-2147483648
 1549 0074 9963     		str	r1, [r3, #56]
2600:Drivers/STM32L4xx_HAL_Driver/Src/stm32l4xx_hal_lptim.c ****       break;
 1550              		.loc 1 2600 7 view .LVU463
 1551 0076 996B     		ldr	r1, [r3, #56]
 1552 0078 21F00041 		bic	r1, r1, #-2147483648
 1553 007c 9963     		str	r1, [r3, #56]
2601:Drivers/STM32L4xx_HAL_Driver/Src/stm32l4xx_hal_lptim.c **** #if defined(LPTIM2)
 1554              		.loc 1 2601 7 view .LVU464
 1555              	.L84:
2607:Drivers/STM32L4xx_HAL_Driver/Src/stm32l4xx_hal_lptim.c **** #endif /* LPTIM2 */
2608:Drivers/STM32L4xx_HAL_Driver/Src/stm32l4xx_hal_lptim.c ****     default:
2609:Drivers/STM32L4xx_HAL_Driver/Src/stm32l4xx_hal_lptim.c ****       break;
2610:Drivers/STM32L4xx_HAL_Driver/Src/stm32l4xx_hal_lptim.c ****   }
2611:Drivers/STM32L4xx_HAL_Driver/Src/stm32l4xx_hal_lptim.c **** 
2612:Drivers/STM32L4xx_HAL_Driver/Src/stm32l4xx_hal_lptim.c ****   /*********** Restore LPTIM Config ***********/
ARM GAS  /tmp/ccCFMTgI.s 			page 89


2613:Drivers/STM32L4xx_HAL_Driver/Src/stm32l4xx_hal_lptim.c **** #if defined(LPTIM_RCR_REP)
2614:Drivers/STM32L4xx_HAL_Driver/Src/stm32l4xx_hal_lptim.c ****   if ((tmpCMP != 0UL) || (tmpARR != 0UL) || (tmpRCR != 0UL))
2615:Drivers/STM32L4xx_HAL_Driver/Src/stm32l4xx_hal_lptim.c **** #else
2616:Drivers/STM32L4xx_HAL_Driver/Src/stm32l4xx_hal_lptim.c ****   if ((tmpCMP != 0UL) || (tmpARR != 0UL))
 1556              		.loc 1 2616 3 view .LVU465
 1557              		.loc 1 2616 6 is_stmt 0 view .LVU466
 1558 007e 12B9     		cbnz	r2, .L85
 1559              		.loc 1 2616 23 discriminator 1 view .LVU467
 1560 0080 BAF1000F 		cmp	r10, #0
 1561 0084 60D0     		beq	.L86
 1562              	.L85:
2617:Drivers/STM32L4xx_HAL_Driver/Src/stm32l4xx_hal_lptim.c **** #endif
2618:Drivers/STM32L4xx_HAL_Driver/Src/stm32l4xx_hal_lptim.c ****   {
2619:Drivers/STM32L4xx_HAL_Driver/Src/stm32l4xx_hal_lptim.c ****     /* Force LPTIM source kernel clock from APB */
2620:Drivers/STM32L4xx_HAL_Driver/Src/stm32l4xx_hal_lptim.c ****     switch ((uint32_t)hlptim->Instance)
 1563              		.loc 1 2620 5 is_stmt 1 view .LVU468
 1564              		.loc 1 2620 29 is_stmt 0 view .LVU469
 1565 0086 2368     		ldr	r3, [r4]
 1566              		.loc 1 2620 5 view .LVU470
 1567 0088 3749     		ldr	r1, .L101
 1568 008a 8B42     		cmp	r3, r1
 1569 008c 0BD0     		beq	.L87
 1570 008e 01F5C051 		add	r1, r1, #6144
 1571 0092 8B42     		cmp	r3, r1
 1572 0094 0ED1     		bne	.L89
2621:Drivers/STM32L4xx_HAL_Driver/Src/stm32l4xx_hal_lptim.c ****     {
2622:Drivers/STM32L4xx_HAL_Driver/Src/stm32l4xx_hal_lptim.c ****       case LPTIM1_BASE:
2623:Drivers/STM32L4xx_HAL_Driver/Src/stm32l4xx_hal_lptim.c ****         __HAL_RCC_LPTIM1_CONFIG(RCC_LPTIM1CLKSOURCE_PCLK1);
2624:Drivers/STM32L4xx_HAL_Driver/Src/stm32l4xx_hal_lptim.c ****         break;
2625:Drivers/STM32L4xx_HAL_Driver/Src/stm32l4xx_hal_lptim.c **** #if defined(LPTIM2)
2626:Drivers/STM32L4xx_HAL_Driver/Src/stm32l4xx_hal_lptim.c ****       case LPTIM2_BASE:
2627:Drivers/STM32L4xx_HAL_Driver/Src/stm32l4xx_hal_lptim.c ****         __HAL_RCC_LPTIM2_CONFIG(RCC_LPTIM2CLKSOURCE_PCLK1);
 1573              		.loc 1 2627 9 is_stmt 1 view .LVU471
 1574 0096 3549     		ldr	r1, .L101+4
 1575 0098 D1F88830 		ldr	r3, [r1, #136]
 1576 009c 23F44013 		bic	r3, r3, #3145728
 1577 00a0 C1F88830 		str	r3, [r1, #136]
2628:Drivers/STM32L4xx_HAL_Driver/Src/stm32l4xx_hal_lptim.c ****         break;
 1578              		.loc 1 2628 9 view .LVU472
 1579 00a4 06E0     		b	.L89
 1580              	.L87:
2623:Drivers/STM32L4xx_HAL_Driver/Src/stm32l4xx_hal_lptim.c ****         break;
 1581              		.loc 1 2623 9 view .LVU473
 1582 00a6 3149     		ldr	r1, .L101+4
 1583 00a8 D1F88830 		ldr	r3, [r1, #136]
 1584 00ac 23F44023 		bic	r3, r3, #786432
 1585 00b0 C1F88830 		str	r3, [r1, #136]
2624:Drivers/STM32L4xx_HAL_Driver/Src/stm32l4xx_hal_lptim.c **** #if defined(LPTIM2)
 1586              		.loc 1 2624 9 view .LVU474
 1587              	.L89:
2629:Drivers/STM32L4xx_HAL_Driver/Src/stm32l4xx_hal_lptim.c **** #endif /* LPTIM2 */
2630:Drivers/STM32L4xx_HAL_Driver/Src/stm32l4xx_hal_lptim.c ****       default:
2631:Drivers/STM32L4xx_HAL_Driver/Src/stm32l4xx_hal_lptim.c ****         break;
2632:Drivers/STM32L4xx_HAL_Driver/Src/stm32l4xx_hal_lptim.c ****     }
2633:Drivers/STM32L4xx_HAL_Driver/Src/stm32l4xx_hal_lptim.c **** 
2634:Drivers/STM32L4xx_HAL_Driver/Src/stm32l4xx_hal_lptim.c ****     if (tmpCMP != 0UL)
 1588              		.loc 1 2634 5 view .LVU475
ARM GAS  /tmp/ccCFMTgI.s 			page 90


 1589              		.loc 1 2634 8 is_stmt 0 view .LVU476
 1590 00b4 A2B9     		cbnz	r2, .L97
 1591              	.LVL101:
 1592              	.L90:
2635:Drivers/STM32L4xx_HAL_Driver/Src/stm32l4xx_hal_lptim.c ****     {
2636:Drivers/STM32L4xx_HAL_Driver/Src/stm32l4xx_hal_lptim.c ****       /* Restore CMP register (LPTIM should be enabled first) */
2637:Drivers/STM32L4xx_HAL_Driver/Src/stm32l4xx_hal_lptim.c ****       hlptim->Instance->CR |= LPTIM_CR_ENABLE;
2638:Drivers/STM32L4xx_HAL_Driver/Src/stm32l4xx_hal_lptim.c ****       hlptim->Instance->CMP = tmpCMP;
2639:Drivers/STM32L4xx_HAL_Driver/Src/stm32l4xx_hal_lptim.c **** 
2640:Drivers/STM32L4xx_HAL_Driver/Src/stm32l4xx_hal_lptim.c ****       /* Wait for the completion of the write operation to the LPTIM_CMP register */
2641:Drivers/STM32L4xx_HAL_Driver/Src/stm32l4xx_hal_lptim.c ****       if (LPTIM_WaitForFlag(hlptim, LPTIM_FLAG_CMPOK) == HAL_TIMEOUT)
2642:Drivers/STM32L4xx_HAL_Driver/Src/stm32l4xx_hal_lptim.c ****       {
2643:Drivers/STM32L4xx_HAL_Driver/Src/stm32l4xx_hal_lptim.c ****         hlptim->State = HAL_LPTIM_STATE_TIMEOUT;
2644:Drivers/STM32L4xx_HAL_Driver/Src/stm32l4xx_hal_lptim.c ****       }
2645:Drivers/STM32L4xx_HAL_Driver/Src/stm32l4xx_hal_lptim.c ****       __HAL_LPTIM_CLEAR_FLAG(hlptim, LPTIM_FLAG_CMPOK);
2646:Drivers/STM32L4xx_HAL_Driver/Src/stm32l4xx_hal_lptim.c ****     }
2647:Drivers/STM32L4xx_HAL_Driver/Src/stm32l4xx_hal_lptim.c **** 
2648:Drivers/STM32L4xx_HAL_Driver/Src/stm32l4xx_hal_lptim.c ****     if (tmpARR != 0UL)
 1593              		.loc 1 2648 5 is_stmt 1 view .LVU477
 1594              		.loc 1 2648 8 is_stmt 0 view .LVU478
 1595 00b6 BAF1000F 		cmp	r10, #0
 1596 00ba 26D1     		bne	.L98
 1597              	.L92:
2649:Drivers/STM32L4xx_HAL_Driver/Src/stm32l4xx_hal_lptim.c ****     {
2650:Drivers/STM32L4xx_HAL_Driver/Src/stm32l4xx_hal_lptim.c ****       /* Restore ARR register (LPTIM should be enabled first) */
2651:Drivers/STM32L4xx_HAL_Driver/Src/stm32l4xx_hal_lptim.c ****       hlptim->Instance->CR |= LPTIM_CR_ENABLE;
2652:Drivers/STM32L4xx_HAL_Driver/Src/stm32l4xx_hal_lptim.c ****       hlptim->Instance->ARR = tmpARR;
2653:Drivers/STM32L4xx_HAL_Driver/Src/stm32l4xx_hal_lptim.c **** 
2654:Drivers/STM32L4xx_HAL_Driver/Src/stm32l4xx_hal_lptim.c ****       /* Wait for the completion of the write operation to the LPTIM_ARR register */
2655:Drivers/STM32L4xx_HAL_Driver/Src/stm32l4xx_hal_lptim.c ****       if (LPTIM_WaitForFlag(hlptim, LPTIM_FLAG_ARROK) == HAL_TIMEOUT)
2656:Drivers/STM32L4xx_HAL_Driver/Src/stm32l4xx_hal_lptim.c ****       {
2657:Drivers/STM32L4xx_HAL_Driver/Src/stm32l4xx_hal_lptim.c ****         hlptim->State = HAL_LPTIM_STATE_TIMEOUT;
2658:Drivers/STM32L4xx_HAL_Driver/Src/stm32l4xx_hal_lptim.c ****       }
2659:Drivers/STM32L4xx_HAL_Driver/Src/stm32l4xx_hal_lptim.c **** 
2660:Drivers/STM32L4xx_HAL_Driver/Src/stm32l4xx_hal_lptim.c ****       __HAL_LPTIM_CLEAR_FLAG(hlptim, LPTIM_FLAG_ARROK);
2661:Drivers/STM32L4xx_HAL_Driver/Src/stm32l4xx_hal_lptim.c ****     }
2662:Drivers/STM32L4xx_HAL_Driver/Src/stm32l4xx_hal_lptim.c **** #if defined(LPTIM_RCR_REP)
2663:Drivers/STM32L4xx_HAL_Driver/Src/stm32l4xx_hal_lptim.c **** 
2664:Drivers/STM32L4xx_HAL_Driver/Src/stm32l4xx_hal_lptim.c ****     if (tmpRCR != 0UL)
2665:Drivers/STM32L4xx_HAL_Driver/Src/stm32l4xx_hal_lptim.c ****     {
2666:Drivers/STM32L4xx_HAL_Driver/Src/stm32l4xx_hal_lptim.c ****       /* Restore RCR register (LPTIM should be enabled first) */
2667:Drivers/STM32L4xx_HAL_Driver/Src/stm32l4xx_hal_lptim.c ****       hlptim->Instance->CR |= LPTIM_CR_ENABLE;
2668:Drivers/STM32L4xx_HAL_Driver/Src/stm32l4xx_hal_lptim.c ****       hlptim->Instance->RCR = tmpRCR;
2669:Drivers/STM32L4xx_HAL_Driver/Src/stm32l4xx_hal_lptim.c **** 
2670:Drivers/STM32L4xx_HAL_Driver/Src/stm32l4xx_hal_lptim.c ****       /* Wait for the completion of the write operation to the LPTIM_RCR register */
2671:Drivers/STM32L4xx_HAL_Driver/Src/stm32l4xx_hal_lptim.c ****       if (LPTIM_WaitForFlag(hlptim, LPTIM_FLAG_REPOK) == HAL_TIMEOUT)
2672:Drivers/STM32L4xx_HAL_Driver/Src/stm32l4xx_hal_lptim.c ****       {
2673:Drivers/STM32L4xx_HAL_Driver/Src/stm32l4xx_hal_lptim.c ****         hlptim->State = HAL_LPTIM_STATE_TIMEOUT;
2674:Drivers/STM32L4xx_HAL_Driver/Src/stm32l4xx_hal_lptim.c ****       }
2675:Drivers/STM32L4xx_HAL_Driver/Src/stm32l4xx_hal_lptim.c ****       __HAL_LPTIM_CLEAR_FLAG(hlptim, LPTIM_FLAG_REPOK);
2676:Drivers/STM32L4xx_HAL_Driver/Src/stm32l4xx_hal_lptim.c ****     }
2677:Drivers/STM32L4xx_HAL_Driver/Src/stm32l4xx_hal_lptim.c **** #endif
2678:Drivers/STM32L4xx_HAL_Driver/Src/stm32l4xx_hal_lptim.c **** 
2679:Drivers/STM32L4xx_HAL_Driver/Src/stm32l4xx_hal_lptim.c ****     /* Restore LPTIM source kernel clock */
2680:Drivers/STM32L4xx_HAL_Driver/Src/stm32l4xx_hal_lptim.c ****     switch ((uint32_t)hlptim->Instance)
 1598              		.loc 1 2680 5 is_stmt 1 view .LVU479
 1599              		.loc 1 2680 29 is_stmt 0 view .LVU480
ARM GAS  /tmp/ccCFMTgI.s 			page 91


 1600 00bc 2368     		ldr	r3, [r4]
 1601              		.loc 1 2680 5 view .LVU481
 1602 00be 2A4A     		ldr	r2, .L101
 1603 00c0 9342     		cmp	r3, r2
 1604 00c2 38D0     		beq	.L94
 1605 00c4 02F5C052 		add	r2, r2, #6144
 1606 00c8 9342     		cmp	r3, r2
 1607 00ca 3DD1     		bne	.L86
2681:Drivers/STM32L4xx_HAL_Driver/Src/stm32l4xx_hal_lptim.c ****     {
2682:Drivers/STM32L4xx_HAL_Driver/Src/stm32l4xx_hal_lptim.c ****       case LPTIM1_BASE:
2683:Drivers/STM32L4xx_HAL_Driver/Src/stm32l4xx_hal_lptim.c ****         __HAL_RCC_LPTIM1_CONFIG(tmpclksource);
2684:Drivers/STM32L4xx_HAL_Driver/Src/stm32l4xx_hal_lptim.c ****         break;
2685:Drivers/STM32L4xx_HAL_Driver/Src/stm32l4xx_hal_lptim.c **** #if defined(LPTIM2)
2686:Drivers/STM32L4xx_HAL_Driver/Src/stm32l4xx_hal_lptim.c ****       case LPTIM2_BASE:
2687:Drivers/STM32L4xx_HAL_Driver/Src/stm32l4xx_hal_lptim.c ****         __HAL_RCC_LPTIM2_CONFIG(tmpclksource);
 1608              		.loc 1 2687 9 is_stmt 1 view .LVU482
 1609 00cc 274A     		ldr	r2, .L101+4
 1610 00ce D2F88830 		ldr	r3, [r2, #136]
 1611 00d2 23F44013 		bic	r3, r3, #3145728
 1612 00d6 43EA0903 		orr	r3, r3, r9
 1613 00da C2F88830 		str	r3, [r2, #136]
2688:Drivers/STM32L4xx_HAL_Driver/Src/stm32l4xx_hal_lptim.c ****         break;
 1614              		.loc 1 2688 9 view .LVU483
 1615 00de 33E0     		b	.L86
 1616              	.LVL102:
 1617              	.L97:
2637:Drivers/STM32L4xx_HAL_Driver/Src/stm32l4xx_hal_lptim.c ****       hlptim->Instance->CMP = tmpCMP;
 1618              		.loc 1 2637 7 view .LVU484
2637:Drivers/STM32L4xx_HAL_Driver/Src/stm32l4xx_hal_lptim.c ****       hlptim->Instance->CMP = tmpCMP;
 1619              		.loc 1 2637 13 is_stmt 0 view .LVU485
 1620 00e0 2168     		ldr	r1, [r4]
2637:Drivers/STM32L4xx_HAL_Driver/Src/stm32l4xx_hal_lptim.c ****       hlptim->Instance->CMP = tmpCMP;
 1621              		.loc 1 2637 23 view .LVU486
 1622 00e2 0B69     		ldr	r3, [r1, #16]
2637:Drivers/STM32L4xx_HAL_Driver/Src/stm32l4xx_hal_lptim.c ****       hlptim->Instance->CMP = tmpCMP;
 1623              		.loc 1 2637 28 view .LVU487
 1624 00e4 43F00103 		orr	r3, r3, #1
 1625 00e8 0B61     		str	r3, [r1, #16]
2638:Drivers/STM32L4xx_HAL_Driver/Src/stm32l4xx_hal_lptim.c **** 
 1626              		.loc 1 2638 7 is_stmt 1 view .LVU488
2638:Drivers/STM32L4xx_HAL_Driver/Src/stm32l4xx_hal_lptim.c **** 
 1627              		.loc 1 2638 13 is_stmt 0 view .LVU489
 1628 00ea 2368     		ldr	r3, [r4]
2638:Drivers/STM32L4xx_HAL_Driver/Src/stm32l4xx_hal_lptim.c **** 
 1629              		.loc 1 2638 29 view .LVU490
 1630 00ec 5A61     		str	r2, [r3, #20]
2641:Drivers/STM32L4xx_HAL_Driver/Src/stm32l4xx_hal_lptim.c ****       {
 1631              		.loc 1 2641 7 is_stmt 1 view .LVU491
2641:Drivers/STM32L4xx_HAL_Driver/Src/stm32l4xx_hal_lptim.c ****       {
 1632              		.loc 1 2641 11 is_stmt 0 view .LVU492
 1633 00ee 0821     		movs	r1, #8
 1634 00f0 2046     		mov	r0, r4
 1635              	.LVL103:
2641:Drivers/STM32L4xx_HAL_Driver/Src/stm32l4xx_hal_lptim.c ****       {
 1636              		.loc 1 2641 11 view .LVU493
 1637 00f2 FFF7FEFF 		bl	LPTIM_WaitForFlag
 1638              	.LVL104:
ARM GAS  /tmp/ccCFMTgI.s 			page 92


2641:Drivers/STM32L4xx_HAL_Driver/Src/stm32l4xx_hal_lptim.c ****       {
 1639              		.loc 1 2641 10 discriminator 1 view .LVU494
 1640 00f6 0328     		cmp	r0, #3
 1641 00f8 03D0     		beq	.L99
 1642              	.L91:
2645:Drivers/STM32L4xx_HAL_Driver/Src/stm32l4xx_hal_lptim.c ****     }
 1643              		.loc 1 2645 7 is_stmt 1 view .LVU495
 1644 00fa 2368     		ldr	r3, [r4]
 1645 00fc 0822     		movs	r2, #8
 1646 00fe 5A60     		str	r2, [r3, #4]
 1647 0100 D9E7     		b	.L90
 1648              	.L99:
2643:Drivers/STM32L4xx_HAL_Driver/Src/stm32l4xx_hal_lptim.c ****       }
 1649              		.loc 1 2643 9 view .LVU496
2643:Drivers/STM32L4xx_HAL_Driver/Src/stm32l4xx_hal_lptim.c ****       }
 1650              		.loc 1 2643 23 is_stmt 0 view .LVU497
 1651 0102 0323     		movs	r3, #3
 1652 0104 84F83630 		strb	r3, [r4, #54]
 1653 0108 F7E7     		b	.L91
 1654              	.L98:
2651:Drivers/STM32L4xx_HAL_Driver/Src/stm32l4xx_hal_lptim.c ****       hlptim->Instance->ARR = tmpARR;
 1655              		.loc 1 2651 7 is_stmt 1 view .LVU498
2651:Drivers/STM32L4xx_HAL_Driver/Src/stm32l4xx_hal_lptim.c ****       hlptim->Instance->ARR = tmpARR;
 1656              		.loc 1 2651 13 is_stmt 0 view .LVU499
 1657 010a 2268     		ldr	r2, [r4]
2651:Drivers/STM32L4xx_HAL_Driver/Src/stm32l4xx_hal_lptim.c ****       hlptim->Instance->ARR = tmpARR;
 1658              		.loc 1 2651 23 view .LVU500
 1659 010c 1369     		ldr	r3, [r2, #16]
2651:Drivers/STM32L4xx_HAL_Driver/Src/stm32l4xx_hal_lptim.c ****       hlptim->Instance->ARR = tmpARR;
 1660              		.loc 1 2651 28 view .LVU501
 1661 010e 43F00103 		orr	r3, r3, #1
 1662 0112 1361     		str	r3, [r2, #16]
2652:Drivers/STM32L4xx_HAL_Driver/Src/stm32l4xx_hal_lptim.c **** 
 1663              		.loc 1 2652 7 is_stmt 1 view .LVU502
2652:Drivers/STM32L4xx_HAL_Driver/Src/stm32l4xx_hal_lptim.c **** 
 1664              		.loc 1 2652 13 is_stmt 0 view .LVU503
 1665 0114 2368     		ldr	r3, [r4]
2652:Drivers/STM32L4xx_HAL_Driver/Src/stm32l4xx_hal_lptim.c **** 
 1666              		.loc 1 2652 29 view .LVU504
 1667 0116 C3F818A0 		str	r10, [r3, #24]
2655:Drivers/STM32L4xx_HAL_Driver/Src/stm32l4xx_hal_lptim.c ****       {
 1668              		.loc 1 2655 7 is_stmt 1 view .LVU505
2655:Drivers/STM32L4xx_HAL_Driver/Src/stm32l4xx_hal_lptim.c ****       {
 1669              		.loc 1 2655 11 is_stmt 0 view .LVU506
 1670 011a 1021     		movs	r1, #16
 1671 011c 2046     		mov	r0, r4
 1672 011e FFF7FEFF 		bl	LPTIM_WaitForFlag
 1673              	.LVL105:
2655:Drivers/STM32L4xx_HAL_Driver/Src/stm32l4xx_hal_lptim.c ****       {
 1674              		.loc 1 2655 10 discriminator 1 view .LVU507
 1675 0122 0328     		cmp	r0, #3
 1676 0124 03D0     		beq	.L100
 1677              	.L93:
2660:Drivers/STM32L4xx_HAL_Driver/Src/stm32l4xx_hal_lptim.c ****     }
 1678              		.loc 1 2660 7 is_stmt 1 view .LVU508
 1679 0126 2368     		ldr	r3, [r4]
 1680 0128 1022     		movs	r2, #16
ARM GAS  /tmp/ccCFMTgI.s 			page 93


 1681 012a 5A60     		str	r2, [r3, #4]
 1682 012c C6E7     		b	.L92
 1683              	.L100:
2657:Drivers/STM32L4xx_HAL_Driver/Src/stm32l4xx_hal_lptim.c ****       }
 1684              		.loc 1 2657 9 view .LVU509
2657:Drivers/STM32L4xx_HAL_Driver/Src/stm32l4xx_hal_lptim.c ****       }
 1685              		.loc 1 2657 23 is_stmt 0 view .LVU510
 1686 012e 0323     		movs	r3, #3
 1687 0130 84F83630 		strb	r3, [r4, #54]
 1688 0134 F7E7     		b	.L93
 1689              	.L94:
2683:Drivers/STM32L4xx_HAL_Driver/Src/stm32l4xx_hal_lptim.c ****         break;
 1690              		.loc 1 2683 9 is_stmt 1 view .LVU511
 1691 0136 0D4A     		ldr	r2, .L101+4
 1692 0138 D2F88830 		ldr	r3, [r2, #136]
 1693 013c 23F44023 		bic	r3, r3, #786432
 1694 0140 43EA0903 		orr	r3, r3, r9
 1695 0144 C2F88830 		str	r3, [r2, #136]
2684:Drivers/STM32L4xx_HAL_Driver/Src/stm32l4xx_hal_lptim.c **** #if defined(LPTIM2)
 1696              		.loc 1 2684 9 view .LVU512
 1697              	.L86:
2689:Drivers/STM32L4xx_HAL_Driver/Src/stm32l4xx_hal_lptim.c **** #endif /* LPTIM2 */
2690:Drivers/STM32L4xx_HAL_Driver/Src/stm32l4xx_hal_lptim.c ****       default:
2691:Drivers/STM32L4xx_HAL_Driver/Src/stm32l4xx_hal_lptim.c ****         break;
2692:Drivers/STM32L4xx_HAL_Driver/Src/stm32l4xx_hal_lptim.c ****     }
2693:Drivers/STM32L4xx_HAL_Driver/Src/stm32l4xx_hal_lptim.c ****   }
2694:Drivers/STM32L4xx_HAL_Driver/Src/stm32l4xx_hal_lptim.c **** 
2695:Drivers/STM32L4xx_HAL_Driver/Src/stm32l4xx_hal_lptim.c ****   /* Restore configuration registers (LPTIM should be disabled first) */
2696:Drivers/STM32L4xx_HAL_Driver/Src/stm32l4xx_hal_lptim.c ****   hlptim->Instance->CR &= ~(LPTIM_CR_ENABLE);
 1698              		.loc 1 2696 3 view .LVU513
 1699              		.loc 1 2696 9 is_stmt 0 view .LVU514
 1700 0148 2268     		ldr	r2, [r4]
 1701              		.loc 1 2696 19 view .LVU515
 1702 014a 1369     		ldr	r3, [r2, #16]
 1703              		.loc 1 2696 24 view .LVU516
 1704 014c 23F00103 		bic	r3, r3, #1
 1705 0150 1361     		str	r3, [r2, #16]
2697:Drivers/STM32L4xx_HAL_Driver/Src/stm32l4xx_hal_lptim.c ****   hlptim->Instance->IER = tmpIER;
 1706              		.loc 1 2697 3 is_stmt 1 view .LVU517
 1707              		.loc 1 2697 9 is_stmt 0 view .LVU518
 1708 0152 2368     		ldr	r3, [r4]
 1709              		.loc 1 2697 25 view .LVU519
 1710 0154 C3F80880 		str	r8, [r3, #8]
2698:Drivers/STM32L4xx_HAL_Driver/Src/stm32l4xx_hal_lptim.c ****   hlptim->Instance->CFGR = tmpCFGR;
 1711              		.loc 1 2698 3 is_stmt 1 view .LVU520
 1712              		.loc 1 2698 9 is_stmt 0 view .LVU521
 1713 0158 2368     		ldr	r3, [r4]
 1714              		.loc 1 2698 26 view .LVU522
 1715 015a DF60     		str	r7, [r3, #12]
2699:Drivers/STM32L4xx_HAL_Driver/Src/stm32l4xx_hal_lptim.c ****   hlptim->Instance->OR = tmpOR;
 1716              		.loc 1 2699 3 is_stmt 1 view .LVU523
 1717              		.loc 1 2699 9 is_stmt 0 view .LVU524
 1718 015c 2368     		ldr	r3, [r4]
 1719              		.loc 1 2699 24 view .LVU525
 1720 015e 1E62     		str	r6, [r3, #32]
2700:Drivers/STM32L4xx_HAL_Driver/Src/stm32l4xx_hal_lptim.c **** 
2701:Drivers/STM32L4xx_HAL_Driver/Src/stm32l4xx_hal_lptim.c ****   /* Exit critical section: restore previous priority mask */
ARM GAS  /tmp/ccCFMTgI.s 			page 94


2702:Drivers/STM32L4xx_HAL_Driver/Src/stm32l4xx_hal_lptim.c ****   __set_PRIMASK(primask_bit);
 1721              		.loc 1 2702 3 is_stmt 1 view .LVU526
 1722              	.LBB12:
 1723              	.LBI12:
 479:Drivers/CMSIS/Include/cmsis_gcc.h **** {
 1724              		.loc 2 479 27 view .LVU527
 1725              	.LBB13:
 1726              		.loc 2 481 3 view .LVU528
 1727              		.syntax unified
 1728              	@ 481 "Drivers/CMSIS/Include/cmsis_gcc.h" 1
 1729 0160 85F31088 		MSR primask, r5
 1730              	@ 0 "" 2
 1731              		.thumb
 1732              		.syntax unified
 1733              	.LBE13:
 1734              	.LBE12:
2703:Drivers/STM32L4xx_HAL_Driver/Src/stm32l4xx_hal_lptim.c **** }
 1735              		.loc 1 2703 1 is_stmt 0 view .LVU529
 1736 0164 BDE8F087 		pop	{r4, r5, r6, r7, r8, r9, r10, pc}
 1737              	.LVL106:
 1738              	.L102:
 1739              		.loc 1 2703 1 view .LVU530
 1740              		.align	2
 1741              	.L101:
 1742 0168 007C0040 		.word	1073773568
 1743 016c 00100240 		.word	1073876992
 1744              		.cfi_endproc
 1745              	.LFE425:
 1747              		.section	.text.HAL_LPTIM_DeInit,"ax",%progbits
 1748              		.align	1
 1749              		.global	HAL_LPTIM_DeInit
 1750              		.syntax unified
 1751              		.thumb
 1752              		.thumb_func
 1754              	HAL_LPTIM_DeInit:
 1755              	.LVL107:
 1756              	.LFB385:
 411:Drivers/STM32L4xx_HAL_Driver/Src/stm32l4xx_hal_lptim.c ****   /* Check the LPTIM handle allocation */
 1757              		.loc 1 411 1 is_stmt 1 view -0
 1758              		.cfi_startproc
 1759              		@ args = 0, pretend = 0, frame = 0
 1760              		@ frame_needed = 0, uses_anonymous_args = 0
 413:Drivers/STM32L4xx_HAL_Driver/Src/stm32l4xx_hal_lptim.c ****   {
 1761              		.loc 1 413 3 view .LVU532
 413:Drivers/STM32L4xx_HAL_Driver/Src/stm32l4xx_hal_lptim.c ****   {
 1762              		.loc 1 413 6 is_stmt 0 view .LVU533
 1763 0000 A0B1     		cbz	r0, .L105
 411:Drivers/STM32L4xx_HAL_Driver/Src/stm32l4xx_hal_lptim.c ****   /* Check the LPTIM handle allocation */
 1764              		.loc 1 411 1 view .LVU534
 1765 0002 10B5     		push	{r4, lr}
 1766              	.LCFI10:
 1767              		.cfi_def_cfa_offset 8
 1768              		.cfi_offset 4, -8
 1769              		.cfi_offset 14, -4
 1770 0004 0446     		mov	r4, r0
 419:Drivers/STM32L4xx_HAL_Driver/Src/stm32l4xx_hal_lptim.c **** 
 1771              		.loc 1 419 3 is_stmt 1 view .LVU535
ARM GAS  /tmp/ccCFMTgI.s 			page 95


 419:Drivers/STM32L4xx_HAL_Driver/Src/stm32l4xx_hal_lptim.c **** 
 1772              		.loc 1 419 17 is_stmt 0 view .LVU536
 1773 0006 0223     		movs	r3, #2
 1774 0008 80F83630 		strb	r3, [r0, #54]
 422:Drivers/STM32L4xx_HAL_Driver/Src/stm32l4xx_hal_lptim.c **** 
 1775              		.loc 1 422 3 is_stmt 1 view .LVU537
 1776 000c FFF7FEFF 		bl	LPTIM_Disable
 1777              	.LVL108:
 424:Drivers/STM32L4xx_HAL_Driver/Src/stm32l4xx_hal_lptim.c ****   {
 1778              		.loc 1 424 3 view .LVU538
 424:Drivers/STM32L4xx_HAL_Driver/Src/stm32l4xx_hal_lptim.c ****   {
 1779              		.loc 1 424 7 is_stmt 0 view .LVU539
 1780 0010 2046     		mov	r0, r4
 1781 0012 FFF7FEFF 		bl	HAL_LPTIM_GetState
 1782              	.LVL109:
 424:Drivers/STM32L4xx_HAL_Driver/Src/stm32l4xx_hal_lptim.c ****   {
 1783              		.loc 1 424 6 discriminator 1 view .LVU540
 1784 0016 0328     		cmp	r0, #3
 1785 0018 07D0     		beq	.L104
 439:Drivers/STM32L4xx_HAL_Driver/Src/stm32l4xx_hal_lptim.c **** #endif /* USE_HAL_LPTIM_REGISTER_CALLBACKS */
 1786              		.loc 1 439 3 is_stmt 1 view .LVU541
 1787 001a 2046     		mov	r0, r4
 1788 001c FFF7FEFF 		bl	HAL_LPTIM_MspDeInit
 1789              	.LVL110:
 443:Drivers/STM32L4xx_HAL_Driver/Src/stm32l4xx_hal_lptim.c **** 
 1790              		.loc 1 443 3 view .LVU542
 443:Drivers/STM32L4xx_HAL_Driver/Src/stm32l4xx_hal_lptim.c **** 
 1791              		.loc 1 443 17 is_stmt 0 view .LVU543
 1792 0020 0020     		movs	r0, #0
 1793 0022 84F83600 		strb	r0, [r4, #54]
 446:Drivers/STM32L4xx_HAL_Driver/Src/stm32l4xx_hal_lptim.c **** 
 1794              		.loc 1 446 3 is_stmt 1 view .LVU544
 446:Drivers/STM32L4xx_HAL_Driver/Src/stm32l4xx_hal_lptim.c **** 
 1795              		.loc 1 446 3 view .LVU545
 1796 0026 84F83500 		strb	r0, [r4, #53]
 446:Drivers/STM32L4xx_HAL_Driver/Src/stm32l4xx_hal_lptim.c **** 
 1797              		.loc 1 446 3 view .LVU546
 449:Drivers/STM32L4xx_HAL_Driver/Src/stm32l4xx_hal_lptim.c **** }
 1798              		.loc 1 449 3 view .LVU547
 1799              	.L104:
 450:Drivers/STM32L4xx_HAL_Driver/Src/stm32l4xx_hal_lptim.c **** 
 1800              		.loc 1 450 1 is_stmt 0 view .LVU548
 1801 002a 10BD     		pop	{r4, pc}
 1802              	.LVL111:
 1803              	.L105:
 1804              	.LCFI11:
 1805              		.cfi_def_cfa_offset 0
 1806              		.cfi_restore 4
 1807              		.cfi_restore 14
 415:Drivers/STM32L4xx_HAL_Driver/Src/stm32l4xx_hal_lptim.c ****   }
 1808              		.loc 1 415 12 view .LVU549
 1809 002c 0120     		movs	r0, #1
 1810              	.LVL112:
 450:Drivers/STM32L4xx_HAL_Driver/Src/stm32l4xx_hal_lptim.c **** 
 1811              		.loc 1 450 1 view .LVU550
 1812 002e 7047     		bx	lr
 1813              		.cfi_endproc
ARM GAS  /tmp/ccCFMTgI.s 			page 96


 1814              	.LFE385:
 1816              		.section	.text.HAL_LPTIM_PWM_Stop,"ax",%progbits
 1817              		.align	1
 1818              		.global	HAL_LPTIM_PWM_Stop
 1819              		.syntax unified
 1820              		.thumb
 1821              		.thumb_func
 1823              	HAL_LPTIM_PWM_Stop:
 1824              	.LVL113:
 1825              	.LFB389:
 577:Drivers/STM32L4xx_HAL_Driver/Src/stm32l4xx_hal_lptim.c ****   /* Check the parameters */
 1826              		.loc 1 577 1 is_stmt 1 view -0
 1827              		.cfi_startproc
 1828              		@ args = 0, pretend = 0, frame = 0
 1829              		@ frame_needed = 0, uses_anonymous_args = 0
 577:Drivers/STM32L4xx_HAL_Driver/Src/stm32l4xx_hal_lptim.c ****   /* Check the parameters */
 1830              		.loc 1 577 1 is_stmt 0 view .LVU552
 1831 0000 10B5     		push	{r4, lr}
 1832              	.LCFI12:
 1833              		.cfi_def_cfa_offset 8
 1834              		.cfi_offset 4, -8
 1835              		.cfi_offset 14, -4
 1836 0002 0446     		mov	r4, r0
 579:Drivers/STM32L4xx_HAL_Driver/Src/stm32l4xx_hal_lptim.c **** 
 1837              		.loc 1 579 3 is_stmt 1 view .LVU553
 582:Drivers/STM32L4xx_HAL_Driver/Src/stm32l4xx_hal_lptim.c **** 
 1838              		.loc 1 582 3 view .LVU554
 582:Drivers/STM32L4xx_HAL_Driver/Src/stm32l4xx_hal_lptim.c **** 
 1839              		.loc 1 582 17 is_stmt 0 view .LVU555
 1840 0004 0223     		movs	r3, #2
 1841 0006 80F83630 		strb	r3, [r0, #54]
 585:Drivers/STM32L4xx_HAL_Driver/Src/stm32l4xx_hal_lptim.c **** 
 1842              		.loc 1 585 3 is_stmt 1 view .LVU556
 1843 000a FFF7FEFF 		bl	LPTIM_Disable
 1844              	.LVL114:
 587:Drivers/STM32L4xx_HAL_Driver/Src/stm32l4xx_hal_lptim.c ****   {
 1845              		.loc 1 587 3 view .LVU557
 587:Drivers/STM32L4xx_HAL_Driver/Src/stm32l4xx_hal_lptim.c ****   {
 1846              		.loc 1 587 7 is_stmt 0 view .LVU558
 1847 000e 2046     		mov	r0, r4
 1848 0010 FFF7FEFF 		bl	HAL_LPTIM_GetState
 1849              	.LVL115:
 587:Drivers/STM32L4xx_HAL_Driver/Src/stm32l4xx_hal_lptim.c ****   {
 1850              		.loc 1 587 6 discriminator 1 view .LVU559
 1851 0014 0328     		cmp	r0, #3
 1852 0016 03D0     		beq	.L111
 593:Drivers/STM32L4xx_HAL_Driver/Src/stm32l4xx_hal_lptim.c **** 
 1853              		.loc 1 593 3 is_stmt 1 view .LVU560
 593:Drivers/STM32L4xx_HAL_Driver/Src/stm32l4xx_hal_lptim.c **** 
 1854              		.loc 1 593 17 is_stmt 0 view .LVU561
 1855 0018 0123     		movs	r3, #1
 1856 001a 84F83630 		strb	r3, [r4, #54]
 596:Drivers/STM32L4xx_HAL_Driver/Src/stm32l4xx_hal_lptim.c **** }
 1857              		.loc 1 596 3 is_stmt 1 view .LVU562
 596:Drivers/STM32L4xx_HAL_Driver/Src/stm32l4xx_hal_lptim.c **** }
 1858              		.loc 1 596 10 is_stmt 0 view .LVU563
 1859 001e 0020     		movs	r0, #0
ARM GAS  /tmp/ccCFMTgI.s 			page 97


 1860              	.L111:
 597:Drivers/STM32L4xx_HAL_Driver/Src/stm32l4xx_hal_lptim.c **** 
 1861              		.loc 1 597 1 view .LVU564
 1862 0020 10BD     		pop	{r4, pc}
 597:Drivers/STM32L4xx_HAL_Driver/Src/stm32l4xx_hal_lptim.c **** 
 1863              		.loc 1 597 1 view .LVU565
 1864              		.cfi_endproc
 1865              	.LFE389:
 1867              		.section	.text.HAL_LPTIM_PWM_Start_IT,"ax",%progbits
 1868              		.align	1
 1869              		.global	HAL_LPTIM_PWM_Start_IT
 1870              		.syntax unified
 1871              		.thumb
 1872              		.thumb_func
 1874              	HAL_LPTIM_PWM_Start_IT:
 1875              	.LVL116:
 1876              	.LFB390:
 609:Drivers/STM32L4xx_HAL_Driver/Src/stm32l4xx_hal_lptim.c ****   /* Check the parameters */
 1877              		.loc 1 609 1 is_stmt 1 view -0
 1878              		.cfi_startproc
 1879              		@ args = 0, pretend = 0, frame = 0
 1880              		@ frame_needed = 0, uses_anonymous_args = 0
 609:Drivers/STM32L4xx_HAL_Driver/Src/stm32l4xx_hal_lptim.c ****   /* Check the parameters */
 1881              		.loc 1 609 1 is_stmt 0 view .LVU567
 1882 0000 38B5     		push	{r3, r4, r5, lr}
 1883              	.LCFI13:
 1884              		.cfi_def_cfa_offset 16
 1885              		.cfi_offset 3, -16
 1886              		.cfi_offset 4, -12
 1887              		.cfi_offset 5, -8
 1888              		.cfi_offset 14, -4
 1889 0002 0446     		mov	r4, r0
 1890 0004 0B46     		mov	r3, r1
 1891 0006 1546     		mov	r5, r2
 611:Drivers/STM32L4xx_HAL_Driver/Src/stm32l4xx_hal_lptim.c ****   assert_param(IS_LPTIM_PERIOD(Period));
 1892              		.loc 1 611 3 is_stmt 1 view .LVU568
 612:Drivers/STM32L4xx_HAL_Driver/Src/stm32l4xx_hal_lptim.c ****   assert_param(IS_LPTIM_PULSE(Pulse));
 1893              		.loc 1 612 3 view .LVU569
 613:Drivers/STM32L4xx_HAL_Driver/Src/stm32l4xx_hal_lptim.c **** 
 1894              		.loc 1 613 3 view .LVU570
 616:Drivers/STM32L4xx_HAL_Driver/Src/stm32l4xx_hal_lptim.c **** 
 1895              		.loc 1 616 3 view .LVU571
 616:Drivers/STM32L4xx_HAL_Driver/Src/stm32l4xx_hal_lptim.c **** 
 1896              		.loc 1 616 17 is_stmt 0 view .LVU572
 1897 0008 0222     		movs	r2, #2
 1898              	.LVL117:
 616:Drivers/STM32L4xx_HAL_Driver/Src/stm32l4xx_hal_lptim.c **** 
 1899              		.loc 1 616 17 view .LVU573
 1900 000a 80F83620 		strb	r2, [r0, #54]
 619:Drivers/STM32L4xx_HAL_Driver/Src/stm32l4xx_hal_lptim.c **** 
 1901              		.loc 1 619 3 is_stmt 1 view .LVU574
 619:Drivers/STM32L4xx_HAL_Driver/Src/stm32l4xx_hal_lptim.c **** 
 1902              		.loc 1 619 9 is_stmt 0 view .LVU575
 1903 000e 0268     		ldr	r2, [r0]
 619:Drivers/STM32L4xx_HAL_Driver/Src/stm32l4xx_hal_lptim.c **** 
 1904              		.loc 1 619 19 view .LVU576
 1905 0010 D168     		ldr	r1, [r2, #12]
ARM GAS  /tmp/ccCFMTgI.s 			page 98


 1906              	.LVL118:
 619:Drivers/STM32L4xx_HAL_Driver/Src/stm32l4xx_hal_lptim.c **** 
 1907              		.loc 1 619 26 view .LVU577
 1908 0012 21F48011 		bic	r1, r1, #1048576
 1909 0016 D160     		str	r1, [r2, #12]
 622:Drivers/STM32L4xx_HAL_Driver/Src/stm32l4xx_hal_lptim.c **** 
 1910              		.loc 1 622 3 is_stmt 1 view .LVU578
 1911 0018 0268     		ldr	r2, [r0]
 1912 001a 1169     		ldr	r1, [r2, #16]
 1913 001c 41F00101 		orr	r1, r1, #1
 1914 0020 1161     		str	r1, [r2, #16]
 625:Drivers/STM32L4xx_HAL_Driver/Src/stm32l4xx_hal_lptim.c **** 
 1915              		.loc 1 625 3 view .LVU579
 1916 0022 0268     		ldr	r2, [r0]
 1917 0024 1021     		movs	r1, #16
 1918 0026 5160     		str	r1, [r2, #4]
 628:Drivers/STM32L4xx_HAL_Driver/Src/stm32l4xx_hal_lptim.c **** 
 1919              		.loc 1 628 3 view .LVU580
 1920 0028 0268     		ldr	r2, [r0]
 1921 002a 9361     		str	r3, [r2, #24]
 631:Drivers/STM32L4xx_HAL_Driver/Src/stm32l4xx_hal_lptim.c ****   {
 1922              		.loc 1 631 3 view .LVU581
 631:Drivers/STM32L4xx_HAL_Driver/Src/stm32l4xx_hal_lptim.c ****   {
 1923              		.loc 1 631 7 is_stmt 0 view .LVU582
 1924 002c FFF7FEFF 		bl	LPTIM_WaitForFlag
 1925              	.LVL119:
 631:Drivers/STM32L4xx_HAL_Driver/Src/stm32l4xx_hal_lptim.c ****   {
 1926              		.loc 1 631 6 discriminator 1 view .LVU583
 1927 0030 0328     		cmp	r0, #3
 1928 0032 3DD0     		beq	.L114
 637:Drivers/STM32L4xx_HAL_Driver/Src/stm32l4xx_hal_lptim.c **** 
 1929              		.loc 1 637 3 is_stmt 1 view .LVU584
 1930 0034 2368     		ldr	r3, [r4]
 1931 0036 0821     		movs	r1, #8
 1932 0038 5960     		str	r1, [r3, #4]
 640:Drivers/STM32L4xx_HAL_Driver/Src/stm32l4xx_hal_lptim.c **** 
 1933              		.loc 1 640 3 view .LVU585
 1934 003a 2368     		ldr	r3, [r4]
 1935 003c 5D61     		str	r5, [r3, #20]
 643:Drivers/STM32L4xx_HAL_Driver/Src/stm32l4xx_hal_lptim.c ****   {
 1936              		.loc 1 643 3 view .LVU586
 643:Drivers/STM32L4xx_HAL_Driver/Src/stm32l4xx_hal_lptim.c ****   {
 1937              		.loc 1 643 7 is_stmt 0 view .LVU587
 1938 003e 2046     		mov	r0, r4
 1939 0040 FFF7FEFF 		bl	LPTIM_WaitForFlag
 1940              	.LVL120:
 643:Drivers/STM32L4xx_HAL_Driver/Src/stm32l4xx_hal_lptim.c ****   {
 1941              		.loc 1 643 6 discriminator 1 view .LVU588
 1942 0044 0328     		cmp	r0, #3
 1943 0046 33D0     		beq	.L114
 649:Drivers/STM32L4xx_HAL_Driver/Src/stm32l4xx_hal_lptim.c **** 
 1944              		.loc 1 649 3 is_stmt 1 view .LVU589
 1945 0048 2046     		mov	r0, r4
 1946 004a FFF7FEFF 		bl	LPTIM_Disable
 1947              	.LVL121:
 651:Drivers/STM32L4xx_HAL_Driver/Src/stm32l4xx_hal_lptim.c ****   {
 1948              		.loc 1 651 3 view .LVU590
ARM GAS  /tmp/ccCFMTgI.s 			page 99


 651:Drivers/STM32L4xx_HAL_Driver/Src/stm32l4xx_hal_lptim.c ****   {
 1949              		.loc 1 651 7 is_stmt 0 view .LVU591
 1950 004e 2046     		mov	r0, r4
 1951 0050 FFF7FEFF 		bl	HAL_LPTIM_GetState
 1952              	.LVL122:
 651:Drivers/STM32L4xx_HAL_Driver/Src/stm32l4xx_hal_lptim.c ****   {
 1953              		.loc 1 651 6 discriminator 1 view .LVU592
 1954 0054 0328     		cmp	r0, #3
 1955 0056 2BD0     		beq	.L114
 657:Drivers/STM32L4xx_HAL_Driver/Src/stm32l4xx_hal_lptim.c **** 
 1956              		.loc 1 657 3 is_stmt 1 view .LVU593
 1957 0058 2268     		ldr	r2, [r4]
 1958 005a 9368     		ldr	r3, [r2, #8]
 1959 005c 43F01003 		orr	r3, r3, #16
 1960 0060 9360     		str	r3, [r2, #8]
 660:Drivers/STM32L4xx_HAL_Driver/Src/stm32l4xx_hal_lptim.c **** 
 1961              		.loc 1 660 3 view .LVU594
 1962 0062 2268     		ldr	r2, [r4]
 1963 0064 9368     		ldr	r3, [r2, #8]
 1964 0066 43F00803 		orr	r3, r3, #8
 1965 006a 9360     		str	r3, [r2, #8]
 663:Drivers/STM32L4xx_HAL_Driver/Src/stm32l4xx_hal_lptim.c **** 
 1966              		.loc 1 663 3 view .LVU595
 1967 006c 2268     		ldr	r2, [r4]
 1968 006e 9368     		ldr	r3, [r2, #8]
 1969 0070 43F00203 		orr	r3, r3, #2
 1970 0074 9360     		str	r3, [r2, #8]
 666:Drivers/STM32L4xx_HAL_Driver/Src/stm32l4xx_hal_lptim.c **** 
 1971              		.loc 1 666 3 view .LVU596
 1972 0076 2268     		ldr	r2, [r4]
 1973 0078 9368     		ldr	r3, [r2, #8]
 1974 007a 43F00103 		orr	r3, r3, #1
 1975 007e 9360     		str	r3, [r2, #8]
 669:Drivers/STM32L4xx_HAL_Driver/Src/stm32l4xx_hal_lptim.c ****   {
 1976              		.loc 1 669 3 view .LVU597
 669:Drivers/STM32L4xx_HAL_Driver/Src/stm32l4xx_hal_lptim.c ****   {
 1977              		.loc 1 669 28 is_stmt 0 view .LVU598
 1978 0080 6269     		ldr	r2, [r4, #20]
 669:Drivers/STM32L4xx_HAL_Driver/Src/stm32l4xx_hal_lptim.c ****   {
 1979              		.loc 1 669 6 view .LVU599
 1980 0082 4FF6FF73 		movw	r3, #65535
 1981 0086 9A42     		cmp	r2, r3
 1982 0088 04D0     		beq	.L115
 672:Drivers/STM32L4xx_HAL_Driver/Src/stm32l4xx_hal_lptim.c ****   }
 1983              		.loc 1 672 5 is_stmt 1 view .LVU600
 1984 008a 2268     		ldr	r2, [r4]
 1985 008c 9368     		ldr	r3, [r2, #8]
 1986 008e 43F00403 		orr	r3, r3, #4
 1987 0092 9360     		str	r3, [r2, #8]
 1988              	.L115:
 684:Drivers/STM32L4xx_HAL_Driver/Src/stm32l4xx_hal_lptim.c **** 
 1989              		.loc 1 684 3 view .LVU601
 1990 0094 2268     		ldr	r2, [r4]
 1991 0096 1369     		ldr	r3, [r2, #16]
 1992 0098 43F00103 		orr	r3, r3, #1
 1993 009c 1361     		str	r3, [r2, #16]
 687:Drivers/STM32L4xx_HAL_Driver/Src/stm32l4xx_hal_lptim.c **** 
ARM GAS  /tmp/ccCFMTgI.s 			page 100


 1994              		.loc 1 687 3 view .LVU602
 1995 009e 2268     		ldr	r2, [r4]
 1996 00a0 1369     		ldr	r3, [r2, #16]
 1997 00a2 43F00403 		orr	r3, r3, #4
 1998 00a6 1361     		str	r3, [r2, #16]
 690:Drivers/STM32L4xx_HAL_Driver/Src/stm32l4xx_hal_lptim.c **** 
 1999              		.loc 1 690 3 view .LVU603
 690:Drivers/STM32L4xx_HAL_Driver/Src/stm32l4xx_hal_lptim.c **** 
 2000              		.loc 1 690 17 is_stmt 0 view .LVU604
 2001 00a8 0123     		movs	r3, #1
 2002 00aa 84F83630 		strb	r3, [r4, #54]
 693:Drivers/STM32L4xx_HAL_Driver/Src/stm32l4xx_hal_lptim.c **** }
 2003              		.loc 1 693 3 is_stmt 1 view .LVU605
 693:Drivers/STM32L4xx_HAL_Driver/Src/stm32l4xx_hal_lptim.c **** }
 2004              		.loc 1 693 10 is_stmt 0 view .LVU606
 2005 00ae 0020     		movs	r0, #0
 2006              	.L114:
 694:Drivers/STM32L4xx_HAL_Driver/Src/stm32l4xx_hal_lptim.c **** 
 2007              		.loc 1 694 1 view .LVU607
 2008 00b0 38BD     		pop	{r3, r4, r5, pc}
 694:Drivers/STM32L4xx_HAL_Driver/Src/stm32l4xx_hal_lptim.c **** 
 2009              		.loc 1 694 1 view .LVU608
 2010              		.cfi_endproc
 2011              	.LFE390:
 2013              		.section	.text.HAL_LPTIM_PWM_Stop_IT,"ax",%progbits
 2014              		.align	1
 2015              		.global	HAL_LPTIM_PWM_Stop_IT
 2016              		.syntax unified
 2017              		.thumb
 2018              		.thumb_func
 2020              	HAL_LPTIM_PWM_Stop_IT:
 2021              	.LVL123:
 2022              	.LFB391:
 702:Drivers/STM32L4xx_HAL_Driver/Src/stm32l4xx_hal_lptim.c ****   /* Check the parameters */
 2023              		.loc 1 702 1 is_stmt 1 view -0
 2024              		.cfi_startproc
 2025              		@ args = 0, pretend = 0, frame = 0
 2026              		@ frame_needed = 0, uses_anonymous_args = 0
 702:Drivers/STM32L4xx_HAL_Driver/Src/stm32l4xx_hal_lptim.c ****   /* Check the parameters */
 2027              		.loc 1 702 1 is_stmt 0 view .LVU610
 2028 0000 10B5     		push	{r4, lr}
 2029              	.LCFI14:
 2030              		.cfi_def_cfa_offset 8
 2031              		.cfi_offset 4, -8
 2032              		.cfi_offset 14, -4
 2033 0002 0446     		mov	r4, r0
 704:Drivers/STM32L4xx_HAL_Driver/Src/stm32l4xx_hal_lptim.c **** 
 2034              		.loc 1 704 3 is_stmt 1 view .LVU611
 707:Drivers/STM32L4xx_HAL_Driver/Src/stm32l4xx_hal_lptim.c **** 
 2035              		.loc 1 707 3 view .LVU612
 707:Drivers/STM32L4xx_HAL_Driver/Src/stm32l4xx_hal_lptim.c **** 
 2036              		.loc 1 707 17 is_stmt 0 view .LVU613
 2037 0004 0223     		movs	r3, #2
 2038 0006 80F83630 		strb	r3, [r0, #54]
 710:Drivers/STM32L4xx_HAL_Driver/Src/stm32l4xx_hal_lptim.c **** 
 2039              		.loc 1 710 3 is_stmt 1 view .LVU614
 2040 000a FFF7FEFF 		bl	LPTIM_Disable
ARM GAS  /tmp/ccCFMTgI.s 			page 101


 2041              	.LVL124:
 712:Drivers/STM32L4xx_HAL_Driver/Src/stm32l4xx_hal_lptim.c ****   {
 2042              		.loc 1 712 3 view .LVU615
 712:Drivers/STM32L4xx_HAL_Driver/Src/stm32l4xx_hal_lptim.c ****   {
 2043              		.loc 1 712 7 is_stmt 0 view .LVU616
 2044 000e 2046     		mov	r0, r4
 2045 0010 FFF7FEFF 		bl	HAL_LPTIM_GetState
 2046              	.LVL125:
 712:Drivers/STM32L4xx_HAL_Driver/Src/stm32l4xx_hal_lptim.c ****   {
 2047              		.loc 1 712 6 discriminator 1 view .LVU617
 2048 0014 0328     		cmp	r0, #3
 2049 0016 21D0     		beq	.L118
 718:Drivers/STM32L4xx_HAL_Driver/Src/stm32l4xx_hal_lptim.c **** 
 2050              		.loc 1 718 3 is_stmt 1 view .LVU618
 2051 0018 2268     		ldr	r2, [r4]
 2052 001a 9368     		ldr	r3, [r2, #8]
 2053 001c 23F01003 		bic	r3, r3, #16
 2054 0020 9360     		str	r3, [r2, #8]
 721:Drivers/STM32L4xx_HAL_Driver/Src/stm32l4xx_hal_lptim.c **** 
 2055              		.loc 1 721 3 view .LVU619
 2056 0022 2268     		ldr	r2, [r4]
 2057 0024 9368     		ldr	r3, [r2, #8]
 2058 0026 23F00803 		bic	r3, r3, #8
 2059 002a 9360     		str	r3, [r2, #8]
 724:Drivers/STM32L4xx_HAL_Driver/Src/stm32l4xx_hal_lptim.c **** 
 2060              		.loc 1 724 3 view .LVU620
 2061 002c 2268     		ldr	r2, [r4]
 2062 002e 9368     		ldr	r3, [r2, #8]
 2063 0030 23F00203 		bic	r3, r3, #2
 2064 0034 9360     		str	r3, [r2, #8]
 727:Drivers/STM32L4xx_HAL_Driver/Src/stm32l4xx_hal_lptim.c **** 
 2065              		.loc 1 727 3 view .LVU621
 2066 0036 2268     		ldr	r2, [r4]
 2067 0038 9368     		ldr	r3, [r2, #8]
 2068 003a 23F00103 		bic	r3, r3, #1
 2069 003e 9360     		str	r3, [r2, #8]
 730:Drivers/STM32L4xx_HAL_Driver/Src/stm32l4xx_hal_lptim.c ****   {
 2070              		.loc 1 730 3 view .LVU622
 730:Drivers/STM32L4xx_HAL_Driver/Src/stm32l4xx_hal_lptim.c ****   {
 2071              		.loc 1 730 28 is_stmt 0 view .LVU623
 2072 0040 6269     		ldr	r2, [r4, #20]
 730:Drivers/STM32L4xx_HAL_Driver/Src/stm32l4xx_hal_lptim.c ****   {
 2073              		.loc 1 730 6 view .LVU624
 2074 0042 4FF6FF73 		movw	r3, #65535
 2075 0046 9A42     		cmp	r2, r3
 2076 0048 04D0     		beq	.L119
 733:Drivers/STM32L4xx_HAL_Driver/Src/stm32l4xx_hal_lptim.c ****   }
 2077              		.loc 1 733 5 is_stmt 1 view .LVU625
 2078 004a 2268     		ldr	r2, [r4]
 2079 004c 9368     		ldr	r3, [r2, #8]
 2080 004e 23F00403 		bic	r3, r3, #4
 2081 0052 9360     		str	r3, [r2, #8]
 2082              	.L119:
 745:Drivers/STM32L4xx_HAL_Driver/Src/stm32l4xx_hal_lptim.c **** 
 2083              		.loc 1 745 3 view .LVU626
 745:Drivers/STM32L4xx_HAL_Driver/Src/stm32l4xx_hal_lptim.c **** 
 2084              		.loc 1 745 17 is_stmt 0 view .LVU627
ARM GAS  /tmp/ccCFMTgI.s 			page 102


 2085 0054 0123     		movs	r3, #1
 2086 0056 84F83630 		strb	r3, [r4, #54]
 748:Drivers/STM32L4xx_HAL_Driver/Src/stm32l4xx_hal_lptim.c **** }
 2087              		.loc 1 748 3 is_stmt 1 view .LVU628
 748:Drivers/STM32L4xx_HAL_Driver/Src/stm32l4xx_hal_lptim.c **** }
 2088              		.loc 1 748 10 is_stmt 0 view .LVU629
 2089 005a 0020     		movs	r0, #0
 2090              	.L118:
 749:Drivers/STM32L4xx_HAL_Driver/Src/stm32l4xx_hal_lptim.c **** 
 2091              		.loc 1 749 1 view .LVU630
 2092 005c 10BD     		pop	{r4, pc}
 749:Drivers/STM32L4xx_HAL_Driver/Src/stm32l4xx_hal_lptim.c **** 
 2093              		.loc 1 749 1 view .LVU631
 2094              		.cfi_endproc
 2095              	.LFE391:
 2097              		.section	.text.HAL_LPTIM_OnePulse_Stop,"ax",%progbits
 2098              		.align	1
 2099              		.global	HAL_LPTIM_OnePulse_Stop
 2100              		.syntax unified
 2101              		.thumb
 2102              		.thumb_func
 2104              	HAL_LPTIM_OnePulse_Stop:
 2105              	.LVL126:
 2106              	.LFB393:
 816:Drivers/STM32L4xx_HAL_Driver/Src/stm32l4xx_hal_lptim.c ****   /* Check the parameters */
 2107              		.loc 1 816 1 is_stmt 1 view -0
 2108              		.cfi_startproc
 2109              		@ args = 0, pretend = 0, frame = 0
 2110              		@ frame_needed = 0, uses_anonymous_args = 0
 816:Drivers/STM32L4xx_HAL_Driver/Src/stm32l4xx_hal_lptim.c ****   /* Check the parameters */
 2111              		.loc 1 816 1 is_stmt 0 view .LVU633
 2112 0000 10B5     		push	{r4, lr}
 2113              	.LCFI15:
 2114              		.cfi_def_cfa_offset 8
 2115              		.cfi_offset 4, -8
 2116              		.cfi_offset 14, -4
 2117 0002 0446     		mov	r4, r0
 818:Drivers/STM32L4xx_HAL_Driver/Src/stm32l4xx_hal_lptim.c **** 
 2118              		.loc 1 818 3 is_stmt 1 view .LVU634
 821:Drivers/STM32L4xx_HAL_Driver/Src/stm32l4xx_hal_lptim.c **** 
 2119              		.loc 1 821 3 view .LVU635
 821:Drivers/STM32L4xx_HAL_Driver/Src/stm32l4xx_hal_lptim.c **** 
 2120              		.loc 1 821 17 is_stmt 0 view .LVU636
 2121 0004 0223     		movs	r3, #2
 2122 0006 80F83630 		strb	r3, [r0, #54]
 824:Drivers/STM32L4xx_HAL_Driver/Src/stm32l4xx_hal_lptim.c **** 
 2123              		.loc 1 824 3 is_stmt 1 view .LVU637
 2124 000a FFF7FEFF 		bl	LPTIM_Disable
 2125              	.LVL127:
 826:Drivers/STM32L4xx_HAL_Driver/Src/stm32l4xx_hal_lptim.c ****   {
 2126              		.loc 1 826 3 view .LVU638
 826:Drivers/STM32L4xx_HAL_Driver/Src/stm32l4xx_hal_lptim.c ****   {
 2127              		.loc 1 826 7 is_stmt 0 view .LVU639
 2128 000e 2046     		mov	r0, r4
 2129 0010 FFF7FEFF 		bl	HAL_LPTIM_GetState
 2130              	.LVL128:
 826:Drivers/STM32L4xx_HAL_Driver/Src/stm32l4xx_hal_lptim.c ****   {
ARM GAS  /tmp/ccCFMTgI.s 			page 103


 2131              		.loc 1 826 6 discriminator 1 view .LVU640
 2132 0014 0328     		cmp	r0, #3
 2133 0016 03D0     		beq	.L122
 832:Drivers/STM32L4xx_HAL_Driver/Src/stm32l4xx_hal_lptim.c **** 
 2134              		.loc 1 832 3 is_stmt 1 view .LVU641
 832:Drivers/STM32L4xx_HAL_Driver/Src/stm32l4xx_hal_lptim.c **** 
 2135              		.loc 1 832 17 is_stmt 0 view .LVU642
 2136 0018 0123     		movs	r3, #1
 2137 001a 84F83630 		strb	r3, [r4, #54]
 835:Drivers/STM32L4xx_HAL_Driver/Src/stm32l4xx_hal_lptim.c **** }
 2138              		.loc 1 835 3 is_stmt 1 view .LVU643
 835:Drivers/STM32L4xx_HAL_Driver/Src/stm32l4xx_hal_lptim.c **** }
 2139              		.loc 1 835 10 is_stmt 0 view .LVU644
 2140 001e 0020     		movs	r0, #0
 2141              	.L122:
 836:Drivers/STM32L4xx_HAL_Driver/Src/stm32l4xx_hal_lptim.c **** 
 2142              		.loc 1 836 1 view .LVU645
 2143 0020 10BD     		pop	{r4, pc}
 836:Drivers/STM32L4xx_HAL_Driver/Src/stm32l4xx_hal_lptim.c **** 
 2144              		.loc 1 836 1 view .LVU646
 2145              		.cfi_endproc
 2146              	.LFE393:
 2148              		.section	.text.HAL_LPTIM_OnePulse_Start_IT,"ax",%progbits
 2149              		.align	1
 2150              		.global	HAL_LPTIM_OnePulse_Start_IT
 2151              		.syntax unified
 2152              		.thumb
 2153              		.thumb_func
 2155              	HAL_LPTIM_OnePulse_Start_IT:
 2156              	.LVL129:
 2157              	.LFB394:
 848:Drivers/STM32L4xx_HAL_Driver/Src/stm32l4xx_hal_lptim.c ****   /* Check the parameters */
 2158              		.loc 1 848 1 is_stmt 1 view -0
 2159              		.cfi_startproc
 2160              		@ args = 0, pretend = 0, frame = 0
 2161              		@ frame_needed = 0, uses_anonymous_args = 0
 848:Drivers/STM32L4xx_HAL_Driver/Src/stm32l4xx_hal_lptim.c ****   /* Check the parameters */
 2162              		.loc 1 848 1 is_stmt 0 view .LVU648
 2163 0000 38B5     		push	{r3, r4, r5, lr}
 2164              	.LCFI16:
 2165              		.cfi_def_cfa_offset 16
 2166              		.cfi_offset 3, -16
 2167              		.cfi_offset 4, -12
 2168              		.cfi_offset 5, -8
 2169              		.cfi_offset 14, -4
 2170 0002 0446     		mov	r4, r0
 2171 0004 0B46     		mov	r3, r1
 2172 0006 1546     		mov	r5, r2
 850:Drivers/STM32L4xx_HAL_Driver/Src/stm32l4xx_hal_lptim.c ****   assert_param(IS_LPTIM_PERIOD(Period));
 2173              		.loc 1 850 3 is_stmt 1 view .LVU649
 851:Drivers/STM32L4xx_HAL_Driver/Src/stm32l4xx_hal_lptim.c ****   assert_param(IS_LPTIM_PULSE(Pulse));
 2174              		.loc 1 851 3 view .LVU650
 852:Drivers/STM32L4xx_HAL_Driver/Src/stm32l4xx_hal_lptim.c **** 
 2175              		.loc 1 852 3 view .LVU651
 855:Drivers/STM32L4xx_HAL_Driver/Src/stm32l4xx_hal_lptim.c **** 
 2176              		.loc 1 855 3 view .LVU652
 855:Drivers/STM32L4xx_HAL_Driver/Src/stm32l4xx_hal_lptim.c **** 
ARM GAS  /tmp/ccCFMTgI.s 			page 104


 2177              		.loc 1 855 17 is_stmt 0 view .LVU653
 2178 0008 0222     		movs	r2, #2
 2179              	.LVL130:
 855:Drivers/STM32L4xx_HAL_Driver/Src/stm32l4xx_hal_lptim.c **** 
 2180              		.loc 1 855 17 view .LVU654
 2181 000a 80F83620 		strb	r2, [r0, #54]
 858:Drivers/STM32L4xx_HAL_Driver/Src/stm32l4xx_hal_lptim.c **** 
 2182              		.loc 1 858 3 is_stmt 1 view .LVU655
 858:Drivers/STM32L4xx_HAL_Driver/Src/stm32l4xx_hal_lptim.c **** 
 2183              		.loc 1 858 9 is_stmt 0 view .LVU656
 2184 000e 0268     		ldr	r2, [r0]
 858:Drivers/STM32L4xx_HAL_Driver/Src/stm32l4xx_hal_lptim.c **** 
 2185              		.loc 1 858 19 view .LVU657
 2186 0010 D168     		ldr	r1, [r2, #12]
 2187              	.LVL131:
 858:Drivers/STM32L4xx_HAL_Driver/Src/stm32l4xx_hal_lptim.c **** 
 2188              		.loc 1 858 26 view .LVU658
 2189 0012 21F48011 		bic	r1, r1, #1048576
 2190 0016 D160     		str	r1, [r2, #12]
 861:Drivers/STM32L4xx_HAL_Driver/Src/stm32l4xx_hal_lptim.c **** 
 2191              		.loc 1 861 3 is_stmt 1 view .LVU659
 2192 0018 0268     		ldr	r2, [r0]
 2193 001a 1169     		ldr	r1, [r2, #16]
 2194 001c 41F00101 		orr	r1, r1, #1
 2195 0020 1161     		str	r1, [r2, #16]
 864:Drivers/STM32L4xx_HAL_Driver/Src/stm32l4xx_hal_lptim.c **** 
 2196              		.loc 1 864 3 view .LVU660
 2197 0022 0268     		ldr	r2, [r0]
 2198 0024 1021     		movs	r1, #16
 2199 0026 5160     		str	r1, [r2, #4]
 867:Drivers/STM32L4xx_HAL_Driver/Src/stm32l4xx_hal_lptim.c **** 
 2200              		.loc 1 867 3 view .LVU661
 2201 0028 0268     		ldr	r2, [r0]
 2202 002a 9361     		str	r3, [r2, #24]
 870:Drivers/STM32L4xx_HAL_Driver/Src/stm32l4xx_hal_lptim.c ****   {
 2203              		.loc 1 870 3 view .LVU662
 870:Drivers/STM32L4xx_HAL_Driver/Src/stm32l4xx_hal_lptim.c ****   {
 2204              		.loc 1 870 7 is_stmt 0 view .LVU663
 2205 002c FFF7FEFF 		bl	LPTIM_WaitForFlag
 2206              	.LVL132:
 870:Drivers/STM32L4xx_HAL_Driver/Src/stm32l4xx_hal_lptim.c ****   {
 2207              		.loc 1 870 6 discriminator 1 view .LVU664
 2208 0030 0328     		cmp	r0, #3
 2209 0032 3DD0     		beq	.L125
 876:Drivers/STM32L4xx_HAL_Driver/Src/stm32l4xx_hal_lptim.c **** 
 2210              		.loc 1 876 3 is_stmt 1 view .LVU665
 2211 0034 2368     		ldr	r3, [r4]
 2212 0036 0821     		movs	r1, #8
 2213 0038 5960     		str	r1, [r3, #4]
 879:Drivers/STM32L4xx_HAL_Driver/Src/stm32l4xx_hal_lptim.c **** 
 2214              		.loc 1 879 3 view .LVU666
 2215 003a 2368     		ldr	r3, [r4]
 2216 003c 5D61     		str	r5, [r3, #20]
 882:Drivers/STM32L4xx_HAL_Driver/Src/stm32l4xx_hal_lptim.c ****   {
 2217              		.loc 1 882 3 view .LVU667
 882:Drivers/STM32L4xx_HAL_Driver/Src/stm32l4xx_hal_lptim.c ****   {
 2218              		.loc 1 882 7 is_stmt 0 view .LVU668
ARM GAS  /tmp/ccCFMTgI.s 			page 105


 2219 003e 2046     		mov	r0, r4
 2220 0040 FFF7FEFF 		bl	LPTIM_WaitForFlag
 2221              	.LVL133:
 882:Drivers/STM32L4xx_HAL_Driver/Src/stm32l4xx_hal_lptim.c ****   {
 2222              		.loc 1 882 6 discriminator 1 view .LVU669
 2223 0044 0328     		cmp	r0, #3
 2224 0046 33D0     		beq	.L125
 888:Drivers/STM32L4xx_HAL_Driver/Src/stm32l4xx_hal_lptim.c **** 
 2225              		.loc 1 888 3 is_stmt 1 view .LVU670
 2226 0048 2046     		mov	r0, r4
 2227 004a FFF7FEFF 		bl	LPTIM_Disable
 2228              	.LVL134:
 890:Drivers/STM32L4xx_HAL_Driver/Src/stm32l4xx_hal_lptim.c ****   {
 2229              		.loc 1 890 3 view .LVU671
 890:Drivers/STM32L4xx_HAL_Driver/Src/stm32l4xx_hal_lptim.c ****   {
 2230              		.loc 1 890 7 is_stmt 0 view .LVU672
 2231 004e 2046     		mov	r0, r4
 2232 0050 FFF7FEFF 		bl	HAL_LPTIM_GetState
 2233              	.LVL135:
 890:Drivers/STM32L4xx_HAL_Driver/Src/stm32l4xx_hal_lptim.c ****   {
 2234              		.loc 1 890 6 discriminator 1 view .LVU673
 2235 0054 0328     		cmp	r0, #3
 2236 0056 2BD0     		beq	.L125
 896:Drivers/STM32L4xx_HAL_Driver/Src/stm32l4xx_hal_lptim.c **** 
 2237              		.loc 1 896 3 is_stmt 1 view .LVU674
 2238 0058 2268     		ldr	r2, [r4]
 2239 005a 9368     		ldr	r3, [r2, #8]
 2240 005c 43F01003 		orr	r3, r3, #16
 2241 0060 9360     		str	r3, [r2, #8]
 899:Drivers/STM32L4xx_HAL_Driver/Src/stm32l4xx_hal_lptim.c **** 
 2242              		.loc 1 899 3 view .LVU675
 2243 0062 2268     		ldr	r2, [r4]
 2244 0064 9368     		ldr	r3, [r2, #8]
 2245 0066 43F00803 		orr	r3, r3, #8
 2246 006a 9360     		str	r3, [r2, #8]
 902:Drivers/STM32L4xx_HAL_Driver/Src/stm32l4xx_hal_lptim.c **** 
 2247              		.loc 1 902 3 view .LVU676
 2248 006c 2268     		ldr	r2, [r4]
 2249 006e 9368     		ldr	r3, [r2, #8]
 2250 0070 43F00203 		orr	r3, r3, #2
 2251 0074 9360     		str	r3, [r2, #8]
 905:Drivers/STM32L4xx_HAL_Driver/Src/stm32l4xx_hal_lptim.c **** 
 2252              		.loc 1 905 3 view .LVU677
 2253 0076 2268     		ldr	r2, [r4]
 2254 0078 9368     		ldr	r3, [r2, #8]
 2255 007a 43F00103 		orr	r3, r3, #1
 2256 007e 9360     		str	r3, [r2, #8]
 908:Drivers/STM32L4xx_HAL_Driver/Src/stm32l4xx_hal_lptim.c ****   {
 2257              		.loc 1 908 3 view .LVU678
 908:Drivers/STM32L4xx_HAL_Driver/Src/stm32l4xx_hal_lptim.c ****   {
 2258              		.loc 1 908 28 is_stmt 0 view .LVU679
 2259 0080 6269     		ldr	r2, [r4, #20]
 908:Drivers/STM32L4xx_HAL_Driver/Src/stm32l4xx_hal_lptim.c ****   {
 2260              		.loc 1 908 6 view .LVU680
 2261 0082 4FF6FF73 		movw	r3, #65535
 2262 0086 9A42     		cmp	r2, r3
 2263 0088 04D0     		beq	.L126
ARM GAS  /tmp/ccCFMTgI.s 			page 106


 911:Drivers/STM32L4xx_HAL_Driver/Src/stm32l4xx_hal_lptim.c ****   }
 2264              		.loc 1 911 5 is_stmt 1 view .LVU681
 2265 008a 2268     		ldr	r2, [r4]
 2266 008c 9368     		ldr	r3, [r2, #8]
 2267 008e 43F00403 		orr	r3, r3, #4
 2268 0092 9360     		str	r3, [r2, #8]
 2269              	.L126:
 923:Drivers/STM32L4xx_HAL_Driver/Src/stm32l4xx_hal_lptim.c **** 
 2270              		.loc 1 923 3 view .LVU682
 2271 0094 2268     		ldr	r2, [r4]
 2272 0096 1369     		ldr	r3, [r2, #16]
 2273 0098 43F00103 		orr	r3, r3, #1
 2274 009c 1361     		str	r3, [r2, #16]
 926:Drivers/STM32L4xx_HAL_Driver/Src/stm32l4xx_hal_lptim.c **** 
 2275              		.loc 1 926 3 view .LVU683
 2276 009e 2268     		ldr	r2, [r4]
 2277 00a0 1369     		ldr	r3, [r2, #16]
 2278 00a2 43F00203 		orr	r3, r3, #2
 2279 00a6 1361     		str	r3, [r2, #16]
 929:Drivers/STM32L4xx_HAL_Driver/Src/stm32l4xx_hal_lptim.c **** 
 2280              		.loc 1 929 3 view .LVU684
 929:Drivers/STM32L4xx_HAL_Driver/Src/stm32l4xx_hal_lptim.c **** 
 2281              		.loc 1 929 17 is_stmt 0 view .LVU685
 2282 00a8 0123     		movs	r3, #1
 2283 00aa 84F83630 		strb	r3, [r4, #54]
 932:Drivers/STM32L4xx_HAL_Driver/Src/stm32l4xx_hal_lptim.c **** }
 2284              		.loc 1 932 3 is_stmt 1 view .LVU686
 932:Drivers/STM32L4xx_HAL_Driver/Src/stm32l4xx_hal_lptim.c **** }
 2285              		.loc 1 932 10 is_stmt 0 view .LVU687
 2286 00ae 0020     		movs	r0, #0
 2287              	.L125:
 933:Drivers/STM32L4xx_HAL_Driver/Src/stm32l4xx_hal_lptim.c **** 
 2288              		.loc 1 933 1 view .LVU688
 2289 00b0 38BD     		pop	{r3, r4, r5, pc}
 933:Drivers/STM32L4xx_HAL_Driver/Src/stm32l4xx_hal_lptim.c **** 
 2290              		.loc 1 933 1 view .LVU689
 2291              		.cfi_endproc
 2292              	.LFE394:
 2294              		.section	.text.HAL_LPTIM_OnePulse_Stop_IT,"ax",%progbits
 2295              		.align	1
 2296              		.global	HAL_LPTIM_OnePulse_Stop_IT
 2297              		.syntax unified
 2298              		.thumb
 2299              		.thumb_func
 2301              	HAL_LPTIM_OnePulse_Stop_IT:
 2302              	.LVL136:
 2303              	.LFB395:
 941:Drivers/STM32L4xx_HAL_Driver/Src/stm32l4xx_hal_lptim.c ****   /* Check the parameters */
 2304              		.loc 1 941 1 is_stmt 1 view -0
 2305              		.cfi_startproc
 2306              		@ args = 0, pretend = 0, frame = 0
 2307              		@ frame_needed = 0, uses_anonymous_args = 0
 941:Drivers/STM32L4xx_HAL_Driver/Src/stm32l4xx_hal_lptim.c ****   /* Check the parameters */
 2308              		.loc 1 941 1 is_stmt 0 view .LVU691
 2309 0000 10B5     		push	{r4, lr}
 2310              	.LCFI17:
 2311              		.cfi_def_cfa_offset 8
ARM GAS  /tmp/ccCFMTgI.s 			page 107


 2312              		.cfi_offset 4, -8
 2313              		.cfi_offset 14, -4
 2314 0002 0446     		mov	r4, r0
 943:Drivers/STM32L4xx_HAL_Driver/Src/stm32l4xx_hal_lptim.c **** 
 2315              		.loc 1 943 3 is_stmt 1 view .LVU692
 946:Drivers/STM32L4xx_HAL_Driver/Src/stm32l4xx_hal_lptim.c **** 
 2316              		.loc 1 946 3 view .LVU693
 946:Drivers/STM32L4xx_HAL_Driver/Src/stm32l4xx_hal_lptim.c **** 
 2317              		.loc 1 946 17 is_stmt 0 view .LVU694
 2318 0004 0223     		movs	r3, #2
 2319 0006 80F83630 		strb	r3, [r0, #54]
 950:Drivers/STM32L4xx_HAL_Driver/Src/stm32l4xx_hal_lptim.c **** 
 2320              		.loc 1 950 3 is_stmt 1 view .LVU695
 2321 000a FFF7FEFF 		bl	LPTIM_Disable
 2322              	.LVL137:
 952:Drivers/STM32L4xx_HAL_Driver/Src/stm32l4xx_hal_lptim.c ****   {
 2323              		.loc 1 952 3 view .LVU696
 952:Drivers/STM32L4xx_HAL_Driver/Src/stm32l4xx_hal_lptim.c ****   {
 2324              		.loc 1 952 7 is_stmt 0 view .LVU697
 2325 000e 2046     		mov	r0, r4
 2326 0010 FFF7FEFF 		bl	HAL_LPTIM_GetState
 2327              	.LVL138:
 952:Drivers/STM32L4xx_HAL_Driver/Src/stm32l4xx_hal_lptim.c ****   {
 2328              		.loc 1 952 6 discriminator 1 view .LVU698
 2329 0014 0328     		cmp	r0, #3
 2330 0016 21D0     		beq	.L129
 958:Drivers/STM32L4xx_HAL_Driver/Src/stm32l4xx_hal_lptim.c **** 
 2331              		.loc 1 958 3 is_stmt 1 view .LVU699
 2332 0018 2268     		ldr	r2, [r4]
 2333 001a 9368     		ldr	r3, [r2, #8]
 2334 001c 23F01003 		bic	r3, r3, #16
 2335 0020 9360     		str	r3, [r2, #8]
 961:Drivers/STM32L4xx_HAL_Driver/Src/stm32l4xx_hal_lptim.c **** 
 2336              		.loc 1 961 3 view .LVU700
 2337 0022 2268     		ldr	r2, [r4]
 2338 0024 9368     		ldr	r3, [r2, #8]
 2339 0026 23F00803 		bic	r3, r3, #8
 2340 002a 9360     		str	r3, [r2, #8]
 964:Drivers/STM32L4xx_HAL_Driver/Src/stm32l4xx_hal_lptim.c **** 
 2341              		.loc 1 964 3 view .LVU701
 2342 002c 2268     		ldr	r2, [r4]
 2343 002e 9368     		ldr	r3, [r2, #8]
 2344 0030 23F00203 		bic	r3, r3, #2
 2345 0034 9360     		str	r3, [r2, #8]
 967:Drivers/STM32L4xx_HAL_Driver/Src/stm32l4xx_hal_lptim.c **** 
 2346              		.loc 1 967 3 view .LVU702
 2347 0036 2268     		ldr	r2, [r4]
 2348 0038 9368     		ldr	r3, [r2, #8]
 2349 003a 23F00103 		bic	r3, r3, #1
 2350 003e 9360     		str	r3, [r2, #8]
 970:Drivers/STM32L4xx_HAL_Driver/Src/stm32l4xx_hal_lptim.c ****   {
 2351              		.loc 1 970 3 view .LVU703
 970:Drivers/STM32L4xx_HAL_Driver/Src/stm32l4xx_hal_lptim.c ****   {
 2352              		.loc 1 970 28 is_stmt 0 view .LVU704
 2353 0040 6269     		ldr	r2, [r4, #20]
 970:Drivers/STM32L4xx_HAL_Driver/Src/stm32l4xx_hal_lptim.c ****   {
 2354              		.loc 1 970 6 view .LVU705
ARM GAS  /tmp/ccCFMTgI.s 			page 108


 2355 0042 4FF6FF73 		movw	r3, #65535
 2356 0046 9A42     		cmp	r2, r3
 2357 0048 04D0     		beq	.L130
 973:Drivers/STM32L4xx_HAL_Driver/Src/stm32l4xx_hal_lptim.c ****   }
 2358              		.loc 1 973 5 is_stmt 1 view .LVU706
 2359 004a 2268     		ldr	r2, [r4]
 2360 004c 9368     		ldr	r3, [r2, #8]
 2361 004e 23F00403 		bic	r3, r3, #4
 2362 0052 9360     		str	r3, [r2, #8]
 2363              	.L130:
 985:Drivers/STM32L4xx_HAL_Driver/Src/stm32l4xx_hal_lptim.c **** 
 2364              		.loc 1 985 3 view .LVU707
 985:Drivers/STM32L4xx_HAL_Driver/Src/stm32l4xx_hal_lptim.c **** 
 2365              		.loc 1 985 17 is_stmt 0 view .LVU708
 2366 0054 0123     		movs	r3, #1
 2367 0056 84F83630 		strb	r3, [r4, #54]
 988:Drivers/STM32L4xx_HAL_Driver/Src/stm32l4xx_hal_lptim.c **** }
 2368              		.loc 1 988 3 is_stmt 1 view .LVU709
 988:Drivers/STM32L4xx_HAL_Driver/Src/stm32l4xx_hal_lptim.c **** }
 2369              		.loc 1 988 10 is_stmt 0 view .LVU710
 2370 005a 0020     		movs	r0, #0
 2371              	.L129:
 989:Drivers/STM32L4xx_HAL_Driver/Src/stm32l4xx_hal_lptim.c **** 
 2372              		.loc 1 989 1 view .LVU711
 2373 005c 10BD     		pop	{r4, pc}
 989:Drivers/STM32L4xx_HAL_Driver/Src/stm32l4xx_hal_lptim.c **** 
 2374              		.loc 1 989 1 view .LVU712
 2375              		.cfi_endproc
 2376              	.LFE395:
 2378              		.section	.text.HAL_LPTIM_SetOnce_Stop,"ax",%progbits
 2379              		.align	1
 2380              		.global	HAL_LPTIM_SetOnce_Stop
 2381              		.syntax unified
 2382              		.thumb
 2383              		.thumb_func
 2385              	HAL_LPTIM_SetOnce_Stop:
 2386              	.LVL139:
 2387              	.LFB397:
1056:Drivers/STM32L4xx_HAL_Driver/Src/stm32l4xx_hal_lptim.c ****   /* Check the parameters */
 2388              		.loc 1 1056 1 is_stmt 1 view -0
 2389              		.cfi_startproc
 2390              		@ args = 0, pretend = 0, frame = 0
 2391              		@ frame_needed = 0, uses_anonymous_args = 0
1056:Drivers/STM32L4xx_HAL_Driver/Src/stm32l4xx_hal_lptim.c ****   /* Check the parameters */
 2392              		.loc 1 1056 1 is_stmt 0 view .LVU714
 2393 0000 10B5     		push	{r4, lr}
 2394              	.LCFI18:
 2395              		.cfi_def_cfa_offset 8
 2396              		.cfi_offset 4, -8
 2397              		.cfi_offset 14, -4
 2398 0002 0446     		mov	r4, r0
1058:Drivers/STM32L4xx_HAL_Driver/Src/stm32l4xx_hal_lptim.c **** 
 2399              		.loc 1 1058 3 is_stmt 1 view .LVU715
1061:Drivers/STM32L4xx_HAL_Driver/Src/stm32l4xx_hal_lptim.c **** 
 2400              		.loc 1 1061 3 view .LVU716
1061:Drivers/STM32L4xx_HAL_Driver/Src/stm32l4xx_hal_lptim.c **** 
 2401              		.loc 1 1061 17 is_stmt 0 view .LVU717
ARM GAS  /tmp/ccCFMTgI.s 			page 109


 2402 0004 0223     		movs	r3, #2
 2403 0006 80F83630 		strb	r3, [r0, #54]
1064:Drivers/STM32L4xx_HAL_Driver/Src/stm32l4xx_hal_lptim.c **** 
 2404              		.loc 1 1064 3 is_stmt 1 view .LVU718
 2405 000a FFF7FEFF 		bl	LPTIM_Disable
 2406              	.LVL140:
1066:Drivers/STM32L4xx_HAL_Driver/Src/stm32l4xx_hal_lptim.c ****   {
 2407              		.loc 1 1066 3 view .LVU719
1066:Drivers/STM32L4xx_HAL_Driver/Src/stm32l4xx_hal_lptim.c ****   {
 2408              		.loc 1 1066 7 is_stmt 0 view .LVU720
 2409 000e 2046     		mov	r0, r4
 2410 0010 FFF7FEFF 		bl	HAL_LPTIM_GetState
 2411              	.LVL141:
1066:Drivers/STM32L4xx_HAL_Driver/Src/stm32l4xx_hal_lptim.c ****   {
 2412              		.loc 1 1066 6 discriminator 1 view .LVU721
 2413 0014 0328     		cmp	r0, #3
 2414 0016 03D0     		beq	.L133
1072:Drivers/STM32L4xx_HAL_Driver/Src/stm32l4xx_hal_lptim.c **** 
 2415              		.loc 1 1072 3 is_stmt 1 view .LVU722
1072:Drivers/STM32L4xx_HAL_Driver/Src/stm32l4xx_hal_lptim.c **** 
 2416              		.loc 1 1072 17 is_stmt 0 view .LVU723
 2417 0018 0123     		movs	r3, #1
 2418 001a 84F83630 		strb	r3, [r4, #54]
1075:Drivers/STM32L4xx_HAL_Driver/Src/stm32l4xx_hal_lptim.c **** }
 2419              		.loc 1 1075 3 is_stmt 1 view .LVU724
1075:Drivers/STM32L4xx_HAL_Driver/Src/stm32l4xx_hal_lptim.c **** }
 2420              		.loc 1 1075 10 is_stmt 0 view .LVU725
 2421 001e 0020     		movs	r0, #0
 2422              	.L133:
1076:Drivers/STM32L4xx_HAL_Driver/Src/stm32l4xx_hal_lptim.c **** 
 2423              		.loc 1 1076 1 view .LVU726
 2424 0020 10BD     		pop	{r4, pc}
1076:Drivers/STM32L4xx_HAL_Driver/Src/stm32l4xx_hal_lptim.c **** 
 2425              		.loc 1 1076 1 view .LVU727
 2426              		.cfi_endproc
 2427              	.LFE397:
 2429              		.section	.text.HAL_LPTIM_SetOnce_Start_IT,"ax",%progbits
 2430              		.align	1
 2431              		.global	HAL_LPTIM_SetOnce_Start_IT
 2432              		.syntax unified
 2433              		.thumb
 2434              		.thumb_func
 2436              	HAL_LPTIM_SetOnce_Start_IT:
 2437              	.LVL142:
 2438              	.LFB398:
1088:Drivers/STM32L4xx_HAL_Driver/Src/stm32l4xx_hal_lptim.c ****   /* Check the parameters */
 2439              		.loc 1 1088 1 is_stmt 1 view -0
 2440              		.cfi_startproc
 2441              		@ args = 0, pretend = 0, frame = 0
 2442              		@ frame_needed = 0, uses_anonymous_args = 0
1088:Drivers/STM32L4xx_HAL_Driver/Src/stm32l4xx_hal_lptim.c ****   /* Check the parameters */
 2443              		.loc 1 1088 1 is_stmt 0 view .LVU729
 2444 0000 38B5     		push	{r3, r4, r5, lr}
 2445              	.LCFI19:
 2446              		.cfi_def_cfa_offset 16
 2447              		.cfi_offset 3, -16
 2448              		.cfi_offset 4, -12
ARM GAS  /tmp/ccCFMTgI.s 			page 110


 2449              		.cfi_offset 5, -8
 2450              		.cfi_offset 14, -4
 2451 0002 0446     		mov	r4, r0
 2452 0004 0B46     		mov	r3, r1
 2453 0006 1546     		mov	r5, r2
1090:Drivers/STM32L4xx_HAL_Driver/Src/stm32l4xx_hal_lptim.c ****   assert_param(IS_LPTIM_PERIOD(Period));
 2454              		.loc 1 1090 3 is_stmt 1 view .LVU730
1091:Drivers/STM32L4xx_HAL_Driver/Src/stm32l4xx_hal_lptim.c ****   assert_param(IS_LPTIM_PULSE(Pulse));
 2455              		.loc 1 1091 3 view .LVU731
1092:Drivers/STM32L4xx_HAL_Driver/Src/stm32l4xx_hal_lptim.c **** 
 2456              		.loc 1 1092 3 view .LVU732
1095:Drivers/STM32L4xx_HAL_Driver/Src/stm32l4xx_hal_lptim.c **** 
 2457              		.loc 1 1095 3 view .LVU733
1095:Drivers/STM32L4xx_HAL_Driver/Src/stm32l4xx_hal_lptim.c **** 
 2458              		.loc 1 1095 17 is_stmt 0 view .LVU734
 2459 0008 0222     		movs	r2, #2
 2460              	.LVL143:
1095:Drivers/STM32L4xx_HAL_Driver/Src/stm32l4xx_hal_lptim.c **** 
 2461              		.loc 1 1095 17 view .LVU735
 2462 000a 80F83620 		strb	r2, [r0, #54]
1098:Drivers/STM32L4xx_HAL_Driver/Src/stm32l4xx_hal_lptim.c **** 
 2463              		.loc 1 1098 3 is_stmt 1 view .LVU736
1098:Drivers/STM32L4xx_HAL_Driver/Src/stm32l4xx_hal_lptim.c **** 
 2464              		.loc 1 1098 9 is_stmt 0 view .LVU737
 2465 000e 0268     		ldr	r2, [r0]
1098:Drivers/STM32L4xx_HAL_Driver/Src/stm32l4xx_hal_lptim.c **** 
 2466              		.loc 1 1098 19 view .LVU738
 2467 0010 D168     		ldr	r1, [r2, #12]
 2468              	.LVL144:
1098:Drivers/STM32L4xx_HAL_Driver/Src/stm32l4xx_hal_lptim.c **** 
 2469              		.loc 1 1098 26 view .LVU739
 2470 0012 41F48011 		orr	r1, r1, #1048576
 2471 0016 D160     		str	r1, [r2, #12]
1101:Drivers/STM32L4xx_HAL_Driver/Src/stm32l4xx_hal_lptim.c **** 
 2472              		.loc 1 1101 3 is_stmt 1 view .LVU740
 2473 0018 0268     		ldr	r2, [r0]
 2474 001a 1169     		ldr	r1, [r2, #16]
 2475 001c 41F00101 		orr	r1, r1, #1
 2476 0020 1161     		str	r1, [r2, #16]
1104:Drivers/STM32L4xx_HAL_Driver/Src/stm32l4xx_hal_lptim.c **** 
 2477              		.loc 1 1104 3 view .LVU741
 2478 0022 0268     		ldr	r2, [r0]
 2479 0024 1021     		movs	r1, #16
 2480 0026 5160     		str	r1, [r2, #4]
1107:Drivers/STM32L4xx_HAL_Driver/Src/stm32l4xx_hal_lptim.c **** 
 2481              		.loc 1 1107 3 view .LVU742
 2482 0028 0268     		ldr	r2, [r0]
 2483 002a 9361     		str	r3, [r2, #24]
1110:Drivers/STM32L4xx_HAL_Driver/Src/stm32l4xx_hal_lptim.c ****   {
 2484              		.loc 1 1110 3 view .LVU743
1110:Drivers/STM32L4xx_HAL_Driver/Src/stm32l4xx_hal_lptim.c ****   {
 2485              		.loc 1 1110 7 is_stmt 0 view .LVU744
 2486 002c FFF7FEFF 		bl	LPTIM_WaitForFlag
 2487              	.LVL145:
1110:Drivers/STM32L4xx_HAL_Driver/Src/stm32l4xx_hal_lptim.c ****   {
 2488              		.loc 1 1110 6 discriminator 1 view .LVU745
 2489 0030 0328     		cmp	r0, #3
ARM GAS  /tmp/ccCFMTgI.s 			page 111


 2490 0032 3DD0     		beq	.L136
1116:Drivers/STM32L4xx_HAL_Driver/Src/stm32l4xx_hal_lptim.c **** 
 2491              		.loc 1 1116 3 is_stmt 1 view .LVU746
 2492 0034 2368     		ldr	r3, [r4]
 2493 0036 0821     		movs	r1, #8
 2494 0038 5960     		str	r1, [r3, #4]
1119:Drivers/STM32L4xx_HAL_Driver/Src/stm32l4xx_hal_lptim.c **** 
 2495              		.loc 1 1119 3 view .LVU747
 2496 003a 2368     		ldr	r3, [r4]
 2497 003c 5D61     		str	r5, [r3, #20]
1122:Drivers/STM32L4xx_HAL_Driver/Src/stm32l4xx_hal_lptim.c ****   {
 2498              		.loc 1 1122 3 view .LVU748
1122:Drivers/STM32L4xx_HAL_Driver/Src/stm32l4xx_hal_lptim.c ****   {
 2499              		.loc 1 1122 7 is_stmt 0 view .LVU749
 2500 003e 2046     		mov	r0, r4
 2501 0040 FFF7FEFF 		bl	LPTIM_WaitForFlag
 2502              	.LVL146:
1122:Drivers/STM32L4xx_HAL_Driver/Src/stm32l4xx_hal_lptim.c ****   {
 2503              		.loc 1 1122 6 discriminator 1 view .LVU750
 2504 0044 0328     		cmp	r0, #3
 2505 0046 33D0     		beq	.L136
1128:Drivers/STM32L4xx_HAL_Driver/Src/stm32l4xx_hal_lptim.c **** 
 2506              		.loc 1 1128 3 is_stmt 1 view .LVU751
 2507 0048 2046     		mov	r0, r4
 2508 004a FFF7FEFF 		bl	LPTIM_Disable
 2509              	.LVL147:
1130:Drivers/STM32L4xx_HAL_Driver/Src/stm32l4xx_hal_lptim.c ****   {
 2510              		.loc 1 1130 3 view .LVU752
1130:Drivers/STM32L4xx_HAL_Driver/Src/stm32l4xx_hal_lptim.c ****   {
 2511              		.loc 1 1130 7 is_stmt 0 view .LVU753
 2512 004e 2046     		mov	r0, r4
 2513 0050 FFF7FEFF 		bl	HAL_LPTIM_GetState
 2514              	.LVL148:
1130:Drivers/STM32L4xx_HAL_Driver/Src/stm32l4xx_hal_lptim.c ****   {
 2515              		.loc 1 1130 6 discriminator 1 view .LVU754
 2516 0054 0328     		cmp	r0, #3
 2517 0056 2BD0     		beq	.L136
1136:Drivers/STM32L4xx_HAL_Driver/Src/stm32l4xx_hal_lptim.c **** 
 2518              		.loc 1 1136 3 is_stmt 1 view .LVU755
 2519 0058 2268     		ldr	r2, [r4]
 2520 005a 9368     		ldr	r3, [r2, #8]
 2521 005c 43F01003 		orr	r3, r3, #16
 2522 0060 9360     		str	r3, [r2, #8]
1139:Drivers/STM32L4xx_HAL_Driver/Src/stm32l4xx_hal_lptim.c **** 
 2523              		.loc 1 1139 3 view .LVU756
 2524 0062 2268     		ldr	r2, [r4]
 2525 0064 9368     		ldr	r3, [r2, #8]
 2526 0066 43F00803 		orr	r3, r3, #8
 2527 006a 9360     		str	r3, [r2, #8]
1142:Drivers/STM32L4xx_HAL_Driver/Src/stm32l4xx_hal_lptim.c **** 
 2528              		.loc 1 1142 3 view .LVU757
 2529 006c 2268     		ldr	r2, [r4]
 2530 006e 9368     		ldr	r3, [r2, #8]
 2531 0070 43F00203 		orr	r3, r3, #2
 2532 0074 9360     		str	r3, [r2, #8]
1145:Drivers/STM32L4xx_HAL_Driver/Src/stm32l4xx_hal_lptim.c **** 
 2533              		.loc 1 1145 3 view .LVU758
ARM GAS  /tmp/ccCFMTgI.s 			page 112


 2534 0076 2268     		ldr	r2, [r4]
 2535 0078 9368     		ldr	r3, [r2, #8]
 2536 007a 43F00103 		orr	r3, r3, #1
 2537 007e 9360     		str	r3, [r2, #8]
1148:Drivers/STM32L4xx_HAL_Driver/Src/stm32l4xx_hal_lptim.c ****   {
 2538              		.loc 1 1148 3 view .LVU759
1148:Drivers/STM32L4xx_HAL_Driver/Src/stm32l4xx_hal_lptim.c ****   {
 2539              		.loc 1 1148 28 is_stmt 0 view .LVU760
 2540 0080 6269     		ldr	r2, [r4, #20]
1148:Drivers/STM32L4xx_HAL_Driver/Src/stm32l4xx_hal_lptim.c ****   {
 2541              		.loc 1 1148 6 view .LVU761
 2542 0082 4FF6FF73 		movw	r3, #65535
 2543 0086 9A42     		cmp	r2, r3
 2544 0088 04D0     		beq	.L137
1151:Drivers/STM32L4xx_HAL_Driver/Src/stm32l4xx_hal_lptim.c ****   }
 2545              		.loc 1 1151 5 is_stmt 1 view .LVU762
 2546 008a 2268     		ldr	r2, [r4]
 2547 008c 9368     		ldr	r3, [r2, #8]
 2548 008e 43F00403 		orr	r3, r3, #4
 2549 0092 9360     		str	r3, [r2, #8]
 2550              	.L137:
1155:Drivers/STM32L4xx_HAL_Driver/Src/stm32l4xx_hal_lptim.c **** 
 2551              		.loc 1 1155 3 view .LVU763
 2552 0094 2268     		ldr	r2, [r4]
 2553 0096 1369     		ldr	r3, [r2, #16]
 2554 0098 43F00103 		orr	r3, r3, #1
 2555 009c 1361     		str	r3, [r2, #16]
1158:Drivers/STM32L4xx_HAL_Driver/Src/stm32l4xx_hal_lptim.c **** 
 2556              		.loc 1 1158 3 view .LVU764
 2557 009e 2268     		ldr	r2, [r4]
 2558 00a0 1369     		ldr	r3, [r2, #16]
 2559 00a2 43F00203 		orr	r3, r3, #2
 2560 00a6 1361     		str	r3, [r2, #16]
1161:Drivers/STM32L4xx_HAL_Driver/Src/stm32l4xx_hal_lptim.c **** 
 2561              		.loc 1 1161 3 view .LVU765
1161:Drivers/STM32L4xx_HAL_Driver/Src/stm32l4xx_hal_lptim.c **** 
 2562              		.loc 1 1161 17 is_stmt 0 view .LVU766
 2563 00a8 0123     		movs	r3, #1
 2564 00aa 84F83630 		strb	r3, [r4, #54]
1164:Drivers/STM32L4xx_HAL_Driver/Src/stm32l4xx_hal_lptim.c **** }
 2565              		.loc 1 1164 3 is_stmt 1 view .LVU767
1164:Drivers/STM32L4xx_HAL_Driver/Src/stm32l4xx_hal_lptim.c **** }
 2566              		.loc 1 1164 10 is_stmt 0 view .LVU768
 2567 00ae 0020     		movs	r0, #0
 2568              	.L136:
1165:Drivers/STM32L4xx_HAL_Driver/Src/stm32l4xx_hal_lptim.c **** 
 2569              		.loc 1 1165 1 view .LVU769
 2570 00b0 38BD     		pop	{r3, r4, r5, pc}
1165:Drivers/STM32L4xx_HAL_Driver/Src/stm32l4xx_hal_lptim.c **** 
 2571              		.loc 1 1165 1 view .LVU770
 2572              		.cfi_endproc
 2573              	.LFE398:
 2575              		.section	.text.HAL_LPTIM_SetOnce_Stop_IT,"ax",%progbits
 2576              		.align	1
 2577              		.global	HAL_LPTIM_SetOnce_Stop_IT
 2578              		.syntax unified
 2579              		.thumb
ARM GAS  /tmp/ccCFMTgI.s 			page 113


 2580              		.thumb_func
 2582              	HAL_LPTIM_SetOnce_Stop_IT:
 2583              	.LVL149:
 2584              	.LFB399:
1173:Drivers/STM32L4xx_HAL_Driver/Src/stm32l4xx_hal_lptim.c ****   /* Check the parameters */
 2585              		.loc 1 1173 1 is_stmt 1 view -0
 2586              		.cfi_startproc
 2587              		@ args = 0, pretend = 0, frame = 0
 2588              		@ frame_needed = 0, uses_anonymous_args = 0
1173:Drivers/STM32L4xx_HAL_Driver/Src/stm32l4xx_hal_lptim.c ****   /* Check the parameters */
 2589              		.loc 1 1173 1 is_stmt 0 view .LVU772
 2590 0000 10B5     		push	{r4, lr}
 2591              	.LCFI20:
 2592              		.cfi_def_cfa_offset 8
 2593              		.cfi_offset 4, -8
 2594              		.cfi_offset 14, -4
 2595 0002 0446     		mov	r4, r0
1175:Drivers/STM32L4xx_HAL_Driver/Src/stm32l4xx_hal_lptim.c **** 
 2596              		.loc 1 1175 3 is_stmt 1 view .LVU773
1178:Drivers/STM32L4xx_HAL_Driver/Src/stm32l4xx_hal_lptim.c **** 
 2597              		.loc 1 1178 3 view .LVU774
1178:Drivers/STM32L4xx_HAL_Driver/Src/stm32l4xx_hal_lptim.c **** 
 2598              		.loc 1 1178 17 is_stmt 0 view .LVU775
 2599 0004 0223     		movs	r3, #2
 2600 0006 80F83630 		strb	r3, [r0, #54]
1181:Drivers/STM32L4xx_HAL_Driver/Src/stm32l4xx_hal_lptim.c **** 
 2601              		.loc 1 1181 3 is_stmt 1 view .LVU776
 2602 000a FFF7FEFF 		bl	LPTIM_Disable
 2603              	.LVL150:
1183:Drivers/STM32L4xx_HAL_Driver/Src/stm32l4xx_hal_lptim.c ****   {
 2604              		.loc 1 1183 3 view .LVU777
1183:Drivers/STM32L4xx_HAL_Driver/Src/stm32l4xx_hal_lptim.c ****   {
 2605              		.loc 1 1183 7 is_stmt 0 view .LVU778
 2606 000e 2046     		mov	r0, r4
 2607 0010 FFF7FEFF 		bl	HAL_LPTIM_GetState
 2608              	.LVL151:
1183:Drivers/STM32L4xx_HAL_Driver/Src/stm32l4xx_hal_lptim.c ****   {
 2609              		.loc 1 1183 6 discriminator 1 view .LVU779
 2610 0014 0328     		cmp	r0, #3
 2611 0016 21D0     		beq	.L140
1189:Drivers/STM32L4xx_HAL_Driver/Src/stm32l4xx_hal_lptim.c **** 
 2612              		.loc 1 1189 3 is_stmt 1 view .LVU780
 2613 0018 2268     		ldr	r2, [r4]
 2614 001a 9368     		ldr	r3, [r2, #8]
 2615 001c 23F01003 		bic	r3, r3, #16
 2616 0020 9360     		str	r3, [r2, #8]
1192:Drivers/STM32L4xx_HAL_Driver/Src/stm32l4xx_hal_lptim.c **** 
 2617              		.loc 1 1192 3 view .LVU781
 2618 0022 2268     		ldr	r2, [r4]
 2619 0024 9368     		ldr	r3, [r2, #8]
 2620 0026 23F00803 		bic	r3, r3, #8
 2621 002a 9360     		str	r3, [r2, #8]
1195:Drivers/STM32L4xx_HAL_Driver/Src/stm32l4xx_hal_lptim.c **** 
 2622              		.loc 1 1195 3 view .LVU782
 2623 002c 2268     		ldr	r2, [r4]
 2624 002e 9368     		ldr	r3, [r2, #8]
 2625 0030 23F00203 		bic	r3, r3, #2
ARM GAS  /tmp/ccCFMTgI.s 			page 114


 2626 0034 9360     		str	r3, [r2, #8]
1198:Drivers/STM32L4xx_HAL_Driver/Src/stm32l4xx_hal_lptim.c **** 
 2627              		.loc 1 1198 3 view .LVU783
 2628 0036 2268     		ldr	r2, [r4]
 2629 0038 9368     		ldr	r3, [r2, #8]
 2630 003a 23F00103 		bic	r3, r3, #1
 2631 003e 9360     		str	r3, [r2, #8]
1201:Drivers/STM32L4xx_HAL_Driver/Src/stm32l4xx_hal_lptim.c ****   {
 2632              		.loc 1 1201 3 view .LVU784
1201:Drivers/STM32L4xx_HAL_Driver/Src/stm32l4xx_hal_lptim.c ****   {
 2633              		.loc 1 1201 28 is_stmt 0 view .LVU785
 2634 0040 6269     		ldr	r2, [r4, #20]
1201:Drivers/STM32L4xx_HAL_Driver/Src/stm32l4xx_hal_lptim.c ****   {
 2635              		.loc 1 1201 6 view .LVU786
 2636 0042 4FF6FF73 		movw	r3, #65535
 2637 0046 9A42     		cmp	r2, r3
 2638 0048 04D0     		beq	.L141
1204:Drivers/STM32L4xx_HAL_Driver/Src/stm32l4xx_hal_lptim.c ****   }
 2639              		.loc 1 1204 5 is_stmt 1 view .LVU787
 2640 004a 2268     		ldr	r2, [r4]
 2641 004c 9368     		ldr	r3, [r2, #8]
 2642 004e 23F00403 		bic	r3, r3, #4
 2643 0052 9360     		str	r3, [r2, #8]
 2644              	.L141:
1208:Drivers/STM32L4xx_HAL_Driver/Src/stm32l4xx_hal_lptim.c **** 
 2645              		.loc 1 1208 3 view .LVU788
1208:Drivers/STM32L4xx_HAL_Driver/Src/stm32l4xx_hal_lptim.c **** 
 2646              		.loc 1 1208 17 is_stmt 0 view .LVU789
 2647 0054 0123     		movs	r3, #1
 2648 0056 84F83630 		strb	r3, [r4, #54]
1211:Drivers/STM32L4xx_HAL_Driver/Src/stm32l4xx_hal_lptim.c **** }
 2649              		.loc 1 1211 3 is_stmt 1 view .LVU790
1211:Drivers/STM32L4xx_HAL_Driver/Src/stm32l4xx_hal_lptim.c **** }
 2650              		.loc 1 1211 10 is_stmt 0 view .LVU791
 2651 005a 0020     		movs	r0, #0
 2652              	.L140:
1212:Drivers/STM32L4xx_HAL_Driver/Src/stm32l4xx_hal_lptim.c **** 
 2653              		.loc 1 1212 1 view .LVU792
 2654 005c 10BD     		pop	{r4, pc}
1212:Drivers/STM32L4xx_HAL_Driver/Src/stm32l4xx_hal_lptim.c **** 
 2655              		.loc 1 1212 1 view .LVU793
 2656              		.cfi_endproc
 2657              	.LFE399:
 2659              		.section	.text.HAL_LPTIM_Encoder_Stop,"ax",%progbits
 2660              		.align	1
 2661              		.global	HAL_LPTIM_Encoder_Stop
 2662              		.syntax unified
 2663              		.thumb
 2664              		.thumb_func
 2666              	HAL_LPTIM_Encoder_Stop:
 2667              	.LVL152:
 2668              	.LFB401:
1281:Drivers/STM32L4xx_HAL_Driver/Src/stm32l4xx_hal_lptim.c ****   /* Check the parameters */
 2669              		.loc 1 1281 1 is_stmt 1 view -0
 2670              		.cfi_startproc
 2671              		@ args = 0, pretend = 0, frame = 0
 2672              		@ frame_needed = 0, uses_anonymous_args = 0
ARM GAS  /tmp/ccCFMTgI.s 			page 115


1281:Drivers/STM32L4xx_HAL_Driver/Src/stm32l4xx_hal_lptim.c ****   /* Check the parameters */
 2673              		.loc 1 1281 1 is_stmt 0 view .LVU795
 2674 0000 10B5     		push	{r4, lr}
 2675              	.LCFI21:
 2676              		.cfi_def_cfa_offset 8
 2677              		.cfi_offset 4, -8
 2678              		.cfi_offset 14, -4
 2679 0002 0446     		mov	r4, r0
1283:Drivers/STM32L4xx_HAL_Driver/Src/stm32l4xx_hal_lptim.c **** 
 2680              		.loc 1 1283 3 is_stmt 1 view .LVU796
1286:Drivers/STM32L4xx_HAL_Driver/Src/stm32l4xx_hal_lptim.c **** 
 2681              		.loc 1 1286 3 view .LVU797
1286:Drivers/STM32L4xx_HAL_Driver/Src/stm32l4xx_hal_lptim.c **** 
 2682              		.loc 1 1286 17 is_stmt 0 view .LVU798
 2683 0004 0223     		movs	r3, #2
 2684 0006 80F83630 		strb	r3, [r0, #54]
1289:Drivers/STM32L4xx_HAL_Driver/Src/stm32l4xx_hal_lptim.c **** 
 2685              		.loc 1 1289 3 is_stmt 1 view .LVU799
 2686 000a FFF7FEFF 		bl	LPTIM_Disable
 2687              	.LVL153:
1291:Drivers/STM32L4xx_HAL_Driver/Src/stm32l4xx_hal_lptim.c ****   {
 2688              		.loc 1 1291 3 view .LVU800
1291:Drivers/STM32L4xx_HAL_Driver/Src/stm32l4xx_hal_lptim.c ****   {
 2689              		.loc 1 1291 7 is_stmt 0 view .LVU801
 2690 000e 2046     		mov	r0, r4
 2691 0010 FFF7FEFF 		bl	HAL_LPTIM_GetState
 2692              	.LVL154:
1291:Drivers/STM32L4xx_HAL_Driver/Src/stm32l4xx_hal_lptim.c ****   {
 2693              		.loc 1 1291 6 discriminator 1 view .LVU802
 2694 0014 0328     		cmp	r0, #3
 2695 0016 08D0     		beq	.L144
1297:Drivers/STM32L4xx_HAL_Driver/Src/stm32l4xx_hal_lptim.c **** 
 2696              		.loc 1 1297 3 is_stmt 1 view .LVU803
1297:Drivers/STM32L4xx_HAL_Driver/Src/stm32l4xx_hal_lptim.c **** 
 2697              		.loc 1 1297 9 is_stmt 0 view .LVU804
 2698 0018 2268     		ldr	r2, [r4]
1297:Drivers/STM32L4xx_HAL_Driver/Src/stm32l4xx_hal_lptim.c **** 
 2699              		.loc 1 1297 19 view .LVU805
 2700 001a D368     		ldr	r3, [r2, #12]
1297:Drivers/STM32L4xx_HAL_Driver/Src/stm32l4xx_hal_lptim.c **** 
 2701              		.loc 1 1297 26 view .LVU806
 2702 001c 23F08073 		bic	r3, r3, #16777216
 2703 0020 D360     		str	r3, [r2, #12]
1300:Drivers/STM32L4xx_HAL_Driver/Src/stm32l4xx_hal_lptim.c **** 
 2704              		.loc 1 1300 3 is_stmt 1 view .LVU807
1300:Drivers/STM32L4xx_HAL_Driver/Src/stm32l4xx_hal_lptim.c **** 
 2705              		.loc 1 1300 17 is_stmt 0 view .LVU808
 2706 0022 0123     		movs	r3, #1
 2707 0024 84F83630 		strb	r3, [r4, #54]
1303:Drivers/STM32L4xx_HAL_Driver/Src/stm32l4xx_hal_lptim.c **** }
 2708              		.loc 1 1303 3 is_stmt 1 view .LVU809
1303:Drivers/STM32L4xx_HAL_Driver/Src/stm32l4xx_hal_lptim.c **** }
 2709              		.loc 1 1303 10 is_stmt 0 view .LVU810
 2710 0028 0020     		movs	r0, #0
 2711              	.L144:
1304:Drivers/STM32L4xx_HAL_Driver/Src/stm32l4xx_hal_lptim.c **** 
 2712              		.loc 1 1304 1 view .LVU811
ARM GAS  /tmp/ccCFMTgI.s 			page 116


 2713 002a 10BD     		pop	{r4, pc}
1304:Drivers/STM32L4xx_HAL_Driver/Src/stm32l4xx_hal_lptim.c **** 
 2714              		.loc 1 1304 1 view .LVU812
 2715              		.cfi_endproc
 2716              	.LFE401:
 2718              		.section	.text.HAL_LPTIM_Encoder_Start_IT,"ax",%progbits
 2719              		.align	1
 2720              		.global	HAL_LPTIM_Encoder_Start_IT
 2721              		.syntax unified
 2722              		.thumb
 2723              		.thumb_func
 2725              	HAL_LPTIM_Encoder_Start_IT:
 2726              	.LVL155:
 2727              	.LFB402:
1314:Drivers/STM32L4xx_HAL_Driver/Src/stm32l4xx_hal_lptim.c ****   uint32_t          tmpcfgr;
 2728              		.loc 1 1314 1 is_stmt 1 view -0
 2729              		.cfi_startproc
 2730              		@ args = 0, pretend = 0, frame = 0
 2731              		@ frame_needed = 0, uses_anonymous_args = 0
1314:Drivers/STM32L4xx_HAL_Driver/Src/stm32l4xx_hal_lptim.c ****   uint32_t          tmpcfgr;
 2732              		.loc 1 1314 1 is_stmt 0 view .LVU814
 2733 0000 38B5     		push	{r3, r4, r5, lr}
 2734              	.LCFI22:
 2735              		.cfi_def_cfa_offset 16
 2736              		.cfi_offset 3, -16
 2737              		.cfi_offset 4, -12
 2738              		.cfi_offset 5, -8
 2739              		.cfi_offset 14, -4
 2740 0002 0446     		mov	r4, r0
 2741 0004 0B46     		mov	r3, r1
1315:Drivers/STM32L4xx_HAL_Driver/Src/stm32l4xx_hal_lptim.c **** 
 2742              		.loc 1 1315 3 is_stmt 1 view .LVU815
1318:Drivers/STM32L4xx_HAL_Driver/Src/stm32l4xx_hal_lptim.c ****   assert_param(IS_LPTIM_PERIOD(Period));
 2743              		.loc 1 1318 3 view .LVU816
1319:Drivers/STM32L4xx_HAL_Driver/Src/stm32l4xx_hal_lptim.c ****   assert_param(hlptim->Init.Clock.Source == LPTIM_CLOCKSOURCE_APBCLOCK_LPOSC);
 2744              		.loc 1 1319 3 view .LVU817
1320:Drivers/STM32L4xx_HAL_Driver/Src/stm32l4xx_hal_lptim.c ****   assert_param(hlptim->Init.Clock.Prescaler == LPTIM_PRESCALER_DIV1);
 2745              		.loc 1 1320 3 view .LVU818
1321:Drivers/STM32L4xx_HAL_Driver/Src/stm32l4xx_hal_lptim.c ****   assert_param(IS_LPTIM_CLOCK_POLARITY(hlptim->Init.UltraLowPowerClock.Polarity));
 2746              		.loc 1 1321 3 view .LVU819
1322:Drivers/STM32L4xx_HAL_Driver/Src/stm32l4xx_hal_lptim.c **** 
 2747              		.loc 1 1322 3 view .LVU820
1325:Drivers/STM32L4xx_HAL_Driver/Src/stm32l4xx_hal_lptim.c **** 
 2748              		.loc 1 1325 3 view .LVU821
1325:Drivers/STM32L4xx_HAL_Driver/Src/stm32l4xx_hal_lptim.c **** 
 2749              		.loc 1 1325 17 is_stmt 0 view .LVU822
 2750 0006 0222     		movs	r2, #2
 2751 0008 80F83620 		strb	r2, [r0, #54]
1329:Drivers/STM32L4xx_HAL_Driver/Src/stm32l4xx_hal_lptim.c **** 
 2752              		.loc 1 1329 3 is_stmt 1 view .LVU823
1329:Drivers/STM32L4xx_HAL_Driver/Src/stm32l4xx_hal_lptim.c **** 
 2753              		.loc 1 1329 19 is_stmt 0 view .LVU824
 2754 000c 0568     		ldr	r5, [r0]
1329:Drivers/STM32L4xx_HAL_Driver/Src/stm32l4xx_hal_lptim.c **** 
 2755              		.loc 1 1329 11 view .LVU825
 2756 000e E968     		ldr	r1, [r5, #12]
 2757              	.LVL156:
ARM GAS  /tmp/ccCFMTgI.s 			page 117


1332:Drivers/STM32L4xx_HAL_Driver/Src/stm32l4xx_hal_lptim.c **** 
 2758              		.loc 1 1332 3 is_stmt 1 view .LVU826
1332:Drivers/STM32L4xx_HAL_Driver/Src/stm32l4xx_hal_lptim.c **** 
 2759              		.loc 1 1332 11 is_stmt 0 view .LVU827
 2760 0010 21F00601 		bic	r1, r1, #6
 2761              	.LVL157:
1335:Drivers/STM32L4xx_HAL_Driver/Src/stm32l4xx_hal_lptim.c **** 
 2762              		.loc 1 1335 3 is_stmt 1 view .LVU828
1335:Drivers/STM32L4xx_HAL_Driver/Src/stm32l4xx_hal_lptim.c **** 
 2763              		.loc 1 1335 46 is_stmt 0 view .LVU829
 2764 0014 C268     		ldr	r2, [r0, #12]
1335:Drivers/STM32L4xx_HAL_Driver/Src/stm32l4xx_hal_lptim.c **** 
 2765              		.loc 1 1335 11 view .LVU830
 2766 0016 0A43     		orrs	r2, r2, r1
 2767              	.LVL158:
1338:Drivers/STM32L4xx_HAL_Driver/Src/stm32l4xx_hal_lptim.c **** 
 2768              		.loc 1 1338 3 is_stmt 1 view .LVU831
1338:Drivers/STM32L4xx_HAL_Driver/Src/stm32l4xx_hal_lptim.c **** 
 2769              		.loc 1 1338 26 is_stmt 0 view .LVU832
 2770 0018 EA60     		str	r2, [r5, #12]
1341:Drivers/STM32L4xx_HAL_Driver/Src/stm32l4xx_hal_lptim.c **** 
 2771              		.loc 1 1341 3 is_stmt 1 view .LVU833
1341:Drivers/STM32L4xx_HAL_Driver/Src/stm32l4xx_hal_lptim.c **** 
 2772              		.loc 1 1341 9 is_stmt 0 view .LVU834
 2773 001a 0168     		ldr	r1, [r0]
1341:Drivers/STM32L4xx_HAL_Driver/Src/stm32l4xx_hal_lptim.c **** 
 2774              		.loc 1 1341 19 view .LVU835
 2775 001c CA68     		ldr	r2, [r1, #12]
 2776              	.LVL159:
1341:Drivers/STM32L4xx_HAL_Driver/Src/stm32l4xx_hal_lptim.c **** 
 2777              		.loc 1 1341 26 view .LVU836
 2778 001e 42F08072 		orr	r2, r2, #16777216
 2779 0022 CA60     		str	r2, [r1, #12]
 2780              	.LVL160:
1344:Drivers/STM32L4xx_HAL_Driver/Src/stm32l4xx_hal_lptim.c **** 
 2781              		.loc 1 1344 3 is_stmt 1 view .LVU837
 2782 0024 0168     		ldr	r1, [r0]
 2783 0026 0A69     		ldr	r2, [r1, #16]
 2784 0028 42F00102 		orr	r2, r2, #1
 2785 002c 0A61     		str	r2, [r1, #16]
1347:Drivers/STM32L4xx_HAL_Driver/Src/stm32l4xx_hal_lptim.c **** 
 2786              		.loc 1 1347 3 view .LVU838
 2787 002e 0268     		ldr	r2, [r0]
 2788 0030 1021     		movs	r1, #16
 2789 0032 5160     		str	r1, [r2, #4]
1350:Drivers/STM32L4xx_HAL_Driver/Src/stm32l4xx_hal_lptim.c **** 
 2790              		.loc 1 1350 3 view .LVU839
 2791 0034 0268     		ldr	r2, [r0]
 2792 0036 9361     		str	r3, [r2, #24]
1353:Drivers/STM32L4xx_HAL_Driver/Src/stm32l4xx_hal_lptim.c ****   {
 2793              		.loc 1 1353 3 view .LVU840
1353:Drivers/STM32L4xx_HAL_Driver/Src/stm32l4xx_hal_lptim.c ****   {
 2794              		.loc 1 1353 7 is_stmt 0 view .LVU841
 2795 0038 FFF7FEFF 		bl	LPTIM_WaitForFlag
 2796              	.LVL161:
1353:Drivers/STM32L4xx_HAL_Driver/Src/stm32l4xx_hal_lptim.c ****   {
 2797              		.loc 1 1353 6 discriminator 1 view .LVU842
ARM GAS  /tmp/ccCFMTgI.s 			page 118


 2798 003c 0328     		cmp	r0, #3
 2799 003e 1FD0     		beq	.L147
1359:Drivers/STM32L4xx_HAL_Driver/Src/stm32l4xx_hal_lptim.c **** 
 2800              		.loc 1 1359 3 is_stmt 1 view .LVU843
 2801 0040 2046     		mov	r0, r4
 2802 0042 FFF7FEFF 		bl	LPTIM_Disable
 2803              	.LVL162:
1361:Drivers/STM32L4xx_HAL_Driver/Src/stm32l4xx_hal_lptim.c ****   {
 2804              		.loc 1 1361 3 view .LVU844
1361:Drivers/STM32L4xx_HAL_Driver/Src/stm32l4xx_hal_lptim.c ****   {
 2805              		.loc 1 1361 7 is_stmt 0 view .LVU845
 2806 0046 2046     		mov	r0, r4
 2807 0048 FFF7FEFF 		bl	HAL_LPTIM_GetState
 2808              	.LVL163:
1361:Drivers/STM32L4xx_HAL_Driver/Src/stm32l4xx_hal_lptim.c ****   {
 2809              		.loc 1 1361 6 discriminator 1 view .LVU846
 2810 004c 0328     		cmp	r0, #3
 2811 004e 17D0     		beq	.L147
1367:Drivers/STM32L4xx_HAL_Driver/Src/stm32l4xx_hal_lptim.c **** 
 2812              		.loc 1 1367 3 is_stmt 1 view .LVU847
 2813 0050 2268     		ldr	r2, [r4]
 2814 0052 9368     		ldr	r3, [r2, #8]
 2815 0054 43F04003 		orr	r3, r3, #64
 2816 0058 9360     		str	r3, [r2, #8]
1370:Drivers/STM32L4xx_HAL_Driver/Src/stm32l4xx_hal_lptim.c **** 
 2817              		.loc 1 1370 3 view .LVU848
 2818 005a 2268     		ldr	r2, [r4]
 2819 005c 9368     		ldr	r3, [r2, #8]
 2820 005e 43F02003 		orr	r3, r3, #32
 2821 0062 9360     		str	r3, [r2, #8]
1373:Drivers/STM32L4xx_HAL_Driver/Src/stm32l4xx_hal_lptim.c **** 
 2822              		.loc 1 1373 3 view .LVU849
 2823 0064 2268     		ldr	r2, [r4]
 2824 0066 1369     		ldr	r3, [r2, #16]
 2825 0068 43F00103 		orr	r3, r3, #1
 2826 006c 1361     		str	r3, [r2, #16]
1376:Drivers/STM32L4xx_HAL_Driver/Src/stm32l4xx_hal_lptim.c **** 
 2827              		.loc 1 1376 3 view .LVU850
 2828 006e 2268     		ldr	r2, [r4]
 2829 0070 1369     		ldr	r3, [r2, #16]
 2830 0072 43F00403 		orr	r3, r3, #4
 2831 0076 1361     		str	r3, [r2, #16]
1379:Drivers/STM32L4xx_HAL_Driver/Src/stm32l4xx_hal_lptim.c **** 
 2832              		.loc 1 1379 3 view .LVU851
1379:Drivers/STM32L4xx_HAL_Driver/Src/stm32l4xx_hal_lptim.c **** 
 2833              		.loc 1 1379 17 is_stmt 0 view .LVU852
 2834 0078 0123     		movs	r3, #1
 2835 007a 84F83630 		strb	r3, [r4, #54]
1382:Drivers/STM32L4xx_HAL_Driver/Src/stm32l4xx_hal_lptim.c **** }
 2836              		.loc 1 1382 3 is_stmt 1 view .LVU853
1382:Drivers/STM32L4xx_HAL_Driver/Src/stm32l4xx_hal_lptim.c **** }
 2837              		.loc 1 1382 10 is_stmt 0 view .LVU854
 2838 007e 0020     		movs	r0, #0
 2839              	.L147:
1383:Drivers/STM32L4xx_HAL_Driver/Src/stm32l4xx_hal_lptim.c **** 
 2840              		.loc 1 1383 1 view .LVU855
 2841 0080 38BD     		pop	{r3, r4, r5, pc}
ARM GAS  /tmp/ccCFMTgI.s 			page 119


1383:Drivers/STM32L4xx_HAL_Driver/Src/stm32l4xx_hal_lptim.c **** 
 2842              		.loc 1 1383 1 view .LVU856
 2843              		.cfi_endproc
 2844              	.LFE402:
 2846              		.section	.text.HAL_LPTIM_Encoder_Stop_IT,"ax",%progbits
 2847              		.align	1
 2848              		.global	HAL_LPTIM_Encoder_Stop_IT
 2849              		.syntax unified
 2850              		.thumb
 2851              		.thumb_func
 2853              	HAL_LPTIM_Encoder_Stop_IT:
 2854              	.LVL164:
 2855              	.LFB403:
1391:Drivers/STM32L4xx_HAL_Driver/Src/stm32l4xx_hal_lptim.c ****   /* Check the parameters */
 2856              		.loc 1 1391 1 is_stmt 1 view -0
 2857              		.cfi_startproc
 2858              		@ args = 0, pretend = 0, frame = 0
 2859              		@ frame_needed = 0, uses_anonymous_args = 0
1391:Drivers/STM32L4xx_HAL_Driver/Src/stm32l4xx_hal_lptim.c ****   /* Check the parameters */
 2860              		.loc 1 1391 1 is_stmt 0 view .LVU858
 2861 0000 10B5     		push	{r4, lr}
 2862              	.LCFI23:
 2863              		.cfi_def_cfa_offset 8
 2864              		.cfi_offset 4, -8
 2865              		.cfi_offset 14, -4
 2866 0002 0446     		mov	r4, r0
1393:Drivers/STM32L4xx_HAL_Driver/Src/stm32l4xx_hal_lptim.c **** 
 2867              		.loc 1 1393 3 is_stmt 1 view .LVU859
1396:Drivers/STM32L4xx_HAL_Driver/Src/stm32l4xx_hal_lptim.c **** 
 2868              		.loc 1 1396 3 view .LVU860
1396:Drivers/STM32L4xx_HAL_Driver/Src/stm32l4xx_hal_lptim.c **** 
 2869              		.loc 1 1396 17 is_stmt 0 view .LVU861
 2870 0004 0223     		movs	r3, #2
 2871 0006 80F83630 		strb	r3, [r0, #54]
1399:Drivers/STM32L4xx_HAL_Driver/Src/stm32l4xx_hal_lptim.c **** 
 2872              		.loc 1 1399 3 is_stmt 1 view .LVU862
 2873 000a FFF7FEFF 		bl	LPTIM_Disable
 2874              	.LVL165:
1401:Drivers/STM32L4xx_HAL_Driver/Src/stm32l4xx_hal_lptim.c ****   {
 2875              		.loc 1 1401 3 view .LVU863
1401:Drivers/STM32L4xx_HAL_Driver/Src/stm32l4xx_hal_lptim.c ****   {
 2876              		.loc 1 1401 7 is_stmt 0 view .LVU864
 2877 000e 2046     		mov	r0, r4
 2878 0010 FFF7FEFF 		bl	HAL_LPTIM_GetState
 2879              	.LVL166:
1401:Drivers/STM32L4xx_HAL_Driver/Src/stm32l4xx_hal_lptim.c ****   {
 2880              		.loc 1 1401 6 discriminator 1 view .LVU865
 2881 0014 0328     		cmp	r0, #3
 2882 0016 12D0     		beq	.L150
1407:Drivers/STM32L4xx_HAL_Driver/Src/stm32l4xx_hal_lptim.c **** 
 2883              		.loc 1 1407 3 is_stmt 1 view .LVU866
1407:Drivers/STM32L4xx_HAL_Driver/Src/stm32l4xx_hal_lptim.c **** 
 2884              		.loc 1 1407 9 is_stmt 0 view .LVU867
 2885 0018 2268     		ldr	r2, [r4]
1407:Drivers/STM32L4xx_HAL_Driver/Src/stm32l4xx_hal_lptim.c **** 
 2886              		.loc 1 1407 19 view .LVU868
 2887 001a D368     		ldr	r3, [r2, #12]
ARM GAS  /tmp/ccCFMTgI.s 			page 120


1407:Drivers/STM32L4xx_HAL_Driver/Src/stm32l4xx_hal_lptim.c **** 
 2888              		.loc 1 1407 26 view .LVU869
 2889 001c 23F08073 		bic	r3, r3, #16777216
 2890 0020 D360     		str	r3, [r2, #12]
1410:Drivers/STM32L4xx_HAL_Driver/Src/stm32l4xx_hal_lptim.c **** 
 2891              		.loc 1 1410 3 is_stmt 1 view .LVU870
 2892 0022 2268     		ldr	r2, [r4]
 2893 0024 9368     		ldr	r3, [r2, #8]
 2894 0026 23F04003 		bic	r3, r3, #64
 2895 002a 9360     		str	r3, [r2, #8]
1413:Drivers/STM32L4xx_HAL_Driver/Src/stm32l4xx_hal_lptim.c **** 
 2896              		.loc 1 1413 3 view .LVU871
 2897 002c 2268     		ldr	r2, [r4]
 2898 002e 9368     		ldr	r3, [r2, #8]
 2899 0030 23F02003 		bic	r3, r3, #32
 2900 0034 9360     		str	r3, [r2, #8]
1416:Drivers/STM32L4xx_HAL_Driver/Src/stm32l4xx_hal_lptim.c **** 
 2901              		.loc 1 1416 3 view .LVU872
1416:Drivers/STM32L4xx_HAL_Driver/Src/stm32l4xx_hal_lptim.c **** 
 2902              		.loc 1 1416 17 is_stmt 0 view .LVU873
 2903 0036 0123     		movs	r3, #1
 2904 0038 84F83630 		strb	r3, [r4, #54]
1419:Drivers/STM32L4xx_HAL_Driver/Src/stm32l4xx_hal_lptim.c **** }
 2905              		.loc 1 1419 3 is_stmt 1 view .LVU874
1419:Drivers/STM32L4xx_HAL_Driver/Src/stm32l4xx_hal_lptim.c **** }
 2906              		.loc 1 1419 10 is_stmt 0 view .LVU875
 2907 003c 0020     		movs	r0, #0
 2908              	.L150:
1420:Drivers/STM32L4xx_HAL_Driver/Src/stm32l4xx_hal_lptim.c **** 
 2909              		.loc 1 1420 1 view .LVU876
 2910 003e 10BD     		pop	{r4, pc}
1420:Drivers/STM32L4xx_HAL_Driver/Src/stm32l4xx_hal_lptim.c **** 
 2911              		.loc 1 1420 1 view .LVU877
 2912              		.cfi_endproc
 2913              	.LFE403:
 2915              		.section	.text.HAL_LPTIM_TimeOut_Stop,"ax",%progbits
 2916              		.align	1
 2917              		.global	HAL_LPTIM_TimeOut_Stop
 2918              		.syntax unified
 2919              		.thumb
 2920              		.thumb_func
 2922              	HAL_LPTIM_TimeOut_Stop:
 2923              	.LVL167:
 2924              	.LFB405:
1489:Drivers/STM32L4xx_HAL_Driver/Src/stm32l4xx_hal_lptim.c ****   /* Check the parameters */
 2925              		.loc 1 1489 1 is_stmt 1 view -0
 2926              		.cfi_startproc
 2927              		@ args = 0, pretend = 0, frame = 0
 2928              		@ frame_needed = 0, uses_anonymous_args = 0
1489:Drivers/STM32L4xx_HAL_Driver/Src/stm32l4xx_hal_lptim.c ****   /* Check the parameters */
 2929              		.loc 1 1489 1 is_stmt 0 view .LVU879
 2930 0000 10B5     		push	{r4, lr}
 2931              	.LCFI24:
 2932              		.cfi_def_cfa_offset 8
 2933              		.cfi_offset 4, -8
 2934              		.cfi_offset 14, -4
 2935 0002 0446     		mov	r4, r0
ARM GAS  /tmp/ccCFMTgI.s 			page 121


1491:Drivers/STM32L4xx_HAL_Driver/Src/stm32l4xx_hal_lptim.c **** 
 2936              		.loc 1 1491 3 is_stmt 1 view .LVU880
1494:Drivers/STM32L4xx_HAL_Driver/Src/stm32l4xx_hal_lptim.c **** 
 2937              		.loc 1 1494 3 view .LVU881
1494:Drivers/STM32L4xx_HAL_Driver/Src/stm32l4xx_hal_lptim.c **** 
 2938              		.loc 1 1494 17 is_stmt 0 view .LVU882
 2939 0004 0223     		movs	r3, #2
 2940 0006 80F83630 		strb	r3, [r0, #54]
1497:Drivers/STM32L4xx_HAL_Driver/Src/stm32l4xx_hal_lptim.c **** 
 2941              		.loc 1 1497 3 is_stmt 1 view .LVU883
 2942 000a FFF7FEFF 		bl	LPTIM_Disable
 2943              	.LVL168:
1499:Drivers/STM32L4xx_HAL_Driver/Src/stm32l4xx_hal_lptim.c ****   {
 2944              		.loc 1 1499 3 view .LVU884
1499:Drivers/STM32L4xx_HAL_Driver/Src/stm32l4xx_hal_lptim.c ****   {
 2945              		.loc 1 1499 7 is_stmt 0 view .LVU885
 2946 000e 2046     		mov	r0, r4
 2947 0010 FFF7FEFF 		bl	HAL_LPTIM_GetState
 2948              	.LVL169:
1499:Drivers/STM32L4xx_HAL_Driver/Src/stm32l4xx_hal_lptim.c ****   {
 2949              		.loc 1 1499 6 discriminator 1 view .LVU886
 2950 0014 0328     		cmp	r0, #3
 2951 0016 08D0     		beq	.L153
1505:Drivers/STM32L4xx_HAL_Driver/Src/stm32l4xx_hal_lptim.c **** 
 2952              		.loc 1 1505 3 is_stmt 1 view .LVU887
1505:Drivers/STM32L4xx_HAL_Driver/Src/stm32l4xx_hal_lptim.c **** 
 2953              		.loc 1 1505 9 is_stmt 0 view .LVU888
 2954 0018 2268     		ldr	r2, [r4]
1505:Drivers/STM32L4xx_HAL_Driver/Src/stm32l4xx_hal_lptim.c **** 
 2955              		.loc 1 1505 19 view .LVU889
 2956 001a D368     		ldr	r3, [r2, #12]
1505:Drivers/STM32L4xx_HAL_Driver/Src/stm32l4xx_hal_lptim.c **** 
 2957              		.loc 1 1505 26 view .LVU890
 2958 001c 23F40023 		bic	r3, r3, #524288
 2959 0020 D360     		str	r3, [r2, #12]
1508:Drivers/STM32L4xx_HAL_Driver/Src/stm32l4xx_hal_lptim.c **** 
 2960              		.loc 1 1508 3 is_stmt 1 view .LVU891
1508:Drivers/STM32L4xx_HAL_Driver/Src/stm32l4xx_hal_lptim.c **** 
 2961              		.loc 1 1508 17 is_stmt 0 view .LVU892
 2962 0022 0123     		movs	r3, #1
 2963 0024 84F83630 		strb	r3, [r4, #54]
1511:Drivers/STM32L4xx_HAL_Driver/Src/stm32l4xx_hal_lptim.c **** }
 2964              		.loc 1 1511 3 is_stmt 1 view .LVU893
1511:Drivers/STM32L4xx_HAL_Driver/Src/stm32l4xx_hal_lptim.c **** }
 2965              		.loc 1 1511 10 is_stmt 0 view .LVU894
 2966 0028 0020     		movs	r0, #0
 2967              	.L153:
1512:Drivers/STM32L4xx_HAL_Driver/Src/stm32l4xx_hal_lptim.c **** 
 2968              		.loc 1 1512 1 view .LVU895
 2969 002a 10BD     		pop	{r4, pc}
1512:Drivers/STM32L4xx_HAL_Driver/Src/stm32l4xx_hal_lptim.c **** 
 2970              		.loc 1 1512 1 view .LVU896
 2971              		.cfi_endproc
 2972              	.LFE405:
 2974              		.section	.text.HAL_LPTIM_TimeOut_Start_IT,"ax",%progbits
 2975              		.align	1
 2976              		.global	HAL_LPTIM_TimeOut_Start_IT
ARM GAS  /tmp/ccCFMTgI.s 			page 122


 2977              		.syntax unified
 2978              		.thumb
 2979              		.thumb_func
 2981              	HAL_LPTIM_TimeOut_Start_IT:
 2982              	.LVL170:
 2983              	.LFB406:
1526:Drivers/STM32L4xx_HAL_Driver/Src/stm32l4xx_hal_lptim.c ****   /* Check the parameters */
 2984              		.loc 1 1526 1 is_stmt 1 view -0
 2985              		.cfi_startproc
 2986              		@ args = 0, pretend = 0, frame = 0
 2987              		@ frame_needed = 0, uses_anonymous_args = 0
1526:Drivers/STM32L4xx_HAL_Driver/Src/stm32l4xx_hal_lptim.c ****   /* Check the parameters */
 2988              		.loc 1 1526 1 is_stmt 0 view .LVU898
 2989 0000 38B5     		push	{r3, r4, r5, lr}
 2990              	.LCFI25:
 2991              		.cfi_def_cfa_offset 16
 2992              		.cfi_offset 3, -16
 2993              		.cfi_offset 4, -12
 2994              		.cfi_offset 5, -8
 2995              		.cfi_offset 14, -4
 2996 0002 0446     		mov	r4, r0
 2997 0004 0B46     		mov	r3, r1
 2998 0006 1546     		mov	r5, r2
1528:Drivers/STM32L4xx_HAL_Driver/Src/stm32l4xx_hal_lptim.c ****   assert_param(IS_LPTIM_PERIOD(Period));
 2999              		.loc 1 1528 3 is_stmt 1 view .LVU899
1529:Drivers/STM32L4xx_HAL_Driver/Src/stm32l4xx_hal_lptim.c ****   assert_param(IS_LPTIM_PULSE(Timeout));
 3000              		.loc 1 1529 3 view .LVU900
1530:Drivers/STM32L4xx_HAL_Driver/Src/stm32l4xx_hal_lptim.c **** 
 3001              		.loc 1 1530 3 view .LVU901
1533:Drivers/STM32L4xx_HAL_Driver/Src/stm32l4xx_hal_lptim.c **** 
 3002              		.loc 1 1533 3 view .LVU902
1533:Drivers/STM32L4xx_HAL_Driver/Src/stm32l4xx_hal_lptim.c **** 
 3003              		.loc 1 1533 17 is_stmt 0 view .LVU903
 3004 0008 0222     		movs	r2, #2
 3005              	.LVL171:
1533:Drivers/STM32L4xx_HAL_Driver/Src/stm32l4xx_hal_lptim.c **** 
 3006              		.loc 1 1533 17 view .LVU904
 3007 000a 80F83620 		strb	r2, [r0, #54]
1536:Drivers/STM32L4xx_HAL_Driver/Src/stm32l4xx_hal_lptim.c **** 
 3008              		.loc 1 1536 3 is_stmt 1 view .LVU905
 3009 000e 0168     		ldr	r1, [r0]
 3010              	.LVL172:
1536:Drivers/STM32L4xx_HAL_Driver/Src/stm32l4xx_hal_lptim.c **** 
 3011              		.loc 1 1536 3 is_stmt 0 view .LVU906
 3012 0010 234A     		ldr	r2, .L161
 3013 0012 9142     		cmp	r1, r2
 3014 0014 3ED0     		beq	.L160
1536:Drivers/STM32L4xx_HAL_Driver/Src/stm32l4xx_hal_lptim.c **** 
 3015              		.loc 1 1536 3 discriminator 2 view .LVU907
 3016 0016 2349     		ldr	r1, .L161+4
 3017 0018 0A6A     		ldr	r2, [r1, #32]
 3018 001a 42F00202 		orr	r2, r2, #2
 3019 001e 0A62     		str	r2, [r1, #32]
 3020              	.L157:
1539:Drivers/STM32L4xx_HAL_Driver/Src/stm32l4xx_hal_lptim.c **** 
 3021              		.loc 1 1539 3 is_stmt 1 view .LVU908
1539:Drivers/STM32L4xx_HAL_Driver/Src/stm32l4xx_hal_lptim.c **** 
ARM GAS  /tmp/ccCFMTgI.s 			page 123


 3022              		.loc 1 1539 9 is_stmt 0 view .LVU909
 3023 0020 2268     		ldr	r2, [r4]
1539:Drivers/STM32L4xx_HAL_Driver/Src/stm32l4xx_hal_lptim.c **** 
 3024              		.loc 1 1539 19 view .LVU910
 3025 0022 D168     		ldr	r1, [r2, #12]
1539:Drivers/STM32L4xx_HAL_Driver/Src/stm32l4xx_hal_lptim.c **** 
 3026              		.loc 1 1539 26 view .LVU911
 3027 0024 41F40021 		orr	r1, r1, #524288
 3028 0028 D160     		str	r1, [r2, #12]
1542:Drivers/STM32L4xx_HAL_Driver/Src/stm32l4xx_hal_lptim.c **** 
 3029              		.loc 1 1542 3 is_stmt 1 view .LVU912
 3030 002a 2268     		ldr	r2, [r4]
 3031 002c 1169     		ldr	r1, [r2, #16]
 3032 002e 41F00101 		orr	r1, r1, #1
 3033 0032 1161     		str	r1, [r2, #16]
1545:Drivers/STM32L4xx_HAL_Driver/Src/stm32l4xx_hal_lptim.c **** 
 3034              		.loc 1 1545 3 view .LVU913
 3035 0034 2268     		ldr	r2, [r4]
 3036 0036 1021     		movs	r1, #16
 3037 0038 5160     		str	r1, [r2, #4]
1548:Drivers/STM32L4xx_HAL_Driver/Src/stm32l4xx_hal_lptim.c **** 
 3038              		.loc 1 1548 3 view .LVU914
 3039 003a 2268     		ldr	r2, [r4]
 3040 003c 9361     		str	r3, [r2, #24]
1551:Drivers/STM32L4xx_HAL_Driver/Src/stm32l4xx_hal_lptim.c ****   {
 3041              		.loc 1 1551 3 view .LVU915
1551:Drivers/STM32L4xx_HAL_Driver/Src/stm32l4xx_hal_lptim.c ****   {
 3042              		.loc 1 1551 7 is_stmt 0 view .LVU916
 3043 003e 2046     		mov	r0, r4
 3044              	.LVL173:
1551:Drivers/STM32L4xx_HAL_Driver/Src/stm32l4xx_hal_lptim.c ****   {
 3045              		.loc 1 1551 7 view .LVU917
 3046 0040 FFF7FEFF 		bl	LPTIM_WaitForFlag
 3047              	.LVL174:
1551:Drivers/STM32L4xx_HAL_Driver/Src/stm32l4xx_hal_lptim.c ****   {
 3048              		.loc 1 1551 6 discriminator 1 view .LVU918
 3049 0044 0328     		cmp	r0, #3
 3050 0046 24D0     		beq	.L158
1557:Drivers/STM32L4xx_HAL_Driver/Src/stm32l4xx_hal_lptim.c **** 
 3051              		.loc 1 1557 3 is_stmt 1 view .LVU919
 3052 0048 2368     		ldr	r3, [r4]
 3053 004a 0821     		movs	r1, #8
 3054 004c 5960     		str	r1, [r3, #4]
1560:Drivers/STM32L4xx_HAL_Driver/Src/stm32l4xx_hal_lptim.c **** 
 3055              		.loc 1 1560 3 view .LVU920
 3056 004e 2368     		ldr	r3, [r4]
 3057 0050 5D61     		str	r5, [r3, #20]
1563:Drivers/STM32L4xx_HAL_Driver/Src/stm32l4xx_hal_lptim.c ****   {
 3058              		.loc 1 1563 3 view .LVU921
1563:Drivers/STM32L4xx_HAL_Driver/Src/stm32l4xx_hal_lptim.c ****   {
 3059              		.loc 1 1563 7 is_stmt 0 view .LVU922
 3060 0052 2046     		mov	r0, r4
 3061 0054 FFF7FEFF 		bl	LPTIM_WaitForFlag
 3062              	.LVL175:
1563:Drivers/STM32L4xx_HAL_Driver/Src/stm32l4xx_hal_lptim.c ****   {
 3063              		.loc 1 1563 6 discriminator 1 view .LVU923
 3064 0058 0328     		cmp	r0, #3
ARM GAS  /tmp/ccCFMTgI.s 			page 124


 3065 005a 1AD0     		beq	.L158
1569:Drivers/STM32L4xx_HAL_Driver/Src/stm32l4xx_hal_lptim.c **** 
 3066              		.loc 1 1569 3 is_stmt 1 view .LVU924
 3067 005c 2046     		mov	r0, r4
 3068 005e FFF7FEFF 		bl	LPTIM_Disable
 3069              	.LVL176:
1571:Drivers/STM32L4xx_HAL_Driver/Src/stm32l4xx_hal_lptim.c ****   {
 3070              		.loc 1 1571 3 view .LVU925
1571:Drivers/STM32L4xx_HAL_Driver/Src/stm32l4xx_hal_lptim.c ****   {
 3071              		.loc 1 1571 7 is_stmt 0 view .LVU926
 3072 0062 2046     		mov	r0, r4
 3073 0064 FFF7FEFF 		bl	HAL_LPTIM_GetState
 3074              	.LVL177:
1571:Drivers/STM32L4xx_HAL_Driver/Src/stm32l4xx_hal_lptim.c ****   {
 3075              		.loc 1 1571 6 discriminator 1 view .LVU927
 3076 0068 0328     		cmp	r0, #3
 3077 006a 12D0     		beq	.L158
1577:Drivers/STM32L4xx_HAL_Driver/Src/stm32l4xx_hal_lptim.c **** 
 3078              		.loc 1 1577 3 is_stmt 1 view .LVU928
 3079 006c 2268     		ldr	r2, [r4]
 3080 006e 9368     		ldr	r3, [r2, #8]
 3081 0070 43F00103 		orr	r3, r3, #1
 3082 0074 9360     		str	r3, [r2, #8]
1580:Drivers/STM32L4xx_HAL_Driver/Src/stm32l4xx_hal_lptim.c **** 
 3083              		.loc 1 1580 3 view .LVU929
 3084 0076 2268     		ldr	r2, [r4]
 3085 0078 1369     		ldr	r3, [r2, #16]
 3086 007a 43F00103 		orr	r3, r3, #1
 3087 007e 1361     		str	r3, [r2, #16]
1583:Drivers/STM32L4xx_HAL_Driver/Src/stm32l4xx_hal_lptim.c **** 
 3088              		.loc 1 1583 3 view .LVU930
 3089 0080 2268     		ldr	r2, [r4]
 3090 0082 1369     		ldr	r3, [r2, #16]
 3091 0084 43F00403 		orr	r3, r3, #4
 3092 0088 1361     		str	r3, [r2, #16]
1586:Drivers/STM32L4xx_HAL_Driver/Src/stm32l4xx_hal_lptim.c **** 
 3093              		.loc 1 1586 3 view .LVU931
1586:Drivers/STM32L4xx_HAL_Driver/Src/stm32l4xx_hal_lptim.c **** 
 3094              		.loc 1 1586 17 is_stmt 0 view .LVU932
 3095 008a 0123     		movs	r3, #1
 3096 008c 84F83630 		strb	r3, [r4, #54]
1589:Drivers/STM32L4xx_HAL_Driver/Src/stm32l4xx_hal_lptim.c **** }
 3097              		.loc 1 1589 3 is_stmt 1 view .LVU933
1589:Drivers/STM32L4xx_HAL_Driver/Src/stm32l4xx_hal_lptim.c **** }
 3098              		.loc 1 1589 10 is_stmt 0 view .LVU934
 3099 0090 0020     		movs	r0, #0
 3100              	.L158:
1590:Drivers/STM32L4xx_HAL_Driver/Src/stm32l4xx_hal_lptim.c **** 
 3101              		.loc 1 1590 1 view .LVU935
 3102 0092 38BD     		pop	{r3, r4, r5, pc}
 3103              	.LVL178:
 3104              	.L160:
1536:Drivers/STM32L4xx_HAL_Driver/Src/stm32l4xx_hal_lptim.c **** 
 3105              		.loc 1 1536 3 discriminator 1 view .LVU936
 3106 0094 0349     		ldr	r1, .L161+4
 3107 0096 0A6A     		ldr	r2, [r1, #32]
 3108 0098 42F00102 		orr	r2, r2, #1
ARM GAS  /tmp/ccCFMTgI.s 			page 125


 3109 009c 0A62     		str	r2, [r1, #32]
 3110 009e BFE7     		b	.L157
 3111              	.L162:
 3112              		.align	2
 3113              	.L161:
 3114 00a0 007C0040 		.word	1073773568
 3115 00a4 00040140 		.word	1073808384
 3116              		.cfi_endproc
 3117              	.LFE406:
 3119              		.section	.text.HAL_LPTIM_TimeOut_Stop_IT,"ax",%progbits
 3120              		.align	1
 3121              		.global	HAL_LPTIM_TimeOut_Stop_IT
 3122              		.syntax unified
 3123              		.thumb
 3124              		.thumb_func
 3126              	HAL_LPTIM_TimeOut_Stop_IT:
 3127              	.LVL179:
 3128              	.LFB407:
1598:Drivers/STM32L4xx_HAL_Driver/Src/stm32l4xx_hal_lptim.c ****   /* Check the parameters */
 3129              		.loc 1 1598 1 is_stmt 1 view -0
 3130              		.cfi_startproc
 3131              		@ args = 0, pretend = 0, frame = 0
 3132              		@ frame_needed = 0, uses_anonymous_args = 0
1598:Drivers/STM32L4xx_HAL_Driver/Src/stm32l4xx_hal_lptim.c ****   /* Check the parameters */
 3133              		.loc 1 1598 1 is_stmt 0 view .LVU938
 3134 0000 10B5     		push	{r4, lr}
 3135              	.LCFI26:
 3136              		.cfi_def_cfa_offset 8
 3137              		.cfi_offset 4, -8
 3138              		.cfi_offset 14, -4
 3139 0002 0446     		mov	r4, r0
1600:Drivers/STM32L4xx_HAL_Driver/Src/stm32l4xx_hal_lptim.c **** 
 3140              		.loc 1 1600 3 is_stmt 1 view .LVU939
1604:Drivers/STM32L4xx_HAL_Driver/Src/stm32l4xx_hal_lptim.c **** 
 3141              		.loc 1 1604 3 view .LVU940
 3142 0004 0268     		ldr	r2, [r0]
 3143 0006 144B     		ldr	r3, .L169
 3144 0008 9A42     		cmp	r2, r3
 3145 000a 1ED0     		beq	.L168
1604:Drivers/STM32L4xx_HAL_Driver/Src/stm32l4xx_hal_lptim.c **** 
 3146              		.loc 1 1604 3 is_stmt 0 discriminator 2 view .LVU941
 3147 000c 134A     		ldr	r2, .L169+4
 3148 000e 136A     		ldr	r3, [r2, #32]
 3149 0010 23F00203 		bic	r3, r3, #2
 3150 0014 1362     		str	r3, [r2, #32]
 3151              	.L165:
1607:Drivers/STM32L4xx_HAL_Driver/Src/stm32l4xx_hal_lptim.c **** 
 3152              		.loc 1 1607 3 is_stmt 1 view .LVU942
1607:Drivers/STM32L4xx_HAL_Driver/Src/stm32l4xx_hal_lptim.c **** 
 3153              		.loc 1 1607 17 is_stmt 0 view .LVU943
 3154 0016 0223     		movs	r3, #2
 3155 0018 84F83630 		strb	r3, [r4, #54]
1610:Drivers/STM32L4xx_HAL_Driver/Src/stm32l4xx_hal_lptim.c **** 
 3156              		.loc 1 1610 3 is_stmt 1 view .LVU944
 3157 001c 2046     		mov	r0, r4
 3158              	.LVL180:
1610:Drivers/STM32L4xx_HAL_Driver/Src/stm32l4xx_hal_lptim.c **** 
ARM GAS  /tmp/ccCFMTgI.s 			page 126


 3159              		.loc 1 1610 3 is_stmt 0 view .LVU945
 3160 001e FFF7FEFF 		bl	LPTIM_Disable
 3161              	.LVL181:
1612:Drivers/STM32L4xx_HAL_Driver/Src/stm32l4xx_hal_lptim.c ****   {
 3162              		.loc 1 1612 3 is_stmt 1 view .LVU946
1612:Drivers/STM32L4xx_HAL_Driver/Src/stm32l4xx_hal_lptim.c ****   {
 3163              		.loc 1 1612 7 is_stmt 0 view .LVU947
 3164 0022 2046     		mov	r0, r4
 3165 0024 FFF7FEFF 		bl	HAL_LPTIM_GetState
 3166              	.LVL182:
1612:Drivers/STM32L4xx_HAL_Driver/Src/stm32l4xx_hal_lptim.c ****   {
 3167              		.loc 1 1612 6 discriminator 1 view .LVU948
 3168 0028 0328     		cmp	r0, #3
 3169 002a 0DD0     		beq	.L166
1618:Drivers/STM32L4xx_HAL_Driver/Src/stm32l4xx_hal_lptim.c **** 
 3170              		.loc 1 1618 3 is_stmt 1 view .LVU949
1618:Drivers/STM32L4xx_HAL_Driver/Src/stm32l4xx_hal_lptim.c **** 
 3171              		.loc 1 1618 9 is_stmt 0 view .LVU950
 3172 002c 2268     		ldr	r2, [r4]
1618:Drivers/STM32L4xx_HAL_Driver/Src/stm32l4xx_hal_lptim.c **** 
 3173              		.loc 1 1618 19 view .LVU951
 3174 002e D368     		ldr	r3, [r2, #12]
1618:Drivers/STM32L4xx_HAL_Driver/Src/stm32l4xx_hal_lptim.c **** 
 3175              		.loc 1 1618 26 view .LVU952
 3176 0030 23F40023 		bic	r3, r3, #524288
 3177 0034 D360     		str	r3, [r2, #12]
1621:Drivers/STM32L4xx_HAL_Driver/Src/stm32l4xx_hal_lptim.c **** 
 3178              		.loc 1 1621 3 is_stmt 1 view .LVU953
 3179 0036 2268     		ldr	r2, [r4]
 3180 0038 9368     		ldr	r3, [r2, #8]
 3181 003a 23F00103 		bic	r3, r3, #1
 3182 003e 9360     		str	r3, [r2, #8]
1624:Drivers/STM32L4xx_HAL_Driver/Src/stm32l4xx_hal_lptim.c **** 
 3183              		.loc 1 1624 3 view .LVU954
1624:Drivers/STM32L4xx_HAL_Driver/Src/stm32l4xx_hal_lptim.c **** 
 3184              		.loc 1 1624 17 is_stmt 0 view .LVU955
 3185 0040 0123     		movs	r3, #1
 3186 0042 84F83630 		strb	r3, [r4, #54]
1627:Drivers/STM32L4xx_HAL_Driver/Src/stm32l4xx_hal_lptim.c **** }
 3187              		.loc 1 1627 3 is_stmt 1 view .LVU956
1627:Drivers/STM32L4xx_HAL_Driver/Src/stm32l4xx_hal_lptim.c **** }
 3188              		.loc 1 1627 10 is_stmt 0 view .LVU957
 3189 0046 0020     		movs	r0, #0
 3190              	.L166:
1628:Drivers/STM32L4xx_HAL_Driver/Src/stm32l4xx_hal_lptim.c **** 
 3191              		.loc 1 1628 1 view .LVU958
 3192 0048 10BD     		pop	{r4, pc}
 3193              	.LVL183:
 3194              	.L168:
1604:Drivers/STM32L4xx_HAL_Driver/Src/stm32l4xx_hal_lptim.c **** 
 3195              		.loc 1 1604 3 discriminator 1 view .LVU959
 3196 004a 044A     		ldr	r2, .L169+4
 3197 004c 136A     		ldr	r3, [r2, #32]
 3198 004e 23F00103 		bic	r3, r3, #1
 3199 0052 1362     		str	r3, [r2, #32]
 3200 0054 DFE7     		b	.L165
 3201              	.L170:
ARM GAS  /tmp/ccCFMTgI.s 			page 127


 3202 0056 00BF     		.align	2
 3203              	.L169:
 3204 0058 007C0040 		.word	1073773568
 3205 005c 00040140 		.word	1073808384
 3206              		.cfi_endproc
 3207              	.LFE407:
 3209              		.section	.text.HAL_LPTIM_Counter_Stop,"ax",%progbits
 3210              		.align	1
 3211              		.global	HAL_LPTIM_Counter_Stop
 3212              		.syntax unified
 3213              		.thumb
 3214              		.thumb_func
 3216              	HAL_LPTIM_Counter_Stop:
 3217              	.LVL184:
 3218              	.LFB409:
1687:Drivers/STM32L4xx_HAL_Driver/Src/stm32l4xx_hal_lptim.c ****   /* Check the parameters */
 3219              		.loc 1 1687 1 is_stmt 1 view -0
 3220              		.cfi_startproc
 3221              		@ args = 0, pretend = 0, frame = 0
 3222              		@ frame_needed = 0, uses_anonymous_args = 0
1687:Drivers/STM32L4xx_HAL_Driver/Src/stm32l4xx_hal_lptim.c ****   /* Check the parameters */
 3223              		.loc 1 1687 1 is_stmt 0 view .LVU961
 3224 0000 10B5     		push	{r4, lr}
 3225              	.LCFI27:
 3226              		.cfi_def_cfa_offset 8
 3227              		.cfi_offset 4, -8
 3228              		.cfi_offset 14, -4
 3229 0002 0446     		mov	r4, r0
1689:Drivers/STM32L4xx_HAL_Driver/Src/stm32l4xx_hal_lptim.c **** 
 3230              		.loc 1 1689 3 is_stmt 1 view .LVU962
1692:Drivers/STM32L4xx_HAL_Driver/Src/stm32l4xx_hal_lptim.c **** 
 3231              		.loc 1 1692 3 view .LVU963
1692:Drivers/STM32L4xx_HAL_Driver/Src/stm32l4xx_hal_lptim.c **** 
 3232              		.loc 1 1692 17 is_stmt 0 view .LVU964
 3233 0004 0223     		movs	r3, #2
 3234 0006 80F83630 		strb	r3, [r0, #54]
1695:Drivers/STM32L4xx_HAL_Driver/Src/stm32l4xx_hal_lptim.c **** 
 3235              		.loc 1 1695 3 is_stmt 1 view .LVU965
 3236 000a FFF7FEFF 		bl	LPTIM_Disable
 3237              	.LVL185:
1697:Drivers/STM32L4xx_HAL_Driver/Src/stm32l4xx_hal_lptim.c ****   {
 3238              		.loc 1 1697 3 view .LVU966
1697:Drivers/STM32L4xx_HAL_Driver/Src/stm32l4xx_hal_lptim.c ****   {
 3239              		.loc 1 1697 7 is_stmt 0 view .LVU967
 3240 000e 2046     		mov	r0, r4
 3241 0010 FFF7FEFF 		bl	HAL_LPTIM_GetState
 3242              	.LVL186:
1697:Drivers/STM32L4xx_HAL_Driver/Src/stm32l4xx_hal_lptim.c ****   {
 3243              		.loc 1 1697 6 discriminator 1 view .LVU968
 3244 0014 0328     		cmp	r0, #3
 3245 0016 03D0     		beq	.L172
1703:Drivers/STM32L4xx_HAL_Driver/Src/stm32l4xx_hal_lptim.c **** 
 3246              		.loc 1 1703 3 is_stmt 1 view .LVU969
1703:Drivers/STM32L4xx_HAL_Driver/Src/stm32l4xx_hal_lptim.c **** 
 3247              		.loc 1 1703 17 is_stmt 0 view .LVU970
 3248 0018 0123     		movs	r3, #1
 3249 001a 84F83630 		strb	r3, [r4, #54]
ARM GAS  /tmp/ccCFMTgI.s 			page 128


1706:Drivers/STM32L4xx_HAL_Driver/Src/stm32l4xx_hal_lptim.c **** }
 3250              		.loc 1 1706 3 is_stmt 1 view .LVU971
1706:Drivers/STM32L4xx_HAL_Driver/Src/stm32l4xx_hal_lptim.c **** }
 3251              		.loc 1 1706 10 is_stmt 0 view .LVU972
 3252 001e 0020     		movs	r0, #0
 3253              	.L172:
1707:Drivers/STM32L4xx_HAL_Driver/Src/stm32l4xx_hal_lptim.c **** 
 3254              		.loc 1 1707 1 view .LVU973
 3255 0020 10BD     		pop	{r4, pc}
1707:Drivers/STM32L4xx_HAL_Driver/Src/stm32l4xx_hal_lptim.c **** 
 3256              		.loc 1 1707 1 view .LVU974
 3257              		.cfi_endproc
 3258              	.LFE409:
 3260              		.section	.text.HAL_LPTIM_Counter_Start_IT,"ax",%progbits
 3261              		.align	1
 3262              		.global	HAL_LPTIM_Counter_Start_IT
 3263              		.syntax unified
 3264              		.thumb
 3265              		.thumb_func
 3267              	HAL_LPTIM_Counter_Start_IT:
 3268              	.LVL187:
 3269              	.LFB410:
1717:Drivers/STM32L4xx_HAL_Driver/Src/stm32l4xx_hal_lptim.c ****   /* Check the parameters */
 3270              		.loc 1 1717 1 is_stmt 1 view -0
 3271              		.cfi_startproc
 3272              		@ args = 0, pretend = 0, frame = 0
 3273              		@ frame_needed = 0, uses_anonymous_args = 0
1717:Drivers/STM32L4xx_HAL_Driver/Src/stm32l4xx_hal_lptim.c ****   /* Check the parameters */
 3274              		.loc 1 1717 1 is_stmt 0 view .LVU976
 3275 0000 10B5     		push	{r4, lr}
 3276              	.LCFI28:
 3277              		.cfi_def_cfa_offset 8
 3278              		.cfi_offset 4, -8
 3279              		.cfi_offset 14, -4
 3280 0002 0446     		mov	r4, r0
 3281 0004 0B46     		mov	r3, r1
1719:Drivers/STM32L4xx_HAL_Driver/Src/stm32l4xx_hal_lptim.c ****   assert_param(IS_LPTIM_PERIOD(Period));
 3282              		.loc 1 1719 3 is_stmt 1 view .LVU977
1720:Drivers/STM32L4xx_HAL_Driver/Src/stm32l4xx_hal_lptim.c **** 
 3283              		.loc 1 1720 3 view .LVU978
1723:Drivers/STM32L4xx_HAL_Driver/Src/stm32l4xx_hal_lptim.c **** 
 3284              		.loc 1 1723 3 view .LVU979
1723:Drivers/STM32L4xx_HAL_Driver/Src/stm32l4xx_hal_lptim.c **** 
 3285              		.loc 1 1723 17 is_stmt 0 view .LVU980
 3286 0006 0222     		movs	r2, #2
 3287 0008 80F83620 		strb	r2, [r0, #54]
1726:Drivers/STM32L4xx_HAL_Driver/Src/stm32l4xx_hal_lptim.c **** 
 3288              		.loc 1 1726 3 is_stmt 1 view .LVU981
 3289 000c 0168     		ldr	r1, [r0]
 3290              	.LVL188:
1726:Drivers/STM32L4xx_HAL_Driver/Src/stm32l4xx_hal_lptim.c **** 
 3291              		.loc 1 1726 3 is_stmt 0 view .LVU982
 3292 000e 254A     		ldr	r2, .L182
 3293 0010 9142     		cmp	r1, r2
 3294 0012 3BD0     		beq	.L180
1726:Drivers/STM32L4xx_HAL_Driver/Src/stm32l4xx_hal_lptim.c **** 
 3295              		.loc 1 1726 3 discriminator 2 view .LVU983
ARM GAS  /tmp/ccCFMTgI.s 			page 129


 3296 0014 2449     		ldr	r1, .L182+4
 3297 0016 0A6A     		ldr	r2, [r1, #32]
 3298 0018 42F00202 		orr	r2, r2, #2
 3299 001c 0A62     		str	r2, [r1, #32]
 3300              	.L176:
1729:Drivers/STM32L4xx_HAL_Driver/Src/stm32l4xx_hal_lptim.c ****       && (hlptim->Init.CounterSource == LPTIM_COUNTERSOURCE_EXTERNAL))
 3301              		.loc 1 1729 3 is_stmt 1 view .LVU984
1729:Drivers/STM32L4xx_HAL_Driver/Src/stm32l4xx_hal_lptim.c ****       && (hlptim->Init.CounterSource == LPTIM_COUNTERSOURCE_EXTERNAL))
 3302              		.loc 1 1729 26 is_stmt 0 view .LVU985
 3303 001e 6268     		ldr	r2, [r4, #4]
1729:Drivers/STM32L4xx_HAL_Driver/Src/stm32l4xx_hal_lptim.c ****       && (hlptim->Init.CounterSource == LPTIM_COUNTERSOURCE_EXTERNAL))
 3304              		.loc 1 1729 6 view .LVU986
 3305 0020 012A     		cmp	r2, #1
 3306 0022 03D0     		beq	.L177
1730:Drivers/STM32L4xx_HAL_Driver/Src/stm32l4xx_hal_lptim.c ****   {
 3307              		.loc 1 1730 23 view .LVU987
 3308 0024 A26A     		ldr	r2, [r4, #40]
1730:Drivers/STM32L4xx_HAL_Driver/Src/stm32l4xx_hal_lptim.c ****   {
 3309              		.loc 1 1730 7 view .LVU988
 3310 0026 B2F5000F 		cmp	r2, #8388608
 3311 002a 35D0     		beq	.L181
 3312              	.L177:
1739:Drivers/STM32L4xx_HAL_Driver/Src/stm32l4xx_hal_lptim.c **** 
 3313              		.loc 1 1739 3 is_stmt 1 view .LVU989
 3314 002c 2168     		ldr	r1, [r4]
 3315 002e 0A69     		ldr	r2, [r1, #16]
 3316 0030 42F00102 		orr	r2, r2, #1
 3317 0034 0A61     		str	r2, [r1, #16]
1742:Drivers/STM32L4xx_HAL_Driver/Src/stm32l4xx_hal_lptim.c **** 
 3318              		.loc 1 1742 3 view .LVU990
 3319 0036 2268     		ldr	r2, [r4]
 3320 0038 1021     		movs	r1, #16
 3321 003a 5160     		str	r1, [r2, #4]
1745:Drivers/STM32L4xx_HAL_Driver/Src/stm32l4xx_hal_lptim.c **** 
 3322              		.loc 1 1745 3 view .LVU991
 3323 003c 2268     		ldr	r2, [r4]
 3324 003e 9361     		str	r3, [r2, #24]
1748:Drivers/STM32L4xx_HAL_Driver/Src/stm32l4xx_hal_lptim.c ****   {
 3325              		.loc 1 1748 3 view .LVU992
1748:Drivers/STM32L4xx_HAL_Driver/Src/stm32l4xx_hal_lptim.c ****   {
 3326              		.loc 1 1748 7 is_stmt 0 view .LVU993
 3327 0040 2046     		mov	r0, r4
 3328              	.LVL189:
1748:Drivers/STM32L4xx_HAL_Driver/Src/stm32l4xx_hal_lptim.c ****   {
 3329              		.loc 1 1748 7 view .LVU994
 3330 0042 FFF7FEFF 		bl	LPTIM_WaitForFlag
 3331              	.LVL190:
1748:Drivers/STM32L4xx_HAL_Driver/Src/stm32l4xx_hal_lptim.c ****   {
 3332              		.loc 1 1748 6 discriminator 1 view .LVU995
 3333 0046 0328     		cmp	r0, #3
 3334 0048 1FD0     		beq	.L178
1754:Drivers/STM32L4xx_HAL_Driver/Src/stm32l4xx_hal_lptim.c **** 
 3335              		.loc 1 1754 3 is_stmt 1 view .LVU996
 3336 004a 2046     		mov	r0, r4
 3337 004c FFF7FEFF 		bl	LPTIM_Disable
 3338              	.LVL191:
1756:Drivers/STM32L4xx_HAL_Driver/Src/stm32l4xx_hal_lptim.c ****   {
ARM GAS  /tmp/ccCFMTgI.s 			page 130


 3339              		.loc 1 1756 3 view .LVU997
1756:Drivers/STM32L4xx_HAL_Driver/Src/stm32l4xx_hal_lptim.c ****   {
 3340              		.loc 1 1756 7 is_stmt 0 view .LVU998
 3341 0050 2046     		mov	r0, r4
 3342 0052 FFF7FEFF 		bl	HAL_LPTIM_GetState
 3343              	.LVL192:
1756:Drivers/STM32L4xx_HAL_Driver/Src/stm32l4xx_hal_lptim.c ****   {
 3344              		.loc 1 1756 6 discriminator 1 view .LVU999
 3345 0056 0328     		cmp	r0, #3
 3346 0058 17D0     		beq	.L178
1762:Drivers/STM32L4xx_HAL_Driver/Src/stm32l4xx_hal_lptim.c **** 
 3347              		.loc 1 1762 3 is_stmt 1 view .LVU1000
 3348 005a 2268     		ldr	r2, [r4]
 3349 005c 9368     		ldr	r3, [r2, #8]
 3350 005e 43F01003 		orr	r3, r3, #16
 3351 0062 9360     		str	r3, [r2, #8]
1765:Drivers/STM32L4xx_HAL_Driver/Src/stm32l4xx_hal_lptim.c **** 
 3352              		.loc 1 1765 3 view .LVU1001
 3353 0064 2268     		ldr	r2, [r4]
 3354 0066 9368     		ldr	r3, [r2, #8]
 3355 0068 43F00203 		orr	r3, r3, #2
 3356 006c 9360     		str	r3, [r2, #8]
1776:Drivers/STM32L4xx_HAL_Driver/Src/stm32l4xx_hal_lptim.c **** 
 3357              		.loc 1 1776 3 view .LVU1002
 3358 006e 2268     		ldr	r2, [r4]
 3359 0070 1369     		ldr	r3, [r2, #16]
 3360 0072 43F00103 		orr	r3, r3, #1
 3361 0076 1361     		str	r3, [r2, #16]
1779:Drivers/STM32L4xx_HAL_Driver/Src/stm32l4xx_hal_lptim.c **** 
 3362              		.loc 1 1779 3 view .LVU1003
 3363 0078 2268     		ldr	r2, [r4]
 3364 007a 1369     		ldr	r3, [r2, #16]
 3365 007c 43F00403 		orr	r3, r3, #4
 3366 0080 1361     		str	r3, [r2, #16]
1782:Drivers/STM32L4xx_HAL_Driver/Src/stm32l4xx_hal_lptim.c **** 
 3367              		.loc 1 1782 3 view .LVU1004
1782:Drivers/STM32L4xx_HAL_Driver/Src/stm32l4xx_hal_lptim.c **** 
 3368              		.loc 1 1782 17 is_stmt 0 view .LVU1005
 3369 0082 0123     		movs	r3, #1
 3370 0084 84F83630 		strb	r3, [r4, #54]
1785:Drivers/STM32L4xx_HAL_Driver/Src/stm32l4xx_hal_lptim.c **** }
 3371              		.loc 1 1785 3 is_stmt 1 view .LVU1006
1785:Drivers/STM32L4xx_HAL_Driver/Src/stm32l4xx_hal_lptim.c **** }
 3372              		.loc 1 1785 10 is_stmt 0 view .LVU1007
 3373 0088 0020     		movs	r0, #0
 3374              	.L178:
1786:Drivers/STM32L4xx_HAL_Driver/Src/stm32l4xx_hal_lptim.c **** 
 3375              		.loc 1 1786 1 view .LVU1008
 3376 008a 10BD     		pop	{r4, pc}
 3377              	.LVL193:
 3378              	.L180:
1726:Drivers/STM32L4xx_HAL_Driver/Src/stm32l4xx_hal_lptim.c **** 
 3379              		.loc 1 1726 3 discriminator 1 view .LVU1009
 3380 008c 0649     		ldr	r1, .L182+4
 3381 008e 0A6A     		ldr	r2, [r1, #32]
 3382 0090 42F00102 		orr	r2, r2, #1
 3383 0094 0A62     		str	r2, [r1, #32]
ARM GAS  /tmp/ccCFMTgI.s 			page 131


 3384 0096 C2E7     		b	.L176
 3385              	.L181:
1733:Drivers/STM32L4xx_HAL_Driver/Src/stm32l4xx_hal_lptim.c ****     /* Set clock prescaler to 0 */
 3386              		.loc 1 1733 5 is_stmt 1 view .LVU1010
1735:Drivers/STM32L4xx_HAL_Driver/Src/stm32l4xx_hal_lptim.c ****   }
 3387              		.loc 1 1735 5 view .LVU1011
1735:Drivers/STM32L4xx_HAL_Driver/Src/stm32l4xx_hal_lptim.c ****   }
 3388              		.loc 1 1735 11 is_stmt 0 view .LVU1012
 3389 0098 2168     		ldr	r1, [r4]
1735:Drivers/STM32L4xx_HAL_Driver/Src/stm32l4xx_hal_lptim.c ****   }
 3390              		.loc 1 1735 21 view .LVU1013
 3391 009a CA68     		ldr	r2, [r1, #12]
1735:Drivers/STM32L4xx_HAL_Driver/Src/stm32l4xx_hal_lptim.c ****   }
 3392              		.loc 1 1735 28 view .LVU1014
 3393 009c 22F46062 		bic	r2, r2, #3584
 3394 00a0 CA60     		str	r2, [r1, #12]
 3395 00a2 C3E7     		b	.L177
 3396              	.L183:
 3397              		.align	2
 3398              	.L182:
 3399 00a4 007C0040 		.word	1073773568
 3400 00a8 00040140 		.word	1073808384
 3401              		.cfi_endproc
 3402              	.LFE410:
 3404              		.section	.text.HAL_LPTIM_Counter_Stop_IT,"ax",%progbits
 3405              		.align	1
 3406              		.global	HAL_LPTIM_Counter_Stop_IT
 3407              		.syntax unified
 3408              		.thumb
 3409              		.thumb_func
 3411              	HAL_LPTIM_Counter_Stop_IT:
 3412              	.LVL194:
 3413              	.LFB411:
1794:Drivers/STM32L4xx_HAL_Driver/Src/stm32l4xx_hal_lptim.c ****   /* Check the parameters */
 3414              		.loc 1 1794 1 is_stmt 1 view -0
 3415              		.cfi_startproc
 3416              		@ args = 0, pretend = 0, frame = 0
 3417              		@ frame_needed = 0, uses_anonymous_args = 0
1794:Drivers/STM32L4xx_HAL_Driver/Src/stm32l4xx_hal_lptim.c ****   /* Check the parameters */
 3418              		.loc 1 1794 1 is_stmt 0 view .LVU1016
 3419 0000 10B5     		push	{r4, lr}
 3420              	.LCFI29:
 3421              		.cfi_def_cfa_offset 8
 3422              		.cfi_offset 4, -8
 3423              		.cfi_offset 14, -4
 3424 0002 0446     		mov	r4, r0
1796:Drivers/STM32L4xx_HAL_Driver/Src/stm32l4xx_hal_lptim.c **** 
 3425              		.loc 1 1796 3 is_stmt 1 view .LVU1017
1800:Drivers/STM32L4xx_HAL_Driver/Src/stm32l4xx_hal_lptim.c **** 
 3426              		.loc 1 1800 3 view .LVU1018
 3427 0004 0268     		ldr	r2, [r0]
 3428 0006 144B     		ldr	r3, .L190
 3429 0008 9A42     		cmp	r2, r3
 3430 000a 1ED0     		beq	.L189
1800:Drivers/STM32L4xx_HAL_Driver/Src/stm32l4xx_hal_lptim.c **** 
 3431              		.loc 1 1800 3 is_stmt 0 discriminator 2 view .LVU1019
 3432 000c 134A     		ldr	r2, .L190+4
ARM GAS  /tmp/ccCFMTgI.s 			page 132


 3433 000e 136A     		ldr	r3, [r2, #32]
 3434 0010 23F00203 		bic	r3, r3, #2
 3435 0014 1362     		str	r3, [r2, #32]
 3436              	.L186:
1803:Drivers/STM32L4xx_HAL_Driver/Src/stm32l4xx_hal_lptim.c **** 
 3437              		.loc 1 1803 3 is_stmt 1 view .LVU1020
1803:Drivers/STM32L4xx_HAL_Driver/Src/stm32l4xx_hal_lptim.c **** 
 3438              		.loc 1 1803 17 is_stmt 0 view .LVU1021
 3439 0016 0223     		movs	r3, #2
 3440 0018 84F83630 		strb	r3, [r4, #54]
1806:Drivers/STM32L4xx_HAL_Driver/Src/stm32l4xx_hal_lptim.c **** 
 3441              		.loc 1 1806 3 is_stmt 1 view .LVU1022
 3442 001c 2046     		mov	r0, r4
 3443              	.LVL195:
1806:Drivers/STM32L4xx_HAL_Driver/Src/stm32l4xx_hal_lptim.c **** 
 3444              		.loc 1 1806 3 is_stmt 0 view .LVU1023
 3445 001e FFF7FEFF 		bl	LPTIM_Disable
 3446              	.LVL196:
1808:Drivers/STM32L4xx_HAL_Driver/Src/stm32l4xx_hal_lptim.c ****   {
 3447              		.loc 1 1808 3 is_stmt 1 view .LVU1024
1808:Drivers/STM32L4xx_HAL_Driver/Src/stm32l4xx_hal_lptim.c ****   {
 3448              		.loc 1 1808 7 is_stmt 0 view .LVU1025
 3449 0022 2046     		mov	r0, r4
 3450 0024 FFF7FEFF 		bl	HAL_LPTIM_GetState
 3451              	.LVL197:
1808:Drivers/STM32L4xx_HAL_Driver/Src/stm32l4xx_hal_lptim.c ****   {
 3452              		.loc 1 1808 6 discriminator 1 view .LVU1026
 3453 0028 0328     		cmp	r0, #3
 3454 002a 0DD0     		beq	.L187
1814:Drivers/STM32L4xx_HAL_Driver/Src/stm32l4xx_hal_lptim.c **** 
 3455              		.loc 1 1814 3 is_stmt 1 view .LVU1027
 3456 002c 2268     		ldr	r2, [r4]
 3457 002e 9368     		ldr	r3, [r2, #8]
 3458 0030 23F01003 		bic	r3, r3, #16
 3459 0034 9360     		str	r3, [r2, #8]
1817:Drivers/STM32L4xx_HAL_Driver/Src/stm32l4xx_hal_lptim.c **** #if defined(LPTIM_RCR_REP)
 3460              		.loc 1 1817 3 view .LVU1028
 3461 0036 2268     		ldr	r2, [r4]
 3462 0038 9368     		ldr	r3, [r2, #8]
 3463 003a 23F00203 		bic	r3, r3, #2
 3464 003e 9360     		str	r3, [r2, #8]
1827:Drivers/STM32L4xx_HAL_Driver/Src/stm32l4xx_hal_lptim.c **** 
 3465              		.loc 1 1827 3 view .LVU1029
1827:Drivers/STM32L4xx_HAL_Driver/Src/stm32l4xx_hal_lptim.c **** 
 3466              		.loc 1 1827 17 is_stmt 0 view .LVU1030
 3467 0040 0123     		movs	r3, #1
 3468 0042 84F83630 		strb	r3, [r4, #54]
1830:Drivers/STM32L4xx_HAL_Driver/Src/stm32l4xx_hal_lptim.c **** }
 3469              		.loc 1 1830 3 is_stmt 1 view .LVU1031
1830:Drivers/STM32L4xx_HAL_Driver/Src/stm32l4xx_hal_lptim.c **** }
 3470              		.loc 1 1830 10 is_stmt 0 view .LVU1032
 3471 0046 0020     		movs	r0, #0
 3472              	.L187:
1831:Drivers/STM32L4xx_HAL_Driver/Src/stm32l4xx_hal_lptim.c **** 
 3473              		.loc 1 1831 1 view .LVU1033
 3474 0048 10BD     		pop	{r4, pc}
 3475              	.LVL198:
ARM GAS  /tmp/ccCFMTgI.s 			page 133


 3476              	.L189:
1800:Drivers/STM32L4xx_HAL_Driver/Src/stm32l4xx_hal_lptim.c **** 
 3477              		.loc 1 1800 3 discriminator 1 view .LVU1034
 3478 004a 044A     		ldr	r2, .L190+4
 3479 004c 136A     		ldr	r3, [r2, #32]
 3480 004e 23F00103 		bic	r3, r3, #1
 3481 0052 1362     		str	r3, [r2, #32]
 3482 0054 DFE7     		b	.L186
 3483              	.L191:
 3484 0056 00BF     		.align	2
 3485              	.L190:
 3486 0058 007C0040 		.word	1073773568
 3487 005c 00040140 		.word	1073808384
 3488              		.cfi_endproc
 3489              	.LFE411:
 3491              		.text
 3492              	.Letext0:
 3493              		.file 3 "/usr/lib/gcc/arm-none-eabi/13.2.1/include/stdint.h"
 3494              		.file 4 "Drivers/CMSIS/Device/ST/STM32L4xx/Include/stm32l433xx.h"
 3495              		.file 5 "Drivers/CMSIS/Device/ST/STM32L4xx/Include/stm32l4xx.h"
 3496              		.file 6 "Drivers/STM32L4xx_HAL_Driver/Inc/stm32l4xx_hal_def.h"
 3497              		.file 7 "Drivers/STM32L4xx_HAL_Driver/Inc/stm32l4xx_hal_lptim.h"
 3498              		.file 8 "Drivers/CMSIS/Device/ST/STM32L4xx/Include/system_stm32l4xx.h"
 3499              		.file 9 "Drivers/STM32L4xx_HAL_Driver/Inc/stm32l4xx_ll_dma.h"
ARM GAS  /tmp/ccCFMTgI.s 			page 134


DEFINED SYMBOLS
                            *ABS*:00000000 stm32l4xx_hal_lptim.c
     /tmp/ccCFMTgI.s:21     .text.LPTIM_WaitForFlag:00000000 $t
     /tmp/ccCFMTgI.s:26     .text.LPTIM_WaitForFlag:00000000 LPTIM_WaitForFlag
     /tmp/ccCFMTgI.s:88     .text.LPTIM_WaitForFlag:00000034 $d
     /tmp/ccCFMTgI.s:94     .text.HAL_LPTIM_MspInit:00000000 $t
     /tmp/ccCFMTgI.s:100    .text.HAL_LPTIM_MspInit:00000000 HAL_LPTIM_MspInit
     /tmp/ccCFMTgI.s:115    .text.HAL_LPTIM_Init:00000000 $t
     /tmp/ccCFMTgI.s:121    .text.HAL_LPTIM_Init:00000000 HAL_LPTIM_Init
     /tmp/ccCFMTgI.s:354    .text.HAL_LPTIM_Init:000000b4 $d
     /tmp/ccCFMTgI.s:360    .text.HAL_LPTIM_MspDeInit:00000000 $t
     /tmp/ccCFMTgI.s:366    .text.HAL_LPTIM_MspDeInit:00000000 HAL_LPTIM_MspDeInit
     /tmp/ccCFMTgI.s:381    .text.HAL_LPTIM_PWM_Start:00000000 $t
     /tmp/ccCFMTgI.s:387    .text.HAL_LPTIM_PWM_Start:00000000 HAL_LPTIM_PWM_Start
     /tmp/ccCFMTgI.s:477    .text.HAL_LPTIM_OnePulse_Start:00000000 $t
     /tmp/ccCFMTgI.s:483    .text.HAL_LPTIM_OnePulse_Start:00000000 HAL_LPTIM_OnePulse_Start
     /tmp/ccCFMTgI.s:573    .text.HAL_LPTIM_SetOnce_Start:00000000 $t
     /tmp/ccCFMTgI.s:579    .text.HAL_LPTIM_SetOnce_Start:00000000 HAL_LPTIM_SetOnce_Start
     /tmp/ccCFMTgI.s:669    .text.HAL_LPTIM_Encoder_Start:00000000 $t
     /tmp/ccCFMTgI.s:675    .text.HAL_LPTIM_Encoder_Start:00000000 HAL_LPTIM_Encoder_Start
     /tmp/ccCFMTgI.s:770    .text.HAL_LPTIM_TimeOut_Start:00000000 $t
     /tmp/ccCFMTgI.s:776    .text.HAL_LPTIM_TimeOut_Start:00000000 HAL_LPTIM_TimeOut_Start
     /tmp/ccCFMTgI.s:866    .text.HAL_LPTIM_Counter_Start:00000000 $t
     /tmp/ccCFMTgI.s:872    .text.HAL_LPTIM_Counter_Start:00000000 HAL_LPTIM_Counter_Start
     /tmp/ccCFMTgI.s:960    .text.HAL_LPTIM_ReadCounter:00000000 $t
     /tmp/ccCFMTgI.s:966    .text.HAL_LPTIM_ReadCounter:00000000 HAL_LPTIM_ReadCounter
     /tmp/ccCFMTgI.s:987    .text.HAL_LPTIM_ReadAutoReload:00000000 $t
     /tmp/ccCFMTgI.s:993    .text.HAL_LPTIM_ReadAutoReload:00000000 HAL_LPTIM_ReadAutoReload
     /tmp/ccCFMTgI.s:1014   .text.HAL_LPTIM_ReadCapturedValue:00000000 $t
     /tmp/ccCFMTgI.s:1020   .text.HAL_LPTIM_ReadCapturedValue:00000000 HAL_LPTIM_ReadCapturedValue
     /tmp/ccCFMTgI.s:1041   .text.HAL_LPTIM_CompareMatchCallback:00000000 $t
     /tmp/ccCFMTgI.s:1047   .text.HAL_LPTIM_CompareMatchCallback:00000000 HAL_LPTIM_CompareMatchCallback
     /tmp/ccCFMTgI.s:1062   .text.HAL_LPTIM_AutoReloadMatchCallback:00000000 $t
     /tmp/ccCFMTgI.s:1068   .text.HAL_LPTIM_AutoReloadMatchCallback:00000000 HAL_LPTIM_AutoReloadMatchCallback
     /tmp/ccCFMTgI.s:1083   .text.HAL_LPTIM_TriggerCallback:00000000 $t
     /tmp/ccCFMTgI.s:1089   .text.HAL_LPTIM_TriggerCallback:00000000 HAL_LPTIM_TriggerCallback
     /tmp/ccCFMTgI.s:1104   .text.HAL_LPTIM_CompareWriteCallback:00000000 $t
     /tmp/ccCFMTgI.s:1110   .text.HAL_LPTIM_CompareWriteCallback:00000000 HAL_LPTIM_CompareWriteCallback
     /tmp/ccCFMTgI.s:1125   .text.HAL_LPTIM_AutoReloadWriteCallback:00000000 $t
     /tmp/ccCFMTgI.s:1131   .text.HAL_LPTIM_AutoReloadWriteCallback:00000000 HAL_LPTIM_AutoReloadWriteCallback
     /tmp/ccCFMTgI.s:1146   .text.HAL_LPTIM_DirectionUpCallback:00000000 $t
     /tmp/ccCFMTgI.s:1152   .text.HAL_LPTIM_DirectionUpCallback:00000000 HAL_LPTIM_DirectionUpCallback
     /tmp/ccCFMTgI.s:1167   .text.HAL_LPTIM_DirectionDownCallback:00000000 $t
     /tmp/ccCFMTgI.s:1173   .text.HAL_LPTIM_DirectionDownCallback:00000000 HAL_LPTIM_DirectionDownCallback
     /tmp/ccCFMTgI.s:1188   .text.HAL_LPTIM_IRQHandler:00000000 $t
     /tmp/ccCFMTgI.s:1194   .text.HAL_LPTIM_IRQHandler:00000000 HAL_LPTIM_IRQHandler
     /tmp/ccCFMTgI.s:1378   .text.HAL_LPTIM_GetState:00000000 $t
     /tmp/ccCFMTgI.s:1384   .text.HAL_LPTIM_GetState:00000000 HAL_LPTIM_GetState
     /tmp/ccCFMTgI.s:1402   .text.LPTIM_Disable:00000000 $t
     /tmp/ccCFMTgI.s:1408   .text.LPTIM_Disable:00000000 LPTIM_Disable
     /tmp/ccCFMTgI.s:1742   .text.LPTIM_Disable:00000168 $d
     /tmp/ccCFMTgI.s:1748   .text.HAL_LPTIM_DeInit:00000000 $t
     /tmp/ccCFMTgI.s:1754   .text.HAL_LPTIM_DeInit:00000000 HAL_LPTIM_DeInit
     /tmp/ccCFMTgI.s:1817   .text.HAL_LPTIM_PWM_Stop:00000000 $t
     /tmp/ccCFMTgI.s:1823   .text.HAL_LPTIM_PWM_Stop:00000000 HAL_LPTIM_PWM_Stop
     /tmp/ccCFMTgI.s:1868   .text.HAL_LPTIM_PWM_Start_IT:00000000 $t
     /tmp/ccCFMTgI.s:1874   .text.HAL_LPTIM_PWM_Start_IT:00000000 HAL_LPTIM_PWM_Start_IT
ARM GAS  /tmp/ccCFMTgI.s 			page 135


     /tmp/ccCFMTgI.s:2014   .text.HAL_LPTIM_PWM_Stop_IT:00000000 $t
     /tmp/ccCFMTgI.s:2020   .text.HAL_LPTIM_PWM_Stop_IT:00000000 HAL_LPTIM_PWM_Stop_IT
     /tmp/ccCFMTgI.s:2098   .text.HAL_LPTIM_OnePulse_Stop:00000000 $t
     /tmp/ccCFMTgI.s:2104   .text.HAL_LPTIM_OnePulse_Stop:00000000 HAL_LPTIM_OnePulse_Stop
     /tmp/ccCFMTgI.s:2149   .text.HAL_LPTIM_OnePulse_Start_IT:00000000 $t
     /tmp/ccCFMTgI.s:2155   .text.HAL_LPTIM_OnePulse_Start_IT:00000000 HAL_LPTIM_OnePulse_Start_IT
     /tmp/ccCFMTgI.s:2295   .text.HAL_LPTIM_OnePulse_Stop_IT:00000000 $t
     /tmp/ccCFMTgI.s:2301   .text.HAL_LPTIM_OnePulse_Stop_IT:00000000 HAL_LPTIM_OnePulse_Stop_IT
     /tmp/ccCFMTgI.s:2379   .text.HAL_LPTIM_SetOnce_Stop:00000000 $t
     /tmp/ccCFMTgI.s:2385   .text.HAL_LPTIM_SetOnce_Stop:00000000 HAL_LPTIM_SetOnce_Stop
     /tmp/ccCFMTgI.s:2430   .text.HAL_LPTIM_SetOnce_Start_IT:00000000 $t
     /tmp/ccCFMTgI.s:2436   .text.HAL_LPTIM_SetOnce_Start_IT:00000000 HAL_LPTIM_SetOnce_Start_IT
     /tmp/ccCFMTgI.s:2576   .text.HAL_LPTIM_SetOnce_Stop_IT:00000000 $t
     /tmp/ccCFMTgI.s:2582   .text.HAL_LPTIM_SetOnce_Stop_IT:00000000 HAL_LPTIM_SetOnce_Stop_IT
     /tmp/ccCFMTgI.s:2660   .text.HAL_LPTIM_Encoder_Stop:00000000 $t
     /tmp/ccCFMTgI.s:2666   .text.HAL_LPTIM_Encoder_Stop:00000000 HAL_LPTIM_Encoder_Stop
     /tmp/ccCFMTgI.s:2719   .text.HAL_LPTIM_Encoder_Start_IT:00000000 $t
     /tmp/ccCFMTgI.s:2725   .text.HAL_LPTIM_Encoder_Start_IT:00000000 HAL_LPTIM_Encoder_Start_IT
     /tmp/ccCFMTgI.s:2847   .text.HAL_LPTIM_Encoder_Stop_IT:00000000 $t
     /tmp/ccCFMTgI.s:2853   .text.HAL_LPTIM_Encoder_Stop_IT:00000000 HAL_LPTIM_Encoder_Stop_IT
     /tmp/ccCFMTgI.s:2916   .text.HAL_LPTIM_TimeOut_Stop:00000000 $t
     /tmp/ccCFMTgI.s:2922   .text.HAL_LPTIM_TimeOut_Stop:00000000 HAL_LPTIM_TimeOut_Stop
     /tmp/ccCFMTgI.s:2975   .text.HAL_LPTIM_TimeOut_Start_IT:00000000 $t
     /tmp/ccCFMTgI.s:2981   .text.HAL_LPTIM_TimeOut_Start_IT:00000000 HAL_LPTIM_TimeOut_Start_IT
     /tmp/ccCFMTgI.s:3114   .text.HAL_LPTIM_TimeOut_Start_IT:000000a0 $d
     /tmp/ccCFMTgI.s:3120   .text.HAL_LPTIM_TimeOut_Stop_IT:00000000 $t
     /tmp/ccCFMTgI.s:3126   .text.HAL_LPTIM_TimeOut_Stop_IT:00000000 HAL_LPTIM_TimeOut_Stop_IT
     /tmp/ccCFMTgI.s:3204   .text.HAL_LPTIM_TimeOut_Stop_IT:00000058 $d
     /tmp/ccCFMTgI.s:3210   .text.HAL_LPTIM_Counter_Stop:00000000 $t
     /tmp/ccCFMTgI.s:3216   .text.HAL_LPTIM_Counter_Stop:00000000 HAL_LPTIM_Counter_Stop
     /tmp/ccCFMTgI.s:3261   .text.HAL_LPTIM_Counter_Start_IT:00000000 $t
     /tmp/ccCFMTgI.s:3267   .text.HAL_LPTIM_Counter_Start_IT:00000000 HAL_LPTIM_Counter_Start_IT
     /tmp/ccCFMTgI.s:3399   .text.HAL_LPTIM_Counter_Start_IT:000000a4 $d
     /tmp/ccCFMTgI.s:3405   .text.HAL_LPTIM_Counter_Stop_IT:00000000 $t
     /tmp/ccCFMTgI.s:3411   .text.HAL_LPTIM_Counter_Stop_IT:00000000 HAL_LPTIM_Counter_Stop_IT
     /tmp/ccCFMTgI.s:3486   .text.HAL_LPTIM_Counter_Stop_IT:00000058 $d

UNDEFINED SYMBOLS
SystemCoreClock
