ARM GAS  /tmp/cc1jHbzH.s 			page 1


   1              		.cpu cortex-m4
   2              		.arch armv7e-m
   3              		.fpu fpv4-sp-d16
   4              		.eabi_attribute 27, 1
   5              		.eabi_attribute 28, 1
   6              		.eabi_attribute 20, 1
   7              		.eabi_attribute 21, 1
   8              		.eabi_attribute 23, 3
   9              		.eabi_attribute 24, 1
  10              		.eabi_attribute 25, 1
  11              		.eabi_attribute 26, 1
  12              		.eabi_attribute 30, 1
  13              		.eabi_attribute 34, 1
  14              		.eabi_attribute 18, 4
  15              		.file	"stm32l4xx_hal_rtc_ex.c"
  16              		.text
  17              	.Ltext0:
  18              		.cfi_sections	.debug_frame
  19              		.file 1 "Drivers/STM32L4xx_HAL_Driver/Src/stm32l4xx_hal_rtc_ex.c"
  20              		.section	.text.HAL_RTCEx_SetTimeStamp,"ax",%progbits
  21              		.align	1
  22              		.global	HAL_RTCEx_SetTimeStamp
  23              		.syntax unified
  24              		.thumb
  25              		.thumb_func
  27              	HAL_RTCEx_SetTimeStamp:
  28              	.LVL0:
  29              	.LFB384:
   1:Drivers/STM32L4xx_HAL_Driver/Src/stm32l4xx_hal_rtc_ex.c **** /**
   2:Drivers/STM32L4xx_HAL_Driver/Src/stm32l4xx_hal_rtc_ex.c ****   ******************************************************************************
   3:Drivers/STM32L4xx_HAL_Driver/Src/stm32l4xx_hal_rtc_ex.c ****   * @file    stm32l4xx_hal_rtc_ex.c
   4:Drivers/STM32L4xx_HAL_Driver/Src/stm32l4xx_hal_rtc_ex.c ****   * @author  MCD Application Team
   5:Drivers/STM32L4xx_HAL_Driver/Src/stm32l4xx_hal_rtc_ex.c ****   * @brief   Extended RTC HAL module driver.
   6:Drivers/STM32L4xx_HAL_Driver/Src/stm32l4xx_hal_rtc_ex.c ****   *          This file provides firmware functions to manage the following
   7:Drivers/STM32L4xx_HAL_Driver/Src/stm32l4xx_hal_rtc_ex.c ****   *          functionalities of the Real Time Clock (RTC) Extended peripheral:
   8:Drivers/STM32L4xx_HAL_Driver/Src/stm32l4xx_hal_rtc_ex.c ****   *           + RTC Time Stamp functions
   9:Drivers/STM32L4xx_HAL_Driver/Src/stm32l4xx_hal_rtc_ex.c ****   *           + RTC Tamper functions
  10:Drivers/STM32L4xx_HAL_Driver/Src/stm32l4xx_hal_rtc_ex.c ****   *           + RTC Wake-up functions
  11:Drivers/STM32L4xx_HAL_Driver/Src/stm32l4xx_hal_rtc_ex.c ****   *           + Extended Control functions
  12:Drivers/STM32L4xx_HAL_Driver/Src/stm32l4xx_hal_rtc_ex.c ****   *           + Extended RTC features functions
  13:Drivers/STM32L4xx_HAL_Driver/Src/stm32l4xx_hal_rtc_ex.c ****   *
  14:Drivers/STM32L4xx_HAL_Driver/Src/stm32l4xx_hal_rtc_ex.c ****   ******************************************************************************
  15:Drivers/STM32L4xx_HAL_Driver/Src/stm32l4xx_hal_rtc_ex.c ****   * @attention
  16:Drivers/STM32L4xx_HAL_Driver/Src/stm32l4xx_hal_rtc_ex.c ****   *
  17:Drivers/STM32L4xx_HAL_Driver/Src/stm32l4xx_hal_rtc_ex.c ****   * Copyright (c) 2017 STMicroelectronics.
  18:Drivers/STM32L4xx_HAL_Driver/Src/stm32l4xx_hal_rtc_ex.c ****   * All rights reserved.
  19:Drivers/STM32L4xx_HAL_Driver/Src/stm32l4xx_hal_rtc_ex.c ****   *
  20:Drivers/STM32L4xx_HAL_Driver/Src/stm32l4xx_hal_rtc_ex.c ****   * This software is licensed under terms that can be found in the LICENSE file
  21:Drivers/STM32L4xx_HAL_Driver/Src/stm32l4xx_hal_rtc_ex.c ****   * in the root directory of this software component.
  22:Drivers/STM32L4xx_HAL_Driver/Src/stm32l4xx_hal_rtc_ex.c ****   * If no LICENSE file comes with this software, it is provided AS-IS.
  23:Drivers/STM32L4xx_HAL_Driver/Src/stm32l4xx_hal_rtc_ex.c ****   *
  24:Drivers/STM32L4xx_HAL_Driver/Src/stm32l4xx_hal_rtc_ex.c ****   ******************************************************************************
  25:Drivers/STM32L4xx_HAL_Driver/Src/stm32l4xx_hal_rtc_ex.c ****   @verbatim
  26:Drivers/STM32L4xx_HAL_Driver/Src/stm32l4xx_hal_rtc_ex.c ****   ==============================================================================
  27:Drivers/STM32L4xx_HAL_Driver/Src/stm32l4xx_hal_rtc_ex.c ****                   ##### How to use this driver #####
  28:Drivers/STM32L4xx_HAL_Driver/Src/stm32l4xx_hal_rtc_ex.c ****   ==============================================================================
  29:Drivers/STM32L4xx_HAL_Driver/Src/stm32l4xx_hal_rtc_ex.c ****   [..]
ARM GAS  /tmp/cc1jHbzH.s 			page 2


  30:Drivers/STM32L4xx_HAL_Driver/Src/stm32l4xx_hal_rtc_ex.c ****     (+) Enable the RTC domain access.
  31:Drivers/STM32L4xx_HAL_Driver/Src/stm32l4xx_hal_rtc_ex.c ****     (+) Configure the RTC Prescaler (Asynchronous and Synchronous) and RTC hour
  32:Drivers/STM32L4xx_HAL_Driver/Src/stm32l4xx_hal_rtc_ex.c ****         format using the HAL_RTC_Init() function.
  33:Drivers/STM32L4xx_HAL_Driver/Src/stm32l4xx_hal_rtc_ex.c **** 
  34:Drivers/STM32L4xx_HAL_Driver/Src/stm32l4xx_hal_rtc_ex.c ****   *** RTC Wakeup configuration ***
  35:Drivers/STM32L4xx_HAL_Driver/Src/stm32l4xx_hal_rtc_ex.c ****   ================================
  36:Drivers/STM32L4xx_HAL_Driver/Src/stm32l4xx_hal_rtc_ex.c ****   [..]
  37:Drivers/STM32L4xx_HAL_Driver/Src/stm32l4xx_hal_rtc_ex.c ****     (+) To configure the RTC Wakeup Clock source and Counter use the HAL_RTCEx_SetWakeUpTimer()
  38:Drivers/STM32L4xx_HAL_Driver/Src/stm32l4xx_hal_rtc_ex.c ****         function. You can also configure the RTC Wakeup timer with interrupt mode
  39:Drivers/STM32L4xx_HAL_Driver/Src/stm32l4xx_hal_rtc_ex.c ****         using the HAL_RTCEx_SetWakeUpTimer_IT() function.
  40:Drivers/STM32L4xx_HAL_Driver/Src/stm32l4xx_hal_rtc_ex.c ****     (+) To read the RTC WakeUp Counter register, use the HAL_RTCEx_GetWakeUpTimer()
  41:Drivers/STM32L4xx_HAL_Driver/Src/stm32l4xx_hal_rtc_ex.c ****         function.
  42:Drivers/STM32L4xx_HAL_Driver/Src/stm32l4xx_hal_rtc_ex.c **** 
  43:Drivers/STM32L4xx_HAL_Driver/Src/stm32l4xx_hal_rtc_ex.c ****   *** Outputs configuration ***
  44:Drivers/STM32L4xx_HAL_Driver/Src/stm32l4xx_hal_rtc_ex.c ****   =============================
  45:Drivers/STM32L4xx_HAL_Driver/Src/stm32l4xx_hal_rtc_ex.c ****   [..]  The RTC has 2 different outputs:
  46:Drivers/STM32L4xx_HAL_Driver/Src/stm32l4xx_hal_rtc_ex.c ****     (+) RTC_ALARM: this output is used to manage the RTC Alarm A, Alarm B
  47:Drivers/STM32L4xx_HAL_Driver/Src/stm32l4xx_hal_rtc_ex.c ****         and WaKeUp signals.
  48:Drivers/STM32L4xx_HAL_Driver/Src/stm32l4xx_hal_rtc_ex.c ****         To output the selected RTC signal, use the HAL_RTC_Init() function.
  49:Drivers/STM32L4xx_HAL_Driver/Src/stm32l4xx_hal_rtc_ex.c ****     (+) RTC_CALIB: this output is 512Hz signal or 1Hz.
  50:Drivers/STM32L4xx_HAL_Driver/Src/stm32l4xx_hal_rtc_ex.c ****         To enable the RTC_CALIB, use the HAL_RTCEx_SetCalibrationOutPut() function.
  51:Drivers/STM32L4xx_HAL_Driver/Src/stm32l4xx_hal_rtc_ex.c ****     (+) Two pins can be used as RTC_ALARM or RTC_CALIB (PC13, PB2) managed on
  52:Drivers/STM32L4xx_HAL_Driver/Src/stm32l4xx_hal_rtc_ex.c ****         the RTC_OR register.
  53:Drivers/STM32L4xx_HAL_Driver/Src/stm32l4xx_hal_rtc_ex.c ****     (+) When the RTC_CALIB or RTC_ALARM output is selected, the RTC_OUT pin is
  54:Drivers/STM32L4xx_HAL_Driver/Src/stm32l4xx_hal_rtc_ex.c ****         automatically configured in output alternate function.
  55:Drivers/STM32L4xx_HAL_Driver/Src/stm32l4xx_hal_rtc_ex.c **** 
  56:Drivers/STM32L4xx_HAL_Driver/Src/stm32l4xx_hal_rtc_ex.c ****   *** Smooth digital Calibration configuration ***
  57:Drivers/STM32L4xx_HAL_Driver/Src/stm32l4xx_hal_rtc_ex.c ****   ================================================
  58:Drivers/STM32L4xx_HAL_Driver/Src/stm32l4xx_hal_rtc_ex.c ****   [..]
  59:Drivers/STM32L4xx_HAL_Driver/Src/stm32l4xx_hal_rtc_ex.c ****     (+) Configure the RTC Original Digital Calibration Value and the corresponding
  60:Drivers/STM32L4xx_HAL_Driver/Src/stm32l4xx_hal_rtc_ex.c ****         calibration cycle period (32s,16s and 8s) using the HAL_RTCEx_SetSmoothCalib()
  61:Drivers/STM32L4xx_HAL_Driver/Src/stm32l4xx_hal_rtc_ex.c ****         function.
  62:Drivers/STM32L4xx_HAL_Driver/Src/stm32l4xx_hal_rtc_ex.c **** 
  63:Drivers/STM32L4xx_HAL_Driver/Src/stm32l4xx_hal_rtc_ex.c ****   *** TimeStamp configuration ***
  64:Drivers/STM32L4xx_HAL_Driver/Src/stm32l4xx_hal_rtc_ex.c ****   ===============================
  65:Drivers/STM32L4xx_HAL_Driver/Src/stm32l4xx_hal_rtc_ex.c ****   [..]
  66:Drivers/STM32L4xx_HAL_Driver/Src/stm32l4xx_hal_rtc_ex.c ****     (+) Enable the RTC TimeStamp using the HAL_RTCEx_SetTimeStamp() function.
  67:Drivers/STM32L4xx_HAL_Driver/Src/stm32l4xx_hal_rtc_ex.c ****         You can also configure the RTC TimeStamp with interrupt mode using the
  68:Drivers/STM32L4xx_HAL_Driver/Src/stm32l4xx_hal_rtc_ex.c ****         HAL_RTCEx_SetTimeStamp_IT() function.
  69:Drivers/STM32L4xx_HAL_Driver/Src/stm32l4xx_hal_rtc_ex.c ****     (+) To read the RTC TimeStamp Time and Date register, use the HAL_RTCEx_GetTimeStamp()
  70:Drivers/STM32L4xx_HAL_Driver/Src/stm32l4xx_hal_rtc_ex.c ****         function.
  71:Drivers/STM32L4xx_HAL_Driver/Src/stm32l4xx_hal_rtc_ex.c **** 
  72:Drivers/STM32L4xx_HAL_Driver/Src/stm32l4xx_hal_rtc_ex.c ****   *** Internal TimeStamp configuration ***
  73:Drivers/STM32L4xx_HAL_Driver/Src/stm32l4xx_hal_rtc_ex.c ****   ===============================
  74:Drivers/STM32L4xx_HAL_Driver/Src/stm32l4xx_hal_rtc_ex.c ****   [..]
  75:Drivers/STM32L4xx_HAL_Driver/Src/stm32l4xx_hal_rtc_ex.c ****     (+) Enable the RTC internal TimeStamp using the HAL_RTCEx_SetInternalTimeStamp() function.
  76:Drivers/STM32L4xx_HAL_Driver/Src/stm32l4xx_hal_rtc_ex.c ****         User has to check internal timestamp occurrence using __HAL_RTC_INTERNAL_TIMESTAMP_GET_FLAG
  77:Drivers/STM32L4xx_HAL_Driver/Src/stm32l4xx_hal_rtc_ex.c ****     (+) To read the RTC TimeStamp Time and Date register, use the HAL_RTCEx_GetTimeStamp()
  78:Drivers/STM32L4xx_HAL_Driver/Src/stm32l4xx_hal_rtc_ex.c ****         function.
  79:Drivers/STM32L4xx_HAL_Driver/Src/stm32l4xx_hal_rtc_ex.c **** 
  80:Drivers/STM32L4xx_HAL_Driver/Src/stm32l4xx_hal_rtc_ex.c ****    *** Tamper configuration ***
  81:Drivers/STM32L4xx_HAL_Driver/Src/stm32l4xx_hal_rtc_ex.c ****    ============================
  82:Drivers/STM32L4xx_HAL_Driver/Src/stm32l4xx_hal_rtc_ex.c ****    [..]
  83:Drivers/STM32L4xx_HAL_Driver/Src/stm32l4xx_hal_rtc_ex.c ****      (+) Enable the RTC Tamper and configure the Tamper filter count, trigger Edge
  84:Drivers/STM32L4xx_HAL_Driver/Src/stm32l4xx_hal_rtc_ex.c ****          or Level according to the Tamper filter (if equal to 0 Edge else Level)
  85:Drivers/STM32L4xx_HAL_Driver/Src/stm32l4xx_hal_rtc_ex.c ****          value, sampling frequency, NoErase, MaskFlag,  precharge or discharge and
  86:Drivers/STM32L4xx_HAL_Driver/Src/stm32l4xx_hal_rtc_ex.c ****          Pull-UP using the HAL_RTCEx_SetTamper() function. You can configure RTC Tamper
ARM GAS  /tmp/cc1jHbzH.s 			page 3


  87:Drivers/STM32L4xx_HAL_Driver/Src/stm32l4xx_hal_rtc_ex.c ****          with interrupt mode using HAL_RTCEx_SetTamper_IT() function.
  88:Drivers/STM32L4xx_HAL_Driver/Src/stm32l4xx_hal_rtc_ex.c ****      (+) The default configuration of the Tamper erases the backup registers. To avoid
  89:Drivers/STM32L4xx_HAL_Driver/Src/stm32l4xx_hal_rtc_ex.c ****          erase, enable the NoErase field on the RTC_TAMPCR register.
  90:Drivers/STM32L4xx_HAL_Driver/Src/stm32l4xx_hal_rtc_ex.c ****      (+) STM32L412xx and STM32L422xx only : With new RTC tamper configuration, you have to call HAL
  91:Drivers/STM32L4xx_HAL_Driver/Src/stm32l4xx_hal_rtc_ex.c ****          perform TAMP base address offset calculation.
  92:Drivers/STM32L4xx_HAL_Driver/Src/stm32l4xx_hal_rtc_ex.c ****      (+) STM32L412xx and STM32L422xx only : If you don't intend to have tamper using RTC clock, you
  93:Drivers/STM32L4xx_HAL_Driver/Src/stm32l4xx_hal_rtc_ex.c ****          by setting ClockEnable inti field to RTC_CLOCK_DISABLE.
  94:Drivers/STM32L4xx_HAL_Driver/Src/stm32l4xx_hal_rtc_ex.c ****      (+) STM32L412xx and STM32L422xx only : Enable Internal tamper using HAL_RTCEx_SetInternalTampe
  95:Drivers/STM32L4xx_HAL_Driver/Src/stm32l4xx_hal_rtc_ex.c ****          setting Interrupt field.
  96:Drivers/STM32L4xx_HAL_Driver/Src/stm32l4xx_hal_rtc_ex.c **** 
  97:Drivers/STM32L4xx_HAL_Driver/Src/stm32l4xx_hal_rtc_ex.c ****    *** Backup Data Registers configuration ***
  98:Drivers/STM32L4xx_HAL_Driver/Src/stm32l4xx_hal_rtc_ex.c ****    ===========================================
  99:Drivers/STM32L4xx_HAL_Driver/Src/stm32l4xx_hal_rtc_ex.c ****    [..]
 100:Drivers/STM32L4xx_HAL_Driver/Src/stm32l4xx_hal_rtc_ex.c ****      (+) To write to the RTC Backup Data registers, use the HAL_RTCEx_BKUPWrite()
 101:Drivers/STM32L4xx_HAL_Driver/Src/stm32l4xx_hal_rtc_ex.c ****          function.
 102:Drivers/STM32L4xx_HAL_Driver/Src/stm32l4xx_hal_rtc_ex.c ****      (+) To read the RTC Backup Data registers, use the HAL_RTCEx_BKUPRead()
 103:Drivers/STM32L4xx_HAL_Driver/Src/stm32l4xx_hal_rtc_ex.c ****          function.
 104:Drivers/STM32L4xx_HAL_Driver/Src/stm32l4xx_hal_rtc_ex.c ****      (+) STM32L412xx and STM32L422xx only : Before calling these functions you have to call HAL_RTC
 105:Drivers/STM32L4xx_HAL_Driver/Src/stm32l4xx_hal_rtc_ex.c ****          perform TAMP base address offset calculation.
 106:Drivers/STM32L4xx_HAL_Driver/Src/stm32l4xx_hal_rtc_ex.c **** 
 107:Drivers/STM32L4xx_HAL_Driver/Src/stm32l4xx_hal_rtc_ex.c ****   @endverbatim
 108:Drivers/STM32L4xx_HAL_Driver/Src/stm32l4xx_hal_rtc_ex.c ****   ******************************************************************************
 109:Drivers/STM32L4xx_HAL_Driver/Src/stm32l4xx_hal_rtc_ex.c ****   */
 110:Drivers/STM32L4xx_HAL_Driver/Src/stm32l4xx_hal_rtc_ex.c **** 
 111:Drivers/STM32L4xx_HAL_Driver/Src/stm32l4xx_hal_rtc_ex.c **** /* Includes ------------------------------------------------------------------*/
 112:Drivers/STM32L4xx_HAL_Driver/Src/stm32l4xx_hal_rtc_ex.c **** #include "stm32l4xx_hal.h"
 113:Drivers/STM32L4xx_HAL_Driver/Src/stm32l4xx_hal_rtc_ex.c **** 
 114:Drivers/STM32L4xx_HAL_Driver/Src/stm32l4xx_hal_rtc_ex.c **** /** @addtogroup STM32L4xx_HAL_Driver
 115:Drivers/STM32L4xx_HAL_Driver/Src/stm32l4xx_hal_rtc_ex.c ****   * @{
 116:Drivers/STM32L4xx_HAL_Driver/Src/stm32l4xx_hal_rtc_ex.c ****   */
 117:Drivers/STM32L4xx_HAL_Driver/Src/stm32l4xx_hal_rtc_ex.c **** 
 118:Drivers/STM32L4xx_HAL_Driver/Src/stm32l4xx_hal_rtc_ex.c **** /** @addtogroup RTCEx
 119:Drivers/STM32L4xx_HAL_Driver/Src/stm32l4xx_hal_rtc_ex.c ****   * @brief RTC Extended HAL module driver
 120:Drivers/STM32L4xx_HAL_Driver/Src/stm32l4xx_hal_rtc_ex.c ****   * @{
 121:Drivers/STM32L4xx_HAL_Driver/Src/stm32l4xx_hal_rtc_ex.c ****   */
 122:Drivers/STM32L4xx_HAL_Driver/Src/stm32l4xx_hal_rtc_ex.c **** 
 123:Drivers/STM32L4xx_HAL_Driver/Src/stm32l4xx_hal_rtc_ex.c **** #ifdef HAL_RTC_MODULE_ENABLED
 124:Drivers/STM32L4xx_HAL_Driver/Src/stm32l4xx_hal_rtc_ex.c **** 
 125:Drivers/STM32L4xx_HAL_Driver/Src/stm32l4xx_hal_rtc_ex.c **** /* Private typedef -----------------------------------------------------------*/
 126:Drivers/STM32L4xx_HAL_Driver/Src/stm32l4xx_hal_rtc_ex.c **** /* Private define ------------------------------------------------------------*/
 127:Drivers/STM32L4xx_HAL_Driver/Src/stm32l4xx_hal_rtc_ex.c **** /* Private macro -------------------------------------------------------------*/
 128:Drivers/STM32L4xx_HAL_Driver/Src/stm32l4xx_hal_rtc_ex.c **** /* Private variables ---------------------------------------------------------*/
 129:Drivers/STM32L4xx_HAL_Driver/Src/stm32l4xx_hal_rtc_ex.c **** /* Private function prototypes -----------------------------------------------*/
 130:Drivers/STM32L4xx_HAL_Driver/Src/stm32l4xx_hal_rtc_ex.c **** /* Exported functions --------------------------------------------------------*/
 131:Drivers/STM32L4xx_HAL_Driver/Src/stm32l4xx_hal_rtc_ex.c **** 
 132:Drivers/STM32L4xx_HAL_Driver/Src/stm32l4xx_hal_rtc_ex.c **** /** @addtogroup RTCEx_Exported_Functions
 133:Drivers/STM32L4xx_HAL_Driver/Src/stm32l4xx_hal_rtc_ex.c ****   * @{
 134:Drivers/STM32L4xx_HAL_Driver/Src/stm32l4xx_hal_rtc_ex.c ****   */
 135:Drivers/STM32L4xx_HAL_Driver/Src/stm32l4xx_hal_rtc_ex.c **** 
 136:Drivers/STM32L4xx_HAL_Driver/Src/stm32l4xx_hal_rtc_ex.c **** 
 137:Drivers/STM32L4xx_HAL_Driver/Src/stm32l4xx_hal_rtc_ex.c **** /** @addtogroup RTCEx_Exported_Functions_Group1
 138:Drivers/STM32L4xx_HAL_Driver/Src/stm32l4xx_hal_rtc_ex.c ****   * @brief   RTC TimeStamp and Tamper functions
 139:Drivers/STM32L4xx_HAL_Driver/Src/stm32l4xx_hal_rtc_ex.c ****   *
 140:Drivers/STM32L4xx_HAL_Driver/Src/stm32l4xx_hal_rtc_ex.c **** @verbatim
 141:Drivers/STM32L4xx_HAL_Driver/Src/stm32l4xx_hal_rtc_ex.c ****  ===============================================================================
 142:Drivers/STM32L4xx_HAL_Driver/Src/stm32l4xx_hal_rtc_ex.c ****                  ##### RTC TimeStamp and Tamper functions #####
 143:Drivers/STM32L4xx_HAL_Driver/Src/stm32l4xx_hal_rtc_ex.c ****  ===============================================================================
ARM GAS  /tmp/cc1jHbzH.s 			page 4


 144:Drivers/STM32L4xx_HAL_Driver/Src/stm32l4xx_hal_rtc_ex.c **** 
 145:Drivers/STM32L4xx_HAL_Driver/Src/stm32l4xx_hal_rtc_ex.c ****  [..] This section provides functions allowing to configure TimeStamp feature
 146:Drivers/STM32L4xx_HAL_Driver/Src/stm32l4xx_hal_rtc_ex.c **** 
 147:Drivers/STM32L4xx_HAL_Driver/Src/stm32l4xx_hal_rtc_ex.c **** @endverbatim
 148:Drivers/STM32L4xx_HAL_Driver/Src/stm32l4xx_hal_rtc_ex.c ****   * @{
 149:Drivers/STM32L4xx_HAL_Driver/Src/stm32l4xx_hal_rtc_ex.c ****   */
 150:Drivers/STM32L4xx_HAL_Driver/Src/stm32l4xx_hal_rtc_ex.c **** 
 151:Drivers/STM32L4xx_HAL_Driver/Src/stm32l4xx_hal_rtc_ex.c **** /**
 152:Drivers/STM32L4xx_HAL_Driver/Src/stm32l4xx_hal_rtc_ex.c ****   * @brief  Set TimeStamp.
 153:Drivers/STM32L4xx_HAL_Driver/Src/stm32l4xx_hal_rtc_ex.c ****   * @note   This API must be called before enabling the TimeStamp feature.
 154:Drivers/STM32L4xx_HAL_Driver/Src/stm32l4xx_hal_rtc_ex.c ****   * @param  hrtc RTC handle
 155:Drivers/STM32L4xx_HAL_Driver/Src/stm32l4xx_hal_rtc_ex.c ****   * @param  TimeStampEdge Specifies the pin edge on which the TimeStamp is
 156:Drivers/STM32L4xx_HAL_Driver/Src/stm32l4xx_hal_rtc_ex.c ****   *         activated.
 157:Drivers/STM32L4xx_HAL_Driver/Src/stm32l4xx_hal_rtc_ex.c ****   *          This parameter can be one of the following values:
 158:Drivers/STM32L4xx_HAL_Driver/Src/stm32l4xx_hal_rtc_ex.c ****   *             @arg RTC_TIMESTAMPEDGE_RISING: the Time stamp event occurs on the
 159:Drivers/STM32L4xx_HAL_Driver/Src/stm32l4xx_hal_rtc_ex.c ****   *                                        rising edge of the related pin.
 160:Drivers/STM32L4xx_HAL_Driver/Src/stm32l4xx_hal_rtc_ex.c ****   *             @arg RTC_TIMESTAMPEDGE_FALLING: the Time stamp event occurs on the
 161:Drivers/STM32L4xx_HAL_Driver/Src/stm32l4xx_hal_rtc_ex.c ****   *                                         falling edge of the related pin.
 162:Drivers/STM32L4xx_HAL_Driver/Src/stm32l4xx_hal_rtc_ex.c ****   * @param  RTC_TimeStampPin specifies the RTC TimeStamp Pin.
 163:Drivers/STM32L4xx_HAL_Driver/Src/stm32l4xx_hal_rtc_ex.c ****   *          This parameter can be one of the following values:
 164:Drivers/STM32L4xx_HAL_Driver/Src/stm32l4xx_hal_rtc_ex.c ****   *             @arg RTC_TIMESTAMPPIN_DEFAULT: PC13 is selected as RTC TimeStamp Pin.
 165:Drivers/STM32L4xx_HAL_Driver/Src/stm32l4xx_hal_rtc_ex.c ****   *               The RTC TimeStamp Pin is per default PC13, but for reasons of
 166:Drivers/STM32L4xx_HAL_Driver/Src/stm32l4xx_hal_rtc_ex.c ****   *               compatibility, this parameter is required.
 167:Drivers/STM32L4xx_HAL_Driver/Src/stm32l4xx_hal_rtc_ex.c ****   * @retval HAL status
 168:Drivers/STM32L4xx_HAL_Driver/Src/stm32l4xx_hal_rtc_ex.c ****   */
 169:Drivers/STM32L4xx_HAL_Driver/Src/stm32l4xx_hal_rtc_ex.c **** HAL_StatusTypeDef HAL_RTCEx_SetTimeStamp(RTC_HandleTypeDef *hrtc, uint32_t TimeStampEdge, uint32_t 
 170:Drivers/STM32L4xx_HAL_Driver/Src/stm32l4xx_hal_rtc_ex.c **** {
  30              		.loc 1 170 1 view -0
  31              		.cfi_startproc
  32              		@ args = 0, pretend = 0, frame = 0
  33              		@ frame_needed = 0, uses_anonymous_args = 0
  34              		@ link register save eliminated.
 171:Drivers/STM32L4xx_HAL_Driver/Src/stm32l4xx_hal_rtc_ex.c ****   uint32_t tmpreg;
  35              		.loc 1 171 3 view .LVU1
 172:Drivers/STM32L4xx_HAL_Driver/Src/stm32l4xx_hal_rtc_ex.c **** 
 173:Drivers/STM32L4xx_HAL_Driver/Src/stm32l4xx_hal_rtc_ex.c ****   /* Check the parameters */
 174:Drivers/STM32L4xx_HAL_Driver/Src/stm32l4xx_hal_rtc_ex.c ****   assert_param(IS_TIMESTAMP_EDGE(TimeStampEdge));
  36              		.loc 1 174 3 view .LVU2
 175:Drivers/STM32L4xx_HAL_Driver/Src/stm32l4xx_hal_rtc_ex.c ****   assert_param(IS_RTC_TIMESTAMP_PIN(RTC_TimeStampPin));
  37              		.loc 1 175 3 view .LVU3
 176:Drivers/STM32L4xx_HAL_Driver/Src/stm32l4xx_hal_rtc_ex.c **** 
 177:Drivers/STM32L4xx_HAL_Driver/Src/stm32l4xx_hal_rtc_ex.c ****   /* Prevent unused argument(s) compilation warning if no assert_param check */
 178:Drivers/STM32L4xx_HAL_Driver/Src/stm32l4xx_hal_rtc_ex.c ****   UNUSED(RTC_TimeStampPin);
  38              		.loc 1 178 3 view .LVU4
 179:Drivers/STM32L4xx_HAL_Driver/Src/stm32l4xx_hal_rtc_ex.c **** 
 180:Drivers/STM32L4xx_HAL_Driver/Src/stm32l4xx_hal_rtc_ex.c ****   /* Process Locked */
 181:Drivers/STM32L4xx_HAL_Driver/Src/stm32l4xx_hal_rtc_ex.c ****   __HAL_LOCK(hrtc);
  39              		.loc 1 181 3 view .LVU5
  40              		.loc 1 181 3 view .LVU6
  41 0000 90F82020 		ldrb	r2, [r0, #32]	@ zero_extendqisi2
  42              	.LVL1:
  43              		.loc 1 181 3 is_stmt 0 view .LVU7
  44 0004 012A     		cmp	r2, #1
  45 0006 25D0     		beq	.L3
 170:Drivers/STM32L4xx_HAL_Driver/Src/stm32l4xx_hal_rtc_ex.c ****   uint32_t tmpreg;
  46              		.loc 1 170 1 view .LVU8
  47 0008 10B4     		push	{r4}
ARM GAS  /tmp/cc1jHbzH.s 			page 5


  48              	.LCFI0:
  49              		.cfi_def_cfa_offset 4
  50              		.cfi_offset 4, -4
  51 000a 0346     		mov	r3, r0
  52              		.loc 1 181 3 is_stmt 1 discriminator 2 view .LVU9
  53 000c 0120     		movs	r0, #1
  54              	.LVL2:
  55              		.loc 1 181 3 is_stmt 0 discriminator 2 view .LVU10
  56 000e 83F82000 		strb	r0, [r3, #32]
  57              		.loc 1 181 3 is_stmt 1 discriminator 2 view .LVU11
 182:Drivers/STM32L4xx_HAL_Driver/Src/stm32l4xx_hal_rtc_ex.c **** 
 183:Drivers/STM32L4xx_HAL_Driver/Src/stm32l4xx_hal_rtc_ex.c ****   hrtc->State = HAL_RTC_STATE_BUSY;
  58              		.loc 1 183 3 view .LVU12
  59              		.loc 1 183 15 is_stmt 0 view .LVU13
  60 0012 0222     		movs	r2, #2
  61 0014 83F82120 		strb	r2, [r3, #33]
 184:Drivers/STM32L4xx_HAL_Driver/Src/stm32l4xx_hal_rtc_ex.c **** 
 185:Drivers/STM32L4xx_HAL_Driver/Src/stm32l4xx_hal_rtc_ex.c ****   /* Get the RTC_CR register and clear the bits to be configured */
 186:Drivers/STM32L4xx_HAL_Driver/Src/stm32l4xx_hal_rtc_ex.c ****   tmpreg = (uint32_t)(hrtc->Instance->CR & (uint32_t)~(RTC_CR_TSEDGE | RTC_CR_TSE));
  62              		.loc 1 186 3 is_stmt 1 view .LVU14
  63              		.loc 1 186 27 is_stmt 0 view .LVU15
  64 0018 1C68     		ldr	r4, [r3]
  65              		.loc 1 186 37 view .LVU16
  66 001a A268     		ldr	r2, [r4, #8]
  67              		.loc 1 186 10 view .LVU17
  68 001c 22F40062 		bic	r2, r2, #2048
  69 0020 22F00802 		bic	r2, r2, #8
  70              	.LVL3:
 187:Drivers/STM32L4xx_HAL_Driver/Src/stm32l4xx_hal_rtc_ex.c **** 
 188:Drivers/STM32L4xx_HAL_Driver/Src/stm32l4xx_hal_rtc_ex.c ****   tmpreg |= TimeStampEdge;
  71              		.loc 1 188 3 is_stmt 1 view .LVU18
  72              		.loc 1 188 10 is_stmt 0 view .LVU19
  73 0024 0A43     		orrs	r2, r2, r1
  74              	.LVL4:
 189:Drivers/STM32L4xx_HAL_Driver/Src/stm32l4xx_hal_rtc_ex.c **** 
 190:Drivers/STM32L4xx_HAL_Driver/Src/stm32l4xx_hal_rtc_ex.c ****   /* Disable the write protection for RTC registers */
 191:Drivers/STM32L4xx_HAL_Driver/Src/stm32l4xx_hal_rtc_ex.c ****   __HAL_RTC_WRITEPROTECTION_DISABLE(hrtc);
  75              		.loc 1 191 3 is_stmt 1 view .LVU20
  76              		.loc 1 191 3 view .LVU21
  77 0026 CA21     		movs	r1, #202
  78              	.LVL5:
  79              		.loc 1 191 3 is_stmt 0 view .LVU22
  80 0028 6162     		str	r1, [r4, #36]
  81              		.loc 1 191 3 is_stmt 1 view .LVU23
  82 002a 1968     		ldr	r1, [r3]
  83 002c 5324     		movs	r4, #83
  84 002e 4C62     		str	r4, [r1, #36]
  85              		.loc 1 191 3 view .LVU24
 192:Drivers/STM32L4xx_HAL_Driver/Src/stm32l4xx_hal_rtc_ex.c **** 
 193:Drivers/STM32L4xx_HAL_Driver/Src/stm32l4xx_hal_rtc_ex.c ****   /* Configure the Time Stamp TSEDGE and Enable bits */
 194:Drivers/STM32L4xx_HAL_Driver/Src/stm32l4xx_hal_rtc_ex.c ****   hrtc->Instance->CR = (uint32_t)tmpreg;
  86              		.loc 1 194 3 view .LVU25
  87              		.loc 1 194 7 is_stmt 0 view .LVU26
  88 0030 1968     		ldr	r1, [r3]
  89              		.loc 1 194 22 view .LVU27
  90 0032 8A60     		str	r2, [r1, #8]
 195:Drivers/STM32L4xx_HAL_Driver/Src/stm32l4xx_hal_rtc_ex.c **** 
ARM GAS  /tmp/cc1jHbzH.s 			page 6


 196:Drivers/STM32L4xx_HAL_Driver/Src/stm32l4xx_hal_rtc_ex.c ****   __HAL_RTC_TIMESTAMP_ENABLE(hrtc);
  91              		.loc 1 196 3 is_stmt 1 view .LVU28
  92 0034 1968     		ldr	r1, [r3]
  93 0036 8A68     		ldr	r2, [r1, #8]
  94              	.LVL6:
  95              		.loc 1 196 3 is_stmt 0 view .LVU29
  96 0038 42F40062 		orr	r2, r2, #2048
  97 003c 8A60     		str	r2, [r1, #8]
 197:Drivers/STM32L4xx_HAL_Driver/Src/stm32l4xx_hal_rtc_ex.c **** 
 198:Drivers/STM32L4xx_HAL_Driver/Src/stm32l4xx_hal_rtc_ex.c ****   /* Enable the write protection for RTC registers */
 199:Drivers/STM32L4xx_HAL_Driver/Src/stm32l4xx_hal_rtc_ex.c ****   __HAL_RTC_WRITEPROTECTION_ENABLE(hrtc);
  98              		.loc 1 199 3 is_stmt 1 view .LVU30
  99              		.loc 1 199 3 view .LVU31
 100 003e 1A68     		ldr	r2, [r3]
 101 0040 FF21     		movs	r1, #255
 102 0042 5162     		str	r1, [r2, #36]
 103              		.loc 1 199 3 view .LVU32
 200:Drivers/STM32L4xx_HAL_Driver/Src/stm32l4xx_hal_rtc_ex.c **** 
 201:Drivers/STM32L4xx_HAL_Driver/Src/stm32l4xx_hal_rtc_ex.c ****   /* Change RTC state */
 202:Drivers/STM32L4xx_HAL_Driver/Src/stm32l4xx_hal_rtc_ex.c ****   hrtc->State = HAL_RTC_STATE_READY;
 104              		.loc 1 202 3 view .LVU33
 105              		.loc 1 202 15 is_stmt 0 view .LVU34
 106 0044 83F82100 		strb	r0, [r3, #33]
 203:Drivers/STM32L4xx_HAL_Driver/Src/stm32l4xx_hal_rtc_ex.c **** 
 204:Drivers/STM32L4xx_HAL_Driver/Src/stm32l4xx_hal_rtc_ex.c ****   /* Process Unlocked */
 205:Drivers/STM32L4xx_HAL_Driver/Src/stm32l4xx_hal_rtc_ex.c ****   __HAL_UNLOCK(hrtc);
 107              		.loc 1 205 3 is_stmt 1 view .LVU35
 108              		.loc 1 205 3 view .LVU36
 109 0048 0020     		movs	r0, #0
 110 004a 83F82000 		strb	r0, [r3, #32]
 111              		.loc 1 205 3 view .LVU37
 206:Drivers/STM32L4xx_HAL_Driver/Src/stm32l4xx_hal_rtc_ex.c **** 
 207:Drivers/STM32L4xx_HAL_Driver/Src/stm32l4xx_hal_rtc_ex.c ****   return HAL_OK;
 112              		.loc 1 207 3 view .LVU38
 208:Drivers/STM32L4xx_HAL_Driver/Src/stm32l4xx_hal_rtc_ex.c **** }
 113              		.loc 1 208 1 is_stmt 0 view .LVU39
 114 004e 5DF8044B 		ldr	r4, [sp], #4
 115              	.LCFI1:
 116              		.cfi_restore 4
 117              		.cfi_def_cfa_offset 0
 118 0052 7047     		bx	lr
 119              	.LVL7:
 120              	.L3:
 181:Drivers/STM32L4xx_HAL_Driver/Src/stm32l4xx_hal_rtc_ex.c **** 
 121              		.loc 1 181 3 discriminator 1 view .LVU40
 122 0054 0220     		movs	r0, #2
 123              	.LVL8:
 124              		.loc 1 208 1 view .LVU41
 125 0056 7047     		bx	lr
 126              		.cfi_endproc
 127              	.LFE384:
 129              		.section	.text.HAL_RTCEx_SetTimeStamp_IT,"ax",%progbits
 130              		.align	1
 131              		.global	HAL_RTCEx_SetTimeStamp_IT
 132              		.syntax unified
 133              		.thumb
 134              		.thumb_func
ARM GAS  /tmp/cc1jHbzH.s 			page 7


 136              	HAL_RTCEx_SetTimeStamp_IT:
 137              	.LVL9:
 138              	.LFB385:
 209:Drivers/STM32L4xx_HAL_Driver/Src/stm32l4xx_hal_rtc_ex.c **** 
 210:Drivers/STM32L4xx_HAL_Driver/Src/stm32l4xx_hal_rtc_ex.c **** /**
 211:Drivers/STM32L4xx_HAL_Driver/Src/stm32l4xx_hal_rtc_ex.c ****   * @brief  Set TimeStamp with Interrupt.
 212:Drivers/STM32L4xx_HAL_Driver/Src/stm32l4xx_hal_rtc_ex.c ****   * @note   This API must be called before enabling the TimeStamp feature.
 213:Drivers/STM32L4xx_HAL_Driver/Src/stm32l4xx_hal_rtc_ex.c ****   * @param  hrtc RTC handle
 214:Drivers/STM32L4xx_HAL_Driver/Src/stm32l4xx_hal_rtc_ex.c ****   * @param  TimeStampEdge Specifies the pin edge on which the TimeStamp is
 215:Drivers/STM32L4xx_HAL_Driver/Src/stm32l4xx_hal_rtc_ex.c ****   *         activated.
 216:Drivers/STM32L4xx_HAL_Driver/Src/stm32l4xx_hal_rtc_ex.c ****   *          This parameter can be one of the following values:
 217:Drivers/STM32L4xx_HAL_Driver/Src/stm32l4xx_hal_rtc_ex.c ****   *             @arg RTC_TIMESTAMPEDGE_RISING: the Time stamp event occurs on the
 218:Drivers/STM32L4xx_HAL_Driver/Src/stm32l4xx_hal_rtc_ex.c ****   *                                        rising edge of the related pin.
 219:Drivers/STM32L4xx_HAL_Driver/Src/stm32l4xx_hal_rtc_ex.c ****   *             @arg RTC_TIMESTAMPEDGE_FALLING: the Time stamp event occurs on the
 220:Drivers/STM32L4xx_HAL_Driver/Src/stm32l4xx_hal_rtc_ex.c ****   *                                         falling edge of the related pin.
 221:Drivers/STM32L4xx_HAL_Driver/Src/stm32l4xx_hal_rtc_ex.c ****   * @param  RTC_TimeStampPin Specifies the RTC TimeStamp Pin.
 222:Drivers/STM32L4xx_HAL_Driver/Src/stm32l4xx_hal_rtc_ex.c ****   *          This parameter can be one of the following values:
 223:Drivers/STM32L4xx_HAL_Driver/Src/stm32l4xx_hal_rtc_ex.c ****   *             @arg RTC_TIMESTAMPPIN_DEFAULT: PC13 is selected as RTC TimeStamp Pin.
 224:Drivers/STM32L4xx_HAL_Driver/Src/stm32l4xx_hal_rtc_ex.c ****   *               The RTC TimeStamp Pin is per default PC13, but for reasons of
 225:Drivers/STM32L4xx_HAL_Driver/Src/stm32l4xx_hal_rtc_ex.c ****   *               compatibility, this parameter is required.
 226:Drivers/STM32L4xx_HAL_Driver/Src/stm32l4xx_hal_rtc_ex.c ****   * @retval HAL status
 227:Drivers/STM32L4xx_HAL_Driver/Src/stm32l4xx_hal_rtc_ex.c ****   */
 228:Drivers/STM32L4xx_HAL_Driver/Src/stm32l4xx_hal_rtc_ex.c **** HAL_StatusTypeDef HAL_RTCEx_SetTimeStamp_IT(RTC_HandleTypeDef *hrtc, uint32_t TimeStampEdge, uint32
 229:Drivers/STM32L4xx_HAL_Driver/Src/stm32l4xx_hal_rtc_ex.c **** {
 139              		.loc 1 229 1 is_stmt 1 view -0
 140              		.cfi_startproc
 141              		@ args = 0, pretend = 0, frame = 0
 142              		@ frame_needed = 0, uses_anonymous_args = 0
 143              		@ link register save eliminated.
 230:Drivers/STM32L4xx_HAL_Driver/Src/stm32l4xx_hal_rtc_ex.c ****   uint32_t tmpreg;
 144              		.loc 1 230 3 view .LVU43
 231:Drivers/STM32L4xx_HAL_Driver/Src/stm32l4xx_hal_rtc_ex.c **** 
 232:Drivers/STM32L4xx_HAL_Driver/Src/stm32l4xx_hal_rtc_ex.c ****   /* Check the parameters */
 233:Drivers/STM32L4xx_HAL_Driver/Src/stm32l4xx_hal_rtc_ex.c ****   assert_param(IS_TIMESTAMP_EDGE(TimeStampEdge));
 145              		.loc 1 233 3 view .LVU44
 234:Drivers/STM32L4xx_HAL_Driver/Src/stm32l4xx_hal_rtc_ex.c ****   assert_param(IS_RTC_TIMESTAMP_PIN(RTC_TimeStampPin));
 146              		.loc 1 234 3 view .LVU45
 235:Drivers/STM32L4xx_HAL_Driver/Src/stm32l4xx_hal_rtc_ex.c **** 
 236:Drivers/STM32L4xx_HAL_Driver/Src/stm32l4xx_hal_rtc_ex.c ****   /* Prevent unused argument(s) compilation warning if no assert_param check */
 237:Drivers/STM32L4xx_HAL_Driver/Src/stm32l4xx_hal_rtc_ex.c ****   UNUSED(RTC_TimeStampPin);
 147              		.loc 1 237 3 view .LVU46
 238:Drivers/STM32L4xx_HAL_Driver/Src/stm32l4xx_hal_rtc_ex.c **** 
 239:Drivers/STM32L4xx_HAL_Driver/Src/stm32l4xx_hal_rtc_ex.c ****   /* Process Locked */
 240:Drivers/STM32L4xx_HAL_Driver/Src/stm32l4xx_hal_rtc_ex.c ****   __HAL_LOCK(hrtc);
 148              		.loc 1 240 3 view .LVU47
 149              		.loc 1 240 3 view .LVU48
 150 0000 90F82020 		ldrb	r2, [r0, #32]	@ zero_extendqisi2
 151              	.LVL10:
 152              		.loc 1 240 3 is_stmt 0 view .LVU49
 153 0004 012A     		cmp	r2, #1
 154 0006 33D0     		beq	.L10
 229:Drivers/STM32L4xx_HAL_Driver/Src/stm32l4xx_hal_rtc_ex.c ****   uint32_t tmpreg;
 155              		.loc 1 229 1 view .LVU50
 156 0008 10B4     		push	{r4}
 157              	.LCFI2:
 158              		.cfi_def_cfa_offset 4
 159              		.cfi_offset 4, -4
ARM GAS  /tmp/cc1jHbzH.s 			page 8


 160 000a 0346     		mov	r3, r0
 161              		.loc 1 240 3 is_stmt 1 discriminator 2 view .LVU51
 162 000c 0120     		movs	r0, #1
 163              	.LVL11:
 164              		.loc 1 240 3 is_stmt 0 discriminator 2 view .LVU52
 165 000e 83F82000 		strb	r0, [r3, #32]
 166              		.loc 1 240 3 is_stmt 1 discriminator 2 view .LVU53
 241:Drivers/STM32L4xx_HAL_Driver/Src/stm32l4xx_hal_rtc_ex.c **** 
 242:Drivers/STM32L4xx_HAL_Driver/Src/stm32l4xx_hal_rtc_ex.c ****   hrtc->State = HAL_RTC_STATE_BUSY;
 167              		.loc 1 242 3 view .LVU54
 168              		.loc 1 242 15 is_stmt 0 view .LVU55
 169 0012 0222     		movs	r2, #2
 170 0014 83F82120 		strb	r2, [r3, #33]
 243:Drivers/STM32L4xx_HAL_Driver/Src/stm32l4xx_hal_rtc_ex.c **** 
 244:Drivers/STM32L4xx_HAL_Driver/Src/stm32l4xx_hal_rtc_ex.c ****   /* Get the RTC_CR register and clear the bits to be configured */
 245:Drivers/STM32L4xx_HAL_Driver/Src/stm32l4xx_hal_rtc_ex.c ****   tmpreg = (uint32_t)(hrtc->Instance->CR & (uint32_t)~(RTC_CR_TSEDGE | RTC_CR_TSE));
 171              		.loc 1 245 3 is_stmt 1 view .LVU56
 172              		.loc 1 245 27 is_stmt 0 view .LVU57
 173 0018 1C68     		ldr	r4, [r3]
 174              		.loc 1 245 37 view .LVU58
 175 001a A268     		ldr	r2, [r4, #8]
 176              		.loc 1 245 10 view .LVU59
 177 001c 22F40062 		bic	r2, r2, #2048
 178 0020 22F00802 		bic	r2, r2, #8
 179              	.LVL12:
 246:Drivers/STM32L4xx_HAL_Driver/Src/stm32l4xx_hal_rtc_ex.c **** 
 247:Drivers/STM32L4xx_HAL_Driver/Src/stm32l4xx_hal_rtc_ex.c ****   tmpreg |= TimeStampEdge;
 180              		.loc 1 247 3 is_stmt 1 view .LVU60
 181              		.loc 1 247 10 is_stmt 0 view .LVU61
 182 0024 0A43     		orrs	r2, r2, r1
 183              	.LVL13:
 248:Drivers/STM32L4xx_HAL_Driver/Src/stm32l4xx_hal_rtc_ex.c **** 
 249:Drivers/STM32L4xx_HAL_Driver/Src/stm32l4xx_hal_rtc_ex.c ****   /* Disable the write protection for RTC registers */
 250:Drivers/STM32L4xx_HAL_Driver/Src/stm32l4xx_hal_rtc_ex.c ****   __HAL_RTC_WRITEPROTECTION_DISABLE(hrtc);
 184              		.loc 1 250 3 is_stmt 1 view .LVU62
 185              		.loc 1 250 3 view .LVU63
 186 0026 CA21     		movs	r1, #202
 187              	.LVL14:
 188              		.loc 1 250 3 is_stmt 0 view .LVU64
 189 0028 6162     		str	r1, [r4, #36]
 190              		.loc 1 250 3 is_stmt 1 view .LVU65
 191 002a 1968     		ldr	r1, [r3]
 192 002c 5324     		movs	r4, #83
 193 002e 4C62     		str	r4, [r1, #36]
 194              		.loc 1 250 3 view .LVU66
 251:Drivers/STM32L4xx_HAL_Driver/Src/stm32l4xx_hal_rtc_ex.c **** 
 252:Drivers/STM32L4xx_HAL_Driver/Src/stm32l4xx_hal_rtc_ex.c ****   /* Configure the Time Stamp TSEDGE and Enable bits */
 253:Drivers/STM32L4xx_HAL_Driver/Src/stm32l4xx_hal_rtc_ex.c ****   hrtc->Instance->CR = (uint32_t)tmpreg;
 195              		.loc 1 253 3 view .LVU67
 196              		.loc 1 253 7 is_stmt 0 view .LVU68
 197 0030 1968     		ldr	r1, [r3]
 198              		.loc 1 253 22 view .LVU69
 199 0032 8A60     		str	r2, [r1, #8]
 254:Drivers/STM32L4xx_HAL_Driver/Src/stm32l4xx_hal_rtc_ex.c **** 
 255:Drivers/STM32L4xx_HAL_Driver/Src/stm32l4xx_hal_rtc_ex.c ****   __HAL_RTC_TIMESTAMP_ENABLE(hrtc);
 200              		.loc 1 255 3 is_stmt 1 view .LVU70
 201 0034 1968     		ldr	r1, [r3]
ARM GAS  /tmp/cc1jHbzH.s 			page 9


 202 0036 8A68     		ldr	r2, [r1, #8]
 203              	.LVL15:
 204              		.loc 1 255 3 is_stmt 0 view .LVU71
 205 0038 42F40062 		orr	r2, r2, #2048
 206 003c 8A60     		str	r2, [r1, #8]
 256:Drivers/STM32L4xx_HAL_Driver/Src/stm32l4xx_hal_rtc_ex.c **** 
 257:Drivers/STM32L4xx_HAL_Driver/Src/stm32l4xx_hal_rtc_ex.c ****   /* Enable IT timestamp */
 258:Drivers/STM32L4xx_HAL_Driver/Src/stm32l4xx_hal_rtc_ex.c ****   __HAL_RTC_TIMESTAMP_ENABLE_IT(hrtc, RTC_IT_TS);
 207              		.loc 1 258 3 is_stmt 1 view .LVU72
 208 003e 1968     		ldr	r1, [r3]
 209 0040 8A68     		ldr	r2, [r1, #8]
 210 0042 42F40042 		orr	r2, r2, #32768
 211 0046 8A60     		str	r2, [r1, #8]
 259:Drivers/STM32L4xx_HAL_Driver/Src/stm32l4xx_hal_rtc_ex.c **** 
 260:Drivers/STM32L4xx_HAL_Driver/Src/stm32l4xx_hal_rtc_ex.c ****   /* RTC timestamp Interrupt Configuration: EXTI configuration */
 261:Drivers/STM32L4xx_HAL_Driver/Src/stm32l4xx_hal_rtc_ex.c ****   __HAL_RTC_TAMPER_TIMESTAMP_EXTI_ENABLE_IT();
 212              		.loc 1 261 3 view .LVU73
 213 0048 0A4A     		ldr	r2, .L15
 214 004a 1168     		ldr	r1, [r2]
 215 004c 41F40021 		orr	r1, r1, #524288
 216 0050 1160     		str	r1, [r2]
 262:Drivers/STM32L4xx_HAL_Driver/Src/stm32l4xx_hal_rtc_ex.c ****   __HAL_RTC_TAMPER_TIMESTAMP_EXTI_ENABLE_RISING_EDGE();
 217              		.loc 1 262 3 view .LVU74
 218 0052 9168     		ldr	r1, [r2, #8]
 219 0054 41F40021 		orr	r1, r1, #524288
 220 0058 9160     		str	r1, [r2, #8]
 263:Drivers/STM32L4xx_HAL_Driver/Src/stm32l4xx_hal_rtc_ex.c **** 
 264:Drivers/STM32L4xx_HAL_Driver/Src/stm32l4xx_hal_rtc_ex.c ****   /* Enable the write protection for RTC registers */
 265:Drivers/STM32L4xx_HAL_Driver/Src/stm32l4xx_hal_rtc_ex.c ****   __HAL_RTC_WRITEPROTECTION_ENABLE(hrtc);
 221              		.loc 1 265 3 view .LVU75
 222              		.loc 1 265 3 view .LVU76
 223 005a 1A68     		ldr	r2, [r3]
 224 005c FF21     		movs	r1, #255
 225 005e 5162     		str	r1, [r2, #36]
 226              		.loc 1 265 3 view .LVU77
 266:Drivers/STM32L4xx_HAL_Driver/Src/stm32l4xx_hal_rtc_ex.c **** 
 267:Drivers/STM32L4xx_HAL_Driver/Src/stm32l4xx_hal_rtc_ex.c ****   hrtc->State = HAL_RTC_STATE_READY;
 227              		.loc 1 267 3 view .LVU78
 228              		.loc 1 267 15 is_stmt 0 view .LVU79
 229 0060 83F82100 		strb	r0, [r3, #33]
 268:Drivers/STM32L4xx_HAL_Driver/Src/stm32l4xx_hal_rtc_ex.c **** 
 269:Drivers/STM32L4xx_HAL_Driver/Src/stm32l4xx_hal_rtc_ex.c ****   /* Process Unlocked */
 270:Drivers/STM32L4xx_HAL_Driver/Src/stm32l4xx_hal_rtc_ex.c ****   __HAL_UNLOCK(hrtc);
 230              		.loc 1 270 3 is_stmt 1 view .LVU80
 231              		.loc 1 270 3 view .LVU81
 232 0064 0020     		movs	r0, #0
 233 0066 83F82000 		strb	r0, [r3, #32]
 234              		.loc 1 270 3 view .LVU82
 271:Drivers/STM32L4xx_HAL_Driver/Src/stm32l4xx_hal_rtc_ex.c **** 
 272:Drivers/STM32L4xx_HAL_Driver/Src/stm32l4xx_hal_rtc_ex.c ****   return HAL_OK;
 235              		.loc 1 272 3 view .LVU83
 273:Drivers/STM32L4xx_HAL_Driver/Src/stm32l4xx_hal_rtc_ex.c **** }
 236              		.loc 1 273 1 is_stmt 0 view .LVU84
 237 006a 5DF8044B 		ldr	r4, [sp], #4
 238              	.LCFI3:
 239              		.cfi_restore 4
 240              		.cfi_def_cfa_offset 0
ARM GAS  /tmp/cc1jHbzH.s 			page 10


 241 006e 7047     		bx	lr
 242              	.LVL16:
 243              	.L10:
 240:Drivers/STM32L4xx_HAL_Driver/Src/stm32l4xx_hal_rtc_ex.c **** 
 244              		.loc 1 240 3 discriminator 1 view .LVU85
 245 0070 0220     		movs	r0, #2
 246              	.LVL17:
 247              		.loc 1 273 1 view .LVU86
 248 0072 7047     		bx	lr
 249              	.L16:
 250              		.align	2
 251              	.L15:
 252 0074 00040140 		.word	1073808384
 253              		.cfi_endproc
 254              	.LFE385:
 256              		.section	.text.HAL_RTCEx_DeactivateTimeStamp,"ax",%progbits
 257              		.align	1
 258              		.global	HAL_RTCEx_DeactivateTimeStamp
 259              		.syntax unified
 260              		.thumb
 261              		.thumb_func
 263              	HAL_RTCEx_DeactivateTimeStamp:
 264              	.LVL18:
 265              	.LFB386:
 274:Drivers/STM32L4xx_HAL_Driver/Src/stm32l4xx_hal_rtc_ex.c **** 
 275:Drivers/STM32L4xx_HAL_Driver/Src/stm32l4xx_hal_rtc_ex.c **** /**
 276:Drivers/STM32L4xx_HAL_Driver/Src/stm32l4xx_hal_rtc_ex.c ****   * @brief  Deactivate TimeStamp.
 277:Drivers/STM32L4xx_HAL_Driver/Src/stm32l4xx_hal_rtc_ex.c ****   * @param  hrtc RTC handle
 278:Drivers/STM32L4xx_HAL_Driver/Src/stm32l4xx_hal_rtc_ex.c ****   * @retval HAL status
 279:Drivers/STM32L4xx_HAL_Driver/Src/stm32l4xx_hal_rtc_ex.c ****   */
 280:Drivers/STM32L4xx_HAL_Driver/Src/stm32l4xx_hal_rtc_ex.c **** HAL_StatusTypeDef HAL_RTCEx_DeactivateTimeStamp(RTC_HandleTypeDef *hrtc)
 281:Drivers/STM32L4xx_HAL_Driver/Src/stm32l4xx_hal_rtc_ex.c **** {
 266              		.loc 1 281 1 is_stmt 1 view -0
 267              		.cfi_startproc
 268              		@ args = 0, pretend = 0, frame = 0
 269              		@ frame_needed = 0, uses_anonymous_args = 0
 270              		@ link register save eliminated.
 271              		.loc 1 281 1 is_stmt 0 view .LVU88
 272 0000 0346     		mov	r3, r0
 282:Drivers/STM32L4xx_HAL_Driver/Src/stm32l4xx_hal_rtc_ex.c ****   uint32_t tmpreg;
 273              		.loc 1 282 3 is_stmt 1 view .LVU89
 283:Drivers/STM32L4xx_HAL_Driver/Src/stm32l4xx_hal_rtc_ex.c **** 
 284:Drivers/STM32L4xx_HAL_Driver/Src/stm32l4xx_hal_rtc_ex.c ****   /* Process Locked */
 285:Drivers/STM32L4xx_HAL_Driver/Src/stm32l4xx_hal_rtc_ex.c ****   __HAL_LOCK(hrtc);
 274              		.loc 1 285 3 view .LVU90
 275              		.loc 1 285 3 view .LVU91
 276 0002 90F82020 		ldrb	r2, [r0, #32]	@ zero_extendqisi2
 277 0006 012A     		cmp	r2, #1
 278 0008 20D0     		beq	.L19
 279              		.loc 1 285 3 discriminator 2 view .LVU92
 280 000a 0121     		movs	r1, #1
 281 000c 80F82010 		strb	r1, [r0, #32]
 282              		.loc 1 285 3 discriminator 2 view .LVU93
 286:Drivers/STM32L4xx_HAL_Driver/Src/stm32l4xx_hal_rtc_ex.c **** 
 287:Drivers/STM32L4xx_HAL_Driver/Src/stm32l4xx_hal_rtc_ex.c ****   hrtc->State = HAL_RTC_STATE_BUSY;
 283              		.loc 1 287 3 view .LVU94
 284              		.loc 1 287 15 is_stmt 0 view .LVU95
ARM GAS  /tmp/cc1jHbzH.s 			page 11


 285 0010 0222     		movs	r2, #2
 286 0012 80F82120 		strb	r2, [r0, #33]
 288:Drivers/STM32L4xx_HAL_Driver/Src/stm32l4xx_hal_rtc_ex.c **** 
 289:Drivers/STM32L4xx_HAL_Driver/Src/stm32l4xx_hal_rtc_ex.c ****   /* Disable the write protection for RTC registers */
 290:Drivers/STM32L4xx_HAL_Driver/Src/stm32l4xx_hal_rtc_ex.c ****   __HAL_RTC_WRITEPROTECTION_DISABLE(hrtc);
 287              		.loc 1 290 3 is_stmt 1 view .LVU96
 288              		.loc 1 290 3 view .LVU97
 289 0016 0268     		ldr	r2, [r0]
 290 0018 CA20     		movs	r0, #202
 291              	.LVL19:
 292              		.loc 1 290 3 is_stmt 0 view .LVU98
 293 001a 5062     		str	r0, [r2, #36]
 294              		.loc 1 290 3 is_stmt 1 view .LVU99
 295 001c 1A68     		ldr	r2, [r3]
 296 001e 5320     		movs	r0, #83
 297 0020 5062     		str	r0, [r2, #36]
 298              		.loc 1 290 3 view .LVU100
 291:Drivers/STM32L4xx_HAL_Driver/Src/stm32l4xx_hal_rtc_ex.c **** 
 292:Drivers/STM32L4xx_HAL_Driver/Src/stm32l4xx_hal_rtc_ex.c ****   /* In case of interrupt mode is used, the interrupt source must disabled */
 293:Drivers/STM32L4xx_HAL_Driver/Src/stm32l4xx_hal_rtc_ex.c ****   __HAL_RTC_TIMESTAMP_DISABLE_IT(hrtc, RTC_IT_TS);
 299              		.loc 1 293 3 view .LVU101
 300 0022 1868     		ldr	r0, [r3]
 301 0024 8268     		ldr	r2, [r0, #8]
 302 0026 22F40042 		bic	r2, r2, #32768
 303 002a 8260     		str	r2, [r0, #8]
 294:Drivers/STM32L4xx_HAL_Driver/Src/stm32l4xx_hal_rtc_ex.c **** 
 295:Drivers/STM32L4xx_HAL_Driver/Src/stm32l4xx_hal_rtc_ex.c ****   /* Get the RTC_CR register and clear the bits to be configured */
 296:Drivers/STM32L4xx_HAL_Driver/Src/stm32l4xx_hal_rtc_ex.c ****   tmpreg = (uint32_t)(hrtc->Instance->CR & (uint32_t)~(RTC_CR_TSEDGE | RTC_CR_TSE));
 304              		.loc 1 296 3 view .LVU102
 305              		.loc 1 296 27 is_stmt 0 view .LVU103
 306 002c 1868     		ldr	r0, [r3]
 307              		.loc 1 296 37 view .LVU104
 308 002e 8268     		ldr	r2, [r0, #8]
 309              		.loc 1 296 10 view .LVU105
 310 0030 22F40062 		bic	r2, r2, #2048
 311 0034 22F00802 		bic	r2, r2, #8
 312              	.LVL20:
 297:Drivers/STM32L4xx_HAL_Driver/Src/stm32l4xx_hal_rtc_ex.c **** 
 298:Drivers/STM32L4xx_HAL_Driver/Src/stm32l4xx_hal_rtc_ex.c ****   /* Configure the Time Stamp TSEDGE and Enable bits */
 299:Drivers/STM32L4xx_HAL_Driver/Src/stm32l4xx_hal_rtc_ex.c ****   hrtc->Instance->CR = (uint32_t)tmpreg;
 313              		.loc 1 299 3 is_stmt 1 view .LVU106
 314              		.loc 1 299 22 is_stmt 0 view .LVU107
 315 0038 8260     		str	r2, [r0, #8]
 300:Drivers/STM32L4xx_HAL_Driver/Src/stm32l4xx_hal_rtc_ex.c **** 
 301:Drivers/STM32L4xx_HAL_Driver/Src/stm32l4xx_hal_rtc_ex.c ****   /* Enable the write protection for RTC registers */
 302:Drivers/STM32L4xx_HAL_Driver/Src/stm32l4xx_hal_rtc_ex.c ****   __HAL_RTC_WRITEPROTECTION_ENABLE(hrtc);
 316              		.loc 1 302 3 is_stmt 1 view .LVU108
 317              		.loc 1 302 3 view .LVU109
 318 003a 1A68     		ldr	r2, [r3]
 319              	.LVL21:
 320              		.loc 1 302 3 is_stmt 0 view .LVU110
 321 003c FF20     		movs	r0, #255
 322              	.LVL22:
 323              		.loc 1 302 3 view .LVU111
 324 003e 5062     		str	r0, [r2, #36]
 325              		.loc 1 302 3 is_stmt 1 view .LVU112
 303:Drivers/STM32L4xx_HAL_Driver/Src/stm32l4xx_hal_rtc_ex.c **** 
ARM GAS  /tmp/cc1jHbzH.s 			page 12


 304:Drivers/STM32L4xx_HAL_Driver/Src/stm32l4xx_hal_rtc_ex.c ****   hrtc->State = HAL_RTC_STATE_READY;
 326              		.loc 1 304 3 view .LVU113
 327              		.loc 1 304 15 is_stmt 0 view .LVU114
 328 0040 83F82110 		strb	r1, [r3, #33]
 305:Drivers/STM32L4xx_HAL_Driver/Src/stm32l4xx_hal_rtc_ex.c **** 
 306:Drivers/STM32L4xx_HAL_Driver/Src/stm32l4xx_hal_rtc_ex.c ****   /* Process Unlocked */
 307:Drivers/STM32L4xx_HAL_Driver/Src/stm32l4xx_hal_rtc_ex.c ****   __HAL_UNLOCK(hrtc);
 329              		.loc 1 307 3 is_stmt 1 view .LVU115
 330              		.loc 1 307 3 view .LVU116
 331 0044 0020     		movs	r0, #0
 332 0046 83F82000 		strb	r0, [r3, #32]
 333              		.loc 1 307 3 view .LVU117
 308:Drivers/STM32L4xx_HAL_Driver/Src/stm32l4xx_hal_rtc_ex.c **** 
 309:Drivers/STM32L4xx_HAL_Driver/Src/stm32l4xx_hal_rtc_ex.c ****   return HAL_OK;
 334              		.loc 1 309 3 view .LVU118
 335              		.loc 1 309 10 is_stmt 0 view .LVU119
 336 004a 7047     		bx	lr
 337              	.LVL23:
 338              	.L19:
 285:Drivers/STM32L4xx_HAL_Driver/Src/stm32l4xx_hal_rtc_ex.c **** 
 339              		.loc 1 285 3 discriminator 1 view .LVU120
 340 004c 0220     		movs	r0, #2
 341              	.LVL24:
 310:Drivers/STM32L4xx_HAL_Driver/Src/stm32l4xx_hal_rtc_ex.c **** }
 342              		.loc 1 310 1 view .LVU121
 343 004e 7047     		bx	lr
 344              		.cfi_endproc
 345              	.LFE386:
 347              		.section	.text.HAL_RTCEx_SetInternalTimeStamp,"ax",%progbits
 348              		.align	1
 349              		.global	HAL_RTCEx_SetInternalTimeStamp
 350              		.syntax unified
 351              		.thumb
 352              		.thumb_func
 354              	HAL_RTCEx_SetInternalTimeStamp:
 355              	.LVL25:
 356              	.LFB387:
 311:Drivers/STM32L4xx_HAL_Driver/Src/stm32l4xx_hal_rtc_ex.c **** 
 312:Drivers/STM32L4xx_HAL_Driver/Src/stm32l4xx_hal_rtc_ex.c **** /**
 313:Drivers/STM32L4xx_HAL_Driver/Src/stm32l4xx_hal_rtc_ex.c ****   * @brief  Set Internal TimeStamp.
 314:Drivers/STM32L4xx_HAL_Driver/Src/stm32l4xx_hal_rtc_ex.c ****   * @note   This API must be called before enabling the internal TimeStamp feature.
 315:Drivers/STM32L4xx_HAL_Driver/Src/stm32l4xx_hal_rtc_ex.c ****   * @param  hrtc RTC handle
 316:Drivers/STM32L4xx_HAL_Driver/Src/stm32l4xx_hal_rtc_ex.c ****   * @retval HAL status
 317:Drivers/STM32L4xx_HAL_Driver/Src/stm32l4xx_hal_rtc_ex.c ****   */
 318:Drivers/STM32L4xx_HAL_Driver/Src/stm32l4xx_hal_rtc_ex.c **** HAL_StatusTypeDef HAL_RTCEx_SetInternalTimeStamp(RTC_HandleTypeDef *hrtc)
 319:Drivers/STM32L4xx_HAL_Driver/Src/stm32l4xx_hal_rtc_ex.c **** {
 357              		.loc 1 319 1 is_stmt 1 view -0
 358              		.cfi_startproc
 359              		@ args = 0, pretend = 0, frame = 0
 360              		@ frame_needed = 0, uses_anonymous_args = 0
 361              		@ link register save eliminated.
 320:Drivers/STM32L4xx_HAL_Driver/Src/stm32l4xx_hal_rtc_ex.c ****   /* Process Locked */
 321:Drivers/STM32L4xx_HAL_Driver/Src/stm32l4xx_hal_rtc_ex.c ****   __HAL_LOCK(hrtc);
 362              		.loc 1 321 3 view .LVU123
 363              		.loc 1 321 3 view .LVU124
 364 0000 90F82030 		ldrb	r3, [r0, #32]	@ zero_extendqisi2
 365 0004 012B     		cmp	r3, #1
ARM GAS  /tmp/cc1jHbzH.s 			page 13


 366 0006 1AD0     		beq	.L22
 367              		.loc 1 321 3 discriminator 2 view .LVU125
 368 0008 0122     		movs	r2, #1
 369 000a 80F82020 		strb	r2, [r0, #32]
 370              		.loc 1 321 3 discriminator 2 view .LVU126
 322:Drivers/STM32L4xx_HAL_Driver/Src/stm32l4xx_hal_rtc_ex.c **** 
 323:Drivers/STM32L4xx_HAL_Driver/Src/stm32l4xx_hal_rtc_ex.c ****   hrtc->State = HAL_RTC_STATE_BUSY;
 371              		.loc 1 323 3 view .LVU127
 372              		.loc 1 323 15 is_stmt 0 view .LVU128
 373 000e 0223     		movs	r3, #2
 374 0010 80F82130 		strb	r3, [r0, #33]
 324:Drivers/STM32L4xx_HAL_Driver/Src/stm32l4xx_hal_rtc_ex.c **** 
 325:Drivers/STM32L4xx_HAL_Driver/Src/stm32l4xx_hal_rtc_ex.c ****   /* Disable the write protection for RTC registers */
 326:Drivers/STM32L4xx_HAL_Driver/Src/stm32l4xx_hal_rtc_ex.c ****   __HAL_RTC_WRITEPROTECTION_DISABLE(hrtc);
 375              		.loc 1 326 3 is_stmt 1 view .LVU129
 376              		.loc 1 326 3 view .LVU130
 377 0014 0368     		ldr	r3, [r0]
 378 0016 CA21     		movs	r1, #202
 379 0018 5962     		str	r1, [r3, #36]
 380              		.loc 1 326 3 view .LVU131
 381 001a 0368     		ldr	r3, [r0]
 382 001c 5321     		movs	r1, #83
 383 001e 5962     		str	r1, [r3, #36]
 384              		.loc 1 326 3 view .LVU132
 327:Drivers/STM32L4xx_HAL_Driver/Src/stm32l4xx_hal_rtc_ex.c **** 
 328:Drivers/STM32L4xx_HAL_Driver/Src/stm32l4xx_hal_rtc_ex.c ****   /* Configure the internal Time Stamp Enable bits */
 329:Drivers/STM32L4xx_HAL_Driver/Src/stm32l4xx_hal_rtc_ex.c ****   __HAL_RTC_INTERNAL_TIMESTAMP_ENABLE(hrtc);
 385              		.loc 1 329 3 view .LVU133
 386 0020 0168     		ldr	r1, [r0]
 387 0022 8B68     		ldr	r3, [r1, #8]
 388 0024 43F08073 		orr	r3, r3, #16777216
 389 0028 8B60     		str	r3, [r1, #8]
 330:Drivers/STM32L4xx_HAL_Driver/Src/stm32l4xx_hal_rtc_ex.c **** 
 331:Drivers/STM32L4xx_HAL_Driver/Src/stm32l4xx_hal_rtc_ex.c ****   /* Enable the write protection for RTC registers */
 332:Drivers/STM32L4xx_HAL_Driver/Src/stm32l4xx_hal_rtc_ex.c ****   __HAL_RTC_WRITEPROTECTION_ENABLE(hrtc);
 390              		.loc 1 332 3 view .LVU134
 391              		.loc 1 332 3 view .LVU135
 392 002a 0368     		ldr	r3, [r0]
 393 002c FF21     		movs	r1, #255
 394 002e 5962     		str	r1, [r3, #36]
 395              		.loc 1 332 3 view .LVU136
 333:Drivers/STM32L4xx_HAL_Driver/Src/stm32l4xx_hal_rtc_ex.c **** 
 334:Drivers/STM32L4xx_HAL_Driver/Src/stm32l4xx_hal_rtc_ex.c ****   /* Change RTC state */
 335:Drivers/STM32L4xx_HAL_Driver/Src/stm32l4xx_hal_rtc_ex.c ****   hrtc->State = HAL_RTC_STATE_READY;
 396              		.loc 1 335 3 view .LVU137
 397              		.loc 1 335 15 is_stmt 0 view .LVU138
 398 0030 80F82120 		strb	r2, [r0, #33]
 336:Drivers/STM32L4xx_HAL_Driver/Src/stm32l4xx_hal_rtc_ex.c **** 
 337:Drivers/STM32L4xx_HAL_Driver/Src/stm32l4xx_hal_rtc_ex.c ****   /* Process Unlocked */
 338:Drivers/STM32L4xx_HAL_Driver/Src/stm32l4xx_hal_rtc_ex.c ****   __HAL_UNLOCK(hrtc);
 399              		.loc 1 338 3 is_stmt 1 view .LVU139
 400              		.loc 1 338 3 view .LVU140
 401 0034 0023     		movs	r3, #0
 402 0036 80F82030 		strb	r3, [r0, #32]
 403              		.loc 1 338 3 view .LVU141
 339:Drivers/STM32L4xx_HAL_Driver/Src/stm32l4xx_hal_rtc_ex.c **** 
 340:Drivers/STM32L4xx_HAL_Driver/Src/stm32l4xx_hal_rtc_ex.c ****   return HAL_OK;
ARM GAS  /tmp/cc1jHbzH.s 			page 14


 404              		.loc 1 340 3 view .LVU142
 405              		.loc 1 340 10 is_stmt 0 view .LVU143
 406 003a 1846     		mov	r0, r3
 407              	.LVL26:
 408              		.loc 1 340 10 view .LVU144
 409 003c 7047     		bx	lr
 410              	.LVL27:
 411              	.L22:
 321:Drivers/STM32L4xx_HAL_Driver/Src/stm32l4xx_hal_rtc_ex.c **** 
 412              		.loc 1 321 3 discriminator 1 view .LVU145
 413 003e 0220     		movs	r0, #2
 414              	.LVL28:
 341:Drivers/STM32L4xx_HAL_Driver/Src/stm32l4xx_hal_rtc_ex.c **** }
 415              		.loc 1 341 1 view .LVU146
 416 0040 7047     		bx	lr
 417              		.cfi_endproc
 418              	.LFE387:
 420              		.section	.text.HAL_RTCEx_DeactivateInternalTimeStamp,"ax",%progbits
 421              		.align	1
 422              		.global	HAL_RTCEx_DeactivateInternalTimeStamp
 423              		.syntax unified
 424              		.thumb
 425              		.thumb_func
 427              	HAL_RTCEx_DeactivateInternalTimeStamp:
 428              	.LVL29:
 429              	.LFB388:
 342:Drivers/STM32L4xx_HAL_Driver/Src/stm32l4xx_hal_rtc_ex.c **** 
 343:Drivers/STM32L4xx_HAL_Driver/Src/stm32l4xx_hal_rtc_ex.c **** /**
 344:Drivers/STM32L4xx_HAL_Driver/Src/stm32l4xx_hal_rtc_ex.c ****   * @brief  Deactivate Internal TimeStamp.
 345:Drivers/STM32L4xx_HAL_Driver/Src/stm32l4xx_hal_rtc_ex.c ****   * @param  hrtc RTC handle
 346:Drivers/STM32L4xx_HAL_Driver/Src/stm32l4xx_hal_rtc_ex.c ****   * @retval HAL status
 347:Drivers/STM32L4xx_HAL_Driver/Src/stm32l4xx_hal_rtc_ex.c ****   */
 348:Drivers/STM32L4xx_HAL_Driver/Src/stm32l4xx_hal_rtc_ex.c **** HAL_StatusTypeDef HAL_RTCEx_DeactivateInternalTimeStamp(RTC_HandleTypeDef *hrtc)
 349:Drivers/STM32L4xx_HAL_Driver/Src/stm32l4xx_hal_rtc_ex.c **** {
 430              		.loc 1 349 1 is_stmt 1 view -0
 431              		.cfi_startproc
 432              		@ args = 0, pretend = 0, frame = 0
 433              		@ frame_needed = 0, uses_anonymous_args = 0
 434              		@ link register save eliminated.
 350:Drivers/STM32L4xx_HAL_Driver/Src/stm32l4xx_hal_rtc_ex.c ****   /* Process Locked */
 351:Drivers/STM32L4xx_HAL_Driver/Src/stm32l4xx_hal_rtc_ex.c ****   __HAL_LOCK(hrtc);
 435              		.loc 1 351 3 view .LVU148
 436              		.loc 1 351 3 view .LVU149
 437 0000 90F82030 		ldrb	r3, [r0, #32]	@ zero_extendqisi2
 438 0004 012B     		cmp	r3, #1
 439 0006 1AD0     		beq	.L25
 440              		.loc 1 351 3 discriminator 2 view .LVU150
 441 0008 0122     		movs	r2, #1
 442 000a 80F82020 		strb	r2, [r0, #32]
 443              		.loc 1 351 3 discriminator 2 view .LVU151
 352:Drivers/STM32L4xx_HAL_Driver/Src/stm32l4xx_hal_rtc_ex.c **** 
 353:Drivers/STM32L4xx_HAL_Driver/Src/stm32l4xx_hal_rtc_ex.c ****   hrtc->State = HAL_RTC_STATE_BUSY;
 444              		.loc 1 353 3 view .LVU152
 445              		.loc 1 353 15 is_stmt 0 view .LVU153
 446 000e 0223     		movs	r3, #2
 447 0010 80F82130 		strb	r3, [r0, #33]
 354:Drivers/STM32L4xx_HAL_Driver/Src/stm32l4xx_hal_rtc_ex.c **** 
ARM GAS  /tmp/cc1jHbzH.s 			page 15


 355:Drivers/STM32L4xx_HAL_Driver/Src/stm32l4xx_hal_rtc_ex.c ****   /* Disable the write protection for RTC registers */
 356:Drivers/STM32L4xx_HAL_Driver/Src/stm32l4xx_hal_rtc_ex.c ****   __HAL_RTC_WRITEPROTECTION_DISABLE(hrtc);
 448              		.loc 1 356 3 is_stmt 1 view .LVU154
 449              		.loc 1 356 3 view .LVU155
 450 0014 0368     		ldr	r3, [r0]
 451 0016 CA21     		movs	r1, #202
 452 0018 5962     		str	r1, [r3, #36]
 453              		.loc 1 356 3 view .LVU156
 454 001a 0368     		ldr	r3, [r0]
 455 001c 5321     		movs	r1, #83
 456 001e 5962     		str	r1, [r3, #36]
 457              		.loc 1 356 3 view .LVU157
 357:Drivers/STM32L4xx_HAL_Driver/Src/stm32l4xx_hal_rtc_ex.c **** 
 358:Drivers/STM32L4xx_HAL_Driver/Src/stm32l4xx_hal_rtc_ex.c ****   /* Configure the internal Time Stamp Enable bits */
 359:Drivers/STM32L4xx_HAL_Driver/Src/stm32l4xx_hal_rtc_ex.c ****   __HAL_RTC_INTERNAL_TIMESTAMP_DISABLE(hrtc);
 458              		.loc 1 359 3 view .LVU158
 459 0020 0168     		ldr	r1, [r0]
 460 0022 8B68     		ldr	r3, [r1, #8]
 461 0024 23F08073 		bic	r3, r3, #16777216
 462 0028 8B60     		str	r3, [r1, #8]
 360:Drivers/STM32L4xx_HAL_Driver/Src/stm32l4xx_hal_rtc_ex.c **** 
 361:Drivers/STM32L4xx_HAL_Driver/Src/stm32l4xx_hal_rtc_ex.c ****   /* Enable the write protection for RTC registers */
 362:Drivers/STM32L4xx_HAL_Driver/Src/stm32l4xx_hal_rtc_ex.c ****   __HAL_RTC_WRITEPROTECTION_ENABLE(hrtc);
 463              		.loc 1 362 3 view .LVU159
 464              		.loc 1 362 3 view .LVU160
 465 002a 0368     		ldr	r3, [r0]
 466 002c FF21     		movs	r1, #255
 467 002e 5962     		str	r1, [r3, #36]
 468              		.loc 1 362 3 view .LVU161
 363:Drivers/STM32L4xx_HAL_Driver/Src/stm32l4xx_hal_rtc_ex.c **** 
 364:Drivers/STM32L4xx_HAL_Driver/Src/stm32l4xx_hal_rtc_ex.c ****   hrtc->State = HAL_RTC_STATE_READY;
 469              		.loc 1 364 3 view .LVU162
 470              		.loc 1 364 15 is_stmt 0 view .LVU163
 471 0030 80F82120 		strb	r2, [r0, #33]
 365:Drivers/STM32L4xx_HAL_Driver/Src/stm32l4xx_hal_rtc_ex.c **** 
 366:Drivers/STM32L4xx_HAL_Driver/Src/stm32l4xx_hal_rtc_ex.c ****   /* Process Unlocked */
 367:Drivers/STM32L4xx_HAL_Driver/Src/stm32l4xx_hal_rtc_ex.c ****   __HAL_UNLOCK(hrtc);
 472              		.loc 1 367 3 is_stmt 1 view .LVU164
 473              		.loc 1 367 3 view .LVU165
 474 0034 0023     		movs	r3, #0
 475 0036 80F82030 		strb	r3, [r0, #32]
 476              		.loc 1 367 3 view .LVU166
 368:Drivers/STM32L4xx_HAL_Driver/Src/stm32l4xx_hal_rtc_ex.c **** 
 369:Drivers/STM32L4xx_HAL_Driver/Src/stm32l4xx_hal_rtc_ex.c ****   return HAL_OK;
 477              		.loc 1 369 3 view .LVU167
 478              		.loc 1 369 10 is_stmt 0 view .LVU168
 479 003a 1846     		mov	r0, r3
 480              	.LVL30:
 481              		.loc 1 369 10 view .LVU169
 482 003c 7047     		bx	lr
 483              	.LVL31:
 484              	.L25:
 351:Drivers/STM32L4xx_HAL_Driver/Src/stm32l4xx_hal_rtc_ex.c **** 
 485              		.loc 1 351 3 discriminator 1 view .LVU170
 486 003e 0220     		movs	r0, #2
 487              	.LVL32:
 370:Drivers/STM32L4xx_HAL_Driver/Src/stm32l4xx_hal_rtc_ex.c **** }
ARM GAS  /tmp/cc1jHbzH.s 			page 16


 488              		.loc 1 370 1 view .LVU171
 489 0040 7047     		bx	lr
 490              		.cfi_endproc
 491              	.LFE388:
 493              		.section	.text.HAL_RTCEx_GetTimeStamp,"ax",%progbits
 494              		.align	1
 495              		.global	HAL_RTCEx_GetTimeStamp
 496              		.syntax unified
 497              		.thumb
 498              		.thumb_func
 500              	HAL_RTCEx_GetTimeStamp:
 501              	.LVL33:
 502              	.LFB389:
 371:Drivers/STM32L4xx_HAL_Driver/Src/stm32l4xx_hal_rtc_ex.c **** 
 372:Drivers/STM32L4xx_HAL_Driver/Src/stm32l4xx_hal_rtc_ex.c **** #if defined (STM32L4P5xx) || defined (STM32L4Q5xx)
 373:Drivers/STM32L4xx_HAL_Driver/Src/stm32l4xx_hal_rtc_ex.c **** /**
 374:Drivers/STM32L4xx_HAL_Driver/Src/stm32l4xx_hal_rtc_ex.c ****   * @brief  Get the RTC TimeStamp value.
 375:Drivers/STM32L4xx_HAL_Driver/Src/stm32l4xx_hal_rtc_ex.c ****   * @param  hrtc RTC handle
 376:Drivers/STM32L4xx_HAL_Driver/Src/stm32l4xx_hal_rtc_ex.c ****   * @param  sTimeStamp Pointer to Time structure
 377:Drivers/STM32L4xx_HAL_Driver/Src/stm32l4xx_hal_rtc_ex.c ****   *          if BinMode = RTC_BINARY_ONLY, sTimeStamp->SubSeconds only is used
 378:Drivers/STM32L4xx_HAL_Driver/Src/stm32l4xx_hal_rtc_ex.c ****   * @param  sTimeStampDate Pointer to Date structure
 379:Drivers/STM32L4xx_HAL_Driver/Src/stm32l4xx_hal_rtc_ex.c ****   *          if BinMode = RTC_BINARY_ONLY, this parameter is not used.
 380:Drivers/STM32L4xx_HAL_Driver/Src/stm32l4xx_hal_rtc_ex.c ****   * @param  Format specifies the format of the entered parameters.
 381:Drivers/STM32L4xx_HAL_Driver/Src/stm32l4xx_hal_rtc_ex.c ****   *          if BinMode = RTC_BINARY_ONLY, this parameter is not used
 382:Drivers/STM32L4xx_HAL_Driver/Src/stm32l4xx_hal_rtc_ex.c ****   *          else this parameter can be one of the following values
 383:Drivers/STM32L4xx_HAL_Driver/Src/stm32l4xx_hal_rtc_ex.c ****   *             @arg RTC_FORMAT_BIN: Binary data format
 384:Drivers/STM32L4xx_HAL_Driver/Src/stm32l4xx_hal_rtc_ex.c ****   *             @arg RTC_FORMAT_BCD: BCD data format
 385:Drivers/STM32L4xx_HAL_Driver/Src/stm32l4xx_hal_rtc_ex.c ****   * @retval HAL status
 386:Drivers/STM32L4xx_HAL_Driver/Src/stm32l4xx_hal_rtc_ex.c ****   */
 387:Drivers/STM32L4xx_HAL_Driver/Src/stm32l4xx_hal_rtc_ex.c **** HAL_StatusTypeDef HAL_RTCEx_GetTimeStamp(RTC_HandleTypeDef *hrtc, RTC_TimeTypeDef *sTimeStamp, RTC_
 388:Drivers/STM32L4xx_HAL_Driver/Src/stm32l4xx_hal_rtc_ex.c **** {
 389:Drivers/STM32L4xx_HAL_Driver/Src/stm32l4xx_hal_rtc_ex.c ****   uint32_t tmptime, tmpdate;
 390:Drivers/STM32L4xx_HAL_Driver/Src/stm32l4xx_hal_rtc_ex.c ****   UNUSED(hrtc);
 391:Drivers/STM32L4xx_HAL_Driver/Src/stm32l4xx_hal_rtc_ex.c **** 
 392:Drivers/STM32L4xx_HAL_Driver/Src/stm32l4xx_hal_rtc_ex.c ****   sTimeStamp->SubSeconds = READ_REG(RTC->TSSSR);
 393:Drivers/STM32L4xx_HAL_Driver/Src/stm32l4xx_hal_rtc_ex.c ****   if (READ_BIT(RTC->ICSR, RTC_ICSR_BIN) != RTC_BINARY_ONLY)
 394:Drivers/STM32L4xx_HAL_Driver/Src/stm32l4xx_hal_rtc_ex.c ****   {
 395:Drivers/STM32L4xx_HAL_Driver/Src/stm32l4xx_hal_rtc_ex.c ****     /* Check the parameters */
 396:Drivers/STM32L4xx_HAL_Driver/Src/stm32l4xx_hal_rtc_ex.c ****     assert_param(IS_RTC_FORMAT(Format));
 397:Drivers/STM32L4xx_HAL_Driver/Src/stm32l4xx_hal_rtc_ex.c **** 
 398:Drivers/STM32L4xx_HAL_Driver/Src/stm32l4xx_hal_rtc_ex.c ****     /* Get the TimeStamp time and date registers values */
 399:Drivers/STM32L4xx_HAL_Driver/Src/stm32l4xx_hal_rtc_ex.c ****     tmptime = READ_BIT(RTC->TSTR, RTC_TR_RESERVED_MASK);
 400:Drivers/STM32L4xx_HAL_Driver/Src/stm32l4xx_hal_rtc_ex.c ****     tmpdate = READ_BIT(RTC->TSDR, RTC_DR_RESERVED_MASK);
 401:Drivers/STM32L4xx_HAL_Driver/Src/stm32l4xx_hal_rtc_ex.c **** 
 402:Drivers/STM32L4xx_HAL_Driver/Src/stm32l4xx_hal_rtc_ex.c ****     /* Fill the Time structure fields with the read parameters */
 403:Drivers/STM32L4xx_HAL_Driver/Src/stm32l4xx_hal_rtc_ex.c ****     sTimeStamp->Hours = (uint8_t)((tmptime & (RTC_TSTR_HT | RTC_TSTR_HU)) >> RTC_TSTR_HU_Pos);
 404:Drivers/STM32L4xx_HAL_Driver/Src/stm32l4xx_hal_rtc_ex.c ****     sTimeStamp->Minutes = (uint8_t)((tmptime & (RTC_TSTR_MNT | RTC_TSTR_MNU)) >> RTC_TSTR_MNU_Pos);
 405:Drivers/STM32L4xx_HAL_Driver/Src/stm32l4xx_hal_rtc_ex.c ****     sTimeStamp->Seconds = (uint8_t)((tmptime & (RTC_TSTR_ST | RTC_TSTR_SU)) >> RTC_TSTR_SU_Pos);
 406:Drivers/STM32L4xx_HAL_Driver/Src/stm32l4xx_hal_rtc_ex.c ****     sTimeStamp->TimeFormat = (uint8_t)((tmptime & (RTC_TSTR_PM)) >> RTC_TSTR_PM_Pos);
 407:Drivers/STM32L4xx_HAL_Driver/Src/stm32l4xx_hal_rtc_ex.c ****     sTimeStamp->SubSeconds = READ_BIT(RTC->TSSSR, RTC_TSSSR_SS);
 408:Drivers/STM32L4xx_HAL_Driver/Src/stm32l4xx_hal_rtc_ex.c **** 
 409:Drivers/STM32L4xx_HAL_Driver/Src/stm32l4xx_hal_rtc_ex.c ****     /* Fill the Date structure fields with the read parameters */
 410:Drivers/STM32L4xx_HAL_Driver/Src/stm32l4xx_hal_rtc_ex.c ****     sTimeStampDate->Year = 0U;
 411:Drivers/STM32L4xx_HAL_Driver/Src/stm32l4xx_hal_rtc_ex.c ****     sTimeStampDate->Month = (uint8_t)((tmpdate & (RTC_TSDR_MT | RTC_TSDR_MU)) >> RTC_TSDR_MU_Pos);
 412:Drivers/STM32L4xx_HAL_Driver/Src/stm32l4xx_hal_rtc_ex.c ****     sTimeStampDate->Date = (uint8_t)(tmpdate & (RTC_TSDR_DT | RTC_TSDR_DU));
 413:Drivers/STM32L4xx_HAL_Driver/Src/stm32l4xx_hal_rtc_ex.c ****     sTimeStampDate->WeekDay = (uint8_t)((tmpdate & (RTC_TSDR_WDU)) >> RTC_TSDR_WDU_Pos);
 414:Drivers/STM32L4xx_HAL_Driver/Src/stm32l4xx_hal_rtc_ex.c **** 
ARM GAS  /tmp/cc1jHbzH.s 			page 17


 415:Drivers/STM32L4xx_HAL_Driver/Src/stm32l4xx_hal_rtc_ex.c ****     /* Check the input parameters format */
 416:Drivers/STM32L4xx_HAL_Driver/Src/stm32l4xx_hal_rtc_ex.c ****     if (Format == RTC_FORMAT_BIN)
 417:Drivers/STM32L4xx_HAL_Driver/Src/stm32l4xx_hal_rtc_ex.c ****     {
 418:Drivers/STM32L4xx_HAL_Driver/Src/stm32l4xx_hal_rtc_ex.c ****       /* Convert the TimeStamp structure parameters to Binary format */
 419:Drivers/STM32L4xx_HAL_Driver/Src/stm32l4xx_hal_rtc_ex.c ****       sTimeStamp->Hours = (uint8_t)RTC_Bcd2ToByte(sTimeStamp->Hours);
 420:Drivers/STM32L4xx_HAL_Driver/Src/stm32l4xx_hal_rtc_ex.c ****       sTimeStamp->Minutes = (uint8_t)RTC_Bcd2ToByte(sTimeStamp->Minutes);
 421:Drivers/STM32L4xx_HAL_Driver/Src/stm32l4xx_hal_rtc_ex.c ****       sTimeStamp->Seconds = (uint8_t)RTC_Bcd2ToByte(sTimeStamp->Seconds);
 422:Drivers/STM32L4xx_HAL_Driver/Src/stm32l4xx_hal_rtc_ex.c **** 
 423:Drivers/STM32L4xx_HAL_Driver/Src/stm32l4xx_hal_rtc_ex.c ****       /* Convert the DateTimeStamp structure parameters to Binary format */
 424:Drivers/STM32L4xx_HAL_Driver/Src/stm32l4xx_hal_rtc_ex.c ****       sTimeStampDate->Month = (uint8_t)RTC_Bcd2ToByte(sTimeStampDate->Month);
 425:Drivers/STM32L4xx_HAL_Driver/Src/stm32l4xx_hal_rtc_ex.c ****       sTimeStampDate->Date = (uint8_t)RTC_Bcd2ToByte(sTimeStampDate->Date);
 426:Drivers/STM32L4xx_HAL_Driver/Src/stm32l4xx_hal_rtc_ex.c ****       sTimeStampDate->WeekDay = (uint8_t)RTC_Bcd2ToByte(sTimeStampDate->WeekDay);
 427:Drivers/STM32L4xx_HAL_Driver/Src/stm32l4xx_hal_rtc_ex.c ****     }
 428:Drivers/STM32L4xx_HAL_Driver/Src/stm32l4xx_hal_rtc_ex.c ****   }
 429:Drivers/STM32L4xx_HAL_Driver/Src/stm32l4xx_hal_rtc_ex.c **** 
 430:Drivers/STM32L4xx_HAL_Driver/Src/stm32l4xx_hal_rtc_ex.c ****   /* Clear the TIMESTAMP Flags */
 431:Drivers/STM32L4xx_HAL_Driver/Src/stm32l4xx_hal_rtc_ex.c ****   WRITE_REG(RTC->SCR, (RTC_SCR_CITSF | RTC_SCR_CTSF));
 432:Drivers/STM32L4xx_HAL_Driver/Src/stm32l4xx_hal_rtc_ex.c **** 
 433:Drivers/STM32L4xx_HAL_Driver/Src/stm32l4xx_hal_rtc_ex.c ****   return HAL_OK;
 434:Drivers/STM32L4xx_HAL_Driver/Src/stm32l4xx_hal_rtc_ex.c **** }
 435:Drivers/STM32L4xx_HAL_Driver/Src/stm32l4xx_hal_rtc_ex.c **** #else /* #if defined (STM32L4P5xx) || defined (STM32L4Q5xx) */
 436:Drivers/STM32L4xx_HAL_Driver/Src/stm32l4xx_hal_rtc_ex.c **** 
 437:Drivers/STM32L4xx_HAL_Driver/Src/stm32l4xx_hal_rtc_ex.c **** /**
 438:Drivers/STM32L4xx_HAL_Driver/Src/stm32l4xx_hal_rtc_ex.c ****   * @brief  Get the RTC TimeStamp value.
 439:Drivers/STM32L4xx_HAL_Driver/Src/stm32l4xx_hal_rtc_ex.c ****   * @param  hrtc RTC handle
 440:Drivers/STM32L4xx_HAL_Driver/Src/stm32l4xx_hal_rtc_ex.c ****   * @param  sTimeStamp Pointer to Time structure
 441:Drivers/STM32L4xx_HAL_Driver/Src/stm32l4xx_hal_rtc_ex.c ****   * @param  sTimeStampDate Pointer to Date structure
 442:Drivers/STM32L4xx_HAL_Driver/Src/stm32l4xx_hal_rtc_ex.c ****   * @param  Format specifies the format of the entered parameters.
 443:Drivers/STM32L4xx_HAL_Driver/Src/stm32l4xx_hal_rtc_ex.c ****   *          This parameter can be one of the following values:
 444:Drivers/STM32L4xx_HAL_Driver/Src/stm32l4xx_hal_rtc_ex.c ****   *             @arg RTC_FORMAT_BIN: Binary data format
 445:Drivers/STM32L4xx_HAL_Driver/Src/stm32l4xx_hal_rtc_ex.c ****   *             @arg RTC_FORMAT_BCD: BCD data format
 446:Drivers/STM32L4xx_HAL_Driver/Src/stm32l4xx_hal_rtc_ex.c ****   * @retval HAL status
 447:Drivers/STM32L4xx_HAL_Driver/Src/stm32l4xx_hal_rtc_ex.c ****   */
 448:Drivers/STM32L4xx_HAL_Driver/Src/stm32l4xx_hal_rtc_ex.c **** HAL_StatusTypeDef HAL_RTCEx_GetTimeStamp(RTC_HandleTypeDef *hrtc, RTC_TimeTypeDef *sTimeStamp, RTC_
 449:Drivers/STM32L4xx_HAL_Driver/Src/stm32l4xx_hal_rtc_ex.c **** {
 503              		.loc 1 449 1 is_stmt 1 view -0
 504              		.cfi_startproc
 505              		@ args = 0, pretend = 0, frame = 0
 506              		@ frame_needed = 0, uses_anonymous_args = 0
 507              		.loc 1 449 1 is_stmt 0 view .LVU173
 508 0000 70B5     		push	{r4, r5, r6, lr}
 509              	.LCFI4:
 510              		.cfi_def_cfa_offset 16
 511              		.cfi_offset 4, -16
 512              		.cfi_offset 5, -12
 513              		.cfi_offset 6, -8
 514              		.cfi_offset 14, -4
 515 0002 0646     		mov	r6, r0
 516 0004 0C46     		mov	r4, r1
 517 0006 1546     		mov	r5, r2
 450:Drivers/STM32L4xx_HAL_Driver/Src/stm32l4xx_hal_rtc_ex.c ****   uint32_t tmptime, tmpdate;
 518              		.loc 1 450 3 is_stmt 1 view .LVU174
 451:Drivers/STM32L4xx_HAL_Driver/Src/stm32l4xx_hal_rtc_ex.c **** 
 452:Drivers/STM32L4xx_HAL_Driver/Src/stm32l4xx_hal_rtc_ex.c ****   /* Check the parameters */
 453:Drivers/STM32L4xx_HAL_Driver/Src/stm32l4xx_hal_rtc_ex.c ****   assert_param(IS_RTC_FORMAT(Format));
 519              		.loc 1 453 3 view .LVU175
 454:Drivers/STM32L4xx_HAL_Driver/Src/stm32l4xx_hal_rtc_ex.c **** 
ARM GAS  /tmp/cc1jHbzH.s 			page 18


 455:Drivers/STM32L4xx_HAL_Driver/Src/stm32l4xx_hal_rtc_ex.c ****   /* Get the TimeStamp time and date registers values */
 456:Drivers/STM32L4xx_HAL_Driver/Src/stm32l4xx_hal_rtc_ex.c ****   tmptime = (uint32_t)(hrtc->Instance->TSTR & RTC_TR_RESERVED_MASK);
 520              		.loc 1 456 3 view .LVU176
 521              		.loc 1 456 28 is_stmt 0 view .LVU177
 522 0008 0168     		ldr	r1, [r0]
 523              	.LVL34:
 524              		.loc 1 456 38 view .LVU178
 525 000a 0A6B     		ldr	r2, [r1, #48]
 526              	.LVL35:
 457:Drivers/STM32L4xx_HAL_Driver/Src/stm32l4xx_hal_rtc_ex.c ****   tmpdate = (uint32_t)(hrtc->Instance->TSDR & RTC_DR_RESERVED_MASK);
 527              		.loc 1 457 3 is_stmt 1 view .LVU179
 528              		.loc 1 457 38 is_stmt 0 view .LVU180
 529 000c 496B     		ldr	r1, [r1, #52]
 530              	.LVL36:
 458:Drivers/STM32L4xx_HAL_Driver/Src/stm32l4xx_hal_rtc_ex.c **** 
 459:Drivers/STM32L4xx_HAL_Driver/Src/stm32l4xx_hal_rtc_ex.c ****   /* Fill the Time structure fields with the read parameters */
 460:Drivers/STM32L4xx_HAL_Driver/Src/stm32l4xx_hal_rtc_ex.c ****   sTimeStamp->Hours = (uint8_t)((tmptime & (RTC_TSTR_HT | RTC_TSTR_HU)) >> RTC_TSTR_HU_Pos);
 531              		.loc 1 460 3 is_stmt 1 view .LVU181
 532              		.loc 1 460 23 is_stmt 0 view .LVU182
 533 000e C2F30540 		ubfx	r0, r2, #16, #6
 534              	.LVL37:
 535              		.loc 1 460 21 view .LVU183
 536 0012 2070     		strb	r0, [r4]
 461:Drivers/STM32L4xx_HAL_Driver/Src/stm32l4xx_hal_rtc_ex.c ****   sTimeStamp->Minutes = (uint8_t)((tmptime & (RTC_TSTR_MNT | RTC_TSTR_MNU)) >> RTC_TSTR_MNU_Pos);
 537              		.loc 1 461 3 is_stmt 1 view .LVU184
 538              		.loc 1 461 25 is_stmt 0 view .LVU185
 539 0014 C2F30620 		ubfx	r0, r2, #8, #7
 540              		.loc 1 461 23 view .LVU186
 541 0018 6070     		strb	r0, [r4, #1]
 462:Drivers/STM32L4xx_HAL_Driver/Src/stm32l4xx_hal_rtc_ex.c ****   sTimeStamp->Seconds = (uint8_t)((tmptime & (RTC_TSTR_ST | RTC_TSTR_SU)) >> RTC_TSTR_SU_Pos);
 542              		.loc 1 462 3 is_stmt 1 view .LVU187
 543              		.loc 1 462 25 is_stmt 0 view .LVU188
 544 001a 02F07F00 		and	r0, r2, #127
 545              		.loc 1 462 23 view .LVU189
 546 001e A070     		strb	r0, [r4, #2]
 463:Drivers/STM32L4xx_HAL_Driver/Src/stm32l4xx_hal_rtc_ex.c ****   sTimeStamp->TimeFormat = (uint8_t)((tmptime & (RTC_TSTR_PM)) >> RTC_TSTR_PM_Pos);
 547              		.loc 1 463 3 is_stmt 1 view .LVU190
 548              		.loc 1 463 28 is_stmt 0 view .LVU191
 549 0020 C2F38052 		ubfx	r2, r2, #22, #1
 550              	.LVL38:
 551              		.loc 1 463 26 view .LVU192
 552 0024 E270     		strb	r2, [r4, #3]
 464:Drivers/STM32L4xx_HAL_Driver/Src/stm32l4xx_hal_rtc_ex.c ****   sTimeStamp->SubSeconds = (uint32_t) hrtc->Instance->TSSSR;
 553              		.loc 1 464 3 is_stmt 1 view .LVU193
 554              		.loc 1 464 43 is_stmt 0 view .LVU194
 555 0026 3268     		ldr	r2, [r6]
 556              		.loc 1 464 53 view .LVU195
 557 0028 926B     		ldr	r2, [r2, #56]
 558              		.loc 1 464 26 view .LVU196
 559 002a 6260     		str	r2, [r4, #4]
 465:Drivers/STM32L4xx_HAL_Driver/Src/stm32l4xx_hal_rtc_ex.c **** 
 466:Drivers/STM32L4xx_HAL_Driver/Src/stm32l4xx_hal_rtc_ex.c ****   /* Fill the Date structure fields with the read parameters */
 467:Drivers/STM32L4xx_HAL_Driver/Src/stm32l4xx_hal_rtc_ex.c ****   sTimeStampDate->Year = 0U;
 560              		.loc 1 467 3 is_stmt 1 view .LVU197
 561              		.loc 1 467 24 is_stmt 0 view .LVU198
 562 002c 0022     		movs	r2, #0
 563 002e EA70     		strb	r2, [r5, #3]
ARM GAS  /tmp/cc1jHbzH.s 			page 19


 468:Drivers/STM32L4xx_HAL_Driver/Src/stm32l4xx_hal_rtc_ex.c ****   sTimeStampDate->Month = (uint8_t)((tmpdate & (RTC_TSDR_MT | RTC_TSDR_MU)) >> RTC_TSDR_MU_Pos);
 564              		.loc 1 468 3 is_stmt 1 view .LVU199
 565              		.loc 1 468 27 is_stmt 0 view .LVU200
 566 0030 C1F30422 		ubfx	r2, r1, #8, #5
 567              		.loc 1 468 25 view .LVU201
 568 0034 6A70     		strb	r2, [r5, #1]
 469:Drivers/STM32L4xx_HAL_Driver/Src/stm32l4xx_hal_rtc_ex.c ****   sTimeStampDate->Date = (uint8_t)((tmpdate & (RTC_TSDR_DT | RTC_TSDR_DU)) >> RTC_TSDR_DU_Pos);
 569              		.loc 1 469 3 is_stmt 1 view .LVU202
 570              		.loc 1 469 26 is_stmt 0 view .LVU203
 571 0036 01F03F02 		and	r2, r1, #63
 572              		.loc 1 469 24 view .LVU204
 573 003a AA70     		strb	r2, [r5, #2]
 470:Drivers/STM32L4xx_HAL_Driver/Src/stm32l4xx_hal_rtc_ex.c ****   sTimeStampDate->WeekDay = (uint8_t)((tmpdate & (RTC_TSDR_WDU)) >> RTC_TSDR_WDU_Pos);
 574              		.loc 1 470 3 is_stmt 1 view .LVU205
 575              		.loc 1 470 29 is_stmt 0 view .LVU206
 576 003c C1F34231 		ubfx	r1, r1, #13, #3
 577              	.LVL39:
 578              		.loc 1 470 27 view .LVU207
 579 0040 2970     		strb	r1, [r5]
 471:Drivers/STM32L4xx_HAL_Driver/Src/stm32l4xx_hal_rtc_ex.c **** 
 472:Drivers/STM32L4xx_HAL_Driver/Src/stm32l4xx_hal_rtc_ex.c ****   /* Check the input parameters format */
 473:Drivers/STM32L4xx_HAL_Driver/Src/stm32l4xx_hal_rtc_ex.c ****   if (Format == RTC_FORMAT_BIN)
 580              		.loc 1 473 3 is_stmt 1 view .LVU208
 581              		.loc 1 473 6 is_stmt 0 view .LVU209
 582 0042 6BB1     		cbz	r3, .L29
 583              	.LVL40:
 584              	.L27:
 474:Drivers/STM32L4xx_HAL_Driver/Src/stm32l4xx_hal_rtc_ex.c ****   {
 475:Drivers/STM32L4xx_HAL_Driver/Src/stm32l4xx_hal_rtc_ex.c ****     /* Convert the TimeStamp structure parameters to Binary format */
 476:Drivers/STM32L4xx_HAL_Driver/Src/stm32l4xx_hal_rtc_ex.c ****     sTimeStamp->Hours = (uint8_t)RTC_Bcd2ToByte(sTimeStamp->Hours);
 477:Drivers/STM32L4xx_HAL_Driver/Src/stm32l4xx_hal_rtc_ex.c ****     sTimeStamp->Minutes = (uint8_t)RTC_Bcd2ToByte(sTimeStamp->Minutes);
 478:Drivers/STM32L4xx_HAL_Driver/Src/stm32l4xx_hal_rtc_ex.c ****     sTimeStamp->Seconds = (uint8_t)RTC_Bcd2ToByte(sTimeStamp->Seconds);
 479:Drivers/STM32L4xx_HAL_Driver/Src/stm32l4xx_hal_rtc_ex.c **** 
 480:Drivers/STM32L4xx_HAL_Driver/Src/stm32l4xx_hal_rtc_ex.c ****     /* Convert the DateTimeStamp structure parameters to Binary format */
 481:Drivers/STM32L4xx_HAL_Driver/Src/stm32l4xx_hal_rtc_ex.c ****     sTimeStampDate->Month = (uint8_t)RTC_Bcd2ToByte(sTimeStampDate->Month);
 482:Drivers/STM32L4xx_HAL_Driver/Src/stm32l4xx_hal_rtc_ex.c ****     sTimeStampDate->Date = (uint8_t)RTC_Bcd2ToByte(sTimeStampDate->Date);
 483:Drivers/STM32L4xx_HAL_Driver/Src/stm32l4xx_hal_rtc_ex.c ****     sTimeStampDate->WeekDay = (uint8_t)RTC_Bcd2ToByte(sTimeStampDate->WeekDay);
 484:Drivers/STM32L4xx_HAL_Driver/Src/stm32l4xx_hal_rtc_ex.c ****   }
 485:Drivers/STM32L4xx_HAL_Driver/Src/stm32l4xx_hal_rtc_ex.c **** 
 486:Drivers/STM32L4xx_HAL_Driver/Src/stm32l4xx_hal_rtc_ex.c ****   /* Clear the TIMESTAMP Flags */
 487:Drivers/STM32L4xx_HAL_Driver/Src/stm32l4xx_hal_rtc_ex.c ****   __HAL_RTC_INTERNAL_TIMESTAMP_CLEAR_FLAG(hrtc, RTC_FLAG_ITSF);
 585              		.loc 1 487 3 is_stmt 1 view .LVU210
 586 0044 3168     		ldr	r1, [r6]
 587 0046 CA68     		ldr	r2, [r1, #12]
 588 0048 D2B2     		uxtb	r2, r2
 589 004a 124B     		ldr	r3, .L30
 590 004c 1343     		orrs	r3, r3, r2
 591 004e CB60     		str	r3, [r1, #12]
 488:Drivers/STM32L4xx_HAL_Driver/Src/stm32l4xx_hal_rtc_ex.c ****   __HAL_RTC_TIMESTAMP_CLEAR_FLAG(hrtc, RTC_FLAG_TSF);
 592              		.loc 1 488 3 view .LVU211
 593 0050 3268     		ldr	r2, [r6]
 594 0052 D368     		ldr	r3, [r2, #12]
 595 0054 DBB2     		uxtb	r3, r3
 596 0056 63F40863 		orn	r3, r3, #2176
 597 005a D360     		str	r3, [r2, #12]
 489:Drivers/STM32L4xx_HAL_Driver/Src/stm32l4xx_hal_rtc_ex.c **** 
 490:Drivers/STM32L4xx_HAL_Driver/Src/stm32l4xx_hal_rtc_ex.c ****   return HAL_OK;
ARM GAS  /tmp/cc1jHbzH.s 			page 20


 598              		.loc 1 490 3 view .LVU212
 491:Drivers/STM32L4xx_HAL_Driver/Src/stm32l4xx_hal_rtc_ex.c **** }
 599              		.loc 1 491 1 is_stmt 0 view .LVU213
 600 005c 0020     		movs	r0, #0
 601 005e 70BD     		pop	{r4, r5, r6, pc}
 602              	.LVL41:
 603              	.L29:
 476:Drivers/STM32L4xx_HAL_Driver/Src/stm32l4xx_hal_rtc_ex.c ****     sTimeStamp->Minutes = (uint8_t)RTC_Bcd2ToByte(sTimeStamp->Minutes);
 604              		.loc 1 476 5 is_stmt 1 view .LVU214
 476:Drivers/STM32L4xx_HAL_Driver/Src/stm32l4xx_hal_rtc_ex.c ****     sTimeStamp->Minutes = (uint8_t)RTC_Bcd2ToByte(sTimeStamp->Minutes);
 605              		.loc 1 476 34 is_stmt 0 view .LVU215
 606 0060 2078     		ldrb	r0, [r4]	@ zero_extendqisi2
 607 0062 FFF7FEFF 		bl	RTC_Bcd2ToByte
 608              	.LVL42:
 476:Drivers/STM32L4xx_HAL_Driver/Src/stm32l4xx_hal_rtc_ex.c ****     sTimeStamp->Minutes = (uint8_t)RTC_Bcd2ToByte(sTimeStamp->Minutes);
 609              		.loc 1 476 23 discriminator 1 view .LVU216
 610 0066 2070     		strb	r0, [r4]
 477:Drivers/STM32L4xx_HAL_Driver/Src/stm32l4xx_hal_rtc_ex.c ****     sTimeStamp->Seconds = (uint8_t)RTC_Bcd2ToByte(sTimeStamp->Seconds);
 611              		.loc 1 477 5 is_stmt 1 view .LVU217
 477:Drivers/STM32L4xx_HAL_Driver/Src/stm32l4xx_hal_rtc_ex.c ****     sTimeStamp->Seconds = (uint8_t)RTC_Bcd2ToByte(sTimeStamp->Seconds);
 612              		.loc 1 477 36 is_stmt 0 view .LVU218
 613 0068 6078     		ldrb	r0, [r4, #1]	@ zero_extendqisi2
 614 006a FFF7FEFF 		bl	RTC_Bcd2ToByte
 615              	.LVL43:
 477:Drivers/STM32L4xx_HAL_Driver/Src/stm32l4xx_hal_rtc_ex.c ****     sTimeStamp->Seconds = (uint8_t)RTC_Bcd2ToByte(sTimeStamp->Seconds);
 616              		.loc 1 477 25 discriminator 1 view .LVU219
 617 006e 6070     		strb	r0, [r4, #1]
 478:Drivers/STM32L4xx_HAL_Driver/Src/stm32l4xx_hal_rtc_ex.c **** 
 618              		.loc 1 478 5 is_stmt 1 view .LVU220
 478:Drivers/STM32L4xx_HAL_Driver/Src/stm32l4xx_hal_rtc_ex.c **** 
 619              		.loc 1 478 36 is_stmt 0 view .LVU221
 620 0070 A078     		ldrb	r0, [r4, #2]	@ zero_extendqisi2
 621 0072 FFF7FEFF 		bl	RTC_Bcd2ToByte
 622              	.LVL44:
 478:Drivers/STM32L4xx_HAL_Driver/Src/stm32l4xx_hal_rtc_ex.c **** 
 623              		.loc 1 478 25 discriminator 1 view .LVU222
 624 0076 A070     		strb	r0, [r4, #2]
 481:Drivers/STM32L4xx_HAL_Driver/Src/stm32l4xx_hal_rtc_ex.c ****     sTimeStampDate->Date = (uint8_t)RTC_Bcd2ToByte(sTimeStampDate->Date);
 625              		.loc 1 481 5 is_stmt 1 view .LVU223
 481:Drivers/STM32L4xx_HAL_Driver/Src/stm32l4xx_hal_rtc_ex.c ****     sTimeStampDate->Date = (uint8_t)RTC_Bcd2ToByte(sTimeStampDate->Date);
 626              		.loc 1 481 38 is_stmt 0 view .LVU224
 627 0078 6878     		ldrb	r0, [r5, #1]	@ zero_extendqisi2
 628 007a FFF7FEFF 		bl	RTC_Bcd2ToByte
 629              	.LVL45:
 481:Drivers/STM32L4xx_HAL_Driver/Src/stm32l4xx_hal_rtc_ex.c ****     sTimeStampDate->Date = (uint8_t)RTC_Bcd2ToByte(sTimeStampDate->Date);
 630              		.loc 1 481 27 discriminator 1 view .LVU225
 631 007e 6870     		strb	r0, [r5, #1]
 482:Drivers/STM32L4xx_HAL_Driver/Src/stm32l4xx_hal_rtc_ex.c ****     sTimeStampDate->WeekDay = (uint8_t)RTC_Bcd2ToByte(sTimeStampDate->WeekDay);
 632              		.loc 1 482 5 is_stmt 1 view .LVU226
 482:Drivers/STM32L4xx_HAL_Driver/Src/stm32l4xx_hal_rtc_ex.c ****     sTimeStampDate->WeekDay = (uint8_t)RTC_Bcd2ToByte(sTimeStampDate->WeekDay);
 633              		.loc 1 482 37 is_stmt 0 view .LVU227
 634 0080 A878     		ldrb	r0, [r5, #2]	@ zero_extendqisi2
 635 0082 FFF7FEFF 		bl	RTC_Bcd2ToByte
 636              	.LVL46:
 482:Drivers/STM32L4xx_HAL_Driver/Src/stm32l4xx_hal_rtc_ex.c ****     sTimeStampDate->WeekDay = (uint8_t)RTC_Bcd2ToByte(sTimeStampDate->WeekDay);
 637              		.loc 1 482 26 discriminator 1 view .LVU228
 638 0086 A870     		strb	r0, [r5, #2]
ARM GAS  /tmp/cc1jHbzH.s 			page 21


 483:Drivers/STM32L4xx_HAL_Driver/Src/stm32l4xx_hal_rtc_ex.c ****   }
 639              		.loc 1 483 5 is_stmt 1 view .LVU229
 483:Drivers/STM32L4xx_HAL_Driver/Src/stm32l4xx_hal_rtc_ex.c ****   }
 640              		.loc 1 483 40 is_stmt 0 view .LVU230
 641 0088 2878     		ldrb	r0, [r5]	@ zero_extendqisi2
 642 008a FFF7FEFF 		bl	RTC_Bcd2ToByte
 643              	.LVL47:
 483:Drivers/STM32L4xx_HAL_Driver/Src/stm32l4xx_hal_rtc_ex.c ****   }
 644              		.loc 1 483 29 discriminator 1 view .LVU231
 645 008e 2870     		strb	r0, [r5]
 646 0090 D8E7     		b	.L27
 647              	.L31:
 648 0092 00BF     		.align	2
 649              	.L30:
 650 0094 7FFFFDFF 		.word	-131201
 651              		.cfi_endproc
 652              	.LFE389:
 654              		.section	.text.HAL_RTCEx_TimeStampEventCallback,"ax",%progbits
 655              		.align	1
 656              		.weak	HAL_RTCEx_TimeStampEventCallback
 657              		.syntax unified
 658              		.thumb
 659              		.thumb_func
 661              	HAL_RTCEx_TimeStampEventCallback:
 662              	.LVL48:
 663              	.LFB391:
 492:Drivers/STM32L4xx_HAL_Driver/Src/stm32l4xx_hal_rtc_ex.c **** #endif /* #if defined (STM32L4P5xx) || defined (STM32L4Q5xx) */
 493:Drivers/STM32L4xx_HAL_Driver/Src/stm32l4xx_hal_rtc_ex.c **** 
 494:Drivers/STM32L4xx_HAL_Driver/Src/stm32l4xx_hal_rtc_ex.c **** /**
 495:Drivers/STM32L4xx_HAL_Driver/Src/stm32l4xx_hal_rtc_ex.c ****   * @brief  Handle TimeStamp interrupt request.
 496:Drivers/STM32L4xx_HAL_Driver/Src/stm32l4xx_hal_rtc_ex.c ****   * @param  hrtc RTC handle
 497:Drivers/STM32L4xx_HAL_Driver/Src/stm32l4xx_hal_rtc_ex.c ****   * @retval None
 498:Drivers/STM32L4xx_HAL_Driver/Src/stm32l4xx_hal_rtc_ex.c ****   */
 499:Drivers/STM32L4xx_HAL_Driver/Src/stm32l4xx_hal_rtc_ex.c **** #if defined(STM32L412xx) || defined(STM32L422xx) || defined (STM32L4P5xx) || defined (STM32L4Q5xx)
 500:Drivers/STM32L4xx_HAL_Driver/Src/stm32l4xx_hal_rtc_ex.c **** 
 501:Drivers/STM32L4xx_HAL_Driver/Src/stm32l4xx_hal_rtc_ex.c **** void HAL_RTCEx_TamperTimeStampIRQHandler(RTC_HandleTypeDef *hrtc)
 502:Drivers/STM32L4xx_HAL_Driver/Src/stm32l4xx_hal_rtc_ex.c **** {
 503:Drivers/STM32L4xx_HAL_Driver/Src/stm32l4xx_hal_rtc_ex.c **** 
 504:Drivers/STM32L4xx_HAL_Driver/Src/stm32l4xx_hal_rtc_ex.c ****   /* Process TAMP instance pointer */
 505:Drivers/STM32L4xx_HAL_Driver/Src/stm32l4xx_hal_rtc_ex.c ****   TAMP_TypeDef *tamp = (TAMP_TypeDef *)((uint32_t)hrtc->Instance + hrtc->TampOffset);
 506:Drivers/STM32L4xx_HAL_Driver/Src/stm32l4xx_hal_rtc_ex.c **** 
 507:Drivers/STM32L4xx_HAL_Driver/Src/stm32l4xx_hal_rtc_ex.c ****   /* Clear the EXTI's Flag for RTC TimeStamp and Tamper */
 508:Drivers/STM32L4xx_HAL_Driver/Src/stm32l4xx_hal_rtc_ex.c ****   __HAL_RTC_TAMPER_TIMESTAMP_EXTI_CLEAR_FLAG();
 509:Drivers/STM32L4xx_HAL_Driver/Src/stm32l4xx_hal_rtc_ex.c **** 
 510:Drivers/STM32L4xx_HAL_Driver/Src/stm32l4xx_hal_rtc_ex.c ****   if ((hrtc->Instance->MISR & RTC_MISR_TSMF) != 0u)
 511:Drivers/STM32L4xx_HAL_Driver/Src/stm32l4xx_hal_rtc_ex.c ****   {
 512:Drivers/STM32L4xx_HAL_Driver/Src/stm32l4xx_hal_rtc_ex.c **** #if (USE_HAL_RTC_REGISTER_CALLBACKS == 1)
 513:Drivers/STM32L4xx_HAL_Driver/Src/stm32l4xx_hal_rtc_ex.c ****     /* Call TimeStampEvent registered Callback */
 514:Drivers/STM32L4xx_HAL_Driver/Src/stm32l4xx_hal_rtc_ex.c ****     hrtc->TimeStampEventCallback(hrtc);
 515:Drivers/STM32L4xx_HAL_Driver/Src/stm32l4xx_hal_rtc_ex.c **** #else
 516:Drivers/STM32L4xx_HAL_Driver/Src/stm32l4xx_hal_rtc_ex.c ****     HAL_RTCEx_TimeStampEventCallback(hrtc);
 517:Drivers/STM32L4xx_HAL_Driver/Src/stm32l4xx_hal_rtc_ex.c **** #endif
 518:Drivers/STM32L4xx_HAL_Driver/Src/stm32l4xx_hal_rtc_ex.c ****     /* Not immediately clear flags because the content of RTC_TSTR and RTC_TSDR arecleared when TSF
 519:Drivers/STM32L4xx_HAL_Driver/Src/stm32l4xx_hal_rtc_ex.c ****     hrtc->Instance->SCR = RTC_SCR_CTSF;
 520:Drivers/STM32L4xx_HAL_Driver/Src/stm32l4xx_hal_rtc_ex.c ****   }
 521:Drivers/STM32L4xx_HAL_Driver/Src/stm32l4xx_hal_rtc_ex.c **** 
 522:Drivers/STM32L4xx_HAL_Driver/Src/stm32l4xx_hal_rtc_ex.c ****   /* Get interrupt status */
ARM GAS  /tmp/cc1jHbzH.s 			page 22


 523:Drivers/STM32L4xx_HAL_Driver/Src/stm32l4xx_hal_rtc_ex.c ****   uint32_t tmp = tamp->MISR;
 524:Drivers/STM32L4xx_HAL_Driver/Src/stm32l4xx_hal_rtc_ex.c **** 
 525:Drivers/STM32L4xx_HAL_Driver/Src/stm32l4xx_hal_rtc_ex.c ****   /* Immediately clear flags */
 526:Drivers/STM32L4xx_HAL_Driver/Src/stm32l4xx_hal_rtc_ex.c ****   tamp->SCR = tmp;
 527:Drivers/STM32L4xx_HAL_Driver/Src/stm32l4xx_hal_rtc_ex.c **** 
 528:Drivers/STM32L4xx_HAL_Driver/Src/stm32l4xx_hal_rtc_ex.c **** #if defined(RTC_TAMPER1_SUPPORT)
 529:Drivers/STM32L4xx_HAL_Driver/Src/stm32l4xx_hal_rtc_ex.c ****   /* Check Tamper1 status */
 530:Drivers/STM32L4xx_HAL_Driver/Src/stm32l4xx_hal_rtc_ex.c ****   if ((tmp & RTC_TAMPER_1) == RTC_TAMPER_1)
 531:Drivers/STM32L4xx_HAL_Driver/Src/stm32l4xx_hal_rtc_ex.c ****   {
 532:Drivers/STM32L4xx_HAL_Driver/Src/stm32l4xx_hal_rtc_ex.c **** #if (USE_HAL_RTC_REGISTER_CALLBACKS == 1)
 533:Drivers/STM32L4xx_HAL_Driver/Src/stm32l4xx_hal_rtc_ex.c ****     /* Call Tamper 1 Event registered Callback */
 534:Drivers/STM32L4xx_HAL_Driver/Src/stm32l4xx_hal_rtc_ex.c ****     hrtc->Tamper1EventCallback(hrtc);
 535:Drivers/STM32L4xx_HAL_Driver/Src/stm32l4xx_hal_rtc_ex.c **** #else
 536:Drivers/STM32L4xx_HAL_Driver/Src/stm32l4xx_hal_rtc_ex.c ****     /* Tamper1 callback */
 537:Drivers/STM32L4xx_HAL_Driver/Src/stm32l4xx_hal_rtc_ex.c ****     HAL_RTCEx_Tamper1EventCallback(hrtc);
 538:Drivers/STM32L4xx_HAL_Driver/Src/stm32l4xx_hal_rtc_ex.c **** #endif
 539:Drivers/STM32L4xx_HAL_Driver/Src/stm32l4xx_hal_rtc_ex.c ****   }
 540:Drivers/STM32L4xx_HAL_Driver/Src/stm32l4xx_hal_rtc_ex.c **** #endif /* RTC_TAMPER1_SUPPORT */
 541:Drivers/STM32L4xx_HAL_Driver/Src/stm32l4xx_hal_rtc_ex.c **** 
 542:Drivers/STM32L4xx_HAL_Driver/Src/stm32l4xx_hal_rtc_ex.c ****   /* Check Tamper2 status */
 543:Drivers/STM32L4xx_HAL_Driver/Src/stm32l4xx_hal_rtc_ex.c ****   if ((tmp & RTC_TAMPER_2) == RTC_TAMPER_2)
 544:Drivers/STM32L4xx_HAL_Driver/Src/stm32l4xx_hal_rtc_ex.c ****   {
 545:Drivers/STM32L4xx_HAL_Driver/Src/stm32l4xx_hal_rtc_ex.c **** #if (USE_HAL_RTC_REGISTER_CALLBACKS == 1)
 546:Drivers/STM32L4xx_HAL_Driver/Src/stm32l4xx_hal_rtc_ex.c ****     /* Call Tamper 2 Event registered Callback */
 547:Drivers/STM32L4xx_HAL_Driver/Src/stm32l4xx_hal_rtc_ex.c ****     hrtc->Tamper2EventCallback(hrtc);
 548:Drivers/STM32L4xx_HAL_Driver/Src/stm32l4xx_hal_rtc_ex.c **** #else
 549:Drivers/STM32L4xx_HAL_Driver/Src/stm32l4xx_hal_rtc_ex.c ****     /* Tamper2 callback */
 550:Drivers/STM32L4xx_HAL_Driver/Src/stm32l4xx_hal_rtc_ex.c ****     HAL_RTCEx_Tamper2EventCallback(hrtc);
 551:Drivers/STM32L4xx_HAL_Driver/Src/stm32l4xx_hal_rtc_ex.c **** #endif
 552:Drivers/STM32L4xx_HAL_Driver/Src/stm32l4xx_hal_rtc_ex.c ****   }
 553:Drivers/STM32L4xx_HAL_Driver/Src/stm32l4xx_hal_rtc_ex.c **** 
 554:Drivers/STM32L4xx_HAL_Driver/Src/stm32l4xx_hal_rtc_ex.c **** #if defined(RTC_TAMPER3_SUPPORT)
 555:Drivers/STM32L4xx_HAL_Driver/Src/stm32l4xx_hal_rtc_ex.c ****   /* Check Tamper3 status */
 556:Drivers/STM32L4xx_HAL_Driver/Src/stm32l4xx_hal_rtc_ex.c ****   if ((tmp & RTC_TAMPER_3) == RTC_TAMPER_3)
 557:Drivers/STM32L4xx_HAL_Driver/Src/stm32l4xx_hal_rtc_ex.c ****   {
 558:Drivers/STM32L4xx_HAL_Driver/Src/stm32l4xx_hal_rtc_ex.c **** #if (USE_HAL_RTC_REGISTER_CALLBACKS == 1)
 559:Drivers/STM32L4xx_HAL_Driver/Src/stm32l4xx_hal_rtc_ex.c ****     /* Call Tamper 3 Event registered Callback */
 560:Drivers/STM32L4xx_HAL_Driver/Src/stm32l4xx_hal_rtc_ex.c ****     hrtc->Tamper3EventCallback(hrtc);
 561:Drivers/STM32L4xx_HAL_Driver/Src/stm32l4xx_hal_rtc_ex.c **** #else
 562:Drivers/STM32L4xx_HAL_Driver/Src/stm32l4xx_hal_rtc_ex.c ****     /* Tamper3 callback */
 563:Drivers/STM32L4xx_HAL_Driver/Src/stm32l4xx_hal_rtc_ex.c ****     HAL_RTCEx_Tamper3EventCallback(hrtc);
 564:Drivers/STM32L4xx_HAL_Driver/Src/stm32l4xx_hal_rtc_ex.c **** #endif
 565:Drivers/STM32L4xx_HAL_Driver/Src/stm32l4xx_hal_rtc_ex.c ****   }
 566:Drivers/STM32L4xx_HAL_Driver/Src/stm32l4xx_hal_rtc_ex.c **** 
 567:Drivers/STM32L4xx_HAL_Driver/Src/stm32l4xx_hal_rtc_ex.c **** #endif /* RTC_TAMPER3_SUPPORT */
 568:Drivers/STM32L4xx_HAL_Driver/Src/stm32l4xx_hal_rtc_ex.c **** 
 569:Drivers/STM32L4xx_HAL_Driver/Src/stm32l4xx_hal_rtc_ex.c ****   /* Change RTC state */
 570:Drivers/STM32L4xx_HAL_Driver/Src/stm32l4xx_hal_rtc_ex.c ****   hrtc->State = HAL_RTC_STATE_READY;
 571:Drivers/STM32L4xx_HAL_Driver/Src/stm32l4xx_hal_rtc_ex.c **** }
 572:Drivers/STM32L4xx_HAL_Driver/Src/stm32l4xx_hal_rtc_ex.c **** 
 573:Drivers/STM32L4xx_HAL_Driver/Src/stm32l4xx_hal_rtc_ex.c **** #else /* #if defined(STM32L412xx) || defined(STM32L422xx) || defined (STM32L4P5xx) || defined (STM3
 574:Drivers/STM32L4xx_HAL_Driver/Src/stm32l4xx_hal_rtc_ex.c **** 
 575:Drivers/STM32L4xx_HAL_Driver/Src/stm32l4xx_hal_rtc_ex.c **** void HAL_RTCEx_TamperTimeStampIRQHandler(RTC_HandleTypeDef *hrtc)
 576:Drivers/STM32L4xx_HAL_Driver/Src/stm32l4xx_hal_rtc_ex.c **** {
 577:Drivers/STM32L4xx_HAL_Driver/Src/stm32l4xx_hal_rtc_ex.c ****   /* Clear the EXTI's Flag for RTC TimeStamp and Tamper */
 578:Drivers/STM32L4xx_HAL_Driver/Src/stm32l4xx_hal_rtc_ex.c ****   __HAL_RTC_TAMPER_TIMESTAMP_EXTI_CLEAR_FLAG();
 579:Drivers/STM32L4xx_HAL_Driver/Src/stm32l4xx_hal_rtc_ex.c **** 
ARM GAS  /tmp/cc1jHbzH.s 			page 23


 580:Drivers/STM32L4xx_HAL_Driver/Src/stm32l4xx_hal_rtc_ex.c ****   /* Get the TimeStamp interrupt source enable status and pending flag status */
 581:Drivers/STM32L4xx_HAL_Driver/Src/stm32l4xx_hal_rtc_ex.c ****   if (__HAL_RTC_TIMESTAMP_GET_IT_SOURCE(hrtc, RTC_IT_TS) != 0U)
 582:Drivers/STM32L4xx_HAL_Driver/Src/stm32l4xx_hal_rtc_ex.c ****   {
 583:Drivers/STM32L4xx_HAL_Driver/Src/stm32l4xx_hal_rtc_ex.c ****     if (__HAL_RTC_TIMESTAMP_GET_FLAG(hrtc, RTC_FLAG_TSF) != 0U)
 584:Drivers/STM32L4xx_HAL_Driver/Src/stm32l4xx_hal_rtc_ex.c ****     {
 585:Drivers/STM32L4xx_HAL_Driver/Src/stm32l4xx_hal_rtc_ex.c ****       /* TIMESTAMP callback */
 586:Drivers/STM32L4xx_HAL_Driver/Src/stm32l4xx_hal_rtc_ex.c **** #if (USE_HAL_RTC_REGISTER_CALLBACKS == 1)
 587:Drivers/STM32L4xx_HAL_Driver/Src/stm32l4xx_hal_rtc_ex.c ****       hrtc->TimeStampEventCallback(hrtc);
 588:Drivers/STM32L4xx_HAL_Driver/Src/stm32l4xx_hal_rtc_ex.c **** #else  /* (USE_HAL_RTC_REGISTER_CALLBACKS == 1) */
 589:Drivers/STM32L4xx_HAL_Driver/Src/stm32l4xx_hal_rtc_ex.c ****       HAL_RTCEx_TimeStampEventCallback(hrtc);
 590:Drivers/STM32L4xx_HAL_Driver/Src/stm32l4xx_hal_rtc_ex.c **** #endif /* (USE_HAL_RTC_REGISTER_CALLBACKS == 1) */
 591:Drivers/STM32L4xx_HAL_Driver/Src/stm32l4xx_hal_rtc_ex.c **** 
 592:Drivers/STM32L4xx_HAL_Driver/Src/stm32l4xx_hal_rtc_ex.c ****       /* Clear the TIMESTAMP interrupt pending bit (this will clear timestamp time and date registe
 593:Drivers/STM32L4xx_HAL_Driver/Src/stm32l4xx_hal_rtc_ex.c ****       __HAL_RTC_TIMESTAMP_CLEAR_FLAG(hrtc, RTC_FLAG_TSF);
 594:Drivers/STM32L4xx_HAL_Driver/Src/stm32l4xx_hal_rtc_ex.c ****     }
 595:Drivers/STM32L4xx_HAL_Driver/Src/stm32l4xx_hal_rtc_ex.c ****   }
 596:Drivers/STM32L4xx_HAL_Driver/Src/stm32l4xx_hal_rtc_ex.c **** 
 597:Drivers/STM32L4xx_HAL_Driver/Src/stm32l4xx_hal_rtc_ex.c **** #if defined(RTC_TAMPER1_SUPPORT)
 598:Drivers/STM32L4xx_HAL_Driver/Src/stm32l4xx_hal_rtc_ex.c ****   /* Get the Tamper1 interrupt source enable status and pending flag status */
 599:Drivers/STM32L4xx_HAL_Driver/Src/stm32l4xx_hal_rtc_ex.c ****   if (__HAL_RTC_TAMPER_GET_IT_SOURCE(hrtc, RTC_IT_TAMP | RTC_IT_TAMP1) != 0U)
 600:Drivers/STM32L4xx_HAL_Driver/Src/stm32l4xx_hal_rtc_ex.c ****   {
 601:Drivers/STM32L4xx_HAL_Driver/Src/stm32l4xx_hal_rtc_ex.c ****     if (__HAL_RTC_TAMPER_GET_FLAG(hrtc, RTC_FLAG_TAMP1F) != 0U)
 602:Drivers/STM32L4xx_HAL_Driver/Src/stm32l4xx_hal_rtc_ex.c ****     {
 603:Drivers/STM32L4xx_HAL_Driver/Src/stm32l4xx_hal_rtc_ex.c ****       /* Clear the Tamper1 interrupt pending bit */
 604:Drivers/STM32L4xx_HAL_Driver/Src/stm32l4xx_hal_rtc_ex.c ****       __HAL_RTC_TAMPER_CLEAR_FLAG(hrtc, RTC_FLAG_TAMP1F);
 605:Drivers/STM32L4xx_HAL_Driver/Src/stm32l4xx_hal_rtc_ex.c **** 
 606:Drivers/STM32L4xx_HAL_Driver/Src/stm32l4xx_hal_rtc_ex.c ****       /* Tamper1 callback */
 607:Drivers/STM32L4xx_HAL_Driver/Src/stm32l4xx_hal_rtc_ex.c **** #if (USE_HAL_RTC_REGISTER_CALLBACKS == 1)
 608:Drivers/STM32L4xx_HAL_Driver/Src/stm32l4xx_hal_rtc_ex.c ****       hrtc->Tamper1EventCallback(hrtc);
 609:Drivers/STM32L4xx_HAL_Driver/Src/stm32l4xx_hal_rtc_ex.c **** #else  /* (USE_HAL_RTC_REGISTER_CALLBACKS == 1) */
 610:Drivers/STM32L4xx_HAL_Driver/Src/stm32l4xx_hal_rtc_ex.c ****       HAL_RTCEx_Tamper1EventCallback(hrtc);
 611:Drivers/STM32L4xx_HAL_Driver/Src/stm32l4xx_hal_rtc_ex.c **** #endif /* (USE_HAL_RTC_REGISTER_CALLBACKS == 1) */
 612:Drivers/STM32L4xx_HAL_Driver/Src/stm32l4xx_hal_rtc_ex.c ****     }
 613:Drivers/STM32L4xx_HAL_Driver/Src/stm32l4xx_hal_rtc_ex.c ****   }
 614:Drivers/STM32L4xx_HAL_Driver/Src/stm32l4xx_hal_rtc_ex.c **** #endif /* RTC_TAMPER1_SUPPORT */
 615:Drivers/STM32L4xx_HAL_Driver/Src/stm32l4xx_hal_rtc_ex.c **** 
 616:Drivers/STM32L4xx_HAL_Driver/Src/stm32l4xx_hal_rtc_ex.c ****   /* Get the Tamper2 interrupt source enable status and pending flag status */
 617:Drivers/STM32L4xx_HAL_Driver/Src/stm32l4xx_hal_rtc_ex.c ****   if (__HAL_RTC_TAMPER_GET_IT_SOURCE(hrtc, RTC_IT_TAMP | RTC_IT_TAMP2) != 0U)
 618:Drivers/STM32L4xx_HAL_Driver/Src/stm32l4xx_hal_rtc_ex.c ****   {
 619:Drivers/STM32L4xx_HAL_Driver/Src/stm32l4xx_hal_rtc_ex.c ****     if (__HAL_RTC_TAMPER_GET_FLAG(hrtc, RTC_FLAG_TAMP2F) != 0U)
 620:Drivers/STM32L4xx_HAL_Driver/Src/stm32l4xx_hal_rtc_ex.c ****     {
 621:Drivers/STM32L4xx_HAL_Driver/Src/stm32l4xx_hal_rtc_ex.c ****       /* Clear the Tamper2 interrupt pending bit */
 622:Drivers/STM32L4xx_HAL_Driver/Src/stm32l4xx_hal_rtc_ex.c ****       __HAL_RTC_TAMPER_CLEAR_FLAG(hrtc, RTC_FLAG_TAMP2F);
 623:Drivers/STM32L4xx_HAL_Driver/Src/stm32l4xx_hal_rtc_ex.c **** 
 624:Drivers/STM32L4xx_HAL_Driver/Src/stm32l4xx_hal_rtc_ex.c ****       /* Tamper2 callback */
 625:Drivers/STM32L4xx_HAL_Driver/Src/stm32l4xx_hal_rtc_ex.c **** #if (USE_HAL_RTC_REGISTER_CALLBACKS == 1)
 626:Drivers/STM32L4xx_HAL_Driver/Src/stm32l4xx_hal_rtc_ex.c ****       hrtc->Tamper2EventCallback(hrtc);
 627:Drivers/STM32L4xx_HAL_Driver/Src/stm32l4xx_hal_rtc_ex.c **** #else  /* (USE_HAL_RTC_REGISTER_CALLBACKS == 1) */
 628:Drivers/STM32L4xx_HAL_Driver/Src/stm32l4xx_hal_rtc_ex.c ****       HAL_RTCEx_Tamper2EventCallback(hrtc);
 629:Drivers/STM32L4xx_HAL_Driver/Src/stm32l4xx_hal_rtc_ex.c **** #endif /* (USE_HAL_RTC_REGISTER_CALLBACKS == 1) */
 630:Drivers/STM32L4xx_HAL_Driver/Src/stm32l4xx_hal_rtc_ex.c ****     }
 631:Drivers/STM32L4xx_HAL_Driver/Src/stm32l4xx_hal_rtc_ex.c ****   }
 632:Drivers/STM32L4xx_HAL_Driver/Src/stm32l4xx_hal_rtc_ex.c **** 
 633:Drivers/STM32L4xx_HAL_Driver/Src/stm32l4xx_hal_rtc_ex.c **** #if defined(RTC_TAMPER3_SUPPORT)
 634:Drivers/STM32L4xx_HAL_Driver/Src/stm32l4xx_hal_rtc_ex.c ****   /* Get the Tamper3 interrupts source enable status */
 635:Drivers/STM32L4xx_HAL_Driver/Src/stm32l4xx_hal_rtc_ex.c ****   if (__HAL_RTC_TAMPER_GET_IT_SOURCE(hrtc, RTC_IT_TAMP | RTC_IT_TAMP3) != 0U)
 636:Drivers/STM32L4xx_HAL_Driver/Src/stm32l4xx_hal_rtc_ex.c ****   {
ARM GAS  /tmp/cc1jHbzH.s 			page 24


 637:Drivers/STM32L4xx_HAL_Driver/Src/stm32l4xx_hal_rtc_ex.c ****     if (__HAL_RTC_TAMPER_GET_FLAG(hrtc, RTC_FLAG_TAMP3F) != 0U)
 638:Drivers/STM32L4xx_HAL_Driver/Src/stm32l4xx_hal_rtc_ex.c ****     {
 639:Drivers/STM32L4xx_HAL_Driver/Src/stm32l4xx_hal_rtc_ex.c ****       /* Clear the Tamper3 interrupt pending bit */
 640:Drivers/STM32L4xx_HAL_Driver/Src/stm32l4xx_hal_rtc_ex.c ****       __HAL_RTC_TAMPER_CLEAR_FLAG(hrtc, RTC_FLAG_TAMP3F);
 641:Drivers/STM32L4xx_HAL_Driver/Src/stm32l4xx_hal_rtc_ex.c **** 
 642:Drivers/STM32L4xx_HAL_Driver/Src/stm32l4xx_hal_rtc_ex.c ****       /* Tamper3 callback */
 643:Drivers/STM32L4xx_HAL_Driver/Src/stm32l4xx_hal_rtc_ex.c **** #if (USE_HAL_RTC_REGISTER_CALLBACKS == 1)
 644:Drivers/STM32L4xx_HAL_Driver/Src/stm32l4xx_hal_rtc_ex.c ****       hrtc->Tamper3EventCallback(hrtc);
 645:Drivers/STM32L4xx_HAL_Driver/Src/stm32l4xx_hal_rtc_ex.c **** #else
 646:Drivers/STM32L4xx_HAL_Driver/Src/stm32l4xx_hal_rtc_ex.c ****       HAL_RTCEx_Tamper3EventCallback(hrtc);
 647:Drivers/STM32L4xx_HAL_Driver/Src/stm32l4xx_hal_rtc_ex.c **** #endif /* USE_HAL_RTC_REGISTER_CALLBACKS */
 648:Drivers/STM32L4xx_HAL_Driver/Src/stm32l4xx_hal_rtc_ex.c ****     }
 649:Drivers/STM32L4xx_HAL_Driver/Src/stm32l4xx_hal_rtc_ex.c ****   }
 650:Drivers/STM32L4xx_HAL_Driver/Src/stm32l4xx_hal_rtc_ex.c **** #endif /* RTC_TAMPER3_SUPPORT */
 651:Drivers/STM32L4xx_HAL_Driver/Src/stm32l4xx_hal_rtc_ex.c **** 
 652:Drivers/STM32L4xx_HAL_Driver/Src/stm32l4xx_hal_rtc_ex.c ****   /* Change RTC state */
 653:Drivers/STM32L4xx_HAL_Driver/Src/stm32l4xx_hal_rtc_ex.c ****   hrtc->State = HAL_RTC_STATE_READY;
 654:Drivers/STM32L4xx_HAL_Driver/Src/stm32l4xx_hal_rtc_ex.c **** }
 655:Drivers/STM32L4xx_HAL_Driver/Src/stm32l4xx_hal_rtc_ex.c **** #endif /* #if defined(STM32L412xx) || defined(STM32L422xx) || defined (STM32L4P5xx) || defined (STM
 656:Drivers/STM32L4xx_HAL_Driver/Src/stm32l4xx_hal_rtc_ex.c **** 
 657:Drivers/STM32L4xx_HAL_Driver/Src/stm32l4xx_hal_rtc_ex.c **** /**
 658:Drivers/STM32L4xx_HAL_Driver/Src/stm32l4xx_hal_rtc_ex.c ****   * @brief  TimeStamp callback.
 659:Drivers/STM32L4xx_HAL_Driver/Src/stm32l4xx_hal_rtc_ex.c ****   * @param  hrtc RTC handle
 660:Drivers/STM32L4xx_HAL_Driver/Src/stm32l4xx_hal_rtc_ex.c ****   * @retval None
 661:Drivers/STM32L4xx_HAL_Driver/Src/stm32l4xx_hal_rtc_ex.c ****   */
 662:Drivers/STM32L4xx_HAL_Driver/Src/stm32l4xx_hal_rtc_ex.c **** __weak void HAL_RTCEx_TimeStampEventCallback(RTC_HandleTypeDef *hrtc)
 663:Drivers/STM32L4xx_HAL_Driver/Src/stm32l4xx_hal_rtc_ex.c **** {
 664              		.loc 1 663 1 is_stmt 1 view -0
 665              		.cfi_startproc
 666              		@ args = 0, pretend = 0, frame = 0
 667              		@ frame_needed = 0, uses_anonymous_args = 0
 668              		@ link register save eliminated.
 664:Drivers/STM32L4xx_HAL_Driver/Src/stm32l4xx_hal_rtc_ex.c ****   /* Prevent unused argument(s) compilation warning */
 665:Drivers/STM32L4xx_HAL_Driver/Src/stm32l4xx_hal_rtc_ex.c ****   UNUSED(hrtc);
 669              		.loc 1 665 3 view .LVU233
 666:Drivers/STM32L4xx_HAL_Driver/Src/stm32l4xx_hal_rtc_ex.c **** 
 667:Drivers/STM32L4xx_HAL_Driver/Src/stm32l4xx_hal_rtc_ex.c ****   /* NOTE : This function should not be modified, when the callback is needed,
 668:Drivers/STM32L4xx_HAL_Driver/Src/stm32l4xx_hal_rtc_ex.c ****             the HAL_RTCEx_TimeStampEventCallback could be implemented in the user file
 669:Drivers/STM32L4xx_HAL_Driver/Src/stm32l4xx_hal_rtc_ex.c ****    */
 670:Drivers/STM32L4xx_HAL_Driver/Src/stm32l4xx_hal_rtc_ex.c **** }
 670              		.loc 1 670 1 is_stmt 0 view .LVU234
 671 0000 7047     		bx	lr
 672              		.cfi_endproc
 673              	.LFE391:
 675              		.section	.text.HAL_RTCEx_PollForTimeStampEvent,"ax",%progbits
 676              		.align	1
 677              		.global	HAL_RTCEx_PollForTimeStampEvent
 678              		.syntax unified
 679              		.thumb
 680              		.thumb_func
 682              	HAL_RTCEx_PollForTimeStampEvent:
 683              	.LVL49:
 684              	.LFB392:
 671:Drivers/STM32L4xx_HAL_Driver/Src/stm32l4xx_hal_rtc_ex.c **** 
 672:Drivers/STM32L4xx_HAL_Driver/Src/stm32l4xx_hal_rtc_ex.c **** /**
 673:Drivers/STM32L4xx_HAL_Driver/Src/stm32l4xx_hal_rtc_ex.c ****   * @brief  Handle TimeStamp polling request.
 674:Drivers/STM32L4xx_HAL_Driver/Src/stm32l4xx_hal_rtc_ex.c ****   * @param  hrtc RTC handle
ARM GAS  /tmp/cc1jHbzH.s 			page 25


 675:Drivers/STM32L4xx_HAL_Driver/Src/stm32l4xx_hal_rtc_ex.c ****   * @param  Timeout Timeout duration
 676:Drivers/STM32L4xx_HAL_Driver/Src/stm32l4xx_hal_rtc_ex.c ****   * @retval HAL status
 677:Drivers/STM32L4xx_HAL_Driver/Src/stm32l4xx_hal_rtc_ex.c ****   */
 678:Drivers/STM32L4xx_HAL_Driver/Src/stm32l4xx_hal_rtc_ex.c **** HAL_StatusTypeDef HAL_RTCEx_PollForTimeStampEvent(RTC_HandleTypeDef *hrtc, uint32_t Timeout)
 679:Drivers/STM32L4xx_HAL_Driver/Src/stm32l4xx_hal_rtc_ex.c **** {
 685              		.loc 1 679 1 is_stmt 1 view -0
 686              		.cfi_startproc
 687              		@ args = 0, pretend = 0, frame = 0
 688              		@ frame_needed = 0, uses_anonymous_args = 0
 689              		.loc 1 679 1 is_stmt 0 view .LVU236
 690 0000 70B5     		push	{r4, r5, r6, lr}
 691              	.LCFI5:
 692              		.cfi_def_cfa_offset 16
 693              		.cfi_offset 4, -16
 694              		.cfi_offset 5, -12
 695              		.cfi_offset 6, -8
 696              		.cfi_offset 14, -4
 697 0002 0446     		mov	r4, r0
 698 0004 0D46     		mov	r5, r1
 680:Drivers/STM32L4xx_HAL_Driver/Src/stm32l4xx_hal_rtc_ex.c ****   uint32_t tickstart = HAL_GetTick();
 699              		.loc 1 680 3 is_stmt 1 view .LVU237
 700              		.loc 1 680 24 is_stmt 0 view .LVU238
 701 0006 FFF7FEFF 		bl	HAL_GetTick
 702              	.LVL50:
 703              		.loc 1 680 24 view .LVU239
 704 000a 0646     		mov	r6, r0
 705              	.LVL51:
 681:Drivers/STM32L4xx_HAL_Driver/Src/stm32l4xx_hal_rtc_ex.c **** 
 682:Drivers/STM32L4xx_HAL_Driver/Src/stm32l4xx_hal_rtc_ex.c ****   while (__HAL_RTC_TIMESTAMP_GET_FLAG(hrtc, RTC_FLAG_TSF) == 0U)
 706              		.loc 1 682 3 is_stmt 1 view .LVU240
 707              	.L37:
 708              		.loc 1 682 59 view .LVU241
 709              		.loc 1 682 10 is_stmt 0 view .LVU242
 710 000c 2368     		ldr	r3, [r4]
 711 000e DA68     		ldr	r2, [r3, #12]
 712              		.loc 1 682 59 view .LVU243
 713 0010 12F4006F 		tst	r2, #2048
 714 0014 1BD1     		bne	.L41
 683:Drivers/STM32L4xx_HAL_Driver/Src/stm32l4xx_hal_rtc_ex.c ****   {
 684:Drivers/STM32L4xx_HAL_Driver/Src/stm32l4xx_hal_rtc_ex.c ****     if (__HAL_RTC_TIMESTAMP_GET_FLAG(hrtc, RTC_FLAG_TSOVF) != 0U)
 715              		.loc 1 684 5 is_stmt 1 view .LVU244
 716              		.loc 1 684 9 is_stmt 0 view .LVU245
 717 0016 DA68     		ldr	r2, [r3, #12]
 718              		.loc 1 684 8 view .LVU246
 719 0018 12F4805F 		tst	r2, #4096
 720 001c 0DD1     		bne	.L42
 685:Drivers/STM32L4xx_HAL_Driver/Src/stm32l4xx_hal_rtc_ex.c ****     {
 686:Drivers/STM32L4xx_HAL_Driver/Src/stm32l4xx_hal_rtc_ex.c ****       /* Clear the TIMESTAMP OverRun Flag */
 687:Drivers/STM32L4xx_HAL_Driver/Src/stm32l4xx_hal_rtc_ex.c ****       __HAL_RTC_TIMESTAMP_CLEAR_FLAG(hrtc, RTC_FLAG_TSOVF);
 688:Drivers/STM32L4xx_HAL_Driver/Src/stm32l4xx_hal_rtc_ex.c **** 
 689:Drivers/STM32L4xx_HAL_Driver/Src/stm32l4xx_hal_rtc_ex.c ****       /* Change TIMESTAMP state */
 690:Drivers/STM32L4xx_HAL_Driver/Src/stm32l4xx_hal_rtc_ex.c ****       hrtc->State = HAL_RTC_STATE_ERROR;
 691:Drivers/STM32L4xx_HAL_Driver/Src/stm32l4xx_hal_rtc_ex.c **** 
 692:Drivers/STM32L4xx_HAL_Driver/Src/stm32l4xx_hal_rtc_ex.c ****       return HAL_ERROR;
 693:Drivers/STM32L4xx_HAL_Driver/Src/stm32l4xx_hal_rtc_ex.c ****     }
 694:Drivers/STM32L4xx_HAL_Driver/Src/stm32l4xx_hal_rtc_ex.c **** 
 695:Drivers/STM32L4xx_HAL_Driver/Src/stm32l4xx_hal_rtc_ex.c ****     if (Timeout != HAL_MAX_DELAY)
ARM GAS  /tmp/cc1jHbzH.s 			page 26


 721              		.loc 1 695 5 is_stmt 1 view .LVU247
 722              		.loc 1 695 8 is_stmt 0 view .LVU248
 723 001e B5F1FF3F 		cmp	r5, #-1
 724 0022 F3D0     		beq	.L37
 696:Drivers/STM32L4xx_HAL_Driver/Src/stm32l4xx_hal_rtc_ex.c ****     {
 697:Drivers/STM32L4xx_HAL_Driver/Src/stm32l4xx_hal_rtc_ex.c ****       if (((HAL_GetTick() - tickstart) > Timeout) || (Timeout == 0U))
 725              		.loc 1 697 7 is_stmt 1 view .LVU249
 726              		.loc 1 697 13 is_stmt 0 view .LVU250
 727 0024 FFF7FEFF 		bl	HAL_GetTick
 728              	.LVL52:
 729              		.loc 1 697 27 discriminator 1 view .LVU251
 730 0028 801B     		subs	r0, r0, r6
 731              		.loc 1 697 10 discriminator 1 view .LVU252
 732 002a A842     		cmp	r0, r5
 733 002c 01D8     		bhi	.L38
 734              		.loc 1 697 51 discriminator 1 view .LVU253
 735 002e 002D     		cmp	r5, #0
 736 0030 ECD1     		bne	.L37
 737              	.L38:
 698:Drivers/STM32L4xx_HAL_Driver/Src/stm32l4xx_hal_rtc_ex.c ****       {
 699:Drivers/STM32L4xx_HAL_Driver/Src/stm32l4xx_hal_rtc_ex.c ****         hrtc->State = HAL_RTC_STATE_TIMEOUT;
 738              		.loc 1 699 9 is_stmt 1 view .LVU254
 739              		.loc 1 699 21 is_stmt 0 view .LVU255
 740 0032 0320     		movs	r0, #3
 741 0034 84F82100 		strb	r0, [r4, #33]
 700:Drivers/STM32L4xx_HAL_Driver/Src/stm32l4xx_hal_rtc_ex.c ****         return HAL_TIMEOUT;
 742              		.loc 1 700 9 is_stmt 1 view .LVU256
 743              		.loc 1 700 16 is_stmt 0 view .LVU257
 744 0038 0DE0     		b	.L36
 745              	.L42:
 687:Drivers/STM32L4xx_HAL_Driver/Src/stm32l4xx_hal_rtc_ex.c **** 
 746              		.loc 1 687 7 is_stmt 1 view .LVU258
 747 003a DA68     		ldr	r2, [r3, #12]
 748 003c D2B2     		uxtb	r2, r2
 749 003e 62F48452 		orn	r2, r2, #4224
 750 0042 DA60     		str	r2, [r3, #12]
 690:Drivers/STM32L4xx_HAL_Driver/Src/stm32l4xx_hal_rtc_ex.c **** 
 751              		.loc 1 690 7 view .LVU259
 690:Drivers/STM32L4xx_HAL_Driver/Src/stm32l4xx_hal_rtc_ex.c **** 
 752              		.loc 1 690 19 is_stmt 0 view .LVU260
 753 0044 0423     		movs	r3, #4
 754 0046 84F82130 		strb	r3, [r4, #33]
 692:Drivers/STM32L4xx_HAL_Driver/Src/stm32l4xx_hal_rtc_ex.c ****     }
 755              		.loc 1 692 7 is_stmt 1 view .LVU261
 692:Drivers/STM32L4xx_HAL_Driver/Src/stm32l4xx_hal_rtc_ex.c ****     }
 756              		.loc 1 692 14 is_stmt 0 view .LVU262
 757 004a 0120     		movs	r0, #1
 758 004c 03E0     		b	.L36
 759              	.L41:
 701:Drivers/STM32L4xx_HAL_Driver/Src/stm32l4xx_hal_rtc_ex.c ****       }
 702:Drivers/STM32L4xx_HAL_Driver/Src/stm32l4xx_hal_rtc_ex.c ****     }
 703:Drivers/STM32L4xx_HAL_Driver/Src/stm32l4xx_hal_rtc_ex.c ****   }
 704:Drivers/STM32L4xx_HAL_Driver/Src/stm32l4xx_hal_rtc_ex.c **** 
 705:Drivers/STM32L4xx_HAL_Driver/Src/stm32l4xx_hal_rtc_ex.c ****   /* Change RTC state */
 706:Drivers/STM32L4xx_HAL_Driver/Src/stm32l4xx_hal_rtc_ex.c ****   hrtc->State = HAL_RTC_STATE_READY;
 760              		.loc 1 706 3 is_stmt 1 view .LVU263
 761              		.loc 1 706 15 is_stmt 0 view .LVU264
ARM GAS  /tmp/cc1jHbzH.s 			page 27


 762 004e 0123     		movs	r3, #1
 763 0050 84F82130 		strb	r3, [r4, #33]
 707:Drivers/STM32L4xx_HAL_Driver/Src/stm32l4xx_hal_rtc_ex.c **** 
 708:Drivers/STM32L4xx_HAL_Driver/Src/stm32l4xx_hal_rtc_ex.c ****   return HAL_OK;
 764              		.loc 1 708 3 is_stmt 1 view .LVU265
 765              		.loc 1 708 10 is_stmt 0 view .LVU266
 766 0054 0020     		movs	r0, #0
 767              	.L36:
 709:Drivers/STM32L4xx_HAL_Driver/Src/stm32l4xx_hal_rtc_ex.c **** }
 768              		.loc 1 709 1 view .LVU267
 769 0056 70BD     		pop	{r4, r5, r6, pc}
 770              		.loc 1 709 1 view .LVU268
 771              		.cfi_endproc
 772              	.LFE392:
 774              		.section	.text.HAL_RTCEx_SetWakeUpTimer,"ax",%progbits
 775              		.align	1
 776              		.global	HAL_RTCEx_SetWakeUpTimer
 777              		.syntax unified
 778              		.thumb
 779              		.thumb_func
 781              	HAL_RTCEx_SetWakeUpTimer:
 782              	.LVL53:
 783              	.LFB393:
 710:Drivers/STM32L4xx_HAL_Driver/Src/stm32l4xx_hal_rtc_ex.c **** 
 711:Drivers/STM32L4xx_HAL_Driver/Src/stm32l4xx_hal_rtc_ex.c **** /**
 712:Drivers/STM32L4xx_HAL_Driver/Src/stm32l4xx_hal_rtc_ex.c ****   * @}
 713:Drivers/STM32L4xx_HAL_Driver/Src/stm32l4xx_hal_rtc_ex.c ****   */
 714:Drivers/STM32L4xx_HAL_Driver/Src/stm32l4xx_hal_rtc_ex.c **** 
 715:Drivers/STM32L4xx_HAL_Driver/Src/stm32l4xx_hal_rtc_ex.c **** /** @addtogroup RTCEx_Exported_Functions_Group2
 716:Drivers/STM32L4xx_HAL_Driver/Src/stm32l4xx_hal_rtc_ex.c ****   * @brief    RTC Wake-up functions
 717:Drivers/STM32L4xx_HAL_Driver/Src/stm32l4xx_hal_rtc_ex.c ****   *
 718:Drivers/STM32L4xx_HAL_Driver/Src/stm32l4xx_hal_rtc_ex.c **** @verbatim
 719:Drivers/STM32L4xx_HAL_Driver/Src/stm32l4xx_hal_rtc_ex.c ****  ===============================================================================
 720:Drivers/STM32L4xx_HAL_Driver/Src/stm32l4xx_hal_rtc_ex.c ****                         ##### RTC Wake-up functions #####
 721:Drivers/STM32L4xx_HAL_Driver/Src/stm32l4xx_hal_rtc_ex.c ****  ===============================================================================
 722:Drivers/STM32L4xx_HAL_Driver/Src/stm32l4xx_hal_rtc_ex.c **** 
 723:Drivers/STM32L4xx_HAL_Driver/Src/stm32l4xx_hal_rtc_ex.c ****  [..] This section provides functions allowing to configure Wake-up feature
 724:Drivers/STM32L4xx_HAL_Driver/Src/stm32l4xx_hal_rtc_ex.c **** 
 725:Drivers/STM32L4xx_HAL_Driver/Src/stm32l4xx_hal_rtc_ex.c **** @endverbatim
 726:Drivers/STM32L4xx_HAL_Driver/Src/stm32l4xx_hal_rtc_ex.c ****   * @{
 727:Drivers/STM32L4xx_HAL_Driver/Src/stm32l4xx_hal_rtc_ex.c ****   */
 728:Drivers/STM32L4xx_HAL_Driver/Src/stm32l4xx_hal_rtc_ex.c **** 
 729:Drivers/STM32L4xx_HAL_Driver/Src/stm32l4xx_hal_rtc_ex.c **** /**
 730:Drivers/STM32L4xx_HAL_Driver/Src/stm32l4xx_hal_rtc_ex.c ****   * @brief  Set wake up timer.
 731:Drivers/STM32L4xx_HAL_Driver/Src/stm32l4xx_hal_rtc_ex.c ****   * @param  hrtc RTC handle
 732:Drivers/STM32L4xx_HAL_Driver/Src/stm32l4xx_hal_rtc_ex.c ****   * @param  WakeUpCounter Wake up counter
 733:Drivers/STM32L4xx_HAL_Driver/Src/stm32l4xx_hal_rtc_ex.c ****   * @param  WakeUpClock Wake up clock
 734:Drivers/STM32L4xx_HAL_Driver/Src/stm32l4xx_hal_rtc_ex.c ****   * @retval HAL status
 735:Drivers/STM32L4xx_HAL_Driver/Src/stm32l4xx_hal_rtc_ex.c ****   */
 736:Drivers/STM32L4xx_HAL_Driver/Src/stm32l4xx_hal_rtc_ex.c **** HAL_StatusTypeDef HAL_RTCEx_SetWakeUpTimer(RTC_HandleTypeDef *hrtc, uint32_t WakeUpCounter, uint32_
 737:Drivers/STM32L4xx_HAL_Driver/Src/stm32l4xx_hal_rtc_ex.c **** {
 784              		.loc 1 737 1 is_stmt 1 view -0
 785              		.cfi_startproc
 786              		@ args = 0, pretend = 0, frame = 0
 787              		@ frame_needed = 0, uses_anonymous_args = 0
 788              		.loc 1 737 1 is_stmt 0 view .LVU270
 789 0000 F8B5     		push	{r3, r4, r5, r6, r7, lr}
ARM GAS  /tmp/cc1jHbzH.s 			page 28


 790              	.LCFI6:
 791              		.cfi_def_cfa_offset 24
 792              		.cfi_offset 3, -24
 793              		.cfi_offset 4, -20
 794              		.cfi_offset 5, -16
 795              		.cfi_offset 6, -12
 796              		.cfi_offset 7, -8
 797              		.cfi_offset 14, -4
 738:Drivers/STM32L4xx_HAL_Driver/Src/stm32l4xx_hal_rtc_ex.c ****   uint32_t tickstart;
 798              		.loc 1 738 3 is_stmt 1 view .LVU271
 739:Drivers/STM32L4xx_HAL_Driver/Src/stm32l4xx_hal_rtc_ex.c **** 
 740:Drivers/STM32L4xx_HAL_Driver/Src/stm32l4xx_hal_rtc_ex.c ****   /* Check the parameters */
 741:Drivers/STM32L4xx_HAL_Driver/Src/stm32l4xx_hal_rtc_ex.c ****   assert_param(IS_RTC_WAKEUP_CLOCK(WakeUpClock));
 799              		.loc 1 741 3 view .LVU272
 742:Drivers/STM32L4xx_HAL_Driver/Src/stm32l4xx_hal_rtc_ex.c ****   assert_param(IS_RTC_WAKEUP_COUNTER(WakeUpCounter));
 800              		.loc 1 742 3 view .LVU273
 743:Drivers/STM32L4xx_HAL_Driver/Src/stm32l4xx_hal_rtc_ex.c **** 
 744:Drivers/STM32L4xx_HAL_Driver/Src/stm32l4xx_hal_rtc_ex.c ****   /* Process Locked */
 745:Drivers/STM32L4xx_HAL_Driver/Src/stm32l4xx_hal_rtc_ex.c ****   __HAL_LOCK(hrtc);
 801              		.loc 1 745 3 view .LVU274
 802              		.loc 1 745 3 view .LVU275
 803 0002 90F82030 		ldrb	r3, [r0, #32]	@ zero_extendqisi2
 804 0006 012B     		cmp	r3, #1
 805 0008 47D0     		beq	.L48
 806 000a 0446     		mov	r4, r0
 807 000c 0D46     		mov	r5, r1
 808 000e 1646     		mov	r6, r2
 809              		.loc 1 745 3 discriminator 2 view .LVU276
 810 0010 0123     		movs	r3, #1
 811 0012 80F82030 		strb	r3, [r0, #32]
 812              		.loc 1 745 3 discriminator 2 view .LVU277
 746:Drivers/STM32L4xx_HAL_Driver/Src/stm32l4xx_hal_rtc_ex.c **** 
 747:Drivers/STM32L4xx_HAL_Driver/Src/stm32l4xx_hal_rtc_ex.c ****   hrtc->State = HAL_RTC_STATE_BUSY;
 813              		.loc 1 747 3 view .LVU278
 814              		.loc 1 747 15 is_stmt 0 view .LVU279
 815 0016 0223     		movs	r3, #2
 816 0018 80F82130 		strb	r3, [r0, #33]
 748:Drivers/STM32L4xx_HAL_Driver/Src/stm32l4xx_hal_rtc_ex.c **** 
 749:Drivers/STM32L4xx_HAL_Driver/Src/stm32l4xx_hal_rtc_ex.c ****   /* Disable the write protection for RTC registers */
 750:Drivers/STM32L4xx_HAL_Driver/Src/stm32l4xx_hal_rtc_ex.c ****   __HAL_RTC_WRITEPROTECTION_DISABLE(hrtc);
 817              		.loc 1 750 3 is_stmt 1 view .LVU280
 818              		.loc 1 750 3 view .LVU281
 819 001c 0368     		ldr	r3, [r0]
 820 001e CA22     		movs	r2, #202
 821              	.LVL54:
 822              		.loc 1 750 3 is_stmt 0 view .LVU282
 823 0020 5A62     		str	r2, [r3, #36]
 824              		.loc 1 750 3 is_stmt 1 view .LVU283
 825 0022 0368     		ldr	r3, [r0]
 826 0024 5322     		movs	r2, #83
 827 0026 5A62     		str	r2, [r3, #36]
 828              		.loc 1 750 3 view .LVU284
 751:Drivers/STM32L4xx_HAL_Driver/Src/stm32l4xx_hal_rtc_ex.c **** 
 752:Drivers/STM32L4xx_HAL_Driver/Src/stm32l4xx_hal_rtc_ex.c ****   /* Clear WUTE in RTC_CR to disable the wakeup timer */
 753:Drivers/STM32L4xx_HAL_Driver/Src/stm32l4xx_hal_rtc_ex.c ****   CLEAR_BIT(hrtc->Instance->CR, RTC_CR_WUTE);
 829              		.loc 1 753 3 view .LVU285
 830 0028 0268     		ldr	r2, [r0]
ARM GAS  /tmp/cc1jHbzH.s 			page 29


 831 002a 9368     		ldr	r3, [r2, #8]
 832 002c 23F48063 		bic	r3, r3, #1024
 833 0030 9360     		str	r3, [r2, #8]
 754:Drivers/STM32L4xx_HAL_Driver/Src/stm32l4xx_hal_rtc_ex.c **** 
 755:Drivers/STM32L4xx_HAL_Driver/Src/stm32l4xx_hal_rtc_ex.c ****   /* Poll WUTWF until it is set in RTC_ICSR to make sure the access to wakeup autoreload
 756:Drivers/STM32L4xx_HAL_Driver/Src/stm32l4xx_hal_rtc_ex.c ****      counter and to WUCKSEL[2:0] bits is allowed. This step must be skipped in
 757:Drivers/STM32L4xx_HAL_Driver/Src/stm32l4xx_hal_rtc_ex.c ****      calendar initialization mode. */
 758:Drivers/STM32L4xx_HAL_Driver/Src/stm32l4xx_hal_rtc_ex.c **** #if defined(STM32L412xx) || defined(STM32L422xx) || defined (STM32L4P5xx) || defined (STM32L4Q5xx)
 759:Drivers/STM32L4xx_HAL_Driver/Src/stm32l4xx_hal_rtc_ex.c ****   if (READ_BIT(hrtc->Instance->ICSR, RTC_ICSR_INITF) == 0U)
 760:Drivers/STM32L4xx_HAL_Driver/Src/stm32l4xx_hal_rtc_ex.c **** #else
 761:Drivers/STM32L4xx_HAL_Driver/Src/stm32l4xx_hal_rtc_ex.c ****   if (READ_BIT(hrtc->Instance->ISR, RTC_ISR_INITF) == 0U)
 834              		.loc 1 761 3 view .LVU286
 835              		.loc 1 761 7 is_stmt 0 view .LVU287
 836 0032 0368     		ldr	r3, [r0]
 837 0034 DB68     		ldr	r3, [r3, #12]
 838              		.loc 1 761 6 view .LVU288
 839 0036 13F0400F 		tst	r3, #64
 840 003a 16D0     		beq	.L50
 841              	.LVL55:
 842              	.L45:
 762:Drivers/STM32L4xx_HAL_Driver/Src/stm32l4xx_hal_rtc_ex.c **** #endif
 763:Drivers/STM32L4xx_HAL_Driver/Src/stm32l4xx_hal_rtc_ex.c ****   {
 764:Drivers/STM32L4xx_HAL_Driver/Src/stm32l4xx_hal_rtc_ex.c ****     tickstart = HAL_GetTick();
 765:Drivers/STM32L4xx_HAL_Driver/Src/stm32l4xx_hal_rtc_ex.c **** #if defined(STM32L412xx) || defined(STM32L422xx) || defined (STM32L4P5xx) || defined (STM32L4Q5xx)
 766:Drivers/STM32L4xx_HAL_Driver/Src/stm32l4xx_hal_rtc_ex.c ****     while (READ_BIT(hrtc->Instance->ICSR, RTC_ICSR_WUTWF) == 0U)
 767:Drivers/STM32L4xx_HAL_Driver/Src/stm32l4xx_hal_rtc_ex.c **** #else
 768:Drivers/STM32L4xx_HAL_Driver/Src/stm32l4xx_hal_rtc_ex.c ****     while (READ_BIT(hrtc->Instance->ISR, RTC_ISR_WUTWF) == 0U)
 769:Drivers/STM32L4xx_HAL_Driver/Src/stm32l4xx_hal_rtc_ex.c **** #endif
 770:Drivers/STM32L4xx_HAL_Driver/Src/stm32l4xx_hal_rtc_ex.c ****     {
 771:Drivers/STM32L4xx_HAL_Driver/Src/stm32l4xx_hal_rtc_ex.c ****       if ((HAL_GetTick() - tickstart) > RTC_TIMEOUT_VALUE)
 772:Drivers/STM32L4xx_HAL_Driver/Src/stm32l4xx_hal_rtc_ex.c ****       {
 773:Drivers/STM32L4xx_HAL_Driver/Src/stm32l4xx_hal_rtc_ex.c ****         /* Enable the write protection for RTC registers */
 774:Drivers/STM32L4xx_HAL_Driver/Src/stm32l4xx_hal_rtc_ex.c ****         __HAL_RTC_WRITEPROTECTION_ENABLE(hrtc);
 775:Drivers/STM32L4xx_HAL_Driver/Src/stm32l4xx_hal_rtc_ex.c **** 
 776:Drivers/STM32L4xx_HAL_Driver/Src/stm32l4xx_hal_rtc_ex.c ****         hrtc->State = HAL_RTC_STATE_TIMEOUT;
 777:Drivers/STM32L4xx_HAL_Driver/Src/stm32l4xx_hal_rtc_ex.c **** 
 778:Drivers/STM32L4xx_HAL_Driver/Src/stm32l4xx_hal_rtc_ex.c ****         /* Process Unlocked */
 779:Drivers/STM32L4xx_HAL_Driver/Src/stm32l4xx_hal_rtc_ex.c ****         __HAL_UNLOCK(hrtc);
 780:Drivers/STM32L4xx_HAL_Driver/Src/stm32l4xx_hal_rtc_ex.c **** 
 781:Drivers/STM32L4xx_HAL_Driver/Src/stm32l4xx_hal_rtc_ex.c ****         return HAL_TIMEOUT;
 782:Drivers/STM32L4xx_HAL_Driver/Src/stm32l4xx_hal_rtc_ex.c ****       }
 783:Drivers/STM32L4xx_HAL_Driver/Src/stm32l4xx_hal_rtc_ex.c ****     }
 784:Drivers/STM32L4xx_HAL_Driver/Src/stm32l4xx_hal_rtc_ex.c ****   }
 785:Drivers/STM32L4xx_HAL_Driver/Src/stm32l4xx_hal_rtc_ex.c **** 
 786:Drivers/STM32L4xx_HAL_Driver/Src/stm32l4xx_hal_rtc_ex.c ****   /* Configure the clock source */
 787:Drivers/STM32L4xx_HAL_Driver/Src/stm32l4xx_hal_rtc_ex.c ****   MODIFY_REG(hrtc->Instance->CR, RTC_CR_WUCKSEL, (uint32_t)WakeUpClock);
 843              		.loc 1 787 3 is_stmt 1 view .LVU289
 844 003c 2168     		ldr	r1, [r4]
 845 003e 8B68     		ldr	r3, [r1, #8]
 846 0040 23F00703 		bic	r3, r3, #7
 847 0044 3343     		orrs	r3, r3, r6
 848 0046 8B60     		str	r3, [r1, #8]
 788:Drivers/STM32L4xx_HAL_Driver/Src/stm32l4xx_hal_rtc_ex.c **** 
 789:Drivers/STM32L4xx_HAL_Driver/Src/stm32l4xx_hal_rtc_ex.c ****   /* Configure the Wakeup Timer counter */
 790:Drivers/STM32L4xx_HAL_Driver/Src/stm32l4xx_hal_rtc_ex.c ****   WRITE_REG(hrtc->Instance->WUTR, (uint32_t)WakeUpCounter);
 849              		.loc 1 790 3 view .LVU290
 850 0048 2368     		ldr	r3, [r4]
ARM GAS  /tmp/cc1jHbzH.s 			page 30


 851 004a 5D61     		str	r5, [r3, #20]
 791:Drivers/STM32L4xx_HAL_Driver/Src/stm32l4xx_hal_rtc_ex.c **** 
 792:Drivers/STM32L4xx_HAL_Driver/Src/stm32l4xx_hal_rtc_ex.c ****   /* Enable the Wakeup Timer */
 793:Drivers/STM32L4xx_HAL_Driver/Src/stm32l4xx_hal_rtc_ex.c ****   SET_BIT(hrtc->Instance->CR, RTC_CR_WUTE);
 852              		.loc 1 793 3 view .LVU291
 853 004c 2268     		ldr	r2, [r4]
 854 004e 9368     		ldr	r3, [r2, #8]
 855 0050 43F48063 		orr	r3, r3, #1024
 856 0054 9360     		str	r3, [r2, #8]
 794:Drivers/STM32L4xx_HAL_Driver/Src/stm32l4xx_hal_rtc_ex.c **** 
 795:Drivers/STM32L4xx_HAL_Driver/Src/stm32l4xx_hal_rtc_ex.c ****   /* Enable the write protection for RTC registers */
 796:Drivers/STM32L4xx_HAL_Driver/Src/stm32l4xx_hal_rtc_ex.c ****   __HAL_RTC_WRITEPROTECTION_ENABLE(hrtc);
 857              		.loc 1 796 3 view .LVU292
 858              		.loc 1 796 3 view .LVU293
 859 0056 2368     		ldr	r3, [r4]
 860 0058 FF22     		movs	r2, #255
 861 005a 5A62     		str	r2, [r3, #36]
 862              		.loc 1 796 3 view .LVU294
 797:Drivers/STM32L4xx_HAL_Driver/Src/stm32l4xx_hal_rtc_ex.c **** 
 798:Drivers/STM32L4xx_HAL_Driver/Src/stm32l4xx_hal_rtc_ex.c ****   hrtc->State = HAL_RTC_STATE_READY;
 863              		.loc 1 798 3 view .LVU295
 864              		.loc 1 798 15 is_stmt 0 view .LVU296
 865 005c 0123     		movs	r3, #1
 866 005e 84F82130 		strb	r3, [r4, #33]
 799:Drivers/STM32L4xx_HAL_Driver/Src/stm32l4xx_hal_rtc_ex.c **** 
 800:Drivers/STM32L4xx_HAL_Driver/Src/stm32l4xx_hal_rtc_ex.c ****   /* Process Unlocked */
 801:Drivers/STM32L4xx_HAL_Driver/Src/stm32l4xx_hal_rtc_ex.c ****   __HAL_UNLOCK(hrtc);
 867              		.loc 1 801 3 is_stmt 1 view .LVU297
 868              		.loc 1 801 3 view .LVU298
 869 0062 0020     		movs	r0, #0
 870 0064 84F82000 		strb	r0, [r4, #32]
 871              		.loc 1 801 3 view .LVU299
 802:Drivers/STM32L4xx_HAL_Driver/Src/stm32l4xx_hal_rtc_ex.c **** 
 803:Drivers/STM32L4xx_HAL_Driver/Src/stm32l4xx_hal_rtc_ex.c ****   return HAL_OK;
 872              		.loc 1 803 3 view .LVU300
 873              	.LVL56:
 874              	.L44:
 804:Drivers/STM32L4xx_HAL_Driver/Src/stm32l4xx_hal_rtc_ex.c **** }
 875              		.loc 1 804 1 is_stmt 0 view .LVU301
 876 0068 F8BD     		pop	{r3, r4, r5, r6, r7, pc}
 877              	.LVL57:
 878              	.L50:
 764:Drivers/STM32L4xx_HAL_Driver/Src/stm32l4xx_hal_rtc_ex.c **** #if defined(STM32L412xx) || defined(STM32L422xx) || defined (STM32L4P5xx) || defined (STM32L4Q5xx)
 879              		.loc 1 764 5 is_stmt 1 view .LVU302
 764:Drivers/STM32L4xx_HAL_Driver/Src/stm32l4xx_hal_rtc_ex.c **** #if defined(STM32L412xx) || defined(STM32L422xx) || defined (STM32L4P5xx) || defined (STM32L4Q5xx)
 880              		.loc 1 764 17 is_stmt 0 view .LVU303
 881 006a FFF7FEFF 		bl	HAL_GetTick
 882              	.LVL58:
 764:Drivers/STM32L4xx_HAL_Driver/Src/stm32l4xx_hal_rtc_ex.c **** #if defined(STM32L412xx) || defined(STM32L422xx) || defined (STM32L4P5xx) || defined (STM32L4Q5xx)
 883              		.loc 1 764 17 view .LVU304
 884 006e 0746     		mov	r7, r0
 885              	.LVL59:
 768:Drivers/STM32L4xx_HAL_Driver/Src/stm32l4xx_hal_rtc_ex.c **** #endif
 886              		.loc 1 768 5 is_stmt 1 view .LVU305
 887              	.L46:
 768:Drivers/STM32L4xx_HAL_Driver/Src/stm32l4xx_hal_rtc_ex.c **** #endif
 888              		.loc 1 768 57 view .LVU306
ARM GAS  /tmp/cc1jHbzH.s 			page 31


 768:Drivers/STM32L4xx_HAL_Driver/Src/stm32l4xx_hal_rtc_ex.c **** #endif
 889              		.loc 1 768 12 is_stmt 0 view .LVU307
 890 0070 2368     		ldr	r3, [r4]
 891 0072 DB68     		ldr	r3, [r3, #12]
 768:Drivers/STM32L4xx_HAL_Driver/Src/stm32l4xx_hal_rtc_ex.c **** #endif
 892              		.loc 1 768 57 view .LVU308
 893 0074 13F0040F 		tst	r3, #4
 894 0078 E0D1     		bne	.L45
 771:Drivers/STM32L4xx_HAL_Driver/Src/stm32l4xx_hal_rtc_ex.c ****       {
 895              		.loc 1 771 7 is_stmt 1 view .LVU309
 771:Drivers/STM32L4xx_HAL_Driver/Src/stm32l4xx_hal_rtc_ex.c ****       {
 896              		.loc 1 771 12 is_stmt 0 view .LVU310
 897 007a FFF7FEFF 		bl	HAL_GetTick
 898              	.LVL60:
 771:Drivers/STM32L4xx_HAL_Driver/Src/stm32l4xx_hal_rtc_ex.c ****       {
 899              		.loc 1 771 26 discriminator 1 view .LVU311
 900 007e C01B     		subs	r0, r0, r7
 771:Drivers/STM32L4xx_HAL_Driver/Src/stm32l4xx_hal_rtc_ex.c ****       {
 901              		.loc 1 771 10 discriminator 1 view .LVU312
 902 0080 B0F57A7F 		cmp	r0, #1000
 903 0084 F4D9     		bls	.L46
 774:Drivers/STM32L4xx_HAL_Driver/Src/stm32l4xx_hal_rtc_ex.c **** 
 904              		.loc 1 774 9 is_stmt 1 view .LVU313
 774:Drivers/STM32L4xx_HAL_Driver/Src/stm32l4xx_hal_rtc_ex.c **** 
 905              		.loc 1 774 9 view .LVU314
 906 0086 2368     		ldr	r3, [r4]
 907 0088 FF22     		movs	r2, #255
 908 008a 5A62     		str	r2, [r3, #36]
 774:Drivers/STM32L4xx_HAL_Driver/Src/stm32l4xx_hal_rtc_ex.c **** 
 909              		.loc 1 774 9 view .LVU315
 776:Drivers/STM32L4xx_HAL_Driver/Src/stm32l4xx_hal_rtc_ex.c **** 
 910              		.loc 1 776 9 view .LVU316
 776:Drivers/STM32L4xx_HAL_Driver/Src/stm32l4xx_hal_rtc_ex.c **** 
 911              		.loc 1 776 21 is_stmt 0 view .LVU317
 912 008c 0320     		movs	r0, #3
 913 008e 84F82100 		strb	r0, [r4, #33]
 779:Drivers/STM32L4xx_HAL_Driver/Src/stm32l4xx_hal_rtc_ex.c **** 
 914              		.loc 1 779 9 is_stmt 1 view .LVU318
 779:Drivers/STM32L4xx_HAL_Driver/Src/stm32l4xx_hal_rtc_ex.c **** 
 915              		.loc 1 779 9 view .LVU319
 916 0092 0023     		movs	r3, #0
 917 0094 84F82030 		strb	r3, [r4, #32]
 779:Drivers/STM32L4xx_HAL_Driver/Src/stm32l4xx_hal_rtc_ex.c **** 
 918              		.loc 1 779 9 view .LVU320
 781:Drivers/STM32L4xx_HAL_Driver/Src/stm32l4xx_hal_rtc_ex.c ****       }
 919              		.loc 1 781 9 view .LVU321
 781:Drivers/STM32L4xx_HAL_Driver/Src/stm32l4xx_hal_rtc_ex.c ****       }
 920              		.loc 1 781 16 is_stmt 0 view .LVU322
 921 0098 E6E7     		b	.L44
 922              	.LVL61:
 923              	.L48:
 745:Drivers/STM32L4xx_HAL_Driver/Src/stm32l4xx_hal_rtc_ex.c **** 
 924              		.loc 1 745 3 discriminator 1 view .LVU323
 925 009a 0220     		movs	r0, #2
 926              	.LVL62:
 745:Drivers/STM32L4xx_HAL_Driver/Src/stm32l4xx_hal_rtc_ex.c **** 
 927              		.loc 1 745 3 discriminator 1 view .LVU324
ARM GAS  /tmp/cc1jHbzH.s 			page 32


 928 009c E4E7     		b	.L44
 929              		.cfi_endproc
 930              	.LFE393:
 932              		.section	.text.HAL_RTCEx_SetWakeUpTimer_IT,"ax",%progbits
 933              		.align	1
 934              		.global	HAL_RTCEx_SetWakeUpTimer_IT
 935              		.syntax unified
 936              		.thumb
 937              		.thumb_func
 939              	HAL_RTCEx_SetWakeUpTimer_IT:
 940              	.LVL63:
 941              	.LFB394:
 805:Drivers/STM32L4xx_HAL_Driver/Src/stm32l4xx_hal_rtc_ex.c **** 
 806:Drivers/STM32L4xx_HAL_Driver/Src/stm32l4xx_hal_rtc_ex.c **** /**
 807:Drivers/STM32L4xx_HAL_Driver/Src/stm32l4xx_hal_rtc_ex.c ****   * @brief  Set wake up timer with interrupt.
 808:Drivers/STM32L4xx_HAL_Driver/Src/stm32l4xx_hal_rtc_ex.c ****   * @param  hrtc RTC handle
 809:Drivers/STM32L4xx_HAL_Driver/Src/stm32l4xx_hal_rtc_ex.c ****   * @param  WakeUpCounter Wake up counter
 810:Drivers/STM32L4xx_HAL_Driver/Src/stm32l4xx_hal_rtc_ex.c ****   * @param  WakeUpClock Wake up clock
 811:Drivers/STM32L4xx_HAL_Driver/Src/stm32l4xx_hal_rtc_ex.c ****   * @param  WakeUpAutoClr Wake up auto clear value (look at WUTOCLR in reference manual)
 812:Drivers/STM32L4xx_HAL_Driver/Src/stm32l4xx_hal_rtc_ex.c ****   *                       - Only available for STM32L412xx and STM32L422xx
 813:Drivers/STM32L4xx_HAL_Driver/Src/stm32l4xx_hal_rtc_ex.c ****   *                       - No effect if WakeUpAutoClr is set to zero
 814:Drivers/STM32L4xx_HAL_Driver/Src/stm32l4xx_hal_rtc_ex.c ****   *                       - This feature is meaningful in case of Low power mode to avoid any RTC s
 815:Drivers/STM32L4xx_HAL_Driver/Src/stm32l4xx_hal_rtc_ex.c ****   *                         That is why when WakeUpAutoClr is set, EXTI is configured as EVENT inst
 816:Drivers/STM32L4xx_HAL_Driver/Src/stm32l4xx_hal_rtc_ex.c ****   * @retval HAL status
 817:Drivers/STM32L4xx_HAL_Driver/Src/stm32l4xx_hal_rtc_ex.c ****   */
 818:Drivers/STM32L4xx_HAL_Driver/Src/stm32l4xx_hal_rtc_ex.c **** #if defined(STM32L412xx) || defined(STM32L422xx) || defined (STM32L4P5xx) || defined (STM32L4Q5xx)
 819:Drivers/STM32L4xx_HAL_Driver/Src/stm32l4xx_hal_rtc_ex.c **** HAL_StatusTypeDef HAL_RTCEx_SetWakeUpTimer_IT(RTC_HandleTypeDef *hrtc, uint32_t WakeUpCounter, uint
 820:Drivers/STM32L4xx_HAL_Driver/Src/stm32l4xx_hal_rtc_ex.c **** #else
 821:Drivers/STM32L4xx_HAL_Driver/Src/stm32l4xx_hal_rtc_ex.c **** HAL_StatusTypeDef HAL_RTCEx_SetWakeUpTimer_IT(RTC_HandleTypeDef *hrtc, uint32_t WakeUpCounter, uint
 822:Drivers/STM32L4xx_HAL_Driver/Src/stm32l4xx_hal_rtc_ex.c **** #endif
 823:Drivers/STM32L4xx_HAL_Driver/Src/stm32l4xx_hal_rtc_ex.c **** {
 942              		.loc 1 823 1 is_stmt 1 view -0
 943              		.cfi_startproc
 944              		@ args = 0, pretend = 0, frame = 0
 945              		@ frame_needed = 0, uses_anonymous_args = 0
 946              		.loc 1 823 1 is_stmt 0 view .LVU326
 947 0000 F8B5     		push	{r3, r4, r5, r6, r7, lr}
 948              	.LCFI7:
 949              		.cfi_def_cfa_offset 24
 950              		.cfi_offset 3, -24
 951              		.cfi_offset 4, -20
 952              		.cfi_offset 5, -16
 953              		.cfi_offset 6, -12
 954              		.cfi_offset 7, -8
 955              		.cfi_offset 14, -4
 824:Drivers/STM32L4xx_HAL_Driver/Src/stm32l4xx_hal_rtc_ex.c ****   uint32_t tickstart;
 956              		.loc 1 824 3 is_stmt 1 view .LVU327
 825:Drivers/STM32L4xx_HAL_Driver/Src/stm32l4xx_hal_rtc_ex.c **** 
 826:Drivers/STM32L4xx_HAL_Driver/Src/stm32l4xx_hal_rtc_ex.c ****   /* Check the parameters */
 827:Drivers/STM32L4xx_HAL_Driver/Src/stm32l4xx_hal_rtc_ex.c ****   assert_param(IS_RTC_WAKEUP_CLOCK(WakeUpClock));
 957              		.loc 1 827 3 view .LVU328
 828:Drivers/STM32L4xx_HAL_Driver/Src/stm32l4xx_hal_rtc_ex.c ****   assert_param(IS_RTC_WAKEUP_COUNTER(WakeUpCounter));
 958              		.loc 1 828 3 view .LVU329
 829:Drivers/STM32L4xx_HAL_Driver/Src/stm32l4xx_hal_rtc_ex.c **** #if defined(STM32L412xx) || defined(STM32L422xx) || defined (STM32L4P5xx) || defined (STM32L4Q5xx)
 830:Drivers/STM32L4xx_HAL_Driver/Src/stm32l4xx_hal_rtc_ex.c ****   /* (0x0000<=WUTOCLR<=WUT) */
 831:Drivers/STM32L4xx_HAL_Driver/Src/stm32l4xx_hal_rtc_ex.c ****   assert_param(WakeUpAutoClr <= WakeUpCounter);
 832:Drivers/STM32L4xx_HAL_Driver/Src/stm32l4xx_hal_rtc_ex.c **** #endif
ARM GAS  /tmp/cc1jHbzH.s 			page 33


 833:Drivers/STM32L4xx_HAL_Driver/Src/stm32l4xx_hal_rtc_ex.c **** 
 834:Drivers/STM32L4xx_HAL_Driver/Src/stm32l4xx_hal_rtc_ex.c ****   /* Process Locked */
 835:Drivers/STM32L4xx_HAL_Driver/Src/stm32l4xx_hal_rtc_ex.c ****   __HAL_LOCK(hrtc);
 959              		.loc 1 835 3 view .LVU330
 960              		.loc 1 835 3 view .LVU331
 961 0002 90F82030 		ldrb	r3, [r0, #32]	@ zero_extendqisi2
 962 0006 012B     		cmp	r3, #1
 963 0008 5BD0     		beq	.L56
 964 000a 0446     		mov	r4, r0
 965 000c 0E46     		mov	r6, r1
 966 000e 1546     		mov	r5, r2
 967              		.loc 1 835 3 discriminator 2 view .LVU332
 968 0010 0123     		movs	r3, #1
 969 0012 80F82030 		strb	r3, [r0, #32]
 970              		.loc 1 835 3 discriminator 2 view .LVU333
 836:Drivers/STM32L4xx_HAL_Driver/Src/stm32l4xx_hal_rtc_ex.c **** 
 837:Drivers/STM32L4xx_HAL_Driver/Src/stm32l4xx_hal_rtc_ex.c ****   hrtc->State = HAL_RTC_STATE_BUSY;
 971              		.loc 1 837 3 view .LVU334
 972              		.loc 1 837 15 is_stmt 0 view .LVU335
 973 0016 0223     		movs	r3, #2
 974 0018 80F82130 		strb	r3, [r0, #33]
 838:Drivers/STM32L4xx_HAL_Driver/Src/stm32l4xx_hal_rtc_ex.c **** 
 839:Drivers/STM32L4xx_HAL_Driver/Src/stm32l4xx_hal_rtc_ex.c ****   /* Disable the write protection for RTC registers */
 840:Drivers/STM32L4xx_HAL_Driver/Src/stm32l4xx_hal_rtc_ex.c ****   __HAL_RTC_WRITEPROTECTION_DISABLE(hrtc);
 975              		.loc 1 840 3 is_stmt 1 view .LVU336
 976              		.loc 1 840 3 view .LVU337
 977 001c 0368     		ldr	r3, [r0]
 978 001e CA22     		movs	r2, #202
 979              	.LVL64:
 980              		.loc 1 840 3 is_stmt 0 view .LVU338
 981 0020 5A62     		str	r2, [r3, #36]
 982              		.loc 1 840 3 is_stmt 1 view .LVU339
 983 0022 0368     		ldr	r3, [r0]
 984 0024 5322     		movs	r2, #83
 985 0026 5A62     		str	r2, [r3, #36]
 986              		.loc 1 840 3 view .LVU340
 841:Drivers/STM32L4xx_HAL_Driver/Src/stm32l4xx_hal_rtc_ex.c **** 
 842:Drivers/STM32L4xx_HAL_Driver/Src/stm32l4xx_hal_rtc_ex.c ****   /* Clear WUTE in RTC_CR to disable the wakeup timer */
 843:Drivers/STM32L4xx_HAL_Driver/Src/stm32l4xx_hal_rtc_ex.c ****   CLEAR_BIT(hrtc->Instance->CR, RTC_CR_WUTE);
 987              		.loc 1 843 3 view .LVU341
 988 0028 0268     		ldr	r2, [r0]
 989 002a 9368     		ldr	r3, [r2, #8]
 990 002c 23F48063 		bic	r3, r3, #1024
 991 0030 9360     		str	r3, [r2, #8]
 844:Drivers/STM32L4xx_HAL_Driver/Src/stm32l4xx_hal_rtc_ex.c **** 
 845:Drivers/STM32L4xx_HAL_Driver/Src/stm32l4xx_hal_rtc_ex.c ****   /* Clear flag Wake-Up */
 846:Drivers/STM32L4xx_HAL_Driver/Src/stm32l4xx_hal_rtc_ex.c ****   __HAL_RTC_WAKEUPTIMER_CLEAR_FLAG(hrtc, RTC_FLAG_WUTF);
 992              		.loc 1 846 3 view .LVU342
 993 0032 0268     		ldr	r2, [r0]
 994 0034 D368     		ldr	r3, [r2, #12]
 995 0036 DBB2     		uxtb	r3, r3
 996 0038 63F49063 		orn	r3, r3, #1152
 997 003c D360     		str	r3, [r2, #12]
 847:Drivers/STM32L4xx_HAL_Driver/Src/stm32l4xx_hal_rtc_ex.c **** 
 848:Drivers/STM32L4xx_HAL_Driver/Src/stm32l4xx_hal_rtc_ex.c ****   /* Poll WUTWF until it is set in RTC_ICSR to make sure the access to wakeup autoreload
 849:Drivers/STM32L4xx_HAL_Driver/Src/stm32l4xx_hal_rtc_ex.c ****      counter and to WUCKSEL[2:0] bits is allowed. This step must be skipped in
 850:Drivers/STM32L4xx_HAL_Driver/Src/stm32l4xx_hal_rtc_ex.c ****      calendar initialization mode. */
ARM GAS  /tmp/cc1jHbzH.s 			page 34


 851:Drivers/STM32L4xx_HAL_Driver/Src/stm32l4xx_hal_rtc_ex.c **** #if defined(STM32L412xx) || defined(STM32L422xx) || defined (STM32L4P5xx) || defined (STM32L4Q5xx)
 852:Drivers/STM32L4xx_HAL_Driver/Src/stm32l4xx_hal_rtc_ex.c ****   if (READ_BIT(hrtc->Instance->ICSR, RTC_ICSR_INITF) == 0U)
 853:Drivers/STM32L4xx_HAL_Driver/Src/stm32l4xx_hal_rtc_ex.c **** #else
 854:Drivers/STM32L4xx_HAL_Driver/Src/stm32l4xx_hal_rtc_ex.c ****   if (READ_BIT(hrtc->Instance->ISR, RTC_ISR_INITF) == 0U)
 998              		.loc 1 854 3 view .LVU343
 999              		.loc 1 854 7 is_stmt 0 view .LVU344
 1000 003e 0368     		ldr	r3, [r0]
 1001 0040 DB68     		ldr	r3, [r3, #12]
 1002              		.loc 1 854 6 view .LVU345
 1003 0042 13F0400F 		tst	r3, #64
 1004 0046 24D0     		beq	.L58
 1005              	.LVL65:
 1006              	.L53:
 855:Drivers/STM32L4xx_HAL_Driver/Src/stm32l4xx_hal_rtc_ex.c **** #endif
 856:Drivers/STM32L4xx_HAL_Driver/Src/stm32l4xx_hal_rtc_ex.c ****   {
 857:Drivers/STM32L4xx_HAL_Driver/Src/stm32l4xx_hal_rtc_ex.c ****     tickstart = HAL_GetTick();
 858:Drivers/STM32L4xx_HAL_Driver/Src/stm32l4xx_hal_rtc_ex.c **** #if defined(STM32L412xx) || defined(STM32L422xx) || defined (STM32L4P5xx) || defined (STM32L4Q5xx)
 859:Drivers/STM32L4xx_HAL_Driver/Src/stm32l4xx_hal_rtc_ex.c ****     while (READ_BIT(hrtc->Instance->ICSR, RTC_ICSR_WUTWF) == 0U)
 860:Drivers/STM32L4xx_HAL_Driver/Src/stm32l4xx_hal_rtc_ex.c **** #else
 861:Drivers/STM32L4xx_HAL_Driver/Src/stm32l4xx_hal_rtc_ex.c ****     while (READ_BIT(hrtc->Instance->ISR, RTC_ISR_WUTWF) == 0U)
 862:Drivers/STM32L4xx_HAL_Driver/Src/stm32l4xx_hal_rtc_ex.c **** #endif
 863:Drivers/STM32L4xx_HAL_Driver/Src/stm32l4xx_hal_rtc_ex.c ****     {
 864:Drivers/STM32L4xx_HAL_Driver/Src/stm32l4xx_hal_rtc_ex.c ****       if ((HAL_GetTick() - tickstart) > RTC_TIMEOUT_VALUE)
 865:Drivers/STM32L4xx_HAL_Driver/Src/stm32l4xx_hal_rtc_ex.c ****       {
 866:Drivers/STM32L4xx_HAL_Driver/Src/stm32l4xx_hal_rtc_ex.c ****         /* Enable the write protection for RTC registers */
 867:Drivers/STM32L4xx_HAL_Driver/Src/stm32l4xx_hal_rtc_ex.c ****         __HAL_RTC_WRITEPROTECTION_ENABLE(hrtc);
 868:Drivers/STM32L4xx_HAL_Driver/Src/stm32l4xx_hal_rtc_ex.c **** 
 869:Drivers/STM32L4xx_HAL_Driver/Src/stm32l4xx_hal_rtc_ex.c ****         hrtc->State = HAL_RTC_STATE_TIMEOUT;
 870:Drivers/STM32L4xx_HAL_Driver/Src/stm32l4xx_hal_rtc_ex.c **** 
 871:Drivers/STM32L4xx_HAL_Driver/Src/stm32l4xx_hal_rtc_ex.c ****         /* Process Unlocked */
 872:Drivers/STM32L4xx_HAL_Driver/Src/stm32l4xx_hal_rtc_ex.c ****         __HAL_UNLOCK(hrtc);
 873:Drivers/STM32L4xx_HAL_Driver/Src/stm32l4xx_hal_rtc_ex.c **** 
 874:Drivers/STM32L4xx_HAL_Driver/Src/stm32l4xx_hal_rtc_ex.c ****         return HAL_TIMEOUT;
 875:Drivers/STM32L4xx_HAL_Driver/Src/stm32l4xx_hal_rtc_ex.c ****       }
 876:Drivers/STM32L4xx_HAL_Driver/Src/stm32l4xx_hal_rtc_ex.c ****     }
 877:Drivers/STM32L4xx_HAL_Driver/Src/stm32l4xx_hal_rtc_ex.c ****   }
 878:Drivers/STM32L4xx_HAL_Driver/Src/stm32l4xx_hal_rtc_ex.c **** 
 879:Drivers/STM32L4xx_HAL_Driver/Src/stm32l4xx_hal_rtc_ex.c **** #if defined(STM32L412xx) || defined(STM32L422xx) || defined (STM32L4P5xx) || defined (STM32L4Q5xx)
 880:Drivers/STM32L4xx_HAL_Driver/Src/stm32l4xx_hal_rtc_ex.c ****   /* Configure the Wakeup Timer counter and auto clear value */
 881:Drivers/STM32L4xx_HAL_Driver/Src/stm32l4xx_hal_rtc_ex.c ****   hrtc->Instance->WUTR = (uint32_t)(WakeUpCounter | (WakeUpAutoClr << RTC_WUTR_WUTOCLR_Pos));
 882:Drivers/STM32L4xx_HAL_Driver/Src/stm32l4xx_hal_rtc_ex.c **** #else
 883:Drivers/STM32L4xx_HAL_Driver/Src/stm32l4xx_hal_rtc_ex.c ****   /* Configure the Wakeup Timer counter */
 884:Drivers/STM32L4xx_HAL_Driver/Src/stm32l4xx_hal_rtc_ex.c ****   hrtc->Instance->WUTR = (uint32_t)WakeUpCounter;
 1007              		.loc 1 884 3 is_stmt 1 view .LVU346
 1008              		.loc 1 884 7 is_stmt 0 view .LVU347
 1009 0048 2368     		ldr	r3, [r4]
 1010              		.loc 1 884 24 view .LVU348
 1011 004a 5E61     		str	r6, [r3, #20]
 885:Drivers/STM32L4xx_HAL_Driver/Src/stm32l4xx_hal_rtc_ex.c **** #endif
 886:Drivers/STM32L4xx_HAL_Driver/Src/stm32l4xx_hal_rtc_ex.c **** 
 887:Drivers/STM32L4xx_HAL_Driver/Src/stm32l4xx_hal_rtc_ex.c ****   /* Configure the clock source */
 888:Drivers/STM32L4xx_HAL_Driver/Src/stm32l4xx_hal_rtc_ex.c ****   MODIFY_REG(hrtc->Instance->CR, RTC_CR_WUCKSEL, (uint32_t)WakeUpClock);
 1012              		.loc 1 888 3 is_stmt 1 view .LVU349
 1013 004c 2268     		ldr	r2, [r4]
 1014 004e 9368     		ldr	r3, [r2, #8]
 1015 0050 23F00703 		bic	r3, r3, #7
 1016 0054 2B43     		orrs	r3, r3, r5
ARM GAS  /tmp/cc1jHbzH.s 			page 35


 1017 0056 9360     		str	r3, [r2, #8]
 889:Drivers/STM32L4xx_HAL_Driver/Src/stm32l4xx_hal_rtc_ex.c **** 
 890:Drivers/STM32L4xx_HAL_Driver/Src/stm32l4xx_hal_rtc_ex.c **** #if defined(STM32L412xx) || defined(STM32L422xx) || defined (STM32L4P5xx) || defined (STM32L4Q5xx)
 891:Drivers/STM32L4xx_HAL_Driver/Src/stm32l4xx_hal_rtc_ex.c ****   /* In case of WUT autoclr, the IRQ handler should not be called */
 892:Drivers/STM32L4xx_HAL_Driver/Src/stm32l4xx_hal_rtc_ex.c ****   if (WakeUpAutoClr != 0u)
 893:Drivers/STM32L4xx_HAL_Driver/Src/stm32l4xx_hal_rtc_ex.c ****   {
 894:Drivers/STM32L4xx_HAL_Driver/Src/stm32l4xx_hal_rtc_ex.c ****     /* RTC WakeUpTimer EXTI Configuration: Event configuration */
 895:Drivers/STM32L4xx_HAL_Driver/Src/stm32l4xx_hal_rtc_ex.c ****     __HAL_RTC_WAKEUPTIMER_EXTI_ENABLE_EVENT();
 896:Drivers/STM32L4xx_HAL_Driver/Src/stm32l4xx_hal_rtc_ex.c ****   }
 897:Drivers/STM32L4xx_HAL_Driver/Src/stm32l4xx_hal_rtc_ex.c ****   else
 898:Drivers/STM32L4xx_HAL_Driver/Src/stm32l4xx_hal_rtc_ex.c ****   {
 899:Drivers/STM32L4xx_HAL_Driver/Src/stm32l4xx_hal_rtc_ex.c ****     /* RTC WakeUpTimer EXTI Configuration: Interrupt configuration */
 900:Drivers/STM32L4xx_HAL_Driver/Src/stm32l4xx_hal_rtc_ex.c ****     __HAL_RTC_WAKEUPTIMER_EXTI_ENABLE_IT();
 901:Drivers/STM32L4xx_HAL_Driver/Src/stm32l4xx_hal_rtc_ex.c ****   }
 902:Drivers/STM32L4xx_HAL_Driver/Src/stm32l4xx_hal_rtc_ex.c **** #else /* defined(STM32L412xx) || defined(STM32L422xx) || defined (STM32L4P5xx) || defined (STM32L4Q
 903:Drivers/STM32L4xx_HAL_Driver/Src/stm32l4xx_hal_rtc_ex.c ****   __HAL_RTC_WAKEUPTIMER_EXTI_ENABLE_IT();
 1018              		.loc 1 903 3 view .LVU350
 1019 0058 1B4B     		ldr	r3, .L59
 1020 005a 1A68     		ldr	r2, [r3]
 1021 005c 42F48012 		orr	r2, r2, #1048576
 1022 0060 1A60     		str	r2, [r3]
 904:Drivers/STM32L4xx_HAL_Driver/Src/stm32l4xx_hal_rtc_ex.c **** #endif /* defined(STM32L412xx) || defined(STM32L422xx) || defined (STM32L4P5xx) || defined (STM32L4
 905:Drivers/STM32L4xx_HAL_Driver/Src/stm32l4xx_hal_rtc_ex.c **** 
 906:Drivers/STM32L4xx_HAL_Driver/Src/stm32l4xx_hal_rtc_ex.c ****   __HAL_RTC_WAKEUPTIMER_EXTI_ENABLE_RISING_EDGE();
 1023              		.loc 1 906 3 view .LVU351
 1024 0062 9A68     		ldr	r2, [r3, #8]
 1025 0064 42F48012 		orr	r2, r2, #1048576
 1026 0068 9A60     		str	r2, [r3, #8]
 907:Drivers/STM32L4xx_HAL_Driver/Src/stm32l4xx_hal_rtc_ex.c **** 
 908:Drivers/STM32L4xx_HAL_Driver/Src/stm32l4xx_hal_rtc_ex.c ****   /* Configure the Interrupt in the RTC_CR register */
 909:Drivers/STM32L4xx_HAL_Driver/Src/stm32l4xx_hal_rtc_ex.c ****   __HAL_RTC_WAKEUPTIMER_ENABLE_IT(hrtc, RTC_IT_WUT);
 1027              		.loc 1 909 3 view .LVU352
 1028 006a 2268     		ldr	r2, [r4]
 1029 006c 9368     		ldr	r3, [r2, #8]
 1030 006e 43F48043 		orr	r3, r3, #16384
 1031 0072 9360     		str	r3, [r2, #8]
 910:Drivers/STM32L4xx_HAL_Driver/Src/stm32l4xx_hal_rtc_ex.c **** 
 911:Drivers/STM32L4xx_HAL_Driver/Src/stm32l4xx_hal_rtc_ex.c ****   /* Enable the Wakeup Timer */
 912:Drivers/STM32L4xx_HAL_Driver/Src/stm32l4xx_hal_rtc_ex.c ****   __HAL_RTC_WAKEUPTIMER_ENABLE(hrtc);
 1032              		.loc 1 912 3 view .LVU353
 1033 0074 2268     		ldr	r2, [r4]
 1034 0076 9368     		ldr	r3, [r2, #8]
 1035 0078 43F48063 		orr	r3, r3, #1024
 1036 007c 9360     		str	r3, [r2, #8]
 913:Drivers/STM32L4xx_HAL_Driver/Src/stm32l4xx_hal_rtc_ex.c **** 
 914:Drivers/STM32L4xx_HAL_Driver/Src/stm32l4xx_hal_rtc_ex.c ****   /* Enable the write protection for RTC registers */
 915:Drivers/STM32L4xx_HAL_Driver/Src/stm32l4xx_hal_rtc_ex.c ****   __HAL_RTC_WRITEPROTECTION_ENABLE(hrtc);
 1037              		.loc 1 915 3 view .LVU354
 1038              		.loc 1 915 3 view .LVU355
 1039 007e 2368     		ldr	r3, [r4]
 1040 0080 FF22     		movs	r2, #255
 1041 0082 5A62     		str	r2, [r3, #36]
 1042              		.loc 1 915 3 view .LVU356
 916:Drivers/STM32L4xx_HAL_Driver/Src/stm32l4xx_hal_rtc_ex.c **** 
 917:Drivers/STM32L4xx_HAL_Driver/Src/stm32l4xx_hal_rtc_ex.c ****   hrtc->State = HAL_RTC_STATE_READY;
 1043              		.loc 1 917 3 view .LVU357
 1044              		.loc 1 917 15 is_stmt 0 view .LVU358
ARM GAS  /tmp/cc1jHbzH.s 			page 36


 1045 0084 0123     		movs	r3, #1
 1046 0086 84F82130 		strb	r3, [r4, #33]
 918:Drivers/STM32L4xx_HAL_Driver/Src/stm32l4xx_hal_rtc_ex.c **** 
 919:Drivers/STM32L4xx_HAL_Driver/Src/stm32l4xx_hal_rtc_ex.c ****   /* Process Unlocked */
 920:Drivers/STM32L4xx_HAL_Driver/Src/stm32l4xx_hal_rtc_ex.c ****   __HAL_UNLOCK(hrtc);
 1047              		.loc 1 920 3 is_stmt 1 view .LVU359
 1048              		.loc 1 920 3 view .LVU360
 1049 008a 0020     		movs	r0, #0
 1050 008c 84F82000 		strb	r0, [r4, #32]
 1051              		.loc 1 920 3 view .LVU361
 921:Drivers/STM32L4xx_HAL_Driver/Src/stm32l4xx_hal_rtc_ex.c **** 
 922:Drivers/STM32L4xx_HAL_Driver/Src/stm32l4xx_hal_rtc_ex.c ****   return HAL_OK;
 1052              		.loc 1 922 3 view .LVU362
 1053              	.LVL66:
 1054              	.L52:
 923:Drivers/STM32L4xx_HAL_Driver/Src/stm32l4xx_hal_rtc_ex.c **** }
 1055              		.loc 1 923 1 is_stmt 0 view .LVU363
 1056 0090 F8BD     		pop	{r3, r4, r5, r6, r7, pc}
 1057              	.LVL67:
 1058              	.L58:
 857:Drivers/STM32L4xx_HAL_Driver/Src/stm32l4xx_hal_rtc_ex.c **** #if defined(STM32L412xx) || defined(STM32L422xx) || defined (STM32L4P5xx) || defined (STM32L4Q5xx)
 1059              		.loc 1 857 5 is_stmt 1 view .LVU364
 857:Drivers/STM32L4xx_HAL_Driver/Src/stm32l4xx_hal_rtc_ex.c **** #if defined(STM32L412xx) || defined(STM32L422xx) || defined (STM32L4P5xx) || defined (STM32L4Q5xx)
 1060              		.loc 1 857 17 is_stmt 0 view .LVU365
 1061 0092 FFF7FEFF 		bl	HAL_GetTick
 1062              	.LVL68:
 857:Drivers/STM32L4xx_HAL_Driver/Src/stm32l4xx_hal_rtc_ex.c **** #if defined(STM32L412xx) || defined(STM32L422xx) || defined (STM32L4P5xx) || defined (STM32L4Q5xx)
 1063              		.loc 1 857 17 view .LVU366
 1064 0096 0746     		mov	r7, r0
 1065              	.LVL69:
 861:Drivers/STM32L4xx_HAL_Driver/Src/stm32l4xx_hal_rtc_ex.c **** #endif
 1066              		.loc 1 861 5 is_stmt 1 view .LVU367
 1067              	.L54:
 861:Drivers/STM32L4xx_HAL_Driver/Src/stm32l4xx_hal_rtc_ex.c **** #endif
 1068              		.loc 1 861 57 view .LVU368
 861:Drivers/STM32L4xx_HAL_Driver/Src/stm32l4xx_hal_rtc_ex.c **** #endif
 1069              		.loc 1 861 12 is_stmt 0 view .LVU369
 1070 0098 2368     		ldr	r3, [r4]
 1071 009a DB68     		ldr	r3, [r3, #12]
 861:Drivers/STM32L4xx_HAL_Driver/Src/stm32l4xx_hal_rtc_ex.c **** #endif
 1072              		.loc 1 861 57 view .LVU370
 1073 009c 13F0040F 		tst	r3, #4
 1074 00a0 D2D1     		bne	.L53
 864:Drivers/STM32L4xx_HAL_Driver/Src/stm32l4xx_hal_rtc_ex.c ****       {
 1075              		.loc 1 864 7 is_stmt 1 view .LVU371
 864:Drivers/STM32L4xx_HAL_Driver/Src/stm32l4xx_hal_rtc_ex.c ****       {
 1076              		.loc 1 864 12 is_stmt 0 view .LVU372
 1077 00a2 FFF7FEFF 		bl	HAL_GetTick
 1078              	.LVL70:
 864:Drivers/STM32L4xx_HAL_Driver/Src/stm32l4xx_hal_rtc_ex.c ****       {
 1079              		.loc 1 864 26 discriminator 1 view .LVU373
 1080 00a6 C01B     		subs	r0, r0, r7
 864:Drivers/STM32L4xx_HAL_Driver/Src/stm32l4xx_hal_rtc_ex.c ****       {
 1081              		.loc 1 864 10 discriminator 1 view .LVU374
 1082 00a8 B0F57A7F 		cmp	r0, #1000
 1083 00ac F4D9     		bls	.L54
 867:Drivers/STM32L4xx_HAL_Driver/Src/stm32l4xx_hal_rtc_ex.c **** 
ARM GAS  /tmp/cc1jHbzH.s 			page 37


 1084              		.loc 1 867 9 is_stmt 1 view .LVU375
 867:Drivers/STM32L4xx_HAL_Driver/Src/stm32l4xx_hal_rtc_ex.c **** 
 1085              		.loc 1 867 9 view .LVU376
 1086 00ae 2368     		ldr	r3, [r4]
 1087 00b0 FF22     		movs	r2, #255
 1088 00b2 5A62     		str	r2, [r3, #36]
 867:Drivers/STM32L4xx_HAL_Driver/Src/stm32l4xx_hal_rtc_ex.c **** 
 1089              		.loc 1 867 9 view .LVU377
 869:Drivers/STM32L4xx_HAL_Driver/Src/stm32l4xx_hal_rtc_ex.c **** 
 1090              		.loc 1 869 9 view .LVU378
 869:Drivers/STM32L4xx_HAL_Driver/Src/stm32l4xx_hal_rtc_ex.c **** 
 1091              		.loc 1 869 21 is_stmt 0 view .LVU379
 1092 00b4 0320     		movs	r0, #3
 1093 00b6 84F82100 		strb	r0, [r4, #33]
 872:Drivers/STM32L4xx_HAL_Driver/Src/stm32l4xx_hal_rtc_ex.c **** 
 1094              		.loc 1 872 9 is_stmt 1 view .LVU380
 872:Drivers/STM32L4xx_HAL_Driver/Src/stm32l4xx_hal_rtc_ex.c **** 
 1095              		.loc 1 872 9 view .LVU381
 1096 00ba 0023     		movs	r3, #0
 1097 00bc 84F82030 		strb	r3, [r4, #32]
 872:Drivers/STM32L4xx_HAL_Driver/Src/stm32l4xx_hal_rtc_ex.c **** 
 1098              		.loc 1 872 9 view .LVU382
 874:Drivers/STM32L4xx_HAL_Driver/Src/stm32l4xx_hal_rtc_ex.c ****       }
 1099              		.loc 1 874 9 view .LVU383
 874:Drivers/STM32L4xx_HAL_Driver/Src/stm32l4xx_hal_rtc_ex.c ****       }
 1100              		.loc 1 874 16 is_stmt 0 view .LVU384
 1101 00c0 E6E7     		b	.L52
 1102              	.LVL71:
 1103              	.L56:
 835:Drivers/STM32L4xx_HAL_Driver/Src/stm32l4xx_hal_rtc_ex.c **** 
 1104              		.loc 1 835 3 discriminator 1 view .LVU385
 1105 00c2 0220     		movs	r0, #2
 1106              	.LVL72:
 835:Drivers/STM32L4xx_HAL_Driver/Src/stm32l4xx_hal_rtc_ex.c **** 
 1107              		.loc 1 835 3 discriminator 1 view .LVU386
 1108 00c4 E4E7     		b	.L52
 1109              	.L60:
 1110 00c6 00BF     		.align	2
 1111              	.L59:
 1112 00c8 00040140 		.word	1073808384
 1113              		.cfi_endproc
 1114              	.LFE394:
 1116              		.section	.text.HAL_RTCEx_DeactivateWakeUpTimer,"ax",%progbits
 1117              		.align	1
 1118              		.global	HAL_RTCEx_DeactivateWakeUpTimer
 1119              		.syntax unified
 1120              		.thumb
 1121              		.thumb_func
 1123              	HAL_RTCEx_DeactivateWakeUpTimer:
 1124              	.LVL73:
 1125              	.LFB395:
 924:Drivers/STM32L4xx_HAL_Driver/Src/stm32l4xx_hal_rtc_ex.c **** 
 925:Drivers/STM32L4xx_HAL_Driver/Src/stm32l4xx_hal_rtc_ex.c **** /**
 926:Drivers/STM32L4xx_HAL_Driver/Src/stm32l4xx_hal_rtc_ex.c ****   * @brief  Deactivate wake up timer counter.
 927:Drivers/STM32L4xx_HAL_Driver/Src/stm32l4xx_hal_rtc_ex.c ****   * @param  hrtc RTC handle
 928:Drivers/STM32L4xx_HAL_Driver/Src/stm32l4xx_hal_rtc_ex.c ****   * @retval HAL status
 929:Drivers/STM32L4xx_HAL_Driver/Src/stm32l4xx_hal_rtc_ex.c ****   */
ARM GAS  /tmp/cc1jHbzH.s 			page 38


 930:Drivers/STM32L4xx_HAL_Driver/Src/stm32l4xx_hal_rtc_ex.c **** HAL_StatusTypeDef HAL_RTCEx_DeactivateWakeUpTimer(RTC_HandleTypeDef *hrtc)
 931:Drivers/STM32L4xx_HAL_Driver/Src/stm32l4xx_hal_rtc_ex.c **** {
 1126              		.loc 1 931 1 is_stmt 1 view -0
 1127              		.cfi_startproc
 1128              		@ args = 0, pretend = 0, frame = 0
 1129              		@ frame_needed = 0, uses_anonymous_args = 0
 1130              		.loc 1 931 1 is_stmt 0 view .LVU388
 1131 0000 38B5     		push	{r3, r4, r5, lr}
 1132              	.LCFI8:
 1133              		.cfi_def_cfa_offset 16
 1134              		.cfi_offset 3, -16
 1135              		.cfi_offset 4, -12
 1136              		.cfi_offset 5, -8
 1137              		.cfi_offset 14, -4
 932:Drivers/STM32L4xx_HAL_Driver/Src/stm32l4xx_hal_rtc_ex.c ****   uint32_t tickstart;
 1138              		.loc 1 932 3 is_stmt 1 view .LVU389
 933:Drivers/STM32L4xx_HAL_Driver/Src/stm32l4xx_hal_rtc_ex.c **** 
 934:Drivers/STM32L4xx_HAL_Driver/Src/stm32l4xx_hal_rtc_ex.c ****   /* Process Locked */
 935:Drivers/STM32L4xx_HAL_Driver/Src/stm32l4xx_hal_rtc_ex.c ****   __HAL_LOCK(hrtc);
 1139              		.loc 1 935 3 view .LVU390
 1140              		.loc 1 935 3 view .LVU391
 1141 0002 90F82030 		ldrb	r3, [r0, #32]	@ zero_extendqisi2
 1142 0006 012B     		cmp	r3, #1
 1143 0008 37D0     		beq	.L65
 1144 000a 0446     		mov	r4, r0
 1145              		.loc 1 935 3 discriminator 2 view .LVU392
 1146 000c 0123     		movs	r3, #1
 1147 000e 80F82030 		strb	r3, [r0, #32]
 1148              		.loc 1 935 3 discriminator 2 view .LVU393
 936:Drivers/STM32L4xx_HAL_Driver/Src/stm32l4xx_hal_rtc_ex.c **** 
 937:Drivers/STM32L4xx_HAL_Driver/Src/stm32l4xx_hal_rtc_ex.c ****   hrtc->State = HAL_RTC_STATE_BUSY;
 1149              		.loc 1 937 3 view .LVU394
 1150              		.loc 1 937 15 is_stmt 0 view .LVU395
 1151 0012 0223     		movs	r3, #2
 1152 0014 80F82130 		strb	r3, [r0, #33]
 938:Drivers/STM32L4xx_HAL_Driver/Src/stm32l4xx_hal_rtc_ex.c **** 
 939:Drivers/STM32L4xx_HAL_Driver/Src/stm32l4xx_hal_rtc_ex.c ****   /* Disable the write protection for RTC registers */
 940:Drivers/STM32L4xx_HAL_Driver/Src/stm32l4xx_hal_rtc_ex.c ****   __HAL_RTC_WRITEPROTECTION_DISABLE(hrtc);
 1153              		.loc 1 940 3 is_stmt 1 view .LVU396
 1154              		.loc 1 940 3 view .LVU397
 1155 0018 0368     		ldr	r3, [r0]
 1156 001a CA22     		movs	r2, #202
 1157 001c 5A62     		str	r2, [r3, #36]
 1158              		.loc 1 940 3 view .LVU398
 1159 001e 0368     		ldr	r3, [r0]
 1160 0020 5322     		movs	r2, #83
 1161 0022 5A62     		str	r2, [r3, #36]
 1162              		.loc 1 940 3 view .LVU399
 941:Drivers/STM32L4xx_HAL_Driver/Src/stm32l4xx_hal_rtc_ex.c **** 
 942:Drivers/STM32L4xx_HAL_Driver/Src/stm32l4xx_hal_rtc_ex.c ****   /* Disable the Wakeup Timer */
 943:Drivers/STM32L4xx_HAL_Driver/Src/stm32l4xx_hal_rtc_ex.c ****   __HAL_RTC_WAKEUPTIMER_DISABLE(hrtc);
 1163              		.loc 1 943 3 view .LVU400
 1164 0024 0268     		ldr	r2, [r0]
 1165 0026 9368     		ldr	r3, [r2, #8]
 1166 0028 23F48063 		bic	r3, r3, #1024
 1167 002c 9360     		str	r3, [r2, #8]
 944:Drivers/STM32L4xx_HAL_Driver/Src/stm32l4xx_hal_rtc_ex.c **** 
ARM GAS  /tmp/cc1jHbzH.s 			page 39


 945:Drivers/STM32L4xx_HAL_Driver/Src/stm32l4xx_hal_rtc_ex.c ****   /* In case of interrupt mode is used, the interrupt source must disabled */
 946:Drivers/STM32L4xx_HAL_Driver/Src/stm32l4xx_hal_rtc_ex.c ****   __HAL_RTC_WAKEUPTIMER_DISABLE_IT(hrtc, RTC_IT_WUT);
 1168              		.loc 1 946 3 view .LVU401
 1169 002e 0268     		ldr	r2, [r0]
 1170 0030 9368     		ldr	r3, [r2, #8]
 1171 0032 23F48043 		bic	r3, r3, #16384
 1172 0036 9360     		str	r3, [r2, #8]
 947:Drivers/STM32L4xx_HAL_Driver/Src/stm32l4xx_hal_rtc_ex.c **** 
 948:Drivers/STM32L4xx_HAL_Driver/Src/stm32l4xx_hal_rtc_ex.c ****   tickstart = HAL_GetTick();
 1173              		.loc 1 948 3 view .LVU402
 1174              		.loc 1 948 15 is_stmt 0 view .LVU403
 1175 0038 FFF7FEFF 		bl	HAL_GetTick
 1176              	.LVL74:
 1177              		.loc 1 948 15 view .LVU404
 1178 003c 0546     		mov	r5, r0
 1179              	.LVL75:
 949:Drivers/STM32L4xx_HAL_Driver/Src/stm32l4xx_hal_rtc_ex.c ****   /* Wait till RTC WUTWF flag is set and if Time out is reached exit */
 950:Drivers/STM32L4xx_HAL_Driver/Src/stm32l4xx_hal_rtc_ex.c ****   while (__HAL_RTC_WAKEUPTIMER_GET_FLAG(hrtc, RTC_FLAG_WUTWF) == 0U)
 1180              		.loc 1 950 3 is_stmt 1 view .LVU405
 1181              	.L63:
 1182              		.loc 1 950 63 view .LVU406
 1183              		.loc 1 950 10 is_stmt 0 view .LVU407
 1184 003e 2368     		ldr	r3, [r4]
 1185 0040 DA68     		ldr	r2, [r3, #12]
 1186              		.loc 1 950 63 view .LVU408
 1187 0042 12F0040F 		tst	r2, #4
 1188 0046 0FD1     		bne	.L67
 951:Drivers/STM32L4xx_HAL_Driver/Src/stm32l4xx_hal_rtc_ex.c ****   {
 952:Drivers/STM32L4xx_HAL_Driver/Src/stm32l4xx_hal_rtc_ex.c ****     if ((HAL_GetTick() - tickstart) > RTC_TIMEOUT_VALUE)
 1189              		.loc 1 952 5 is_stmt 1 view .LVU409
 1190              		.loc 1 952 10 is_stmt 0 view .LVU410
 1191 0048 FFF7FEFF 		bl	HAL_GetTick
 1192              	.LVL76:
 1193              		.loc 1 952 24 discriminator 1 view .LVU411
 1194 004c 431B     		subs	r3, r0, r5
 1195              		.loc 1 952 8 discriminator 1 view .LVU412
 1196 004e B3F57A7F 		cmp	r3, #1000
 1197 0052 F4D9     		bls	.L63
 953:Drivers/STM32L4xx_HAL_Driver/Src/stm32l4xx_hal_rtc_ex.c ****     {
 954:Drivers/STM32L4xx_HAL_Driver/Src/stm32l4xx_hal_rtc_ex.c ****       /* Enable the write protection for RTC registers */
 955:Drivers/STM32L4xx_HAL_Driver/Src/stm32l4xx_hal_rtc_ex.c ****       __HAL_RTC_WRITEPROTECTION_ENABLE(hrtc);
 1198              		.loc 1 955 7 is_stmt 1 view .LVU413
 1199              		.loc 1 955 7 view .LVU414
 1200 0054 2368     		ldr	r3, [r4]
 1201 0056 FF22     		movs	r2, #255
 1202 0058 5A62     		str	r2, [r3, #36]
 1203              		.loc 1 955 7 view .LVU415
 956:Drivers/STM32L4xx_HAL_Driver/Src/stm32l4xx_hal_rtc_ex.c **** 
 957:Drivers/STM32L4xx_HAL_Driver/Src/stm32l4xx_hal_rtc_ex.c ****       hrtc->State = HAL_RTC_STATE_TIMEOUT;
 1204              		.loc 1 957 7 view .LVU416
 1205              		.loc 1 957 19 is_stmt 0 view .LVU417
 1206 005a 0320     		movs	r0, #3
 1207 005c 84F82100 		strb	r0, [r4, #33]
 958:Drivers/STM32L4xx_HAL_Driver/Src/stm32l4xx_hal_rtc_ex.c **** 
 959:Drivers/STM32L4xx_HAL_Driver/Src/stm32l4xx_hal_rtc_ex.c ****       /* Process Unlocked */
 960:Drivers/STM32L4xx_HAL_Driver/Src/stm32l4xx_hal_rtc_ex.c ****       __HAL_UNLOCK(hrtc);
 1208              		.loc 1 960 7 is_stmt 1 view .LVU418
ARM GAS  /tmp/cc1jHbzH.s 			page 40


 1209              		.loc 1 960 7 view .LVU419
 1210 0060 0023     		movs	r3, #0
 1211 0062 84F82030 		strb	r3, [r4, #32]
 1212              		.loc 1 960 7 view .LVU420
 961:Drivers/STM32L4xx_HAL_Driver/Src/stm32l4xx_hal_rtc_ex.c **** 
 962:Drivers/STM32L4xx_HAL_Driver/Src/stm32l4xx_hal_rtc_ex.c ****       return HAL_TIMEOUT;
 1213              		.loc 1 962 7 view .LVU421
 1214              		.loc 1 962 14 is_stmt 0 view .LVU422
 1215 0066 07E0     		b	.L62
 1216              	.L67:
 963:Drivers/STM32L4xx_HAL_Driver/Src/stm32l4xx_hal_rtc_ex.c ****     }
 964:Drivers/STM32L4xx_HAL_Driver/Src/stm32l4xx_hal_rtc_ex.c ****   }
 965:Drivers/STM32L4xx_HAL_Driver/Src/stm32l4xx_hal_rtc_ex.c **** 
 966:Drivers/STM32L4xx_HAL_Driver/Src/stm32l4xx_hal_rtc_ex.c ****   /* Enable the write protection for RTC registers */
 967:Drivers/STM32L4xx_HAL_Driver/Src/stm32l4xx_hal_rtc_ex.c ****   __HAL_RTC_WRITEPROTECTION_ENABLE(hrtc);
 1217              		.loc 1 967 3 is_stmt 1 view .LVU423
 1218              		.loc 1 967 3 view .LVU424
 1219 0068 FF22     		movs	r2, #255
 1220 006a 5A62     		str	r2, [r3, #36]
 1221              		.loc 1 967 3 view .LVU425
 968:Drivers/STM32L4xx_HAL_Driver/Src/stm32l4xx_hal_rtc_ex.c **** 
 969:Drivers/STM32L4xx_HAL_Driver/Src/stm32l4xx_hal_rtc_ex.c ****   hrtc->State = HAL_RTC_STATE_READY;
 1222              		.loc 1 969 3 view .LVU426
 1223              		.loc 1 969 15 is_stmt 0 view .LVU427
 1224 006c 0123     		movs	r3, #1
 1225 006e 84F82130 		strb	r3, [r4, #33]
 970:Drivers/STM32L4xx_HAL_Driver/Src/stm32l4xx_hal_rtc_ex.c **** 
 971:Drivers/STM32L4xx_HAL_Driver/Src/stm32l4xx_hal_rtc_ex.c ****   /* Process Unlocked */
 972:Drivers/STM32L4xx_HAL_Driver/Src/stm32l4xx_hal_rtc_ex.c ****   __HAL_UNLOCK(hrtc);
 1226              		.loc 1 972 3 is_stmt 1 view .LVU428
 1227              		.loc 1 972 3 view .LVU429
 1228 0072 0020     		movs	r0, #0
 1229 0074 84F82000 		strb	r0, [r4, #32]
 1230              		.loc 1 972 3 view .LVU430
 973:Drivers/STM32L4xx_HAL_Driver/Src/stm32l4xx_hal_rtc_ex.c **** 
 974:Drivers/STM32L4xx_HAL_Driver/Src/stm32l4xx_hal_rtc_ex.c ****   return HAL_OK;
 1231              		.loc 1 974 3 view .LVU431
 1232              	.LVL77:
 1233              	.L62:
 975:Drivers/STM32L4xx_HAL_Driver/Src/stm32l4xx_hal_rtc_ex.c **** }
 1234              		.loc 1 975 1 is_stmt 0 view .LVU432
 1235 0078 38BD     		pop	{r3, r4, r5, pc}
 1236              	.LVL78:
 1237              	.L65:
 935:Drivers/STM32L4xx_HAL_Driver/Src/stm32l4xx_hal_rtc_ex.c **** 
 1238              		.loc 1 935 3 discriminator 1 view .LVU433
 1239 007a 0220     		movs	r0, #2
 1240              	.LVL79:
 935:Drivers/STM32L4xx_HAL_Driver/Src/stm32l4xx_hal_rtc_ex.c **** 
 1241              		.loc 1 935 3 discriminator 1 view .LVU434
 1242 007c FCE7     		b	.L62
 1243              		.cfi_endproc
 1244              	.LFE395:
 1246              		.section	.text.HAL_RTCEx_GetWakeUpTimer,"ax",%progbits
 1247              		.align	1
 1248              		.global	HAL_RTCEx_GetWakeUpTimer
 1249              		.syntax unified
ARM GAS  /tmp/cc1jHbzH.s 			page 41


 1250              		.thumb
 1251              		.thumb_func
 1253              	HAL_RTCEx_GetWakeUpTimer:
 1254              	.LVL80:
 1255              	.LFB396:
 976:Drivers/STM32L4xx_HAL_Driver/Src/stm32l4xx_hal_rtc_ex.c **** 
 977:Drivers/STM32L4xx_HAL_Driver/Src/stm32l4xx_hal_rtc_ex.c **** /**
 978:Drivers/STM32L4xx_HAL_Driver/Src/stm32l4xx_hal_rtc_ex.c ****   * @brief  Get wake up timer counter.
 979:Drivers/STM32L4xx_HAL_Driver/Src/stm32l4xx_hal_rtc_ex.c ****   * @param  hrtc RTC handle
 980:Drivers/STM32L4xx_HAL_Driver/Src/stm32l4xx_hal_rtc_ex.c ****   * @retval Counter value
 981:Drivers/STM32L4xx_HAL_Driver/Src/stm32l4xx_hal_rtc_ex.c ****   */
 982:Drivers/STM32L4xx_HAL_Driver/Src/stm32l4xx_hal_rtc_ex.c **** uint32_t HAL_RTCEx_GetWakeUpTimer(RTC_HandleTypeDef *hrtc)
 983:Drivers/STM32L4xx_HAL_Driver/Src/stm32l4xx_hal_rtc_ex.c **** {
 1256              		.loc 1 983 1 is_stmt 1 view -0
 1257              		.cfi_startproc
 1258              		@ args = 0, pretend = 0, frame = 0
 1259              		@ frame_needed = 0, uses_anonymous_args = 0
 1260              		@ link register save eliminated.
 984:Drivers/STM32L4xx_HAL_Driver/Src/stm32l4xx_hal_rtc_ex.c ****   /* Get the counter value */
 985:Drivers/STM32L4xx_HAL_Driver/Src/stm32l4xx_hal_rtc_ex.c ****   return ((uint32_t)(hrtc->Instance->WUTR & RTC_WUTR_WUT));
 1261              		.loc 1 985 3 view .LVU436
 1262              		.loc 1 985 26 is_stmt 0 view .LVU437
 1263 0000 0368     		ldr	r3, [r0]
 1264              		.loc 1 985 36 view .LVU438
 1265 0002 5869     		ldr	r0, [r3, #20]
 1266              	.LVL81:
 986:Drivers/STM32L4xx_HAL_Driver/Src/stm32l4xx_hal_rtc_ex.c **** }
 1267              		.loc 1 986 1 view .LVU439
 1268 0004 80B2     		uxth	r0, r0
 1269 0006 7047     		bx	lr
 1270              		.cfi_endproc
 1271              	.LFE396:
 1273              		.section	.text.HAL_RTCEx_WakeUpTimerEventCallback,"ax",%progbits
 1274              		.align	1
 1275              		.weak	HAL_RTCEx_WakeUpTimerEventCallback
 1276              		.syntax unified
 1277              		.thumb
 1278              		.thumb_func
 1280              	HAL_RTCEx_WakeUpTimerEventCallback:
 1281              	.LVL82:
 1282              	.LFB398:
 987:Drivers/STM32L4xx_HAL_Driver/Src/stm32l4xx_hal_rtc_ex.c **** 
 988:Drivers/STM32L4xx_HAL_Driver/Src/stm32l4xx_hal_rtc_ex.c **** /**
 989:Drivers/STM32L4xx_HAL_Driver/Src/stm32l4xx_hal_rtc_ex.c ****   * @brief  Handle Wake Up Timer interrupt request.
 990:Drivers/STM32L4xx_HAL_Driver/Src/stm32l4xx_hal_rtc_ex.c ****   * @param  hrtc RTC handle
 991:Drivers/STM32L4xx_HAL_Driver/Src/stm32l4xx_hal_rtc_ex.c ****   * @retval None
 992:Drivers/STM32L4xx_HAL_Driver/Src/stm32l4xx_hal_rtc_ex.c ****   */
 993:Drivers/STM32L4xx_HAL_Driver/Src/stm32l4xx_hal_rtc_ex.c **** void HAL_RTCEx_WakeUpTimerIRQHandler(RTC_HandleTypeDef *hrtc)
 994:Drivers/STM32L4xx_HAL_Driver/Src/stm32l4xx_hal_rtc_ex.c **** {
 995:Drivers/STM32L4xx_HAL_Driver/Src/stm32l4xx_hal_rtc_ex.c ****   /* Clear the EXTI's line Flag for RTC WakeUpTimer */
 996:Drivers/STM32L4xx_HAL_Driver/Src/stm32l4xx_hal_rtc_ex.c ****   __HAL_RTC_WAKEUPTIMER_EXTI_CLEAR_FLAG();
 997:Drivers/STM32L4xx_HAL_Driver/Src/stm32l4xx_hal_rtc_ex.c **** 
 998:Drivers/STM32L4xx_HAL_Driver/Src/stm32l4xx_hal_rtc_ex.c **** 
 999:Drivers/STM32L4xx_HAL_Driver/Src/stm32l4xx_hal_rtc_ex.c **** #if defined(STM32L412xx) || defined(STM32L422xx) || defined (STM32L4P5xx) || defined (STM32L4Q5xx)
1000:Drivers/STM32L4xx_HAL_Driver/Src/stm32l4xx_hal_rtc_ex.c ****   if ((hrtc->Instance->MISR & RTC_MISR_WUTMF) != 0u)
1001:Drivers/STM32L4xx_HAL_Driver/Src/stm32l4xx_hal_rtc_ex.c ****   {
1002:Drivers/STM32L4xx_HAL_Driver/Src/stm32l4xx_hal_rtc_ex.c ****     /* Immediately clear flags */
ARM GAS  /tmp/cc1jHbzH.s 			page 42


1003:Drivers/STM32L4xx_HAL_Driver/Src/stm32l4xx_hal_rtc_ex.c ****     hrtc->Instance->SCR = RTC_SCR_CWUTF;
1004:Drivers/STM32L4xx_HAL_Driver/Src/stm32l4xx_hal_rtc_ex.c **** #else
1005:Drivers/STM32L4xx_HAL_Driver/Src/stm32l4xx_hal_rtc_ex.c ****   /* Get the pending status of the WAKEUPTIMER Interrupt */
1006:Drivers/STM32L4xx_HAL_Driver/Src/stm32l4xx_hal_rtc_ex.c ****   if (__HAL_RTC_WAKEUPTIMER_GET_FLAG(hrtc, RTC_FLAG_WUTF) != 0U)
1007:Drivers/STM32L4xx_HAL_Driver/Src/stm32l4xx_hal_rtc_ex.c ****   {
1008:Drivers/STM32L4xx_HAL_Driver/Src/stm32l4xx_hal_rtc_ex.c ****     /* Clear the WAKEUPTIMER interrupt pending bit */
1009:Drivers/STM32L4xx_HAL_Driver/Src/stm32l4xx_hal_rtc_ex.c ****     __HAL_RTC_WAKEUPTIMER_CLEAR_FLAG(hrtc, RTC_FLAG_WUTF);
1010:Drivers/STM32L4xx_HAL_Driver/Src/stm32l4xx_hal_rtc_ex.c **** #endif
1011:Drivers/STM32L4xx_HAL_Driver/Src/stm32l4xx_hal_rtc_ex.c **** 
1012:Drivers/STM32L4xx_HAL_Driver/Src/stm32l4xx_hal_rtc_ex.c ****     /* WAKEUPTIMER callback */
1013:Drivers/STM32L4xx_HAL_Driver/Src/stm32l4xx_hal_rtc_ex.c **** #if (USE_HAL_RTC_REGISTER_CALLBACKS == 1)
1014:Drivers/STM32L4xx_HAL_Driver/Src/stm32l4xx_hal_rtc_ex.c ****     /* Call WakeUpTimerEvent registered Callback */
1015:Drivers/STM32L4xx_HAL_Driver/Src/stm32l4xx_hal_rtc_ex.c ****     hrtc->WakeUpTimerEventCallback(hrtc);
1016:Drivers/STM32L4xx_HAL_Driver/Src/stm32l4xx_hal_rtc_ex.c **** #else
1017:Drivers/STM32L4xx_HAL_Driver/Src/stm32l4xx_hal_rtc_ex.c ****     HAL_RTCEx_WakeUpTimerEventCallback(hrtc);
1018:Drivers/STM32L4xx_HAL_Driver/Src/stm32l4xx_hal_rtc_ex.c **** #endif /* USE_HAL_RTC_REGISTER_CALLBACKS */
1019:Drivers/STM32L4xx_HAL_Driver/Src/stm32l4xx_hal_rtc_ex.c ****   }
1020:Drivers/STM32L4xx_HAL_Driver/Src/stm32l4xx_hal_rtc_ex.c **** 
1021:Drivers/STM32L4xx_HAL_Driver/Src/stm32l4xx_hal_rtc_ex.c ****   /* Change RTC state */
1022:Drivers/STM32L4xx_HAL_Driver/Src/stm32l4xx_hal_rtc_ex.c ****   hrtc->State = HAL_RTC_STATE_READY;
1023:Drivers/STM32L4xx_HAL_Driver/Src/stm32l4xx_hal_rtc_ex.c **** }
1024:Drivers/STM32L4xx_HAL_Driver/Src/stm32l4xx_hal_rtc_ex.c **** 
1025:Drivers/STM32L4xx_HAL_Driver/Src/stm32l4xx_hal_rtc_ex.c **** /**
1026:Drivers/STM32L4xx_HAL_Driver/Src/stm32l4xx_hal_rtc_ex.c ****   * @brief  Wake Up Timer callback.
1027:Drivers/STM32L4xx_HAL_Driver/Src/stm32l4xx_hal_rtc_ex.c ****   * @param  hrtc RTC handle
1028:Drivers/STM32L4xx_HAL_Driver/Src/stm32l4xx_hal_rtc_ex.c ****   * @retval None
1029:Drivers/STM32L4xx_HAL_Driver/Src/stm32l4xx_hal_rtc_ex.c ****   */
1030:Drivers/STM32L4xx_HAL_Driver/Src/stm32l4xx_hal_rtc_ex.c **** __weak void HAL_RTCEx_WakeUpTimerEventCallback(RTC_HandleTypeDef *hrtc)
1031:Drivers/STM32L4xx_HAL_Driver/Src/stm32l4xx_hal_rtc_ex.c **** {
 1283              		.loc 1 1031 1 is_stmt 1 view -0
 1284              		.cfi_startproc
 1285              		@ args = 0, pretend = 0, frame = 0
 1286              		@ frame_needed = 0, uses_anonymous_args = 0
 1287              		@ link register save eliminated.
1032:Drivers/STM32L4xx_HAL_Driver/Src/stm32l4xx_hal_rtc_ex.c ****   /* Prevent unused argument(s) compilation warning */
1033:Drivers/STM32L4xx_HAL_Driver/Src/stm32l4xx_hal_rtc_ex.c ****   UNUSED(hrtc);
 1288              		.loc 1 1033 3 view .LVU441
1034:Drivers/STM32L4xx_HAL_Driver/Src/stm32l4xx_hal_rtc_ex.c **** 
1035:Drivers/STM32L4xx_HAL_Driver/Src/stm32l4xx_hal_rtc_ex.c ****   /* NOTE : This function should not be modified, when the callback is needed,
1036:Drivers/STM32L4xx_HAL_Driver/Src/stm32l4xx_hal_rtc_ex.c ****             the HAL_RTCEx_WakeUpTimerEventCallback could be implemented in the user file
1037:Drivers/STM32L4xx_HAL_Driver/Src/stm32l4xx_hal_rtc_ex.c ****    */
1038:Drivers/STM32L4xx_HAL_Driver/Src/stm32l4xx_hal_rtc_ex.c **** }
 1289              		.loc 1 1038 1 is_stmt 0 view .LVU442
 1290 0000 7047     		bx	lr
 1291              		.cfi_endproc
 1292              	.LFE398:
 1294              		.section	.text.HAL_RTCEx_WakeUpTimerIRQHandler,"ax",%progbits
 1295              		.align	1
 1296              		.global	HAL_RTCEx_WakeUpTimerIRQHandler
 1297              		.syntax unified
 1298              		.thumb
 1299              		.thumb_func
 1301              	HAL_RTCEx_WakeUpTimerIRQHandler:
 1302              	.LVL83:
 1303              	.LFB397:
 994:Drivers/STM32L4xx_HAL_Driver/Src/stm32l4xx_hal_rtc_ex.c ****   /* Clear the EXTI's line Flag for RTC WakeUpTimer */
 1304              		.loc 1 994 1 is_stmt 1 view -0
ARM GAS  /tmp/cc1jHbzH.s 			page 43


 1305              		.cfi_startproc
 1306              		@ args = 0, pretend = 0, frame = 0
 1307              		@ frame_needed = 0, uses_anonymous_args = 0
 994:Drivers/STM32L4xx_HAL_Driver/Src/stm32l4xx_hal_rtc_ex.c ****   /* Clear the EXTI's line Flag for RTC WakeUpTimer */
 1308              		.loc 1 994 1 is_stmt 0 view .LVU444
 1309 0000 10B5     		push	{r4, lr}
 1310              	.LCFI9:
 1311              		.cfi_def_cfa_offset 8
 1312              		.cfi_offset 4, -8
 1313              		.cfi_offset 14, -4
 1314 0002 0446     		mov	r4, r0
 996:Drivers/STM32L4xx_HAL_Driver/Src/stm32l4xx_hal_rtc_ex.c **** 
 1315              		.loc 1 996 3 is_stmt 1 view .LVU445
 1316 0004 0A4B     		ldr	r3, .L74
 1317 0006 4FF48012 		mov	r2, #1048576
 1318 000a 5A61     		str	r2, [r3, #20]
1006:Drivers/STM32L4xx_HAL_Driver/Src/stm32l4xx_hal_rtc_ex.c ****   {
 1319              		.loc 1 1006 3 view .LVU446
1006:Drivers/STM32L4xx_HAL_Driver/Src/stm32l4xx_hal_rtc_ex.c ****   {
 1320              		.loc 1 1006 7 is_stmt 0 view .LVU447
 1321 000c 0368     		ldr	r3, [r0]
 1322 000e DA68     		ldr	r2, [r3, #12]
1006:Drivers/STM32L4xx_HAL_Driver/Src/stm32l4xx_hal_rtc_ex.c ****   {
 1323              		.loc 1 1006 6 view .LVU448
 1324 0010 12F4806F 		tst	r2, #1024
 1325 0014 03D1     		bne	.L73
 1326              	.LVL84:
 1327              	.L71:
1022:Drivers/STM32L4xx_HAL_Driver/Src/stm32l4xx_hal_rtc_ex.c **** }
 1328              		.loc 1 1022 3 is_stmt 1 view .LVU449
1022:Drivers/STM32L4xx_HAL_Driver/Src/stm32l4xx_hal_rtc_ex.c **** }
 1329              		.loc 1 1022 15 is_stmt 0 view .LVU450
 1330 0016 0123     		movs	r3, #1
 1331 0018 84F82130 		strb	r3, [r4, #33]
1023:Drivers/STM32L4xx_HAL_Driver/Src/stm32l4xx_hal_rtc_ex.c **** 
 1332              		.loc 1 1023 1 view .LVU451
 1333 001c 10BD     		pop	{r4, pc}
 1334              	.LVL85:
 1335              	.L73:
1009:Drivers/STM32L4xx_HAL_Driver/Src/stm32l4xx_hal_rtc_ex.c **** #endif
 1336              		.loc 1 1009 5 is_stmt 1 view .LVU452
 1337 001e DA68     		ldr	r2, [r3, #12]
 1338 0020 D2B2     		uxtb	r2, r2
 1339 0022 62F49062 		orn	r2, r2, #1152
 1340 0026 DA60     		str	r2, [r3, #12]
1017:Drivers/STM32L4xx_HAL_Driver/Src/stm32l4xx_hal_rtc_ex.c **** #endif /* USE_HAL_RTC_REGISTER_CALLBACKS */
 1341              		.loc 1 1017 5 view .LVU453
 1342 0028 FFF7FEFF 		bl	HAL_RTCEx_WakeUpTimerEventCallback
 1343              	.LVL86:
1017:Drivers/STM32L4xx_HAL_Driver/Src/stm32l4xx_hal_rtc_ex.c **** #endif /* USE_HAL_RTC_REGISTER_CALLBACKS */
 1344              		.loc 1 1017 5 is_stmt 0 view .LVU454
 1345 002c F3E7     		b	.L71
 1346              	.L75:
 1347 002e 00BF     		.align	2
 1348              	.L74:
 1349 0030 00040140 		.word	1073808384
 1350              		.cfi_endproc
ARM GAS  /tmp/cc1jHbzH.s 			page 44


 1351              	.LFE397:
 1353              		.section	.text.HAL_RTCEx_PollForWakeUpTimerEvent,"ax",%progbits
 1354              		.align	1
 1355              		.global	HAL_RTCEx_PollForWakeUpTimerEvent
 1356              		.syntax unified
 1357              		.thumb
 1358              		.thumb_func
 1360              	HAL_RTCEx_PollForWakeUpTimerEvent:
 1361              	.LVL87:
 1362              	.LFB399:
1039:Drivers/STM32L4xx_HAL_Driver/Src/stm32l4xx_hal_rtc_ex.c **** 
1040:Drivers/STM32L4xx_HAL_Driver/Src/stm32l4xx_hal_rtc_ex.c **** 
1041:Drivers/STM32L4xx_HAL_Driver/Src/stm32l4xx_hal_rtc_ex.c **** /**
1042:Drivers/STM32L4xx_HAL_Driver/Src/stm32l4xx_hal_rtc_ex.c ****   * @brief  Handle Wake Up Timer Polling.
1043:Drivers/STM32L4xx_HAL_Driver/Src/stm32l4xx_hal_rtc_ex.c ****   * @param  hrtc RTC handle
1044:Drivers/STM32L4xx_HAL_Driver/Src/stm32l4xx_hal_rtc_ex.c ****   * @param  Timeout Timeout duration
1045:Drivers/STM32L4xx_HAL_Driver/Src/stm32l4xx_hal_rtc_ex.c ****   * @retval HAL status
1046:Drivers/STM32L4xx_HAL_Driver/Src/stm32l4xx_hal_rtc_ex.c ****   */
1047:Drivers/STM32L4xx_HAL_Driver/Src/stm32l4xx_hal_rtc_ex.c **** HAL_StatusTypeDef HAL_RTCEx_PollForWakeUpTimerEvent(RTC_HandleTypeDef *hrtc, uint32_t Timeout)
1048:Drivers/STM32L4xx_HAL_Driver/Src/stm32l4xx_hal_rtc_ex.c **** {
 1363              		.loc 1 1048 1 is_stmt 1 view -0
 1364              		.cfi_startproc
 1365              		@ args = 0, pretend = 0, frame = 0
 1366              		@ frame_needed = 0, uses_anonymous_args = 0
 1367              		.loc 1 1048 1 is_stmt 0 view .LVU456
 1368 0000 70B5     		push	{r4, r5, r6, lr}
 1369              	.LCFI10:
 1370              		.cfi_def_cfa_offset 16
 1371              		.cfi_offset 4, -16
 1372              		.cfi_offset 5, -12
 1373              		.cfi_offset 6, -8
 1374              		.cfi_offset 14, -4
 1375 0002 0446     		mov	r4, r0
 1376 0004 0D46     		mov	r5, r1
1049:Drivers/STM32L4xx_HAL_Driver/Src/stm32l4xx_hal_rtc_ex.c ****   uint32_t tickstart = HAL_GetTick();
 1377              		.loc 1 1049 3 is_stmt 1 view .LVU457
 1378              		.loc 1 1049 24 is_stmt 0 view .LVU458
 1379 0006 FFF7FEFF 		bl	HAL_GetTick
 1380              	.LVL88:
 1381              		.loc 1 1049 24 view .LVU459
 1382 000a 0646     		mov	r6, r0
 1383              	.LVL89:
1050:Drivers/STM32L4xx_HAL_Driver/Src/stm32l4xx_hal_rtc_ex.c **** 
1051:Drivers/STM32L4xx_HAL_Driver/Src/stm32l4xx_hal_rtc_ex.c ****   while (__HAL_RTC_WAKEUPTIMER_GET_FLAG(hrtc, RTC_FLAG_WUTF) == 0U)
 1384              		.loc 1 1051 3 is_stmt 1 view .LVU460
 1385              	.L78:
 1386              		.loc 1 1051 62 view .LVU461
 1387              		.loc 1 1051 10 is_stmt 0 view .LVU462
 1388 000c 2368     		ldr	r3, [r4]
 1389 000e DA68     		ldr	r2, [r3, #12]
 1390              		.loc 1 1051 62 view .LVU463
 1391 0010 12F4806F 		tst	r2, #1024
 1392 0014 0DD1     		bne	.L83
1052:Drivers/STM32L4xx_HAL_Driver/Src/stm32l4xx_hal_rtc_ex.c ****   {
1053:Drivers/STM32L4xx_HAL_Driver/Src/stm32l4xx_hal_rtc_ex.c ****     if (Timeout != HAL_MAX_DELAY)
 1393              		.loc 1 1053 5 is_stmt 1 view .LVU464
 1394              		.loc 1 1053 8 is_stmt 0 view .LVU465
ARM GAS  /tmp/cc1jHbzH.s 			page 45


 1395 0016 B5F1FF3F 		cmp	r5, #-1
 1396 001a F7D0     		beq	.L78
1054:Drivers/STM32L4xx_HAL_Driver/Src/stm32l4xx_hal_rtc_ex.c ****     {
1055:Drivers/STM32L4xx_HAL_Driver/Src/stm32l4xx_hal_rtc_ex.c ****       if (((HAL_GetTick() - tickstart) > Timeout) || (Timeout == 0U))
 1397              		.loc 1 1055 7 is_stmt 1 view .LVU466
 1398              		.loc 1 1055 13 is_stmt 0 view .LVU467
 1399 001c FFF7FEFF 		bl	HAL_GetTick
 1400              	.LVL90:
 1401              		.loc 1 1055 27 discriminator 1 view .LVU468
 1402 0020 801B     		subs	r0, r0, r6
 1403              		.loc 1 1055 10 discriminator 1 view .LVU469
 1404 0022 A842     		cmp	r0, r5
 1405 0024 01D8     		bhi	.L79
 1406              		.loc 1 1055 51 discriminator 1 view .LVU470
 1407 0026 002D     		cmp	r5, #0
 1408 0028 F0D1     		bne	.L78
 1409              	.L79:
1056:Drivers/STM32L4xx_HAL_Driver/Src/stm32l4xx_hal_rtc_ex.c ****       {
1057:Drivers/STM32L4xx_HAL_Driver/Src/stm32l4xx_hal_rtc_ex.c ****         hrtc->State = HAL_RTC_STATE_TIMEOUT;
 1410              		.loc 1 1057 9 is_stmt 1 view .LVU471
 1411              		.loc 1 1057 21 is_stmt 0 view .LVU472
 1412 002a 0320     		movs	r0, #3
 1413 002c 84F82100 		strb	r0, [r4, #33]
1058:Drivers/STM32L4xx_HAL_Driver/Src/stm32l4xx_hal_rtc_ex.c ****         return HAL_TIMEOUT;
 1414              		.loc 1 1058 9 is_stmt 1 view .LVU473
 1415              		.loc 1 1058 16 is_stmt 0 view .LVU474
 1416 0030 08E0     		b	.L80
 1417              	.L83:
1059:Drivers/STM32L4xx_HAL_Driver/Src/stm32l4xx_hal_rtc_ex.c ****       }
1060:Drivers/STM32L4xx_HAL_Driver/Src/stm32l4xx_hal_rtc_ex.c ****     }
1061:Drivers/STM32L4xx_HAL_Driver/Src/stm32l4xx_hal_rtc_ex.c ****   }
1062:Drivers/STM32L4xx_HAL_Driver/Src/stm32l4xx_hal_rtc_ex.c **** 
1063:Drivers/STM32L4xx_HAL_Driver/Src/stm32l4xx_hal_rtc_ex.c ****   /* Clear the WAKEUPTIMER Flag */
1064:Drivers/STM32L4xx_HAL_Driver/Src/stm32l4xx_hal_rtc_ex.c ****   __HAL_RTC_WAKEUPTIMER_CLEAR_FLAG(hrtc, RTC_FLAG_WUTF);
 1418              		.loc 1 1064 3 is_stmt 1 view .LVU475
 1419 0032 DA68     		ldr	r2, [r3, #12]
 1420 0034 D2B2     		uxtb	r2, r2
 1421 0036 62F49062 		orn	r2, r2, #1152
 1422 003a DA60     		str	r2, [r3, #12]
1065:Drivers/STM32L4xx_HAL_Driver/Src/stm32l4xx_hal_rtc_ex.c **** 
1066:Drivers/STM32L4xx_HAL_Driver/Src/stm32l4xx_hal_rtc_ex.c ****   /* Change RTC state */
1067:Drivers/STM32L4xx_HAL_Driver/Src/stm32l4xx_hal_rtc_ex.c ****   hrtc->State = HAL_RTC_STATE_READY;
 1423              		.loc 1 1067 3 view .LVU476
 1424              		.loc 1 1067 15 is_stmt 0 view .LVU477
 1425 003c 0123     		movs	r3, #1
 1426 003e 84F82130 		strb	r3, [r4, #33]
1068:Drivers/STM32L4xx_HAL_Driver/Src/stm32l4xx_hal_rtc_ex.c **** 
1069:Drivers/STM32L4xx_HAL_Driver/Src/stm32l4xx_hal_rtc_ex.c ****   return HAL_OK;
 1427              		.loc 1 1069 3 is_stmt 1 view .LVU478
 1428              		.loc 1 1069 10 is_stmt 0 view .LVU479
 1429 0042 0020     		movs	r0, #0
 1430              	.L80:
1070:Drivers/STM32L4xx_HAL_Driver/Src/stm32l4xx_hal_rtc_ex.c **** }
 1431              		.loc 1 1070 1 view .LVU480
 1432 0044 70BD     		pop	{r4, r5, r6, pc}
 1433              		.loc 1 1070 1 view .LVU481
 1434              		.cfi_endproc
ARM GAS  /tmp/cc1jHbzH.s 			page 46


 1435              	.LFE399:
 1437              		.section	.text.HAL_RTCEx_SetSmoothCalib,"ax",%progbits
 1438              		.align	1
 1439              		.global	HAL_RTCEx_SetSmoothCalib
 1440              		.syntax unified
 1441              		.thumb
 1442              		.thumb_func
 1444              	HAL_RTCEx_SetSmoothCalib:
 1445              	.LVL91:
 1446              	.LFB400:
1071:Drivers/STM32L4xx_HAL_Driver/Src/stm32l4xx_hal_rtc_ex.c **** 
1072:Drivers/STM32L4xx_HAL_Driver/Src/stm32l4xx_hal_rtc_ex.c **** /**
1073:Drivers/STM32L4xx_HAL_Driver/Src/stm32l4xx_hal_rtc_ex.c ****   * @}
1074:Drivers/STM32L4xx_HAL_Driver/Src/stm32l4xx_hal_rtc_ex.c ****   */
1075:Drivers/STM32L4xx_HAL_Driver/Src/stm32l4xx_hal_rtc_ex.c **** 
1076:Drivers/STM32L4xx_HAL_Driver/Src/stm32l4xx_hal_rtc_ex.c **** 
1077:Drivers/STM32L4xx_HAL_Driver/Src/stm32l4xx_hal_rtc_ex.c **** /** @addtogroup RTCEx_Exported_Functions_Group3
1078:Drivers/STM32L4xx_HAL_Driver/Src/stm32l4xx_hal_rtc_ex.c ****   * @brief    Extended Peripheral Control functions
1079:Drivers/STM32L4xx_HAL_Driver/Src/stm32l4xx_hal_rtc_ex.c ****   *
1080:Drivers/STM32L4xx_HAL_Driver/Src/stm32l4xx_hal_rtc_ex.c **** @verbatim
1081:Drivers/STM32L4xx_HAL_Driver/Src/stm32l4xx_hal_rtc_ex.c ****  ===============================================================================
1082:Drivers/STM32L4xx_HAL_Driver/Src/stm32l4xx_hal_rtc_ex.c ****               ##### Extended Peripheral Control functions #####
1083:Drivers/STM32L4xx_HAL_Driver/Src/stm32l4xx_hal_rtc_ex.c ****  ===============================================================================
1084:Drivers/STM32L4xx_HAL_Driver/Src/stm32l4xx_hal_rtc_ex.c ****     [..]
1085:Drivers/STM32L4xx_HAL_Driver/Src/stm32l4xx_hal_rtc_ex.c ****     This subsection provides functions allowing to
1086:Drivers/STM32L4xx_HAL_Driver/Src/stm32l4xx_hal_rtc_ex.c ****       (+) Write a data in a specified RTC Backup data register
1087:Drivers/STM32L4xx_HAL_Driver/Src/stm32l4xx_hal_rtc_ex.c ****       (+) Read a data in a specified RTC Backup data register
1088:Drivers/STM32L4xx_HAL_Driver/Src/stm32l4xx_hal_rtc_ex.c ****       (+) Set the Coarse calibration parameters.
1089:Drivers/STM32L4xx_HAL_Driver/Src/stm32l4xx_hal_rtc_ex.c ****       (+) Deactivate the Coarse calibration parameters
1090:Drivers/STM32L4xx_HAL_Driver/Src/stm32l4xx_hal_rtc_ex.c ****       (+) Set the Smooth calibration parameters.
1091:Drivers/STM32L4xx_HAL_Driver/Src/stm32l4xx_hal_rtc_ex.c ****       (+) STM32L412xx and STM32L422xx only : Set Low Power calibration parameter.
1092:Drivers/STM32L4xx_HAL_Driver/Src/stm32l4xx_hal_rtc_ex.c ****       (+) Configure the Synchronization Shift Control Settings.
1093:Drivers/STM32L4xx_HAL_Driver/Src/stm32l4xx_hal_rtc_ex.c ****       (+) Configure the Calibration Pinout (RTC_CALIB) Selection (1Hz or 512Hz).
1094:Drivers/STM32L4xx_HAL_Driver/Src/stm32l4xx_hal_rtc_ex.c ****       (+) Deactivate the Calibration Pinout (RTC_CALIB) Selection (1Hz or 512Hz).
1095:Drivers/STM32L4xx_HAL_Driver/Src/stm32l4xx_hal_rtc_ex.c ****       (+) Enable the RTC reference clock detection.
1096:Drivers/STM32L4xx_HAL_Driver/Src/stm32l4xx_hal_rtc_ex.c ****       (+) Disable the RTC reference clock detection.
1097:Drivers/STM32L4xx_HAL_Driver/Src/stm32l4xx_hal_rtc_ex.c ****       (+) Enable the Bypass Shadow feature.
1098:Drivers/STM32L4xx_HAL_Driver/Src/stm32l4xx_hal_rtc_ex.c ****       (+) Disable the Bypass Shadow feature.
1099:Drivers/STM32L4xx_HAL_Driver/Src/stm32l4xx_hal_rtc_ex.c **** 
1100:Drivers/STM32L4xx_HAL_Driver/Src/stm32l4xx_hal_rtc_ex.c **** @endverbatim
1101:Drivers/STM32L4xx_HAL_Driver/Src/stm32l4xx_hal_rtc_ex.c ****   * @{
1102:Drivers/STM32L4xx_HAL_Driver/Src/stm32l4xx_hal_rtc_ex.c ****   */
1103:Drivers/STM32L4xx_HAL_Driver/Src/stm32l4xx_hal_rtc_ex.c **** 
1104:Drivers/STM32L4xx_HAL_Driver/Src/stm32l4xx_hal_rtc_ex.c **** 
1105:Drivers/STM32L4xx_HAL_Driver/Src/stm32l4xx_hal_rtc_ex.c **** /**
1106:Drivers/STM32L4xx_HAL_Driver/Src/stm32l4xx_hal_rtc_ex.c ****   * @brief  Set the Smooth calibration parameters.
1107:Drivers/STM32L4xx_HAL_Driver/Src/stm32l4xx_hal_rtc_ex.c ****   * @param  hrtc RTC handle
1108:Drivers/STM32L4xx_HAL_Driver/Src/stm32l4xx_hal_rtc_ex.c ****   * @param  SmoothCalibPeriod Select the Smooth Calibration Period.
1109:Drivers/STM32L4xx_HAL_Driver/Src/stm32l4xx_hal_rtc_ex.c ****   *          This parameter can be can be one of the following values :
1110:Drivers/STM32L4xx_HAL_Driver/Src/stm32l4xx_hal_rtc_ex.c ****   *             @arg RTC_SMOOTHCALIB_PERIOD_32SEC: The smooth calibration period is 32s.
1111:Drivers/STM32L4xx_HAL_Driver/Src/stm32l4xx_hal_rtc_ex.c ****   *             @arg RTC_SMOOTHCALIB_PERIOD_16SEC: The smooth calibration period is 16s.
1112:Drivers/STM32L4xx_HAL_Driver/Src/stm32l4xx_hal_rtc_ex.c ****   *             @arg RTC_SMOOTHCALIB_PERIOD_8SEC: The smooth calibration period is 8s.
1113:Drivers/STM32L4xx_HAL_Driver/Src/stm32l4xx_hal_rtc_ex.c ****   * @param  SmoothCalibPlusPulses Select to Set or reset the CALP bit.
1114:Drivers/STM32L4xx_HAL_Driver/Src/stm32l4xx_hal_rtc_ex.c ****   *          This parameter can be one of the following values:
1115:Drivers/STM32L4xx_HAL_Driver/Src/stm32l4xx_hal_rtc_ex.c ****   *             @arg RTC_SMOOTHCALIB_PLUSPULSES_SET: Add one RTCCLK pulse every 2*11 pulses.
1116:Drivers/STM32L4xx_HAL_Driver/Src/stm32l4xx_hal_rtc_ex.c ****   *             @arg RTC_SMOOTHCALIB_PLUSPULSES_RESET: No RTCCLK pulses are added.
1117:Drivers/STM32L4xx_HAL_Driver/Src/stm32l4xx_hal_rtc_ex.c ****   * @param  SmoothCalibMinusPulsesValue Select the value of CALM[8:0] bits.
ARM GAS  /tmp/cc1jHbzH.s 			page 47


1118:Drivers/STM32L4xx_HAL_Driver/Src/stm32l4xx_hal_rtc_ex.c ****   *          This parameter can be one any value from 0 to 0x000001FF.
1119:Drivers/STM32L4xx_HAL_Driver/Src/stm32l4xx_hal_rtc_ex.c ****   * @note   To deactivate the smooth calibration, the field SmoothCalibPlusPulses
1120:Drivers/STM32L4xx_HAL_Driver/Src/stm32l4xx_hal_rtc_ex.c ****   *         must be equal to SMOOTHCALIB_PLUSPULSES_RESET and the field
1121:Drivers/STM32L4xx_HAL_Driver/Src/stm32l4xx_hal_rtc_ex.c ****   *         SmoothCalibMinusPulsesValue must be equal to 0.
1122:Drivers/STM32L4xx_HAL_Driver/Src/stm32l4xx_hal_rtc_ex.c ****   * @retval HAL status
1123:Drivers/STM32L4xx_HAL_Driver/Src/stm32l4xx_hal_rtc_ex.c ****   */
1124:Drivers/STM32L4xx_HAL_Driver/Src/stm32l4xx_hal_rtc_ex.c **** HAL_StatusTypeDef HAL_RTCEx_SetSmoothCalib(RTC_HandleTypeDef *hrtc, uint32_t SmoothCalibPeriod, uin
1125:Drivers/STM32L4xx_HAL_Driver/Src/stm32l4xx_hal_rtc_ex.c **** {
 1447              		.loc 1 1125 1 is_stmt 1 view -0
 1448              		.cfi_startproc
 1449              		@ args = 0, pretend = 0, frame = 0
 1450              		@ frame_needed = 0, uses_anonymous_args = 0
 1451              		.loc 1 1125 1 is_stmt 0 view .LVU483
 1452 0000 2DE9F041 		push	{r4, r5, r6, r7, r8, lr}
 1453              	.LCFI11:
 1454              		.cfi_def_cfa_offset 24
 1455              		.cfi_offset 4, -24
 1456              		.cfi_offset 5, -20
 1457              		.cfi_offset 6, -16
 1458              		.cfi_offset 7, -12
 1459              		.cfi_offset 8, -8
 1460              		.cfi_offset 14, -4
 1461 0004 1E46     		mov	r6, r3
1126:Drivers/STM32L4xx_HAL_Driver/Src/stm32l4xx_hal_rtc_ex.c ****   uint32_t tickstart;
 1462              		.loc 1 1126 3 is_stmt 1 view .LVU484
1127:Drivers/STM32L4xx_HAL_Driver/Src/stm32l4xx_hal_rtc_ex.c **** 
1128:Drivers/STM32L4xx_HAL_Driver/Src/stm32l4xx_hal_rtc_ex.c ****   /* Check the parameters */
1129:Drivers/STM32L4xx_HAL_Driver/Src/stm32l4xx_hal_rtc_ex.c ****   assert_param(IS_RTC_SMOOTH_CALIB_PERIOD(SmoothCalibPeriod));
 1463              		.loc 1 1129 3 view .LVU485
1130:Drivers/STM32L4xx_HAL_Driver/Src/stm32l4xx_hal_rtc_ex.c ****   assert_param(IS_RTC_SMOOTH_CALIB_PLUS(SmoothCalibPlusPulses));
 1464              		.loc 1 1130 3 view .LVU486
1131:Drivers/STM32L4xx_HAL_Driver/Src/stm32l4xx_hal_rtc_ex.c ****   assert_param(IS_RTC_SMOOTH_CALIB_MINUS(SmoothCalibMinusPulsesValue));
 1465              		.loc 1 1131 3 view .LVU487
1132:Drivers/STM32L4xx_HAL_Driver/Src/stm32l4xx_hal_rtc_ex.c **** 
1133:Drivers/STM32L4xx_HAL_Driver/Src/stm32l4xx_hal_rtc_ex.c ****   /* Process Locked */
1134:Drivers/STM32L4xx_HAL_Driver/Src/stm32l4xx_hal_rtc_ex.c ****   __HAL_LOCK(hrtc);
 1466              		.loc 1 1134 3 view .LVU488
 1467              		.loc 1 1134 3 view .LVU489
 1468 0006 90F82030 		ldrb	r3, [r0, #32]	@ zero_extendqisi2
 1469              	.LVL92:
 1470              		.loc 1 1134 3 is_stmt 0 view .LVU490
 1471 000a 012B     		cmp	r3, #1
 1472 000c 41D0     		beq	.L89
 1473 000e 0446     		mov	r4, r0
 1474 0010 0D46     		mov	r5, r1
 1475 0012 1746     		mov	r7, r2
 1476              		.loc 1 1134 3 is_stmt 1 discriminator 2 view .LVU491
 1477 0014 0123     		movs	r3, #1
 1478 0016 80F82030 		strb	r3, [r0, #32]
 1479              		.loc 1 1134 3 discriminator 2 view .LVU492
1135:Drivers/STM32L4xx_HAL_Driver/Src/stm32l4xx_hal_rtc_ex.c **** 
1136:Drivers/STM32L4xx_HAL_Driver/Src/stm32l4xx_hal_rtc_ex.c ****   hrtc->State = HAL_RTC_STATE_BUSY;
 1480              		.loc 1 1136 3 view .LVU493
 1481              		.loc 1 1136 15 is_stmt 0 view .LVU494
 1482 001a 0223     		movs	r3, #2
 1483 001c 80F82130 		strb	r3, [r0, #33]
1137:Drivers/STM32L4xx_HAL_Driver/Src/stm32l4xx_hal_rtc_ex.c **** 
ARM GAS  /tmp/cc1jHbzH.s 			page 48


1138:Drivers/STM32L4xx_HAL_Driver/Src/stm32l4xx_hal_rtc_ex.c ****   /* Disable the write protection for RTC registers */
1139:Drivers/STM32L4xx_HAL_Driver/Src/stm32l4xx_hal_rtc_ex.c ****   __HAL_RTC_WRITEPROTECTION_DISABLE(hrtc);
 1484              		.loc 1 1139 3 is_stmt 1 view .LVU495
 1485              		.loc 1 1139 3 view .LVU496
 1486 0020 0368     		ldr	r3, [r0]
 1487 0022 CA22     		movs	r2, #202
 1488              	.LVL93:
 1489              		.loc 1 1139 3 is_stmt 0 view .LVU497
 1490 0024 5A62     		str	r2, [r3, #36]
 1491              		.loc 1 1139 3 is_stmt 1 view .LVU498
 1492 0026 0368     		ldr	r3, [r0]
 1493 0028 5322     		movs	r2, #83
 1494 002a 5A62     		str	r2, [r3, #36]
 1495              		.loc 1 1139 3 view .LVU499
1140:Drivers/STM32L4xx_HAL_Driver/Src/stm32l4xx_hal_rtc_ex.c **** 
1141:Drivers/STM32L4xx_HAL_Driver/Src/stm32l4xx_hal_rtc_ex.c ****   /* check if a calibration is pending*/
1142:Drivers/STM32L4xx_HAL_Driver/Src/stm32l4xx_hal_rtc_ex.c **** #if defined(STM32L412xx) || defined(STM32L422xx) || defined (STM32L4P5xx) || defined (STM32L4Q5xx)
1143:Drivers/STM32L4xx_HAL_Driver/Src/stm32l4xx_hal_rtc_ex.c ****   if ((hrtc->Instance->ICSR & RTC_ICSR_RECALPF) != 0U)
1144:Drivers/STM32L4xx_HAL_Driver/Src/stm32l4xx_hal_rtc_ex.c **** #else
1145:Drivers/STM32L4xx_HAL_Driver/Src/stm32l4xx_hal_rtc_ex.c ****   if ((hrtc->Instance->ISR & RTC_ISR_RECALPF) != 0U)
 1496              		.loc 1 1145 3 view .LVU500
 1497              		.loc 1 1145 12 is_stmt 0 view .LVU501
 1498 002c 0368     		ldr	r3, [r0]
 1499              		.loc 1 1145 22 view .LVU502
 1500 002e DB68     		ldr	r3, [r3, #12]
 1501              		.loc 1 1145 6 view .LVU503
 1502 0030 13F4803F 		tst	r3, #65536
 1503 0034 14D1     		bne	.L91
 1504              	.LVL94:
 1505              	.L86:
1146:Drivers/STM32L4xx_HAL_Driver/Src/stm32l4xx_hal_rtc_ex.c **** #endif
1147:Drivers/STM32L4xx_HAL_Driver/Src/stm32l4xx_hal_rtc_ex.c ****   {
1148:Drivers/STM32L4xx_HAL_Driver/Src/stm32l4xx_hal_rtc_ex.c ****     tickstart = HAL_GetTick();
1149:Drivers/STM32L4xx_HAL_Driver/Src/stm32l4xx_hal_rtc_ex.c **** 
1150:Drivers/STM32L4xx_HAL_Driver/Src/stm32l4xx_hal_rtc_ex.c ****     /* check if a calibration is pending*/
1151:Drivers/STM32L4xx_HAL_Driver/Src/stm32l4xx_hal_rtc_ex.c **** #if defined(STM32L412xx) || defined(STM32L422xx) || defined (STM32L4P5xx) || defined (STM32L4Q5xx)
1152:Drivers/STM32L4xx_HAL_Driver/Src/stm32l4xx_hal_rtc_ex.c ****     while ((hrtc->Instance->ICSR & RTC_ICSR_RECALPF) != 0U)
1153:Drivers/STM32L4xx_HAL_Driver/Src/stm32l4xx_hal_rtc_ex.c **** #else
1154:Drivers/STM32L4xx_HAL_Driver/Src/stm32l4xx_hal_rtc_ex.c ****     while ((hrtc->Instance->ISR & RTC_ISR_RECALPF) != 0U)
1155:Drivers/STM32L4xx_HAL_Driver/Src/stm32l4xx_hal_rtc_ex.c **** #endif
1156:Drivers/STM32L4xx_HAL_Driver/Src/stm32l4xx_hal_rtc_ex.c ****     {
1157:Drivers/STM32L4xx_HAL_Driver/Src/stm32l4xx_hal_rtc_ex.c ****       if ((HAL_GetTick() - tickstart) > RTC_TIMEOUT_VALUE)
1158:Drivers/STM32L4xx_HAL_Driver/Src/stm32l4xx_hal_rtc_ex.c ****       {
1159:Drivers/STM32L4xx_HAL_Driver/Src/stm32l4xx_hal_rtc_ex.c ****         /* Enable the write protection for RTC registers */
1160:Drivers/STM32L4xx_HAL_Driver/Src/stm32l4xx_hal_rtc_ex.c ****         __HAL_RTC_WRITEPROTECTION_ENABLE(hrtc);
1161:Drivers/STM32L4xx_HAL_Driver/Src/stm32l4xx_hal_rtc_ex.c **** 
1162:Drivers/STM32L4xx_HAL_Driver/Src/stm32l4xx_hal_rtc_ex.c ****         /* Change RTC state */
1163:Drivers/STM32L4xx_HAL_Driver/Src/stm32l4xx_hal_rtc_ex.c ****         hrtc->State = HAL_RTC_STATE_TIMEOUT;
1164:Drivers/STM32L4xx_HAL_Driver/Src/stm32l4xx_hal_rtc_ex.c **** 
1165:Drivers/STM32L4xx_HAL_Driver/Src/stm32l4xx_hal_rtc_ex.c ****         /* Process Unlocked */
1166:Drivers/STM32L4xx_HAL_Driver/Src/stm32l4xx_hal_rtc_ex.c ****         __HAL_UNLOCK(hrtc);
1167:Drivers/STM32L4xx_HAL_Driver/Src/stm32l4xx_hal_rtc_ex.c **** 
1168:Drivers/STM32L4xx_HAL_Driver/Src/stm32l4xx_hal_rtc_ex.c ****         return HAL_TIMEOUT;
1169:Drivers/STM32L4xx_HAL_Driver/Src/stm32l4xx_hal_rtc_ex.c ****       }
1170:Drivers/STM32L4xx_HAL_Driver/Src/stm32l4xx_hal_rtc_ex.c ****     }
1171:Drivers/STM32L4xx_HAL_Driver/Src/stm32l4xx_hal_rtc_ex.c ****   }
1172:Drivers/STM32L4xx_HAL_Driver/Src/stm32l4xx_hal_rtc_ex.c **** 
ARM GAS  /tmp/cc1jHbzH.s 			page 49


1173:Drivers/STM32L4xx_HAL_Driver/Src/stm32l4xx_hal_rtc_ex.c ****   /* Configure the Smooth calibration settings */
1174:Drivers/STM32L4xx_HAL_Driver/Src/stm32l4xx_hal_rtc_ex.c ****   MODIFY_REG(hrtc->Instance->CALR, (RTC_CALR_CALP | RTC_CALR_CALW8 | RTC_CALR_CALW16 | RTC_CALR_CAL
 1506              		.loc 1 1174 3 is_stmt 1 view .LVU504
 1507 0036 2368     		ldr	r3, [r4]
 1508 0038 D96B     		ldr	r1, [r3, #60]
 1509 003a 21F46141 		bic	r1, r1, #57600
 1510 003e 21F0FF01 		bic	r1, r1, #255
 1511 0042 3D43     		orrs	r5, r5, r7
 1512              	.LVL95:
 1513              		.loc 1 1174 3 is_stmt 0 view .LVU505
 1514 0044 3543     		orrs	r5, r5, r6
 1515 0046 2943     		orrs	r1, r1, r5
 1516 0048 D963     		str	r1, [r3, #60]
1175:Drivers/STM32L4xx_HAL_Driver/Src/stm32l4xx_hal_rtc_ex.c **** 
1176:Drivers/STM32L4xx_HAL_Driver/Src/stm32l4xx_hal_rtc_ex.c ****   /* Enable the write protection for RTC registers */
1177:Drivers/STM32L4xx_HAL_Driver/Src/stm32l4xx_hal_rtc_ex.c ****   __HAL_RTC_WRITEPROTECTION_ENABLE(hrtc);
 1517              		.loc 1 1177 3 is_stmt 1 view .LVU506
 1518              		.loc 1 1177 3 view .LVU507
 1519 004a 2368     		ldr	r3, [r4]
 1520 004c FF22     		movs	r2, #255
 1521 004e 5A62     		str	r2, [r3, #36]
 1522              		.loc 1 1177 3 view .LVU508
1178:Drivers/STM32L4xx_HAL_Driver/Src/stm32l4xx_hal_rtc_ex.c **** 
1179:Drivers/STM32L4xx_HAL_Driver/Src/stm32l4xx_hal_rtc_ex.c ****   /* Change RTC state */
1180:Drivers/STM32L4xx_HAL_Driver/Src/stm32l4xx_hal_rtc_ex.c ****   hrtc->State = HAL_RTC_STATE_READY;
 1523              		.loc 1 1180 3 view .LVU509
 1524              		.loc 1 1180 15 is_stmt 0 view .LVU510
 1525 0050 0123     		movs	r3, #1
 1526 0052 84F82130 		strb	r3, [r4, #33]
1181:Drivers/STM32L4xx_HAL_Driver/Src/stm32l4xx_hal_rtc_ex.c **** 
1182:Drivers/STM32L4xx_HAL_Driver/Src/stm32l4xx_hal_rtc_ex.c ****   /* Process Unlocked */
1183:Drivers/STM32L4xx_HAL_Driver/Src/stm32l4xx_hal_rtc_ex.c ****   __HAL_UNLOCK(hrtc);
 1527              		.loc 1 1183 3 is_stmt 1 view .LVU511
 1528              		.loc 1 1183 3 view .LVU512
 1529 0056 0020     		movs	r0, #0
 1530 0058 84F82000 		strb	r0, [r4, #32]
 1531              		.loc 1 1183 3 view .LVU513
1184:Drivers/STM32L4xx_HAL_Driver/Src/stm32l4xx_hal_rtc_ex.c **** 
1185:Drivers/STM32L4xx_HAL_Driver/Src/stm32l4xx_hal_rtc_ex.c ****   return HAL_OK;
 1532              		.loc 1 1185 3 view .LVU514
 1533              	.LVL96:
 1534              	.L85:
1186:Drivers/STM32L4xx_HAL_Driver/Src/stm32l4xx_hal_rtc_ex.c **** }
 1535              		.loc 1 1186 1 is_stmt 0 view .LVU515
 1536 005c BDE8F081 		pop	{r4, r5, r6, r7, r8, pc}
 1537              	.LVL97:
 1538              	.L91:
1148:Drivers/STM32L4xx_HAL_Driver/Src/stm32l4xx_hal_rtc_ex.c **** 
 1539              		.loc 1 1148 5 is_stmt 1 view .LVU516
1148:Drivers/STM32L4xx_HAL_Driver/Src/stm32l4xx_hal_rtc_ex.c **** 
 1540              		.loc 1 1148 17 is_stmt 0 view .LVU517
 1541 0060 FFF7FEFF 		bl	HAL_GetTick
 1542              	.LVL98:
1148:Drivers/STM32L4xx_HAL_Driver/Src/stm32l4xx_hal_rtc_ex.c **** 
 1543              		.loc 1 1148 17 view .LVU518
 1544 0064 8046     		mov	r8, r0
 1545              	.LVL99:
ARM GAS  /tmp/cc1jHbzH.s 			page 50


1154:Drivers/STM32L4xx_HAL_Driver/Src/stm32l4xx_hal_rtc_ex.c **** #endif
 1546              		.loc 1 1154 5 is_stmt 1 view .LVU519
 1547              	.L87:
1154:Drivers/STM32L4xx_HAL_Driver/Src/stm32l4xx_hal_rtc_ex.c **** #endif
 1548              		.loc 1 1154 52 view .LVU520
1154:Drivers/STM32L4xx_HAL_Driver/Src/stm32l4xx_hal_rtc_ex.c **** #endif
 1549              		.loc 1 1154 17 is_stmt 0 view .LVU521
 1550 0066 2368     		ldr	r3, [r4]
1154:Drivers/STM32L4xx_HAL_Driver/Src/stm32l4xx_hal_rtc_ex.c **** #endif
 1551              		.loc 1 1154 27 view .LVU522
 1552 0068 DB68     		ldr	r3, [r3, #12]
1154:Drivers/STM32L4xx_HAL_Driver/Src/stm32l4xx_hal_rtc_ex.c **** #endif
 1553              		.loc 1 1154 52 view .LVU523
 1554 006a 13F4803F 		tst	r3, #65536
 1555 006e E2D0     		beq	.L86
1157:Drivers/STM32L4xx_HAL_Driver/Src/stm32l4xx_hal_rtc_ex.c ****       {
 1556              		.loc 1 1157 7 is_stmt 1 view .LVU524
1157:Drivers/STM32L4xx_HAL_Driver/Src/stm32l4xx_hal_rtc_ex.c ****       {
 1557              		.loc 1 1157 12 is_stmt 0 view .LVU525
 1558 0070 FFF7FEFF 		bl	HAL_GetTick
 1559              	.LVL100:
1157:Drivers/STM32L4xx_HAL_Driver/Src/stm32l4xx_hal_rtc_ex.c ****       {
 1560              		.loc 1 1157 26 discriminator 1 view .LVU526
 1561 0074 A0EB0800 		sub	r0, r0, r8
1157:Drivers/STM32L4xx_HAL_Driver/Src/stm32l4xx_hal_rtc_ex.c ****       {
 1562              		.loc 1 1157 10 discriminator 1 view .LVU527
 1563 0078 B0F57A7F 		cmp	r0, #1000
 1564 007c F3D9     		bls	.L87
1160:Drivers/STM32L4xx_HAL_Driver/Src/stm32l4xx_hal_rtc_ex.c **** 
 1565              		.loc 1 1160 9 is_stmt 1 view .LVU528
1160:Drivers/STM32L4xx_HAL_Driver/Src/stm32l4xx_hal_rtc_ex.c **** 
 1566              		.loc 1 1160 9 view .LVU529
 1567 007e 2368     		ldr	r3, [r4]
 1568 0080 FF22     		movs	r2, #255
 1569 0082 5A62     		str	r2, [r3, #36]
1160:Drivers/STM32L4xx_HAL_Driver/Src/stm32l4xx_hal_rtc_ex.c **** 
 1570              		.loc 1 1160 9 view .LVU530
1163:Drivers/STM32L4xx_HAL_Driver/Src/stm32l4xx_hal_rtc_ex.c **** 
 1571              		.loc 1 1163 9 view .LVU531
1163:Drivers/STM32L4xx_HAL_Driver/Src/stm32l4xx_hal_rtc_ex.c **** 
 1572              		.loc 1 1163 21 is_stmt 0 view .LVU532
 1573 0084 0320     		movs	r0, #3
 1574 0086 84F82100 		strb	r0, [r4, #33]
1166:Drivers/STM32L4xx_HAL_Driver/Src/stm32l4xx_hal_rtc_ex.c **** 
 1575              		.loc 1 1166 9 is_stmt 1 view .LVU533
1166:Drivers/STM32L4xx_HAL_Driver/Src/stm32l4xx_hal_rtc_ex.c **** 
 1576              		.loc 1 1166 9 view .LVU534
 1577 008a 0023     		movs	r3, #0
 1578 008c 84F82030 		strb	r3, [r4, #32]
1166:Drivers/STM32L4xx_HAL_Driver/Src/stm32l4xx_hal_rtc_ex.c **** 
 1579              		.loc 1 1166 9 view .LVU535
1168:Drivers/STM32L4xx_HAL_Driver/Src/stm32l4xx_hal_rtc_ex.c ****       }
 1580              		.loc 1 1168 9 view .LVU536
1168:Drivers/STM32L4xx_HAL_Driver/Src/stm32l4xx_hal_rtc_ex.c ****       }
 1581              		.loc 1 1168 16 is_stmt 0 view .LVU537
 1582 0090 E4E7     		b	.L85
 1583              	.LVL101:
ARM GAS  /tmp/cc1jHbzH.s 			page 51


 1584              	.L89:
1134:Drivers/STM32L4xx_HAL_Driver/Src/stm32l4xx_hal_rtc_ex.c **** 
 1585              		.loc 1 1134 3 discriminator 1 view .LVU538
 1586 0092 0220     		movs	r0, #2
 1587              	.LVL102:
1134:Drivers/STM32L4xx_HAL_Driver/Src/stm32l4xx_hal_rtc_ex.c **** 
 1588              		.loc 1 1134 3 discriminator 1 view .LVU539
 1589 0094 E2E7     		b	.L85
 1590              		.cfi_endproc
 1591              	.LFE400:
 1593              		.section	.text.HAL_RTCEx_SetSynchroShift,"ax",%progbits
 1594              		.align	1
 1595              		.global	HAL_RTCEx_SetSynchroShift
 1596              		.syntax unified
 1597              		.thumb
 1598              		.thumb_func
 1600              	HAL_RTCEx_SetSynchroShift:
 1601              	.LVL103:
 1602              	.LFB401:
1187:Drivers/STM32L4xx_HAL_Driver/Src/stm32l4xx_hal_rtc_ex.c **** 
1188:Drivers/STM32L4xx_HAL_Driver/Src/stm32l4xx_hal_rtc_ex.c **** #if defined(STM32L412xx) || defined(STM32L422xx) || defined (STM32L4P5xx) || defined (STM32L4Q5xx)
1189:Drivers/STM32L4xx_HAL_Driver/Src/stm32l4xx_hal_rtc_ex.c **** /**
1190:Drivers/STM32L4xx_HAL_Driver/Src/stm32l4xx_hal_rtc_ex.c ****   * @brief  Select the low power Calibration mode.
1191:Drivers/STM32L4xx_HAL_Driver/Src/stm32l4xx_hal_rtc_ex.c ****   * @param  hrtc RTC handle
1192:Drivers/STM32L4xx_HAL_Driver/Src/stm32l4xx_hal_rtc_ex.c ****   * @param  LowPowerCalib Low power Calibration mode.
1193:Drivers/STM32L4xx_HAL_Driver/Src/stm32l4xx_hal_rtc_ex.c ****   *          This parameter can be can be one of the following values :
1194:Drivers/STM32L4xx_HAL_Driver/Src/stm32l4xx_hal_rtc_ex.c ****   *             @arg RTC_LPCAL_SET: Low power mode.
1195:Drivers/STM32L4xx_HAL_Driver/Src/stm32l4xx_hal_rtc_ex.c ****   *             @arg RTC_LPCAL_RESET: High consumption mode.
1196:Drivers/STM32L4xx_HAL_Driver/Src/stm32l4xx_hal_rtc_ex.c ****   * @retval HAL status
1197:Drivers/STM32L4xx_HAL_Driver/Src/stm32l4xx_hal_rtc_ex.c ****   */
1198:Drivers/STM32L4xx_HAL_Driver/Src/stm32l4xx_hal_rtc_ex.c **** HAL_StatusTypeDef HAL_RTCEx_SetLowPowerCalib(RTC_HandleTypeDef *hrtc, uint32_t LowPowerCalib)
1199:Drivers/STM32L4xx_HAL_Driver/Src/stm32l4xx_hal_rtc_ex.c **** {
1200:Drivers/STM32L4xx_HAL_Driver/Src/stm32l4xx_hal_rtc_ex.c ****   /* Check the parameters */
1201:Drivers/STM32L4xx_HAL_Driver/Src/stm32l4xx_hal_rtc_ex.c ****   assert_param(IS_RTC_LOW_POWER_CALIB(LowPowerCalib));
1202:Drivers/STM32L4xx_HAL_Driver/Src/stm32l4xx_hal_rtc_ex.c **** 
1203:Drivers/STM32L4xx_HAL_Driver/Src/stm32l4xx_hal_rtc_ex.c ****   /* Process Locked */
1204:Drivers/STM32L4xx_HAL_Driver/Src/stm32l4xx_hal_rtc_ex.c ****   __HAL_LOCK(hrtc);
1205:Drivers/STM32L4xx_HAL_Driver/Src/stm32l4xx_hal_rtc_ex.c **** 
1206:Drivers/STM32L4xx_HAL_Driver/Src/stm32l4xx_hal_rtc_ex.c ****   hrtc->State = HAL_RTC_STATE_BUSY;
1207:Drivers/STM32L4xx_HAL_Driver/Src/stm32l4xx_hal_rtc_ex.c **** 
1208:Drivers/STM32L4xx_HAL_Driver/Src/stm32l4xx_hal_rtc_ex.c ****   /* Disable the write protection for RTC registers */
1209:Drivers/STM32L4xx_HAL_Driver/Src/stm32l4xx_hal_rtc_ex.c ****   __HAL_RTC_WRITEPROTECTION_DISABLE(hrtc);
1210:Drivers/STM32L4xx_HAL_Driver/Src/stm32l4xx_hal_rtc_ex.c **** 
1211:Drivers/STM32L4xx_HAL_Driver/Src/stm32l4xx_hal_rtc_ex.c ****   /* Configure the Smooth calibration settings */
1212:Drivers/STM32L4xx_HAL_Driver/Src/stm32l4xx_hal_rtc_ex.c ****   MODIFY_REG(hrtc->Instance->CALR, RTC_CALR_LPCAL, LowPowerCalib);
1213:Drivers/STM32L4xx_HAL_Driver/Src/stm32l4xx_hal_rtc_ex.c **** 
1214:Drivers/STM32L4xx_HAL_Driver/Src/stm32l4xx_hal_rtc_ex.c ****   /* Enable the write protection for RTC registers */
1215:Drivers/STM32L4xx_HAL_Driver/Src/stm32l4xx_hal_rtc_ex.c ****   __HAL_RTC_WRITEPROTECTION_ENABLE(hrtc);
1216:Drivers/STM32L4xx_HAL_Driver/Src/stm32l4xx_hal_rtc_ex.c **** 
1217:Drivers/STM32L4xx_HAL_Driver/Src/stm32l4xx_hal_rtc_ex.c ****   /* Change RTC state */
1218:Drivers/STM32L4xx_HAL_Driver/Src/stm32l4xx_hal_rtc_ex.c ****   hrtc->State = HAL_RTC_STATE_READY;
1219:Drivers/STM32L4xx_HAL_Driver/Src/stm32l4xx_hal_rtc_ex.c **** 
1220:Drivers/STM32L4xx_HAL_Driver/Src/stm32l4xx_hal_rtc_ex.c ****   /* Process Unlocked */
1221:Drivers/STM32L4xx_HAL_Driver/Src/stm32l4xx_hal_rtc_ex.c ****   __HAL_UNLOCK(hrtc);
1222:Drivers/STM32L4xx_HAL_Driver/Src/stm32l4xx_hal_rtc_ex.c **** 
1223:Drivers/STM32L4xx_HAL_Driver/Src/stm32l4xx_hal_rtc_ex.c ****   return HAL_OK;
1224:Drivers/STM32L4xx_HAL_Driver/Src/stm32l4xx_hal_rtc_ex.c **** }
ARM GAS  /tmp/cc1jHbzH.s 			page 52


1225:Drivers/STM32L4xx_HAL_Driver/Src/stm32l4xx_hal_rtc_ex.c **** #endif /* #if defined(STM32L412xx) || defined(STM32L422xx) || defined (STM32L4P5xx) || defined (STM
1226:Drivers/STM32L4xx_HAL_Driver/Src/stm32l4xx_hal_rtc_ex.c **** 
1227:Drivers/STM32L4xx_HAL_Driver/Src/stm32l4xx_hal_rtc_ex.c **** /**
1228:Drivers/STM32L4xx_HAL_Driver/Src/stm32l4xx_hal_rtc_ex.c ****   * @brief  Configure the Synchronization Shift Control Settings.
1229:Drivers/STM32L4xx_HAL_Driver/Src/stm32l4xx_hal_rtc_ex.c ****   * @note   When REFCKON is set, firmware must not write to Shift control register.
1230:Drivers/STM32L4xx_HAL_Driver/Src/stm32l4xx_hal_rtc_ex.c ****   * @param  hrtc RTC handle
1231:Drivers/STM32L4xx_HAL_Driver/Src/stm32l4xx_hal_rtc_ex.c ****   * @param  ShiftAdd1S Select to add or not 1 second to the time calendar.
1232:Drivers/STM32L4xx_HAL_Driver/Src/stm32l4xx_hal_rtc_ex.c ****   *          This parameter can be one of the following values:
1233:Drivers/STM32L4xx_HAL_Driver/Src/stm32l4xx_hal_rtc_ex.c ****   *             @arg RTC_SHIFTADD1S_SET: Add one second to the clock calendar.
1234:Drivers/STM32L4xx_HAL_Driver/Src/stm32l4xx_hal_rtc_ex.c ****   *             @arg RTC_SHIFTADD1S_RESET: No effect.
1235:Drivers/STM32L4xx_HAL_Driver/Src/stm32l4xx_hal_rtc_ex.c ****   * @param  ShiftSubFS Select the number of Second Fractions to substitute.
1236:Drivers/STM32L4xx_HAL_Driver/Src/stm32l4xx_hal_rtc_ex.c ****   *          This parameter can be one any value from 0 to 0x7FFF.
1237:Drivers/STM32L4xx_HAL_Driver/Src/stm32l4xx_hal_rtc_ex.c ****   * @retval HAL status
1238:Drivers/STM32L4xx_HAL_Driver/Src/stm32l4xx_hal_rtc_ex.c ****   */
1239:Drivers/STM32L4xx_HAL_Driver/Src/stm32l4xx_hal_rtc_ex.c **** HAL_StatusTypeDef HAL_RTCEx_SetSynchroShift(RTC_HandleTypeDef *hrtc, uint32_t ShiftAdd1S, uint32_t 
1240:Drivers/STM32L4xx_HAL_Driver/Src/stm32l4xx_hal_rtc_ex.c **** {
 1603              		.loc 1 1240 1 is_stmt 1 view -0
 1604              		.cfi_startproc
 1605              		@ args = 0, pretend = 0, frame = 0
 1606              		@ frame_needed = 0, uses_anonymous_args = 0
1241:Drivers/STM32L4xx_HAL_Driver/Src/stm32l4xx_hal_rtc_ex.c ****   uint32_t tickstart;
 1607              		.loc 1 1241 3 view .LVU541
1242:Drivers/STM32L4xx_HAL_Driver/Src/stm32l4xx_hal_rtc_ex.c **** 
1243:Drivers/STM32L4xx_HAL_Driver/Src/stm32l4xx_hal_rtc_ex.c ****   /* Check the parameters */
1244:Drivers/STM32L4xx_HAL_Driver/Src/stm32l4xx_hal_rtc_ex.c ****   assert_param(IS_RTC_SHIFT_ADD1S(ShiftAdd1S));
 1608              		.loc 1 1244 3 view .LVU542
1245:Drivers/STM32L4xx_HAL_Driver/Src/stm32l4xx_hal_rtc_ex.c ****   assert_param(IS_RTC_SHIFT_SUBFS(ShiftSubFS));
 1609              		.loc 1 1245 3 view .LVU543
1246:Drivers/STM32L4xx_HAL_Driver/Src/stm32l4xx_hal_rtc_ex.c **** 
1247:Drivers/STM32L4xx_HAL_Driver/Src/stm32l4xx_hal_rtc_ex.c ****   /* Process Locked */
1248:Drivers/STM32L4xx_HAL_Driver/Src/stm32l4xx_hal_rtc_ex.c ****   __HAL_LOCK(hrtc);
 1610              		.loc 1 1248 3 view .LVU544
 1611              		.loc 1 1248 3 view .LVU545
 1612 0000 90F82030 		ldrb	r3, [r0, #32]	@ zero_extendqisi2
 1613 0004 012B     		cmp	r3, #1
 1614 0006 59D0     		beq	.L98
1240:Drivers/STM32L4xx_HAL_Driver/Src/stm32l4xx_hal_rtc_ex.c ****   uint32_t tickstart;
 1615              		.loc 1 1240 1 is_stmt 0 view .LVU546
 1616 0008 2DE9F041 		push	{r4, r5, r6, r7, r8, lr}
 1617              	.LCFI12:
 1618              		.cfi_def_cfa_offset 24
 1619              		.cfi_offset 4, -24
 1620              		.cfi_offset 5, -20
 1621              		.cfi_offset 6, -16
 1622              		.cfi_offset 7, -12
 1623              		.cfi_offset 8, -8
 1624              		.cfi_offset 14, -4
 1625 000c 0446     		mov	r4, r0
 1626 000e 8846     		mov	r8, r1
 1627 0010 1746     		mov	r7, r2
 1628              		.loc 1 1248 3 is_stmt 1 discriminator 2 view .LVU547
 1629 0012 0123     		movs	r3, #1
 1630 0014 80F82030 		strb	r3, [r0, #32]
 1631              		.loc 1 1248 3 discriminator 2 view .LVU548
1249:Drivers/STM32L4xx_HAL_Driver/Src/stm32l4xx_hal_rtc_ex.c **** 
1250:Drivers/STM32L4xx_HAL_Driver/Src/stm32l4xx_hal_rtc_ex.c ****   hrtc->State = HAL_RTC_STATE_BUSY;
 1632              		.loc 1 1250 3 view .LVU549
ARM GAS  /tmp/cc1jHbzH.s 			page 53


 1633              		.loc 1 1250 15 is_stmt 0 view .LVU550
 1634 0018 0223     		movs	r3, #2
 1635 001a 80F82130 		strb	r3, [r0, #33]
1251:Drivers/STM32L4xx_HAL_Driver/Src/stm32l4xx_hal_rtc_ex.c **** 
1252:Drivers/STM32L4xx_HAL_Driver/Src/stm32l4xx_hal_rtc_ex.c ****   /* Disable the write protection for RTC registers */
1253:Drivers/STM32L4xx_HAL_Driver/Src/stm32l4xx_hal_rtc_ex.c ****   __HAL_RTC_WRITEPROTECTION_DISABLE(hrtc);
 1636              		.loc 1 1253 3 is_stmt 1 view .LVU551
 1637              		.loc 1 1253 3 view .LVU552
 1638 001e 0368     		ldr	r3, [r0]
 1639 0020 CA22     		movs	r2, #202
 1640              	.LVL104:
 1641              		.loc 1 1253 3 is_stmt 0 view .LVU553
 1642 0022 5A62     		str	r2, [r3, #36]
 1643              		.loc 1 1253 3 is_stmt 1 view .LVU554
 1644 0024 0368     		ldr	r3, [r0]
 1645 0026 5322     		movs	r2, #83
 1646 0028 5A62     		str	r2, [r3, #36]
 1647              		.loc 1 1253 3 view .LVU555
1254:Drivers/STM32L4xx_HAL_Driver/Src/stm32l4xx_hal_rtc_ex.c **** 
1255:Drivers/STM32L4xx_HAL_Driver/Src/stm32l4xx_hal_rtc_ex.c ****   tickstart = HAL_GetTick();
 1648              		.loc 1 1255 3 view .LVU556
 1649              		.loc 1 1255 15 is_stmt 0 view .LVU557
 1650 002a FFF7FEFF 		bl	HAL_GetTick
 1651              	.LVL105:
 1652              		.loc 1 1255 15 view .LVU558
 1653 002e 0646     		mov	r6, r0
 1654              	.LVL106:
1256:Drivers/STM32L4xx_HAL_Driver/Src/stm32l4xx_hal_rtc_ex.c **** 
1257:Drivers/STM32L4xx_HAL_Driver/Src/stm32l4xx_hal_rtc_ex.c ****   /* Wait until the shift is completed*/
1258:Drivers/STM32L4xx_HAL_Driver/Src/stm32l4xx_hal_rtc_ex.c **** #if defined(STM32L412xx) || defined(STM32L422xx) || defined (STM32L4P5xx) || defined (STM32L4Q5xx)
1259:Drivers/STM32L4xx_HAL_Driver/Src/stm32l4xx_hal_rtc_ex.c ****   while ((hrtc->Instance->ICSR & RTC_ICSR_SHPF) != 0U)
1260:Drivers/STM32L4xx_HAL_Driver/Src/stm32l4xx_hal_rtc_ex.c **** #else
1261:Drivers/STM32L4xx_HAL_Driver/Src/stm32l4xx_hal_rtc_ex.c ****   while ((hrtc->Instance->ISR & RTC_ISR_SHPF) != 0U)
 1655              		.loc 1 1261 3 is_stmt 1 view .LVU559
 1656              	.L94:
 1657              		.loc 1 1261 47 view .LVU560
 1658              		.loc 1 1261 15 is_stmt 0 view .LVU561
 1659 0030 2368     		ldr	r3, [r4]
 1660              		.loc 1 1261 25 view .LVU562
 1661 0032 DD68     		ldr	r5, [r3, #12]
 1662              		.loc 1 1261 47 view .LVU563
 1663 0034 15F0080F 		tst	r5, #8
 1664 0038 10D0     		beq	.L103
1262:Drivers/STM32L4xx_HAL_Driver/Src/stm32l4xx_hal_rtc_ex.c **** #endif
1263:Drivers/STM32L4xx_HAL_Driver/Src/stm32l4xx_hal_rtc_ex.c ****   {
1264:Drivers/STM32L4xx_HAL_Driver/Src/stm32l4xx_hal_rtc_ex.c ****     if ((HAL_GetTick() - tickstart) > RTC_TIMEOUT_VALUE)
 1665              		.loc 1 1264 5 is_stmt 1 view .LVU564
 1666              		.loc 1 1264 10 is_stmt 0 view .LVU565
 1667 003a FFF7FEFF 		bl	HAL_GetTick
 1668              	.LVL107:
 1669              		.loc 1 1264 24 discriminator 1 view .LVU566
 1670 003e 831B     		subs	r3, r0, r6
 1671              		.loc 1 1264 8 discriminator 1 view .LVU567
 1672 0040 B3F57A7F 		cmp	r3, #1000
 1673 0044 F4D9     		bls	.L94
1265:Drivers/STM32L4xx_HAL_Driver/Src/stm32l4xx_hal_rtc_ex.c ****     {
1266:Drivers/STM32L4xx_HAL_Driver/Src/stm32l4xx_hal_rtc_ex.c ****       /* Enable the write protection for RTC registers */
ARM GAS  /tmp/cc1jHbzH.s 			page 54


1267:Drivers/STM32L4xx_HAL_Driver/Src/stm32l4xx_hal_rtc_ex.c ****       __HAL_RTC_WRITEPROTECTION_ENABLE(hrtc);
 1674              		.loc 1 1267 7 is_stmt 1 view .LVU568
 1675              		.loc 1 1267 7 view .LVU569
 1676 0046 2368     		ldr	r3, [r4]
 1677 0048 FF22     		movs	r2, #255
 1678 004a 5A62     		str	r2, [r3, #36]
 1679              		.loc 1 1267 7 view .LVU570
1268:Drivers/STM32L4xx_HAL_Driver/Src/stm32l4xx_hal_rtc_ex.c **** 
1269:Drivers/STM32L4xx_HAL_Driver/Src/stm32l4xx_hal_rtc_ex.c ****       hrtc->State = HAL_RTC_STATE_TIMEOUT;
 1680              		.loc 1 1269 7 view .LVU571
 1681              		.loc 1 1269 19 is_stmt 0 view .LVU572
 1682 004c 0320     		movs	r0, #3
 1683 004e 84F82100 		strb	r0, [r4, #33]
1270:Drivers/STM32L4xx_HAL_Driver/Src/stm32l4xx_hal_rtc_ex.c **** 
1271:Drivers/STM32L4xx_HAL_Driver/Src/stm32l4xx_hal_rtc_ex.c ****       /* Process Unlocked */
1272:Drivers/STM32L4xx_HAL_Driver/Src/stm32l4xx_hal_rtc_ex.c ****       __HAL_UNLOCK(hrtc);
 1684              		.loc 1 1272 7 is_stmt 1 view .LVU573
 1685              		.loc 1 1272 7 view .LVU574
 1686 0052 0023     		movs	r3, #0
 1687 0054 84F82030 		strb	r3, [r4, #32]
 1688              		.loc 1 1272 7 view .LVU575
1273:Drivers/STM32L4xx_HAL_Driver/Src/stm32l4xx_hal_rtc_ex.c **** 
1274:Drivers/STM32L4xx_HAL_Driver/Src/stm32l4xx_hal_rtc_ex.c ****       return HAL_TIMEOUT;
 1689              		.loc 1 1274 7 view .LVU576
 1690              	.LVL108:
 1691              	.L93:
1275:Drivers/STM32L4xx_HAL_Driver/Src/stm32l4xx_hal_rtc_ex.c ****     }
1276:Drivers/STM32L4xx_HAL_Driver/Src/stm32l4xx_hal_rtc_ex.c ****   }
1277:Drivers/STM32L4xx_HAL_Driver/Src/stm32l4xx_hal_rtc_ex.c **** 
1278:Drivers/STM32L4xx_HAL_Driver/Src/stm32l4xx_hal_rtc_ex.c ****   /* Check if the reference clock detection is disabled */
1279:Drivers/STM32L4xx_HAL_Driver/Src/stm32l4xx_hal_rtc_ex.c ****   if ((hrtc->Instance->CR & RTC_CR_REFCKON) == 0U)
1280:Drivers/STM32L4xx_HAL_Driver/Src/stm32l4xx_hal_rtc_ex.c ****   {
1281:Drivers/STM32L4xx_HAL_Driver/Src/stm32l4xx_hal_rtc_ex.c ****     /* Configure the Shift settings */
1282:Drivers/STM32L4xx_HAL_Driver/Src/stm32l4xx_hal_rtc_ex.c ****     hrtc->Instance->SHIFTR = (uint32_t)(uint32_t)(ShiftSubFS) | (uint32_t)(ShiftAdd1S);
1283:Drivers/STM32L4xx_HAL_Driver/Src/stm32l4xx_hal_rtc_ex.c **** 
1284:Drivers/STM32L4xx_HAL_Driver/Src/stm32l4xx_hal_rtc_ex.c ****     /* If  RTC_CR_BYPSHAD bit = 0, wait for synchro else this check is not needed */
1285:Drivers/STM32L4xx_HAL_Driver/Src/stm32l4xx_hal_rtc_ex.c ****     if ((hrtc->Instance->CR & RTC_CR_BYPSHAD) == 0U)
1286:Drivers/STM32L4xx_HAL_Driver/Src/stm32l4xx_hal_rtc_ex.c ****     {
1287:Drivers/STM32L4xx_HAL_Driver/Src/stm32l4xx_hal_rtc_ex.c ****       if (HAL_RTC_WaitForSynchro(hrtc) != HAL_OK)
1288:Drivers/STM32L4xx_HAL_Driver/Src/stm32l4xx_hal_rtc_ex.c ****       {
1289:Drivers/STM32L4xx_HAL_Driver/Src/stm32l4xx_hal_rtc_ex.c ****         /* Enable the write protection for RTC registers */
1290:Drivers/STM32L4xx_HAL_Driver/Src/stm32l4xx_hal_rtc_ex.c ****         __HAL_RTC_WRITEPROTECTION_ENABLE(hrtc);
1291:Drivers/STM32L4xx_HAL_Driver/Src/stm32l4xx_hal_rtc_ex.c **** 
1292:Drivers/STM32L4xx_HAL_Driver/Src/stm32l4xx_hal_rtc_ex.c ****         hrtc->State = HAL_RTC_STATE_ERROR;
1293:Drivers/STM32L4xx_HAL_Driver/Src/stm32l4xx_hal_rtc_ex.c **** 
1294:Drivers/STM32L4xx_HAL_Driver/Src/stm32l4xx_hal_rtc_ex.c ****         /* Process Unlocked */
1295:Drivers/STM32L4xx_HAL_Driver/Src/stm32l4xx_hal_rtc_ex.c ****         __HAL_UNLOCK(hrtc);
1296:Drivers/STM32L4xx_HAL_Driver/Src/stm32l4xx_hal_rtc_ex.c **** 
1297:Drivers/STM32L4xx_HAL_Driver/Src/stm32l4xx_hal_rtc_ex.c ****         return HAL_ERROR;
1298:Drivers/STM32L4xx_HAL_Driver/Src/stm32l4xx_hal_rtc_ex.c ****       }
1299:Drivers/STM32L4xx_HAL_Driver/Src/stm32l4xx_hal_rtc_ex.c ****     }
1300:Drivers/STM32L4xx_HAL_Driver/Src/stm32l4xx_hal_rtc_ex.c ****   }
1301:Drivers/STM32L4xx_HAL_Driver/Src/stm32l4xx_hal_rtc_ex.c ****   else
1302:Drivers/STM32L4xx_HAL_Driver/Src/stm32l4xx_hal_rtc_ex.c ****   {
1303:Drivers/STM32L4xx_HAL_Driver/Src/stm32l4xx_hal_rtc_ex.c ****     /* Enable the write protection for RTC registers */
1304:Drivers/STM32L4xx_HAL_Driver/Src/stm32l4xx_hal_rtc_ex.c ****     __HAL_RTC_WRITEPROTECTION_ENABLE(hrtc);
1305:Drivers/STM32L4xx_HAL_Driver/Src/stm32l4xx_hal_rtc_ex.c **** 
ARM GAS  /tmp/cc1jHbzH.s 			page 55


1306:Drivers/STM32L4xx_HAL_Driver/Src/stm32l4xx_hal_rtc_ex.c ****     /* Change RTC state */
1307:Drivers/STM32L4xx_HAL_Driver/Src/stm32l4xx_hal_rtc_ex.c ****     hrtc->State = HAL_RTC_STATE_ERROR;
1308:Drivers/STM32L4xx_HAL_Driver/Src/stm32l4xx_hal_rtc_ex.c **** 
1309:Drivers/STM32L4xx_HAL_Driver/Src/stm32l4xx_hal_rtc_ex.c ****     /* Process Unlocked */
1310:Drivers/STM32L4xx_HAL_Driver/Src/stm32l4xx_hal_rtc_ex.c ****     __HAL_UNLOCK(hrtc);
1311:Drivers/STM32L4xx_HAL_Driver/Src/stm32l4xx_hal_rtc_ex.c **** 
1312:Drivers/STM32L4xx_HAL_Driver/Src/stm32l4xx_hal_rtc_ex.c ****     return HAL_ERROR;
1313:Drivers/STM32L4xx_HAL_Driver/Src/stm32l4xx_hal_rtc_ex.c ****   }
1314:Drivers/STM32L4xx_HAL_Driver/Src/stm32l4xx_hal_rtc_ex.c **** 
1315:Drivers/STM32L4xx_HAL_Driver/Src/stm32l4xx_hal_rtc_ex.c ****   /* Enable the write protection for RTC registers */
1316:Drivers/STM32L4xx_HAL_Driver/Src/stm32l4xx_hal_rtc_ex.c ****   __HAL_RTC_WRITEPROTECTION_ENABLE(hrtc);
1317:Drivers/STM32L4xx_HAL_Driver/Src/stm32l4xx_hal_rtc_ex.c **** 
1318:Drivers/STM32L4xx_HAL_Driver/Src/stm32l4xx_hal_rtc_ex.c ****   /* Change RTC state */
1319:Drivers/STM32L4xx_HAL_Driver/Src/stm32l4xx_hal_rtc_ex.c ****   hrtc->State = HAL_RTC_STATE_READY;
1320:Drivers/STM32L4xx_HAL_Driver/Src/stm32l4xx_hal_rtc_ex.c **** 
1321:Drivers/STM32L4xx_HAL_Driver/Src/stm32l4xx_hal_rtc_ex.c ****   /* Process Unlocked */
1322:Drivers/STM32L4xx_HAL_Driver/Src/stm32l4xx_hal_rtc_ex.c ****   __HAL_UNLOCK(hrtc);
1323:Drivers/STM32L4xx_HAL_Driver/Src/stm32l4xx_hal_rtc_ex.c **** 
1324:Drivers/STM32L4xx_HAL_Driver/Src/stm32l4xx_hal_rtc_ex.c ****   return HAL_OK;
1325:Drivers/STM32L4xx_HAL_Driver/Src/stm32l4xx_hal_rtc_ex.c **** }
 1692              		.loc 1 1325 1 is_stmt 0 view .LVU577
 1693 0058 BDE8F081 		pop	{r4, r5, r6, r7, r8, pc}
 1694              	.LVL109:
 1695              	.L103:
1279:Drivers/STM32L4xx_HAL_Driver/Src/stm32l4xx_hal_rtc_ex.c ****   {
 1696              		.loc 1 1279 3 is_stmt 1 view .LVU578
1279:Drivers/STM32L4xx_HAL_Driver/Src/stm32l4xx_hal_rtc_ex.c ****   {
 1697              		.loc 1 1279 22 is_stmt 0 view .LVU579
 1698 005c 9A68     		ldr	r2, [r3, #8]
1279:Drivers/STM32L4xx_HAL_Driver/Src/stm32l4xx_hal_rtc_ex.c ****   {
 1699              		.loc 1 1279 6 view .LVU580
 1700 005e 12F0100F 		tst	r2, #16
 1701 0062 21D1     		bne	.L96
1282:Drivers/STM32L4xx_HAL_Driver/Src/stm32l4xx_hal_rtc_ex.c **** 
 1702              		.loc 1 1282 5 is_stmt 1 view .LVU581
1282:Drivers/STM32L4xx_HAL_Driver/Src/stm32l4xx_hal_rtc_ex.c **** 
 1703              		.loc 1 1282 63 is_stmt 0 view .LVU582
 1704 0064 47EA0807 		orr	r7, r7, r8
 1705              	.LVL110:
1282:Drivers/STM32L4xx_HAL_Driver/Src/stm32l4xx_hal_rtc_ex.c **** 
 1706              		.loc 1 1282 28 view .LVU583
 1707 0068 DF62     		str	r7, [r3, #44]
1285:Drivers/STM32L4xx_HAL_Driver/Src/stm32l4xx_hal_rtc_ex.c ****     {
 1708              		.loc 1 1285 5 is_stmt 1 view .LVU584
1285:Drivers/STM32L4xx_HAL_Driver/Src/stm32l4xx_hal_rtc_ex.c ****     {
 1709              		.loc 1 1285 14 is_stmt 0 view .LVU585
 1710 006a 2368     		ldr	r3, [r4]
1285:Drivers/STM32L4xx_HAL_Driver/Src/stm32l4xx_hal_rtc_ex.c ****     {
 1711              		.loc 1 1285 24 view .LVU586
 1712 006c 9B68     		ldr	r3, [r3, #8]
1285:Drivers/STM32L4xx_HAL_Driver/Src/stm32l4xx_hal_rtc_ex.c ****     {
 1713              		.loc 1 1285 8 view .LVU587
 1714 006e 13F0200F 		tst	r3, #32
 1715 0072 09D0     		beq	.L104
 1716              	.L97:
1316:Drivers/STM32L4xx_HAL_Driver/Src/stm32l4xx_hal_rtc_ex.c **** 
 1717              		.loc 1 1316 3 is_stmt 1 view .LVU588
ARM GAS  /tmp/cc1jHbzH.s 			page 56


1316:Drivers/STM32L4xx_HAL_Driver/Src/stm32l4xx_hal_rtc_ex.c **** 
 1718              		.loc 1 1316 3 view .LVU589
 1719 0074 2368     		ldr	r3, [r4]
 1720 0076 FF22     		movs	r2, #255
 1721 0078 5A62     		str	r2, [r3, #36]
1316:Drivers/STM32L4xx_HAL_Driver/Src/stm32l4xx_hal_rtc_ex.c **** 
 1722              		.loc 1 1316 3 view .LVU590
1319:Drivers/STM32L4xx_HAL_Driver/Src/stm32l4xx_hal_rtc_ex.c **** 
 1723              		.loc 1 1319 3 view .LVU591
1319:Drivers/STM32L4xx_HAL_Driver/Src/stm32l4xx_hal_rtc_ex.c **** 
 1724              		.loc 1 1319 15 is_stmt 0 view .LVU592
 1725 007a 0123     		movs	r3, #1
 1726 007c 84F82130 		strb	r3, [r4, #33]
1322:Drivers/STM32L4xx_HAL_Driver/Src/stm32l4xx_hal_rtc_ex.c **** 
 1727              		.loc 1 1322 3 is_stmt 1 view .LVU593
1322:Drivers/STM32L4xx_HAL_Driver/Src/stm32l4xx_hal_rtc_ex.c **** 
 1728              		.loc 1 1322 3 view .LVU594
 1729 0080 0020     		movs	r0, #0
 1730 0082 84F82000 		strb	r0, [r4, #32]
1322:Drivers/STM32L4xx_HAL_Driver/Src/stm32l4xx_hal_rtc_ex.c **** 
 1731              		.loc 1 1322 3 view .LVU595
1324:Drivers/STM32L4xx_HAL_Driver/Src/stm32l4xx_hal_rtc_ex.c **** }
 1732              		.loc 1 1324 3 view .LVU596
1324:Drivers/STM32L4xx_HAL_Driver/Src/stm32l4xx_hal_rtc_ex.c **** }
 1733              		.loc 1 1324 10 is_stmt 0 view .LVU597
 1734 0086 E7E7     		b	.L93
 1735              	.L104:
1287:Drivers/STM32L4xx_HAL_Driver/Src/stm32l4xx_hal_rtc_ex.c ****       {
 1736              		.loc 1 1287 7 is_stmt 1 view .LVU598
1287:Drivers/STM32L4xx_HAL_Driver/Src/stm32l4xx_hal_rtc_ex.c ****       {
 1737              		.loc 1 1287 11 is_stmt 0 view .LVU599
 1738 0088 2046     		mov	r0, r4
 1739 008a FFF7FEFF 		bl	HAL_RTC_WaitForSynchro
 1740              	.LVL111:
1287:Drivers/STM32L4xx_HAL_Driver/Src/stm32l4xx_hal_rtc_ex.c ****       {
 1741              		.loc 1 1287 10 discriminator 1 view .LVU600
 1742 008e 0028     		cmp	r0, #0
 1743 0090 F0D0     		beq	.L97
1290:Drivers/STM32L4xx_HAL_Driver/Src/stm32l4xx_hal_rtc_ex.c **** 
 1744              		.loc 1 1290 9 is_stmt 1 view .LVU601
1290:Drivers/STM32L4xx_HAL_Driver/Src/stm32l4xx_hal_rtc_ex.c **** 
 1745              		.loc 1 1290 9 view .LVU602
 1746 0092 2368     		ldr	r3, [r4]
 1747 0094 FF22     		movs	r2, #255
 1748 0096 5A62     		str	r2, [r3, #36]
1290:Drivers/STM32L4xx_HAL_Driver/Src/stm32l4xx_hal_rtc_ex.c **** 
 1749              		.loc 1 1290 9 view .LVU603
1292:Drivers/STM32L4xx_HAL_Driver/Src/stm32l4xx_hal_rtc_ex.c **** 
 1750              		.loc 1 1292 9 view .LVU604
1292:Drivers/STM32L4xx_HAL_Driver/Src/stm32l4xx_hal_rtc_ex.c **** 
 1751              		.loc 1 1292 21 is_stmt 0 view .LVU605
 1752 0098 0423     		movs	r3, #4
 1753 009a 84F82130 		strb	r3, [r4, #33]
1295:Drivers/STM32L4xx_HAL_Driver/Src/stm32l4xx_hal_rtc_ex.c **** 
 1754              		.loc 1 1295 9 is_stmt 1 view .LVU606
1295:Drivers/STM32L4xx_HAL_Driver/Src/stm32l4xx_hal_rtc_ex.c **** 
 1755              		.loc 1 1295 9 view .LVU607
ARM GAS  /tmp/cc1jHbzH.s 			page 57


 1756 009e 0023     		movs	r3, #0
 1757 00a0 84F82030 		strb	r3, [r4, #32]
1295:Drivers/STM32L4xx_HAL_Driver/Src/stm32l4xx_hal_rtc_ex.c **** 
 1758              		.loc 1 1295 9 view .LVU608
1297:Drivers/STM32L4xx_HAL_Driver/Src/stm32l4xx_hal_rtc_ex.c ****       }
 1759              		.loc 1 1297 9 view .LVU609
1297:Drivers/STM32L4xx_HAL_Driver/Src/stm32l4xx_hal_rtc_ex.c ****       }
 1760              		.loc 1 1297 16 is_stmt 0 view .LVU610
 1761 00a4 0120     		movs	r0, #1
 1762 00a6 D7E7     		b	.L93
 1763              	.LVL112:
 1764              	.L96:
1304:Drivers/STM32L4xx_HAL_Driver/Src/stm32l4xx_hal_rtc_ex.c **** 
 1765              		.loc 1 1304 5 is_stmt 1 view .LVU611
1304:Drivers/STM32L4xx_HAL_Driver/Src/stm32l4xx_hal_rtc_ex.c **** 
 1766              		.loc 1 1304 5 view .LVU612
 1767 00a8 FF22     		movs	r2, #255
 1768 00aa 5A62     		str	r2, [r3, #36]
1304:Drivers/STM32L4xx_HAL_Driver/Src/stm32l4xx_hal_rtc_ex.c **** 
 1769              		.loc 1 1304 5 view .LVU613
1307:Drivers/STM32L4xx_HAL_Driver/Src/stm32l4xx_hal_rtc_ex.c **** 
 1770              		.loc 1 1307 5 view .LVU614
1307:Drivers/STM32L4xx_HAL_Driver/Src/stm32l4xx_hal_rtc_ex.c **** 
 1771              		.loc 1 1307 17 is_stmt 0 view .LVU615
 1772 00ac 0423     		movs	r3, #4
 1773 00ae 84F82130 		strb	r3, [r4, #33]
1310:Drivers/STM32L4xx_HAL_Driver/Src/stm32l4xx_hal_rtc_ex.c **** 
 1774              		.loc 1 1310 5 is_stmt 1 view .LVU616
1310:Drivers/STM32L4xx_HAL_Driver/Src/stm32l4xx_hal_rtc_ex.c **** 
 1775              		.loc 1 1310 5 view .LVU617
 1776 00b2 0023     		movs	r3, #0
 1777 00b4 84F82030 		strb	r3, [r4, #32]
1310:Drivers/STM32L4xx_HAL_Driver/Src/stm32l4xx_hal_rtc_ex.c **** 
 1778              		.loc 1 1310 5 view .LVU618
1312:Drivers/STM32L4xx_HAL_Driver/Src/stm32l4xx_hal_rtc_ex.c ****   }
 1779              		.loc 1 1312 5 view .LVU619
1312:Drivers/STM32L4xx_HAL_Driver/Src/stm32l4xx_hal_rtc_ex.c ****   }
 1780              		.loc 1 1312 12 is_stmt 0 view .LVU620
 1781 00b8 0120     		movs	r0, #1
 1782 00ba CDE7     		b	.L93
 1783              	.LVL113:
 1784              	.L98:
 1785              	.LCFI13:
 1786              		.cfi_def_cfa_offset 0
 1787              		.cfi_restore 4
 1788              		.cfi_restore 5
 1789              		.cfi_restore 6
 1790              		.cfi_restore 7
 1791              		.cfi_restore 8
 1792              		.cfi_restore 14
1248:Drivers/STM32L4xx_HAL_Driver/Src/stm32l4xx_hal_rtc_ex.c **** 
 1793              		.loc 1 1248 3 discriminator 1 view .LVU621
 1794 00bc 0220     		movs	r0, #2
 1795              	.LVL114:
 1796              		.loc 1 1325 1 view .LVU622
 1797 00be 7047     		bx	lr
 1798              		.cfi_endproc
ARM GAS  /tmp/cc1jHbzH.s 			page 58


 1799              	.LFE401:
 1801              		.section	.text.HAL_RTCEx_SetCalibrationOutPut,"ax",%progbits
 1802              		.align	1
 1803              		.global	HAL_RTCEx_SetCalibrationOutPut
 1804              		.syntax unified
 1805              		.thumb
 1806              		.thumb_func
 1808              	HAL_RTCEx_SetCalibrationOutPut:
 1809              	.LVL115:
 1810              	.LFB402:
1326:Drivers/STM32L4xx_HAL_Driver/Src/stm32l4xx_hal_rtc_ex.c **** 
1327:Drivers/STM32L4xx_HAL_Driver/Src/stm32l4xx_hal_rtc_ex.c **** /**
1328:Drivers/STM32L4xx_HAL_Driver/Src/stm32l4xx_hal_rtc_ex.c ****   * @brief  Configure the Calibration Pinout (RTC_CALIB) Selection (1Hz or 512Hz).
1329:Drivers/STM32L4xx_HAL_Driver/Src/stm32l4xx_hal_rtc_ex.c ****   * @param  hrtc RTC handle
1330:Drivers/STM32L4xx_HAL_Driver/Src/stm32l4xx_hal_rtc_ex.c ****   * @param  CalibOutput Select the Calibration output Selection .
1331:Drivers/STM32L4xx_HAL_Driver/Src/stm32l4xx_hal_rtc_ex.c ****   *          This parameter can be one of the following values:
1332:Drivers/STM32L4xx_HAL_Driver/Src/stm32l4xx_hal_rtc_ex.c ****   *             @arg RTC_CALIBOUTPUT_512HZ: A signal has a regular waveform at 512Hz.
1333:Drivers/STM32L4xx_HAL_Driver/Src/stm32l4xx_hal_rtc_ex.c ****   *             @arg RTC_CALIBOUTPUT_1HZ: A signal has a regular waveform at 1Hz.
1334:Drivers/STM32L4xx_HAL_Driver/Src/stm32l4xx_hal_rtc_ex.c ****   * @retval HAL status
1335:Drivers/STM32L4xx_HAL_Driver/Src/stm32l4xx_hal_rtc_ex.c ****   */
1336:Drivers/STM32L4xx_HAL_Driver/Src/stm32l4xx_hal_rtc_ex.c **** HAL_StatusTypeDef HAL_RTCEx_SetCalibrationOutPut(RTC_HandleTypeDef *hrtc, uint32_t CalibOutput)
1337:Drivers/STM32L4xx_HAL_Driver/Src/stm32l4xx_hal_rtc_ex.c **** {
 1811              		.loc 1 1337 1 is_stmt 1 view -0
 1812              		.cfi_startproc
 1813              		@ args = 0, pretend = 0, frame = 0
 1814              		@ frame_needed = 0, uses_anonymous_args = 0
 1815              		@ link register save eliminated.
1338:Drivers/STM32L4xx_HAL_Driver/Src/stm32l4xx_hal_rtc_ex.c ****   /* Check the parameters */
1339:Drivers/STM32L4xx_HAL_Driver/Src/stm32l4xx_hal_rtc_ex.c ****   assert_param(IS_RTC_CALIB_OUTPUT(CalibOutput));
 1816              		.loc 1 1339 3 view .LVU624
1340:Drivers/STM32L4xx_HAL_Driver/Src/stm32l4xx_hal_rtc_ex.c **** 
1341:Drivers/STM32L4xx_HAL_Driver/Src/stm32l4xx_hal_rtc_ex.c ****   /* Process Locked */
1342:Drivers/STM32L4xx_HAL_Driver/Src/stm32l4xx_hal_rtc_ex.c ****   __HAL_LOCK(hrtc);
 1817              		.loc 1 1342 3 view .LVU625
 1818              		.loc 1 1342 3 view .LVU626
 1819 0000 90F82020 		ldrb	r2, [r0, #32]	@ zero_extendqisi2
 1820 0004 012A     		cmp	r2, #1
 1821 0006 26D0     		beq	.L107
1337:Drivers/STM32L4xx_HAL_Driver/Src/stm32l4xx_hal_rtc_ex.c ****   /* Check the parameters */
 1822              		.loc 1 1337 1 is_stmt 0 view .LVU627
 1823 0008 10B4     		push	{r4}
 1824              	.LCFI14:
 1825              		.cfi_def_cfa_offset 4
 1826              		.cfi_offset 4, -4
 1827 000a 0346     		mov	r3, r0
 1828              		.loc 1 1342 3 is_stmt 1 discriminator 2 view .LVU628
 1829 000c 0120     		movs	r0, #1
 1830              	.LVL116:
 1831              		.loc 1 1342 3 is_stmt 0 discriminator 2 view .LVU629
 1832 000e 83F82000 		strb	r0, [r3, #32]
 1833              		.loc 1 1342 3 is_stmt 1 discriminator 2 view .LVU630
1343:Drivers/STM32L4xx_HAL_Driver/Src/stm32l4xx_hal_rtc_ex.c **** 
1344:Drivers/STM32L4xx_HAL_Driver/Src/stm32l4xx_hal_rtc_ex.c ****   hrtc->State = HAL_RTC_STATE_BUSY;
 1834              		.loc 1 1344 3 view .LVU631
 1835              		.loc 1 1344 15 is_stmt 0 view .LVU632
 1836 0012 0222     		movs	r2, #2
 1837 0014 83F82120 		strb	r2, [r3, #33]
ARM GAS  /tmp/cc1jHbzH.s 			page 59


1345:Drivers/STM32L4xx_HAL_Driver/Src/stm32l4xx_hal_rtc_ex.c **** 
1346:Drivers/STM32L4xx_HAL_Driver/Src/stm32l4xx_hal_rtc_ex.c ****   /* Disable the write protection for RTC registers */
1347:Drivers/STM32L4xx_HAL_Driver/Src/stm32l4xx_hal_rtc_ex.c ****   __HAL_RTC_WRITEPROTECTION_DISABLE(hrtc);
 1838              		.loc 1 1347 3 is_stmt 1 view .LVU633
 1839              		.loc 1 1347 3 view .LVU634
 1840 0018 1A68     		ldr	r2, [r3]
 1841 001a CA24     		movs	r4, #202
 1842 001c 5462     		str	r4, [r2, #36]
 1843              		.loc 1 1347 3 view .LVU635
 1844 001e 1A68     		ldr	r2, [r3]
 1845 0020 5324     		movs	r4, #83
 1846 0022 5462     		str	r4, [r2, #36]
 1847              		.loc 1 1347 3 view .LVU636
1348:Drivers/STM32L4xx_HAL_Driver/Src/stm32l4xx_hal_rtc_ex.c **** 
1349:Drivers/STM32L4xx_HAL_Driver/Src/stm32l4xx_hal_rtc_ex.c ****   /* Clear flags before config */
1350:Drivers/STM32L4xx_HAL_Driver/Src/stm32l4xx_hal_rtc_ex.c ****   hrtc->Instance->CR &= (uint32_t)~RTC_CR_COSEL;
 1848              		.loc 1 1350 3 view .LVU637
 1849              		.loc 1 1350 7 is_stmt 0 view .LVU638
 1850 0024 1C68     		ldr	r4, [r3]
 1851              		.loc 1 1350 17 view .LVU639
 1852 0026 A268     		ldr	r2, [r4, #8]
 1853              		.loc 1 1350 22 view .LVU640
 1854 0028 22F40022 		bic	r2, r2, #524288
 1855 002c A260     		str	r2, [r4, #8]
1351:Drivers/STM32L4xx_HAL_Driver/Src/stm32l4xx_hal_rtc_ex.c **** 
1352:Drivers/STM32L4xx_HAL_Driver/Src/stm32l4xx_hal_rtc_ex.c ****   /* Configure the RTC_CR register */
1353:Drivers/STM32L4xx_HAL_Driver/Src/stm32l4xx_hal_rtc_ex.c ****   hrtc->Instance->CR |= (uint32_t)CalibOutput;
 1856              		.loc 1 1353 3 is_stmt 1 view .LVU641
 1857              		.loc 1 1353 7 is_stmt 0 view .LVU642
 1858 002e 1C68     		ldr	r4, [r3]
 1859              		.loc 1 1353 17 view .LVU643
 1860 0030 A268     		ldr	r2, [r4, #8]
 1861              		.loc 1 1353 22 view .LVU644
 1862 0032 0A43     		orrs	r2, r2, r1
 1863 0034 A260     		str	r2, [r4, #8]
1354:Drivers/STM32L4xx_HAL_Driver/Src/stm32l4xx_hal_rtc_ex.c **** 
1355:Drivers/STM32L4xx_HAL_Driver/Src/stm32l4xx_hal_rtc_ex.c ****   __HAL_RTC_CALIBRATION_OUTPUT_ENABLE(hrtc);
 1864              		.loc 1 1355 3 is_stmt 1 view .LVU645
 1865 0036 1968     		ldr	r1, [r3]
 1866              	.LVL117:
 1867              		.loc 1 1355 3 is_stmt 0 view .LVU646
 1868 0038 8A68     		ldr	r2, [r1, #8]
 1869 003a 42F40002 		orr	r2, r2, #8388608
 1870 003e 8A60     		str	r2, [r1, #8]
1356:Drivers/STM32L4xx_HAL_Driver/Src/stm32l4xx_hal_rtc_ex.c **** 
1357:Drivers/STM32L4xx_HAL_Driver/Src/stm32l4xx_hal_rtc_ex.c ****   /* Enable the write protection for RTC registers */
1358:Drivers/STM32L4xx_HAL_Driver/Src/stm32l4xx_hal_rtc_ex.c ****   __HAL_RTC_WRITEPROTECTION_ENABLE(hrtc);
 1871              		.loc 1 1358 3 is_stmt 1 view .LVU647
 1872              		.loc 1 1358 3 view .LVU648
 1873 0040 1A68     		ldr	r2, [r3]
 1874 0042 FF21     		movs	r1, #255
 1875 0044 5162     		str	r1, [r2, #36]
 1876              		.loc 1 1358 3 view .LVU649
1359:Drivers/STM32L4xx_HAL_Driver/Src/stm32l4xx_hal_rtc_ex.c **** 
1360:Drivers/STM32L4xx_HAL_Driver/Src/stm32l4xx_hal_rtc_ex.c ****   /* Change RTC state */
1361:Drivers/STM32L4xx_HAL_Driver/Src/stm32l4xx_hal_rtc_ex.c ****   hrtc->State = HAL_RTC_STATE_READY;
 1877              		.loc 1 1361 3 view .LVU650
ARM GAS  /tmp/cc1jHbzH.s 			page 60


 1878              		.loc 1 1361 15 is_stmt 0 view .LVU651
 1879 0046 83F82100 		strb	r0, [r3, #33]
1362:Drivers/STM32L4xx_HAL_Driver/Src/stm32l4xx_hal_rtc_ex.c **** 
1363:Drivers/STM32L4xx_HAL_Driver/Src/stm32l4xx_hal_rtc_ex.c ****   /* Process Unlocked */
1364:Drivers/STM32L4xx_HAL_Driver/Src/stm32l4xx_hal_rtc_ex.c ****   __HAL_UNLOCK(hrtc);
 1880              		.loc 1 1364 3 is_stmt 1 view .LVU652
 1881              		.loc 1 1364 3 view .LVU653
 1882 004a 0020     		movs	r0, #0
 1883 004c 83F82000 		strb	r0, [r3, #32]
 1884              		.loc 1 1364 3 view .LVU654
1365:Drivers/STM32L4xx_HAL_Driver/Src/stm32l4xx_hal_rtc_ex.c **** 
1366:Drivers/STM32L4xx_HAL_Driver/Src/stm32l4xx_hal_rtc_ex.c ****   return HAL_OK;
 1885              		.loc 1 1366 3 view .LVU655
1367:Drivers/STM32L4xx_HAL_Driver/Src/stm32l4xx_hal_rtc_ex.c **** }
 1886              		.loc 1 1367 1 is_stmt 0 view .LVU656
 1887 0050 5DF8044B 		ldr	r4, [sp], #4
 1888              	.LCFI15:
 1889              		.cfi_restore 4
 1890              		.cfi_def_cfa_offset 0
 1891 0054 7047     		bx	lr
 1892              	.LVL118:
 1893              	.L107:
1342:Drivers/STM32L4xx_HAL_Driver/Src/stm32l4xx_hal_rtc_ex.c **** 
 1894              		.loc 1 1342 3 discriminator 1 view .LVU657
 1895 0056 0220     		movs	r0, #2
 1896              	.LVL119:
 1897              		.loc 1 1367 1 view .LVU658
 1898 0058 7047     		bx	lr
 1899              		.cfi_endproc
 1900              	.LFE402:
 1902              		.section	.text.HAL_RTCEx_DeactivateCalibrationOutPut,"ax",%progbits
 1903              		.align	1
 1904              		.global	HAL_RTCEx_DeactivateCalibrationOutPut
 1905              		.syntax unified
 1906              		.thumb
 1907              		.thumb_func
 1909              	HAL_RTCEx_DeactivateCalibrationOutPut:
 1910              	.LVL120:
 1911              	.LFB403:
1368:Drivers/STM32L4xx_HAL_Driver/Src/stm32l4xx_hal_rtc_ex.c **** 
1369:Drivers/STM32L4xx_HAL_Driver/Src/stm32l4xx_hal_rtc_ex.c **** /**
1370:Drivers/STM32L4xx_HAL_Driver/Src/stm32l4xx_hal_rtc_ex.c ****   * @brief  Deactivate the Calibration Pinout (RTC_CALIB) Selection (1Hz or 512Hz).
1371:Drivers/STM32L4xx_HAL_Driver/Src/stm32l4xx_hal_rtc_ex.c ****   * @param  hrtc RTC handle
1372:Drivers/STM32L4xx_HAL_Driver/Src/stm32l4xx_hal_rtc_ex.c ****   * @retval HAL status
1373:Drivers/STM32L4xx_HAL_Driver/Src/stm32l4xx_hal_rtc_ex.c ****   */
1374:Drivers/STM32L4xx_HAL_Driver/Src/stm32l4xx_hal_rtc_ex.c **** HAL_StatusTypeDef HAL_RTCEx_DeactivateCalibrationOutPut(RTC_HandleTypeDef *hrtc)
1375:Drivers/STM32L4xx_HAL_Driver/Src/stm32l4xx_hal_rtc_ex.c **** {
 1912              		.loc 1 1375 1 is_stmt 1 view -0
 1913              		.cfi_startproc
 1914              		@ args = 0, pretend = 0, frame = 0
 1915              		@ frame_needed = 0, uses_anonymous_args = 0
 1916              		@ link register save eliminated.
1376:Drivers/STM32L4xx_HAL_Driver/Src/stm32l4xx_hal_rtc_ex.c ****   /* Process Locked */
1377:Drivers/STM32L4xx_HAL_Driver/Src/stm32l4xx_hal_rtc_ex.c ****   __HAL_LOCK(hrtc);
 1917              		.loc 1 1377 3 view .LVU660
 1918              		.loc 1 1377 3 view .LVU661
 1919 0000 90F82030 		ldrb	r3, [r0, #32]	@ zero_extendqisi2
ARM GAS  /tmp/cc1jHbzH.s 			page 61


 1920 0004 012B     		cmp	r3, #1
 1921 0006 1AD0     		beq	.L114
 1922              		.loc 1 1377 3 discriminator 2 view .LVU662
 1923 0008 0122     		movs	r2, #1
 1924 000a 80F82020 		strb	r2, [r0, #32]
 1925              		.loc 1 1377 3 discriminator 2 view .LVU663
1378:Drivers/STM32L4xx_HAL_Driver/Src/stm32l4xx_hal_rtc_ex.c **** 
1379:Drivers/STM32L4xx_HAL_Driver/Src/stm32l4xx_hal_rtc_ex.c ****   hrtc->State = HAL_RTC_STATE_BUSY;
 1926              		.loc 1 1379 3 view .LVU664
 1927              		.loc 1 1379 15 is_stmt 0 view .LVU665
 1928 000e 0223     		movs	r3, #2
 1929 0010 80F82130 		strb	r3, [r0, #33]
1380:Drivers/STM32L4xx_HAL_Driver/Src/stm32l4xx_hal_rtc_ex.c **** 
1381:Drivers/STM32L4xx_HAL_Driver/Src/stm32l4xx_hal_rtc_ex.c ****   /* Disable the write protection for RTC registers */
1382:Drivers/STM32L4xx_HAL_Driver/Src/stm32l4xx_hal_rtc_ex.c ****   __HAL_RTC_WRITEPROTECTION_DISABLE(hrtc);
 1930              		.loc 1 1382 3 is_stmt 1 view .LVU666
 1931              		.loc 1 1382 3 view .LVU667
 1932 0014 0368     		ldr	r3, [r0]
 1933 0016 CA21     		movs	r1, #202
 1934 0018 5962     		str	r1, [r3, #36]
 1935              		.loc 1 1382 3 view .LVU668
 1936 001a 0368     		ldr	r3, [r0]
 1937 001c 5321     		movs	r1, #83
 1938 001e 5962     		str	r1, [r3, #36]
 1939              		.loc 1 1382 3 view .LVU669
1383:Drivers/STM32L4xx_HAL_Driver/Src/stm32l4xx_hal_rtc_ex.c **** 
1384:Drivers/STM32L4xx_HAL_Driver/Src/stm32l4xx_hal_rtc_ex.c ****   __HAL_RTC_CALIBRATION_OUTPUT_DISABLE(hrtc);
 1940              		.loc 1 1384 3 view .LVU670
 1941 0020 0168     		ldr	r1, [r0]
 1942 0022 8B68     		ldr	r3, [r1, #8]
 1943 0024 23F40003 		bic	r3, r3, #8388608
 1944 0028 8B60     		str	r3, [r1, #8]
1385:Drivers/STM32L4xx_HAL_Driver/Src/stm32l4xx_hal_rtc_ex.c **** 
1386:Drivers/STM32L4xx_HAL_Driver/Src/stm32l4xx_hal_rtc_ex.c ****   /* Enable the write protection for RTC registers */
1387:Drivers/STM32L4xx_HAL_Driver/Src/stm32l4xx_hal_rtc_ex.c ****   __HAL_RTC_WRITEPROTECTION_ENABLE(hrtc);
 1945              		.loc 1 1387 3 view .LVU671
 1946              		.loc 1 1387 3 view .LVU672
 1947 002a 0368     		ldr	r3, [r0]
 1948 002c FF21     		movs	r1, #255
 1949 002e 5962     		str	r1, [r3, #36]
 1950              		.loc 1 1387 3 view .LVU673
1388:Drivers/STM32L4xx_HAL_Driver/Src/stm32l4xx_hal_rtc_ex.c **** 
1389:Drivers/STM32L4xx_HAL_Driver/Src/stm32l4xx_hal_rtc_ex.c ****   /* Change RTC state */
1390:Drivers/STM32L4xx_HAL_Driver/Src/stm32l4xx_hal_rtc_ex.c ****   hrtc->State = HAL_RTC_STATE_READY;
 1951              		.loc 1 1390 3 view .LVU674
 1952              		.loc 1 1390 15 is_stmt 0 view .LVU675
 1953 0030 80F82120 		strb	r2, [r0, #33]
1391:Drivers/STM32L4xx_HAL_Driver/Src/stm32l4xx_hal_rtc_ex.c **** 
1392:Drivers/STM32L4xx_HAL_Driver/Src/stm32l4xx_hal_rtc_ex.c ****   /* Process Unlocked */
1393:Drivers/STM32L4xx_HAL_Driver/Src/stm32l4xx_hal_rtc_ex.c ****   __HAL_UNLOCK(hrtc);
 1954              		.loc 1 1393 3 is_stmt 1 view .LVU676
 1955              		.loc 1 1393 3 view .LVU677
 1956 0034 0023     		movs	r3, #0
 1957 0036 80F82030 		strb	r3, [r0, #32]
 1958              		.loc 1 1393 3 view .LVU678
1394:Drivers/STM32L4xx_HAL_Driver/Src/stm32l4xx_hal_rtc_ex.c **** 
1395:Drivers/STM32L4xx_HAL_Driver/Src/stm32l4xx_hal_rtc_ex.c ****   return HAL_OK;
ARM GAS  /tmp/cc1jHbzH.s 			page 62


 1959              		.loc 1 1395 3 view .LVU679
 1960              		.loc 1 1395 10 is_stmt 0 view .LVU680
 1961 003a 1846     		mov	r0, r3
 1962              	.LVL121:
 1963              		.loc 1 1395 10 view .LVU681
 1964 003c 7047     		bx	lr
 1965              	.LVL122:
 1966              	.L114:
1377:Drivers/STM32L4xx_HAL_Driver/Src/stm32l4xx_hal_rtc_ex.c **** 
 1967              		.loc 1 1377 3 discriminator 1 view .LVU682
 1968 003e 0220     		movs	r0, #2
 1969              	.LVL123:
1396:Drivers/STM32L4xx_HAL_Driver/Src/stm32l4xx_hal_rtc_ex.c **** }
 1970              		.loc 1 1396 1 view .LVU683
 1971 0040 7047     		bx	lr
 1972              		.cfi_endproc
 1973              	.LFE403:
 1975              		.section	.text.HAL_RTCEx_SetRefClock,"ax",%progbits
 1976              		.align	1
 1977              		.global	HAL_RTCEx_SetRefClock
 1978              		.syntax unified
 1979              		.thumb
 1980              		.thumb_func
 1982              	HAL_RTCEx_SetRefClock:
 1983              	.LVL124:
 1984              	.LFB404:
1397:Drivers/STM32L4xx_HAL_Driver/Src/stm32l4xx_hal_rtc_ex.c **** 
1398:Drivers/STM32L4xx_HAL_Driver/Src/stm32l4xx_hal_rtc_ex.c **** /**
1399:Drivers/STM32L4xx_HAL_Driver/Src/stm32l4xx_hal_rtc_ex.c ****   * @brief  Enable the RTC reference clock detection.
1400:Drivers/STM32L4xx_HAL_Driver/Src/stm32l4xx_hal_rtc_ex.c ****   * @param  hrtc RTC handle
1401:Drivers/STM32L4xx_HAL_Driver/Src/stm32l4xx_hal_rtc_ex.c ****   * @retval HAL status
1402:Drivers/STM32L4xx_HAL_Driver/Src/stm32l4xx_hal_rtc_ex.c ****   */
1403:Drivers/STM32L4xx_HAL_Driver/Src/stm32l4xx_hal_rtc_ex.c **** HAL_StatusTypeDef HAL_RTCEx_SetRefClock(RTC_HandleTypeDef *hrtc)
1404:Drivers/STM32L4xx_HAL_Driver/Src/stm32l4xx_hal_rtc_ex.c **** {
 1985              		.loc 1 1404 1 is_stmt 1 view -0
 1986              		.cfi_startproc
 1987              		@ args = 0, pretend = 0, frame = 0
 1988              		@ frame_needed = 0, uses_anonymous_args = 0
1405:Drivers/STM32L4xx_HAL_Driver/Src/stm32l4xx_hal_rtc_ex.c ****   HAL_StatusTypeDef status;
 1989              		.loc 1 1405 3 view .LVU685
1406:Drivers/STM32L4xx_HAL_Driver/Src/stm32l4xx_hal_rtc_ex.c **** 
1407:Drivers/STM32L4xx_HAL_Driver/Src/stm32l4xx_hal_rtc_ex.c ****   /* Process Locked */
1408:Drivers/STM32L4xx_HAL_Driver/Src/stm32l4xx_hal_rtc_ex.c ****   __HAL_LOCK(hrtc);
 1990              		.loc 1 1408 3 view .LVU686
 1991              		.loc 1 1408 3 view .LVU687
 1992 0000 90F82030 		ldrb	r3, [r0, #32]	@ zero_extendqisi2
 1993 0004 012B     		cmp	r3, #1
 1994 0006 24D0     		beq	.L119
1404:Drivers/STM32L4xx_HAL_Driver/Src/stm32l4xx_hal_rtc_ex.c ****   HAL_StatusTypeDef status;
 1995              		.loc 1 1404 1 is_stmt 0 view .LVU688
 1996 0008 10B5     		push	{r4, lr}
 1997              	.LCFI16:
 1998              		.cfi_def_cfa_offset 8
 1999              		.cfi_offset 4, -8
 2000              		.cfi_offset 14, -4
 2001 000a 0446     		mov	r4, r0
 2002              		.loc 1 1408 3 is_stmt 1 discriminator 2 view .LVU689
ARM GAS  /tmp/cc1jHbzH.s 			page 63


 2003 000c 0123     		movs	r3, #1
 2004 000e 80F82030 		strb	r3, [r0, #32]
 2005              		.loc 1 1408 3 discriminator 2 view .LVU690
1409:Drivers/STM32L4xx_HAL_Driver/Src/stm32l4xx_hal_rtc_ex.c **** 
1410:Drivers/STM32L4xx_HAL_Driver/Src/stm32l4xx_hal_rtc_ex.c ****   hrtc->State = HAL_RTC_STATE_BUSY;
 2006              		.loc 1 1410 3 view .LVU691
 2007              		.loc 1 1410 15 is_stmt 0 view .LVU692
 2008 0012 0223     		movs	r3, #2
 2009 0014 80F82130 		strb	r3, [r0, #33]
1411:Drivers/STM32L4xx_HAL_Driver/Src/stm32l4xx_hal_rtc_ex.c **** 
1412:Drivers/STM32L4xx_HAL_Driver/Src/stm32l4xx_hal_rtc_ex.c ****   /* Disable the write protection for RTC registers */
1413:Drivers/STM32L4xx_HAL_Driver/Src/stm32l4xx_hal_rtc_ex.c ****   __HAL_RTC_WRITEPROTECTION_DISABLE(hrtc);
 2010              		.loc 1 1413 3 is_stmt 1 view .LVU693
 2011              		.loc 1 1413 3 view .LVU694
 2012 0018 0368     		ldr	r3, [r0]
 2013 001a CA22     		movs	r2, #202
 2014 001c 5A62     		str	r2, [r3, #36]
 2015              		.loc 1 1413 3 view .LVU695
 2016 001e 0368     		ldr	r3, [r0]
 2017 0020 5322     		movs	r2, #83
 2018 0022 5A62     		str	r2, [r3, #36]
 2019              		.loc 1 1413 3 view .LVU696
1414:Drivers/STM32L4xx_HAL_Driver/Src/stm32l4xx_hal_rtc_ex.c **** 
1415:Drivers/STM32L4xx_HAL_Driver/Src/stm32l4xx_hal_rtc_ex.c ****   /* Enter Initialization mode */
1416:Drivers/STM32L4xx_HAL_Driver/Src/stm32l4xx_hal_rtc_ex.c ****   status = RTC_EnterInitMode(hrtc);
 2020              		.loc 1 1416 3 view .LVU697
 2021              		.loc 1 1416 12 is_stmt 0 view .LVU698
 2022 0024 FFF7FEFF 		bl	RTC_EnterInitMode
 2023              	.LVL125:
1417:Drivers/STM32L4xx_HAL_Driver/Src/stm32l4xx_hal_rtc_ex.c ****   if (status == HAL_OK)
 2024              		.loc 1 1417 3 is_stmt 1 view .LVU699
 2025              		.loc 1 1417 6 is_stmt 0 view .LVU700
 2026 0028 50B1     		cbz	r0, .L124
 2027              	.L117:
1418:Drivers/STM32L4xx_HAL_Driver/Src/stm32l4xx_hal_rtc_ex.c ****   {
1419:Drivers/STM32L4xx_HAL_Driver/Src/stm32l4xx_hal_rtc_ex.c ****     __HAL_RTC_CLOCKREF_DETECTION_ENABLE(hrtc);
1420:Drivers/STM32L4xx_HAL_Driver/Src/stm32l4xx_hal_rtc_ex.c **** 
1421:Drivers/STM32L4xx_HAL_Driver/Src/stm32l4xx_hal_rtc_ex.c ****     /* Exit Initialization mode */
1422:Drivers/STM32L4xx_HAL_Driver/Src/stm32l4xx_hal_rtc_ex.c ****     status = RTC_ExitInitMode(hrtc);
1423:Drivers/STM32L4xx_HAL_Driver/Src/stm32l4xx_hal_rtc_ex.c ****   }
1424:Drivers/STM32L4xx_HAL_Driver/Src/stm32l4xx_hal_rtc_ex.c **** 
1425:Drivers/STM32L4xx_HAL_Driver/Src/stm32l4xx_hal_rtc_ex.c ****   /* Enable the write protection for RTC registers */
1426:Drivers/STM32L4xx_HAL_Driver/Src/stm32l4xx_hal_rtc_ex.c ****   __HAL_RTC_WRITEPROTECTION_ENABLE(hrtc);
 2028              		.loc 1 1426 3 is_stmt 1 view .LVU701
 2029              		.loc 1 1426 3 view .LVU702
 2030 002a 2368     		ldr	r3, [r4]
 2031 002c FF22     		movs	r2, #255
 2032 002e 5A62     		str	r2, [r3, #36]
 2033              		.loc 1 1426 3 view .LVU703
1427:Drivers/STM32L4xx_HAL_Driver/Src/stm32l4xx_hal_rtc_ex.c **** 
1428:Drivers/STM32L4xx_HAL_Driver/Src/stm32l4xx_hal_rtc_ex.c ****   if (status == HAL_OK)
 2034              		.loc 1 1428 3 view .LVU704
 2035              		.loc 1 1428 6 is_stmt 0 view .LVU705
 2036 0030 10B9     		cbnz	r0, .L118
1429:Drivers/STM32L4xx_HAL_Driver/Src/stm32l4xx_hal_rtc_ex.c ****   {
1430:Drivers/STM32L4xx_HAL_Driver/Src/stm32l4xx_hal_rtc_ex.c ****     hrtc->State = HAL_RTC_STATE_READY;
 2037              		.loc 1 1430 5 is_stmt 1 view .LVU706
ARM GAS  /tmp/cc1jHbzH.s 			page 64


 2038              		.loc 1 1430 17 is_stmt 0 view .LVU707
 2039 0032 0123     		movs	r3, #1
 2040 0034 84F82130 		strb	r3, [r4, #33]
 2041              	.L118:
1431:Drivers/STM32L4xx_HAL_Driver/Src/stm32l4xx_hal_rtc_ex.c ****   }
1432:Drivers/STM32L4xx_HAL_Driver/Src/stm32l4xx_hal_rtc_ex.c **** 
1433:Drivers/STM32L4xx_HAL_Driver/Src/stm32l4xx_hal_rtc_ex.c ****   /* Process Unlocked */
1434:Drivers/STM32L4xx_HAL_Driver/Src/stm32l4xx_hal_rtc_ex.c ****   __HAL_UNLOCK(hrtc);
 2042              		.loc 1 1434 3 is_stmt 1 view .LVU708
 2043              		.loc 1 1434 3 view .LVU709
 2044 0038 0023     		movs	r3, #0
 2045 003a 84F82030 		strb	r3, [r4, #32]
 2046              		.loc 1 1434 3 view .LVU710
1435:Drivers/STM32L4xx_HAL_Driver/Src/stm32l4xx_hal_rtc_ex.c **** 
1436:Drivers/STM32L4xx_HAL_Driver/Src/stm32l4xx_hal_rtc_ex.c ****   return status;
 2047              		.loc 1 1436 3 view .LVU711
1437:Drivers/STM32L4xx_HAL_Driver/Src/stm32l4xx_hal_rtc_ex.c **** }
 2048              		.loc 1 1437 1 is_stmt 0 view .LVU712
 2049 003e 10BD     		pop	{r4, pc}
 2050              	.LVL126:
 2051              	.L124:
1419:Drivers/STM32L4xx_HAL_Driver/Src/stm32l4xx_hal_rtc_ex.c **** 
 2052              		.loc 1 1419 5 is_stmt 1 view .LVU713
 2053 0040 2268     		ldr	r2, [r4]
 2054 0042 9368     		ldr	r3, [r2, #8]
 2055 0044 43F01003 		orr	r3, r3, #16
 2056 0048 9360     		str	r3, [r2, #8]
1422:Drivers/STM32L4xx_HAL_Driver/Src/stm32l4xx_hal_rtc_ex.c ****   }
 2057              		.loc 1 1422 5 view .LVU714
1422:Drivers/STM32L4xx_HAL_Driver/Src/stm32l4xx_hal_rtc_ex.c ****   }
 2058              		.loc 1 1422 14 is_stmt 0 view .LVU715
 2059 004a 2046     		mov	r0, r4
 2060              	.LVL127:
1422:Drivers/STM32L4xx_HAL_Driver/Src/stm32l4xx_hal_rtc_ex.c ****   }
 2061              		.loc 1 1422 14 view .LVU716
 2062 004c FFF7FEFF 		bl	RTC_ExitInitMode
 2063              	.LVL128:
1422:Drivers/STM32L4xx_HAL_Driver/Src/stm32l4xx_hal_rtc_ex.c ****   }
 2064              		.loc 1 1422 14 view .LVU717
 2065 0050 EBE7     		b	.L117
 2066              	.LVL129:
 2067              	.L119:
 2068              	.LCFI17:
 2069              		.cfi_def_cfa_offset 0
 2070              		.cfi_restore 4
 2071              		.cfi_restore 14
1408:Drivers/STM32L4xx_HAL_Driver/Src/stm32l4xx_hal_rtc_ex.c **** 
 2072              		.loc 1 1408 3 discriminator 1 view .LVU718
 2073 0052 0220     		movs	r0, #2
 2074              	.LVL130:
 2075              		.loc 1 1437 1 view .LVU719
 2076 0054 7047     		bx	lr
 2077              		.cfi_endproc
 2078              	.LFE404:
 2080              		.section	.text.HAL_RTCEx_DeactivateRefClock,"ax",%progbits
 2081              		.align	1
 2082              		.global	HAL_RTCEx_DeactivateRefClock
ARM GAS  /tmp/cc1jHbzH.s 			page 65


 2083              		.syntax unified
 2084              		.thumb
 2085              		.thumb_func
 2087              	HAL_RTCEx_DeactivateRefClock:
 2088              	.LVL131:
 2089              	.LFB405:
1438:Drivers/STM32L4xx_HAL_Driver/Src/stm32l4xx_hal_rtc_ex.c **** 
1439:Drivers/STM32L4xx_HAL_Driver/Src/stm32l4xx_hal_rtc_ex.c **** /**
1440:Drivers/STM32L4xx_HAL_Driver/Src/stm32l4xx_hal_rtc_ex.c ****   * @brief  Disable the RTC reference clock detection.
1441:Drivers/STM32L4xx_HAL_Driver/Src/stm32l4xx_hal_rtc_ex.c ****   * @param  hrtc RTC handle
1442:Drivers/STM32L4xx_HAL_Driver/Src/stm32l4xx_hal_rtc_ex.c ****   * @retval HAL status
1443:Drivers/STM32L4xx_HAL_Driver/Src/stm32l4xx_hal_rtc_ex.c ****   */
1444:Drivers/STM32L4xx_HAL_Driver/Src/stm32l4xx_hal_rtc_ex.c **** HAL_StatusTypeDef HAL_RTCEx_DeactivateRefClock(RTC_HandleTypeDef *hrtc)
1445:Drivers/STM32L4xx_HAL_Driver/Src/stm32l4xx_hal_rtc_ex.c **** {
 2090              		.loc 1 1445 1 is_stmt 1 view -0
 2091              		.cfi_startproc
 2092              		@ args = 0, pretend = 0, frame = 0
 2093              		@ frame_needed = 0, uses_anonymous_args = 0
1446:Drivers/STM32L4xx_HAL_Driver/Src/stm32l4xx_hal_rtc_ex.c ****   HAL_StatusTypeDef status;
 2094              		.loc 1 1446 3 view .LVU721
1447:Drivers/STM32L4xx_HAL_Driver/Src/stm32l4xx_hal_rtc_ex.c **** 
1448:Drivers/STM32L4xx_HAL_Driver/Src/stm32l4xx_hal_rtc_ex.c ****   /* Process Locked */
1449:Drivers/STM32L4xx_HAL_Driver/Src/stm32l4xx_hal_rtc_ex.c ****   __HAL_LOCK(hrtc);
 2095              		.loc 1 1449 3 view .LVU722
 2096              		.loc 1 1449 3 view .LVU723
 2097 0000 90F82030 		ldrb	r3, [r0, #32]	@ zero_extendqisi2
 2098 0004 012B     		cmp	r3, #1
 2099 0006 24D0     		beq	.L129
1445:Drivers/STM32L4xx_HAL_Driver/Src/stm32l4xx_hal_rtc_ex.c ****   HAL_StatusTypeDef status;
 2100              		.loc 1 1445 1 is_stmt 0 view .LVU724
 2101 0008 10B5     		push	{r4, lr}
 2102              	.LCFI18:
 2103              		.cfi_def_cfa_offset 8
 2104              		.cfi_offset 4, -8
 2105              		.cfi_offset 14, -4
 2106 000a 0446     		mov	r4, r0
 2107              		.loc 1 1449 3 is_stmt 1 discriminator 2 view .LVU725
 2108 000c 0123     		movs	r3, #1
 2109 000e 80F82030 		strb	r3, [r0, #32]
 2110              		.loc 1 1449 3 discriminator 2 view .LVU726
1450:Drivers/STM32L4xx_HAL_Driver/Src/stm32l4xx_hal_rtc_ex.c **** 
1451:Drivers/STM32L4xx_HAL_Driver/Src/stm32l4xx_hal_rtc_ex.c ****   hrtc->State = HAL_RTC_STATE_BUSY;
 2111              		.loc 1 1451 3 view .LVU727
 2112              		.loc 1 1451 15 is_stmt 0 view .LVU728
 2113 0012 0223     		movs	r3, #2
 2114 0014 80F82130 		strb	r3, [r0, #33]
1452:Drivers/STM32L4xx_HAL_Driver/Src/stm32l4xx_hal_rtc_ex.c **** 
1453:Drivers/STM32L4xx_HAL_Driver/Src/stm32l4xx_hal_rtc_ex.c ****   /* Disable the write protection for RTC registers */
1454:Drivers/STM32L4xx_HAL_Driver/Src/stm32l4xx_hal_rtc_ex.c ****   __HAL_RTC_WRITEPROTECTION_DISABLE(hrtc);
 2115              		.loc 1 1454 3 is_stmt 1 view .LVU729
 2116              		.loc 1 1454 3 view .LVU730
 2117 0018 0368     		ldr	r3, [r0]
 2118 001a CA22     		movs	r2, #202
 2119 001c 5A62     		str	r2, [r3, #36]
 2120              		.loc 1 1454 3 view .LVU731
 2121 001e 0368     		ldr	r3, [r0]
 2122 0020 5322     		movs	r2, #83
ARM GAS  /tmp/cc1jHbzH.s 			page 66


 2123 0022 5A62     		str	r2, [r3, #36]
 2124              		.loc 1 1454 3 view .LVU732
1455:Drivers/STM32L4xx_HAL_Driver/Src/stm32l4xx_hal_rtc_ex.c **** 
1456:Drivers/STM32L4xx_HAL_Driver/Src/stm32l4xx_hal_rtc_ex.c ****   /* Enter Initialization mode */
1457:Drivers/STM32L4xx_HAL_Driver/Src/stm32l4xx_hal_rtc_ex.c ****   status = RTC_EnterInitMode(hrtc);
 2125              		.loc 1 1457 3 view .LVU733
 2126              		.loc 1 1457 12 is_stmt 0 view .LVU734
 2127 0024 FFF7FEFF 		bl	RTC_EnterInitMode
 2128              	.LVL132:
1458:Drivers/STM32L4xx_HAL_Driver/Src/stm32l4xx_hal_rtc_ex.c ****   if (status == HAL_OK)
 2129              		.loc 1 1458 3 is_stmt 1 view .LVU735
 2130              		.loc 1 1458 6 is_stmt 0 view .LVU736
 2131 0028 50B1     		cbz	r0, .L134
 2132              	.L127:
1459:Drivers/STM32L4xx_HAL_Driver/Src/stm32l4xx_hal_rtc_ex.c ****   {
1460:Drivers/STM32L4xx_HAL_Driver/Src/stm32l4xx_hal_rtc_ex.c ****     __HAL_RTC_CLOCKREF_DETECTION_DISABLE(hrtc);
1461:Drivers/STM32L4xx_HAL_Driver/Src/stm32l4xx_hal_rtc_ex.c **** 
1462:Drivers/STM32L4xx_HAL_Driver/Src/stm32l4xx_hal_rtc_ex.c ****     /* Exit Initialization mode */
1463:Drivers/STM32L4xx_HAL_Driver/Src/stm32l4xx_hal_rtc_ex.c ****     status = RTC_ExitInitMode(hrtc);
1464:Drivers/STM32L4xx_HAL_Driver/Src/stm32l4xx_hal_rtc_ex.c ****   }
1465:Drivers/STM32L4xx_HAL_Driver/Src/stm32l4xx_hal_rtc_ex.c **** 
1466:Drivers/STM32L4xx_HAL_Driver/Src/stm32l4xx_hal_rtc_ex.c ****   /* Enable the write protection for RTC registers */
1467:Drivers/STM32L4xx_HAL_Driver/Src/stm32l4xx_hal_rtc_ex.c ****   __HAL_RTC_WRITEPROTECTION_ENABLE(hrtc);
 2133              		.loc 1 1467 3 is_stmt 1 view .LVU737
 2134              		.loc 1 1467 3 view .LVU738
 2135 002a 2368     		ldr	r3, [r4]
 2136 002c FF22     		movs	r2, #255
 2137 002e 5A62     		str	r2, [r3, #36]
 2138              		.loc 1 1467 3 view .LVU739
1468:Drivers/STM32L4xx_HAL_Driver/Src/stm32l4xx_hal_rtc_ex.c **** 
1469:Drivers/STM32L4xx_HAL_Driver/Src/stm32l4xx_hal_rtc_ex.c ****   if (status == HAL_OK)
 2139              		.loc 1 1469 3 view .LVU740
 2140              		.loc 1 1469 6 is_stmt 0 view .LVU741
 2141 0030 10B9     		cbnz	r0, .L128
1470:Drivers/STM32L4xx_HAL_Driver/Src/stm32l4xx_hal_rtc_ex.c ****   {
1471:Drivers/STM32L4xx_HAL_Driver/Src/stm32l4xx_hal_rtc_ex.c ****     hrtc->State = HAL_RTC_STATE_READY;
 2142              		.loc 1 1471 5 is_stmt 1 view .LVU742
 2143              		.loc 1 1471 17 is_stmt 0 view .LVU743
 2144 0032 0123     		movs	r3, #1
 2145 0034 84F82130 		strb	r3, [r4, #33]
 2146              	.L128:
1472:Drivers/STM32L4xx_HAL_Driver/Src/stm32l4xx_hal_rtc_ex.c ****   }
1473:Drivers/STM32L4xx_HAL_Driver/Src/stm32l4xx_hal_rtc_ex.c **** 
1474:Drivers/STM32L4xx_HAL_Driver/Src/stm32l4xx_hal_rtc_ex.c ****   /* Process Unlocked */
1475:Drivers/STM32L4xx_HAL_Driver/Src/stm32l4xx_hal_rtc_ex.c ****   __HAL_UNLOCK(hrtc);
 2147              		.loc 1 1475 3 is_stmt 1 view .LVU744
 2148              		.loc 1 1475 3 view .LVU745
 2149 0038 0023     		movs	r3, #0
 2150 003a 84F82030 		strb	r3, [r4, #32]
 2151              		.loc 1 1475 3 view .LVU746
1476:Drivers/STM32L4xx_HAL_Driver/Src/stm32l4xx_hal_rtc_ex.c **** 
1477:Drivers/STM32L4xx_HAL_Driver/Src/stm32l4xx_hal_rtc_ex.c ****   return status;
 2152              		.loc 1 1477 3 view .LVU747
1478:Drivers/STM32L4xx_HAL_Driver/Src/stm32l4xx_hal_rtc_ex.c **** }
 2153              		.loc 1 1478 1 is_stmt 0 view .LVU748
 2154 003e 10BD     		pop	{r4, pc}
 2155              	.LVL133:
ARM GAS  /tmp/cc1jHbzH.s 			page 67


 2156              	.L134:
1460:Drivers/STM32L4xx_HAL_Driver/Src/stm32l4xx_hal_rtc_ex.c **** 
 2157              		.loc 1 1460 5 is_stmt 1 view .LVU749
 2158 0040 2268     		ldr	r2, [r4]
 2159 0042 9368     		ldr	r3, [r2, #8]
 2160 0044 23F01003 		bic	r3, r3, #16
 2161 0048 9360     		str	r3, [r2, #8]
1463:Drivers/STM32L4xx_HAL_Driver/Src/stm32l4xx_hal_rtc_ex.c ****   }
 2162              		.loc 1 1463 5 view .LVU750
1463:Drivers/STM32L4xx_HAL_Driver/Src/stm32l4xx_hal_rtc_ex.c ****   }
 2163              		.loc 1 1463 14 is_stmt 0 view .LVU751
 2164 004a 2046     		mov	r0, r4
 2165              	.LVL134:
1463:Drivers/STM32L4xx_HAL_Driver/Src/stm32l4xx_hal_rtc_ex.c ****   }
 2166              		.loc 1 1463 14 view .LVU752
 2167 004c FFF7FEFF 		bl	RTC_ExitInitMode
 2168              	.LVL135:
1463:Drivers/STM32L4xx_HAL_Driver/Src/stm32l4xx_hal_rtc_ex.c ****   }
 2169              		.loc 1 1463 14 view .LVU753
 2170 0050 EBE7     		b	.L127
 2171              	.LVL136:
 2172              	.L129:
 2173              	.LCFI19:
 2174              		.cfi_def_cfa_offset 0
 2175              		.cfi_restore 4
 2176              		.cfi_restore 14
1449:Drivers/STM32L4xx_HAL_Driver/Src/stm32l4xx_hal_rtc_ex.c **** 
 2177              		.loc 1 1449 3 discriminator 1 view .LVU754
 2178 0052 0220     		movs	r0, #2
 2179              	.LVL137:
 2180              		.loc 1 1478 1 view .LVU755
 2181 0054 7047     		bx	lr
 2182              		.cfi_endproc
 2183              	.LFE405:
 2185              		.section	.text.HAL_RTCEx_EnableBypassShadow,"ax",%progbits
 2186              		.align	1
 2187              		.global	HAL_RTCEx_EnableBypassShadow
 2188              		.syntax unified
 2189              		.thumb
 2190              		.thumb_func
 2192              	HAL_RTCEx_EnableBypassShadow:
 2193              	.LVL138:
 2194              	.LFB406:
1479:Drivers/STM32L4xx_HAL_Driver/Src/stm32l4xx_hal_rtc_ex.c **** 
1480:Drivers/STM32L4xx_HAL_Driver/Src/stm32l4xx_hal_rtc_ex.c **** /**
1481:Drivers/STM32L4xx_HAL_Driver/Src/stm32l4xx_hal_rtc_ex.c ****   * @brief  Enable the Bypass Shadow feature.
1482:Drivers/STM32L4xx_HAL_Driver/Src/stm32l4xx_hal_rtc_ex.c ****   * @note   When the Bypass Shadow is enabled the calendar value are taken
1483:Drivers/STM32L4xx_HAL_Driver/Src/stm32l4xx_hal_rtc_ex.c ****   *         directly from the Calendar counter.
1484:Drivers/STM32L4xx_HAL_Driver/Src/stm32l4xx_hal_rtc_ex.c ****   * @param  hrtc RTC handle
1485:Drivers/STM32L4xx_HAL_Driver/Src/stm32l4xx_hal_rtc_ex.c ****   * @retval HAL status
1486:Drivers/STM32L4xx_HAL_Driver/Src/stm32l4xx_hal_rtc_ex.c ****   */
1487:Drivers/STM32L4xx_HAL_Driver/Src/stm32l4xx_hal_rtc_ex.c **** HAL_StatusTypeDef HAL_RTCEx_EnableBypassShadow(RTC_HandleTypeDef *hrtc)
1488:Drivers/STM32L4xx_HAL_Driver/Src/stm32l4xx_hal_rtc_ex.c **** {
 2195              		.loc 1 1488 1 is_stmt 1 view -0
 2196              		.cfi_startproc
 2197              		@ args = 0, pretend = 0, frame = 0
 2198              		@ frame_needed = 0, uses_anonymous_args = 0
ARM GAS  /tmp/cc1jHbzH.s 			page 68


 2199              		@ link register save eliminated.
1489:Drivers/STM32L4xx_HAL_Driver/Src/stm32l4xx_hal_rtc_ex.c ****   /* Process Locked */
1490:Drivers/STM32L4xx_HAL_Driver/Src/stm32l4xx_hal_rtc_ex.c ****   __HAL_LOCK(hrtc);
 2200              		.loc 1 1490 3 view .LVU757
 2201              		.loc 1 1490 3 view .LVU758
 2202 0000 90F82030 		ldrb	r3, [r0, #32]	@ zero_extendqisi2
 2203 0004 012B     		cmp	r3, #1
 2204 0006 1AD0     		beq	.L137
 2205              		.loc 1 1490 3 discriminator 2 view .LVU759
 2206 0008 0122     		movs	r2, #1
 2207 000a 80F82020 		strb	r2, [r0, #32]
 2208              		.loc 1 1490 3 discriminator 2 view .LVU760
1491:Drivers/STM32L4xx_HAL_Driver/Src/stm32l4xx_hal_rtc_ex.c **** 
1492:Drivers/STM32L4xx_HAL_Driver/Src/stm32l4xx_hal_rtc_ex.c ****   hrtc->State = HAL_RTC_STATE_BUSY;
 2209              		.loc 1 1492 3 view .LVU761
 2210              		.loc 1 1492 15 is_stmt 0 view .LVU762
 2211 000e 0223     		movs	r3, #2
 2212 0010 80F82130 		strb	r3, [r0, #33]
1493:Drivers/STM32L4xx_HAL_Driver/Src/stm32l4xx_hal_rtc_ex.c **** 
1494:Drivers/STM32L4xx_HAL_Driver/Src/stm32l4xx_hal_rtc_ex.c ****   /* Disable the write protection for RTC registers */
1495:Drivers/STM32L4xx_HAL_Driver/Src/stm32l4xx_hal_rtc_ex.c ****   __HAL_RTC_WRITEPROTECTION_DISABLE(hrtc);
 2213              		.loc 1 1495 3 is_stmt 1 view .LVU763
 2214              		.loc 1 1495 3 view .LVU764
 2215 0014 0368     		ldr	r3, [r0]
 2216 0016 CA21     		movs	r1, #202
 2217 0018 5962     		str	r1, [r3, #36]
 2218              		.loc 1 1495 3 view .LVU765
 2219 001a 0368     		ldr	r3, [r0]
 2220 001c 5321     		movs	r1, #83
 2221 001e 5962     		str	r1, [r3, #36]
 2222              		.loc 1 1495 3 view .LVU766
1496:Drivers/STM32L4xx_HAL_Driver/Src/stm32l4xx_hal_rtc_ex.c **** 
1497:Drivers/STM32L4xx_HAL_Driver/Src/stm32l4xx_hal_rtc_ex.c ****   /* Set the BYPSHAD bit */
1498:Drivers/STM32L4xx_HAL_Driver/Src/stm32l4xx_hal_rtc_ex.c ****   SET_BIT(hrtc->Instance->CR, RTC_CR_BYPSHAD);
 2223              		.loc 1 1498 3 view .LVU767
 2224 0020 0168     		ldr	r1, [r0]
 2225 0022 8B68     		ldr	r3, [r1, #8]
 2226 0024 43F02003 		orr	r3, r3, #32
 2227 0028 8B60     		str	r3, [r1, #8]
1499:Drivers/STM32L4xx_HAL_Driver/Src/stm32l4xx_hal_rtc_ex.c **** 
1500:Drivers/STM32L4xx_HAL_Driver/Src/stm32l4xx_hal_rtc_ex.c ****   /* Enable the write protection for RTC registers */
1501:Drivers/STM32L4xx_HAL_Driver/Src/stm32l4xx_hal_rtc_ex.c ****   __HAL_RTC_WRITEPROTECTION_ENABLE(hrtc);
 2228              		.loc 1 1501 3 view .LVU768
 2229              		.loc 1 1501 3 view .LVU769
 2230 002a 0368     		ldr	r3, [r0]
 2231 002c FF21     		movs	r1, #255
 2232 002e 5962     		str	r1, [r3, #36]
 2233              		.loc 1 1501 3 view .LVU770
1502:Drivers/STM32L4xx_HAL_Driver/Src/stm32l4xx_hal_rtc_ex.c **** 
1503:Drivers/STM32L4xx_HAL_Driver/Src/stm32l4xx_hal_rtc_ex.c ****   /* Change RTC state */
1504:Drivers/STM32L4xx_HAL_Driver/Src/stm32l4xx_hal_rtc_ex.c ****   hrtc->State = HAL_RTC_STATE_READY;
 2234              		.loc 1 1504 3 view .LVU771
 2235              		.loc 1 1504 15 is_stmt 0 view .LVU772
 2236 0030 80F82120 		strb	r2, [r0, #33]
1505:Drivers/STM32L4xx_HAL_Driver/Src/stm32l4xx_hal_rtc_ex.c **** 
1506:Drivers/STM32L4xx_HAL_Driver/Src/stm32l4xx_hal_rtc_ex.c ****   /* Process Unlocked */
1507:Drivers/STM32L4xx_HAL_Driver/Src/stm32l4xx_hal_rtc_ex.c ****   __HAL_UNLOCK(hrtc);
ARM GAS  /tmp/cc1jHbzH.s 			page 69


 2237              		.loc 1 1507 3 is_stmt 1 view .LVU773
 2238              		.loc 1 1507 3 view .LVU774
 2239 0034 0023     		movs	r3, #0
 2240 0036 80F82030 		strb	r3, [r0, #32]
 2241              		.loc 1 1507 3 view .LVU775
1508:Drivers/STM32L4xx_HAL_Driver/Src/stm32l4xx_hal_rtc_ex.c **** 
1509:Drivers/STM32L4xx_HAL_Driver/Src/stm32l4xx_hal_rtc_ex.c ****   return HAL_OK;
 2242              		.loc 1 1509 3 view .LVU776
 2243              		.loc 1 1509 10 is_stmt 0 view .LVU777
 2244 003a 1846     		mov	r0, r3
 2245              	.LVL139:
 2246              		.loc 1 1509 10 view .LVU778
 2247 003c 7047     		bx	lr
 2248              	.LVL140:
 2249              	.L137:
1490:Drivers/STM32L4xx_HAL_Driver/Src/stm32l4xx_hal_rtc_ex.c **** 
 2250              		.loc 1 1490 3 discriminator 1 view .LVU779
 2251 003e 0220     		movs	r0, #2
 2252              	.LVL141:
1510:Drivers/STM32L4xx_HAL_Driver/Src/stm32l4xx_hal_rtc_ex.c **** }
 2253              		.loc 1 1510 1 view .LVU780
 2254 0040 7047     		bx	lr
 2255              		.cfi_endproc
 2256              	.LFE406:
 2258              		.section	.text.HAL_RTCEx_DisableBypassShadow,"ax",%progbits
 2259              		.align	1
 2260              		.global	HAL_RTCEx_DisableBypassShadow
 2261              		.syntax unified
 2262              		.thumb
 2263              		.thumb_func
 2265              	HAL_RTCEx_DisableBypassShadow:
 2266              	.LVL142:
 2267              	.LFB407:
1511:Drivers/STM32L4xx_HAL_Driver/Src/stm32l4xx_hal_rtc_ex.c **** 
1512:Drivers/STM32L4xx_HAL_Driver/Src/stm32l4xx_hal_rtc_ex.c **** /**
1513:Drivers/STM32L4xx_HAL_Driver/Src/stm32l4xx_hal_rtc_ex.c ****   * @brief  Disable the Bypass Shadow feature.
1514:Drivers/STM32L4xx_HAL_Driver/Src/stm32l4xx_hal_rtc_ex.c ****   * @note   When the Bypass Shadow is enabled the calendar value are taken
1515:Drivers/STM32L4xx_HAL_Driver/Src/stm32l4xx_hal_rtc_ex.c ****   *         directly from the Calendar counter.
1516:Drivers/STM32L4xx_HAL_Driver/Src/stm32l4xx_hal_rtc_ex.c ****   * @param  hrtc RTC handle
1517:Drivers/STM32L4xx_HAL_Driver/Src/stm32l4xx_hal_rtc_ex.c ****   * @retval HAL status
1518:Drivers/STM32L4xx_HAL_Driver/Src/stm32l4xx_hal_rtc_ex.c ****   */
1519:Drivers/STM32L4xx_HAL_Driver/Src/stm32l4xx_hal_rtc_ex.c **** HAL_StatusTypeDef HAL_RTCEx_DisableBypassShadow(RTC_HandleTypeDef *hrtc)
1520:Drivers/STM32L4xx_HAL_Driver/Src/stm32l4xx_hal_rtc_ex.c **** {
 2268              		.loc 1 1520 1 is_stmt 1 view -0
 2269              		.cfi_startproc
 2270              		@ args = 0, pretend = 0, frame = 0
 2271              		@ frame_needed = 0, uses_anonymous_args = 0
 2272              		@ link register save eliminated.
1521:Drivers/STM32L4xx_HAL_Driver/Src/stm32l4xx_hal_rtc_ex.c ****   /* Process Locked */
1522:Drivers/STM32L4xx_HAL_Driver/Src/stm32l4xx_hal_rtc_ex.c ****   __HAL_LOCK(hrtc);
 2273              		.loc 1 1522 3 view .LVU782
 2274              		.loc 1 1522 3 view .LVU783
 2275 0000 90F82030 		ldrb	r3, [r0, #32]	@ zero_extendqisi2
 2276 0004 012B     		cmp	r3, #1
 2277 0006 1AD0     		beq	.L140
 2278              		.loc 1 1522 3 discriminator 2 view .LVU784
 2279 0008 0122     		movs	r2, #1
ARM GAS  /tmp/cc1jHbzH.s 			page 70


 2280 000a 80F82020 		strb	r2, [r0, #32]
 2281              		.loc 1 1522 3 discriminator 2 view .LVU785
1523:Drivers/STM32L4xx_HAL_Driver/Src/stm32l4xx_hal_rtc_ex.c **** 
1524:Drivers/STM32L4xx_HAL_Driver/Src/stm32l4xx_hal_rtc_ex.c ****   hrtc->State = HAL_RTC_STATE_BUSY;
 2282              		.loc 1 1524 3 view .LVU786
 2283              		.loc 1 1524 15 is_stmt 0 view .LVU787
 2284 000e 0223     		movs	r3, #2
 2285 0010 80F82130 		strb	r3, [r0, #33]
1525:Drivers/STM32L4xx_HAL_Driver/Src/stm32l4xx_hal_rtc_ex.c **** 
1526:Drivers/STM32L4xx_HAL_Driver/Src/stm32l4xx_hal_rtc_ex.c ****   /* Disable the write protection for RTC registers */
1527:Drivers/STM32L4xx_HAL_Driver/Src/stm32l4xx_hal_rtc_ex.c ****   __HAL_RTC_WRITEPROTECTION_DISABLE(hrtc);
 2286              		.loc 1 1527 3 is_stmt 1 view .LVU788
 2287              		.loc 1 1527 3 view .LVU789
 2288 0014 0368     		ldr	r3, [r0]
 2289 0016 CA21     		movs	r1, #202
 2290 0018 5962     		str	r1, [r3, #36]
 2291              		.loc 1 1527 3 view .LVU790
 2292 001a 0368     		ldr	r3, [r0]
 2293 001c 5321     		movs	r1, #83
 2294 001e 5962     		str	r1, [r3, #36]
 2295              		.loc 1 1527 3 view .LVU791
1528:Drivers/STM32L4xx_HAL_Driver/Src/stm32l4xx_hal_rtc_ex.c **** 
1529:Drivers/STM32L4xx_HAL_Driver/Src/stm32l4xx_hal_rtc_ex.c ****   /* Clear the BYPSHAD bit */
1530:Drivers/STM32L4xx_HAL_Driver/Src/stm32l4xx_hal_rtc_ex.c ****   CLEAR_BIT(RTC->CR, RTC_CR_BYPSHAD);
 2296              		.loc 1 1530 3 view .LVU792
 2297 0020 0849     		ldr	r1, .L141
 2298 0022 8B68     		ldr	r3, [r1, #8]
 2299 0024 23F02003 		bic	r3, r3, #32
 2300 0028 8B60     		str	r3, [r1, #8]
1531:Drivers/STM32L4xx_HAL_Driver/Src/stm32l4xx_hal_rtc_ex.c **** 
1532:Drivers/STM32L4xx_HAL_Driver/Src/stm32l4xx_hal_rtc_ex.c ****   /* Enable the write protection for RTC registers */
1533:Drivers/STM32L4xx_HAL_Driver/Src/stm32l4xx_hal_rtc_ex.c ****   __HAL_RTC_WRITEPROTECTION_ENABLE(hrtc);
 2301              		.loc 1 1533 3 view .LVU793
 2302              		.loc 1 1533 3 view .LVU794
 2303 002a 0368     		ldr	r3, [r0]
 2304 002c FF21     		movs	r1, #255
 2305 002e 5962     		str	r1, [r3, #36]
 2306              		.loc 1 1533 3 view .LVU795
1534:Drivers/STM32L4xx_HAL_Driver/Src/stm32l4xx_hal_rtc_ex.c **** 
1535:Drivers/STM32L4xx_HAL_Driver/Src/stm32l4xx_hal_rtc_ex.c ****   /* Change RTC state */
1536:Drivers/STM32L4xx_HAL_Driver/Src/stm32l4xx_hal_rtc_ex.c ****   hrtc->State = HAL_RTC_STATE_READY;
 2307              		.loc 1 1536 3 view .LVU796
 2308              		.loc 1 1536 15 is_stmt 0 view .LVU797
 2309 0030 80F82120 		strb	r2, [r0, #33]
1537:Drivers/STM32L4xx_HAL_Driver/Src/stm32l4xx_hal_rtc_ex.c **** 
1538:Drivers/STM32L4xx_HAL_Driver/Src/stm32l4xx_hal_rtc_ex.c ****   /* Process Unlocked */
1539:Drivers/STM32L4xx_HAL_Driver/Src/stm32l4xx_hal_rtc_ex.c ****   __HAL_UNLOCK(hrtc);
 2310              		.loc 1 1539 3 is_stmt 1 view .LVU798
 2311              		.loc 1 1539 3 view .LVU799
 2312 0034 0023     		movs	r3, #0
 2313 0036 80F82030 		strb	r3, [r0, #32]
 2314              		.loc 1 1539 3 view .LVU800
1540:Drivers/STM32L4xx_HAL_Driver/Src/stm32l4xx_hal_rtc_ex.c **** 
1541:Drivers/STM32L4xx_HAL_Driver/Src/stm32l4xx_hal_rtc_ex.c ****   return HAL_OK;
 2315              		.loc 1 1541 3 view .LVU801
 2316              		.loc 1 1541 10 is_stmt 0 view .LVU802
 2317 003a 1846     		mov	r0, r3
ARM GAS  /tmp/cc1jHbzH.s 			page 71


 2318              	.LVL143:
 2319              		.loc 1 1541 10 view .LVU803
 2320 003c 7047     		bx	lr
 2321              	.LVL144:
 2322              	.L140:
1522:Drivers/STM32L4xx_HAL_Driver/Src/stm32l4xx_hal_rtc_ex.c **** 
 2323              		.loc 1 1522 3 discriminator 1 view .LVU804
 2324 003e 0220     		movs	r0, #2
 2325              	.LVL145:
1542:Drivers/STM32L4xx_HAL_Driver/Src/stm32l4xx_hal_rtc_ex.c **** }
 2326              		.loc 1 1542 1 view .LVU805
 2327 0040 7047     		bx	lr
 2328              	.L142:
 2329 0042 00BF     		.align	2
 2330              	.L141:
 2331 0044 00280040 		.word	1073752064
 2332              		.cfi_endproc
 2333              	.LFE407:
 2335              		.section	.text.HAL_RTCEx_AlarmBEventCallback,"ax",%progbits
 2336              		.align	1
 2337              		.weak	HAL_RTCEx_AlarmBEventCallback
 2338              		.syntax unified
 2339              		.thumb
 2340              		.thumb_func
 2342              	HAL_RTCEx_AlarmBEventCallback:
 2343              	.LVL146:
 2344              	.LFB408:
1543:Drivers/STM32L4xx_HAL_Driver/Src/stm32l4xx_hal_rtc_ex.c **** 
1544:Drivers/STM32L4xx_HAL_Driver/Src/stm32l4xx_hal_rtc_ex.c **** #if defined (STM32L4P5xx) || defined (STM32L4Q5xx)
1545:Drivers/STM32L4xx_HAL_Driver/Src/stm32l4xx_hal_rtc_ex.c **** /**
1546:Drivers/STM32L4xx_HAL_Driver/Src/stm32l4xx_hal_rtc_ex.c ****   * @brief  Set SSR Underflow detection with Interrupt.
1547:Drivers/STM32L4xx_HAL_Driver/Src/stm32l4xx_hal_rtc_ex.c ****   * @param  hrtc RTC handle
1548:Drivers/STM32L4xx_HAL_Driver/Src/stm32l4xx_hal_rtc_ex.c ****   * @retval HAL status
1549:Drivers/STM32L4xx_HAL_Driver/Src/stm32l4xx_hal_rtc_ex.c ****   */
1550:Drivers/STM32L4xx_HAL_Driver/Src/stm32l4xx_hal_rtc_ex.c **** HAL_StatusTypeDef HAL_RTCEx_SetSSRU_IT(RTC_HandleTypeDef *hrtc)
1551:Drivers/STM32L4xx_HAL_Driver/Src/stm32l4xx_hal_rtc_ex.c **** {
1552:Drivers/STM32L4xx_HAL_Driver/Src/stm32l4xx_hal_rtc_ex.c ****   /* Process Locked */
1553:Drivers/STM32L4xx_HAL_Driver/Src/stm32l4xx_hal_rtc_ex.c ****   __HAL_LOCK(hrtc);
1554:Drivers/STM32L4xx_HAL_Driver/Src/stm32l4xx_hal_rtc_ex.c **** 
1555:Drivers/STM32L4xx_HAL_Driver/Src/stm32l4xx_hal_rtc_ex.c ****   hrtc->State = HAL_RTC_STATE_BUSY;
1556:Drivers/STM32L4xx_HAL_Driver/Src/stm32l4xx_hal_rtc_ex.c **** 
1557:Drivers/STM32L4xx_HAL_Driver/Src/stm32l4xx_hal_rtc_ex.c ****   /* Disable the write protection for RTC registers */
1558:Drivers/STM32L4xx_HAL_Driver/Src/stm32l4xx_hal_rtc_ex.c ****   __HAL_RTC_WRITEPROTECTION_DISABLE(hrtc);
1559:Drivers/STM32L4xx_HAL_Driver/Src/stm32l4xx_hal_rtc_ex.c **** 
1560:Drivers/STM32L4xx_HAL_Driver/Src/stm32l4xx_hal_rtc_ex.c ****   /* Enable IT SSRU */
1561:Drivers/STM32L4xx_HAL_Driver/Src/stm32l4xx_hal_rtc_ex.c ****   __HAL_RTC_SSRU_ENABLE_IT(hrtc, RTC_IT_SSRU);
1562:Drivers/STM32L4xx_HAL_Driver/Src/stm32l4xx_hal_rtc_ex.c **** 
1563:Drivers/STM32L4xx_HAL_Driver/Src/stm32l4xx_hal_rtc_ex.c ****   /* RTC SSRU Interrupt Configuration: EXTI configuration */
1564:Drivers/STM32L4xx_HAL_Driver/Src/stm32l4xx_hal_rtc_ex.c ****   __HAL_RTC_SSRU_EXTI_ENABLE_IT();
1565:Drivers/STM32L4xx_HAL_Driver/Src/stm32l4xx_hal_rtc_ex.c ****   __HAL_RTC_ALARM_EXTI_ENABLE_RISING_EDGE();
1566:Drivers/STM32L4xx_HAL_Driver/Src/stm32l4xx_hal_rtc_ex.c **** 
1567:Drivers/STM32L4xx_HAL_Driver/Src/stm32l4xx_hal_rtc_ex.c ****   /* Enable the write protection for RTC registers */
1568:Drivers/STM32L4xx_HAL_Driver/Src/stm32l4xx_hal_rtc_ex.c ****   __HAL_RTC_WRITEPROTECTION_ENABLE(hrtc);
1569:Drivers/STM32L4xx_HAL_Driver/Src/stm32l4xx_hal_rtc_ex.c **** 
1570:Drivers/STM32L4xx_HAL_Driver/Src/stm32l4xx_hal_rtc_ex.c ****   hrtc->State = HAL_RTC_STATE_READY;
1571:Drivers/STM32L4xx_HAL_Driver/Src/stm32l4xx_hal_rtc_ex.c **** 
1572:Drivers/STM32L4xx_HAL_Driver/Src/stm32l4xx_hal_rtc_ex.c ****   /* Process Unlocked */
ARM GAS  /tmp/cc1jHbzH.s 			page 72


1573:Drivers/STM32L4xx_HAL_Driver/Src/stm32l4xx_hal_rtc_ex.c ****   __HAL_UNLOCK(hrtc);
1574:Drivers/STM32L4xx_HAL_Driver/Src/stm32l4xx_hal_rtc_ex.c **** 
1575:Drivers/STM32L4xx_HAL_Driver/Src/stm32l4xx_hal_rtc_ex.c ****   return HAL_OK;
1576:Drivers/STM32L4xx_HAL_Driver/Src/stm32l4xx_hal_rtc_ex.c **** }
1577:Drivers/STM32L4xx_HAL_Driver/Src/stm32l4xx_hal_rtc_ex.c **** 
1578:Drivers/STM32L4xx_HAL_Driver/Src/stm32l4xx_hal_rtc_ex.c **** /**
1579:Drivers/STM32L4xx_HAL_Driver/Src/stm32l4xx_hal_rtc_ex.c ****   * @brief  Deactivate SSR Underflow.
1580:Drivers/STM32L4xx_HAL_Driver/Src/stm32l4xx_hal_rtc_ex.c ****   * @param  hrtc RTC handle
1581:Drivers/STM32L4xx_HAL_Driver/Src/stm32l4xx_hal_rtc_ex.c ****   * @retval HAL status
1582:Drivers/STM32L4xx_HAL_Driver/Src/stm32l4xx_hal_rtc_ex.c ****   */
1583:Drivers/STM32L4xx_HAL_Driver/Src/stm32l4xx_hal_rtc_ex.c **** HAL_StatusTypeDef HAL_RTCEx_DeactivateSSRU(RTC_HandleTypeDef *hrtc)
1584:Drivers/STM32L4xx_HAL_Driver/Src/stm32l4xx_hal_rtc_ex.c **** {
1585:Drivers/STM32L4xx_HAL_Driver/Src/stm32l4xx_hal_rtc_ex.c ****   /* Process Locked */
1586:Drivers/STM32L4xx_HAL_Driver/Src/stm32l4xx_hal_rtc_ex.c ****   __HAL_LOCK(hrtc);
1587:Drivers/STM32L4xx_HAL_Driver/Src/stm32l4xx_hal_rtc_ex.c **** 
1588:Drivers/STM32L4xx_HAL_Driver/Src/stm32l4xx_hal_rtc_ex.c ****   hrtc->State = HAL_RTC_STATE_BUSY;
1589:Drivers/STM32L4xx_HAL_Driver/Src/stm32l4xx_hal_rtc_ex.c **** 
1590:Drivers/STM32L4xx_HAL_Driver/Src/stm32l4xx_hal_rtc_ex.c ****   /* Disable the write protection for RTC registers */
1591:Drivers/STM32L4xx_HAL_Driver/Src/stm32l4xx_hal_rtc_ex.c ****   __HAL_RTC_WRITEPROTECTION_DISABLE(hrtc);
1592:Drivers/STM32L4xx_HAL_Driver/Src/stm32l4xx_hal_rtc_ex.c **** 
1593:Drivers/STM32L4xx_HAL_Driver/Src/stm32l4xx_hal_rtc_ex.c ****   /* In case of interrupt mode is used, the interrupt source must disabled */
1594:Drivers/STM32L4xx_HAL_Driver/Src/stm32l4xx_hal_rtc_ex.c ****   __HAL_RTC_SSRU_DISABLE_IT(hrtc, RTC_IT_TS);
1595:Drivers/STM32L4xx_HAL_Driver/Src/stm32l4xx_hal_rtc_ex.c **** 
1596:Drivers/STM32L4xx_HAL_Driver/Src/stm32l4xx_hal_rtc_ex.c ****   /* Enable the write protection for RTC registers */
1597:Drivers/STM32L4xx_HAL_Driver/Src/stm32l4xx_hal_rtc_ex.c ****   __HAL_RTC_WRITEPROTECTION_ENABLE(hrtc);
1598:Drivers/STM32L4xx_HAL_Driver/Src/stm32l4xx_hal_rtc_ex.c **** 
1599:Drivers/STM32L4xx_HAL_Driver/Src/stm32l4xx_hal_rtc_ex.c ****   hrtc->State = HAL_RTC_STATE_READY;
1600:Drivers/STM32L4xx_HAL_Driver/Src/stm32l4xx_hal_rtc_ex.c **** 
1601:Drivers/STM32L4xx_HAL_Driver/Src/stm32l4xx_hal_rtc_ex.c ****   /* Process Unlocked */
1602:Drivers/STM32L4xx_HAL_Driver/Src/stm32l4xx_hal_rtc_ex.c ****   __HAL_UNLOCK(hrtc);
1603:Drivers/STM32L4xx_HAL_Driver/Src/stm32l4xx_hal_rtc_ex.c **** 
1604:Drivers/STM32L4xx_HAL_Driver/Src/stm32l4xx_hal_rtc_ex.c ****   return HAL_OK;
1605:Drivers/STM32L4xx_HAL_Driver/Src/stm32l4xx_hal_rtc_ex.c **** }
1606:Drivers/STM32L4xx_HAL_Driver/Src/stm32l4xx_hal_rtc_ex.c **** 
1607:Drivers/STM32L4xx_HAL_Driver/Src/stm32l4xx_hal_rtc_ex.c **** /**
1608:Drivers/STM32L4xx_HAL_Driver/Src/stm32l4xx_hal_rtc_ex.c ****   * @brief  Handle SSR underflow interrupt request.
1609:Drivers/STM32L4xx_HAL_Driver/Src/stm32l4xx_hal_rtc_ex.c ****   * @param  hrtc RTC handle
1610:Drivers/STM32L4xx_HAL_Driver/Src/stm32l4xx_hal_rtc_ex.c ****   * @retval None
1611:Drivers/STM32L4xx_HAL_Driver/Src/stm32l4xx_hal_rtc_ex.c ****   */
1612:Drivers/STM32L4xx_HAL_Driver/Src/stm32l4xx_hal_rtc_ex.c **** void HAL_RTCEx_SSRUIRQHandler(RTC_HandleTypeDef *hrtc)
1613:Drivers/STM32L4xx_HAL_Driver/Src/stm32l4xx_hal_rtc_ex.c **** {
1614:Drivers/STM32L4xx_HAL_Driver/Src/stm32l4xx_hal_rtc_ex.c ****   if ((RTC->MISR & RTC_MISR_SSRUMF) != 0u)
1615:Drivers/STM32L4xx_HAL_Driver/Src/stm32l4xx_hal_rtc_ex.c ****   {
1616:Drivers/STM32L4xx_HAL_Driver/Src/stm32l4xx_hal_rtc_ex.c ****     /* Immediately clear flags */
1617:Drivers/STM32L4xx_HAL_Driver/Src/stm32l4xx_hal_rtc_ex.c ****     RTC->SCR = RTC_SCR_CSSRUF;
1618:Drivers/STM32L4xx_HAL_Driver/Src/stm32l4xx_hal_rtc_ex.c **** 
1619:Drivers/STM32L4xx_HAL_Driver/Src/stm32l4xx_hal_rtc_ex.c ****     /* SSRU callback */
1620:Drivers/STM32L4xx_HAL_Driver/Src/stm32l4xx_hal_rtc_ex.c **** #if (USE_HAL_RTC_REGISTER_CALLBACKS == 1)
1621:Drivers/STM32L4xx_HAL_Driver/Src/stm32l4xx_hal_rtc_ex.c ****     /* Call SSRUEvent registered Callback */
1622:Drivers/STM32L4xx_HAL_Driver/Src/stm32l4xx_hal_rtc_ex.c ****     hrtc->SSRUEventCallback(hrtc);
1623:Drivers/STM32L4xx_HAL_Driver/Src/stm32l4xx_hal_rtc_ex.c **** #else
1624:Drivers/STM32L4xx_HAL_Driver/Src/stm32l4xx_hal_rtc_ex.c ****     HAL_RTCEx_SSRUEventCallback(hrtc);
1625:Drivers/STM32L4xx_HAL_Driver/Src/stm32l4xx_hal_rtc_ex.c **** #endif /* USE_HAL_RTC_REGISTER_CALLBACKS */
1626:Drivers/STM32L4xx_HAL_Driver/Src/stm32l4xx_hal_rtc_ex.c ****   }
1627:Drivers/STM32L4xx_HAL_Driver/Src/stm32l4xx_hal_rtc_ex.c **** 
1628:Drivers/STM32L4xx_HAL_Driver/Src/stm32l4xx_hal_rtc_ex.c ****   /* Change RTC state */
1629:Drivers/STM32L4xx_HAL_Driver/Src/stm32l4xx_hal_rtc_ex.c ****   hrtc->State = HAL_RTC_STATE_READY;
ARM GAS  /tmp/cc1jHbzH.s 			page 73


1630:Drivers/STM32L4xx_HAL_Driver/Src/stm32l4xx_hal_rtc_ex.c **** }
1631:Drivers/STM32L4xx_HAL_Driver/Src/stm32l4xx_hal_rtc_ex.c **** 
1632:Drivers/STM32L4xx_HAL_Driver/Src/stm32l4xx_hal_rtc_ex.c **** /**
1633:Drivers/STM32L4xx_HAL_Driver/Src/stm32l4xx_hal_rtc_ex.c ****   * @brief  SSR underflow callback.
1634:Drivers/STM32L4xx_HAL_Driver/Src/stm32l4xx_hal_rtc_ex.c ****   * @param  hrtc RTC handle
1635:Drivers/STM32L4xx_HAL_Driver/Src/stm32l4xx_hal_rtc_ex.c ****   * @retval None
1636:Drivers/STM32L4xx_HAL_Driver/Src/stm32l4xx_hal_rtc_ex.c ****   */
1637:Drivers/STM32L4xx_HAL_Driver/Src/stm32l4xx_hal_rtc_ex.c **** __weak void HAL_RTCEx_SSRUEventCallback(RTC_HandleTypeDef *hrtc)
1638:Drivers/STM32L4xx_HAL_Driver/Src/stm32l4xx_hal_rtc_ex.c **** {
1639:Drivers/STM32L4xx_HAL_Driver/Src/stm32l4xx_hal_rtc_ex.c ****   /* Prevent unused argument(s) compilation warning */
1640:Drivers/STM32L4xx_HAL_Driver/Src/stm32l4xx_hal_rtc_ex.c ****   UNUSED(hrtc);
1641:Drivers/STM32L4xx_HAL_Driver/Src/stm32l4xx_hal_rtc_ex.c **** 
1642:Drivers/STM32L4xx_HAL_Driver/Src/stm32l4xx_hal_rtc_ex.c ****   /* NOTE : This function should not be modified, when the callback is needed,
1643:Drivers/STM32L4xx_HAL_Driver/Src/stm32l4xx_hal_rtc_ex.c ****             the HAL_RTCEx_SSRUEventCallback could be implemented in the user file
1644:Drivers/STM32L4xx_HAL_Driver/Src/stm32l4xx_hal_rtc_ex.c ****    */
1645:Drivers/STM32L4xx_HAL_Driver/Src/stm32l4xx_hal_rtc_ex.c **** }
1646:Drivers/STM32L4xx_HAL_Driver/Src/stm32l4xx_hal_rtc_ex.c **** #endif /* #if defined (STM32L4P5xx) || defined (STM32L4Q5xx) */
1647:Drivers/STM32L4xx_HAL_Driver/Src/stm32l4xx_hal_rtc_ex.c **** 
1648:Drivers/STM32L4xx_HAL_Driver/Src/stm32l4xx_hal_rtc_ex.c **** /**
1649:Drivers/STM32L4xx_HAL_Driver/Src/stm32l4xx_hal_rtc_ex.c ****   * @}
1650:Drivers/STM32L4xx_HAL_Driver/Src/stm32l4xx_hal_rtc_ex.c ****   */
1651:Drivers/STM32L4xx_HAL_Driver/Src/stm32l4xx_hal_rtc_ex.c **** 
1652:Drivers/STM32L4xx_HAL_Driver/Src/stm32l4xx_hal_rtc_ex.c **** /** @addtogroup RTCEx_Exported_Functions_Group4
1653:Drivers/STM32L4xx_HAL_Driver/Src/stm32l4xx_hal_rtc_ex.c ****   * @brief    Extended features functions
1654:Drivers/STM32L4xx_HAL_Driver/Src/stm32l4xx_hal_rtc_ex.c ****   *
1655:Drivers/STM32L4xx_HAL_Driver/Src/stm32l4xx_hal_rtc_ex.c **** @verbatim
1656:Drivers/STM32L4xx_HAL_Driver/Src/stm32l4xx_hal_rtc_ex.c ****  ===============================================================================
1657:Drivers/STM32L4xx_HAL_Driver/Src/stm32l4xx_hal_rtc_ex.c ****                  ##### Extended features functions #####
1658:Drivers/STM32L4xx_HAL_Driver/Src/stm32l4xx_hal_rtc_ex.c ****  ===============================================================================
1659:Drivers/STM32L4xx_HAL_Driver/Src/stm32l4xx_hal_rtc_ex.c ****     [..]  This section provides functions allowing to:
1660:Drivers/STM32L4xx_HAL_Driver/Src/stm32l4xx_hal_rtc_ex.c ****       (+) RTC Alarm B callback
1661:Drivers/STM32L4xx_HAL_Driver/Src/stm32l4xx_hal_rtc_ex.c ****       (+) RTC Poll for Alarm B request
1662:Drivers/STM32L4xx_HAL_Driver/Src/stm32l4xx_hal_rtc_ex.c **** 
1663:Drivers/STM32L4xx_HAL_Driver/Src/stm32l4xx_hal_rtc_ex.c **** @endverbatim
1664:Drivers/STM32L4xx_HAL_Driver/Src/stm32l4xx_hal_rtc_ex.c ****   * @{
1665:Drivers/STM32L4xx_HAL_Driver/Src/stm32l4xx_hal_rtc_ex.c ****   */
1666:Drivers/STM32L4xx_HAL_Driver/Src/stm32l4xx_hal_rtc_ex.c **** 
1667:Drivers/STM32L4xx_HAL_Driver/Src/stm32l4xx_hal_rtc_ex.c **** /**
1668:Drivers/STM32L4xx_HAL_Driver/Src/stm32l4xx_hal_rtc_ex.c ****   * @brief  Alarm B callback.
1669:Drivers/STM32L4xx_HAL_Driver/Src/stm32l4xx_hal_rtc_ex.c ****   * @param  hrtc RTC handle
1670:Drivers/STM32L4xx_HAL_Driver/Src/stm32l4xx_hal_rtc_ex.c ****   * @retval None
1671:Drivers/STM32L4xx_HAL_Driver/Src/stm32l4xx_hal_rtc_ex.c ****   */
1672:Drivers/STM32L4xx_HAL_Driver/Src/stm32l4xx_hal_rtc_ex.c **** __weak void HAL_RTCEx_AlarmBEventCallback(RTC_HandleTypeDef *hrtc)
1673:Drivers/STM32L4xx_HAL_Driver/Src/stm32l4xx_hal_rtc_ex.c **** {
 2345              		.loc 1 1673 1 is_stmt 1 view -0
 2346              		.cfi_startproc
 2347              		@ args = 0, pretend = 0, frame = 0
 2348              		@ frame_needed = 0, uses_anonymous_args = 0
 2349              		@ link register save eliminated.
1674:Drivers/STM32L4xx_HAL_Driver/Src/stm32l4xx_hal_rtc_ex.c ****   /* Prevent unused argument(s) compilation warning */
1675:Drivers/STM32L4xx_HAL_Driver/Src/stm32l4xx_hal_rtc_ex.c ****   UNUSED(hrtc);
 2350              		.loc 1 1675 3 view .LVU807
1676:Drivers/STM32L4xx_HAL_Driver/Src/stm32l4xx_hal_rtc_ex.c **** 
1677:Drivers/STM32L4xx_HAL_Driver/Src/stm32l4xx_hal_rtc_ex.c ****   /* NOTE : This function should not be modified, when the callback is needed,
1678:Drivers/STM32L4xx_HAL_Driver/Src/stm32l4xx_hal_rtc_ex.c ****             the HAL_RTCEx_AlarmBEventCallback could be implemented in the user file
1679:Drivers/STM32L4xx_HAL_Driver/Src/stm32l4xx_hal_rtc_ex.c ****    */
1680:Drivers/STM32L4xx_HAL_Driver/Src/stm32l4xx_hal_rtc_ex.c **** }
ARM GAS  /tmp/cc1jHbzH.s 			page 74


 2351              		.loc 1 1680 1 is_stmt 0 view .LVU808
 2352 0000 7047     		bx	lr
 2353              		.cfi_endproc
 2354              	.LFE408:
 2356              		.section	.text.HAL_RTCEx_PollForAlarmBEvent,"ax",%progbits
 2357              		.align	1
 2358              		.global	HAL_RTCEx_PollForAlarmBEvent
 2359              		.syntax unified
 2360              		.thumb
 2361              		.thumb_func
 2363              	HAL_RTCEx_PollForAlarmBEvent:
 2364              	.LVL147:
 2365              	.LFB409:
1681:Drivers/STM32L4xx_HAL_Driver/Src/stm32l4xx_hal_rtc_ex.c **** 
1682:Drivers/STM32L4xx_HAL_Driver/Src/stm32l4xx_hal_rtc_ex.c **** /**
1683:Drivers/STM32L4xx_HAL_Driver/Src/stm32l4xx_hal_rtc_ex.c ****   * @brief  Handle Alarm B Polling request.
1684:Drivers/STM32L4xx_HAL_Driver/Src/stm32l4xx_hal_rtc_ex.c ****   * @param  hrtc RTC handle
1685:Drivers/STM32L4xx_HAL_Driver/Src/stm32l4xx_hal_rtc_ex.c ****   * @param  Timeout Timeout duration
1686:Drivers/STM32L4xx_HAL_Driver/Src/stm32l4xx_hal_rtc_ex.c ****   * @retval HAL status
1687:Drivers/STM32L4xx_HAL_Driver/Src/stm32l4xx_hal_rtc_ex.c ****   */
1688:Drivers/STM32L4xx_HAL_Driver/Src/stm32l4xx_hal_rtc_ex.c **** HAL_StatusTypeDef HAL_RTCEx_PollForAlarmBEvent(RTC_HandleTypeDef *hrtc, uint32_t Timeout)
1689:Drivers/STM32L4xx_HAL_Driver/Src/stm32l4xx_hal_rtc_ex.c **** {
 2366              		.loc 1 1689 1 is_stmt 1 view -0
 2367              		.cfi_startproc
 2368              		@ args = 0, pretend = 0, frame = 0
 2369              		@ frame_needed = 0, uses_anonymous_args = 0
 2370              		.loc 1 1689 1 is_stmt 0 view .LVU810
 2371 0000 70B5     		push	{r4, r5, r6, lr}
 2372              	.LCFI20:
 2373              		.cfi_def_cfa_offset 16
 2374              		.cfi_offset 4, -16
 2375              		.cfi_offset 5, -12
 2376              		.cfi_offset 6, -8
 2377              		.cfi_offset 14, -4
 2378 0002 0446     		mov	r4, r0
 2379 0004 0D46     		mov	r5, r1
1690:Drivers/STM32L4xx_HAL_Driver/Src/stm32l4xx_hal_rtc_ex.c ****   uint32_t tickstart = HAL_GetTick();
 2380              		.loc 1 1690 3 is_stmt 1 view .LVU811
 2381              		.loc 1 1690 24 is_stmt 0 view .LVU812
 2382 0006 FFF7FEFF 		bl	HAL_GetTick
 2383              	.LVL148:
 2384              		.loc 1 1690 24 view .LVU813
 2385 000a 0646     		mov	r6, r0
 2386              	.LVL149:
1691:Drivers/STM32L4xx_HAL_Driver/Src/stm32l4xx_hal_rtc_ex.c **** 
1692:Drivers/STM32L4xx_HAL_Driver/Src/stm32l4xx_hal_rtc_ex.c ****   while (__HAL_RTC_ALARM_GET_FLAG(hrtc, RTC_FLAG_ALRBF) == 0U)
 2387              		.loc 1 1692 3 is_stmt 1 view .LVU814
 2388              	.L146:
 2389              		.loc 1 1692 57 view .LVU815
 2390              		.loc 1 1692 10 is_stmt 0 view .LVU816
 2391 000c 2368     		ldr	r3, [r4]
 2392 000e DA68     		ldr	r2, [r3, #12]
 2393              		.loc 1 1692 57 view .LVU817
 2394 0010 12F4007F 		tst	r2, #512
 2395 0014 0DD1     		bne	.L151
1693:Drivers/STM32L4xx_HAL_Driver/Src/stm32l4xx_hal_rtc_ex.c ****   {
1694:Drivers/STM32L4xx_HAL_Driver/Src/stm32l4xx_hal_rtc_ex.c ****     if (Timeout != HAL_MAX_DELAY)
ARM GAS  /tmp/cc1jHbzH.s 			page 75


 2396              		.loc 1 1694 5 is_stmt 1 view .LVU818
 2397              		.loc 1 1694 8 is_stmt 0 view .LVU819
 2398 0016 B5F1FF3F 		cmp	r5, #-1
 2399 001a F7D0     		beq	.L146
1695:Drivers/STM32L4xx_HAL_Driver/Src/stm32l4xx_hal_rtc_ex.c ****     {
1696:Drivers/STM32L4xx_HAL_Driver/Src/stm32l4xx_hal_rtc_ex.c ****       if (((HAL_GetTick() - tickstart) > Timeout) || (Timeout == 0U))
 2400              		.loc 1 1696 7 is_stmt 1 view .LVU820
 2401              		.loc 1 1696 13 is_stmt 0 view .LVU821
 2402 001c FFF7FEFF 		bl	HAL_GetTick
 2403              	.LVL150:
 2404              		.loc 1 1696 27 discriminator 1 view .LVU822
 2405 0020 801B     		subs	r0, r0, r6
 2406              		.loc 1 1696 10 discriminator 1 view .LVU823
 2407 0022 A842     		cmp	r0, r5
 2408 0024 01D8     		bhi	.L147
 2409              		.loc 1 1696 51 discriminator 1 view .LVU824
 2410 0026 002D     		cmp	r5, #0
 2411 0028 F0D1     		bne	.L146
 2412              	.L147:
1697:Drivers/STM32L4xx_HAL_Driver/Src/stm32l4xx_hal_rtc_ex.c ****       {
1698:Drivers/STM32L4xx_HAL_Driver/Src/stm32l4xx_hal_rtc_ex.c ****         hrtc->State = HAL_RTC_STATE_TIMEOUT;
 2413              		.loc 1 1698 9 is_stmt 1 view .LVU825
 2414              		.loc 1 1698 21 is_stmt 0 view .LVU826
 2415 002a 0320     		movs	r0, #3
 2416 002c 84F82100 		strb	r0, [r4, #33]
1699:Drivers/STM32L4xx_HAL_Driver/Src/stm32l4xx_hal_rtc_ex.c ****         return HAL_TIMEOUT;
 2417              		.loc 1 1699 9 is_stmt 1 view .LVU827
 2418              		.loc 1 1699 16 is_stmt 0 view .LVU828
 2419 0030 08E0     		b	.L148
 2420              	.L151:
1700:Drivers/STM32L4xx_HAL_Driver/Src/stm32l4xx_hal_rtc_ex.c ****       }
1701:Drivers/STM32L4xx_HAL_Driver/Src/stm32l4xx_hal_rtc_ex.c ****     }
1702:Drivers/STM32L4xx_HAL_Driver/Src/stm32l4xx_hal_rtc_ex.c ****   }
1703:Drivers/STM32L4xx_HAL_Driver/Src/stm32l4xx_hal_rtc_ex.c **** 
1704:Drivers/STM32L4xx_HAL_Driver/Src/stm32l4xx_hal_rtc_ex.c ****   /* Clear the Alarm Flag */
1705:Drivers/STM32L4xx_HAL_Driver/Src/stm32l4xx_hal_rtc_ex.c ****   __HAL_RTC_ALARM_CLEAR_FLAG(hrtc, RTC_FLAG_ALRBF);
 2421              		.loc 1 1705 3 is_stmt 1 view .LVU829
 2422 0032 DA68     		ldr	r2, [r3, #12]
 2423 0034 D2B2     		uxtb	r2, r2
 2424 0036 62F42072 		orn	r2, r2, #640
 2425 003a DA60     		str	r2, [r3, #12]
1706:Drivers/STM32L4xx_HAL_Driver/Src/stm32l4xx_hal_rtc_ex.c **** 
1707:Drivers/STM32L4xx_HAL_Driver/Src/stm32l4xx_hal_rtc_ex.c ****   /* Change RTC state */
1708:Drivers/STM32L4xx_HAL_Driver/Src/stm32l4xx_hal_rtc_ex.c ****   hrtc->State = HAL_RTC_STATE_READY;
 2426              		.loc 1 1708 3 view .LVU830
 2427              		.loc 1 1708 15 is_stmt 0 view .LVU831
 2428 003c 0123     		movs	r3, #1
 2429 003e 84F82130 		strb	r3, [r4, #33]
1709:Drivers/STM32L4xx_HAL_Driver/Src/stm32l4xx_hal_rtc_ex.c **** 
1710:Drivers/STM32L4xx_HAL_Driver/Src/stm32l4xx_hal_rtc_ex.c ****   return HAL_OK;
 2430              		.loc 1 1710 3 is_stmt 1 view .LVU832
 2431              		.loc 1 1710 10 is_stmt 0 view .LVU833
 2432 0042 0020     		movs	r0, #0
 2433              	.L148:
1711:Drivers/STM32L4xx_HAL_Driver/Src/stm32l4xx_hal_rtc_ex.c **** }
 2434              		.loc 1 1711 1 view .LVU834
 2435 0044 70BD     		pop	{r4, r5, r6, pc}
ARM GAS  /tmp/cc1jHbzH.s 			page 76


 2436              		.loc 1 1711 1 view .LVU835
 2437              		.cfi_endproc
 2438              	.LFE409:
 2440              		.section	.text.HAL_RTCEx_SetTamper,"ax",%progbits
 2441              		.align	1
 2442              		.global	HAL_RTCEx_SetTamper
 2443              		.syntax unified
 2444              		.thumb
 2445              		.thumb_func
 2447              	HAL_RTCEx_SetTamper:
 2448              	.LVL151:
 2449              	.LFB410:
1712:Drivers/STM32L4xx_HAL_Driver/Src/stm32l4xx_hal_rtc_ex.c **** 
1713:Drivers/STM32L4xx_HAL_Driver/Src/stm32l4xx_hal_rtc_ex.c **** /**
1714:Drivers/STM32L4xx_HAL_Driver/Src/stm32l4xx_hal_rtc_ex.c ****   * @}
1715:Drivers/STM32L4xx_HAL_Driver/Src/stm32l4xx_hal_rtc_ex.c ****   */
1716:Drivers/STM32L4xx_HAL_Driver/Src/stm32l4xx_hal_rtc_ex.c **** 
1717:Drivers/STM32L4xx_HAL_Driver/Src/stm32l4xx_hal_rtc_ex.c **** /** @addtogroup RTCEx_Exported_Functions_Group5
1718:Drivers/STM32L4xx_HAL_Driver/Src/stm32l4xx_hal_rtc_ex.c ****   * @brief      Extended RTC Tamper functions
1719:Drivers/STM32L4xx_HAL_Driver/Src/stm32l4xx_hal_rtc_ex.c ****   *
1720:Drivers/STM32L4xx_HAL_Driver/Src/stm32l4xx_hal_rtc_ex.c **** @verbatim
1721:Drivers/STM32L4xx_HAL_Driver/Src/stm32l4xx_hal_rtc_ex.c ****   ==============================================================================
1722:Drivers/STM32L4xx_HAL_Driver/Src/stm32l4xx_hal_rtc_ex.c ****                          ##### Tamper functions #####
1723:Drivers/STM32L4xx_HAL_Driver/Src/stm32l4xx_hal_rtc_ex.c ****   ==============================================================================
1724:Drivers/STM32L4xx_HAL_Driver/Src/stm32l4xx_hal_rtc_ex.c ****   [..]
1725:Drivers/STM32L4xx_HAL_Driver/Src/stm32l4xx_hal_rtc_ex.c ****    (+) Before calling any tamper or internal tamper function, you have to call first
1726:Drivers/STM32L4xx_HAL_Driver/Src/stm32l4xx_hal_rtc_ex.c ****        HAL_RTC_Init() function.
1727:Drivers/STM32L4xx_HAL_Driver/Src/stm32l4xx_hal_rtc_ex.c ****    (+) In that ine you can select to output tamper event on RTC pin.
1728:Drivers/STM32L4xx_HAL_Driver/Src/stm32l4xx_hal_rtc_ex.c ****   [..]
1729:Drivers/STM32L4xx_HAL_Driver/Src/stm32l4xx_hal_rtc_ex.c ****    (+) Enable the Tamper and configure the Tamper filter count, trigger Edge
1730:Drivers/STM32L4xx_HAL_Driver/Src/stm32l4xx_hal_rtc_ex.c ****        or Level according to the Tamper filter (if equal to 0 Edge else Level)
1731:Drivers/STM32L4xx_HAL_Driver/Src/stm32l4xx_hal_rtc_ex.c ****        value, sampling frequency, NoErase, MaskFlag, precharge or discharge and
1732:Drivers/STM32L4xx_HAL_Driver/Src/stm32l4xx_hal_rtc_ex.c ****        Pull-UP, timestamp using the HAL_RTCEx_SetTamper() function.
1733:Drivers/STM32L4xx_HAL_Driver/Src/stm32l4xx_hal_rtc_ex.c ****        You can configure Tamper with interrupt mode using HAL_RTCEx_SetTamper_IT() function.
1734:Drivers/STM32L4xx_HAL_Driver/Src/stm32l4xx_hal_rtc_ex.c ****    (+) The default configuration of the Tamper erases the backup registers. To avoid
1735:Drivers/STM32L4xx_HAL_Driver/Src/stm32l4xx_hal_rtc_ex.c ****        erase, enable the NoErase field on the TAMP_TAMPCR register.
1736:Drivers/STM32L4xx_HAL_Driver/Src/stm32l4xx_hal_rtc_ex.c ****   [..]
1737:Drivers/STM32L4xx_HAL_Driver/Src/stm32l4xx_hal_rtc_ex.c ****    (+) Enable Internal Tamper and configure it with interrupt, timestamp using
1738:Drivers/STM32L4xx_HAL_Driver/Src/stm32l4xx_hal_rtc_ex.c ****        the HAL_RTCEx_SetInternalTamper() function.
1739:Drivers/STM32L4xx_HAL_Driver/Src/stm32l4xx_hal_rtc_ex.c **** 
1740:Drivers/STM32L4xx_HAL_Driver/Src/stm32l4xx_hal_rtc_ex.c **** @endverbatim
1741:Drivers/STM32L4xx_HAL_Driver/Src/stm32l4xx_hal_rtc_ex.c ****   * @{
1742:Drivers/STM32L4xx_HAL_Driver/Src/stm32l4xx_hal_rtc_ex.c ****   */
1743:Drivers/STM32L4xx_HAL_Driver/Src/stm32l4xx_hal_rtc_ex.c **** 
1744:Drivers/STM32L4xx_HAL_Driver/Src/stm32l4xx_hal_rtc_ex.c **** #if defined(STM32L412xx) || defined(STM32L422xx) || defined (STM32L4P5xx) || defined (STM32L4Q5xx)
1745:Drivers/STM32L4xx_HAL_Driver/Src/stm32l4xx_hal_rtc_ex.c **** /**
1746:Drivers/STM32L4xx_HAL_Driver/Src/stm32l4xx_hal_rtc_ex.c ****   * @brief  Set Tamper
1747:Drivers/STM32L4xx_HAL_Driver/Src/stm32l4xx_hal_rtc_ex.c ****   * @param  hrtc RTC handle
1748:Drivers/STM32L4xx_HAL_Driver/Src/stm32l4xx_hal_rtc_ex.c ****   * @param  sTamper Pointer to Tamper Structure.
1749:Drivers/STM32L4xx_HAL_Driver/Src/stm32l4xx_hal_rtc_ex.c ****   * @retval HAL status
1750:Drivers/STM32L4xx_HAL_Driver/Src/stm32l4xx_hal_rtc_ex.c ****   */
1751:Drivers/STM32L4xx_HAL_Driver/Src/stm32l4xx_hal_rtc_ex.c **** HAL_StatusTypeDef HAL_RTCEx_SetTamper(RTC_HandleTypeDef *hrtc, RTC_TamperTypeDef *sTamper)
1752:Drivers/STM32L4xx_HAL_Driver/Src/stm32l4xx_hal_rtc_ex.c **** {
1753:Drivers/STM32L4xx_HAL_Driver/Src/stm32l4xx_hal_rtc_ex.c ****   uint32_t tmpreg;
1754:Drivers/STM32L4xx_HAL_Driver/Src/stm32l4xx_hal_rtc_ex.c ****   /* Process TAMP instance pointer */
1755:Drivers/STM32L4xx_HAL_Driver/Src/stm32l4xx_hal_rtc_ex.c ****   TAMP_TypeDef *tamp = (TAMP_TypeDef *)((uint32_t)hrtc->Instance + hrtc->TampOffset);
1756:Drivers/STM32L4xx_HAL_Driver/Src/stm32l4xx_hal_rtc_ex.c **** 
ARM GAS  /tmp/cc1jHbzH.s 			page 77


1757:Drivers/STM32L4xx_HAL_Driver/Src/stm32l4xx_hal_rtc_ex.c ****   /* Check the parameters */
1758:Drivers/STM32L4xx_HAL_Driver/Src/stm32l4xx_hal_rtc_ex.c ****   assert_param(IS_RTC_TAMPER(sTamper->Tamper));
1759:Drivers/STM32L4xx_HAL_Driver/Src/stm32l4xx_hal_rtc_ex.c ****   assert_param(IS_RTC_TAMPER_TRIGGER(sTamper->Trigger));
1760:Drivers/STM32L4xx_HAL_Driver/Src/stm32l4xx_hal_rtc_ex.c ****   assert_param(IS_RTC_TAMPER_ERASE_MODE(sTamper->NoErase));
1761:Drivers/STM32L4xx_HAL_Driver/Src/stm32l4xx_hal_rtc_ex.c ****   assert_param(IS_RTC_TAMPER_MASKFLAG_STATE(sTamper->MaskFlag));
1762:Drivers/STM32L4xx_HAL_Driver/Src/stm32l4xx_hal_rtc_ex.c ****   assert_param(IS_RTC_TAMPER_TIMESTAMPONTAMPER_DETECTION(sTamper->TimeStampOnTamperDetection));
1763:Drivers/STM32L4xx_HAL_Driver/Src/stm32l4xx_hal_rtc_ex.c ****   assert_param(IS_RTC_TAMPER_FILTER(sTamper->Filter));
1764:Drivers/STM32L4xx_HAL_Driver/Src/stm32l4xx_hal_rtc_ex.c ****   assert_param(IS_RTC_TAMPER_SAMPLING_FREQ(sTamper->SamplingFrequency));
1765:Drivers/STM32L4xx_HAL_Driver/Src/stm32l4xx_hal_rtc_ex.c ****   assert_param(IS_RTC_TAMPER_PRECHARGE_DURATION(sTamper->PrechargeDuration));
1766:Drivers/STM32L4xx_HAL_Driver/Src/stm32l4xx_hal_rtc_ex.c ****   assert_param(IS_RTC_TAMPER_PULLUP_STATE(sTamper->TamperPullUp));
1767:Drivers/STM32L4xx_HAL_Driver/Src/stm32l4xx_hal_rtc_ex.c ****   /* Trigger and Filter have exclusive configurations */
1768:Drivers/STM32L4xx_HAL_Driver/Src/stm32l4xx_hal_rtc_ex.c ****   assert_param(((sTamper->Filter != RTC_TAMPERFILTER_DISABLE) && ((sTamper->Trigger == RTC_TAMPERTR
1769:Drivers/STM32L4xx_HAL_Driver/Src/stm32l4xx_hal_rtc_ex.c ****                || ((sTamper->Filter == RTC_TAMPERFILTER_DISABLE) && ((sTamper->Trigger == RTC_TAMPE
1770:Drivers/STM32L4xx_HAL_Driver/Src/stm32l4xx_hal_rtc_ex.c **** 
1771:Drivers/STM32L4xx_HAL_Driver/Src/stm32l4xx_hal_rtc_ex.c ****   /* Configuration register 2 */
1772:Drivers/STM32L4xx_HAL_Driver/Src/stm32l4xx_hal_rtc_ex.c ****   tmpreg = tamp->CR2;
1773:Drivers/STM32L4xx_HAL_Driver/Src/stm32l4xx_hal_rtc_ex.c ****   tmpreg &= ~((sTamper->Tamper << TAMP_CR2_TAMP1TRG_Pos) | (sTamper->Tamper << TAMP_CR2_TAMP1MSK_Po
1774:Drivers/STM32L4xx_HAL_Driver/Src/stm32l4xx_hal_rtc_ex.c **** 
1775:Drivers/STM32L4xx_HAL_Driver/Src/stm32l4xx_hal_rtc_ex.c ****   /* Configure the tamper trigger bit */
1776:Drivers/STM32L4xx_HAL_Driver/Src/stm32l4xx_hal_rtc_ex.c ****   if ((sTamper->Trigger == RTC_TAMPERTRIGGER_HIGHLEVEL) || (sTamper->Trigger == RTC_TAMPERTRIGGER_F
1777:Drivers/STM32L4xx_HAL_Driver/Src/stm32l4xx_hal_rtc_ex.c ****   {
1778:Drivers/STM32L4xx_HAL_Driver/Src/stm32l4xx_hal_rtc_ex.c ****     tmpreg |= (sTamper->Tamper << TAMP_CR2_TAMP1TRG_Pos);
1779:Drivers/STM32L4xx_HAL_Driver/Src/stm32l4xx_hal_rtc_ex.c ****   }
1780:Drivers/STM32L4xx_HAL_Driver/Src/stm32l4xx_hal_rtc_ex.c **** 
1781:Drivers/STM32L4xx_HAL_Driver/Src/stm32l4xx_hal_rtc_ex.c ****   /* Configure the tamper flags masking bit */
1782:Drivers/STM32L4xx_HAL_Driver/Src/stm32l4xx_hal_rtc_ex.c ****   if (sTamper->MaskFlag != RTC_TAMPERMASK_FLAG_DISABLE)
1783:Drivers/STM32L4xx_HAL_Driver/Src/stm32l4xx_hal_rtc_ex.c ****   {
1784:Drivers/STM32L4xx_HAL_Driver/Src/stm32l4xx_hal_rtc_ex.c ****     tmpreg |= (sTamper->Tamper << TAMP_CR2_TAMP1MSK_Pos);
1785:Drivers/STM32L4xx_HAL_Driver/Src/stm32l4xx_hal_rtc_ex.c ****   }
1786:Drivers/STM32L4xx_HAL_Driver/Src/stm32l4xx_hal_rtc_ex.c **** 
1787:Drivers/STM32L4xx_HAL_Driver/Src/stm32l4xx_hal_rtc_ex.c ****   /* Configure the tamper backup registers erasure bit */
1788:Drivers/STM32L4xx_HAL_Driver/Src/stm32l4xx_hal_rtc_ex.c ****   if (sTamper->NoErase != RTC_TAMPER_ERASE_BACKUP_ENABLE)
1789:Drivers/STM32L4xx_HAL_Driver/Src/stm32l4xx_hal_rtc_ex.c ****   {
1790:Drivers/STM32L4xx_HAL_Driver/Src/stm32l4xx_hal_rtc_ex.c ****     tmpreg |= (sTamper->Tamper << TAMP_CR2_TAMP1NOERASE_Pos);
1791:Drivers/STM32L4xx_HAL_Driver/Src/stm32l4xx_hal_rtc_ex.c ****   }
1792:Drivers/STM32L4xx_HAL_Driver/Src/stm32l4xx_hal_rtc_ex.c ****   tamp->CR2 = tmpreg;
1793:Drivers/STM32L4xx_HAL_Driver/Src/stm32l4xx_hal_rtc_ex.c **** 
1794:Drivers/STM32L4xx_HAL_Driver/Src/stm32l4xx_hal_rtc_ex.c ****   /* Configure filtering parameters */
1795:Drivers/STM32L4xx_HAL_Driver/Src/stm32l4xx_hal_rtc_ex.c ****   tamp->FLTCR = (sTamper->Filter) | (sTamper->SamplingFrequency) | \
1796:Drivers/STM32L4xx_HAL_Driver/Src/stm32l4xx_hal_rtc_ex.c ****                 (sTamper->PrechargeDuration) | (sTamper->TamperPullUp);
1797:Drivers/STM32L4xx_HAL_Driver/Src/stm32l4xx_hal_rtc_ex.c **** 
1798:Drivers/STM32L4xx_HAL_Driver/Src/stm32l4xx_hal_rtc_ex.c ****   /* Configure Timestamp saving on tamper detection */
1799:Drivers/STM32L4xx_HAL_Driver/Src/stm32l4xx_hal_rtc_ex.c ****   if ((hrtc->Instance->CR & RTC_CR_TAMPTS) != (sTamper->TimeStampOnTamperDetection))
1800:Drivers/STM32L4xx_HAL_Driver/Src/stm32l4xx_hal_rtc_ex.c ****   {
1801:Drivers/STM32L4xx_HAL_Driver/Src/stm32l4xx_hal_rtc_ex.c ****     __HAL_RTC_WRITEPROTECTION_DISABLE(hrtc);
1802:Drivers/STM32L4xx_HAL_Driver/Src/stm32l4xx_hal_rtc_ex.c ****     tmpreg = (hrtc->Instance->CR & ~RTC_CR_TAMPTS);
1803:Drivers/STM32L4xx_HAL_Driver/Src/stm32l4xx_hal_rtc_ex.c ****     hrtc->Instance->CR = (tmpreg | (sTamper->TimeStampOnTamperDetection));
1804:Drivers/STM32L4xx_HAL_Driver/Src/stm32l4xx_hal_rtc_ex.c ****     __HAL_RTC_WRITEPROTECTION_ENABLE(hrtc);
1805:Drivers/STM32L4xx_HAL_Driver/Src/stm32l4xx_hal_rtc_ex.c ****   }
1806:Drivers/STM32L4xx_HAL_Driver/Src/stm32l4xx_hal_rtc_ex.c **** 
1807:Drivers/STM32L4xx_HAL_Driver/Src/stm32l4xx_hal_rtc_ex.c ****   /* Enable selected tamper */
1808:Drivers/STM32L4xx_HAL_Driver/Src/stm32l4xx_hal_rtc_ex.c ****   tamp->CR1 |= (sTamper->Tamper);
1809:Drivers/STM32L4xx_HAL_Driver/Src/stm32l4xx_hal_rtc_ex.c **** 
1810:Drivers/STM32L4xx_HAL_Driver/Src/stm32l4xx_hal_rtc_ex.c ****   return HAL_OK;
1811:Drivers/STM32L4xx_HAL_Driver/Src/stm32l4xx_hal_rtc_ex.c **** }
1812:Drivers/STM32L4xx_HAL_Driver/Src/stm32l4xx_hal_rtc_ex.c **** #else /* #if defined(STM32L412xx) || defined(STM32L422xx) || defined (STM32L4P5xx) || defined (STM3
1813:Drivers/STM32L4xx_HAL_Driver/Src/stm32l4xx_hal_rtc_ex.c **** /**
ARM GAS  /tmp/cc1jHbzH.s 			page 78


1814:Drivers/STM32L4xx_HAL_Driver/Src/stm32l4xx_hal_rtc_ex.c ****   * @brief  Set Tamper.
1815:Drivers/STM32L4xx_HAL_Driver/Src/stm32l4xx_hal_rtc_ex.c ****   * @note   By calling this API we disable the tamper interrupt for all tampers.
1816:Drivers/STM32L4xx_HAL_Driver/Src/stm32l4xx_hal_rtc_ex.c ****   * @param  hrtc RTC handle
1817:Drivers/STM32L4xx_HAL_Driver/Src/stm32l4xx_hal_rtc_ex.c ****   * @param  sTamper Pointer to Tamper Structure.
1818:Drivers/STM32L4xx_HAL_Driver/Src/stm32l4xx_hal_rtc_ex.c ****   * @retval HAL status
1819:Drivers/STM32L4xx_HAL_Driver/Src/stm32l4xx_hal_rtc_ex.c ****   */
1820:Drivers/STM32L4xx_HAL_Driver/Src/stm32l4xx_hal_rtc_ex.c **** HAL_StatusTypeDef HAL_RTCEx_SetTamper(RTC_HandleTypeDef *hrtc, RTC_TamperTypeDef *sTamper)
1821:Drivers/STM32L4xx_HAL_Driver/Src/stm32l4xx_hal_rtc_ex.c **** {
 2450              		.loc 1 1821 1 is_stmt 1 view -0
 2451              		.cfi_startproc
 2452              		@ args = 0, pretend = 0, frame = 0
 2453              		@ frame_needed = 0, uses_anonymous_args = 0
 2454              		@ link register save eliminated.
1822:Drivers/STM32L4xx_HAL_Driver/Src/stm32l4xx_hal_rtc_ex.c ****   uint32_t tmpreg;
 2455              		.loc 1 1822 3 view .LVU837
1823:Drivers/STM32L4xx_HAL_Driver/Src/stm32l4xx_hal_rtc_ex.c **** 
1824:Drivers/STM32L4xx_HAL_Driver/Src/stm32l4xx_hal_rtc_ex.c ****   /* Check the parameters */
1825:Drivers/STM32L4xx_HAL_Driver/Src/stm32l4xx_hal_rtc_ex.c ****   assert_param(IS_RTC_TAMPER(sTamper->Tamper));
 2456              		.loc 1 1825 3 view .LVU838
1826:Drivers/STM32L4xx_HAL_Driver/Src/stm32l4xx_hal_rtc_ex.c ****   assert_param(IS_RTC_TAMPER_TRIGGER(sTamper->Trigger));
 2457              		.loc 1 1826 3 view .LVU839
1827:Drivers/STM32L4xx_HAL_Driver/Src/stm32l4xx_hal_rtc_ex.c ****   assert_param(IS_RTC_TAMPER_ERASE_MODE(sTamper->NoErase));
 2458              		.loc 1 1827 3 view .LVU840
1828:Drivers/STM32L4xx_HAL_Driver/Src/stm32l4xx_hal_rtc_ex.c ****   assert_param(IS_RTC_TAMPER_MASKFLAG_STATE(sTamper->MaskFlag));
 2459              		.loc 1 1828 3 view .LVU841
1829:Drivers/STM32L4xx_HAL_Driver/Src/stm32l4xx_hal_rtc_ex.c ****   assert_param(IS_RTC_TAMPER_FILTER(sTamper->Filter));
 2460              		.loc 1 1829 3 view .LVU842
1830:Drivers/STM32L4xx_HAL_Driver/Src/stm32l4xx_hal_rtc_ex.c ****   assert_param(IS_RTC_TAMPER_SAMPLING_FREQ(sTamper->SamplingFrequency));
 2461              		.loc 1 1830 3 view .LVU843
1831:Drivers/STM32L4xx_HAL_Driver/Src/stm32l4xx_hal_rtc_ex.c ****   assert_param(IS_RTC_TAMPER_PRECHARGE_DURATION(sTamper->PrechargeDuration));
 2462              		.loc 1 1831 3 view .LVU844
1832:Drivers/STM32L4xx_HAL_Driver/Src/stm32l4xx_hal_rtc_ex.c ****   assert_param(IS_RTC_TAMPER_PULLUP_STATE(sTamper->TamperPullUp));
 2463              		.loc 1 1832 3 view .LVU845
1833:Drivers/STM32L4xx_HAL_Driver/Src/stm32l4xx_hal_rtc_ex.c ****   assert_param(IS_RTC_TAMPER_TIMESTAMPONTAMPER_DETECTION(sTamper->TimeStampOnTamperDetection));
 2464              		.loc 1 1833 3 view .LVU846
1834:Drivers/STM32L4xx_HAL_Driver/Src/stm32l4xx_hal_rtc_ex.c **** 
1835:Drivers/STM32L4xx_HAL_Driver/Src/stm32l4xx_hal_rtc_ex.c ****   /* Process Locked */
1836:Drivers/STM32L4xx_HAL_Driver/Src/stm32l4xx_hal_rtc_ex.c ****   __HAL_LOCK(hrtc);
 2465              		.loc 1 1836 3 view .LVU847
 2466              		.loc 1 1836 3 view .LVU848
 2467 0000 90F82030 		ldrb	r3, [r0, #32]	@ zero_extendqisi2
 2468 0004 012B     		cmp	r3, #1
 2469 0006 68D0     		beq	.L166
1821:Drivers/STM32L4xx_HAL_Driver/Src/stm32l4xx_hal_rtc_ex.c ****   uint32_t tmpreg;
 2470              		.loc 1 1821 1 is_stmt 0 view .LVU849
 2471 0008 30B4     		push	{r4, r5}
 2472              	.LCFI21:
 2473              		.cfi_def_cfa_offset 8
 2474              		.cfi_offset 4, -8
 2475              		.cfi_offset 5, -4
 2476 000a 8446     		mov	ip, r0
 2477              		.loc 1 1836 3 is_stmt 1 discriminator 2 view .LVU850
 2478 000c 0123     		movs	r3, #1
 2479 000e 80F82030 		strb	r3, [r0, #32]
 2480              		.loc 1 1836 3 discriminator 2 view .LVU851
1837:Drivers/STM32L4xx_HAL_Driver/Src/stm32l4xx_hal_rtc_ex.c **** 
1838:Drivers/STM32L4xx_HAL_Driver/Src/stm32l4xx_hal_rtc_ex.c ****   hrtc->State = HAL_RTC_STATE_BUSY;
ARM GAS  /tmp/cc1jHbzH.s 			page 79


 2481              		.loc 1 1838 3 view .LVU852
 2482              		.loc 1 1838 15 is_stmt 0 view .LVU853
 2483 0012 0223     		movs	r3, #2
 2484 0014 80F82130 		strb	r3, [r0, #33]
1839:Drivers/STM32L4xx_HAL_Driver/Src/stm32l4xx_hal_rtc_ex.c **** 
1840:Drivers/STM32L4xx_HAL_Driver/Src/stm32l4xx_hal_rtc_ex.c ****   /* Read register */
1841:Drivers/STM32L4xx_HAL_Driver/Src/stm32l4xx_hal_rtc_ex.c ****   tmpreg = hrtc->Instance->TAMPCR;
 2485              		.loc 1 1841 3 is_stmt 1 view .LVU854
 2486              		.loc 1 1841 16 is_stmt 0 view .LVU855
 2487 0018 0068     		ldr	r0, [r0]
 2488              	.LVL152:
 2489              		.loc 1 1841 10 view .LVU856
 2490 001a 036C     		ldr	r3, [r0, #64]
 2491              	.LVL153:
1842:Drivers/STM32L4xx_HAL_Driver/Src/stm32l4xx_hal_rtc_ex.c **** 
1843:Drivers/STM32L4xx_HAL_Driver/Src/stm32l4xx_hal_rtc_ex.c **** #if defined(RTC_TAMPER1_SUPPORT)
1844:Drivers/STM32L4xx_HAL_Driver/Src/stm32l4xx_hal_rtc_ex.c ****   if ((sTamper->Tamper & RTC_TAMPER_1) != 0)
 2492              		.loc 1 1844 3 is_stmt 1 view .LVU857
 2493              		.loc 1 1844 15 is_stmt 0 view .LVU858
 2494 001c 0A68     		ldr	r2, [r1]
 2495              		.loc 1 1844 6 view .LVU859
 2496 001e 12F0010F 		tst	r2, #1
 2497 0022 11D0     		beq	.L154
1845:Drivers/STM32L4xx_HAL_Driver/Src/stm32l4xx_hal_rtc_ex.c ****   {
1846:Drivers/STM32L4xx_HAL_Driver/Src/stm32l4xx_hal_rtc_ex.c ****     MODIFY_REG(tmpreg,
 2498              		.loc 1 1846 5 is_stmt 1 view .LVU860
 2499 0024 23F00713 		bic	r3, r3, #458759
 2500              	.LVL154:
 2501              		.loc 1 1846 5 is_stmt 0 view .LVU861
 2502 0028 8C68     		ldr	r4, [r1, #8]
 2503 002a 04B1     		cbz	r4, .L155
 2504              		.loc 1 1846 5 discriminator 2 view .LVU862
 2505 002c 0224     		movs	r4, #2
 2506              	.L155:
 2507              		.loc 1 1846 5 discriminator 4 view .LVU863
 2508 002e 1443     		orrs	r4, r4, r2
 2509 0030 CD68     		ldr	r5, [r1, #12]
 2510 0032 0DB1     		cbz	r5, .L156
 2511              		.loc 1 1846 5 discriminator 6 view .LVU864
 2512 0034 4FF40035 		mov	r5, #131072
 2513              	.L156:
 2514              		.loc 1 1846 5 discriminator 8 view .LVU865
 2515 0038 2C43     		orrs	r4, r4, r5
 2516 003a 0D69     		ldr	r5, [r1, #16]
 2517 003c B5F5802F 		cmp	r5, #262144
 2518 0040 00D0     		beq	.L157
 2519              		.loc 1 1846 5 discriminator 10 view .LVU866
 2520 0042 0025     		movs	r5, #0
 2521              	.L157:
 2522              		.loc 1 1846 5 discriminator 12 view .LVU867
 2523 0044 2C43     		orrs	r4, r4, r5
 2524 0046 2343     		orrs	r3, r3, r4
 2525              	.LVL155:
 2526              	.L154:
1847:Drivers/STM32L4xx_HAL_Driver/Src/stm32l4xx_hal_rtc_ex.c ****                (RTC_TAMPCR_TAMP1E | RTC_TAMPCR_TAMP1TRG | RTC_TAMPCR_TAMPIE | RTC_TAMPCR_TAMP1IE | 
1848:Drivers/STM32L4xx_HAL_Driver/Src/stm32l4xx_hal_rtc_ex.c ****                sTamper->Tamper | \
1849:Drivers/STM32L4xx_HAL_Driver/Src/stm32l4xx_hal_rtc_ex.c ****                (sTamper->Trigger == RTC_TAMPERTRIGGER_RISINGEDGE ?  0U : RTC_TAMPCR_TAMP1TRG) | \
ARM GAS  /tmp/cc1jHbzH.s 			page 80


1850:Drivers/STM32L4xx_HAL_Driver/Src/stm32l4xx_hal_rtc_ex.c ****                (sTamper->NoErase == RTC_TAMPER_ERASE_BACKUP_ENABLE ? 0U : RTC_TAMPCR_TAMP1NOERASE) 
1851:Drivers/STM32L4xx_HAL_Driver/Src/stm32l4xx_hal_rtc_ex.c ****                (sTamper->MaskFlag == RTC_TAMPERMASK_FLAG_ENABLE ? RTC_TAMPCR_TAMP1MF : 0U) \
1852:Drivers/STM32L4xx_HAL_Driver/Src/stm32l4xx_hal_rtc_ex.c ****               );
1853:Drivers/STM32L4xx_HAL_Driver/Src/stm32l4xx_hal_rtc_ex.c ****   }
1854:Drivers/STM32L4xx_HAL_Driver/Src/stm32l4xx_hal_rtc_ex.c **** #endif /* RTC_TAMPER1_SUPPORT */
1855:Drivers/STM32L4xx_HAL_Driver/Src/stm32l4xx_hal_rtc_ex.c **** 
1856:Drivers/STM32L4xx_HAL_Driver/Src/stm32l4xx_hal_rtc_ex.c **** #if defined(RTC_TAMPER2_SUPPORT)
1857:Drivers/STM32L4xx_HAL_Driver/Src/stm32l4xx_hal_rtc_ex.c ****   if ((sTamper->Tamper & RTC_TAMPER_2) != 0)
 2527              		.loc 1 1857 3 is_stmt 1 view .LVU868
 2528              		.loc 1 1857 6 is_stmt 0 view .LVU869
 2529 0048 12F0080F 		tst	r2, #8
 2530 004c 13D0     		beq	.L158
1858:Drivers/STM32L4xx_HAL_Driver/Src/stm32l4xx_hal_rtc_ex.c ****   {
1859:Drivers/STM32L4xx_HAL_Driver/Src/stm32l4xx_hal_rtc_ex.c ****     MODIFY_REG(tmpreg,
 2531              		.loc 1 1859 5 is_stmt 1 view .LVU870
 2532 004e 23F46013 		bic	r3, r3, #3670016
 2533              	.LVL156:
 2534              		.loc 1 1859 5 is_stmt 0 view .LVU871
 2535 0052 23F01C03 		bic	r3, r3, #28
 2536 0056 8C68     		ldr	r4, [r1, #8]
 2537 0058 04B1     		cbz	r4, .L159
 2538              		.loc 1 1859 5 discriminator 2 view .LVU872
 2539 005a 1024     		movs	r4, #16
 2540              	.L159:
 2541              		.loc 1 1859 5 discriminator 4 view .LVU873
 2542 005c 1443     		orrs	r4, r4, r2
 2543 005e CD68     		ldr	r5, [r1, #12]
 2544 0060 0DB1     		cbz	r5, .L160
 2545              		.loc 1 1859 5 discriminator 6 view .LVU874
 2546 0062 4FF48015 		mov	r5, #1048576
 2547              	.L160:
 2548              		.loc 1 1859 5 discriminator 8 view .LVU875
 2549 0066 2C43     		orrs	r4, r4, r5
 2550 0068 0D69     		ldr	r5, [r1, #16]
 2551 006a B5F5802F 		cmp	r5, #262144
 2552 006e 2ED0     		beq	.L180
 2553              		.loc 1 1859 5 discriminator 10 view .LVU876
 2554 0070 0025     		movs	r5, #0
 2555              	.L161:
 2556              		.loc 1 1859 5 discriminator 12 view .LVU877
 2557 0072 2C43     		orrs	r4, r4, r5
 2558 0074 2343     		orrs	r3, r3, r4
 2559              	.LVL157:
 2560              	.L158:
1860:Drivers/STM32L4xx_HAL_Driver/Src/stm32l4xx_hal_rtc_ex.c ****                (RTC_TAMPCR_TAMP2E | RTC_TAMPCR_TAMP2TRG | RTC_TAMPCR_TAMPIE | RTC_TAMPCR_TAMP2IE | 
1861:Drivers/STM32L4xx_HAL_Driver/Src/stm32l4xx_hal_rtc_ex.c ****                sTamper->Tamper | \
1862:Drivers/STM32L4xx_HAL_Driver/Src/stm32l4xx_hal_rtc_ex.c ****                (sTamper->Trigger == RTC_TAMPERTRIGGER_RISINGEDGE ?  0U : RTC_TAMPCR_TAMP2TRG) | \
1863:Drivers/STM32L4xx_HAL_Driver/Src/stm32l4xx_hal_rtc_ex.c ****                (sTamper->NoErase == RTC_TAMPER_ERASE_BACKUP_ENABLE ? 0U : RTC_TAMPCR_TAMP2NOERASE) 
1864:Drivers/STM32L4xx_HAL_Driver/Src/stm32l4xx_hal_rtc_ex.c ****                (sTamper->MaskFlag == RTC_TAMPERMASK_FLAG_ENABLE ? RTC_TAMPCR_TAMP2MF : 0U) \
1865:Drivers/STM32L4xx_HAL_Driver/Src/stm32l4xx_hal_rtc_ex.c ****               );
1866:Drivers/STM32L4xx_HAL_Driver/Src/stm32l4xx_hal_rtc_ex.c ****   }
1867:Drivers/STM32L4xx_HAL_Driver/Src/stm32l4xx_hal_rtc_ex.c **** #endif /* RTC_TAMPER2_SUPPORT */
1868:Drivers/STM32L4xx_HAL_Driver/Src/stm32l4xx_hal_rtc_ex.c **** 
1869:Drivers/STM32L4xx_HAL_Driver/Src/stm32l4xx_hal_rtc_ex.c **** #if defined(RTC_TAMPER3_SUPPORT)
1870:Drivers/STM32L4xx_HAL_Driver/Src/stm32l4xx_hal_rtc_ex.c ****   if ((sTamper->Tamper & RTC_TAMPER_3) != 0)
 2561              		.loc 1 1870 3 is_stmt 1 view .LVU878
 2562              		.loc 1 1870 6 is_stmt 0 view .LVU879
ARM GAS  /tmp/cc1jHbzH.s 			page 81


 2563 0076 12F0200F 		tst	r2, #32
 2564 007a 13D0     		beq	.L162
1871:Drivers/STM32L4xx_HAL_Driver/Src/stm32l4xx_hal_rtc_ex.c ****   {
1872:Drivers/STM32L4xx_HAL_Driver/Src/stm32l4xx_hal_rtc_ex.c ****     MODIFY_REG(tmpreg,
 2565              		.loc 1 1872 5 is_stmt 1 view .LVU880
 2566 007c 23F0E073 		bic	r3, r3, #29360128
 2567              	.LVL158:
 2568              		.loc 1 1872 5 is_stmt 0 view .LVU881
 2569 0080 23F06403 		bic	r3, r3, #100
 2570 0084 8C68     		ldr	r4, [r1, #8]
 2571 0086 04B1     		cbz	r4, .L163
 2572              		.loc 1 1872 5 discriminator 2 view .LVU882
 2573 0088 4024     		movs	r4, #64
 2574              	.L163:
 2575              		.loc 1 1872 5 discriminator 4 view .LVU883
 2576 008a 2243     		orrs	r2, r2, r4
 2577 008c CC68     		ldr	r4, [r1, #12]
 2578 008e 0CB1     		cbz	r4, .L164
 2579              		.loc 1 1872 5 discriminator 6 view .LVU884
 2580 0090 4FF40004 		mov	r4, #8388608
 2581              	.L164:
 2582              		.loc 1 1872 5 discriminator 8 view .LVU885
 2583 0094 2243     		orrs	r2, r2, r4
 2584 0096 0C69     		ldr	r4, [r1, #16]
 2585 0098 B4F5802F 		cmp	r4, #262144
 2586 009c 1AD0     		beq	.L181
 2587              		.loc 1 1872 5 discriminator 10 view .LVU886
 2588 009e 0024     		movs	r4, #0
 2589              	.L165:
 2590              		.loc 1 1872 5 discriminator 12 view .LVU887
 2591 00a0 2243     		orrs	r2, r2, r4
 2592 00a2 1343     		orrs	r3, r3, r2
 2593              	.LVL159:
 2594              	.L162:
1873:Drivers/STM32L4xx_HAL_Driver/Src/stm32l4xx_hal_rtc_ex.c ****                (RTC_TAMPCR_TAMP3E | RTC_TAMPCR_TAMP3TRG | RTC_TAMPCR_TAMPIE | RTC_TAMPCR_TAMP3IE | 
1874:Drivers/STM32L4xx_HAL_Driver/Src/stm32l4xx_hal_rtc_ex.c ****                sTamper->Tamper | \
1875:Drivers/STM32L4xx_HAL_Driver/Src/stm32l4xx_hal_rtc_ex.c ****                (sTamper->Trigger == RTC_TAMPERTRIGGER_RISINGEDGE ?  0U : RTC_TAMPCR_TAMP3TRG) | \
1876:Drivers/STM32L4xx_HAL_Driver/Src/stm32l4xx_hal_rtc_ex.c ****                (sTamper->NoErase == RTC_TAMPER_ERASE_BACKUP_ENABLE ? 0U : RTC_TAMPCR_TAMP3NOERASE) 
1877:Drivers/STM32L4xx_HAL_Driver/Src/stm32l4xx_hal_rtc_ex.c ****                (sTamper->MaskFlag == RTC_TAMPERMASK_FLAG_ENABLE ? RTC_TAMPCR_TAMP3MF : 0U) \
1878:Drivers/STM32L4xx_HAL_Driver/Src/stm32l4xx_hal_rtc_ex.c ****               );
1879:Drivers/STM32L4xx_HAL_Driver/Src/stm32l4xx_hal_rtc_ex.c ****   }
1880:Drivers/STM32L4xx_HAL_Driver/Src/stm32l4xx_hal_rtc_ex.c **** #endif /* RTC_TAMPER3_SUPPORT */
1881:Drivers/STM32L4xx_HAL_Driver/Src/stm32l4xx_hal_rtc_ex.c **** 
1882:Drivers/STM32L4xx_HAL_Driver/Src/stm32l4xx_hal_rtc_ex.c ****   /* Update common parameters */
1883:Drivers/STM32L4xx_HAL_Driver/Src/stm32l4xx_hal_rtc_ex.c ****   MODIFY_REG(tmpreg,
 2595              		.loc 1 1883 3 is_stmt 1 view .LVU888
 2596 00a4 6FF3CF13 		bfc	r3, #7, #9
 2597              	.LVL160:
 2598              		.loc 1 1883 3 is_stmt 0 view .LVU889
 2599 00a8 4A69     		ldr	r2, [r1, #20]
 2600 00aa 8C69     		ldr	r4, [r1, #24]
 2601 00ac 2243     		orrs	r2, r2, r4
 2602 00ae CC69     		ldr	r4, [r1, #28]
 2603 00b0 2243     		orrs	r2, r2, r4
 2604 00b2 0C6A     		ldr	r4, [r1, #32]
 2605 00b4 2243     		orrs	r2, r2, r4
 2606 00b6 496A     		ldr	r1, [r1, #36]
ARM GAS  /tmp/cc1jHbzH.s 			page 82


 2607              	.LVL161:
 2608              		.loc 1 1883 3 view .LVU890
 2609 00b8 0A43     		orrs	r2, r2, r1
 2610 00ba 1343     		orrs	r3, r3, r2
 2611              	.LVL162:
1884:Drivers/STM32L4xx_HAL_Driver/Src/stm32l4xx_hal_rtc_ex.c ****              (RTC_TAMPCR_TAMPTS | RTC_TAMPCR_TAMPFREQ | RTC_TAMPCR_TAMPFLT | RTC_TAMPCR_TAMPPRCH | 
1885:Drivers/STM32L4xx_HAL_Driver/Src/stm32l4xx_hal_rtc_ex.c ****              sTamper->Filter | sTamper->SamplingFrequency | sTamper->PrechargeDuration | sTamper->T
1886:Drivers/STM32L4xx_HAL_Driver/Src/stm32l4xx_hal_rtc_ex.c ****              sTamper->TimeStampOnTamperDetection \
1887:Drivers/STM32L4xx_HAL_Driver/Src/stm32l4xx_hal_rtc_ex.c ****             );
1888:Drivers/STM32L4xx_HAL_Driver/Src/stm32l4xx_hal_rtc_ex.c **** 
1889:Drivers/STM32L4xx_HAL_Driver/Src/stm32l4xx_hal_rtc_ex.c ****   /* Set register */
1890:Drivers/STM32L4xx_HAL_Driver/Src/stm32l4xx_hal_rtc_ex.c ****   WRITE_REG(hrtc->Instance->TAMPCR, tmpreg);
 2612              		.loc 1 1890 3 is_stmt 1 view .LVU891
 2613 00bc 0364     		str	r3, [r0, #64]
1891:Drivers/STM32L4xx_HAL_Driver/Src/stm32l4xx_hal_rtc_ex.c **** 
1892:Drivers/STM32L4xx_HAL_Driver/Src/stm32l4xx_hal_rtc_ex.c ****   hrtc->State = HAL_RTC_STATE_READY;
 2614              		.loc 1 1892 3 view .LVU892
 2615              		.loc 1 1892 15 is_stmt 0 view .LVU893
 2616 00be 0123     		movs	r3, #1
 2617              	.LVL163:
 2618              		.loc 1 1892 15 view .LVU894
 2619 00c0 8CF82130 		strb	r3, [ip, #33]
 2620              	.LVL164:
1893:Drivers/STM32L4xx_HAL_Driver/Src/stm32l4xx_hal_rtc_ex.c **** 
1894:Drivers/STM32L4xx_HAL_Driver/Src/stm32l4xx_hal_rtc_ex.c ****   /* Process Unlocked */
1895:Drivers/STM32L4xx_HAL_Driver/Src/stm32l4xx_hal_rtc_ex.c ****   __HAL_UNLOCK(hrtc);
 2621              		.loc 1 1895 3 is_stmt 1 view .LVU895
 2622              		.loc 1 1895 3 view .LVU896
 2623 00c4 0020     		movs	r0, #0
 2624 00c6 8CF82000 		strb	r0, [ip, #32]
 2625              		.loc 1 1895 3 view .LVU897
1896:Drivers/STM32L4xx_HAL_Driver/Src/stm32l4xx_hal_rtc_ex.c **** 
1897:Drivers/STM32L4xx_HAL_Driver/Src/stm32l4xx_hal_rtc_ex.c ****   return HAL_OK;
 2626              		.loc 1 1897 3 view .LVU898
1898:Drivers/STM32L4xx_HAL_Driver/Src/stm32l4xx_hal_rtc_ex.c **** }
 2627              		.loc 1 1898 1 is_stmt 0 view .LVU899
 2628 00ca 30BC     		pop	{r4, r5}
 2629              	.LCFI22:
 2630              		.cfi_remember_state
 2631              		.cfi_restore 5
 2632              		.cfi_restore 4
 2633              		.cfi_def_cfa_offset 0
 2634 00cc 7047     		bx	lr
 2635              	.LVL165:
 2636              	.L180:
 2637              	.LCFI23:
 2638              		.cfi_restore_state
1859:Drivers/STM32L4xx_HAL_Driver/Src/stm32l4xx_hal_rtc_ex.c ****                (RTC_TAMPCR_TAMP2E | RTC_TAMPCR_TAMP2TRG | RTC_TAMPCR_TAMPIE | RTC_TAMPCR_TAMP2IE | 
 2639              		.loc 1 1859 5 discriminator 9 view .LVU900
 2640 00ce 4FF40015 		mov	r5, #2097152
 2641 00d2 CEE7     		b	.L161
 2642              	.L181:
1872:Drivers/STM32L4xx_HAL_Driver/Src/stm32l4xx_hal_rtc_ex.c ****                (RTC_TAMPCR_TAMP3E | RTC_TAMPCR_TAMP3TRG | RTC_TAMPCR_TAMPIE | RTC_TAMPCR_TAMP3IE | 
 2643              		.loc 1 1872 5 discriminator 9 view .LVU901
 2644 00d4 4FF08074 		mov	r4, #16777216
 2645 00d8 E2E7     		b	.L165
 2646              	.LVL166:
ARM GAS  /tmp/cc1jHbzH.s 			page 83


 2647              	.L166:
 2648              	.LCFI24:
 2649              		.cfi_def_cfa_offset 0
 2650              		.cfi_restore 4
 2651              		.cfi_restore 5
1836:Drivers/STM32L4xx_HAL_Driver/Src/stm32l4xx_hal_rtc_ex.c **** 
 2652              		.loc 1 1836 3 discriminator 1 view .LVU902
 2653 00da 0220     		movs	r0, #2
 2654              	.LVL167:
 2655              		.loc 1 1898 1 view .LVU903
 2656 00dc 7047     		bx	lr
 2657              		.cfi_endproc
 2658              	.LFE410:
 2660              		.section	.text.HAL_RTCEx_SetTamper_IT,"ax",%progbits
 2661              		.align	1
 2662              		.global	HAL_RTCEx_SetTamper_IT
 2663              		.syntax unified
 2664              		.thumb
 2665              		.thumb_func
 2667              	HAL_RTCEx_SetTamper_IT:
 2668              	.LVL168:
 2669              	.LFB411:
1899:Drivers/STM32L4xx_HAL_Driver/Src/stm32l4xx_hal_rtc_ex.c **** #endif /* #if defined(STM32L412xx) || defined(STM32L422xx) || defined (STM32L4P5xx) || defined (STM
1900:Drivers/STM32L4xx_HAL_Driver/Src/stm32l4xx_hal_rtc_ex.c **** 
1901:Drivers/STM32L4xx_HAL_Driver/Src/stm32l4xx_hal_rtc_ex.c **** 
1902:Drivers/STM32L4xx_HAL_Driver/Src/stm32l4xx_hal_rtc_ex.c **** 
1903:Drivers/STM32L4xx_HAL_Driver/Src/stm32l4xx_hal_rtc_ex.c **** #if defined(STM32L412xx) || defined(STM32L422xx) || defined (STM32L4P5xx) || defined (STM32L4Q5xx)
1904:Drivers/STM32L4xx_HAL_Driver/Src/stm32l4xx_hal_rtc_ex.c **** /**
1905:Drivers/STM32L4xx_HAL_Driver/Src/stm32l4xx_hal_rtc_ex.c ****   * @brief  Set Tamper with interrupt.
1906:Drivers/STM32L4xx_HAL_Driver/Src/stm32l4xx_hal_rtc_ex.c ****   * @param  hrtc RTC handle
1907:Drivers/STM32L4xx_HAL_Driver/Src/stm32l4xx_hal_rtc_ex.c ****   * @param  sTamper Pointer to Tamper Structure.
1908:Drivers/STM32L4xx_HAL_Driver/Src/stm32l4xx_hal_rtc_ex.c ****   * @retval HAL status
1909:Drivers/STM32L4xx_HAL_Driver/Src/stm32l4xx_hal_rtc_ex.c ****   */
1910:Drivers/STM32L4xx_HAL_Driver/Src/stm32l4xx_hal_rtc_ex.c **** HAL_StatusTypeDef HAL_RTCEx_SetTamper_IT(RTC_HandleTypeDef *hrtc, RTC_TamperTypeDef *sTamper)
1911:Drivers/STM32L4xx_HAL_Driver/Src/stm32l4xx_hal_rtc_ex.c **** {
1912:Drivers/STM32L4xx_HAL_Driver/Src/stm32l4xx_hal_rtc_ex.c ****   uint32_t tmpreg;
1913:Drivers/STM32L4xx_HAL_Driver/Src/stm32l4xx_hal_rtc_ex.c ****   /* Process TAMP instance pointer */
1914:Drivers/STM32L4xx_HAL_Driver/Src/stm32l4xx_hal_rtc_ex.c ****   TAMP_TypeDef *tamp = (TAMP_TypeDef *)((uint32_t)hrtc->Instance + hrtc->TampOffset);
1915:Drivers/STM32L4xx_HAL_Driver/Src/stm32l4xx_hal_rtc_ex.c **** 
1916:Drivers/STM32L4xx_HAL_Driver/Src/stm32l4xx_hal_rtc_ex.c ****   /* Check the parameters */
1917:Drivers/STM32L4xx_HAL_Driver/Src/stm32l4xx_hal_rtc_ex.c ****   assert_param(IS_RTC_TAMPER(sTamper->Tamper));
1918:Drivers/STM32L4xx_HAL_Driver/Src/stm32l4xx_hal_rtc_ex.c ****   assert_param(IS_RTC_TAMPER_TRIGGER(sTamper->Trigger));
1919:Drivers/STM32L4xx_HAL_Driver/Src/stm32l4xx_hal_rtc_ex.c ****   assert_param(IS_RTC_TAMPER_ERASE_MODE(sTamper->NoErase));
1920:Drivers/STM32L4xx_HAL_Driver/Src/stm32l4xx_hal_rtc_ex.c ****   assert_param(IS_RTC_TAMPER_MASKFLAG_STATE(sTamper->MaskFlag));
1921:Drivers/STM32L4xx_HAL_Driver/Src/stm32l4xx_hal_rtc_ex.c ****   assert_param(IS_RTC_TAMPER_FILTER(sTamper->Filter));
1922:Drivers/STM32L4xx_HAL_Driver/Src/stm32l4xx_hal_rtc_ex.c ****   assert_param(IS_RTC_TAMPER_SAMPLING_FREQ(sTamper->SamplingFrequency));
1923:Drivers/STM32L4xx_HAL_Driver/Src/stm32l4xx_hal_rtc_ex.c ****   assert_param(IS_RTC_TAMPER_PRECHARGE_DURATION(sTamper->PrechargeDuration));
1924:Drivers/STM32L4xx_HAL_Driver/Src/stm32l4xx_hal_rtc_ex.c ****   assert_param(IS_RTC_TAMPER_PULLUP_STATE(sTamper->TamperPullUp));
1925:Drivers/STM32L4xx_HAL_Driver/Src/stm32l4xx_hal_rtc_ex.c ****   assert_param(IS_RTC_TAMPER_TIMESTAMPONTAMPER_DETECTION(sTamper->TimeStampOnTamperDetection));
1926:Drivers/STM32L4xx_HAL_Driver/Src/stm32l4xx_hal_rtc_ex.c **** 
1927:Drivers/STM32L4xx_HAL_Driver/Src/stm32l4xx_hal_rtc_ex.c ****   /* Copy configuration register into temporary variable */
1928:Drivers/STM32L4xx_HAL_Driver/Src/stm32l4xx_hal_rtc_ex.c ****   tmpreg = tamp->CR2;
1929:Drivers/STM32L4xx_HAL_Driver/Src/stm32l4xx_hal_rtc_ex.c **** 
1930:Drivers/STM32L4xx_HAL_Driver/Src/stm32l4xx_hal_rtc_ex.c ****   /* Clear the bits that are going to be configured and leave the others unchanged */
1931:Drivers/STM32L4xx_HAL_Driver/Src/stm32l4xx_hal_rtc_ex.c ****   tmpreg &= ~((sTamper->Tamper << TAMP_CR2_TAMP1TRG_Pos) | (sTamper->Tamper << TAMP_CR2_TAMP1MSK_Po
1932:Drivers/STM32L4xx_HAL_Driver/Src/stm32l4xx_hal_rtc_ex.c **** 
1933:Drivers/STM32L4xx_HAL_Driver/Src/stm32l4xx_hal_rtc_ex.c ****   if ((sTamper->Trigger == RTC_TAMPERTRIGGER_HIGHLEVEL) || (sTamper->Trigger == RTC_TAMPERTRIGGER_F
ARM GAS  /tmp/cc1jHbzH.s 			page 84


1934:Drivers/STM32L4xx_HAL_Driver/Src/stm32l4xx_hal_rtc_ex.c ****   {
1935:Drivers/STM32L4xx_HAL_Driver/Src/stm32l4xx_hal_rtc_ex.c ****     tmpreg |= (sTamper->Tamper << TAMP_CR2_TAMP1TRG_Pos);
1936:Drivers/STM32L4xx_HAL_Driver/Src/stm32l4xx_hal_rtc_ex.c ****   }
1937:Drivers/STM32L4xx_HAL_Driver/Src/stm32l4xx_hal_rtc_ex.c **** 
1938:Drivers/STM32L4xx_HAL_Driver/Src/stm32l4xx_hal_rtc_ex.c ****   /* Configure the tamper flags masking bit */
1939:Drivers/STM32L4xx_HAL_Driver/Src/stm32l4xx_hal_rtc_ex.c ****   if (sTamper->MaskFlag != RTC_TAMPERMASK_FLAG_DISABLE)
1940:Drivers/STM32L4xx_HAL_Driver/Src/stm32l4xx_hal_rtc_ex.c ****   {
1941:Drivers/STM32L4xx_HAL_Driver/Src/stm32l4xx_hal_rtc_ex.c ****     tmpreg |= (sTamper->Tamper << TAMP_CR2_TAMP1MSK_Pos);
1942:Drivers/STM32L4xx_HAL_Driver/Src/stm32l4xx_hal_rtc_ex.c ****   }
1943:Drivers/STM32L4xx_HAL_Driver/Src/stm32l4xx_hal_rtc_ex.c **** 
1944:Drivers/STM32L4xx_HAL_Driver/Src/stm32l4xx_hal_rtc_ex.c ****   /* Configure the tamper backup registers erasure bit */
1945:Drivers/STM32L4xx_HAL_Driver/Src/stm32l4xx_hal_rtc_ex.c ****   if (sTamper->NoErase != RTC_TAMPER_ERASE_BACKUP_ENABLE)
1946:Drivers/STM32L4xx_HAL_Driver/Src/stm32l4xx_hal_rtc_ex.c ****   {
1947:Drivers/STM32L4xx_HAL_Driver/Src/stm32l4xx_hal_rtc_ex.c ****     tmpreg |= (sTamper->Tamper << TAMP_CR2_TAMP1NOERASE_Pos);
1948:Drivers/STM32L4xx_HAL_Driver/Src/stm32l4xx_hal_rtc_ex.c ****   }
1949:Drivers/STM32L4xx_HAL_Driver/Src/stm32l4xx_hal_rtc_ex.c ****   tamp->CR2 = tmpreg;
1950:Drivers/STM32L4xx_HAL_Driver/Src/stm32l4xx_hal_rtc_ex.c **** 
1951:Drivers/STM32L4xx_HAL_Driver/Src/stm32l4xx_hal_rtc_ex.c ****   /* Configure filtering parameters */
1952:Drivers/STM32L4xx_HAL_Driver/Src/stm32l4xx_hal_rtc_ex.c ****   tamp->FLTCR = (sTamper->Filter) | (sTamper->SamplingFrequency) | \
1953:Drivers/STM32L4xx_HAL_Driver/Src/stm32l4xx_hal_rtc_ex.c ****                 (sTamper->PrechargeDuration) | (sTamper->TamperPullUp);
1954:Drivers/STM32L4xx_HAL_Driver/Src/stm32l4xx_hal_rtc_ex.c **** 
1955:Drivers/STM32L4xx_HAL_Driver/Src/stm32l4xx_hal_rtc_ex.c ****   /* Configure Timestamp saving on tamper detection */
1956:Drivers/STM32L4xx_HAL_Driver/Src/stm32l4xx_hal_rtc_ex.c ****   if ((hrtc->Instance->CR & RTC_CR_TAMPTS) != (sTamper->TimeStampOnTamperDetection))
1957:Drivers/STM32L4xx_HAL_Driver/Src/stm32l4xx_hal_rtc_ex.c ****   {
1958:Drivers/STM32L4xx_HAL_Driver/Src/stm32l4xx_hal_rtc_ex.c ****     __HAL_RTC_WRITEPROTECTION_DISABLE(hrtc);
1959:Drivers/STM32L4xx_HAL_Driver/Src/stm32l4xx_hal_rtc_ex.c ****     tmpreg = (hrtc->Instance->CR & ~RTC_CR_TAMPTS);
1960:Drivers/STM32L4xx_HAL_Driver/Src/stm32l4xx_hal_rtc_ex.c ****     hrtc->Instance->CR = (tmpreg | (sTamper->TimeStampOnTamperDetection));
1961:Drivers/STM32L4xx_HAL_Driver/Src/stm32l4xx_hal_rtc_ex.c ****     __HAL_RTC_WRITEPROTECTION_ENABLE(hrtc);
1962:Drivers/STM32L4xx_HAL_Driver/Src/stm32l4xx_hal_rtc_ex.c ****   }
1963:Drivers/STM32L4xx_HAL_Driver/Src/stm32l4xx_hal_rtc_ex.c **** 
1964:Drivers/STM32L4xx_HAL_Driver/Src/stm32l4xx_hal_rtc_ex.c ****   /* Configure RTC Tamper Interrupt: EXTI configuration */
1965:Drivers/STM32L4xx_HAL_Driver/Src/stm32l4xx_hal_rtc_ex.c ****   __HAL_RTC_TAMPER_TIMESTAMP_EXTI_ENABLE_IT();
1966:Drivers/STM32L4xx_HAL_Driver/Src/stm32l4xx_hal_rtc_ex.c ****   __HAL_RTC_TAMPER_TIMESTAMP_EXTI_ENABLE_RISING_FALLING_EDGE();
1967:Drivers/STM32L4xx_HAL_Driver/Src/stm32l4xx_hal_rtc_ex.c **** 
1968:Drivers/STM32L4xx_HAL_Driver/Src/stm32l4xx_hal_rtc_ex.c ****   /* Enable interrupt on selected tamper */
1969:Drivers/STM32L4xx_HAL_Driver/Src/stm32l4xx_hal_rtc_ex.c ****   tamp->IER |= sTamper->Tamper;
1970:Drivers/STM32L4xx_HAL_Driver/Src/stm32l4xx_hal_rtc_ex.c **** 
1971:Drivers/STM32L4xx_HAL_Driver/Src/stm32l4xx_hal_rtc_ex.c ****   /* Enable selected tamper */
1972:Drivers/STM32L4xx_HAL_Driver/Src/stm32l4xx_hal_rtc_ex.c ****   tamp->CR1 |= sTamper->Tamper;
1973:Drivers/STM32L4xx_HAL_Driver/Src/stm32l4xx_hal_rtc_ex.c **** 
1974:Drivers/STM32L4xx_HAL_Driver/Src/stm32l4xx_hal_rtc_ex.c ****   return HAL_OK;
1975:Drivers/STM32L4xx_HAL_Driver/Src/stm32l4xx_hal_rtc_ex.c **** }
1976:Drivers/STM32L4xx_HAL_Driver/Src/stm32l4xx_hal_rtc_ex.c **** #else /* #if defined(STM32L412xx) || defined(STM32L422xx) || defined (STM32L4P5xx) || defined (STM3
1977:Drivers/STM32L4xx_HAL_Driver/Src/stm32l4xx_hal_rtc_ex.c **** 
1978:Drivers/STM32L4xx_HAL_Driver/Src/stm32l4xx_hal_rtc_ex.c **** /**
1979:Drivers/STM32L4xx_HAL_Driver/Src/stm32l4xx_hal_rtc_ex.c ****   * @brief  Set Tamper with interrupt.
1980:Drivers/STM32L4xx_HAL_Driver/Src/stm32l4xx_hal_rtc_ex.c ****    * @param  hrtc RTC handle
1981:Drivers/STM32L4xx_HAL_Driver/Src/stm32l4xx_hal_rtc_ex.c ****   * @param  sTamper Pointer to Tamper Structure.
1982:Drivers/STM32L4xx_HAL_Driver/Src/stm32l4xx_hal_rtc_ex.c ****   * @retval HAL status
1983:Drivers/STM32L4xx_HAL_Driver/Src/stm32l4xx_hal_rtc_ex.c ****   */
1984:Drivers/STM32L4xx_HAL_Driver/Src/stm32l4xx_hal_rtc_ex.c **** HAL_StatusTypeDef HAL_RTCEx_SetTamper_IT(RTC_HandleTypeDef *hrtc, RTC_TamperTypeDef *sTamper)
1985:Drivers/STM32L4xx_HAL_Driver/Src/stm32l4xx_hal_rtc_ex.c **** {
 2670              		.loc 1 1985 1 is_stmt 1 view -0
 2671              		.cfi_startproc
 2672              		@ args = 0, pretend = 0, frame = 0
 2673              		@ frame_needed = 0, uses_anonymous_args = 0
1986:Drivers/STM32L4xx_HAL_Driver/Src/stm32l4xx_hal_rtc_ex.c ****   uint32_t tmpreg;
ARM GAS  /tmp/cc1jHbzH.s 			page 85


 2674              		.loc 1 1986 3 view .LVU905
1987:Drivers/STM32L4xx_HAL_Driver/Src/stm32l4xx_hal_rtc_ex.c **** 
1988:Drivers/STM32L4xx_HAL_Driver/Src/stm32l4xx_hal_rtc_ex.c ****   /* Check the parameters */
1989:Drivers/STM32L4xx_HAL_Driver/Src/stm32l4xx_hal_rtc_ex.c ****   assert_param(IS_RTC_TAMPER(sTamper->Tamper));
 2675              		.loc 1 1989 3 view .LVU906
1990:Drivers/STM32L4xx_HAL_Driver/Src/stm32l4xx_hal_rtc_ex.c ****   assert_param(IS_RTC_TAMPER_INTERRUPT(sTamper->Interrupt));
 2676              		.loc 1 1990 3 view .LVU907
1991:Drivers/STM32L4xx_HAL_Driver/Src/stm32l4xx_hal_rtc_ex.c ****   assert_param(IS_RTC_TAMPER_TRIGGER(sTamper->Trigger));
 2677              		.loc 1 1991 3 view .LVU908
1992:Drivers/STM32L4xx_HAL_Driver/Src/stm32l4xx_hal_rtc_ex.c ****   assert_param(IS_RTC_TAMPER_ERASE_MODE(sTamper->NoErase));
 2678              		.loc 1 1992 3 view .LVU909
1993:Drivers/STM32L4xx_HAL_Driver/Src/stm32l4xx_hal_rtc_ex.c ****   assert_param(IS_RTC_TAMPER_MASKFLAG_STATE(sTamper->MaskFlag));
 2679              		.loc 1 1993 3 view .LVU910
1994:Drivers/STM32L4xx_HAL_Driver/Src/stm32l4xx_hal_rtc_ex.c ****   assert_param(IS_RTC_TAMPER_FILTER(sTamper->Filter));
 2680              		.loc 1 1994 3 view .LVU911
1995:Drivers/STM32L4xx_HAL_Driver/Src/stm32l4xx_hal_rtc_ex.c ****   assert_param(IS_RTC_TAMPER_SAMPLING_FREQ(sTamper->SamplingFrequency));
 2681              		.loc 1 1995 3 view .LVU912
1996:Drivers/STM32L4xx_HAL_Driver/Src/stm32l4xx_hal_rtc_ex.c ****   assert_param(IS_RTC_TAMPER_PRECHARGE_DURATION(sTamper->PrechargeDuration));
 2682              		.loc 1 1996 3 view .LVU913
1997:Drivers/STM32L4xx_HAL_Driver/Src/stm32l4xx_hal_rtc_ex.c ****   assert_param(IS_RTC_TAMPER_PULLUP_STATE(sTamper->TamperPullUp));
 2683              		.loc 1 1997 3 view .LVU914
1998:Drivers/STM32L4xx_HAL_Driver/Src/stm32l4xx_hal_rtc_ex.c ****   assert_param(IS_RTC_TAMPER_TIMESTAMPONTAMPER_DETECTION(sTamper->TimeStampOnTamperDetection));
 2684              		.loc 1 1998 3 view .LVU915
1999:Drivers/STM32L4xx_HAL_Driver/Src/stm32l4xx_hal_rtc_ex.c **** 
2000:Drivers/STM32L4xx_HAL_Driver/Src/stm32l4xx_hal_rtc_ex.c ****   /* Process Locked */
2001:Drivers/STM32L4xx_HAL_Driver/Src/stm32l4xx_hal_rtc_ex.c ****   __HAL_LOCK(hrtc);
 2685              		.loc 1 2001 3 view .LVU916
 2686              		.loc 1 2001 3 view .LVU917
 2687 0000 90F82030 		ldrb	r3, [r0, #32]	@ zero_extendqisi2
 2688 0004 012B     		cmp	r3, #1
 2689 0006 00F08180 		beq	.L196
1985:Drivers/STM32L4xx_HAL_Driver/Src/stm32l4xx_hal_rtc_ex.c ****   uint32_t tmpreg;
 2690              		.loc 1 1985 1 is_stmt 0 view .LVU918
 2691 000a 10B5     		push	{r4, lr}
 2692              	.LCFI25:
 2693              		.cfi_def_cfa_offset 8
 2694              		.cfi_offset 4, -8
 2695              		.cfi_offset 14, -4
 2696 000c 8446     		mov	ip, r0
 2697              		.loc 1 2001 3 is_stmt 1 discriminator 2 view .LVU919
 2698 000e 0123     		movs	r3, #1
 2699 0010 80F82030 		strb	r3, [r0, #32]
 2700              		.loc 1 2001 3 discriminator 2 view .LVU920
2002:Drivers/STM32L4xx_HAL_Driver/Src/stm32l4xx_hal_rtc_ex.c **** 
2003:Drivers/STM32L4xx_HAL_Driver/Src/stm32l4xx_hal_rtc_ex.c ****   hrtc->State = HAL_RTC_STATE_BUSY;
 2701              		.loc 1 2003 3 view .LVU921
 2702              		.loc 1 2003 15 is_stmt 0 view .LVU922
 2703 0014 0223     		movs	r3, #2
 2704 0016 80F82130 		strb	r3, [r0, #33]
2004:Drivers/STM32L4xx_HAL_Driver/Src/stm32l4xx_hal_rtc_ex.c **** 
2005:Drivers/STM32L4xx_HAL_Driver/Src/stm32l4xx_hal_rtc_ex.c ****   /* Read register */
2006:Drivers/STM32L4xx_HAL_Driver/Src/stm32l4xx_hal_rtc_ex.c ****   tmpreg = hrtc->Instance->TAMPCR;
 2705              		.loc 1 2006 3 is_stmt 1 view .LVU923
 2706              		.loc 1 2006 16 is_stmt 0 view .LVU924
 2707 001a 0068     		ldr	r0, [r0]
 2708              	.LVL169:
 2709              		.loc 1 2006 10 view .LVU925
ARM GAS  /tmp/cc1jHbzH.s 			page 86


 2710 001c 036C     		ldr	r3, [r0, #64]
 2711              	.LVL170:
2007:Drivers/STM32L4xx_HAL_Driver/Src/stm32l4xx_hal_rtc_ex.c **** 
2008:Drivers/STM32L4xx_HAL_Driver/Src/stm32l4xx_hal_rtc_ex.c **** #if defined(RTC_TAMPER1_SUPPORT)
2009:Drivers/STM32L4xx_HAL_Driver/Src/stm32l4xx_hal_rtc_ex.c ****   if ((sTamper->Tamper & RTC_TAMPER_1) != 0)
 2712              		.loc 1 2009 3 is_stmt 1 view .LVU926
 2713              		.loc 1 2009 15 is_stmt 0 view .LVU927
 2714 001e 0A68     		ldr	r2, [r1]
 2715              		.loc 1 2009 6 view .LVU928
 2716 0020 12F0010F 		tst	r2, #1
 2717 0024 18D0     		beq	.L184
2010:Drivers/STM32L4xx_HAL_Driver/Src/stm32l4xx_hal_rtc_ex.c ****   {
2011:Drivers/STM32L4xx_HAL_Driver/Src/stm32l4xx_hal_rtc_ex.c ****     MODIFY_REG(tmpreg,
 2718              		.loc 1 2011 5 is_stmt 1 view .LVU929
 2719 0026 23F00713 		bic	r3, r3, #458759
 2720              	.LVL171:
 2721              		.loc 1 2011 5 is_stmt 0 view .LVU930
 2722 002a 4C68     		ldr	r4, [r1, #4]
 2723 002c 42EA040E 		orr	lr, r2, r4
 2724 0030 8C68     		ldr	r4, [r1, #8]
 2725 0032 04B1     		cbz	r4, .L185
 2726              		.loc 1 2011 5 discriminator 2 view .LVU931
 2727 0034 0224     		movs	r4, #2
 2728              	.L185:
 2729              		.loc 1 2011 5 discriminator 4 view .LVU932
 2730 0036 4EEA040E 		orr	lr, lr, r4
 2731 003a CC68     		ldr	r4, [r1, #12]
 2732 003c 0CB1     		cbz	r4, .L186
 2733              		.loc 1 2011 5 discriminator 6 view .LVU933
 2734 003e 4FF40034 		mov	r4, #131072
 2735              	.L186:
 2736              		.loc 1 2011 5 discriminator 8 view .LVU934
 2737 0042 4EEA040E 		orr	lr, lr, r4
 2738 0046 0C69     		ldr	r4, [r1, #16]
 2739 0048 B4F5802F 		cmp	r4, #262144
 2740 004c 00D0     		beq	.L187
 2741              		.loc 1 2011 5 discriminator 10 view .LVU935
 2742 004e 0024     		movs	r4, #0
 2743              	.L187:
 2744              		.loc 1 2011 5 discriminator 12 view .LVU936
 2745 0050 4EEA040E 		orr	lr, lr, r4
 2746 0054 43EA0E03 		orr	r3, r3, lr
 2747              	.LVL172:
 2748              	.L184:
2012:Drivers/STM32L4xx_HAL_Driver/Src/stm32l4xx_hal_rtc_ex.c ****                (RTC_TAMPCR_TAMP1E | RTC_TAMPCR_TAMP1TRG | RTC_TAMPCR_TAMPIE | RTC_TAMPCR_TAMP1IE | 
2013:Drivers/STM32L4xx_HAL_Driver/Src/stm32l4xx_hal_rtc_ex.c ****                sTamper->Tamper | sTamper->Interrupt | \
2014:Drivers/STM32L4xx_HAL_Driver/Src/stm32l4xx_hal_rtc_ex.c ****                (sTamper->Trigger == RTC_TAMPERTRIGGER_RISINGEDGE ?  0U : RTC_TAMPCR_TAMP1TRG) | \
2015:Drivers/STM32L4xx_HAL_Driver/Src/stm32l4xx_hal_rtc_ex.c ****                (sTamper->NoErase == RTC_TAMPER_ERASE_BACKUP_ENABLE ? 0U : RTC_TAMPCR_TAMP1NOERASE) 
2016:Drivers/STM32L4xx_HAL_Driver/Src/stm32l4xx_hal_rtc_ex.c ****                (sTamper->MaskFlag == RTC_TAMPERMASK_FLAG_ENABLE ? RTC_TAMPCR_TAMP1MF : 0U) \
2017:Drivers/STM32L4xx_HAL_Driver/Src/stm32l4xx_hal_rtc_ex.c ****               );
2018:Drivers/STM32L4xx_HAL_Driver/Src/stm32l4xx_hal_rtc_ex.c ****   }
2019:Drivers/STM32L4xx_HAL_Driver/Src/stm32l4xx_hal_rtc_ex.c **** #endif /* RTC_TAMPER1_SUPPORT */
2020:Drivers/STM32L4xx_HAL_Driver/Src/stm32l4xx_hal_rtc_ex.c **** 
2021:Drivers/STM32L4xx_HAL_Driver/Src/stm32l4xx_hal_rtc_ex.c **** #if defined(RTC_TAMPER2_SUPPORT)
2022:Drivers/STM32L4xx_HAL_Driver/Src/stm32l4xx_hal_rtc_ex.c ****   if ((sTamper->Tamper & RTC_TAMPER_2) != 0)
 2749              		.loc 1 2022 3 is_stmt 1 view .LVU937
 2750              		.loc 1 2022 6 is_stmt 0 view .LVU938
ARM GAS  /tmp/cc1jHbzH.s 			page 87


 2751 0058 12F0080F 		tst	r2, #8
 2752 005c 1AD0     		beq	.L188
2023:Drivers/STM32L4xx_HAL_Driver/Src/stm32l4xx_hal_rtc_ex.c ****   {
2024:Drivers/STM32L4xx_HAL_Driver/Src/stm32l4xx_hal_rtc_ex.c ****     MODIFY_REG(tmpreg,
 2753              		.loc 1 2024 5 is_stmt 1 view .LVU939
 2754 005e 23F46013 		bic	r3, r3, #3670016
 2755              	.LVL173:
 2756              		.loc 1 2024 5 is_stmt 0 view .LVU940
 2757 0062 23F01C03 		bic	r3, r3, #28
 2758 0066 4C68     		ldr	r4, [r1, #4]
 2759 0068 42EA040E 		orr	lr, r2, r4
 2760 006c 8C68     		ldr	r4, [r1, #8]
 2761 006e 04B1     		cbz	r4, .L189
 2762              		.loc 1 2024 5 discriminator 2 view .LVU941
 2763 0070 1024     		movs	r4, #16
 2764              	.L189:
 2765              		.loc 1 2024 5 discriminator 4 view .LVU942
 2766 0072 4EEA040E 		orr	lr, lr, r4
 2767 0076 CC68     		ldr	r4, [r1, #12]
 2768 0078 0CB1     		cbz	r4, .L190
 2769              		.loc 1 2024 5 discriminator 6 view .LVU943
 2770 007a 4FF48014 		mov	r4, #1048576
 2771              	.L190:
 2772              		.loc 1 2024 5 discriminator 8 view .LVU944
 2773 007e 4EEA040E 		orr	lr, lr, r4
 2774 0082 0C69     		ldr	r4, [r1, #16]
 2775 0084 B4F5802F 		cmp	r4, #262144
 2776 0088 3AD0     		beq	.L210
 2777              		.loc 1 2024 5 discriminator 10 view .LVU945
 2778 008a 0024     		movs	r4, #0
 2779              	.L191:
 2780              		.loc 1 2024 5 discriminator 12 view .LVU946
 2781 008c 4EEA040E 		orr	lr, lr, r4
 2782 0090 43EA0E03 		orr	r3, r3, lr
 2783              	.LVL174:
 2784              	.L188:
2025:Drivers/STM32L4xx_HAL_Driver/Src/stm32l4xx_hal_rtc_ex.c ****                (RTC_TAMPCR_TAMP2E | RTC_TAMPCR_TAMP2TRG | RTC_TAMPCR_TAMPIE | RTC_TAMPCR_TAMP2IE | 
2026:Drivers/STM32L4xx_HAL_Driver/Src/stm32l4xx_hal_rtc_ex.c ****                sTamper->Tamper | sTamper->Interrupt | \
2027:Drivers/STM32L4xx_HAL_Driver/Src/stm32l4xx_hal_rtc_ex.c ****                (sTamper->Trigger == RTC_TAMPERTRIGGER_RISINGEDGE ?  0U : RTC_TAMPCR_TAMP2TRG) | \
2028:Drivers/STM32L4xx_HAL_Driver/Src/stm32l4xx_hal_rtc_ex.c ****                (sTamper->NoErase == RTC_TAMPER_ERASE_BACKUP_ENABLE ? 0U : RTC_TAMPCR_TAMP2NOERASE) 
2029:Drivers/STM32L4xx_HAL_Driver/Src/stm32l4xx_hal_rtc_ex.c ****                (sTamper->MaskFlag == RTC_TAMPERMASK_FLAG_ENABLE ? RTC_TAMPCR_TAMP2MF : 0U) \
2030:Drivers/STM32L4xx_HAL_Driver/Src/stm32l4xx_hal_rtc_ex.c ****               );
2031:Drivers/STM32L4xx_HAL_Driver/Src/stm32l4xx_hal_rtc_ex.c ****   }
2032:Drivers/STM32L4xx_HAL_Driver/Src/stm32l4xx_hal_rtc_ex.c **** #endif /* RTC_TAMPER2_SUPPORT */
2033:Drivers/STM32L4xx_HAL_Driver/Src/stm32l4xx_hal_rtc_ex.c **** 
2034:Drivers/STM32L4xx_HAL_Driver/Src/stm32l4xx_hal_rtc_ex.c **** #if defined(RTC_TAMPER3_SUPPORT)
2035:Drivers/STM32L4xx_HAL_Driver/Src/stm32l4xx_hal_rtc_ex.c ****   if ((sTamper->Tamper & RTC_TAMPER_3) != 0)
 2785              		.loc 1 2035 3 is_stmt 1 view .LVU947
 2786              		.loc 1 2035 6 is_stmt 0 view .LVU948
 2787 0094 12F0200F 		tst	r2, #32
 2788 0098 15D0     		beq	.L192
2036:Drivers/STM32L4xx_HAL_Driver/Src/stm32l4xx_hal_rtc_ex.c ****   {
2037:Drivers/STM32L4xx_HAL_Driver/Src/stm32l4xx_hal_rtc_ex.c ****     MODIFY_REG(tmpreg,
 2789              		.loc 1 2037 5 is_stmt 1 view .LVU949
 2790 009a 23F0E073 		bic	r3, r3, #29360128
 2791              	.LVL175:
 2792              		.loc 1 2037 5 is_stmt 0 view .LVU950
ARM GAS  /tmp/cc1jHbzH.s 			page 88


 2793 009e 23F06403 		bic	r3, r3, #100
 2794 00a2 4C68     		ldr	r4, [r1, #4]
 2795 00a4 2243     		orrs	r2, r2, r4
 2796 00a6 8C68     		ldr	r4, [r1, #8]
 2797 00a8 04B1     		cbz	r4, .L193
 2798              		.loc 1 2037 5 discriminator 2 view .LVU951
 2799 00aa 4024     		movs	r4, #64
 2800              	.L193:
 2801              		.loc 1 2037 5 discriminator 4 view .LVU952
 2802 00ac 2243     		orrs	r2, r2, r4
 2803 00ae CC68     		ldr	r4, [r1, #12]
 2804 00b0 0CB1     		cbz	r4, .L194
 2805              		.loc 1 2037 5 discriminator 6 view .LVU953
 2806 00b2 4FF40004 		mov	r4, #8388608
 2807              	.L194:
 2808              		.loc 1 2037 5 discriminator 8 view .LVU954
 2809 00b6 2243     		orrs	r2, r2, r4
 2810 00b8 0C69     		ldr	r4, [r1, #16]
 2811 00ba B4F5802F 		cmp	r4, #262144
 2812 00be 22D0     		beq	.L211
 2813              		.loc 1 2037 5 discriminator 10 view .LVU955
 2814 00c0 0024     		movs	r4, #0
 2815              	.L195:
 2816              		.loc 1 2037 5 discriminator 12 view .LVU956
 2817 00c2 2243     		orrs	r2, r2, r4
 2818 00c4 1343     		orrs	r3, r3, r2
 2819              	.LVL176:
 2820              	.L192:
2038:Drivers/STM32L4xx_HAL_Driver/Src/stm32l4xx_hal_rtc_ex.c ****                (RTC_TAMPCR_TAMP3E | RTC_TAMPCR_TAMP3TRG | RTC_TAMPCR_TAMPIE | RTC_TAMPCR_TAMP3IE | 
2039:Drivers/STM32L4xx_HAL_Driver/Src/stm32l4xx_hal_rtc_ex.c ****                sTamper->Tamper | sTamper->Interrupt | \
2040:Drivers/STM32L4xx_HAL_Driver/Src/stm32l4xx_hal_rtc_ex.c ****                (sTamper->Trigger == RTC_TAMPERTRIGGER_RISINGEDGE ?  0U : RTC_TAMPCR_TAMP3TRG) | \
2041:Drivers/STM32L4xx_HAL_Driver/Src/stm32l4xx_hal_rtc_ex.c ****                (sTamper->NoErase == RTC_TAMPER_ERASE_BACKUP_ENABLE ? 0U : RTC_TAMPCR_TAMP3NOERASE) 
2042:Drivers/STM32L4xx_HAL_Driver/Src/stm32l4xx_hal_rtc_ex.c ****                (sTamper->MaskFlag == RTC_TAMPERMASK_FLAG_ENABLE ? RTC_TAMPCR_TAMP3MF : 0U) \
2043:Drivers/STM32L4xx_HAL_Driver/Src/stm32l4xx_hal_rtc_ex.c ****               );
2044:Drivers/STM32L4xx_HAL_Driver/Src/stm32l4xx_hal_rtc_ex.c ****   }
2045:Drivers/STM32L4xx_HAL_Driver/Src/stm32l4xx_hal_rtc_ex.c **** #endif /* RTC_TAMPER3_SUPPORT */
2046:Drivers/STM32L4xx_HAL_Driver/Src/stm32l4xx_hal_rtc_ex.c **** 
2047:Drivers/STM32L4xx_HAL_Driver/Src/stm32l4xx_hal_rtc_ex.c ****   /* Update common parameters */
2048:Drivers/STM32L4xx_HAL_Driver/Src/stm32l4xx_hal_rtc_ex.c ****   MODIFY_REG(tmpreg,
 2821              		.loc 1 2048 3 is_stmt 1 view .LVU957
 2822 00c6 6FF3CF13 		bfc	r3, #7, #9
 2823              	.LVL177:
 2824              		.loc 1 2048 3 is_stmt 0 view .LVU958
 2825 00ca 4A69     		ldr	r2, [r1, #20]
 2826 00cc 8C69     		ldr	r4, [r1, #24]
 2827 00ce 2243     		orrs	r2, r2, r4
 2828 00d0 CC69     		ldr	r4, [r1, #28]
 2829 00d2 2243     		orrs	r2, r2, r4
 2830 00d4 0C6A     		ldr	r4, [r1, #32]
 2831 00d6 2243     		orrs	r2, r2, r4
 2832 00d8 496A     		ldr	r1, [r1, #36]
 2833              	.LVL178:
 2834              		.loc 1 2048 3 view .LVU959
 2835 00da 0A43     		orrs	r2, r2, r1
 2836 00dc 1343     		orrs	r3, r3, r2
 2837              	.LVL179:
2049:Drivers/STM32L4xx_HAL_Driver/Src/stm32l4xx_hal_rtc_ex.c ****              (RTC_TAMPCR_TAMPTS | RTC_TAMPCR_TAMPFREQ | RTC_TAMPCR_TAMPFLT | RTC_TAMPCR_TAMPPRCH | 
ARM GAS  /tmp/cc1jHbzH.s 			page 89


2050:Drivers/STM32L4xx_HAL_Driver/Src/stm32l4xx_hal_rtc_ex.c ****              sTamper->Filter | sTamper->SamplingFrequency | sTamper->PrechargeDuration | sTamper->T
2051:Drivers/STM32L4xx_HAL_Driver/Src/stm32l4xx_hal_rtc_ex.c ****              sTamper->TimeStampOnTamperDetection \
2052:Drivers/STM32L4xx_HAL_Driver/Src/stm32l4xx_hal_rtc_ex.c ****             );
2053:Drivers/STM32L4xx_HAL_Driver/Src/stm32l4xx_hal_rtc_ex.c **** 
2054:Drivers/STM32L4xx_HAL_Driver/Src/stm32l4xx_hal_rtc_ex.c ****   /* Set register */
2055:Drivers/STM32L4xx_HAL_Driver/Src/stm32l4xx_hal_rtc_ex.c ****   WRITE_REG(hrtc->Instance->TAMPCR, tmpreg);
 2838              		.loc 1 2055 3 is_stmt 1 view .LVU960
 2839 00de 0364     		str	r3, [r0, #64]
2056:Drivers/STM32L4xx_HAL_Driver/Src/stm32l4xx_hal_rtc_ex.c **** 
2057:Drivers/STM32L4xx_HAL_Driver/Src/stm32l4xx_hal_rtc_ex.c ****   /* RTC Tamper Interrupt Configuration: EXTI configuration */
2058:Drivers/STM32L4xx_HAL_Driver/Src/stm32l4xx_hal_rtc_ex.c ****   __HAL_RTC_TAMPER_TIMESTAMP_EXTI_ENABLE_IT();
 2840              		.loc 1 2058 3 view .LVU961
 2841 00e0 0B4B     		ldr	r3, .L212
 2842              	.LVL180:
 2843              		.loc 1 2058 3 is_stmt 0 view .LVU962
 2844 00e2 1A68     		ldr	r2, [r3]
 2845 00e4 42F40022 		orr	r2, r2, #524288
 2846 00e8 1A60     		str	r2, [r3]
 2847              	.LVL181:
2059:Drivers/STM32L4xx_HAL_Driver/Src/stm32l4xx_hal_rtc_ex.c ****   __HAL_RTC_TAMPER_TIMESTAMP_EXTI_ENABLE_RISING_EDGE();
 2848              		.loc 1 2059 3 is_stmt 1 view .LVU963
 2849 00ea 9A68     		ldr	r2, [r3, #8]
 2850 00ec 42F40022 		orr	r2, r2, #524288
 2851 00f0 9A60     		str	r2, [r3, #8]
2060:Drivers/STM32L4xx_HAL_Driver/Src/stm32l4xx_hal_rtc_ex.c **** 
2061:Drivers/STM32L4xx_HAL_Driver/Src/stm32l4xx_hal_rtc_ex.c ****   hrtc->State = HAL_RTC_STATE_READY;
 2852              		.loc 1 2061 3 view .LVU964
 2853              		.loc 1 2061 15 is_stmt 0 view .LVU965
 2854 00f2 0123     		movs	r3, #1
 2855 00f4 8CF82130 		strb	r3, [ip, #33]
2062:Drivers/STM32L4xx_HAL_Driver/Src/stm32l4xx_hal_rtc_ex.c **** 
2063:Drivers/STM32L4xx_HAL_Driver/Src/stm32l4xx_hal_rtc_ex.c ****   /* Process Unlocked */
2064:Drivers/STM32L4xx_HAL_Driver/Src/stm32l4xx_hal_rtc_ex.c ****   __HAL_UNLOCK(hrtc);
 2856              		.loc 1 2064 3 is_stmt 1 view .LVU966
 2857              		.loc 1 2064 3 view .LVU967
 2858 00f8 0020     		movs	r0, #0
 2859 00fa 8CF82000 		strb	r0, [ip, #32]
 2860              		.loc 1 2064 3 view .LVU968
2065:Drivers/STM32L4xx_HAL_Driver/Src/stm32l4xx_hal_rtc_ex.c **** 
2066:Drivers/STM32L4xx_HAL_Driver/Src/stm32l4xx_hal_rtc_ex.c ****   return HAL_OK;
 2861              		.loc 1 2066 3 view .LVU969
2067:Drivers/STM32L4xx_HAL_Driver/Src/stm32l4xx_hal_rtc_ex.c **** }
 2862              		.loc 1 2067 1 is_stmt 0 view .LVU970
 2863 00fe 10BD     		pop	{r4, pc}
 2864              	.LVL182:
 2865              	.L210:
2024:Drivers/STM32L4xx_HAL_Driver/Src/stm32l4xx_hal_rtc_ex.c ****                (RTC_TAMPCR_TAMP2E | RTC_TAMPCR_TAMP2TRG | RTC_TAMPCR_TAMPIE | RTC_TAMPCR_TAMP2IE | 
 2866              		.loc 1 2024 5 discriminator 9 view .LVU971
 2867 0100 4FF40014 		mov	r4, #2097152
 2868 0104 C2E7     		b	.L191
 2869              	.L211:
2037:Drivers/STM32L4xx_HAL_Driver/Src/stm32l4xx_hal_rtc_ex.c ****                (RTC_TAMPCR_TAMP3E | RTC_TAMPCR_TAMP3TRG | RTC_TAMPCR_TAMPIE | RTC_TAMPCR_TAMP3IE | 
 2870              		.loc 1 2037 5 discriminator 9 view .LVU972
 2871 0106 4FF08074 		mov	r4, #16777216
 2872 010a DAE7     		b	.L195
 2873              	.LVL183:
 2874              	.L196:
ARM GAS  /tmp/cc1jHbzH.s 			page 90


 2875              	.LCFI26:
 2876              		.cfi_def_cfa_offset 0
 2877              		.cfi_restore 4
 2878              		.cfi_restore 14
2001:Drivers/STM32L4xx_HAL_Driver/Src/stm32l4xx_hal_rtc_ex.c **** 
 2879              		.loc 1 2001 3 discriminator 1 view .LVU973
 2880 010c 0220     		movs	r0, #2
 2881              	.LVL184:
 2882              		.loc 1 2067 1 view .LVU974
 2883 010e 7047     		bx	lr
 2884              	.L213:
 2885              		.align	2
 2886              	.L212:
 2887 0110 00040140 		.word	1073808384
 2888              		.cfi_endproc
 2889              	.LFE411:
 2891              		.section	.text.HAL_RTCEx_DeactivateTamper,"ax",%progbits
 2892              		.align	1
 2893              		.global	HAL_RTCEx_DeactivateTamper
 2894              		.syntax unified
 2895              		.thumb
 2896              		.thumb_func
 2898              	HAL_RTCEx_DeactivateTamper:
 2899              	.LVL185:
 2900              	.LFB412:
2068:Drivers/STM32L4xx_HAL_Driver/Src/stm32l4xx_hal_rtc_ex.c **** #endif /* #if defined(STM32L412xx) || defined(STM32L422xx) || defined (STM32L4P5xx) || defined (STM
2069:Drivers/STM32L4xx_HAL_Driver/Src/stm32l4xx_hal_rtc_ex.c **** 
2070:Drivers/STM32L4xx_HAL_Driver/Src/stm32l4xx_hal_rtc_ex.c **** 
2071:Drivers/STM32L4xx_HAL_Driver/Src/stm32l4xx_hal_rtc_ex.c **** #if defined(STM32L412xx) || defined(STM32L422xx) || defined (STM32L4P5xx) || defined (STM32L4Q5xx)
2072:Drivers/STM32L4xx_HAL_Driver/Src/stm32l4xx_hal_rtc_ex.c **** /**
2073:Drivers/STM32L4xx_HAL_Driver/Src/stm32l4xx_hal_rtc_ex.c ****   * @brief  Deactivate Tamper.
2074:Drivers/STM32L4xx_HAL_Driver/Src/stm32l4xx_hal_rtc_ex.c ****   * @param  hrtc RTC handle
2075:Drivers/STM32L4xx_HAL_Driver/Src/stm32l4xx_hal_rtc_ex.c ****   * @param  Tamper Selected tamper pin.
2076:Drivers/STM32L4xx_HAL_Driver/Src/stm32l4xx_hal_rtc_ex.c ****   *         This parameter can be a combination of the following values:
2077:Drivers/STM32L4xx_HAL_Driver/Src/stm32l4xx_hal_rtc_ex.c ****   *         @arg RTC_TAMPER_1
2078:Drivers/STM32L4xx_HAL_Driver/Src/stm32l4xx_hal_rtc_ex.c ****   *         @arg RTC_TAMPER_2
2079:Drivers/STM32L4xx_HAL_Driver/Src/stm32l4xx_hal_rtc_ex.c ****   * @retval HAL status
2080:Drivers/STM32L4xx_HAL_Driver/Src/stm32l4xx_hal_rtc_ex.c ****   */
2081:Drivers/STM32L4xx_HAL_Driver/Src/stm32l4xx_hal_rtc_ex.c **** HAL_StatusTypeDef HAL_RTCEx_DeactivateTamper(RTC_HandleTypeDef *hrtc, uint32_t Tamper)
2082:Drivers/STM32L4xx_HAL_Driver/Src/stm32l4xx_hal_rtc_ex.c **** {
2083:Drivers/STM32L4xx_HAL_Driver/Src/stm32l4xx_hal_rtc_ex.c ****   /* Process TAMP instance pointer */
2084:Drivers/STM32L4xx_HAL_Driver/Src/stm32l4xx_hal_rtc_ex.c ****   TAMP_TypeDef *tamp = (TAMP_TypeDef *)((uint32_t)hrtc->Instance + hrtc->TampOffset);
2085:Drivers/STM32L4xx_HAL_Driver/Src/stm32l4xx_hal_rtc_ex.c **** 
2086:Drivers/STM32L4xx_HAL_Driver/Src/stm32l4xx_hal_rtc_ex.c ****   assert_param(IS_RTC_TAMPER(Tamper));
2087:Drivers/STM32L4xx_HAL_Driver/Src/stm32l4xx_hal_rtc_ex.c **** 
2088:Drivers/STM32L4xx_HAL_Driver/Src/stm32l4xx_hal_rtc_ex.c ****   /* Disable the selected Tamper pin */
2089:Drivers/STM32L4xx_HAL_Driver/Src/stm32l4xx_hal_rtc_ex.c ****   tamp->CR1 &= ~Tamper;
2090:Drivers/STM32L4xx_HAL_Driver/Src/stm32l4xx_hal_rtc_ex.c **** 
2091:Drivers/STM32L4xx_HAL_Driver/Src/stm32l4xx_hal_rtc_ex.c ****   /* Clear tamper mask/noerase/trigger configuration */
2092:Drivers/STM32L4xx_HAL_Driver/Src/stm32l4xx_hal_rtc_ex.c ****   tamp->CR2 &= ~((Tamper << 24) | (Tamper << 16) | Tamper);
2093:Drivers/STM32L4xx_HAL_Driver/Src/stm32l4xx_hal_rtc_ex.c **** 
2094:Drivers/STM32L4xx_HAL_Driver/Src/stm32l4xx_hal_rtc_ex.c ****   /* Clear tamper interrupt mode configuration */
2095:Drivers/STM32L4xx_HAL_Driver/Src/stm32l4xx_hal_rtc_ex.c ****   tamp->IER &= ~Tamper;
2096:Drivers/STM32L4xx_HAL_Driver/Src/stm32l4xx_hal_rtc_ex.c **** 
2097:Drivers/STM32L4xx_HAL_Driver/Src/stm32l4xx_hal_rtc_ex.c ****   /* Clear tamper interrupt and event flags (WO register) */
2098:Drivers/STM32L4xx_HAL_Driver/Src/stm32l4xx_hal_rtc_ex.c ****   tamp->SCR = Tamper;
2099:Drivers/STM32L4xx_HAL_Driver/Src/stm32l4xx_hal_rtc_ex.c **** 
ARM GAS  /tmp/cc1jHbzH.s 			page 91


2100:Drivers/STM32L4xx_HAL_Driver/Src/stm32l4xx_hal_rtc_ex.c ****   return HAL_OK;
2101:Drivers/STM32L4xx_HAL_Driver/Src/stm32l4xx_hal_rtc_ex.c **** }
2102:Drivers/STM32L4xx_HAL_Driver/Src/stm32l4xx_hal_rtc_ex.c **** #else /* #if defined(STM32L412xx) || defined(STM32L422xx) || defined (STM32L4P5xx) || defined (STM3
2103:Drivers/STM32L4xx_HAL_Driver/Src/stm32l4xx_hal_rtc_ex.c **** /**
2104:Drivers/STM32L4xx_HAL_Driver/Src/stm32l4xx_hal_rtc_ex.c ****   * @brief  Deactivate Tamper.
2105:Drivers/STM32L4xx_HAL_Driver/Src/stm32l4xx_hal_rtc_ex.c ****   * @param  hrtc RTC handle
2106:Drivers/STM32L4xx_HAL_Driver/Src/stm32l4xx_hal_rtc_ex.c ****   * @param  Tamper Selected tamper pin.
2107:Drivers/STM32L4xx_HAL_Driver/Src/stm32l4xx_hal_rtc_ex.c ****   *         This parameter can be any combination of the following values:
2108:Drivers/STM32L4xx_HAL_Driver/Src/stm32l4xx_hal_rtc_ex.c ****   *         @arg RTC_TAMPER_1
2109:Drivers/STM32L4xx_HAL_Driver/Src/stm32l4xx_hal_rtc_ex.c ****   *         @arg RTC_TAMPER_2
2110:Drivers/STM32L4xx_HAL_Driver/Src/stm32l4xx_hal_rtc_ex.c ****   *         @arg RTC_TAMPER_3
2111:Drivers/STM32L4xx_HAL_Driver/Src/stm32l4xx_hal_rtc_ex.c ****   * @retval HAL status
2112:Drivers/STM32L4xx_HAL_Driver/Src/stm32l4xx_hal_rtc_ex.c ****   */
2113:Drivers/STM32L4xx_HAL_Driver/Src/stm32l4xx_hal_rtc_ex.c **** HAL_StatusTypeDef HAL_RTCEx_DeactivateTamper(RTC_HandleTypeDef *hrtc, uint32_t Tamper)
2114:Drivers/STM32L4xx_HAL_Driver/Src/stm32l4xx_hal_rtc_ex.c **** {
 2901              		.loc 1 2114 1 is_stmt 1 view -0
 2902              		.cfi_startproc
 2903              		@ args = 0, pretend = 0, frame = 0
 2904              		@ frame_needed = 0, uses_anonymous_args = 0
 2905              		@ link register save eliminated.
 2906              		.loc 1 2114 1 is_stmt 0 view .LVU976
 2907 0000 0346     		mov	r3, r0
2115:Drivers/STM32L4xx_HAL_Driver/Src/stm32l4xx_hal_rtc_ex.c ****   assert_param(IS_RTC_TAMPER(Tamper));
 2908              		.loc 1 2115 3 is_stmt 1 view .LVU977
2116:Drivers/STM32L4xx_HAL_Driver/Src/stm32l4xx_hal_rtc_ex.c **** 
2117:Drivers/STM32L4xx_HAL_Driver/Src/stm32l4xx_hal_rtc_ex.c ****   /* Process Locked */
2118:Drivers/STM32L4xx_HAL_Driver/Src/stm32l4xx_hal_rtc_ex.c ****   __HAL_LOCK(hrtc);
 2909              		.loc 1 2118 3 view .LVU978
 2910              		.loc 1 2118 3 view .LVU979
 2911 0002 90F82020 		ldrb	r2, [r0, #32]	@ zero_extendqisi2
 2912 0006 012A     		cmp	r2, #1
 2913 0008 2FD0     		beq	.L219
 2914              		.loc 1 2118 3 discriminator 2 view .LVU980
 2915 000a 0122     		movs	r2, #1
 2916 000c 80F82020 		strb	r2, [r0, #32]
 2917              		.loc 1 2118 3 discriminator 2 view .LVU981
2119:Drivers/STM32L4xx_HAL_Driver/Src/stm32l4xx_hal_rtc_ex.c **** 
2120:Drivers/STM32L4xx_HAL_Driver/Src/stm32l4xx_hal_rtc_ex.c ****   hrtc->State = HAL_RTC_STATE_BUSY;
 2918              		.loc 1 2120 3 view .LVU982
 2919              		.loc 1 2120 15 is_stmt 0 view .LVU983
 2920 0010 0222     		movs	r2, #2
 2921 0012 80F82120 		strb	r2, [r0, #33]
2121:Drivers/STM32L4xx_HAL_Driver/Src/stm32l4xx_hal_rtc_ex.c **** 
2122:Drivers/STM32L4xx_HAL_Driver/Src/stm32l4xx_hal_rtc_ex.c ****   /* Disable the selected Tamper pin */
2123:Drivers/STM32L4xx_HAL_Driver/Src/stm32l4xx_hal_rtc_ex.c ****   hrtc->Instance->TAMPCR &= ~Tamper;
 2922              		.loc 1 2123 3 is_stmt 1 view .LVU984
 2923              		.loc 1 2123 7 is_stmt 0 view .LVU985
 2924 0016 0068     		ldr	r0, [r0]
 2925              	.LVL186:
 2926              		.loc 1 2123 17 view .LVU986
 2927 0018 026C     		ldr	r2, [r0, #64]
 2928              		.loc 1 2123 26 view .LVU987
 2929 001a 22EA0102 		bic	r2, r2, r1
 2930 001e 0264     		str	r2, [r0, #64]
2124:Drivers/STM32L4xx_HAL_Driver/Src/stm32l4xx_hal_rtc_ex.c **** 
2125:Drivers/STM32L4xx_HAL_Driver/Src/stm32l4xx_hal_rtc_ex.c **** #if defined(RTC_TAMPER1_SUPPORT)
2126:Drivers/STM32L4xx_HAL_Driver/Src/stm32l4xx_hal_rtc_ex.c ****   if ((Tamper & RTC_TAMPER_1) != 0U)
ARM GAS  /tmp/cc1jHbzH.s 			page 92


 2931              		.loc 1 2126 3 is_stmt 1 view .LVU988
 2932              		.loc 1 2126 6 is_stmt 0 view .LVU989
 2933 0020 11F0010F 		tst	r1, #1
 2934 0024 06D0     		beq	.L216
2127:Drivers/STM32L4xx_HAL_Driver/Src/stm32l4xx_hal_rtc_ex.c ****   {
2128:Drivers/STM32L4xx_HAL_Driver/Src/stm32l4xx_hal_rtc_ex.c ****     /* Disable the Tamper1 interrupt */
2129:Drivers/STM32L4xx_HAL_Driver/Src/stm32l4xx_hal_rtc_ex.c ****     hrtc->Instance->TAMPCR &= ((uint32_t)~(RTC_IT_TAMP | RTC_IT_TAMP1));
 2935              		.loc 1 2129 5 is_stmt 1 view .LVU990
 2936              		.loc 1 2129 9 is_stmt 0 view .LVU991
 2937 0026 1868     		ldr	r0, [r3]
 2938              		.loc 1 2129 19 view .LVU992
 2939 0028 026C     		ldr	r2, [r0, #64]
 2940              		.loc 1 2129 28 view .LVU993
 2941 002a 22F48032 		bic	r2, r2, #65536
 2942 002e 22F00402 		bic	r2, r2, #4
 2943 0032 0264     		str	r2, [r0, #64]
 2944              	.L216:
2130:Drivers/STM32L4xx_HAL_Driver/Src/stm32l4xx_hal_rtc_ex.c ****   }
2131:Drivers/STM32L4xx_HAL_Driver/Src/stm32l4xx_hal_rtc_ex.c **** #endif /* RTC_TAMPER1_SUPPORT */
2132:Drivers/STM32L4xx_HAL_Driver/Src/stm32l4xx_hal_rtc_ex.c ****   if ((Tamper & RTC_TAMPER_2) != 0U)
 2945              		.loc 1 2132 3 is_stmt 1 view .LVU994
 2946              		.loc 1 2132 6 is_stmt 0 view .LVU995
 2947 0034 11F0080F 		tst	r1, #8
 2948 0038 06D0     		beq	.L217
2133:Drivers/STM32L4xx_HAL_Driver/Src/stm32l4xx_hal_rtc_ex.c ****   {
2134:Drivers/STM32L4xx_HAL_Driver/Src/stm32l4xx_hal_rtc_ex.c ****     /* Disable the Tamper2 interrupt */
2135:Drivers/STM32L4xx_HAL_Driver/Src/stm32l4xx_hal_rtc_ex.c ****     hrtc->Instance->TAMPCR &= ((uint32_t)~(RTC_IT_TAMP | RTC_IT_TAMP2));
 2949              		.loc 1 2135 5 is_stmt 1 view .LVU996
 2950              		.loc 1 2135 9 is_stmt 0 view .LVU997
 2951 003a 1868     		ldr	r0, [r3]
 2952              		.loc 1 2135 19 view .LVU998
 2953 003c 026C     		ldr	r2, [r0, #64]
 2954              		.loc 1 2135 28 view .LVU999
 2955 003e 22F40022 		bic	r2, r2, #524288
 2956 0042 22F00402 		bic	r2, r2, #4
 2957 0046 0264     		str	r2, [r0, #64]
 2958              	.L217:
2136:Drivers/STM32L4xx_HAL_Driver/Src/stm32l4xx_hal_rtc_ex.c ****   }
2137:Drivers/STM32L4xx_HAL_Driver/Src/stm32l4xx_hal_rtc_ex.c **** #if defined(RTC_TAMPER3_SUPPORT)
2138:Drivers/STM32L4xx_HAL_Driver/Src/stm32l4xx_hal_rtc_ex.c ****   if ((Tamper & RTC_TAMPER_3) != 0U)
 2959              		.loc 1 2138 3 is_stmt 1 view .LVU1000
 2960              		.loc 1 2138 6 is_stmt 0 view .LVU1001
 2961 0048 11F0200F 		tst	r1, #32
 2962 004c 06D0     		beq	.L218
2139:Drivers/STM32L4xx_HAL_Driver/Src/stm32l4xx_hal_rtc_ex.c ****   {
2140:Drivers/STM32L4xx_HAL_Driver/Src/stm32l4xx_hal_rtc_ex.c ****     /* Disable the Tamper3 interrupt */
2141:Drivers/STM32L4xx_HAL_Driver/Src/stm32l4xx_hal_rtc_ex.c ****     hrtc->Instance->TAMPCR &= ((uint32_t)~(RTC_IT_TAMP | RTC_IT_TAMP3));
 2963              		.loc 1 2141 5 is_stmt 1 view .LVU1002
 2964              		.loc 1 2141 9 is_stmt 0 view .LVU1003
 2965 004e 1968     		ldr	r1, [r3]
 2966              	.LVL187:
 2967              		.loc 1 2141 19 view .LVU1004
 2968 0050 0A6C     		ldr	r2, [r1, #64]
 2969              		.loc 1 2141 28 view .LVU1005
 2970 0052 22F48002 		bic	r2, r2, #4194304
 2971 0056 22F00402 		bic	r2, r2, #4
 2972 005a 0A64     		str	r2, [r1, #64]
ARM GAS  /tmp/cc1jHbzH.s 			page 93


 2973              	.L218:
2142:Drivers/STM32L4xx_HAL_Driver/Src/stm32l4xx_hal_rtc_ex.c ****   }
2143:Drivers/STM32L4xx_HAL_Driver/Src/stm32l4xx_hal_rtc_ex.c **** #endif /* RTC_TAMPER3_SUPPORT */
2144:Drivers/STM32L4xx_HAL_Driver/Src/stm32l4xx_hal_rtc_ex.c **** 
2145:Drivers/STM32L4xx_HAL_Driver/Src/stm32l4xx_hal_rtc_ex.c ****   hrtc->State = HAL_RTC_STATE_READY;
 2974              		.loc 1 2145 3 is_stmt 1 view .LVU1006
 2975              		.loc 1 2145 15 is_stmt 0 view .LVU1007
 2976 005c 0122     		movs	r2, #1
 2977 005e 83F82120 		strb	r2, [r3, #33]
2146:Drivers/STM32L4xx_HAL_Driver/Src/stm32l4xx_hal_rtc_ex.c **** 
2147:Drivers/STM32L4xx_HAL_Driver/Src/stm32l4xx_hal_rtc_ex.c ****   /* Process Unlocked */
2148:Drivers/STM32L4xx_HAL_Driver/Src/stm32l4xx_hal_rtc_ex.c ****   __HAL_UNLOCK(hrtc);
 2978              		.loc 1 2148 3 is_stmt 1 view .LVU1008
 2979              		.loc 1 2148 3 view .LVU1009
 2980 0062 0020     		movs	r0, #0
 2981 0064 83F82000 		strb	r0, [r3, #32]
 2982              		.loc 1 2148 3 view .LVU1010
2149:Drivers/STM32L4xx_HAL_Driver/Src/stm32l4xx_hal_rtc_ex.c **** 
2150:Drivers/STM32L4xx_HAL_Driver/Src/stm32l4xx_hal_rtc_ex.c ****   return HAL_OK;
 2983              		.loc 1 2150 3 view .LVU1011
 2984              		.loc 1 2150 10 is_stmt 0 view .LVU1012
 2985 0068 7047     		bx	lr
 2986              	.LVL188:
 2987              	.L219:
2118:Drivers/STM32L4xx_HAL_Driver/Src/stm32l4xx_hal_rtc_ex.c **** 
 2988              		.loc 1 2118 3 discriminator 1 view .LVU1013
 2989 006a 0220     		movs	r0, #2
 2990              	.LVL189:
2151:Drivers/STM32L4xx_HAL_Driver/Src/stm32l4xx_hal_rtc_ex.c **** }
 2991              		.loc 1 2151 1 view .LVU1014
 2992 006c 7047     		bx	lr
 2993              		.cfi_endproc
 2994              	.LFE412:
 2996              		.section	.text.HAL_RTCEx_PollForTamper1Event,"ax",%progbits
 2997              		.align	1
 2998              		.global	HAL_RTCEx_PollForTamper1Event
 2999              		.syntax unified
 3000              		.thumb
 3001              		.thumb_func
 3003              	HAL_RTCEx_PollForTamper1Event:
 3004              	.LVL190:
 3005              	.LFB413:
2152:Drivers/STM32L4xx_HAL_Driver/Src/stm32l4xx_hal_rtc_ex.c **** #endif /* #if defined(STM32L412xx) || defined(STM32L422xx) || defined (STM32L4P5xx) || defined (STM
2153:Drivers/STM32L4xx_HAL_Driver/Src/stm32l4xx_hal_rtc_ex.c **** 
2154:Drivers/STM32L4xx_HAL_Driver/Src/stm32l4xx_hal_rtc_ex.c **** 
2155:Drivers/STM32L4xx_HAL_Driver/Src/stm32l4xx_hal_rtc_ex.c **** #if defined(RTC_TAMPER1_SUPPORT)
2156:Drivers/STM32L4xx_HAL_Driver/Src/stm32l4xx_hal_rtc_ex.c **** /**
2157:Drivers/STM32L4xx_HAL_Driver/Src/stm32l4xx_hal_rtc_ex.c ****   * @brief  Handle Tamper 1 Polling.
2158:Drivers/STM32L4xx_HAL_Driver/Src/stm32l4xx_hal_rtc_ex.c ****   * @param  hrtc RTC handle
2159:Drivers/STM32L4xx_HAL_Driver/Src/stm32l4xx_hal_rtc_ex.c ****   * @param  Timeout Timeout duration
2160:Drivers/STM32L4xx_HAL_Driver/Src/stm32l4xx_hal_rtc_ex.c ****   * @retval HAL status
2161:Drivers/STM32L4xx_HAL_Driver/Src/stm32l4xx_hal_rtc_ex.c ****   */
2162:Drivers/STM32L4xx_HAL_Driver/Src/stm32l4xx_hal_rtc_ex.c **** HAL_StatusTypeDef HAL_RTCEx_PollForTamper1Event(RTC_HandleTypeDef *hrtc, uint32_t Timeout)
2163:Drivers/STM32L4xx_HAL_Driver/Src/stm32l4xx_hal_rtc_ex.c **** {
 3006              		.loc 1 2163 1 is_stmt 1 view -0
 3007              		.cfi_startproc
 3008              		@ args = 0, pretend = 0, frame = 0
ARM GAS  /tmp/cc1jHbzH.s 			page 94


 3009              		@ frame_needed = 0, uses_anonymous_args = 0
 3010              		.loc 1 2163 1 is_stmt 0 view .LVU1016
 3011 0000 70B5     		push	{r4, r5, r6, lr}
 3012              	.LCFI27:
 3013              		.cfi_def_cfa_offset 16
 3014              		.cfi_offset 4, -16
 3015              		.cfi_offset 5, -12
 3016              		.cfi_offset 6, -8
 3017              		.cfi_offset 14, -4
 3018 0002 0446     		mov	r4, r0
 3019 0004 0D46     		mov	r5, r1
2164:Drivers/STM32L4xx_HAL_Driver/Src/stm32l4xx_hal_rtc_ex.c ****   uint32_t tickstart = HAL_GetTick();
 3020              		.loc 1 2164 3 is_stmt 1 view .LVU1017
 3021              		.loc 1 2164 24 is_stmt 0 view .LVU1018
 3022 0006 FFF7FEFF 		bl	HAL_GetTick
 3023              	.LVL191:
 3024              		.loc 1 2164 24 view .LVU1019
 3025 000a 0646     		mov	r6, r0
 3026              	.LVL192:
2165:Drivers/STM32L4xx_HAL_Driver/Src/stm32l4xx_hal_rtc_ex.c **** 
2166:Drivers/STM32L4xx_HAL_Driver/Src/stm32l4xx_hal_rtc_ex.c ****   /* Get the status of the Interrupt */
2167:Drivers/STM32L4xx_HAL_Driver/Src/stm32l4xx_hal_rtc_ex.c ****   while (__HAL_RTC_TAMPER_GET_FLAG(hrtc, RTC_FLAG_TAMP1F) == 0U)
 3027              		.loc 1 2167 3 is_stmt 1 view .LVU1020
 3028              	.L222:
 3029              		.loc 1 2167 59 view .LVU1021
 3030              		.loc 1 2167 10 is_stmt 0 view .LVU1022
 3031 000c 2368     		ldr	r3, [r4]
 3032 000e DA68     		ldr	r2, [r3, #12]
 3033              		.loc 1 2167 59 view .LVU1023
 3034 0010 12F4005F 		tst	r2, #8192
 3035 0014 0DD1     		bne	.L227
2168:Drivers/STM32L4xx_HAL_Driver/Src/stm32l4xx_hal_rtc_ex.c ****   {
2169:Drivers/STM32L4xx_HAL_Driver/Src/stm32l4xx_hal_rtc_ex.c ****     if (Timeout != HAL_MAX_DELAY)
 3036              		.loc 1 2169 5 is_stmt 1 view .LVU1024
 3037              		.loc 1 2169 8 is_stmt 0 view .LVU1025
 3038 0016 B5F1FF3F 		cmp	r5, #-1
 3039 001a F7D0     		beq	.L222
2170:Drivers/STM32L4xx_HAL_Driver/Src/stm32l4xx_hal_rtc_ex.c ****     {
2171:Drivers/STM32L4xx_HAL_Driver/Src/stm32l4xx_hal_rtc_ex.c ****       if (((HAL_GetTick() - tickstart) > Timeout) || (Timeout == 0U))
 3040              		.loc 1 2171 7 is_stmt 1 view .LVU1026
 3041              		.loc 1 2171 13 is_stmt 0 view .LVU1027
 3042 001c FFF7FEFF 		bl	HAL_GetTick
 3043              	.LVL193:
 3044              		.loc 1 2171 27 discriminator 1 view .LVU1028
 3045 0020 801B     		subs	r0, r0, r6
 3046              		.loc 1 2171 10 discriminator 1 view .LVU1029
 3047 0022 A842     		cmp	r0, r5
 3048 0024 01D8     		bhi	.L223
 3049              		.loc 1 2171 51 discriminator 1 view .LVU1030
 3050 0026 002D     		cmp	r5, #0
 3051 0028 F0D1     		bne	.L222
 3052              	.L223:
2172:Drivers/STM32L4xx_HAL_Driver/Src/stm32l4xx_hal_rtc_ex.c ****       {
2173:Drivers/STM32L4xx_HAL_Driver/Src/stm32l4xx_hal_rtc_ex.c ****         hrtc->State = HAL_RTC_STATE_TIMEOUT;
 3053              		.loc 1 2173 9 is_stmt 1 view .LVU1031
 3054              		.loc 1 2173 21 is_stmt 0 view .LVU1032
 3055 002a 0320     		movs	r0, #3
ARM GAS  /tmp/cc1jHbzH.s 			page 95


 3056 002c 84F82100 		strb	r0, [r4, #33]
2174:Drivers/STM32L4xx_HAL_Driver/Src/stm32l4xx_hal_rtc_ex.c ****         return HAL_TIMEOUT;
 3057              		.loc 1 2174 9 is_stmt 1 view .LVU1033
 3058              		.loc 1 2174 16 is_stmt 0 view .LVU1034
 3059 0030 08E0     		b	.L224
 3060              	.L227:
2175:Drivers/STM32L4xx_HAL_Driver/Src/stm32l4xx_hal_rtc_ex.c ****       }
2176:Drivers/STM32L4xx_HAL_Driver/Src/stm32l4xx_hal_rtc_ex.c ****     }
2177:Drivers/STM32L4xx_HAL_Driver/Src/stm32l4xx_hal_rtc_ex.c ****   }
2178:Drivers/STM32L4xx_HAL_Driver/Src/stm32l4xx_hal_rtc_ex.c **** 
2179:Drivers/STM32L4xx_HAL_Driver/Src/stm32l4xx_hal_rtc_ex.c ****   /* Clear the Tamper Flag */
2180:Drivers/STM32L4xx_HAL_Driver/Src/stm32l4xx_hal_rtc_ex.c ****   __HAL_RTC_TAMPER_CLEAR_FLAG(hrtc, RTC_FLAG_TAMP1F);
 3061              		.loc 1 2180 3 is_stmt 1 view .LVU1035
 3062 0032 DA68     		ldr	r2, [r3, #12]
 3063 0034 D2B2     		uxtb	r2, r2
 3064 0036 62F40252 		orn	r2, r2, #8320
 3065 003a DA60     		str	r2, [r3, #12]
2181:Drivers/STM32L4xx_HAL_Driver/Src/stm32l4xx_hal_rtc_ex.c **** 
2182:Drivers/STM32L4xx_HAL_Driver/Src/stm32l4xx_hal_rtc_ex.c ****   /* Change RTC state */
2183:Drivers/STM32L4xx_HAL_Driver/Src/stm32l4xx_hal_rtc_ex.c ****   hrtc->State = HAL_RTC_STATE_READY;
 3066              		.loc 1 2183 3 view .LVU1036
 3067              		.loc 1 2183 15 is_stmt 0 view .LVU1037
 3068 003c 0123     		movs	r3, #1
 3069 003e 84F82130 		strb	r3, [r4, #33]
2184:Drivers/STM32L4xx_HAL_Driver/Src/stm32l4xx_hal_rtc_ex.c **** 
2185:Drivers/STM32L4xx_HAL_Driver/Src/stm32l4xx_hal_rtc_ex.c ****   return HAL_OK;
 3070              		.loc 1 2185 3 is_stmt 1 view .LVU1038
 3071              		.loc 1 2185 10 is_stmt 0 view .LVU1039
 3072 0042 0020     		movs	r0, #0
 3073              	.L224:
2186:Drivers/STM32L4xx_HAL_Driver/Src/stm32l4xx_hal_rtc_ex.c **** }
 3074              		.loc 1 2186 1 view .LVU1040
 3075 0044 70BD     		pop	{r4, r5, r6, pc}
 3076              		.loc 1 2186 1 view .LVU1041
 3077              		.cfi_endproc
 3078              	.LFE413:
 3080              		.section	.text.HAL_RTCEx_PollForTamper2Event,"ax",%progbits
 3081              		.align	1
 3082              		.global	HAL_RTCEx_PollForTamper2Event
 3083              		.syntax unified
 3084              		.thumb
 3085              		.thumb_func
 3087              	HAL_RTCEx_PollForTamper2Event:
 3088              	.LVL194:
 3089              	.LFB414:
2187:Drivers/STM32L4xx_HAL_Driver/Src/stm32l4xx_hal_rtc_ex.c **** #endif /* RTC_TAMPER1_SUPPORT */
2188:Drivers/STM32L4xx_HAL_Driver/Src/stm32l4xx_hal_rtc_ex.c **** 
2189:Drivers/STM32L4xx_HAL_Driver/Src/stm32l4xx_hal_rtc_ex.c **** /**
2190:Drivers/STM32L4xx_HAL_Driver/Src/stm32l4xx_hal_rtc_ex.c ****   * @brief  Handle Tamper 2 Polling.
2191:Drivers/STM32L4xx_HAL_Driver/Src/stm32l4xx_hal_rtc_ex.c ****   * @param  hrtc RTC handle
2192:Drivers/STM32L4xx_HAL_Driver/Src/stm32l4xx_hal_rtc_ex.c ****   * @param  Timeout Timeout duration
2193:Drivers/STM32L4xx_HAL_Driver/Src/stm32l4xx_hal_rtc_ex.c ****   * @retval HAL status
2194:Drivers/STM32L4xx_HAL_Driver/Src/stm32l4xx_hal_rtc_ex.c ****   */
2195:Drivers/STM32L4xx_HAL_Driver/Src/stm32l4xx_hal_rtc_ex.c **** HAL_StatusTypeDef HAL_RTCEx_PollForTamper2Event(RTC_HandleTypeDef *hrtc, uint32_t Timeout)
2196:Drivers/STM32L4xx_HAL_Driver/Src/stm32l4xx_hal_rtc_ex.c **** {
 3090              		.loc 1 2196 1 is_stmt 1 view -0
 3091              		.cfi_startproc
ARM GAS  /tmp/cc1jHbzH.s 			page 96


 3092              		@ args = 0, pretend = 0, frame = 0
 3093              		@ frame_needed = 0, uses_anonymous_args = 0
 3094              		.loc 1 2196 1 is_stmt 0 view .LVU1043
 3095 0000 70B5     		push	{r4, r5, r6, lr}
 3096              	.LCFI28:
 3097              		.cfi_def_cfa_offset 16
 3098              		.cfi_offset 4, -16
 3099              		.cfi_offset 5, -12
 3100              		.cfi_offset 6, -8
 3101              		.cfi_offset 14, -4
 3102 0002 0446     		mov	r4, r0
 3103 0004 0D46     		mov	r5, r1
2197:Drivers/STM32L4xx_HAL_Driver/Src/stm32l4xx_hal_rtc_ex.c ****   uint32_t tickstart = HAL_GetTick();
 3104              		.loc 1 2197 3 is_stmt 1 view .LVU1044
 3105              		.loc 1 2197 24 is_stmt 0 view .LVU1045
 3106 0006 FFF7FEFF 		bl	HAL_GetTick
 3107              	.LVL195:
 3108              		.loc 1 2197 24 view .LVU1046
 3109 000a 0646     		mov	r6, r0
 3110              	.LVL196:
2198:Drivers/STM32L4xx_HAL_Driver/Src/stm32l4xx_hal_rtc_ex.c **** 
2199:Drivers/STM32L4xx_HAL_Driver/Src/stm32l4xx_hal_rtc_ex.c ****   /* Get the status of the Interrupt */
2200:Drivers/STM32L4xx_HAL_Driver/Src/stm32l4xx_hal_rtc_ex.c ****   while (__HAL_RTC_TAMPER_GET_FLAG(hrtc, RTC_FLAG_TAMP2F) == 0U)
 3111              		.loc 1 2200 3 is_stmt 1 view .LVU1047
 3112              	.L230:
 3113              		.loc 1 2200 59 view .LVU1048
 3114              		.loc 1 2200 10 is_stmt 0 view .LVU1049
 3115 000c 2368     		ldr	r3, [r4]
 3116 000e DA68     		ldr	r2, [r3, #12]
 3117              		.loc 1 2200 59 view .LVU1050
 3118 0010 12F4804F 		tst	r2, #16384
 3119 0014 0DD1     		bne	.L235
2201:Drivers/STM32L4xx_HAL_Driver/Src/stm32l4xx_hal_rtc_ex.c ****   {
2202:Drivers/STM32L4xx_HAL_Driver/Src/stm32l4xx_hal_rtc_ex.c ****     if (Timeout != HAL_MAX_DELAY)
 3120              		.loc 1 2202 5 is_stmt 1 view .LVU1051
 3121              		.loc 1 2202 8 is_stmt 0 view .LVU1052
 3122 0016 B5F1FF3F 		cmp	r5, #-1
 3123 001a F7D0     		beq	.L230
2203:Drivers/STM32L4xx_HAL_Driver/Src/stm32l4xx_hal_rtc_ex.c ****     {
2204:Drivers/STM32L4xx_HAL_Driver/Src/stm32l4xx_hal_rtc_ex.c ****       if (((HAL_GetTick() - tickstart) > Timeout) || (Timeout == 0U))
 3124              		.loc 1 2204 7 is_stmt 1 view .LVU1053
 3125              		.loc 1 2204 13 is_stmt 0 view .LVU1054
 3126 001c FFF7FEFF 		bl	HAL_GetTick
 3127              	.LVL197:
 3128              		.loc 1 2204 27 discriminator 1 view .LVU1055
 3129 0020 801B     		subs	r0, r0, r6
 3130              		.loc 1 2204 10 discriminator 1 view .LVU1056
 3131 0022 A842     		cmp	r0, r5
 3132 0024 01D8     		bhi	.L231
 3133              		.loc 1 2204 51 discriminator 1 view .LVU1057
 3134 0026 002D     		cmp	r5, #0
 3135 0028 F0D1     		bne	.L230
 3136              	.L231:
2205:Drivers/STM32L4xx_HAL_Driver/Src/stm32l4xx_hal_rtc_ex.c ****       {
2206:Drivers/STM32L4xx_HAL_Driver/Src/stm32l4xx_hal_rtc_ex.c ****         hrtc->State = HAL_RTC_STATE_TIMEOUT;
 3137              		.loc 1 2206 9 is_stmt 1 view .LVU1058
 3138              		.loc 1 2206 21 is_stmt 0 view .LVU1059
ARM GAS  /tmp/cc1jHbzH.s 			page 97


 3139 002a 0320     		movs	r0, #3
 3140 002c 84F82100 		strb	r0, [r4, #33]
2207:Drivers/STM32L4xx_HAL_Driver/Src/stm32l4xx_hal_rtc_ex.c ****         return HAL_TIMEOUT;
 3141              		.loc 1 2207 9 is_stmt 1 view .LVU1060
 3142              		.loc 1 2207 16 is_stmt 0 view .LVU1061
 3143 0030 08E0     		b	.L232
 3144              	.L235:
2208:Drivers/STM32L4xx_HAL_Driver/Src/stm32l4xx_hal_rtc_ex.c ****       }
2209:Drivers/STM32L4xx_HAL_Driver/Src/stm32l4xx_hal_rtc_ex.c ****     }
2210:Drivers/STM32L4xx_HAL_Driver/Src/stm32l4xx_hal_rtc_ex.c ****   }
2211:Drivers/STM32L4xx_HAL_Driver/Src/stm32l4xx_hal_rtc_ex.c **** 
2212:Drivers/STM32L4xx_HAL_Driver/Src/stm32l4xx_hal_rtc_ex.c ****   /* Clear the Tamper Flag */
2213:Drivers/STM32L4xx_HAL_Driver/Src/stm32l4xx_hal_rtc_ex.c ****   __HAL_RTC_TAMPER_CLEAR_FLAG(hrtc, RTC_FLAG_TAMP2F);
 3145              		.loc 1 2213 3 is_stmt 1 view .LVU1062
 3146 0032 DA68     		ldr	r2, [r3, #12]
 3147 0034 D2B2     		uxtb	r2, r2
 3148 0036 62F48142 		orn	r2, r2, #16512
 3149 003a DA60     		str	r2, [r3, #12]
2214:Drivers/STM32L4xx_HAL_Driver/Src/stm32l4xx_hal_rtc_ex.c **** 
2215:Drivers/STM32L4xx_HAL_Driver/Src/stm32l4xx_hal_rtc_ex.c ****   /* Change RTC state */
2216:Drivers/STM32L4xx_HAL_Driver/Src/stm32l4xx_hal_rtc_ex.c ****   hrtc->State = HAL_RTC_STATE_READY;
 3150              		.loc 1 2216 3 view .LVU1063
 3151              		.loc 1 2216 15 is_stmt 0 view .LVU1064
 3152 003c 0123     		movs	r3, #1
 3153 003e 84F82130 		strb	r3, [r4, #33]
2217:Drivers/STM32L4xx_HAL_Driver/Src/stm32l4xx_hal_rtc_ex.c **** 
2218:Drivers/STM32L4xx_HAL_Driver/Src/stm32l4xx_hal_rtc_ex.c ****   return HAL_OK;
 3154              		.loc 1 2218 3 is_stmt 1 view .LVU1065
 3155              		.loc 1 2218 10 is_stmt 0 view .LVU1066
 3156 0042 0020     		movs	r0, #0
 3157              	.L232:
2219:Drivers/STM32L4xx_HAL_Driver/Src/stm32l4xx_hal_rtc_ex.c **** }
 3158              		.loc 1 2219 1 view .LVU1067
 3159 0044 70BD     		pop	{r4, r5, r6, pc}
 3160              		.loc 1 2219 1 view .LVU1068
 3161              		.cfi_endproc
 3162              	.LFE414:
 3164              		.section	.text.HAL_RTCEx_PollForTamper3Event,"ax",%progbits
 3165              		.align	1
 3166              		.global	HAL_RTCEx_PollForTamper3Event
 3167              		.syntax unified
 3168              		.thumb
 3169              		.thumb_func
 3171              	HAL_RTCEx_PollForTamper3Event:
 3172              	.LVL198:
 3173              	.LFB415:
2220:Drivers/STM32L4xx_HAL_Driver/Src/stm32l4xx_hal_rtc_ex.c **** 
2221:Drivers/STM32L4xx_HAL_Driver/Src/stm32l4xx_hal_rtc_ex.c **** #if defined(RTC_TAMPER3_SUPPORT)
2222:Drivers/STM32L4xx_HAL_Driver/Src/stm32l4xx_hal_rtc_ex.c **** /**
2223:Drivers/STM32L4xx_HAL_Driver/Src/stm32l4xx_hal_rtc_ex.c ****   * @brief  Handle Tamper 3 Polling.
2224:Drivers/STM32L4xx_HAL_Driver/Src/stm32l4xx_hal_rtc_ex.c ****   * @param  hrtc  RTC handle
2225:Drivers/STM32L4xx_HAL_Driver/Src/stm32l4xx_hal_rtc_ex.c ****   * @param  Timeout  Timeout duration
2226:Drivers/STM32L4xx_HAL_Driver/Src/stm32l4xx_hal_rtc_ex.c ****   * @retval HAL status
2227:Drivers/STM32L4xx_HAL_Driver/Src/stm32l4xx_hal_rtc_ex.c ****   */
2228:Drivers/STM32L4xx_HAL_Driver/Src/stm32l4xx_hal_rtc_ex.c **** HAL_StatusTypeDef HAL_RTCEx_PollForTamper3Event(RTC_HandleTypeDef *hrtc, uint32_t Timeout)
2229:Drivers/STM32L4xx_HAL_Driver/Src/stm32l4xx_hal_rtc_ex.c **** {
 3174              		.loc 1 2229 1 is_stmt 1 view -0
ARM GAS  /tmp/cc1jHbzH.s 			page 98


 3175              		.cfi_startproc
 3176              		@ args = 0, pretend = 0, frame = 0
 3177              		@ frame_needed = 0, uses_anonymous_args = 0
 3178              		.loc 1 2229 1 is_stmt 0 view .LVU1070
 3179 0000 70B5     		push	{r4, r5, r6, lr}
 3180              	.LCFI29:
 3181              		.cfi_def_cfa_offset 16
 3182              		.cfi_offset 4, -16
 3183              		.cfi_offset 5, -12
 3184              		.cfi_offset 6, -8
 3185              		.cfi_offset 14, -4
 3186 0002 0446     		mov	r4, r0
 3187 0004 0D46     		mov	r5, r1
2230:Drivers/STM32L4xx_HAL_Driver/Src/stm32l4xx_hal_rtc_ex.c ****   uint32_t tickstart = HAL_GetTick();
 3188              		.loc 1 2230 3 is_stmt 1 view .LVU1071
 3189              		.loc 1 2230 24 is_stmt 0 view .LVU1072
 3190 0006 FFF7FEFF 		bl	HAL_GetTick
 3191              	.LVL199:
 3192              		.loc 1 2230 24 view .LVU1073
 3193 000a 0646     		mov	r6, r0
 3194              	.LVL200:
2231:Drivers/STM32L4xx_HAL_Driver/Src/stm32l4xx_hal_rtc_ex.c **** 
2232:Drivers/STM32L4xx_HAL_Driver/Src/stm32l4xx_hal_rtc_ex.c ****   /* Get the status of the Interrupt */
2233:Drivers/STM32L4xx_HAL_Driver/Src/stm32l4xx_hal_rtc_ex.c ****   while (__HAL_RTC_TAMPER_GET_FLAG(hrtc, RTC_FLAG_TAMP3F) == 0U)
 3195              		.loc 1 2233 3 is_stmt 1 view .LVU1074
 3196              	.L238:
 3197              		.loc 1 2233 59 view .LVU1075
 3198              		.loc 1 2233 10 is_stmt 0 view .LVU1076
 3199 000c 2368     		ldr	r3, [r4]
 3200 000e DA68     		ldr	r2, [r3, #12]
 3201              		.loc 1 2233 59 view .LVU1077
 3202 0010 12F4004F 		tst	r2, #32768
 3203 0014 0CD1     		bne	.L243
2234:Drivers/STM32L4xx_HAL_Driver/Src/stm32l4xx_hal_rtc_ex.c ****   {
2235:Drivers/STM32L4xx_HAL_Driver/Src/stm32l4xx_hal_rtc_ex.c ****     if (Timeout != HAL_MAX_DELAY)
 3204              		.loc 1 2235 5 is_stmt 1 view .LVU1078
 3205              		.loc 1 2235 8 is_stmt 0 view .LVU1079
 3206 0016 B5F1FF3F 		cmp	r5, #-1
 3207 001a F7D0     		beq	.L238
2236:Drivers/STM32L4xx_HAL_Driver/Src/stm32l4xx_hal_rtc_ex.c ****     {
2237:Drivers/STM32L4xx_HAL_Driver/Src/stm32l4xx_hal_rtc_ex.c ****       if ((Timeout == 0) || ((HAL_GetTick() - tickstart) > Timeout))
 3208              		.loc 1 2237 7 is_stmt 1 view .LVU1080
 3209              		.loc 1 2237 10 is_stmt 0 view .LVU1081
 3210 001c 25B1     		cbz	r5, .L239
 3211              		.loc 1 2237 31 discriminator 1 view .LVU1082
 3212 001e FFF7FEFF 		bl	HAL_GetTick
 3213              	.LVL201:
 3214              		.loc 1 2237 45 discriminator 1 view .LVU1083
 3215 0022 801B     		subs	r0, r0, r6
 3216              		.loc 1 2237 26 discriminator 1 view .LVU1084
 3217 0024 A842     		cmp	r0, r5
 3218 0026 F1D9     		bls	.L238
 3219              	.L239:
2238:Drivers/STM32L4xx_HAL_Driver/Src/stm32l4xx_hal_rtc_ex.c ****       {
2239:Drivers/STM32L4xx_HAL_Driver/Src/stm32l4xx_hal_rtc_ex.c ****         hrtc->State = HAL_RTC_STATE_TIMEOUT;
 3220              		.loc 1 2239 9 is_stmt 1 view .LVU1085
 3221              		.loc 1 2239 21 is_stmt 0 view .LVU1086
ARM GAS  /tmp/cc1jHbzH.s 			page 99


 3222 0028 0320     		movs	r0, #3
 3223 002a 84F82100 		strb	r0, [r4, #33]
2240:Drivers/STM32L4xx_HAL_Driver/Src/stm32l4xx_hal_rtc_ex.c ****         return HAL_TIMEOUT;
 3224              		.loc 1 2240 9 is_stmt 1 view .LVU1087
 3225              		.loc 1 2240 16 is_stmt 0 view .LVU1088
 3226 002e 0EE0     		b	.L240
 3227              	.L243:
2241:Drivers/STM32L4xx_HAL_Driver/Src/stm32l4xx_hal_rtc_ex.c ****       }
2242:Drivers/STM32L4xx_HAL_Driver/Src/stm32l4xx_hal_rtc_ex.c ****     }
2243:Drivers/STM32L4xx_HAL_Driver/Src/stm32l4xx_hal_rtc_ex.c ****   }
2244:Drivers/STM32L4xx_HAL_Driver/Src/stm32l4xx_hal_rtc_ex.c **** 
2245:Drivers/STM32L4xx_HAL_Driver/Src/stm32l4xx_hal_rtc_ex.c ****   /* Clear the Tamper Flag */
2246:Drivers/STM32L4xx_HAL_Driver/Src/stm32l4xx_hal_rtc_ex.c ****   __HAL_RTC_TAMPER_CLEAR_FLAG(hrtc, RTC_FLAG_TAMP3F);
 3228              		.loc 1 2246 3 is_stmt 1 view .LVU1089
 3229 0030 DA68     		ldr	r2, [r3, #12]
 3230 0032 D2B2     		uxtb	r2, r2
 3231 0034 42F07F42 		orr	r2, r2, #-16777216
 3232 0038 42F47F02 		orr	r2, r2, #16711680
 3233 003c 42F4FE42 		orr	r2, r2, #32512
 3234 0040 42F07F02 		orr	r2, r2, #127
 3235 0044 DA60     		str	r2, [r3, #12]
2247:Drivers/STM32L4xx_HAL_Driver/Src/stm32l4xx_hal_rtc_ex.c **** 
2248:Drivers/STM32L4xx_HAL_Driver/Src/stm32l4xx_hal_rtc_ex.c ****   /* Change RTC state */
2249:Drivers/STM32L4xx_HAL_Driver/Src/stm32l4xx_hal_rtc_ex.c ****   hrtc->State = HAL_RTC_STATE_READY;
 3236              		.loc 1 2249 3 view .LVU1090
 3237              		.loc 1 2249 15 is_stmt 0 view .LVU1091
 3238 0046 0123     		movs	r3, #1
 3239 0048 84F82130 		strb	r3, [r4, #33]
2250:Drivers/STM32L4xx_HAL_Driver/Src/stm32l4xx_hal_rtc_ex.c **** 
2251:Drivers/STM32L4xx_HAL_Driver/Src/stm32l4xx_hal_rtc_ex.c ****   return HAL_OK;
 3240              		.loc 1 2251 3 is_stmt 1 view .LVU1092
 3241              		.loc 1 2251 10 is_stmt 0 view .LVU1093
 3242 004c 0020     		movs	r0, #0
 3243              	.L240:
2252:Drivers/STM32L4xx_HAL_Driver/Src/stm32l4xx_hal_rtc_ex.c **** }
 3244              		.loc 1 2252 1 view .LVU1094
 3245 004e 70BD     		pop	{r4, r5, r6, pc}
 3246              		.loc 1 2252 1 view .LVU1095
 3247              		.cfi_endproc
 3248              	.LFE415:
 3250              		.section	.text.HAL_RTCEx_Tamper1EventCallback,"ax",%progbits
 3251              		.align	1
 3252              		.weak	HAL_RTCEx_Tamper1EventCallback
 3253              		.syntax unified
 3254              		.thumb
 3255              		.thumb_func
 3257              	HAL_RTCEx_Tamper1EventCallback:
 3258              	.LVL202:
 3259              	.LFB416:
2253:Drivers/STM32L4xx_HAL_Driver/Src/stm32l4xx_hal_rtc_ex.c **** #endif /* RTC_TAMPER3_SUPPORT */
2254:Drivers/STM32L4xx_HAL_Driver/Src/stm32l4xx_hal_rtc_ex.c **** 
2255:Drivers/STM32L4xx_HAL_Driver/Src/stm32l4xx_hal_rtc_ex.c **** 
2256:Drivers/STM32L4xx_HAL_Driver/Src/stm32l4xx_hal_rtc_ex.c **** 
2257:Drivers/STM32L4xx_HAL_Driver/Src/stm32l4xx_hal_rtc_ex.c **** #if defined(RTC_TAMPER1_SUPPORT)
2258:Drivers/STM32L4xx_HAL_Driver/Src/stm32l4xx_hal_rtc_ex.c **** /**
2259:Drivers/STM32L4xx_HAL_Driver/Src/stm32l4xx_hal_rtc_ex.c ****   * @brief  Tamper 1 callback.
2260:Drivers/STM32L4xx_HAL_Driver/Src/stm32l4xx_hal_rtc_ex.c ****   * @param  hrtc RTC handle
ARM GAS  /tmp/cc1jHbzH.s 			page 100


2261:Drivers/STM32L4xx_HAL_Driver/Src/stm32l4xx_hal_rtc_ex.c ****   * @retval None
2262:Drivers/STM32L4xx_HAL_Driver/Src/stm32l4xx_hal_rtc_ex.c ****   */
2263:Drivers/STM32L4xx_HAL_Driver/Src/stm32l4xx_hal_rtc_ex.c **** __weak void HAL_RTCEx_Tamper1EventCallback(RTC_HandleTypeDef *hrtc)
2264:Drivers/STM32L4xx_HAL_Driver/Src/stm32l4xx_hal_rtc_ex.c **** {
 3260              		.loc 1 2264 1 is_stmt 1 view -0
 3261              		.cfi_startproc
 3262              		@ args = 0, pretend = 0, frame = 0
 3263              		@ frame_needed = 0, uses_anonymous_args = 0
 3264              		@ link register save eliminated.
2265:Drivers/STM32L4xx_HAL_Driver/Src/stm32l4xx_hal_rtc_ex.c ****   /* Prevent unused argument(s) compilation warning */
2266:Drivers/STM32L4xx_HAL_Driver/Src/stm32l4xx_hal_rtc_ex.c ****   UNUSED(hrtc);
 3265              		.loc 1 2266 3 view .LVU1097
2267:Drivers/STM32L4xx_HAL_Driver/Src/stm32l4xx_hal_rtc_ex.c **** 
2268:Drivers/STM32L4xx_HAL_Driver/Src/stm32l4xx_hal_rtc_ex.c ****   /* NOTE : This function should not be modified, when the callback is needed,
2269:Drivers/STM32L4xx_HAL_Driver/Src/stm32l4xx_hal_rtc_ex.c ****             the HAL_RTCEx_Tamper1EventCallback could be implemented in the user file
2270:Drivers/STM32L4xx_HAL_Driver/Src/stm32l4xx_hal_rtc_ex.c ****    */
2271:Drivers/STM32L4xx_HAL_Driver/Src/stm32l4xx_hal_rtc_ex.c **** }
 3266              		.loc 1 2271 1 is_stmt 0 view .LVU1098
 3267 0000 7047     		bx	lr
 3268              		.cfi_endproc
 3269              	.LFE416:
 3271              		.section	.text.HAL_RTCEx_Tamper2EventCallback,"ax",%progbits
 3272              		.align	1
 3273              		.weak	HAL_RTCEx_Tamper2EventCallback
 3274              		.syntax unified
 3275              		.thumb
 3276              		.thumb_func
 3278              	HAL_RTCEx_Tamper2EventCallback:
 3279              	.LVL203:
 3280              	.LFB417:
2272:Drivers/STM32L4xx_HAL_Driver/Src/stm32l4xx_hal_rtc_ex.c **** #endif /* RTC_TAMPER1_SUPPORT */
2273:Drivers/STM32L4xx_HAL_Driver/Src/stm32l4xx_hal_rtc_ex.c **** 
2274:Drivers/STM32L4xx_HAL_Driver/Src/stm32l4xx_hal_rtc_ex.c **** /**
2275:Drivers/STM32L4xx_HAL_Driver/Src/stm32l4xx_hal_rtc_ex.c ****   * @brief  Tamper 2 callback.
2276:Drivers/STM32L4xx_HAL_Driver/Src/stm32l4xx_hal_rtc_ex.c ****   * @param  hrtc RTC handle
2277:Drivers/STM32L4xx_HAL_Driver/Src/stm32l4xx_hal_rtc_ex.c ****   * @retval None
2278:Drivers/STM32L4xx_HAL_Driver/Src/stm32l4xx_hal_rtc_ex.c ****   */
2279:Drivers/STM32L4xx_HAL_Driver/Src/stm32l4xx_hal_rtc_ex.c **** __weak void HAL_RTCEx_Tamper2EventCallback(RTC_HandleTypeDef *hrtc)
2280:Drivers/STM32L4xx_HAL_Driver/Src/stm32l4xx_hal_rtc_ex.c **** {
 3281              		.loc 1 2280 1 is_stmt 1 view -0
 3282              		.cfi_startproc
 3283              		@ args = 0, pretend = 0, frame = 0
 3284              		@ frame_needed = 0, uses_anonymous_args = 0
 3285              		@ link register save eliminated.
2281:Drivers/STM32L4xx_HAL_Driver/Src/stm32l4xx_hal_rtc_ex.c ****   /* Prevent unused argument(s) compilation warning */
2282:Drivers/STM32L4xx_HAL_Driver/Src/stm32l4xx_hal_rtc_ex.c ****   UNUSED(hrtc);
 3286              		.loc 1 2282 3 view .LVU1100
2283:Drivers/STM32L4xx_HAL_Driver/Src/stm32l4xx_hal_rtc_ex.c **** 
2284:Drivers/STM32L4xx_HAL_Driver/Src/stm32l4xx_hal_rtc_ex.c ****   /* NOTE : This function should not be modified, when the callback is needed,
2285:Drivers/STM32L4xx_HAL_Driver/Src/stm32l4xx_hal_rtc_ex.c ****             the HAL_RTCEx_Tamper2EventCallback could be implemented in the user file
2286:Drivers/STM32L4xx_HAL_Driver/Src/stm32l4xx_hal_rtc_ex.c ****    */
2287:Drivers/STM32L4xx_HAL_Driver/Src/stm32l4xx_hal_rtc_ex.c **** }
 3287              		.loc 1 2287 1 is_stmt 0 view .LVU1101
 3288 0000 7047     		bx	lr
 3289              		.cfi_endproc
 3290              	.LFE417:
 3292              		.section	.text.HAL_RTCEx_Tamper3EventCallback,"ax",%progbits
ARM GAS  /tmp/cc1jHbzH.s 			page 101


 3293              		.align	1
 3294              		.weak	HAL_RTCEx_Tamper3EventCallback
 3295              		.syntax unified
 3296              		.thumb
 3297              		.thumb_func
 3299              	HAL_RTCEx_Tamper3EventCallback:
 3300              	.LVL204:
 3301              	.LFB418:
2288:Drivers/STM32L4xx_HAL_Driver/Src/stm32l4xx_hal_rtc_ex.c **** 
2289:Drivers/STM32L4xx_HAL_Driver/Src/stm32l4xx_hal_rtc_ex.c **** #if defined(RTC_TAMPER3_SUPPORT)
2290:Drivers/STM32L4xx_HAL_Driver/Src/stm32l4xx_hal_rtc_ex.c **** /**
2291:Drivers/STM32L4xx_HAL_Driver/Src/stm32l4xx_hal_rtc_ex.c ****   * @brief  Tamper 3 callback.
2292:Drivers/STM32L4xx_HAL_Driver/Src/stm32l4xx_hal_rtc_ex.c ****   * @param  hrtc RTC handle
2293:Drivers/STM32L4xx_HAL_Driver/Src/stm32l4xx_hal_rtc_ex.c ****   * @retval None
2294:Drivers/STM32L4xx_HAL_Driver/Src/stm32l4xx_hal_rtc_ex.c ****   */
2295:Drivers/STM32L4xx_HAL_Driver/Src/stm32l4xx_hal_rtc_ex.c **** __weak void HAL_RTCEx_Tamper3EventCallback(RTC_HandleTypeDef *hrtc)
2296:Drivers/STM32L4xx_HAL_Driver/Src/stm32l4xx_hal_rtc_ex.c **** {
 3302              		.loc 1 2296 1 is_stmt 1 view -0
 3303              		.cfi_startproc
 3304              		@ args = 0, pretend = 0, frame = 0
 3305              		@ frame_needed = 0, uses_anonymous_args = 0
 3306              		@ link register save eliminated.
2297:Drivers/STM32L4xx_HAL_Driver/Src/stm32l4xx_hal_rtc_ex.c ****   /* Prevent unused argument(s) compilation warning */
2298:Drivers/STM32L4xx_HAL_Driver/Src/stm32l4xx_hal_rtc_ex.c ****   UNUSED(hrtc);
 3307              		.loc 1 2298 3 view .LVU1103
2299:Drivers/STM32L4xx_HAL_Driver/Src/stm32l4xx_hal_rtc_ex.c **** 
2300:Drivers/STM32L4xx_HAL_Driver/Src/stm32l4xx_hal_rtc_ex.c ****   /* NOTE : This function should not be modified, when the callback is needed,
2301:Drivers/STM32L4xx_HAL_Driver/Src/stm32l4xx_hal_rtc_ex.c ****             the HAL_RTCEx_Tamper3EventCallback could be implemented in the user file
2302:Drivers/STM32L4xx_HAL_Driver/Src/stm32l4xx_hal_rtc_ex.c ****    */
2303:Drivers/STM32L4xx_HAL_Driver/Src/stm32l4xx_hal_rtc_ex.c **** }
 3308              		.loc 1 2303 1 is_stmt 0 view .LVU1104
 3309 0000 7047     		bx	lr
 3310              		.cfi_endproc
 3311              	.LFE418:
 3313              		.section	.text.HAL_RTCEx_TamperTimeStampIRQHandler,"ax",%progbits
 3314              		.align	1
 3315              		.global	HAL_RTCEx_TamperTimeStampIRQHandler
 3316              		.syntax unified
 3317              		.thumb
 3318              		.thumb_func
 3320              	HAL_RTCEx_TamperTimeStampIRQHandler:
 3321              	.LVL205:
 3322              	.LFB390:
 576:Drivers/STM32L4xx_HAL_Driver/Src/stm32l4xx_hal_rtc_ex.c ****   /* Clear the EXTI's Flag for RTC TimeStamp and Tamper */
 3323              		.loc 1 576 1 is_stmt 1 view -0
 3324              		.cfi_startproc
 3325              		@ args = 0, pretend = 0, frame = 0
 3326              		@ frame_needed = 0, uses_anonymous_args = 0
 576:Drivers/STM32L4xx_HAL_Driver/Src/stm32l4xx_hal_rtc_ex.c ****   /* Clear the EXTI's Flag for RTC TimeStamp and Tamper */
 3327              		.loc 1 576 1 is_stmt 0 view .LVU1106
 3328 0000 10B5     		push	{r4, lr}
 3329              	.LCFI30:
 3330              		.cfi_def_cfa_offset 8
 3331              		.cfi_offset 4, -8
 3332              		.cfi_offset 14, -4
 3333 0002 0446     		mov	r4, r0
 578:Drivers/STM32L4xx_HAL_Driver/Src/stm32l4xx_hal_rtc_ex.c **** 
ARM GAS  /tmp/cc1jHbzH.s 			page 102


 3334              		.loc 1 578 3 is_stmt 1 view .LVU1107
 3335 0004 2A4B     		ldr	r3, .L257
 3336 0006 4FF40022 		mov	r2, #524288
 3337 000a 5A61     		str	r2, [r3, #20]
 581:Drivers/STM32L4xx_HAL_Driver/Src/stm32l4xx_hal_rtc_ex.c ****   {
 3338              		.loc 1 581 3 view .LVU1108
 581:Drivers/STM32L4xx_HAL_Driver/Src/stm32l4xx_hal_rtc_ex.c ****   {
 3339              		.loc 1 581 7 is_stmt 0 view .LVU1109
 3340 000c 0368     		ldr	r3, [r0]
 3341 000e 9A68     		ldr	r2, [r3, #8]
 581:Drivers/STM32L4xx_HAL_Driver/Src/stm32l4xx_hal_rtc_ex.c ****   {
 3342              		.loc 1 581 6 view .LVU1110
 3343 0010 12F4004F 		tst	r2, #32768
 3344 0014 03D0     		beq	.L248
 583:Drivers/STM32L4xx_HAL_Driver/Src/stm32l4xx_hal_rtc_ex.c ****     {
 3345              		.loc 1 583 5 is_stmt 1 view .LVU1111
 583:Drivers/STM32L4xx_HAL_Driver/Src/stm32l4xx_hal_rtc_ex.c ****     {
 3346              		.loc 1 583 9 is_stmt 0 view .LVU1112
 3347 0016 DB68     		ldr	r3, [r3, #12]
 583:Drivers/STM32L4xx_HAL_Driver/Src/stm32l4xx_hal_rtc_ex.c ****     {
 3348              		.loc 1 583 8 view .LVU1113
 3349 0018 13F4006F 		tst	r3, #2048
 3350 001c 1ED1     		bne	.L253
 3351              	.LVL206:
 3352              	.L248:
 599:Drivers/STM32L4xx_HAL_Driver/Src/stm32l4xx_hal_rtc_ex.c ****   {
 3353              		.loc 1 599 3 is_stmt 1 view .LVU1114
 599:Drivers/STM32L4xx_HAL_Driver/Src/stm32l4xx_hal_rtc_ex.c ****   {
 3354              		.loc 1 599 7 is_stmt 0 view .LVU1115
 3355 001e 2268     		ldr	r2, [r4]
 3356 0020 116C     		ldr	r1, [r2, #64]
 3357 0022 244B     		ldr	r3, .L257+4
 3358 0024 0B40     		ands	r3, r3, r1
 599:Drivers/STM32L4xx_HAL_Driver/Src/stm32l4xx_hal_rtc_ex.c ****   {
 3359              		.loc 1 599 6 view .LVU1116
 3360 0026 1BB1     		cbz	r3, .L249
 601:Drivers/STM32L4xx_HAL_Driver/Src/stm32l4xx_hal_rtc_ex.c ****     {
 3361              		.loc 1 601 5 is_stmt 1 view .LVU1117
 601:Drivers/STM32L4xx_HAL_Driver/Src/stm32l4xx_hal_rtc_ex.c ****     {
 3362              		.loc 1 601 9 is_stmt 0 view .LVU1118
 3363 0028 D368     		ldr	r3, [r2, #12]
 601:Drivers/STM32L4xx_HAL_Driver/Src/stm32l4xx_hal_rtc_ex.c ****     {
 3364              		.loc 1 601 8 view .LVU1119
 3365 002a 13F4005F 		tst	r3, #8192
 3366 002e 1ED1     		bne	.L254
 3367              	.L249:
 617:Drivers/STM32L4xx_HAL_Driver/Src/stm32l4xx_hal_rtc_ex.c ****   {
 3368              		.loc 1 617 3 is_stmt 1 view .LVU1120
 617:Drivers/STM32L4xx_HAL_Driver/Src/stm32l4xx_hal_rtc_ex.c ****   {
 3369              		.loc 1 617 7 is_stmt 0 view .LVU1121
 3370 0030 2268     		ldr	r2, [r4]
 3371 0032 116C     		ldr	r1, [r2, #64]
 3372 0034 204B     		ldr	r3, .L257+8
 3373 0036 0B40     		ands	r3, r3, r1
 617:Drivers/STM32L4xx_HAL_Driver/Src/stm32l4xx_hal_rtc_ex.c ****   {
 3374              		.loc 1 617 6 view .LVU1122
 3375 0038 1BB1     		cbz	r3, .L250
ARM GAS  /tmp/cc1jHbzH.s 			page 103


 619:Drivers/STM32L4xx_HAL_Driver/Src/stm32l4xx_hal_rtc_ex.c ****     {
 3376              		.loc 1 619 5 is_stmt 1 view .LVU1123
 619:Drivers/STM32L4xx_HAL_Driver/Src/stm32l4xx_hal_rtc_ex.c ****     {
 3377              		.loc 1 619 9 is_stmt 0 view .LVU1124
 3378 003a D368     		ldr	r3, [r2, #12]
 619:Drivers/STM32L4xx_HAL_Driver/Src/stm32l4xx_hal_rtc_ex.c ****     {
 3379              		.loc 1 619 8 view .LVU1125
 3380 003c 13F4804F 		tst	r3, #16384
 3381 0040 1ED1     		bne	.L255
 3382              	.L250:
 635:Drivers/STM32L4xx_HAL_Driver/Src/stm32l4xx_hal_rtc_ex.c ****   {
 3383              		.loc 1 635 3 is_stmt 1 view .LVU1126
 635:Drivers/STM32L4xx_HAL_Driver/Src/stm32l4xx_hal_rtc_ex.c ****   {
 3384              		.loc 1 635 7 is_stmt 0 view .LVU1127
 3385 0042 2268     		ldr	r2, [r4]
 3386 0044 116C     		ldr	r1, [r2, #64]
 3387 0046 1D4B     		ldr	r3, .L257+12
 3388 0048 0B40     		ands	r3, r3, r1
 635:Drivers/STM32L4xx_HAL_Driver/Src/stm32l4xx_hal_rtc_ex.c ****   {
 3389              		.loc 1 635 6 view .LVU1128
 3390 004a 1BB1     		cbz	r3, .L251
 637:Drivers/STM32L4xx_HAL_Driver/Src/stm32l4xx_hal_rtc_ex.c ****     {
 3391              		.loc 1 637 5 is_stmt 1 view .LVU1129
 637:Drivers/STM32L4xx_HAL_Driver/Src/stm32l4xx_hal_rtc_ex.c ****     {
 3392              		.loc 1 637 9 is_stmt 0 view .LVU1130
 3393 004c D368     		ldr	r3, [r2, #12]
 637:Drivers/STM32L4xx_HAL_Driver/Src/stm32l4xx_hal_rtc_ex.c ****     {
 3394              		.loc 1 637 8 view .LVU1131
 3395 004e 13F4004F 		tst	r3, #32768
 3396 0052 1ED1     		bne	.L256
 3397              	.L251:
 653:Drivers/STM32L4xx_HAL_Driver/Src/stm32l4xx_hal_rtc_ex.c **** }
 3398              		.loc 1 653 3 is_stmt 1 view .LVU1132
 653:Drivers/STM32L4xx_HAL_Driver/Src/stm32l4xx_hal_rtc_ex.c **** }
 3399              		.loc 1 653 15 is_stmt 0 view .LVU1133
 3400 0054 0123     		movs	r3, #1
 3401 0056 84F82130 		strb	r3, [r4, #33]
 654:Drivers/STM32L4xx_HAL_Driver/Src/stm32l4xx_hal_rtc_ex.c **** #endif /* #if defined(STM32L412xx) || defined(STM32L422xx) || defined (STM32L4P5xx) || defined (STM
 3402              		.loc 1 654 1 view .LVU1134
 3403 005a 10BD     		pop	{r4, pc}
 3404              	.LVL207:
 3405              	.L253:
 589:Drivers/STM32L4xx_HAL_Driver/Src/stm32l4xx_hal_rtc_ex.c **** #endif /* (USE_HAL_RTC_REGISTER_CALLBACKS == 1) */
 3406              		.loc 1 589 7 is_stmt 1 view .LVU1135
 3407 005c FFF7FEFF 		bl	HAL_RTCEx_TimeStampEventCallback
 3408              	.LVL208:
 593:Drivers/STM32L4xx_HAL_Driver/Src/stm32l4xx_hal_rtc_ex.c ****     }
 3409              		.loc 1 593 7 view .LVU1136
 3410 0060 2268     		ldr	r2, [r4]
 3411 0062 D368     		ldr	r3, [r2, #12]
 3412 0064 DBB2     		uxtb	r3, r3
 3413 0066 63F40863 		orn	r3, r3, #2176
 3414 006a D360     		str	r3, [r2, #12]
 3415 006c D7E7     		b	.L248
 3416              	.L254:
 604:Drivers/STM32L4xx_HAL_Driver/Src/stm32l4xx_hal_rtc_ex.c **** 
 3417              		.loc 1 604 7 view .LVU1137
ARM GAS  /tmp/cc1jHbzH.s 			page 104


 3418 006e D368     		ldr	r3, [r2, #12]
 3419 0070 DBB2     		uxtb	r3, r3
 3420 0072 63F40253 		orn	r3, r3, #8320
 3421 0076 D360     		str	r3, [r2, #12]
 610:Drivers/STM32L4xx_HAL_Driver/Src/stm32l4xx_hal_rtc_ex.c **** #endif /* (USE_HAL_RTC_REGISTER_CALLBACKS == 1) */
 3422              		.loc 1 610 7 view .LVU1138
 3423 0078 2046     		mov	r0, r4
 3424 007a FFF7FEFF 		bl	HAL_RTCEx_Tamper1EventCallback
 3425              	.LVL209:
 3426 007e D7E7     		b	.L249
 3427              	.L255:
 622:Drivers/STM32L4xx_HAL_Driver/Src/stm32l4xx_hal_rtc_ex.c **** 
 3428              		.loc 1 622 7 view .LVU1139
 3429 0080 D368     		ldr	r3, [r2, #12]
 3430 0082 DBB2     		uxtb	r3, r3
 3431 0084 63F48143 		orn	r3, r3, #16512
 3432 0088 D360     		str	r3, [r2, #12]
 628:Drivers/STM32L4xx_HAL_Driver/Src/stm32l4xx_hal_rtc_ex.c **** #endif /* (USE_HAL_RTC_REGISTER_CALLBACKS == 1) */
 3433              		.loc 1 628 7 view .LVU1140
 3434 008a 2046     		mov	r0, r4
 3435 008c FFF7FEFF 		bl	HAL_RTCEx_Tamper2EventCallback
 3436              	.LVL210:
 3437 0090 D7E7     		b	.L250
 3438              	.L256:
 640:Drivers/STM32L4xx_HAL_Driver/Src/stm32l4xx_hal_rtc_ex.c **** 
 3439              		.loc 1 640 7 view .LVU1141
 3440 0092 D368     		ldr	r3, [r2, #12]
 3441 0094 DBB2     		uxtb	r3, r3
 3442 0096 43F07F43 		orr	r3, r3, #-16777216
 3443 009a 43F47F03 		orr	r3, r3, #16711680
 3444 009e 43F4FE43 		orr	r3, r3, #32512
 3445 00a2 43F07F03 		orr	r3, r3, #127
 3446 00a6 D360     		str	r3, [r2, #12]
 646:Drivers/STM32L4xx_HAL_Driver/Src/stm32l4xx_hal_rtc_ex.c **** #endif /* USE_HAL_RTC_REGISTER_CALLBACKS */
 3447              		.loc 1 646 7 view .LVU1142
 3448 00a8 2046     		mov	r0, r4
 3449 00aa FFF7FEFF 		bl	HAL_RTCEx_Tamper3EventCallback
 3450              	.LVL211:
 3451 00ae D1E7     		b	.L251
 3452              	.L258:
 3453              		.align	2
 3454              	.L257:
 3455 00b0 00040140 		.word	1073808384
 3456 00b4 04000100 		.word	65540
 3457 00b8 04000800 		.word	524292
 3458 00bc 04004000 		.word	4194308
 3459              		.cfi_endproc
 3460              	.LFE390:
 3462              		.section	.text.HAL_RTCEx_BKUPWrite,"ax",%progbits
 3463              		.align	1
 3464              		.global	HAL_RTCEx_BKUPWrite
 3465              		.syntax unified
 3466              		.thumb
 3467              		.thumb_func
 3469              	HAL_RTCEx_BKUPWrite:
 3470              	.LVL212:
 3471              	.LFB419:
ARM GAS  /tmp/cc1jHbzH.s 			page 105


2304:Drivers/STM32L4xx_HAL_Driver/Src/stm32l4xx_hal_rtc_ex.c **** #endif /* RTC_TAMPER3_SUPPORT */
2305:Drivers/STM32L4xx_HAL_Driver/Src/stm32l4xx_hal_rtc_ex.c **** 
2306:Drivers/STM32L4xx_HAL_Driver/Src/stm32l4xx_hal_rtc_ex.c **** /**
2307:Drivers/STM32L4xx_HAL_Driver/Src/stm32l4xx_hal_rtc_ex.c ****   * @}
2308:Drivers/STM32L4xx_HAL_Driver/Src/stm32l4xx_hal_rtc_ex.c ****   */
2309:Drivers/STM32L4xx_HAL_Driver/Src/stm32l4xx_hal_rtc_ex.c **** 
2310:Drivers/STM32L4xx_HAL_Driver/Src/stm32l4xx_hal_rtc_ex.c **** 
2311:Drivers/STM32L4xx_HAL_Driver/Src/stm32l4xx_hal_rtc_ex.c **** /** @addtogroup RTCEx_Exported_Functions_Group6
2312:Drivers/STM32L4xx_HAL_Driver/Src/stm32l4xx_hal_rtc_ex.c ****   * @brief      Extended RTC Backup register functions
2313:Drivers/STM32L4xx_HAL_Driver/Src/stm32l4xx_hal_rtc_ex.c ****   *
2314:Drivers/STM32L4xx_HAL_Driver/Src/stm32l4xx_hal_rtc_ex.c **** @verbatim
2315:Drivers/STM32L4xx_HAL_Driver/Src/stm32l4xx_hal_rtc_ex.c ****   ===============================================================================
2316:Drivers/STM32L4xx_HAL_Driver/Src/stm32l4xx_hal_rtc_ex.c ****              ##### Extended RTC Backup register functions #####
2317:Drivers/STM32L4xx_HAL_Driver/Src/stm32l4xx_hal_rtc_ex.c ****   ===============================================================================
2318:Drivers/STM32L4xx_HAL_Driver/Src/stm32l4xx_hal_rtc_ex.c ****   [..]
2319:Drivers/STM32L4xx_HAL_Driver/Src/stm32l4xx_hal_rtc_ex.c ****    (+) Before calling any tamper or internal tamper function, you have to call first
2320:Drivers/STM32L4xx_HAL_Driver/Src/stm32l4xx_hal_rtc_ex.c ****        HAL_RTC_Init() function.
2321:Drivers/STM32L4xx_HAL_Driver/Src/stm32l4xx_hal_rtc_ex.c ****    (+) In that ine you can select to output tamper event on RTC pin.
2322:Drivers/STM32L4xx_HAL_Driver/Src/stm32l4xx_hal_rtc_ex.c ****   [..]
2323:Drivers/STM32L4xx_HAL_Driver/Src/stm32l4xx_hal_rtc_ex.c ****    This subsection provides functions allowing to
2324:Drivers/STM32L4xx_HAL_Driver/Src/stm32l4xx_hal_rtc_ex.c ****    (+) Write a data in a specified RTC Backup data register
2325:Drivers/STM32L4xx_HAL_Driver/Src/stm32l4xx_hal_rtc_ex.c ****    (+) Read a data in a specified RTC Backup data register
2326:Drivers/STM32L4xx_HAL_Driver/Src/stm32l4xx_hal_rtc_ex.c **** @endverbatim
2327:Drivers/STM32L4xx_HAL_Driver/Src/stm32l4xx_hal_rtc_ex.c ****   * @{
2328:Drivers/STM32L4xx_HAL_Driver/Src/stm32l4xx_hal_rtc_ex.c ****   */
2329:Drivers/STM32L4xx_HAL_Driver/Src/stm32l4xx_hal_rtc_ex.c **** 
2330:Drivers/STM32L4xx_HAL_Driver/Src/stm32l4xx_hal_rtc_ex.c **** 
2331:Drivers/STM32L4xx_HAL_Driver/Src/stm32l4xx_hal_rtc_ex.c **** /**
2332:Drivers/STM32L4xx_HAL_Driver/Src/stm32l4xx_hal_rtc_ex.c ****   * @brief  Write a data in a specified RTC Backup data register.
2333:Drivers/STM32L4xx_HAL_Driver/Src/stm32l4xx_hal_rtc_ex.c ****   * @param  hrtc RTC handle
2334:Drivers/STM32L4xx_HAL_Driver/Src/stm32l4xx_hal_rtc_ex.c ****   * @param  BackupRegister RTC Backup data Register number.
2335:Drivers/STM32L4xx_HAL_Driver/Src/stm32l4xx_hal_rtc_ex.c ****   *          This parameter can be: RTC_BKP_DRx where x can be from 0 to 31 to
2336:Drivers/STM32L4xx_HAL_Driver/Src/stm32l4xx_hal_rtc_ex.c ****   *          specify the register.
2337:Drivers/STM32L4xx_HAL_Driver/Src/stm32l4xx_hal_rtc_ex.c ****   * @param  Data Data to be written in the specified Backup data register.
2338:Drivers/STM32L4xx_HAL_Driver/Src/stm32l4xx_hal_rtc_ex.c ****   * @retval None
2339:Drivers/STM32L4xx_HAL_Driver/Src/stm32l4xx_hal_rtc_ex.c ****   */
2340:Drivers/STM32L4xx_HAL_Driver/Src/stm32l4xx_hal_rtc_ex.c **** void HAL_RTCEx_BKUPWrite(RTC_HandleTypeDef *hrtc, uint32_t BackupRegister, uint32_t Data)
2341:Drivers/STM32L4xx_HAL_Driver/Src/stm32l4xx_hal_rtc_ex.c **** {
 3472              		.loc 1 2341 1 view -0
 3473              		.cfi_startproc
 3474              		@ args = 0, pretend = 0, frame = 8
 3475              		@ frame_needed = 0, uses_anonymous_args = 0
 3476              		@ link register save eliminated.
 3477              		.loc 1 2341 1 is_stmt 0 view .LVU1144
 3478 0000 82B0     		sub	sp, sp, #8
 3479              	.LCFI31:
 3480              		.cfi_def_cfa_offset 8
2342:Drivers/STM32L4xx_HAL_Driver/Src/stm32l4xx_hal_rtc_ex.c ****   uint32_t __IO tmp;
 3481              		.loc 1 2342 3 is_stmt 1 view .LVU1145
2343:Drivers/STM32L4xx_HAL_Driver/Src/stm32l4xx_hal_rtc_ex.c **** #if defined(STM32L412xx) || defined(STM32L422xx) || defined (STM32L4P5xx) || defined (STM32L4Q5xx)
2344:Drivers/STM32L4xx_HAL_Driver/Src/stm32l4xx_hal_rtc_ex.c ****   /* Process TAMP instance pointer */
2345:Drivers/STM32L4xx_HAL_Driver/Src/stm32l4xx_hal_rtc_ex.c ****   TAMP_TypeDef *tamp = (TAMP_TypeDef *)((uint32_t)hrtc->Instance + hrtc->TampOffset);
2346:Drivers/STM32L4xx_HAL_Driver/Src/stm32l4xx_hal_rtc_ex.c **** 
2347:Drivers/STM32L4xx_HAL_Driver/Src/stm32l4xx_hal_rtc_ex.c ****   /* Check the parameters */
2348:Drivers/STM32L4xx_HAL_Driver/Src/stm32l4xx_hal_rtc_ex.c ****   assert_param(IS_RTC_BKP(BackupRegister));
2349:Drivers/STM32L4xx_HAL_Driver/Src/stm32l4xx_hal_rtc_ex.c **** 
2350:Drivers/STM32L4xx_HAL_Driver/Src/stm32l4xx_hal_rtc_ex.c ****   tmp = (uint32_t) & (tamp->BKP0R);
ARM GAS  /tmp/cc1jHbzH.s 			page 106


2351:Drivers/STM32L4xx_HAL_Driver/Src/stm32l4xx_hal_rtc_ex.c **** #else /* #if defined(STM32L412xx) || defined(STM32L422xx) || defined (STM32L4P5xx) || defined (STM3
2352:Drivers/STM32L4xx_HAL_Driver/Src/stm32l4xx_hal_rtc_ex.c ****   /* Check the parameters */
2353:Drivers/STM32L4xx_HAL_Driver/Src/stm32l4xx_hal_rtc_ex.c ****   assert_param(IS_RTC_BKP(BackupRegister));
 3482              		.loc 1 2353 3 view .LVU1146
2354:Drivers/STM32L4xx_HAL_Driver/Src/stm32l4xx_hal_rtc_ex.c **** 
2355:Drivers/STM32L4xx_HAL_Driver/Src/stm32l4xx_hal_rtc_ex.c ****   tmp = (uint32_t) & (hrtc->Instance->BKP0R);
 3483              		.loc 1 2355 3 view .LVU1147
 3484              		.loc 1 2355 27 is_stmt 0 view .LVU1148
 3485 0002 0368     		ldr	r3, [r0]
 3486              		.loc 1 2355 20 view .LVU1149
 3487 0004 5033     		adds	r3, r3, #80
 3488              		.loc 1 2355 7 view .LVU1150
 3489 0006 0193     		str	r3, [sp, #4]
2356:Drivers/STM32L4xx_HAL_Driver/Src/stm32l4xx_hal_rtc_ex.c **** #endif /* #if defined(STM32L412xx) || defined(STM32L422xx) || defined (STM32L4P5xx) || defined (STM
2357:Drivers/STM32L4xx_HAL_Driver/Src/stm32l4xx_hal_rtc_ex.c **** 
2358:Drivers/STM32L4xx_HAL_Driver/Src/stm32l4xx_hal_rtc_ex.c ****   tmp += (BackupRegister * 4U);
 3490              		.loc 1 2358 3 is_stmt 1 view .LVU1151
 3491              		.loc 1 2358 7 is_stmt 0 view .LVU1152
 3492 0008 019B     		ldr	r3, [sp, #4]
 3493 000a 03EB8103 		add	r3, r3, r1, lsl #2
 3494 000e 0193     		str	r3, [sp, #4]
2359:Drivers/STM32L4xx_HAL_Driver/Src/stm32l4xx_hal_rtc_ex.c **** 
2360:Drivers/STM32L4xx_HAL_Driver/Src/stm32l4xx_hal_rtc_ex.c ****   /* Write the specified register */
2361:Drivers/STM32L4xx_HAL_Driver/Src/stm32l4xx_hal_rtc_ex.c ****   *(__IO uint32_t *)tmp = (uint32_t)Data;
 3495              		.loc 1 2361 3 is_stmt 1 view .LVU1153
 3496              		.loc 1 2361 4 is_stmt 0 view .LVU1154
 3497 0010 019B     		ldr	r3, [sp, #4]
 3498              		.loc 1 2361 25 view .LVU1155
 3499 0012 1A60     		str	r2, [r3]
2362:Drivers/STM32L4xx_HAL_Driver/Src/stm32l4xx_hal_rtc_ex.c **** }
 3500              		.loc 1 2362 1 view .LVU1156
 3501 0014 02B0     		add	sp, sp, #8
 3502              	.LCFI32:
 3503              		.cfi_def_cfa_offset 0
 3504              		@ sp needed
 3505 0016 7047     		bx	lr
 3506              		.cfi_endproc
 3507              	.LFE419:
 3509              		.section	.text.HAL_RTCEx_BKUPRead,"ax",%progbits
 3510              		.align	1
 3511              		.global	HAL_RTCEx_BKUPRead
 3512              		.syntax unified
 3513              		.thumb
 3514              		.thumb_func
 3516              	HAL_RTCEx_BKUPRead:
 3517              	.LVL213:
 3518              	.LFB420:
2363:Drivers/STM32L4xx_HAL_Driver/Src/stm32l4xx_hal_rtc_ex.c **** 
2364:Drivers/STM32L4xx_HAL_Driver/Src/stm32l4xx_hal_rtc_ex.c **** 
2365:Drivers/STM32L4xx_HAL_Driver/Src/stm32l4xx_hal_rtc_ex.c **** /**
2366:Drivers/STM32L4xx_HAL_Driver/Src/stm32l4xx_hal_rtc_ex.c ****   * @brief  Read data from the specified RTC Backup data Register.
2367:Drivers/STM32L4xx_HAL_Driver/Src/stm32l4xx_hal_rtc_ex.c ****   * @param  hrtc RTC handle
2368:Drivers/STM32L4xx_HAL_Driver/Src/stm32l4xx_hal_rtc_ex.c ****   * @param  BackupRegister  RTC Backup data Register number.
2369:Drivers/STM32L4xx_HAL_Driver/Src/stm32l4xx_hal_rtc_ex.c ****   *         This parameter can be: RTC_BKP_DRx where x can be from 0 to 31 to
2370:Drivers/STM32L4xx_HAL_Driver/Src/stm32l4xx_hal_rtc_ex.c ****   *         specify the register.
2371:Drivers/STM32L4xx_HAL_Driver/Src/stm32l4xx_hal_rtc_ex.c ****   * @retval Read value
2372:Drivers/STM32L4xx_HAL_Driver/Src/stm32l4xx_hal_rtc_ex.c ****   */
ARM GAS  /tmp/cc1jHbzH.s 			page 107


2373:Drivers/STM32L4xx_HAL_Driver/Src/stm32l4xx_hal_rtc_ex.c **** uint32_t HAL_RTCEx_BKUPRead(RTC_HandleTypeDef *hrtc, uint32_t BackupRegister)
2374:Drivers/STM32L4xx_HAL_Driver/Src/stm32l4xx_hal_rtc_ex.c **** {
 3519              		.loc 1 2374 1 is_stmt 1 view -0
 3520              		.cfi_startproc
 3521              		@ args = 0, pretend = 0, frame = 0
 3522              		@ frame_needed = 0, uses_anonymous_args = 0
 3523              		@ link register save eliminated.
2375:Drivers/STM32L4xx_HAL_Driver/Src/stm32l4xx_hal_rtc_ex.c ****   uint32_t tmp;
 3524              		.loc 1 2375 3 view .LVU1158
2376:Drivers/STM32L4xx_HAL_Driver/Src/stm32l4xx_hal_rtc_ex.c **** #if defined(STM32L412xx) || defined(STM32L422xx) || defined (STM32L4P5xx) || defined (STM32L4Q5xx)
2377:Drivers/STM32L4xx_HAL_Driver/Src/stm32l4xx_hal_rtc_ex.c ****   /* Process TAMP instance pointer */
2378:Drivers/STM32L4xx_HAL_Driver/Src/stm32l4xx_hal_rtc_ex.c ****   TAMP_TypeDef *tamp = (TAMP_TypeDef *)((uint32_t)hrtc->Instance + hrtc->TampOffset);
2379:Drivers/STM32L4xx_HAL_Driver/Src/stm32l4xx_hal_rtc_ex.c **** 
2380:Drivers/STM32L4xx_HAL_Driver/Src/stm32l4xx_hal_rtc_ex.c ****   /* Check the parameters */
2381:Drivers/STM32L4xx_HAL_Driver/Src/stm32l4xx_hal_rtc_ex.c ****   assert_param(IS_RTC_BKP(BackupRegister));
2382:Drivers/STM32L4xx_HAL_Driver/Src/stm32l4xx_hal_rtc_ex.c **** 
2383:Drivers/STM32L4xx_HAL_Driver/Src/stm32l4xx_hal_rtc_ex.c ****   tmp = (uint32_t) & (tamp->BKP0R);
2384:Drivers/STM32L4xx_HAL_Driver/Src/stm32l4xx_hal_rtc_ex.c **** #else /* #if defined(STM32L412xx) || defined(STM32L422xx) || defined (STM32L4P5xx) || defined (STM3
2385:Drivers/STM32L4xx_HAL_Driver/Src/stm32l4xx_hal_rtc_ex.c ****   /* Check the parameters */
2386:Drivers/STM32L4xx_HAL_Driver/Src/stm32l4xx_hal_rtc_ex.c ****   assert_param(IS_RTC_BKP(BackupRegister));
 3525              		.loc 1 2386 3 view .LVU1159
2387:Drivers/STM32L4xx_HAL_Driver/Src/stm32l4xx_hal_rtc_ex.c **** 
2388:Drivers/STM32L4xx_HAL_Driver/Src/stm32l4xx_hal_rtc_ex.c ****   tmp = (uint32_t) & (hrtc->Instance->BKP0R);
 3526              		.loc 1 2388 3 view .LVU1160
 3527              		.loc 1 2388 27 is_stmt 0 view .LVU1161
 3528 0000 0368     		ldr	r3, [r0]
 3529              		.loc 1 2388 20 view .LVU1162
 3530 0002 5033     		adds	r3, r3, #80
 3531              	.LVL214:
2389:Drivers/STM32L4xx_HAL_Driver/Src/stm32l4xx_hal_rtc_ex.c **** #endif /* #if defined(STM32L412xx) || defined(STM32L422xx) || defined (STM32L4P5xx) || defined (STM
2390:Drivers/STM32L4xx_HAL_Driver/Src/stm32l4xx_hal_rtc_ex.c **** 
2391:Drivers/STM32L4xx_HAL_Driver/Src/stm32l4xx_hal_rtc_ex.c ****   tmp += (BackupRegister * 4U);
 3532              		.loc 1 2391 3 is_stmt 1 view .LVU1163
2392:Drivers/STM32L4xx_HAL_Driver/Src/stm32l4xx_hal_rtc_ex.c **** 
2393:Drivers/STM32L4xx_HAL_Driver/Src/stm32l4xx_hal_rtc_ex.c ****   /* Read the specified register */
2394:Drivers/STM32L4xx_HAL_Driver/Src/stm32l4xx_hal_rtc_ex.c ****   return (*(__IO uint32_t *)tmp);
 3533              		.loc 1 2394 3 view .LVU1164
 3534              		.loc 1 2394 11 is_stmt 0 view .LVU1165
 3535 0004 53F82100 		ldr	r0, [r3, r1, lsl #2]
 3536              	.LVL215:
2395:Drivers/STM32L4xx_HAL_Driver/Src/stm32l4xx_hal_rtc_ex.c **** }
 3537              		.loc 1 2395 1 view .LVU1166
 3538 0008 7047     		bx	lr
 3539              		.cfi_endproc
 3540              	.LFE420:
 3542              		.text
 3543              	.Letext0:
 3544              		.file 2 "/usr/lib/gcc/arm-none-eabi/13.2.1/include/stdint.h"
 3545              		.file 3 "Drivers/CMSIS/Device/ST/STM32L4xx/Include/stm32l433xx.h"
 3546              		.file 4 "Drivers/STM32L4xx_HAL_Driver/Inc/stm32l4xx_hal_def.h"
 3547              		.file 5 "Drivers/STM32L4xx_HAL_Driver/Inc/stm32l4xx_hal_rtc.h"
 3548              		.file 6 "Drivers/STM32L4xx_HAL_Driver/Inc/stm32l4xx_hal_rtc_ex.h"
 3549              		.file 7 "Drivers/STM32L4xx_HAL_Driver/Inc/stm32l4xx_ll_dma.h"
 3550              		.file 8 "Drivers/STM32L4xx_HAL_Driver/Inc/stm32l4xx_hal.h"
ARM GAS  /tmp/cc1jHbzH.s 			page 108


DEFINED SYMBOLS
                            *ABS*:00000000 stm32l4xx_hal_rtc_ex.c
     /tmp/cc1jHbzH.s:21     .text.HAL_RTCEx_SetTimeStamp:00000000 $t
     /tmp/cc1jHbzH.s:27     .text.HAL_RTCEx_SetTimeStamp:00000000 HAL_RTCEx_SetTimeStamp
     /tmp/cc1jHbzH.s:130    .text.HAL_RTCEx_SetTimeStamp_IT:00000000 $t
     /tmp/cc1jHbzH.s:136    .text.HAL_RTCEx_SetTimeStamp_IT:00000000 HAL_RTCEx_SetTimeStamp_IT
     /tmp/cc1jHbzH.s:252    .text.HAL_RTCEx_SetTimeStamp_IT:00000074 $d
     /tmp/cc1jHbzH.s:257    .text.HAL_RTCEx_DeactivateTimeStamp:00000000 $t
     /tmp/cc1jHbzH.s:263    .text.HAL_RTCEx_DeactivateTimeStamp:00000000 HAL_RTCEx_DeactivateTimeStamp
     /tmp/cc1jHbzH.s:348    .text.HAL_RTCEx_SetInternalTimeStamp:00000000 $t
     /tmp/cc1jHbzH.s:354    .text.HAL_RTCEx_SetInternalTimeStamp:00000000 HAL_RTCEx_SetInternalTimeStamp
     /tmp/cc1jHbzH.s:421    .text.HAL_RTCEx_DeactivateInternalTimeStamp:00000000 $t
     /tmp/cc1jHbzH.s:427    .text.HAL_RTCEx_DeactivateInternalTimeStamp:00000000 HAL_RTCEx_DeactivateInternalTimeStamp
     /tmp/cc1jHbzH.s:494    .text.HAL_RTCEx_GetTimeStamp:00000000 $t
     /tmp/cc1jHbzH.s:500    .text.HAL_RTCEx_GetTimeStamp:00000000 HAL_RTCEx_GetTimeStamp
     /tmp/cc1jHbzH.s:650    .text.HAL_RTCEx_GetTimeStamp:00000094 $d
     /tmp/cc1jHbzH.s:655    .text.HAL_RTCEx_TimeStampEventCallback:00000000 $t
     /tmp/cc1jHbzH.s:661    .text.HAL_RTCEx_TimeStampEventCallback:00000000 HAL_RTCEx_TimeStampEventCallback
     /tmp/cc1jHbzH.s:676    .text.HAL_RTCEx_PollForTimeStampEvent:00000000 $t
     /tmp/cc1jHbzH.s:682    .text.HAL_RTCEx_PollForTimeStampEvent:00000000 HAL_RTCEx_PollForTimeStampEvent
     /tmp/cc1jHbzH.s:775    .text.HAL_RTCEx_SetWakeUpTimer:00000000 $t
     /tmp/cc1jHbzH.s:781    .text.HAL_RTCEx_SetWakeUpTimer:00000000 HAL_RTCEx_SetWakeUpTimer
     /tmp/cc1jHbzH.s:933    .text.HAL_RTCEx_SetWakeUpTimer_IT:00000000 $t
     /tmp/cc1jHbzH.s:939    .text.HAL_RTCEx_SetWakeUpTimer_IT:00000000 HAL_RTCEx_SetWakeUpTimer_IT
     /tmp/cc1jHbzH.s:1112   .text.HAL_RTCEx_SetWakeUpTimer_IT:000000c8 $d
     /tmp/cc1jHbzH.s:1117   .text.HAL_RTCEx_DeactivateWakeUpTimer:00000000 $t
     /tmp/cc1jHbzH.s:1123   .text.HAL_RTCEx_DeactivateWakeUpTimer:00000000 HAL_RTCEx_DeactivateWakeUpTimer
     /tmp/cc1jHbzH.s:1247   .text.HAL_RTCEx_GetWakeUpTimer:00000000 $t
     /tmp/cc1jHbzH.s:1253   .text.HAL_RTCEx_GetWakeUpTimer:00000000 HAL_RTCEx_GetWakeUpTimer
     /tmp/cc1jHbzH.s:1274   .text.HAL_RTCEx_WakeUpTimerEventCallback:00000000 $t
     /tmp/cc1jHbzH.s:1280   .text.HAL_RTCEx_WakeUpTimerEventCallback:00000000 HAL_RTCEx_WakeUpTimerEventCallback
     /tmp/cc1jHbzH.s:1295   .text.HAL_RTCEx_WakeUpTimerIRQHandler:00000000 $t
     /tmp/cc1jHbzH.s:1301   .text.HAL_RTCEx_WakeUpTimerIRQHandler:00000000 HAL_RTCEx_WakeUpTimerIRQHandler
     /tmp/cc1jHbzH.s:1349   .text.HAL_RTCEx_WakeUpTimerIRQHandler:00000030 $d
     /tmp/cc1jHbzH.s:1354   .text.HAL_RTCEx_PollForWakeUpTimerEvent:00000000 $t
     /tmp/cc1jHbzH.s:1360   .text.HAL_RTCEx_PollForWakeUpTimerEvent:00000000 HAL_RTCEx_PollForWakeUpTimerEvent
     /tmp/cc1jHbzH.s:1438   .text.HAL_RTCEx_SetSmoothCalib:00000000 $t
     /tmp/cc1jHbzH.s:1444   .text.HAL_RTCEx_SetSmoothCalib:00000000 HAL_RTCEx_SetSmoothCalib
     /tmp/cc1jHbzH.s:1594   .text.HAL_RTCEx_SetSynchroShift:00000000 $t
     /tmp/cc1jHbzH.s:1600   .text.HAL_RTCEx_SetSynchroShift:00000000 HAL_RTCEx_SetSynchroShift
     /tmp/cc1jHbzH.s:1802   .text.HAL_RTCEx_SetCalibrationOutPut:00000000 $t
     /tmp/cc1jHbzH.s:1808   .text.HAL_RTCEx_SetCalibrationOutPut:00000000 HAL_RTCEx_SetCalibrationOutPut
     /tmp/cc1jHbzH.s:1903   .text.HAL_RTCEx_DeactivateCalibrationOutPut:00000000 $t
     /tmp/cc1jHbzH.s:1909   .text.HAL_RTCEx_DeactivateCalibrationOutPut:00000000 HAL_RTCEx_DeactivateCalibrationOutPut
     /tmp/cc1jHbzH.s:1976   .text.HAL_RTCEx_SetRefClock:00000000 $t
     /tmp/cc1jHbzH.s:1982   .text.HAL_RTCEx_SetRefClock:00000000 HAL_RTCEx_SetRefClock
     /tmp/cc1jHbzH.s:2081   .text.HAL_RTCEx_DeactivateRefClock:00000000 $t
     /tmp/cc1jHbzH.s:2087   .text.HAL_RTCEx_DeactivateRefClock:00000000 HAL_RTCEx_DeactivateRefClock
     /tmp/cc1jHbzH.s:2186   .text.HAL_RTCEx_EnableBypassShadow:00000000 $t
     /tmp/cc1jHbzH.s:2192   .text.HAL_RTCEx_EnableBypassShadow:00000000 HAL_RTCEx_EnableBypassShadow
     /tmp/cc1jHbzH.s:2259   .text.HAL_RTCEx_DisableBypassShadow:00000000 $t
     /tmp/cc1jHbzH.s:2265   .text.HAL_RTCEx_DisableBypassShadow:00000000 HAL_RTCEx_DisableBypassShadow
     /tmp/cc1jHbzH.s:2331   .text.HAL_RTCEx_DisableBypassShadow:00000044 $d
     /tmp/cc1jHbzH.s:2336   .text.HAL_RTCEx_AlarmBEventCallback:00000000 $t
     /tmp/cc1jHbzH.s:2342   .text.HAL_RTCEx_AlarmBEventCallback:00000000 HAL_RTCEx_AlarmBEventCallback
     /tmp/cc1jHbzH.s:2357   .text.HAL_RTCEx_PollForAlarmBEvent:00000000 $t
     /tmp/cc1jHbzH.s:2363   .text.HAL_RTCEx_PollForAlarmBEvent:00000000 HAL_RTCEx_PollForAlarmBEvent
ARM GAS  /tmp/cc1jHbzH.s 			page 109


     /tmp/cc1jHbzH.s:2441   .text.HAL_RTCEx_SetTamper:00000000 $t
     /tmp/cc1jHbzH.s:2447   .text.HAL_RTCEx_SetTamper:00000000 HAL_RTCEx_SetTamper
     /tmp/cc1jHbzH.s:2661   .text.HAL_RTCEx_SetTamper_IT:00000000 $t
     /tmp/cc1jHbzH.s:2667   .text.HAL_RTCEx_SetTamper_IT:00000000 HAL_RTCEx_SetTamper_IT
     /tmp/cc1jHbzH.s:2887   .text.HAL_RTCEx_SetTamper_IT:00000110 $d
     /tmp/cc1jHbzH.s:2892   .text.HAL_RTCEx_DeactivateTamper:00000000 $t
     /tmp/cc1jHbzH.s:2898   .text.HAL_RTCEx_DeactivateTamper:00000000 HAL_RTCEx_DeactivateTamper
     /tmp/cc1jHbzH.s:2997   .text.HAL_RTCEx_PollForTamper1Event:00000000 $t
     /tmp/cc1jHbzH.s:3003   .text.HAL_RTCEx_PollForTamper1Event:00000000 HAL_RTCEx_PollForTamper1Event
     /tmp/cc1jHbzH.s:3081   .text.HAL_RTCEx_PollForTamper2Event:00000000 $t
     /tmp/cc1jHbzH.s:3087   .text.HAL_RTCEx_PollForTamper2Event:00000000 HAL_RTCEx_PollForTamper2Event
     /tmp/cc1jHbzH.s:3165   .text.HAL_RTCEx_PollForTamper3Event:00000000 $t
     /tmp/cc1jHbzH.s:3171   .text.HAL_RTCEx_PollForTamper3Event:00000000 HAL_RTCEx_PollForTamper3Event
     /tmp/cc1jHbzH.s:3251   .text.HAL_RTCEx_Tamper1EventCallback:00000000 $t
     /tmp/cc1jHbzH.s:3257   .text.HAL_RTCEx_Tamper1EventCallback:00000000 HAL_RTCEx_Tamper1EventCallback
     /tmp/cc1jHbzH.s:3272   .text.HAL_RTCEx_Tamper2EventCallback:00000000 $t
     /tmp/cc1jHbzH.s:3278   .text.HAL_RTCEx_Tamper2EventCallback:00000000 HAL_RTCEx_Tamper2EventCallback
     /tmp/cc1jHbzH.s:3293   .text.HAL_RTCEx_Tamper3EventCallback:00000000 $t
     /tmp/cc1jHbzH.s:3299   .text.HAL_RTCEx_Tamper3EventCallback:00000000 HAL_RTCEx_Tamper3EventCallback
     /tmp/cc1jHbzH.s:3314   .text.HAL_RTCEx_TamperTimeStampIRQHandler:00000000 $t
     /tmp/cc1jHbzH.s:3320   .text.HAL_RTCEx_TamperTimeStampIRQHandler:00000000 HAL_RTCEx_TamperTimeStampIRQHandler
     /tmp/cc1jHbzH.s:3455   .text.HAL_RTCEx_TamperTimeStampIRQHandler:000000b0 $d
     /tmp/cc1jHbzH.s:3463   .text.HAL_RTCEx_BKUPWrite:00000000 $t
     /tmp/cc1jHbzH.s:3469   .text.HAL_RTCEx_BKUPWrite:00000000 HAL_RTCEx_BKUPWrite
     /tmp/cc1jHbzH.s:3510   .text.HAL_RTCEx_BKUPRead:00000000 $t
     /tmp/cc1jHbzH.s:3516   .text.HAL_RTCEx_BKUPRead:00000000 HAL_RTCEx_BKUPRead

UNDEFINED SYMBOLS
RTC_Bcd2ToByte
HAL_GetTick
HAL_RTC_WaitForSynchro
RTC_EnterInitMode
RTC_ExitInitMode
