ARM GAS  /tmp/ccLGcT9r.s 			page 1


   1              		.cpu cortex-m4
   2              		.arch armv7e-m
   3              		.fpu fpv4-sp-d16
   4              		.eabi_attribute 27, 1
   5              		.eabi_attribute 28, 1
   6              		.eabi_attribute 20, 1
   7              		.eabi_attribute 21, 1
   8              		.eabi_attribute 23, 3
   9              		.eabi_attribute 24, 1
  10              		.eabi_attribute 25, 1
  11              		.eabi_attribute 26, 1
  12              		.eabi_attribute 30, 1
  13              		.eabi_attribute 34, 1
  14              		.eabi_attribute 18, 4
  15              		.file	"stm32l4xx_hal_qspi.c"
  16              		.text
  17              	.Ltext0:
  18              		.cfi_sections	.debug_frame
  19              		.file 1 "Drivers/STM32L4xx_HAL_Driver/Src/stm32l4xx_hal_qspi.c"
  20              		.section	.text.QSPI_DMARxCplt,"ax",%progbits
  21              		.align	1
  22              		.syntax unified
  23              		.thumb
  24              		.thumb_func
  26              	QSPI_DMARxCplt:
  27              	.LVL0:
  28              	.LFB418:
   1:Drivers/STM32L4xx_HAL_Driver/Src/stm32l4xx_hal_qspi.c **** /**
   2:Drivers/STM32L4xx_HAL_Driver/Src/stm32l4xx_hal_qspi.c ****   ******************************************************************************
   3:Drivers/STM32L4xx_HAL_Driver/Src/stm32l4xx_hal_qspi.c ****   * @file    stm32l4xx_hal_qspi.c
   4:Drivers/STM32L4xx_HAL_Driver/Src/stm32l4xx_hal_qspi.c ****   * @author  MCD Application Team
   5:Drivers/STM32L4xx_HAL_Driver/Src/stm32l4xx_hal_qspi.c ****   * @brief   QSPI HAL module driver.
   6:Drivers/STM32L4xx_HAL_Driver/Src/stm32l4xx_hal_qspi.c ****   *          This file provides firmware functions to manage the following
   7:Drivers/STM32L4xx_HAL_Driver/Src/stm32l4xx_hal_qspi.c ****   *          functionalities of the QuadSPI interface (QSPI).
   8:Drivers/STM32L4xx_HAL_Driver/Src/stm32l4xx_hal_qspi.c ****   *           + Initialization and de-initialization functions
   9:Drivers/STM32L4xx_HAL_Driver/Src/stm32l4xx_hal_qspi.c ****   *           + Indirect functional mode management
  10:Drivers/STM32L4xx_HAL_Driver/Src/stm32l4xx_hal_qspi.c ****   *           + Memory-mapped functional mode management
  11:Drivers/STM32L4xx_HAL_Driver/Src/stm32l4xx_hal_qspi.c ****   *           + Auto-polling functional mode management
  12:Drivers/STM32L4xx_HAL_Driver/Src/stm32l4xx_hal_qspi.c ****   *           + Interrupts and flags management
  13:Drivers/STM32L4xx_HAL_Driver/Src/stm32l4xx_hal_qspi.c ****   *           + DMA channel configuration for indirect functional mode
  14:Drivers/STM32L4xx_HAL_Driver/Src/stm32l4xx_hal_qspi.c ****   *           + Errors management and abort functionality
  15:Drivers/STM32L4xx_HAL_Driver/Src/stm32l4xx_hal_qspi.c ****   *
  16:Drivers/STM32L4xx_HAL_Driver/Src/stm32l4xx_hal_qspi.c ****   *
  17:Drivers/STM32L4xx_HAL_Driver/Src/stm32l4xx_hal_qspi.c ****   ******************************************************************************
  18:Drivers/STM32L4xx_HAL_Driver/Src/stm32l4xx_hal_qspi.c ****   * @attention
  19:Drivers/STM32L4xx_HAL_Driver/Src/stm32l4xx_hal_qspi.c ****   *
  20:Drivers/STM32L4xx_HAL_Driver/Src/stm32l4xx_hal_qspi.c ****   * Copyright (c) 2017 STMicroelectronics.
  21:Drivers/STM32L4xx_HAL_Driver/Src/stm32l4xx_hal_qspi.c ****   * All rights reserved.
  22:Drivers/STM32L4xx_HAL_Driver/Src/stm32l4xx_hal_qspi.c ****   *
  23:Drivers/STM32L4xx_HAL_Driver/Src/stm32l4xx_hal_qspi.c ****   * This software is licensed under terms that can be found in the LICENSE file
  24:Drivers/STM32L4xx_HAL_Driver/Src/stm32l4xx_hal_qspi.c ****   * in the root directory of this software component.
  25:Drivers/STM32L4xx_HAL_Driver/Src/stm32l4xx_hal_qspi.c ****   * If no LICENSE file comes with this software, it is provided AS-IS.
  26:Drivers/STM32L4xx_HAL_Driver/Src/stm32l4xx_hal_qspi.c ****   *
  27:Drivers/STM32L4xx_HAL_Driver/Src/stm32l4xx_hal_qspi.c ****   ******************************************************************************
  28:Drivers/STM32L4xx_HAL_Driver/Src/stm32l4xx_hal_qspi.c ****   @verbatim
  29:Drivers/STM32L4xx_HAL_Driver/Src/stm32l4xx_hal_qspi.c ****  ===============================================================================
  30:Drivers/STM32L4xx_HAL_Driver/Src/stm32l4xx_hal_qspi.c ****                         ##### How to use this driver #####
ARM GAS  /tmp/ccLGcT9r.s 			page 2


  31:Drivers/STM32L4xx_HAL_Driver/Src/stm32l4xx_hal_qspi.c ****  ===============================================================================
  32:Drivers/STM32L4xx_HAL_Driver/Src/stm32l4xx_hal_qspi.c ****   [..]
  33:Drivers/STM32L4xx_HAL_Driver/Src/stm32l4xx_hal_qspi.c ****     *** Initialization ***
  34:Drivers/STM32L4xx_HAL_Driver/Src/stm32l4xx_hal_qspi.c ****     ======================
  35:Drivers/STM32L4xx_HAL_Driver/Src/stm32l4xx_hal_qspi.c ****     [..]
  36:Drivers/STM32L4xx_HAL_Driver/Src/stm32l4xx_hal_qspi.c ****       (#) As prerequisite, fill in the HAL_QSPI_MspInit() :
  37:Drivers/STM32L4xx_HAL_Driver/Src/stm32l4xx_hal_qspi.c ****         (++) Enable QuadSPI clock interface with __HAL_RCC_QSPI_CLK_ENABLE().
  38:Drivers/STM32L4xx_HAL_Driver/Src/stm32l4xx_hal_qspi.c ****         (++) Reset QuadSPI Peripheral with __HAL_RCC_QSPI_FORCE_RESET() and __HAL_RCC_QSPI_RELEASE_
  39:Drivers/STM32L4xx_HAL_Driver/Src/stm32l4xx_hal_qspi.c ****         (++) Enable the clocks for the QuadSPI GPIOS with __HAL_RCC_GPIOx_CLK_ENABLE().
  40:Drivers/STM32L4xx_HAL_Driver/Src/stm32l4xx_hal_qspi.c ****         (++) Configure these QuadSPI pins in alternate mode using HAL_GPIO_Init().
  41:Drivers/STM32L4xx_HAL_Driver/Src/stm32l4xx_hal_qspi.c ****         (++) If interrupt mode is used, enable and configure QuadSPI global
  42:Drivers/STM32L4xx_HAL_Driver/Src/stm32l4xx_hal_qspi.c ****             interrupt with HAL_NVIC_SetPriority() and HAL_NVIC_EnableIRQ().
  43:Drivers/STM32L4xx_HAL_Driver/Src/stm32l4xx_hal_qspi.c ****         (++) If DMA mode is used, enable the clocks for the QuadSPI DMA channel
  44:Drivers/STM32L4xx_HAL_Driver/Src/stm32l4xx_hal_qspi.c ****             with __HAL_RCC_DMAx_CLK_ENABLE(), configure DMA with HAL_DMA_Init(),
  45:Drivers/STM32L4xx_HAL_Driver/Src/stm32l4xx_hal_qspi.c ****             link it with QuadSPI handle using __HAL_LINKDMA(), enable and configure
  46:Drivers/STM32L4xx_HAL_Driver/Src/stm32l4xx_hal_qspi.c ****             DMA channel global interrupt with HAL_NVIC_SetPriority() and HAL_NVIC_EnableIRQ().
  47:Drivers/STM32L4xx_HAL_Driver/Src/stm32l4xx_hal_qspi.c ****       (#) Configure the flash size, the clock prescaler, the fifo threshold, the
  48:Drivers/STM32L4xx_HAL_Driver/Src/stm32l4xx_hal_qspi.c ****           clock mode, the sample shifting and the CS high time using the HAL_QSPI_Init() function.
  49:Drivers/STM32L4xx_HAL_Driver/Src/stm32l4xx_hal_qspi.c **** 
  50:Drivers/STM32L4xx_HAL_Driver/Src/stm32l4xx_hal_qspi.c ****     *** Indirect functional mode ***
  51:Drivers/STM32L4xx_HAL_Driver/Src/stm32l4xx_hal_qspi.c ****     ================================
  52:Drivers/STM32L4xx_HAL_Driver/Src/stm32l4xx_hal_qspi.c ****     [..]
  53:Drivers/STM32L4xx_HAL_Driver/Src/stm32l4xx_hal_qspi.c ****       (#) Configure the command sequence using the HAL_QSPI_Command() or HAL_QSPI_Command_IT()
  54:Drivers/STM32L4xx_HAL_Driver/Src/stm32l4xx_hal_qspi.c ****           functions :
  55:Drivers/STM32L4xx_HAL_Driver/Src/stm32l4xx_hal_qspi.c ****          (++) Instruction phase : the mode used and if present the instruction opcode.
  56:Drivers/STM32L4xx_HAL_Driver/Src/stm32l4xx_hal_qspi.c ****          (++) Address phase : the mode used and if present the size and the address value.
  57:Drivers/STM32L4xx_HAL_Driver/Src/stm32l4xx_hal_qspi.c ****          (++) Alternate-bytes phase : the mode used and if present the size and the alternate
  58:Drivers/STM32L4xx_HAL_Driver/Src/stm32l4xx_hal_qspi.c ****              bytes values.
  59:Drivers/STM32L4xx_HAL_Driver/Src/stm32l4xx_hal_qspi.c ****          (++) Dummy-cycles phase : the number of dummy cycles (mode used is same as data phase).
  60:Drivers/STM32L4xx_HAL_Driver/Src/stm32l4xx_hal_qspi.c ****          (++) Data phase : the mode used and if present the number of bytes.
  61:Drivers/STM32L4xx_HAL_Driver/Src/stm32l4xx_hal_qspi.c ****          (++) Double Data Rate (DDR) mode : the activation (or not) of this mode and the delay
  62:Drivers/STM32L4xx_HAL_Driver/Src/stm32l4xx_hal_qspi.c ****              if activated.
  63:Drivers/STM32L4xx_HAL_Driver/Src/stm32l4xx_hal_qspi.c ****          (++) Sending Instruction Only Once (SIOO) mode : the activation (or not) of this mode.
  64:Drivers/STM32L4xx_HAL_Driver/Src/stm32l4xx_hal_qspi.c ****       (#) If no data is required for the command, it is sent directly to the memory :
  65:Drivers/STM32L4xx_HAL_Driver/Src/stm32l4xx_hal_qspi.c ****          (++) In polling mode, the output of the function is done when the transfer is complete.
  66:Drivers/STM32L4xx_HAL_Driver/Src/stm32l4xx_hal_qspi.c ****          (++) In interrupt mode, HAL_QSPI_CmdCpltCallback() will be called when the transfer is com
  67:Drivers/STM32L4xx_HAL_Driver/Src/stm32l4xx_hal_qspi.c ****       (#) For the indirect write mode, use HAL_QSPI_Transmit(), HAL_QSPI_Transmit_DMA() or
  68:Drivers/STM32L4xx_HAL_Driver/Src/stm32l4xx_hal_qspi.c ****           HAL_QSPI_Transmit_IT() after the command configuration :
  69:Drivers/STM32L4xx_HAL_Driver/Src/stm32l4xx_hal_qspi.c ****          (++) In polling mode, the output of the function is done when the transfer is complete.
  70:Drivers/STM32L4xx_HAL_Driver/Src/stm32l4xx_hal_qspi.c ****          (++) In interrupt mode, HAL_QSPI_FifoThresholdCallback() will be called when the fifo thre
  71:Drivers/STM32L4xx_HAL_Driver/Src/stm32l4xx_hal_qspi.c ****              is reached and HAL_QSPI_TxCpltCallback() will be called when the transfer is complete.
  72:Drivers/STM32L4xx_HAL_Driver/Src/stm32l4xx_hal_qspi.c ****          (++) In DMA mode, HAL_QSPI_TxHalfCpltCallback() will be called at the half transfer and
  73:Drivers/STM32L4xx_HAL_Driver/Src/stm32l4xx_hal_qspi.c ****              HAL_QSPI_TxCpltCallback() will be called when the transfer is complete.
  74:Drivers/STM32L4xx_HAL_Driver/Src/stm32l4xx_hal_qspi.c ****       (#) For the indirect read mode, use HAL_QSPI_Receive(), HAL_QSPI_Receive_DMA() or
  75:Drivers/STM32L4xx_HAL_Driver/Src/stm32l4xx_hal_qspi.c ****           HAL_QSPI_Receive_IT() after the command configuration :
  76:Drivers/STM32L4xx_HAL_Driver/Src/stm32l4xx_hal_qspi.c ****          (++) In polling mode, the output of the function is done when the transfer is complete.
  77:Drivers/STM32L4xx_HAL_Driver/Src/stm32l4xx_hal_qspi.c ****          (++) In interrupt mode, HAL_QSPI_FifoThresholdCallback() will be called when the fifo thre
  78:Drivers/STM32L4xx_HAL_Driver/Src/stm32l4xx_hal_qspi.c ****              is reached and HAL_QSPI_RxCpltCallback() will be called when the transfer is complete.
  79:Drivers/STM32L4xx_HAL_Driver/Src/stm32l4xx_hal_qspi.c ****          (++) In DMA mode, HAL_QSPI_RxHalfCpltCallback() will be called at the half transfer and
  80:Drivers/STM32L4xx_HAL_Driver/Src/stm32l4xx_hal_qspi.c ****              HAL_QSPI_RxCpltCallback() will be called when the transfer is complete.
  81:Drivers/STM32L4xx_HAL_Driver/Src/stm32l4xx_hal_qspi.c **** 
  82:Drivers/STM32L4xx_HAL_Driver/Src/stm32l4xx_hal_qspi.c ****     *** Auto-polling functional mode ***
  83:Drivers/STM32L4xx_HAL_Driver/Src/stm32l4xx_hal_qspi.c ****     ====================================
  84:Drivers/STM32L4xx_HAL_Driver/Src/stm32l4xx_hal_qspi.c ****     [..]
  85:Drivers/STM32L4xx_HAL_Driver/Src/stm32l4xx_hal_qspi.c ****       (#) Configure the command sequence and the auto-polling functional mode using the
  86:Drivers/STM32L4xx_HAL_Driver/Src/stm32l4xx_hal_qspi.c ****           HAL_QSPI_AutoPolling() or HAL_QSPI_AutoPolling_IT() functions :
  87:Drivers/STM32L4xx_HAL_Driver/Src/stm32l4xx_hal_qspi.c ****          (++) Instruction phase : the mode used and if present the instruction opcode.
ARM GAS  /tmp/ccLGcT9r.s 			page 3


  88:Drivers/STM32L4xx_HAL_Driver/Src/stm32l4xx_hal_qspi.c ****          (++) Address phase : the mode used and if present the size and the address value.
  89:Drivers/STM32L4xx_HAL_Driver/Src/stm32l4xx_hal_qspi.c ****          (++) Alternate-bytes phase : the mode used and if present the size and the alternate
  90:Drivers/STM32L4xx_HAL_Driver/Src/stm32l4xx_hal_qspi.c ****              bytes values.
  91:Drivers/STM32L4xx_HAL_Driver/Src/stm32l4xx_hal_qspi.c ****          (++) Dummy-cycles phase : the number of dummy cycles (mode used is same as data phase).
  92:Drivers/STM32L4xx_HAL_Driver/Src/stm32l4xx_hal_qspi.c ****          (++) Data phase : the mode used.
  93:Drivers/STM32L4xx_HAL_Driver/Src/stm32l4xx_hal_qspi.c ****          (++) Double Data Rate (DDR) mode : the activation (or not) of this mode and the delay
  94:Drivers/STM32L4xx_HAL_Driver/Src/stm32l4xx_hal_qspi.c ****              if activated.
  95:Drivers/STM32L4xx_HAL_Driver/Src/stm32l4xx_hal_qspi.c ****          (++) Sending Instruction Only Once (SIOO) mode : the activation (or not) of this mode.
  96:Drivers/STM32L4xx_HAL_Driver/Src/stm32l4xx_hal_qspi.c ****          (++) The size of the status bytes, the match value, the mask used, the match mode (OR/AND)
  97:Drivers/STM32L4xx_HAL_Driver/Src/stm32l4xx_hal_qspi.c ****              the polling interval and the automatic stop activation.
  98:Drivers/STM32L4xx_HAL_Driver/Src/stm32l4xx_hal_qspi.c ****       (#) After the configuration :
  99:Drivers/STM32L4xx_HAL_Driver/Src/stm32l4xx_hal_qspi.c ****          (++) In polling mode, the output of the function is done when the status match is reached.
 100:Drivers/STM32L4xx_HAL_Driver/Src/stm32l4xx_hal_qspi.c ****              automatic stop is activated to avoid an infinite loop.
 101:Drivers/STM32L4xx_HAL_Driver/Src/stm32l4xx_hal_qspi.c ****          (++) In interrupt mode, HAL_QSPI_StatusMatchCallback() will be called each time the status
 102:Drivers/STM32L4xx_HAL_Driver/Src/stm32l4xx_hal_qspi.c **** 
 103:Drivers/STM32L4xx_HAL_Driver/Src/stm32l4xx_hal_qspi.c ****     *** Memory-mapped functional mode ***
 104:Drivers/STM32L4xx_HAL_Driver/Src/stm32l4xx_hal_qspi.c ****     =====================================
 105:Drivers/STM32L4xx_HAL_Driver/Src/stm32l4xx_hal_qspi.c ****     [..]
 106:Drivers/STM32L4xx_HAL_Driver/Src/stm32l4xx_hal_qspi.c ****       (#) Configure the command sequence and the memory-mapped functional mode using the
 107:Drivers/STM32L4xx_HAL_Driver/Src/stm32l4xx_hal_qspi.c ****           HAL_QSPI_MemoryMapped() functions :
 108:Drivers/STM32L4xx_HAL_Driver/Src/stm32l4xx_hal_qspi.c ****          (++) Instruction phase : the mode used and if present the instruction opcode.
 109:Drivers/STM32L4xx_HAL_Driver/Src/stm32l4xx_hal_qspi.c ****          (++) Address phase : the mode used and the size.
 110:Drivers/STM32L4xx_HAL_Driver/Src/stm32l4xx_hal_qspi.c ****          (++) Alternate-bytes phase : the mode used and if present the size and the alternate
 111:Drivers/STM32L4xx_HAL_Driver/Src/stm32l4xx_hal_qspi.c ****              bytes values.
 112:Drivers/STM32L4xx_HAL_Driver/Src/stm32l4xx_hal_qspi.c ****          (++) Dummy-cycles phase : the number of dummy cycles (mode used is same as data phase).
 113:Drivers/STM32L4xx_HAL_Driver/Src/stm32l4xx_hal_qspi.c ****          (++) Data phase : the mode used.
 114:Drivers/STM32L4xx_HAL_Driver/Src/stm32l4xx_hal_qspi.c ****          (++) Double Data Rate (DDR) mode : the activation (or not) of this mode and the delay
 115:Drivers/STM32L4xx_HAL_Driver/Src/stm32l4xx_hal_qspi.c ****              if activated.
 116:Drivers/STM32L4xx_HAL_Driver/Src/stm32l4xx_hal_qspi.c ****          (++) Sending Instruction Only Once (SIOO) mode : the activation (or not) of this mode.
 117:Drivers/STM32L4xx_HAL_Driver/Src/stm32l4xx_hal_qspi.c ****          (++) The timeout activation and the timeout period.
 118:Drivers/STM32L4xx_HAL_Driver/Src/stm32l4xx_hal_qspi.c ****       (#) After the configuration, the QuadSPI will be used as soon as an access on the AHB is done
 119:Drivers/STM32L4xx_HAL_Driver/Src/stm32l4xx_hal_qspi.c ****           the address range. HAL_QSPI_TimeOutCallback() will be called when the timeout expires.
 120:Drivers/STM32L4xx_HAL_Driver/Src/stm32l4xx_hal_qspi.c **** 
 121:Drivers/STM32L4xx_HAL_Driver/Src/stm32l4xx_hal_qspi.c ****     *** Errors management and abort functionality ***
 122:Drivers/STM32L4xx_HAL_Driver/Src/stm32l4xx_hal_qspi.c ****     =================================================
 123:Drivers/STM32L4xx_HAL_Driver/Src/stm32l4xx_hal_qspi.c ****     [..]
 124:Drivers/STM32L4xx_HAL_Driver/Src/stm32l4xx_hal_qspi.c ****       (#) HAL_QSPI_GetError() function gives the error raised during the last operation.
 125:Drivers/STM32L4xx_HAL_Driver/Src/stm32l4xx_hal_qspi.c ****       (#) HAL_QSPI_Abort() and HAL_QSPI_Abort_IT() functions aborts any on-going operation and
 126:Drivers/STM32L4xx_HAL_Driver/Src/stm32l4xx_hal_qspi.c ****           flushes the fifo :
 127:Drivers/STM32L4xx_HAL_Driver/Src/stm32l4xx_hal_qspi.c ****          (++) In polling mode, the output of the function is done when the transfer
 128:Drivers/STM32L4xx_HAL_Driver/Src/stm32l4xx_hal_qspi.c ****               complete bit is set and the busy bit cleared.
 129:Drivers/STM32L4xx_HAL_Driver/Src/stm32l4xx_hal_qspi.c ****          (++) In interrupt mode, HAL_QSPI_AbortCpltCallback() will be called when
 130:Drivers/STM32L4xx_HAL_Driver/Src/stm32l4xx_hal_qspi.c ****               the transfer complete bit is set.
 131:Drivers/STM32L4xx_HAL_Driver/Src/stm32l4xx_hal_qspi.c **** 
 132:Drivers/STM32L4xx_HAL_Driver/Src/stm32l4xx_hal_qspi.c ****     *** Control functions ***
 133:Drivers/STM32L4xx_HAL_Driver/Src/stm32l4xx_hal_qspi.c ****     =========================
 134:Drivers/STM32L4xx_HAL_Driver/Src/stm32l4xx_hal_qspi.c ****     [..]
 135:Drivers/STM32L4xx_HAL_Driver/Src/stm32l4xx_hal_qspi.c ****       (#) HAL_QSPI_GetState() function gives the current state of the HAL QuadSPI driver.
 136:Drivers/STM32L4xx_HAL_Driver/Src/stm32l4xx_hal_qspi.c ****       (#) HAL_QSPI_SetTimeout() function configures the timeout value used in the driver.
 137:Drivers/STM32L4xx_HAL_Driver/Src/stm32l4xx_hal_qspi.c ****       (#) HAL_QSPI_SetFifoThreshold() function configures the threshold on the Fifo of the QSPI IP.
 138:Drivers/STM32L4xx_HAL_Driver/Src/stm32l4xx_hal_qspi.c ****       (#) HAL_QSPI_GetFifoThreshold() function gives the current of the Fifo's threshold
 139:Drivers/STM32L4xx_HAL_Driver/Src/stm32l4xx_hal_qspi.c ****       (#) HAL_QSPI_SetFlashID() function configures the index of the flash memory to be accessed.
 140:Drivers/STM32L4xx_HAL_Driver/Src/stm32l4xx_hal_qspi.c **** 
 141:Drivers/STM32L4xx_HAL_Driver/Src/stm32l4xx_hal_qspi.c ****     *** Callback registration ***
 142:Drivers/STM32L4xx_HAL_Driver/Src/stm32l4xx_hal_qspi.c ****     =============================================
 143:Drivers/STM32L4xx_HAL_Driver/Src/stm32l4xx_hal_qspi.c ****     [..]
 144:Drivers/STM32L4xx_HAL_Driver/Src/stm32l4xx_hal_qspi.c ****       The compilation define  USE_HAL_QSPI_REGISTER_CALLBACKS when set to 1
ARM GAS  /tmp/ccLGcT9r.s 			page 4


 145:Drivers/STM32L4xx_HAL_Driver/Src/stm32l4xx_hal_qspi.c ****       allows the user to configure dynamically the driver callbacks.
 146:Drivers/STM32L4xx_HAL_Driver/Src/stm32l4xx_hal_qspi.c **** 
 147:Drivers/STM32L4xx_HAL_Driver/Src/stm32l4xx_hal_qspi.c ****       Use Functions HAL_QSPI_RegisterCallback() to register a user callback,
 148:Drivers/STM32L4xx_HAL_Driver/Src/stm32l4xx_hal_qspi.c ****       it allows to register following callbacks:
 149:Drivers/STM32L4xx_HAL_Driver/Src/stm32l4xx_hal_qspi.c ****         (+) ErrorCallback : callback when error occurs.
 150:Drivers/STM32L4xx_HAL_Driver/Src/stm32l4xx_hal_qspi.c ****         (+) AbortCpltCallback : callback when abort is completed.
 151:Drivers/STM32L4xx_HAL_Driver/Src/stm32l4xx_hal_qspi.c ****         (+) FifoThresholdCallback : callback when the fifo threshold is reached.
 152:Drivers/STM32L4xx_HAL_Driver/Src/stm32l4xx_hal_qspi.c ****         (+) CmdCpltCallback : callback when a command without data is completed.
 153:Drivers/STM32L4xx_HAL_Driver/Src/stm32l4xx_hal_qspi.c ****         (+) RxCpltCallback : callback when a reception transfer is completed.
 154:Drivers/STM32L4xx_HAL_Driver/Src/stm32l4xx_hal_qspi.c ****         (+) TxCpltCallback : callback when a transmission transfer is completed.
 155:Drivers/STM32L4xx_HAL_Driver/Src/stm32l4xx_hal_qspi.c ****         (+) RxHalfCpltCallback : callback when half of the reception transfer is completed.
 156:Drivers/STM32L4xx_HAL_Driver/Src/stm32l4xx_hal_qspi.c ****         (+) TxHalfCpltCallback : callback when half of the transmission transfer is completed.
 157:Drivers/STM32L4xx_HAL_Driver/Src/stm32l4xx_hal_qspi.c ****         (+) StatusMatchCallback : callback when a status match occurs.
 158:Drivers/STM32L4xx_HAL_Driver/Src/stm32l4xx_hal_qspi.c ****         (+) TimeOutCallback : callback when the timeout perioed expires.
 159:Drivers/STM32L4xx_HAL_Driver/Src/stm32l4xx_hal_qspi.c ****         (+) MspInitCallback    : QSPI MspInit.
 160:Drivers/STM32L4xx_HAL_Driver/Src/stm32l4xx_hal_qspi.c ****         (+) MspDeInitCallback  : QSPI MspDeInit.
 161:Drivers/STM32L4xx_HAL_Driver/Src/stm32l4xx_hal_qspi.c ****       This function takes as parameters the HAL peripheral handle, the Callback ID
 162:Drivers/STM32L4xx_HAL_Driver/Src/stm32l4xx_hal_qspi.c ****       and a pointer to the user callback function.
 163:Drivers/STM32L4xx_HAL_Driver/Src/stm32l4xx_hal_qspi.c **** 
 164:Drivers/STM32L4xx_HAL_Driver/Src/stm32l4xx_hal_qspi.c ****       Use function HAL_QSPI_UnRegisterCallback() to reset a callback to the default
 165:Drivers/STM32L4xx_HAL_Driver/Src/stm32l4xx_hal_qspi.c ****       weak (overridden) function. It allows to reset following callbacks:
 166:Drivers/STM32L4xx_HAL_Driver/Src/stm32l4xx_hal_qspi.c ****         (+) ErrorCallback : callback when error occurs.
 167:Drivers/STM32L4xx_HAL_Driver/Src/stm32l4xx_hal_qspi.c ****         (+) AbortCpltCallback : callback when abort is completed.
 168:Drivers/STM32L4xx_HAL_Driver/Src/stm32l4xx_hal_qspi.c ****         (+) FifoThresholdCallback : callback when the fifo threshold is reached.
 169:Drivers/STM32L4xx_HAL_Driver/Src/stm32l4xx_hal_qspi.c ****         (+) CmdCpltCallback : callback when a command without data is completed.
 170:Drivers/STM32L4xx_HAL_Driver/Src/stm32l4xx_hal_qspi.c ****         (+) RxCpltCallback : callback when a reception transfer is completed.
 171:Drivers/STM32L4xx_HAL_Driver/Src/stm32l4xx_hal_qspi.c ****         (+) TxCpltCallback : callback when a transmission transfer is completed.
 172:Drivers/STM32L4xx_HAL_Driver/Src/stm32l4xx_hal_qspi.c ****         (+) RxHalfCpltCallback : callback when half of the reception transfer is completed.
 173:Drivers/STM32L4xx_HAL_Driver/Src/stm32l4xx_hal_qspi.c ****         (+) TxHalfCpltCallback : callback when half of the transmission transfer is completed.
 174:Drivers/STM32L4xx_HAL_Driver/Src/stm32l4xx_hal_qspi.c ****         (+) StatusMatchCallback : callback when a status match occurs.
 175:Drivers/STM32L4xx_HAL_Driver/Src/stm32l4xx_hal_qspi.c ****         (+) TimeOutCallback : callback when the timeout perioed expires.
 176:Drivers/STM32L4xx_HAL_Driver/Src/stm32l4xx_hal_qspi.c ****         (+) MspInitCallback    : QSPI MspInit.
 177:Drivers/STM32L4xx_HAL_Driver/Src/stm32l4xx_hal_qspi.c ****         (+) MspDeInitCallback  : QSPI MspDeInit.
 178:Drivers/STM32L4xx_HAL_Driver/Src/stm32l4xx_hal_qspi.c ****       This function) takes as parameters the HAL peripheral handle and the Callback ID.
 179:Drivers/STM32L4xx_HAL_Driver/Src/stm32l4xx_hal_qspi.c **** 
 180:Drivers/STM32L4xx_HAL_Driver/Src/stm32l4xx_hal_qspi.c ****       By default, after the HAL_QSPI_Init and if the state is HAL_QSPI_STATE_RESET
 181:Drivers/STM32L4xx_HAL_Driver/Src/stm32l4xx_hal_qspi.c ****       all callbacks are reset to the corresponding legacy weak (overridden) functions.
 182:Drivers/STM32L4xx_HAL_Driver/Src/stm32l4xx_hal_qspi.c ****       Exception done for MspInit and MspDeInit callbacks that are respectively
 183:Drivers/STM32L4xx_HAL_Driver/Src/stm32l4xx_hal_qspi.c ****       reset to the legacy weak (overridden) functions in the HAL_QSPI_Init
 184:Drivers/STM32L4xx_HAL_Driver/Src/stm32l4xx_hal_qspi.c ****       and  HAL_QSPI_DeInit only when these callbacks are null (not registered beforehand).
 185:Drivers/STM32L4xx_HAL_Driver/Src/stm32l4xx_hal_qspi.c ****       If not, MspInit or MspDeInit are not null, the HAL_QSPI_Init and HAL_QSPI_DeInit
 186:Drivers/STM32L4xx_HAL_Driver/Src/stm32l4xx_hal_qspi.c ****       keep and use the user MspInit/MspDeInit callbacks (registered beforehand)
 187:Drivers/STM32L4xx_HAL_Driver/Src/stm32l4xx_hal_qspi.c **** 
 188:Drivers/STM32L4xx_HAL_Driver/Src/stm32l4xx_hal_qspi.c ****       Callbacks can be registered/unregistered in READY state only.
 189:Drivers/STM32L4xx_HAL_Driver/Src/stm32l4xx_hal_qspi.c ****       Exception done for MspInit/MspDeInit callbacks that can be registered/unregistered
 190:Drivers/STM32L4xx_HAL_Driver/Src/stm32l4xx_hal_qspi.c ****       in READY or RESET state, thus registered (user) MspInit/DeInit callbacks can be used
 191:Drivers/STM32L4xx_HAL_Driver/Src/stm32l4xx_hal_qspi.c ****       during the Init/DeInit.
 192:Drivers/STM32L4xx_HAL_Driver/Src/stm32l4xx_hal_qspi.c ****       In that case first register the MspInit/MspDeInit user callbacks
 193:Drivers/STM32L4xx_HAL_Driver/Src/stm32l4xx_hal_qspi.c ****       using HAL_QSPI_RegisterCallback before calling HAL_QSPI_DeInit
 194:Drivers/STM32L4xx_HAL_Driver/Src/stm32l4xx_hal_qspi.c ****       or HAL_QSPI_Init function.
 195:Drivers/STM32L4xx_HAL_Driver/Src/stm32l4xx_hal_qspi.c **** 
 196:Drivers/STM32L4xx_HAL_Driver/Src/stm32l4xx_hal_qspi.c ****       When The compilation define USE_HAL_QSPI_REGISTER_CALLBACKS is set to 0 or
 197:Drivers/STM32L4xx_HAL_Driver/Src/stm32l4xx_hal_qspi.c ****       not defined, the callback registering feature is not available
 198:Drivers/STM32L4xx_HAL_Driver/Src/stm32l4xx_hal_qspi.c ****       and weak (overridden) callbacks are used.
 199:Drivers/STM32L4xx_HAL_Driver/Src/stm32l4xx_hal_qspi.c **** 
 200:Drivers/STM32L4xx_HAL_Driver/Src/stm32l4xx_hal_qspi.c ****     *** Workarounds linked to Silicon Limitation ***
 201:Drivers/STM32L4xx_HAL_Driver/Src/stm32l4xx_hal_qspi.c ****     ====================================================
ARM GAS  /tmp/ccLGcT9r.s 			page 5


 202:Drivers/STM32L4xx_HAL_Driver/Src/stm32l4xx_hal_qspi.c ****     [..]
 203:Drivers/STM32L4xx_HAL_Driver/Src/stm32l4xx_hal_qspi.c ****       (#) Workarounds Implemented inside HAL Driver
 204:Drivers/STM32L4xx_HAL_Driver/Src/stm32l4xx_hal_qspi.c ****          (++) Extra data written in the FIFO at the end of a read transfer
 205:Drivers/STM32L4xx_HAL_Driver/Src/stm32l4xx_hal_qspi.c **** 
 206:Drivers/STM32L4xx_HAL_Driver/Src/stm32l4xx_hal_qspi.c ****   @endverbatim
 207:Drivers/STM32L4xx_HAL_Driver/Src/stm32l4xx_hal_qspi.c ****   ******************************************************************************
 208:Drivers/STM32L4xx_HAL_Driver/Src/stm32l4xx_hal_qspi.c ****   */
 209:Drivers/STM32L4xx_HAL_Driver/Src/stm32l4xx_hal_qspi.c **** 
 210:Drivers/STM32L4xx_HAL_Driver/Src/stm32l4xx_hal_qspi.c **** /* Includes ------------------------------------------------------------------*/
 211:Drivers/STM32L4xx_HAL_Driver/Src/stm32l4xx_hal_qspi.c **** #include "stm32l4xx_hal.h"
 212:Drivers/STM32L4xx_HAL_Driver/Src/stm32l4xx_hal_qspi.c **** 
 213:Drivers/STM32L4xx_HAL_Driver/Src/stm32l4xx_hal_qspi.c **** #if defined(QUADSPI)
 214:Drivers/STM32L4xx_HAL_Driver/Src/stm32l4xx_hal_qspi.c **** 
 215:Drivers/STM32L4xx_HAL_Driver/Src/stm32l4xx_hal_qspi.c **** /** @addtogroup STM32L4xx_HAL_Driver
 216:Drivers/STM32L4xx_HAL_Driver/Src/stm32l4xx_hal_qspi.c ****   * @{
 217:Drivers/STM32L4xx_HAL_Driver/Src/stm32l4xx_hal_qspi.c ****   */
 218:Drivers/STM32L4xx_HAL_Driver/Src/stm32l4xx_hal_qspi.c **** 
 219:Drivers/STM32L4xx_HAL_Driver/Src/stm32l4xx_hal_qspi.c **** /** @defgroup QSPI QSPI
 220:Drivers/STM32L4xx_HAL_Driver/Src/stm32l4xx_hal_qspi.c ****   * @brief QSPI HAL module driver
 221:Drivers/STM32L4xx_HAL_Driver/Src/stm32l4xx_hal_qspi.c ****   * @{
 222:Drivers/STM32L4xx_HAL_Driver/Src/stm32l4xx_hal_qspi.c ****   */
 223:Drivers/STM32L4xx_HAL_Driver/Src/stm32l4xx_hal_qspi.c **** #ifdef HAL_QSPI_MODULE_ENABLED
 224:Drivers/STM32L4xx_HAL_Driver/Src/stm32l4xx_hal_qspi.c **** 
 225:Drivers/STM32L4xx_HAL_Driver/Src/stm32l4xx_hal_qspi.c **** /* Private typedef -----------------------------------------------------------*/
 226:Drivers/STM32L4xx_HAL_Driver/Src/stm32l4xx_hal_qspi.c **** 
 227:Drivers/STM32L4xx_HAL_Driver/Src/stm32l4xx_hal_qspi.c **** /* Private define ------------------------------------------------------------*/
 228:Drivers/STM32L4xx_HAL_Driver/Src/stm32l4xx_hal_qspi.c **** /** @defgroup QSPI_Private_Constants QSPI Private Constants
 229:Drivers/STM32L4xx_HAL_Driver/Src/stm32l4xx_hal_qspi.c ****   * @{
 230:Drivers/STM32L4xx_HAL_Driver/Src/stm32l4xx_hal_qspi.c ****   */
 231:Drivers/STM32L4xx_HAL_Driver/Src/stm32l4xx_hal_qspi.c **** #define QSPI_FUNCTIONAL_MODE_INDIRECT_WRITE 0x00000000U                     /*!<Indirect write mode
 232:Drivers/STM32L4xx_HAL_Driver/Src/stm32l4xx_hal_qspi.c **** #define QSPI_FUNCTIONAL_MODE_INDIRECT_READ  ((uint32_t)QUADSPI_CCR_FMODE_0) /*!<Indirect read mode*
 233:Drivers/STM32L4xx_HAL_Driver/Src/stm32l4xx_hal_qspi.c **** #define QSPI_FUNCTIONAL_MODE_AUTO_POLLING   ((uint32_t)QUADSPI_CCR_FMODE_1) /*!<Automatic polling m
 234:Drivers/STM32L4xx_HAL_Driver/Src/stm32l4xx_hal_qspi.c **** #define QSPI_FUNCTIONAL_MODE_MEMORY_MAPPED  ((uint32_t)QUADSPI_CCR_FMODE)   /*!<Memory-mapped mode*
 235:Drivers/STM32L4xx_HAL_Driver/Src/stm32l4xx_hal_qspi.c **** /**
 236:Drivers/STM32L4xx_HAL_Driver/Src/stm32l4xx_hal_qspi.c ****   * @}
 237:Drivers/STM32L4xx_HAL_Driver/Src/stm32l4xx_hal_qspi.c ****   */
 238:Drivers/STM32L4xx_HAL_Driver/Src/stm32l4xx_hal_qspi.c **** 
 239:Drivers/STM32L4xx_HAL_Driver/Src/stm32l4xx_hal_qspi.c **** /* Private macro -------------------------------------------------------------*/
 240:Drivers/STM32L4xx_HAL_Driver/Src/stm32l4xx_hal_qspi.c **** /** @defgroup QSPI_Private_Macros QSPI Private Macros
 241:Drivers/STM32L4xx_HAL_Driver/Src/stm32l4xx_hal_qspi.c ****   * @{
 242:Drivers/STM32L4xx_HAL_Driver/Src/stm32l4xx_hal_qspi.c ****   */
 243:Drivers/STM32L4xx_HAL_Driver/Src/stm32l4xx_hal_qspi.c **** #define IS_QSPI_FUNCTIONAL_MODE(MODE) (((MODE) == QSPI_FUNCTIONAL_MODE_INDIRECT_WRITE) || \
 244:Drivers/STM32L4xx_HAL_Driver/Src/stm32l4xx_hal_qspi.c ****                                        ((MODE) == QSPI_FUNCTIONAL_MODE_INDIRECT_READ)  || \
 245:Drivers/STM32L4xx_HAL_Driver/Src/stm32l4xx_hal_qspi.c ****                                        ((MODE) == QSPI_FUNCTIONAL_MODE_AUTO_POLLING)   || \
 246:Drivers/STM32L4xx_HAL_Driver/Src/stm32l4xx_hal_qspi.c ****                                        ((MODE) == QSPI_FUNCTIONAL_MODE_MEMORY_MAPPED))
 247:Drivers/STM32L4xx_HAL_Driver/Src/stm32l4xx_hal_qspi.c **** /**
 248:Drivers/STM32L4xx_HAL_Driver/Src/stm32l4xx_hal_qspi.c ****   * @}
 249:Drivers/STM32L4xx_HAL_Driver/Src/stm32l4xx_hal_qspi.c ****   */
 250:Drivers/STM32L4xx_HAL_Driver/Src/stm32l4xx_hal_qspi.c **** 
 251:Drivers/STM32L4xx_HAL_Driver/Src/stm32l4xx_hal_qspi.c **** /* Private variables ---------------------------------------------------------*/
 252:Drivers/STM32L4xx_HAL_Driver/Src/stm32l4xx_hal_qspi.c **** 
 253:Drivers/STM32L4xx_HAL_Driver/Src/stm32l4xx_hal_qspi.c **** /* Private function prototypes -----------------------------------------------*/
 254:Drivers/STM32L4xx_HAL_Driver/Src/stm32l4xx_hal_qspi.c **** static void QSPI_DMARxCplt(DMA_HandleTypeDef *hdma);
 255:Drivers/STM32L4xx_HAL_Driver/Src/stm32l4xx_hal_qspi.c **** static void QSPI_DMATxCplt(DMA_HandleTypeDef *hdma);
 256:Drivers/STM32L4xx_HAL_Driver/Src/stm32l4xx_hal_qspi.c **** static void QSPI_DMARxHalfCplt(DMA_HandleTypeDef *hdma);
 257:Drivers/STM32L4xx_HAL_Driver/Src/stm32l4xx_hal_qspi.c **** static void QSPI_DMATxHalfCplt(DMA_HandleTypeDef *hdma);
 258:Drivers/STM32L4xx_HAL_Driver/Src/stm32l4xx_hal_qspi.c **** static void QSPI_DMAError(DMA_HandleTypeDef *hdma);
ARM GAS  /tmp/ccLGcT9r.s 			page 6


 259:Drivers/STM32L4xx_HAL_Driver/Src/stm32l4xx_hal_qspi.c **** static void QSPI_DMAAbortCplt(DMA_HandleTypeDef *hdma);
 260:Drivers/STM32L4xx_HAL_Driver/Src/stm32l4xx_hal_qspi.c **** static HAL_StatusTypeDef QSPI_WaitFlagStateUntilTimeout(QSPI_HandleTypeDef *hqspi, uint32_t Flag, F
 261:Drivers/STM32L4xx_HAL_Driver/Src/stm32l4xx_hal_qspi.c **** static void QSPI_Config(QSPI_HandleTypeDef *hqspi, QSPI_CommandTypeDef *cmd, uint32_t FunctionalMod
 262:Drivers/STM32L4xx_HAL_Driver/Src/stm32l4xx_hal_qspi.c **** 
 263:Drivers/STM32L4xx_HAL_Driver/Src/stm32l4xx_hal_qspi.c **** /* Exported functions --------------------------------------------------------*/
 264:Drivers/STM32L4xx_HAL_Driver/Src/stm32l4xx_hal_qspi.c **** 
 265:Drivers/STM32L4xx_HAL_Driver/Src/stm32l4xx_hal_qspi.c **** /** @defgroup QSPI_Exported_Functions QSPI Exported Functions
 266:Drivers/STM32L4xx_HAL_Driver/Src/stm32l4xx_hal_qspi.c ****   * @{
 267:Drivers/STM32L4xx_HAL_Driver/Src/stm32l4xx_hal_qspi.c ****   */
 268:Drivers/STM32L4xx_HAL_Driver/Src/stm32l4xx_hal_qspi.c **** 
 269:Drivers/STM32L4xx_HAL_Driver/Src/stm32l4xx_hal_qspi.c **** /** @defgroup QSPI_Exported_Functions_Group1 Initialization/de-initialization functions
 270:Drivers/STM32L4xx_HAL_Driver/Src/stm32l4xx_hal_qspi.c ****   *  @brief    Initialization and Configuration functions
 271:Drivers/STM32L4xx_HAL_Driver/Src/stm32l4xx_hal_qspi.c ****   *
 272:Drivers/STM32L4xx_HAL_Driver/Src/stm32l4xx_hal_qspi.c **** @verbatim
 273:Drivers/STM32L4xx_HAL_Driver/Src/stm32l4xx_hal_qspi.c **** ===============================================================================
 274:Drivers/STM32L4xx_HAL_Driver/Src/stm32l4xx_hal_qspi.c ****             ##### Initialization and Configuration functions #####
 275:Drivers/STM32L4xx_HAL_Driver/Src/stm32l4xx_hal_qspi.c ****  ===============================================================================
 276:Drivers/STM32L4xx_HAL_Driver/Src/stm32l4xx_hal_qspi.c ****     [..]
 277:Drivers/STM32L4xx_HAL_Driver/Src/stm32l4xx_hal_qspi.c ****     This subsection provides a set of functions allowing to :
 278:Drivers/STM32L4xx_HAL_Driver/Src/stm32l4xx_hal_qspi.c ****       (+) Initialize the QuadSPI.
 279:Drivers/STM32L4xx_HAL_Driver/Src/stm32l4xx_hal_qspi.c ****       (+) De-initialize the QuadSPI.
 280:Drivers/STM32L4xx_HAL_Driver/Src/stm32l4xx_hal_qspi.c **** 
 281:Drivers/STM32L4xx_HAL_Driver/Src/stm32l4xx_hal_qspi.c **** @endverbatim
 282:Drivers/STM32L4xx_HAL_Driver/Src/stm32l4xx_hal_qspi.c ****   * @{
 283:Drivers/STM32L4xx_HAL_Driver/Src/stm32l4xx_hal_qspi.c ****   */
 284:Drivers/STM32L4xx_HAL_Driver/Src/stm32l4xx_hal_qspi.c **** 
 285:Drivers/STM32L4xx_HAL_Driver/Src/stm32l4xx_hal_qspi.c **** /**
 286:Drivers/STM32L4xx_HAL_Driver/Src/stm32l4xx_hal_qspi.c ****   * @brief Initialize the QSPI mode according to the specified parameters
 287:Drivers/STM32L4xx_HAL_Driver/Src/stm32l4xx_hal_qspi.c ****   *        in the QSPI_InitTypeDef and initialize the associated handle.
 288:Drivers/STM32L4xx_HAL_Driver/Src/stm32l4xx_hal_qspi.c ****   * @param hqspi QSPI handle
 289:Drivers/STM32L4xx_HAL_Driver/Src/stm32l4xx_hal_qspi.c ****   * @retval HAL status
 290:Drivers/STM32L4xx_HAL_Driver/Src/stm32l4xx_hal_qspi.c ****   */
 291:Drivers/STM32L4xx_HAL_Driver/Src/stm32l4xx_hal_qspi.c **** HAL_StatusTypeDef HAL_QSPI_Init(QSPI_HandleTypeDef *hqspi)
 292:Drivers/STM32L4xx_HAL_Driver/Src/stm32l4xx_hal_qspi.c **** {
 293:Drivers/STM32L4xx_HAL_Driver/Src/stm32l4xx_hal_qspi.c ****   HAL_StatusTypeDef status;
 294:Drivers/STM32L4xx_HAL_Driver/Src/stm32l4xx_hal_qspi.c ****   uint32_t tickstart = HAL_GetTick();
 295:Drivers/STM32L4xx_HAL_Driver/Src/stm32l4xx_hal_qspi.c **** 
 296:Drivers/STM32L4xx_HAL_Driver/Src/stm32l4xx_hal_qspi.c ****   /* Check the QSPI handle allocation */
 297:Drivers/STM32L4xx_HAL_Driver/Src/stm32l4xx_hal_qspi.c ****   if(hqspi == NULL)
 298:Drivers/STM32L4xx_HAL_Driver/Src/stm32l4xx_hal_qspi.c ****   {
 299:Drivers/STM32L4xx_HAL_Driver/Src/stm32l4xx_hal_qspi.c ****     return HAL_ERROR;
 300:Drivers/STM32L4xx_HAL_Driver/Src/stm32l4xx_hal_qspi.c ****   }
 301:Drivers/STM32L4xx_HAL_Driver/Src/stm32l4xx_hal_qspi.c **** 
 302:Drivers/STM32L4xx_HAL_Driver/Src/stm32l4xx_hal_qspi.c ****   /* Check the parameters */
 303:Drivers/STM32L4xx_HAL_Driver/Src/stm32l4xx_hal_qspi.c ****   assert_param(IS_QSPI_ALL_INSTANCE(hqspi->Instance));
 304:Drivers/STM32L4xx_HAL_Driver/Src/stm32l4xx_hal_qspi.c ****   assert_param(IS_QSPI_CLOCK_PRESCALER(hqspi->Init.ClockPrescaler));
 305:Drivers/STM32L4xx_HAL_Driver/Src/stm32l4xx_hal_qspi.c ****   assert_param(IS_QSPI_FIFO_THRESHOLD(hqspi->Init.FifoThreshold));
 306:Drivers/STM32L4xx_HAL_Driver/Src/stm32l4xx_hal_qspi.c ****   assert_param(IS_QSPI_SSHIFT(hqspi->Init.SampleShifting));
 307:Drivers/STM32L4xx_HAL_Driver/Src/stm32l4xx_hal_qspi.c ****   assert_param(IS_QSPI_FLASH_SIZE(hqspi->Init.FlashSize));
 308:Drivers/STM32L4xx_HAL_Driver/Src/stm32l4xx_hal_qspi.c ****   assert_param(IS_QSPI_CS_HIGH_TIME(hqspi->Init.ChipSelectHighTime));
 309:Drivers/STM32L4xx_HAL_Driver/Src/stm32l4xx_hal_qspi.c ****   assert_param(IS_QSPI_CLOCK_MODE(hqspi->Init.ClockMode));
 310:Drivers/STM32L4xx_HAL_Driver/Src/stm32l4xx_hal_qspi.c **** #if defined(QUADSPI_CR_DFM)
 311:Drivers/STM32L4xx_HAL_Driver/Src/stm32l4xx_hal_qspi.c ****   assert_param(IS_QSPI_DUAL_FLASH_MODE(hqspi->Init.DualFlash));
 312:Drivers/STM32L4xx_HAL_Driver/Src/stm32l4xx_hal_qspi.c **** 
 313:Drivers/STM32L4xx_HAL_Driver/Src/stm32l4xx_hal_qspi.c ****   if (hqspi->Init.DualFlash != QSPI_DUALFLASH_ENABLE )
 314:Drivers/STM32L4xx_HAL_Driver/Src/stm32l4xx_hal_qspi.c ****   {
 315:Drivers/STM32L4xx_HAL_Driver/Src/stm32l4xx_hal_qspi.c ****     assert_param(IS_QSPI_FLASH_ID(hqspi->Init.FlashID));
ARM GAS  /tmp/ccLGcT9r.s 			page 7


 316:Drivers/STM32L4xx_HAL_Driver/Src/stm32l4xx_hal_qspi.c ****   }
 317:Drivers/STM32L4xx_HAL_Driver/Src/stm32l4xx_hal_qspi.c **** #endif
 318:Drivers/STM32L4xx_HAL_Driver/Src/stm32l4xx_hal_qspi.c **** 
 319:Drivers/STM32L4xx_HAL_Driver/Src/stm32l4xx_hal_qspi.c ****   if(hqspi->State == HAL_QSPI_STATE_RESET)
 320:Drivers/STM32L4xx_HAL_Driver/Src/stm32l4xx_hal_qspi.c ****   {
 321:Drivers/STM32L4xx_HAL_Driver/Src/stm32l4xx_hal_qspi.c ****     /* Allocate lock resource and initialize it */
 322:Drivers/STM32L4xx_HAL_Driver/Src/stm32l4xx_hal_qspi.c ****     hqspi->Lock = HAL_UNLOCKED;
 323:Drivers/STM32L4xx_HAL_Driver/Src/stm32l4xx_hal_qspi.c **** 
 324:Drivers/STM32L4xx_HAL_Driver/Src/stm32l4xx_hal_qspi.c **** #if (USE_HAL_QSPI_REGISTER_CALLBACKS == 1)
 325:Drivers/STM32L4xx_HAL_Driver/Src/stm32l4xx_hal_qspi.c ****     /* Reset Callback pointers in HAL_QSPI_STATE_RESET only */
 326:Drivers/STM32L4xx_HAL_Driver/Src/stm32l4xx_hal_qspi.c ****     hqspi->ErrorCallback         = HAL_QSPI_ErrorCallback;
 327:Drivers/STM32L4xx_HAL_Driver/Src/stm32l4xx_hal_qspi.c ****     hqspi->AbortCpltCallback     = HAL_QSPI_AbortCpltCallback;
 328:Drivers/STM32L4xx_HAL_Driver/Src/stm32l4xx_hal_qspi.c ****     hqspi->FifoThresholdCallback = HAL_QSPI_FifoThresholdCallback;
 329:Drivers/STM32L4xx_HAL_Driver/Src/stm32l4xx_hal_qspi.c ****     hqspi->CmdCpltCallback       = HAL_QSPI_CmdCpltCallback;
 330:Drivers/STM32L4xx_HAL_Driver/Src/stm32l4xx_hal_qspi.c ****     hqspi->RxCpltCallback        = HAL_QSPI_RxCpltCallback;
 331:Drivers/STM32L4xx_HAL_Driver/Src/stm32l4xx_hal_qspi.c ****     hqspi->TxCpltCallback        = HAL_QSPI_TxCpltCallback;
 332:Drivers/STM32L4xx_HAL_Driver/Src/stm32l4xx_hal_qspi.c ****     hqspi->RxHalfCpltCallback    = HAL_QSPI_RxHalfCpltCallback;
 333:Drivers/STM32L4xx_HAL_Driver/Src/stm32l4xx_hal_qspi.c ****     hqspi->TxHalfCpltCallback    = HAL_QSPI_TxHalfCpltCallback;
 334:Drivers/STM32L4xx_HAL_Driver/Src/stm32l4xx_hal_qspi.c ****     hqspi->StatusMatchCallback   = HAL_QSPI_StatusMatchCallback;
 335:Drivers/STM32L4xx_HAL_Driver/Src/stm32l4xx_hal_qspi.c ****     hqspi->TimeOutCallback       = HAL_QSPI_TimeOutCallback;
 336:Drivers/STM32L4xx_HAL_Driver/Src/stm32l4xx_hal_qspi.c **** 
 337:Drivers/STM32L4xx_HAL_Driver/Src/stm32l4xx_hal_qspi.c ****     if(hqspi->MspInitCallback == NULL)
 338:Drivers/STM32L4xx_HAL_Driver/Src/stm32l4xx_hal_qspi.c ****     {
 339:Drivers/STM32L4xx_HAL_Driver/Src/stm32l4xx_hal_qspi.c ****       hqspi->MspInitCallback = HAL_QSPI_MspInit;
 340:Drivers/STM32L4xx_HAL_Driver/Src/stm32l4xx_hal_qspi.c ****     }
 341:Drivers/STM32L4xx_HAL_Driver/Src/stm32l4xx_hal_qspi.c **** 
 342:Drivers/STM32L4xx_HAL_Driver/Src/stm32l4xx_hal_qspi.c ****     /* Init the low level hardware */
 343:Drivers/STM32L4xx_HAL_Driver/Src/stm32l4xx_hal_qspi.c ****     hqspi->MspInitCallback(hqspi);
 344:Drivers/STM32L4xx_HAL_Driver/Src/stm32l4xx_hal_qspi.c **** #else
 345:Drivers/STM32L4xx_HAL_Driver/Src/stm32l4xx_hal_qspi.c ****     /* Init the low level hardware : GPIO, CLOCK */
 346:Drivers/STM32L4xx_HAL_Driver/Src/stm32l4xx_hal_qspi.c ****     HAL_QSPI_MspInit(hqspi);
 347:Drivers/STM32L4xx_HAL_Driver/Src/stm32l4xx_hal_qspi.c **** #endif
 348:Drivers/STM32L4xx_HAL_Driver/Src/stm32l4xx_hal_qspi.c **** 
 349:Drivers/STM32L4xx_HAL_Driver/Src/stm32l4xx_hal_qspi.c ****     /* Configure the default timeout for the QSPI memory access */
 350:Drivers/STM32L4xx_HAL_Driver/Src/stm32l4xx_hal_qspi.c ****     HAL_QSPI_SetTimeout(hqspi, HAL_QSPI_TIMEOUT_DEFAULT_VALUE);
 351:Drivers/STM32L4xx_HAL_Driver/Src/stm32l4xx_hal_qspi.c ****   }
 352:Drivers/STM32L4xx_HAL_Driver/Src/stm32l4xx_hal_qspi.c **** 
 353:Drivers/STM32L4xx_HAL_Driver/Src/stm32l4xx_hal_qspi.c ****   /* Configure QSPI FIFO Threshold */
 354:Drivers/STM32L4xx_HAL_Driver/Src/stm32l4xx_hal_qspi.c ****   MODIFY_REG(hqspi->Instance->CR, QUADSPI_CR_FTHRES,
 355:Drivers/STM32L4xx_HAL_Driver/Src/stm32l4xx_hal_qspi.c ****              ((hqspi->Init.FifoThreshold - 1U) << QUADSPI_CR_FTHRES_Pos));
 356:Drivers/STM32L4xx_HAL_Driver/Src/stm32l4xx_hal_qspi.c **** 
 357:Drivers/STM32L4xx_HAL_Driver/Src/stm32l4xx_hal_qspi.c ****   /* Wait till BUSY flag reset */
 358:Drivers/STM32L4xx_HAL_Driver/Src/stm32l4xx_hal_qspi.c ****   status = QSPI_WaitFlagStateUntilTimeout(hqspi, QSPI_FLAG_BUSY, RESET, tickstart, hqspi->Timeout);
 359:Drivers/STM32L4xx_HAL_Driver/Src/stm32l4xx_hal_qspi.c **** 
 360:Drivers/STM32L4xx_HAL_Driver/Src/stm32l4xx_hal_qspi.c ****   if(status == HAL_OK)
 361:Drivers/STM32L4xx_HAL_Driver/Src/stm32l4xx_hal_qspi.c ****   {
 362:Drivers/STM32L4xx_HAL_Driver/Src/stm32l4xx_hal_qspi.c ****     /* Configure QSPI Clock Prescaler and Sample Shift */
 363:Drivers/STM32L4xx_HAL_Driver/Src/stm32l4xx_hal_qspi.c **** #if defined(QUADSPI_CR_DFM)
 364:Drivers/STM32L4xx_HAL_Driver/Src/stm32l4xx_hal_qspi.c ****     MODIFY_REG(hqspi->Instance->CR, (QUADSPI_CR_PRESCALER | QUADSPI_CR_SSHIFT | QUADSPI_CR_FSEL | Q
 365:Drivers/STM32L4xx_HAL_Driver/Src/stm32l4xx_hal_qspi.c ****                ((hqspi->Init.ClockPrescaler << QUADSPI_CR_PRESCALER_Pos) |
 366:Drivers/STM32L4xx_HAL_Driver/Src/stm32l4xx_hal_qspi.c ****                 hqspi->Init.SampleShifting  | hqspi->Init.FlashID | hqspi->Init.DualFlash));
 367:Drivers/STM32L4xx_HAL_Driver/Src/stm32l4xx_hal_qspi.c **** #else
 368:Drivers/STM32L4xx_HAL_Driver/Src/stm32l4xx_hal_qspi.c ****     MODIFY_REG(hqspi->Instance->CR, (QUADSPI_CR_PRESCALER | QUADSPI_CR_SSHIFT),
 369:Drivers/STM32L4xx_HAL_Driver/Src/stm32l4xx_hal_qspi.c ****                ((hqspi->Init.ClockPrescaler << QUADSPI_CR_PRESCALER_Pos) |
 370:Drivers/STM32L4xx_HAL_Driver/Src/stm32l4xx_hal_qspi.c ****                 hqspi->Init.SampleShifting));
 371:Drivers/STM32L4xx_HAL_Driver/Src/stm32l4xx_hal_qspi.c **** #endif
 372:Drivers/STM32L4xx_HAL_Driver/Src/stm32l4xx_hal_qspi.c **** 
ARM GAS  /tmp/ccLGcT9r.s 			page 8


 373:Drivers/STM32L4xx_HAL_Driver/Src/stm32l4xx_hal_qspi.c ****     /* Configure QSPI Flash Size, CS High Time and Clock Mode */
 374:Drivers/STM32L4xx_HAL_Driver/Src/stm32l4xx_hal_qspi.c ****     MODIFY_REG(hqspi->Instance->DCR, (QUADSPI_DCR_FSIZE | QUADSPI_DCR_CSHT | QUADSPI_DCR_CKMODE),
 375:Drivers/STM32L4xx_HAL_Driver/Src/stm32l4xx_hal_qspi.c ****                ((hqspi->Init.FlashSize << QUADSPI_DCR_FSIZE_Pos) |
 376:Drivers/STM32L4xx_HAL_Driver/Src/stm32l4xx_hal_qspi.c ****                 hqspi->Init.ChipSelectHighTime | hqspi->Init.ClockMode));
 377:Drivers/STM32L4xx_HAL_Driver/Src/stm32l4xx_hal_qspi.c **** 
 378:Drivers/STM32L4xx_HAL_Driver/Src/stm32l4xx_hal_qspi.c ****     /* Enable the QSPI peripheral */
 379:Drivers/STM32L4xx_HAL_Driver/Src/stm32l4xx_hal_qspi.c ****     __HAL_QSPI_ENABLE(hqspi);
 380:Drivers/STM32L4xx_HAL_Driver/Src/stm32l4xx_hal_qspi.c **** 
 381:Drivers/STM32L4xx_HAL_Driver/Src/stm32l4xx_hal_qspi.c ****     /* Set QSPI error code to none */
 382:Drivers/STM32L4xx_HAL_Driver/Src/stm32l4xx_hal_qspi.c ****     hqspi->ErrorCode = HAL_QSPI_ERROR_NONE;
 383:Drivers/STM32L4xx_HAL_Driver/Src/stm32l4xx_hal_qspi.c **** 
 384:Drivers/STM32L4xx_HAL_Driver/Src/stm32l4xx_hal_qspi.c ****     /* Initialize the QSPI state */
 385:Drivers/STM32L4xx_HAL_Driver/Src/stm32l4xx_hal_qspi.c ****     hqspi->State = HAL_QSPI_STATE_READY;
 386:Drivers/STM32L4xx_HAL_Driver/Src/stm32l4xx_hal_qspi.c ****   }
 387:Drivers/STM32L4xx_HAL_Driver/Src/stm32l4xx_hal_qspi.c **** 
 388:Drivers/STM32L4xx_HAL_Driver/Src/stm32l4xx_hal_qspi.c ****   /* Release Lock */
 389:Drivers/STM32L4xx_HAL_Driver/Src/stm32l4xx_hal_qspi.c ****   __HAL_UNLOCK(hqspi);
 390:Drivers/STM32L4xx_HAL_Driver/Src/stm32l4xx_hal_qspi.c **** 
 391:Drivers/STM32L4xx_HAL_Driver/Src/stm32l4xx_hal_qspi.c ****   /* Return function status */
 392:Drivers/STM32L4xx_HAL_Driver/Src/stm32l4xx_hal_qspi.c ****   return status;
 393:Drivers/STM32L4xx_HAL_Driver/Src/stm32l4xx_hal_qspi.c **** }
 394:Drivers/STM32L4xx_HAL_Driver/Src/stm32l4xx_hal_qspi.c **** 
 395:Drivers/STM32L4xx_HAL_Driver/Src/stm32l4xx_hal_qspi.c **** /**
 396:Drivers/STM32L4xx_HAL_Driver/Src/stm32l4xx_hal_qspi.c ****   * @brief De-Initialize the QSPI peripheral.
 397:Drivers/STM32L4xx_HAL_Driver/Src/stm32l4xx_hal_qspi.c ****   * @param hqspi QSPI handle
 398:Drivers/STM32L4xx_HAL_Driver/Src/stm32l4xx_hal_qspi.c ****   * @retval HAL status
 399:Drivers/STM32L4xx_HAL_Driver/Src/stm32l4xx_hal_qspi.c ****   */
 400:Drivers/STM32L4xx_HAL_Driver/Src/stm32l4xx_hal_qspi.c **** HAL_StatusTypeDef HAL_QSPI_DeInit(QSPI_HandleTypeDef *hqspi)
 401:Drivers/STM32L4xx_HAL_Driver/Src/stm32l4xx_hal_qspi.c **** {
 402:Drivers/STM32L4xx_HAL_Driver/Src/stm32l4xx_hal_qspi.c ****   /* Check the QSPI handle allocation */
 403:Drivers/STM32L4xx_HAL_Driver/Src/stm32l4xx_hal_qspi.c ****   if(hqspi == NULL)
 404:Drivers/STM32L4xx_HAL_Driver/Src/stm32l4xx_hal_qspi.c ****   {
 405:Drivers/STM32L4xx_HAL_Driver/Src/stm32l4xx_hal_qspi.c ****     return HAL_ERROR;
 406:Drivers/STM32L4xx_HAL_Driver/Src/stm32l4xx_hal_qspi.c ****   }
 407:Drivers/STM32L4xx_HAL_Driver/Src/stm32l4xx_hal_qspi.c **** 
 408:Drivers/STM32L4xx_HAL_Driver/Src/stm32l4xx_hal_qspi.c ****   /* Disable the QSPI Peripheral Clock */
 409:Drivers/STM32L4xx_HAL_Driver/Src/stm32l4xx_hal_qspi.c ****   __HAL_QSPI_DISABLE(hqspi);
 410:Drivers/STM32L4xx_HAL_Driver/Src/stm32l4xx_hal_qspi.c **** 
 411:Drivers/STM32L4xx_HAL_Driver/Src/stm32l4xx_hal_qspi.c **** #if (USE_HAL_QSPI_REGISTER_CALLBACKS == 1)
 412:Drivers/STM32L4xx_HAL_Driver/Src/stm32l4xx_hal_qspi.c ****   if(hqspi->MspDeInitCallback == NULL)
 413:Drivers/STM32L4xx_HAL_Driver/Src/stm32l4xx_hal_qspi.c ****   {
 414:Drivers/STM32L4xx_HAL_Driver/Src/stm32l4xx_hal_qspi.c ****     hqspi->MspDeInitCallback = HAL_QSPI_MspDeInit;
 415:Drivers/STM32L4xx_HAL_Driver/Src/stm32l4xx_hal_qspi.c ****   }
 416:Drivers/STM32L4xx_HAL_Driver/Src/stm32l4xx_hal_qspi.c **** 
 417:Drivers/STM32L4xx_HAL_Driver/Src/stm32l4xx_hal_qspi.c ****   /* DeInit the low level hardware */
 418:Drivers/STM32L4xx_HAL_Driver/Src/stm32l4xx_hal_qspi.c ****   hqspi->MspDeInitCallback(hqspi);
 419:Drivers/STM32L4xx_HAL_Driver/Src/stm32l4xx_hal_qspi.c **** #else
 420:Drivers/STM32L4xx_HAL_Driver/Src/stm32l4xx_hal_qspi.c ****   /* DeInit the low level hardware: GPIO, CLOCK, NVIC... */
 421:Drivers/STM32L4xx_HAL_Driver/Src/stm32l4xx_hal_qspi.c ****   HAL_QSPI_MspDeInit(hqspi);
 422:Drivers/STM32L4xx_HAL_Driver/Src/stm32l4xx_hal_qspi.c **** #endif
 423:Drivers/STM32L4xx_HAL_Driver/Src/stm32l4xx_hal_qspi.c **** 
 424:Drivers/STM32L4xx_HAL_Driver/Src/stm32l4xx_hal_qspi.c ****   /* Set QSPI error code to none */
 425:Drivers/STM32L4xx_HAL_Driver/Src/stm32l4xx_hal_qspi.c ****   hqspi->ErrorCode = HAL_QSPI_ERROR_NONE;
 426:Drivers/STM32L4xx_HAL_Driver/Src/stm32l4xx_hal_qspi.c **** 
 427:Drivers/STM32L4xx_HAL_Driver/Src/stm32l4xx_hal_qspi.c ****   /* Initialize the QSPI state */
 428:Drivers/STM32L4xx_HAL_Driver/Src/stm32l4xx_hal_qspi.c ****   hqspi->State = HAL_QSPI_STATE_RESET;
 429:Drivers/STM32L4xx_HAL_Driver/Src/stm32l4xx_hal_qspi.c **** 
ARM GAS  /tmp/ccLGcT9r.s 			page 9


 430:Drivers/STM32L4xx_HAL_Driver/Src/stm32l4xx_hal_qspi.c ****   /* Release Lock */
 431:Drivers/STM32L4xx_HAL_Driver/Src/stm32l4xx_hal_qspi.c ****   __HAL_UNLOCK(hqspi);
 432:Drivers/STM32L4xx_HAL_Driver/Src/stm32l4xx_hal_qspi.c **** 
 433:Drivers/STM32L4xx_HAL_Driver/Src/stm32l4xx_hal_qspi.c ****   return HAL_OK;
 434:Drivers/STM32L4xx_HAL_Driver/Src/stm32l4xx_hal_qspi.c **** }
 435:Drivers/STM32L4xx_HAL_Driver/Src/stm32l4xx_hal_qspi.c **** 
 436:Drivers/STM32L4xx_HAL_Driver/Src/stm32l4xx_hal_qspi.c **** /**
 437:Drivers/STM32L4xx_HAL_Driver/Src/stm32l4xx_hal_qspi.c ****   * @brief Initialize the QSPI MSP.
 438:Drivers/STM32L4xx_HAL_Driver/Src/stm32l4xx_hal_qspi.c ****   * @param hqspi QSPI handle
 439:Drivers/STM32L4xx_HAL_Driver/Src/stm32l4xx_hal_qspi.c ****   * @retval None
 440:Drivers/STM32L4xx_HAL_Driver/Src/stm32l4xx_hal_qspi.c ****   */
 441:Drivers/STM32L4xx_HAL_Driver/Src/stm32l4xx_hal_qspi.c **** __weak void HAL_QSPI_MspInit(QSPI_HandleTypeDef *hqspi)
 442:Drivers/STM32L4xx_HAL_Driver/Src/stm32l4xx_hal_qspi.c **** {
 443:Drivers/STM32L4xx_HAL_Driver/Src/stm32l4xx_hal_qspi.c ****   /* Prevent unused argument(s) compilation warning */
 444:Drivers/STM32L4xx_HAL_Driver/Src/stm32l4xx_hal_qspi.c ****   UNUSED(hqspi);
 445:Drivers/STM32L4xx_HAL_Driver/Src/stm32l4xx_hal_qspi.c **** 
 446:Drivers/STM32L4xx_HAL_Driver/Src/stm32l4xx_hal_qspi.c ****   /* NOTE : This function should not be modified, when the callback is needed,
 447:Drivers/STM32L4xx_HAL_Driver/Src/stm32l4xx_hal_qspi.c ****             the HAL_QSPI_MspInit can be implemented in the user file
 448:Drivers/STM32L4xx_HAL_Driver/Src/stm32l4xx_hal_qspi.c ****    */
 449:Drivers/STM32L4xx_HAL_Driver/Src/stm32l4xx_hal_qspi.c **** }
 450:Drivers/STM32L4xx_HAL_Driver/Src/stm32l4xx_hal_qspi.c **** 
 451:Drivers/STM32L4xx_HAL_Driver/Src/stm32l4xx_hal_qspi.c **** /**
 452:Drivers/STM32L4xx_HAL_Driver/Src/stm32l4xx_hal_qspi.c ****   * @brief DeInitialize the QSPI MSP.
 453:Drivers/STM32L4xx_HAL_Driver/Src/stm32l4xx_hal_qspi.c ****   * @param hqspi QSPI handle
 454:Drivers/STM32L4xx_HAL_Driver/Src/stm32l4xx_hal_qspi.c ****   * @retval None
 455:Drivers/STM32L4xx_HAL_Driver/Src/stm32l4xx_hal_qspi.c ****   */
 456:Drivers/STM32L4xx_HAL_Driver/Src/stm32l4xx_hal_qspi.c **** __weak void HAL_QSPI_MspDeInit(QSPI_HandleTypeDef *hqspi)
 457:Drivers/STM32L4xx_HAL_Driver/Src/stm32l4xx_hal_qspi.c **** {
 458:Drivers/STM32L4xx_HAL_Driver/Src/stm32l4xx_hal_qspi.c ****   /* Prevent unused argument(s) compilation warning */
 459:Drivers/STM32L4xx_HAL_Driver/Src/stm32l4xx_hal_qspi.c ****   UNUSED(hqspi);
 460:Drivers/STM32L4xx_HAL_Driver/Src/stm32l4xx_hal_qspi.c **** 
 461:Drivers/STM32L4xx_HAL_Driver/Src/stm32l4xx_hal_qspi.c ****   /* NOTE : This function should not be modified, when the callback is needed,
 462:Drivers/STM32L4xx_HAL_Driver/Src/stm32l4xx_hal_qspi.c ****             the HAL_QSPI_MspDeInit can be implemented in the user file
 463:Drivers/STM32L4xx_HAL_Driver/Src/stm32l4xx_hal_qspi.c ****    */
 464:Drivers/STM32L4xx_HAL_Driver/Src/stm32l4xx_hal_qspi.c **** }
 465:Drivers/STM32L4xx_HAL_Driver/Src/stm32l4xx_hal_qspi.c **** 
 466:Drivers/STM32L4xx_HAL_Driver/Src/stm32l4xx_hal_qspi.c **** /**
 467:Drivers/STM32L4xx_HAL_Driver/Src/stm32l4xx_hal_qspi.c ****   * @}
 468:Drivers/STM32L4xx_HAL_Driver/Src/stm32l4xx_hal_qspi.c ****   */
 469:Drivers/STM32L4xx_HAL_Driver/Src/stm32l4xx_hal_qspi.c **** 
 470:Drivers/STM32L4xx_HAL_Driver/Src/stm32l4xx_hal_qspi.c **** /** @defgroup QSPI_Exported_Functions_Group2 Input and Output operation functions
 471:Drivers/STM32L4xx_HAL_Driver/Src/stm32l4xx_hal_qspi.c ****   *  @brief QSPI Transmit/Receive functions
 472:Drivers/STM32L4xx_HAL_Driver/Src/stm32l4xx_hal_qspi.c ****   *
 473:Drivers/STM32L4xx_HAL_Driver/Src/stm32l4xx_hal_qspi.c **** @verbatim
 474:Drivers/STM32L4xx_HAL_Driver/Src/stm32l4xx_hal_qspi.c ****  ===============================================================================
 475:Drivers/STM32L4xx_HAL_Driver/Src/stm32l4xx_hal_qspi.c ****                       ##### IO operation functions #####
 476:Drivers/STM32L4xx_HAL_Driver/Src/stm32l4xx_hal_qspi.c ****  ===============================================================================
 477:Drivers/STM32L4xx_HAL_Driver/Src/stm32l4xx_hal_qspi.c ****     [..]
 478:Drivers/STM32L4xx_HAL_Driver/Src/stm32l4xx_hal_qspi.c ****     This subsection provides a set of functions allowing to :
 479:Drivers/STM32L4xx_HAL_Driver/Src/stm32l4xx_hal_qspi.c ****       (+) Handle the interrupts.
 480:Drivers/STM32L4xx_HAL_Driver/Src/stm32l4xx_hal_qspi.c ****       (+) Handle the command sequence.
 481:Drivers/STM32L4xx_HAL_Driver/Src/stm32l4xx_hal_qspi.c ****       (+) Transmit data in blocking, interrupt or DMA mode.
 482:Drivers/STM32L4xx_HAL_Driver/Src/stm32l4xx_hal_qspi.c ****       (+) Receive data in blocking, interrupt or DMA mode.
 483:Drivers/STM32L4xx_HAL_Driver/Src/stm32l4xx_hal_qspi.c ****       (+) Manage the auto-polling functional mode.
 484:Drivers/STM32L4xx_HAL_Driver/Src/stm32l4xx_hal_qspi.c ****       (+) Manage the memory-mapped functional mode.
 485:Drivers/STM32L4xx_HAL_Driver/Src/stm32l4xx_hal_qspi.c **** 
 486:Drivers/STM32L4xx_HAL_Driver/Src/stm32l4xx_hal_qspi.c **** @endverbatim
ARM GAS  /tmp/ccLGcT9r.s 			page 10


 487:Drivers/STM32L4xx_HAL_Driver/Src/stm32l4xx_hal_qspi.c ****   * @{
 488:Drivers/STM32L4xx_HAL_Driver/Src/stm32l4xx_hal_qspi.c ****   */
 489:Drivers/STM32L4xx_HAL_Driver/Src/stm32l4xx_hal_qspi.c **** 
 490:Drivers/STM32L4xx_HAL_Driver/Src/stm32l4xx_hal_qspi.c **** /**
 491:Drivers/STM32L4xx_HAL_Driver/Src/stm32l4xx_hal_qspi.c ****   * @brief Handle QSPI interrupt request.
 492:Drivers/STM32L4xx_HAL_Driver/Src/stm32l4xx_hal_qspi.c ****   * @param hqspi QSPI handle
 493:Drivers/STM32L4xx_HAL_Driver/Src/stm32l4xx_hal_qspi.c ****   * @retval None
 494:Drivers/STM32L4xx_HAL_Driver/Src/stm32l4xx_hal_qspi.c ****   */
 495:Drivers/STM32L4xx_HAL_Driver/Src/stm32l4xx_hal_qspi.c **** void HAL_QSPI_IRQHandler(QSPI_HandleTypeDef *hqspi)
 496:Drivers/STM32L4xx_HAL_Driver/Src/stm32l4xx_hal_qspi.c **** {
 497:Drivers/STM32L4xx_HAL_Driver/Src/stm32l4xx_hal_qspi.c ****   __IO uint32_t *data_reg;
 498:Drivers/STM32L4xx_HAL_Driver/Src/stm32l4xx_hal_qspi.c ****   uint32_t flag = READ_REG(hqspi->Instance->SR);
 499:Drivers/STM32L4xx_HAL_Driver/Src/stm32l4xx_hal_qspi.c ****   uint32_t itsource = READ_REG(hqspi->Instance->CR);
 500:Drivers/STM32L4xx_HAL_Driver/Src/stm32l4xx_hal_qspi.c **** 
 501:Drivers/STM32L4xx_HAL_Driver/Src/stm32l4xx_hal_qspi.c ****   /* QSPI Fifo Threshold interrupt occurred ----------------------------------*/
 502:Drivers/STM32L4xx_HAL_Driver/Src/stm32l4xx_hal_qspi.c ****   if(((flag & QSPI_FLAG_FT) != 0U) && ((itsource & QSPI_IT_FT) != 0U))
 503:Drivers/STM32L4xx_HAL_Driver/Src/stm32l4xx_hal_qspi.c ****   {
 504:Drivers/STM32L4xx_HAL_Driver/Src/stm32l4xx_hal_qspi.c ****     data_reg = &hqspi->Instance->DR;
 505:Drivers/STM32L4xx_HAL_Driver/Src/stm32l4xx_hal_qspi.c **** 
 506:Drivers/STM32L4xx_HAL_Driver/Src/stm32l4xx_hal_qspi.c ****     if(hqspi->State == HAL_QSPI_STATE_BUSY_INDIRECT_TX)
 507:Drivers/STM32L4xx_HAL_Driver/Src/stm32l4xx_hal_qspi.c ****     {
 508:Drivers/STM32L4xx_HAL_Driver/Src/stm32l4xx_hal_qspi.c ****       /* Transmission process */
 509:Drivers/STM32L4xx_HAL_Driver/Src/stm32l4xx_hal_qspi.c ****       while(__HAL_QSPI_GET_FLAG(hqspi, QSPI_FLAG_FT) != RESET)
 510:Drivers/STM32L4xx_HAL_Driver/Src/stm32l4xx_hal_qspi.c ****       {
 511:Drivers/STM32L4xx_HAL_Driver/Src/stm32l4xx_hal_qspi.c ****         if (hqspi->TxXferCount > 0U)
 512:Drivers/STM32L4xx_HAL_Driver/Src/stm32l4xx_hal_qspi.c ****         {
 513:Drivers/STM32L4xx_HAL_Driver/Src/stm32l4xx_hal_qspi.c ****           /* Fill the FIFO until the threshold is reached */
 514:Drivers/STM32L4xx_HAL_Driver/Src/stm32l4xx_hal_qspi.c ****           *((__IO uint8_t *)data_reg) = *hqspi->pTxBuffPtr;
 515:Drivers/STM32L4xx_HAL_Driver/Src/stm32l4xx_hal_qspi.c ****           hqspi->pTxBuffPtr++;
 516:Drivers/STM32L4xx_HAL_Driver/Src/stm32l4xx_hal_qspi.c ****           hqspi->TxXferCount--;
 517:Drivers/STM32L4xx_HAL_Driver/Src/stm32l4xx_hal_qspi.c ****         }
 518:Drivers/STM32L4xx_HAL_Driver/Src/stm32l4xx_hal_qspi.c ****         else
 519:Drivers/STM32L4xx_HAL_Driver/Src/stm32l4xx_hal_qspi.c ****         {
 520:Drivers/STM32L4xx_HAL_Driver/Src/stm32l4xx_hal_qspi.c ****           /* No more data available for the transfer */
 521:Drivers/STM32L4xx_HAL_Driver/Src/stm32l4xx_hal_qspi.c ****           /* Disable the QSPI FIFO Threshold Interrupt */
 522:Drivers/STM32L4xx_HAL_Driver/Src/stm32l4xx_hal_qspi.c ****           __HAL_QSPI_DISABLE_IT(hqspi, QSPI_IT_FT);
 523:Drivers/STM32L4xx_HAL_Driver/Src/stm32l4xx_hal_qspi.c ****           break;
 524:Drivers/STM32L4xx_HAL_Driver/Src/stm32l4xx_hal_qspi.c ****         }
 525:Drivers/STM32L4xx_HAL_Driver/Src/stm32l4xx_hal_qspi.c ****       }
 526:Drivers/STM32L4xx_HAL_Driver/Src/stm32l4xx_hal_qspi.c ****     }
 527:Drivers/STM32L4xx_HAL_Driver/Src/stm32l4xx_hal_qspi.c ****     else if(hqspi->State == HAL_QSPI_STATE_BUSY_INDIRECT_RX)
 528:Drivers/STM32L4xx_HAL_Driver/Src/stm32l4xx_hal_qspi.c ****     {
 529:Drivers/STM32L4xx_HAL_Driver/Src/stm32l4xx_hal_qspi.c ****       /* Receiving Process */
 530:Drivers/STM32L4xx_HAL_Driver/Src/stm32l4xx_hal_qspi.c ****       while(__HAL_QSPI_GET_FLAG(hqspi, QSPI_FLAG_FT) != RESET)
 531:Drivers/STM32L4xx_HAL_Driver/Src/stm32l4xx_hal_qspi.c ****       {
 532:Drivers/STM32L4xx_HAL_Driver/Src/stm32l4xx_hal_qspi.c ****         if (hqspi->RxXferCount > 0U)
 533:Drivers/STM32L4xx_HAL_Driver/Src/stm32l4xx_hal_qspi.c ****         {
 534:Drivers/STM32L4xx_HAL_Driver/Src/stm32l4xx_hal_qspi.c ****           /* Read the FIFO until the threshold is reached */
 535:Drivers/STM32L4xx_HAL_Driver/Src/stm32l4xx_hal_qspi.c ****           *hqspi->pRxBuffPtr = *((__IO uint8_t *)data_reg);
 536:Drivers/STM32L4xx_HAL_Driver/Src/stm32l4xx_hal_qspi.c ****           hqspi->pRxBuffPtr++;
 537:Drivers/STM32L4xx_HAL_Driver/Src/stm32l4xx_hal_qspi.c ****           hqspi->RxXferCount--;
 538:Drivers/STM32L4xx_HAL_Driver/Src/stm32l4xx_hal_qspi.c ****         }
 539:Drivers/STM32L4xx_HAL_Driver/Src/stm32l4xx_hal_qspi.c ****         else
 540:Drivers/STM32L4xx_HAL_Driver/Src/stm32l4xx_hal_qspi.c ****         {
 541:Drivers/STM32L4xx_HAL_Driver/Src/stm32l4xx_hal_qspi.c ****           /* All data have been received for the transfer */
 542:Drivers/STM32L4xx_HAL_Driver/Src/stm32l4xx_hal_qspi.c ****           /* Disable the QSPI FIFO Threshold Interrupt */
 543:Drivers/STM32L4xx_HAL_Driver/Src/stm32l4xx_hal_qspi.c ****           __HAL_QSPI_DISABLE_IT(hqspi, QSPI_IT_FT);
ARM GAS  /tmp/ccLGcT9r.s 			page 11


 544:Drivers/STM32L4xx_HAL_Driver/Src/stm32l4xx_hal_qspi.c ****           break;
 545:Drivers/STM32L4xx_HAL_Driver/Src/stm32l4xx_hal_qspi.c ****         }
 546:Drivers/STM32L4xx_HAL_Driver/Src/stm32l4xx_hal_qspi.c ****       }
 547:Drivers/STM32L4xx_HAL_Driver/Src/stm32l4xx_hal_qspi.c ****     }
 548:Drivers/STM32L4xx_HAL_Driver/Src/stm32l4xx_hal_qspi.c ****     else
 549:Drivers/STM32L4xx_HAL_Driver/Src/stm32l4xx_hal_qspi.c ****     {
 550:Drivers/STM32L4xx_HAL_Driver/Src/stm32l4xx_hal_qspi.c ****       /* Nothing to do */
 551:Drivers/STM32L4xx_HAL_Driver/Src/stm32l4xx_hal_qspi.c ****     }
 552:Drivers/STM32L4xx_HAL_Driver/Src/stm32l4xx_hal_qspi.c **** 
 553:Drivers/STM32L4xx_HAL_Driver/Src/stm32l4xx_hal_qspi.c ****     /* FIFO Threshold callback */
 554:Drivers/STM32L4xx_HAL_Driver/Src/stm32l4xx_hal_qspi.c **** #if (USE_HAL_QSPI_REGISTER_CALLBACKS == 1)
 555:Drivers/STM32L4xx_HAL_Driver/Src/stm32l4xx_hal_qspi.c ****     hqspi->FifoThresholdCallback(hqspi);
 556:Drivers/STM32L4xx_HAL_Driver/Src/stm32l4xx_hal_qspi.c **** #else
 557:Drivers/STM32L4xx_HAL_Driver/Src/stm32l4xx_hal_qspi.c ****     HAL_QSPI_FifoThresholdCallback(hqspi);
 558:Drivers/STM32L4xx_HAL_Driver/Src/stm32l4xx_hal_qspi.c **** #endif
 559:Drivers/STM32L4xx_HAL_Driver/Src/stm32l4xx_hal_qspi.c ****   }
 560:Drivers/STM32L4xx_HAL_Driver/Src/stm32l4xx_hal_qspi.c **** 
 561:Drivers/STM32L4xx_HAL_Driver/Src/stm32l4xx_hal_qspi.c ****   /* QSPI Transfer Complete interrupt occurred -------------------------------*/
 562:Drivers/STM32L4xx_HAL_Driver/Src/stm32l4xx_hal_qspi.c ****   else if(((flag & QSPI_FLAG_TC) != 0U) && ((itsource & QSPI_IT_TC) != 0U))
 563:Drivers/STM32L4xx_HAL_Driver/Src/stm32l4xx_hal_qspi.c ****   {
 564:Drivers/STM32L4xx_HAL_Driver/Src/stm32l4xx_hal_qspi.c ****     /* Clear interrupt */
 565:Drivers/STM32L4xx_HAL_Driver/Src/stm32l4xx_hal_qspi.c ****     WRITE_REG(hqspi->Instance->FCR, QSPI_FLAG_TC);
 566:Drivers/STM32L4xx_HAL_Driver/Src/stm32l4xx_hal_qspi.c **** 
 567:Drivers/STM32L4xx_HAL_Driver/Src/stm32l4xx_hal_qspi.c ****     /* Disable the QSPI FIFO Threshold, Transfer Error and Transfer complete Interrupts */
 568:Drivers/STM32L4xx_HAL_Driver/Src/stm32l4xx_hal_qspi.c ****     __HAL_QSPI_DISABLE_IT(hqspi, QSPI_IT_TC | QSPI_IT_TE | QSPI_IT_FT);
 569:Drivers/STM32L4xx_HAL_Driver/Src/stm32l4xx_hal_qspi.c **** 
 570:Drivers/STM32L4xx_HAL_Driver/Src/stm32l4xx_hal_qspi.c ****     /* Transfer complete callback */
 571:Drivers/STM32L4xx_HAL_Driver/Src/stm32l4xx_hal_qspi.c ****     if(hqspi->State == HAL_QSPI_STATE_BUSY_INDIRECT_TX)
 572:Drivers/STM32L4xx_HAL_Driver/Src/stm32l4xx_hal_qspi.c ****     {
 573:Drivers/STM32L4xx_HAL_Driver/Src/stm32l4xx_hal_qspi.c ****       if ((hqspi->Instance->CR & QUADSPI_CR_DMAEN) != 0U)
 574:Drivers/STM32L4xx_HAL_Driver/Src/stm32l4xx_hal_qspi.c ****       {
 575:Drivers/STM32L4xx_HAL_Driver/Src/stm32l4xx_hal_qspi.c ****         /* Disable the DMA transfer by clearing the DMAEN bit in the QSPI CR register */
 576:Drivers/STM32L4xx_HAL_Driver/Src/stm32l4xx_hal_qspi.c ****         CLEAR_BIT(hqspi->Instance->CR, QUADSPI_CR_DMAEN);
 577:Drivers/STM32L4xx_HAL_Driver/Src/stm32l4xx_hal_qspi.c **** 
 578:Drivers/STM32L4xx_HAL_Driver/Src/stm32l4xx_hal_qspi.c ****         /* Disable the DMA channel */
 579:Drivers/STM32L4xx_HAL_Driver/Src/stm32l4xx_hal_qspi.c ****         __HAL_DMA_DISABLE(hqspi->hdma);
 580:Drivers/STM32L4xx_HAL_Driver/Src/stm32l4xx_hal_qspi.c ****       }
 581:Drivers/STM32L4xx_HAL_Driver/Src/stm32l4xx_hal_qspi.c **** 
 582:Drivers/STM32L4xx_HAL_Driver/Src/stm32l4xx_hal_qspi.c **** #if  (defined(STM32L471xx) || defined(STM32L475xx) || defined(STM32L476xx) || defined(STM32L485xx) 
 583:Drivers/STM32L4xx_HAL_Driver/Src/stm32l4xx_hal_qspi.c ****       /* Clear Busy bit */
 584:Drivers/STM32L4xx_HAL_Driver/Src/stm32l4xx_hal_qspi.c ****       (void)HAL_QSPI_Abort_IT(hqspi);
 585:Drivers/STM32L4xx_HAL_Driver/Src/stm32l4xx_hal_qspi.c **** #endif
 586:Drivers/STM32L4xx_HAL_Driver/Src/stm32l4xx_hal_qspi.c **** 
 587:Drivers/STM32L4xx_HAL_Driver/Src/stm32l4xx_hal_qspi.c ****       /* Change state of QSPI */
 588:Drivers/STM32L4xx_HAL_Driver/Src/stm32l4xx_hal_qspi.c ****       hqspi->State = HAL_QSPI_STATE_READY;
 589:Drivers/STM32L4xx_HAL_Driver/Src/stm32l4xx_hal_qspi.c **** 
 590:Drivers/STM32L4xx_HAL_Driver/Src/stm32l4xx_hal_qspi.c ****       /* TX Complete callback */
 591:Drivers/STM32L4xx_HAL_Driver/Src/stm32l4xx_hal_qspi.c **** #if (USE_HAL_QSPI_REGISTER_CALLBACKS == 1)
 592:Drivers/STM32L4xx_HAL_Driver/Src/stm32l4xx_hal_qspi.c ****       hqspi->TxCpltCallback(hqspi);
 593:Drivers/STM32L4xx_HAL_Driver/Src/stm32l4xx_hal_qspi.c **** #else
 594:Drivers/STM32L4xx_HAL_Driver/Src/stm32l4xx_hal_qspi.c ****       HAL_QSPI_TxCpltCallback(hqspi);
 595:Drivers/STM32L4xx_HAL_Driver/Src/stm32l4xx_hal_qspi.c **** #endif
 596:Drivers/STM32L4xx_HAL_Driver/Src/stm32l4xx_hal_qspi.c ****     }
 597:Drivers/STM32L4xx_HAL_Driver/Src/stm32l4xx_hal_qspi.c ****     else if(hqspi->State == HAL_QSPI_STATE_BUSY_INDIRECT_RX)
 598:Drivers/STM32L4xx_HAL_Driver/Src/stm32l4xx_hal_qspi.c ****     {
 599:Drivers/STM32L4xx_HAL_Driver/Src/stm32l4xx_hal_qspi.c ****       if ((hqspi->Instance->CR & QUADSPI_CR_DMAEN) != 0U)
 600:Drivers/STM32L4xx_HAL_Driver/Src/stm32l4xx_hal_qspi.c ****       {
ARM GAS  /tmp/ccLGcT9r.s 			page 12


 601:Drivers/STM32L4xx_HAL_Driver/Src/stm32l4xx_hal_qspi.c ****         /* Disable the DMA transfer by clearing the DMAEN bit in the QSPI CR register */
 602:Drivers/STM32L4xx_HAL_Driver/Src/stm32l4xx_hal_qspi.c ****         CLEAR_BIT(hqspi->Instance->CR, QUADSPI_CR_DMAEN);
 603:Drivers/STM32L4xx_HAL_Driver/Src/stm32l4xx_hal_qspi.c **** 
 604:Drivers/STM32L4xx_HAL_Driver/Src/stm32l4xx_hal_qspi.c ****         /* Disable the DMA channel */
 605:Drivers/STM32L4xx_HAL_Driver/Src/stm32l4xx_hal_qspi.c ****         __HAL_DMA_DISABLE(hqspi->hdma);
 606:Drivers/STM32L4xx_HAL_Driver/Src/stm32l4xx_hal_qspi.c ****       }
 607:Drivers/STM32L4xx_HAL_Driver/Src/stm32l4xx_hal_qspi.c ****       else
 608:Drivers/STM32L4xx_HAL_Driver/Src/stm32l4xx_hal_qspi.c ****       {
 609:Drivers/STM32L4xx_HAL_Driver/Src/stm32l4xx_hal_qspi.c ****         data_reg = &hqspi->Instance->DR;
 610:Drivers/STM32L4xx_HAL_Driver/Src/stm32l4xx_hal_qspi.c ****         while(READ_BIT(hqspi->Instance->SR, QUADSPI_SR_FLEVEL) != 0U)
 611:Drivers/STM32L4xx_HAL_Driver/Src/stm32l4xx_hal_qspi.c ****         {
 612:Drivers/STM32L4xx_HAL_Driver/Src/stm32l4xx_hal_qspi.c ****           if (hqspi->RxXferCount > 0U)
 613:Drivers/STM32L4xx_HAL_Driver/Src/stm32l4xx_hal_qspi.c ****           {
 614:Drivers/STM32L4xx_HAL_Driver/Src/stm32l4xx_hal_qspi.c ****             /* Read the last data received in the FIFO until it is empty */
 615:Drivers/STM32L4xx_HAL_Driver/Src/stm32l4xx_hal_qspi.c ****             *hqspi->pRxBuffPtr = *((__IO uint8_t *)data_reg);
 616:Drivers/STM32L4xx_HAL_Driver/Src/stm32l4xx_hal_qspi.c ****             hqspi->pRxBuffPtr++;
 617:Drivers/STM32L4xx_HAL_Driver/Src/stm32l4xx_hal_qspi.c ****             hqspi->RxXferCount--;
 618:Drivers/STM32L4xx_HAL_Driver/Src/stm32l4xx_hal_qspi.c ****           }
 619:Drivers/STM32L4xx_HAL_Driver/Src/stm32l4xx_hal_qspi.c ****           else
 620:Drivers/STM32L4xx_HAL_Driver/Src/stm32l4xx_hal_qspi.c ****           {
 621:Drivers/STM32L4xx_HAL_Driver/Src/stm32l4xx_hal_qspi.c ****             /* All data have been received for the transfer */
 622:Drivers/STM32L4xx_HAL_Driver/Src/stm32l4xx_hal_qspi.c ****             break;
 623:Drivers/STM32L4xx_HAL_Driver/Src/stm32l4xx_hal_qspi.c ****           }
 624:Drivers/STM32L4xx_HAL_Driver/Src/stm32l4xx_hal_qspi.c ****         }
 625:Drivers/STM32L4xx_HAL_Driver/Src/stm32l4xx_hal_qspi.c ****       }
 626:Drivers/STM32L4xx_HAL_Driver/Src/stm32l4xx_hal_qspi.c **** 
 627:Drivers/STM32L4xx_HAL_Driver/Src/stm32l4xx_hal_qspi.c **** #if  (defined(STM32L471xx) || defined(STM32L475xx) || defined(STM32L476xx) || defined(STM32L485xx) 
 628:Drivers/STM32L4xx_HAL_Driver/Src/stm32l4xx_hal_qspi.c ****       /* Workaround - Extra data written in the FIFO at the end of a read transfer */
 629:Drivers/STM32L4xx_HAL_Driver/Src/stm32l4xx_hal_qspi.c ****       (void)HAL_QSPI_Abort_IT(hqspi);
 630:Drivers/STM32L4xx_HAL_Driver/Src/stm32l4xx_hal_qspi.c **** #endif
 631:Drivers/STM32L4xx_HAL_Driver/Src/stm32l4xx_hal_qspi.c **** 
 632:Drivers/STM32L4xx_HAL_Driver/Src/stm32l4xx_hal_qspi.c ****       /* Change state of QSPI */
 633:Drivers/STM32L4xx_HAL_Driver/Src/stm32l4xx_hal_qspi.c ****       hqspi->State = HAL_QSPI_STATE_READY;
 634:Drivers/STM32L4xx_HAL_Driver/Src/stm32l4xx_hal_qspi.c **** 
 635:Drivers/STM32L4xx_HAL_Driver/Src/stm32l4xx_hal_qspi.c ****       /* RX Complete callback */
 636:Drivers/STM32L4xx_HAL_Driver/Src/stm32l4xx_hal_qspi.c **** #if (USE_HAL_QSPI_REGISTER_CALLBACKS == 1)
 637:Drivers/STM32L4xx_HAL_Driver/Src/stm32l4xx_hal_qspi.c ****       hqspi->RxCpltCallback(hqspi);
 638:Drivers/STM32L4xx_HAL_Driver/Src/stm32l4xx_hal_qspi.c **** #else
 639:Drivers/STM32L4xx_HAL_Driver/Src/stm32l4xx_hal_qspi.c ****       HAL_QSPI_RxCpltCallback(hqspi);
 640:Drivers/STM32L4xx_HAL_Driver/Src/stm32l4xx_hal_qspi.c **** #endif
 641:Drivers/STM32L4xx_HAL_Driver/Src/stm32l4xx_hal_qspi.c ****     }
 642:Drivers/STM32L4xx_HAL_Driver/Src/stm32l4xx_hal_qspi.c ****     else if(hqspi->State == HAL_QSPI_STATE_BUSY)
 643:Drivers/STM32L4xx_HAL_Driver/Src/stm32l4xx_hal_qspi.c ****     {
 644:Drivers/STM32L4xx_HAL_Driver/Src/stm32l4xx_hal_qspi.c ****       /* Change state of QSPI */
 645:Drivers/STM32L4xx_HAL_Driver/Src/stm32l4xx_hal_qspi.c ****       hqspi->State = HAL_QSPI_STATE_READY;
 646:Drivers/STM32L4xx_HAL_Driver/Src/stm32l4xx_hal_qspi.c **** 
 647:Drivers/STM32L4xx_HAL_Driver/Src/stm32l4xx_hal_qspi.c ****       /* Command Complete callback */
 648:Drivers/STM32L4xx_HAL_Driver/Src/stm32l4xx_hal_qspi.c **** #if (USE_HAL_QSPI_REGISTER_CALLBACKS == 1)
 649:Drivers/STM32L4xx_HAL_Driver/Src/stm32l4xx_hal_qspi.c ****       hqspi->CmdCpltCallback(hqspi);
 650:Drivers/STM32L4xx_HAL_Driver/Src/stm32l4xx_hal_qspi.c **** #else
 651:Drivers/STM32L4xx_HAL_Driver/Src/stm32l4xx_hal_qspi.c ****       HAL_QSPI_CmdCpltCallback(hqspi);
 652:Drivers/STM32L4xx_HAL_Driver/Src/stm32l4xx_hal_qspi.c **** #endif
 653:Drivers/STM32L4xx_HAL_Driver/Src/stm32l4xx_hal_qspi.c ****     }
 654:Drivers/STM32L4xx_HAL_Driver/Src/stm32l4xx_hal_qspi.c ****     else if(hqspi->State == HAL_QSPI_STATE_ABORT)
 655:Drivers/STM32L4xx_HAL_Driver/Src/stm32l4xx_hal_qspi.c ****     {
 656:Drivers/STM32L4xx_HAL_Driver/Src/stm32l4xx_hal_qspi.c ****       /* Reset functional mode configuration to indirect write mode by default */
 657:Drivers/STM32L4xx_HAL_Driver/Src/stm32l4xx_hal_qspi.c ****       CLEAR_BIT(hqspi->Instance->CCR, QUADSPI_CCR_FMODE);
ARM GAS  /tmp/ccLGcT9r.s 			page 13


 658:Drivers/STM32L4xx_HAL_Driver/Src/stm32l4xx_hal_qspi.c **** 
 659:Drivers/STM32L4xx_HAL_Driver/Src/stm32l4xx_hal_qspi.c ****       /* Change state of QSPI */
 660:Drivers/STM32L4xx_HAL_Driver/Src/stm32l4xx_hal_qspi.c ****       hqspi->State = HAL_QSPI_STATE_READY;
 661:Drivers/STM32L4xx_HAL_Driver/Src/stm32l4xx_hal_qspi.c **** 
 662:Drivers/STM32L4xx_HAL_Driver/Src/stm32l4xx_hal_qspi.c ****       if (hqspi->ErrorCode == HAL_QSPI_ERROR_NONE)
 663:Drivers/STM32L4xx_HAL_Driver/Src/stm32l4xx_hal_qspi.c ****       {
 664:Drivers/STM32L4xx_HAL_Driver/Src/stm32l4xx_hal_qspi.c ****         /* Abort called by the user */
 665:Drivers/STM32L4xx_HAL_Driver/Src/stm32l4xx_hal_qspi.c **** 
 666:Drivers/STM32L4xx_HAL_Driver/Src/stm32l4xx_hal_qspi.c ****         /* Abort Complete callback */
 667:Drivers/STM32L4xx_HAL_Driver/Src/stm32l4xx_hal_qspi.c **** #if (USE_HAL_QSPI_REGISTER_CALLBACKS == 1)
 668:Drivers/STM32L4xx_HAL_Driver/Src/stm32l4xx_hal_qspi.c ****         hqspi->AbortCpltCallback(hqspi);
 669:Drivers/STM32L4xx_HAL_Driver/Src/stm32l4xx_hal_qspi.c **** #else
 670:Drivers/STM32L4xx_HAL_Driver/Src/stm32l4xx_hal_qspi.c ****         HAL_QSPI_AbortCpltCallback(hqspi);
 671:Drivers/STM32L4xx_HAL_Driver/Src/stm32l4xx_hal_qspi.c **** #endif
 672:Drivers/STM32L4xx_HAL_Driver/Src/stm32l4xx_hal_qspi.c ****       }
 673:Drivers/STM32L4xx_HAL_Driver/Src/stm32l4xx_hal_qspi.c ****       else
 674:Drivers/STM32L4xx_HAL_Driver/Src/stm32l4xx_hal_qspi.c ****       {
 675:Drivers/STM32L4xx_HAL_Driver/Src/stm32l4xx_hal_qspi.c ****         /* Abort due to an error (eg :  DMA error) */
 676:Drivers/STM32L4xx_HAL_Driver/Src/stm32l4xx_hal_qspi.c **** 
 677:Drivers/STM32L4xx_HAL_Driver/Src/stm32l4xx_hal_qspi.c ****         /* Error callback */
 678:Drivers/STM32L4xx_HAL_Driver/Src/stm32l4xx_hal_qspi.c **** #if (USE_HAL_QSPI_REGISTER_CALLBACKS == 1)
 679:Drivers/STM32L4xx_HAL_Driver/Src/stm32l4xx_hal_qspi.c ****         hqspi->ErrorCallback(hqspi);
 680:Drivers/STM32L4xx_HAL_Driver/Src/stm32l4xx_hal_qspi.c **** #else
 681:Drivers/STM32L4xx_HAL_Driver/Src/stm32l4xx_hal_qspi.c ****         HAL_QSPI_ErrorCallback(hqspi);
 682:Drivers/STM32L4xx_HAL_Driver/Src/stm32l4xx_hal_qspi.c **** #endif
 683:Drivers/STM32L4xx_HAL_Driver/Src/stm32l4xx_hal_qspi.c ****       }
 684:Drivers/STM32L4xx_HAL_Driver/Src/stm32l4xx_hal_qspi.c ****     }
 685:Drivers/STM32L4xx_HAL_Driver/Src/stm32l4xx_hal_qspi.c ****     else
 686:Drivers/STM32L4xx_HAL_Driver/Src/stm32l4xx_hal_qspi.c ****     {
 687:Drivers/STM32L4xx_HAL_Driver/Src/stm32l4xx_hal_qspi.c ****      /* Nothing to do */
 688:Drivers/STM32L4xx_HAL_Driver/Src/stm32l4xx_hal_qspi.c ****     }
 689:Drivers/STM32L4xx_HAL_Driver/Src/stm32l4xx_hal_qspi.c ****   }
 690:Drivers/STM32L4xx_HAL_Driver/Src/stm32l4xx_hal_qspi.c **** 
 691:Drivers/STM32L4xx_HAL_Driver/Src/stm32l4xx_hal_qspi.c ****   /* QSPI Status Match interrupt occurred ------------------------------------*/
 692:Drivers/STM32L4xx_HAL_Driver/Src/stm32l4xx_hal_qspi.c ****   else if(((flag & QSPI_FLAG_SM) != 0U) && ((itsource & QSPI_IT_SM) != 0U))
 693:Drivers/STM32L4xx_HAL_Driver/Src/stm32l4xx_hal_qspi.c ****   {
 694:Drivers/STM32L4xx_HAL_Driver/Src/stm32l4xx_hal_qspi.c ****     /* Clear interrupt */
 695:Drivers/STM32L4xx_HAL_Driver/Src/stm32l4xx_hal_qspi.c ****     WRITE_REG(hqspi->Instance->FCR, QSPI_FLAG_SM);
 696:Drivers/STM32L4xx_HAL_Driver/Src/stm32l4xx_hal_qspi.c **** 
 697:Drivers/STM32L4xx_HAL_Driver/Src/stm32l4xx_hal_qspi.c ****     /* Check if the automatic poll mode stop is activated */
 698:Drivers/STM32L4xx_HAL_Driver/Src/stm32l4xx_hal_qspi.c ****     if(READ_BIT(hqspi->Instance->CR, QUADSPI_CR_APMS) != 0U)
 699:Drivers/STM32L4xx_HAL_Driver/Src/stm32l4xx_hal_qspi.c ****     {
 700:Drivers/STM32L4xx_HAL_Driver/Src/stm32l4xx_hal_qspi.c ****       /* Disable the QSPI Transfer Error and Status Match Interrupts */
 701:Drivers/STM32L4xx_HAL_Driver/Src/stm32l4xx_hal_qspi.c ****       __HAL_QSPI_DISABLE_IT(hqspi, (QSPI_IT_SM | QSPI_IT_TE));
 702:Drivers/STM32L4xx_HAL_Driver/Src/stm32l4xx_hal_qspi.c **** 
 703:Drivers/STM32L4xx_HAL_Driver/Src/stm32l4xx_hal_qspi.c ****       /* Change state of QSPI */
 704:Drivers/STM32L4xx_HAL_Driver/Src/stm32l4xx_hal_qspi.c ****       hqspi->State = HAL_QSPI_STATE_READY;
 705:Drivers/STM32L4xx_HAL_Driver/Src/stm32l4xx_hal_qspi.c ****     }
 706:Drivers/STM32L4xx_HAL_Driver/Src/stm32l4xx_hal_qspi.c **** 
 707:Drivers/STM32L4xx_HAL_Driver/Src/stm32l4xx_hal_qspi.c ****     /* Status match callback */
 708:Drivers/STM32L4xx_HAL_Driver/Src/stm32l4xx_hal_qspi.c **** #if (USE_HAL_QSPI_REGISTER_CALLBACKS == 1)
 709:Drivers/STM32L4xx_HAL_Driver/Src/stm32l4xx_hal_qspi.c ****     hqspi->StatusMatchCallback(hqspi);
 710:Drivers/STM32L4xx_HAL_Driver/Src/stm32l4xx_hal_qspi.c **** #else
 711:Drivers/STM32L4xx_HAL_Driver/Src/stm32l4xx_hal_qspi.c ****     HAL_QSPI_StatusMatchCallback(hqspi);
 712:Drivers/STM32L4xx_HAL_Driver/Src/stm32l4xx_hal_qspi.c **** #endif
 713:Drivers/STM32L4xx_HAL_Driver/Src/stm32l4xx_hal_qspi.c ****   }
 714:Drivers/STM32L4xx_HAL_Driver/Src/stm32l4xx_hal_qspi.c **** 
ARM GAS  /tmp/ccLGcT9r.s 			page 14


 715:Drivers/STM32L4xx_HAL_Driver/Src/stm32l4xx_hal_qspi.c ****   /* QSPI Transfer Error interrupt occurred ----------------------------------*/
 716:Drivers/STM32L4xx_HAL_Driver/Src/stm32l4xx_hal_qspi.c ****   else if(((flag & QSPI_FLAG_TE) != 0U) && ((itsource & QSPI_IT_TE) != 0U))
 717:Drivers/STM32L4xx_HAL_Driver/Src/stm32l4xx_hal_qspi.c ****   {
 718:Drivers/STM32L4xx_HAL_Driver/Src/stm32l4xx_hal_qspi.c ****     /* Clear interrupt */
 719:Drivers/STM32L4xx_HAL_Driver/Src/stm32l4xx_hal_qspi.c ****     WRITE_REG(hqspi->Instance->FCR, QSPI_FLAG_TE);
 720:Drivers/STM32L4xx_HAL_Driver/Src/stm32l4xx_hal_qspi.c **** 
 721:Drivers/STM32L4xx_HAL_Driver/Src/stm32l4xx_hal_qspi.c ****     /* Disable all the QSPI Interrupts */
 722:Drivers/STM32L4xx_HAL_Driver/Src/stm32l4xx_hal_qspi.c ****     __HAL_QSPI_DISABLE_IT(hqspi, QSPI_IT_SM | QSPI_IT_TC | QSPI_IT_TE | QSPI_IT_FT);
 723:Drivers/STM32L4xx_HAL_Driver/Src/stm32l4xx_hal_qspi.c **** 
 724:Drivers/STM32L4xx_HAL_Driver/Src/stm32l4xx_hal_qspi.c ****     /* Set error code */
 725:Drivers/STM32L4xx_HAL_Driver/Src/stm32l4xx_hal_qspi.c ****     hqspi->ErrorCode |= HAL_QSPI_ERROR_TRANSFER;
 726:Drivers/STM32L4xx_HAL_Driver/Src/stm32l4xx_hal_qspi.c **** 
 727:Drivers/STM32L4xx_HAL_Driver/Src/stm32l4xx_hal_qspi.c ****     if ((hqspi->Instance->CR & QUADSPI_CR_DMAEN) != 0U)
 728:Drivers/STM32L4xx_HAL_Driver/Src/stm32l4xx_hal_qspi.c ****     {
 729:Drivers/STM32L4xx_HAL_Driver/Src/stm32l4xx_hal_qspi.c ****       /* Disable the DMA transfer by clearing the DMAEN bit in the QSPI CR register */
 730:Drivers/STM32L4xx_HAL_Driver/Src/stm32l4xx_hal_qspi.c ****       CLEAR_BIT(hqspi->Instance->CR, QUADSPI_CR_DMAEN);
 731:Drivers/STM32L4xx_HAL_Driver/Src/stm32l4xx_hal_qspi.c **** 
 732:Drivers/STM32L4xx_HAL_Driver/Src/stm32l4xx_hal_qspi.c ****       /* Disable the DMA channel */
 733:Drivers/STM32L4xx_HAL_Driver/Src/stm32l4xx_hal_qspi.c ****       hqspi->hdma->XferAbortCallback = QSPI_DMAAbortCplt;
 734:Drivers/STM32L4xx_HAL_Driver/Src/stm32l4xx_hal_qspi.c ****       if (HAL_DMA_Abort_IT(hqspi->hdma) != HAL_OK)
 735:Drivers/STM32L4xx_HAL_Driver/Src/stm32l4xx_hal_qspi.c ****       {
 736:Drivers/STM32L4xx_HAL_Driver/Src/stm32l4xx_hal_qspi.c ****         /* Set error code to DMA */
 737:Drivers/STM32L4xx_HAL_Driver/Src/stm32l4xx_hal_qspi.c ****         hqspi->ErrorCode |= HAL_QSPI_ERROR_DMA;
 738:Drivers/STM32L4xx_HAL_Driver/Src/stm32l4xx_hal_qspi.c **** 
 739:Drivers/STM32L4xx_HAL_Driver/Src/stm32l4xx_hal_qspi.c ****         /* Change state of QSPI */
 740:Drivers/STM32L4xx_HAL_Driver/Src/stm32l4xx_hal_qspi.c ****         hqspi->State = HAL_QSPI_STATE_READY;
 741:Drivers/STM32L4xx_HAL_Driver/Src/stm32l4xx_hal_qspi.c **** 
 742:Drivers/STM32L4xx_HAL_Driver/Src/stm32l4xx_hal_qspi.c ****         /* Error callback */
 743:Drivers/STM32L4xx_HAL_Driver/Src/stm32l4xx_hal_qspi.c **** #if (USE_HAL_QSPI_REGISTER_CALLBACKS == 1)
 744:Drivers/STM32L4xx_HAL_Driver/Src/stm32l4xx_hal_qspi.c ****         hqspi->ErrorCallback(hqspi);
 745:Drivers/STM32L4xx_HAL_Driver/Src/stm32l4xx_hal_qspi.c **** #else
 746:Drivers/STM32L4xx_HAL_Driver/Src/stm32l4xx_hal_qspi.c ****         HAL_QSPI_ErrorCallback(hqspi);
 747:Drivers/STM32L4xx_HAL_Driver/Src/stm32l4xx_hal_qspi.c **** #endif
 748:Drivers/STM32L4xx_HAL_Driver/Src/stm32l4xx_hal_qspi.c ****       }
 749:Drivers/STM32L4xx_HAL_Driver/Src/stm32l4xx_hal_qspi.c ****     }
 750:Drivers/STM32L4xx_HAL_Driver/Src/stm32l4xx_hal_qspi.c ****     else
 751:Drivers/STM32L4xx_HAL_Driver/Src/stm32l4xx_hal_qspi.c ****     {
 752:Drivers/STM32L4xx_HAL_Driver/Src/stm32l4xx_hal_qspi.c ****       /* Change state of QSPI */
 753:Drivers/STM32L4xx_HAL_Driver/Src/stm32l4xx_hal_qspi.c ****       hqspi->State = HAL_QSPI_STATE_READY;
 754:Drivers/STM32L4xx_HAL_Driver/Src/stm32l4xx_hal_qspi.c **** 
 755:Drivers/STM32L4xx_HAL_Driver/Src/stm32l4xx_hal_qspi.c ****       /* Error callback */
 756:Drivers/STM32L4xx_HAL_Driver/Src/stm32l4xx_hal_qspi.c **** #if (USE_HAL_QSPI_REGISTER_CALLBACKS == 1)
 757:Drivers/STM32L4xx_HAL_Driver/Src/stm32l4xx_hal_qspi.c ****       hqspi->ErrorCallback(hqspi);
 758:Drivers/STM32L4xx_HAL_Driver/Src/stm32l4xx_hal_qspi.c **** #else
 759:Drivers/STM32L4xx_HAL_Driver/Src/stm32l4xx_hal_qspi.c ****       HAL_QSPI_ErrorCallback(hqspi);
 760:Drivers/STM32L4xx_HAL_Driver/Src/stm32l4xx_hal_qspi.c **** #endif
 761:Drivers/STM32L4xx_HAL_Driver/Src/stm32l4xx_hal_qspi.c ****     }
 762:Drivers/STM32L4xx_HAL_Driver/Src/stm32l4xx_hal_qspi.c ****   }
 763:Drivers/STM32L4xx_HAL_Driver/Src/stm32l4xx_hal_qspi.c **** 
 764:Drivers/STM32L4xx_HAL_Driver/Src/stm32l4xx_hal_qspi.c ****   /* QSPI Timeout interrupt occurred -----------------------------------------*/
 765:Drivers/STM32L4xx_HAL_Driver/Src/stm32l4xx_hal_qspi.c ****   else if(((flag & QSPI_FLAG_TO) != 0U) && ((itsource & QSPI_IT_TO) != 0U))
 766:Drivers/STM32L4xx_HAL_Driver/Src/stm32l4xx_hal_qspi.c ****   {
 767:Drivers/STM32L4xx_HAL_Driver/Src/stm32l4xx_hal_qspi.c ****     /* Clear interrupt */
 768:Drivers/STM32L4xx_HAL_Driver/Src/stm32l4xx_hal_qspi.c ****     WRITE_REG(hqspi->Instance->FCR, QSPI_FLAG_TO);
 769:Drivers/STM32L4xx_HAL_Driver/Src/stm32l4xx_hal_qspi.c **** 
 770:Drivers/STM32L4xx_HAL_Driver/Src/stm32l4xx_hal_qspi.c ****     /* Timeout callback */
 771:Drivers/STM32L4xx_HAL_Driver/Src/stm32l4xx_hal_qspi.c **** #if (USE_HAL_QSPI_REGISTER_CALLBACKS == 1)
ARM GAS  /tmp/ccLGcT9r.s 			page 15


 772:Drivers/STM32L4xx_HAL_Driver/Src/stm32l4xx_hal_qspi.c ****     hqspi->TimeOutCallback(hqspi);
 773:Drivers/STM32L4xx_HAL_Driver/Src/stm32l4xx_hal_qspi.c **** #else
 774:Drivers/STM32L4xx_HAL_Driver/Src/stm32l4xx_hal_qspi.c ****     HAL_QSPI_TimeOutCallback(hqspi);
 775:Drivers/STM32L4xx_HAL_Driver/Src/stm32l4xx_hal_qspi.c **** #endif
 776:Drivers/STM32L4xx_HAL_Driver/Src/stm32l4xx_hal_qspi.c ****   }
 777:Drivers/STM32L4xx_HAL_Driver/Src/stm32l4xx_hal_qspi.c **** 
 778:Drivers/STM32L4xx_HAL_Driver/Src/stm32l4xx_hal_qspi.c ****    else
 779:Drivers/STM32L4xx_HAL_Driver/Src/stm32l4xx_hal_qspi.c ****   {
 780:Drivers/STM32L4xx_HAL_Driver/Src/stm32l4xx_hal_qspi.c ****    /* Nothing to do */
 781:Drivers/STM32L4xx_HAL_Driver/Src/stm32l4xx_hal_qspi.c ****   }
 782:Drivers/STM32L4xx_HAL_Driver/Src/stm32l4xx_hal_qspi.c **** }
 783:Drivers/STM32L4xx_HAL_Driver/Src/stm32l4xx_hal_qspi.c **** 
 784:Drivers/STM32L4xx_HAL_Driver/Src/stm32l4xx_hal_qspi.c **** /**
 785:Drivers/STM32L4xx_HAL_Driver/Src/stm32l4xx_hal_qspi.c ****   * @brief Set the command configuration.
 786:Drivers/STM32L4xx_HAL_Driver/Src/stm32l4xx_hal_qspi.c ****   * @param hqspi QSPI handle
 787:Drivers/STM32L4xx_HAL_Driver/Src/stm32l4xx_hal_qspi.c ****   * @param cmd : structure that contains the command configuration information
 788:Drivers/STM32L4xx_HAL_Driver/Src/stm32l4xx_hal_qspi.c ****   * @param Timeout Timeout duration
 789:Drivers/STM32L4xx_HAL_Driver/Src/stm32l4xx_hal_qspi.c ****   * @note   This function is used only in Indirect Read or Write Modes
 790:Drivers/STM32L4xx_HAL_Driver/Src/stm32l4xx_hal_qspi.c ****   * @retval HAL status
 791:Drivers/STM32L4xx_HAL_Driver/Src/stm32l4xx_hal_qspi.c ****   */
 792:Drivers/STM32L4xx_HAL_Driver/Src/stm32l4xx_hal_qspi.c **** HAL_StatusTypeDef HAL_QSPI_Command(QSPI_HandleTypeDef *hqspi, QSPI_CommandTypeDef *cmd, uint32_t Ti
 793:Drivers/STM32L4xx_HAL_Driver/Src/stm32l4xx_hal_qspi.c **** {
 794:Drivers/STM32L4xx_HAL_Driver/Src/stm32l4xx_hal_qspi.c ****   HAL_StatusTypeDef status;
 795:Drivers/STM32L4xx_HAL_Driver/Src/stm32l4xx_hal_qspi.c ****   uint32_t tickstart = HAL_GetTick();
 796:Drivers/STM32L4xx_HAL_Driver/Src/stm32l4xx_hal_qspi.c **** 
 797:Drivers/STM32L4xx_HAL_Driver/Src/stm32l4xx_hal_qspi.c ****   /* Check the parameters */
 798:Drivers/STM32L4xx_HAL_Driver/Src/stm32l4xx_hal_qspi.c ****   assert_param(IS_QSPI_INSTRUCTION_MODE(cmd->InstructionMode));
 799:Drivers/STM32L4xx_HAL_Driver/Src/stm32l4xx_hal_qspi.c ****   if (cmd->InstructionMode != QSPI_INSTRUCTION_NONE)
 800:Drivers/STM32L4xx_HAL_Driver/Src/stm32l4xx_hal_qspi.c ****   {
 801:Drivers/STM32L4xx_HAL_Driver/Src/stm32l4xx_hal_qspi.c ****     assert_param(IS_QSPI_INSTRUCTION(cmd->Instruction));
 802:Drivers/STM32L4xx_HAL_Driver/Src/stm32l4xx_hal_qspi.c ****   }
 803:Drivers/STM32L4xx_HAL_Driver/Src/stm32l4xx_hal_qspi.c **** 
 804:Drivers/STM32L4xx_HAL_Driver/Src/stm32l4xx_hal_qspi.c ****   assert_param(IS_QSPI_ADDRESS_MODE(cmd->AddressMode));
 805:Drivers/STM32L4xx_HAL_Driver/Src/stm32l4xx_hal_qspi.c ****   if (cmd->AddressMode != QSPI_ADDRESS_NONE)
 806:Drivers/STM32L4xx_HAL_Driver/Src/stm32l4xx_hal_qspi.c ****   {
 807:Drivers/STM32L4xx_HAL_Driver/Src/stm32l4xx_hal_qspi.c ****     assert_param(IS_QSPI_ADDRESS_SIZE(cmd->AddressSize));
 808:Drivers/STM32L4xx_HAL_Driver/Src/stm32l4xx_hal_qspi.c ****   }
 809:Drivers/STM32L4xx_HAL_Driver/Src/stm32l4xx_hal_qspi.c **** 
 810:Drivers/STM32L4xx_HAL_Driver/Src/stm32l4xx_hal_qspi.c ****   assert_param(IS_QSPI_ALTERNATE_BYTES_MODE(cmd->AlternateByteMode));
 811:Drivers/STM32L4xx_HAL_Driver/Src/stm32l4xx_hal_qspi.c ****   if (cmd->AlternateByteMode != QSPI_ALTERNATE_BYTES_NONE)
 812:Drivers/STM32L4xx_HAL_Driver/Src/stm32l4xx_hal_qspi.c ****   {
 813:Drivers/STM32L4xx_HAL_Driver/Src/stm32l4xx_hal_qspi.c ****     assert_param(IS_QSPI_ALTERNATE_BYTES_SIZE(cmd->AlternateBytesSize));
 814:Drivers/STM32L4xx_HAL_Driver/Src/stm32l4xx_hal_qspi.c ****   }
 815:Drivers/STM32L4xx_HAL_Driver/Src/stm32l4xx_hal_qspi.c **** 
 816:Drivers/STM32L4xx_HAL_Driver/Src/stm32l4xx_hal_qspi.c ****   assert_param(IS_QSPI_DUMMY_CYCLES(cmd->DummyCycles));
 817:Drivers/STM32L4xx_HAL_Driver/Src/stm32l4xx_hal_qspi.c ****   assert_param(IS_QSPI_DATA_MODE(cmd->DataMode));
 818:Drivers/STM32L4xx_HAL_Driver/Src/stm32l4xx_hal_qspi.c **** 
 819:Drivers/STM32L4xx_HAL_Driver/Src/stm32l4xx_hal_qspi.c ****   assert_param(IS_QSPI_DDR_MODE(cmd->DdrMode));
 820:Drivers/STM32L4xx_HAL_Driver/Src/stm32l4xx_hal_qspi.c ****   assert_param(IS_QSPI_DDR_HHC(cmd->DdrHoldHalfCycle));
 821:Drivers/STM32L4xx_HAL_Driver/Src/stm32l4xx_hal_qspi.c ****   assert_param(IS_QSPI_SIOO_MODE(cmd->SIOOMode));
 822:Drivers/STM32L4xx_HAL_Driver/Src/stm32l4xx_hal_qspi.c **** 
 823:Drivers/STM32L4xx_HAL_Driver/Src/stm32l4xx_hal_qspi.c ****   /* Process locked */
 824:Drivers/STM32L4xx_HAL_Driver/Src/stm32l4xx_hal_qspi.c ****   __HAL_LOCK(hqspi);
 825:Drivers/STM32L4xx_HAL_Driver/Src/stm32l4xx_hal_qspi.c **** 
 826:Drivers/STM32L4xx_HAL_Driver/Src/stm32l4xx_hal_qspi.c ****   if(hqspi->State == HAL_QSPI_STATE_READY)
 827:Drivers/STM32L4xx_HAL_Driver/Src/stm32l4xx_hal_qspi.c ****   {
 828:Drivers/STM32L4xx_HAL_Driver/Src/stm32l4xx_hal_qspi.c ****     hqspi->ErrorCode = HAL_QSPI_ERROR_NONE;
ARM GAS  /tmp/ccLGcT9r.s 			page 16


 829:Drivers/STM32L4xx_HAL_Driver/Src/stm32l4xx_hal_qspi.c **** 
 830:Drivers/STM32L4xx_HAL_Driver/Src/stm32l4xx_hal_qspi.c ****     /* Update QSPI state */
 831:Drivers/STM32L4xx_HAL_Driver/Src/stm32l4xx_hal_qspi.c ****     hqspi->State = HAL_QSPI_STATE_BUSY;
 832:Drivers/STM32L4xx_HAL_Driver/Src/stm32l4xx_hal_qspi.c **** 
 833:Drivers/STM32L4xx_HAL_Driver/Src/stm32l4xx_hal_qspi.c ****     /* Wait till BUSY flag reset */
 834:Drivers/STM32L4xx_HAL_Driver/Src/stm32l4xx_hal_qspi.c ****     status = QSPI_WaitFlagStateUntilTimeout(hqspi, QSPI_FLAG_BUSY, RESET, tickstart, Timeout);
 835:Drivers/STM32L4xx_HAL_Driver/Src/stm32l4xx_hal_qspi.c **** 
 836:Drivers/STM32L4xx_HAL_Driver/Src/stm32l4xx_hal_qspi.c ****     if (status == HAL_OK)
 837:Drivers/STM32L4xx_HAL_Driver/Src/stm32l4xx_hal_qspi.c ****     {
 838:Drivers/STM32L4xx_HAL_Driver/Src/stm32l4xx_hal_qspi.c ****       /* Call the configuration function */
 839:Drivers/STM32L4xx_HAL_Driver/Src/stm32l4xx_hal_qspi.c ****       QSPI_Config(hqspi, cmd, QSPI_FUNCTIONAL_MODE_INDIRECT_WRITE);
 840:Drivers/STM32L4xx_HAL_Driver/Src/stm32l4xx_hal_qspi.c **** 
 841:Drivers/STM32L4xx_HAL_Driver/Src/stm32l4xx_hal_qspi.c ****       if (cmd->DataMode == QSPI_DATA_NONE)
 842:Drivers/STM32L4xx_HAL_Driver/Src/stm32l4xx_hal_qspi.c ****       {
 843:Drivers/STM32L4xx_HAL_Driver/Src/stm32l4xx_hal_qspi.c ****         /* When there is no data phase, the transfer start as soon as the configuration is done
 844:Drivers/STM32L4xx_HAL_Driver/Src/stm32l4xx_hal_qspi.c ****         so wait until TC flag is set to go back in idle state */
 845:Drivers/STM32L4xx_HAL_Driver/Src/stm32l4xx_hal_qspi.c ****         status = QSPI_WaitFlagStateUntilTimeout(hqspi, QSPI_FLAG_TC, SET, tickstart, Timeout);
 846:Drivers/STM32L4xx_HAL_Driver/Src/stm32l4xx_hal_qspi.c **** 
 847:Drivers/STM32L4xx_HAL_Driver/Src/stm32l4xx_hal_qspi.c ****         if (status == HAL_OK)
 848:Drivers/STM32L4xx_HAL_Driver/Src/stm32l4xx_hal_qspi.c ****         {
 849:Drivers/STM32L4xx_HAL_Driver/Src/stm32l4xx_hal_qspi.c ****           __HAL_QSPI_CLEAR_FLAG(hqspi, QSPI_FLAG_TC);
 850:Drivers/STM32L4xx_HAL_Driver/Src/stm32l4xx_hal_qspi.c **** 
 851:Drivers/STM32L4xx_HAL_Driver/Src/stm32l4xx_hal_qspi.c ****           /* Update QSPI state */
 852:Drivers/STM32L4xx_HAL_Driver/Src/stm32l4xx_hal_qspi.c ****           hqspi->State = HAL_QSPI_STATE_READY;
 853:Drivers/STM32L4xx_HAL_Driver/Src/stm32l4xx_hal_qspi.c ****         }
 854:Drivers/STM32L4xx_HAL_Driver/Src/stm32l4xx_hal_qspi.c ****       }
 855:Drivers/STM32L4xx_HAL_Driver/Src/stm32l4xx_hal_qspi.c ****       else
 856:Drivers/STM32L4xx_HAL_Driver/Src/stm32l4xx_hal_qspi.c ****       {
 857:Drivers/STM32L4xx_HAL_Driver/Src/stm32l4xx_hal_qspi.c ****         /* Update QSPI state */
 858:Drivers/STM32L4xx_HAL_Driver/Src/stm32l4xx_hal_qspi.c ****         hqspi->State = HAL_QSPI_STATE_READY;
 859:Drivers/STM32L4xx_HAL_Driver/Src/stm32l4xx_hal_qspi.c ****       }
 860:Drivers/STM32L4xx_HAL_Driver/Src/stm32l4xx_hal_qspi.c ****     }
 861:Drivers/STM32L4xx_HAL_Driver/Src/stm32l4xx_hal_qspi.c ****   }
 862:Drivers/STM32L4xx_HAL_Driver/Src/stm32l4xx_hal_qspi.c ****   else
 863:Drivers/STM32L4xx_HAL_Driver/Src/stm32l4xx_hal_qspi.c ****   {
 864:Drivers/STM32L4xx_HAL_Driver/Src/stm32l4xx_hal_qspi.c ****     status = HAL_BUSY;
 865:Drivers/STM32L4xx_HAL_Driver/Src/stm32l4xx_hal_qspi.c ****   }
 866:Drivers/STM32L4xx_HAL_Driver/Src/stm32l4xx_hal_qspi.c **** 
 867:Drivers/STM32L4xx_HAL_Driver/Src/stm32l4xx_hal_qspi.c ****   /* Process unlocked */
 868:Drivers/STM32L4xx_HAL_Driver/Src/stm32l4xx_hal_qspi.c ****   __HAL_UNLOCK(hqspi);
 869:Drivers/STM32L4xx_HAL_Driver/Src/stm32l4xx_hal_qspi.c **** 
 870:Drivers/STM32L4xx_HAL_Driver/Src/stm32l4xx_hal_qspi.c ****   /* Return function status */
 871:Drivers/STM32L4xx_HAL_Driver/Src/stm32l4xx_hal_qspi.c ****   return status;
 872:Drivers/STM32L4xx_HAL_Driver/Src/stm32l4xx_hal_qspi.c **** }
 873:Drivers/STM32L4xx_HAL_Driver/Src/stm32l4xx_hal_qspi.c **** 
 874:Drivers/STM32L4xx_HAL_Driver/Src/stm32l4xx_hal_qspi.c **** /**
 875:Drivers/STM32L4xx_HAL_Driver/Src/stm32l4xx_hal_qspi.c ****   * @brief Set the command configuration in interrupt mode.
 876:Drivers/STM32L4xx_HAL_Driver/Src/stm32l4xx_hal_qspi.c ****   * @param hqspi QSPI handle
 877:Drivers/STM32L4xx_HAL_Driver/Src/stm32l4xx_hal_qspi.c ****   * @param cmd structure that contains the command configuration information
 878:Drivers/STM32L4xx_HAL_Driver/Src/stm32l4xx_hal_qspi.c ****   * @note   This function is used only in Indirect Read or Write Modes
 879:Drivers/STM32L4xx_HAL_Driver/Src/stm32l4xx_hal_qspi.c ****   * @retval HAL status
 880:Drivers/STM32L4xx_HAL_Driver/Src/stm32l4xx_hal_qspi.c ****   */
 881:Drivers/STM32L4xx_HAL_Driver/Src/stm32l4xx_hal_qspi.c **** HAL_StatusTypeDef HAL_QSPI_Command_IT(QSPI_HandleTypeDef *hqspi, QSPI_CommandTypeDef *cmd)
 882:Drivers/STM32L4xx_HAL_Driver/Src/stm32l4xx_hal_qspi.c **** {
 883:Drivers/STM32L4xx_HAL_Driver/Src/stm32l4xx_hal_qspi.c ****   HAL_StatusTypeDef status;
 884:Drivers/STM32L4xx_HAL_Driver/Src/stm32l4xx_hal_qspi.c ****   uint32_t tickstart = HAL_GetTick();
 885:Drivers/STM32L4xx_HAL_Driver/Src/stm32l4xx_hal_qspi.c **** 
ARM GAS  /tmp/ccLGcT9r.s 			page 17


 886:Drivers/STM32L4xx_HAL_Driver/Src/stm32l4xx_hal_qspi.c ****   /* Check the parameters */
 887:Drivers/STM32L4xx_HAL_Driver/Src/stm32l4xx_hal_qspi.c ****   assert_param(IS_QSPI_INSTRUCTION_MODE(cmd->InstructionMode));
 888:Drivers/STM32L4xx_HAL_Driver/Src/stm32l4xx_hal_qspi.c ****   if (cmd->InstructionMode != QSPI_INSTRUCTION_NONE)
 889:Drivers/STM32L4xx_HAL_Driver/Src/stm32l4xx_hal_qspi.c ****   {
 890:Drivers/STM32L4xx_HAL_Driver/Src/stm32l4xx_hal_qspi.c ****     assert_param(IS_QSPI_INSTRUCTION(cmd->Instruction));
 891:Drivers/STM32L4xx_HAL_Driver/Src/stm32l4xx_hal_qspi.c ****   }
 892:Drivers/STM32L4xx_HAL_Driver/Src/stm32l4xx_hal_qspi.c **** 
 893:Drivers/STM32L4xx_HAL_Driver/Src/stm32l4xx_hal_qspi.c ****   assert_param(IS_QSPI_ADDRESS_MODE(cmd->AddressMode));
 894:Drivers/STM32L4xx_HAL_Driver/Src/stm32l4xx_hal_qspi.c ****   if (cmd->AddressMode != QSPI_ADDRESS_NONE)
 895:Drivers/STM32L4xx_HAL_Driver/Src/stm32l4xx_hal_qspi.c ****   {
 896:Drivers/STM32L4xx_HAL_Driver/Src/stm32l4xx_hal_qspi.c ****     assert_param(IS_QSPI_ADDRESS_SIZE(cmd->AddressSize));
 897:Drivers/STM32L4xx_HAL_Driver/Src/stm32l4xx_hal_qspi.c ****   }
 898:Drivers/STM32L4xx_HAL_Driver/Src/stm32l4xx_hal_qspi.c **** 
 899:Drivers/STM32L4xx_HAL_Driver/Src/stm32l4xx_hal_qspi.c ****   assert_param(IS_QSPI_ALTERNATE_BYTES_MODE(cmd->AlternateByteMode));
 900:Drivers/STM32L4xx_HAL_Driver/Src/stm32l4xx_hal_qspi.c ****   if (cmd->AlternateByteMode != QSPI_ALTERNATE_BYTES_NONE)
 901:Drivers/STM32L4xx_HAL_Driver/Src/stm32l4xx_hal_qspi.c ****   {
 902:Drivers/STM32L4xx_HAL_Driver/Src/stm32l4xx_hal_qspi.c ****     assert_param(IS_QSPI_ALTERNATE_BYTES_SIZE(cmd->AlternateBytesSize));
 903:Drivers/STM32L4xx_HAL_Driver/Src/stm32l4xx_hal_qspi.c ****   }
 904:Drivers/STM32L4xx_HAL_Driver/Src/stm32l4xx_hal_qspi.c **** 
 905:Drivers/STM32L4xx_HAL_Driver/Src/stm32l4xx_hal_qspi.c ****   assert_param(IS_QSPI_DUMMY_CYCLES(cmd->DummyCycles));
 906:Drivers/STM32L4xx_HAL_Driver/Src/stm32l4xx_hal_qspi.c ****   assert_param(IS_QSPI_DATA_MODE(cmd->DataMode));
 907:Drivers/STM32L4xx_HAL_Driver/Src/stm32l4xx_hal_qspi.c **** 
 908:Drivers/STM32L4xx_HAL_Driver/Src/stm32l4xx_hal_qspi.c ****   assert_param(IS_QSPI_DDR_MODE(cmd->DdrMode));
 909:Drivers/STM32L4xx_HAL_Driver/Src/stm32l4xx_hal_qspi.c ****   assert_param(IS_QSPI_DDR_HHC(cmd->DdrHoldHalfCycle));
 910:Drivers/STM32L4xx_HAL_Driver/Src/stm32l4xx_hal_qspi.c ****   assert_param(IS_QSPI_SIOO_MODE(cmd->SIOOMode));
 911:Drivers/STM32L4xx_HAL_Driver/Src/stm32l4xx_hal_qspi.c **** 
 912:Drivers/STM32L4xx_HAL_Driver/Src/stm32l4xx_hal_qspi.c ****   /* Process locked */
 913:Drivers/STM32L4xx_HAL_Driver/Src/stm32l4xx_hal_qspi.c ****   __HAL_LOCK(hqspi);
 914:Drivers/STM32L4xx_HAL_Driver/Src/stm32l4xx_hal_qspi.c **** 
 915:Drivers/STM32L4xx_HAL_Driver/Src/stm32l4xx_hal_qspi.c ****   if(hqspi->State == HAL_QSPI_STATE_READY)
 916:Drivers/STM32L4xx_HAL_Driver/Src/stm32l4xx_hal_qspi.c ****   {
 917:Drivers/STM32L4xx_HAL_Driver/Src/stm32l4xx_hal_qspi.c ****     hqspi->ErrorCode = HAL_QSPI_ERROR_NONE;
 918:Drivers/STM32L4xx_HAL_Driver/Src/stm32l4xx_hal_qspi.c **** 
 919:Drivers/STM32L4xx_HAL_Driver/Src/stm32l4xx_hal_qspi.c ****     /* Update QSPI state */
 920:Drivers/STM32L4xx_HAL_Driver/Src/stm32l4xx_hal_qspi.c ****     hqspi->State = HAL_QSPI_STATE_BUSY;
 921:Drivers/STM32L4xx_HAL_Driver/Src/stm32l4xx_hal_qspi.c **** 
 922:Drivers/STM32L4xx_HAL_Driver/Src/stm32l4xx_hal_qspi.c ****     /* Wait till BUSY flag reset */
 923:Drivers/STM32L4xx_HAL_Driver/Src/stm32l4xx_hal_qspi.c ****     status = QSPI_WaitFlagStateUntilTimeout(hqspi, QSPI_FLAG_BUSY, RESET, tickstart, hqspi->Timeout
 924:Drivers/STM32L4xx_HAL_Driver/Src/stm32l4xx_hal_qspi.c **** 
 925:Drivers/STM32L4xx_HAL_Driver/Src/stm32l4xx_hal_qspi.c ****     if (status == HAL_OK)
 926:Drivers/STM32L4xx_HAL_Driver/Src/stm32l4xx_hal_qspi.c ****     {
 927:Drivers/STM32L4xx_HAL_Driver/Src/stm32l4xx_hal_qspi.c ****       if (cmd->DataMode == QSPI_DATA_NONE)
 928:Drivers/STM32L4xx_HAL_Driver/Src/stm32l4xx_hal_qspi.c ****       {
 929:Drivers/STM32L4xx_HAL_Driver/Src/stm32l4xx_hal_qspi.c ****         /* Clear interrupt */
 930:Drivers/STM32L4xx_HAL_Driver/Src/stm32l4xx_hal_qspi.c ****         __HAL_QSPI_CLEAR_FLAG(hqspi, QSPI_FLAG_TE | QSPI_FLAG_TC);
 931:Drivers/STM32L4xx_HAL_Driver/Src/stm32l4xx_hal_qspi.c ****       }
 932:Drivers/STM32L4xx_HAL_Driver/Src/stm32l4xx_hal_qspi.c **** 
 933:Drivers/STM32L4xx_HAL_Driver/Src/stm32l4xx_hal_qspi.c ****       /* Call the configuration function */
 934:Drivers/STM32L4xx_HAL_Driver/Src/stm32l4xx_hal_qspi.c ****       QSPI_Config(hqspi, cmd, QSPI_FUNCTIONAL_MODE_INDIRECT_WRITE);
 935:Drivers/STM32L4xx_HAL_Driver/Src/stm32l4xx_hal_qspi.c **** 
 936:Drivers/STM32L4xx_HAL_Driver/Src/stm32l4xx_hal_qspi.c ****       if (cmd->DataMode == QSPI_DATA_NONE)
 937:Drivers/STM32L4xx_HAL_Driver/Src/stm32l4xx_hal_qspi.c ****       {
 938:Drivers/STM32L4xx_HAL_Driver/Src/stm32l4xx_hal_qspi.c ****         /* When there is no data phase, the transfer start as soon as the configuration is done
 939:Drivers/STM32L4xx_HAL_Driver/Src/stm32l4xx_hal_qspi.c ****         so activate TC and TE interrupts */
 940:Drivers/STM32L4xx_HAL_Driver/Src/stm32l4xx_hal_qspi.c ****         /* Process unlocked */
 941:Drivers/STM32L4xx_HAL_Driver/Src/stm32l4xx_hal_qspi.c ****         __HAL_UNLOCK(hqspi);
 942:Drivers/STM32L4xx_HAL_Driver/Src/stm32l4xx_hal_qspi.c **** 
ARM GAS  /tmp/ccLGcT9r.s 			page 18


 943:Drivers/STM32L4xx_HAL_Driver/Src/stm32l4xx_hal_qspi.c ****         /* Enable the QSPI Transfer Error Interrupt */
 944:Drivers/STM32L4xx_HAL_Driver/Src/stm32l4xx_hal_qspi.c ****         __HAL_QSPI_ENABLE_IT(hqspi, QSPI_IT_TE | QSPI_IT_TC);
 945:Drivers/STM32L4xx_HAL_Driver/Src/stm32l4xx_hal_qspi.c ****       }
 946:Drivers/STM32L4xx_HAL_Driver/Src/stm32l4xx_hal_qspi.c ****       else
 947:Drivers/STM32L4xx_HAL_Driver/Src/stm32l4xx_hal_qspi.c ****       {
 948:Drivers/STM32L4xx_HAL_Driver/Src/stm32l4xx_hal_qspi.c ****         /* Update QSPI state */
 949:Drivers/STM32L4xx_HAL_Driver/Src/stm32l4xx_hal_qspi.c ****         hqspi->State = HAL_QSPI_STATE_READY;
 950:Drivers/STM32L4xx_HAL_Driver/Src/stm32l4xx_hal_qspi.c **** 
 951:Drivers/STM32L4xx_HAL_Driver/Src/stm32l4xx_hal_qspi.c ****         /* Process unlocked */
 952:Drivers/STM32L4xx_HAL_Driver/Src/stm32l4xx_hal_qspi.c ****         __HAL_UNLOCK(hqspi);
 953:Drivers/STM32L4xx_HAL_Driver/Src/stm32l4xx_hal_qspi.c ****       }
 954:Drivers/STM32L4xx_HAL_Driver/Src/stm32l4xx_hal_qspi.c ****     }
 955:Drivers/STM32L4xx_HAL_Driver/Src/stm32l4xx_hal_qspi.c ****     else
 956:Drivers/STM32L4xx_HAL_Driver/Src/stm32l4xx_hal_qspi.c ****     {
 957:Drivers/STM32L4xx_HAL_Driver/Src/stm32l4xx_hal_qspi.c ****       /* Process unlocked */
 958:Drivers/STM32L4xx_HAL_Driver/Src/stm32l4xx_hal_qspi.c ****       __HAL_UNLOCK(hqspi);
 959:Drivers/STM32L4xx_HAL_Driver/Src/stm32l4xx_hal_qspi.c ****     }
 960:Drivers/STM32L4xx_HAL_Driver/Src/stm32l4xx_hal_qspi.c ****   }
 961:Drivers/STM32L4xx_HAL_Driver/Src/stm32l4xx_hal_qspi.c ****   else
 962:Drivers/STM32L4xx_HAL_Driver/Src/stm32l4xx_hal_qspi.c ****   {
 963:Drivers/STM32L4xx_HAL_Driver/Src/stm32l4xx_hal_qspi.c ****     status = HAL_BUSY;
 964:Drivers/STM32L4xx_HAL_Driver/Src/stm32l4xx_hal_qspi.c **** 
 965:Drivers/STM32L4xx_HAL_Driver/Src/stm32l4xx_hal_qspi.c ****     /* Process unlocked */
 966:Drivers/STM32L4xx_HAL_Driver/Src/stm32l4xx_hal_qspi.c ****     __HAL_UNLOCK(hqspi);
 967:Drivers/STM32L4xx_HAL_Driver/Src/stm32l4xx_hal_qspi.c ****   }
 968:Drivers/STM32L4xx_HAL_Driver/Src/stm32l4xx_hal_qspi.c **** 
 969:Drivers/STM32L4xx_HAL_Driver/Src/stm32l4xx_hal_qspi.c ****   /* Return function status */
 970:Drivers/STM32L4xx_HAL_Driver/Src/stm32l4xx_hal_qspi.c ****   return status;
 971:Drivers/STM32L4xx_HAL_Driver/Src/stm32l4xx_hal_qspi.c **** }
 972:Drivers/STM32L4xx_HAL_Driver/Src/stm32l4xx_hal_qspi.c **** 
 973:Drivers/STM32L4xx_HAL_Driver/Src/stm32l4xx_hal_qspi.c **** /**
 974:Drivers/STM32L4xx_HAL_Driver/Src/stm32l4xx_hal_qspi.c ****   * @brief Transmit an amount of data in blocking mode.
 975:Drivers/STM32L4xx_HAL_Driver/Src/stm32l4xx_hal_qspi.c ****   * @param hqspi QSPI handle
 976:Drivers/STM32L4xx_HAL_Driver/Src/stm32l4xx_hal_qspi.c ****   * @param pData pointer to data buffer
 977:Drivers/STM32L4xx_HAL_Driver/Src/stm32l4xx_hal_qspi.c ****   * @param Timeout Timeout duration
 978:Drivers/STM32L4xx_HAL_Driver/Src/stm32l4xx_hal_qspi.c ****   * @note   This function is used only in Indirect Write Mode
 979:Drivers/STM32L4xx_HAL_Driver/Src/stm32l4xx_hal_qspi.c ****   * @retval HAL status
 980:Drivers/STM32L4xx_HAL_Driver/Src/stm32l4xx_hal_qspi.c ****   */
 981:Drivers/STM32L4xx_HAL_Driver/Src/stm32l4xx_hal_qspi.c **** HAL_StatusTypeDef HAL_QSPI_Transmit(QSPI_HandleTypeDef *hqspi, uint8_t *pData, uint32_t Timeout)
 982:Drivers/STM32L4xx_HAL_Driver/Src/stm32l4xx_hal_qspi.c **** {
 983:Drivers/STM32L4xx_HAL_Driver/Src/stm32l4xx_hal_qspi.c ****   HAL_StatusTypeDef status = HAL_OK;
 984:Drivers/STM32L4xx_HAL_Driver/Src/stm32l4xx_hal_qspi.c ****   uint32_t tickstart = HAL_GetTick();
 985:Drivers/STM32L4xx_HAL_Driver/Src/stm32l4xx_hal_qspi.c ****   __IO uint32_t *data_reg = &hqspi->Instance->DR;
 986:Drivers/STM32L4xx_HAL_Driver/Src/stm32l4xx_hal_qspi.c **** 
 987:Drivers/STM32L4xx_HAL_Driver/Src/stm32l4xx_hal_qspi.c ****   /* Process locked */
 988:Drivers/STM32L4xx_HAL_Driver/Src/stm32l4xx_hal_qspi.c ****   __HAL_LOCK(hqspi);
 989:Drivers/STM32L4xx_HAL_Driver/Src/stm32l4xx_hal_qspi.c **** 
 990:Drivers/STM32L4xx_HAL_Driver/Src/stm32l4xx_hal_qspi.c ****   if(hqspi->State == HAL_QSPI_STATE_READY)
 991:Drivers/STM32L4xx_HAL_Driver/Src/stm32l4xx_hal_qspi.c ****   {
 992:Drivers/STM32L4xx_HAL_Driver/Src/stm32l4xx_hal_qspi.c ****     hqspi->ErrorCode = HAL_QSPI_ERROR_NONE;
 993:Drivers/STM32L4xx_HAL_Driver/Src/stm32l4xx_hal_qspi.c **** 
 994:Drivers/STM32L4xx_HAL_Driver/Src/stm32l4xx_hal_qspi.c ****     if(pData != NULL )
 995:Drivers/STM32L4xx_HAL_Driver/Src/stm32l4xx_hal_qspi.c ****     {
 996:Drivers/STM32L4xx_HAL_Driver/Src/stm32l4xx_hal_qspi.c ****       /* Update state */
 997:Drivers/STM32L4xx_HAL_Driver/Src/stm32l4xx_hal_qspi.c ****       hqspi->State = HAL_QSPI_STATE_BUSY_INDIRECT_TX;
 998:Drivers/STM32L4xx_HAL_Driver/Src/stm32l4xx_hal_qspi.c **** 
 999:Drivers/STM32L4xx_HAL_Driver/Src/stm32l4xx_hal_qspi.c ****       /* Configure counters and size of the handle */
ARM GAS  /tmp/ccLGcT9r.s 			page 19


1000:Drivers/STM32L4xx_HAL_Driver/Src/stm32l4xx_hal_qspi.c ****       hqspi->TxXferCount = READ_REG(hqspi->Instance->DLR) + 1U;
1001:Drivers/STM32L4xx_HAL_Driver/Src/stm32l4xx_hal_qspi.c ****       hqspi->TxXferSize = READ_REG(hqspi->Instance->DLR) + 1U;
1002:Drivers/STM32L4xx_HAL_Driver/Src/stm32l4xx_hal_qspi.c ****       hqspi->pTxBuffPtr = pData;
1003:Drivers/STM32L4xx_HAL_Driver/Src/stm32l4xx_hal_qspi.c **** 
1004:Drivers/STM32L4xx_HAL_Driver/Src/stm32l4xx_hal_qspi.c ****       /* Configure QSPI: CCR register with functional as indirect write */
1005:Drivers/STM32L4xx_HAL_Driver/Src/stm32l4xx_hal_qspi.c ****       MODIFY_REG(hqspi->Instance->CCR, QUADSPI_CCR_FMODE, QSPI_FUNCTIONAL_MODE_INDIRECT_WRITE);
1006:Drivers/STM32L4xx_HAL_Driver/Src/stm32l4xx_hal_qspi.c **** 
1007:Drivers/STM32L4xx_HAL_Driver/Src/stm32l4xx_hal_qspi.c ****       while(hqspi->TxXferCount > 0U)
1008:Drivers/STM32L4xx_HAL_Driver/Src/stm32l4xx_hal_qspi.c ****       {
1009:Drivers/STM32L4xx_HAL_Driver/Src/stm32l4xx_hal_qspi.c ****         /* Wait until FT flag is set to send data */
1010:Drivers/STM32L4xx_HAL_Driver/Src/stm32l4xx_hal_qspi.c ****         status = QSPI_WaitFlagStateUntilTimeout(hqspi, QSPI_FLAG_FT, SET, tickstart, Timeout);
1011:Drivers/STM32L4xx_HAL_Driver/Src/stm32l4xx_hal_qspi.c **** 
1012:Drivers/STM32L4xx_HAL_Driver/Src/stm32l4xx_hal_qspi.c ****         if (status != HAL_OK)
1013:Drivers/STM32L4xx_HAL_Driver/Src/stm32l4xx_hal_qspi.c ****         {
1014:Drivers/STM32L4xx_HAL_Driver/Src/stm32l4xx_hal_qspi.c ****           break;
1015:Drivers/STM32L4xx_HAL_Driver/Src/stm32l4xx_hal_qspi.c ****         }
1016:Drivers/STM32L4xx_HAL_Driver/Src/stm32l4xx_hal_qspi.c **** 
1017:Drivers/STM32L4xx_HAL_Driver/Src/stm32l4xx_hal_qspi.c ****         *((__IO uint8_t *)data_reg) = *hqspi->pTxBuffPtr;
1018:Drivers/STM32L4xx_HAL_Driver/Src/stm32l4xx_hal_qspi.c ****         hqspi->pTxBuffPtr++;
1019:Drivers/STM32L4xx_HAL_Driver/Src/stm32l4xx_hal_qspi.c ****         hqspi->TxXferCount--;
1020:Drivers/STM32L4xx_HAL_Driver/Src/stm32l4xx_hal_qspi.c ****       }
1021:Drivers/STM32L4xx_HAL_Driver/Src/stm32l4xx_hal_qspi.c **** 
1022:Drivers/STM32L4xx_HAL_Driver/Src/stm32l4xx_hal_qspi.c ****       if (status == HAL_OK)
1023:Drivers/STM32L4xx_HAL_Driver/Src/stm32l4xx_hal_qspi.c ****       {
1024:Drivers/STM32L4xx_HAL_Driver/Src/stm32l4xx_hal_qspi.c ****         /* Wait until TC flag is set to go back in idle state */
1025:Drivers/STM32L4xx_HAL_Driver/Src/stm32l4xx_hal_qspi.c ****         status = QSPI_WaitFlagStateUntilTimeout(hqspi, QSPI_FLAG_TC, SET, tickstart, Timeout);
1026:Drivers/STM32L4xx_HAL_Driver/Src/stm32l4xx_hal_qspi.c **** 
1027:Drivers/STM32L4xx_HAL_Driver/Src/stm32l4xx_hal_qspi.c ****         if (status == HAL_OK)
1028:Drivers/STM32L4xx_HAL_Driver/Src/stm32l4xx_hal_qspi.c ****         {
1029:Drivers/STM32L4xx_HAL_Driver/Src/stm32l4xx_hal_qspi.c ****           /* Clear Transfer Complete bit */
1030:Drivers/STM32L4xx_HAL_Driver/Src/stm32l4xx_hal_qspi.c ****           __HAL_QSPI_CLEAR_FLAG(hqspi, QSPI_FLAG_TC);
1031:Drivers/STM32L4xx_HAL_Driver/Src/stm32l4xx_hal_qspi.c **** 
1032:Drivers/STM32L4xx_HAL_Driver/Src/stm32l4xx_hal_qspi.c **** #if  (defined(STM32L471xx) || defined(STM32L475xx) || defined(STM32L476xx) || defined(STM32L485xx) 
1033:Drivers/STM32L4xx_HAL_Driver/Src/stm32l4xx_hal_qspi.c ****           /* Clear Busy bit */
1034:Drivers/STM32L4xx_HAL_Driver/Src/stm32l4xx_hal_qspi.c ****           status = HAL_QSPI_Abort(hqspi);
1035:Drivers/STM32L4xx_HAL_Driver/Src/stm32l4xx_hal_qspi.c **** #endif
1036:Drivers/STM32L4xx_HAL_Driver/Src/stm32l4xx_hal_qspi.c ****         }
1037:Drivers/STM32L4xx_HAL_Driver/Src/stm32l4xx_hal_qspi.c ****       }
1038:Drivers/STM32L4xx_HAL_Driver/Src/stm32l4xx_hal_qspi.c **** 
1039:Drivers/STM32L4xx_HAL_Driver/Src/stm32l4xx_hal_qspi.c ****       /* Update QSPI state */
1040:Drivers/STM32L4xx_HAL_Driver/Src/stm32l4xx_hal_qspi.c ****       hqspi->State = HAL_QSPI_STATE_READY;
1041:Drivers/STM32L4xx_HAL_Driver/Src/stm32l4xx_hal_qspi.c ****     }
1042:Drivers/STM32L4xx_HAL_Driver/Src/stm32l4xx_hal_qspi.c ****     else
1043:Drivers/STM32L4xx_HAL_Driver/Src/stm32l4xx_hal_qspi.c ****     {
1044:Drivers/STM32L4xx_HAL_Driver/Src/stm32l4xx_hal_qspi.c ****       hqspi->ErrorCode |= HAL_QSPI_ERROR_INVALID_PARAM;
1045:Drivers/STM32L4xx_HAL_Driver/Src/stm32l4xx_hal_qspi.c ****       status = HAL_ERROR;
1046:Drivers/STM32L4xx_HAL_Driver/Src/stm32l4xx_hal_qspi.c ****     }
1047:Drivers/STM32L4xx_HAL_Driver/Src/stm32l4xx_hal_qspi.c ****   }
1048:Drivers/STM32L4xx_HAL_Driver/Src/stm32l4xx_hal_qspi.c ****   else
1049:Drivers/STM32L4xx_HAL_Driver/Src/stm32l4xx_hal_qspi.c ****   {
1050:Drivers/STM32L4xx_HAL_Driver/Src/stm32l4xx_hal_qspi.c ****     status = HAL_BUSY;
1051:Drivers/STM32L4xx_HAL_Driver/Src/stm32l4xx_hal_qspi.c ****   }
1052:Drivers/STM32L4xx_HAL_Driver/Src/stm32l4xx_hal_qspi.c **** 
1053:Drivers/STM32L4xx_HAL_Driver/Src/stm32l4xx_hal_qspi.c ****   /* Process unlocked */
1054:Drivers/STM32L4xx_HAL_Driver/Src/stm32l4xx_hal_qspi.c ****   __HAL_UNLOCK(hqspi);
1055:Drivers/STM32L4xx_HAL_Driver/Src/stm32l4xx_hal_qspi.c **** 
1056:Drivers/STM32L4xx_HAL_Driver/Src/stm32l4xx_hal_qspi.c ****   return status;
ARM GAS  /tmp/ccLGcT9r.s 			page 20


1057:Drivers/STM32L4xx_HAL_Driver/Src/stm32l4xx_hal_qspi.c **** }
1058:Drivers/STM32L4xx_HAL_Driver/Src/stm32l4xx_hal_qspi.c **** 
1059:Drivers/STM32L4xx_HAL_Driver/Src/stm32l4xx_hal_qspi.c **** 
1060:Drivers/STM32L4xx_HAL_Driver/Src/stm32l4xx_hal_qspi.c **** /**
1061:Drivers/STM32L4xx_HAL_Driver/Src/stm32l4xx_hal_qspi.c ****   * @brief Receive an amount of data in blocking mode.
1062:Drivers/STM32L4xx_HAL_Driver/Src/stm32l4xx_hal_qspi.c ****   * @param hqspi QSPI handle
1063:Drivers/STM32L4xx_HAL_Driver/Src/stm32l4xx_hal_qspi.c ****   * @param pData pointer to data buffer
1064:Drivers/STM32L4xx_HAL_Driver/Src/stm32l4xx_hal_qspi.c ****   * @param Timeout Timeout duration
1065:Drivers/STM32L4xx_HAL_Driver/Src/stm32l4xx_hal_qspi.c ****   * @note   This function is used only in Indirect Read Mode
1066:Drivers/STM32L4xx_HAL_Driver/Src/stm32l4xx_hal_qspi.c ****   * @retval HAL status
1067:Drivers/STM32L4xx_HAL_Driver/Src/stm32l4xx_hal_qspi.c ****   */
1068:Drivers/STM32L4xx_HAL_Driver/Src/stm32l4xx_hal_qspi.c **** HAL_StatusTypeDef HAL_QSPI_Receive(QSPI_HandleTypeDef *hqspi, uint8_t *pData, uint32_t Timeout)
1069:Drivers/STM32L4xx_HAL_Driver/Src/stm32l4xx_hal_qspi.c **** {
1070:Drivers/STM32L4xx_HAL_Driver/Src/stm32l4xx_hal_qspi.c ****   HAL_StatusTypeDef status = HAL_OK;
1071:Drivers/STM32L4xx_HAL_Driver/Src/stm32l4xx_hal_qspi.c ****   uint32_t tickstart = HAL_GetTick();
1072:Drivers/STM32L4xx_HAL_Driver/Src/stm32l4xx_hal_qspi.c ****   uint32_t addr_reg = READ_REG(hqspi->Instance->AR);
1073:Drivers/STM32L4xx_HAL_Driver/Src/stm32l4xx_hal_qspi.c ****   __IO uint32_t *data_reg = &hqspi->Instance->DR;
1074:Drivers/STM32L4xx_HAL_Driver/Src/stm32l4xx_hal_qspi.c **** 
1075:Drivers/STM32L4xx_HAL_Driver/Src/stm32l4xx_hal_qspi.c ****   /* Process locked */
1076:Drivers/STM32L4xx_HAL_Driver/Src/stm32l4xx_hal_qspi.c ****   __HAL_LOCK(hqspi);
1077:Drivers/STM32L4xx_HAL_Driver/Src/stm32l4xx_hal_qspi.c **** 
1078:Drivers/STM32L4xx_HAL_Driver/Src/stm32l4xx_hal_qspi.c ****   if(hqspi->State == HAL_QSPI_STATE_READY)
1079:Drivers/STM32L4xx_HAL_Driver/Src/stm32l4xx_hal_qspi.c ****   {
1080:Drivers/STM32L4xx_HAL_Driver/Src/stm32l4xx_hal_qspi.c ****     hqspi->ErrorCode = HAL_QSPI_ERROR_NONE;
1081:Drivers/STM32L4xx_HAL_Driver/Src/stm32l4xx_hal_qspi.c **** 
1082:Drivers/STM32L4xx_HAL_Driver/Src/stm32l4xx_hal_qspi.c ****     if(pData != NULL )
1083:Drivers/STM32L4xx_HAL_Driver/Src/stm32l4xx_hal_qspi.c ****     {
1084:Drivers/STM32L4xx_HAL_Driver/Src/stm32l4xx_hal_qspi.c ****       /* Update state */
1085:Drivers/STM32L4xx_HAL_Driver/Src/stm32l4xx_hal_qspi.c ****       hqspi->State = HAL_QSPI_STATE_BUSY_INDIRECT_RX;
1086:Drivers/STM32L4xx_HAL_Driver/Src/stm32l4xx_hal_qspi.c **** 
1087:Drivers/STM32L4xx_HAL_Driver/Src/stm32l4xx_hal_qspi.c ****       /* Configure counters and size of the handle */
1088:Drivers/STM32L4xx_HAL_Driver/Src/stm32l4xx_hal_qspi.c ****       hqspi->RxXferCount = READ_REG(hqspi->Instance->DLR) + 1U;
1089:Drivers/STM32L4xx_HAL_Driver/Src/stm32l4xx_hal_qspi.c ****       hqspi->RxXferSize = READ_REG(hqspi->Instance->DLR) + 1U;
1090:Drivers/STM32L4xx_HAL_Driver/Src/stm32l4xx_hal_qspi.c ****       hqspi->pRxBuffPtr = pData;
1091:Drivers/STM32L4xx_HAL_Driver/Src/stm32l4xx_hal_qspi.c **** 
1092:Drivers/STM32L4xx_HAL_Driver/Src/stm32l4xx_hal_qspi.c ****       /* Configure QSPI: CCR register with functional as indirect read */
1093:Drivers/STM32L4xx_HAL_Driver/Src/stm32l4xx_hal_qspi.c ****       MODIFY_REG(hqspi->Instance->CCR, QUADSPI_CCR_FMODE, QSPI_FUNCTIONAL_MODE_INDIRECT_READ);
1094:Drivers/STM32L4xx_HAL_Driver/Src/stm32l4xx_hal_qspi.c **** 
1095:Drivers/STM32L4xx_HAL_Driver/Src/stm32l4xx_hal_qspi.c ****       /* Start the transfer by re-writing the address in AR register */
1096:Drivers/STM32L4xx_HAL_Driver/Src/stm32l4xx_hal_qspi.c ****       WRITE_REG(hqspi->Instance->AR, addr_reg);
1097:Drivers/STM32L4xx_HAL_Driver/Src/stm32l4xx_hal_qspi.c **** 
1098:Drivers/STM32L4xx_HAL_Driver/Src/stm32l4xx_hal_qspi.c ****       while(hqspi->RxXferCount > 0U)
1099:Drivers/STM32L4xx_HAL_Driver/Src/stm32l4xx_hal_qspi.c ****       {
1100:Drivers/STM32L4xx_HAL_Driver/Src/stm32l4xx_hal_qspi.c ****         /* Wait until FT or TC flag is set to read received data */
1101:Drivers/STM32L4xx_HAL_Driver/Src/stm32l4xx_hal_qspi.c ****         status = QSPI_WaitFlagStateUntilTimeout(hqspi, (QSPI_FLAG_FT | QSPI_FLAG_TC), SET, tickstar
1102:Drivers/STM32L4xx_HAL_Driver/Src/stm32l4xx_hal_qspi.c **** 
1103:Drivers/STM32L4xx_HAL_Driver/Src/stm32l4xx_hal_qspi.c ****         if  (status != HAL_OK)
1104:Drivers/STM32L4xx_HAL_Driver/Src/stm32l4xx_hal_qspi.c ****         {
1105:Drivers/STM32L4xx_HAL_Driver/Src/stm32l4xx_hal_qspi.c ****           break;
1106:Drivers/STM32L4xx_HAL_Driver/Src/stm32l4xx_hal_qspi.c ****         }
1107:Drivers/STM32L4xx_HAL_Driver/Src/stm32l4xx_hal_qspi.c **** 
1108:Drivers/STM32L4xx_HAL_Driver/Src/stm32l4xx_hal_qspi.c ****         *hqspi->pRxBuffPtr = *((__IO uint8_t *)data_reg);
1109:Drivers/STM32L4xx_HAL_Driver/Src/stm32l4xx_hal_qspi.c ****         hqspi->pRxBuffPtr++;
1110:Drivers/STM32L4xx_HAL_Driver/Src/stm32l4xx_hal_qspi.c ****         hqspi->RxXferCount--;
1111:Drivers/STM32L4xx_HAL_Driver/Src/stm32l4xx_hal_qspi.c ****       }
1112:Drivers/STM32L4xx_HAL_Driver/Src/stm32l4xx_hal_qspi.c **** 
1113:Drivers/STM32L4xx_HAL_Driver/Src/stm32l4xx_hal_qspi.c ****       if (status == HAL_OK)
ARM GAS  /tmp/ccLGcT9r.s 			page 21


1114:Drivers/STM32L4xx_HAL_Driver/Src/stm32l4xx_hal_qspi.c ****       {
1115:Drivers/STM32L4xx_HAL_Driver/Src/stm32l4xx_hal_qspi.c ****         /* Wait until TC flag is set to go back in idle state */
1116:Drivers/STM32L4xx_HAL_Driver/Src/stm32l4xx_hal_qspi.c ****         status = QSPI_WaitFlagStateUntilTimeout(hqspi, QSPI_FLAG_TC, SET, tickstart, Timeout);
1117:Drivers/STM32L4xx_HAL_Driver/Src/stm32l4xx_hal_qspi.c **** 
1118:Drivers/STM32L4xx_HAL_Driver/Src/stm32l4xx_hal_qspi.c ****         if  (status == HAL_OK)
1119:Drivers/STM32L4xx_HAL_Driver/Src/stm32l4xx_hal_qspi.c ****         {
1120:Drivers/STM32L4xx_HAL_Driver/Src/stm32l4xx_hal_qspi.c ****           /* Clear Transfer Complete bit */
1121:Drivers/STM32L4xx_HAL_Driver/Src/stm32l4xx_hal_qspi.c ****           __HAL_QSPI_CLEAR_FLAG(hqspi, QSPI_FLAG_TC);
1122:Drivers/STM32L4xx_HAL_Driver/Src/stm32l4xx_hal_qspi.c **** 
1123:Drivers/STM32L4xx_HAL_Driver/Src/stm32l4xx_hal_qspi.c **** #if  (defined(STM32L471xx) || defined(STM32L475xx) || defined(STM32L476xx) || defined(STM32L485xx) 
1124:Drivers/STM32L4xx_HAL_Driver/Src/stm32l4xx_hal_qspi.c ****           /* Workaround - Extra data written in the FIFO at the end of a read transfer */
1125:Drivers/STM32L4xx_HAL_Driver/Src/stm32l4xx_hal_qspi.c ****           status = HAL_QSPI_Abort(hqspi);
1126:Drivers/STM32L4xx_HAL_Driver/Src/stm32l4xx_hal_qspi.c **** #endif
1127:Drivers/STM32L4xx_HAL_Driver/Src/stm32l4xx_hal_qspi.c ****         }
1128:Drivers/STM32L4xx_HAL_Driver/Src/stm32l4xx_hal_qspi.c ****       }
1129:Drivers/STM32L4xx_HAL_Driver/Src/stm32l4xx_hal_qspi.c **** 
1130:Drivers/STM32L4xx_HAL_Driver/Src/stm32l4xx_hal_qspi.c ****       /* Update QSPI state */
1131:Drivers/STM32L4xx_HAL_Driver/Src/stm32l4xx_hal_qspi.c ****       hqspi->State = HAL_QSPI_STATE_READY;
1132:Drivers/STM32L4xx_HAL_Driver/Src/stm32l4xx_hal_qspi.c ****     }
1133:Drivers/STM32L4xx_HAL_Driver/Src/stm32l4xx_hal_qspi.c ****     else
1134:Drivers/STM32L4xx_HAL_Driver/Src/stm32l4xx_hal_qspi.c ****     {
1135:Drivers/STM32L4xx_HAL_Driver/Src/stm32l4xx_hal_qspi.c ****       hqspi->ErrorCode |= HAL_QSPI_ERROR_INVALID_PARAM;
1136:Drivers/STM32L4xx_HAL_Driver/Src/stm32l4xx_hal_qspi.c ****       status = HAL_ERROR;
1137:Drivers/STM32L4xx_HAL_Driver/Src/stm32l4xx_hal_qspi.c ****     }
1138:Drivers/STM32L4xx_HAL_Driver/Src/stm32l4xx_hal_qspi.c ****   }
1139:Drivers/STM32L4xx_HAL_Driver/Src/stm32l4xx_hal_qspi.c ****   else
1140:Drivers/STM32L4xx_HAL_Driver/Src/stm32l4xx_hal_qspi.c ****   {
1141:Drivers/STM32L4xx_HAL_Driver/Src/stm32l4xx_hal_qspi.c ****     status = HAL_BUSY;
1142:Drivers/STM32L4xx_HAL_Driver/Src/stm32l4xx_hal_qspi.c ****   }
1143:Drivers/STM32L4xx_HAL_Driver/Src/stm32l4xx_hal_qspi.c **** 
1144:Drivers/STM32L4xx_HAL_Driver/Src/stm32l4xx_hal_qspi.c ****   /* Process unlocked */
1145:Drivers/STM32L4xx_HAL_Driver/Src/stm32l4xx_hal_qspi.c ****   __HAL_UNLOCK(hqspi);
1146:Drivers/STM32L4xx_HAL_Driver/Src/stm32l4xx_hal_qspi.c **** 
1147:Drivers/STM32L4xx_HAL_Driver/Src/stm32l4xx_hal_qspi.c ****   return status;
1148:Drivers/STM32L4xx_HAL_Driver/Src/stm32l4xx_hal_qspi.c **** }
1149:Drivers/STM32L4xx_HAL_Driver/Src/stm32l4xx_hal_qspi.c **** 
1150:Drivers/STM32L4xx_HAL_Driver/Src/stm32l4xx_hal_qspi.c **** /**
1151:Drivers/STM32L4xx_HAL_Driver/Src/stm32l4xx_hal_qspi.c ****   * @brief  Send an amount of data in non-blocking mode with interrupt.
1152:Drivers/STM32L4xx_HAL_Driver/Src/stm32l4xx_hal_qspi.c ****   * @param  hqspi QSPI handle
1153:Drivers/STM32L4xx_HAL_Driver/Src/stm32l4xx_hal_qspi.c ****   * @param  pData pointer to data buffer
1154:Drivers/STM32L4xx_HAL_Driver/Src/stm32l4xx_hal_qspi.c ****   * @note   This function is used only in Indirect Write Mode
1155:Drivers/STM32L4xx_HAL_Driver/Src/stm32l4xx_hal_qspi.c ****   * @retval HAL status
1156:Drivers/STM32L4xx_HAL_Driver/Src/stm32l4xx_hal_qspi.c ****   */
1157:Drivers/STM32L4xx_HAL_Driver/Src/stm32l4xx_hal_qspi.c **** HAL_StatusTypeDef HAL_QSPI_Transmit_IT(QSPI_HandleTypeDef *hqspi, uint8_t *pData)
1158:Drivers/STM32L4xx_HAL_Driver/Src/stm32l4xx_hal_qspi.c **** {
1159:Drivers/STM32L4xx_HAL_Driver/Src/stm32l4xx_hal_qspi.c ****   HAL_StatusTypeDef status = HAL_OK;
1160:Drivers/STM32L4xx_HAL_Driver/Src/stm32l4xx_hal_qspi.c **** 
1161:Drivers/STM32L4xx_HAL_Driver/Src/stm32l4xx_hal_qspi.c ****   /* Process locked */
1162:Drivers/STM32L4xx_HAL_Driver/Src/stm32l4xx_hal_qspi.c ****   __HAL_LOCK(hqspi);
1163:Drivers/STM32L4xx_HAL_Driver/Src/stm32l4xx_hal_qspi.c **** 
1164:Drivers/STM32L4xx_HAL_Driver/Src/stm32l4xx_hal_qspi.c ****   if(hqspi->State == HAL_QSPI_STATE_READY)
1165:Drivers/STM32L4xx_HAL_Driver/Src/stm32l4xx_hal_qspi.c ****   {
1166:Drivers/STM32L4xx_HAL_Driver/Src/stm32l4xx_hal_qspi.c ****     hqspi->ErrorCode = HAL_QSPI_ERROR_NONE;
1167:Drivers/STM32L4xx_HAL_Driver/Src/stm32l4xx_hal_qspi.c **** 
1168:Drivers/STM32L4xx_HAL_Driver/Src/stm32l4xx_hal_qspi.c ****     if(pData != NULL )
1169:Drivers/STM32L4xx_HAL_Driver/Src/stm32l4xx_hal_qspi.c ****     {
1170:Drivers/STM32L4xx_HAL_Driver/Src/stm32l4xx_hal_qspi.c ****       /* Update state */
ARM GAS  /tmp/ccLGcT9r.s 			page 22


1171:Drivers/STM32L4xx_HAL_Driver/Src/stm32l4xx_hal_qspi.c ****       hqspi->State = HAL_QSPI_STATE_BUSY_INDIRECT_TX;
1172:Drivers/STM32L4xx_HAL_Driver/Src/stm32l4xx_hal_qspi.c **** 
1173:Drivers/STM32L4xx_HAL_Driver/Src/stm32l4xx_hal_qspi.c ****       /* Configure counters and size of the handle */
1174:Drivers/STM32L4xx_HAL_Driver/Src/stm32l4xx_hal_qspi.c ****       hqspi->TxXferCount = READ_REG(hqspi->Instance->DLR) + 1U;
1175:Drivers/STM32L4xx_HAL_Driver/Src/stm32l4xx_hal_qspi.c ****       hqspi->TxXferSize = READ_REG(hqspi->Instance->DLR) + 1U;
1176:Drivers/STM32L4xx_HAL_Driver/Src/stm32l4xx_hal_qspi.c ****       hqspi->pTxBuffPtr = pData;
1177:Drivers/STM32L4xx_HAL_Driver/Src/stm32l4xx_hal_qspi.c **** 
1178:Drivers/STM32L4xx_HAL_Driver/Src/stm32l4xx_hal_qspi.c ****       /* Clear interrupt */
1179:Drivers/STM32L4xx_HAL_Driver/Src/stm32l4xx_hal_qspi.c ****       __HAL_QSPI_CLEAR_FLAG(hqspi, QSPI_FLAG_TE | QSPI_FLAG_TC);
1180:Drivers/STM32L4xx_HAL_Driver/Src/stm32l4xx_hal_qspi.c **** 
1181:Drivers/STM32L4xx_HAL_Driver/Src/stm32l4xx_hal_qspi.c ****       /* Configure QSPI: CCR register with functional as indirect write */
1182:Drivers/STM32L4xx_HAL_Driver/Src/stm32l4xx_hal_qspi.c ****       MODIFY_REG(hqspi->Instance->CCR, QUADSPI_CCR_FMODE, QSPI_FUNCTIONAL_MODE_INDIRECT_WRITE);
1183:Drivers/STM32L4xx_HAL_Driver/Src/stm32l4xx_hal_qspi.c **** 
1184:Drivers/STM32L4xx_HAL_Driver/Src/stm32l4xx_hal_qspi.c ****       /* Process unlocked */
1185:Drivers/STM32L4xx_HAL_Driver/Src/stm32l4xx_hal_qspi.c ****       __HAL_UNLOCK(hqspi);
1186:Drivers/STM32L4xx_HAL_Driver/Src/stm32l4xx_hal_qspi.c **** 
1187:Drivers/STM32L4xx_HAL_Driver/Src/stm32l4xx_hal_qspi.c ****       /* Enable the QSPI transfer error, FIFO threshold and transfer complete Interrupts */
1188:Drivers/STM32L4xx_HAL_Driver/Src/stm32l4xx_hal_qspi.c ****       __HAL_QSPI_ENABLE_IT(hqspi, QSPI_IT_TE | QSPI_IT_FT | QSPI_IT_TC);
1189:Drivers/STM32L4xx_HAL_Driver/Src/stm32l4xx_hal_qspi.c ****     }
1190:Drivers/STM32L4xx_HAL_Driver/Src/stm32l4xx_hal_qspi.c ****     else
1191:Drivers/STM32L4xx_HAL_Driver/Src/stm32l4xx_hal_qspi.c ****     {
1192:Drivers/STM32L4xx_HAL_Driver/Src/stm32l4xx_hal_qspi.c ****       hqspi->ErrorCode |= HAL_QSPI_ERROR_INVALID_PARAM;
1193:Drivers/STM32L4xx_HAL_Driver/Src/stm32l4xx_hal_qspi.c ****       status = HAL_ERROR;
1194:Drivers/STM32L4xx_HAL_Driver/Src/stm32l4xx_hal_qspi.c **** 
1195:Drivers/STM32L4xx_HAL_Driver/Src/stm32l4xx_hal_qspi.c ****       /* Process unlocked */
1196:Drivers/STM32L4xx_HAL_Driver/Src/stm32l4xx_hal_qspi.c ****       __HAL_UNLOCK(hqspi);
1197:Drivers/STM32L4xx_HAL_Driver/Src/stm32l4xx_hal_qspi.c ****     }
1198:Drivers/STM32L4xx_HAL_Driver/Src/stm32l4xx_hal_qspi.c ****   }
1199:Drivers/STM32L4xx_HAL_Driver/Src/stm32l4xx_hal_qspi.c ****   else
1200:Drivers/STM32L4xx_HAL_Driver/Src/stm32l4xx_hal_qspi.c ****   {
1201:Drivers/STM32L4xx_HAL_Driver/Src/stm32l4xx_hal_qspi.c ****     status = HAL_BUSY;
1202:Drivers/STM32L4xx_HAL_Driver/Src/stm32l4xx_hal_qspi.c **** 
1203:Drivers/STM32L4xx_HAL_Driver/Src/stm32l4xx_hal_qspi.c ****     /* Process unlocked */
1204:Drivers/STM32L4xx_HAL_Driver/Src/stm32l4xx_hal_qspi.c ****     __HAL_UNLOCK(hqspi);
1205:Drivers/STM32L4xx_HAL_Driver/Src/stm32l4xx_hal_qspi.c ****   }
1206:Drivers/STM32L4xx_HAL_Driver/Src/stm32l4xx_hal_qspi.c **** 
1207:Drivers/STM32L4xx_HAL_Driver/Src/stm32l4xx_hal_qspi.c ****   return status;
1208:Drivers/STM32L4xx_HAL_Driver/Src/stm32l4xx_hal_qspi.c **** }
1209:Drivers/STM32L4xx_HAL_Driver/Src/stm32l4xx_hal_qspi.c **** 
1210:Drivers/STM32L4xx_HAL_Driver/Src/stm32l4xx_hal_qspi.c **** /**
1211:Drivers/STM32L4xx_HAL_Driver/Src/stm32l4xx_hal_qspi.c ****   * @brief  Receive an amount of data in non-blocking mode with interrupt.
1212:Drivers/STM32L4xx_HAL_Driver/Src/stm32l4xx_hal_qspi.c ****   * @param  hqspi QSPI handle
1213:Drivers/STM32L4xx_HAL_Driver/Src/stm32l4xx_hal_qspi.c ****   * @param  pData pointer to data buffer
1214:Drivers/STM32L4xx_HAL_Driver/Src/stm32l4xx_hal_qspi.c ****   * @note   This function is used only in Indirect Read Mode
1215:Drivers/STM32L4xx_HAL_Driver/Src/stm32l4xx_hal_qspi.c ****   * @retval HAL status
1216:Drivers/STM32L4xx_HAL_Driver/Src/stm32l4xx_hal_qspi.c ****   */
1217:Drivers/STM32L4xx_HAL_Driver/Src/stm32l4xx_hal_qspi.c **** HAL_StatusTypeDef HAL_QSPI_Receive_IT(QSPI_HandleTypeDef *hqspi, uint8_t *pData)
1218:Drivers/STM32L4xx_HAL_Driver/Src/stm32l4xx_hal_qspi.c **** {
1219:Drivers/STM32L4xx_HAL_Driver/Src/stm32l4xx_hal_qspi.c ****   HAL_StatusTypeDef status = HAL_OK;
1220:Drivers/STM32L4xx_HAL_Driver/Src/stm32l4xx_hal_qspi.c ****   uint32_t addr_reg = READ_REG(hqspi->Instance->AR);
1221:Drivers/STM32L4xx_HAL_Driver/Src/stm32l4xx_hal_qspi.c **** 
1222:Drivers/STM32L4xx_HAL_Driver/Src/stm32l4xx_hal_qspi.c ****   /* Process locked */
1223:Drivers/STM32L4xx_HAL_Driver/Src/stm32l4xx_hal_qspi.c ****   __HAL_LOCK(hqspi);
1224:Drivers/STM32L4xx_HAL_Driver/Src/stm32l4xx_hal_qspi.c **** 
1225:Drivers/STM32L4xx_HAL_Driver/Src/stm32l4xx_hal_qspi.c ****   if(hqspi->State == HAL_QSPI_STATE_READY)
1226:Drivers/STM32L4xx_HAL_Driver/Src/stm32l4xx_hal_qspi.c ****   {
1227:Drivers/STM32L4xx_HAL_Driver/Src/stm32l4xx_hal_qspi.c ****     hqspi->ErrorCode = HAL_QSPI_ERROR_NONE;
ARM GAS  /tmp/ccLGcT9r.s 			page 23


1228:Drivers/STM32L4xx_HAL_Driver/Src/stm32l4xx_hal_qspi.c **** 
1229:Drivers/STM32L4xx_HAL_Driver/Src/stm32l4xx_hal_qspi.c ****     if(pData != NULL )
1230:Drivers/STM32L4xx_HAL_Driver/Src/stm32l4xx_hal_qspi.c ****     {
1231:Drivers/STM32L4xx_HAL_Driver/Src/stm32l4xx_hal_qspi.c ****       /* Update state */
1232:Drivers/STM32L4xx_HAL_Driver/Src/stm32l4xx_hal_qspi.c ****       hqspi->State = HAL_QSPI_STATE_BUSY_INDIRECT_RX;
1233:Drivers/STM32L4xx_HAL_Driver/Src/stm32l4xx_hal_qspi.c **** 
1234:Drivers/STM32L4xx_HAL_Driver/Src/stm32l4xx_hal_qspi.c ****       /* Configure counters and size of the handle */
1235:Drivers/STM32L4xx_HAL_Driver/Src/stm32l4xx_hal_qspi.c ****       hqspi->RxXferCount = READ_REG(hqspi->Instance->DLR) + 1U;
1236:Drivers/STM32L4xx_HAL_Driver/Src/stm32l4xx_hal_qspi.c ****       hqspi->RxXferSize = READ_REG(hqspi->Instance->DLR) + 1U;
1237:Drivers/STM32L4xx_HAL_Driver/Src/stm32l4xx_hal_qspi.c ****       hqspi->pRxBuffPtr = pData;
1238:Drivers/STM32L4xx_HAL_Driver/Src/stm32l4xx_hal_qspi.c **** 
1239:Drivers/STM32L4xx_HAL_Driver/Src/stm32l4xx_hal_qspi.c ****       /* Clear interrupt */
1240:Drivers/STM32L4xx_HAL_Driver/Src/stm32l4xx_hal_qspi.c ****       __HAL_QSPI_CLEAR_FLAG(hqspi, QSPI_FLAG_TE | QSPI_FLAG_TC);
1241:Drivers/STM32L4xx_HAL_Driver/Src/stm32l4xx_hal_qspi.c **** 
1242:Drivers/STM32L4xx_HAL_Driver/Src/stm32l4xx_hal_qspi.c ****       /* Configure QSPI: CCR register with functional as indirect read */
1243:Drivers/STM32L4xx_HAL_Driver/Src/stm32l4xx_hal_qspi.c ****       MODIFY_REG(hqspi->Instance->CCR, QUADSPI_CCR_FMODE, QSPI_FUNCTIONAL_MODE_INDIRECT_READ);
1244:Drivers/STM32L4xx_HAL_Driver/Src/stm32l4xx_hal_qspi.c **** 
1245:Drivers/STM32L4xx_HAL_Driver/Src/stm32l4xx_hal_qspi.c ****       /* Start the transfer by re-writing the address in AR register */
1246:Drivers/STM32L4xx_HAL_Driver/Src/stm32l4xx_hal_qspi.c ****       WRITE_REG(hqspi->Instance->AR, addr_reg);
1247:Drivers/STM32L4xx_HAL_Driver/Src/stm32l4xx_hal_qspi.c **** 
1248:Drivers/STM32L4xx_HAL_Driver/Src/stm32l4xx_hal_qspi.c ****       /* Process unlocked */
1249:Drivers/STM32L4xx_HAL_Driver/Src/stm32l4xx_hal_qspi.c ****       __HAL_UNLOCK(hqspi);
1250:Drivers/STM32L4xx_HAL_Driver/Src/stm32l4xx_hal_qspi.c **** 
1251:Drivers/STM32L4xx_HAL_Driver/Src/stm32l4xx_hal_qspi.c ****       /* Enable the QSPI transfer error, FIFO threshold and transfer complete Interrupts */
1252:Drivers/STM32L4xx_HAL_Driver/Src/stm32l4xx_hal_qspi.c ****       __HAL_QSPI_ENABLE_IT(hqspi, QSPI_IT_TE | QSPI_IT_FT | QSPI_IT_TC);
1253:Drivers/STM32L4xx_HAL_Driver/Src/stm32l4xx_hal_qspi.c ****     }
1254:Drivers/STM32L4xx_HAL_Driver/Src/stm32l4xx_hal_qspi.c ****     else
1255:Drivers/STM32L4xx_HAL_Driver/Src/stm32l4xx_hal_qspi.c ****     {
1256:Drivers/STM32L4xx_HAL_Driver/Src/stm32l4xx_hal_qspi.c ****       hqspi->ErrorCode |= HAL_QSPI_ERROR_INVALID_PARAM;
1257:Drivers/STM32L4xx_HAL_Driver/Src/stm32l4xx_hal_qspi.c ****       status = HAL_ERROR;
1258:Drivers/STM32L4xx_HAL_Driver/Src/stm32l4xx_hal_qspi.c **** 
1259:Drivers/STM32L4xx_HAL_Driver/Src/stm32l4xx_hal_qspi.c ****       /* Process unlocked */
1260:Drivers/STM32L4xx_HAL_Driver/Src/stm32l4xx_hal_qspi.c ****       __HAL_UNLOCK(hqspi);
1261:Drivers/STM32L4xx_HAL_Driver/Src/stm32l4xx_hal_qspi.c ****     }
1262:Drivers/STM32L4xx_HAL_Driver/Src/stm32l4xx_hal_qspi.c ****   }
1263:Drivers/STM32L4xx_HAL_Driver/Src/stm32l4xx_hal_qspi.c ****   else
1264:Drivers/STM32L4xx_HAL_Driver/Src/stm32l4xx_hal_qspi.c ****   {
1265:Drivers/STM32L4xx_HAL_Driver/Src/stm32l4xx_hal_qspi.c ****     status = HAL_BUSY;
1266:Drivers/STM32L4xx_HAL_Driver/Src/stm32l4xx_hal_qspi.c **** 
1267:Drivers/STM32L4xx_HAL_Driver/Src/stm32l4xx_hal_qspi.c ****     /* Process unlocked */
1268:Drivers/STM32L4xx_HAL_Driver/Src/stm32l4xx_hal_qspi.c ****     __HAL_UNLOCK(hqspi);
1269:Drivers/STM32L4xx_HAL_Driver/Src/stm32l4xx_hal_qspi.c ****   }
1270:Drivers/STM32L4xx_HAL_Driver/Src/stm32l4xx_hal_qspi.c **** 
1271:Drivers/STM32L4xx_HAL_Driver/Src/stm32l4xx_hal_qspi.c ****   return status;
1272:Drivers/STM32L4xx_HAL_Driver/Src/stm32l4xx_hal_qspi.c **** }
1273:Drivers/STM32L4xx_HAL_Driver/Src/stm32l4xx_hal_qspi.c **** 
1274:Drivers/STM32L4xx_HAL_Driver/Src/stm32l4xx_hal_qspi.c **** /**
1275:Drivers/STM32L4xx_HAL_Driver/Src/stm32l4xx_hal_qspi.c ****   * @brief  Send an amount of data in non-blocking mode with DMA.
1276:Drivers/STM32L4xx_HAL_Driver/Src/stm32l4xx_hal_qspi.c ****   * @param  hqspi QSPI handle
1277:Drivers/STM32L4xx_HAL_Driver/Src/stm32l4xx_hal_qspi.c ****   * @param  pData pointer to data buffer
1278:Drivers/STM32L4xx_HAL_Driver/Src/stm32l4xx_hal_qspi.c ****   * @note   This function is used only in Indirect Write Mode
1279:Drivers/STM32L4xx_HAL_Driver/Src/stm32l4xx_hal_qspi.c ****   * @note   If DMA peripheral access is configured as halfword, the number
1280:Drivers/STM32L4xx_HAL_Driver/Src/stm32l4xx_hal_qspi.c ****   *         of data and the fifo threshold should be aligned on halfword
1281:Drivers/STM32L4xx_HAL_Driver/Src/stm32l4xx_hal_qspi.c ****   * @note   If DMA peripheral access is configured as word, the number
1282:Drivers/STM32L4xx_HAL_Driver/Src/stm32l4xx_hal_qspi.c ****   *         of data and the fifo threshold should be aligned on word
1283:Drivers/STM32L4xx_HAL_Driver/Src/stm32l4xx_hal_qspi.c ****   * @retval HAL status
1284:Drivers/STM32L4xx_HAL_Driver/Src/stm32l4xx_hal_qspi.c ****   */
ARM GAS  /tmp/ccLGcT9r.s 			page 24


1285:Drivers/STM32L4xx_HAL_Driver/Src/stm32l4xx_hal_qspi.c **** HAL_StatusTypeDef HAL_QSPI_Transmit_DMA(QSPI_HandleTypeDef *hqspi, uint8_t *pData)
1286:Drivers/STM32L4xx_HAL_Driver/Src/stm32l4xx_hal_qspi.c **** {
1287:Drivers/STM32L4xx_HAL_Driver/Src/stm32l4xx_hal_qspi.c ****   HAL_StatusTypeDef status = HAL_OK;
1288:Drivers/STM32L4xx_HAL_Driver/Src/stm32l4xx_hal_qspi.c ****   uint32_t data_size = (READ_REG(hqspi->Instance->DLR) + 1U);
1289:Drivers/STM32L4xx_HAL_Driver/Src/stm32l4xx_hal_qspi.c **** 
1290:Drivers/STM32L4xx_HAL_Driver/Src/stm32l4xx_hal_qspi.c ****   /* Process locked */
1291:Drivers/STM32L4xx_HAL_Driver/Src/stm32l4xx_hal_qspi.c ****   __HAL_LOCK(hqspi);
1292:Drivers/STM32L4xx_HAL_Driver/Src/stm32l4xx_hal_qspi.c **** 
1293:Drivers/STM32L4xx_HAL_Driver/Src/stm32l4xx_hal_qspi.c ****   if(hqspi->State == HAL_QSPI_STATE_READY)
1294:Drivers/STM32L4xx_HAL_Driver/Src/stm32l4xx_hal_qspi.c ****   {
1295:Drivers/STM32L4xx_HAL_Driver/Src/stm32l4xx_hal_qspi.c ****     /* Clear the error code */
1296:Drivers/STM32L4xx_HAL_Driver/Src/stm32l4xx_hal_qspi.c ****     hqspi->ErrorCode = HAL_QSPI_ERROR_NONE;
1297:Drivers/STM32L4xx_HAL_Driver/Src/stm32l4xx_hal_qspi.c **** 
1298:Drivers/STM32L4xx_HAL_Driver/Src/stm32l4xx_hal_qspi.c ****     if(pData != NULL )
1299:Drivers/STM32L4xx_HAL_Driver/Src/stm32l4xx_hal_qspi.c ****     {
1300:Drivers/STM32L4xx_HAL_Driver/Src/stm32l4xx_hal_qspi.c ****       /* Configure counters of the handle */
1301:Drivers/STM32L4xx_HAL_Driver/Src/stm32l4xx_hal_qspi.c ****       if (hqspi->hdma->Init.PeriphDataAlignment == DMA_PDATAALIGN_BYTE)
1302:Drivers/STM32L4xx_HAL_Driver/Src/stm32l4xx_hal_qspi.c ****       {
1303:Drivers/STM32L4xx_HAL_Driver/Src/stm32l4xx_hal_qspi.c ****         hqspi->TxXferCount = data_size;
1304:Drivers/STM32L4xx_HAL_Driver/Src/stm32l4xx_hal_qspi.c ****       }
1305:Drivers/STM32L4xx_HAL_Driver/Src/stm32l4xx_hal_qspi.c ****       else if (hqspi->hdma->Init.PeriphDataAlignment == DMA_PDATAALIGN_HALFWORD)
1306:Drivers/STM32L4xx_HAL_Driver/Src/stm32l4xx_hal_qspi.c ****       {
1307:Drivers/STM32L4xx_HAL_Driver/Src/stm32l4xx_hal_qspi.c ****         if (((data_size % 2U) != 0U) || ((hqspi->Init.FifoThreshold % 2U) != 0U))
1308:Drivers/STM32L4xx_HAL_Driver/Src/stm32l4xx_hal_qspi.c ****         {
1309:Drivers/STM32L4xx_HAL_Driver/Src/stm32l4xx_hal_qspi.c ****           /* The number of data or the fifo threshold is not aligned on halfword
1310:Drivers/STM32L4xx_HAL_Driver/Src/stm32l4xx_hal_qspi.c ****           => no transfer possible with DMA peripheral access configured as halfword */
1311:Drivers/STM32L4xx_HAL_Driver/Src/stm32l4xx_hal_qspi.c ****           hqspi->ErrorCode |= HAL_QSPI_ERROR_INVALID_PARAM;
1312:Drivers/STM32L4xx_HAL_Driver/Src/stm32l4xx_hal_qspi.c ****           status = HAL_ERROR;
1313:Drivers/STM32L4xx_HAL_Driver/Src/stm32l4xx_hal_qspi.c **** 
1314:Drivers/STM32L4xx_HAL_Driver/Src/stm32l4xx_hal_qspi.c ****           /* Process unlocked */
1315:Drivers/STM32L4xx_HAL_Driver/Src/stm32l4xx_hal_qspi.c ****           __HAL_UNLOCK(hqspi);
1316:Drivers/STM32L4xx_HAL_Driver/Src/stm32l4xx_hal_qspi.c ****         }
1317:Drivers/STM32L4xx_HAL_Driver/Src/stm32l4xx_hal_qspi.c ****         else
1318:Drivers/STM32L4xx_HAL_Driver/Src/stm32l4xx_hal_qspi.c ****         {
1319:Drivers/STM32L4xx_HAL_Driver/Src/stm32l4xx_hal_qspi.c ****           hqspi->TxXferCount = (data_size >> 1U);
1320:Drivers/STM32L4xx_HAL_Driver/Src/stm32l4xx_hal_qspi.c ****         }
1321:Drivers/STM32L4xx_HAL_Driver/Src/stm32l4xx_hal_qspi.c ****       }
1322:Drivers/STM32L4xx_HAL_Driver/Src/stm32l4xx_hal_qspi.c ****       else if (hqspi->hdma->Init.PeriphDataAlignment == DMA_PDATAALIGN_WORD)
1323:Drivers/STM32L4xx_HAL_Driver/Src/stm32l4xx_hal_qspi.c ****       {
1324:Drivers/STM32L4xx_HAL_Driver/Src/stm32l4xx_hal_qspi.c ****         if (((data_size % 4U) != 0U) || ((hqspi->Init.FifoThreshold % 4U) != 0U))
1325:Drivers/STM32L4xx_HAL_Driver/Src/stm32l4xx_hal_qspi.c ****         {
1326:Drivers/STM32L4xx_HAL_Driver/Src/stm32l4xx_hal_qspi.c ****           /* The number of data or the fifo threshold is not aligned on word
1327:Drivers/STM32L4xx_HAL_Driver/Src/stm32l4xx_hal_qspi.c ****           => no transfer possible with DMA peripheral access configured as word */
1328:Drivers/STM32L4xx_HAL_Driver/Src/stm32l4xx_hal_qspi.c ****           hqspi->ErrorCode |= HAL_QSPI_ERROR_INVALID_PARAM;
1329:Drivers/STM32L4xx_HAL_Driver/Src/stm32l4xx_hal_qspi.c ****           status = HAL_ERROR;
1330:Drivers/STM32L4xx_HAL_Driver/Src/stm32l4xx_hal_qspi.c **** 
1331:Drivers/STM32L4xx_HAL_Driver/Src/stm32l4xx_hal_qspi.c ****           /* Process unlocked */
1332:Drivers/STM32L4xx_HAL_Driver/Src/stm32l4xx_hal_qspi.c ****           __HAL_UNLOCK(hqspi);
1333:Drivers/STM32L4xx_HAL_Driver/Src/stm32l4xx_hal_qspi.c ****         }
1334:Drivers/STM32L4xx_HAL_Driver/Src/stm32l4xx_hal_qspi.c ****         else
1335:Drivers/STM32L4xx_HAL_Driver/Src/stm32l4xx_hal_qspi.c ****         {
1336:Drivers/STM32L4xx_HAL_Driver/Src/stm32l4xx_hal_qspi.c ****           hqspi->TxXferCount = (data_size >> 2U);
1337:Drivers/STM32L4xx_HAL_Driver/Src/stm32l4xx_hal_qspi.c ****         }
1338:Drivers/STM32L4xx_HAL_Driver/Src/stm32l4xx_hal_qspi.c ****       }
1339:Drivers/STM32L4xx_HAL_Driver/Src/stm32l4xx_hal_qspi.c ****       else
1340:Drivers/STM32L4xx_HAL_Driver/Src/stm32l4xx_hal_qspi.c ****       {
1341:Drivers/STM32L4xx_HAL_Driver/Src/stm32l4xx_hal_qspi.c ****         /* Nothing to do */
ARM GAS  /tmp/ccLGcT9r.s 			page 25


1342:Drivers/STM32L4xx_HAL_Driver/Src/stm32l4xx_hal_qspi.c ****       }
1343:Drivers/STM32L4xx_HAL_Driver/Src/stm32l4xx_hal_qspi.c **** 
1344:Drivers/STM32L4xx_HAL_Driver/Src/stm32l4xx_hal_qspi.c ****       if (status == HAL_OK)
1345:Drivers/STM32L4xx_HAL_Driver/Src/stm32l4xx_hal_qspi.c ****       {
1346:Drivers/STM32L4xx_HAL_Driver/Src/stm32l4xx_hal_qspi.c ****         /* Update state */
1347:Drivers/STM32L4xx_HAL_Driver/Src/stm32l4xx_hal_qspi.c ****         hqspi->State = HAL_QSPI_STATE_BUSY_INDIRECT_TX;
1348:Drivers/STM32L4xx_HAL_Driver/Src/stm32l4xx_hal_qspi.c **** 
1349:Drivers/STM32L4xx_HAL_Driver/Src/stm32l4xx_hal_qspi.c ****         /* Clear interrupt */
1350:Drivers/STM32L4xx_HAL_Driver/Src/stm32l4xx_hal_qspi.c ****         __HAL_QSPI_CLEAR_FLAG(hqspi, (QSPI_FLAG_TE | QSPI_FLAG_TC));
1351:Drivers/STM32L4xx_HAL_Driver/Src/stm32l4xx_hal_qspi.c **** 
1352:Drivers/STM32L4xx_HAL_Driver/Src/stm32l4xx_hal_qspi.c ****         /* Configure size and pointer of the handle */
1353:Drivers/STM32L4xx_HAL_Driver/Src/stm32l4xx_hal_qspi.c ****         hqspi->TxXferSize = hqspi->TxXferCount;
1354:Drivers/STM32L4xx_HAL_Driver/Src/stm32l4xx_hal_qspi.c ****         hqspi->pTxBuffPtr = pData;
1355:Drivers/STM32L4xx_HAL_Driver/Src/stm32l4xx_hal_qspi.c **** 
1356:Drivers/STM32L4xx_HAL_Driver/Src/stm32l4xx_hal_qspi.c ****         /* Configure QSPI: CCR register with functional mode as indirect write */
1357:Drivers/STM32L4xx_HAL_Driver/Src/stm32l4xx_hal_qspi.c ****         MODIFY_REG(hqspi->Instance->CCR, QUADSPI_CCR_FMODE, QSPI_FUNCTIONAL_MODE_INDIRECT_WRITE);
1358:Drivers/STM32L4xx_HAL_Driver/Src/stm32l4xx_hal_qspi.c **** 
1359:Drivers/STM32L4xx_HAL_Driver/Src/stm32l4xx_hal_qspi.c ****         /* Set the QSPI DMA transfer complete callback */
1360:Drivers/STM32L4xx_HAL_Driver/Src/stm32l4xx_hal_qspi.c ****         hqspi->hdma->XferCpltCallback = QSPI_DMATxCplt;
1361:Drivers/STM32L4xx_HAL_Driver/Src/stm32l4xx_hal_qspi.c **** 
1362:Drivers/STM32L4xx_HAL_Driver/Src/stm32l4xx_hal_qspi.c ****         /* Set the QSPI DMA Half transfer complete callback */
1363:Drivers/STM32L4xx_HAL_Driver/Src/stm32l4xx_hal_qspi.c ****         hqspi->hdma->XferHalfCpltCallback = QSPI_DMATxHalfCplt;
1364:Drivers/STM32L4xx_HAL_Driver/Src/stm32l4xx_hal_qspi.c **** 
1365:Drivers/STM32L4xx_HAL_Driver/Src/stm32l4xx_hal_qspi.c ****         /* Set the DMA error callback */
1366:Drivers/STM32L4xx_HAL_Driver/Src/stm32l4xx_hal_qspi.c ****         hqspi->hdma->XferErrorCallback = QSPI_DMAError;
1367:Drivers/STM32L4xx_HAL_Driver/Src/stm32l4xx_hal_qspi.c **** 
1368:Drivers/STM32L4xx_HAL_Driver/Src/stm32l4xx_hal_qspi.c ****         /* Clear the DMA abort callback */
1369:Drivers/STM32L4xx_HAL_Driver/Src/stm32l4xx_hal_qspi.c ****         hqspi->hdma->XferAbortCallback = NULL;
1370:Drivers/STM32L4xx_HAL_Driver/Src/stm32l4xx_hal_qspi.c **** 
1371:Drivers/STM32L4xx_HAL_Driver/Src/stm32l4xx_hal_qspi.c ****         /* Configure the direction of the DMA */
1372:Drivers/STM32L4xx_HAL_Driver/Src/stm32l4xx_hal_qspi.c ****         hqspi->hdma->Init.Direction = DMA_MEMORY_TO_PERIPH;
1373:Drivers/STM32L4xx_HAL_Driver/Src/stm32l4xx_hal_qspi.c ****         MODIFY_REG(hqspi->hdma->Instance->CCR, DMA_CCR_DIR, hqspi->hdma->Init.Direction);
1374:Drivers/STM32L4xx_HAL_Driver/Src/stm32l4xx_hal_qspi.c **** 
1375:Drivers/STM32L4xx_HAL_Driver/Src/stm32l4xx_hal_qspi.c ****         /* Enable the QSPI transfer error Interrupt */
1376:Drivers/STM32L4xx_HAL_Driver/Src/stm32l4xx_hal_qspi.c ****         __HAL_QSPI_ENABLE_IT(hqspi, QSPI_IT_TE);
1377:Drivers/STM32L4xx_HAL_Driver/Src/stm32l4xx_hal_qspi.c **** 
1378:Drivers/STM32L4xx_HAL_Driver/Src/stm32l4xx_hal_qspi.c ****         /* Enable the DMA transfer by setting the DMAEN bit in the QSPI CR register */
1379:Drivers/STM32L4xx_HAL_Driver/Src/stm32l4xx_hal_qspi.c ****         SET_BIT(hqspi->Instance->CR, QUADSPI_CR_DMAEN);
1380:Drivers/STM32L4xx_HAL_Driver/Src/stm32l4xx_hal_qspi.c **** 
1381:Drivers/STM32L4xx_HAL_Driver/Src/stm32l4xx_hal_qspi.c **** 
1382:Drivers/STM32L4xx_HAL_Driver/Src/stm32l4xx_hal_qspi.c ****         /* Enable the QSPI transmit DMA Channel */
1383:Drivers/STM32L4xx_HAL_Driver/Src/stm32l4xx_hal_qspi.c ****         if (HAL_DMA_Start_IT(hqspi->hdma, (uint32_t)pData, (uint32_t)&hqspi->Instance->DR, hqspi->T
1384:Drivers/STM32L4xx_HAL_Driver/Src/stm32l4xx_hal_qspi.c ****         {
1385:Drivers/STM32L4xx_HAL_Driver/Src/stm32l4xx_hal_qspi.c ****           /* Process unlocked */
1386:Drivers/STM32L4xx_HAL_Driver/Src/stm32l4xx_hal_qspi.c ****           __HAL_UNLOCK(hqspi);
1387:Drivers/STM32L4xx_HAL_Driver/Src/stm32l4xx_hal_qspi.c ****         }
1388:Drivers/STM32L4xx_HAL_Driver/Src/stm32l4xx_hal_qspi.c ****         else
1389:Drivers/STM32L4xx_HAL_Driver/Src/stm32l4xx_hal_qspi.c ****         {
1390:Drivers/STM32L4xx_HAL_Driver/Src/stm32l4xx_hal_qspi.c ****           /* Disable the DMA transfer by clearing the DMAEN bit in the QSPI CR register */
1391:Drivers/STM32L4xx_HAL_Driver/Src/stm32l4xx_hal_qspi.c ****           CLEAR_BIT(hqspi->Instance->CR, QUADSPI_CR_DMAEN);
1392:Drivers/STM32L4xx_HAL_Driver/Src/stm32l4xx_hal_qspi.c **** 
1393:Drivers/STM32L4xx_HAL_Driver/Src/stm32l4xx_hal_qspi.c ****           status = HAL_ERROR;
1394:Drivers/STM32L4xx_HAL_Driver/Src/stm32l4xx_hal_qspi.c ****           hqspi->ErrorCode |= HAL_QSPI_ERROR_DMA;
1395:Drivers/STM32L4xx_HAL_Driver/Src/stm32l4xx_hal_qspi.c ****           hqspi->State = HAL_QSPI_STATE_READY;
1396:Drivers/STM32L4xx_HAL_Driver/Src/stm32l4xx_hal_qspi.c **** 
1397:Drivers/STM32L4xx_HAL_Driver/Src/stm32l4xx_hal_qspi.c ****           /* Process unlocked */
1398:Drivers/STM32L4xx_HAL_Driver/Src/stm32l4xx_hal_qspi.c ****           __HAL_UNLOCK(hqspi);
ARM GAS  /tmp/ccLGcT9r.s 			page 26


1399:Drivers/STM32L4xx_HAL_Driver/Src/stm32l4xx_hal_qspi.c ****         }
1400:Drivers/STM32L4xx_HAL_Driver/Src/stm32l4xx_hal_qspi.c ****      }
1401:Drivers/STM32L4xx_HAL_Driver/Src/stm32l4xx_hal_qspi.c ****     }
1402:Drivers/STM32L4xx_HAL_Driver/Src/stm32l4xx_hal_qspi.c ****     else
1403:Drivers/STM32L4xx_HAL_Driver/Src/stm32l4xx_hal_qspi.c ****     {
1404:Drivers/STM32L4xx_HAL_Driver/Src/stm32l4xx_hal_qspi.c ****       hqspi->ErrorCode |= HAL_QSPI_ERROR_INVALID_PARAM;
1405:Drivers/STM32L4xx_HAL_Driver/Src/stm32l4xx_hal_qspi.c ****       status = HAL_ERROR;
1406:Drivers/STM32L4xx_HAL_Driver/Src/stm32l4xx_hal_qspi.c **** 
1407:Drivers/STM32L4xx_HAL_Driver/Src/stm32l4xx_hal_qspi.c ****       /* Process unlocked */
1408:Drivers/STM32L4xx_HAL_Driver/Src/stm32l4xx_hal_qspi.c ****       __HAL_UNLOCK(hqspi);
1409:Drivers/STM32L4xx_HAL_Driver/Src/stm32l4xx_hal_qspi.c ****     }
1410:Drivers/STM32L4xx_HAL_Driver/Src/stm32l4xx_hal_qspi.c ****   }
1411:Drivers/STM32L4xx_HAL_Driver/Src/stm32l4xx_hal_qspi.c ****   else
1412:Drivers/STM32L4xx_HAL_Driver/Src/stm32l4xx_hal_qspi.c ****   {
1413:Drivers/STM32L4xx_HAL_Driver/Src/stm32l4xx_hal_qspi.c ****     status = HAL_BUSY;
1414:Drivers/STM32L4xx_HAL_Driver/Src/stm32l4xx_hal_qspi.c **** 
1415:Drivers/STM32L4xx_HAL_Driver/Src/stm32l4xx_hal_qspi.c ****     /* Process unlocked */
1416:Drivers/STM32L4xx_HAL_Driver/Src/stm32l4xx_hal_qspi.c ****     __HAL_UNLOCK(hqspi);
1417:Drivers/STM32L4xx_HAL_Driver/Src/stm32l4xx_hal_qspi.c ****   }
1418:Drivers/STM32L4xx_HAL_Driver/Src/stm32l4xx_hal_qspi.c **** 
1419:Drivers/STM32L4xx_HAL_Driver/Src/stm32l4xx_hal_qspi.c ****   return status;
1420:Drivers/STM32L4xx_HAL_Driver/Src/stm32l4xx_hal_qspi.c **** }
1421:Drivers/STM32L4xx_HAL_Driver/Src/stm32l4xx_hal_qspi.c **** 
1422:Drivers/STM32L4xx_HAL_Driver/Src/stm32l4xx_hal_qspi.c **** /**
1423:Drivers/STM32L4xx_HAL_Driver/Src/stm32l4xx_hal_qspi.c ****   * @brief  Receive an amount of data in non-blocking mode with DMA.
1424:Drivers/STM32L4xx_HAL_Driver/Src/stm32l4xx_hal_qspi.c ****   * @param  hqspi QSPI handle
1425:Drivers/STM32L4xx_HAL_Driver/Src/stm32l4xx_hal_qspi.c ****   * @param  pData pointer to data buffer.
1426:Drivers/STM32L4xx_HAL_Driver/Src/stm32l4xx_hal_qspi.c ****   * @note   This function is used only in Indirect Read Mode
1427:Drivers/STM32L4xx_HAL_Driver/Src/stm32l4xx_hal_qspi.c ****   * @note   If DMA peripheral access is configured as halfword, the number
1428:Drivers/STM32L4xx_HAL_Driver/Src/stm32l4xx_hal_qspi.c ****   *         of data and the fifo threshold should be aligned on halfword
1429:Drivers/STM32L4xx_HAL_Driver/Src/stm32l4xx_hal_qspi.c ****   * @note   If DMA peripheral access is configured as word, the number
1430:Drivers/STM32L4xx_HAL_Driver/Src/stm32l4xx_hal_qspi.c ****   *         of data and the fifo threshold should be aligned on word
1431:Drivers/STM32L4xx_HAL_Driver/Src/stm32l4xx_hal_qspi.c ****   * @retval HAL status
1432:Drivers/STM32L4xx_HAL_Driver/Src/stm32l4xx_hal_qspi.c ****   */
1433:Drivers/STM32L4xx_HAL_Driver/Src/stm32l4xx_hal_qspi.c **** HAL_StatusTypeDef HAL_QSPI_Receive_DMA(QSPI_HandleTypeDef *hqspi, uint8_t *pData)
1434:Drivers/STM32L4xx_HAL_Driver/Src/stm32l4xx_hal_qspi.c **** {
1435:Drivers/STM32L4xx_HAL_Driver/Src/stm32l4xx_hal_qspi.c ****   HAL_StatusTypeDef status = HAL_OK;
1436:Drivers/STM32L4xx_HAL_Driver/Src/stm32l4xx_hal_qspi.c ****   uint32_t addr_reg = READ_REG(hqspi->Instance->AR);
1437:Drivers/STM32L4xx_HAL_Driver/Src/stm32l4xx_hal_qspi.c ****   uint32_t data_size = (READ_REG(hqspi->Instance->DLR) + 1U);
1438:Drivers/STM32L4xx_HAL_Driver/Src/stm32l4xx_hal_qspi.c **** 
1439:Drivers/STM32L4xx_HAL_Driver/Src/stm32l4xx_hal_qspi.c ****   /* Process locked */
1440:Drivers/STM32L4xx_HAL_Driver/Src/stm32l4xx_hal_qspi.c ****   __HAL_LOCK(hqspi);
1441:Drivers/STM32L4xx_HAL_Driver/Src/stm32l4xx_hal_qspi.c **** 
1442:Drivers/STM32L4xx_HAL_Driver/Src/stm32l4xx_hal_qspi.c ****   if(hqspi->State == HAL_QSPI_STATE_READY)
1443:Drivers/STM32L4xx_HAL_Driver/Src/stm32l4xx_hal_qspi.c ****   {
1444:Drivers/STM32L4xx_HAL_Driver/Src/stm32l4xx_hal_qspi.c ****     /* Clear the error code */
1445:Drivers/STM32L4xx_HAL_Driver/Src/stm32l4xx_hal_qspi.c ****     hqspi->ErrorCode = HAL_QSPI_ERROR_NONE;
1446:Drivers/STM32L4xx_HAL_Driver/Src/stm32l4xx_hal_qspi.c **** 
1447:Drivers/STM32L4xx_HAL_Driver/Src/stm32l4xx_hal_qspi.c ****     if(pData != NULL )
1448:Drivers/STM32L4xx_HAL_Driver/Src/stm32l4xx_hal_qspi.c ****     {
1449:Drivers/STM32L4xx_HAL_Driver/Src/stm32l4xx_hal_qspi.c ****       /* Configure counters of the handle */
1450:Drivers/STM32L4xx_HAL_Driver/Src/stm32l4xx_hal_qspi.c ****       if (hqspi->hdma->Init.PeriphDataAlignment == DMA_PDATAALIGN_BYTE)
1451:Drivers/STM32L4xx_HAL_Driver/Src/stm32l4xx_hal_qspi.c ****       {
1452:Drivers/STM32L4xx_HAL_Driver/Src/stm32l4xx_hal_qspi.c ****         hqspi->RxXferCount = data_size;
1453:Drivers/STM32L4xx_HAL_Driver/Src/stm32l4xx_hal_qspi.c ****       }
1454:Drivers/STM32L4xx_HAL_Driver/Src/stm32l4xx_hal_qspi.c ****       else if (hqspi->hdma->Init.PeriphDataAlignment == DMA_PDATAALIGN_HALFWORD)
1455:Drivers/STM32L4xx_HAL_Driver/Src/stm32l4xx_hal_qspi.c ****       {
ARM GAS  /tmp/ccLGcT9r.s 			page 27


1456:Drivers/STM32L4xx_HAL_Driver/Src/stm32l4xx_hal_qspi.c ****         if (((data_size % 2U) != 0U) || ((hqspi->Init.FifoThreshold % 2U) != 0U))
1457:Drivers/STM32L4xx_HAL_Driver/Src/stm32l4xx_hal_qspi.c ****         {
1458:Drivers/STM32L4xx_HAL_Driver/Src/stm32l4xx_hal_qspi.c ****           /* The number of data or the fifo threshold is not aligned on halfword
1459:Drivers/STM32L4xx_HAL_Driver/Src/stm32l4xx_hal_qspi.c ****              => no transfer possible with DMA peripheral access configured as halfword */
1460:Drivers/STM32L4xx_HAL_Driver/Src/stm32l4xx_hal_qspi.c ****           hqspi->ErrorCode |= HAL_QSPI_ERROR_INVALID_PARAM;
1461:Drivers/STM32L4xx_HAL_Driver/Src/stm32l4xx_hal_qspi.c ****           status = HAL_ERROR;
1462:Drivers/STM32L4xx_HAL_Driver/Src/stm32l4xx_hal_qspi.c **** 
1463:Drivers/STM32L4xx_HAL_Driver/Src/stm32l4xx_hal_qspi.c ****           /* Process unlocked */
1464:Drivers/STM32L4xx_HAL_Driver/Src/stm32l4xx_hal_qspi.c ****           __HAL_UNLOCK(hqspi);
1465:Drivers/STM32L4xx_HAL_Driver/Src/stm32l4xx_hal_qspi.c ****         }
1466:Drivers/STM32L4xx_HAL_Driver/Src/stm32l4xx_hal_qspi.c ****         else
1467:Drivers/STM32L4xx_HAL_Driver/Src/stm32l4xx_hal_qspi.c ****         {
1468:Drivers/STM32L4xx_HAL_Driver/Src/stm32l4xx_hal_qspi.c ****           hqspi->RxXferCount = (data_size >> 1U);
1469:Drivers/STM32L4xx_HAL_Driver/Src/stm32l4xx_hal_qspi.c ****         }
1470:Drivers/STM32L4xx_HAL_Driver/Src/stm32l4xx_hal_qspi.c ****       }
1471:Drivers/STM32L4xx_HAL_Driver/Src/stm32l4xx_hal_qspi.c ****       else if (hqspi->hdma->Init.PeriphDataAlignment == DMA_PDATAALIGN_WORD)
1472:Drivers/STM32L4xx_HAL_Driver/Src/stm32l4xx_hal_qspi.c ****       {
1473:Drivers/STM32L4xx_HAL_Driver/Src/stm32l4xx_hal_qspi.c ****         if (((data_size % 4U) != 0U) || ((hqspi->Init.FifoThreshold % 4U) != 0U))
1474:Drivers/STM32L4xx_HAL_Driver/Src/stm32l4xx_hal_qspi.c ****         {
1475:Drivers/STM32L4xx_HAL_Driver/Src/stm32l4xx_hal_qspi.c ****           /* The number of data or the fifo threshold is not aligned on word
1476:Drivers/STM32L4xx_HAL_Driver/Src/stm32l4xx_hal_qspi.c ****              => no transfer possible with DMA peripheral access configured as word */
1477:Drivers/STM32L4xx_HAL_Driver/Src/stm32l4xx_hal_qspi.c ****           hqspi->ErrorCode |= HAL_QSPI_ERROR_INVALID_PARAM;
1478:Drivers/STM32L4xx_HAL_Driver/Src/stm32l4xx_hal_qspi.c ****           status = HAL_ERROR;
1479:Drivers/STM32L4xx_HAL_Driver/Src/stm32l4xx_hal_qspi.c **** 
1480:Drivers/STM32L4xx_HAL_Driver/Src/stm32l4xx_hal_qspi.c ****           /* Process unlocked */
1481:Drivers/STM32L4xx_HAL_Driver/Src/stm32l4xx_hal_qspi.c ****           __HAL_UNLOCK(hqspi);
1482:Drivers/STM32L4xx_HAL_Driver/Src/stm32l4xx_hal_qspi.c ****         }
1483:Drivers/STM32L4xx_HAL_Driver/Src/stm32l4xx_hal_qspi.c ****         else
1484:Drivers/STM32L4xx_HAL_Driver/Src/stm32l4xx_hal_qspi.c ****         {
1485:Drivers/STM32L4xx_HAL_Driver/Src/stm32l4xx_hal_qspi.c ****           hqspi->RxXferCount = (data_size >> 2U);
1486:Drivers/STM32L4xx_HAL_Driver/Src/stm32l4xx_hal_qspi.c ****         }
1487:Drivers/STM32L4xx_HAL_Driver/Src/stm32l4xx_hal_qspi.c ****       }
1488:Drivers/STM32L4xx_HAL_Driver/Src/stm32l4xx_hal_qspi.c ****       else
1489:Drivers/STM32L4xx_HAL_Driver/Src/stm32l4xx_hal_qspi.c ****       {
1490:Drivers/STM32L4xx_HAL_Driver/Src/stm32l4xx_hal_qspi.c ****         /* Nothing to do */
1491:Drivers/STM32L4xx_HAL_Driver/Src/stm32l4xx_hal_qspi.c ****       }
1492:Drivers/STM32L4xx_HAL_Driver/Src/stm32l4xx_hal_qspi.c **** 
1493:Drivers/STM32L4xx_HAL_Driver/Src/stm32l4xx_hal_qspi.c ****       if (status == HAL_OK)
1494:Drivers/STM32L4xx_HAL_Driver/Src/stm32l4xx_hal_qspi.c ****       {
1495:Drivers/STM32L4xx_HAL_Driver/Src/stm32l4xx_hal_qspi.c ****         /* Update state */
1496:Drivers/STM32L4xx_HAL_Driver/Src/stm32l4xx_hal_qspi.c ****         hqspi->State = HAL_QSPI_STATE_BUSY_INDIRECT_RX;
1497:Drivers/STM32L4xx_HAL_Driver/Src/stm32l4xx_hal_qspi.c **** 
1498:Drivers/STM32L4xx_HAL_Driver/Src/stm32l4xx_hal_qspi.c ****         /* Clear interrupt */
1499:Drivers/STM32L4xx_HAL_Driver/Src/stm32l4xx_hal_qspi.c ****         __HAL_QSPI_CLEAR_FLAG(hqspi, (QSPI_FLAG_TE | QSPI_FLAG_TC));
1500:Drivers/STM32L4xx_HAL_Driver/Src/stm32l4xx_hal_qspi.c **** 
1501:Drivers/STM32L4xx_HAL_Driver/Src/stm32l4xx_hal_qspi.c ****         /* Configure size and pointer of the handle */
1502:Drivers/STM32L4xx_HAL_Driver/Src/stm32l4xx_hal_qspi.c ****         hqspi->RxXferSize = hqspi->RxXferCount;
1503:Drivers/STM32L4xx_HAL_Driver/Src/stm32l4xx_hal_qspi.c ****         hqspi->pRxBuffPtr = pData;
1504:Drivers/STM32L4xx_HAL_Driver/Src/stm32l4xx_hal_qspi.c **** 
1505:Drivers/STM32L4xx_HAL_Driver/Src/stm32l4xx_hal_qspi.c ****         /* Set the QSPI DMA transfer complete callback */
1506:Drivers/STM32L4xx_HAL_Driver/Src/stm32l4xx_hal_qspi.c ****         hqspi->hdma->XferCpltCallback = QSPI_DMARxCplt;
1507:Drivers/STM32L4xx_HAL_Driver/Src/stm32l4xx_hal_qspi.c **** 
1508:Drivers/STM32L4xx_HAL_Driver/Src/stm32l4xx_hal_qspi.c ****         /* Set the QSPI DMA Half transfer complete callback */
1509:Drivers/STM32L4xx_HAL_Driver/Src/stm32l4xx_hal_qspi.c ****         hqspi->hdma->XferHalfCpltCallback = QSPI_DMARxHalfCplt;
1510:Drivers/STM32L4xx_HAL_Driver/Src/stm32l4xx_hal_qspi.c **** 
1511:Drivers/STM32L4xx_HAL_Driver/Src/stm32l4xx_hal_qspi.c ****         /* Set the DMA error callback */
1512:Drivers/STM32L4xx_HAL_Driver/Src/stm32l4xx_hal_qspi.c ****         hqspi->hdma->XferErrorCallback = QSPI_DMAError;
ARM GAS  /tmp/ccLGcT9r.s 			page 28


1513:Drivers/STM32L4xx_HAL_Driver/Src/stm32l4xx_hal_qspi.c **** 
1514:Drivers/STM32L4xx_HAL_Driver/Src/stm32l4xx_hal_qspi.c ****         /* Clear the DMA abort callback */
1515:Drivers/STM32L4xx_HAL_Driver/Src/stm32l4xx_hal_qspi.c ****         hqspi->hdma->XferAbortCallback = NULL;
1516:Drivers/STM32L4xx_HAL_Driver/Src/stm32l4xx_hal_qspi.c **** 
1517:Drivers/STM32L4xx_HAL_Driver/Src/stm32l4xx_hal_qspi.c ****         /* Configure the direction of the DMA */
1518:Drivers/STM32L4xx_HAL_Driver/Src/stm32l4xx_hal_qspi.c ****         hqspi->hdma->Init.Direction = DMA_PERIPH_TO_MEMORY;
1519:Drivers/STM32L4xx_HAL_Driver/Src/stm32l4xx_hal_qspi.c ****         MODIFY_REG(hqspi->hdma->Instance->CCR, DMA_CCR_DIR, hqspi->hdma->Init.Direction);
1520:Drivers/STM32L4xx_HAL_Driver/Src/stm32l4xx_hal_qspi.c **** 
1521:Drivers/STM32L4xx_HAL_Driver/Src/stm32l4xx_hal_qspi.c ****         /* Enable the DMA Channel */
1522:Drivers/STM32L4xx_HAL_Driver/Src/stm32l4xx_hal_qspi.c ****         if (HAL_DMA_Start_IT(hqspi->hdma, (uint32_t)&hqspi->Instance->DR, (uint32_t)pData, hqspi->R
1523:Drivers/STM32L4xx_HAL_Driver/Src/stm32l4xx_hal_qspi.c ****         {
1524:Drivers/STM32L4xx_HAL_Driver/Src/stm32l4xx_hal_qspi.c ****           /* Configure QSPI: CCR register with functional as indirect read */
1525:Drivers/STM32L4xx_HAL_Driver/Src/stm32l4xx_hal_qspi.c ****           MODIFY_REG(hqspi->Instance->CCR, QUADSPI_CCR_FMODE, QSPI_FUNCTIONAL_MODE_INDIRECT_READ);
1526:Drivers/STM32L4xx_HAL_Driver/Src/stm32l4xx_hal_qspi.c **** 
1527:Drivers/STM32L4xx_HAL_Driver/Src/stm32l4xx_hal_qspi.c ****           /* Start the transfer by re-writing the address in AR register */
1528:Drivers/STM32L4xx_HAL_Driver/Src/stm32l4xx_hal_qspi.c ****           WRITE_REG(hqspi->Instance->AR, addr_reg);
1529:Drivers/STM32L4xx_HAL_Driver/Src/stm32l4xx_hal_qspi.c **** 
1530:Drivers/STM32L4xx_HAL_Driver/Src/stm32l4xx_hal_qspi.c ****         /* Enable the QSPI transfer error Interrupt */
1531:Drivers/STM32L4xx_HAL_Driver/Src/stm32l4xx_hal_qspi.c ****         __HAL_QSPI_ENABLE_IT(hqspi, QSPI_IT_TE);
1532:Drivers/STM32L4xx_HAL_Driver/Src/stm32l4xx_hal_qspi.c **** 
1533:Drivers/STM32L4xx_HAL_Driver/Src/stm32l4xx_hal_qspi.c ****         /* Enable the DMA transfer by setting the DMAEN bit in the QSPI CR register */
1534:Drivers/STM32L4xx_HAL_Driver/Src/stm32l4xx_hal_qspi.c ****         SET_BIT(hqspi->Instance->CR, QUADSPI_CR_DMAEN);
1535:Drivers/STM32L4xx_HAL_Driver/Src/stm32l4xx_hal_qspi.c **** 
1536:Drivers/STM32L4xx_HAL_Driver/Src/stm32l4xx_hal_qspi.c ****           /* Process unlocked */
1537:Drivers/STM32L4xx_HAL_Driver/Src/stm32l4xx_hal_qspi.c ****           __HAL_UNLOCK(hqspi);
1538:Drivers/STM32L4xx_HAL_Driver/Src/stm32l4xx_hal_qspi.c ****         }
1539:Drivers/STM32L4xx_HAL_Driver/Src/stm32l4xx_hal_qspi.c ****         else
1540:Drivers/STM32L4xx_HAL_Driver/Src/stm32l4xx_hal_qspi.c ****         {
1541:Drivers/STM32L4xx_HAL_Driver/Src/stm32l4xx_hal_qspi.c ****           /* Disable the DMA transfer by clearing the DMAEN bit in the QSPI CR register */
1542:Drivers/STM32L4xx_HAL_Driver/Src/stm32l4xx_hal_qspi.c ****           CLEAR_BIT(hqspi->Instance->CR, QUADSPI_CR_DMAEN);
1543:Drivers/STM32L4xx_HAL_Driver/Src/stm32l4xx_hal_qspi.c **** 
1544:Drivers/STM32L4xx_HAL_Driver/Src/stm32l4xx_hal_qspi.c ****           status = HAL_ERROR;
1545:Drivers/STM32L4xx_HAL_Driver/Src/stm32l4xx_hal_qspi.c ****           hqspi->ErrorCode |= HAL_QSPI_ERROR_DMA;
1546:Drivers/STM32L4xx_HAL_Driver/Src/stm32l4xx_hal_qspi.c ****           hqspi->State = HAL_QSPI_STATE_READY;
1547:Drivers/STM32L4xx_HAL_Driver/Src/stm32l4xx_hal_qspi.c **** 
1548:Drivers/STM32L4xx_HAL_Driver/Src/stm32l4xx_hal_qspi.c ****           /* Process unlocked */
1549:Drivers/STM32L4xx_HAL_Driver/Src/stm32l4xx_hal_qspi.c ****           __HAL_UNLOCK(hqspi);
1550:Drivers/STM32L4xx_HAL_Driver/Src/stm32l4xx_hal_qspi.c ****         }
1551:Drivers/STM32L4xx_HAL_Driver/Src/stm32l4xx_hal_qspi.c ****       }
1552:Drivers/STM32L4xx_HAL_Driver/Src/stm32l4xx_hal_qspi.c ****     }
1553:Drivers/STM32L4xx_HAL_Driver/Src/stm32l4xx_hal_qspi.c ****     else
1554:Drivers/STM32L4xx_HAL_Driver/Src/stm32l4xx_hal_qspi.c ****     {
1555:Drivers/STM32L4xx_HAL_Driver/Src/stm32l4xx_hal_qspi.c ****       hqspi->ErrorCode |= HAL_QSPI_ERROR_INVALID_PARAM;
1556:Drivers/STM32L4xx_HAL_Driver/Src/stm32l4xx_hal_qspi.c ****       status = HAL_ERROR;
1557:Drivers/STM32L4xx_HAL_Driver/Src/stm32l4xx_hal_qspi.c **** 
1558:Drivers/STM32L4xx_HAL_Driver/Src/stm32l4xx_hal_qspi.c ****       /* Process unlocked */
1559:Drivers/STM32L4xx_HAL_Driver/Src/stm32l4xx_hal_qspi.c ****       __HAL_UNLOCK(hqspi);
1560:Drivers/STM32L4xx_HAL_Driver/Src/stm32l4xx_hal_qspi.c ****     }
1561:Drivers/STM32L4xx_HAL_Driver/Src/stm32l4xx_hal_qspi.c ****   }
1562:Drivers/STM32L4xx_HAL_Driver/Src/stm32l4xx_hal_qspi.c ****   else
1563:Drivers/STM32L4xx_HAL_Driver/Src/stm32l4xx_hal_qspi.c ****   {
1564:Drivers/STM32L4xx_HAL_Driver/Src/stm32l4xx_hal_qspi.c ****     status = HAL_BUSY;
1565:Drivers/STM32L4xx_HAL_Driver/Src/stm32l4xx_hal_qspi.c **** 
1566:Drivers/STM32L4xx_HAL_Driver/Src/stm32l4xx_hal_qspi.c ****     /* Process unlocked */
1567:Drivers/STM32L4xx_HAL_Driver/Src/stm32l4xx_hal_qspi.c ****     __HAL_UNLOCK(hqspi);
1568:Drivers/STM32L4xx_HAL_Driver/Src/stm32l4xx_hal_qspi.c ****   }
1569:Drivers/STM32L4xx_HAL_Driver/Src/stm32l4xx_hal_qspi.c **** 
ARM GAS  /tmp/ccLGcT9r.s 			page 29


1570:Drivers/STM32L4xx_HAL_Driver/Src/stm32l4xx_hal_qspi.c ****   return status;
1571:Drivers/STM32L4xx_HAL_Driver/Src/stm32l4xx_hal_qspi.c **** }
1572:Drivers/STM32L4xx_HAL_Driver/Src/stm32l4xx_hal_qspi.c **** 
1573:Drivers/STM32L4xx_HAL_Driver/Src/stm32l4xx_hal_qspi.c **** /**
1574:Drivers/STM32L4xx_HAL_Driver/Src/stm32l4xx_hal_qspi.c ****   * @brief  Configure the QSPI Automatic Polling Mode in blocking mode.
1575:Drivers/STM32L4xx_HAL_Driver/Src/stm32l4xx_hal_qspi.c ****   * @param  hqspi QSPI handle
1576:Drivers/STM32L4xx_HAL_Driver/Src/stm32l4xx_hal_qspi.c ****   * @param  cmd structure that contains the command configuration information.
1577:Drivers/STM32L4xx_HAL_Driver/Src/stm32l4xx_hal_qspi.c ****   * @param  cfg structure that contains the polling configuration information.
1578:Drivers/STM32L4xx_HAL_Driver/Src/stm32l4xx_hal_qspi.c ****   * @param  Timeout Timeout duration
1579:Drivers/STM32L4xx_HAL_Driver/Src/stm32l4xx_hal_qspi.c ****   * @note   This function is used only in Automatic Polling Mode
1580:Drivers/STM32L4xx_HAL_Driver/Src/stm32l4xx_hal_qspi.c ****   * @retval HAL status
1581:Drivers/STM32L4xx_HAL_Driver/Src/stm32l4xx_hal_qspi.c ****   */
1582:Drivers/STM32L4xx_HAL_Driver/Src/stm32l4xx_hal_qspi.c **** HAL_StatusTypeDef HAL_QSPI_AutoPolling(QSPI_HandleTypeDef *hqspi, QSPI_CommandTypeDef *cmd, QSPI_Au
1583:Drivers/STM32L4xx_HAL_Driver/Src/stm32l4xx_hal_qspi.c **** {
1584:Drivers/STM32L4xx_HAL_Driver/Src/stm32l4xx_hal_qspi.c ****   HAL_StatusTypeDef status;
1585:Drivers/STM32L4xx_HAL_Driver/Src/stm32l4xx_hal_qspi.c ****   uint32_t tickstart = HAL_GetTick();
1586:Drivers/STM32L4xx_HAL_Driver/Src/stm32l4xx_hal_qspi.c **** 
1587:Drivers/STM32L4xx_HAL_Driver/Src/stm32l4xx_hal_qspi.c ****   /* Check the parameters */
1588:Drivers/STM32L4xx_HAL_Driver/Src/stm32l4xx_hal_qspi.c ****   assert_param(IS_QSPI_INSTRUCTION_MODE(cmd->InstructionMode));
1589:Drivers/STM32L4xx_HAL_Driver/Src/stm32l4xx_hal_qspi.c ****   if (cmd->InstructionMode != QSPI_INSTRUCTION_NONE)
1590:Drivers/STM32L4xx_HAL_Driver/Src/stm32l4xx_hal_qspi.c ****   {
1591:Drivers/STM32L4xx_HAL_Driver/Src/stm32l4xx_hal_qspi.c ****     assert_param(IS_QSPI_INSTRUCTION(cmd->Instruction));
1592:Drivers/STM32L4xx_HAL_Driver/Src/stm32l4xx_hal_qspi.c ****   }
1593:Drivers/STM32L4xx_HAL_Driver/Src/stm32l4xx_hal_qspi.c **** 
1594:Drivers/STM32L4xx_HAL_Driver/Src/stm32l4xx_hal_qspi.c ****   assert_param(IS_QSPI_ADDRESS_MODE(cmd->AddressMode));
1595:Drivers/STM32L4xx_HAL_Driver/Src/stm32l4xx_hal_qspi.c ****   if (cmd->AddressMode != QSPI_ADDRESS_NONE)
1596:Drivers/STM32L4xx_HAL_Driver/Src/stm32l4xx_hal_qspi.c ****   {
1597:Drivers/STM32L4xx_HAL_Driver/Src/stm32l4xx_hal_qspi.c ****     assert_param(IS_QSPI_ADDRESS_SIZE(cmd->AddressSize));
1598:Drivers/STM32L4xx_HAL_Driver/Src/stm32l4xx_hal_qspi.c ****   }
1599:Drivers/STM32L4xx_HAL_Driver/Src/stm32l4xx_hal_qspi.c **** 
1600:Drivers/STM32L4xx_HAL_Driver/Src/stm32l4xx_hal_qspi.c ****   assert_param(IS_QSPI_ALTERNATE_BYTES_MODE(cmd->AlternateByteMode));
1601:Drivers/STM32L4xx_HAL_Driver/Src/stm32l4xx_hal_qspi.c ****   if (cmd->AlternateByteMode != QSPI_ALTERNATE_BYTES_NONE)
1602:Drivers/STM32L4xx_HAL_Driver/Src/stm32l4xx_hal_qspi.c ****   {
1603:Drivers/STM32L4xx_HAL_Driver/Src/stm32l4xx_hal_qspi.c ****     assert_param(IS_QSPI_ALTERNATE_BYTES_SIZE(cmd->AlternateBytesSize));
1604:Drivers/STM32L4xx_HAL_Driver/Src/stm32l4xx_hal_qspi.c ****   }
1605:Drivers/STM32L4xx_HAL_Driver/Src/stm32l4xx_hal_qspi.c **** 
1606:Drivers/STM32L4xx_HAL_Driver/Src/stm32l4xx_hal_qspi.c ****   assert_param(IS_QSPI_DUMMY_CYCLES(cmd->DummyCycles));
1607:Drivers/STM32L4xx_HAL_Driver/Src/stm32l4xx_hal_qspi.c ****   assert_param(IS_QSPI_DATA_MODE(cmd->DataMode));
1608:Drivers/STM32L4xx_HAL_Driver/Src/stm32l4xx_hal_qspi.c **** 
1609:Drivers/STM32L4xx_HAL_Driver/Src/stm32l4xx_hal_qspi.c ****   assert_param(IS_QSPI_DDR_MODE(cmd->DdrMode));
1610:Drivers/STM32L4xx_HAL_Driver/Src/stm32l4xx_hal_qspi.c ****   assert_param(IS_QSPI_DDR_HHC(cmd->DdrHoldHalfCycle));
1611:Drivers/STM32L4xx_HAL_Driver/Src/stm32l4xx_hal_qspi.c ****   assert_param(IS_QSPI_SIOO_MODE(cmd->SIOOMode));
1612:Drivers/STM32L4xx_HAL_Driver/Src/stm32l4xx_hal_qspi.c **** 
1613:Drivers/STM32L4xx_HAL_Driver/Src/stm32l4xx_hal_qspi.c ****   assert_param(IS_QSPI_INTERVAL(cfg->Interval));
1614:Drivers/STM32L4xx_HAL_Driver/Src/stm32l4xx_hal_qspi.c ****   assert_param(IS_QSPI_STATUS_BYTES_SIZE(cfg->StatusBytesSize));
1615:Drivers/STM32L4xx_HAL_Driver/Src/stm32l4xx_hal_qspi.c ****   assert_param(IS_QSPI_MATCH_MODE(cfg->MatchMode));
1616:Drivers/STM32L4xx_HAL_Driver/Src/stm32l4xx_hal_qspi.c **** 
1617:Drivers/STM32L4xx_HAL_Driver/Src/stm32l4xx_hal_qspi.c ****   /* Process locked */
1618:Drivers/STM32L4xx_HAL_Driver/Src/stm32l4xx_hal_qspi.c ****   __HAL_LOCK(hqspi);
1619:Drivers/STM32L4xx_HAL_Driver/Src/stm32l4xx_hal_qspi.c **** 
1620:Drivers/STM32L4xx_HAL_Driver/Src/stm32l4xx_hal_qspi.c ****   if(hqspi->State == HAL_QSPI_STATE_READY)
1621:Drivers/STM32L4xx_HAL_Driver/Src/stm32l4xx_hal_qspi.c ****   {
1622:Drivers/STM32L4xx_HAL_Driver/Src/stm32l4xx_hal_qspi.c ****     hqspi->ErrorCode = HAL_QSPI_ERROR_NONE;
1623:Drivers/STM32L4xx_HAL_Driver/Src/stm32l4xx_hal_qspi.c **** 
1624:Drivers/STM32L4xx_HAL_Driver/Src/stm32l4xx_hal_qspi.c ****     /* Update state */
1625:Drivers/STM32L4xx_HAL_Driver/Src/stm32l4xx_hal_qspi.c ****     hqspi->State = HAL_QSPI_STATE_BUSY_AUTO_POLLING;
1626:Drivers/STM32L4xx_HAL_Driver/Src/stm32l4xx_hal_qspi.c **** 
ARM GAS  /tmp/ccLGcT9r.s 			page 30


1627:Drivers/STM32L4xx_HAL_Driver/Src/stm32l4xx_hal_qspi.c ****     /* Wait till BUSY flag reset */
1628:Drivers/STM32L4xx_HAL_Driver/Src/stm32l4xx_hal_qspi.c ****     status = QSPI_WaitFlagStateUntilTimeout(hqspi, QSPI_FLAG_BUSY, RESET, tickstart, Timeout);
1629:Drivers/STM32L4xx_HAL_Driver/Src/stm32l4xx_hal_qspi.c **** 
1630:Drivers/STM32L4xx_HAL_Driver/Src/stm32l4xx_hal_qspi.c ****     if (status == HAL_OK)
1631:Drivers/STM32L4xx_HAL_Driver/Src/stm32l4xx_hal_qspi.c ****     {
1632:Drivers/STM32L4xx_HAL_Driver/Src/stm32l4xx_hal_qspi.c ****       /* Configure QSPI: PSMAR register with the status match value */
1633:Drivers/STM32L4xx_HAL_Driver/Src/stm32l4xx_hal_qspi.c ****       WRITE_REG(hqspi->Instance->PSMAR, cfg->Match);
1634:Drivers/STM32L4xx_HAL_Driver/Src/stm32l4xx_hal_qspi.c **** 
1635:Drivers/STM32L4xx_HAL_Driver/Src/stm32l4xx_hal_qspi.c ****       /* Configure QSPI: PSMKR register with the status mask value */
1636:Drivers/STM32L4xx_HAL_Driver/Src/stm32l4xx_hal_qspi.c ****       WRITE_REG(hqspi->Instance->PSMKR, cfg->Mask);
1637:Drivers/STM32L4xx_HAL_Driver/Src/stm32l4xx_hal_qspi.c **** 
1638:Drivers/STM32L4xx_HAL_Driver/Src/stm32l4xx_hal_qspi.c ****       /* Configure QSPI: PIR register with the interval value */
1639:Drivers/STM32L4xx_HAL_Driver/Src/stm32l4xx_hal_qspi.c ****       WRITE_REG(hqspi->Instance->PIR, cfg->Interval);
1640:Drivers/STM32L4xx_HAL_Driver/Src/stm32l4xx_hal_qspi.c **** 
1641:Drivers/STM32L4xx_HAL_Driver/Src/stm32l4xx_hal_qspi.c ****       /* Configure QSPI: CR register with Match mode and Automatic stop enabled
1642:Drivers/STM32L4xx_HAL_Driver/Src/stm32l4xx_hal_qspi.c ****       (otherwise there will be an infinite loop in blocking mode) */
1643:Drivers/STM32L4xx_HAL_Driver/Src/stm32l4xx_hal_qspi.c ****       MODIFY_REG(hqspi->Instance->CR, (QUADSPI_CR_PMM | QUADSPI_CR_APMS),
1644:Drivers/STM32L4xx_HAL_Driver/Src/stm32l4xx_hal_qspi.c ****                (cfg->MatchMode | QSPI_AUTOMATIC_STOP_ENABLE));
1645:Drivers/STM32L4xx_HAL_Driver/Src/stm32l4xx_hal_qspi.c **** 
1646:Drivers/STM32L4xx_HAL_Driver/Src/stm32l4xx_hal_qspi.c ****       /* Call the configuration function */
1647:Drivers/STM32L4xx_HAL_Driver/Src/stm32l4xx_hal_qspi.c ****       cmd->NbData = cfg->StatusBytesSize;
1648:Drivers/STM32L4xx_HAL_Driver/Src/stm32l4xx_hal_qspi.c ****       QSPI_Config(hqspi, cmd, QSPI_FUNCTIONAL_MODE_AUTO_POLLING);
1649:Drivers/STM32L4xx_HAL_Driver/Src/stm32l4xx_hal_qspi.c **** 
1650:Drivers/STM32L4xx_HAL_Driver/Src/stm32l4xx_hal_qspi.c ****       /* Wait until SM flag is set to go back in idle state */
1651:Drivers/STM32L4xx_HAL_Driver/Src/stm32l4xx_hal_qspi.c ****       status = QSPI_WaitFlagStateUntilTimeout(hqspi, QSPI_FLAG_SM, SET, tickstart, Timeout);
1652:Drivers/STM32L4xx_HAL_Driver/Src/stm32l4xx_hal_qspi.c **** 
1653:Drivers/STM32L4xx_HAL_Driver/Src/stm32l4xx_hal_qspi.c ****       if (status == HAL_OK)
1654:Drivers/STM32L4xx_HAL_Driver/Src/stm32l4xx_hal_qspi.c ****       {
1655:Drivers/STM32L4xx_HAL_Driver/Src/stm32l4xx_hal_qspi.c ****         __HAL_QSPI_CLEAR_FLAG(hqspi, QSPI_FLAG_SM);
1656:Drivers/STM32L4xx_HAL_Driver/Src/stm32l4xx_hal_qspi.c **** 
1657:Drivers/STM32L4xx_HAL_Driver/Src/stm32l4xx_hal_qspi.c ****         /* Update state */
1658:Drivers/STM32L4xx_HAL_Driver/Src/stm32l4xx_hal_qspi.c ****         hqspi->State = HAL_QSPI_STATE_READY;
1659:Drivers/STM32L4xx_HAL_Driver/Src/stm32l4xx_hal_qspi.c ****       }
1660:Drivers/STM32L4xx_HAL_Driver/Src/stm32l4xx_hal_qspi.c ****     }
1661:Drivers/STM32L4xx_HAL_Driver/Src/stm32l4xx_hal_qspi.c ****   }
1662:Drivers/STM32L4xx_HAL_Driver/Src/stm32l4xx_hal_qspi.c ****   else
1663:Drivers/STM32L4xx_HAL_Driver/Src/stm32l4xx_hal_qspi.c ****   {
1664:Drivers/STM32L4xx_HAL_Driver/Src/stm32l4xx_hal_qspi.c ****     status = HAL_BUSY;
1665:Drivers/STM32L4xx_HAL_Driver/Src/stm32l4xx_hal_qspi.c ****   }
1666:Drivers/STM32L4xx_HAL_Driver/Src/stm32l4xx_hal_qspi.c **** 
1667:Drivers/STM32L4xx_HAL_Driver/Src/stm32l4xx_hal_qspi.c ****   /* Process unlocked */
1668:Drivers/STM32L4xx_HAL_Driver/Src/stm32l4xx_hal_qspi.c ****   __HAL_UNLOCK(hqspi);
1669:Drivers/STM32L4xx_HAL_Driver/Src/stm32l4xx_hal_qspi.c **** 
1670:Drivers/STM32L4xx_HAL_Driver/Src/stm32l4xx_hal_qspi.c ****   /* Return function status */
1671:Drivers/STM32L4xx_HAL_Driver/Src/stm32l4xx_hal_qspi.c ****   return status;
1672:Drivers/STM32L4xx_HAL_Driver/Src/stm32l4xx_hal_qspi.c **** }
1673:Drivers/STM32L4xx_HAL_Driver/Src/stm32l4xx_hal_qspi.c **** 
1674:Drivers/STM32L4xx_HAL_Driver/Src/stm32l4xx_hal_qspi.c **** /**
1675:Drivers/STM32L4xx_HAL_Driver/Src/stm32l4xx_hal_qspi.c ****   * @brief  Configure the QSPI Automatic Polling Mode in non-blocking mode.
1676:Drivers/STM32L4xx_HAL_Driver/Src/stm32l4xx_hal_qspi.c ****   * @param  hqspi QSPI handle
1677:Drivers/STM32L4xx_HAL_Driver/Src/stm32l4xx_hal_qspi.c ****   * @param  cmd structure that contains the command configuration information.
1678:Drivers/STM32L4xx_HAL_Driver/Src/stm32l4xx_hal_qspi.c ****   * @param  cfg structure that contains the polling configuration information.
1679:Drivers/STM32L4xx_HAL_Driver/Src/stm32l4xx_hal_qspi.c ****   * @note   This function is used only in Automatic Polling Mode
1680:Drivers/STM32L4xx_HAL_Driver/Src/stm32l4xx_hal_qspi.c ****   * @retval HAL status
1681:Drivers/STM32L4xx_HAL_Driver/Src/stm32l4xx_hal_qspi.c ****   */
1682:Drivers/STM32L4xx_HAL_Driver/Src/stm32l4xx_hal_qspi.c **** HAL_StatusTypeDef HAL_QSPI_AutoPolling_IT(QSPI_HandleTypeDef *hqspi, QSPI_CommandTypeDef *cmd, QSPI
1683:Drivers/STM32L4xx_HAL_Driver/Src/stm32l4xx_hal_qspi.c **** {
ARM GAS  /tmp/ccLGcT9r.s 			page 31


1684:Drivers/STM32L4xx_HAL_Driver/Src/stm32l4xx_hal_qspi.c ****   HAL_StatusTypeDef status;
1685:Drivers/STM32L4xx_HAL_Driver/Src/stm32l4xx_hal_qspi.c ****   uint32_t tickstart = HAL_GetTick();
1686:Drivers/STM32L4xx_HAL_Driver/Src/stm32l4xx_hal_qspi.c **** 
1687:Drivers/STM32L4xx_HAL_Driver/Src/stm32l4xx_hal_qspi.c ****   /* Check the parameters */
1688:Drivers/STM32L4xx_HAL_Driver/Src/stm32l4xx_hal_qspi.c ****   assert_param(IS_QSPI_INSTRUCTION_MODE(cmd->InstructionMode));
1689:Drivers/STM32L4xx_HAL_Driver/Src/stm32l4xx_hal_qspi.c ****   if (cmd->InstructionMode != QSPI_INSTRUCTION_NONE)
1690:Drivers/STM32L4xx_HAL_Driver/Src/stm32l4xx_hal_qspi.c ****   {
1691:Drivers/STM32L4xx_HAL_Driver/Src/stm32l4xx_hal_qspi.c ****     assert_param(IS_QSPI_INSTRUCTION(cmd->Instruction));
1692:Drivers/STM32L4xx_HAL_Driver/Src/stm32l4xx_hal_qspi.c ****   }
1693:Drivers/STM32L4xx_HAL_Driver/Src/stm32l4xx_hal_qspi.c **** 
1694:Drivers/STM32L4xx_HAL_Driver/Src/stm32l4xx_hal_qspi.c ****   assert_param(IS_QSPI_ADDRESS_MODE(cmd->AddressMode));
1695:Drivers/STM32L4xx_HAL_Driver/Src/stm32l4xx_hal_qspi.c ****   if (cmd->AddressMode != QSPI_ADDRESS_NONE)
1696:Drivers/STM32L4xx_HAL_Driver/Src/stm32l4xx_hal_qspi.c ****   {
1697:Drivers/STM32L4xx_HAL_Driver/Src/stm32l4xx_hal_qspi.c ****     assert_param(IS_QSPI_ADDRESS_SIZE(cmd->AddressSize));
1698:Drivers/STM32L4xx_HAL_Driver/Src/stm32l4xx_hal_qspi.c ****   }
1699:Drivers/STM32L4xx_HAL_Driver/Src/stm32l4xx_hal_qspi.c **** 
1700:Drivers/STM32L4xx_HAL_Driver/Src/stm32l4xx_hal_qspi.c ****   assert_param(IS_QSPI_ALTERNATE_BYTES_MODE(cmd->AlternateByteMode));
1701:Drivers/STM32L4xx_HAL_Driver/Src/stm32l4xx_hal_qspi.c ****   if (cmd->AlternateByteMode != QSPI_ALTERNATE_BYTES_NONE)
1702:Drivers/STM32L4xx_HAL_Driver/Src/stm32l4xx_hal_qspi.c ****   {
1703:Drivers/STM32L4xx_HAL_Driver/Src/stm32l4xx_hal_qspi.c ****     assert_param(IS_QSPI_ALTERNATE_BYTES_SIZE(cmd->AlternateBytesSize));
1704:Drivers/STM32L4xx_HAL_Driver/Src/stm32l4xx_hal_qspi.c ****   }
1705:Drivers/STM32L4xx_HAL_Driver/Src/stm32l4xx_hal_qspi.c **** 
1706:Drivers/STM32L4xx_HAL_Driver/Src/stm32l4xx_hal_qspi.c ****   assert_param(IS_QSPI_DUMMY_CYCLES(cmd->DummyCycles));
1707:Drivers/STM32L4xx_HAL_Driver/Src/stm32l4xx_hal_qspi.c ****   assert_param(IS_QSPI_DATA_MODE(cmd->DataMode));
1708:Drivers/STM32L4xx_HAL_Driver/Src/stm32l4xx_hal_qspi.c **** 
1709:Drivers/STM32L4xx_HAL_Driver/Src/stm32l4xx_hal_qspi.c ****   assert_param(IS_QSPI_DDR_MODE(cmd->DdrMode));
1710:Drivers/STM32L4xx_HAL_Driver/Src/stm32l4xx_hal_qspi.c ****   assert_param(IS_QSPI_DDR_HHC(cmd->DdrHoldHalfCycle));
1711:Drivers/STM32L4xx_HAL_Driver/Src/stm32l4xx_hal_qspi.c ****   assert_param(IS_QSPI_SIOO_MODE(cmd->SIOOMode));
1712:Drivers/STM32L4xx_HAL_Driver/Src/stm32l4xx_hal_qspi.c **** 
1713:Drivers/STM32L4xx_HAL_Driver/Src/stm32l4xx_hal_qspi.c ****   assert_param(IS_QSPI_INTERVAL(cfg->Interval));
1714:Drivers/STM32L4xx_HAL_Driver/Src/stm32l4xx_hal_qspi.c ****   assert_param(IS_QSPI_STATUS_BYTES_SIZE(cfg->StatusBytesSize));
1715:Drivers/STM32L4xx_HAL_Driver/Src/stm32l4xx_hal_qspi.c ****   assert_param(IS_QSPI_MATCH_MODE(cfg->MatchMode));
1716:Drivers/STM32L4xx_HAL_Driver/Src/stm32l4xx_hal_qspi.c ****   assert_param(IS_QSPI_AUTOMATIC_STOP(cfg->AutomaticStop));
1717:Drivers/STM32L4xx_HAL_Driver/Src/stm32l4xx_hal_qspi.c **** 
1718:Drivers/STM32L4xx_HAL_Driver/Src/stm32l4xx_hal_qspi.c ****   /* Process locked */
1719:Drivers/STM32L4xx_HAL_Driver/Src/stm32l4xx_hal_qspi.c ****   __HAL_LOCK(hqspi);
1720:Drivers/STM32L4xx_HAL_Driver/Src/stm32l4xx_hal_qspi.c **** 
1721:Drivers/STM32L4xx_HAL_Driver/Src/stm32l4xx_hal_qspi.c ****   if(hqspi->State == HAL_QSPI_STATE_READY)
1722:Drivers/STM32L4xx_HAL_Driver/Src/stm32l4xx_hal_qspi.c ****   {
1723:Drivers/STM32L4xx_HAL_Driver/Src/stm32l4xx_hal_qspi.c ****     hqspi->ErrorCode = HAL_QSPI_ERROR_NONE;
1724:Drivers/STM32L4xx_HAL_Driver/Src/stm32l4xx_hal_qspi.c **** 
1725:Drivers/STM32L4xx_HAL_Driver/Src/stm32l4xx_hal_qspi.c ****     /* Update state */
1726:Drivers/STM32L4xx_HAL_Driver/Src/stm32l4xx_hal_qspi.c ****     hqspi->State = HAL_QSPI_STATE_BUSY_AUTO_POLLING;
1727:Drivers/STM32L4xx_HAL_Driver/Src/stm32l4xx_hal_qspi.c **** 
1728:Drivers/STM32L4xx_HAL_Driver/Src/stm32l4xx_hal_qspi.c ****     /* Wait till BUSY flag reset */
1729:Drivers/STM32L4xx_HAL_Driver/Src/stm32l4xx_hal_qspi.c ****     status = QSPI_WaitFlagStateUntilTimeout(hqspi, QSPI_FLAG_BUSY, RESET, tickstart, hqspi->Timeout
1730:Drivers/STM32L4xx_HAL_Driver/Src/stm32l4xx_hal_qspi.c **** 
1731:Drivers/STM32L4xx_HAL_Driver/Src/stm32l4xx_hal_qspi.c ****     if (status == HAL_OK)
1732:Drivers/STM32L4xx_HAL_Driver/Src/stm32l4xx_hal_qspi.c ****     {
1733:Drivers/STM32L4xx_HAL_Driver/Src/stm32l4xx_hal_qspi.c ****       /* Configure QSPI: PSMAR register with the status match value */
1734:Drivers/STM32L4xx_HAL_Driver/Src/stm32l4xx_hal_qspi.c ****       WRITE_REG(hqspi->Instance->PSMAR, cfg->Match);
1735:Drivers/STM32L4xx_HAL_Driver/Src/stm32l4xx_hal_qspi.c **** 
1736:Drivers/STM32L4xx_HAL_Driver/Src/stm32l4xx_hal_qspi.c ****       /* Configure QSPI: PSMKR register with the status mask value */
1737:Drivers/STM32L4xx_HAL_Driver/Src/stm32l4xx_hal_qspi.c ****       WRITE_REG(hqspi->Instance->PSMKR, cfg->Mask);
1738:Drivers/STM32L4xx_HAL_Driver/Src/stm32l4xx_hal_qspi.c **** 
1739:Drivers/STM32L4xx_HAL_Driver/Src/stm32l4xx_hal_qspi.c ****       /* Configure QSPI: PIR register with the interval value */
1740:Drivers/STM32L4xx_HAL_Driver/Src/stm32l4xx_hal_qspi.c ****       WRITE_REG(hqspi->Instance->PIR, cfg->Interval);
ARM GAS  /tmp/ccLGcT9r.s 			page 32


1741:Drivers/STM32L4xx_HAL_Driver/Src/stm32l4xx_hal_qspi.c **** 
1742:Drivers/STM32L4xx_HAL_Driver/Src/stm32l4xx_hal_qspi.c ****       /* Configure QSPI: CR register with Match mode and Automatic stop mode */
1743:Drivers/STM32L4xx_HAL_Driver/Src/stm32l4xx_hal_qspi.c ****       MODIFY_REG(hqspi->Instance->CR, (QUADSPI_CR_PMM | QUADSPI_CR_APMS),
1744:Drivers/STM32L4xx_HAL_Driver/Src/stm32l4xx_hal_qspi.c ****                (cfg->MatchMode | cfg->AutomaticStop));
1745:Drivers/STM32L4xx_HAL_Driver/Src/stm32l4xx_hal_qspi.c **** 
1746:Drivers/STM32L4xx_HAL_Driver/Src/stm32l4xx_hal_qspi.c ****       /* Clear interrupt */
1747:Drivers/STM32L4xx_HAL_Driver/Src/stm32l4xx_hal_qspi.c ****       __HAL_QSPI_CLEAR_FLAG(hqspi, QSPI_FLAG_TE | QSPI_FLAG_SM);
1748:Drivers/STM32L4xx_HAL_Driver/Src/stm32l4xx_hal_qspi.c **** 
1749:Drivers/STM32L4xx_HAL_Driver/Src/stm32l4xx_hal_qspi.c ****       /* Call the configuration function */
1750:Drivers/STM32L4xx_HAL_Driver/Src/stm32l4xx_hal_qspi.c ****       cmd->NbData = cfg->StatusBytesSize;
1751:Drivers/STM32L4xx_HAL_Driver/Src/stm32l4xx_hal_qspi.c ****       QSPI_Config(hqspi, cmd, QSPI_FUNCTIONAL_MODE_AUTO_POLLING);
1752:Drivers/STM32L4xx_HAL_Driver/Src/stm32l4xx_hal_qspi.c **** 
1753:Drivers/STM32L4xx_HAL_Driver/Src/stm32l4xx_hal_qspi.c ****       /* Process unlocked */
1754:Drivers/STM32L4xx_HAL_Driver/Src/stm32l4xx_hal_qspi.c ****       __HAL_UNLOCK(hqspi);
1755:Drivers/STM32L4xx_HAL_Driver/Src/stm32l4xx_hal_qspi.c **** 
1756:Drivers/STM32L4xx_HAL_Driver/Src/stm32l4xx_hal_qspi.c ****       /* Enable the QSPI Transfer Error and status match Interrupt */
1757:Drivers/STM32L4xx_HAL_Driver/Src/stm32l4xx_hal_qspi.c ****       __HAL_QSPI_ENABLE_IT(hqspi, (QSPI_IT_SM | QSPI_IT_TE));
1758:Drivers/STM32L4xx_HAL_Driver/Src/stm32l4xx_hal_qspi.c **** 
1759:Drivers/STM32L4xx_HAL_Driver/Src/stm32l4xx_hal_qspi.c ****     }
1760:Drivers/STM32L4xx_HAL_Driver/Src/stm32l4xx_hal_qspi.c ****     else
1761:Drivers/STM32L4xx_HAL_Driver/Src/stm32l4xx_hal_qspi.c ****     {
1762:Drivers/STM32L4xx_HAL_Driver/Src/stm32l4xx_hal_qspi.c ****       /* Process unlocked */
1763:Drivers/STM32L4xx_HAL_Driver/Src/stm32l4xx_hal_qspi.c ****       __HAL_UNLOCK(hqspi);
1764:Drivers/STM32L4xx_HAL_Driver/Src/stm32l4xx_hal_qspi.c ****     }
1765:Drivers/STM32L4xx_HAL_Driver/Src/stm32l4xx_hal_qspi.c ****   }
1766:Drivers/STM32L4xx_HAL_Driver/Src/stm32l4xx_hal_qspi.c ****   else
1767:Drivers/STM32L4xx_HAL_Driver/Src/stm32l4xx_hal_qspi.c ****   {
1768:Drivers/STM32L4xx_HAL_Driver/Src/stm32l4xx_hal_qspi.c ****     status = HAL_BUSY;
1769:Drivers/STM32L4xx_HAL_Driver/Src/stm32l4xx_hal_qspi.c **** 
1770:Drivers/STM32L4xx_HAL_Driver/Src/stm32l4xx_hal_qspi.c ****     /* Process unlocked */
1771:Drivers/STM32L4xx_HAL_Driver/Src/stm32l4xx_hal_qspi.c ****     __HAL_UNLOCK(hqspi);
1772:Drivers/STM32L4xx_HAL_Driver/Src/stm32l4xx_hal_qspi.c ****   }
1773:Drivers/STM32L4xx_HAL_Driver/Src/stm32l4xx_hal_qspi.c **** 
1774:Drivers/STM32L4xx_HAL_Driver/Src/stm32l4xx_hal_qspi.c ****   /* Return function status */
1775:Drivers/STM32L4xx_HAL_Driver/Src/stm32l4xx_hal_qspi.c ****   return status;
1776:Drivers/STM32L4xx_HAL_Driver/Src/stm32l4xx_hal_qspi.c **** }
1777:Drivers/STM32L4xx_HAL_Driver/Src/stm32l4xx_hal_qspi.c **** 
1778:Drivers/STM32L4xx_HAL_Driver/Src/stm32l4xx_hal_qspi.c **** /**
1779:Drivers/STM32L4xx_HAL_Driver/Src/stm32l4xx_hal_qspi.c ****   * @brief  Configure the Memory Mapped mode.
1780:Drivers/STM32L4xx_HAL_Driver/Src/stm32l4xx_hal_qspi.c ****   * @param  hqspi QSPI handle
1781:Drivers/STM32L4xx_HAL_Driver/Src/stm32l4xx_hal_qspi.c ****   * @param  cmd structure that contains the command configuration information.
1782:Drivers/STM32L4xx_HAL_Driver/Src/stm32l4xx_hal_qspi.c ****   * @param  cfg structure that contains the memory mapped configuration information.
1783:Drivers/STM32L4xx_HAL_Driver/Src/stm32l4xx_hal_qspi.c ****   * @note   This function is used only in Memory mapped Mode
1784:Drivers/STM32L4xx_HAL_Driver/Src/stm32l4xx_hal_qspi.c ****   * @retval HAL status
1785:Drivers/STM32L4xx_HAL_Driver/Src/stm32l4xx_hal_qspi.c ****   */
1786:Drivers/STM32L4xx_HAL_Driver/Src/stm32l4xx_hal_qspi.c **** HAL_StatusTypeDef HAL_QSPI_MemoryMapped(QSPI_HandleTypeDef *hqspi, QSPI_CommandTypeDef *cmd, QSPI_M
1787:Drivers/STM32L4xx_HAL_Driver/Src/stm32l4xx_hal_qspi.c **** {
1788:Drivers/STM32L4xx_HAL_Driver/Src/stm32l4xx_hal_qspi.c ****   HAL_StatusTypeDef status;
1789:Drivers/STM32L4xx_HAL_Driver/Src/stm32l4xx_hal_qspi.c ****   uint32_t tickstart = HAL_GetTick();
1790:Drivers/STM32L4xx_HAL_Driver/Src/stm32l4xx_hal_qspi.c **** 
1791:Drivers/STM32L4xx_HAL_Driver/Src/stm32l4xx_hal_qspi.c ****   /* Check the parameters */
1792:Drivers/STM32L4xx_HAL_Driver/Src/stm32l4xx_hal_qspi.c ****   assert_param(IS_QSPI_INSTRUCTION_MODE(cmd->InstructionMode));
1793:Drivers/STM32L4xx_HAL_Driver/Src/stm32l4xx_hal_qspi.c ****   if (cmd->InstructionMode != QSPI_INSTRUCTION_NONE)
1794:Drivers/STM32L4xx_HAL_Driver/Src/stm32l4xx_hal_qspi.c ****   {
1795:Drivers/STM32L4xx_HAL_Driver/Src/stm32l4xx_hal_qspi.c ****     assert_param(IS_QSPI_INSTRUCTION(cmd->Instruction));
1796:Drivers/STM32L4xx_HAL_Driver/Src/stm32l4xx_hal_qspi.c ****   }
1797:Drivers/STM32L4xx_HAL_Driver/Src/stm32l4xx_hal_qspi.c **** 
ARM GAS  /tmp/ccLGcT9r.s 			page 33


1798:Drivers/STM32L4xx_HAL_Driver/Src/stm32l4xx_hal_qspi.c ****   assert_param(IS_QSPI_ADDRESS_MODE(cmd->AddressMode));
1799:Drivers/STM32L4xx_HAL_Driver/Src/stm32l4xx_hal_qspi.c ****   if (cmd->AddressMode != QSPI_ADDRESS_NONE)
1800:Drivers/STM32L4xx_HAL_Driver/Src/stm32l4xx_hal_qspi.c ****   {
1801:Drivers/STM32L4xx_HAL_Driver/Src/stm32l4xx_hal_qspi.c ****     assert_param(IS_QSPI_ADDRESS_SIZE(cmd->AddressSize));
1802:Drivers/STM32L4xx_HAL_Driver/Src/stm32l4xx_hal_qspi.c ****   }
1803:Drivers/STM32L4xx_HAL_Driver/Src/stm32l4xx_hal_qspi.c **** 
1804:Drivers/STM32L4xx_HAL_Driver/Src/stm32l4xx_hal_qspi.c ****   assert_param(IS_QSPI_ALTERNATE_BYTES_MODE(cmd->AlternateByteMode));
1805:Drivers/STM32L4xx_HAL_Driver/Src/stm32l4xx_hal_qspi.c ****   if (cmd->AlternateByteMode != QSPI_ALTERNATE_BYTES_NONE)
1806:Drivers/STM32L4xx_HAL_Driver/Src/stm32l4xx_hal_qspi.c ****   {
1807:Drivers/STM32L4xx_HAL_Driver/Src/stm32l4xx_hal_qspi.c ****     assert_param(IS_QSPI_ALTERNATE_BYTES_SIZE(cmd->AlternateBytesSize));
1808:Drivers/STM32L4xx_HAL_Driver/Src/stm32l4xx_hal_qspi.c ****   }
1809:Drivers/STM32L4xx_HAL_Driver/Src/stm32l4xx_hal_qspi.c **** 
1810:Drivers/STM32L4xx_HAL_Driver/Src/stm32l4xx_hal_qspi.c ****   assert_param(IS_QSPI_DUMMY_CYCLES(cmd->DummyCycles));
1811:Drivers/STM32L4xx_HAL_Driver/Src/stm32l4xx_hal_qspi.c ****   assert_param(IS_QSPI_DATA_MODE(cmd->DataMode));
1812:Drivers/STM32L4xx_HAL_Driver/Src/stm32l4xx_hal_qspi.c **** 
1813:Drivers/STM32L4xx_HAL_Driver/Src/stm32l4xx_hal_qspi.c ****   assert_param(IS_QSPI_DDR_MODE(cmd->DdrMode));
1814:Drivers/STM32L4xx_HAL_Driver/Src/stm32l4xx_hal_qspi.c ****   assert_param(IS_QSPI_DDR_HHC(cmd->DdrHoldHalfCycle));
1815:Drivers/STM32L4xx_HAL_Driver/Src/stm32l4xx_hal_qspi.c ****   assert_param(IS_QSPI_SIOO_MODE(cmd->SIOOMode));
1816:Drivers/STM32L4xx_HAL_Driver/Src/stm32l4xx_hal_qspi.c **** 
1817:Drivers/STM32L4xx_HAL_Driver/Src/stm32l4xx_hal_qspi.c ****   assert_param(IS_QSPI_TIMEOUT_ACTIVATION(cfg->TimeOutActivation));
1818:Drivers/STM32L4xx_HAL_Driver/Src/stm32l4xx_hal_qspi.c **** 
1819:Drivers/STM32L4xx_HAL_Driver/Src/stm32l4xx_hal_qspi.c ****   /* Process locked */
1820:Drivers/STM32L4xx_HAL_Driver/Src/stm32l4xx_hal_qspi.c ****   __HAL_LOCK(hqspi);
1821:Drivers/STM32L4xx_HAL_Driver/Src/stm32l4xx_hal_qspi.c **** 
1822:Drivers/STM32L4xx_HAL_Driver/Src/stm32l4xx_hal_qspi.c ****   if(hqspi->State == HAL_QSPI_STATE_READY)
1823:Drivers/STM32L4xx_HAL_Driver/Src/stm32l4xx_hal_qspi.c ****   {
1824:Drivers/STM32L4xx_HAL_Driver/Src/stm32l4xx_hal_qspi.c ****     hqspi->ErrorCode = HAL_QSPI_ERROR_NONE;
1825:Drivers/STM32L4xx_HAL_Driver/Src/stm32l4xx_hal_qspi.c **** 
1826:Drivers/STM32L4xx_HAL_Driver/Src/stm32l4xx_hal_qspi.c ****     /* Update state */
1827:Drivers/STM32L4xx_HAL_Driver/Src/stm32l4xx_hal_qspi.c ****     hqspi->State = HAL_QSPI_STATE_BUSY_MEM_MAPPED;
1828:Drivers/STM32L4xx_HAL_Driver/Src/stm32l4xx_hal_qspi.c **** 
1829:Drivers/STM32L4xx_HAL_Driver/Src/stm32l4xx_hal_qspi.c ****     /* Wait till BUSY flag reset */
1830:Drivers/STM32L4xx_HAL_Driver/Src/stm32l4xx_hal_qspi.c ****     status = QSPI_WaitFlagStateUntilTimeout(hqspi, QSPI_FLAG_BUSY, RESET, tickstart, hqspi->Timeout
1831:Drivers/STM32L4xx_HAL_Driver/Src/stm32l4xx_hal_qspi.c **** 
1832:Drivers/STM32L4xx_HAL_Driver/Src/stm32l4xx_hal_qspi.c ****     if (status == HAL_OK)
1833:Drivers/STM32L4xx_HAL_Driver/Src/stm32l4xx_hal_qspi.c ****     {
1834:Drivers/STM32L4xx_HAL_Driver/Src/stm32l4xx_hal_qspi.c ****       /* Configure QSPI: CR register with timeout counter enable */
1835:Drivers/STM32L4xx_HAL_Driver/Src/stm32l4xx_hal_qspi.c ****       MODIFY_REG(hqspi->Instance->CR, QUADSPI_CR_TCEN, cfg->TimeOutActivation);
1836:Drivers/STM32L4xx_HAL_Driver/Src/stm32l4xx_hal_qspi.c **** 
1837:Drivers/STM32L4xx_HAL_Driver/Src/stm32l4xx_hal_qspi.c ****       if (cfg->TimeOutActivation == QSPI_TIMEOUT_COUNTER_ENABLE)
1838:Drivers/STM32L4xx_HAL_Driver/Src/stm32l4xx_hal_qspi.c ****       {
1839:Drivers/STM32L4xx_HAL_Driver/Src/stm32l4xx_hal_qspi.c ****         assert_param(IS_QSPI_TIMEOUT_PERIOD(cfg->TimeOutPeriod));
1840:Drivers/STM32L4xx_HAL_Driver/Src/stm32l4xx_hal_qspi.c **** 
1841:Drivers/STM32L4xx_HAL_Driver/Src/stm32l4xx_hal_qspi.c ****         /* Configure QSPI: LPTR register with the low-power timeout value */
1842:Drivers/STM32L4xx_HAL_Driver/Src/stm32l4xx_hal_qspi.c ****         WRITE_REG(hqspi->Instance->LPTR, cfg->TimeOutPeriod);
1843:Drivers/STM32L4xx_HAL_Driver/Src/stm32l4xx_hal_qspi.c **** 
1844:Drivers/STM32L4xx_HAL_Driver/Src/stm32l4xx_hal_qspi.c ****         /* Clear interrupt */
1845:Drivers/STM32L4xx_HAL_Driver/Src/stm32l4xx_hal_qspi.c ****         __HAL_QSPI_CLEAR_FLAG(hqspi, QSPI_FLAG_TO);
1846:Drivers/STM32L4xx_HAL_Driver/Src/stm32l4xx_hal_qspi.c **** 
1847:Drivers/STM32L4xx_HAL_Driver/Src/stm32l4xx_hal_qspi.c ****         /* Enable the QSPI TimeOut Interrupt */
1848:Drivers/STM32L4xx_HAL_Driver/Src/stm32l4xx_hal_qspi.c ****         __HAL_QSPI_ENABLE_IT(hqspi, QSPI_IT_TO);
1849:Drivers/STM32L4xx_HAL_Driver/Src/stm32l4xx_hal_qspi.c ****       }
1850:Drivers/STM32L4xx_HAL_Driver/Src/stm32l4xx_hal_qspi.c **** 
1851:Drivers/STM32L4xx_HAL_Driver/Src/stm32l4xx_hal_qspi.c ****       /* Call the configuration function */
1852:Drivers/STM32L4xx_HAL_Driver/Src/stm32l4xx_hal_qspi.c ****       QSPI_Config(hqspi, cmd, QSPI_FUNCTIONAL_MODE_MEMORY_MAPPED);
1853:Drivers/STM32L4xx_HAL_Driver/Src/stm32l4xx_hal_qspi.c ****     }
1854:Drivers/STM32L4xx_HAL_Driver/Src/stm32l4xx_hal_qspi.c ****   }
ARM GAS  /tmp/ccLGcT9r.s 			page 34


1855:Drivers/STM32L4xx_HAL_Driver/Src/stm32l4xx_hal_qspi.c ****   else
1856:Drivers/STM32L4xx_HAL_Driver/Src/stm32l4xx_hal_qspi.c ****   {
1857:Drivers/STM32L4xx_HAL_Driver/Src/stm32l4xx_hal_qspi.c ****     status = HAL_BUSY;
1858:Drivers/STM32L4xx_HAL_Driver/Src/stm32l4xx_hal_qspi.c ****   }
1859:Drivers/STM32L4xx_HAL_Driver/Src/stm32l4xx_hal_qspi.c **** 
1860:Drivers/STM32L4xx_HAL_Driver/Src/stm32l4xx_hal_qspi.c ****   /* Process unlocked */
1861:Drivers/STM32L4xx_HAL_Driver/Src/stm32l4xx_hal_qspi.c ****   __HAL_UNLOCK(hqspi);
1862:Drivers/STM32L4xx_HAL_Driver/Src/stm32l4xx_hal_qspi.c **** 
1863:Drivers/STM32L4xx_HAL_Driver/Src/stm32l4xx_hal_qspi.c ****   /* Return function status */
1864:Drivers/STM32L4xx_HAL_Driver/Src/stm32l4xx_hal_qspi.c ****   return status;
1865:Drivers/STM32L4xx_HAL_Driver/Src/stm32l4xx_hal_qspi.c **** }
1866:Drivers/STM32L4xx_HAL_Driver/Src/stm32l4xx_hal_qspi.c **** 
1867:Drivers/STM32L4xx_HAL_Driver/Src/stm32l4xx_hal_qspi.c **** /**
1868:Drivers/STM32L4xx_HAL_Driver/Src/stm32l4xx_hal_qspi.c ****   * @brief  Transfer Error callback.
1869:Drivers/STM32L4xx_HAL_Driver/Src/stm32l4xx_hal_qspi.c ****   * @param  hqspi QSPI handle
1870:Drivers/STM32L4xx_HAL_Driver/Src/stm32l4xx_hal_qspi.c ****   * @retval None
1871:Drivers/STM32L4xx_HAL_Driver/Src/stm32l4xx_hal_qspi.c ****   */
1872:Drivers/STM32L4xx_HAL_Driver/Src/stm32l4xx_hal_qspi.c **** __weak void HAL_QSPI_ErrorCallback(QSPI_HandleTypeDef *hqspi)
1873:Drivers/STM32L4xx_HAL_Driver/Src/stm32l4xx_hal_qspi.c **** {
1874:Drivers/STM32L4xx_HAL_Driver/Src/stm32l4xx_hal_qspi.c ****   /* Prevent unused argument(s) compilation warning */
1875:Drivers/STM32L4xx_HAL_Driver/Src/stm32l4xx_hal_qspi.c ****   UNUSED(hqspi);
1876:Drivers/STM32L4xx_HAL_Driver/Src/stm32l4xx_hal_qspi.c **** 
1877:Drivers/STM32L4xx_HAL_Driver/Src/stm32l4xx_hal_qspi.c ****   /* NOTE : This function should not be modified, when the callback is needed,
1878:Drivers/STM32L4xx_HAL_Driver/Src/stm32l4xx_hal_qspi.c ****             the HAL_QSPI_ErrorCallback could be implemented in the user file
1879:Drivers/STM32L4xx_HAL_Driver/Src/stm32l4xx_hal_qspi.c ****    */
1880:Drivers/STM32L4xx_HAL_Driver/Src/stm32l4xx_hal_qspi.c **** }
1881:Drivers/STM32L4xx_HAL_Driver/Src/stm32l4xx_hal_qspi.c **** 
1882:Drivers/STM32L4xx_HAL_Driver/Src/stm32l4xx_hal_qspi.c **** /**
1883:Drivers/STM32L4xx_HAL_Driver/Src/stm32l4xx_hal_qspi.c ****   * @brief  Abort completed callback.
1884:Drivers/STM32L4xx_HAL_Driver/Src/stm32l4xx_hal_qspi.c ****   * @param  hqspi QSPI handle
1885:Drivers/STM32L4xx_HAL_Driver/Src/stm32l4xx_hal_qspi.c ****   * @retval None
1886:Drivers/STM32L4xx_HAL_Driver/Src/stm32l4xx_hal_qspi.c ****   */
1887:Drivers/STM32L4xx_HAL_Driver/Src/stm32l4xx_hal_qspi.c **** __weak void HAL_QSPI_AbortCpltCallback(QSPI_HandleTypeDef *hqspi)
1888:Drivers/STM32L4xx_HAL_Driver/Src/stm32l4xx_hal_qspi.c **** {
1889:Drivers/STM32L4xx_HAL_Driver/Src/stm32l4xx_hal_qspi.c ****   /* Prevent unused argument(s) compilation warning */
1890:Drivers/STM32L4xx_HAL_Driver/Src/stm32l4xx_hal_qspi.c ****   UNUSED(hqspi);
1891:Drivers/STM32L4xx_HAL_Driver/Src/stm32l4xx_hal_qspi.c **** 
1892:Drivers/STM32L4xx_HAL_Driver/Src/stm32l4xx_hal_qspi.c ****   /* NOTE: This function should not be modified, when the callback is needed,
1893:Drivers/STM32L4xx_HAL_Driver/Src/stm32l4xx_hal_qspi.c ****            the HAL_QSPI_AbortCpltCallback could be implemented in the user file
1894:Drivers/STM32L4xx_HAL_Driver/Src/stm32l4xx_hal_qspi.c ****    */
1895:Drivers/STM32L4xx_HAL_Driver/Src/stm32l4xx_hal_qspi.c **** }
1896:Drivers/STM32L4xx_HAL_Driver/Src/stm32l4xx_hal_qspi.c **** 
1897:Drivers/STM32L4xx_HAL_Driver/Src/stm32l4xx_hal_qspi.c **** /**
1898:Drivers/STM32L4xx_HAL_Driver/Src/stm32l4xx_hal_qspi.c ****   * @brief  Command completed callback.
1899:Drivers/STM32L4xx_HAL_Driver/Src/stm32l4xx_hal_qspi.c ****   * @param  hqspi QSPI handle
1900:Drivers/STM32L4xx_HAL_Driver/Src/stm32l4xx_hal_qspi.c ****   * @retval None
1901:Drivers/STM32L4xx_HAL_Driver/Src/stm32l4xx_hal_qspi.c ****   */
1902:Drivers/STM32L4xx_HAL_Driver/Src/stm32l4xx_hal_qspi.c **** __weak void HAL_QSPI_CmdCpltCallback(QSPI_HandleTypeDef *hqspi)
1903:Drivers/STM32L4xx_HAL_Driver/Src/stm32l4xx_hal_qspi.c **** {
1904:Drivers/STM32L4xx_HAL_Driver/Src/stm32l4xx_hal_qspi.c ****   /* Prevent unused argument(s) compilation warning */
1905:Drivers/STM32L4xx_HAL_Driver/Src/stm32l4xx_hal_qspi.c ****   UNUSED(hqspi);
1906:Drivers/STM32L4xx_HAL_Driver/Src/stm32l4xx_hal_qspi.c **** 
1907:Drivers/STM32L4xx_HAL_Driver/Src/stm32l4xx_hal_qspi.c ****   /* NOTE: This function should not be modified, when the callback is needed,
1908:Drivers/STM32L4xx_HAL_Driver/Src/stm32l4xx_hal_qspi.c ****            the HAL_QSPI_CmdCpltCallback could be implemented in the user file
1909:Drivers/STM32L4xx_HAL_Driver/Src/stm32l4xx_hal_qspi.c ****    */
1910:Drivers/STM32L4xx_HAL_Driver/Src/stm32l4xx_hal_qspi.c **** }
1911:Drivers/STM32L4xx_HAL_Driver/Src/stm32l4xx_hal_qspi.c **** 
ARM GAS  /tmp/ccLGcT9r.s 			page 35


1912:Drivers/STM32L4xx_HAL_Driver/Src/stm32l4xx_hal_qspi.c **** /**
1913:Drivers/STM32L4xx_HAL_Driver/Src/stm32l4xx_hal_qspi.c ****   * @brief  Rx Transfer completed callback.
1914:Drivers/STM32L4xx_HAL_Driver/Src/stm32l4xx_hal_qspi.c ****   * @param  hqspi QSPI handle
1915:Drivers/STM32L4xx_HAL_Driver/Src/stm32l4xx_hal_qspi.c ****   * @retval None
1916:Drivers/STM32L4xx_HAL_Driver/Src/stm32l4xx_hal_qspi.c ****   */
1917:Drivers/STM32L4xx_HAL_Driver/Src/stm32l4xx_hal_qspi.c **** __weak void HAL_QSPI_RxCpltCallback(QSPI_HandleTypeDef *hqspi)
1918:Drivers/STM32L4xx_HAL_Driver/Src/stm32l4xx_hal_qspi.c **** {
1919:Drivers/STM32L4xx_HAL_Driver/Src/stm32l4xx_hal_qspi.c ****   /* Prevent unused argument(s) compilation warning */
1920:Drivers/STM32L4xx_HAL_Driver/Src/stm32l4xx_hal_qspi.c ****   UNUSED(hqspi);
1921:Drivers/STM32L4xx_HAL_Driver/Src/stm32l4xx_hal_qspi.c **** 
1922:Drivers/STM32L4xx_HAL_Driver/Src/stm32l4xx_hal_qspi.c ****   /* NOTE: This function should not be modified, when the callback is needed,
1923:Drivers/STM32L4xx_HAL_Driver/Src/stm32l4xx_hal_qspi.c ****            the HAL_QSPI_RxCpltCallback could be implemented in the user file
1924:Drivers/STM32L4xx_HAL_Driver/Src/stm32l4xx_hal_qspi.c ****    */
1925:Drivers/STM32L4xx_HAL_Driver/Src/stm32l4xx_hal_qspi.c **** }
1926:Drivers/STM32L4xx_HAL_Driver/Src/stm32l4xx_hal_qspi.c **** 
1927:Drivers/STM32L4xx_HAL_Driver/Src/stm32l4xx_hal_qspi.c **** /**
1928:Drivers/STM32L4xx_HAL_Driver/Src/stm32l4xx_hal_qspi.c ****   * @brief  Tx Transfer completed callback.
1929:Drivers/STM32L4xx_HAL_Driver/Src/stm32l4xx_hal_qspi.c ****   * @param  hqspi QSPI handle
1930:Drivers/STM32L4xx_HAL_Driver/Src/stm32l4xx_hal_qspi.c ****   * @retval None
1931:Drivers/STM32L4xx_HAL_Driver/Src/stm32l4xx_hal_qspi.c ****   */
1932:Drivers/STM32L4xx_HAL_Driver/Src/stm32l4xx_hal_qspi.c **** __weak void HAL_QSPI_TxCpltCallback(QSPI_HandleTypeDef *hqspi)
1933:Drivers/STM32L4xx_HAL_Driver/Src/stm32l4xx_hal_qspi.c **** {
1934:Drivers/STM32L4xx_HAL_Driver/Src/stm32l4xx_hal_qspi.c ****   /* Prevent unused argument(s) compilation warning */
1935:Drivers/STM32L4xx_HAL_Driver/Src/stm32l4xx_hal_qspi.c ****   UNUSED(hqspi);
1936:Drivers/STM32L4xx_HAL_Driver/Src/stm32l4xx_hal_qspi.c **** 
1937:Drivers/STM32L4xx_HAL_Driver/Src/stm32l4xx_hal_qspi.c ****   /* NOTE: This function should not be modified, when the callback is needed,
1938:Drivers/STM32L4xx_HAL_Driver/Src/stm32l4xx_hal_qspi.c ****            the HAL_QSPI_TxCpltCallback could be implemented in the user file
1939:Drivers/STM32L4xx_HAL_Driver/Src/stm32l4xx_hal_qspi.c ****    */
1940:Drivers/STM32L4xx_HAL_Driver/Src/stm32l4xx_hal_qspi.c **** }
1941:Drivers/STM32L4xx_HAL_Driver/Src/stm32l4xx_hal_qspi.c **** 
1942:Drivers/STM32L4xx_HAL_Driver/Src/stm32l4xx_hal_qspi.c **** /**
1943:Drivers/STM32L4xx_HAL_Driver/Src/stm32l4xx_hal_qspi.c ****   * @brief  Rx Half Transfer completed callback.
1944:Drivers/STM32L4xx_HAL_Driver/Src/stm32l4xx_hal_qspi.c ****   * @param  hqspi QSPI handle
1945:Drivers/STM32L4xx_HAL_Driver/Src/stm32l4xx_hal_qspi.c ****   * @retval None
1946:Drivers/STM32L4xx_HAL_Driver/Src/stm32l4xx_hal_qspi.c ****   */
1947:Drivers/STM32L4xx_HAL_Driver/Src/stm32l4xx_hal_qspi.c **** __weak void HAL_QSPI_RxHalfCpltCallback(QSPI_HandleTypeDef *hqspi)
1948:Drivers/STM32L4xx_HAL_Driver/Src/stm32l4xx_hal_qspi.c **** {
1949:Drivers/STM32L4xx_HAL_Driver/Src/stm32l4xx_hal_qspi.c ****   /* Prevent unused argument(s) compilation warning */
1950:Drivers/STM32L4xx_HAL_Driver/Src/stm32l4xx_hal_qspi.c ****   UNUSED(hqspi);
1951:Drivers/STM32L4xx_HAL_Driver/Src/stm32l4xx_hal_qspi.c **** 
1952:Drivers/STM32L4xx_HAL_Driver/Src/stm32l4xx_hal_qspi.c ****   /* NOTE: This function should not be modified, when the callback is needed,
1953:Drivers/STM32L4xx_HAL_Driver/Src/stm32l4xx_hal_qspi.c ****            the HAL_QSPI_RxHalfCpltCallback could be implemented in the user file
1954:Drivers/STM32L4xx_HAL_Driver/Src/stm32l4xx_hal_qspi.c ****    */
1955:Drivers/STM32L4xx_HAL_Driver/Src/stm32l4xx_hal_qspi.c **** }
1956:Drivers/STM32L4xx_HAL_Driver/Src/stm32l4xx_hal_qspi.c **** 
1957:Drivers/STM32L4xx_HAL_Driver/Src/stm32l4xx_hal_qspi.c **** /**
1958:Drivers/STM32L4xx_HAL_Driver/Src/stm32l4xx_hal_qspi.c ****   * @brief  Tx Half Transfer completed callback.
1959:Drivers/STM32L4xx_HAL_Driver/Src/stm32l4xx_hal_qspi.c ****   * @param  hqspi QSPI handle
1960:Drivers/STM32L4xx_HAL_Driver/Src/stm32l4xx_hal_qspi.c ****   * @retval None
1961:Drivers/STM32L4xx_HAL_Driver/Src/stm32l4xx_hal_qspi.c ****   */
1962:Drivers/STM32L4xx_HAL_Driver/Src/stm32l4xx_hal_qspi.c **** __weak void HAL_QSPI_TxHalfCpltCallback(QSPI_HandleTypeDef *hqspi)
1963:Drivers/STM32L4xx_HAL_Driver/Src/stm32l4xx_hal_qspi.c **** {
1964:Drivers/STM32L4xx_HAL_Driver/Src/stm32l4xx_hal_qspi.c ****   /* Prevent unused argument(s) compilation warning */
1965:Drivers/STM32L4xx_HAL_Driver/Src/stm32l4xx_hal_qspi.c ****   UNUSED(hqspi);
1966:Drivers/STM32L4xx_HAL_Driver/Src/stm32l4xx_hal_qspi.c **** 
1967:Drivers/STM32L4xx_HAL_Driver/Src/stm32l4xx_hal_qspi.c ****   /* NOTE: This function should not be modified, when the callback is needed,
1968:Drivers/STM32L4xx_HAL_Driver/Src/stm32l4xx_hal_qspi.c ****            the HAL_QSPI_TxHalfCpltCallback could be implemented in the user file
ARM GAS  /tmp/ccLGcT9r.s 			page 36


1969:Drivers/STM32L4xx_HAL_Driver/Src/stm32l4xx_hal_qspi.c ****    */
1970:Drivers/STM32L4xx_HAL_Driver/Src/stm32l4xx_hal_qspi.c **** }
1971:Drivers/STM32L4xx_HAL_Driver/Src/stm32l4xx_hal_qspi.c **** 
1972:Drivers/STM32L4xx_HAL_Driver/Src/stm32l4xx_hal_qspi.c **** /**
1973:Drivers/STM32L4xx_HAL_Driver/Src/stm32l4xx_hal_qspi.c ****   * @brief  FIFO Threshold callback.
1974:Drivers/STM32L4xx_HAL_Driver/Src/stm32l4xx_hal_qspi.c ****   * @param  hqspi QSPI handle
1975:Drivers/STM32L4xx_HAL_Driver/Src/stm32l4xx_hal_qspi.c ****   * @retval None
1976:Drivers/STM32L4xx_HAL_Driver/Src/stm32l4xx_hal_qspi.c ****   */
1977:Drivers/STM32L4xx_HAL_Driver/Src/stm32l4xx_hal_qspi.c **** __weak void HAL_QSPI_FifoThresholdCallback(QSPI_HandleTypeDef *hqspi)
1978:Drivers/STM32L4xx_HAL_Driver/Src/stm32l4xx_hal_qspi.c **** {
1979:Drivers/STM32L4xx_HAL_Driver/Src/stm32l4xx_hal_qspi.c ****   /* Prevent unused argument(s) compilation warning */
1980:Drivers/STM32L4xx_HAL_Driver/Src/stm32l4xx_hal_qspi.c ****   UNUSED(hqspi);
1981:Drivers/STM32L4xx_HAL_Driver/Src/stm32l4xx_hal_qspi.c **** 
1982:Drivers/STM32L4xx_HAL_Driver/Src/stm32l4xx_hal_qspi.c ****   /* NOTE : This function should not be modified, when the callback is needed,
1983:Drivers/STM32L4xx_HAL_Driver/Src/stm32l4xx_hal_qspi.c ****             the HAL_QSPI_FIFOThresholdCallback could be implemented in the user file
1984:Drivers/STM32L4xx_HAL_Driver/Src/stm32l4xx_hal_qspi.c ****    */
1985:Drivers/STM32L4xx_HAL_Driver/Src/stm32l4xx_hal_qspi.c **** }
1986:Drivers/STM32L4xx_HAL_Driver/Src/stm32l4xx_hal_qspi.c **** 
1987:Drivers/STM32L4xx_HAL_Driver/Src/stm32l4xx_hal_qspi.c **** /**
1988:Drivers/STM32L4xx_HAL_Driver/Src/stm32l4xx_hal_qspi.c ****   * @brief  Status Match callback.
1989:Drivers/STM32L4xx_HAL_Driver/Src/stm32l4xx_hal_qspi.c ****   * @param  hqspi QSPI handle
1990:Drivers/STM32L4xx_HAL_Driver/Src/stm32l4xx_hal_qspi.c ****   * @retval None
1991:Drivers/STM32L4xx_HAL_Driver/Src/stm32l4xx_hal_qspi.c ****   */
1992:Drivers/STM32L4xx_HAL_Driver/Src/stm32l4xx_hal_qspi.c **** __weak void HAL_QSPI_StatusMatchCallback(QSPI_HandleTypeDef *hqspi)
1993:Drivers/STM32L4xx_HAL_Driver/Src/stm32l4xx_hal_qspi.c **** {
1994:Drivers/STM32L4xx_HAL_Driver/Src/stm32l4xx_hal_qspi.c ****   /* Prevent unused argument(s) compilation warning */
1995:Drivers/STM32L4xx_HAL_Driver/Src/stm32l4xx_hal_qspi.c ****   UNUSED(hqspi);
1996:Drivers/STM32L4xx_HAL_Driver/Src/stm32l4xx_hal_qspi.c **** 
1997:Drivers/STM32L4xx_HAL_Driver/Src/stm32l4xx_hal_qspi.c ****   /* NOTE : This function should not be modified, when the callback is needed,
1998:Drivers/STM32L4xx_HAL_Driver/Src/stm32l4xx_hal_qspi.c ****             the HAL_QSPI_StatusMatchCallback could be implemented in the user file
1999:Drivers/STM32L4xx_HAL_Driver/Src/stm32l4xx_hal_qspi.c ****    */
2000:Drivers/STM32L4xx_HAL_Driver/Src/stm32l4xx_hal_qspi.c **** }
2001:Drivers/STM32L4xx_HAL_Driver/Src/stm32l4xx_hal_qspi.c **** 
2002:Drivers/STM32L4xx_HAL_Driver/Src/stm32l4xx_hal_qspi.c **** /**
2003:Drivers/STM32L4xx_HAL_Driver/Src/stm32l4xx_hal_qspi.c ****   * @brief  Timeout callback.
2004:Drivers/STM32L4xx_HAL_Driver/Src/stm32l4xx_hal_qspi.c ****   * @param  hqspi QSPI handle
2005:Drivers/STM32L4xx_HAL_Driver/Src/stm32l4xx_hal_qspi.c ****   * @retval None
2006:Drivers/STM32L4xx_HAL_Driver/Src/stm32l4xx_hal_qspi.c ****   */
2007:Drivers/STM32L4xx_HAL_Driver/Src/stm32l4xx_hal_qspi.c **** __weak void HAL_QSPI_TimeOutCallback(QSPI_HandleTypeDef *hqspi)
2008:Drivers/STM32L4xx_HAL_Driver/Src/stm32l4xx_hal_qspi.c **** {
2009:Drivers/STM32L4xx_HAL_Driver/Src/stm32l4xx_hal_qspi.c ****   /* Prevent unused argument(s) compilation warning */
2010:Drivers/STM32L4xx_HAL_Driver/Src/stm32l4xx_hal_qspi.c ****   UNUSED(hqspi);
2011:Drivers/STM32L4xx_HAL_Driver/Src/stm32l4xx_hal_qspi.c **** 
2012:Drivers/STM32L4xx_HAL_Driver/Src/stm32l4xx_hal_qspi.c ****   /* NOTE : This function should not be modified, when the callback is needed,
2013:Drivers/STM32L4xx_HAL_Driver/Src/stm32l4xx_hal_qspi.c ****             the HAL_QSPI_TimeOutCallback could be implemented in the user file
2014:Drivers/STM32L4xx_HAL_Driver/Src/stm32l4xx_hal_qspi.c ****    */
2015:Drivers/STM32L4xx_HAL_Driver/Src/stm32l4xx_hal_qspi.c **** }
2016:Drivers/STM32L4xx_HAL_Driver/Src/stm32l4xx_hal_qspi.c **** #if (USE_HAL_QSPI_REGISTER_CALLBACKS == 1)
2017:Drivers/STM32L4xx_HAL_Driver/Src/stm32l4xx_hal_qspi.c **** /**
2018:Drivers/STM32L4xx_HAL_Driver/Src/stm32l4xx_hal_qspi.c ****   * @brief  Register a User QSPI Callback
2019:Drivers/STM32L4xx_HAL_Driver/Src/stm32l4xx_hal_qspi.c ****   *         To be used to override the weak predefined callback
2020:Drivers/STM32L4xx_HAL_Driver/Src/stm32l4xx_hal_qspi.c ****   * @param hqspi QSPI handle
2021:Drivers/STM32L4xx_HAL_Driver/Src/stm32l4xx_hal_qspi.c ****   * @param CallbackId ID of the callback to be registered
2022:Drivers/STM32L4xx_HAL_Driver/Src/stm32l4xx_hal_qspi.c ****   *        This parameter can be one of the following values:
2023:Drivers/STM32L4xx_HAL_Driver/Src/stm32l4xx_hal_qspi.c ****   *          @arg @ref HAL_QSPI_ERROR_CB_ID          QSPI Error Callback ID
2024:Drivers/STM32L4xx_HAL_Driver/Src/stm32l4xx_hal_qspi.c ****   *          @arg @ref HAL_QSPI_ABORT_CB_ID          QSPI Abort Callback ID
2025:Drivers/STM32L4xx_HAL_Driver/Src/stm32l4xx_hal_qspi.c ****   *          @arg @ref HAL_QSPI_FIFO_THRESHOLD_CB_ID QSPI FIFO Threshold Callback ID
ARM GAS  /tmp/ccLGcT9r.s 			page 37


2026:Drivers/STM32L4xx_HAL_Driver/Src/stm32l4xx_hal_qspi.c ****   *          @arg @ref HAL_QSPI_CMD_CPLT_CB_ID       QSPI Command Complete Callback ID
2027:Drivers/STM32L4xx_HAL_Driver/Src/stm32l4xx_hal_qspi.c ****   *          @arg @ref HAL_QSPI_RX_CPLT_CB_ID        QSPI Rx Complete Callback ID
2028:Drivers/STM32L4xx_HAL_Driver/Src/stm32l4xx_hal_qspi.c ****   *          @arg @ref HAL_QSPI_TX_CPLT_CB_ID        QSPI Tx Complete Callback ID
2029:Drivers/STM32L4xx_HAL_Driver/Src/stm32l4xx_hal_qspi.c ****   *          @arg @ref HAL_QSPI_RX_HALF_CPLT_CB_ID   QSPI Rx Half Complete Callback ID
2030:Drivers/STM32L4xx_HAL_Driver/Src/stm32l4xx_hal_qspi.c ****   *          @arg @ref HAL_QSPI_TX_HALF_CPLT_CB_ID   QSPI Tx Half Complete Callback ID
2031:Drivers/STM32L4xx_HAL_Driver/Src/stm32l4xx_hal_qspi.c ****   *          @arg @ref HAL_QSPI_STATUS_MATCH_CB_ID   QSPI Status Match Callback ID
2032:Drivers/STM32L4xx_HAL_Driver/Src/stm32l4xx_hal_qspi.c ****   *          @arg @ref HAL_QSPI_TIMEOUT_CB_ID        QSPI Timeout Callback ID
2033:Drivers/STM32L4xx_HAL_Driver/Src/stm32l4xx_hal_qspi.c ****   *          @arg @ref HAL_QSPI_MSP_INIT_CB_ID       QSPI MspInit callback ID
2034:Drivers/STM32L4xx_HAL_Driver/Src/stm32l4xx_hal_qspi.c ****   *          @arg @ref HAL_QSPI_MSP_DEINIT_CB_ID     QSPI MspDeInit callback ID
2035:Drivers/STM32L4xx_HAL_Driver/Src/stm32l4xx_hal_qspi.c ****   * @param pCallback pointer to the Callback function
2036:Drivers/STM32L4xx_HAL_Driver/Src/stm32l4xx_hal_qspi.c ****   * @retval status
2037:Drivers/STM32L4xx_HAL_Driver/Src/stm32l4xx_hal_qspi.c ****   */
2038:Drivers/STM32L4xx_HAL_Driver/Src/stm32l4xx_hal_qspi.c **** HAL_StatusTypeDef HAL_QSPI_RegisterCallback (QSPI_HandleTypeDef *hqspi, HAL_QSPI_CallbackIDTypeDef 
2039:Drivers/STM32L4xx_HAL_Driver/Src/stm32l4xx_hal_qspi.c **** {
2040:Drivers/STM32L4xx_HAL_Driver/Src/stm32l4xx_hal_qspi.c ****   HAL_StatusTypeDef status = HAL_OK;
2041:Drivers/STM32L4xx_HAL_Driver/Src/stm32l4xx_hal_qspi.c **** 
2042:Drivers/STM32L4xx_HAL_Driver/Src/stm32l4xx_hal_qspi.c ****   if(pCallback == NULL)
2043:Drivers/STM32L4xx_HAL_Driver/Src/stm32l4xx_hal_qspi.c ****   {
2044:Drivers/STM32L4xx_HAL_Driver/Src/stm32l4xx_hal_qspi.c ****     /* Update the error code */
2045:Drivers/STM32L4xx_HAL_Driver/Src/stm32l4xx_hal_qspi.c ****     hqspi->ErrorCode |= HAL_QSPI_ERROR_INVALID_CALLBACK;
2046:Drivers/STM32L4xx_HAL_Driver/Src/stm32l4xx_hal_qspi.c ****     return HAL_ERROR;
2047:Drivers/STM32L4xx_HAL_Driver/Src/stm32l4xx_hal_qspi.c ****   }
2048:Drivers/STM32L4xx_HAL_Driver/Src/stm32l4xx_hal_qspi.c **** 
2049:Drivers/STM32L4xx_HAL_Driver/Src/stm32l4xx_hal_qspi.c ****   /* Process locked */
2050:Drivers/STM32L4xx_HAL_Driver/Src/stm32l4xx_hal_qspi.c ****   __HAL_LOCK(hqspi);
2051:Drivers/STM32L4xx_HAL_Driver/Src/stm32l4xx_hal_qspi.c **** 
2052:Drivers/STM32L4xx_HAL_Driver/Src/stm32l4xx_hal_qspi.c ****   if(hqspi->State == HAL_QSPI_STATE_READY)
2053:Drivers/STM32L4xx_HAL_Driver/Src/stm32l4xx_hal_qspi.c ****   {
2054:Drivers/STM32L4xx_HAL_Driver/Src/stm32l4xx_hal_qspi.c ****     switch (CallbackId)
2055:Drivers/STM32L4xx_HAL_Driver/Src/stm32l4xx_hal_qspi.c ****     {
2056:Drivers/STM32L4xx_HAL_Driver/Src/stm32l4xx_hal_qspi.c ****     case  HAL_QSPI_ERROR_CB_ID :
2057:Drivers/STM32L4xx_HAL_Driver/Src/stm32l4xx_hal_qspi.c ****       hqspi->ErrorCallback = pCallback;
2058:Drivers/STM32L4xx_HAL_Driver/Src/stm32l4xx_hal_qspi.c ****       break;
2059:Drivers/STM32L4xx_HAL_Driver/Src/stm32l4xx_hal_qspi.c ****     case HAL_QSPI_ABORT_CB_ID :
2060:Drivers/STM32L4xx_HAL_Driver/Src/stm32l4xx_hal_qspi.c ****       hqspi->AbortCpltCallback = pCallback;
2061:Drivers/STM32L4xx_HAL_Driver/Src/stm32l4xx_hal_qspi.c ****       break;
2062:Drivers/STM32L4xx_HAL_Driver/Src/stm32l4xx_hal_qspi.c ****     case HAL_QSPI_FIFO_THRESHOLD_CB_ID :
2063:Drivers/STM32L4xx_HAL_Driver/Src/stm32l4xx_hal_qspi.c ****       hqspi->FifoThresholdCallback = pCallback;
2064:Drivers/STM32L4xx_HAL_Driver/Src/stm32l4xx_hal_qspi.c ****       break;
2065:Drivers/STM32L4xx_HAL_Driver/Src/stm32l4xx_hal_qspi.c ****     case HAL_QSPI_CMD_CPLT_CB_ID :
2066:Drivers/STM32L4xx_HAL_Driver/Src/stm32l4xx_hal_qspi.c ****       hqspi->CmdCpltCallback = pCallback;
2067:Drivers/STM32L4xx_HAL_Driver/Src/stm32l4xx_hal_qspi.c ****       break;
2068:Drivers/STM32L4xx_HAL_Driver/Src/stm32l4xx_hal_qspi.c ****     case HAL_QSPI_RX_CPLT_CB_ID :
2069:Drivers/STM32L4xx_HAL_Driver/Src/stm32l4xx_hal_qspi.c ****       hqspi->RxCpltCallback = pCallback;
2070:Drivers/STM32L4xx_HAL_Driver/Src/stm32l4xx_hal_qspi.c ****       break;
2071:Drivers/STM32L4xx_HAL_Driver/Src/stm32l4xx_hal_qspi.c ****     case HAL_QSPI_TX_CPLT_CB_ID :
2072:Drivers/STM32L4xx_HAL_Driver/Src/stm32l4xx_hal_qspi.c ****       hqspi->TxCpltCallback = pCallback;
2073:Drivers/STM32L4xx_HAL_Driver/Src/stm32l4xx_hal_qspi.c ****       break;
2074:Drivers/STM32L4xx_HAL_Driver/Src/stm32l4xx_hal_qspi.c ****     case HAL_QSPI_RX_HALF_CPLT_CB_ID :
2075:Drivers/STM32L4xx_HAL_Driver/Src/stm32l4xx_hal_qspi.c ****       hqspi->RxHalfCpltCallback = pCallback;
2076:Drivers/STM32L4xx_HAL_Driver/Src/stm32l4xx_hal_qspi.c ****       break;
2077:Drivers/STM32L4xx_HAL_Driver/Src/stm32l4xx_hal_qspi.c ****     case HAL_QSPI_TX_HALF_CPLT_CB_ID :
2078:Drivers/STM32L4xx_HAL_Driver/Src/stm32l4xx_hal_qspi.c ****       hqspi->TxHalfCpltCallback = pCallback;
2079:Drivers/STM32L4xx_HAL_Driver/Src/stm32l4xx_hal_qspi.c ****       break;
2080:Drivers/STM32L4xx_HAL_Driver/Src/stm32l4xx_hal_qspi.c ****     case HAL_QSPI_STATUS_MATCH_CB_ID :
2081:Drivers/STM32L4xx_HAL_Driver/Src/stm32l4xx_hal_qspi.c ****       hqspi->StatusMatchCallback = pCallback;
2082:Drivers/STM32L4xx_HAL_Driver/Src/stm32l4xx_hal_qspi.c ****       break;
ARM GAS  /tmp/ccLGcT9r.s 			page 38


2083:Drivers/STM32L4xx_HAL_Driver/Src/stm32l4xx_hal_qspi.c ****     case HAL_QSPI_TIMEOUT_CB_ID :
2084:Drivers/STM32L4xx_HAL_Driver/Src/stm32l4xx_hal_qspi.c ****       hqspi->TimeOutCallback = pCallback;
2085:Drivers/STM32L4xx_HAL_Driver/Src/stm32l4xx_hal_qspi.c ****       break;
2086:Drivers/STM32L4xx_HAL_Driver/Src/stm32l4xx_hal_qspi.c ****     case HAL_QSPI_MSP_INIT_CB_ID :
2087:Drivers/STM32L4xx_HAL_Driver/Src/stm32l4xx_hal_qspi.c ****       hqspi->MspInitCallback = pCallback;
2088:Drivers/STM32L4xx_HAL_Driver/Src/stm32l4xx_hal_qspi.c ****       break;
2089:Drivers/STM32L4xx_HAL_Driver/Src/stm32l4xx_hal_qspi.c ****     case HAL_QSPI_MSP_DEINIT_CB_ID :
2090:Drivers/STM32L4xx_HAL_Driver/Src/stm32l4xx_hal_qspi.c ****       hqspi->MspDeInitCallback = pCallback;
2091:Drivers/STM32L4xx_HAL_Driver/Src/stm32l4xx_hal_qspi.c ****       break;
2092:Drivers/STM32L4xx_HAL_Driver/Src/stm32l4xx_hal_qspi.c ****     default :
2093:Drivers/STM32L4xx_HAL_Driver/Src/stm32l4xx_hal_qspi.c ****       /* Update the error code */
2094:Drivers/STM32L4xx_HAL_Driver/Src/stm32l4xx_hal_qspi.c ****       hqspi->ErrorCode |= HAL_QSPI_ERROR_INVALID_CALLBACK;
2095:Drivers/STM32L4xx_HAL_Driver/Src/stm32l4xx_hal_qspi.c ****       /* update return status */
2096:Drivers/STM32L4xx_HAL_Driver/Src/stm32l4xx_hal_qspi.c ****       status =  HAL_ERROR;
2097:Drivers/STM32L4xx_HAL_Driver/Src/stm32l4xx_hal_qspi.c ****       break;
2098:Drivers/STM32L4xx_HAL_Driver/Src/stm32l4xx_hal_qspi.c ****     }
2099:Drivers/STM32L4xx_HAL_Driver/Src/stm32l4xx_hal_qspi.c ****   }
2100:Drivers/STM32L4xx_HAL_Driver/Src/stm32l4xx_hal_qspi.c ****   else if (hqspi->State == HAL_QSPI_STATE_RESET)
2101:Drivers/STM32L4xx_HAL_Driver/Src/stm32l4xx_hal_qspi.c ****   {
2102:Drivers/STM32L4xx_HAL_Driver/Src/stm32l4xx_hal_qspi.c ****     switch (CallbackId)
2103:Drivers/STM32L4xx_HAL_Driver/Src/stm32l4xx_hal_qspi.c ****     {
2104:Drivers/STM32L4xx_HAL_Driver/Src/stm32l4xx_hal_qspi.c ****     case HAL_QSPI_MSP_INIT_CB_ID :
2105:Drivers/STM32L4xx_HAL_Driver/Src/stm32l4xx_hal_qspi.c ****       hqspi->MspInitCallback = pCallback;
2106:Drivers/STM32L4xx_HAL_Driver/Src/stm32l4xx_hal_qspi.c ****       break;
2107:Drivers/STM32L4xx_HAL_Driver/Src/stm32l4xx_hal_qspi.c ****     case HAL_QSPI_MSP_DEINIT_CB_ID :
2108:Drivers/STM32L4xx_HAL_Driver/Src/stm32l4xx_hal_qspi.c ****       hqspi->MspDeInitCallback = pCallback;
2109:Drivers/STM32L4xx_HAL_Driver/Src/stm32l4xx_hal_qspi.c ****       break;
2110:Drivers/STM32L4xx_HAL_Driver/Src/stm32l4xx_hal_qspi.c ****     default :
2111:Drivers/STM32L4xx_HAL_Driver/Src/stm32l4xx_hal_qspi.c ****       /* Update the error code */
2112:Drivers/STM32L4xx_HAL_Driver/Src/stm32l4xx_hal_qspi.c ****       hqspi->ErrorCode |= HAL_QSPI_ERROR_INVALID_CALLBACK;
2113:Drivers/STM32L4xx_HAL_Driver/Src/stm32l4xx_hal_qspi.c ****       /* update return status */
2114:Drivers/STM32L4xx_HAL_Driver/Src/stm32l4xx_hal_qspi.c ****       status =  HAL_ERROR;
2115:Drivers/STM32L4xx_HAL_Driver/Src/stm32l4xx_hal_qspi.c ****       break;
2116:Drivers/STM32L4xx_HAL_Driver/Src/stm32l4xx_hal_qspi.c ****     }
2117:Drivers/STM32L4xx_HAL_Driver/Src/stm32l4xx_hal_qspi.c ****   }
2118:Drivers/STM32L4xx_HAL_Driver/Src/stm32l4xx_hal_qspi.c ****   else
2119:Drivers/STM32L4xx_HAL_Driver/Src/stm32l4xx_hal_qspi.c ****   {
2120:Drivers/STM32L4xx_HAL_Driver/Src/stm32l4xx_hal_qspi.c ****     /* Update the error code */
2121:Drivers/STM32L4xx_HAL_Driver/Src/stm32l4xx_hal_qspi.c ****     hqspi->ErrorCode |= HAL_QSPI_ERROR_INVALID_CALLBACK;
2122:Drivers/STM32L4xx_HAL_Driver/Src/stm32l4xx_hal_qspi.c ****     /* update return status */
2123:Drivers/STM32L4xx_HAL_Driver/Src/stm32l4xx_hal_qspi.c ****     status =  HAL_ERROR;
2124:Drivers/STM32L4xx_HAL_Driver/Src/stm32l4xx_hal_qspi.c ****   }
2125:Drivers/STM32L4xx_HAL_Driver/Src/stm32l4xx_hal_qspi.c **** 
2126:Drivers/STM32L4xx_HAL_Driver/Src/stm32l4xx_hal_qspi.c ****   /* Release Lock */
2127:Drivers/STM32L4xx_HAL_Driver/Src/stm32l4xx_hal_qspi.c ****   __HAL_UNLOCK(hqspi);
2128:Drivers/STM32L4xx_HAL_Driver/Src/stm32l4xx_hal_qspi.c ****   return status;
2129:Drivers/STM32L4xx_HAL_Driver/Src/stm32l4xx_hal_qspi.c **** }
2130:Drivers/STM32L4xx_HAL_Driver/Src/stm32l4xx_hal_qspi.c **** 
2131:Drivers/STM32L4xx_HAL_Driver/Src/stm32l4xx_hal_qspi.c **** /**
2132:Drivers/STM32L4xx_HAL_Driver/Src/stm32l4xx_hal_qspi.c ****   * @brief  Unregister a User QSPI Callback
2133:Drivers/STM32L4xx_HAL_Driver/Src/stm32l4xx_hal_qspi.c ****   *         QSPI Callback is redirected to the weak predefined callback
2134:Drivers/STM32L4xx_HAL_Driver/Src/stm32l4xx_hal_qspi.c ****   * @param hqspi QSPI handle
2135:Drivers/STM32L4xx_HAL_Driver/Src/stm32l4xx_hal_qspi.c ****   * @param CallbackId ID of the callback to be unregistered
2136:Drivers/STM32L4xx_HAL_Driver/Src/stm32l4xx_hal_qspi.c ****   *        This parameter can be one of the following values:
2137:Drivers/STM32L4xx_HAL_Driver/Src/stm32l4xx_hal_qspi.c ****   *          @arg @ref HAL_QSPI_ERROR_CB_ID          QSPI Error Callback ID
2138:Drivers/STM32L4xx_HAL_Driver/Src/stm32l4xx_hal_qspi.c ****   *          @arg @ref HAL_QSPI_ABORT_CB_ID          QSPI Abort Callback ID
2139:Drivers/STM32L4xx_HAL_Driver/Src/stm32l4xx_hal_qspi.c ****   *          @arg @ref HAL_QSPI_FIFO_THRESHOLD_CB_ID QSPI FIFO Threshold Callback ID
ARM GAS  /tmp/ccLGcT9r.s 			page 39


2140:Drivers/STM32L4xx_HAL_Driver/Src/stm32l4xx_hal_qspi.c ****   *          @arg @ref HAL_QSPI_CMD_CPLT_CB_ID       QSPI Command Complete Callback ID
2141:Drivers/STM32L4xx_HAL_Driver/Src/stm32l4xx_hal_qspi.c ****   *          @arg @ref HAL_QSPI_RX_CPLT_CB_ID        QSPI Rx Complete Callback ID
2142:Drivers/STM32L4xx_HAL_Driver/Src/stm32l4xx_hal_qspi.c ****   *          @arg @ref HAL_QSPI_TX_CPLT_CB_ID        QSPI Tx Complete Callback ID
2143:Drivers/STM32L4xx_HAL_Driver/Src/stm32l4xx_hal_qspi.c ****   *          @arg @ref HAL_QSPI_RX_HALF_CPLT_CB_ID   QSPI Rx Half Complete Callback ID
2144:Drivers/STM32L4xx_HAL_Driver/Src/stm32l4xx_hal_qspi.c ****   *          @arg @ref HAL_QSPI_TX_HALF_CPLT_CB_ID   QSPI Tx Half Complete Callback ID
2145:Drivers/STM32L4xx_HAL_Driver/Src/stm32l4xx_hal_qspi.c ****   *          @arg @ref HAL_QSPI_STATUS_MATCH_CB_ID   QSPI Status Match Callback ID
2146:Drivers/STM32L4xx_HAL_Driver/Src/stm32l4xx_hal_qspi.c ****   *          @arg @ref HAL_QSPI_TIMEOUT_CB_ID        QSPI Timeout Callback ID
2147:Drivers/STM32L4xx_HAL_Driver/Src/stm32l4xx_hal_qspi.c ****   *          @arg @ref HAL_QSPI_MSP_INIT_CB_ID       QSPI MspInit callback ID
2148:Drivers/STM32L4xx_HAL_Driver/Src/stm32l4xx_hal_qspi.c ****   *          @arg @ref HAL_QSPI_MSP_DEINIT_CB_ID     QSPI MspDeInit callback ID
2149:Drivers/STM32L4xx_HAL_Driver/Src/stm32l4xx_hal_qspi.c ****   * @retval status
2150:Drivers/STM32L4xx_HAL_Driver/Src/stm32l4xx_hal_qspi.c ****   */
2151:Drivers/STM32L4xx_HAL_Driver/Src/stm32l4xx_hal_qspi.c **** HAL_StatusTypeDef HAL_QSPI_UnRegisterCallback (QSPI_HandleTypeDef *hqspi, HAL_QSPI_CallbackIDTypeDe
2152:Drivers/STM32L4xx_HAL_Driver/Src/stm32l4xx_hal_qspi.c **** {
2153:Drivers/STM32L4xx_HAL_Driver/Src/stm32l4xx_hal_qspi.c ****   HAL_StatusTypeDef status = HAL_OK;
2154:Drivers/STM32L4xx_HAL_Driver/Src/stm32l4xx_hal_qspi.c **** 
2155:Drivers/STM32L4xx_HAL_Driver/Src/stm32l4xx_hal_qspi.c ****   /* Process locked */
2156:Drivers/STM32L4xx_HAL_Driver/Src/stm32l4xx_hal_qspi.c ****   __HAL_LOCK(hqspi);
2157:Drivers/STM32L4xx_HAL_Driver/Src/stm32l4xx_hal_qspi.c **** 
2158:Drivers/STM32L4xx_HAL_Driver/Src/stm32l4xx_hal_qspi.c ****   if(hqspi->State == HAL_QSPI_STATE_READY)
2159:Drivers/STM32L4xx_HAL_Driver/Src/stm32l4xx_hal_qspi.c ****   {
2160:Drivers/STM32L4xx_HAL_Driver/Src/stm32l4xx_hal_qspi.c ****     switch (CallbackId)
2161:Drivers/STM32L4xx_HAL_Driver/Src/stm32l4xx_hal_qspi.c ****     {
2162:Drivers/STM32L4xx_HAL_Driver/Src/stm32l4xx_hal_qspi.c ****     case  HAL_QSPI_ERROR_CB_ID :
2163:Drivers/STM32L4xx_HAL_Driver/Src/stm32l4xx_hal_qspi.c ****       hqspi->ErrorCallback = HAL_QSPI_ErrorCallback;
2164:Drivers/STM32L4xx_HAL_Driver/Src/stm32l4xx_hal_qspi.c ****       break;
2165:Drivers/STM32L4xx_HAL_Driver/Src/stm32l4xx_hal_qspi.c ****     case HAL_QSPI_ABORT_CB_ID :
2166:Drivers/STM32L4xx_HAL_Driver/Src/stm32l4xx_hal_qspi.c ****       hqspi->AbortCpltCallback = HAL_QSPI_AbortCpltCallback;
2167:Drivers/STM32L4xx_HAL_Driver/Src/stm32l4xx_hal_qspi.c ****       break;
2168:Drivers/STM32L4xx_HAL_Driver/Src/stm32l4xx_hal_qspi.c ****     case HAL_QSPI_FIFO_THRESHOLD_CB_ID :
2169:Drivers/STM32L4xx_HAL_Driver/Src/stm32l4xx_hal_qspi.c ****       hqspi->FifoThresholdCallback = HAL_QSPI_FifoThresholdCallback;
2170:Drivers/STM32L4xx_HAL_Driver/Src/stm32l4xx_hal_qspi.c ****       break;
2171:Drivers/STM32L4xx_HAL_Driver/Src/stm32l4xx_hal_qspi.c ****     case HAL_QSPI_CMD_CPLT_CB_ID :
2172:Drivers/STM32L4xx_HAL_Driver/Src/stm32l4xx_hal_qspi.c ****       hqspi->CmdCpltCallback = HAL_QSPI_CmdCpltCallback;
2173:Drivers/STM32L4xx_HAL_Driver/Src/stm32l4xx_hal_qspi.c ****       break;
2174:Drivers/STM32L4xx_HAL_Driver/Src/stm32l4xx_hal_qspi.c ****     case HAL_QSPI_RX_CPLT_CB_ID :
2175:Drivers/STM32L4xx_HAL_Driver/Src/stm32l4xx_hal_qspi.c ****       hqspi->RxCpltCallback = HAL_QSPI_RxCpltCallback;
2176:Drivers/STM32L4xx_HAL_Driver/Src/stm32l4xx_hal_qspi.c ****       break;
2177:Drivers/STM32L4xx_HAL_Driver/Src/stm32l4xx_hal_qspi.c ****     case HAL_QSPI_TX_CPLT_CB_ID :
2178:Drivers/STM32L4xx_HAL_Driver/Src/stm32l4xx_hal_qspi.c ****       hqspi->TxCpltCallback = HAL_QSPI_TxCpltCallback;
2179:Drivers/STM32L4xx_HAL_Driver/Src/stm32l4xx_hal_qspi.c ****       break;
2180:Drivers/STM32L4xx_HAL_Driver/Src/stm32l4xx_hal_qspi.c ****     case HAL_QSPI_RX_HALF_CPLT_CB_ID :
2181:Drivers/STM32L4xx_HAL_Driver/Src/stm32l4xx_hal_qspi.c ****       hqspi->RxHalfCpltCallback = HAL_QSPI_RxHalfCpltCallback;
2182:Drivers/STM32L4xx_HAL_Driver/Src/stm32l4xx_hal_qspi.c ****       break;
2183:Drivers/STM32L4xx_HAL_Driver/Src/stm32l4xx_hal_qspi.c ****     case HAL_QSPI_TX_HALF_CPLT_CB_ID :
2184:Drivers/STM32L4xx_HAL_Driver/Src/stm32l4xx_hal_qspi.c ****       hqspi->TxHalfCpltCallback = HAL_QSPI_TxHalfCpltCallback;
2185:Drivers/STM32L4xx_HAL_Driver/Src/stm32l4xx_hal_qspi.c ****       break;
2186:Drivers/STM32L4xx_HAL_Driver/Src/stm32l4xx_hal_qspi.c ****     case HAL_QSPI_STATUS_MATCH_CB_ID :
2187:Drivers/STM32L4xx_HAL_Driver/Src/stm32l4xx_hal_qspi.c ****       hqspi->StatusMatchCallback = HAL_QSPI_StatusMatchCallback;
2188:Drivers/STM32L4xx_HAL_Driver/Src/stm32l4xx_hal_qspi.c ****       break;
2189:Drivers/STM32L4xx_HAL_Driver/Src/stm32l4xx_hal_qspi.c ****     case HAL_QSPI_TIMEOUT_CB_ID :
2190:Drivers/STM32L4xx_HAL_Driver/Src/stm32l4xx_hal_qspi.c ****       hqspi->TimeOutCallback = HAL_QSPI_TimeOutCallback;
2191:Drivers/STM32L4xx_HAL_Driver/Src/stm32l4xx_hal_qspi.c ****       break;
2192:Drivers/STM32L4xx_HAL_Driver/Src/stm32l4xx_hal_qspi.c ****     case HAL_QSPI_MSP_INIT_CB_ID :
2193:Drivers/STM32L4xx_HAL_Driver/Src/stm32l4xx_hal_qspi.c ****       hqspi->MspInitCallback = HAL_QSPI_MspInit;
2194:Drivers/STM32L4xx_HAL_Driver/Src/stm32l4xx_hal_qspi.c ****       break;
2195:Drivers/STM32L4xx_HAL_Driver/Src/stm32l4xx_hal_qspi.c ****     case HAL_QSPI_MSP_DEINIT_CB_ID :
2196:Drivers/STM32L4xx_HAL_Driver/Src/stm32l4xx_hal_qspi.c ****       hqspi->MspDeInitCallback = HAL_QSPI_MspDeInit;
ARM GAS  /tmp/ccLGcT9r.s 			page 40


2197:Drivers/STM32L4xx_HAL_Driver/Src/stm32l4xx_hal_qspi.c ****       break;
2198:Drivers/STM32L4xx_HAL_Driver/Src/stm32l4xx_hal_qspi.c ****     default :
2199:Drivers/STM32L4xx_HAL_Driver/Src/stm32l4xx_hal_qspi.c ****       /* Update the error code */
2200:Drivers/STM32L4xx_HAL_Driver/Src/stm32l4xx_hal_qspi.c ****       hqspi->ErrorCode |= HAL_QSPI_ERROR_INVALID_CALLBACK;
2201:Drivers/STM32L4xx_HAL_Driver/Src/stm32l4xx_hal_qspi.c ****       /* update return status */
2202:Drivers/STM32L4xx_HAL_Driver/Src/stm32l4xx_hal_qspi.c ****       status =  HAL_ERROR;
2203:Drivers/STM32L4xx_HAL_Driver/Src/stm32l4xx_hal_qspi.c ****       break;
2204:Drivers/STM32L4xx_HAL_Driver/Src/stm32l4xx_hal_qspi.c ****     }
2205:Drivers/STM32L4xx_HAL_Driver/Src/stm32l4xx_hal_qspi.c ****   }
2206:Drivers/STM32L4xx_HAL_Driver/Src/stm32l4xx_hal_qspi.c ****   else if (hqspi->State == HAL_QSPI_STATE_RESET)
2207:Drivers/STM32L4xx_HAL_Driver/Src/stm32l4xx_hal_qspi.c ****   {
2208:Drivers/STM32L4xx_HAL_Driver/Src/stm32l4xx_hal_qspi.c ****     switch (CallbackId)
2209:Drivers/STM32L4xx_HAL_Driver/Src/stm32l4xx_hal_qspi.c ****     {
2210:Drivers/STM32L4xx_HAL_Driver/Src/stm32l4xx_hal_qspi.c ****     case HAL_QSPI_MSP_INIT_CB_ID :
2211:Drivers/STM32L4xx_HAL_Driver/Src/stm32l4xx_hal_qspi.c ****       hqspi->MspInitCallback = HAL_QSPI_MspInit;
2212:Drivers/STM32L4xx_HAL_Driver/Src/stm32l4xx_hal_qspi.c ****       break;
2213:Drivers/STM32L4xx_HAL_Driver/Src/stm32l4xx_hal_qspi.c ****     case HAL_QSPI_MSP_DEINIT_CB_ID :
2214:Drivers/STM32L4xx_HAL_Driver/Src/stm32l4xx_hal_qspi.c ****       hqspi->MspDeInitCallback = HAL_QSPI_MspDeInit;
2215:Drivers/STM32L4xx_HAL_Driver/Src/stm32l4xx_hal_qspi.c ****       break;
2216:Drivers/STM32L4xx_HAL_Driver/Src/stm32l4xx_hal_qspi.c ****     default :
2217:Drivers/STM32L4xx_HAL_Driver/Src/stm32l4xx_hal_qspi.c ****       /* Update the error code */
2218:Drivers/STM32L4xx_HAL_Driver/Src/stm32l4xx_hal_qspi.c ****       hqspi->ErrorCode |= HAL_QSPI_ERROR_INVALID_CALLBACK;
2219:Drivers/STM32L4xx_HAL_Driver/Src/stm32l4xx_hal_qspi.c ****       /* update return status */
2220:Drivers/STM32L4xx_HAL_Driver/Src/stm32l4xx_hal_qspi.c ****       status =  HAL_ERROR;
2221:Drivers/STM32L4xx_HAL_Driver/Src/stm32l4xx_hal_qspi.c ****       break;
2222:Drivers/STM32L4xx_HAL_Driver/Src/stm32l4xx_hal_qspi.c ****     }
2223:Drivers/STM32L4xx_HAL_Driver/Src/stm32l4xx_hal_qspi.c ****   }
2224:Drivers/STM32L4xx_HAL_Driver/Src/stm32l4xx_hal_qspi.c ****   else
2225:Drivers/STM32L4xx_HAL_Driver/Src/stm32l4xx_hal_qspi.c ****   {
2226:Drivers/STM32L4xx_HAL_Driver/Src/stm32l4xx_hal_qspi.c ****     /* Update the error code */
2227:Drivers/STM32L4xx_HAL_Driver/Src/stm32l4xx_hal_qspi.c ****     hqspi->ErrorCode |= HAL_QSPI_ERROR_INVALID_CALLBACK;
2228:Drivers/STM32L4xx_HAL_Driver/Src/stm32l4xx_hal_qspi.c ****     /* update return status */
2229:Drivers/STM32L4xx_HAL_Driver/Src/stm32l4xx_hal_qspi.c ****     status =  HAL_ERROR;
2230:Drivers/STM32L4xx_HAL_Driver/Src/stm32l4xx_hal_qspi.c ****   }
2231:Drivers/STM32L4xx_HAL_Driver/Src/stm32l4xx_hal_qspi.c **** 
2232:Drivers/STM32L4xx_HAL_Driver/Src/stm32l4xx_hal_qspi.c ****   /* Release Lock */
2233:Drivers/STM32L4xx_HAL_Driver/Src/stm32l4xx_hal_qspi.c ****   __HAL_UNLOCK(hqspi);
2234:Drivers/STM32L4xx_HAL_Driver/Src/stm32l4xx_hal_qspi.c ****   return status;
2235:Drivers/STM32L4xx_HAL_Driver/Src/stm32l4xx_hal_qspi.c **** }
2236:Drivers/STM32L4xx_HAL_Driver/Src/stm32l4xx_hal_qspi.c **** #endif
2237:Drivers/STM32L4xx_HAL_Driver/Src/stm32l4xx_hal_qspi.c **** 
2238:Drivers/STM32L4xx_HAL_Driver/Src/stm32l4xx_hal_qspi.c **** /**
2239:Drivers/STM32L4xx_HAL_Driver/Src/stm32l4xx_hal_qspi.c ****   * @}
2240:Drivers/STM32L4xx_HAL_Driver/Src/stm32l4xx_hal_qspi.c ****   */
2241:Drivers/STM32L4xx_HAL_Driver/Src/stm32l4xx_hal_qspi.c **** 
2242:Drivers/STM32L4xx_HAL_Driver/Src/stm32l4xx_hal_qspi.c **** /** @defgroup QSPI_Exported_Functions_Group3 Peripheral Control and State functions
2243:Drivers/STM32L4xx_HAL_Driver/Src/stm32l4xx_hal_qspi.c ****   *  @brief   QSPI control and State functions
2244:Drivers/STM32L4xx_HAL_Driver/Src/stm32l4xx_hal_qspi.c ****   *
2245:Drivers/STM32L4xx_HAL_Driver/Src/stm32l4xx_hal_qspi.c **** @verbatim
2246:Drivers/STM32L4xx_HAL_Driver/Src/stm32l4xx_hal_qspi.c ****  ===============================================================================
2247:Drivers/STM32L4xx_HAL_Driver/Src/stm32l4xx_hal_qspi.c ****                   ##### Peripheral Control and State functions #####
2248:Drivers/STM32L4xx_HAL_Driver/Src/stm32l4xx_hal_qspi.c ****  ===============================================================================
2249:Drivers/STM32L4xx_HAL_Driver/Src/stm32l4xx_hal_qspi.c ****     [..]
2250:Drivers/STM32L4xx_HAL_Driver/Src/stm32l4xx_hal_qspi.c ****     This subsection provides a set of functions allowing to :
2251:Drivers/STM32L4xx_HAL_Driver/Src/stm32l4xx_hal_qspi.c ****       (+) Check in run-time the state of the driver.
2252:Drivers/STM32L4xx_HAL_Driver/Src/stm32l4xx_hal_qspi.c ****       (+) Check the error code set during last operation.
2253:Drivers/STM32L4xx_HAL_Driver/Src/stm32l4xx_hal_qspi.c ****       (+) Abort any operation.
ARM GAS  /tmp/ccLGcT9r.s 			page 41


2254:Drivers/STM32L4xx_HAL_Driver/Src/stm32l4xx_hal_qspi.c **** 
2255:Drivers/STM32L4xx_HAL_Driver/Src/stm32l4xx_hal_qspi.c **** 
2256:Drivers/STM32L4xx_HAL_Driver/Src/stm32l4xx_hal_qspi.c **** @endverbatim
2257:Drivers/STM32L4xx_HAL_Driver/Src/stm32l4xx_hal_qspi.c ****   * @{
2258:Drivers/STM32L4xx_HAL_Driver/Src/stm32l4xx_hal_qspi.c ****   */
2259:Drivers/STM32L4xx_HAL_Driver/Src/stm32l4xx_hal_qspi.c **** 
2260:Drivers/STM32L4xx_HAL_Driver/Src/stm32l4xx_hal_qspi.c **** /**
2261:Drivers/STM32L4xx_HAL_Driver/Src/stm32l4xx_hal_qspi.c ****   * @brief  Return the QSPI handle state.
2262:Drivers/STM32L4xx_HAL_Driver/Src/stm32l4xx_hal_qspi.c ****   * @param  hqspi QSPI handle
2263:Drivers/STM32L4xx_HAL_Driver/Src/stm32l4xx_hal_qspi.c ****   * @retval HAL state
2264:Drivers/STM32L4xx_HAL_Driver/Src/stm32l4xx_hal_qspi.c ****   */
2265:Drivers/STM32L4xx_HAL_Driver/Src/stm32l4xx_hal_qspi.c **** HAL_QSPI_StateTypeDef HAL_QSPI_GetState(const QSPI_HandleTypeDef *hqspi)
2266:Drivers/STM32L4xx_HAL_Driver/Src/stm32l4xx_hal_qspi.c **** {
2267:Drivers/STM32L4xx_HAL_Driver/Src/stm32l4xx_hal_qspi.c ****   /* Return QSPI handle state */
2268:Drivers/STM32L4xx_HAL_Driver/Src/stm32l4xx_hal_qspi.c ****   return hqspi->State;
2269:Drivers/STM32L4xx_HAL_Driver/Src/stm32l4xx_hal_qspi.c **** }
2270:Drivers/STM32L4xx_HAL_Driver/Src/stm32l4xx_hal_qspi.c **** 
2271:Drivers/STM32L4xx_HAL_Driver/Src/stm32l4xx_hal_qspi.c **** /**
2272:Drivers/STM32L4xx_HAL_Driver/Src/stm32l4xx_hal_qspi.c **** * @brief  Return the QSPI error code.
2273:Drivers/STM32L4xx_HAL_Driver/Src/stm32l4xx_hal_qspi.c **** * @param  hqspi QSPI handle
2274:Drivers/STM32L4xx_HAL_Driver/Src/stm32l4xx_hal_qspi.c **** * @retval QSPI Error Code
2275:Drivers/STM32L4xx_HAL_Driver/Src/stm32l4xx_hal_qspi.c **** */
2276:Drivers/STM32L4xx_HAL_Driver/Src/stm32l4xx_hal_qspi.c **** uint32_t HAL_QSPI_GetError(const QSPI_HandleTypeDef *hqspi)
2277:Drivers/STM32L4xx_HAL_Driver/Src/stm32l4xx_hal_qspi.c **** {
2278:Drivers/STM32L4xx_HAL_Driver/Src/stm32l4xx_hal_qspi.c ****   return hqspi->ErrorCode;
2279:Drivers/STM32L4xx_HAL_Driver/Src/stm32l4xx_hal_qspi.c **** }
2280:Drivers/STM32L4xx_HAL_Driver/Src/stm32l4xx_hal_qspi.c **** 
2281:Drivers/STM32L4xx_HAL_Driver/Src/stm32l4xx_hal_qspi.c **** /**
2282:Drivers/STM32L4xx_HAL_Driver/Src/stm32l4xx_hal_qspi.c **** * @brief  Abort the current transmission.
2283:Drivers/STM32L4xx_HAL_Driver/Src/stm32l4xx_hal_qspi.c **** * @param  hqspi QSPI handle
2284:Drivers/STM32L4xx_HAL_Driver/Src/stm32l4xx_hal_qspi.c **** * @retval HAL status
2285:Drivers/STM32L4xx_HAL_Driver/Src/stm32l4xx_hal_qspi.c **** */
2286:Drivers/STM32L4xx_HAL_Driver/Src/stm32l4xx_hal_qspi.c **** HAL_StatusTypeDef HAL_QSPI_Abort(QSPI_HandleTypeDef *hqspi)
2287:Drivers/STM32L4xx_HAL_Driver/Src/stm32l4xx_hal_qspi.c **** {
2288:Drivers/STM32L4xx_HAL_Driver/Src/stm32l4xx_hal_qspi.c ****   HAL_StatusTypeDef status = HAL_OK;
2289:Drivers/STM32L4xx_HAL_Driver/Src/stm32l4xx_hal_qspi.c ****   uint32_t tickstart = HAL_GetTick();
2290:Drivers/STM32L4xx_HAL_Driver/Src/stm32l4xx_hal_qspi.c **** 
2291:Drivers/STM32L4xx_HAL_Driver/Src/stm32l4xx_hal_qspi.c ****   /* Check if the state is in one of the busy states */
2292:Drivers/STM32L4xx_HAL_Driver/Src/stm32l4xx_hal_qspi.c ****   if (((uint32_t)hqspi->State & 0x2U) != 0U)
2293:Drivers/STM32L4xx_HAL_Driver/Src/stm32l4xx_hal_qspi.c ****   {
2294:Drivers/STM32L4xx_HAL_Driver/Src/stm32l4xx_hal_qspi.c ****     /* Process unlocked */
2295:Drivers/STM32L4xx_HAL_Driver/Src/stm32l4xx_hal_qspi.c ****     __HAL_UNLOCK(hqspi);
2296:Drivers/STM32L4xx_HAL_Driver/Src/stm32l4xx_hal_qspi.c **** 
2297:Drivers/STM32L4xx_HAL_Driver/Src/stm32l4xx_hal_qspi.c ****     if ((hqspi->Instance->CR & QUADSPI_CR_DMAEN) != 0U)
2298:Drivers/STM32L4xx_HAL_Driver/Src/stm32l4xx_hal_qspi.c ****     {
2299:Drivers/STM32L4xx_HAL_Driver/Src/stm32l4xx_hal_qspi.c ****       /* Disable the DMA transfer by clearing the DMAEN bit in the QSPI CR register */
2300:Drivers/STM32L4xx_HAL_Driver/Src/stm32l4xx_hal_qspi.c ****       CLEAR_BIT(hqspi->Instance->CR, QUADSPI_CR_DMAEN);
2301:Drivers/STM32L4xx_HAL_Driver/Src/stm32l4xx_hal_qspi.c **** 
2302:Drivers/STM32L4xx_HAL_Driver/Src/stm32l4xx_hal_qspi.c ****       /* Abort DMA channel */
2303:Drivers/STM32L4xx_HAL_Driver/Src/stm32l4xx_hal_qspi.c ****       status = HAL_DMA_Abort(hqspi->hdma);
2304:Drivers/STM32L4xx_HAL_Driver/Src/stm32l4xx_hal_qspi.c ****       if(status != HAL_OK)
2305:Drivers/STM32L4xx_HAL_Driver/Src/stm32l4xx_hal_qspi.c ****       {
2306:Drivers/STM32L4xx_HAL_Driver/Src/stm32l4xx_hal_qspi.c ****         hqspi->ErrorCode |= HAL_QSPI_ERROR_DMA;
2307:Drivers/STM32L4xx_HAL_Driver/Src/stm32l4xx_hal_qspi.c ****       }
2308:Drivers/STM32L4xx_HAL_Driver/Src/stm32l4xx_hal_qspi.c ****     }
2309:Drivers/STM32L4xx_HAL_Driver/Src/stm32l4xx_hal_qspi.c **** 
2310:Drivers/STM32L4xx_HAL_Driver/Src/stm32l4xx_hal_qspi.c ****     if (__HAL_QSPI_GET_FLAG(hqspi, QSPI_FLAG_BUSY) != RESET)
ARM GAS  /tmp/ccLGcT9r.s 			page 42


2311:Drivers/STM32L4xx_HAL_Driver/Src/stm32l4xx_hal_qspi.c ****     {
2312:Drivers/STM32L4xx_HAL_Driver/Src/stm32l4xx_hal_qspi.c ****       /* Configure QSPI: CR register with Abort request */
2313:Drivers/STM32L4xx_HAL_Driver/Src/stm32l4xx_hal_qspi.c ****       SET_BIT(hqspi->Instance->CR, QUADSPI_CR_ABORT);
2314:Drivers/STM32L4xx_HAL_Driver/Src/stm32l4xx_hal_qspi.c ****       
2315:Drivers/STM32L4xx_HAL_Driver/Src/stm32l4xx_hal_qspi.c ****       /* Wait until TC flag is set to go back in idle state */
2316:Drivers/STM32L4xx_HAL_Driver/Src/stm32l4xx_hal_qspi.c ****       status = QSPI_WaitFlagStateUntilTimeout(hqspi, QSPI_FLAG_TC, SET, tickstart, hqspi->Timeout);
2317:Drivers/STM32L4xx_HAL_Driver/Src/stm32l4xx_hal_qspi.c ****       
2318:Drivers/STM32L4xx_HAL_Driver/Src/stm32l4xx_hal_qspi.c ****       if (status == HAL_OK)
2319:Drivers/STM32L4xx_HAL_Driver/Src/stm32l4xx_hal_qspi.c ****       {
2320:Drivers/STM32L4xx_HAL_Driver/Src/stm32l4xx_hal_qspi.c ****         __HAL_QSPI_CLEAR_FLAG(hqspi, QSPI_FLAG_TC);
2321:Drivers/STM32L4xx_HAL_Driver/Src/stm32l4xx_hal_qspi.c ****         
2322:Drivers/STM32L4xx_HAL_Driver/Src/stm32l4xx_hal_qspi.c ****         /* Wait until BUSY flag is reset */
2323:Drivers/STM32L4xx_HAL_Driver/Src/stm32l4xx_hal_qspi.c ****         status = QSPI_WaitFlagStateUntilTimeout(hqspi, QSPI_FLAG_BUSY, RESET, tickstart, hqspi->Tim
2324:Drivers/STM32L4xx_HAL_Driver/Src/stm32l4xx_hal_qspi.c ****       }
2325:Drivers/STM32L4xx_HAL_Driver/Src/stm32l4xx_hal_qspi.c **** 
2326:Drivers/STM32L4xx_HAL_Driver/Src/stm32l4xx_hal_qspi.c ****       if (status == HAL_OK)
2327:Drivers/STM32L4xx_HAL_Driver/Src/stm32l4xx_hal_qspi.c ****       {
2328:Drivers/STM32L4xx_HAL_Driver/Src/stm32l4xx_hal_qspi.c ****         /* Reset functional mode configuration to indirect write mode by default */
2329:Drivers/STM32L4xx_HAL_Driver/Src/stm32l4xx_hal_qspi.c ****         CLEAR_BIT(hqspi->Instance->CCR, QUADSPI_CCR_FMODE);
2330:Drivers/STM32L4xx_HAL_Driver/Src/stm32l4xx_hal_qspi.c ****         
2331:Drivers/STM32L4xx_HAL_Driver/Src/stm32l4xx_hal_qspi.c ****         /* Update state */
2332:Drivers/STM32L4xx_HAL_Driver/Src/stm32l4xx_hal_qspi.c ****         hqspi->State = HAL_QSPI_STATE_READY;
2333:Drivers/STM32L4xx_HAL_Driver/Src/stm32l4xx_hal_qspi.c ****       }
2334:Drivers/STM32L4xx_HAL_Driver/Src/stm32l4xx_hal_qspi.c ****     }
2335:Drivers/STM32L4xx_HAL_Driver/Src/stm32l4xx_hal_qspi.c ****     else
2336:Drivers/STM32L4xx_HAL_Driver/Src/stm32l4xx_hal_qspi.c ****     {
2337:Drivers/STM32L4xx_HAL_Driver/Src/stm32l4xx_hal_qspi.c ****       /* Update state */
2338:Drivers/STM32L4xx_HAL_Driver/Src/stm32l4xx_hal_qspi.c ****       hqspi->State = HAL_QSPI_STATE_READY;
2339:Drivers/STM32L4xx_HAL_Driver/Src/stm32l4xx_hal_qspi.c ****     }
2340:Drivers/STM32L4xx_HAL_Driver/Src/stm32l4xx_hal_qspi.c ****   }
2341:Drivers/STM32L4xx_HAL_Driver/Src/stm32l4xx_hal_qspi.c **** 
2342:Drivers/STM32L4xx_HAL_Driver/Src/stm32l4xx_hal_qspi.c ****   return status;
2343:Drivers/STM32L4xx_HAL_Driver/Src/stm32l4xx_hal_qspi.c **** }
2344:Drivers/STM32L4xx_HAL_Driver/Src/stm32l4xx_hal_qspi.c **** 
2345:Drivers/STM32L4xx_HAL_Driver/Src/stm32l4xx_hal_qspi.c **** /**
2346:Drivers/STM32L4xx_HAL_Driver/Src/stm32l4xx_hal_qspi.c **** * @brief  Abort the current transmission (non-blocking function)
2347:Drivers/STM32L4xx_HAL_Driver/Src/stm32l4xx_hal_qspi.c **** * @param  hqspi QSPI handle
2348:Drivers/STM32L4xx_HAL_Driver/Src/stm32l4xx_hal_qspi.c **** * @retval HAL status
2349:Drivers/STM32L4xx_HAL_Driver/Src/stm32l4xx_hal_qspi.c **** */
2350:Drivers/STM32L4xx_HAL_Driver/Src/stm32l4xx_hal_qspi.c **** HAL_StatusTypeDef HAL_QSPI_Abort_IT(QSPI_HandleTypeDef *hqspi)
2351:Drivers/STM32L4xx_HAL_Driver/Src/stm32l4xx_hal_qspi.c **** {
2352:Drivers/STM32L4xx_HAL_Driver/Src/stm32l4xx_hal_qspi.c ****   HAL_StatusTypeDef status = HAL_OK;
2353:Drivers/STM32L4xx_HAL_Driver/Src/stm32l4xx_hal_qspi.c **** 
2354:Drivers/STM32L4xx_HAL_Driver/Src/stm32l4xx_hal_qspi.c ****   /* Check if the state is in one of the busy states */
2355:Drivers/STM32L4xx_HAL_Driver/Src/stm32l4xx_hal_qspi.c ****   if (((uint32_t)hqspi->State & 0x2U) != 0U)
2356:Drivers/STM32L4xx_HAL_Driver/Src/stm32l4xx_hal_qspi.c ****   {
2357:Drivers/STM32L4xx_HAL_Driver/Src/stm32l4xx_hal_qspi.c ****     /* Process unlocked */
2358:Drivers/STM32L4xx_HAL_Driver/Src/stm32l4xx_hal_qspi.c ****     __HAL_UNLOCK(hqspi);
2359:Drivers/STM32L4xx_HAL_Driver/Src/stm32l4xx_hal_qspi.c **** 
2360:Drivers/STM32L4xx_HAL_Driver/Src/stm32l4xx_hal_qspi.c ****     /* Update QSPI state */
2361:Drivers/STM32L4xx_HAL_Driver/Src/stm32l4xx_hal_qspi.c ****     hqspi->State = HAL_QSPI_STATE_ABORT;
2362:Drivers/STM32L4xx_HAL_Driver/Src/stm32l4xx_hal_qspi.c **** 
2363:Drivers/STM32L4xx_HAL_Driver/Src/stm32l4xx_hal_qspi.c ****     /* Disable all interrupts */
2364:Drivers/STM32L4xx_HAL_Driver/Src/stm32l4xx_hal_qspi.c ****     __HAL_QSPI_DISABLE_IT(hqspi, (QSPI_IT_TO | QSPI_IT_SM | QSPI_IT_FT | QSPI_IT_TC | QSPI_IT_TE));
2365:Drivers/STM32L4xx_HAL_Driver/Src/stm32l4xx_hal_qspi.c **** 
2366:Drivers/STM32L4xx_HAL_Driver/Src/stm32l4xx_hal_qspi.c ****     if ((hqspi->Instance->CR & QUADSPI_CR_DMAEN) != 0U)
2367:Drivers/STM32L4xx_HAL_Driver/Src/stm32l4xx_hal_qspi.c ****     {
ARM GAS  /tmp/ccLGcT9r.s 			page 43


2368:Drivers/STM32L4xx_HAL_Driver/Src/stm32l4xx_hal_qspi.c ****       /* Disable the DMA transfer by clearing the DMAEN bit in the QSPI CR register */
2369:Drivers/STM32L4xx_HAL_Driver/Src/stm32l4xx_hal_qspi.c ****       CLEAR_BIT(hqspi->Instance->CR, QUADSPI_CR_DMAEN);
2370:Drivers/STM32L4xx_HAL_Driver/Src/stm32l4xx_hal_qspi.c **** 
2371:Drivers/STM32L4xx_HAL_Driver/Src/stm32l4xx_hal_qspi.c ****       /* Abort DMA channel */
2372:Drivers/STM32L4xx_HAL_Driver/Src/stm32l4xx_hal_qspi.c ****       hqspi->hdma->XferAbortCallback = QSPI_DMAAbortCplt;
2373:Drivers/STM32L4xx_HAL_Driver/Src/stm32l4xx_hal_qspi.c ****       if (HAL_DMA_Abort_IT(hqspi->hdma) != HAL_OK)
2374:Drivers/STM32L4xx_HAL_Driver/Src/stm32l4xx_hal_qspi.c ****       {
2375:Drivers/STM32L4xx_HAL_Driver/Src/stm32l4xx_hal_qspi.c ****         /* Change state of QSPI */
2376:Drivers/STM32L4xx_HAL_Driver/Src/stm32l4xx_hal_qspi.c ****         hqspi->State = HAL_QSPI_STATE_READY;
2377:Drivers/STM32L4xx_HAL_Driver/Src/stm32l4xx_hal_qspi.c **** 
2378:Drivers/STM32L4xx_HAL_Driver/Src/stm32l4xx_hal_qspi.c ****         /* Abort Complete callback */
2379:Drivers/STM32L4xx_HAL_Driver/Src/stm32l4xx_hal_qspi.c **** #if (USE_HAL_QSPI_REGISTER_CALLBACKS == 1)
2380:Drivers/STM32L4xx_HAL_Driver/Src/stm32l4xx_hal_qspi.c ****         hqspi->AbortCpltCallback(hqspi);
2381:Drivers/STM32L4xx_HAL_Driver/Src/stm32l4xx_hal_qspi.c **** #else
2382:Drivers/STM32L4xx_HAL_Driver/Src/stm32l4xx_hal_qspi.c ****         HAL_QSPI_AbortCpltCallback(hqspi);
2383:Drivers/STM32L4xx_HAL_Driver/Src/stm32l4xx_hal_qspi.c **** #endif
2384:Drivers/STM32L4xx_HAL_Driver/Src/stm32l4xx_hal_qspi.c ****       }
2385:Drivers/STM32L4xx_HAL_Driver/Src/stm32l4xx_hal_qspi.c ****     }
2386:Drivers/STM32L4xx_HAL_Driver/Src/stm32l4xx_hal_qspi.c ****     else
2387:Drivers/STM32L4xx_HAL_Driver/Src/stm32l4xx_hal_qspi.c ****     {
2388:Drivers/STM32L4xx_HAL_Driver/Src/stm32l4xx_hal_qspi.c ****       if (__HAL_QSPI_GET_FLAG(hqspi, QSPI_FLAG_BUSY) != RESET)
2389:Drivers/STM32L4xx_HAL_Driver/Src/stm32l4xx_hal_qspi.c ****       {
2390:Drivers/STM32L4xx_HAL_Driver/Src/stm32l4xx_hal_qspi.c ****         /* Clear interrupt */
2391:Drivers/STM32L4xx_HAL_Driver/Src/stm32l4xx_hal_qspi.c ****         __HAL_QSPI_CLEAR_FLAG(hqspi, QSPI_FLAG_TC);
2392:Drivers/STM32L4xx_HAL_Driver/Src/stm32l4xx_hal_qspi.c ****         
2393:Drivers/STM32L4xx_HAL_Driver/Src/stm32l4xx_hal_qspi.c ****         /* Enable the QSPI Transfer Complete Interrupt */
2394:Drivers/STM32L4xx_HAL_Driver/Src/stm32l4xx_hal_qspi.c ****         __HAL_QSPI_ENABLE_IT(hqspi, QSPI_IT_TC);
2395:Drivers/STM32L4xx_HAL_Driver/Src/stm32l4xx_hal_qspi.c ****         
2396:Drivers/STM32L4xx_HAL_Driver/Src/stm32l4xx_hal_qspi.c ****         /* Configure QSPI: CR register with Abort request */
2397:Drivers/STM32L4xx_HAL_Driver/Src/stm32l4xx_hal_qspi.c ****         SET_BIT(hqspi->Instance->CR, QUADSPI_CR_ABORT);
2398:Drivers/STM32L4xx_HAL_Driver/Src/stm32l4xx_hal_qspi.c ****       }    
2399:Drivers/STM32L4xx_HAL_Driver/Src/stm32l4xx_hal_qspi.c ****       else
2400:Drivers/STM32L4xx_HAL_Driver/Src/stm32l4xx_hal_qspi.c ****       {
2401:Drivers/STM32L4xx_HAL_Driver/Src/stm32l4xx_hal_qspi.c ****         /* Change state of QSPI */
2402:Drivers/STM32L4xx_HAL_Driver/Src/stm32l4xx_hal_qspi.c ****         hqspi->State = HAL_QSPI_STATE_READY;
2403:Drivers/STM32L4xx_HAL_Driver/Src/stm32l4xx_hal_qspi.c ****       }
2404:Drivers/STM32L4xx_HAL_Driver/Src/stm32l4xx_hal_qspi.c ****     }
2405:Drivers/STM32L4xx_HAL_Driver/Src/stm32l4xx_hal_qspi.c ****   }
2406:Drivers/STM32L4xx_HAL_Driver/Src/stm32l4xx_hal_qspi.c ****   return status;
2407:Drivers/STM32L4xx_HAL_Driver/Src/stm32l4xx_hal_qspi.c **** }
2408:Drivers/STM32L4xx_HAL_Driver/Src/stm32l4xx_hal_qspi.c **** 
2409:Drivers/STM32L4xx_HAL_Driver/Src/stm32l4xx_hal_qspi.c **** /** @brief Set QSPI timeout.
2410:Drivers/STM32L4xx_HAL_Driver/Src/stm32l4xx_hal_qspi.c ****   * @param  hqspi QSPI handle.
2411:Drivers/STM32L4xx_HAL_Driver/Src/stm32l4xx_hal_qspi.c ****   * @param  Timeout Timeout for the QSPI memory access.
2412:Drivers/STM32L4xx_HAL_Driver/Src/stm32l4xx_hal_qspi.c ****   * @retval None
2413:Drivers/STM32L4xx_HAL_Driver/Src/stm32l4xx_hal_qspi.c ****   */
2414:Drivers/STM32L4xx_HAL_Driver/Src/stm32l4xx_hal_qspi.c **** void HAL_QSPI_SetTimeout(QSPI_HandleTypeDef *hqspi, uint32_t Timeout)
2415:Drivers/STM32L4xx_HAL_Driver/Src/stm32l4xx_hal_qspi.c **** {
2416:Drivers/STM32L4xx_HAL_Driver/Src/stm32l4xx_hal_qspi.c ****   hqspi->Timeout = Timeout;
2417:Drivers/STM32L4xx_HAL_Driver/Src/stm32l4xx_hal_qspi.c **** }
2418:Drivers/STM32L4xx_HAL_Driver/Src/stm32l4xx_hal_qspi.c **** 
2419:Drivers/STM32L4xx_HAL_Driver/Src/stm32l4xx_hal_qspi.c **** /** @brief Set QSPI Fifo threshold.
2420:Drivers/STM32L4xx_HAL_Driver/Src/stm32l4xx_hal_qspi.c ****   * @param  hqspi QSPI handle.
2421:Drivers/STM32L4xx_HAL_Driver/Src/stm32l4xx_hal_qspi.c ****   * @param  Threshold Threshold of the Fifo (value between 1 and 16).
2422:Drivers/STM32L4xx_HAL_Driver/Src/stm32l4xx_hal_qspi.c ****   * @retval HAL status
2423:Drivers/STM32L4xx_HAL_Driver/Src/stm32l4xx_hal_qspi.c ****   */
2424:Drivers/STM32L4xx_HAL_Driver/Src/stm32l4xx_hal_qspi.c **** HAL_StatusTypeDef HAL_QSPI_SetFifoThreshold(QSPI_HandleTypeDef *hqspi, uint32_t Threshold)
ARM GAS  /tmp/ccLGcT9r.s 			page 44


2425:Drivers/STM32L4xx_HAL_Driver/Src/stm32l4xx_hal_qspi.c **** {
2426:Drivers/STM32L4xx_HAL_Driver/Src/stm32l4xx_hal_qspi.c ****   HAL_StatusTypeDef status = HAL_OK;
2427:Drivers/STM32L4xx_HAL_Driver/Src/stm32l4xx_hal_qspi.c **** 
2428:Drivers/STM32L4xx_HAL_Driver/Src/stm32l4xx_hal_qspi.c ****   /* Process locked */
2429:Drivers/STM32L4xx_HAL_Driver/Src/stm32l4xx_hal_qspi.c ****   __HAL_LOCK(hqspi);
2430:Drivers/STM32L4xx_HAL_Driver/Src/stm32l4xx_hal_qspi.c **** 
2431:Drivers/STM32L4xx_HAL_Driver/Src/stm32l4xx_hal_qspi.c ****   if(hqspi->State == HAL_QSPI_STATE_READY)
2432:Drivers/STM32L4xx_HAL_Driver/Src/stm32l4xx_hal_qspi.c ****   {
2433:Drivers/STM32L4xx_HAL_Driver/Src/stm32l4xx_hal_qspi.c ****     /* Synchronize init structure with new FIFO threshold value */
2434:Drivers/STM32L4xx_HAL_Driver/Src/stm32l4xx_hal_qspi.c ****     hqspi->Init.FifoThreshold = Threshold;
2435:Drivers/STM32L4xx_HAL_Driver/Src/stm32l4xx_hal_qspi.c **** 
2436:Drivers/STM32L4xx_HAL_Driver/Src/stm32l4xx_hal_qspi.c ****     /* Configure QSPI FIFO Threshold */
2437:Drivers/STM32L4xx_HAL_Driver/Src/stm32l4xx_hal_qspi.c ****     MODIFY_REG(hqspi->Instance->CR, QUADSPI_CR_FTHRES,
2438:Drivers/STM32L4xx_HAL_Driver/Src/stm32l4xx_hal_qspi.c ****                ((hqspi->Init.FifoThreshold - 1U) << QUADSPI_CR_FTHRES_Pos));
2439:Drivers/STM32L4xx_HAL_Driver/Src/stm32l4xx_hal_qspi.c ****   }
2440:Drivers/STM32L4xx_HAL_Driver/Src/stm32l4xx_hal_qspi.c ****   else
2441:Drivers/STM32L4xx_HAL_Driver/Src/stm32l4xx_hal_qspi.c ****   {
2442:Drivers/STM32L4xx_HAL_Driver/Src/stm32l4xx_hal_qspi.c ****     status = HAL_BUSY;
2443:Drivers/STM32L4xx_HAL_Driver/Src/stm32l4xx_hal_qspi.c ****   }
2444:Drivers/STM32L4xx_HAL_Driver/Src/stm32l4xx_hal_qspi.c **** 
2445:Drivers/STM32L4xx_HAL_Driver/Src/stm32l4xx_hal_qspi.c ****   /* Process unlocked */
2446:Drivers/STM32L4xx_HAL_Driver/Src/stm32l4xx_hal_qspi.c ****   __HAL_UNLOCK(hqspi);
2447:Drivers/STM32L4xx_HAL_Driver/Src/stm32l4xx_hal_qspi.c **** 
2448:Drivers/STM32L4xx_HAL_Driver/Src/stm32l4xx_hal_qspi.c ****   /* Return function status */
2449:Drivers/STM32L4xx_HAL_Driver/Src/stm32l4xx_hal_qspi.c ****   return status;
2450:Drivers/STM32L4xx_HAL_Driver/Src/stm32l4xx_hal_qspi.c **** }
2451:Drivers/STM32L4xx_HAL_Driver/Src/stm32l4xx_hal_qspi.c **** 
2452:Drivers/STM32L4xx_HAL_Driver/Src/stm32l4xx_hal_qspi.c **** /** @brief Get QSPI Fifo threshold.
2453:Drivers/STM32L4xx_HAL_Driver/Src/stm32l4xx_hal_qspi.c ****   * @param  hqspi QSPI handle.
2454:Drivers/STM32L4xx_HAL_Driver/Src/stm32l4xx_hal_qspi.c ****   * @retval Fifo threshold (value between 1 and 16)
2455:Drivers/STM32L4xx_HAL_Driver/Src/stm32l4xx_hal_qspi.c ****   */
2456:Drivers/STM32L4xx_HAL_Driver/Src/stm32l4xx_hal_qspi.c **** uint32_t HAL_QSPI_GetFifoThreshold(const QSPI_HandleTypeDef *hqspi)
2457:Drivers/STM32L4xx_HAL_Driver/Src/stm32l4xx_hal_qspi.c **** {
2458:Drivers/STM32L4xx_HAL_Driver/Src/stm32l4xx_hal_qspi.c ****   return ((READ_BIT(hqspi->Instance->CR, QUADSPI_CR_FTHRES) >> QUADSPI_CR_FTHRES_Pos) + 1U);
2459:Drivers/STM32L4xx_HAL_Driver/Src/stm32l4xx_hal_qspi.c **** }
2460:Drivers/STM32L4xx_HAL_Driver/Src/stm32l4xx_hal_qspi.c **** 
2461:Drivers/STM32L4xx_HAL_Driver/Src/stm32l4xx_hal_qspi.c **** #if defined(QUADSPI_CR_DFM)
2462:Drivers/STM32L4xx_HAL_Driver/Src/stm32l4xx_hal_qspi.c **** /** @brief  Set FlashID.
2463:Drivers/STM32L4xx_HAL_Driver/Src/stm32l4xx_hal_qspi.c ****   * @param  hqspi QSPI handle.
2464:Drivers/STM32L4xx_HAL_Driver/Src/stm32l4xx_hal_qspi.c ****   * @param  FlashID Index of the flash memory to be accessed.
2465:Drivers/STM32L4xx_HAL_Driver/Src/stm32l4xx_hal_qspi.c ****   *                   This parameter can be a value of @ref QSPI_Flash_Select.
2466:Drivers/STM32L4xx_HAL_Driver/Src/stm32l4xx_hal_qspi.c ****   * @note   The FlashID is ignored when dual flash mode is enabled.
2467:Drivers/STM32L4xx_HAL_Driver/Src/stm32l4xx_hal_qspi.c ****   * @retval HAL status
2468:Drivers/STM32L4xx_HAL_Driver/Src/stm32l4xx_hal_qspi.c ****   */
2469:Drivers/STM32L4xx_HAL_Driver/Src/stm32l4xx_hal_qspi.c **** HAL_StatusTypeDef HAL_QSPI_SetFlashID(QSPI_HandleTypeDef *hqspi, uint32_t FlashID)
2470:Drivers/STM32L4xx_HAL_Driver/Src/stm32l4xx_hal_qspi.c **** {
2471:Drivers/STM32L4xx_HAL_Driver/Src/stm32l4xx_hal_qspi.c ****   HAL_StatusTypeDef status = HAL_OK;
2472:Drivers/STM32L4xx_HAL_Driver/Src/stm32l4xx_hal_qspi.c **** 
2473:Drivers/STM32L4xx_HAL_Driver/Src/stm32l4xx_hal_qspi.c ****   /* Check the parameter */
2474:Drivers/STM32L4xx_HAL_Driver/Src/stm32l4xx_hal_qspi.c ****   assert_param(IS_QSPI_FLASH_ID(FlashID));
2475:Drivers/STM32L4xx_HAL_Driver/Src/stm32l4xx_hal_qspi.c **** 
2476:Drivers/STM32L4xx_HAL_Driver/Src/stm32l4xx_hal_qspi.c ****   /* Process locked */
2477:Drivers/STM32L4xx_HAL_Driver/Src/stm32l4xx_hal_qspi.c ****   __HAL_LOCK(hqspi);
2478:Drivers/STM32L4xx_HAL_Driver/Src/stm32l4xx_hal_qspi.c **** 
2479:Drivers/STM32L4xx_HAL_Driver/Src/stm32l4xx_hal_qspi.c ****   if(hqspi->State == HAL_QSPI_STATE_READY)
2480:Drivers/STM32L4xx_HAL_Driver/Src/stm32l4xx_hal_qspi.c ****   {
2481:Drivers/STM32L4xx_HAL_Driver/Src/stm32l4xx_hal_qspi.c ****     /* Synchronize init structure with new FlashID value */
ARM GAS  /tmp/ccLGcT9r.s 			page 45


2482:Drivers/STM32L4xx_HAL_Driver/Src/stm32l4xx_hal_qspi.c ****     hqspi->Init.FlashID = FlashID;
2483:Drivers/STM32L4xx_HAL_Driver/Src/stm32l4xx_hal_qspi.c **** 
2484:Drivers/STM32L4xx_HAL_Driver/Src/stm32l4xx_hal_qspi.c ****     /* Configure QSPI FlashID */
2485:Drivers/STM32L4xx_HAL_Driver/Src/stm32l4xx_hal_qspi.c ****     MODIFY_REG(hqspi->Instance->CR, QUADSPI_CR_FSEL, FlashID);
2486:Drivers/STM32L4xx_HAL_Driver/Src/stm32l4xx_hal_qspi.c ****   }
2487:Drivers/STM32L4xx_HAL_Driver/Src/stm32l4xx_hal_qspi.c ****   else
2488:Drivers/STM32L4xx_HAL_Driver/Src/stm32l4xx_hal_qspi.c ****   {
2489:Drivers/STM32L4xx_HAL_Driver/Src/stm32l4xx_hal_qspi.c ****     status = HAL_BUSY;
2490:Drivers/STM32L4xx_HAL_Driver/Src/stm32l4xx_hal_qspi.c ****   }
2491:Drivers/STM32L4xx_HAL_Driver/Src/stm32l4xx_hal_qspi.c **** 
2492:Drivers/STM32L4xx_HAL_Driver/Src/stm32l4xx_hal_qspi.c ****   /* Process unlocked */
2493:Drivers/STM32L4xx_HAL_Driver/Src/stm32l4xx_hal_qspi.c ****   __HAL_UNLOCK(hqspi);
2494:Drivers/STM32L4xx_HAL_Driver/Src/stm32l4xx_hal_qspi.c **** 
2495:Drivers/STM32L4xx_HAL_Driver/Src/stm32l4xx_hal_qspi.c ****   /* Return function status */
2496:Drivers/STM32L4xx_HAL_Driver/Src/stm32l4xx_hal_qspi.c ****   return status;
2497:Drivers/STM32L4xx_HAL_Driver/Src/stm32l4xx_hal_qspi.c **** }
2498:Drivers/STM32L4xx_HAL_Driver/Src/stm32l4xx_hal_qspi.c **** 
2499:Drivers/STM32L4xx_HAL_Driver/Src/stm32l4xx_hal_qspi.c **** #endif
2500:Drivers/STM32L4xx_HAL_Driver/Src/stm32l4xx_hal_qspi.c **** /**
2501:Drivers/STM32L4xx_HAL_Driver/Src/stm32l4xx_hal_qspi.c ****   * @}
2502:Drivers/STM32L4xx_HAL_Driver/Src/stm32l4xx_hal_qspi.c ****   */
2503:Drivers/STM32L4xx_HAL_Driver/Src/stm32l4xx_hal_qspi.c **** 
2504:Drivers/STM32L4xx_HAL_Driver/Src/stm32l4xx_hal_qspi.c **** /**
2505:Drivers/STM32L4xx_HAL_Driver/Src/stm32l4xx_hal_qspi.c ****   * @}
2506:Drivers/STM32L4xx_HAL_Driver/Src/stm32l4xx_hal_qspi.c ****   */
2507:Drivers/STM32L4xx_HAL_Driver/Src/stm32l4xx_hal_qspi.c **** 
2508:Drivers/STM32L4xx_HAL_Driver/Src/stm32l4xx_hal_qspi.c **** /** @defgroup QSPI_Private_Functions QSPI Private Functions
2509:Drivers/STM32L4xx_HAL_Driver/Src/stm32l4xx_hal_qspi.c ****   * @{
2510:Drivers/STM32L4xx_HAL_Driver/Src/stm32l4xx_hal_qspi.c ****   */
2511:Drivers/STM32L4xx_HAL_Driver/Src/stm32l4xx_hal_qspi.c **** 
2512:Drivers/STM32L4xx_HAL_Driver/Src/stm32l4xx_hal_qspi.c **** /**
2513:Drivers/STM32L4xx_HAL_Driver/Src/stm32l4xx_hal_qspi.c ****   * @brief  DMA QSPI receive process complete callback.
2514:Drivers/STM32L4xx_HAL_Driver/Src/stm32l4xx_hal_qspi.c ****   * @param  hdma DMA handle
2515:Drivers/STM32L4xx_HAL_Driver/Src/stm32l4xx_hal_qspi.c ****   * @retval None
2516:Drivers/STM32L4xx_HAL_Driver/Src/stm32l4xx_hal_qspi.c ****   */
2517:Drivers/STM32L4xx_HAL_Driver/Src/stm32l4xx_hal_qspi.c **** static void QSPI_DMARxCplt(DMA_HandleTypeDef *hdma)
2518:Drivers/STM32L4xx_HAL_Driver/Src/stm32l4xx_hal_qspi.c **** {
  29              		.loc 1 2518 1 view -0
  30              		.cfi_startproc
  31              		@ args = 0, pretend = 0, frame = 0
  32              		@ frame_needed = 0, uses_anonymous_args = 0
  33              		@ link register save eliminated.
2519:Drivers/STM32L4xx_HAL_Driver/Src/stm32l4xx_hal_qspi.c ****   QSPI_HandleTypeDef* hqspi = (QSPI_HandleTypeDef*)(hdma->Parent);
  34              		.loc 1 2519 3 view .LVU1
  35              		.loc 1 2519 23 is_stmt 0 view .LVU2
  36 0000 836A     		ldr	r3, [r0, #40]
  37              	.LVL1:
2520:Drivers/STM32L4xx_HAL_Driver/Src/stm32l4xx_hal_qspi.c ****   hqspi->RxXferCount = 0U;
  38              		.loc 1 2520 3 is_stmt 1 view .LVU3
  39              		.loc 1 2520 22 is_stmt 0 view .LVU4
  40 0002 0022     		movs	r2, #0
  41 0004 9A63     		str	r2, [r3, #56]
2521:Drivers/STM32L4xx_HAL_Driver/Src/stm32l4xx_hal_qspi.c **** 
2522:Drivers/STM32L4xx_HAL_Driver/Src/stm32l4xx_hal_qspi.c ****   /* Enable the QSPI transfer complete Interrupt */
2523:Drivers/STM32L4xx_HAL_Driver/Src/stm32l4xx_hal_qspi.c ****   __HAL_QSPI_ENABLE_IT(hqspi, QSPI_IT_TC);
  42              		.loc 1 2523 3 is_stmt 1 view .LVU5
  43 0006 1A68     		ldr	r2, [r3]
ARM GAS  /tmp/ccLGcT9r.s 			page 46


  44 0008 1368     		ldr	r3, [r2]
  45              	.LVL2:
  46              		.loc 1 2523 3 is_stmt 0 view .LVU6
  47 000a 43F40033 		orr	r3, r3, #131072
  48 000e 1360     		str	r3, [r2]
2524:Drivers/STM32L4xx_HAL_Driver/Src/stm32l4xx_hal_qspi.c **** }
  49              		.loc 1 2524 1 view .LVU7
  50 0010 7047     		bx	lr
  51              		.cfi_endproc
  52              	.LFE418:
  54              		.section	.text.QSPI_DMATxCplt,"ax",%progbits
  55              		.align	1
  56              		.syntax unified
  57              		.thumb
  58              		.thumb_func
  60              	QSPI_DMATxCplt:
  61              	.LVL3:
  62              	.LFB419:
2525:Drivers/STM32L4xx_HAL_Driver/Src/stm32l4xx_hal_qspi.c **** 
2526:Drivers/STM32L4xx_HAL_Driver/Src/stm32l4xx_hal_qspi.c **** /**
2527:Drivers/STM32L4xx_HAL_Driver/Src/stm32l4xx_hal_qspi.c ****   * @brief  DMA QSPI transmit process complete callback.
2528:Drivers/STM32L4xx_HAL_Driver/Src/stm32l4xx_hal_qspi.c ****   * @param  hdma DMA handle
2529:Drivers/STM32L4xx_HAL_Driver/Src/stm32l4xx_hal_qspi.c ****   * @retval None
2530:Drivers/STM32L4xx_HAL_Driver/Src/stm32l4xx_hal_qspi.c ****   */
2531:Drivers/STM32L4xx_HAL_Driver/Src/stm32l4xx_hal_qspi.c **** static void QSPI_DMATxCplt(DMA_HandleTypeDef *hdma)
2532:Drivers/STM32L4xx_HAL_Driver/Src/stm32l4xx_hal_qspi.c **** {
  63              		.loc 1 2532 1 is_stmt 1 view -0
  64              		.cfi_startproc
  65              		@ args = 0, pretend = 0, frame = 0
  66              		@ frame_needed = 0, uses_anonymous_args = 0
  67              		@ link register save eliminated.
2533:Drivers/STM32L4xx_HAL_Driver/Src/stm32l4xx_hal_qspi.c ****   QSPI_HandleTypeDef* hqspi = (QSPI_HandleTypeDef*)(hdma->Parent);
  68              		.loc 1 2533 3 view .LVU9
  69              		.loc 1 2533 23 is_stmt 0 view .LVU10
  70 0000 836A     		ldr	r3, [r0, #40]
  71              	.LVL4:
2534:Drivers/STM32L4xx_HAL_Driver/Src/stm32l4xx_hal_qspi.c ****   hqspi->TxXferCount = 0U;
  72              		.loc 1 2534 3 is_stmt 1 view .LVU11
  73              		.loc 1 2534 22 is_stmt 0 view .LVU12
  74 0002 0022     		movs	r2, #0
  75 0004 DA62     		str	r2, [r3, #44]
2535:Drivers/STM32L4xx_HAL_Driver/Src/stm32l4xx_hal_qspi.c **** 
2536:Drivers/STM32L4xx_HAL_Driver/Src/stm32l4xx_hal_qspi.c ****   /* Enable the QSPI transfer complete Interrupt */
2537:Drivers/STM32L4xx_HAL_Driver/Src/stm32l4xx_hal_qspi.c ****   __HAL_QSPI_ENABLE_IT(hqspi, QSPI_IT_TC);
  76              		.loc 1 2537 3 is_stmt 1 view .LVU13
  77 0006 1A68     		ldr	r2, [r3]
  78 0008 1368     		ldr	r3, [r2]
  79              	.LVL5:
  80              		.loc 1 2537 3 is_stmt 0 view .LVU14
  81 000a 43F40033 		orr	r3, r3, #131072
  82 000e 1360     		str	r3, [r2]
2538:Drivers/STM32L4xx_HAL_Driver/Src/stm32l4xx_hal_qspi.c **** }
  83              		.loc 1 2538 1 view .LVU15
  84 0010 7047     		bx	lr
  85              		.cfi_endproc
  86              	.LFE419:
  88              		.section	.text.QSPI_Config,"ax",%progbits
ARM GAS  /tmp/ccLGcT9r.s 			page 47


  89              		.align	1
  90              		.syntax unified
  91              		.thumb
  92              		.thumb_func
  94              	QSPI_Config:
  95              	.LVL6:
  96              	.LFB425:
2539:Drivers/STM32L4xx_HAL_Driver/Src/stm32l4xx_hal_qspi.c **** 
2540:Drivers/STM32L4xx_HAL_Driver/Src/stm32l4xx_hal_qspi.c **** /**
2541:Drivers/STM32L4xx_HAL_Driver/Src/stm32l4xx_hal_qspi.c ****   * @brief  DMA QSPI receive process half complete callback.
2542:Drivers/STM32L4xx_HAL_Driver/Src/stm32l4xx_hal_qspi.c ****   * @param  hdma DMA handle
2543:Drivers/STM32L4xx_HAL_Driver/Src/stm32l4xx_hal_qspi.c ****   * @retval None
2544:Drivers/STM32L4xx_HAL_Driver/Src/stm32l4xx_hal_qspi.c ****   */
2545:Drivers/STM32L4xx_HAL_Driver/Src/stm32l4xx_hal_qspi.c **** static void QSPI_DMARxHalfCplt(DMA_HandleTypeDef *hdma)
2546:Drivers/STM32L4xx_HAL_Driver/Src/stm32l4xx_hal_qspi.c **** {
2547:Drivers/STM32L4xx_HAL_Driver/Src/stm32l4xx_hal_qspi.c ****   QSPI_HandleTypeDef* hqspi = (QSPI_HandleTypeDef*)(hdma->Parent);
2548:Drivers/STM32L4xx_HAL_Driver/Src/stm32l4xx_hal_qspi.c **** 
2549:Drivers/STM32L4xx_HAL_Driver/Src/stm32l4xx_hal_qspi.c **** #if (USE_HAL_QSPI_REGISTER_CALLBACKS == 1)
2550:Drivers/STM32L4xx_HAL_Driver/Src/stm32l4xx_hal_qspi.c ****   hqspi->RxHalfCpltCallback(hqspi);
2551:Drivers/STM32L4xx_HAL_Driver/Src/stm32l4xx_hal_qspi.c **** #else
2552:Drivers/STM32L4xx_HAL_Driver/Src/stm32l4xx_hal_qspi.c ****   HAL_QSPI_RxHalfCpltCallback(hqspi);
2553:Drivers/STM32L4xx_HAL_Driver/Src/stm32l4xx_hal_qspi.c **** #endif
2554:Drivers/STM32L4xx_HAL_Driver/Src/stm32l4xx_hal_qspi.c **** }
2555:Drivers/STM32L4xx_HAL_Driver/Src/stm32l4xx_hal_qspi.c **** 
2556:Drivers/STM32L4xx_HAL_Driver/Src/stm32l4xx_hal_qspi.c **** /**
2557:Drivers/STM32L4xx_HAL_Driver/Src/stm32l4xx_hal_qspi.c ****   * @brief  DMA QSPI transmit process half complete callback.
2558:Drivers/STM32L4xx_HAL_Driver/Src/stm32l4xx_hal_qspi.c ****   * @param  hdma DMA handle
2559:Drivers/STM32L4xx_HAL_Driver/Src/stm32l4xx_hal_qspi.c ****   * @retval None
2560:Drivers/STM32L4xx_HAL_Driver/Src/stm32l4xx_hal_qspi.c ****   */
2561:Drivers/STM32L4xx_HAL_Driver/Src/stm32l4xx_hal_qspi.c **** static void QSPI_DMATxHalfCplt(DMA_HandleTypeDef *hdma)
2562:Drivers/STM32L4xx_HAL_Driver/Src/stm32l4xx_hal_qspi.c **** {
2563:Drivers/STM32L4xx_HAL_Driver/Src/stm32l4xx_hal_qspi.c ****   QSPI_HandleTypeDef* hqspi = (QSPI_HandleTypeDef*)(hdma->Parent);
2564:Drivers/STM32L4xx_HAL_Driver/Src/stm32l4xx_hal_qspi.c **** 
2565:Drivers/STM32L4xx_HAL_Driver/Src/stm32l4xx_hal_qspi.c **** #if (USE_HAL_QSPI_REGISTER_CALLBACKS == 1)
2566:Drivers/STM32L4xx_HAL_Driver/Src/stm32l4xx_hal_qspi.c ****   hqspi->TxHalfCpltCallback(hqspi);
2567:Drivers/STM32L4xx_HAL_Driver/Src/stm32l4xx_hal_qspi.c **** #else
2568:Drivers/STM32L4xx_HAL_Driver/Src/stm32l4xx_hal_qspi.c ****   HAL_QSPI_TxHalfCpltCallback(hqspi);
2569:Drivers/STM32L4xx_HAL_Driver/Src/stm32l4xx_hal_qspi.c **** #endif
2570:Drivers/STM32L4xx_HAL_Driver/Src/stm32l4xx_hal_qspi.c **** }
2571:Drivers/STM32L4xx_HAL_Driver/Src/stm32l4xx_hal_qspi.c **** 
2572:Drivers/STM32L4xx_HAL_Driver/Src/stm32l4xx_hal_qspi.c **** /**
2573:Drivers/STM32L4xx_HAL_Driver/Src/stm32l4xx_hal_qspi.c ****   * @brief  DMA QSPI communication error callback.
2574:Drivers/STM32L4xx_HAL_Driver/Src/stm32l4xx_hal_qspi.c ****   * @param  hdma DMA handle
2575:Drivers/STM32L4xx_HAL_Driver/Src/stm32l4xx_hal_qspi.c ****   * @retval None
2576:Drivers/STM32L4xx_HAL_Driver/Src/stm32l4xx_hal_qspi.c ****   */
2577:Drivers/STM32L4xx_HAL_Driver/Src/stm32l4xx_hal_qspi.c **** static void QSPI_DMAError(DMA_HandleTypeDef *hdma)
2578:Drivers/STM32L4xx_HAL_Driver/Src/stm32l4xx_hal_qspi.c **** {
2579:Drivers/STM32L4xx_HAL_Driver/Src/stm32l4xx_hal_qspi.c ****   QSPI_HandleTypeDef* hqspi = ( QSPI_HandleTypeDef* )(hdma->Parent);
2580:Drivers/STM32L4xx_HAL_Driver/Src/stm32l4xx_hal_qspi.c **** 
2581:Drivers/STM32L4xx_HAL_Driver/Src/stm32l4xx_hal_qspi.c ****   hqspi->RxXferCount = 0U;
2582:Drivers/STM32L4xx_HAL_Driver/Src/stm32l4xx_hal_qspi.c ****   hqspi->TxXferCount = 0U;
2583:Drivers/STM32L4xx_HAL_Driver/Src/stm32l4xx_hal_qspi.c ****   hqspi->ErrorCode   |= HAL_QSPI_ERROR_DMA;
2584:Drivers/STM32L4xx_HAL_Driver/Src/stm32l4xx_hal_qspi.c **** 
2585:Drivers/STM32L4xx_HAL_Driver/Src/stm32l4xx_hal_qspi.c ****   /* Disable the DMA transfer by clearing the DMAEN bit in the QSPI CR register */
2586:Drivers/STM32L4xx_HAL_Driver/Src/stm32l4xx_hal_qspi.c ****   CLEAR_BIT(hqspi->Instance->CR, QUADSPI_CR_DMAEN);
2587:Drivers/STM32L4xx_HAL_Driver/Src/stm32l4xx_hal_qspi.c **** 
2588:Drivers/STM32L4xx_HAL_Driver/Src/stm32l4xx_hal_qspi.c ****   /* Abort the QSPI */
ARM GAS  /tmp/ccLGcT9r.s 			page 48


2589:Drivers/STM32L4xx_HAL_Driver/Src/stm32l4xx_hal_qspi.c ****   (void)HAL_QSPI_Abort_IT(hqspi);
2590:Drivers/STM32L4xx_HAL_Driver/Src/stm32l4xx_hal_qspi.c **** 
2591:Drivers/STM32L4xx_HAL_Driver/Src/stm32l4xx_hal_qspi.c **** }
2592:Drivers/STM32L4xx_HAL_Driver/Src/stm32l4xx_hal_qspi.c **** 
2593:Drivers/STM32L4xx_HAL_Driver/Src/stm32l4xx_hal_qspi.c **** /**
2594:Drivers/STM32L4xx_HAL_Driver/Src/stm32l4xx_hal_qspi.c ****   * @brief  DMA QSPI abort complete callback.
2595:Drivers/STM32L4xx_HAL_Driver/Src/stm32l4xx_hal_qspi.c ****   * @param  hdma DMA handle
2596:Drivers/STM32L4xx_HAL_Driver/Src/stm32l4xx_hal_qspi.c ****   * @retval None
2597:Drivers/STM32L4xx_HAL_Driver/Src/stm32l4xx_hal_qspi.c ****   */
2598:Drivers/STM32L4xx_HAL_Driver/Src/stm32l4xx_hal_qspi.c **** static void QSPI_DMAAbortCplt(DMA_HandleTypeDef *hdma)
2599:Drivers/STM32L4xx_HAL_Driver/Src/stm32l4xx_hal_qspi.c **** {
2600:Drivers/STM32L4xx_HAL_Driver/Src/stm32l4xx_hal_qspi.c ****   QSPI_HandleTypeDef* hqspi = ( QSPI_HandleTypeDef* )(hdma->Parent);
2601:Drivers/STM32L4xx_HAL_Driver/Src/stm32l4xx_hal_qspi.c **** 
2602:Drivers/STM32L4xx_HAL_Driver/Src/stm32l4xx_hal_qspi.c ****   hqspi->RxXferCount = 0U;
2603:Drivers/STM32L4xx_HAL_Driver/Src/stm32l4xx_hal_qspi.c ****   hqspi->TxXferCount = 0U;
2604:Drivers/STM32L4xx_HAL_Driver/Src/stm32l4xx_hal_qspi.c **** 
2605:Drivers/STM32L4xx_HAL_Driver/Src/stm32l4xx_hal_qspi.c ****   if(hqspi->State == HAL_QSPI_STATE_ABORT)
2606:Drivers/STM32L4xx_HAL_Driver/Src/stm32l4xx_hal_qspi.c ****   {
2607:Drivers/STM32L4xx_HAL_Driver/Src/stm32l4xx_hal_qspi.c ****     /* DMA Abort called by QSPI abort */
2608:Drivers/STM32L4xx_HAL_Driver/Src/stm32l4xx_hal_qspi.c ****     /* Clear interrupt */
2609:Drivers/STM32L4xx_HAL_Driver/Src/stm32l4xx_hal_qspi.c ****     __HAL_QSPI_CLEAR_FLAG(hqspi, QSPI_FLAG_TC);
2610:Drivers/STM32L4xx_HAL_Driver/Src/stm32l4xx_hal_qspi.c **** 
2611:Drivers/STM32L4xx_HAL_Driver/Src/stm32l4xx_hal_qspi.c ****     /* Enable the QSPI Transfer Complete Interrupt */
2612:Drivers/STM32L4xx_HAL_Driver/Src/stm32l4xx_hal_qspi.c ****     __HAL_QSPI_ENABLE_IT(hqspi, QSPI_IT_TC);
2613:Drivers/STM32L4xx_HAL_Driver/Src/stm32l4xx_hal_qspi.c **** 
2614:Drivers/STM32L4xx_HAL_Driver/Src/stm32l4xx_hal_qspi.c ****     /* Configure QSPI: CR register with Abort request */
2615:Drivers/STM32L4xx_HAL_Driver/Src/stm32l4xx_hal_qspi.c ****     SET_BIT(hqspi->Instance->CR, QUADSPI_CR_ABORT);
2616:Drivers/STM32L4xx_HAL_Driver/Src/stm32l4xx_hal_qspi.c ****   }
2617:Drivers/STM32L4xx_HAL_Driver/Src/stm32l4xx_hal_qspi.c ****   else
2618:Drivers/STM32L4xx_HAL_Driver/Src/stm32l4xx_hal_qspi.c ****   {
2619:Drivers/STM32L4xx_HAL_Driver/Src/stm32l4xx_hal_qspi.c ****     /* DMA Abort called due to a transfer error interrupt */
2620:Drivers/STM32L4xx_HAL_Driver/Src/stm32l4xx_hal_qspi.c ****     /* Change state of QSPI */
2621:Drivers/STM32L4xx_HAL_Driver/Src/stm32l4xx_hal_qspi.c ****     hqspi->State = HAL_QSPI_STATE_READY;
2622:Drivers/STM32L4xx_HAL_Driver/Src/stm32l4xx_hal_qspi.c **** 
2623:Drivers/STM32L4xx_HAL_Driver/Src/stm32l4xx_hal_qspi.c ****     /* Error callback */
2624:Drivers/STM32L4xx_HAL_Driver/Src/stm32l4xx_hal_qspi.c **** #if (USE_HAL_QSPI_REGISTER_CALLBACKS == 1)
2625:Drivers/STM32L4xx_HAL_Driver/Src/stm32l4xx_hal_qspi.c ****     hqspi->ErrorCallback(hqspi);
2626:Drivers/STM32L4xx_HAL_Driver/Src/stm32l4xx_hal_qspi.c **** #else
2627:Drivers/STM32L4xx_HAL_Driver/Src/stm32l4xx_hal_qspi.c ****     HAL_QSPI_ErrorCallback(hqspi);
2628:Drivers/STM32L4xx_HAL_Driver/Src/stm32l4xx_hal_qspi.c **** #endif
2629:Drivers/STM32L4xx_HAL_Driver/Src/stm32l4xx_hal_qspi.c ****   }
2630:Drivers/STM32L4xx_HAL_Driver/Src/stm32l4xx_hal_qspi.c **** }
2631:Drivers/STM32L4xx_HAL_Driver/Src/stm32l4xx_hal_qspi.c **** 
2632:Drivers/STM32L4xx_HAL_Driver/Src/stm32l4xx_hal_qspi.c **** /**
2633:Drivers/STM32L4xx_HAL_Driver/Src/stm32l4xx_hal_qspi.c ****   * @brief  Wait for a flag state until timeout.
2634:Drivers/STM32L4xx_HAL_Driver/Src/stm32l4xx_hal_qspi.c ****   * @param  hqspi QSPI handle
2635:Drivers/STM32L4xx_HAL_Driver/Src/stm32l4xx_hal_qspi.c ****   * @param  Flag Flag checked
2636:Drivers/STM32L4xx_HAL_Driver/Src/stm32l4xx_hal_qspi.c ****   * @param  State Value of the flag expected
2637:Drivers/STM32L4xx_HAL_Driver/Src/stm32l4xx_hal_qspi.c ****   * @param  Tickstart Tick start value
2638:Drivers/STM32L4xx_HAL_Driver/Src/stm32l4xx_hal_qspi.c ****   * @param  Timeout Duration of the timeout
2639:Drivers/STM32L4xx_HAL_Driver/Src/stm32l4xx_hal_qspi.c ****   * @retval HAL status
2640:Drivers/STM32L4xx_HAL_Driver/Src/stm32l4xx_hal_qspi.c ****   */
2641:Drivers/STM32L4xx_HAL_Driver/Src/stm32l4xx_hal_qspi.c **** static HAL_StatusTypeDef QSPI_WaitFlagStateUntilTimeout(QSPI_HandleTypeDef *hqspi, uint32_t Flag,
2642:Drivers/STM32L4xx_HAL_Driver/Src/stm32l4xx_hal_qspi.c ****                                                         FlagStatus State, uint32_t Tickstart, uint3
2643:Drivers/STM32L4xx_HAL_Driver/Src/stm32l4xx_hal_qspi.c **** {
2644:Drivers/STM32L4xx_HAL_Driver/Src/stm32l4xx_hal_qspi.c ****   /* Wait until flag is in expected state */
2645:Drivers/STM32L4xx_HAL_Driver/Src/stm32l4xx_hal_qspi.c ****   while((__HAL_QSPI_GET_FLAG(hqspi, Flag)) != State)
ARM GAS  /tmp/ccLGcT9r.s 			page 49


2646:Drivers/STM32L4xx_HAL_Driver/Src/stm32l4xx_hal_qspi.c ****   {
2647:Drivers/STM32L4xx_HAL_Driver/Src/stm32l4xx_hal_qspi.c ****     /* Check for the Timeout */
2648:Drivers/STM32L4xx_HAL_Driver/Src/stm32l4xx_hal_qspi.c ****     if (Timeout != HAL_MAX_DELAY)
2649:Drivers/STM32L4xx_HAL_Driver/Src/stm32l4xx_hal_qspi.c ****     {
2650:Drivers/STM32L4xx_HAL_Driver/Src/stm32l4xx_hal_qspi.c ****       if(((HAL_GetTick() - Tickstart) > Timeout) || (Timeout == 0U))
2651:Drivers/STM32L4xx_HAL_Driver/Src/stm32l4xx_hal_qspi.c ****       {
2652:Drivers/STM32L4xx_HAL_Driver/Src/stm32l4xx_hal_qspi.c ****         hqspi->State     = HAL_QSPI_STATE_ERROR;
2653:Drivers/STM32L4xx_HAL_Driver/Src/stm32l4xx_hal_qspi.c ****         hqspi->ErrorCode |= HAL_QSPI_ERROR_TIMEOUT;
2654:Drivers/STM32L4xx_HAL_Driver/Src/stm32l4xx_hal_qspi.c **** 
2655:Drivers/STM32L4xx_HAL_Driver/Src/stm32l4xx_hal_qspi.c ****         return HAL_ERROR;
2656:Drivers/STM32L4xx_HAL_Driver/Src/stm32l4xx_hal_qspi.c ****       }
2657:Drivers/STM32L4xx_HAL_Driver/Src/stm32l4xx_hal_qspi.c ****     }
2658:Drivers/STM32L4xx_HAL_Driver/Src/stm32l4xx_hal_qspi.c ****   }
2659:Drivers/STM32L4xx_HAL_Driver/Src/stm32l4xx_hal_qspi.c ****   return HAL_OK;
2660:Drivers/STM32L4xx_HAL_Driver/Src/stm32l4xx_hal_qspi.c **** }
2661:Drivers/STM32L4xx_HAL_Driver/Src/stm32l4xx_hal_qspi.c **** 
2662:Drivers/STM32L4xx_HAL_Driver/Src/stm32l4xx_hal_qspi.c **** /**
2663:Drivers/STM32L4xx_HAL_Driver/Src/stm32l4xx_hal_qspi.c ****   * @brief  Configure the communication registers.
2664:Drivers/STM32L4xx_HAL_Driver/Src/stm32l4xx_hal_qspi.c ****   * @param  hqspi QSPI handle
2665:Drivers/STM32L4xx_HAL_Driver/Src/stm32l4xx_hal_qspi.c ****   * @param  cmd structure that contains the command configuration information
2666:Drivers/STM32L4xx_HAL_Driver/Src/stm32l4xx_hal_qspi.c ****   * @param  FunctionalMode functional mode to configured
2667:Drivers/STM32L4xx_HAL_Driver/Src/stm32l4xx_hal_qspi.c ****   *           This parameter can be one of the following values:
2668:Drivers/STM32L4xx_HAL_Driver/Src/stm32l4xx_hal_qspi.c ****   *            @arg QSPI_FUNCTIONAL_MODE_INDIRECT_WRITE: Indirect write mode
2669:Drivers/STM32L4xx_HAL_Driver/Src/stm32l4xx_hal_qspi.c ****   *            @arg QSPI_FUNCTIONAL_MODE_INDIRECT_READ: Indirect read mode
2670:Drivers/STM32L4xx_HAL_Driver/Src/stm32l4xx_hal_qspi.c ****   *            @arg QSPI_FUNCTIONAL_MODE_AUTO_POLLING: Automatic polling mode
2671:Drivers/STM32L4xx_HAL_Driver/Src/stm32l4xx_hal_qspi.c ****   *            @arg QSPI_FUNCTIONAL_MODE_MEMORY_MAPPED: Memory-mapped mode
2672:Drivers/STM32L4xx_HAL_Driver/Src/stm32l4xx_hal_qspi.c ****   * @retval None
2673:Drivers/STM32L4xx_HAL_Driver/Src/stm32l4xx_hal_qspi.c ****   */
2674:Drivers/STM32L4xx_HAL_Driver/Src/stm32l4xx_hal_qspi.c **** static void QSPI_Config(QSPI_HandleTypeDef *hqspi, QSPI_CommandTypeDef *cmd, uint32_t FunctionalMod
2675:Drivers/STM32L4xx_HAL_Driver/Src/stm32l4xx_hal_qspi.c **** {
  97              		.loc 1 2675 1 is_stmt 1 view -0
  98              		.cfi_startproc
  99              		@ args = 0, pretend = 0, frame = 0
 100              		@ frame_needed = 0, uses_anonymous_args = 0
 101              		@ link register save eliminated.
 102              		.loc 1 2675 1 is_stmt 0 view .LVU17
 103 0000 F0B4     		push	{r4, r5, r6, r7}
 104              	.LCFI0:
 105              		.cfi_def_cfa_offset 16
 106              		.cfi_offset 4, -16
 107              		.cfi_offset 5, -12
 108              		.cfi_offset 6, -8
 109              		.cfi_offset 7, -4
2676:Drivers/STM32L4xx_HAL_Driver/Src/stm32l4xx_hal_qspi.c ****   assert_param(IS_QSPI_FUNCTIONAL_MODE(FunctionalMode));
 110              		.loc 1 2676 3 is_stmt 1 view .LVU18
2677:Drivers/STM32L4xx_HAL_Driver/Src/stm32l4xx_hal_qspi.c **** 
2678:Drivers/STM32L4xx_HAL_Driver/Src/stm32l4xx_hal_qspi.c ****   if ((cmd->DataMode != QSPI_DATA_NONE) && (FunctionalMode != QSPI_FUNCTIONAL_MODE_MEMORY_MAPPED))
 111              		.loc 1 2678 3 view .LVU19
 112              		.loc 1 2678 11 is_stmt 0 view .LVU20
 113 0002 4B6A     		ldr	r3, [r1, #36]
 114              		.loc 1 2678 6 view .LVU21
 115 0004 33B1     		cbz	r3, .L4
 116              		.loc 1 2678 41 discriminator 1 view .LVU22
 117 0006 B2F1406F 		cmp	r2, #201326592
 118 000a 03D0     		beq	.L4
2679:Drivers/STM32L4xx_HAL_Driver/Src/stm32l4xx_hal_qspi.c ****   {
2680:Drivers/STM32L4xx_HAL_Driver/Src/stm32l4xx_hal_qspi.c ****     /* Configure QSPI: DLR register with the number of data to read or write */
ARM GAS  /tmp/ccLGcT9r.s 			page 50


2681:Drivers/STM32L4xx_HAL_Driver/Src/stm32l4xx_hal_qspi.c ****     WRITE_REG(hqspi->Instance->DLR, (cmd->NbData - 1U));
 119              		.loc 1 2681 5 is_stmt 1 view .LVU23
 120 000c 8B6A     		ldr	r3, [r1, #40]
 121 000e 0468     		ldr	r4, [r0]
 122 0010 013B     		subs	r3, r3, #1
 123 0012 2361     		str	r3, [r4, #16]
 124              	.L4:
2682:Drivers/STM32L4xx_HAL_Driver/Src/stm32l4xx_hal_qspi.c ****   }
2683:Drivers/STM32L4xx_HAL_Driver/Src/stm32l4xx_hal_qspi.c **** 
2684:Drivers/STM32L4xx_HAL_Driver/Src/stm32l4xx_hal_qspi.c ****   if (cmd->InstructionMode != QSPI_INSTRUCTION_NONE)
 125              		.loc 1 2684 3 view .LVU24
 126              		.loc 1 2684 10 is_stmt 0 view .LVU25
 127 0014 8C69     		ldr	r4, [r1, #24]
 128              		.loc 1 2684 6 view .LVU26
 129 0016 002C     		cmp	r4, #0
 130 0018 75D0     		beq	.L5
2685:Drivers/STM32L4xx_HAL_Driver/Src/stm32l4xx_hal_qspi.c ****   {
2686:Drivers/STM32L4xx_HAL_Driver/Src/stm32l4xx_hal_qspi.c ****     if (cmd->AlternateByteMode != QSPI_ALTERNATE_BYTES_NONE)
 131              		.loc 1 2686 5 is_stmt 1 view .LVU27
 132              		.loc 1 2686 12 is_stmt 0 view .LVU28
 133 001a 0E6A     		ldr	r6, [r1, #32]
 134              		.loc 1 2686 8 view .LVU29
 135 001c 002E     		cmp	r6, #0
 136 001e 3ED0     		beq	.L6
2687:Drivers/STM32L4xx_HAL_Driver/Src/stm32l4xx_hal_qspi.c ****     {
2688:Drivers/STM32L4xx_HAL_Driver/Src/stm32l4xx_hal_qspi.c ****       /* Configure QSPI: ABR register with alternate bytes value */
2689:Drivers/STM32L4xx_HAL_Driver/Src/stm32l4xx_hal_qspi.c ****       WRITE_REG(hqspi->Instance->ABR, cmd->AlternateBytes);
 137              		.loc 1 2689 7 is_stmt 1 view .LVU30
 138 0020 0368     		ldr	r3, [r0]
 139 0022 8C68     		ldr	r4, [r1, #8]
 140 0024 DC61     		str	r4, [r3, #28]
2690:Drivers/STM32L4xx_HAL_Driver/Src/stm32l4xx_hal_qspi.c **** 
2691:Drivers/STM32L4xx_HAL_Driver/Src/stm32l4xx_hal_qspi.c ****       if (cmd->AddressMode != QSPI_ADDRESS_NONE)
 141              		.loc 1 2691 7 view .LVU31
 142              		.loc 1 2691 14 is_stmt 0 view .LVU32
 143 0026 CC69     		ldr	r4, [r1, #28]
 144              		.loc 1 2691 10 view .LVU33
 145 0028 F4B1     		cbz	r4, .L7
2692:Drivers/STM32L4xx_HAL_Driver/Src/stm32l4xx_hal_qspi.c ****       {
2693:Drivers/STM32L4xx_HAL_Driver/Src/stm32l4xx_hal_qspi.c ****         /*---- Command with instruction, address and alternate bytes ----*/
2694:Drivers/STM32L4xx_HAL_Driver/Src/stm32l4xx_hal_qspi.c ****         /* Configure QSPI: CCR register with all communications parameters */
2695:Drivers/STM32L4xx_HAL_Driver/Src/stm32l4xx_hal_qspi.c ****         WRITE_REG(hqspi->Instance->CCR, (cmd->DdrMode | cmd->DdrHoldHalfCycle | cmd->SIOOMode |
 146              		.loc 1 2695 9 is_stmt 1 view .LVU34
 147 002a CB6A     		ldr	r3, [r1, #44]
 148 002c 0D6B     		ldr	r5, [r1, #48]
 149 002e 2B43     		orrs	r3, r3, r5
 150 0030 4D6B     		ldr	r5, [r1, #52]
 151 0032 2B43     		orrs	r3, r3, r5
 152 0034 4D6A     		ldr	r5, [r1, #36]
 153 0036 2B43     		orrs	r3, r3, r5
 154 0038 4D69     		ldr	r5, [r1, #20]
 155 003a 43EA8543 		orr	r3, r3, r5, lsl #18
 156 003e 0D69     		ldr	r5, [r1, #16]
 157 0040 2B43     		orrs	r3, r3, r5
 158 0042 0D6A     		ldr	r5, [r1, #32]
 159 0044 2B43     		orrs	r3, r3, r5
 160 0046 CD68     		ldr	r5, [r1, #12]
ARM GAS  /tmp/ccLGcT9r.s 			page 51


 161 0048 2B43     		orrs	r3, r3, r5
 162 004a 2343     		orrs	r3, r3, r4
 163 004c 8C69     		ldr	r4, [r1, #24]
 164 004e 2343     		orrs	r3, r3, r4
 165 0050 0C68     		ldr	r4, [r1]
 166 0052 2343     		orrs	r3, r3, r4
 167 0054 0468     		ldr	r4, [r0]
 168 0056 1343     		orrs	r3, r3, r2
 169 0058 6361     		str	r3, [r4, #20]
2696:Drivers/STM32L4xx_HAL_Driver/Src/stm32l4xx_hal_qspi.c ****                                          cmd->DataMode | (cmd->DummyCycles << QUADSPI_CCR_DCYC_Pos)
2697:Drivers/STM32L4xx_HAL_Driver/Src/stm32l4xx_hal_qspi.c ****                                          cmd->AlternateBytesSize | cmd->AlternateByteMode |
2698:Drivers/STM32L4xx_HAL_Driver/Src/stm32l4xx_hal_qspi.c ****                                          cmd->AddressSize | cmd->AddressMode | cmd->InstructionMode
2699:Drivers/STM32L4xx_HAL_Driver/Src/stm32l4xx_hal_qspi.c ****                                          cmd->Instruction | FunctionalMode));
2700:Drivers/STM32L4xx_HAL_Driver/Src/stm32l4xx_hal_qspi.c **** 
2701:Drivers/STM32L4xx_HAL_Driver/Src/stm32l4xx_hal_qspi.c ****         if (FunctionalMode != QSPI_FUNCTIONAL_MODE_MEMORY_MAPPED)
 170              		.loc 1 2701 9 view .LVU35
 171              		.loc 1 2701 12 is_stmt 0 view .LVU36
 172 005a B2F1406F 		cmp	r2, #201326592
 173 005e 1CD0     		beq	.L3
2702:Drivers/STM32L4xx_HAL_Driver/Src/stm32l4xx_hal_qspi.c ****         {
2703:Drivers/STM32L4xx_HAL_Driver/Src/stm32l4xx_hal_qspi.c ****           /* Configure QSPI: AR register with address value */
2704:Drivers/STM32L4xx_HAL_Driver/Src/stm32l4xx_hal_qspi.c ****           WRITE_REG(hqspi->Instance->AR, cmd->Address);
 174              		.loc 1 2704 11 is_stmt 1 view .LVU37
 175 0060 0368     		ldr	r3, [r0]
 176 0062 4A68     		ldr	r2, [r1, #4]
 177              	.LVL7:
 178              		.loc 1 2704 11 is_stmt 0 view .LVU38
 179 0064 9A61     		str	r2, [r3, #24]
 180 0066 18E0     		b	.L3
 181              	.LVL8:
 182              	.L7:
2705:Drivers/STM32L4xx_HAL_Driver/Src/stm32l4xx_hal_qspi.c ****         }
2706:Drivers/STM32L4xx_HAL_Driver/Src/stm32l4xx_hal_qspi.c ****       }
2707:Drivers/STM32L4xx_HAL_Driver/Src/stm32l4xx_hal_qspi.c ****       else
2708:Drivers/STM32L4xx_HAL_Driver/Src/stm32l4xx_hal_qspi.c ****       {
2709:Drivers/STM32L4xx_HAL_Driver/Src/stm32l4xx_hal_qspi.c ****         /*---- Command with instruction and alternate bytes ----*/
2710:Drivers/STM32L4xx_HAL_Driver/Src/stm32l4xx_hal_qspi.c ****         /* Configure QSPI: CCR register with all communications parameters */
2711:Drivers/STM32L4xx_HAL_Driver/Src/stm32l4xx_hal_qspi.c ****         WRITE_REG(hqspi->Instance->CCR, (cmd->DdrMode | cmd->DdrHoldHalfCycle | cmd->SIOOMode |
 183              		.loc 1 2711 9 is_stmt 1 view .LVU39
 184 0068 CB6A     		ldr	r3, [r1, #44]
 185 006a 0D6B     		ldr	r5, [r1, #48]
 186 006c 2B43     		orrs	r3, r3, r5
 187 006e 4D6B     		ldr	r5, [r1, #52]
 188 0070 2B43     		orrs	r3, r3, r5
 189 0072 4D6A     		ldr	r5, [r1, #36]
 190 0074 2B43     		orrs	r3, r3, r5
 191 0076 4D69     		ldr	r5, [r1, #20]
 192 0078 43EA8543 		orr	r3, r3, r5, lsl #18
 193 007c 0D69     		ldr	r5, [r1, #16]
 194 007e 2B43     		orrs	r3, r3, r5
 195 0080 0D6A     		ldr	r5, [r1, #32]
 196 0082 2B43     		orrs	r3, r3, r5
 197 0084 2343     		orrs	r3, r3, r4
 198 0086 8C69     		ldr	r4, [r1, #24]
 199 0088 2343     		orrs	r3, r3, r4
 200 008a 0968     		ldr	r1, [r1]
 201              	.LVL9:
ARM GAS  /tmp/ccLGcT9r.s 			page 52


 202              		.loc 1 2711 9 is_stmt 0 view .LVU40
 203 008c 0B43     		orrs	r3, r3, r1
 204 008e 0168     		ldr	r1, [r0]
 205 0090 1343     		orrs	r3, r3, r2
 206 0092 4B61     		str	r3, [r1, #20]
2712:Drivers/STM32L4xx_HAL_Driver/Src/stm32l4xx_hal_qspi.c ****                                          cmd->DataMode | (cmd->DummyCycles << QUADSPI_CCR_DCYC_Pos)
2713:Drivers/STM32L4xx_HAL_Driver/Src/stm32l4xx_hal_qspi.c ****                                          cmd->AlternateBytesSize | cmd->AlternateByteMode |
2714:Drivers/STM32L4xx_HAL_Driver/Src/stm32l4xx_hal_qspi.c ****                                          cmd->AddressMode | cmd->InstructionMode |
2715:Drivers/STM32L4xx_HAL_Driver/Src/stm32l4xx_hal_qspi.c ****                                          cmd->Instruction | FunctionalMode));
2716:Drivers/STM32L4xx_HAL_Driver/Src/stm32l4xx_hal_qspi.c **** 
2717:Drivers/STM32L4xx_HAL_Driver/Src/stm32l4xx_hal_qspi.c ****         /* Clear AR register */
2718:Drivers/STM32L4xx_HAL_Driver/Src/stm32l4xx_hal_qspi.c ****         CLEAR_REG(hqspi->Instance->AR);
 207              		.loc 1 2718 9 is_stmt 1 view .LVU41
 208 0094 0368     		ldr	r3, [r0]
 209 0096 0022     		movs	r2, #0
 210              	.LVL10:
 211              		.loc 1 2718 9 is_stmt 0 view .LVU42
 212 0098 9A61     		str	r2, [r3, #24]
 213              	.L3:
2719:Drivers/STM32L4xx_HAL_Driver/Src/stm32l4xx_hal_qspi.c ****       }
2720:Drivers/STM32L4xx_HAL_Driver/Src/stm32l4xx_hal_qspi.c ****     }
2721:Drivers/STM32L4xx_HAL_Driver/Src/stm32l4xx_hal_qspi.c ****     else
2722:Drivers/STM32L4xx_HAL_Driver/Src/stm32l4xx_hal_qspi.c ****     {
2723:Drivers/STM32L4xx_HAL_Driver/Src/stm32l4xx_hal_qspi.c ****       if (cmd->AddressMode != QSPI_ADDRESS_NONE)
2724:Drivers/STM32L4xx_HAL_Driver/Src/stm32l4xx_hal_qspi.c ****       {
2725:Drivers/STM32L4xx_HAL_Driver/Src/stm32l4xx_hal_qspi.c ****         /*---- Command with instruction and address ----*/
2726:Drivers/STM32L4xx_HAL_Driver/Src/stm32l4xx_hal_qspi.c ****         /* Configure QSPI: CCR register with all communications parameters */
2727:Drivers/STM32L4xx_HAL_Driver/Src/stm32l4xx_hal_qspi.c ****         WRITE_REG(hqspi->Instance->CCR, (cmd->DdrMode | cmd->DdrHoldHalfCycle | cmd->SIOOMode |
2728:Drivers/STM32L4xx_HAL_Driver/Src/stm32l4xx_hal_qspi.c ****                                          cmd->DataMode | (cmd->DummyCycles << QUADSPI_CCR_DCYC_Pos)
2729:Drivers/STM32L4xx_HAL_Driver/Src/stm32l4xx_hal_qspi.c ****                                          cmd->AlternateByteMode | cmd->AddressSize | cmd->AddressMo
2730:Drivers/STM32L4xx_HAL_Driver/Src/stm32l4xx_hal_qspi.c ****                                          cmd->InstructionMode | cmd->Instruction | FunctionalMode))
2731:Drivers/STM32L4xx_HAL_Driver/Src/stm32l4xx_hal_qspi.c **** 
2732:Drivers/STM32L4xx_HAL_Driver/Src/stm32l4xx_hal_qspi.c ****         if (FunctionalMode != QSPI_FUNCTIONAL_MODE_MEMORY_MAPPED)
2733:Drivers/STM32L4xx_HAL_Driver/Src/stm32l4xx_hal_qspi.c ****         {
2734:Drivers/STM32L4xx_HAL_Driver/Src/stm32l4xx_hal_qspi.c ****           /* Configure QSPI: AR register with address value */
2735:Drivers/STM32L4xx_HAL_Driver/Src/stm32l4xx_hal_qspi.c ****           WRITE_REG(hqspi->Instance->AR, cmd->Address);
2736:Drivers/STM32L4xx_HAL_Driver/Src/stm32l4xx_hal_qspi.c ****         }
2737:Drivers/STM32L4xx_HAL_Driver/Src/stm32l4xx_hal_qspi.c ****       }
2738:Drivers/STM32L4xx_HAL_Driver/Src/stm32l4xx_hal_qspi.c ****       else
2739:Drivers/STM32L4xx_HAL_Driver/Src/stm32l4xx_hal_qspi.c ****       {
2740:Drivers/STM32L4xx_HAL_Driver/Src/stm32l4xx_hal_qspi.c ****         /*---- Command with only instruction ----*/
2741:Drivers/STM32L4xx_HAL_Driver/Src/stm32l4xx_hal_qspi.c ****         /* Configure QSPI: CCR register with all communications parameters */
2742:Drivers/STM32L4xx_HAL_Driver/Src/stm32l4xx_hal_qspi.c ****         WRITE_REG(hqspi->Instance->CCR, (cmd->DdrMode | cmd->DdrHoldHalfCycle | cmd->SIOOMode |
2743:Drivers/STM32L4xx_HAL_Driver/Src/stm32l4xx_hal_qspi.c ****                                          cmd->DataMode | (cmd->DummyCycles << QUADSPI_CCR_DCYC_Pos)
2744:Drivers/STM32L4xx_HAL_Driver/Src/stm32l4xx_hal_qspi.c ****                                          cmd->AlternateByteMode | cmd->AddressMode |
2745:Drivers/STM32L4xx_HAL_Driver/Src/stm32l4xx_hal_qspi.c ****                                          cmd->InstructionMode | cmd->Instruction | FunctionalMode))
2746:Drivers/STM32L4xx_HAL_Driver/Src/stm32l4xx_hal_qspi.c **** 
2747:Drivers/STM32L4xx_HAL_Driver/Src/stm32l4xx_hal_qspi.c ****         /* Clear AR register */
2748:Drivers/STM32L4xx_HAL_Driver/Src/stm32l4xx_hal_qspi.c ****         CLEAR_REG(hqspi->Instance->AR);
2749:Drivers/STM32L4xx_HAL_Driver/Src/stm32l4xx_hal_qspi.c ****       }
2750:Drivers/STM32L4xx_HAL_Driver/Src/stm32l4xx_hal_qspi.c ****     }
2751:Drivers/STM32L4xx_HAL_Driver/Src/stm32l4xx_hal_qspi.c ****   }
2752:Drivers/STM32L4xx_HAL_Driver/Src/stm32l4xx_hal_qspi.c ****   else
2753:Drivers/STM32L4xx_HAL_Driver/Src/stm32l4xx_hal_qspi.c ****   {
2754:Drivers/STM32L4xx_HAL_Driver/Src/stm32l4xx_hal_qspi.c ****     if (cmd->AlternateByteMode != QSPI_ALTERNATE_BYTES_NONE)
2755:Drivers/STM32L4xx_HAL_Driver/Src/stm32l4xx_hal_qspi.c ****     {
2756:Drivers/STM32L4xx_HAL_Driver/Src/stm32l4xx_hal_qspi.c ****       /* Configure QSPI: ABR register with alternate bytes value */
ARM GAS  /tmp/ccLGcT9r.s 			page 53


2757:Drivers/STM32L4xx_HAL_Driver/Src/stm32l4xx_hal_qspi.c ****       WRITE_REG(hqspi->Instance->ABR, cmd->AlternateBytes);
2758:Drivers/STM32L4xx_HAL_Driver/Src/stm32l4xx_hal_qspi.c **** 
2759:Drivers/STM32L4xx_HAL_Driver/Src/stm32l4xx_hal_qspi.c ****       if (cmd->AddressMode != QSPI_ADDRESS_NONE)
2760:Drivers/STM32L4xx_HAL_Driver/Src/stm32l4xx_hal_qspi.c ****       {
2761:Drivers/STM32L4xx_HAL_Driver/Src/stm32l4xx_hal_qspi.c ****         /*---- Command with address and alternate bytes ----*/
2762:Drivers/STM32L4xx_HAL_Driver/Src/stm32l4xx_hal_qspi.c ****         /* Configure QSPI: CCR register with all communications parameters */
2763:Drivers/STM32L4xx_HAL_Driver/Src/stm32l4xx_hal_qspi.c ****         WRITE_REG(hqspi->Instance->CCR, (cmd->DdrMode | cmd->DdrHoldHalfCycle | cmd->SIOOMode |
2764:Drivers/STM32L4xx_HAL_Driver/Src/stm32l4xx_hal_qspi.c ****                                          cmd->DataMode | (cmd->DummyCycles << QUADSPI_CCR_DCYC_Pos)
2765:Drivers/STM32L4xx_HAL_Driver/Src/stm32l4xx_hal_qspi.c ****                                          cmd->AlternateBytesSize | cmd->AlternateByteMode |
2766:Drivers/STM32L4xx_HAL_Driver/Src/stm32l4xx_hal_qspi.c ****                                          cmd->AddressSize | cmd->AddressMode |
2767:Drivers/STM32L4xx_HAL_Driver/Src/stm32l4xx_hal_qspi.c ****                                          cmd->InstructionMode | FunctionalMode));
2768:Drivers/STM32L4xx_HAL_Driver/Src/stm32l4xx_hal_qspi.c **** 
2769:Drivers/STM32L4xx_HAL_Driver/Src/stm32l4xx_hal_qspi.c ****         if (FunctionalMode != QSPI_FUNCTIONAL_MODE_MEMORY_MAPPED)
2770:Drivers/STM32L4xx_HAL_Driver/Src/stm32l4xx_hal_qspi.c ****         {
2771:Drivers/STM32L4xx_HAL_Driver/Src/stm32l4xx_hal_qspi.c ****           /* Configure QSPI: AR register with address value */
2772:Drivers/STM32L4xx_HAL_Driver/Src/stm32l4xx_hal_qspi.c ****           WRITE_REG(hqspi->Instance->AR, cmd->Address);
2773:Drivers/STM32L4xx_HAL_Driver/Src/stm32l4xx_hal_qspi.c ****         }
2774:Drivers/STM32L4xx_HAL_Driver/Src/stm32l4xx_hal_qspi.c ****       }
2775:Drivers/STM32L4xx_HAL_Driver/Src/stm32l4xx_hal_qspi.c ****       else
2776:Drivers/STM32L4xx_HAL_Driver/Src/stm32l4xx_hal_qspi.c ****       {
2777:Drivers/STM32L4xx_HAL_Driver/Src/stm32l4xx_hal_qspi.c ****         /*---- Command with only alternate bytes ----*/
2778:Drivers/STM32L4xx_HAL_Driver/Src/stm32l4xx_hal_qspi.c ****         /* Configure QSPI: CCR register with all communications parameters */
2779:Drivers/STM32L4xx_HAL_Driver/Src/stm32l4xx_hal_qspi.c ****         WRITE_REG(hqspi->Instance->CCR, (cmd->DdrMode | cmd->DdrHoldHalfCycle | cmd->SIOOMode |
2780:Drivers/STM32L4xx_HAL_Driver/Src/stm32l4xx_hal_qspi.c ****                                          cmd->DataMode | (cmd->DummyCycles << QUADSPI_CCR_DCYC_Pos)
2781:Drivers/STM32L4xx_HAL_Driver/Src/stm32l4xx_hal_qspi.c ****                                          cmd->AlternateBytesSize | cmd->AlternateByteMode |
2782:Drivers/STM32L4xx_HAL_Driver/Src/stm32l4xx_hal_qspi.c ****                                          cmd->AddressMode | cmd->InstructionMode | FunctionalMode))
2783:Drivers/STM32L4xx_HAL_Driver/Src/stm32l4xx_hal_qspi.c **** 
2784:Drivers/STM32L4xx_HAL_Driver/Src/stm32l4xx_hal_qspi.c ****         /* Clear AR register */
2785:Drivers/STM32L4xx_HAL_Driver/Src/stm32l4xx_hal_qspi.c ****         CLEAR_REG(hqspi->Instance->AR);
2786:Drivers/STM32L4xx_HAL_Driver/Src/stm32l4xx_hal_qspi.c ****       }
2787:Drivers/STM32L4xx_HAL_Driver/Src/stm32l4xx_hal_qspi.c ****     }
2788:Drivers/STM32L4xx_HAL_Driver/Src/stm32l4xx_hal_qspi.c ****     else
2789:Drivers/STM32L4xx_HAL_Driver/Src/stm32l4xx_hal_qspi.c ****     {
2790:Drivers/STM32L4xx_HAL_Driver/Src/stm32l4xx_hal_qspi.c ****       if (cmd->AddressMode != QSPI_ADDRESS_NONE)
2791:Drivers/STM32L4xx_HAL_Driver/Src/stm32l4xx_hal_qspi.c ****       {
2792:Drivers/STM32L4xx_HAL_Driver/Src/stm32l4xx_hal_qspi.c ****         /*---- Command with only address ----*/
2793:Drivers/STM32L4xx_HAL_Driver/Src/stm32l4xx_hal_qspi.c ****         /* Configure QSPI: CCR register with all communications parameters */
2794:Drivers/STM32L4xx_HAL_Driver/Src/stm32l4xx_hal_qspi.c ****         WRITE_REG(hqspi->Instance->CCR, (cmd->DdrMode | cmd->DdrHoldHalfCycle | cmd->SIOOMode |
2795:Drivers/STM32L4xx_HAL_Driver/Src/stm32l4xx_hal_qspi.c ****                                          cmd->DataMode | (cmd->DummyCycles << QUADSPI_CCR_DCYC_Pos)
2796:Drivers/STM32L4xx_HAL_Driver/Src/stm32l4xx_hal_qspi.c ****                                          cmd->AlternateByteMode | cmd->AddressSize |
2797:Drivers/STM32L4xx_HAL_Driver/Src/stm32l4xx_hal_qspi.c ****                                          cmd->AddressMode | cmd->InstructionMode | FunctionalMode))
2798:Drivers/STM32L4xx_HAL_Driver/Src/stm32l4xx_hal_qspi.c **** 
2799:Drivers/STM32L4xx_HAL_Driver/Src/stm32l4xx_hal_qspi.c ****         if (FunctionalMode != QSPI_FUNCTIONAL_MODE_MEMORY_MAPPED)
2800:Drivers/STM32L4xx_HAL_Driver/Src/stm32l4xx_hal_qspi.c ****         {
2801:Drivers/STM32L4xx_HAL_Driver/Src/stm32l4xx_hal_qspi.c ****           /* Configure QSPI: AR register with address value */
2802:Drivers/STM32L4xx_HAL_Driver/Src/stm32l4xx_hal_qspi.c ****           WRITE_REG(hqspi->Instance->AR, cmd->Address);
2803:Drivers/STM32L4xx_HAL_Driver/Src/stm32l4xx_hal_qspi.c ****         }
2804:Drivers/STM32L4xx_HAL_Driver/Src/stm32l4xx_hal_qspi.c ****       }
2805:Drivers/STM32L4xx_HAL_Driver/Src/stm32l4xx_hal_qspi.c ****       else
2806:Drivers/STM32L4xx_HAL_Driver/Src/stm32l4xx_hal_qspi.c ****       {
2807:Drivers/STM32L4xx_HAL_Driver/Src/stm32l4xx_hal_qspi.c ****         /*---- Command with only data phase ----*/
2808:Drivers/STM32L4xx_HAL_Driver/Src/stm32l4xx_hal_qspi.c ****         if (cmd->DataMode != QSPI_DATA_NONE)
2809:Drivers/STM32L4xx_HAL_Driver/Src/stm32l4xx_hal_qspi.c ****         {
2810:Drivers/STM32L4xx_HAL_Driver/Src/stm32l4xx_hal_qspi.c ****           /* Configure QSPI: CCR register with all communications parameters */
2811:Drivers/STM32L4xx_HAL_Driver/Src/stm32l4xx_hal_qspi.c ****           WRITE_REG(hqspi->Instance->CCR, (cmd->DdrMode | cmd->DdrHoldHalfCycle | cmd->SIOOMode |
2812:Drivers/STM32L4xx_HAL_Driver/Src/stm32l4xx_hal_qspi.c ****                                            cmd->DataMode | (cmd->DummyCycles << QUADSPI_CCR_DCYC_Po
2813:Drivers/STM32L4xx_HAL_Driver/Src/stm32l4xx_hal_qspi.c ****                                            cmd->AlternateByteMode | cmd->AddressMode |
ARM GAS  /tmp/ccLGcT9r.s 			page 54


2814:Drivers/STM32L4xx_HAL_Driver/Src/stm32l4xx_hal_qspi.c ****                                            cmd->InstructionMode | FunctionalMode));
2815:Drivers/STM32L4xx_HAL_Driver/Src/stm32l4xx_hal_qspi.c **** 
2816:Drivers/STM32L4xx_HAL_Driver/Src/stm32l4xx_hal_qspi.c ****           /* Clear AR register */
2817:Drivers/STM32L4xx_HAL_Driver/Src/stm32l4xx_hal_qspi.c ****           CLEAR_REG(hqspi->Instance->AR);
2818:Drivers/STM32L4xx_HAL_Driver/Src/stm32l4xx_hal_qspi.c ****         }
2819:Drivers/STM32L4xx_HAL_Driver/Src/stm32l4xx_hal_qspi.c ****       }
2820:Drivers/STM32L4xx_HAL_Driver/Src/stm32l4xx_hal_qspi.c ****     }
2821:Drivers/STM32L4xx_HAL_Driver/Src/stm32l4xx_hal_qspi.c ****   }
2822:Drivers/STM32L4xx_HAL_Driver/Src/stm32l4xx_hal_qspi.c **** }
 214              		.loc 1 2822 1 view .LVU43
 215 009a F0BC     		pop	{r4, r5, r6, r7}
 216              	.LCFI1:
 217              		.cfi_remember_state
 218              		.cfi_restore 7
 219              		.cfi_restore 6
 220              		.cfi_restore 5
 221              		.cfi_restore 4
 222              		.cfi_def_cfa_offset 0
 223 009c 7047     		bx	lr
 224              	.LVL11:
 225              	.L6:
 226              	.LCFI2:
 227              		.cfi_restore_state
2723:Drivers/STM32L4xx_HAL_Driver/Src/stm32l4xx_hal_qspi.c ****       {
 228              		.loc 1 2723 7 is_stmt 1 view .LVU44
2723:Drivers/STM32L4xx_HAL_Driver/Src/stm32l4xx_hal_qspi.c ****       {
 229              		.loc 1 2723 14 is_stmt 0 view .LVU45
 230 009e CD69     		ldr	r5, [r1, #28]
2723:Drivers/STM32L4xx_HAL_Driver/Src/stm32l4xx_hal_qspi.c ****       {
 231              		.loc 1 2723 10 view .LVU46
 232 00a0 D5B1     		cbz	r5, .L9
2727:Drivers/STM32L4xx_HAL_Driver/Src/stm32l4xx_hal_qspi.c ****                                          cmd->DataMode | (cmd->DummyCycles << QUADSPI_CCR_DCYC_Pos)
 233              		.loc 1 2727 9 is_stmt 1 view .LVU47
 234 00a2 CB6A     		ldr	r3, [r1, #44]
 235 00a4 0F6B     		ldr	r7, [r1, #48]
 236 00a6 3B43     		orrs	r3, r3, r7
 237 00a8 4F6B     		ldr	r7, [r1, #52]
 238 00aa 3B43     		orrs	r3, r3, r7
 239 00ac 4F6A     		ldr	r7, [r1, #36]
 240 00ae 3B43     		orrs	r3, r3, r7
 241 00b0 4F69     		ldr	r7, [r1, #20]
 242 00b2 43EA8743 		orr	r3, r3, r7, lsl #18
 243 00b6 3343     		orrs	r3, r3, r6
 244 00b8 CE68     		ldr	r6, [r1, #12]
 245 00ba 3343     		orrs	r3, r3, r6
 246 00bc 2B43     		orrs	r3, r3, r5
 247 00be 2343     		orrs	r3, r3, r4
 248 00c0 0C68     		ldr	r4, [r1]
 249 00c2 2343     		orrs	r3, r3, r4
 250 00c4 0468     		ldr	r4, [r0]
 251 00c6 1343     		orrs	r3, r3, r2
 252 00c8 6361     		str	r3, [r4, #20]
2732:Drivers/STM32L4xx_HAL_Driver/Src/stm32l4xx_hal_qspi.c ****         {
 253              		.loc 1 2732 9 view .LVU48
2732:Drivers/STM32L4xx_HAL_Driver/Src/stm32l4xx_hal_qspi.c ****         {
 254              		.loc 1 2732 12 is_stmt 0 view .LVU49
 255 00ca B2F1406F 		cmp	r2, #201326592
ARM GAS  /tmp/ccLGcT9r.s 			page 55


 256 00ce E4D0     		beq	.L3
2735:Drivers/STM32L4xx_HAL_Driver/Src/stm32l4xx_hal_qspi.c ****         }
 257              		.loc 1 2735 11 is_stmt 1 view .LVU50
 258 00d0 0368     		ldr	r3, [r0]
 259 00d2 4A68     		ldr	r2, [r1, #4]
 260              	.LVL12:
2735:Drivers/STM32L4xx_HAL_Driver/Src/stm32l4xx_hal_qspi.c ****         }
 261              		.loc 1 2735 11 is_stmt 0 view .LVU51
 262 00d4 9A61     		str	r2, [r3, #24]
 263 00d6 E0E7     		b	.L3
 264              	.LVL13:
 265              	.L9:
2742:Drivers/STM32L4xx_HAL_Driver/Src/stm32l4xx_hal_qspi.c ****                                          cmd->DataMode | (cmd->DummyCycles << QUADSPI_CCR_DCYC_Pos)
 266              		.loc 1 2742 9 is_stmt 1 view .LVU52
 267 00d8 CB6A     		ldr	r3, [r1, #44]
 268 00da 0F6B     		ldr	r7, [r1, #48]
 269 00dc 3B43     		orrs	r3, r3, r7
 270 00de 4F6B     		ldr	r7, [r1, #52]
 271 00e0 3B43     		orrs	r3, r3, r7
 272 00e2 4F6A     		ldr	r7, [r1, #36]
 273 00e4 3B43     		orrs	r3, r3, r7
 274 00e6 4F69     		ldr	r7, [r1, #20]
 275 00e8 43EA8743 		orr	r3, r3, r7, lsl #18
 276 00ec 1E43     		orrs	r6, r6, r3
 277 00ee 45EA0603 		orr	r3, r5, r6
 278 00f2 2343     		orrs	r3, r3, r4
 279 00f4 0968     		ldr	r1, [r1]
 280              	.LVL14:
2742:Drivers/STM32L4xx_HAL_Driver/Src/stm32l4xx_hal_qspi.c ****                                          cmd->DataMode | (cmd->DummyCycles << QUADSPI_CCR_DCYC_Pos)
 281              		.loc 1 2742 9 is_stmt 0 view .LVU53
 282 00f6 0B43     		orrs	r3, r3, r1
 283 00f8 0168     		ldr	r1, [r0]
 284 00fa 1343     		orrs	r3, r3, r2
 285 00fc 4B61     		str	r3, [r1, #20]
2748:Drivers/STM32L4xx_HAL_Driver/Src/stm32l4xx_hal_qspi.c ****       }
 286              		.loc 1 2748 9 is_stmt 1 view .LVU54
 287 00fe 0368     		ldr	r3, [r0]
 288 0100 0022     		movs	r2, #0
 289              	.LVL15:
2748:Drivers/STM32L4xx_HAL_Driver/Src/stm32l4xx_hal_qspi.c ****       }
 290              		.loc 1 2748 9 is_stmt 0 view .LVU55
 291 0102 9A61     		str	r2, [r3, #24]
 292 0104 C9E7     		b	.L3
 293              	.LVL16:
 294              	.L5:
2754:Drivers/STM32L4xx_HAL_Driver/Src/stm32l4xx_hal_qspi.c ****     {
 295              		.loc 1 2754 5 is_stmt 1 view .LVU56
2754:Drivers/STM32L4xx_HAL_Driver/Src/stm32l4xx_hal_qspi.c ****     {
 296              		.loc 1 2754 12 is_stmt 0 view .LVU57
 297 0106 0D6A     		ldr	r5, [r1, #32]
2754:Drivers/STM32L4xx_HAL_Driver/Src/stm32l4xx_hal_qspi.c ****     {
 298              		.loc 1 2754 8 view .LVU58
 299 0108 002D     		cmp	r5, #0
 300 010a 39D0     		beq	.L10
2757:Drivers/STM32L4xx_HAL_Driver/Src/stm32l4xx_hal_qspi.c **** 
 301              		.loc 1 2757 7 is_stmt 1 view .LVU59
 302 010c 0368     		ldr	r3, [r0]
ARM GAS  /tmp/ccLGcT9r.s 			page 56


 303 010e 8C68     		ldr	r4, [r1, #8]
 304 0110 DC61     		str	r4, [r3, #28]
2759:Drivers/STM32L4xx_HAL_Driver/Src/stm32l4xx_hal_qspi.c ****       {
 305              		.loc 1 2759 7 view .LVU60
2759:Drivers/STM32L4xx_HAL_Driver/Src/stm32l4xx_hal_qspi.c ****       {
 306              		.loc 1 2759 14 is_stmt 0 view .LVU61
 307 0112 CC69     		ldr	r4, [r1, #28]
2759:Drivers/STM32L4xx_HAL_Driver/Src/stm32l4xx_hal_qspi.c ****       {
 308              		.loc 1 2759 10 view .LVU62
 309 0114 E4B1     		cbz	r4, .L11
2763:Drivers/STM32L4xx_HAL_Driver/Src/stm32l4xx_hal_qspi.c ****                                          cmd->DataMode | (cmd->DummyCycles << QUADSPI_CCR_DCYC_Pos)
 310              		.loc 1 2763 9 is_stmt 1 view .LVU63
 311 0116 CB6A     		ldr	r3, [r1, #44]
 312 0118 0D6B     		ldr	r5, [r1, #48]
 313 011a 2B43     		orrs	r3, r3, r5
 314 011c 4D6B     		ldr	r5, [r1, #52]
 315 011e 2B43     		orrs	r3, r3, r5
 316 0120 4D6A     		ldr	r5, [r1, #36]
 317 0122 2B43     		orrs	r3, r3, r5
 318 0124 4D69     		ldr	r5, [r1, #20]
 319 0126 43EA8543 		orr	r3, r3, r5, lsl #18
 320 012a 0D69     		ldr	r5, [r1, #16]
 321 012c 2B43     		orrs	r3, r3, r5
 322 012e 0D6A     		ldr	r5, [r1, #32]
 323 0130 2B43     		orrs	r3, r3, r5
 324 0132 CD68     		ldr	r5, [r1, #12]
 325 0134 2B43     		orrs	r3, r3, r5
 326 0136 2343     		orrs	r3, r3, r4
 327 0138 8C69     		ldr	r4, [r1, #24]
 328 013a 2343     		orrs	r3, r3, r4
 329 013c 0468     		ldr	r4, [r0]
 330 013e 1343     		orrs	r3, r3, r2
 331 0140 6361     		str	r3, [r4, #20]
2769:Drivers/STM32L4xx_HAL_Driver/Src/stm32l4xx_hal_qspi.c ****         {
 332              		.loc 1 2769 9 view .LVU64
2769:Drivers/STM32L4xx_HAL_Driver/Src/stm32l4xx_hal_qspi.c ****         {
 333              		.loc 1 2769 12 is_stmt 0 view .LVU65
 334 0142 B2F1406F 		cmp	r2, #201326592
 335 0146 A8D0     		beq	.L3
2772:Drivers/STM32L4xx_HAL_Driver/Src/stm32l4xx_hal_qspi.c ****         }
 336              		.loc 1 2772 11 is_stmt 1 view .LVU66
 337 0148 0368     		ldr	r3, [r0]
 338 014a 4A68     		ldr	r2, [r1, #4]
 339              	.LVL17:
2772:Drivers/STM32L4xx_HAL_Driver/Src/stm32l4xx_hal_qspi.c ****         }
 340              		.loc 1 2772 11 is_stmt 0 view .LVU67
 341 014c 9A61     		str	r2, [r3, #24]
 342 014e A4E7     		b	.L3
 343              	.LVL18:
 344              	.L11:
2779:Drivers/STM32L4xx_HAL_Driver/Src/stm32l4xx_hal_qspi.c ****                                          cmd->DataMode | (cmd->DummyCycles << QUADSPI_CCR_DCYC_Pos)
 345              		.loc 1 2779 9 is_stmt 1 view .LVU68
 346 0150 CB6A     		ldr	r3, [r1, #44]
 347 0152 0D6B     		ldr	r5, [r1, #48]
 348 0154 2B43     		orrs	r3, r3, r5
 349 0156 4D6B     		ldr	r5, [r1, #52]
 350 0158 2B43     		orrs	r3, r3, r5
ARM GAS  /tmp/ccLGcT9r.s 			page 57


 351 015a 4D6A     		ldr	r5, [r1, #36]
 352 015c 2B43     		orrs	r3, r3, r5
 353 015e 4D69     		ldr	r5, [r1, #20]
 354 0160 43EA8543 		orr	r3, r3, r5, lsl #18
 355 0164 0D69     		ldr	r5, [r1, #16]
 356 0166 2B43     		orrs	r3, r3, r5
 357 0168 0D6A     		ldr	r5, [r1, #32]
 358 016a 2B43     		orrs	r3, r3, r5
 359 016c 1C43     		orrs	r4, r4, r3
 360 016e 8B69     		ldr	r3, [r1, #24]
 361 0170 1C43     		orrs	r4, r4, r3
 362 0172 0368     		ldr	r3, [r0]
 363 0174 1443     		orrs	r4, r4, r2
 364 0176 5C61     		str	r4, [r3, #20]
2785:Drivers/STM32L4xx_HAL_Driver/Src/stm32l4xx_hal_qspi.c ****       }
 365              		.loc 1 2785 9 view .LVU69
 366 0178 0368     		ldr	r3, [r0]
 367 017a 0022     		movs	r2, #0
 368              	.LVL19:
2785:Drivers/STM32L4xx_HAL_Driver/Src/stm32l4xx_hal_qspi.c ****       }
 369              		.loc 1 2785 9 is_stmt 0 view .LVU70
 370 017c 9A61     		str	r2, [r3, #24]
 371 017e 8CE7     		b	.L3
 372              	.LVL20:
 373              	.L10:
2790:Drivers/STM32L4xx_HAL_Driver/Src/stm32l4xx_hal_qspi.c ****       {
 374              		.loc 1 2790 7 is_stmt 1 view .LVU71
2790:Drivers/STM32L4xx_HAL_Driver/Src/stm32l4xx_hal_qspi.c ****       {
 375              		.loc 1 2790 14 is_stmt 0 view .LVU72
 376 0180 CE69     		ldr	r6, [r1, #28]
2790:Drivers/STM32L4xx_HAL_Driver/Src/stm32l4xx_hal_qspi.c ****       {
 377              		.loc 1 2790 10 view .LVU73
 378 0182 CEB1     		cbz	r6, .L12
2794:Drivers/STM32L4xx_HAL_Driver/Src/stm32l4xx_hal_qspi.c ****                                          cmd->DataMode | (cmd->DummyCycles << QUADSPI_CCR_DCYC_Pos)
 379              		.loc 1 2794 9 is_stmt 1 view .LVU74
 380 0184 CB6A     		ldr	r3, [r1, #44]
 381 0186 0F6B     		ldr	r7, [r1, #48]
 382 0188 3B43     		orrs	r3, r3, r7
 383 018a 4F6B     		ldr	r7, [r1, #52]
 384 018c 3B43     		orrs	r3, r3, r7
 385 018e 4F6A     		ldr	r7, [r1, #36]
 386 0190 3B43     		orrs	r3, r3, r7
 387 0192 4F69     		ldr	r7, [r1, #20]
 388 0194 43EA8743 		orr	r3, r3, r7, lsl #18
 389 0198 2B43     		orrs	r3, r3, r5
 390 019a CD68     		ldr	r5, [r1, #12]
 391 019c 2B43     		orrs	r3, r3, r5
 392 019e 3343     		orrs	r3, r3, r6
 393 01a0 2343     		orrs	r3, r3, r4
 394 01a2 0468     		ldr	r4, [r0]
 395 01a4 1343     		orrs	r3, r3, r2
 396 01a6 6361     		str	r3, [r4, #20]
2799:Drivers/STM32L4xx_HAL_Driver/Src/stm32l4xx_hal_qspi.c ****         {
 397              		.loc 1 2799 9 view .LVU75
2799:Drivers/STM32L4xx_HAL_Driver/Src/stm32l4xx_hal_qspi.c ****         {
 398              		.loc 1 2799 12 is_stmt 0 view .LVU76
 399 01a8 B2F1406F 		cmp	r2, #201326592
ARM GAS  /tmp/ccLGcT9r.s 			page 58


 400 01ac 3FF475AF 		beq	.L3
2802:Drivers/STM32L4xx_HAL_Driver/Src/stm32l4xx_hal_qspi.c ****         }
 401              		.loc 1 2802 11 is_stmt 1 view .LVU77
 402 01b0 0368     		ldr	r3, [r0]
 403 01b2 4A68     		ldr	r2, [r1, #4]
 404              	.LVL21:
2802:Drivers/STM32L4xx_HAL_Driver/Src/stm32l4xx_hal_qspi.c ****         }
 405              		.loc 1 2802 11 is_stmt 0 view .LVU78
 406 01b4 9A61     		str	r2, [r3, #24]
 407 01b6 70E7     		b	.L3
 408              	.LVL22:
 409              	.L12:
2808:Drivers/STM32L4xx_HAL_Driver/Src/stm32l4xx_hal_qspi.c ****         {
 410              		.loc 1 2808 9 is_stmt 1 view .LVU79
2808:Drivers/STM32L4xx_HAL_Driver/Src/stm32l4xx_hal_qspi.c ****         {
 411              		.loc 1 2808 16 is_stmt 0 view .LVU80
 412 01b8 D1F824C0 		ldr	ip, [r1, #36]
2808:Drivers/STM32L4xx_HAL_Driver/Src/stm32l4xx_hal_qspi.c ****         {
 413              		.loc 1 2808 12 view .LVU81
 414 01bc BCF1000F 		cmp	ip, #0
 415 01c0 3FF46BAF 		beq	.L3
2811:Drivers/STM32L4xx_HAL_Driver/Src/stm32l4xx_hal_qspi.c ****                                            cmd->DataMode | (cmd->DummyCycles << QUADSPI_CCR_DCYC_Po
 416              		.loc 1 2811 11 is_stmt 1 view .LVU82
 417 01c4 CB6A     		ldr	r3, [r1, #44]
 418 01c6 0F6B     		ldr	r7, [r1, #48]
 419 01c8 3B43     		orrs	r3, r3, r7
 420 01ca 4F6B     		ldr	r7, [r1, #52]
 421 01cc 3B43     		orrs	r3, r3, r7
 422 01ce 4CEA0307 		orr	r7, ip, r3
 423 01d2 4B69     		ldr	r3, [r1, #20]
 424 01d4 47EA8347 		orr	r7, r7, r3, lsl #18
 425 01d8 3D43     		orrs	r5, r5, r7
 426 01da 2E43     		orrs	r6, r6, r5
 427 01dc 3443     		orrs	r4, r4, r6
 428 01de 0368     		ldr	r3, [r0]
 429 01e0 1443     		orrs	r4, r4, r2
 430 01e2 5C61     		str	r4, [r3, #20]
2817:Drivers/STM32L4xx_HAL_Driver/Src/stm32l4xx_hal_qspi.c ****         }
 431              		.loc 1 2817 11 view .LVU83
 432 01e4 0368     		ldr	r3, [r0]
 433 01e6 0022     		movs	r2, #0
 434              	.LVL23:
2817:Drivers/STM32L4xx_HAL_Driver/Src/stm32l4xx_hal_qspi.c ****         }
 435              		.loc 1 2817 11 is_stmt 0 view .LVU84
 436 01e8 9A61     		str	r2, [r3, #24]
 437              		.loc 1 2822 1 view .LVU85
 438 01ea 56E7     		b	.L3
 439              		.cfi_endproc
 440              	.LFE425:
 442              		.section	.text.QSPI_WaitFlagStateUntilTimeout,"ax",%progbits
 443              		.align	1
 444              		.syntax unified
 445              		.thumb
 446              		.thumb_func
 448              	QSPI_WaitFlagStateUntilTimeout:
 449              	.LVL24:
 450              	.LFB424:
ARM GAS  /tmp/ccLGcT9r.s 			page 59


2643:Drivers/STM32L4xx_HAL_Driver/Src/stm32l4xx_hal_qspi.c ****   /* Wait until flag is in expected state */
 451              		.loc 1 2643 1 is_stmt 1 view -0
 452              		.cfi_startproc
 453              		@ args = 4, pretend = 0, frame = 0
 454              		@ frame_needed = 0, uses_anonymous_args = 0
2643:Drivers/STM32L4xx_HAL_Driver/Src/stm32l4xx_hal_qspi.c ****   /* Wait until flag is in expected state */
 455              		.loc 1 2643 1 is_stmt 0 view .LVU87
 456 0000 2DE9F843 		push	{r3, r4, r5, r6, r7, r8, r9, lr}
 457              	.LCFI3:
 458              		.cfi_def_cfa_offset 32
 459              		.cfi_offset 3, -32
 460              		.cfi_offset 4, -28
 461              		.cfi_offset 5, -24
 462              		.cfi_offset 6, -20
 463              		.cfi_offset 7, -16
 464              		.cfi_offset 8, -12
 465              		.cfi_offset 9, -8
 466              		.cfi_offset 14, -4
 467 0004 0546     		mov	r5, r0
 468 0006 0F46     		mov	r7, r1
 469 0008 1646     		mov	r6, r2
 470 000a 9946     		mov	r9, r3
 471 000c DDF82080 		ldr	r8, [sp, #32]
2645:Drivers/STM32L4xx_HAL_Driver/Src/stm32l4xx_hal_qspi.c ****   {
 472              		.loc 1 2645 3 is_stmt 1 view .LVU88
 473              	.LVL25:
 474              	.L16:
2645:Drivers/STM32L4xx_HAL_Driver/Src/stm32l4xx_hal_qspi.c ****   {
 475              		.loc 1 2645 44 view .LVU89
2645:Drivers/STM32L4xx_HAL_Driver/Src/stm32l4xx_hal_qspi.c ****   {
 476              		.loc 1 2645 10 is_stmt 0 view .LVU90
 477 0010 2C68     		ldr	r4, [r5]
 478 0012 A468     		ldr	r4, [r4, #8]
 479 0014 3C42     		tst	r4, r7
 480 0016 14BF     		ite	ne
 481 0018 4FF0010C 		movne	ip, #1
 482 001c 4FF0000C 		moveq	ip, #0
2645:Drivers/STM32L4xx_HAL_Driver/Src/stm32l4xx_hal_qspi.c ****   {
 483              		.loc 1 2645 44 view .LVU91
 484 0020 B445     		cmp	ip, r6
 485 0022 14D0     		beq	.L21
2648:Drivers/STM32L4xx_HAL_Driver/Src/stm32l4xx_hal_qspi.c ****     {
 486              		.loc 1 2648 5 is_stmt 1 view .LVU92
2648:Drivers/STM32L4xx_HAL_Driver/Src/stm32l4xx_hal_qspi.c ****     {
 487              		.loc 1 2648 8 is_stmt 0 view .LVU93
 488 0024 B8F1FF3F 		cmp	r8, #-1
 489 0028 F2D0     		beq	.L16
2650:Drivers/STM32L4xx_HAL_Driver/Src/stm32l4xx_hal_qspi.c ****       {
 490              		.loc 1 2650 7 is_stmt 1 view .LVU94
2650:Drivers/STM32L4xx_HAL_Driver/Src/stm32l4xx_hal_qspi.c ****       {
 491              		.loc 1 2650 12 is_stmt 0 view .LVU95
 492 002a FFF7FEFF 		bl	HAL_GetTick
 493              	.LVL26:
2650:Drivers/STM32L4xx_HAL_Driver/Src/stm32l4xx_hal_qspi.c ****       {
 494              		.loc 1 2650 26 discriminator 1 view .LVU96
 495 002e A0EB0900 		sub	r0, r0, r9
2650:Drivers/STM32L4xx_HAL_Driver/Src/stm32l4xx_hal_qspi.c ****       {
ARM GAS  /tmp/ccLGcT9r.s 			page 60


 496              		.loc 1 2650 9 discriminator 1 view .LVU97
 497 0032 4045     		cmp	r0, r8
 498 0034 02D8     		bhi	.L17
2650:Drivers/STM32L4xx_HAL_Driver/Src/stm32l4xx_hal_qspi.c ****       {
 499              		.loc 1 2650 50 discriminator 1 view .LVU98
 500 0036 B8F1000F 		cmp	r8, #0
 501 003a E9D1     		bne	.L16
 502              	.L17:
2652:Drivers/STM32L4xx_HAL_Driver/Src/stm32l4xx_hal_qspi.c ****         hqspi->ErrorCode |= HAL_QSPI_ERROR_TIMEOUT;
 503              		.loc 1 2652 9 is_stmt 1 view .LVU99
2652:Drivers/STM32L4xx_HAL_Driver/Src/stm32l4xx_hal_qspi.c ****         hqspi->ErrorCode |= HAL_QSPI_ERROR_TIMEOUT;
 504              		.loc 1 2652 26 is_stmt 0 view .LVU100
 505 003c 0423     		movs	r3, #4
 506 003e 85F84130 		strb	r3, [r5, #65]
2653:Drivers/STM32L4xx_HAL_Driver/Src/stm32l4xx_hal_qspi.c **** 
 507              		.loc 1 2653 9 is_stmt 1 view .LVU101
2653:Drivers/STM32L4xx_HAL_Driver/Src/stm32l4xx_hal_qspi.c **** 
 508              		.loc 1 2653 14 is_stmt 0 view .LVU102
 509 0042 6B6C     		ldr	r3, [r5, #68]
2653:Drivers/STM32L4xx_HAL_Driver/Src/stm32l4xx_hal_qspi.c **** 
 510              		.loc 1 2653 26 view .LVU103
 511 0044 43F00103 		orr	r3, r3, #1
 512 0048 6B64     		str	r3, [r5, #68]
2655:Drivers/STM32L4xx_HAL_Driver/Src/stm32l4xx_hal_qspi.c ****       }
 513              		.loc 1 2655 9 is_stmt 1 view .LVU104
2655:Drivers/STM32L4xx_HAL_Driver/Src/stm32l4xx_hal_qspi.c ****       }
 514              		.loc 1 2655 16 is_stmt 0 view .LVU105
 515 004a 0120     		movs	r0, #1
 516 004c 00E0     		b	.L18
 517              	.L21:
2659:Drivers/STM32L4xx_HAL_Driver/Src/stm32l4xx_hal_qspi.c **** }
 518              		.loc 1 2659 10 view .LVU106
 519 004e 0020     		movs	r0, #0
 520              	.L18:
2660:Drivers/STM32L4xx_HAL_Driver/Src/stm32l4xx_hal_qspi.c **** 
 521              		.loc 1 2660 1 view .LVU107
 522 0050 BDE8F883 		pop	{r3, r4, r5, r6, r7, r8, r9, pc}
2660:Drivers/STM32L4xx_HAL_Driver/Src/stm32l4xx_hal_qspi.c **** 
 523              		.loc 1 2660 1 view .LVU108
 524              		.cfi_endproc
 525              	.LFE424:
 527              		.section	.text.HAL_QSPI_MspInit,"ax",%progbits
 528              		.align	1
 529              		.weak	HAL_QSPI_MspInit
 530              		.syntax unified
 531              		.thumb
 532              		.thumb_func
 534              	HAL_QSPI_MspInit:
 535              	.LVL27:
 536              	.LFB386:
 442:Drivers/STM32L4xx_HAL_Driver/Src/stm32l4xx_hal_qspi.c ****   /* Prevent unused argument(s) compilation warning */
 537              		.loc 1 442 1 is_stmt 1 view -0
 538              		.cfi_startproc
 539              		@ args = 0, pretend = 0, frame = 0
 540              		@ frame_needed = 0, uses_anonymous_args = 0
 541              		@ link register save eliminated.
 444:Drivers/STM32L4xx_HAL_Driver/Src/stm32l4xx_hal_qspi.c **** 
ARM GAS  /tmp/ccLGcT9r.s 			page 61


 542              		.loc 1 444 3 view .LVU110
 449:Drivers/STM32L4xx_HAL_Driver/Src/stm32l4xx_hal_qspi.c **** 
 543              		.loc 1 449 1 is_stmt 0 view .LVU111
 544 0000 7047     		bx	lr
 545              		.cfi_endproc
 546              	.LFE386:
 548              		.section	.text.HAL_QSPI_MspDeInit,"ax",%progbits
 549              		.align	1
 550              		.weak	HAL_QSPI_MspDeInit
 551              		.syntax unified
 552              		.thumb
 553              		.thumb_func
 555              	HAL_QSPI_MspDeInit:
 556              	.LVL28:
 557              	.LFB387:
 457:Drivers/STM32L4xx_HAL_Driver/Src/stm32l4xx_hal_qspi.c ****   /* Prevent unused argument(s) compilation warning */
 558              		.loc 1 457 1 is_stmt 1 view -0
 559              		.cfi_startproc
 560              		@ args = 0, pretend = 0, frame = 0
 561              		@ frame_needed = 0, uses_anonymous_args = 0
 562              		@ link register save eliminated.
 459:Drivers/STM32L4xx_HAL_Driver/Src/stm32l4xx_hal_qspi.c **** 
 563              		.loc 1 459 3 view .LVU113
 464:Drivers/STM32L4xx_HAL_Driver/Src/stm32l4xx_hal_qspi.c **** 
 564              		.loc 1 464 1 is_stmt 0 view .LVU114
 565 0000 7047     		bx	lr
 566              		.cfi_endproc
 567              	.LFE387:
 569              		.section	.text.HAL_QSPI_DeInit,"ax",%progbits
 570              		.align	1
 571              		.global	HAL_QSPI_DeInit
 572              		.syntax unified
 573              		.thumb
 574              		.thumb_func
 576              	HAL_QSPI_DeInit:
 577              	.LVL29:
 578              	.LFB385:
 401:Drivers/STM32L4xx_HAL_Driver/Src/stm32l4xx_hal_qspi.c ****   /* Check the QSPI handle allocation */
 579              		.loc 1 401 1 is_stmt 1 view -0
 580              		.cfi_startproc
 581              		@ args = 0, pretend = 0, frame = 0
 582              		@ frame_needed = 0, uses_anonymous_args = 0
 403:Drivers/STM32L4xx_HAL_Driver/Src/stm32l4xx_hal_qspi.c ****   {
 583              		.loc 1 403 3 view .LVU116
 403:Drivers/STM32L4xx_HAL_Driver/Src/stm32l4xx_hal_qspi.c ****   {
 584              		.loc 1 403 5 is_stmt 0 view .LVU117
 585 0000 78B1     		cbz	r0, .L26
 401:Drivers/STM32L4xx_HAL_Driver/Src/stm32l4xx_hal_qspi.c ****   /* Check the QSPI handle allocation */
 586              		.loc 1 401 1 view .LVU118
 587 0002 10B5     		push	{r4, lr}
 588              	.LCFI4:
 589              		.cfi_def_cfa_offset 8
 590              		.cfi_offset 4, -8
 591              		.cfi_offset 14, -4
 592 0004 0446     		mov	r4, r0
 409:Drivers/STM32L4xx_HAL_Driver/Src/stm32l4xx_hal_qspi.c **** 
 593              		.loc 1 409 3 is_stmt 1 view .LVU119
ARM GAS  /tmp/ccLGcT9r.s 			page 62


 594 0006 0268     		ldr	r2, [r0]
 595 0008 1368     		ldr	r3, [r2]
 596 000a 23F00103 		bic	r3, r3, #1
 597 000e 1360     		str	r3, [r2]
 421:Drivers/STM32L4xx_HAL_Driver/Src/stm32l4xx_hal_qspi.c **** #endif
 598              		.loc 1 421 3 view .LVU120
 599 0010 FFF7FEFF 		bl	HAL_QSPI_MspDeInit
 600              	.LVL30:
 425:Drivers/STM32L4xx_HAL_Driver/Src/stm32l4xx_hal_qspi.c **** 
 601              		.loc 1 425 3 view .LVU121
 425:Drivers/STM32L4xx_HAL_Driver/Src/stm32l4xx_hal_qspi.c **** 
 602              		.loc 1 425 20 is_stmt 0 view .LVU122
 603 0014 0020     		movs	r0, #0
 604 0016 6064     		str	r0, [r4, #68]
 428:Drivers/STM32L4xx_HAL_Driver/Src/stm32l4xx_hal_qspi.c **** 
 605              		.loc 1 428 3 is_stmt 1 view .LVU123
 428:Drivers/STM32L4xx_HAL_Driver/Src/stm32l4xx_hal_qspi.c **** 
 606              		.loc 1 428 16 is_stmt 0 view .LVU124
 607 0018 84F84100 		strb	r0, [r4, #65]
 431:Drivers/STM32L4xx_HAL_Driver/Src/stm32l4xx_hal_qspi.c **** 
 608              		.loc 1 431 3 is_stmt 1 view .LVU125
 431:Drivers/STM32L4xx_HAL_Driver/Src/stm32l4xx_hal_qspi.c **** 
 609              		.loc 1 431 3 view .LVU126
 610 001c 84F84000 		strb	r0, [r4, #64]
 431:Drivers/STM32L4xx_HAL_Driver/Src/stm32l4xx_hal_qspi.c **** 
 611              		.loc 1 431 3 view .LVU127
 433:Drivers/STM32L4xx_HAL_Driver/Src/stm32l4xx_hal_qspi.c **** }
 612              		.loc 1 433 3 view .LVU128
 434:Drivers/STM32L4xx_HAL_Driver/Src/stm32l4xx_hal_qspi.c **** 
 613              		.loc 1 434 1 is_stmt 0 view .LVU129
 614 0020 10BD     		pop	{r4, pc}
 615              	.LVL31:
 616              	.L26:
 617              	.LCFI5:
 618              		.cfi_def_cfa_offset 0
 619              		.cfi_restore 4
 620              		.cfi_restore 14
 405:Drivers/STM32L4xx_HAL_Driver/Src/stm32l4xx_hal_qspi.c ****   }
 621              		.loc 1 405 12 view .LVU130
 622 0022 0120     		movs	r0, #1
 623              	.LVL32:
 434:Drivers/STM32L4xx_HAL_Driver/Src/stm32l4xx_hal_qspi.c **** 
 624              		.loc 1 434 1 view .LVU131
 625 0024 7047     		bx	lr
 626              		.cfi_endproc
 627              	.LFE385:
 629              		.section	.text.HAL_QSPI_Command,"ax",%progbits
 630              		.align	1
 631              		.global	HAL_QSPI_Command
 632              		.syntax unified
 633              		.thumb
 634              		.thumb_func
 636              	HAL_QSPI_Command:
 637              	.LVL33:
 638              	.LFB389:
 793:Drivers/STM32L4xx_HAL_Driver/Src/stm32l4xx_hal_qspi.c ****   HAL_StatusTypeDef status;
 639              		.loc 1 793 1 is_stmt 1 view -0
ARM GAS  /tmp/ccLGcT9r.s 			page 63


 640              		.cfi_startproc
 641              		@ args = 0, pretend = 0, frame = 0
 642              		@ frame_needed = 0, uses_anonymous_args = 0
 793:Drivers/STM32L4xx_HAL_Driver/Src/stm32l4xx_hal_qspi.c ****   HAL_StatusTypeDef status;
 643              		.loc 1 793 1 is_stmt 0 view .LVU133
 644 0000 2DE9F041 		push	{r4, r5, r6, r7, r8, lr}
 645              	.LCFI6:
 646              		.cfi_def_cfa_offset 24
 647              		.cfi_offset 4, -24
 648              		.cfi_offset 5, -20
 649              		.cfi_offset 6, -16
 650              		.cfi_offset 7, -12
 651              		.cfi_offset 8, -8
 652              		.cfi_offset 14, -4
 653 0004 82B0     		sub	sp, sp, #8
 654              	.LCFI7:
 655              		.cfi_def_cfa_offset 32
 656 0006 0446     		mov	r4, r0
 657 0008 0F46     		mov	r7, r1
 658 000a 1646     		mov	r6, r2
 794:Drivers/STM32L4xx_HAL_Driver/Src/stm32l4xx_hal_qspi.c ****   uint32_t tickstart = HAL_GetTick();
 659              		.loc 1 794 3 is_stmt 1 view .LVU134
 795:Drivers/STM32L4xx_HAL_Driver/Src/stm32l4xx_hal_qspi.c **** 
 660              		.loc 1 795 3 view .LVU135
 795:Drivers/STM32L4xx_HAL_Driver/Src/stm32l4xx_hal_qspi.c **** 
 661              		.loc 1 795 24 is_stmt 0 view .LVU136
 662 000c FFF7FEFF 		bl	HAL_GetTick
 663              	.LVL34:
 798:Drivers/STM32L4xx_HAL_Driver/Src/stm32l4xx_hal_qspi.c ****   if (cmd->InstructionMode != QSPI_INSTRUCTION_NONE)
 664              		.loc 1 798 3 is_stmt 1 view .LVU137
 799:Drivers/STM32L4xx_HAL_Driver/Src/stm32l4xx_hal_qspi.c ****   {
 665              		.loc 1 799 3 view .LVU138
 801:Drivers/STM32L4xx_HAL_Driver/Src/stm32l4xx_hal_qspi.c ****   }
 666              		.loc 1 801 5 view .LVU139
 804:Drivers/STM32L4xx_HAL_Driver/Src/stm32l4xx_hal_qspi.c ****   if (cmd->AddressMode != QSPI_ADDRESS_NONE)
 667              		.loc 1 804 3 view .LVU140
 805:Drivers/STM32L4xx_HAL_Driver/Src/stm32l4xx_hal_qspi.c ****   {
 668              		.loc 1 805 3 view .LVU141
 807:Drivers/STM32L4xx_HAL_Driver/Src/stm32l4xx_hal_qspi.c ****   }
 669              		.loc 1 807 5 view .LVU142
 810:Drivers/STM32L4xx_HAL_Driver/Src/stm32l4xx_hal_qspi.c ****   if (cmd->AlternateByteMode != QSPI_ALTERNATE_BYTES_NONE)
 670              		.loc 1 810 3 view .LVU143
 811:Drivers/STM32L4xx_HAL_Driver/Src/stm32l4xx_hal_qspi.c ****   {
 671              		.loc 1 811 3 view .LVU144
 813:Drivers/STM32L4xx_HAL_Driver/Src/stm32l4xx_hal_qspi.c ****   }
 672              		.loc 1 813 5 view .LVU145
 816:Drivers/STM32L4xx_HAL_Driver/Src/stm32l4xx_hal_qspi.c ****   assert_param(IS_QSPI_DATA_MODE(cmd->DataMode));
 673              		.loc 1 816 3 view .LVU146
 817:Drivers/STM32L4xx_HAL_Driver/Src/stm32l4xx_hal_qspi.c **** 
 674              		.loc 1 817 3 view .LVU147
 819:Drivers/STM32L4xx_HAL_Driver/Src/stm32l4xx_hal_qspi.c ****   assert_param(IS_QSPI_DDR_HHC(cmd->DdrHoldHalfCycle));
 675              		.loc 1 819 3 view .LVU148
 820:Drivers/STM32L4xx_HAL_Driver/Src/stm32l4xx_hal_qspi.c ****   assert_param(IS_QSPI_SIOO_MODE(cmd->SIOOMode));
 676              		.loc 1 820 3 view .LVU149
 821:Drivers/STM32L4xx_HAL_Driver/Src/stm32l4xx_hal_qspi.c **** 
 677              		.loc 1 821 3 view .LVU150
 824:Drivers/STM32L4xx_HAL_Driver/Src/stm32l4xx_hal_qspi.c **** 
ARM GAS  /tmp/ccLGcT9r.s 			page 64


 678              		.loc 1 824 3 view .LVU151
 824:Drivers/STM32L4xx_HAL_Driver/Src/stm32l4xx_hal_qspi.c **** 
 679              		.loc 1 824 3 view .LVU152
 680 0010 94F840C0 		ldrb	ip, [r4, #64]	@ zero_extendqisi2
 681 0014 5FFA8CFC 		uxtb	ip, ip
 682 0018 BCF1010F 		cmp	ip, #1
 683 001c 3CD0     		beq	.L35
 684 001e 0546     		mov	r5, r0
 824:Drivers/STM32L4xx_HAL_Driver/Src/stm32l4xx_hal_qspi.c **** 
 685              		.loc 1 824 3 discriminator 2 view .LVU153
 686 0020 0123     		movs	r3, #1
 687 0022 84F84030 		strb	r3, [r4, #64]
 824:Drivers/STM32L4xx_HAL_Driver/Src/stm32l4xx_hal_qspi.c **** 
 688              		.loc 1 824 3 discriminator 2 view .LVU154
 826:Drivers/STM32L4xx_HAL_Driver/Src/stm32l4xx_hal_qspi.c ****   {
 689              		.loc 1 826 3 view .LVU155
 826:Drivers/STM32L4xx_HAL_Driver/Src/stm32l4xx_hal_qspi.c ****   {
 690              		.loc 1 826 11 is_stmt 0 view .LVU156
 691 0026 94F841C0 		ldrb	ip, [r4, #65]	@ zero_extendqisi2
 692 002a 5FFA8CFC 		uxtb	ip, ip
 826:Drivers/STM32L4xx_HAL_Driver/Src/stm32l4xx_hal_qspi.c ****   {
 693              		.loc 1 826 5 view .LVU157
 694 002e 9C45     		cmp	ip, r3
 695 0030 08D0     		beq	.L38
 864:Drivers/STM32L4xx_HAL_Driver/Src/stm32l4xx_hal_qspi.c ****   }
 696              		.loc 1 864 12 view .LVU158
 697 0032 4FF00208 		mov	r8, #2
 698              	.LVL35:
 699              	.L33:
 868:Drivers/STM32L4xx_HAL_Driver/Src/stm32l4xx_hal_qspi.c **** 
 700              		.loc 1 868 3 is_stmt 1 view .LVU159
 868:Drivers/STM32L4xx_HAL_Driver/Src/stm32l4xx_hal_qspi.c **** 
 701              		.loc 1 868 3 view .LVU160
 702 0036 0023     		movs	r3, #0
 703 0038 84F84030 		strb	r3, [r4, #64]
 868:Drivers/STM32L4xx_HAL_Driver/Src/stm32l4xx_hal_qspi.c **** 
 704              		.loc 1 868 3 view .LVU161
 871:Drivers/STM32L4xx_HAL_Driver/Src/stm32l4xx_hal_qspi.c **** }
 705              		.loc 1 871 3 view .LVU162
 706              	.LVL36:
 707              	.L32:
 872:Drivers/STM32L4xx_HAL_Driver/Src/stm32l4xx_hal_qspi.c **** 
 708              		.loc 1 872 1 is_stmt 0 view .LVU163
 709 003c 4046     		mov	r0, r8
 710 003e 02B0     		add	sp, sp, #8
 711              	.LCFI8:
 712              		.cfi_remember_state
 713              		.cfi_def_cfa_offset 24
 714              		@ sp needed
 715 0040 BDE8F081 		pop	{r4, r5, r6, r7, r8, pc}
 716              	.LVL37:
 717              	.L38:
 718              	.LCFI9:
 719              		.cfi_restore_state
 828:Drivers/STM32L4xx_HAL_Driver/Src/stm32l4xx_hal_qspi.c **** 
 720              		.loc 1 828 5 is_stmt 1 view .LVU164
 828:Drivers/STM32L4xx_HAL_Driver/Src/stm32l4xx_hal_qspi.c **** 
ARM GAS  /tmp/ccLGcT9r.s 			page 65


 721              		.loc 1 828 22 is_stmt 0 view .LVU165
 722 0044 0022     		movs	r2, #0
 723 0046 6264     		str	r2, [r4, #68]
 831:Drivers/STM32L4xx_HAL_Driver/Src/stm32l4xx_hal_qspi.c **** 
 724              		.loc 1 831 5 is_stmt 1 view .LVU166
 831:Drivers/STM32L4xx_HAL_Driver/Src/stm32l4xx_hal_qspi.c **** 
 725              		.loc 1 831 18 is_stmt 0 view .LVU167
 726 0048 0223     		movs	r3, #2
 727 004a 84F84130 		strb	r3, [r4, #65]
 834:Drivers/STM32L4xx_HAL_Driver/Src/stm32l4xx_hal_qspi.c **** 
 728              		.loc 1 834 5 is_stmt 1 view .LVU168
 834:Drivers/STM32L4xx_HAL_Driver/Src/stm32l4xx_hal_qspi.c **** 
 729              		.loc 1 834 14 is_stmt 0 view .LVU169
 730 004e 0096     		str	r6, [sp]
 731 0050 0346     		mov	r3, r0
 732 0052 2021     		movs	r1, #32
 733 0054 2046     		mov	r0, r4
 734              	.LVL38:
 834:Drivers/STM32L4xx_HAL_Driver/Src/stm32l4xx_hal_qspi.c **** 
 735              		.loc 1 834 14 view .LVU170
 736 0056 FFF7FEFF 		bl	QSPI_WaitFlagStateUntilTimeout
 737              	.LVL39:
 836:Drivers/STM32L4xx_HAL_Driver/Src/stm32l4xx_hal_qspi.c ****     {
 738              		.loc 1 836 5 is_stmt 1 view .LVU171
 836:Drivers/STM32L4xx_HAL_Driver/Src/stm32l4xx_hal_qspi.c ****     {
 739              		.loc 1 836 8 is_stmt 0 view .LVU172
 740 005a 8046     		mov	r8, r0
 741 005c 0028     		cmp	r0, #0
 742 005e EAD1     		bne	.L33
 839:Drivers/STM32L4xx_HAL_Driver/Src/stm32l4xx_hal_qspi.c **** 
 743              		.loc 1 839 7 is_stmt 1 view .LVU173
 744 0060 0022     		movs	r2, #0
 745 0062 3946     		mov	r1, r7
 746 0064 2046     		mov	r0, r4
 747              	.LVL40:
 839:Drivers/STM32L4xx_HAL_Driver/Src/stm32l4xx_hal_qspi.c **** 
 748              		.loc 1 839 7 is_stmt 0 view .LVU174
 749 0066 FFF7FEFF 		bl	QSPI_Config
 750              	.LVL41:
 841:Drivers/STM32L4xx_HAL_Driver/Src/stm32l4xx_hal_qspi.c ****       {
 751              		.loc 1 841 7 is_stmt 1 view .LVU175
 841:Drivers/STM32L4xx_HAL_Driver/Src/stm32l4xx_hal_qspi.c ****       {
 752              		.loc 1 841 14 is_stmt 0 view .LVU176
 753 006a 7B6A     		ldr	r3, [r7, #36]
 841:Drivers/STM32L4xx_HAL_Driver/Src/stm32l4xx_hal_qspi.c ****       {
 754              		.loc 1 841 10 view .LVU177
 755 006c 1BB1     		cbz	r3, .L39
 858:Drivers/STM32L4xx_HAL_Driver/Src/stm32l4xx_hal_qspi.c ****       }
 756              		.loc 1 858 9 is_stmt 1 view .LVU178
 858:Drivers/STM32L4xx_HAL_Driver/Src/stm32l4xx_hal_qspi.c ****       }
 757              		.loc 1 858 22 is_stmt 0 view .LVU179
 758 006e 0123     		movs	r3, #1
 759 0070 84F84130 		strb	r3, [r4, #65]
 760 0074 DFE7     		b	.L33
 761              	.L39:
 845:Drivers/STM32L4xx_HAL_Driver/Src/stm32l4xx_hal_qspi.c **** 
 762              		.loc 1 845 9 is_stmt 1 view .LVU180
ARM GAS  /tmp/ccLGcT9r.s 			page 66


 845:Drivers/STM32L4xx_HAL_Driver/Src/stm32l4xx_hal_qspi.c **** 
 763              		.loc 1 845 18 is_stmt 0 view .LVU181
 764 0076 0096     		str	r6, [sp]
 765 0078 2B46     		mov	r3, r5
 766 007a 0122     		movs	r2, #1
 767 007c 0221     		movs	r1, #2
 768 007e 2046     		mov	r0, r4
 769 0080 FFF7FEFF 		bl	QSPI_WaitFlagStateUntilTimeout
 770              	.LVL42:
 847:Drivers/STM32L4xx_HAL_Driver/Src/stm32l4xx_hal_qspi.c ****         {
 771              		.loc 1 847 9 is_stmt 1 view .LVU182
 847:Drivers/STM32L4xx_HAL_Driver/Src/stm32l4xx_hal_qspi.c ****         {
 772              		.loc 1 847 12 is_stmt 0 view .LVU183
 773 0084 8046     		mov	r8, r0
 774 0086 0028     		cmp	r0, #0
 775 0088 D5D1     		bne	.L33
 849:Drivers/STM32L4xx_HAL_Driver/Src/stm32l4xx_hal_qspi.c **** 
 776              		.loc 1 849 11 is_stmt 1 view .LVU184
 777 008a 2368     		ldr	r3, [r4]
 778 008c 0222     		movs	r2, #2
 779 008e DA60     		str	r2, [r3, #12]
 852:Drivers/STM32L4xx_HAL_Driver/Src/stm32l4xx_hal_qspi.c ****         }
 780              		.loc 1 852 11 view .LVU185
 852:Drivers/STM32L4xx_HAL_Driver/Src/stm32l4xx_hal_qspi.c ****         }
 781              		.loc 1 852 24 is_stmt 0 view .LVU186
 782 0090 0123     		movs	r3, #1
 783 0092 84F84130 		strb	r3, [r4, #65]
 784 0096 CEE7     		b	.L33
 785              	.LVL43:
 786              	.L35:
 824:Drivers/STM32L4xx_HAL_Driver/Src/stm32l4xx_hal_qspi.c **** 
 787              		.loc 1 824 3 discriminator 1 view .LVU187
 788 0098 4FF00208 		mov	r8, #2
 789 009c CEE7     		b	.L32
 790              		.cfi_endproc
 791              	.LFE389:
 793              		.section	.text.HAL_QSPI_Command_IT,"ax",%progbits
 794              		.align	1
 795              		.global	HAL_QSPI_Command_IT
 796              		.syntax unified
 797              		.thumb
 798              		.thumb_func
 800              	HAL_QSPI_Command_IT:
 801              	.LVL44:
 802              	.LFB390:
 882:Drivers/STM32L4xx_HAL_Driver/Src/stm32l4xx_hal_qspi.c ****   HAL_StatusTypeDef status;
 803              		.loc 1 882 1 is_stmt 1 view -0
 804              		.cfi_startproc
 805              		@ args = 0, pretend = 0, frame = 0
 806              		@ frame_needed = 0, uses_anonymous_args = 0
 882:Drivers/STM32L4xx_HAL_Driver/Src/stm32l4xx_hal_qspi.c ****   HAL_StatusTypeDef status;
 807              		.loc 1 882 1 is_stmt 0 view .LVU189
 808 0000 70B5     		push	{r4, r5, r6, lr}
 809              	.LCFI10:
 810              		.cfi_def_cfa_offset 16
 811              		.cfi_offset 4, -16
 812              		.cfi_offset 5, -12
ARM GAS  /tmp/ccLGcT9r.s 			page 67


 813              		.cfi_offset 6, -8
 814              		.cfi_offset 14, -4
 815 0002 82B0     		sub	sp, sp, #8
 816              	.LCFI11:
 817              		.cfi_def_cfa_offset 24
 818 0004 0446     		mov	r4, r0
 819 0006 0D46     		mov	r5, r1
 883:Drivers/STM32L4xx_HAL_Driver/Src/stm32l4xx_hal_qspi.c ****   uint32_t tickstart = HAL_GetTick();
 820              		.loc 1 883 3 is_stmt 1 view .LVU190
 884:Drivers/STM32L4xx_HAL_Driver/Src/stm32l4xx_hal_qspi.c **** 
 821              		.loc 1 884 3 view .LVU191
 884:Drivers/STM32L4xx_HAL_Driver/Src/stm32l4xx_hal_qspi.c **** 
 822              		.loc 1 884 24 is_stmt 0 view .LVU192
 823 0008 FFF7FEFF 		bl	HAL_GetTick
 824              	.LVL45:
 887:Drivers/STM32L4xx_HAL_Driver/Src/stm32l4xx_hal_qspi.c ****   if (cmd->InstructionMode != QSPI_INSTRUCTION_NONE)
 825              		.loc 1 887 3 is_stmt 1 view .LVU193
 888:Drivers/STM32L4xx_HAL_Driver/Src/stm32l4xx_hal_qspi.c ****   {
 826              		.loc 1 888 3 view .LVU194
 890:Drivers/STM32L4xx_HAL_Driver/Src/stm32l4xx_hal_qspi.c ****   }
 827              		.loc 1 890 5 view .LVU195
 893:Drivers/STM32L4xx_HAL_Driver/Src/stm32l4xx_hal_qspi.c ****   if (cmd->AddressMode != QSPI_ADDRESS_NONE)
 828              		.loc 1 893 3 view .LVU196
 894:Drivers/STM32L4xx_HAL_Driver/Src/stm32l4xx_hal_qspi.c ****   {
 829              		.loc 1 894 3 view .LVU197
 896:Drivers/STM32L4xx_HAL_Driver/Src/stm32l4xx_hal_qspi.c ****   }
 830              		.loc 1 896 5 view .LVU198
 899:Drivers/STM32L4xx_HAL_Driver/Src/stm32l4xx_hal_qspi.c ****   if (cmd->AlternateByteMode != QSPI_ALTERNATE_BYTES_NONE)
 831              		.loc 1 899 3 view .LVU199
 900:Drivers/STM32L4xx_HAL_Driver/Src/stm32l4xx_hal_qspi.c ****   {
 832              		.loc 1 900 3 view .LVU200
 902:Drivers/STM32L4xx_HAL_Driver/Src/stm32l4xx_hal_qspi.c ****   }
 833              		.loc 1 902 5 view .LVU201
 905:Drivers/STM32L4xx_HAL_Driver/Src/stm32l4xx_hal_qspi.c ****   assert_param(IS_QSPI_DATA_MODE(cmd->DataMode));
 834              		.loc 1 905 3 view .LVU202
 906:Drivers/STM32L4xx_HAL_Driver/Src/stm32l4xx_hal_qspi.c **** 
 835              		.loc 1 906 3 view .LVU203
 908:Drivers/STM32L4xx_HAL_Driver/Src/stm32l4xx_hal_qspi.c ****   assert_param(IS_QSPI_DDR_HHC(cmd->DdrHoldHalfCycle));
 836              		.loc 1 908 3 view .LVU204
 909:Drivers/STM32L4xx_HAL_Driver/Src/stm32l4xx_hal_qspi.c ****   assert_param(IS_QSPI_SIOO_MODE(cmd->SIOOMode));
 837              		.loc 1 909 3 view .LVU205
 910:Drivers/STM32L4xx_HAL_Driver/Src/stm32l4xx_hal_qspi.c **** 
 838              		.loc 1 910 3 view .LVU206
 913:Drivers/STM32L4xx_HAL_Driver/Src/stm32l4xx_hal_qspi.c **** 
 839              		.loc 1 913 3 view .LVU207
 913:Drivers/STM32L4xx_HAL_Driver/Src/stm32l4xx_hal_qspi.c **** 
 840              		.loc 1 913 3 view .LVU208
 841 000c 94F84020 		ldrb	r2, [r4, #64]	@ zero_extendqisi2
 842 0010 D2B2     		uxtb	r2, r2
 843 0012 012A     		cmp	r2, #1
 844 0014 3BD0     		beq	.L46
 913:Drivers/STM32L4xx_HAL_Driver/Src/stm32l4xx_hal_qspi.c **** 
 845              		.loc 1 913 3 discriminator 2 view .LVU209
 846 0016 0123     		movs	r3, #1
 847 0018 84F84030 		strb	r3, [r4, #64]
 913:Drivers/STM32L4xx_HAL_Driver/Src/stm32l4xx_hal_qspi.c **** 
 848              		.loc 1 913 3 discriminator 2 view .LVU210
ARM GAS  /tmp/ccLGcT9r.s 			page 68


 915:Drivers/STM32L4xx_HAL_Driver/Src/stm32l4xx_hal_qspi.c ****   {
 849              		.loc 1 915 3 view .LVU211
 915:Drivers/STM32L4xx_HAL_Driver/Src/stm32l4xx_hal_qspi.c ****   {
 850              		.loc 1 915 11 is_stmt 0 view .LVU212
 851 001c 94F84120 		ldrb	r2, [r4, #65]	@ zero_extendqisi2
 852 0020 D2B2     		uxtb	r2, r2
 915:Drivers/STM32L4xx_HAL_Driver/Src/stm32l4xx_hal_qspi.c ****   {
 853              		.loc 1 915 5 view .LVU213
 854 0022 9A42     		cmp	r2, r3
 855 0024 06D0     		beq	.L48
 963:Drivers/STM32L4xx_HAL_Driver/Src/stm32l4xx_hal_qspi.c **** 
 856              		.loc 1 963 5 is_stmt 1 view .LVU214
 857              	.LVL46:
 966:Drivers/STM32L4xx_HAL_Driver/Src/stm32l4xx_hal_qspi.c ****   }
 858              		.loc 1 966 5 view .LVU215
 966:Drivers/STM32L4xx_HAL_Driver/Src/stm32l4xx_hal_qspi.c ****   }
 859              		.loc 1 966 5 view .LVU216
 860 0026 0023     		movs	r3, #0
 861 0028 84F84030 		strb	r3, [r4, #64]
 963:Drivers/STM32L4xx_HAL_Driver/Src/stm32l4xx_hal_qspi.c **** 
 862              		.loc 1 963 12 is_stmt 0 view .LVU217
 863 002c 0226     		movs	r6, #2
 864              	.LVL47:
 865              	.L41:
 971:Drivers/STM32L4xx_HAL_Driver/Src/stm32l4xx_hal_qspi.c **** 
 866              		.loc 1 971 1 view .LVU218
 867 002e 3046     		mov	r0, r6
 868 0030 02B0     		add	sp, sp, #8
 869              	.LCFI12:
 870              		.cfi_remember_state
 871              		.cfi_def_cfa_offset 16
 872              		@ sp needed
 873 0032 70BD     		pop	{r4, r5, r6, pc}
 874              	.LVL48:
 875              	.L48:
 876              	.LCFI13:
 877              		.cfi_restore_state
 917:Drivers/STM32L4xx_HAL_Driver/Src/stm32l4xx_hal_qspi.c **** 
 878              		.loc 1 917 5 is_stmt 1 view .LVU219
 917:Drivers/STM32L4xx_HAL_Driver/Src/stm32l4xx_hal_qspi.c **** 
 879              		.loc 1 917 22 is_stmt 0 view .LVU220
 880 0034 0022     		movs	r2, #0
 881 0036 6264     		str	r2, [r4, #68]
 920:Drivers/STM32L4xx_HAL_Driver/Src/stm32l4xx_hal_qspi.c **** 
 882              		.loc 1 920 5 is_stmt 1 view .LVU221
 920:Drivers/STM32L4xx_HAL_Driver/Src/stm32l4xx_hal_qspi.c **** 
 883              		.loc 1 920 18 is_stmt 0 view .LVU222
 884 0038 0223     		movs	r3, #2
 885 003a 84F84130 		strb	r3, [r4, #65]
 923:Drivers/STM32L4xx_HAL_Driver/Src/stm32l4xx_hal_qspi.c **** 
 886              		.loc 1 923 5 is_stmt 1 view .LVU223
 923:Drivers/STM32L4xx_HAL_Driver/Src/stm32l4xx_hal_qspi.c **** 
 887              		.loc 1 923 14 is_stmt 0 view .LVU224
 888 003e A36C     		ldr	r3, [r4, #72]
 889 0040 0093     		str	r3, [sp]
 890 0042 0346     		mov	r3, r0
 891 0044 2021     		movs	r1, #32
ARM GAS  /tmp/ccLGcT9r.s 			page 69


 892 0046 2046     		mov	r0, r4
 893              	.LVL49:
 923:Drivers/STM32L4xx_HAL_Driver/Src/stm32l4xx_hal_qspi.c **** 
 894              		.loc 1 923 14 view .LVU225
 895 0048 FFF7FEFF 		bl	QSPI_WaitFlagStateUntilTimeout
 896              	.LVL50:
 925:Drivers/STM32L4xx_HAL_Driver/Src/stm32l4xx_hal_qspi.c ****     {
 897              		.loc 1 925 5 is_stmt 1 view .LVU226
 925:Drivers/STM32L4xx_HAL_Driver/Src/stm32l4xx_hal_qspi.c ****     {
 898              		.loc 1 925 8 is_stmt 0 view .LVU227
 899 004c 0646     		mov	r6, r0
 900 004e D0B9     		cbnz	r0, .L43
 927:Drivers/STM32L4xx_HAL_Driver/Src/stm32l4xx_hal_qspi.c ****       {
 901              		.loc 1 927 7 is_stmt 1 view .LVU228
 927:Drivers/STM32L4xx_HAL_Driver/Src/stm32l4xx_hal_qspi.c ****       {
 902              		.loc 1 927 14 is_stmt 0 view .LVU229
 903 0050 6B6A     		ldr	r3, [r5, #36]
 927:Drivers/STM32L4xx_HAL_Driver/Src/stm32l4xx_hal_qspi.c ****       {
 904              		.loc 1 927 10 view .LVU230
 905 0052 13B9     		cbnz	r3, .L44
 930:Drivers/STM32L4xx_HAL_Driver/Src/stm32l4xx_hal_qspi.c ****       }
 906              		.loc 1 930 9 is_stmt 1 view .LVU231
 907 0054 2368     		ldr	r3, [r4]
 908 0056 0322     		movs	r2, #3
 909 0058 DA60     		str	r2, [r3, #12]
 910              	.L44:
 934:Drivers/STM32L4xx_HAL_Driver/Src/stm32l4xx_hal_qspi.c **** 
 911              		.loc 1 934 7 view .LVU232
 912 005a 0022     		movs	r2, #0
 913 005c 2946     		mov	r1, r5
 914 005e 2046     		mov	r0, r4
 915              	.LVL51:
 934:Drivers/STM32L4xx_HAL_Driver/Src/stm32l4xx_hal_qspi.c **** 
 916              		.loc 1 934 7 is_stmt 0 view .LVU233
 917 0060 FFF7FEFF 		bl	QSPI_Config
 918              	.LVL52:
 936:Drivers/STM32L4xx_HAL_Driver/Src/stm32l4xx_hal_qspi.c ****       {
 919              		.loc 1 936 7 is_stmt 1 view .LVU234
 936:Drivers/STM32L4xx_HAL_Driver/Src/stm32l4xx_hal_qspi.c ****       {
 920              		.loc 1 936 14 is_stmt 0 view .LVU235
 921 0064 6B6A     		ldr	r3, [r5, #36]
 936:Drivers/STM32L4xx_HAL_Driver/Src/stm32l4xx_hal_qspi.c ****       {
 922              		.loc 1 936 10 view .LVU236
 923 0066 3BB9     		cbnz	r3, .L45
 941:Drivers/STM32L4xx_HAL_Driver/Src/stm32l4xx_hal_qspi.c **** 
 924              		.loc 1 941 9 is_stmt 1 view .LVU237
 941:Drivers/STM32L4xx_HAL_Driver/Src/stm32l4xx_hal_qspi.c **** 
 925              		.loc 1 941 9 view .LVU238
 926 0068 84F84030 		strb	r3, [r4, #64]
 941:Drivers/STM32L4xx_HAL_Driver/Src/stm32l4xx_hal_qspi.c **** 
 927              		.loc 1 941 9 view .LVU239
 944:Drivers/STM32L4xx_HAL_Driver/Src/stm32l4xx_hal_qspi.c ****       }
 928              		.loc 1 944 9 view .LVU240
 929 006c 2268     		ldr	r2, [r4]
 930 006e 1368     		ldr	r3, [r2]
 931 0070 43F44033 		orr	r3, r3, #196608
 932 0074 1360     		str	r3, [r2]
ARM GAS  /tmp/ccLGcT9r.s 			page 70


 933 0076 DAE7     		b	.L41
 934              	.L45:
 949:Drivers/STM32L4xx_HAL_Driver/Src/stm32l4xx_hal_qspi.c **** 
 935              		.loc 1 949 9 view .LVU241
 949:Drivers/STM32L4xx_HAL_Driver/Src/stm32l4xx_hal_qspi.c **** 
 936              		.loc 1 949 22 is_stmt 0 view .LVU242
 937 0078 0123     		movs	r3, #1
 938 007a 84F84130 		strb	r3, [r4, #65]
 952:Drivers/STM32L4xx_HAL_Driver/Src/stm32l4xx_hal_qspi.c ****       }
 939              		.loc 1 952 9 is_stmt 1 view .LVU243
 952:Drivers/STM32L4xx_HAL_Driver/Src/stm32l4xx_hal_qspi.c ****       }
 940              		.loc 1 952 9 view .LVU244
 941 007e 0023     		movs	r3, #0
 942 0080 84F84030 		strb	r3, [r4, #64]
 943 0084 D3E7     		b	.L41
 944              	.LVL53:
 945              	.L43:
 958:Drivers/STM32L4xx_HAL_Driver/Src/stm32l4xx_hal_qspi.c ****     }
 946              		.loc 1 958 7 view .LVU245
 958:Drivers/STM32L4xx_HAL_Driver/Src/stm32l4xx_hal_qspi.c ****     }
 947              		.loc 1 958 7 view .LVU246
 948 0086 0023     		movs	r3, #0
 949 0088 84F84030 		strb	r3, [r4, #64]
 950 008c CFE7     		b	.L41
 951              	.LVL54:
 952              	.L46:
 913:Drivers/STM32L4xx_HAL_Driver/Src/stm32l4xx_hal_qspi.c **** 
 953              		.loc 1 913 3 is_stmt 0 discriminator 1 view .LVU247
 954 008e 0226     		movs	r6, #2
 955 0090 CDE7     		b	.L41
 956              		.cfi_endproc
 957              	.LFE390:
 959              		.section	.text.HAL_QSPI_Transmit,"ax",%progbits
 960              		.align	1
 961              		.global	HAL_QSPI_Transmit
 962              		.syntax unified
 963              		.thumb
 964              		.thumb_func
 966              	HAL_QSPI_Transmit:
 967              	.LVL55:
 968              	.LFB391:
 982:Drivers/STM32L4xx_HAL_Driver/Src/stm32l4xx_hal_qspi.c ****   HAL_StatusTypeDef status = HAL_OK;
 969              		.loc 1 982 1 is_stmt 1 view -0
 970              		.cfi_startproc
 971              		@ args = 0, pretend = 0, frame = 0
 972              		@ frame_needed = 0, uses_anonymous_args = 0
 982:Drivers/STM32L4xx_HAL_Driver/Src/stm32l4xx_hal_qspi.c ****   HAL_StatusTypeDef status = HAL_OK;
 973              		.loc 1 982 1 is_stmt 0 view .LVU249
 974 0000 2DE9F043 		push	{r4, r5, r6, r7, r8, r9, lr}
 975              	.LCFI14:
 976              		.cfi_def_cfa_offset 28
 977              		.cfi_offset 4, -28
 978              		.cfi_offset 5, -24
 979              		.cfi_offset 6, -20
 980              		.cfi_offset 7, -16
 981              		.cfi_offset 8, -12
 982              		.cfi_offset 9, -8
ARM GAS  /tmp/ccLGcT9r.s 			page 71


 983              		.cfi_offset 14, -4
 984 0004 83B0     		sub	sp, sp, #12
 985              	.LCFI15:
 986              		.cfi_def_cfa_offset 40
 987 0006 0446     		mov	r4, r0
 988 0008 8946     		mov	r9, r1
 989 000a 1746     		mov	r7, r2
 983:Drivers/STM32L4xx_HAL_Driver/Src/stm32l4xx_hal_qspi.c ****   uint32_t tickstart = HAL_GetTick();
 990              		.loc 1 983 3 is_stmt 1 view .LVU250
 991              	.LVL56:
 984:Drivers/STM32L4xx_HAL_Driver/Src/stm32l4xx_hal_qspi.c ****   __IO uint32_t *data_reg = &hqspi->Instance->DR;
 992              		.loc 1 984 3 view .LVU251
 984:Drivers/STM32L4xx_HAL_Driver/Src/stm32l4xx_hal_qspi.c ****   __IO uint32_t *data_reg = &hqspi->Instance->DR;
 993              		.loc 1 984 24 is_stmt 0 view .LVU252
 994 000c FFF7FEFF 		bl	HAL_GetTick
 995              	.LVL57:
 985:Drivers/STM32L4xx_HAL_Driver/Src/stm32l4xx_hal_qspi.c **** 
 996              		.loc 1 985 3 is_stmt 1 view .LVU253
 985:Drivers/STM32L4xx_HAL_Driver/Src/stm32l4xx_hal_qspi.c **** 
 997              		.loc 1 985 35 is_stmt 0 view .LVU254
 998 0010 D4F80080 		ldr	r8, [r4]
 999              	.LVL58:
 988:Drivers/STM32L4xx_HAL_Driver/Src/stm32l4xx_hal_qspi.c **** 
 1000              		.loc 1 988 3 is_stmt 1 view .LVU255
 988:Drivers/STM32L4xx_HAL_Driver/Src/stm32l4xx_hal_qspi.c **** 
 1001              		.loc 1 988 3 view .LVU256
 1002 0014 94F84030 		ldrb	r3, [r4, #64]	@ zero_extendqisi2
 1003 0018 DBB2     		uxtb	r3, r3
 1004 001a 012B     		cmp	r3, #1
 1005 001c 57D0     		beq	.L57
 1006 001e 0646     		mov	r6, r0
 988:Drivers/STM32L4xx_HAL_Driver/Src/stm32l4xx_hal_qspi.c **** 
 1007              		.loc 1 988 3 discriminator 2 view .LVU257
 1008 0020 0123     		movs	r3, #1
 1009 0022 84F84030 		strb	r3, [r4, #64]
 988:Drivers/STM32L4xx_HAL_Driver/Src/stm32l4xx_hal_qspi.c **** 
 1010              		.loc 1 988 3 discriminator 2 view .LVU258
 990:Drivers/STM32L4xx_HAL_Driver/Src/stm32l4xx_hal_qspi.c ****   {
 1011              		.loc 1 990 3 view .LVU259
 990:Drivers/STM32L4xx_HAL_Driver/Src/stm32l4xx_hal_qspi.c ****   {
 1012              		.loc 1 990 11 is_stmt 0 view .LVU260
 1013 0026 94F84150 		ldrb	r5, [r4, #65]	@ zero_extendqisi2
 1014 002a EDB2     		uxtb	r5, r5
 990:Drivers/STM32L4xx_HAL_Driver/Src/stm32l4xx_hal_qspi.c ****   {
 1015              		.loc 1 990 5 view .LVU261
 1016 002c 9D42     		cmp	r5, r3
 1017 002e 07D0     		beq	.L60
1050:Drivers/STM32L4xx_HAL_Driver/Src/stm32l4xx_hal_qspi.c ****   }
 1018              		.loc 1 1050 12 view .LVU262
 1019 0030 0225     		movs	r5, #2
 1020              	.LVL59:
 1021              	.L51:
1054:Drivers/STM32L4xx_HAL_Driver/Src/stm32l4xx_hal_qspi.c **** 
 1022              		.loc 1 1054 3 is_stmt 1 view .LVU263
1054:Drivers/STM32L4xx_HAL_Driver/Src/stm32l4xx_hal_qspi.c **** 
 1023              		.loc 1 1054 3 view .LVU264
 1024 0032 0023     		movs	r3, #0
ARM GAS  /tmp/ccLGcT9r.s 			page 72


 1025 0034 84F84030 		strb	r3, [r4, #64]
1054:Drivers/STM32L4xx_HAL_Driver/Src/stm32l4xx_hal_qspi.c **** 
 1026              		.loc 1 1054 3 view .LVU265
1056:Drivers/STM32L4xx_HAL_Driver/Src/stm32l4xx_hal_qspi.c **** }
 1027              		.loc 1 1056 3 view .LVU266
 1028              	.LVL60:
 1029              	.L50:
1057:Drivers/STM32L4xx_HAL_Driver/Src/stm32l4xx_hal_qspi.c **** 
 1030              		.loc 1 1057 1 is_stmt 0 view .LVU267
 1031 0038 2846     		mov	r0, r5
 1032 003a 03B0     		add	sp, sp, #12
 1033              	.LCFI16:
 1034              		.cfi_remember_state
 1035              		.cfi_def_cfa_offset 28
 1036              		@ sp needed
 1037 003c BDE8F083 		pop	{r4, r5, r6, r7, r8, r9, pc}
 1038              	.LVL61:
 1039              	.L60:
 1040              	.LCFI17:
 1041              		.cfi_restore_state
 992:Drivers/STM32L4xx_HAL_Driver/Src/stm32l4xx_hal_qspi.c **** 
 1042              		.loc 1 992 5 is_stmt 1 view .LVU268
 992:Drivers/STM32L4xx_HAL_Driver/Src/stm32l4xx_hal_qspi.c **** 
 1043              		.loc 1 992 22 is_stmt 0 view .LVU269
 1044 0040 0023     		movs	r3, #0
 1045 0042 6364     		str	r3, [r4, #68]
 994:Drivers/STM32L4xx_HAL_Driver/Src/stm32l4xx_hal_qspi.c ****     {
 1046              		.loc 1 994 5 is_stmt 1 view .LVU270
 994:Drivers/STM32L4xx_HAL_Driver/Src/stm32l4xx_hal_qspi.c ****     {
 1047              		.loc 1 994 7 is_stmt 0 view .LVU271
 1048 0044 B9F1000F 		cmp	r9, #0
 1049 0048 3CD0     		beq	.L52
 997:Drivers/STM32L4xx_HAL_Driver/Src/stm32l4xx_hal_qspi.c **** 
 1050              		.loc 1 997 7 is_stmt 1 view .LVU272
 997:Drivers/STM32L4xx_HAL_Driver/Src/stm32l4xx_hal_qspi.c **** 
 1051              		.loc 1 997 20 is_stmt 0 view .LVU273
 1052 004a 1223     		movs	r3, #18
 1053 004c 84F84130 		strb	r3, [r4, #65]
1000:Drivers/STM32L4xx_HAL_Driver/Src/stm32l4xx_hal_qspi.c ****       hqspi->TxXferSize = READ_REG(hqspi->Instance->DLR) + 1U;
 1054              		.loc 1 1000 7 is_stmt 1 view .LVU274
1000:Drivers/STM32L4xx_HAL_Driver/Src/stm32l4xx_hal_qspi.c ****       hqspi->TxXferSize = READ_REG(hqspi->Instance->DLR) + 1U;
 1055              		.loc 1 1000 28 is_stmt 0 view .LVU275
 1056 0050 D8F81030 		ldr	r3, [r8, #16]
1000:Drivers/STM32L4xx_HAL_Driver/Src/stm32l4xx_hal_qspi.c ****       hqspi->TxXferSize = READ_REG(hqspi->Instance->DLR) + 1U;
 1057              		.loc 1 1000 59 view .LVU276
 1058 0054 0133     		adds	r3, r3, #1
1000:Drivers/STM32L4xx_HAL_Driver/Src/stm32l4xx_hal_qspi.c ****       hqspi->TxXferSize = READ_REG(hqspi->Instance->DLR) + 1U;
 1059              		.loc 1 1000 26 view .LVU277
 1060 0056 E362     		str	r3, [r4, #44]
1001:Drivers/STM32L4xx_HAL_Driver/Src/stm32l4xx_hal_qspi.c ****       hqspi->pTxBuffPtr = pData;
 1061              		.loc 1 1001 7 is_stmt 1 view .LVU278
1001:Drivers/STM32L4xx_HAL_Driver/Src/stm32l4xx_hal_qspi.c ****       hqspi->pTxBuffPtr = pData;
 1062              		.loc 1 1001 27 is_stmt 0 view .LVU279
 1063 0058 D8F81030 		ldr	r3, [r8, #16]
1001:Drivers/STM32L4xx_HAL_Driver/Src/stm32l4xx_hal_qspi.c ****       hqspi->pTxBuffPtr = pData;
 1064              		.loc 1 1001 58 view .LVU280
 1065 005c 0133     		adds	r3, r3, #1
ARM GAS  /tmp/ccLGcT9r.s 			page 73


1001:Drivers/STM32L4xx_HAL_Driver/Src/stm32l4xx_hal_qspi.c ****       hqspi->pTxBuffPtr = pData;
 1066              		.loc 1 1001 25 view .LVU281
 1067 005e A362     		str	r3, [r4, #40]
1002:Drivers/STM32L4xx_HAL_Driver/Src/stm32l4xx_hal_qspi.c **** 
 1068              		.loc 1 1002 7 is_stmt 1 view .LVU282
1002:Drivers/STM32L4xx_HAL_Driver/Src/stm32l4xx_hal_qspi.c **** 
 1069              		.loc 1 1002 25 is_stmt 0 view .LVU283
 1070 0060 C4F82490 		str	r9, [r4, #36]
1005:Drivers/STM32L4xx_HAL_Driver/Src/stm32l4xx_hal_qspi.c **** 
 1071              		.loc 1 1005 7 is_stmt 1 view .LVU284
 1072 0064 D8F81430 		ldr	r3, [r8, #20]
 1073 0068 23F04063 		bic	r3, r3, #201326592
 1074 006c C8F81430 		str	r3, [r8, #20]
1007:Drivers/STM32L4xx_HAL_Driver/Src/stm32l4xx_hal_qspi.c ****       {
 1075              		.loc 1 1007 7 view .LVU285
 983:Drivers/STM32L4xx_HAL_Driver/Src/stm32l4xx_hal_qspi.c ****   uint32_t tickstart = HAL_GetTick();
 1076              		.loc 1 983 21 is_stmt 0 view .LVU286
 1077 0070 0025     		movs	r5, #0
 1078              	.LVL62:
 1079              	.L53:
1007:Drivers/STM32L4xx_HAL_Driver/Src/stm32l4xx_hal_qspi.c ****       {
 1080              		.loc 1 1007 32 is_stmt 1 view .LVU287
1007:Drivers/STM32L4xx_HAL_Driver/Src/stm32l4xx_hal_qspi.c ****       {
 1081              		.loc 1 1007 18 is_stmt 0 view .LVU288
 1082 0072 E36A     		ldr	r3, [r4, #44]
1007:Drivers/STM32L4xx_HAL_Driver/Src/stm32l4xx_hal_qspi.c ****       {
 1083              		.loc 1 1007 32 view .LVU289
 1084 0074 9BB1     		cbz	r3, .L54
1010:Drivers/STM32L4xx_HAL_Driver/Src/stm32l4xx_hal_qspi.c **** 
 1085              		.loc 1 1010 9 is_stmt 1 view .LVU290
1010:Drivers/STM32L4xx_HAL_Driver/Src/stm32l4xx_hal_qspi.c **** 
 1086              		.loc 1 1010 18 is_stmt 0 view .LVU291
 1087 0076 0097     		str	r7, [sp]
 1088 0078 3346     		mov	r3, r6
 1089 007a 0122     		movs	r2, #1
 1090 007c 0421     		movs	r1, #4
 1091 007e 2046     		mov	r0, r4
 1092 0080 FFF7FEFF 		bl	QSPI_WaitFlagStateUntilTimeout
 1093              	.LVL63:
1012:Drivers/STM32L4xx_HAL_Driver/Src/stm32l4xx_hal_qspi.c ****         {
 1094              		.loc 1 1012 9 is_stmt 1 view .LVU292
1012:Drivers/STM32L4xx_HAL_Driver/Src/stm32l4xx_hal_qspi.c ****         {
 1095              		.loc 1 1012 12 is_stmt 0 view .LVU293
 1096 0084 0546     		mov	r5, r0
 1097 0086 50B9     		cbnz	r0, .L54
1017:Drivers/STM32L4xx_HAL_Driver/Src/stm32l4xx_hal_qspi.c ****         hqspi->pTxBuffPtr++;
 1098              		.loc 1 1017 9 is_stmt 1 view .LVU294
1017:Drivers/STM32L4xx_HAL_Driver/Src/stm32l4xx_hal_qspi.c ****         hqspi->pTxBuffPtr++;
 1099              		.loc 1 1017 45 is_stmt 0 view .LVU295
 1100 0088 636A     		ldr	r3, [r4, #36]
1017:Drivers/STM32L4xx_HAL_Driver/Src/stm32l4xx_hal_qspi.c ****         hqspi->pTxBuffPtr++;
 1101              		.loc 1 1017 39 view .LVU296
 1102 008a 1B78     		ldrb	r3, [r3]	@ zero_extendqisi2
1017:Drivers/STM32L4xx_HAL_Driver/Src/stm32l4xx_hal_qspi.c ****         hqspi->pTxBuffPtr++;
 1103              		.loc 1 1017 37 view .LVU297
 1104 008c 88F82030 		strb	r3, [r8, #32]
1018:Drivers/STM32L4xx_HAL_Driver/Src/stm32l4xx_hal_qspi.c ****         hqspi->TxXferCount--;
ARM GAS  /tmp/ccLGcT9r.s 			page 74


 1105              		.loc 1 1018 9 is_stmt 1 view .LVU298
1018:Drivers/STM32L4xx_HAL_Driver/Src/stm32l4xx_hal_qspi.c ****         hqspi->TxXferCount--;
 1106              		.loc 1 1018 14 is_stmt 0 view .LVU299
 1107 0090 616A     		ldr	r1, [r4, #36]
1018:Drivers/STM32L4xx_HAL_Driver/Src/stm32l4xx_hal_qspi.c ****         hqspi->TxXferCount--;
 1108              		.loc 1 1018 26 view .LVU300
 1109 0092 0131     		adds	r1, r1, #1
 1110 0094 6162     		str	r1, [r4, #36]
1019:Drivers/STM32L4xx_HAL_Driver/Src/stm32l4xx_hal_qspi.c ****       }
 1111              		.loc 1 1019 9 is_stmt 1 view .LVU301
1019:Drivers/STM32L4xx_HAL_Driver/Src/stm32l4xx_hal_qspi.c ****       }
 1112              		.loc 1 1019 14 is_stmt 0 view .LVU302
 1113 0096 E16A     		ldr	r1, [r4, #44]
1019:Drivers/STM32L4xx_HAL_Driver/Src/stm32l4xx_hal_qspi.c ****       }
 1114              		.loc 1 1019 27 view .LVU303
 1115 0098 0139     		subs	r1, r1, #1
 1116 009a E162     		str	r1, [r4, #44]
 1117 009c E9E7     		b	.L53
 1118              	.LVL64:
 1119              	.L54:
1022:Drivers/STM32L4xx_HAL_Driver/Src/stm32l4xx_hal_qspi.c ****       {
 1120              		.loc 1 1022 7 is_stmt 1 view .LVU304
1022:Drivers/STM32L4xx_HAL_Driver/Src/stm32l4xx_hal_qspi.c ****       {
 1121              		.loc 1 1022 10 is_stmt 0 view .LVU305
 1122 009e 1DB1     		cbz	r5, .L61
 1123              	.LVL65:
 1124              	.L56:
1040:Drivers/STM32L4xx_HAL_Driver/Src/stm32l4xx_hal_qspi.c ****     }
 1125              		.loc 1 1040 7 is_stmt 1 view .LVU306
1040:Drivers/STM32L4xx_HAL_Driver/Src/stm32l4xx_hal_qspi.c ****     }
 1126              		.loc 1 1040 20 is_stmt 0 view .LVU307
 1127 00a0 0123     		movs	r3, #1
 1128 00a2 84F84130 		strb	r3, [r4, #65]
 1129 00a6 C4E7     		b	.L51
 1130              	.L61:
1025:Drivers/STM32L4xx_HAL_Driver/Src/stm32l4xx_hal_qspi.c **** 
 1131              		.loc 1 1025 9 is_stmt 1 view .LVU308
1025:Drivers/STM32L4xx_HAL_Driver/Src/stm32l4xx_hal_qspi.c **** 
 1132              		.loc 1 1025 18 is_stmt 0 view .LVU309
 1133 00a8 0097     		str	r7, [sp]
 1134 00aa 3346     		mov	r3, r6
 1135 00ac 0122     		movs	r2, #1
 1136 00ae 0221     		movs	r1, #2
 1137 00b0 2046     		mov	r0, r4
 1138 00b2 FFF7FEFF 		bl	QSPI_WaitFlagStateUntilTimeout
 1139              	.LVL66:
1027:Drivers/STM32L4xx_HAL_Driver/Src/stm32l4xx_hal_qspi.c ****         {
 1140              		.loc 1 1027 9 is_stmt 1 view .LVU310
1027:Drivers/STM32L4xx_HAL_Driver/Src/stm32l4xx_hal_qspi.c ****         {
 1141              		.loc 1 1027 12 is_stmt 0 view .LVU311
 1142 00b6 0546     		mov	r5, r0
 1143 00b8 0028     		cmp	r0, #0
 1144 00ba F1D1     		bne	.L56
1030:Drivers/STM32L4xx_HAL_Driver/Src/stm32l4xx_hal_qspi.c **** 
 1145              		.loc 1 1030 11 is_stmt 1 view .LVU312
 1146 00bc 2368     		ldr	r3, [r4]
 1147 00be 0222     		movs	r2, #2
ARM GAS  /tmp/ccLGcT9r.s 			page 75


 1148 00c0 DA60     		str	r2, [r3, #12]
 1149 00c2 EDE7     		b	.L56
 1150              	.LVL67:
 1151              	.L52:
1044:Drivers/STM32L4xx_HAL_Driver/Src/stm32l4xx_hal_qspi.c ****       status = HAL_ERROR;
 1152              		.loc 1 1044 7 view .LVU313
1044:Drivers/STM32L4xx_HAL_Driver/Src/stm32l4xx_hal_qspi.c ****       status = HAL_ERROR;
 1153              		.loc 1 1044 12 is_stmt 0 view .LVU314
 1154 00c4 636C     		ldr	r3, [r4, #68]
1044:Drivers/STM32L4xx_HAL_Driver/Src/stm32l4xx_hal_qspi.c ****       status = HAL_ERROR;
 1155              		.loc 1 1044 24 view .LVU315
 1156 00c6 43F00803 		orr	r3, r3, #8
 1157 00ca 6364     		str	r3, [r4, #68]
1045:Drivers/STM32L4xx_HAL_Driver/Src/stm32l4xx_hal_qspi.c ****     }
 1158              		.loc 1 1045 7 is_stmt 1 view .LVU316
 1159              	.LVL68:
1045:Drivers/STM32L4xx_HAL_Driver/Src/stm32l4xx_hal_qspi.c ****     }
 1160              		.loc 1 1045 7 is_stmt 0 view .LVU317
 1161 00cc B1E7     		b	.L51
 1162              	.LVL69:
 1163              	.L57:
 988:Drivers/STM32L4xx_HAL_Driver/Src/stm32l4xx_hal_qspi.c **** 
 1164              		.loc 1 988 3 discriminator 1 view .LVU318
 1165 00ce 0225     		movs	r5, #2
 1166 00d0 B2E7     		b	.L50
 1167              		.cfi_endproc
 1168              	.LFE391:
 1170              		.section	.text.HAL_QSPI_Receive,"ax",%progbits
 1171              		.align	1
 1172              		.global	HAL_QSPI_Receive
 1173              		.syntax unified
 1174              		.thumb
 1175              		.thumb_func
 1177              	HAL_QSPI_Receive:
 1178              	.LVL70:
 1179              	.LFB392:
1069:Drivers/STM32L4xx_HAL_Driver/Src/stm32l4xx_hal_qspi.c ****   HAL_StatusTypeDef status = HAL_OK;
 1180              		.loc 1 1069 1 is_stmt 1 view -0
 1181              		.cfi_startproc
 1182              		@ args = 0, pretend = 0, frame = 0
 1183              		@ frame_needed = 0, uses_anonymous_args = 0
1069:Drivers/STM32L4xx_HAL_Driver/Src/stm32l4xx_hal_qspi.c ****   HAL_StatusTypeDef status = HAL_OK;
 1184              		.loc 1 1069 1 is_stmt 0 view .LVU320
 1185 0000 2DE9F043 		push	{r4, r5, r6, r7, r8, r9, lr}
 1186              	.LCFI18:
 1187              		.cfi_def_cfa_offset 28
 1188              		.cfi_offset 4, -28
 1189              		.cfi_offset 5, -24
 1190              		.cfi_offset 6, -20
 1191              		.cfi_offset 7, -16
 1192              		.cfi_offset 8, -12
 1193              		.cfi_offset 9, -8
 1194              		.cfi_offset 14, -4
 1195 0004 83B0     		sub	sp, sp, #12
 1196              	.LCFI19:
 1197              		.cfi_def_cfa_offset 40
 1198 0006 0446     		mov	r4, r0
ARM GAS  /tmp/ccLGcT9r.s 			page 76


 1199 0008 8946     		mov	r9, r1
 1200 000a 1746     		mov	r7, r2
1070:Drivers/STM32L4xx_HAL_Driver/Src/stm32l4xx_hal_qspi.c ****   uint32_t tickstart = HAL_GetTick();
 1201              		.loc 1 1070 3 is_stmt 1 view .LVU321
 1202              	.LVL71:
1071:Drivers/STM32L4xx_HAL_Driver/Src/stm32l4xx_hal_qspi.c ****   uint32_t addr_reg = READ_REG(hqspi->Instance->AR);
 1203              		.loc 1 1071 3 view .LVU322
1071:Drivers/STM32L4xx_HAL_Driver/Src/stm32l4xx_hal_qspi.c ****   uint32_t addr_reg = READ_REG(hqspi->Instance->AR);
 1204              		.loc 1 1071 24 is_stmt 0 view .LVU323
 1205 000c FFF7FEFF 		bl	HAL_GetTick
 1206              	.LVL72:
1072:Drivers/STM32L4xx_HAL_Driver/Src/stm32l4xx_hal_qspi.c ****   __IO uint32_t *data_reg = &hqspi->Instance->DR;
 1207              		.loc 1 1072 3 is_stmt 1 view .LVU324
1072:Drivers/STM32L4xx_HAL_Driver/Src/stm32l4xx_hal_qspi.c ****   __IO uint32_t *data_reg = &hqspi->Instance->DR;
 1208              		.loc 1 1072 23 is_stmt 0 view .LVU325
 1209 0010 D4F80080 		ldr	r8, [r4]
1072:Drivers/STM32L4xx_HAL_Driver/Src/stm32l4xx_hal_qspi.c ****   __IO uint32_t *data_reg = &hqspi->Instance->DR;
 1210              		.loc 1 1072 12 view .LVU326
 1211 0014 D8F81820 		ldr	r2, [r8, #24]
 1212              	.LVL73:
1073:Drivers/STM32L4xx_HAL_Driver/Src/stm32l4xx_hal_qspi.c **** 
 1213              		.loc 1 1073 3 is_stmt 1 view .LVU327
1076:Drivers/STM32L4xx_HAL_Driver/Src/stm32l4xx_hal_qspi.c **** 
 1214              		.loc 1 1076 3 view .LVU328
1076:Drivers/STM32L4xx_HAL_Driver/Src/stm32l4xx_hal_qspi.c **** 
 1215              		.loc 1 1076 3 view .LVU329
 1216 0018 94F84030 		ldrb	r3, [r4, #64]	@ zero_extendqisi2
 1217 001c DBB2     		uxtb	r3, r3
 1218 001e 012B     		cmp	r3, #1
 1219 0020 5BD0     		beq	.L70
 1220 0022 0646     		mov	r6, r0
1076:Drivers/STM32L4xx_HAL_Driver/Src/stm32l4xx_hal_qspi.c **** 
 1221              		.loc 1 1076 3 discriminator 2 view .LVU330
 1222 0024 0123     		movs	r3, #1
 1223 0026 84F84030 		strb	r3, [r4, #64]
1076:Drivers/STM32L4xx_HAL_Driver/Src/stm32l4xx_hal_qspi.c **** 
 1224              		.loc 1 1076 3 discriminator 2 view .LVU331
1078:Drivers/STM32L4xx_HAL_Driver/Src/stm32l4xx_hal_qspi.c ****   {
 1225              		.loc 1 1078 3 view .LVU332
1078:Drivers/STM32L4xx_HAL_Driver/Src/stm32l4xx_hal_qspi.c ****   {
 1226              		.loc 1 1078 11 is_stmt 0 view .LVU333
 1227 002a 94F84150 		ldrb	r5, [r4, #65]	@ zero_extendqisi2
 1228 002e EDB2     		uxtb	r5, r5
1078:Drivers/STM32L4xx_HAL_Driver/Src/stm32l4xx_hal_qspi.c ****   {
 1229              		.loc 1 1078 5 view .LVU334
 1230 0030 9D42     		cmp	r5, r3
 1231 0032 07D0     		beq	.L73
1141:Drivers/STM32L4xx_HAL_Driver/Src/stm32l4xx_hal_qspi.c ****   }
 1232              		.loc 1 1141 12 view .LVU335
 1233 0034 0225     		movs	r5, #2
 1234              	.LVL74:
 1235              	.L64:
1145:Drivers/STM32L4xx_HAL_Driver/Src/stm32l4xx_hal_qspi.c **** 
 1236              		.loc 1 1145 3 is_stmt 1 view .LVU336
1145:Drivers/STM32L4xx_HAL_Driver/Src/stm32l4xx_hal_qspi.c **** 
 1237              		.loc 1 1145 3 view .LVU337
 1238 0036 0023     		movs	r3, #0
ARM GAS  /tmp/ccLGcT9r.s 			page 77


 1239 0038 84F84030 		strb	r3, [r4, #64]
1145:Drivers/STM32L4xx_HAL_Driver/Src/stm32l4xx_hal_qspi.c **** 
 1240              		.loc 1 1145 3 view .LVU338
1147:Drivers/STM32L4xx_HAL_Driver/Src/stm32l4xx_hal_qspi.c **** }
 1241              		.loc 1 1147 3 view .LVU339
 1242              	.LVL75:
 1243              	.L63:
1148:Drivers/STM32L4xx_HAL_Driver/Src/stm32l4xx_hal_qspi.c **** 
 1244              		.loc 1 1148 1 is_stmt 0 view .LVU340
 1245 003c 2846     		mov	r0, r5
 1246 003e 03B0     		add	sp, sp, #12
 1247              	.LCFI20:
 1248              		.cfi_remember_state
 1249              		.cfi_def_cfa_offset 28
 1250              		@ sp needed
 1251 0040 BDE8F083 		pop	{r4, r5, r6, r7, r8, r9, pc}
 1252              	.LVL76:
 1253              	.L73:
 1254              	.LCFI21:
 1255              		.cfi_restore_state
1080:Drivers/STM32L4xx_HAL_Driver/Src/stm32l4xx_hal_qspi.c **** 
 1256              		.loc 1 1080 5 is_stmt 1 view .LVU341
1080:Drivers/STM32L4xx_HAL_Driver/Src/stm32l4xx_hal_qspi.c **** 
 1257              		.loc 1 1080 22 is_stmt 0 view .LVU342
 1258 0044 0023     		movs	r3, #0
 1259 0046 6364     		str	r3, [r4, #68]
1082:Drivers/STM32L4xx_HAL_Driver/Src/stm32l4xx_hal_qspi.c ****     {
 1260              		.loc 1 1082 5 is_stmt 1 view .LVU343
1082:Drivers/STM32L4xx_HAL_Driver/Src/stm32l4xx_hal_qspi.c ****     {
 1261              		.loc 1 1082 7 is_stmt 0 view .LVU344
 1262 0048 B9F1000F 		cmp	r9, #0
 1263 004c 40D0     		beq	.L65
1085:Drivers/STM32L4xx_HAL_Driver/Src/stm32l4xx_hal_qspi.c **** 
 1264              		.loc 1 1085 7 is_stmt 1 view .LVU345
1085:Drivers/STM32L4xx_HAL_Driver/Src/stm32l4xx_hal_qspi.c **** 
 1265              		.loc 1 1085 20 is_stmt 0 view .LVU346
 1266 004e 2223     		movs	r3, #34
 1267 0050 84F84130 		strb	r3, [r4, #65]
1088:Drivers/STM32L4xx_HAL_Driver/Src/stm32l4xx_hal_qspi.c ****       hqspi->RxXferSize = READ_REG(hqspi->Instance->DLR) + 1U;
 1268              		.loc 1 1088 7 is_stmt 1 view .LVU347
1088:Drivers/STM32L4xx_HAL_Driver/Src/stm32l4xx_hal_qspi.c ****       hqspi->RxXferSize = READ_REG(hqspi->Instance->DLR) + 1U;
 1269              		.loc 1 1088 28 is_stmt 0 view .LVU348
 1270 0054 D8F81030 		ldr	r3, [r8, #16]
1088:Drivers/STM32L4xx_HAL_Driver/Src/stm32l4xx_hal_qspi.c ****       hqspi->RxXferSize = READ_REG(hqspi->Instance->DLR) + 1U;
 1271              		.loc 1 1088 59 view .LVU349
 1272 0058 0133     		adds	r3, r3, #1
1088:Drivers/STM32L4xx_HAL_Driver/Src/stm32l4xx_hal_qspi.c ****       hqspi->RxXferSize = READ_REG(hqspi->Instance->DLR) + 1U;
 1273              		.loc 1 1088 26 view .LVU350
 1274 005a A363     		str	r3, [r4, #56]
1089:Drivers/STM32L4xx_HAL_Driver/Src/stm32l4xx_hal_qspi.c ****       hqspi->pRxBuffPtr = pData;
 1275              		.loc 1 1089 7 is_stmt 1 view .LVU351
1089:Drivers/STM32L4xx_HAL_Driver/Src/stm32l4xx_hal_qspi.c ****       hqspi->pRxBuffPtr = pData;
 1276              		.loc 1 1089 27 is_stmt 0 view .LVU352
 1277 005c D8F81030 		ldr	r3, [r8, #16]
1089:Drivers/STM32L4xx_HAL_Driver/Src/stm32l4xx_hal_qspi.c ****       hqspi->pRxBuffPtr = pData;
 1278              		.loc 1 1089 58 view .LVU353
 1279 0060 0133     		adds	r3, r3, #1
ARM GAS  /tmp/ccLGcT9r.s 			page 78


1089:Drivers/STM32L4xx_HAL_Driver/Src/stm32l4xx_hal_qspi.c ****       hqspi->pRxBuffPtr = pData;
 1280              		.loc 1 1089 25 view .LVU354
 1281 0062 6363     		str	r3, [r4, #52]
1090:Drivers/STM32L4xx_HAL_Driver/Src/stm32l4xx_hal_qspi.c **** 
 1282              		.loc 1 1090 7 is_stmt 1 view .LVU355
1090:Drivers/STM32L4xx_HAL_Driver/Src/stm32l4xx_hal_qspi.c **** 
 1283              		.loc 1 1090 25 is_stmt 0 view .LVU356
 1284 0064 C4F83090 		str	r9, [r4, #48]
1093:Drivers/STM32L4xx_HAL_Driver/Src/stm32l4xx_hal_qspi.c **** 
 1285              		.loc 1 1093 7 is_stmt 1 view .LVU357
 1286 0068 D8F81430 		ldr	r3, [r8, #20]
 1287 006c 23F04063 		bic	r3, r3, #201326592
 1288 0070 43F08063 		orr	r3, r3, #67108864
 1289 0074 C8F81430 		str	r3, [r8, #20]
1096:Drivers/STM32L4xx_HAL_Driver/Src/stm32l4xx_hal_qspi.c **** 
 1290              		.loc 1 1096 7 view .LVU358
 1291 0078 2368     		ldr	r3, [r4]
 1292 007a 9A61     		str	r2, [r3, #24]
1098:Drivers/STM32L4xx_HAL_Driver/Src/stm32l4xx_hal_qspi.c ****       {
 1293              		.loc 1 1098 7 view .LVU359
1070:Drivers/STM32L4xx_HAL_Driver/Src/stm32l4xx_hal_qspi.c ****   uint32_t tickstart = HAL_GetTick();
 1294              		.loc 1 1070 21 is_stmt 0 view .LVU360
 1295 007c 0025     		movs	r5, #0
 1296              	.LVL77:
 1297              	.L66:
1098:Drivers/STM32L4xx_HAL_Driver/Src/stm32l4xx_hal_qspi.c ****       {
 1298              		.loc 1 1098 32 is_stmt 1 view .LVU361
1098:Drivers/STM32L4xx_HAL_Driver/Src/stm32l4xx_hal_qspi.c ****       {
 1299              		.loc 1 1098 18 is_stmt 0 view .LVU362
 1300 007e A36B     		ldr	r3, [r4, #56]
1098:Drivers/STM32L4xx_HAL_Driver/Src/stm32l4xx_hal_qspi.c ****       {
 1301              		.loc 1 1098 32 view .LVU363
 1302 0080 9BB1     		cbz	r3, .L67
1101:Drivers/STM32L4xx_HAL_Driver/Src/stm32l4xx_hal_qspi.c **** 
 1303              		.loc 1 1101 9 is_stmt 1 view .LVU364
1101:Drivers/STM32L4xx_HAL_Driver/Src/stm32l4xx_hal_qspi.c **** 
 1304              		.loc 1 1101 18 is_stmt 0 view .LVU365
 1305 0082 0097     		str	r7, [sp]
 1306 0084 3346     		mov	r3, r6
 1307 0086 0122     		movs	r2, #1
 1308 0088 0621     		movs	r1, #6
 1309 008a 2046     		mov	r0, r4
 1310 008c FFF7FEFF 		bl	QSPI_WaitFlagStateUntilTimeout
 1311              	.LVL78:
1103:Drivers/STM32L4xx_HAL_Driver/Src/stm32l4xx_hal_qspi.c ****         {
 1312              		.loc 1 1103 9 is_stmt 1 view .LVU366
1103:Drivers/STM32L4xx_HAL_Driver/Src/stm32l4xx_hal_qspi.c ****         {
 1313              		.loc 1 1103 13 is_stmt 0 view .LVU367
 1314 0090 0546     		mov	r5, r0
 1315 0092 50B9     		cbnz	r0, .L67
1108:Drivers/STM32L4xx_HAL_Driver/Src/stm32l4xx_hal_qspi.c ****         hqspi->pRxBuffPtr++;
 1316              		.loc 1 1108 9 is_stmt 1 view .LVU368
1108:Drivers/STM32L4xx_HAL_Driver/Src/stm32l4xx_hal_qspi.c ****         hqspi->pRxBuffPtr++;
 1317              		.loc 1 1108 15 is_stmt 0 view .LVU369
 1318 0094 236B     		ldr	r3, [r4, #48]
1108:Drivers/STM32L4xx_HAL_Driver/Src/stm32l4xx_hal_qspi.c ****         hqspi->pRxBuffPtr++;
 1319              		.loc 1 1108 30 view .LVU370
ARM GAS  /tmp/ccLGcT9r.s 			page 79


 1320 0096 98F82020 		ldrb	r2, [r8, #32]	@ zero_extendqisi2
1108:Drivers/STM32L4xx_HAL_Driver/Src/stm32l4xx_hal_qspi.c ****         hqspi->pRxBuffPtr++;
 1321              		.loc 1 1108 28 view .LVU371
 1322 009a 1A70     		strb	r2, [r3]
1109:Drivers/STM32L4xx_HAL_Driver/Src/stm32l4xx_hal_qspi.c ****         hqspi->RxXferCount--;
 1323              		.loc 1 1109 9 is_stmt 1 view .LVU372
1109:Drivers/STM32L4xx_HAL_Driver/Src/stm32l4xx_hal_qspi.c ****         hqspi->RxXferCount--;
 1324              		.loc 1 1109 14 is_stmt 0 view .LVU373
 1325 009c 216B     		ldr	r1, [r4, #48]
1109:Drivers/STM32L4xx_HAL_Driver/Src/stm32l4xx_hal_qspi.c ****         hqspi->RxXferCount--;
 1326              		.loc 1 1109 26 view .LVU374
 1327 009e 0131     		adds	r1, r1, #1
 1328 00a0 2163     		str	r1, [r4, #48]
1110:Drivers/STM32L4xx_HAL_Driver/Src/stm32l4xx_hal_qspi.c ****       }
 1329              		.loc 1 1110 9 is_stmt 1 view .LVU375
1110:Drivers/STM32L4xx_HAL_Driver/Src/stm32l4xx_hal_qspi.c ****       }
 1330              		.loc 1 1110 14 is_stmt 0 view .LVU376
 1331 00a2 A16B     		ldr	r1, [r4, #56]
1110:Drivers/STM32L4xx_HAL_Driver/Src/stm32l4xx_hal_qspi.c ****       }
 1332              		.loc 1 1110 27 view .LVU377
 1333 00a4 0139     		subs	r1, r1, #1
 1334 00a6 A163     		str	r1, [r4, #56]
 1335 00a8 E9E7     		b	.L66
 1336              	.LVL79:
 1337              	.L67:
1113:Drivers/STM32L4xx_HAL_Driver/Src/stm32l4xx_hal_qspi.c ****       {
 1338              		.loc 1 1113 7 is_stmt 1 view .LVU378
1113:Drivers/STM32L4xx_HAL_Driver/Src/stm32l4xx_hal_qspi.c ****       {
 1339              		.loc 1 1113 10 is_stmt 0 view .LVU379
 1340 00aa 1DB1     		cbz	r5, .L74
 1341              	.LVL80:
 1342              	.L69:
1131:Drivers/STM32L4xx_HAL_Driver/Src/stm32l4xx_hal_qspi.c ****     }
 1343              		.loc 1 1131 7 is_stmt 1 view .LVU380
1131:Drivers/STM32L4xx_HAL_Driver/Src/stm32l4xx_hal_qspi.c ****     }
 1344              		.loc 1 1131 20 is_stmt 0 view .LVU381
 1345 00ac 0123     		movs	r3, #1
 1346 00ae 84F84130 		strb	r3, [r4, #65]
 1347 00b2 C0E7     		b	.L64
 1348              	.L74:
1116:Drivers/STM32L4xx_HAL_Driver/Src/stm32l4xx_hal_qspi.c **** 
 1349              		.loc 1 1116 9 is_stmt 1 view .LVU382
1116:Drivers/STM32L4xx_HAL_Driver/Src/stm32l4xx_hal_qspi.c **** 
 1350              		.loc 1 1116 18 is_stmt 0 view .LVU383
 1351 00b4 0097     		str	r7, [sp]
 1352 00b6 3346     		mov	r3, r6
 1353 00b8 0122     		movs	r2, #1
 1354 00ba 0221     		movs	r1, #2
 1355 00bc 2046     		mov	r0, r4
 1356 00be FFF7FEFF 		bl	QSPI_WaitFlagStateUntilTimeout
 1357              	.LVL81:
1118:Drivers/STM32L4xx_HAL_Driver/Src/stm32l4xx_hal_qspi.c ****         {
 1358              		.loc 1 1118 9 is_stmt 1 view .LVU384
1118:Drivers/STM32L4xx_HAL_Driver/Src/stm32l4xx_hal_qspi.c ****         {
 1359              		.loc 1 1118 13 is_stmt 0 view .LVU385
 1360 00c2 0546     		mov	r5, r0
 1361 00c4 0028     		cmp	r0, #0
ARM GAS  /tmp/ccLGcT9r.s 			page 80


 1362 00c6 F1D1     		bne	.L69
1121:Drivers/STM32L4xx_HAL_Driver/Src/stm32l4xx_hal_qspi.c **** 
 1363              		.loc 1 1121 11 is_stmt 1 view .LVU386
 1364 00c8 2368     		ldr	r3, [r4]
 1365 00ca 0222     		movs	r2, #2
 1366 00cc DA60     		str	r2, [r3, #12]
 1367 00ce EDE7     		b	.L69
 1368              	.LVL82:
 1369              	.L65:
1135:Drivers/STM32L4xx_HAL_Driver/Src/stm32l4xx_hal_qspi.c ****       status = HAL_ERROR;
 1370              		.loc 1 1135 7 view .LVU387
1135:Drivers/STM32L4xx_HAL_Driver/Src/stm32l4xx_hal_qspi.c ****       status = HAL_ERROR;
 1371              		.loc 1 1135 12 is_stmt 0 view .LVU388
 1372 00d0 636C     		ldr	r3, [r4, #68]
1135:Drivers/STM32L4xx_HAL_Driver/Src/stm32l4xx_hal_qspi.c ****       status = HAL_ERROR;
 1373              		.loc 1 1135 24 view .LVU389
 1374 00d2 43F00803 		orr	r3, r3, #8
 1375 00d6 6364     		str	r3, [r4, #68]
1136:Drivers/STM32L4xx_HAL_Driver/Src/stm32l4xx_hal_qspi.c ****     }
 1376              		.loc 1 1136 7 is_stmt 1 view .LVU390
 1377              	.LVL83:
1136:Drivers/STM32L4xx_HAL_Driver/Src/stm32l4xx_hal_qspi.c ****     }
 1378              		.loc 1 1136 7 is_stmt 0 view .LVU391
 1379 00d8 ADE7     		b	.L64
 1380              	.LVL84:
 1381              	.L70:
1076:Drivers/STM32L4xx_HAL_Driver/Src/stm32l4xx_hal_qspi.c **** 
 1382              		.loc 1 1076 3 discriminator 1 view .LVU392
 1383 00da 0225     		movs	r5, #2
 1384 00dc AEE7     		b	.L63
 1385              		.cfi_endproc
 1386              	.LFE392:
 1388              		.section	.text.HAL_QSPI_Transmit_IT,"ax",%progbits
 1389              		.align	1
 1390              		.global	HAL_QSPI_Transmit_IT
 1391              		.syntax unified
 1392              		.thumb
 1393              		.thumb_func
 1395              	HAL_QSPI_Transmit_IT:
 1396              	.LVL85:
 1397              	.LFB393:
1158:Drivers/STM32L4xx_HAL_Driver/Src/stm32l4xx_hal_qspi.c ****   HAL_StatusTypeDef status = HAL_OK;
 1398              		.loc 1 1158 1 is_stmt 1 view -0
 1399              		.cfi_startproc
 1400              		@ args = 0, pretend = 0, frame = 0
 1401              		@ frame_needed = 0, uses_anonymous_args = 0
 1402              		@ link register save eliminated.
1158:Drivers/STM32L4xx_HAL_Driver/Src/stm32l4xx_hal_qspi.c ****   HAL_StatusTypeDef status = HAL_OK;
 1403              		.loc 1 1158 1 is_stmt 0 view .LVU394
 1404 0000 0346     		mov	r3, r0
1159:Drivers/STM32L4xx_HAL_Driver/Src/stm32l4xx_hal_qspi.c **** 
 1405              		.loc 1 1159 3 is_stmt 1 view .LVU395
 1406              	.LVL86:
1162:Drivers/STM32L4xx_HAL_Driver/Src/stm32l4xx_hal_qspi.c **** 
 1407              		.loc 1 1162 3 view .LVU396
1162:Drivers/STM32L4xx_HAL_Driver/Src/stm32l4xx_hal_qspi.c **** 
 1408              		.loc 1 1162 3 view .LVU397
ARM GAS  /tmp/ccLGcT9r.s 			page 81


 1409 0002 90F84020 		ldrb	r2, [r0, #64]	@ zero_extendqisi2
 1410 0006 D2B2     		uxtb	r2, r2
 1411 0008 012A     		cmp	r2, #1
 1412 000a 32D0     		beq	.L79
1162:Drivers/STM32L4xx_HAL_Driver/Src/stm32l4xx_hal_qspi.c **** 
 1413              		.loc 1 1162 3 discriminator 2 view .LVU398
 1414 000c 0122     		movs	r2, #1
 1415 000e 80F84020 		strb	r2, [r0, #64]
1162:Drivers/STM32L4xx_HAL_Driver/Src/stm32l4xx_hal_qspi.c **** 
 1416              		.loc 1 1162 3 discriminator 2 view .LVU399
1164:Drivers/STM32L4xx_HAL_Driver/Src/stm32l4xx_hal_qspi.c ****   {
 1417              		.loc 1 1164 3 view .LVU400
1164:Drivers/STM32L4xx_HAL_Driver/Src/stm32l4xx_hal_qspi.c ****   {
 1418              		.loc 1 1164 11 is_stmt 0 view .LVU401
 1419 0012 90F84100 		ldrb	r0, [r0, #65]	@ zero_extendqisi2
 1420              	.LVL87:
1164:Drivers/STM32L4xx_HAL_Driver/Src/stm32l4xx_hal_qspi.c ****   {
 1421              		.loc 1 1164 11 view .LVU402
 1422 0016 C0B2     		uxtb	r0, r0
1164:Drivers/STM32L4xx_HAL_Driver/Src/stm32l4xx_hal_qspi.c ****   {
 1423              		.loc 1 1164 5 view .LVU403
 1424 0018 9042     		cmp	r0, r2
 1425 001a 04D0     		beq	.L80
1201:Drivers/STM32L4xx_HAL_Driver/Src/stm32l4xx_hal_qspi.c **** 
 1426              		.loc 1 1201 5 is_stmt 1 view .LVU404
 1427              	.LVL88:
1204:Drivers/STM32L4xx_HAL_Driver/Src/stm32l4xx_hal_qspi.c ****   }
 1428              		.loc 1 1204 5 view .LVU405
1204:Drivers/STM32L4xx_HAL_Driver/Src/stm32l4xx_hal_qspi.c ****   }
 1429              		.loc 1 1204 5 view .LVU406
 1430 001c 0022     		movs	r2, #0
 1431 001e 83F84020 		strb	r2, [r3, #64]
1201:Drivers/STM32L4xx_HAL_Driver/Src/stm32l4xx_hal_qspi.c **** 
 1432              		.loc 1 1201 12 is_stmt 0 view .LVU407
 1433 0022 0220     		movs	r0, #2
 1434 0024 7047     		bx	lr
 1435              	.LVL89:
 1436              	.L80:
1166:Drivers/STM32L4xx_HAL_Driver/Src/stm32l4xx_hal_qspi.c **** 
 1437              		.loc 1 1166 5 is_stmt 1 view .LVU408
1166:Drivers/STM32L4xx_HAL_Driver/Src/stm32l4xx_hal_qspi.c **** 
 1438              		.loc 1 1166 22 is_stmt 0 view .LVU409
 1439 0026 0022     		movs	r2, #0
 1440 0028 5A64     		str	r2, [r3, #68]
1168:Drivers/STM32L4xx_HAL_Driver/Src/stm32l4xx_hal_qspi.c ****     {
 1441              		.loc 1 1168 5 is_stmt 1 view .LVU410
1168:Drivers/STM32L4xx_HAL_Driver/Src/stm32l4xx_hal_qspi.c ****     {
 1442              		.loc 1 1168 7 is_stmt 0 view .LVU411
 1443 002a D1B1     		cbz	r1, .L78
1171:Drivers/STM32L4xx_HAL_Driver/Src/stm32l4xx_hal_qspi.c **** 
 1444              		.loc 1 1171 7 is_stmt 1 view .LVU412
1171:Drivers/STM32L4xx_HAL_Driver/Src/stm32l4xx_hal_qspi.c **** 
 1445              		.loc 1 1171 20 is_stmt 0 view .LVU413
 1446 002c 1222     		movs	r2, #18
 1447 002e 83F84120 		strb	r2, [r3, #65]
1174:Drivers/STM32L4xx_HAL_Driver/Src/stm32l4xx_hal_qspi.c ****       hqspi->TxXferSize = READ_REG(hqspi->Instance->DLR) + 1U;
 1448              		.loc 1 1174 7 is_stmt 1 view .LVU414
ARM GAS  /tmp/ccLGcT9r.s 			page 82


1174:Drivers/STM32L4xx_HAL_Driver/Src/stm32l4xx_hal_qspi.c ****       hqspi->TxXferSize = READ_REG(hqspi->Instance->DLR) + 1U;
 1449              		.loc 1 1174 28 is_stmt 0 view .LVU415
 1450 0032 1A68     		ldr	r2, [r3]
 1451 0034 1069     		ldr	r0, [r2, #16]
1174:Drivers/STM32L4xx_HAL_Driver/Src/stm32l4xx_hal_qspi.c ****       hqspi->TxXferSize = READ_REG(hqspi->Instance->DLR) + 1U;
 1452              		.loc 1 1174 59 view .LVU416
 1453 0036 0130     		adds	r0, r0, #1
1174:Drivers/STM32L4xx_HAL_Driver/Src/stm32l4xx_hal_qspi.c ****       hqspi->TxXferSize = READ_REG(hqspi->Instance->DLR) + 1U;
 1454              		.loc 1 1174 26 view .LVU417
 1455 0038 D862     		str	r0, [r3, #44]
1175:Drivers/STM32L4xx_HAL_Driver/Src/stm32l4xx_hal_qspi.c ****       hqspi->pTxBuffPtr = pData;
 1456              		.loc 1 1175 7 is_stmt 1 view .LVU418
1175:Drivers/STM32L4xx_HAL_Driver/Src/stm32l4xx_hal_qspi.c ****       hqspi->pTxBuffPtr = pData;
 1457              		.loc 1 1175 27 is_stmt 0 view .LVU419
 1458 003a 1069     		ldr	r0, [r2, #16]
1175:Drivers/STM32L4xx_HAL_Driver/Src/stm32l4xx_hal_qspi.c ****       hqspi->pTxBuffPtr = pData;
 1459              		.loc 1 1175 58 view .LVU420
 1460 003c 0130     		adds	r0, r0, #1
1175:Drivers/STM32L4xx_HAL_Driver/Src/stm32l4xx_hal_qspi.c ****       hqspi->pTxBuffPtr = pData;
 1461              		.loc 1 1175 25 view .LVU421
 1462 003e 9862     		str	r0, [r3, #40]
1176:Drivers/STM32L4xx_HAL_Driver/Src/stm32l4xx_hal_qspi.c **** 
 1463              		.loc 1 1176 7 is_stmt 1 view .LVU422
1176:Drivers/STM32L4xx_HAL_Driver/Src/stm32l4xx_hal_qspi.c **** 
 1464              		.loc 1 1176 25 is_stmt 0 view .LVU423
 1465 0040 5962     		str	r1, [r3, #36]
1179:Drivers/STM32L4xx_HAL_Driver/Src/stm32l4xx_hal_qspi.c **** 
 1466              		.loc 1 1179 7 is_stmt 1 view .LVU424
 1467 0042 0321     		movs	r1, #3
 1468              	.LVL90:
1179:Drivers/STM32L4xx_HAL_Driver/Src/stm32l4xx_hal_qspi.c **** 
 1469              		.loc 1 1179 7 is_stmt 0 view .LVU425
 1470 0044 D160     		str	r1, [r2, #12]
 1471              	.LVL91:
1182:Drivers/STM32L4xx_HAL_Driver/Src/stm32l4xx_hal_qspi.c **** 
 1472              		.loc 1 1182 7 is_stmt 1 view .LVU426
 1473 0046 1968     		ldr	r1, [r3]
 1474 0048 4A69     		ldr	r2, [r1, #20]
 1475 004a 22F04062 		bic	r2, r2, #201326592
 1476 004e 4A61     		str	r2, [r1, #20]
1185:Drivers/STM32L4xx_HAL_Driver/Src/stm32l4xx_hal_qspi.c **** 
 1477              		.loc 1 1185 7 view .LVU427
1185:Drivers/STM32L4xx_HAL_Driver/Src/stm32l4xx_hal_qspi.c **** 
 1478              		.loc 1 1185 7 view .LVU428
 1479 0050 0020     		movs	r0, #0
 1480 0052 83F84000 		strb	r0, [r3, #64]
1185:Drivers/STM32L4xx_HAL_Driver/Src/stm32l4xx_hal_qspi.c **** 
 1481              		.loc 1 1185 7 view .LVU429
1188:Drivers/STM32L4xx_HAL_Driver/Src/stm32l4xx_hal_qspi.c ****     }
 1482              		.loc 1 1188 7 view .LVU430
 1483 0056 1A68     		ldr	r2, [r3]
 1484 0058 1368     		ldr	r3, [r2]
 1485              	.LVL92:
1188:Drivers/STM32L4xx_HAL_Driver/Src/stm32l4xx_hal_qspi.c ****     }
 1486              		.loc 1 1188 7 is_stmt 0 view .LVU431
 1487 005a 43F4E023 		orr	r3, r3, #458752
 1488 005e 1360     		str	r3, [r2]
ARM GAS  /tmp/ccLGcT9r.s 			page 83


 1489 0060 7047     		bx	lr
 1490              	.LVL93:
 1491              	.L78:
1192:Drivers/STM32L4xx_HAL_Driver/Src/stm32l4xx_hal_qspi.c ****       status = HAL_ERROR;
 1492              		.loc 1 1192 7 is_stmt 1 view .LVU432
1192:Drivers/STM32L4xx_HAL_Driver/Src/stm32l4xx_hal_qspi.c ****       status = HAL_ERROR;
 1493              		.loc 1 1192 12 is_stmt 0 view .LVU433
 1494 0062 5A6C     		ldr	r2, [r3, #68]
1192:Drivers/STM32L4xx_HAL_Driver/Src/stm32l4xx_hal_qspi.c ****       status = HAL_ERROR;
 1495              		.loc 1 1192 24 view .LVU434
 1496 0064 42F00802 		orr	r2, r2, #8
 1497 0068 5A64     		str	r2, [r3, #68]
1193:Drivers/STM32L4xx_HAL_Driver/Src/stm32l4xx_hal_qspi.c **** 
 1498              		.loc 1 1193 7 is_stmt 1 view .LVU435
 1499              	.LVL94:
1196:Drivers/STM32L4xx_HAL_Driver/Src/stm32l4xx_hal_qspi.c ****     }
 1500              		.loc 1 1196 7 view .LVU436
1196:Drivers/STM32L4xx_HAL_Driver/Src/stm32l4xx_hal_qspi.c ****     }
 1501              		.loc 1 1196 7 view .LVU437
 1502 006a 0022     		movs	r2, #0
 1503 006c 83F84020 		strb	r2, [r3, #64]
 1504 0070 7047     		bx	lr
 1505              	.LVL95:
 1506              	.L79:
1162:Drivers/STM32L4xx_HAL_Driver/Src/stm32l4xx_hal_qspi.c **** 
 1507              		.loc 1 1162 3 is_stmt 0 discriminator 1 view .LVU438
 1508 0072 0220     		movs	r0, #2
 1509              	.LVL96:
1208:Drivers/STM32L4xx_HAL_Driver/Src/stm32l4xx_hal_qspi.c **** 
 1510              		.loc 1 1208 1 view .LVU439
 1511 0074 7047     		bx	lr
 1512              		.cfi_endproc
 1513              	.LFE393:
 1515              		.section	.text.HAL_QSPI_Receive_IT,"ax",%progbits
 1516              		.align	1
 1517              		.global	HAL_QSPI_Receive_IT
 1518              		.syntax unified
 1519              		.thumb
 1520              		.thumb_func
 1522              	HAL_QSPI_Receive_IT:
 1523              	.LVL97:
 1524              	.LFB394:
1218:Drivers/STM32L4xx_HAL_Driver/Src/stm32l4xx_hal_qspi.c ****   HAL_StatusTypeDef status = HAL_OK;
 1525              		.loc 1 1218 1 is_stmt 1 view -0
 1526              		.cfi_startproc
 1527              		@ args = 0, pretend = 0, frame = 0
 1528              		@ frame_needed = 0, uses_anonymous_args = 0
 1529              		@ link register save eliminated.
1218:Drivers/STM32L4xx_HAL_Driver/Src/stm32l4xx_hal_qspi.c ****   HAL_StatusTypeDef status = HAL_OK;
 1530              		.loc 1 1218 1 is_stmt 0 view .LVU441
 1531 0000 30B4     		push	{r4, r5}
 1532              	.LCFI22:
 1533              		.cfi_def_cfa_offset 8
 1534              		.cfi_offset 4, -8
 1535              		.cfi_offset 5, -4
1219:Drivers/STM32L4xx_HAL_Driver/Src/stm32l4xx_hal_qspi.c ****   uint32_t addr_reg = READ_REG(hqspi->Instance->AR);
 1536              		.loc 1 1219 3 is_stmt 1 view .LVU442
ARM GAS  /tmp/ccLGcT9r.s 			page 84


 1537              	.LVL98:
1220:Drivers/STM32L4xx_HAL_Driver/Src/stm32l4xx_hal_qspi.c **** 
 1538              		.loc 1 1220 3 view .LVU443
1220:Drivers/STM32L4xx_HAL_Driver/Src/stm32l4xx_hal_qspi.c **** 
 1539              		.loc 1 1220 23 is_stmt 0 view .LVU444
 1540 0002 0468     		ldr	r4, [r0]
1220:Drivers/STM32L4xx_HAL_Driver/Src/stm32l4xx_hal_qspi.c **** 
 1541              		.loc 1 1220 12 view .LVU445
 1542 0004 A569     		ldr	r5, [r4, #24]
 1543              	.LVL99:
1223:Drivers/STM32L4xx_HAL_Driver/Src/stm32l4xx_hal_qspi.c **** 
 1544              		.loc 1 1223 3 is_stmt 1 view .LVU446
1223:Drivers/STM32L4xx_HAL_Driver/Src/stm32l4xx_hal_qspi.c **** 
 1545              		.loc 1 1223 3 view .LVU447
 1546 0006 90F84020 		ldrb	r2, [r0, #64]	@ zero_extendqisi2
 1547 000a D2B2     		uxtb	r2, r2
 1548 000c 012A     		cmp	r2, #1
 1549 000e 37D0     		beq	.L85
 1550 0010 0346     		mov	r3, r0
1223:Drivers/STM32L4xx_HAL_Driver/Src/stm32l4xx_hal_qspi.c **** 
 1551              		.loc 1 1223 3 discriminator 2 view .LVU448
 1552 0012 0122     		movs	r2, #1
 1553 0014 80F84020 		strb	r2, [r0, #64]
1223:Drivers/STM32L4xx_HAL_Driver/Src/stm32l4xx_hal_qspi.c **** 
 1554              		.loc 1 1223 3 discriminator 2 view .LVU449
1225:Drivers/STM32L4xx_HAL_Driver/Src/stm32l4xx_hal_qspi.c ****   {
 1555              		.loc 1 1225 3 view .LVU450
1225:Drivers/STM32L4xx_HAL_Driver/Src/stm32l4xx_hal_qspi.c ****   {
 1556              		.loc 1 1225 11 is_stmt 0 view .LVU451
 1557 0018 90F84100 		ldrb	r0, [r0, #65]	@ zero_extendqisi2
 1558              	.LVL100:
1225:Drivers/STM32L4xx_HAL_Driver/Src/stm32l4xx_hal_qspi.c ****   {
 1559              		.loc 1 1225 11 view .LVU452
 1560 001c C0B2     		uxtb	r0, r0
1225:Drivers/STM32L4xx_HAL_Driver/Src/stm32l4xx_hal_qspi.c ****   {
 1561              		.loc 1 1225 5 view .LVU453
 1562 001e 9042     		cmp	r0, r2
 1563 0020 05D0     		beq	.L87
1265:Drivers/STM32L4xx_HAL_Driver/Src/stm32l4xx_hal_qspi.c **** 
 1564              		.loc 1 1265 5 is_stmt 1 view .LVU454
 1565              	.LVL101:
1268:Drivers/STM32L4xx_HAL_Driver/Src/stm32l4xx_hal_qspi.c ****   }
 1566              		.loc 1 1268 5 view .LVU455
1268:Drivers/STM32L4xx_HAL_Driver/Src/stm32l4xx_hal_qspi.c ****   }
 1567              		.loc 1 1268 5 view .LVU456
 1568 0022 0022     		movs	r2, #0
 1569 0024 83F84020 		strb	r2, [r3, #64]
1265:Drivers/STM32L4xx_HAL_Driver/Src/stm32l4xx_hal_qspi.c **** 
 1570              		.loc 1 1265 12 is_stmt 0 view .LVU457
 1571 0028 0220     		movs	r0, #2
 1572              	.LVL102:
 1573              	.L82:
1272:Drivers/STM32L4xx_HAL_Driver/Src/stm32l4xx_hal_qspi.c **** 
 1574              		.loc 1 1272 1 view .LVU458
 1575 002a 30BC     		pop	{r4, r5}
 1576              	.LCFI23:
 1577              		.cfi_remember_state
ARM GAS  /tmp/ccLGcT9r.s 			page 85


 1578              		.cfi_restore 5
 1579              		.cfi_restore 4
 1580              		.cfi_def_cfa_offset 0
 1581              	.LVL103:
1272:Drivers/STM32L4xx_HAL_Driver/Src/stm32l4xx_hal_qspi.c **** 
 1582              		.loc 1 1272 1 view .LVU459
 1583 002c 7047     		bx	lr
 1584              	.LVL104:
 1585              	.L87:
 1586              	.LCFI24:
 1587              		.cfi_restore_state
1227:Drivers/STM32L4xx_HAL_Driver/Src/stm32l4xx_hal_qspi.c **** 
 1588              		.loc 1 1227 5 is_stmt 1 view .LVU460
1227:Drivers/STM32L4xx_HAL_Driver/Src/stm32l4xx_hal_qspi.c **** 
 1589              		.loc 1 1227 22 is_stmt 0 view .LVU461
 1590 002e 0022     		movs	r2, #0
 1591 0030 5A64     		str	r2, [r3, #68]
1229:Drivers/STM32L4xx_HAL_Driver/Src/stm32l4xx_hal_qspi.c ****     {
 1592              		.loc 1 1229 5 is_stmt 1 view .LVU462
1229:Drivers/STM32L4xx_HAL_Driver/Src/stm32l4xx_hal_qspi.c ****     {
 1593              		.loc 1 1229 7 is_stmt 0 view .LVU463
 1594 0032 E9B1     		cbz	r1, .L84
1232:Drivers/STM32L4xx_HAL_Driver/Src/stm32l4xx_hal_qspi.c **** 
 1595              		.loc 1 1232 7 is_stmt 1 view .LVU464
1232:Drivers/STM32L4xx_HAL_Driver/Src/stm32l4xx_hal_qspi.c **** 
 1596              		.loc 1 1232 20 is_stmt 0 view .LVU465
 1597 0034 2222     		movs	r2, #34
 1598 0036 83F84120 		strb	r2, [r3, #65]
1235:Drivers/STM32L4xx_HAL_Driver/Src/stm32l4xx_hal_qspi.c ****       hqspi->RxXferSize = READ_REG(hqspi->Instance->DLR) + 1U;
 1599              		.loc 1 1235 7 is_stmt 1 view .LVU466
1235:Drivers/STM32L4xx_HAL_Driver/Src/stm32l4xx_hal_qspi.c ****       hqspi->RxXferSize = READ_REG(hqspi->Instance->DLR) + 1U;
 1600              		.loc 1 1235 28 is_stmt 0 view .LVU467
 1601 003a 2269     		ldr	r2, [r4, #16]
1235:Drivers/STM32L4xx_HAL_Driver/Src/stm32l4xx_hal_qspi.c ****       hqspi->RxXferSize = READ_REG(hqspi->Instance->DLR) + 1U;
 1602              		.loc 1 1235 59 view .LVU468
 1603 003c 0132     		adds	r2, r2, #1
1235:Drivers/STM32L4xx_HAL_Driver/Src/stm32l4xx_hal_qspi.c ****       hqspi->RxXferSize = READ_REG(hqspi->Instance->DLR) + 1U;
 1604              		.loc 1 1235 26 view .LVU469
 1605 003e 9A63     		str	r2, [r3, #56]
1236:Drivers/STM32L4xx_HAL_Driver/Src/stm32l4xx_hal_qspi.c ****       hqspi->pRxBuffPtr = pData;
 1606              		.loc 1 1236 7 is_stmt 1 view .LVU470
1236:Drivers/STM32L4xx_HAL_Driver/Src/stm32l4xx_hal_qspi.c ****       hqspi->pRxBuffPtr = pData;
 1607              		.loc 1 1236 27 is_stmt 0 view .LVU471
 1608 0040 2269     		ldr	r2, [r4, #16]
1236:Drivers/STM32L4xx_HAL_Driver/Src/stm32l4xx_hal_qspi.c ****       hqspi->pRxBuffPtr = pData;
 1609              		.loc 1 1236 58 view .LVU472
 1610 0042 0132     		adds	r2, r2, #1
1236:Drivers/STM32L4xx_HAL_Driver/Src/stm32l4xx_hal_qspi.c ****       hqspi->pRxBuffPtr = pData;
 1611              		.loc 1 1236 25 view .LVU473
 1612 0044 5A63     		str	r2, [r3, #52]
1237:Drivers/STM32L4xx_HAL_Driver/Src/stm32l4xx_hal_qspi.c **** 
 1613              		.loc 1 1237 7 is_stmt 1 view .LVU474
1237:Drivers/STM32L4xx_HAL_Driver/Src/stm32l4xx_hal_qspi.c **** 
 1614              		.loc 1 1237 25 is_stmt 0 view .LVU475
 1615 0046 1963     		str	r1, [r3, #48]
1240:Drivers/STM32L4xx_HAL_Driver/Src/stm32l4xx_hal_qspi.c **** 
 1616              		.loc 1 1240 7 is_stmt 1 view .LVU476
ARM GAS  /tmp/ccLGcT9r.s 			page 86


 1617 0048 0322     		movs	r2, #3
 1618 004a E260     		str	r2, [r4, #12]
1243:Drivers/STM32L4xx_HAL_Driver/Src/stm32l4xx_hal_qspi.c **** 
 1619              		.loc 1 1243 7 view .LVU477
 1620 004c 1968     		ldr	r1, [r3]
 1621              	.LVL105:
1243:Drivers/STM32L4xx_HAL_Driver/Src/stm32l4xx_hal_qspi.c **** 
 1622              		.loc 1 1243 7 is_stmt 0 view .LVU478
 1623 004e 4A69     		ldr	r2, [r1, #20]
 1624 0050 22F04062 		bic	r2, r2, #201326592
 1625 0054 42F08062 		orr	r2, r2, #67108864
 1626 0058 4A61     		str	r2, [r1, #20]
1246:Drivers/STM32L4xx_HAL_Driver/Src/stm32l4xx_hal_qspi.c **** 
 1627              		.loc 1 1246 7 is_stmt 1 view .LVU479
 1628 005a 1A68     		ldr	r2, [r3]
 1629 005c 9561     		str	r5, [r2, #24]
1249:Drivers/STM32L4xx_HAL_Driver/Src/stm32l4xx_hal_qspi.c **** 
 1630              		.loc 1 1249 7 view .LVU480
1249:Drivers/STM32L4xx_HAL_Driver/Src/stm32l4xx_hal_qspi.c **** 
 1631              		.loc 1 1249 7 view .LVU481
 1632 005e 0020     		movs	r0, #0
 1633 0060 83F84000 		strb	r0, [r3, #64]
1249:Drivers/STM32L4xx_HAL_Driver/Src/stm32l4xx_hal_qspi.c **** 
 1634              		.loc 1 1249 7 view .LVU482
1252:Drivers/STM32L4xx_HAL_Driver/Src/stm32l4xx_hal_qspi.c ****     }
 1635              		.loc 1 1252 7 view .LVU483
 1636 0064 1A68     		ldr	r2, [r3]
 1637 0066 1368     		ldr	r3, [r2]
 1638              	.LVL106:
1252:Drivers/STM32L4xx_HAL_Driver/Src/stm32l4xx_hal_qspi.c ****     }
 1639              		.loc 1 1252 7 is_stmt 0 view .LVU484
 1640 0068 43F4E023 		orr	r3, r3, #458752
 1641 006c 1360     		str	r3, [r2]
 1642 006e DCE7     		b	.L82
 1643              	.LVL107:
 1644              	.L84:
1256:Drivers/STM32L4xx_HAL_Driver/Src/stm32l4xx_hal_qspi.c ****       status = HAL_ERROR;
 1645              		.loc 1 1256 7 is_stmt 1 view .LVU485
1256:Drivers/STM32L4xx_HAL_Driver/Src/stm32l4xx_hal_qspi.c ****       status = HAL_ERROR;
 1646              		.loc 1 1256 12 is_stmt 0 view .LVU486
 1647 0070 5A6C     		ldr	r2, [r3, #68]
1256:Drivers/STM32L4xx_HAL_Driver/Src/stm32l4xx_hal_qspi.c ****       status = HAL_ERROR;
 1648              		.loc 1 1256 24 view .LVU487
 1649 0072 42F00802 		orr	r2, r2, #8
 1650 0076 5A64     		str	r2, [r3, #68]
1257:Drivers/STM32L4xx_HAL_Driver/Src/stm32l4xx_hal_qspi.c **** 
 1651              		.loc 1 1257 7 is_stmt 1 view .LVU488
 1652              	.LVL108:
1260:Drivers/STM32L4xx_HAL_Driver/Src/stm32l4xx_hal_qspi.c ****     }
 1653              		.loc 1 1260 7 view .LVU489
1260:Drivers/STM32L4xx_HAL_Driver/Src/stm32l4xx_hal_qspi.c ****     }
 1654              		.loc 1 1260 7 view .LVU490
 1655 0078 0022     		movs	r2, #0
 1656 007a 83F84020 		strb	r2, [r3, #64]
 1657 007e D4E7     		b	.L82
 1658              	.LVL109:
 1659              	.L85:
ARM GAS  /tmp/ccLGcT9r.s 			page 87


1223:Drivers/STM32L4xx_HAL_Driver/Src/stm32l4xx_hal_qspi.c **** 
 1660              		.loc 1 1223 3 is_stmt 0 discriminator 1 view .LVU491
 1661 0080 0220     		movs	r0, #2
 1662              	.LVL110:
1223:Drivers/STM32L4xx_HAL_Driver/Src/stm32l4xx_hal_qspi.c **** 
 1663              		.loc 1 1223 3 discriminator 1 view .LVU492
 1664 0082 D2E7     		b	.L82
 1665              		.cfi_endproc
 1666              	.LFE394:
 1668              		.section	.text.HAL_QSPI_Transmit_DMA,"ax",%progbits
 1669              		.align	1
 1670              		.global	HAL_QSPI_Transmit_DMA
 1671              		.syntax unified
 1672              		.thumb
 1673              		.thumb_func
 1675              	HAL_QSPI_Transmit_DMA:
 1676              	.LVL111:
 1677              	.LFB395:
1286:Drivers/STM32L4xx_HAL_Driver/Src/stm32l4xx_hal_qspi.c ****   HAL_StatusTypeDef status = HAL_OK;
 1678              		.loc 1 1286 1 is_stmt 1 view -0
 1679              		.cfi_startproc
 1680              		@ args = 0, pretend = 0, frame = 0
 1681              		@ frame_needed = 0, uses_anonymous_args = 0
1286:Drivers/STM32L4xx_HAL_Driver/Src/stm32l4xx_hal_qspi.c ****   HAL_StatusTypeDef status = HAL_OK;
 1682              		.loc 1 1286 1 is_stmt 0 view .LVU494
 1683 0000 38B5     		push	{r3, r4, r5, lr}
 1684              	.LCFI25:
 1685              		.cfi_def_cfa_offset 16
 1686              		.cfi_offset 3, -16
 1687              		.cfi_offset 4, -12
 1688              		.cfi_offset 5, -8
 1689              		.cfi_offset 14, -4
 1690 0002 0446     		mov	r4, r0
1287:Drivers/STM32L4xx_HAL_Driver/Src/stm32l4xx_hal_qspi.c ****   uint32_t data_size = (READ_REG(hqspi->Instance->DLR) + 1U);
 1691              		.loc 1 1287 3 is_stmt 1 view .LVU495
 1692              	.LVL112:
1288:Drivers/STM32L4xx_HAL_Driver/Src/stm32l4xx_hal_qspi.c **** 
 1693              		.loc 1 1288 3 view .LVU496
1288:Drivers/STM32L4xx_HAL_Driver/Src/stm32l4xx_hal_qspi.c **** 
 1694              		.loc 1 1288 25 is_stmt 0 view .LVU497
 1695 0004 0068     		ldr	r0, [r0]
 1696              	.LVL113:
1288:Drivers/STM32L4xx_HAL_Driver/Src/stm32l4xx_hal_qspi.c **** 
 1697              		.loc 1 1288 25 view .LVU498
 1698 0006 0269     		ldr	r2, [r0, #16]
 1699              	.LVL114:
1291:Drivers/STM32L4xx_HAL_Driver/Src/stm32l4xx_hal_qspi.c **** 
 1700              		.loc 1 1291 3 is_stmt 1 view .LVU499
1291:Drivers/STM32L4xx_HAL_Driver/Src/stm32l4xx_hal_qspi.c **** 
 1701              		.loc 1 1291 3 view .LVU500
 1702 0008 94F84030 		ldrb	r3, [r4, #64]	@ zero_extendqisi2
 1703 000c DBB2     		uxtb	r3, r3
 1704 000e 012B     		cmp	r3, #1
 1705 0010 00F09480 		beq	.L100
 1706 0014 0132     		adds	r2, r2, #1
 1707              	.LVL115:
1291:Drivers/STM32L4xx_HAL_Driver/Src/stm32l4xx_hal_qspi.c **** 
ARM GAS  /tmp/ccLGcT9r.s 			page 88


 1708              		.loc 1 1291 3 discriminator 2 view .LVU501
 1709 0016 0123     		movs	r3, #1
 1710 0018 84F84030 		strb	r3, [r4, #64]
1291:Drivers/STM32L4xx_HAL_Driver/Src/stm32l4xx_hal_qspi.c **** 
 1711              		.loc 1 1291 3 discriminator 2 view .LVU502
1293:Drivers/STM32L4xx_HAL_Driver/Src/stm32l4xx_hal_qspi.c ****   {
 1712              		.loc 1 1293 3 view .LVU503
1293:Drivers/STM32L4xx_HAL_Driver/Src/stm32l4xx_hal_qspi.c ****   {
 1713              		.loc 1 1293 11 is_stmt 0 view .LVU504
 1714 001c 94F84150 		ldrb	r5, [r4, #65]	@ zero_extendqisi2
 1715 0020 EDB2     		uxtb	r5, r5
1293:Drivers/STM32L4xx_HAL_Driver/Src/stm32l4xx_hal_qspi.c ****   {
 1716              		.loc 1 1293 5 view .LVU505
 1717 0022 9D42     		cmp	r5, r3
 1718 0024 05D0     		beq	.L102
1413:Drivers/STM32L4xx_HAL_Driver/Src/stm32l4xx_hal_qspi.c **** 
 1719              		.loc 1 1413 5 is_stmt 1 view .LVU506
 1720              	.LVL116:
1416:Drivers/STM32L4xx_HAL_Driver/Src/stm32l4xx_hal_qspi.c ****   }
 1721              		.loc 1 1416 5 view .LVU507
1416:Drivers/STM32L4xx_HAL_Driver/Src/stm32l4xx_hal_qspi.c ****   }
 1722              		.loc 1 1416 5 view .LVU508
 1723 0026 0023     		movs	r3, #0
 1724 0028 84F84030 		strb	r3, [r4, #64]
1413:Drivers/STM32L4xx_HAL_Driver/Src/stm32l4xx_hal_qspi.c **** 
 1725              		.loc 1 1413 12 is_stmt 0 view .LVU509
 1726 002c 0225     		movs	r5, #2
 1727              	.LVL117:
 1728              	.L89:
1420:Drivers/STM32L4xx_HAL_Driver/Src/stm32l4xx_hal_qspi.c **** 
 1729              		.loc 1 1420 1 view .LVU510
 1730 002e 2846     		mov	r0, r5
 1731 0030 38BD     		pop	{r3, r4, r5, pc}
 1732              	.LVL118:
 1733              	.L102:
1296:Drivers/STM32L4xx_HAL_Driver/Src/stm32l4xx_hal_qspi.c **** 
 1734              		.loc 1 1296 5 is_stmt 1 view .LVU511
1296:Drivers/STM32L4xx_HAL_Driver/Src/stm32l4xx_hal_qspi.c **** 
 1735              		.loc 1 1296 22 is_stmt 0 view .LVU512
 1736 0032 0023     		movs	r3, #0
 1737 0034 6364     		str	r3, [r4, #68]
1298:Drivers/STM32L4xx_HAL_Driver/Src/stm32l4xx_hal_qspi.c ****     {
 1738              		.loc 1 1298 5 is_stmt 1 view .LVU513
1298:Drivers/STM32L4xx_HAL_Driver/Src/stm32l4xx_hal_qspi.c ****     {
 1739              		.loc 1 1298 7 is_stmt 0 view .LVU514
 1740 0036 0029     		cmp	r1, #0
 1741 0038 78D0     		beq	.L91
1301:Drivers/STM32L4xx_HAL_Driver/Src/stm32l4xx_hal_qspi.c ****       {
 1742              		.loc 1 1301 7 is_stmt 1 view .LVU515
1301:Drivers/STM32L4xx_HAL_Driver/Src/stm32l4xx_hal_qspi.c ****       {
 1743              		.loc 1 1301 16 is_stmt 0 view .LVU516
 1744 003a E36B     		ldr	r3, [r4, #60]
1301:Drivers/STM32L4xx_HAL_Driver/Src/stm32l4xx_hal_qspi.c ****       {
 1745              		.loc 1 1301 28 view .LVU517
 1746 003c 5B69     		ldr	r3, [r3, #20]
1301:Drivers/STM32L4xx_HAL_Driver/Src/stm32l4xx_hal_qspi.c ****       {
 1747              		.loc 1 1301 10 view .LVU518
ARM GAS  /tmp/ccLGcT9r.s 			page 89


 1748 003e 002B     		cmp	r3, #0
 1749 0040 3AD1     		bne	.L92
1303:Drivers/STM32L4xx_HAL_Driver/Src/stm32l4xx_hal_qspi.c ****       }
 1750              		.loc 1 1303 9 is_stmt 1 view .LVU519
1303:Drivers/STM32L4xx_HAL_Driver/Src/stm32l4xx_hal_qspi.c ****       }
 1751              		.loc 1 1303 28 is_stmt 0 view .LVU520
 1752 0042 E262     		str	r2, [r4, #44]
1342:Drivers/STM32L4xx_HAL_Driver/Src/stm32l4xx_hal_qspi.c **** 
 1753              		.loc 1 1342 7 is_stmt 1 view .LVU521
1344:Drivers/STM32L4xx_HAL_Driver/Src/stm32l4xx_hal_qspi.c ****       {
 1754              		.loc 1 1344 7 view .LVU522
 1755              	.LVL119:
 1756              	.L93:
1347:Drivers/STM32L4xx_HAL_Driver/Src/stm32l4xx_hal_qspi.c **** 
 1757              		.loc 1 1347 9 view .LVU523
1347:Drivers/STM32L4xx_HAL_Driver/Src/stm32l4xx_hal_qspi.c **** 
 1758              		.loc 1 1347 22 is_stmt 0 view .LVU524
 1759 0044 1223     		movs	r3, #18
 1760 0046 84F84130 		strb	r3, [r4, #65]
1350:Drivers/STM32L4xx_HAL_Driver/Src/stm32l4xx_hal_qspi.c **** 
 1761              		.loc 1 1350 9 is_stmt 1 view .LVU525
 1762 004a 0323     		movs	r3, #3
 1763 004c C360     		str	r3, [r0, #12]
1353:Drivers/STM32L4xx_HAL_Driver/Src/stm32l4xx_hal_qspi.c ****         hqspi->pTxBuffPtr = pData;
 1764              		.loc 1 1353 9 view .LVU526
1353:Drivers/STM32L4xx_HAL_Driver/Src/stm32l4xx_hal_qspi.c ****         hqspi->pTxBuffPtr = pData;
 1765              		.loc 1 1353 34 is_stmt 0 view .LVU527
 1766 004e E36A     		ldr	r3, [r4, #44]
1353:Drivers/STM32L4xx_HAL_Driver/Src/stm32l4xx_hal_qspi.c ****         hqspi->pTxBuffPtr = pData;
 1767              		.loc 1 1353 27 view .LVU528
 1768 0050 A362     		str	r3, [r4, #40]
1354:Drivers/STM32L4xx_HAL_Driver/Src/stm32l4xx_hal_qspi.c **** 
 1769              		.loc 1 1354 9 is_stmt 1 view .LVU529
1354:Drivers/STM32L4xx_HAL_Driver/Src/stm32l4xx_hal_qspi.c **** 
 1770              		.loc 1 1354 27 is_stmt 0 view .LVU530
 1771 0052 6162     		str	r1, [r4, #36]
1357:Drivers/STM32L4xx_HAL_Driver/Src/stm32l4xx_hal_qspi.c **** 
 1772              		.loc 1 1357 9 is_stmt 1 view .LVU531
 1773 0054 2268     		ldr	r2, [r4]
 1774 0056 5369     		ldr	r3, [r2, #20]
 1775 0058 23F04063 		bic	r3, r3, #201326592
 1776 005c 5361     		str	r3, [r2, #20]
1360:Drivers/STM32L4xx_HAL_Driver/Src/stm32l4xx_hal_qspi.c **** 
 1777              		.loc 1 1360 9 view .LVU532
1360:Drivers/STM32L4xx_HAL_Driver/Src/stm32l4xx_hal_qspi.c **** 
 1778              		.loc 1 1360 14 is_stmt 0 view .LVU533
 1779 005e E36B     		ldr	r3, [r4, #60]
1360:Drivers/STM32L4xx_HAL_Driver/Src/stm32l4xx_hal_qspi.c **** 
 1780              		.loc 1 1360 39 view .LVU534
 1781 0060 374A     		ldr	r2, .L104
 1782 0062 DA62     		str	r2, [r3, #44]
1363:Drivers/STM32L4xx_HAL_Driver/Src/stm32l4xx_hal_qspi.c **** 
 1783              		.loc 1 1363 9 is_stmt 1 view .LVU535
1363:Drivers/STM32L4xx_HAL_Driver/Src/stm32l4xx_hal_qspi.c **** 
 1784              		.loc 1 1363 14 is_stmt 0 view .LVU536
 1785 0064 E36B     		ldr	r3, [r4, #60]
1363:Drivers/STM32L4xx_HAL_Driver/Src/stm32l4xx_hal_qspi.c **** 
ARM GAS  /tmp/ccLGcT9r.s 			page 90


 1786              		.loc 1 1363 43 view .LVU537
 1787 0066 374A     		ldr	r2, .L104+4
 1788 0068 1A63     		str	r2, [r3, #48]
1366:Drivers/STM32L4xx_HAL_Driver/Src/stm32l4xx_hal_qspi.c **** 
 1789              		.loc 1 1366 9 is_stmt 1 view .LVU538
1366:Drivers/STM32L4xx_HAL_Driver/Src/stm32l4xx_hal_qspi.c **** 
 1790              		.loc 1 1366 14 is_stmt 0 view .LVU539
 1791 006a E36B     		ldr	r3, [r4, #60]
1366:Drivers/STM32L4xx_HAL_Driver/Src/stm32l4xx_hal_qspi.c **** 
 1792              		.loc 1 1366 40 view .LVU540
 1793 006c 364A     		ldr	r2, .L104+8
 1794 006e 5A63     		str	r2, [r3, #52]
1369:Drivers/STM32L4xx_HAL_Driver/Src/stm32l4xx_hal_qspi.c **** 
 1795              		.loc 1 1369 9 is_stmt 1 view .LVU541
1369:Drivers/STM32L4xx_HAL_Driver/Src/stm32l4xx_hal_qspi.c **** 
 1796              		.loc 1 1369 14 is_stmt 0 view .LVU542
 1797 0070 E36B     		ldr	r3, [r4, #60]
1369:Drivers/STM32L4xx_HAL_Driver/Src/stm32l4xx_hal_qspi.c **** 
 1798              		.loc 1 1369 40 view .LVU543
 1799 0072 0022     		movs	r2, #0
 1800 0074 9A63     		str	r2, [r3, #56]
1372:Drivers/STM32L4xx_HAL_Driver/Src/stm32l4xx_hal_qspi.c ****         MODIFY_REG(hqspi->hdma->Instance->CCR, DMA_CCR_DIR, hqspi->hdma->Init.Direction);
 1801              		.loc 1 1372 9 is_stmt 1 view .LVU544
1372:Drivers/STM32L4xx_HAL_Driver/Src/stm32l4xx_hal_qspi.c ****         MODIFY_REG(hqspi->hdma->Instance->CCR, DMA_CCR_DIR, hqspi->hdma->Init.Direction);
 1802              		.loc 1 1372 14 is_stmt 0 view .LVU545
 1803 0076 E36B     		ldr	r3, [r4, #60]
1372:Drivers/STM32L4xx_HAL_Driver/Src/stm32l4xx_hal_qspi.c ****         MODIFY_REG(hqspi->hdma->Instance->CCR, DMA_CCR_DIR, hqspi->hdma->Init.Direction);
 1804              		.loc 1 1372 37 view .LVU546
 1805 0078 1022     		movs	r2, #16
 1806 007a 9A60     		str	r2, [r3, #8]
1373:Drivers/STM32L4xx_HAL_Driver/Src/stm32l4xx_hal_qspi.c **** 
 1807              		.loc 1 1373 9 is_stmt 1 view .LVU547
 1808 007c E06B     		ldr	r0, [r4, #60]
 1809 007e 0268     		ldr	r2, [r0]
 1810 0080 1368     		ldr	r3, [r2]
 1811 0082 23F01003 		bic	r3, r3, #16
 1812 0086 8068     		ldr	r0, [r0, #8]
 1813 0088 0343     		orrs	r3, r3, r0
 1814 008a 1360     		str	r3, [r2]
1376:Drivers/STM32L4xx_HAL_Driver/Src/stm32l4xx_hal_qspi.c **** 
 1815              		.loc 1 1376 9 view .LVU548
 1816 008c 2268     		ldr	r2, [r4]
 1817 008e 1368     		ldr	r3, [r2]
 1818 0090 43F48033 		orr	r3, r3, #65536
 1819 0094 1360     		str	r3, [r2]
1379:Drivers/STM32L4xx_HAL_Driver/Src/stm32l4xx_hal_qspi.c **** 
 1820              		.loc 1 1379 9 view .LVU549
 1821 0096 2268     		ldr	r2, [r4]
 1822 0098 1368     		ldr	r3, [r2]
 1823 009a 43F00403 		orr	r3, r3, #4
 1824 009e 1360     		str	r3, [r2]
1383:Drivers/STM32L4xx_HAL_Driver/Src/stm32l4xx_hal_qspi.c ****         {
 1825              		.loc 1 1383 9 view .LVU550
1383:Drivers/STM32L4xx_HAL_Driver/Src/stm32l4xx_hal_qspi.c ****         {
 1826              		.loc 1 1383 76 is_stmt 0 view .LVU551
 1827 00a0 2268     		ldr	r2, [r4]
1383:Drivers/STM32L4xx_HAL_Driver/Src/stm32l4xx_hal_qspi.c ****         {
ARM GAS  /tmp/ccLGcT9r.s 			page 91


 1828              		.loc 1 1383 97 view .LVU552
 1829 00a2 A36A     		ldr	r3, [r4, #40]
1383:Drivers/STM32L4xx_HAL_Driver/Src/stm32l4xx_hal_qspi.c ****         {
 1830              		.loc 1 1383 13 view .LVU553
 1831 00a4 2032     		adds	r2, r2, #32
 1832 00a6 E06B     		ldr	r0, [r4, #60]
 1833 00a8 FFF7FEFF 		bl	HAL_DMA_Start_IT
 1834              	.LVL120:
1383:Drivers/STM32L4xx_HAL_Driver/Src/stm32l4xx_hal_qspi.c ****         {
 1835              		.loc 1 1383 12 discriminator 1 view .LVU554
 1836 00ac 70BB     		cbnz	r0, .L99
1386:Drivers/STM32L4xx_HAL_Driver/Src/stm32l4xx_hal_qspi.c ****         }
 1837              		.loc 1 1386 11 is_stmt 1 view .LVU555
1386:Drivers/STM32L4xx_HAL_Driver/Src/stm32l4xx_hal_qspi.c ****         }
 1838              		.loc 1 1386 11 view .LVU556
 1839 00ae 0022     		movs	r2, #0
 1840 00b0 84F84020 		strb	r2, [r4, #64]
1386:Drivers/STM32L4xx_HAL_Driver/Src/stm32l4xx_hal_qspi.c ****         }
 1841              		.loc 1 1386 11 view .LVU557
 1842 00b4 0546     		mov	r5, r0
 1843 00b6 BAE7     		b	.L89
 1844              	.LVL121:
 1845              	.L92:
1305:Drivers/STM32L4xx_HAL_Driver/Src/stm32l4xx_hal_qspi.c ****       {
 1846              		.loc 1 1305 12 view .LVU558
1305:Drivers/STM32L4xx_HAL_Driver/Src/stm32l4xx_hal_qspi.c ****       {
 1847              		.loc 1 1305 15 is_stmt 0 view .LVU559
 1848 00b8 B3F5807F 		cmp	r3, #256
 1849 00bc 11D0     		beq	.L103
1322:Drivers/STM32L4xx_HAL_Driver/Src/stm32l4xx_hal_qspi.c ****       {
 1850              		.loc 1 1322 12 is_stmt 1 view .LVU560
1322:Drivers/STM32L4xx_HAL_Driver/Src/stm32l4xx_hal_qspi.c ****       {
 1851              		.loc 1 1322 15 is_stmt 0 view .LVU561
 1852 00be B3F5007F 		cmp	r3, #512
 1853 00c2 BFD1     		bne	.L93
1324:Drivers/STM32L4xx_HAL_Driver/Src/stm32l4xx_hal_qspi.c ****         {
 1854              		.loc 1 1324 9 is_stmt 1 view .LVU562
1324:Drivers/STM32L4xx_HAL_Driver/Src/stm32l4xx_hal_qspi.c ****         {
 1855              		.loc 1 1324 12 is_stmt 0 view .LVU563
 1856 00c4 12F0030F 		tst	r2, #3
 1857 00c8 03D1     		bne	.L97
1324:Drivers/STM32L4xx_HAL_Driver/Src/stm32l4xx_hal_qspi.c ****         {
 1858              		.loc 1 1324 54 discriminator 1 view .LVU564
 1859 00ca A368     		ldr	r3, [r4, #8]
1324:Drivers/STM32L4xx_HAL_Driver/Src/stm32l4xx_hal_qspi.c ****         {
 1860              		.loc 1 1324 38 discriminator 1 view .LVU565
 1861 00cc 13F0030F 		tst	r3, #3
 1862 00d0 19D0     		beq	.L98
 1863              	.L97:
1328:Drivers/STM32L4xx_HAL_Driver/Src/stm32l4xx_hal_qspi.c ****           status = HAL_ERROR;
 1864              		.loc 1 1328 11 is_stmt 1 view .LVU566
1328:Drivers/STM32L4xx_HAL_Driver/Src/stm32l4xx_hal_qspi.c ****           status = HAL_ERROR;
 1865              		.loc 1 1328 16 is_stmt 0 view .LVU567
 1866 00d2 636C     		ldr	r3, [r4, #68]
1328:Drivers/STM32L4xx_HAL_Driver/Src/stm32l4xx_hal_qspi.c ****           status = HAL_ERROR;
 1867              		.loc 1 1328 28 view .LVU568
 1868 00d4 43F00803 		orr	r3, r3, #8
ARM GAS  /tmp/ccLGcT9r.s 			page 92


 1869 00d8 6364     		str	r3, [r4, #68]
1329:Drivers/STM32L4xx_HAL_Driver/Src/stm32l4xx_hal_qspi.c **** 
 1870              		.loc 1 1329 11 is_stmt 1 view .LVU569
 1871              	.LVL122:
1332:Drivers/STM32L4xx_HAL_Driver/Src/stm32l4xx_hal_qspi.c ****         }
 1872              		.loc 1 1332 11 view .LVU570
1332:Drivers/STM32L4xx_HAL_Driver/Src/stm32l4xx_hal_qspi.c ****         }
 1873              		.loc 1 1332 11 view .LVU571
 1874 00da 0023     		movs	r3, #0
 1875 00dc 84F84030 		strb	r3, [r4, #64]
1332:Drivers/STM32L4xx_HAL_Driver/Src/stm32l4xx_hal_qspi.c ****         }
 1876              		.loc 1 1332 11 view .LVU572
1342:Drivers/STM32L4xx_HAL_Driver/Src/stm32l4xx_hal_qspi.c **** 
 1877              		.loc 1 1342 7 view .LVU573
1344:Drivers/STM32L4xx_HAL_Driver/Src/stm32l4xx_hal_qspi.c ****       {
 1878              		.loc 1 1344 7 view .LVU574
 1879 00e0 A5E7     		b	.L89
 1880              	.LVL123:
 1881              	.L103:
1307:Drivers/STM32L4xx_HAL_Driver/Src/stm32l4xx_hal_qspi.c ****         {
 1882              		.loc 1 1307 9 view .LVU575
1307:Drivers/STM32L4xx_HAL_Driver/Src/stm32l4xx_hal_qspi.c ****         {
 1883              		.loc 1 1307 12 is_stmt 0 view .LVU576
 1884 00e2 12F0010F 		tst	r2, #1
 1885 00e6 03D1     		bne	.L95
1307:Drivers/STM32L4xx_HAL_Driver/Src/stm32l4xx_hal_qspi.c ****         {
 1886              		.loc 1 1307 54 discriminator 1 view .LVU577
 1887 00e8 A368     		ldr	r3, [r4, #8]
1307:Drivers/STM32L4xx_HAL_Driver/Src/stm32l4xx_hal_qspi.c ****         {
 1888              		.loc 1 1307 38 discriminator 1 view .LVU578
 1889 00ea 13F0010F 		tst	r3, #1
 1890 00ee 07D0     		beq	.L96
 1891              	.L95:
1311:Drivers/STM32L4xx_HAL_Driver/Src/stm32l4xx_hal_qspi.c ****           status = HAL_ERROR;
 1892              		.loc 1 1311 11 is_stmt 1 view .LVU579
1311:Drivers/STM32L4xx_HAL_Driver/Src/stm32l4xx_hal_qspi.c ****           status = HAL_ERROR;
 1893              		.loc 1 1311 16 is_stmt 0 view .LVU580
 1894 00f0 636C     		ldr	r3, [r4, #68]
1311:Drivers/STM32L4xx_HAL_Driver/Src/stm32l4xx_hal_qspi.c ****           status = HAL_ERROR;
 1895              		.loc 1 1311 28 view .LVU581
 1896 00f2 43F00803 		orr	r3, r3, #8
 1897 00f6 6364     		str	r3, [r4, #68]
1312:Drivers/STM32L4xx_HAL_Driver/Src/stm32l4xx_hal_qspi.c **** 
 1898              		.loc 1 1312 11 is_stmt 1 view .LVU582
 1899              	.LVL124:
1315:Drivers/STM32L4xx_HAL_Driver/Src/stm32l4xx_hal_qspi.c ****         }
 1900              		.loc 1 1315 11 view .LVU583
1315:Drivers/STM32L4xx_HAL_Driver/Src/stm32l4xx_hal_qspi.c ****         }
 1901              		.loc 1 1315 11 view .LVU584
 1902 00f8 0023     		movs	r3, #0
 1903 00fa 84F84030 		strb	r3, [r4, #64]
1315:Drivers/STM32L4xx_HAL_Driver/Src/stm32l4xx_hal_qspi.c ****         }
 1904              		.loc 1 1315 11 view .LVU585
1342:Drivers/STM32L4xx_HAL_Driver/Src/stm32l4xx_hal_qspi.c **** 
 1905              		.loc 1 1342 7 view .LVU586
1344:Drivers/STM32L4xx_HAL_Driver/Src/stm32l4xx_hal_qspi.c ****       {
 1906              		.loc 1 1344 7 view .LVU587
ARM GAS  /tmp/ccLGcT9r.s 			page 93


 1907 00fe 96E7     		b	.L89
 1908              	.LVL125:
 1909              	.L96:
1319:Drivers/STM32L4xx_HAL_Driver/Src/stm32l4xx_hal_qspi.c ****         }
 1910              		.loc 1 1319 11 view .LVU588
1319:Drivers/STM32L4xx_HAL_Driver/Src/stm32l4xx_hal_qspi.c ****         }
 1911              		.loc 1 1319 43 is_stmt 0 view .LVU589
 1912 0100 5208     		lsrs	r2, r2, #1
 1913              	.LVL126:
1319:Drivers/STM32L4xx_HAL_Driver/Src/stm32l4xx_hal_qspi.c ****         }
 1914              		.loc 1 1319 30 view .LVU590
 1915 0102 E262     		str	r2, [r4, #44]
1342:Drivers/STM32L4xx_HAL_Driver/Src/stm32l4xx_hal_qspi.c **** 
 1916              		.loc 1 1342 7 is_stmt 1 view .LVU591
1344:Drivers/STM32L4xx_HAL_Driver/Src/stm32l4xx_hal_qspi.c ****       {
 1917              		.loc 1 1344 7 view .LVU592
 1918 0104 9EE7     		b	.L93
 1919              	.LVL127:
 1920              	.L98:
1336:Drivers/STM32L4xx_HAL_Driver/Src/stm32l4xx_hal_qspi.c ****         }
 1921              		.loc 1 1336 11 view .LVU593
1336:Drivers/STM32L4xx_HAL_Driver/Src/stm32l4xx_hal_qspi.c ****         }
 1922              		.loc 1 1336 43 is_stmt 0 view .LVU594
 1923 0106 9208     		lsrs	r2, r2, #2
 1924              	.LVL128:
1336:Drivers/STM32L4xx_HAL_Driver/Src/stm32l4xx_hal_qspi.c ****         }
 1925              		.loc 1 1336 30 view .LVU595
 1926 0108 E262     		str	r2, [r4, #44]
1342:Drivers/STM32L4xx_HAL_Driver/Src/stm32l4xx_hal_qspi.c **** 
 1927              		.loc 1 1342 7 is_stmt 1 view .LVU596
1344:Drivers/STM32L4xx_HAL_Driver/Src/stm32l4xx_hal_qspi.c ****       {
 1928              		.loc 1 1344 7 view .LVU597
 1929 010a 9BE7     		b	.L93
 1930              	.LVL129:
 1931              	.L99:
1391:Drivers/STM32L4xx_HAL_Driver/Src/stm32l4xx_hal_qspi.c **** 
 1932              		.loc 1 1391 11 view .LVU598
 1933 010c 2268     		ldr	r2, [r4]
 1934 010e 1368     		ldr	r3, [r2]
 1935 0110 23F00403 		bic	r3, r3, #4
 1936 0114 1360     		str	r3, [r2]
1393:Drivers/STM32L4xx_HAL_Driver/Src/stm32l4xx_hal_qspi.c ****           hqspi->ErrorCode |= HAL_QSPI_ERROR_DMA;
 1937              		.loc 1 1393 11 view .LVU599
 1938              	.LVL130:
1394:Drivers/STM32L4xx_HAL_Driver/Src/stm32l4xx_hal_qspi.c ****           hqspi->State = HAL_QSPI_STATE_READY;
 1939              		.loc 1 1394 11 view .LVU600
1394:Drivers/STM32L4xx_HAL_Driver/Src/stm32l4xx_hal_qspi.c ****           hqspi->State = HAL_QSPI_STATE_READY;
 1940              		.loc 1 1394 16 is_stmt 0 view .LVU601
 1941 0116 636C     		ldr	r3, [r4, #68]
1394:Drivers/STM32L4xx_HAL_Driver/Src/stm32l4xx_hal_qspi.c ****           hqspi->State = HAL_QSPI_STATE_READY;
 1942              		.loc 1 1394 28 view .LVU602
 1943 0118 43F00403 		orr	r3, r3, #4
 1944 011c 6364     		str	r3, [r4, #68]
1395:Drivers/STM32L4xx_HAL_Driver/Src/stm32l4xx_hal_qspi.c **** 
 1945              		.loc 1 1395 11 is_stmt 1 view .LVU603
1395:Drivers/STM32L4xx_HAL_Driver/Src/stm32l4xx_hal_qspi.c **** 
 1946              		.loc 1 1395 24 is_stmt 0 view .LVU604
ARM GAS  /tmp/ccLGcT9r.s 			page 94


 1947 011e 0123     		movs	r3, #1
 1948 0120 84F84130 		strb	r3, [r4, #65]
1398:Drivers/STM32L4xx_HAL_Driver/Src/stm32l4xx_hal_qspi.c ****         }
 1949              		.loc 1 1398 11 is_stmt 1 view .LVU605
1398:Drivers/STM32L4xx_HAL_Driver/Src/stm32l4xx_hal_qspi.c ****         }
 1950              		.loc 1 1398 11 view .LVU606
 1951 0124 0023     		movs	r3, #0
 1952 0126 84F84030 		strb	r3, [r4, #64]
 1953 012a 80E7     		b	.L89
 1954              	.LVL131:
 1955              	.L91:
1404:Drivers/STM32L4xx_HAL_Driver/Src/stm32l4xx_hal_qspi.c ****       status = HAL_ERROR;
 1956              		.loc 1 1404 7 view .LVU607
1404:Drivers/STM32L4xx_HAL_Driver/Src/stm32l4xx_hal_qspi.c ****       status = HAL_ERROR;
 1957              		.loc 1 1404 12 is_stmt 0 view .LVU608
 1958 012c 636C     		ldr	r3, [r4, #68]
1404:Drivers/STM32L4xx_HAL_Driver/Src/stm32l4xx_hal_qspi.c ****       status = HAL_ERROR;
 1959              		.loc 1 1404 24 view .LVU609
 1960 012e 43F00803 		orr	r3, r3, #8
 1961 0132 6364     		str	r3, [r4, #68]
1405:Drivers/STM32L4xx_HAL_Driver/Src/stm32l4xx_hal_qspi.c **** 
 1962              		.loc 1 1405 7 is_stmt 1 view .LVU610
 1963              	.LVL132:
1408:Drivers/STM32L4xx_HAL_Driver/Src/stm32l4xx_hal_qspi.c ****     }
 1964              		.loc 1 1408 7 view .LVU611
1408:Drivers/STM32L4xx_HAL_Driver/Src/stm32l4xx_hal_qspi.c ****     }
 1965              		.loc 1 1408 7 view .LVU612
 1966 0134 0023     		movs	r3, #0
 1967 0136 84F84030 		strb	r3, [r4, #64]
 1968 013a 78E7     		b	.L89
 1969              	.LVL133:
 1970              	.L100:
1291:Drivers/STM32L4xx_HAL_Driver/Src/stm32l4xx_hal_qspi.c **** 
 1971              		.loc 1 1291 3 is_stmt 0 discriminator 1 view .LVU613
 1972 013c 0225     		movs	r5, #2
 1973 013e 76E7     		b	.L89
 1974              	.L105:
 1975              		.align	2
 1976              	.L104:
 1977 0140 00000000 		.word	QSPI_DMATxCplt
 1978 0144 00000000 		.word	QSPI_DMATxHalfCplt
 1979 0148 00000000 		.word	QSPI_DMAError
 1980              		.cfi_endproc
 1981              	.LFE395:
 1983              		.section	.text.HAL_QSPI_Receive_DMA,"ax",%progbits
 1984              		.align	1
 1985              		.global	HAL_QSPI_Receive_DMA
 1986              		.syntax unified
 1987              		.thumb
 1988              		.thumb_func
 1990              	HAL_QSPI_Receive_DMA:
 1991              	.LVL134:
 1992              	.LFB396:
1434:Drivers/STM32L4xx_HAL_Driver/Src/stm32l4xx_hal_qspi.c ****   HAL_StatusTypeDef status = HAL_OK;
 1993              		.loc 1 1434 1 is_stmt 1 view -0
 1994              		.cfi_startproc
 1995              		@ args = 0, pretend = 0, frame = 0
ARM GAS  /tmp/ccLGcT9r.s 			page 95


 1996              		@ frame_needed = 0, uses_anonymous_args = 0
1434:Drivers/STM32L4xx_HAL_Driver/Src/stm32l4xx_hal_qspi.c ****   HAL_StatusTypeDef status = HAL_OK;
 1997              		.loc 1 1434 1 is_stmt 0 view .LVU615
 1998 0000 70B5     		push	{r4, r5, r6, lr}
 1999              	.LCFI26:
 2000              		.cfi_def_cfa_offset 16
 2001              		.cfi_offset 4, -16
 2002              		.cfi_offset 5, -12
 2003              		.cfi_offset 6, -8
 2004              		.cfi_offset 14, -4
 2005 0002 0446     		mov	r4, r0
1435:Drivers/STM32L4xx_HAL_Driver/Src/stm32l4xx_hal_qspi.c ****   uint32_t addr_reg = READ_REG(hqspi->Instance->AR);
 2006              		.loc 1 1435 3 is_stmt 1 view .LVU616
 2007              	.LVL135:
1436:Drivers/STM32L4xx_HAL_Driver/Src/stm32l4xx_hal_qspi.c ****   uint32_t data_size = (READ_REG(hqspi->Instance->DLR) + 1U);
 2008              		.loc 1 1436 3 view .LVU617
1436:Drivers/STM32L4xx_HAL_Driver/Src/stm32l4xx_hal_qspi.c ****   uint32_t data_size = (READ_REG(hqspi->Instance->DLR) + 1U);
 2009              		.loc 1 1436 23 is_stmt 0 view .LVU618
 2010 0004 0268     		ldr	r2, [r0]
1436:Drivers/STM32L4xx_HAL_Driver/Src/stm32l4xx_hal_qspi.c ****   uint32_t data_size = (READ_REG(hqspi->Instance->DLR) + 1U);
 2011              		.loc 1 1436 12 view .LVU619
 2012 0006 9669     		ldr	r6, [r2, #24]
 2013              	.LVL136:
1437:Drivers/STM32L4xx_HAL_Driver/Src/stm32l4xx_hal_qspi.c **** 
 2014              		.loc 1 1437 3 is_stmt 1 view .LVU620
1437:Drivers/STM32L4xx_HAL_Driver/Src/stm32l4xx_hal_qspi.c **** 
 2015              		.loc 1 1437 25 is_stmt 0 view .LVU621
 2016 0008 1069     		ldr	r0, [r2, #16]
 2017              	.LVL137:
1440:Drivers/STM32L4xx_HAL_Driver/Src/stm32l4xx_hal_qspi.c **** 
 2018              		.loc 1 1440 3 is_stmt 1 view .LVU622
1440:Drivers/STM32L4xx_HAL_Driver/Src/stm32l4xx_hal_qspi.c **** 
 2019              		.loc 1 1440 3 view .LVU623
 2020 000a 94F84030 		ldrb	r3, [r4, #64]	@ zero_extendqisi2
 2021 000e DBB2     		uxtb	r3, r3
 2022 0010 012B     		cmp	r3, #1
 2023 0012 00F09A80 		beq	.L118
 2024 0016 0130     		adds	r0, r0, #1
 2025              	.LVL138:
1440:Drivers/STM32L4xx_HAL_Driver/Src/stm32l4xx_hal_qspi.c **** 
 2026              		.loc 1 1440 3 discriminator 2 view .LVU624
 2027 0018 0123     		movs	r3, #1
 2028 001a 84F84030 		strb	r3, [r4, #64]
1440:Drivers/STM32L4xx_HAL_Driver/Src/stm32l4xx_hal_qspi.c **** 
 2029              		.loc 1 1440 3 discriminator 2 view .LVU625
1442:Drivers/STM32L4xx_HAL_Driver/Src/stm32l4xx_hal_qspi.c ****   {
 2030              		.loc 1 1442 3 view .LVU626
1442:Drivers/STM32L4xx_HAL_Driver/Src/stm32l4xx_hal_qspi.c ****   {
 2031              		.loc 1 1442 11 is_stmt 0 view .LVU627
 2032 001e 94F84150 		ldrb	r5, [r4, #65]	@ zero_extendqisi2
 2033 0022 EDB2     		uxtb	r5, r5
1442:Drivers/STM32L4xx_HAL_Driver/Src/stm32l4xx_hal_qspi.c ****   {
 2034              		.loc 1 1442 5 view .LVU628
 2035 0024 9D42     		cmp	r5, r3
 2036 0026 05D0     		beq	.L120
1564:Drivers/STM32L4xx_HAL_Driver/Src/stm32l4xx_hal_qspi.c **** 
 2037              		.loc 1 1564 5 is_stmt 1 view .LVU629
ARM GAS  /tmp/ccLGcT9r.s 			page 96


 2038              	.LVL139:
1567:Drivers/STM32L4xx_HAL_Driver/Src/stm32l4xx_hal_qspi.c ****   }
 2039              		.loc 1 1567 5 view .LVU630
1567:Drivers/STM32L4xx_HAL_Driver/Src/stm32l4xx_hal_qspi.c ****   }
 2040              		.loc 1 1567 5 view .LVU631
 2041 0028 0023     		movs	r3, #0
 2042 002a 84F84030 		strb	r3, [r4, #64]
1564:Drivers/STM32L4xx_HAL_Driver/Src/stm32l4xx_hal_qspi.c **** 
 2043              		.loc 1 1564 12 is_stmt 0 view .LVU632
 2044 002e 0225     		movs	r5, #2
 2045              	.LVL140:
 2046              	.L107:
1571:Drivers/STM32L4xx_HAL_Driver/Src/stm32l4xx_hal_qspi.c **** 
 2047              		.loc 1 1571 1 view .LVU633
 2048 0030 2846     		mov	r0, r5
 2049 0032 70BD     		pop	{r4, r5, r6, pc}
 2050              	.LVL141:
 2051              	.L120:
1445:Drivers/STM32L4xx_HAL_Driver/Src/stm32l4xx_hal_qspi.c **** 
 2052              		.loc 1 1445 5 is_stmt 1 view .LVU634
1445:Drivers/STM32L4xx_HAL_Driver/Src/stm32l4xx_hal_qspi.c **** 
 2053              		.loc 1 1445 22 is_stmt 0 view .LVU635
 2054 0034 0023     		movs	r3, #0
 2055 0036 6364     		str	r3, [r4, #68]
1447:Drivers/STM32L4xx_HAL_Driver/Src/stm32l4xx_hal_qspi.c ****     {
 2056              		.loc 1 1447 5 is_stmt 1 view .LVU636
1447:Drivers/STM32L4xx_HAL_Driver/Src/stm32l4xx_hal_qspi.c ****     {
 2057              		.loc 1 1447 7 is_stmt 0 view .LVU637
 2058 0038 0029     		cmp	r1, #0
 2059 003a 7ED0     		beq	.L109
1450:Drivers/STM32L4xx_HAL_Driver/Src/stm32l4xx_hal_qspi.c ****       {
 2060              		.loc 1 1450 7 is_stmt 1 view .LVU638
1450:Drivers/STM32L4xx_HAL_Driver/Src/stm32l4xx_hal_qspi.c ****       {
 2061              		.loc 1 1450 16 is_stmt 0 view .LVU639
 2062 003c E36B     		ldr	r3, [r4, #60]
1450:Drivers/STM32L4xx_HAL_Driver/Src/stm32l4xx_hal_qspi.c ****       {
 2063              		.loc 1 1450 28 view .LVU640
 2064 003e 5B69     		ldr	r3, [r3, #20]
1450:Drivers/STM32L4xx_HAL_Driver/Src/stm32l4xx_hal_qspi.c ****       {
 2065              		.loc 1 1450 10 view .LVU641
 2066 0040 002B     		cmp	r3, #0
 2067 0042 40D1     		bne	.L110
1452:Drivers/STM32L4xx_HAL_Driver/Src/stm32l4xx_hal_qspi.c ****       }
 2068              		.loc 1 1452 9 is_stmt 1 view .LVU642
1452:Drivers/STM32L4xx_HAL_Driver/Src/stm32l4xx_hal_qspi.c ****       }
 2069              		.loc 1 1452 28 is_stmt 0 view .LVU643
 2070 0044 A063     		str	r0, [r4, #56]
1491:Drivers/STM32L4xx_HAL_Driver/Src/stm32l4xx_hal_qspi.c **** 
 2071              		.loc 1 1491 7 is_stmt 1 view .LVU644
1493:Drivers/STM32L4xx_HAL_Driver/Src/stm32l4xx_hal_qspi.c ****       {
 2072              		.loc 1 1493 7 view .LVU645
 2073              	.LVL142:
 2074              	.L111:
1496:Drivers/STM32L4xx_HAL_Driver/Src/stm32l4xx_hal_qspi.c **** 
 2075              		.loc 1 1496 9 view .LVU646
1496:Drivers/STM32L4xx_HAL_Driver/Src/stm32l4xx_hal_qspi.c **** 
 2076              		.loc 1 1496 22 is_stmt 0 view .LVU647
ARM GAS  /tmp/ccLGcT9r.s 			page 97


 2077 0046 2223     		movs	r3, #34
 2078 0048 84F84130 		strb	r3, [r4, #65]
1499:Drivers/STM32L4xx_HAL_Driver/Src/stm32l4xx_hal_qspi.c **** 
 2079              		.loc 1 1499 9 is_stmt 1 view .LVU648
 2080 004c 0323     		movs	r3, #3
 2081 004e D360     		str	r3, [r2, #12]
1502:Drivers/STM32L4xx_HAL_Driver/Src/stm32l4xx_hal_qspi.c ****         hqspi->pRxBuffPtr = pData;
 2082              		.loc 1 1502 9 view .LVU649
1502:Drivers/STM32L4xx_HAL_Driver/Src/stm32l4xx_hal_qspi.c ****         hqspi->pRxBuffPtr = pData;
 2083              		.loc 1 1502 34 is_stmt 0 view .LVU650
 2084 0050 A36B     		ldr	r3, [r4, #56]
1502:Drivers/STM32L4xx_HAL_Driver/Src/stm32l4xx_hal_qspi.c ****         hqspi->pRxBuffPtr = pData;
 2085              		.loc 1 1502 27 view .LVU651
 2086 0052 6363     		str	r3, [r4, #52]
1503:Drivers/STM32L4xx_HAL_Driver/Src/stm32l4xx_hal_qspi.c **** 
 2087              		.loc 1 1503 9 is_stmt 1 view .LVU652
1503:Drivers/STM32L4xx_HAL_Driver/Src/stm32l4xx_hal_qspi.c **** 
 2088              		.loc 1 1503 27 is_stmt 0 view .LVU653
 2089 0054 2163     		str	r1, [r4, #48]
1506:Drivers/STM32L4xx_HAL_Driver/Src/stm32l4xx_hal_qspi.c **** 
 2090              		.loc 1 1506 9 is_stmt 1 view .LVU654
1506:Drivers/STM32L4xx_HAL_Driver/Src/stm32l4xx_hal_qspi.c **** 
 2091              		.loc 1 1506 14 is_stmt 0 view .LVU655
 2092 0056 E36B     		ldr	r3, [r4, #60]
1506:Drivers/STM32L4xx_HAL_Driver/Src/stm32l4xx_hal_qspi.c **** 
 2093              		.loc 1 1506 39 view .LVU656
 2094 0058 3D4A     		ldr	r2, .L122
 2095 005a DA62     		str	r2, [r3, #44]
1509:Drivers/STM32L4xx_HAL_Driver/Src/stm32l4xx_hal_qspi.c **** 
 2096              		.loc 1 1509 9 is_stmt 1 view .LVU657
1509:Drivers/STM32L4xx_HAL_Driver/Src/stm32l4xx_hal_qspi.c **** 
 2097              		.loc 1 1509 14 is_stmt 0 view .LVU658
 2098 005c E36B     		ldr	r3, [r4, #60]
1509:Drivers/STM32L4xx_HAL_Driver/Src/stm32l4xx_hal_qspi.c **** 
 2099              		.loc 1 1509 43 view .LVU659
 2100 005e 3D4A     		ldr	r2, .L122+4
 2101 0060 1A63     		str	r2, [r3, #48]
1512:Drivers/STM32L4xx_HAL_Driver/Src/stm32l4xx_hal_qspi.c **** 
 2102              		.loc 1 1512 9 is_stmt 1 view .LVU660
1512:Drivers/STM32L4xx_HAL_Driver/Src/stm32l4xx_hal_qspi.c **** 
 2103              		.loc 1 1512 14 is_stmt 0 view .LVU661
 2104 0062 E36B     		ldr	r3, [r4, #60]
1512:Drivers/STM32L4xx_HAL_Driver/Src/stm32l4xx_hal_qspi.c **** 
 2105              		.loc 1 1512 40 view .LVU662
 2106 0064 3C4A     		ldr	r2, .L122+8
 2107 0066 5A63     		str	r2, [r3, #52]
1515:Drivers/STM32L4xx_HAL_Driver/Src/stm32l4xx_hal_qspi.c **** 
 2108              		.loc 1 1515 9 is_stmt 1 view .LVU663
1515:Drivers/STM32L4xx_HAL_Driver/Src/stm32l4xx_hal_qspi.c **** 
 2109              		.loc 1 1515 14 is_stmt 0 view .LVU664
 2110 0068 E26B     		ldr	r2, [r4, #60]
1515:Drivers/STM32L4xx_HAL_Driver/Src/stm32l4xx_hal_qspi.c **** 
 2111              		.loc 1 1515 40 view .LVU665
 2112 006a 0023     		movs	r3, #0
 2113 006c 9363     		str	r3, [r2, #56]
1518:Drivers/STM32L4xx_HAL_Driver/Src/stm32l4xx_hal_qspi.c ****         MODIFY_REG(hqspi->hdma->Instance->CCR, DMA_CCR_DIR, hqspi->hdma->Init.Direction);
 2114              		.loc 1 1518 9 is_stmt 1 view .LVU666
ARM GAS  /tmp/ccLGcT9r.s 			page 98


1518:Drivers/STM32L4xx_HAL_Driver/Src/stm32l4xx_hal_qspi.c ****         MODIFY_REG(hqspi->hdma->Instance->CCR, DMA_CCR_DIR, hqspi->hdma->Init.Direction);
 2115              		.loc 1 1518 14 is_stmt 0 view .LVU667
 2116 006e E26B     		ldr	r2, [r4, #60]
1518:Drivers/STM32L4xx_HAL_Driver/Src/stm32l4xx_hal_qspi.c ****         MODIFY_REG(hqspi->hdma->Instance->CCR, DMA_CCR_DIR, hqspi->hdma->Init.Direction);
 2117              		.loc 1 1518 37 view .LVU668
 2118 0070 9360     		str	r3, [r2, #8]
1519:Drivers/STM32L4xx_HAL_Driver/Src/stm32l4xx_hal_qspi.c **** 
 2119              		.loc 1 1519 9 is_stmt 1 view .LVU669
 2120 0072 E06B     		ldr	r0, [r4, #60]
 2121 0074 0268     		ldr	r2, [r0]
 2122 0076 1368     		ldr	r3, [r2]
 2123 0078 23F01003 		bic	r3, r3, #16
 2124 007c 8068     		ldr	r0, [r0, #8]
 2125 007e 0343     		orrs	r3, r3, r0
 2126 0080 1360     		str	r3, [r2]
1522:Drivers/STM32L4xx_HAL_Driver/Src/stm32l4xx_hal_qspi.c ****         {
 2127              		.loc 1 1522 9 view .LVU670
1522:Drivers/STM32L4xx_HAL_Driver/Src/stm32l4xx_hal_qspi.c ****         {
 2128              		.loc 1 1522 59 is_stmt 0 view .LVU671
 2129 0082 2068     		ldr	r0, [r4]
1522:Drivers/STM32L4xx_HAL_Driver/Src/stm32l4xx_hal_qspi.c ****         {
 2130              		.loc 1 1522 97 view .LVU672
 2131 0084 636B     		ldr	r3, [r4, #52]
1522:Drivers/STM32L4xx_HAL_Driver/Src/stm32l4xx_hal_qspi.c ****         {
 2132              		.loc 1 1522 13 view .LVU673
 2133 0086 0A46     		mov	r2, r1
 2134 0088 00F12001 		add	r1, r0, #32
 2135              	.LVL143:
1522:Drivers/STM32L4xx_HAL_Driver/Src/stm32l4xx_hal_qspi.c ****         {
 2136              		.loc 1 1522 13 view .LVU674
 2137 008c E06B     		ldr	r0, [r4, #60]
 2138 008e FFF7FEFF 		bl	HAL_DMA_Start_IT
 2139              	.LVL144:
1522:Drivers/STM32L4xx_HAL_Driver/Src/stm32l4xx_hal_qspi.c ****         {
 2140              		.loc 1 1522 12 discriminator 1 view .LVU675
 2141 0092 0028     		cmp	r0, #0
 2142 0094 41D1     		bne	.L117
1525:Drivers/STM32L4xx_HAL_Driver/Src/stm32l4xx_hal_qspi.c **** 
 2143              		.loc 1 1525 11 is_stmt 1 view .LVU676
 2144 0096 2168     		ldr	r1, [r4]
 2145 0098 4B69     		ldr	r3, [r1, #20]
 2146 009a 23F04063 		bic	r3, r3, #201326592
 2147 009e 43F08063 		orr	r3, r3, #67108864
 2148 00a2 4B61     		str	r3, [r1, #20]
1528:Drivers/STM32L4xx_HAL_Driver/Src/stm32l4xx_hal_qspi.c **** 
 2149              		.loc 1 1528 11 view .LVU677
 2150 00a4 2368     		ldr	r3, [r4]
 2151 00a6 9E61     		str	r6, [r3, #24]
1531:Drivers/STM32L4xx_HAL_Driver/Src/stm32l4xx_hal_qspi.c **** 
 2152              		.loc 1 1531 9 view .LVU678
 2153 00a8 2168     		ldr	r1, [r4]
 2154 00aa 0B68     		ldr	r3, [r1]
 2155 00ac 43F48033 		orr	r3, r3, #65536
 2156 00b0 0B60     		str	r3, [r1]
1534:Drivers/STM32L4xx_HAL_Driver/Src/stm32l4xx_hal_qspi.c **** 
 2157              		.loc 1 1534 9 view .LVU679
 2158 00b2 2168     		ldr	r1, [r4]
ARM GAS  /tmp/ccLGcT9r.s 			page 99


 2159 00b4 0B68     		ldr	r3, [r1]
 2160 00b6 43F00403 		orr	r3, r3, #4
 2161 00ba 0B60     		str	r3, [r1]
1537:Drivers/STM32L4xx_HAL_Driver/Src/stm32l4xx_hal_qspi.c ****         }
 2162              		.loc 1 1537 11 view .LVU680
1537:Drivers/STM32L4xx_HAL_Driver/Src/stm32l4xx_hal_qspi.c ****         }
 2163              		.loc 1 1537 11 view .LVU681
 2164 00bc 0023     		movs	r3, #0
 2165 00be 84F84030 		strb	r3, [r4, #64]
1537:Drivers/STM32L4xx_HAL_Driver/Src/stm32l4xx_hal_qspi.c ****         }
 2166              		.loc 1 1537 11 view .LVU682
 2167 00c2 0546     		mov	r5, r0
 2168 00c4 B4E7     		b	.L107
 2169              	.LVL145:
 2170              	.L110:
1454:Drivers/STM32L4xx_HAL_Driver/Src/stm32l4xx_hal_qspi.c ****       {
 2171              		.loc 1 1454 12 view .LVU683
1454:Drivers/STM32L4xx_HAL_Driver/Src/stm32l4xx_hal_qspi.c ****       {
 2172              		.loc 1 1454 15 is_stmt 0 view .LVU684
 2173 00c6 B3F5807F 		cmp	r3, #256
 2174 00ca 11D0     		beq	.L121
1471:Drivers/STM32L4xx_HAL_Driver/Src/stm32l4xx_hal_qspi.c ****       {
 2175              		.loc 1 1471 12 is_stmt 1 view .LVU685
1471:Drivers/STM32L4xx_HAL_Driver/Src/stm32l4xx_hal_qspi.c ****       {
 2176              		.loc 1 1471 15 is_stmt 0 view .LVU686
 2177 00cc B3F5007F 		cmp	r3, #512
 2178 00d0 B9D1     		bne	.L111
1473:Drivers/STM32L4xx_HAL_Driver/Src/stm32l4xx_hal_qspi.c ****         {
 2179              		.loc 1 1473 9 is_stmt 1 view .LVU687
1473:Drivers/STM32L4xx_HAL_Driver/Src/stm32l4xx_hal_qspi.c ****         {
 2180              		.loc 1 1473 12 is_stmt 0 view .LVU688
 2181 00d2 10F0030F 		tst	r0, #3
 2182 00d6 03D1     		bne	.L115
1473:Drivers/STM32L4xx_HAL_Driver/Src/stm32l4xx_hal_qspi.c ****         {
 2183              		.loc 1 1473 54 discriminator 1 view .LVU689
 2184 00d8 A368     		ldr	r3, [r4, #8]
1473:Drivers/STM32L4xx_HAL_Driver/Src/stm32l4xx_hal_qspi.c ****         {
 2185              		.loc 1 1473 38 discriminator 1 view .LVU690
 2186 00da 13F0030F 		tst	r3, #3
 2187 00de 19D0     		beq	.L116
 2188              	.L115:
1477:Drivers/STM32L4xx_HAL_Driver/Src/stm32l4xx_hal_qspi.c ****           status = HAL_ERROR;
 2189              		.loc 1 1477 11 is_stmt 1 view .LVU691
1477:Drivers/STM32L4xx_HAL_Driver/Src/stm32l4xx_hal_qspi.c ****           status = HAL_ERROR;
 2190              		.loc 1 1477 16 is_stmt 0 view .LVU692
 2191 00e0 636C     		ldr	r3, [r4, #68]
1477:Drivers/STM32L4xx_HAL_Driver/Src/stm32l4xx_hal_qspi.c ****           status = HAL_ERROR;
 2192              		.loc 1 1477 28 view .LVU693
 2193 00e2 43F00803 		orr	r3, r3, #8
 2194 00e6 6364     		str	r3, [r4, #68]
1478:Drivers/STM32L4xx_HAL_Driver/Src/stm32l4xx_hal_qspi.c **** 
 2195              		.loc 1 1478 11 is_stmt 1 view .LVU694
 2196              	.LVL146:
1481:Drivers/STM32L4xx_HAL_Driver/Src/stm32l4xx_hal_qspi.c ****         }
 2197              		.loc 1 1481 11 view .LVU695
1481:Drivers/STM32L4xx_HAL_Driver/Src/stm32l4xx_hal_qspi.c ****         }
 2198              		.loc 1 1481 11 view .LVU696
ARM GAS  /tmp/ccLGcT9r.s 			page 100


 2199 00e8 0023     		movs	r3, #0
 2200 00ea 84F84030 		strb	r3, [r4, #64]
1481:Drivers/STM32L4xx_HAL_Driver/Src/stm32l4xx_hal_qspi.c ****         }
 2201              		.loc 1 1481 11 view .LVU697
1491:Drivers/STM32L4xx_HAL_Driver/Src/stm32l4xx_hal_qspi.c **** 
 2202              		.loc 1 1491 7 view .LVU698
1493:Drivers/STM32L4xx_HAL_Driver/Src/stm32l4xx_hal_qspi.c ****       {
 2203              		.loc 1 1493 7 view .LVU699
 2204 00ee 9FE7     		b	.L107
 2205              	.LVL147:
 2206              	.L121:
1456:Drivers/STM32L4xx_HAL_Driver/Src/stm32l4xx_hal_qspi.c ****         {
 2207              		.loc 1 1456 9 view .LVU700
1456:Drivers/STM32L4xx_HAL_Driver/Src/stm32l4xx_hal_qspi.c ****         {
 2208              		.loc 1 1456 12 is_stmt 0 view .LVU701
 2209 00f0 10F0010F 		tst	r0, #1
 2210 00f4 03D1     		bne	.L113
1456:Drivers/STM32L4xx_HAL_Driver/Src/stm32l4xx_hal_qspi.c ****         {
 2211              		.loc 1 1456 54 discriminator 1 view .LVU702
 2212 00f6 A368     		ldr	r3, [r4, #8]
1456:Drivers/STM32L4xx_HAL_Driver/Src/stm32l4xx_hal_qspi.c ****         {
 2213              		.loc 1 1456 38 discriminator 1 view .LVU703
 2214 00f8 13F0010F 		tst	r3, #1
 2215 00fc 07D0     		beq	.L114
 2216              	.L113:
1460:Drivers/STM32L4xx_HAL_Driver/Src/stm32l4xx_hal_qspi.c ****           status = HAL_ERROR;
 2217              		.loc 1 1460 11 is_stmt 1 view .LVU704
1460:Drivers/STM32L4xx_HAL_Driver/Src/stm32l4xx_hal_qspi.c ****           status = HAL_ERROR;
 2218              		.loc 1 1460 16 is_stmt 0 view .LVU705
 2219 00fe 636C     		ldr	r3, [r4, #68]
1460:Drivers/STM32L4xx_HAL_Driver/Src/stm32l4xx_hal_qspi.c ****           status = HAL_ERROR;
 2220              		.loc 1 1460 28 view .LVU706
 2221 0100 43F00803 		orr	r3, r3, #8
 2222 0104 6364     		str	r3, [r4, #68]
1461:Drivers/STM32L4xx_HAL_Driver/Src/stm32l4xx_hal_qspi.c **** 
 2223              		.loc 1 1461 11 is_stmt 1 view .LVU707
 2224              	.LVL148:
1464:Drivers/STM32L4xx_HAL_Driver/Src/stm32l4xx_hal_qspi.c ****         }
 2225              		.loc 1 1464 11 view .LVU708
1464:Drivers/STM32L4xx_HAL_Driver/Src/stm32l4xx_hal_qspi.c ****         }
 2226              		.loc 1 1464 11 view .LVU709
 2227 0106 0023     		movs	r3, #0
 2228 0108 84F84030 		strb	r3, [r4, #64]
1464:Drivers/STM32L4xx_HAL_Driver/Src/stm32l4xx_hal_qspi.c ****         }
 2229              		.loc 1 1464 11 view .LVU710
1491:Drivers/STM32L4xx_HAL_Driver/Src/stm32l4xx_hal_qspi.c **** 
 2230              		.loc 1 1491 7 view .LVU711
1493:Drivers/STM32L4xx_HAL_Driver/Src/stm32l4xx_hal_qspi.c ****       {
 2231              		.loc 1 1493 7 view .LVU712
 2232 010c 90E7     		b	.L107
 2233              	.LVL149:
 2234              	.L114:
1468:Drivers/STM32L4xx_HAL_Driver/Src/stm32l4xx_hal_qspi.c ****         }
 2235              		.loc 1 1468 11 view .LVU713
1468:Drivers/STM32L4xx_HAL_Driver/Src/stm32l4xx_hal_qspi.c ****         }
 2236              		.loc 1 1468 43 is_stmt 0 view .LVU714
 2237 010e 4008     		lsrs	r0, r0, #1
ARM GAS  /tmp/ccLGcT9r.s 			page 101


 2238              	.LVL150:
1468:Drivers/STM32L4xx_HAL_Driver/Src/stm32l4xx_hal_qspi.c ****         }
 2239              		.loc 1 1468 30 view .LVU715
 2240 0110 A063     		str	r0, [r4, #56]
1491:Drivers/STM32L4xx_HAL_Driver/Src/stm32l4xx_hal_qspi.c **** 
 2241              		.loc 1 1491 7 is_stmt 1 view .LVU716
1493:Drivers/STM32L4xx_HAL_Driver/Src/stm32l4xx_hal_qspi.c ****       {
 2242              		.loc 1 1493 7 view .LVU717
 2243 0112 98E7     		b	.L111
 2244              	.LVL151:
 2245              	.L116:
1485:Drivers/STM32L4xx_HAL_Driver/Src/stm32l4xx_hal_qspi.c ****         }
 2246              		.loc 1 1485 11 view .LVU718
1485:Drivers/STM32L4xx_HAL_Driver/Src/stm32l4xx_hal_qspi.c ****         }
 2247              		.loc 1 1485 43 is_stmt 0 view .LVU719
 2248 0114 8008     		lsrs	r0, r0, #2
 2249              	.LVL152:
1485:Drivers/STM32L4xx_HAL_Driver/Src/stm32l4xx_hal_qspi.c ****         }
 2250              		.loc 1 1485 30 view .LVU720
 2251 0116 A063     		str	r0, [r4, #56]
1491:Drivers/STM32L4xx_HAL_Driver/Src/stm32l4xx_hal_qspi.c **** 
 2252              		.loc 1 1491 7 is_stmt 1 view .LVU721
1493:Drivers/STM32L4xx_HAL_Driver/Src/stm32l4xx_hal_qspi.c ****       {
 2253              		.loc 1 1493 7 view .LVU722
 2254 0118 95E7     		b	.L111
 2255              	.LVL153:
 2256              	.L117:
1542:Drivers/STM32L4xx_HAL_Driver/Src/stm32l4xx_hal_qspi.c **** 
 2257              		.loc 1 1542 11 view .LVU723
 2258 011a 2268     		ldr	r2, [r4]
 2259 011c 1368     		ldr	r3, [r2]
 2260 011e 23F00403 		bic	r3, r3, #4
 2261 0122 1360     		str	r3, [r2]
1544:Drivers/STM32L4xx_HAL_Driver/Src/stm32l4xx_hal_qspi.c ****           hqspi->ErrorCode |= HAL_QSPI_ERROR_DMA;
 2262              		.loc 1 1544 11 view .LVU724
 2263              	.LVL154:
1545:Drivers/STM32L4xx_HAL_Driver/Src/stm32l4xx_hal_qspi.c ****           hqspi->State = HAL_QSPI_STATE_READY;
 2264              		.loc 1 1545 11 view .LVU725
1545:Drivers/STM32L4xx_HAL_Driver/Src/stm32l4xx_hal_qspi.c ****           hqspi->State = HAL_QSPI_STATE_READY;
 2265              		.loc 1 1545 16 is_stmt 0 view .LVU726
 2266 0124 636C     		ldr	r3, [r4, #68]
1545:Drivers/STM32L4xx_HAL_Driver/Src/stm32l4xx_hal_qspi.c ****           hqspi->State = HAL_QSPI_STATE_READY;
 2267              		.loc 1 1545 28 view .LVU727
 2268 0126 43F00403 		orr	r3, r3, #4
 2269 012a 6364     		str	r3, [r4, #68]
1546:Drivers/STM32L4xx_HAL_Driver/Src/stm32l4xx_hal_qspi.c **** 
 2270              		.loc 1 1546 11 is_stmt 1 view .LVU728
1546:Drivers/STM32L4xx_HAL_Driver/Src/stm32l4xx_hal_qspi.c **** 
 2271              		.loc 1 1546 24 is_stmt 0 view .LVU729
 2272 012c 0123     		movs	r3, #1
 2273 012e 84F84130 		strb	r3, [r4, #65]
1549:Drivers/STM32L4xx_HAL_Driver/Src/stm32l4xx_hal_qspi.c ****         }
 2274              		.loc 1 1549 11 is_stmt 1 view .LVU730
1549:Drivers/STM32L4xx_HAL_Driver/Src/stm32l4xx_hal_qspi.c ****         }
 2275              		.loc 1 1549 11 view .LVU731
 2276 0132 0023     		movs	r3, #0
 2277 0134 84F84030 		strb	r3, [r4, #64]
ARM GAS  /tmp/ccLGcT9r.s 			page 102


 2278 0138 7AE7     		b	.L107
 2279              	.LVL155:
 2280              	.L109:
1555:Drivers/STM32L4xx_HAL_Driver/Src/stm32l4xx_hal_qspi.c ****       status = HAL_ERROR;
 2281              		.loc 1 1555 7 view .LVU732
1555:Drivers/STM32L4xx_HAL_Driver/Src/stm32l4xx_hal_qspi.c ****       status = HAL_ERROR;
 2282              		.loc 1 1555 12 is_stmt 0 view .LVU733
 2283 013a 636C     		ldr	r3, [r4, #68]
1555:Drivers/STM32L4xx_HAL_Driver/Src/stm32l4xx_hal_qspi.c ****       status = HAL_ERROR;
 2284              		.loc 1 1555 24 view .LVU734
 2285 013c 43F00803 		orr	r3, r3, #8
 2286 0140 6364     		str	r3, [r4, #68]
1556:Drivers/STM32L4xx_HAL_Driver/Src/stm32l4xx_hal_qspi.c **** 
 2287              		.loc 1 1556 7 is_stmt 1 view .LVU735
 2288              	.LVL156:
1559:Drivers/STM32L4xx_HAL_Driver/Src/stm32l4xx_hal_qspi.c ****     }
 2289              		.loc 1 1559 7 view .LVU736
1559:Drivers/STM32L4xx_HAL_Driver/Src/stm32l4xx_hal_qspi.c ****     }
 2290              		.loc 1 1559 7 view .LVU737
 2291 0142 0023     		movs	r3, #0
 2292 0144 84F84030 		strb	r3, [r4, #64]
 2293 0148 72E7     		b	.L107
 2294              	.LVL157:
 2295              	.L118:
1440:Drivers/STM32L4xx_HAL_Driver/Src/stm32l4xx_hal_qspi.c **** 
 2296              		.loc 1 1440 3 is_stmt 0 discriminator 1 view .LVU738
 2297 014a 0225     		movs	r5, #2
 2298 014c 70E7     		b	.L107
 2299              	.L123:
 2300 014e 00BF     		.align	2
 2301              	.L122:
 2302 0150 00000000 		.word	QSPI_DMARxCplt
 2303 0154 00000000 		.word	QSPI_DMARxHalfCplt
 2304 0158 00000000 		.word	QSPI_DMAError
 2305              		.cfi_endproc
 2306              	.LFE396:
 2308              		.section	.text.HAL_QSPI_AutoPolling,"ax",%progbits
 2309              		.align	1
 2310              		.global	HAL_QSPI_AutoPolling
 2311              		.syntax unified
 2312              		.thumb
 2313              		.thumb_func
 2315              	HAL_QSPI_AutoPolling:
 2316              	.LVL158:
 2317              	.LFB397:
1583:Drivers/STM32L4xx_HAL_Driver/Src/stm32l4xx_hal_qspi.c ****   HAL_StatusTypeDef status;
 2318              		.loc 1 1583 1 is_stmt 1 view -0
 2319              		.cfi_startproc
 2320              		@ args = 0, pretend = 0, frame = 0
 2321              		@ frame_needed = 0, uses_anonymous_args = 0
1583:Drivers/STM32L4xx_HAL_Driver/Src/stm32l4xx_hal_qspi.c ****   HAL_StatusTypeDef status;
 2322              		.loc 1 1583 1 is_stmt 0 view .LVU740
 2323 0000 2DE9F041 		push	{r4, r5, r6, r7, r8, lr}
 2324              	.LCFI27:
 2325              		.cfi_def_cfa_offset 24
 2326              		.cfi_offset 4, -24
 2327              		.cfi_offset 5, -20
ARM GAS  /tmp/ccLGcT9r.s 			page 103


 2328              		.cfi_offset 6, -16
 2329              		.cfi_offset 7, -12
 2330              		.cfi_offset 8, -8
 2331              		.cfi_offset 14, -4
 2332 0004 82B0     		sub	sp, sp, #8
 2333              	.LCFI28:
 2334              		.cfi_def_cfa_offset 32
 2335 0006 0446     		mov	r4, r0
 2336 0008 8846     		mov	r8, r1
 2337 000a 1546     		mov	r5, r2
 2338 000c 1F46     		mov	r7, r3
1584:Drivers/STM32L4xx_HAL_Driver/Src/stm32l4xx_hal_qspi.c ****   uint32_t tickstart = HAL_GetTick();
 2339              		.loc 1 1584 3 is_stmt 1 view .LVU741
1585:Drivers/STM32L4xx_HAL_Driver/Src/stm32l4xx_hal_qspi.c **** 
 2340              		.loc 1 1585 3 view .LVU742
1585:Drivers/STM32L4xx_HAL_Driver/Src/stm32l4xx_hal_qspi.c **** 
 2341              		.loc 1 1585 24 is_stmt 0 view .LVU743
 2342 000e FFF7FEFF 		bl	HAL_GetTick
 2343              	.LVL159:
1588:Drivers/STM32L4xx_HAL_Driver/Src/stm32l4xx_hal_qspi.c ****   if (cmd->InstructionMode != QSPI_INSTRUCTION_NONE)
 2344              		.loc 1 1588 3 is_stmt 1 view .LVU744
1589:Drivers/STM32L4xx_HAL_Driver/Src/stm32l4xx_hal_qspi.c ****   {
 2345              		.loc 1 1589 3 view .LVU745
1591:Drivers/STM32L4xx_HAL_Driver/Src/stm32l4xx_hal_qspi.c ****   }
 2346              		.loc 1 1591 5 view .LVU746
1594:Drivers/STM32L4xx_HAL_Driver/Src/stm32l4xx_hal_qspi.c ****   if (cmd->AddressMode != QSPI_ADDRESS_NONE)
 2347              		.loc 1 1594 3 view .LVU747
1595:Drivers/STM32L4xx_HAL_Driver/Src/stm32l4xx_hal_qspi.c ****   {
 2348              		.loc 1 1595 3 view .LVU748
1597:Drivers/STM32L4xx_HAL_Driver/Src/stm32l4xx_hal_qspi.c ****   }
 2349              		.loc 1 1597 5 view .LVU749
1600:Drivers/STM32L4xx_HAL_Driver/Src/stm32l4xx_hal_qspi.c ****   if (cmd->AlternateByteMode != QSPI_ALTERNATE_BYTES_NONE)
 2350              		.loc 1 1600 3 view .LVU750
1601:Drivers/STM32L4xx_HAL_Driver/Src/stm32l4xx_hal_qspi.c ****   {
 2351              		.loc 1 1601 3 view .LVU751
1603:Drivers/STM32L4xx_HAL_Driver/Src/stm32l4xx_hal_qspi.c ****   }
 2352              		.loc 1 1603 5 view .LVU752
1606:Drivers/STM32L4xx_HAL_Driver/Src/stm32l4xx_hal_qspi.c ****   assert_param(IS_QSPI_DATA_MODE(cmd->DataMode));
 2353              		.loc 1 1606 3 view .LVU753
1607:Drivers/STM32L4xx_HAL_Driver/Src/stm32l4xx_hal_qspi.c **** 
 2354              		.loc 1 1607 3 view .LVU754
1609:Drivers/STM32L4xx_HAL_Driver/Src/stm32l4xx_hal_qspi.c ****   assert_param(IS_QSPI_DDR_HHC(cmd->DdrHoldHalfCycle));
 2355              		.loc 1 1609 3 view .LVU755
1610:Drivers/STM32L4xx_HAL_Driver/Src/stm32l4xx_hal_qspi.c ****   assert_param(IS_QSPI_SIOO_MODE(cmd->SIOOMode));
 2356              		.loc 1 1610 3 view .LVU756
1611:Drivers/STM32L4xx_HAL_Driver/Src/stm32l4xx_hal_qspi.c **** 
 2357              		.loc 1 1611 3 view .LVU757
1613:Drivers/STM32L4xx_HAL_Driver/Src/stm32l4xx_hal_qspi.c ****   assert_param(IS_QSPI_STATUS_BYTES_SIZE(cfg->StatusBytesSize));
 2358              		.loc 1 1613 3 view .LVU758
1614:Drivers/STM32L4xx_HAL_Driver/Src/stm32l4xx_hal_qspi.c ****   assert_param(IS_QSPI_MATCH_MODE(cfg->MatchMode));
 2359              		.loc 1 1614 3 view .LVU759
1615:Drivers/STM32L4xx_HAL_Driver/Src/stm32l4xx_hal_qspi.c **** 
 2360              		.loc 1 1615 3 view .LVU760
1618:Drivers/STM32L4xx_HAL_Driver/Src/stm32l4xx_hal_qspi.c **** 
 2361              		.loc 1 1618 3 view .LVU761
1618:Drivers/STM32L4xx_HAL_Driver/Src/stm32l4xx_hal_qspi.c **** 
 2362              		.loc 1 1618 3 view .LVU762
ARM GAS  /tmp/ccLGcT9r.s 			page 104


 2363 0012 94F840C0 		ldrb	ip, [r4, #64]	@ zero_extendqisi2
 2364 0016 5FFA8CFC 		uxtb	ip, ip
 2365 001a BCF1010F 		cmp	ip, #1
 2366 001e 48D0     		beq	.L127
 2367 0020 0646     		mov	r6, r0
1618:Drivers/STM32L4xx_HAL_Driver/Src/stm32l4xx_hal_qspi.c **** 
 2368              		.loc 1 1618 3 discriminator 2 view .LVU763
 2369 0022 0123     		movs	r3, #1
 2370 0024 84F84030 		strb	r3, [r4, #64]
1618:Drivers/STM32L4xx_HAL_Driver/Src/stm32l4xx_hal_qspi.c **** 
 2371              		.loc 1 1618 3 discriminator 2 view .LVU764
1620:Drivers/STM32L4xx_HAL_Driver/Src/stm32l4xx_hal_qspi.c ****   {
 2372              		.loc 1 1620 3 view .LVU765
1620:Drivers/STM32L4xx_HAL_Driver/Src/stm32l4xx_hal_qspi.c ****   {
 2373              		.loc 1 1620 11 is_stmt 0 view .LVU766
 2374 0028 94F841C0 		ldrb	ip, [r4, #65]	@ zero_extendqisi2
 2375 002c 5FFA8CFC 		uxtb	ip, ip
1620:Drivers/STM32L4xx_HAL_Driver/Src/stm32l4xx_hal_qspi.c ****   {
 2376              		.loc 1 1620 5 view .LVU767
 2377 0030 9C45     		cmp	ip, r3
 2378 0032 06D0     		beq	.L130
1664:Drivers/STM32L4xx_HAL_Driver/Src/stm32l4xx_hal_qspi.c ****   }
 2379              		.loc 1 1664 12 view .LVU768
 2380 0034 0220     		movs	r0, #2
 2381              	.LVL160:
 2382              	.L126:
1668:Drivers/STM32L4xx_HAL_Driver/Src/stm32l4xx_hal_qspi.c **** 
 2383              		.loc 1 1668 3 is_stmt 1 view .LVU769
1668:Drivers/STM32L4xx_HAL_Driver/Src/stm32l4xx_hal_qspi.c **** 
 2384              		.loc 1 1668 3 view .LVU770
 2385 0036 0023     		movs	r3, #0
 2386 0038 84F84030 		strb	r3, [r4, #64]
1668:Drivers/STM32L4xx_HAL_Driver/Src/stm32l4xx_hal_qspi.c **** 
 2387              		.loc 1 1668 3 view .LVU771
1671:Drivers/STM32L4xx_HAL_Driver/Src/stm32l4xx_hal_qspi.c **** }
 2388              		.loc 1 1671 3 view .LVU772
 2389              	.LVL161:
 2390              	.L125:
1672:Drivers/STM32L4xx_HAL_Driver/Src/stm32l4xx_hal_qspi.c **** 
 2391              		.loc 1 1672 1 is_stmt 0 view .LVU773
 2392 003c 02B0     		add	sp, sp, #8
 2393              	.LCFI29:
 2394              		.cfi_remember_state
 2395              		.cfi_def_cfa_offset 24
 2396              		@ sp needed
 2397 003e BDE8F081 		pop	{r4, r5, r6, r7, r8, pc}
 2398              	.LVL162:
 2399              	.L130:
 2400              	.LCFI30:
 2401              		.cfi_restore_state
1622:Drivers/STM32L4xx_HAL_Driver/Src/stm32l4xx_hal_qspi.c **** 
 2402              		.loc 1 1622 5 is_stmt 1 view .LVU774
1622:Drivers/STM32L4xx_HAL_Driver/Src/stm32l4xx_hal_qspi.c **** 
 2403              		.loc 1 1622 22 is_stmt 0 view .LVU775
 2404 0042 0022     		movs	r2, #0
 2405 0044 6264     		str	r2, [r4, #68]
1625:Drivers/STM32L4xx_HAL_Driver/Src/stm32l4xx_hal_qspi.c **** 
ARM GAS  /tmp/ccLGcT9r.s 			page 105


 2406              		.loc 1 1625 5 is_stmt 1 view .LVU776
1625:Drivers/STM32L4xx_HAL_Driver/Src/stm32l4xx_hal_qspi.c **** 
 2407              		.loc 1 1625 18 is_stmt 0 view .LVU777
 2408 0046 4223     		movs	r3, #66
 2409 0048 84F84130 		strb	r3, [r4, #65]
1628:Drivers/STM32L4xx_HAL_Driver/Src/stm32l4xx_hal_qspi.c **** 
 2410              		.loc 1 1628 5 is_stmt 1 view .LVU778
1628:Drivers/STM32L4xx_HAL_Driver/Src/stm32l4xx_hal_qspi.c **** 
 2411              		.loc 1 1628 14 is_stmt 0 view .LVU779
 2412 004c 0097     		str	r7, [sp]
 2413 004e 0346     		mov	r3, r0
 2414 0050 2021     		movs	r1, #32
 2415 0052 2046     		mov	r0, r4
 2416              	.LVL163:
1628:Drivers/STM32L4xx_HAL_Driver/Src/stm32l4xx_hal_qspi.c **** 
 2417              		.loc 1 1628 14 view .LVU780
 2418 0054 FFF7FEFF 		bl	QSPI_WaitFlagStateUntilTimeout
 2419              	.LVL164:
1630:Drivers/STM32L4xx_HAL_Driver/Src/stm32l4xx_hal_qspi.c ****     {
 2420              		.loc 1 1630 5 is_stmt 1 view .LVU781
1630:Drivers/STM32L4xx_HAL_Driver/Src/stm32l4xx_hal_qspi.c ****     {
 2421              		.loc 1 1630 8 is_stmt 0 view .LVU782
 2422 0058 0028     		cmp	r0, #0
 2423 005a ECD1     		bne	.L126
1633:Drivers/STM32L4xx_HAL_Driver/Src/stm32l4xx_hal_qspi.c **** 
 2424              		.loc 1 1633 7 is_stmt 1 view .LVU783
 2425 005c 2368     		ldr	r3, [r4]
 2426 005e 2A68     		ldr	r2, [r5]
 2427 0060 9A62     		str	r2, [r3, #40]
1636:Drivers/STM32L4xx_HAL_Driver/Src/stm32l4xx_hal_qspi.c **** 
 2428              		.loc 1 1636 7 view .LVU784
 2429 0062 2368     		ldr	r3, [r4]
 2430 0064 6A68     		ldr	r2, [r5, #4]
 2431 0066 5A62     		str	r2, [r3, #36]
1639:Drivers/STM32L4xx_HAL_Driver/Src/stm32l4xx_hal_qspi.c **** 
 2432              		.loc 1 1639 7 view .LVU785
 2433 0068 2368     		ldr	r3, [r4]
 2434 006a AA68     		ldr	r2, [r5, #8]
 2435 006c DA62     		str	r2, [r3, #44]
1643:Drivers/STM32L4xx_HAL_Driver/Src/stm32l4xx_hal_qspi.c ****                (cfg->MatchMode | QSPI_AUTOMATIC_STOP_ENABLE));
 2436              		.loc 1 1643 7 view .LVU786
 2437 006e 2268     		ldr	r2, [r4]
 2438 0070 1368     		ldr	r3, [r2]
 2439 0072 23F44003 		bic	r3, r3, #12582912
 2440 0076 2969     		ldr	r1, [r5, #16]
 2441 0078 0B43     		orrs	r3, r3, r1
 2442 007a 43F48003 		orr	r3, r3, #4194304
 2443 007e 1360     		str	r3, [r2]
1647:Drivers/STM32L4xx_HAL_Driver/Src/stm32l4xx_hal_qspi.c ****       QSPI_Config(hqspi, cmd, QSPI_FUNCTIONAL_MODE_AUTO_POLLING);
 2444              		.loc 1 1647 7 view .LVU787
1647:Drivers/STM32L4xx_HAL_Driver/Src/stm32l4xx_hal_qspi.c ****       QSPI_Config(hqspi, cmd, QSPI_FUNCTIONAL_MODE_AUTO_POLLING);
 2445              		.loc 1 1647 24 is_stmt 0 view .LVU788
 2446 0080 EB68     		ldr	r3, [r5, #12]
1647:Drivers/STM32L4xx_HAL_Driver/Src/stm32l4xx_hal_qspi.c ****       QSPI_Config(hqspi, cmd, QSPI_FUNCTIONAL_MODE_AUTO_POLLING);
 2447              		.loc 1 1647 19 view .LVU789
 2448 0082 C8F82830 		str	r3, [r8, #40]
1648:Drivers/STM32L4xx_HAL_Driver/Src/stm32l4xx_hal_qspi.c **** 
ARM GAS  /tmp/ccLGcT9r.s 			page 106


 2449              		.loc 1 1648 7 is_stmt 1 view .LVU790
 2450 0086 4FF00062 		mov	r2, #134217728
 2451 008a 4146     		mov	r1, r8
 2452 008c 2046     		mov	r0, r4
 2453              	.LVL165:
1648:Drivers/STM32L4xx_HAL_Driver/Src/stm32l4xx_hal_qspi.c **** 
 2454              		.loc 1 1648 7 is_stmt 0 view .LVU791
 2455 008e FFF7FEFF 		bl	QSPI_Config
 2456              	.LVL166:
1651:Drivers/STM32L4xx_HAL_Driver/Src/stm32l4xx_hal_qspi.c **** 
 2457              		.loc 1 1651 7 is_stmt 1 view .LVU792
1651:Drivers/STM32L4xx_HAL_Driver/Src/stm32l4xx_hal_qspi.c **** 
 2458              		.loc 1 1651 16 is_stmt 0 view .LVU793
 2459 0092 0097     		str	r7, [sp]
 2460 0094 3346     		mov	r3, r6
 2461 0096 0122     		movs	r2, #1
 2462 0098 0821     		movs	r1, #8
 2463 009a 2046     		mov	r0, r4
 2464 009c FFF7FEFF 		bl	QSPI_WaitFlagStateUntilTimeout
 2465              	.LVL167:
1653:Drivers/STM32L4xx_HAL_Driver/Src/stm32l4xx_hal_qspi.c ****       {
 2466              		.loc 1 1653 7 is_stmt 1 view .LVU794
1653:Drivers/STM32L4xx_HAL_Driver/Src/stm32l4xx_hal_qspi.c ****       {
 2467              		.loc 1 1653 10 is_stmt 0 view .LVU795
 2468 00a0 0028     		cmp	r0, #0
 2469 00a2 C8D1     		bne	.L126
1655:Drivers/STM32L4xx_HAL_Driver/Src/stm32l4xx_hal_qspi.c **** 
 2470              		.loc 1 1655 9 is_stmt 1 view .LVU796
 2471 00a4 2368     		ldr	r3, [r4]
 2472 00a6 0822     		movs	r2, #8
 2473 00a8 DA60     		str	r2, [r3, #12]
1658:Drivers/STM32L4xx_HAL_Driver/Src/stm32l4xx_hal_qspi.c ****       }
 2474              		.loc 1 1658 9 view .LVU797
1658:Drivers/STM32L4xx_HAL_Driver/Src/stm32l4xx_hal_qspi.c ****       }
 2475              		.loc 1 1658 22 is_stmt 0 view .LVU798
 2476 00aa 0123     		movs	r3, #1
 2477 00ac 84F84130 		strb	r3, [r4, #65]
 2478 00b0 C1E7     		b	.L126
 2479              	.LVL168:
 2480              	.L127:
1618:Drivers/STM32L4xx_HAL_Driver/Src/stm32l4xx_hal_qspi.c **** 
 2481              		.loc 1 1618 3 discriminator 1 view .LVU799
 2482 00b2 0220     		movs	r0, #2
 2483              	.LVL169:
1618:Drivers/STM32L4xx_HAL_Driver/Src/stm32l4xx_hal_qspi.c **** 
 2484              		.loc 1 1618 3 discriminator 1 view .LVU800
 2485 00b4 C2E7     		b	.L125
 2486              		.cfi_endproc
 2487              	.LFE397:
 2489              		.section	.text.HAL_QSPI_AutoPolling_IT,"ax",%progbits
 2490              		.align	1
 2491              		.global	HAL_QSPI_AutoPolling_IT
 2492              		.syntax unified
 2493              		.thumb
 2494              		.thumb_func
 2496              	HAL_QSPI_AutoPolling_IT:
 2497              	.LVL170:
ARM GAS  /tmp/ccLGcT9r.s 			page 107


 2498              	.LFB398:
1683:Drivers/STM32L4xx_HAL_Driver/Src/stm32l4xx_hal_qspi.c ****   HAL_StatusTypeDef status;
 2499              		.loc 1 1683 1 is_stmt 1 view -0
 2500              		.cfi_startproc
 2501              		@ args = 0, pretend = 0, frame = 0
 2502              		@ frame_needed = 0, uses_anonymous_args = 0
1683:Drivers/STM32L4xx_HAL_Driver/Src/stm32l4xx_hal_qspi.c ****   HAL_StatusTypeDef status;
 2503              		.loc 1 1683 1 is_stmt 0 view .LVU802
 2504 0000 F0B5     		push	{r4, r5, r6, r7, lr}
 2505              	.LCFI31:
 2506              		.cfi_def_cfa_offset 20
 2507              		.cfi_offset 4, -20
 2508              		.cfi_offset 5, -16
 2509              		.cfi_offset 6, -12
 2510              		.cfi_offset 7, -8
 2511              		.cfi_offset 14, -4
 2512 0002 83B0     		sub	sp, sp, #12
 2513              	.LCFI32:
 2514              		.cfi_def_cfa_offset 32
 2515 0004 0446     		mov	r4, r0
 2516 0006 0E46     		mov	r6, r1
 2517 0008 1546     		mov	r5, r2
1684:Drivers/STM32L4xx_HAL_Driver/Src/stm32l4xx_hal_qspi.c ****   uint32_t tickstart = HAL_GetTick();
 2518              		.loc 1 1684 3 is_stmt 1 view .LVU803
1685:Drivers/STM32L4xx_HAL_Driver/Src/stm32l4xx_hal_qspi.c **** 
 2519              		.loc 1 1685 3 view .LVU804
1685:Drivers/STM32L4xx_HAL_Driver/Src/stm32l4xx_hal_qspi.c **** 
 2520              		.loc 1 1685 24 is_stmt 0 view .LVU805
 2521 000a FFF7FEFF 		bl	HAL_GetTick
 2522              	.LVL171:
1688:Drivers/STM32L4xx_HAL_Driver/Src/stm32l4xx_hal_qspi.c ****   if (cmd->InstructionMode != QSPI_INSTRUCTION_NONE)
 2523              		.loc 1 1688 3 is_stmt 1 view .LVU806
1689:Drivers/STM32L4xx_HAL_Driver/Src/stm32l4xx_hal_qspi.c ****   {
 2524              		.loc 1 1689 3 view .LVU807
1691:Drivers/STM32L4xx_HAL_Driver/Src/stm32l4xx_hal_qspi.c ****   }
 2525              		.loc 1 1691 5 view .LVU808
1694:Drivers/STM32L4xx_HAL_Driver/Src/stm32l4xx_hal_qspi.c ****   if (cmd->AddressMode != QSPI_ADDRESS_NONE)
 2526              		.loc 1 1694 3 view .LVU809
1695:Drivers/STM32L4xx_HAL_Driver/Src/stm32l4xx_hal_qspi.c ****   {
 2527              		.loc 1 1695 3 view .LVU810
1697:Drivers/STM32L4xx_HAL_Driver/Src/stm32l4xx_hal_qspi.c ****   }
 2528              		.loc 1 1697 5 view .LVU811
1700:Drivers/STM32L4xx_HAL_Driver/Src/stm32l4xx_hal_qspi.c ****   if (cmd->AlternateByteMode != QSPI_ALTERNATE_BYTES_NONE)
 2529              		.loc 1 1700 3 view .LVU812
1701:Drivers/STM32L4xx_HAL_Driver/Src/stm32l4xx_hal_qspi.c ****   {
 2530              		.loc 1 1701 3 view .LVU813
1703:Drivers/STM32L4xx_HAL_Driver/Src/stm32l4xx_hal_qspi.c ****   }
 2531              		.loc 1 1703 5 view .LVU814
1706:Drivers/STM32L4xx_HAL_Driver/Src/stm32l4xx_hal_qspi.c ****   assert_param(IS_QSPI_DATA_MODE(cmd->DataMode));
 2532              		.loc 1 1706 3 view .LVU815
1707:Drivers/STM32L4xx_HAL_Driver/Src/stm32l4xx_hal_qspi.c **** 
 2533              		.loc 1 1707 3 view .LVU816
1709:Drivers/STM32L4xx_HAL_Driver/Src/stm32l4xx_hal_qspi.c ****   assert_param(IS_QSPI_DDR_HHC(cmd->DdrHoldHalfCycle));
 2534              		.loc 1 1709 3 view .LVU817
1710:Drivers/STM32L4xx_HAL_Driver/Src/stm32l4xx_hal_qspi.c ****   assert_param(IS_QSPI_SIOO_MODE(cmd->SIOOMode));
 2535              		.loc 1 1710 3 view .LVU818
1711:Drivers/STM32L4xx_HAL_Driver/Src/stm32l4xx_hal_qspi.c **** 
ARM GAS  /tmp/ccLGcT9r.s 			page 108


 2536              		.loc 1 1711 3 view .LVU819
1713:Drivers/STM32L4xx_HAL_Driver/Src/stm32l4xx_hal_qspi.c ****   assert_param(IS_QSPI_STATUS_BYTES_SIZE(cfg->StatusBytesSize));
 2537              		.loc 1 1713 3 view .LVU820
1714:Drivers/STM32L4xx_HAL_Driver/Src/stm32l4xx_hal_qspi.c ****   assert_param(IS_QSPI_MATCH_MODE(cfg->MatchMode));
 2538              		.loc 1 1714 3 view .LVU821
1715:Drivers/STM32L4xx_HAL_Driver/Src/stm32l4xx_hal_qspi.c ****   assert_param(IS_QSPI_AUTOMATIC_STOP(cfg->AutomaticStop));
 2539              		.loc 1 1715 3 view .LVU822
1716:Drivers/STM32L4xx_HAL_Driver/Src/stm32l4xx_hal_qspi.c **** 
 2540              		.loc 1 1716 3 view .LVU823
1719:Drivers/STM32L4xx_HAL_Driver/Src/stm32l4xx_hal_qspi.c **** 
 2541              		.loc 1 1719 3 view .LVU824
1719:Drivers/STM32L4xx_HAL_Driver/Src/stm32l4xx_hal_qspi.c **** 
 2542              		.loc 1 1719 3 view .LVU825
 2543 000e 94F840C0 		ldrb	ip, [r4, #64]	@ zero_extendqisi2
 2544 0012 5FFA8CFC 		uxtb	ip, ip
 2545 0016 BCF1010F 		cmp	ip, #1
 2546 001a 46D0     		beq	.L135
1719:Drivers/STM32L4xx_HAL_Driver/Src/stm32l4xx_hal_qspi.c **** 
 2547              		.loc 1 1719 3 discriminator 2 view .LVU826
 2548 001c 0123     		movs	r3, #1
 2549 001e 84F84030 		strb	r3, [r4, #64]
1719:Drivers/STM32L4xx_HAL_Driver/Src/stm32l4xx_hal_qspi.c **** 
 2550              		.loc 1 1719 3 discriminator 2 view .LVU827
1721:Drivers/STM32L4xx_HAL_Driver/Src/stm32l4xx_hal_qspi.c ****   {
 2551              		.loc 1 1721 3 view .LVU828
1721:Drivers/STM32L4xx_HAL_Driver/Src/stm32l4xx_hal_qspi.c ****   {
 2552              		.loc 1 1721 11 is_stmt 0 view .LVU829
 2553 0022 94F84120 		ldrb	r2, [r4, #65]	@ zero_extendqisi2
 2554 0026 D2B2     		uxtb	r2, r2
1721:Drivers/STM32L4xx_HAL_Driver/Src/stm32l4xx_hal_qspi.c ****   {
 2555              		.loc 1 1721 5 view .LVU830
 2556 0028 9A42     		cmp	r2, r3
 2557 002a 06D0     		beq	.L137
1768:Drivers/STM32L4xx_HAL_Driver/Src/stm32l4xx_hal_qspi.c **** 
 2558              		.loc 1 1768 5 is_stmt 1 view .LVU831
 2559              	.LVL172:
1771:Drivers/STM32L4xx_HAL_Driver/Src/stm32l4xx_hal_qspi.c ****   }
 2560              		.loc 1 1771 5 view .LVU832
1771:Drivers/STM32L4xx_HAL_Driver/Src/stm32l4xx_hal_qspi.c ****   }
 2561              		.loc 1 1771 5 view .LVU833
 2562 002c 0023     		movs	r3, #0
 2563 002e 84F84030 		strb	r3, [r4, #64]
1768:Drivers/STM32L4xx_HAL_Driver/Src/stm32l4xx_hal_qspi.c **** 
 2564              		.loc 1 1768 12 is_stmt 0 view .LVU834
 2565 0032 0227     		movs	r7, #2
 2566              	.LVL173:
 2567              	.L132:
1776:Drivers/STM32L4xx_HAL_Driver/Src/stm32l4xx_hal_qspi.c **** 
 2568              		.loc 1 1776 1 view .LVU835
 2569 0034 3846     		mov	r0, r7
 2570 0036 03B0     		add	sp, sp, #12
 2571              	.LCFI33:
 2572              		.cfi_remember_state
 2573              		.cfi_def_cfa_offset 20
 2574              		@ sp needed
 2575 0038 F0BD     		pop	{r4, r5, r6, r7, pc}
 2576              	.LVL174:
ARM GAS  /tmp/ccLGcT9r.s 			page 109


 2577              	.L137:
 2578              	.LCFI34:
 2579              		.cfi_restore_state
1723:Drivers/STM32L4xx_HAL_Driver/Src/stm32l4xx_hal_qspi.c **** 
 2580              		.loc 1 1723 5 is_stmt 1 view .LVU836
1723:Drivers/STM32L4xx_HAL_Driver/Src/stm32l4xx_hal_qspi.c **** 
 2581              		.loc 1 1723 22 is_stmt 0 view .LVU837
 2582 003a 0022     		movs	r2, #0
 2583 003c 6264     		str	r2, [r4, #68]
1726:Drivers/STM32L4xx_HAL_Driver/Src/stm32l4xx_hal_qspi.c **** 
 2584              		.loc 1 1726 5 is_stmt 1 view .LVU838
1726:Drivers/STM32L4xx_HAL_Driver/Src/stm32l4xx_hal_qspi.c **** 
 2585              		.loc 1 1726 18 is_stmt 0 view .LVU839
 2586 003e 4223     		movs	r3, #66
 2587 0040 84F84130 		strb	r3, [r4, #65]
1729:Drivers/STM32L4xx_HAL_Driver/Src/stm32l4xx_hal_qspi.c **** 
 2588              		.loc 1 1729 5 is_stmt 1 view .LVU840
1729:Drivers/STM32L4xx_HAL_Driver/Src/stm32l4xx_hal_qspi.c **** 
 2589              		.loc 1 1729 14 is_stmt 0 view .LVU841
 2590 0044 A36C     		ldr	r3, [r4, #72]
 2591 0046 0093     		str	r3, [sp]
 2592 0048 0346     		mov	r3, r0
 2593 004a 2021     		movs	r1, #32
 2594 004c 2046     		mov	r0, r4
 2595              	.LVL175:
1729:Drivers/STM32L4xx_HAL_Driver/Src/stm32l4xx_hal_qspi.c **** 
 2596              		.loc 1 1729 14 view .LVU842
 2597 004e FFF7FEFF 		bl	QSPI_WaitFlagStateUntilTimeout
 2598              	.LVL176:
1731:Drivers/STM32L4xx_HAL_Driver/Src/stm32l4xx_hal_qspi.c ****     {
 2599              		.loc 1 1731 5 is_stmt 1 view .LVU843
1731:Drivers/STM32L4xx_HAL_Driver/Src/stm32l4xx_hal_qspi.c ****     {
 2600              		.loc 1 1731 8 is_stmt 0 view .LVU844
 2601 0052 0746     		mov	r7, r0
 2602 0054 18B1     		cbz	r0, .L138
1763:Drivers/STM32L4xx_HAL_Driver/Src/stm32l4xx_hal_qspi.c ****     }
 2603              		.loc 1 1763 7 is_stmt 1 view .LVU845
1763:Drivers/STM32L4xx_HAL_Driver/Src/stm32l4xx_hal_qspi.c ****     }
 2604              		.loc 1 1763 7 view .LVU846
 2605 0056 0023     		movs	r3, #0
 2606 0058 84F84030 		strb	r3, [r4, #64]
 2607 005c EAE7     		b	.L132
 2608              	.L138:
1734:Drivers/STM32L4xx_HAL_Driver/Src/stm32l4xx_hal_qspi.c **** 
 2609              		.loc 1 1734 7 view .LVU847
 2610 005e 2368     		ldr	r3, [r4]
 2611 0060 2A68     		ldr	r2, [r5]
 2612 0062 9A62     		str	r2, [r3, #40]
1737:Drivers/STM32L4xx_HAL_Driver/Src/stm32l4xx_hal_qspi.c **** 
 2613              		.loc 1 1737 7 view .LVU848
 2614 0064 2368     		ldr	r3, [r4]
 2615 0066 6A68     		ldr	r2, [r5, #4]
 2616 0068 5A62     		str	r2, [r3, #36]
1740:Drivers/STM32L4xx_HAL_Driver/Src/stm32l4xx_hal_qspi.c **** 
 2617              		.loc 1 1740 7 view .LVU849
 2618 006a 2368     		ldr	r3, [r4]
 2619 006c AA68     		ldr	r2, [r5, #8]
ARM GAS  /tmp/ccLGcT9r.s 			page 110


 2620 006e DA62     		str	r2, [r3, #44]
1743:Drivers/STM32L4xx_HAL_Driver/Src/stm32l4xx_hal_qspi.c ****                (cfg->MatchMode | cfg->AutomaticStop));
 2621              		.loc 1 1743 7 view .LVU850
 2622 0070 2168     		ldr	r1, [r4]
 2623 0072 0B68     		ldr	r3, [r1]
 2624 0074 23F44003 		bic	r3, r3, #12582912
 2625 0078 2A69     		ldr	r2, [r5, #16]
 2626 007a 6869     		ldr	r0, [r5, #20]
 2627              	.LVL177:
1743:Drivers/STM32L4xx_HAL_Driver/Src/stm32l4xx_hal_qspi.c ****                (cfg->MatchMode | cfg->AutomaticStop));
 2628              		.loc 1 1743 7 is_stmt 0 view .LVU851
 2629 007c 0243     		orrs	r2, r2, r0
 2630 007e 1343     		orrs	r3, r3, r2
 2631 0080 0B60     		str	r3, [r1]
1747:Drivers/STM32L4xx_HAL_Driver/Src/stm32l4xx_hal_qspi.c **** 
 2632              		.loc 1 1747 7 is_stmt 1 view .LVU852
 2633 0082 2368     		ldr	r3, [r4]
 2634 0084 0922     		movs	r2, #9
 2635 0086 DA60     		str	r2, [r3, #12]
1750:Drivers/STM32L4xx_HAL_Driver/Src/stm32l4xx_hal_qspi.c ****       QSPI_Config(hqspi, cmd, QSPI_FUNCTIONAL_MODE_AUTO_POLLING);
 2636              		.loc 1 1750 7 view .LVU853
1750:Drivers/STM32L4xx_HAL_Driver/Src/stm32l4xx_hal_qspi.c ****       QSPI_Config(hqspi, cmd, QSPI_FUNCTIONAL_MODE_AUTO_POLLING);
 2637              		.loc 1 1750 24 is_stmt 0 view .LVU854
 2638 0088 EB68     		ldr	r3, [r5, #12]
1750:Drivers/STM32L4xx_HAL_Driver/Src/stm32l4xx_hal_qspi.c ****       QSPI_Config(hqspi, cmd, QSPI_FUNCTIONAL_MODE_AUTO_POLLING);
 2639              		.loc 1 1750 19 view .LVU855
 2640 008a B362     		str	r3, [r6, #40]
1751:Drivers/STM32L4xx_HAL_Driver/Src/stm32l4xx_hal_qspi.c **** 
 2641              		.loc 1 1751 7 is_stmt 1 view .LVU856
 2642 008c 4FF00062 		mov	r2, #134217728
 2643 0090 3146     		mov	r1, r6
 2644 0092 2046     		mov	r0, r4
 2645 0094 FFF7FEFF 		bl	QSPI_Config
 2646              	.LVL178:
1754:Drivers/STM32L4xx_HAL_Driver/Src/stm32l4xx_hal_qspi.c **** 
 2647              		.loc 1 1754 7 view .LVU857
1754:Drivers/STM32L4xx_HAL_Driver/Src/stm32l4xx_hal_qspi.c **** 
 2648              		.loc 1 1754 7 view .LVU858
 2649 0098 0023     		movs	r3, #0
 2650 009a 84F84030 		strb	r3, [r4, #64]
1754:Drivers/STM32L4xx_HAL_Driver/Src/stm32l4xx_hal_qspi.c **** 
 2651              		.loc 1 1754 7 view .LVU859
1757:Drivers/STM32L4xx_HAL_Driver/Src/stm32l4xx_hal_qspi.c **** 
 2652              		.loc 1 1757 7 view .LVU860
 2653 009e 2268     		ldr	r2, [r4]
 2654 00a0 1368     		ldr	r3, [r2]
 2655 00a2 43F41023 		orr	r3, r3, #589824
 2656 00a6 1360     		str	r3, [r2]
 2657 00a8 C4E7     		b	.L132
 2658              	.LVL179:
 2659              	.L135:
1719:Drivers/STM32L4xx_HAL_Driver/Src/stm32l4xx_hal_qspi.c **** 
 2660              		.loc 1 1719 3 is_stmt 0 discriminator 1 view .LVU861
 2661 00aa 0227     		movs	r7, #2
 2662 00ac C2E7     		b	.L132
 2663              		.cfi_endproc
 2664              	.LFE398:
ARM GAS  /tmp/ccLGcT9r.s 			page 111


 2666              		.section	.text.HAL_QSPI_MemoryMapped,"ax",%progbits
 2667              		.align	1
 2668              		.global	HAL_QSPI_MemoryMapped
 2669              		.syntax unified
 2670              		.thumb
 2671              		.thumb_func
 2673              	HAL_QSPI_MemoryMapped:
 2674              	.LVL180:
 2675              	.LFB399:
1787:Drivers/STM32L4xx_HAL_Driver/Src/stm32l4xx_hal_qspi.c ****   HAL_StatusTypeDef status;
 2676              		.loc 1 1787 1 is_stmt 1 view -0
 2677              		.cfi_startproc
 2678              		@ args = 0, pretend = 0, frame = 0
 2679              		@ frame_needed = 0, uses_anonymous_args = 0
1787:Drivers/STM32L4xx_HAL_Driver/Src/stm32l4xx_hal_qspi.c ****   HAL_StatusTypeDef status;
 2680              		.loc 1 1787 1 is_stmt 0 view .LVU863
 2681 0000 F0B5     		push	{r4, r5, r6, r7, lr}
 2682              	.LCFI35:
 2683              		.cfi_def_cfa_offset 20
 2684              		.cfi_offset 4, -20
 2685              		.cfi_offset 5, -16
 2686              		.cfi_offset 6, -12
 2687              		.cfi_offset 7, -8
 2688              		.cfi_offset 14, -4
 2689 0002 83B0     		sub	sp, sp, #12
 2690              	.LCFI36:
 2691              		.cfi_def_cfa_offset 32
 2692 0004 0446     		mov	r4, r0
 2693 0006 0E46     		mov	r6, r1
 2694 0008 1546     		mov	r5, r2
1788:Drivers/STM32L4xx_HAL_Driver/Src/stm32l4xx_hal_qspi.c ****   uint32_t tickstart = HAL_GetTick();
 2695              		.loc 1 1788 3 is_stmt 1 view .LVU864
1789:Drivers/STM32L4xx_HAL_Driver/Src/stm32l4xx_hal_qspi.c **** 
 2696              		.loc 1 1789 3 view .LVU865
1789:Drivers/STM32L4xx_HAL_Driver/Src/stm32l4xx_hal_qspi.c **** 
 2697              		.loc 1 1789 24 is_stmt 0 view .LVU866
 2698 000a FFF7FEFF 		bl	HAL_GetTick
 2699              	.LVL181:
1792:Drivers/STM32L4xx_HAL_Driver/Src/stm32l4xx_hal_qspi.c ****   if (cmd->InstructionMode != QSPI_INSTRUCTION_NONE)
 2700              		.loc 1 1792 3 is_stmt 1 view .LVU867
1793:Drivers/STM32L4xx_HAL_Driver/Src/stm32l4xx_hal_qspi.c ****   {
 2701              		.loc 1 1793 3 view .LVU868
1795:Drivers/STM32L4xx_HAL_Driver/Src/stm32l4xx_hal_qspi.c ****   }
 2702              		.loc 1 1795 5 view .LVU869
1798:Drivers/STM32L4xx_HAL_Driver/Src/stm32l4xx_hal_qspi.c ****   if (cmd->AddressMode != QSPI_ADDRESS_NONE)
 2703              		.loc 1 1798 3 view .LVU870
1799:Drivers/STM32L4xx_HAL_Driver/Src/stm32l4xx_hal_qspi.c ****   {
 2704              		.loc 1 1799 3 view .LVU871
1801:Drivers/STM32L4xx_HAL_Driver/Src/stm32l4xx_hal_qspi.c ****   }
 2705              		.loc 1 1801 5 view .LVU872
1804:Drivers/STM32L4xx_HAL_Driver/Src/stm32l4xx_hal_qspi.c ****   if (cmd->AlternateByteMode != QSPI_ALTERNATE_BYTES_NONE)
 2706              		.loc 1 1804 3 view .LVU873
1805:Drivers/STM32L4xx_HAL_Driver/Src/stm32l4xx_hal_qspi.c ****   {
 2707              		.loc 1 1805 3 view .LVU874
1807:Drivers/STM32L4xx_HAL_Driver/Src/stm32l4xx_hal_qspi.c ****   }
 2708              		.loc 1 1807 5 view .LVU875
1810:Drivers/STM32L4xx_HAL_Driver/Src/stm32l4xx_hal_qspi.c ****   assert_param(IS_QSPI_DATA_MODE(cmd->DataMode));
ARM GAS  /tmp/ccLGcT9r.s 			page 112


 2709              		.loc 1 1810 3 view .LVU876
1811:Drivers/STM32L4xx_HAL_Driver/Src/stm32l4xx_hal_qspi.c **** 
 2710              		.loc 1 1811 3 view .LVU877
1813:Drivers/STM32L4xx_HAL_Driver/Src/stm32l4xx_hal_qspi.c ****   assert_param(IS_QSPI_DDR_HHC(cmd->DdrHoldHalfCycle));
 2711              		.loc 1 1813 3 view .LVU878
1814:Drivers/STM32L4xx_HAL_Driver/Src/stm32l4xx_hal_qspi.c ****   assert_param(IS_QSPI_SIOO_MODE(cmd->SIOOMode));
 2712              		.loc 1 1814 3 view .LVU879
1815:Drivers/STM32L4xx_HAL_Driver/Src/stm32l4xx_hal_qspi.c **** 
 2713              		.loc 1 1815 3 view .LVU880
1817:Drivers/STM32L4xx_HAL_Driver/Src/stm32l4xx_hal_qspi.c **** 
 2714              		.loc 1 1817 3 view .LVU881
1820:Drivers/STM32L4xx_HAL_Driver/Src/stm32l4xx_hal_qspi.c **** 
 2715              		.loc 1 1820 3 view .LVU882
1820:Drivers/STM32L4xx_HAL_Driver/Src/stm32l4xx_hal_qspi.c **** 
 2716              		.loc 1 1820 3 view .LVU883
 2717 000e 94F840C0 		ldrb	ip, [r4, #64]	@ zero_extendqisi2
 2718 0012 5FFA8CFC 		uxtb	ip, ip
 2719 0016 BCF1010F 		cmp	ip, #1
 2720 001a 3BD0     		beq	.L143
1820:Drivers/STM32L4xx_HAL_Driver/Src/stm32l4xx_hal_qspi.c **** 
 2721              		.loc 1 1820 3 discriminator 2 view .LVU884
 2722 001c 0123     		movs	r3, #1
 2723 001e 84F84030 		strb	r3, [r4, #64]
1820:Drivers/STM32L4xx_HAL_Driver/Src/stm32l4xx_hal_qspi.c **** 
 2724              		.loc 1 1820 3 discriminator 2 view .LVU885
1822:Drivers/STM32L4xx_HAL_Driver/Src/stm32l4xx_hal_qspi.c ****   {
 2725              		.loc 1 1822 3 view .LVU886
1822:Drivers/STM32L4xx_HAL_Driver/Src/stm32l4xx_hal_qspi.c ****   {
 2726              		.loc 1 1822 11 is_stmt 0 view .LVU887
 2727 0022 94F841C0 		ldrb	ip, [r4, #65]	@ zero_extendqisi2
 2728 0026 5FFA8CFC 		uxtb	ip, ip
1822:Drivers/STM32L4xx_HAL_Driver/Src/stm32l4xx_hal_qspi.c ****   {
 2729              		.loc 1 1822 5 view .LVU888
 2730 002a 9C45     		cmp	ip, r3
 2731 002c 06D0     		beq	.L146
1857:Drivers/STM32L4xx_HAL_Driver/Src/stm32l4xx_hal_qspi.c ****   }
 2732              		.loc 1 1857 12 view .LVU889
 2733 002e 0227     		movs	r7, #2
 2734              	.LVL182:
 2735              	.L141:
1861:Drivers/STM32L4xx_HAL_Driver/Src/stm32l4xx_hal_qspi.c **** 
 2736              		.loc 1 1861 3 is_stmt 1 view .LVU890
1861:Drivers/STM32L4xx_HAL_Driver/Src/stm32l4xx_hal_qspi.c **** 
 2737              		.loc 1 1861 3 view .LVU891
 2738 0030 0023     		movs	r3, #0
 2739 0032 84F84030 		strb	r3, [r4, #64]
1861:Drivers/STM32L4xx_HAL_Driver/Src/stm32l4xx_hal_qspi.c **** 
 2740              		.loc 1 1861 3 view .LVU892
1864:Drivers/STM32L4xx_HAL_Driver/Src/stm32l4xx_hal_qspi.c **** }
 2741              		.loc 1 1864 3 view .LVU893
 2742              	.LVL183:
 2743              	.L140:
1865:Drivers/STM32L4xx_HAL_Driver/Src/stm32l4xx_hal_qspi.c **** 
 2744              		.loc 1 1865 1 is_stmt 0 view .LVU894
 2745 0036 3846     		mov	r0, r7
 2746 0038 03B0     		add	sp, sp, #12
 2747              	.LCFI37:
ARM GAS  /tmp/ccLGcT9r.s 			page 113


 2748              		.cfi_remember_state
 2749              		.cfi_def_cfa_offset 20
 2750              		@ sp needed
 2751 003a F0BD     		pop	{r4, r5, r6, r7, pc}
 2752              	.LVL184:
 2753              	.L146:
 2754              	.LCFI38:
 2755              		.cfi_restore_state
1824:Drivers/STM32L4xx_HAL_Driver/Src/stm32l4xx_hal_qspi.c **** 
 2756              		.loc 1 1824 5 is_stmt 1 view .LVU895
1824:Drivers/STM32L4xx_HAL_Driver/Src/stm32l4xx_hal_qspi.c **** 
 2757              		.loc 1 1824 22 is_stmt 0 view .LVU896
 2758 003c 0022     		movs	r2, #0
 2759 003e 6264     		str	r2, [r4, #68]
1827:Drivers/STM32L4xx_HAL_Driver/Src/stm32l4xx_hal_qspi.c **** 
 2760              		.loc 1 1827 5 is_stmt 1 view .LVU897
1827:Drivers/STM32L4xx_HAL_Driver/Src/stm32l4xx_hal_qspi.c **** 
 2761              		.loc 1 1827 18 is_stmt 0 view .LVU898
 2762 0040 8223     		movs	r3, #130
 2763 0042 84F84130 		strb	r3, [r4, #65]
1830:Drivers/STM32L4xx_HAL_Driver/Src/stm32l4xx_hal_qspi.c **** 
 2764              		.loc 1 1830 5 is_stmt 1 view .LVU899
1830:Drivers/STM32L4xx_HAL_Driver/Src/stm32l4xx_hal_qspi.c **** 
 2765              		.loc 1 1830 14 is_stmt 0 view .LVU900
 2766 0046 A36C     		ldr	r3, [r4, #72]
 2767 0048 0093     		str	r3, [sp]
 2768 004a 0346     		mov	r3, r0
 2769 004c 2021     		movs	r1, #32
 2770 004e 2046     		mov	r0, r4
 2771              	.LVL185:
1830:Drivers/STM32L4xx_HAL_Driver/Src/stm32l4xx_hal_qspi.c **** 
 2772              		.loc 1 1830 14 view .LVU901
 2773 0050 FFF7FEFF 		bl	QSPI_WaitFlagStateUntilTimeout
 2774              	.LVL186:
1832:Drivers/STM32L4xx_HAL_Driver/Src/stm32l4xx_hal_qspi.c ****     {
 2775              		.loc 1 1832 5 is_stmt 1 view .LVU902
1832:Drivers/STM32L4xx_HAL_Driver/Src/stm32l4xx_hal_qspi.c ****     {
 2776              		.loc 1 1832 8 is_stmt 0 view .LVU903
 2777 0054 0746     		mov	r7, r0
 2778 0056 0028     		cmp	r0, #0
 2779 0058 EAD1     		bne	.L141
1835:Drivers/STM32L4xx_HAL_Driver/Src/stm32l4xx_hal_qspi.c **** 
 2780              		.loc 1 1835 7 is_stmt 1 view .LVU904
 2781 005a 2268     		ldr	r2, [r4]
 2782 005c 1368     		ldr	r3, [r2]
 2783 005e 23F00803 		bic	r3, r3, #8
 2784 0062 6968     		ldr	r1, [r5, #4]
 2785 0064 0B43     		orrs	r3, r3, r1
 2786 0066 1360     		str	r3, [r2]
1837:Drivers/STM32L4xx_HAL_Driver/Src/stm32l4xx_hal_qspi.c ****       {
 2787              		.loc 1 1837 7 view .LVU905
1837:Drivers/STM32L4xx_HAL_Driver/Src/stm32l4xx_hal_qspi.c ****       {
 2788              		.loc 1 1837 14 is_stmt 0 view .LVU906
 2789 0068 6B68     		ldr	r3, [r5, #4]
1837:Drivers/STM32L4xx_HAL_Driver/Src/stm32l4xx_hal_qspi.c ****       {
 2790              		.loc 1 1837 10 view .LVU907
 2791 006a 082B     		cmp	r3, #8
ARM GAS  /tmp/ccLGcT9r.s 			page 114


 2792 006c 06D0     		beq	.L147
 2793              	.L142:
1852:Drivers/STM32L4xx_HAL_Driver/Src/stm32l4xx_hal_qspi.c ****     }
 2794              		.loc 1 1852 7 is_stmt 1 view .LVU908
 2795 006e 4FF04062 		mov	r2, #201326592
 2796 0072 3146     		mov	r1, r6
 2797 0074 2046     		mov	r0, r4
 2798              	.LVL187:
1852:Drivers/STM32L4xx_HAL_Driver/Src/stm32l4xx_hal_qspi.c ****     }
 2799              		.loc 1 1852 7 is_stmt 0 view .LVU909
 2800 0076 FFF7FEFF 		bl	QSPI_Config
 2801              	.LVL188:
 2802 007a D9E7     		b	.L141
 2803              	.LVL189:
 2804              	.L147:
1839:Drivers/STM32L4xx_HAL_Driver/Src/stm32l4xx_hal_qspi.c **** 
 2805              		.loc 1 1839 9 is_stmt 1 view .LVU910
1842:Drivers/STM32L4xx_HAL_Driver/Src/stm32l4xx_hal_qspi.c **** 
 2806              		.loc 1 1842 9 view .LVU911
 2807 007c 2368     		ldr	r3, [r4]
 2808 007e 2A68     		ldr	r2, [r5]
 2809 0080 1A63     		str	r2, [r3, #48]
1845:Drivers/STM32L4xx_HAL_Driver/Src/stm32l4xx_hal_qspi.c **** 
 2810              		.loc 1 1845 9 view .LVU912
 2811 0082 2368     		ldr	r3, [r4]
 2812 0084 1022     		movs	r2, #16
 2813 0086 DA60     		str	r2, [r3, #12]
1848:Drivers/STM32L4xx_HAL_Driver/Src/stm32l4xx_hal_qspi.c ****       }
 2814              		.loc 1 1848 9 view .LVU913
 2815 0088 2268     		ldr	r2, [r4]
 2816 008a 1368     		ldr	r3, [r2]
 2817 008c 43F48013 		orr	r3, r3, #1048576
 2818 0090 1360     		str	r3, [r2]
 2819 0092 ECE7     		b	.L142
 2820              	.LVL190:
 2821              	.L143:
1820:Drivers/STM32L4xx_HAL_Driver/Src/stm32l4xx_hal_qspi.c **** 
 2822              		.loc 1 1820 3 is_stmt 0 discriminator 1 view .LVU914
 2823 0094 0227     		movs	r7, #2
 2824 0096 CEE7     		b	.L140
 2825              		.cfi_endproc
 2826              	.LFE399:
 2828              		.section	.text.HAL_QSPI_ErrorCallback,"ax",%progbits
 2829              		.align	1
 2830              		.weak	HAL_QSPI_ErrorCallback
 2831              		.syntax unified
 2832              		.thumb
 2833              		.thumb_func
 2835              	HAL_QSPI_ErrorCallback:
 2836              	.LVL191:
 2837              	.LFB400:
1873:Drivers/STM32L4xx_HAL_Driver/Src/stm32l4xx_hal_qspi.c ****   /* Prevent unused argument(s) compilation warning */
 2838              		.loc 1 1873 1 is_stmt 1 view -0
 2839              		.cfi_startproc
 2840              		@ args = 0, pretend = 0, frame = 0
 2841              		@ frame_needed = 0, uses_anonymous_args = 0
 2842              		@ link register save eliminated.
ARM GAS  /tmp/ccLGcT9r.s 			page 115


1875:Drivers/STM32L4xx_HAL_Driver/Src/stm32l4xx_hal_qspi.c **** 
 2843              		.loc 1 1875 3 view .LVU916
1880:Drivers/STM32L4xx_HAL_Driver/Src/stm32l4xx_hal_qspi.c **** 
 2844              		.loc 1 1880 1 is_stmt 0 view .LVU917
 2845 0000 7047     		bx	lr
 2846              		.cfi_endproc
 2847              	.LFE400:
 2849              		.section	.text.QSPI_DMAAbortCplt,"ax",%progbits
 2850              		.align	1
 2851              		.syntax unified
 2852              		.thumb
 2853              		.thumb_func
 2855              	QSPI_DMAAbortCplt:
 2856              	.LVL192:
 2857              	.LFB423:
2599:Drivers/STM32L4xx_HAL_Driver/Src/stm32l4xx_hal_qspi.c ****   QSPI_HandleTypeDef* hqspi = ( QSPI_HandleTypeDef* )(hdma->Parent);
 2858              		.loc 1 2599 1 is_stmt 1 view -0
 2859              		.cfi_startproc
 2860              		@ args = 0, pretend = 0, frame = 0
 2861              		@ frame_needed = 0, uses_anonymous_args = 0
2599:Drivers/STM32L4xx_HAL_Driver/Src/stm32l4xx_hal_qspi.c ****   QSPI_HandleTypeDef* hqspi = ( QSPI_HandleTypeDef* )(hdma->Parent);
 2862              		.loc 1 2599 1 is_stmt 0 view .LVU919
 2863 0000 08B5     		push	{r3, lr}
 2864              	.LCFI39:
 2865              		.cfi_def_cfa_offset 8
 2866              		.cfi_offset 3, -8
 2867              		.cfi_offset 14, -4
2600:Drivers/STM32L4xx_HAL_Driver/Src/stm32l4xx_hal_qspi.c **** 
 2868              		.loc 1 2600 3 is_stmt 1 view .LVU920
2600:Drivers/STM32L4xx_HAL_Driver/Src/stm32l4xx_hal_qspi.c **** 
 2869              		.loc 1 2600 23 is_stmt 0 view .LVU921
 2870 0002 806A     		ldr	r0, [r0, #40]
 2871              	.LVL193:
2602:Drivers/STM32L4xx_HAL_Driver/Src/stm32l4xx_hal_qspi.c ****   hqspi->TxXferCount = 0U;
 2872              		.loc 1 2602 3 is_stmt 1 view .LVU922
2602:Drivers/STM32L4xx_HAL_Driver/Src/stm32l4xx_hal_qspi.c ****   hqspi->TxXferCount = 0U;
 2873              		.loc 1 2602 22 is_stmt 0 view .LVU923
 2874 0004 0023     		movs	r3, #0
 2875 0006 8363     		str	r3, [r0, #56]
2603:Drivers/STM32L4xx_HAL_Driver/Src/stm32l4xx_hal_qspi.c **** 
 2876              		.loc 1 2603 3 is_stmt 1 view .LVU924
2603:Drivers/STM32L4xx_HAL_Driver/Src/stm32l4xx_hal_qspi.c **** 
 2877              		.loc 1 2603 22 is_stmt 0 view .LVU925
 2878 0008 C362     		str	r3, [r0, #44]
2605:Drivers/STM32L4xx_HAL_Driver/Src/stm32l4xx_hal_qspi.c ****   {
 2879              		.loc 1 2605 3 is_stmt 1 view .LVU926
2605:Drivers/STM32L4xx_HAL_Driver/Src/stm32l4xx_hal_qspi.c ****   {
 2880              		.loc 1 2605 11 is_stmt 0 view .LVU927
 2881 000a 90F84130 		ldrb	r3, [r0, #65]	@ zero_extendqisi2
 2882 000e DBB2     		uxtb	r3, r3
2605:Drivers/STM32L4xx_HAL_Driver/Src/stm32l4xx_hal_qspi.c ****   {
 2883              		.loc 1 2605 5 view .LVU928
 2884 0010 082B     		cmp	r3, #8
 2885 0012 0DD1     		bne	.L150
2609:Drivers/STM32L4xx_HAL_Driver/Src/stm32l4xx_hal_qspi.c **** 
 2886              		.loc 1 2609 5 is_stmt 1 view .LVU929
 2887 0014 0368     		ldr	r3, [r0]
ARM GAS  /tmp/ccLGcT9r.s 			page 116


 2888 0016 0222     		movs	r2, #2
 2889 0018 DA60     		str	r2, [r3, #12]
2612:Drivers/STM32L4xx_HAL_Driver/Src/stm32l4xx_hal_qspi.c **** 
 2890              		.loc 1 2612 5 view .LVU930
 2891 001a 0268     		ldr	r2, [r0]
 2892 001c 1368     		ldr	r3, [r2]
 2893 001e 43F40033 		orr	r3, r3, #131072
 2894 0022 1360     		str	r3, [r2]
2615:Drivers/STM32L4xx_HAL_Driver/Src/stm32l4xx_hal_qspi.c ****   }
 2895              		.loc 1 2615 5 view .LVU931
 2896 0024 0268     		ldr	r2, [r0]
 2897 0026 1368     		ldr	r3, [r2]
 2898 0028 43F00203 		orr	r3, r3, #2
 2899 002c 1360     		str	r3, [r2]
 2900              	.LVL194:
 2901              	.L149:
2630:Drivers/STM32L4xx_HAL_Driver/Src/stm32l4xx_hal_qspi.c **** 
 2902              		.loc 1 2630 1 is_stmt 0 view .LVU932
 2903 002e 08BD     		pop	{r3, pc}
 2904              	.LVL195:
 2905              	.L150:
2621:Drivers/STM32L4xx_HAL_Driver/Src/stm32l4xx_hal_qspi.c **** 
 2906              		.loc 1 2621 5 is_stmt 1 view .LVU933
2621:Drivers/STM32L4xx_HAL_Driver/Src/stm32l4xx_hal_qspi.c **** 
 2907              		.loc 1 2621 18 is_stmt 0 view .LVU934
 2908 0030 0123     		movs	r3, #1
 2909 0032 80F84130 		strb	r3, [r0, #65]
2627:Drivers/STM32L4xx_HAL_Driver/Src/stm32l4xx_hal_qspi.c **** #endif
 2910              		.loc 1 2627 5 is_stmt 1 view .LVU935
 2911 0036 FFF7FEFF 		bl	HAL_QSPI_ErrorCallback
 2912              	.LVL196:
2630:Drivers/STM32L4xx_HAL_Driver/Src/stm32l4xx_hal_qspi.c **** 
 2913              		.loc 1 2630 1 is_stmt 0 view .LVU936
 2914 003a F8E7     		b	.L149
 2915              		.cfi_endproc
 2916              	.LFE423:
 2918              		.section	.text.HAL_QSPI_AbortCpltCallback,"ax",%progbits
 2919              		.align	1
 2920              		.weak	HAL_QSPI_AbortCpltCallback
 2921              		.syntax unified
 2922              		.thumb
 2923              		.thumb_func
 2925              	HAL_QSPI_AbortCpltCallback:
 2926              	.LVL197:
 2927              	.LFB401:
1888:Drivers/STM32L4xx_HAL_Driver/Src/stm32l4xx_hal_qspi.c ****   /* Prevent unused argument(s) compilation warning */
 2928              		.loc 1 1888 1 is_stmt 1 view -0
 2929              		.cfi_startproc
 2930              		@ args = 0, pretend = 0, frame = 0
 2931              		@ frame_needed = 0, uses_anonymous_args = 0
 2932              		@ link register save eliminated.
1890:Drivers/STM32L4xx_HAL_Driver/Src/stm32l4xx_hal_qspi.c **** 
 2933              		.loc 1 1890 3 view .LVU938
1895:Drivers/STM32L4xx_HAL_Driver/Src/stm32l4xx_hal_qspi.c **** 
 2934              		.loc 1 1895 1 is_stmt 0 view .LVU939
 2935 0000 7047     		bx	lr
 2936              		.cfi_endproc
ARM GAS  /tmp/ccLGcT9r.s 			page 117


 2937              	.LFE401:
 2939              		.section	.text.HAL_QSPI_CmdCpltCallback,"ax",%progbits
 2940              		.align	1
 2941              		.weak	HAL_QSPI_CmdCpltCallback
 2942              		.syntax unified
 2943              		.thumb
 2944              		.thumb_func
 2946              	HAL_QSPI_CmdCpltCallback:
 2947              	.LVL198:
 2948              	.LFB402:
1903:Drivers/STM32L4xx_HAL_Driver/Src/stm32l4xx_hal_qspi.c ****   /* Prevent unused argument(s) compilation warning */
 2949              		.loc 1 1903 1 is_stmt 1 view -0
 2950              		.cfi_startproc
 2951              		@ args = 0, pretend = 0, frame = 0
 2952              		@ frame_needed = 0, uses_anonymous_args = 0
 2953              		@ link register save eliminated.
1905:Drivers/STM32L4xx_HAL_Driver/Src/stm32l4xx_hal_qspi.c **** 
 2954              		.loc 1 1905 3 view .LVU941
1910:Drivers/STM32L4xx_HAL_Driver/Src/stm32l4xx_hal_qspi.c **** 
 2955              		.loc 1 1910 1 is_stmt 0 view .LVU942
 2956 0000 7047     		bx	lr
 2957              		.cfi_endproc
 2958              	.LFE402:
 2960              		.section	.text.HAL_QSPI_RxCpltCallback,"ax",%progbits
 2961              		.align	1
 2962              		.weak	HAL_QSPI_RxCpltCallback
 2963              		.syntax unified
 2964              		.thumb
 2965              		.thumb_func
 2967              	HAL_QSPI_RxCpltCallback:
 2968              	.LVL199:
 2969              	.LFB403:
1918:Drivers/STM32L4xx_HAL_Driver/Src/stm32l4xx_hal_qspi.c ****   /* Prevent unused argument(s) compilation warning */
 2970              		.loc 1 1918 1 is_stmt 1 view -0
 2971              		.cfi_startproc
 2972              		@ args = 0, pretend = 0, frame = 0
 2973              		@ frame_needed = 0, uses_anonymous_args = 0
 2974              		@ link register save eliminated.
1920:Drivers/STM32L4xx_HAL_Driver/Src/stm32l4xx_hal_qspi.c **** 
 2975              		.loc 1 1920 3 view .LVU944
1925:Drivers/STM32L4xx_HAL_Driver/Src/stm32l4xx_hal_qspi.c **** 
 2976              		.loc 1 1925 1 is_stmt 0 view .LVU945
 2977 0000 7047     		bx	lr
 2978              		.cfi_endproc
 2979              	.LFE403:
 2981              		.section	.text.HAL_QSPI_TxCpltCallback,"ax",%progbits
 2982              		.align	1
 2983              		.weak	HAL_QSPI_TxCpltCallback
 2984              		.syntax unified
 2985              		.thumb
 2986              		.thumb_func
 2988              	HAL_QSPI_TxCpltCallback:
 2989              	.LVL200:
 2990              	.LFB404:
1933:Drivers/STM32L4xx_HAL_Driver/Src/stm32l4xx_hal_qspi.c ****   /* Prevent unused argument(s) compilation warning */
 2991              		.loc 1 1933 1 is_stmt 1 view -0
 2992              		.cfi_startproc
ARM GAS  /tmp/ccLGcT9r.s 			page 118


 2993              		@ args = 0, pretend = 0, frame = 0
 2994              		@ frame_needed = 0, uses_anonymous_args = 0
 2995              		@ link register save eliminated.
1935:Drivers/STM32L4xx_HAL_Driver/Src/stm32l4xx_hal_qspi.c **** 
 2996              		.loc 1 1935 3 view .LVU947
1940:Drivers/STM32L4xx_HAL_Driver/Src/stm32l4xx_hal_qspi.c **** 
 2997              		.loc 1 1940 1 is_stmt 0 view .LVU948
 2998 0000 7047     		bx	lr
 2999              		.cfi_endproc
 3000              	.LFE404:
 3002              		.section	.text.HAL_QSPI_RxHalfCpltCallback,"ax",%progbits
 3003              		.align	1
 3004              		.weak	HAL_QSPI_RxHalfCpltCallback
 3005              		.syntax unified
 3006              		.thumb
 3007              		.thumb_func
 3009              	HAL_QSPI_RxHalfCpltCallback:
 3010              	.LVL201:
 3011              	.LFB405:
1948:Drivers/STM32L4xx_HAL_Driver/Src/stm32l4xx_hal_qspi.c ****   /* Prevent unused argument(s) compilation warning */
 3012              		.loc 1 1948 1 is_stmt 1 view -0
 3013              		.cfi_startproc
 3014              		@ args = 0, pretend = 0, frame = 0
 3015              		@ frame_needed = 0, uses_anonymous_args = 0
 3016              		@ link register save eliminated.
1950:Drivers/STM32L4xx_HAL_Driver/Src/stm32l4xx_hal_qspi.c **** 
 3017              		.loc 1 1950 3 view .LVU950
1955:Drivers/STM32L4xx_HAL_Driver/Src/stm32l4xx_hal_qspi.c **** 
 3018              		.loc 1 1955 1 is_stmt 0 view .LVU951
 3019 0000 7047     		bx	lr
 3020              		.cfi_endproc
 3021              	.LFE405:
 3023              		.section	.text.QSPI_DMARxHalfCplt,"ax",%progbits
 3024              		.align	1
 3025              		.syntax unified
 3026              		.thumb
 3027              		.thumb_func
 3029              	QSPI_DMARxHalfCplt:
 3030              	.LVL202:
 3031              	.LFB420:
2546:Drivers/STM32L4xx_HAL_Driver/Src/stm32l4xx_hal_qspi.c ****   QSPI_HandleTypeDef* hqspi = (QSPI_HandleTypeDef*)(hdma->Parent);
 3032              		.loc 1 2546 1 is_stmt 1 view -0
 3033              		.cfi_startproc
 3034              		@ args = 0, pretend = 0, frame = 0
 3035              		@ frame_needed = 0, uses_anonymous_args = 0
2546:Drivers/STM32L4xx_HAL_Driver/Src/stm32l4xx_hal_qspi.c ****   QSPI_HandleTypeDef* hqspi = (QSPI_HandleTypeDef*)(hdma->Parent);
 3036              		.loc 1 2546 1 is_stmt 0 view .LVU953
 3037 0000 08B5     		push	{r3, lr}
 3038              	.LCFI40:
 3039              		.cfi_def_cfa_offset 8
 3040              		.cfi_offset 3, -8
 3041              		.cfi_offset 14, -4
2547:Drivers/STM32L4xx_HAL_Driver/Src/stm32l4xx_hal_qspi.c **** 
 3042              		.loc 1 2547 3 is_stmt 1 view .LVU954
 3043              	.LVL203:
2552:Drivers/STM32L4xx_HAL_Driver/Src/stm32l4xx_hal_qspi.c **** #endif
 3044              		.loc 1 2552 3 view .LVU955
ARM GAS  /tmp/ccLGcT9r.s 			page 119


 3045 0002 806A     		ldr	r0, [r0, #40]
 3046              	.LVL204:
2552:Drivers/STM32L4xx_HAL_Driver/Src/stm32l4xx_hal_qspi.c **** #endif
 3047              		.loc 1 2552 3 is_stmt 0 view .LVU956
 3048 0004 FFF7FEFF 		bl	HAL_QSPI_RxHalfCpltCallback
 3049              	.LVL205:
2554:Drivers/STM32L4xx_HAL_Driver/Src/stm32l4xx_hal_qspi.c **** 
 3050              		.loc 1 2554 1 view .LVU957
 3051 0008 08BD     		pop	{r3, pc}
 3052              		.cfi_endproc
 3053              	.LFE420:
 3055              		.section	.text.HAL_QSPI_TxHalfCpltCallback,"ax",%progbits
 3056              		.align	1
 3057              		.weak	HAL_QSPI_TxHalfCpltCallback
 3058              		.syntax unified
 3059              		.thumb
 3060              		.thumb_func
 3062              	HAL_QSPI_TxHalfCpltCallback:
 3063              	.LVL206:
 3064              	.LFB406:
1963:Drivers/STM32L4xx_HAL_Driver/Src/stm32l4xx_hal_qspi.c ****   /* Prevent unused argument(s) compilation warning */
 3065              		.loc 1 1963 1 is_stmt 1 view -0
 3066              		.cfi_startproc
 3067              		@ args = 0, pretend = 0, frame = 0
 3068              		@ frame_needed = 0, uses_anonymous_args = 0
 3069              		@ link register save eliminated.
1965:Drivers/STM32L4xx_HAL_Driver/Src/stm32l4xx_hal_qspi.c **** 
 3070              		.loc 1 1965 3 view .LVU959
1970:Drivers/STM32L4xx_HAL_Driver/Src/stm32l4xx_hal_qspi.c **** 
 3071              		.loc 1 1970 1 is_stmt 0 view .LVU960
 3072 0000 7047     		bx	lr
 3073              		.cfi_endproc
 3074              	.LFE406:
 3076              		.section	.text.QSPI_DMATxHalfCplt,"ax",%progbits
 3077              		.align	1
 3078              		.syntax unified
 3079              		.thumb
 3080              		.thumb_func
 3082              	QSPI_DMATxHalfCplt:
 3083              	.LVL207:
 3084              	.LFB421:
2562:Drivers/STM32L4xx_HAL_Driver/Src/stm32l4xx_hal_qspi.c ****   QSPI_HandleTypeDef* hqspi = (QSPI_HandleTypeDef*)(hdma->Parent);
 3085              		.loc 1 2562 1 is_stmt 1 view -0
 3086              		.cfi_startproc
 3087              		@ args = 0, pretend = 0, frame = 0
 3088              		@ frame_needed = 0, uses_anonymous_args = 0
2562:Drivers/STM32L4xx_HAL_Driver/Src/stm32l4xx_hal_qspi.c ****   QSPI_HandleTypeDef* hqspi = (QSPI_HandleTypeDef*)(hdma->Parent);
 3089              		.loc 1 2562 1 is_stmt 0 view .LVU962
 3090 0000 08B5     		push	{r3, lr}
 3091              	.LCFI41:
 3092              		.cfi_def_cfa_offset 8
 3093              		.cfi_offset 3, -8
 3094              		.cfi_offset 14, -4
2563:Drivers/STM32L4xx_HAL_Driver/Src/stm32l4xx_hal_qspi.c **** 
 3095              		.loc 1 2563 3 is_stmt 1 view .LVU963
 3096              	.LVL208:
2568:Drivers/STM32L4xx_HAL_Driver/Src/stm32l4xx_hal_qspi.c **** #endif
ARM GAS  /tmp/ccLGcT9r.s 			page 120


 3097              		.loc 1 2568 3 view .LVU964
 3098 0002 806A     		ldr	r0, [r0, #40]
 3099              	.LVL209:
2568:Drivers/STM32L4xx_HAL_Driver/Src/stm32l4xx_hal_qspi.c **** #endif
 3100              		.loc 1 2568 3 is_stmt 0 view .LVU965
 3101 0004 FFF7FEFF 		bl	HAL_QSPI_TxHalfCpltCallback
 3102              	.LVL210:
2570:Drivers/STM32L4xx_HAL_Driver/Src/stm32l4xx_hal_qspi.c **** 
 3103              		.loc 1 2570 1 view .LVU966
 3104 0008 08BD     		pop	{r3, pc}
 3105              		.cfi_endproc
 3106              	.LFE421:
 3108              		.section	.text.HAL_QSPI_FifoThresholdCallback,"ax",%progbits
 3109              		.align	1
 3110              		.weak	HAL_QSPI_FifoThresholdCallback
 3111              		.syntax unified
 3112              		.thumb
 3113              		.thumb_func
 3115              	HAL_QSPI_FifoThresholdCallback:
 3116              	.LVL211:
 3117              	.LFB407:
1978:Drivers/STM32L4xx_HAL_Driver/Src/stm32l4xx_hal_qspi.c ****   /* Prevent unused argument(s) compilation warning */
 3118              		.loc 1 1978 1 is_stmt 1 view -0
 3119              		.cfi_startproc
 3120              		@ args = 0, pretend = 0, frame = 0
 3121              		@ frame_needed = 0, uses_anonymous_args = 0
 3122              		@ link register save eliminated.
1980:Drivers/STM32L4xx_HAL_Driver/Src/stm32l4xx_hal_qspi.c **** 
 3123              		.loc 1 1980 3 view .LVU968
1985:Drivers/STM32L4xx_HAL_Driver/Src/stm32l4xx_hal_qspi.c **** 
 3124              		.loc 1 1985 1 is_stmt 0 view .LVU969
 3125 0000 7047     		bx	lr
 3126              		.cfi_endproc
 3127              	.LFE407:
 3129              		.section	.text.HAL_QSPI_StatusMatchCallback,"ax",%progbits
 3130              		.align	1
 3131              		.weak	HAL_QSPI_StatusMatchCallback
 3132              		.syntax unified
 3133              		.thumb
 3134              		.thumb_func
 3136              	HAL_QSPI_StatusMatchCallback:
 3137              	.LVL212:
 3138              	.LFB408:
1993:Drivers/STM32L4xx_HAL_Driver/Src/stm32l4xx_hal_qspi.c ****   /* Prevent unused argument(s) compilation warning */
 3139              		.loc 1 1993 1 is_stmt 1 view -0
 3140              		.cfi_startproc
 3141              		@ args = 0, pretend = 0, frame = 0
 3142              		@ frame_needed = 0, uses_anonymous_args = 0
 3143              		@ link register save eliminated.
1995:Drivers/STM32L4xx_HAL_Driver/Src/stm32l4xx_hal_qspi.c **** 
 3144              		.loc 1 1995 3 view .LVU971
2000:Drivers/STM32L4xx_HAL_Driver/Src/stm32l4xx_hal_qspi.c **** 
 3145              		.loc 1 2000 1 is_stmt 0 view .LVU972
 3146 0000 7047     		bx	lr
 3147              		.cfi_endproc
 3148              	.LFE408:
 3150              		.section	.text.HAL_QSPI_TimeOutCallback,"ax",%progbits
ARM GAS  /tmp/ccLGcT9r.s 			page 121


 3151              		.align	1
 3152              		.weak	HAL_QSPI_TimeOutCallback
 3153              		.syntax unified
 3154              		.thumb
 3155              		.thumb_func
 3157              	HAL_QSPI_TimeOutCallback:
 3158              	.LVL213:
 3159              	.LFB409:
2008:Drivers/STM32L4xx_HAL_Driver/Src/stm32l4xx_hal_qspi.c ****   /* Prevent unused argument(s) compilation warning */
 3160              		.loc 1 2008 1 is_stmt 1 view -0
 3161              		.cfi_startproc
 3162              		@ args = 0, pretend = 0, frame = 0
 3163              		@ frame_needed = 0, uses_anonymous_args = 0
 3164              		@ link register save eliminated.
2010:Drivers/STM32L4xx_HAL_Driver/Src/stm32l4xx_hal_qspi.c **** 
 3165              		.loc 1 2010 3 view .LVU974
2015:Drivers/STM32L4xx_HAL_Driver/Src/stm32l4xx_hal_qspi.c **** #if (USE_HAL_QSPI_REGISTER_CALLBACKS == 1)
 3166              		.loc 1 2015 1 is_stmt 0 view .LVU975
 3167 0000 7047     		bx	lr
 3168              		.cfi_endproc
 3169              	.LFE409:
 3171              		.section	.text.HAL_QSPI_IRQHandler,"ax",%progbits
 3172              		.align	1
 3173              		.global	HAL_QSPI_IRQHandler
 3174              		.syntax unified
 3175              		.thumb
 3176              		.thumb_func
 3178              	HAL_QSPI_IRQHandler:
 3179              	.LVL214:
 3180              	.LFB388:
 496:Drivers/STM32L4xx_HAL_Driver/Src/stm32l4xx_hal_qspi.c ****   __IO uint32_t *data_reg;
 3181              		.loc 1 496 1 is_stmt 1 view -0
 3182              		.cfi_startproc
 3183              		@ args = 0, pretend = 0, frame = 0
 3184              		@ frame_needed = 0, uses_anonymous_args = 0
 496:Drivers/STM32L4xx_HAL_Driver/Src/stm32l4xx_hal_qspi.c ****   __IO uint32_t *data_reg;
 3185              		.loc 1 496 1 is_stmt 0 view .LVU977
 3186 0000 10B5     		push	{r4, lr}
 3187              	.LCFI42:
 3188              		.cfi_def_cfa_offset 8
 3189              		.cfi_offset 4, -8
 3190              		.cfi_offset 14, -4
 3191 0002 0446     		mov	r4, r0
 497:Drivers/STM32L4xx_HAL_Driver/Src/stm32l4xx_hal_qspi.c ****   uint32_t flag = READ_REG(hqspi->Instance->SR);
 3192              		.loc 1 497 3 is_stmt 1 view .LVU978
 498:Drivers/STM32L4xx_HAL_Driver/Src/stm32l4xx_hal_qspi.c ****   uint32_t itsource = READ_REG(hqspi->Instance->CR);
 3193              		.loc 1 498 3 view .LVU979
 498:Drivers/STM32L4xx_HAL_Driver/Src/stm32l4xx_hal_qspi.c ****   uint32_t itsource = READ_REG(hqspi->Instance->CR);
 3194              		.loc 1 498 19 is_stmt 0 view .LVU980
 3195 0004 0368     		ldr	r3, [r0]
 498:Drivers/STM32L4xx_HAL_Driver/Src/stm32l4xx_hal_qspi.c ****   uint32_t itsource = READ_REG(hqspi->Instance->CR);
 3196              		.loc 1 498 12 view .LVU981
 3197 0006 9A68     		ldr	r2, [r3, #8]
 3198              	.LVL215:
 499:Drivers/STM32L4xx_HAL_Driver/Src/stm32l4xx_hal_qspi.c **** 
 3199              		.loc 1 499 3 is_stmt 1 view .LVU982
 499:Drivers/STM32L4xx_HAL_Driver/Src/stm32l4xx_hal_qspi.c **** 
ARM GAS  /tmp/ccLGcT9r.s 			page 122


 3200              		.loc 1 499 12 is_stmt 0 view .LVU983
 3201 0008 1968     		ldr	r1, [r3]
 3202              	.LVL216:
 502:Drivers/STM32L4xx_HAL_Driver/Src/stm32l4xx_hal_qspi.c ****   {
 3203              		.loc 1 502 3 is_stmt 1 view .LVU984
 502:Drivers/STM32L4xx_HAL_Driver/Src/stm32l4xx_hal_qspi.c ****   {
 3204              		.loc 1 502 5 is_stmt 0 view .LVU985
 3205 000a 12F0040F 		tst	r2, #4
 3206 000e 3FD0     		beq	.L167
 502:Drivers/STM32L4xx_HAL_Driver/Src/stm32l4xx_hal_qspi.c ****   {
 3207              		.loc 1 502 36 discriminator 1 view .LVU986
 3208 0010 11F4802F 		tst	r1, #262144
 3209 0014 3CD0     		beq	.L167
 504:Drivers/STM32L4xx_HAL_Driver/Src/stm32l4xx_hal_qspi.c **** 
 3210              		.loc 1 504 5 is_stmt 1 view .LVU987
 3211              	.LVL217:
 506:Drivers/STM32L4xx_HAL_Driver/Src/stm32l4xx_hal_qspi.c ****     {
 3212              		.loc 1 506 5 view .LVU988
 506:Drivers/STM32L4xx_HAL_Driver/Src/stm32l4xx_hal_qspi.c ****     {
 3213              		.loc 1 506 13 is_stmt 0 view .LVU989
 3214 0016 90F84120 		ldrb	r2, [r0, #65]	@ zero_extendqisi2
 3215              	.LVL218:
 506:Drivers/STM32L4xx_HAL_Driver/Src/stm32l4xx_hal_qspi.c ****     {
 3216              		.loc 1 506 13 view .LVU990
 3217 001a D2B2     		uxtb	r2, r2
 506:Drivers/STM32L4xx_HAL_Driver/Src/stm32l4xx_hal_qspi.c ****     {
 3218              		.loc 1 506 7 view .LVU991
 3219 001c 122A     		cmp	r2, #18
 3220 001e 12D0     		beq	.L168
 527:Drivers/STM32L4xx_HAL_Driver/Src/stm32l4xx_hal_qspi.c ****     {
 3221              		.loc 1 527 10 is_stmt 1 view .LVU992
 527:Drivers/STM32L4xx_HAL_Driver/Src/stm32l4xx_hal_qspi.c ****     {
 3222              		.loc 1 527 18 is_stmt 0 view .LVU993
 3223 0020 90F84120 		ldrb	r2, [r0, #65]	@ zero_extendqisi2
 3224 0024 D2B2     		uxtb	r2, r2
 527:Drivers/STM32L4xx_HAL_Driver/Src/stm32l4xx_hal_qspi.c ****     {
 3225              		.loc 1 527 12 view .LVU994
 3226 0026 222A     		cmp	r2, #34
 3227 0028 1FD0     		beq	.L173
 3228              	.LVL219:
 3229              	.L171:
 551:Drivers/STM32L4xx_HAL_Driver/Src/stm32l4xx_hal_qspi.c **** 
 3230              		.loc 1 551 5 is_stmt 1 view .LVU995
 557:Drivers/STM32L4xx_HAL_Driver/Src/stm32l4xx_hal_qspi.c **** #endif
 3231              		.loc 1 557 5 view .LVU996
 3232 002a 2046     		mov	r0, r4
 3233              	.LVL220:
 557:Drivers/STM32L4xx_HAL_Driver/Src/stm32l4xx_hal_qspi.c **** #endif
 3234              		.loc 1 557 5 is_stmt 0 view .LVU997
 3235 002c FFF7FEFF 		bl	HAL_QSPI_FifoThresholdCallback
 3236              	.LVL221:
 3237              	.L166:
 782:Drivers/STM32L4xx_HAL_Driver/Src/stm32l4xx_hal_qspi.c **** 
 3238              		.loc 1 782 1 view .LVU998
 3239 0030 10BD     		pop	{r4, pc}
 3240              	.LVL222:
 3241              	.L192:
ARM GAS  /tmp/ccLGcT9r.s 			page 123


 514:Drivers/STM32L4xx_HAL_Driver/Src/stm32l4xx_hal_qspi.c ****           hqspi->pTxBuffPtr++;
 3242              		.loc 1 514 11 is_stmt 1 view .LVU999
 514:Drivers/STM32L4xx_HAL_Driver/Src/stm32l4xx_hal_qspi.c ****           hqspi->pTxBuffPtr++;
 3243              		.loc 1 514 47 is_stmt 0 view .LVU1000
 3244 0032 626A     		ldr	r2, [r4, #36]
 514:Drivers/STM32L4xx_HAL_Driver/Src/stm32l4xx_hal_qspi.c ****           hqspi->pTxBuffPtr++;
 3245              		.loc 1 514 41 view .LVU1001
 3246 0034 1278     		ldrb	r2, [r2]	@ zero_extendqisi2
 514:Drivers/STM32L4xx_HAL_Driver/Src/stm32l4xx_hal_qspi.c ****           hqspi->pTxBuffPtr++;
 3247              		.loc 1 514 39 view .LVU1002
 3248 0036 83F82020 		strb	r2, [r3, #32]
 515:Drivers/STM32L4xx_HAL_Driver/Src/stm32l4xx_hal_qspi.c ****           hqspi->TxXferCount--;
 3249              		.loc 1 515 11 is_stmt 1 view .LVU1003
 515:Drivers/STM32L4xx_HAL_Driver/Src/stm32l4xx_hal_qspi.c ****           hqspi->TxXferCount--;
 3250              		.loc 1 515 16 is_stmt 0 view .LVU1004
 3251 003a 626A     		ldr	r2, [r4, #36]
 515:Drivers/STM32L4xx_HAL_Driver/Src/stm32l4xx_hal_qspi.c ****           hqspi->TxXferCount--;
 3252              		.loc 1 515 28 view .LVU1005
 3253 003c 0132     		adds	r2, r2, #1
 3254 003e 6262     		str	r2, [r4, #36]
 516:Drivers/STM32L4xx_HAL_Driver/Src/stm32l4xx_hal_qspi.c ****         }
 3255              		.loc 1 516 11 is_stmt 1 view .LVU1006
 516:Drivers/STM32L4xx_HAL_Driver/Src/stm32l4xx_hal_qspi.c ****         }
 3256              		.loc 1 516 16 is_stmt 0 view .LVU1007
 3257 0040 E26A     		ldr	r2, [r4, #44]
 516:Drivers/STM32L4xx_HAL_Driver/Src/stm32l4xx_hal_qspi.c ****         }
 3258              		.loc 1 516 29 view .LVU1008
 3259 0042 013A     		subs	r2, r2, #1
 3260 0044 E262     		str	r2, [r4, #44]
 3261              	.L168:
 509:Drivers/STM32L4xx_HAL_Driver/Src/stm32l4xx_hal_qspi.c ****       {
 3262              		.loc 1 509 54 is_stmt 1 view .LVU1009
 509:Drivers/STM32L4xx_HAL_Driver/Src/stm32l4xx_hal_qspi.c ****       {
 3263              		.loc 1 509 13 is_stmt 0 view .LVU1010
 3264 0046 2268     		ldr	r2, [r4]
 3265 0048 9168     		ldr	r1, [r2, #8]
 509:Drivers/STM32L4xx_HAL_Driver/Src/stm32l4xx_hal_qspi.c ****       {
 3266              		.loc 1 509 54 view .LVU1011
 3267 004a 11F0040F 		tst	r1, #4
 3268 004e ECD0     		beq	.L171
 511:Drivers/STM32L4xx_HAL_Driver/Src/stm32l4xx_hal_qspi.c ****         {
 3269              		.loc 1 511 9 is_stmt 1 view .LVU1012
 511:Drivers/STM32L4xx_HAL_Driver/Src/stm32l4xx_hal_qspi.c ****         {
 3270              		.loc 1 511 18 is_stmt 0 view .LVU1013
 3271 0050 E16A     		ldr	r1, [r4, #44]
 511:Drivers/STM32L4xx_HAL_Driver/Src/stm32l4xx_hal_qspi.c ****         {
 3272              		.loc 1 511 12 view .LVU1014
 3273 0052 0029     		cmp	r1, #0
 3274 0054 EDD1     		bne	.L192
 522:Drivers/STM32L4xx_HAL_Driver/Src/stm32l4xx_hal_qspi.c ****           break;
 3275              		.loc 1 522 11 is_stmt 1 view .LVU1015
 3276 0056 1368     		ldr	r3, [r2]
 3277              	.LVL223:
 522:Drivers/STM32L4xx_HAL_Driver/Src/stm32l4xx_hal_qspi.c ****           break;
 3278              		.loc 1 522 11 is_stmt 0 view .LVU1016
 3279 0058 23F48023 		bic	r3, r3, #262144
 3280 005c 1360     		str	r3, [r2]
ARM GAS  /tmp/ccLGcT9r.s 			page 124


 523:Drivers/STM32L4xx_HAL_Driver/Src/stm32l4xx_hal_qspi.c ****         }
 3281              		.loc 1 523 11 is_stmt 1 view .LVU1017
 3282 005e E4E7     		b	.L171
 3283              	.LVL224:
 3284              	.L174:
 543:Drivers/STM32L4xx_HAL_Driver/Src/stm32l4xx_hal_qspi.c ****           break;
 3285              		.loc 1 543 11 view .LVU1018
 3286 0060 1368     		ldr	r3, [r2]
 3287              	.LVL225:
 543:Drivers/STM32L4xx_HAL_Driver/Src/stm32l4xx_hal_qspi.c ****           break;
 3288              		.loc 1 543 11 is_stmt 0 view .LVU1019
 3289 0062 23F48023 		bic	r3, r3, #262144
 3290 0066 1360     		str	r3, [r2]
 544:Drivers/STM32L4xx_HAL_Driver/Src/stm32l4xx_hal_qspi.c ****         }
 3291              		.loc 1 544 11 is_stmt 1 view .LVU1020
 3292 0068 DFE7     		b	.L171
 3293              	.LVL226:
 3294              	.L173:
 530:Drivers/STM32L4xx_HAL_Driver/Src/stm32l4xx_hal_qspi.c ****       {
 3295              		.loc 1 530 54 view .LVU1021
 530:Drivers/STM32L4xx_HAL_Driver/Src/stm32l4xx_hal_qspi.c ****       {
 3296              		.loc 1 530 13 is_stmt 0 view .LVU1022
 3297 006a 2268     		ldr	r2, [r4]
 3298 006c 9168     		ldr	r1, [r2, #8]
 530:Drivers/STM32L4xx_HAL_Driver/Src/stm32l4xx_hal_qspi.c ****       {
 3299              		.loc 1 530 54 view .LVU1023
 3300 006e 11F0040F 		tst	r1, #4
 3301 0072 DAD0     		beq	.L171
 532:Drivers/STM32L4xx_HAL_Driver/Src/stm32l4xx_hal_qspi.c ****         {
 3302              		.loc 1 532 9 is_stmt 1 view .LVU1024
 532:Drivers/STM32L4xx_HAL_Driver/Src/stm32l4xx_hal_qspi.c ****         {
 3303              		.loc 1 532 18 is_stmt 0 view .LVU1025
 3304 0074 A16B     		ldr	r1, [r4, #56]
 532:Drivers/STM32L4xx_HAL_Driver/Src/stm32l4xx_hal_qspi.c ****         {
 3305              		.loc 1 532 12 view .LVU1026
 3306 0076 0029     		cmp	r1, #0
 3307 0078 F2D0     		beq	.L174
 535:Drivers/STM32L4xx_HAL_Driver/Src/stm32l4xx_hal_qspi.c ****           hqspi->pRxBuffPtr++;
 3308              		.loc 1 535 11 is_stmt 1 view .LVU1027
 535:Drivers/STM32L4xx_HAL_Driver/Src/stm32l4xx_hal_qspi.c ****           hqspi->pRxBuffPtr++;
 3309              		.loc 1 535 17 is_stmt 0 view .LVU1028
 3310 007a 226B     		ldr	r2, [r4, #48]
 535:Drivers/STM32L4xx_HAL_Driver/Src/stm32l4xx_hal_qspi.c ****           hqspi->pRxBuffPtr++;
 3311              		.loc 1 535 32 view .LVU1029
 3312 007c 93F82010 		ldrb	r1, [r3, #32]	@ zero_extendqisi2
 535:Drivers/STM32L4xx_HAL_Driver/Src/stm32l4xx_hal_qspi.c ****           hqspi->pRxBuffPtr++;
 3313              		.loc 1 535 30 view .LVU1030
 3314 0080 1170     		strb	r1, [r2]
 536:Drivers/STM32L4xx_HAL_Driver/Src/stm32l4xx_hal_qspi.c ****           hqspi->RxXferCount--;
 3315              		.loc 1 536 11 is_stmt 1 view .LVU1031
 536:Drivers/STM32L4xx_HAL_Driver/Src/stm32l4xx_hal_qspi.c ****           hqspi->RxXferCount--;
 3316              		.loc 1 536 16 is_stmt 0 view .LVU1032
 3317 0082 226B     		ldr	r2, [r4, #48]
 536:Drivers/STM32L4xx_HAL_Driver/Src/stm32l4xx_hal_qspi.c ****           hqspi->RxXferCount--;
 3318              		.loc 1 536 28 view .LVU1033
 3319 0084 0132     		adds	r2, r2, #1
 3320 0086 2263     		str	r2, [r4, #48]
ARM GAS  /tmp/ccLGcT9r.s 			page 125


 537:Drivers/STM32L4xx_HAL_Driver/Src/stm32l4xx_hal_qspi.c ****         }
 3321              		.loc 1 537 11 is_stmt 1 view .LVU1034
 537:Drivers/STM32L4xx_HAL_Driver/Src/stm32l4xx_hal_qspi.c ****         }
 3322              		.loc 1 537 16 is_stmt 0 view .LVU1035
 3323 0088 A26B     		ldr	r2, [r4, #56]
 537:Drivers/STM32L4xx_HAL_Driver/Src/stm32l4xx_hal_qspi.c ****         }
 3324              		.loc 1 537 29 view .LVU1036
 3325 008a 013A     		subs	r2, r2, #1
 3326 008c A263     		str	r2, [r4, #56]
 3327 008e ECE7     		b	.L173
 3328              	.LVL227:
 3329              	.L167:
 562:Drivers/STM32L4xx_HAL_Driver/Src/stm32l4xx_hal_qspi.c ****   {
 3330              		.loc 1 562 8 is_stmt 1 view .LVU1037
 562:Drivers/STM32L4xx_HAL_Driver/Src/stm32l4xx_hal_qspi.c ****   {
 3331              		.loc 1 562 10 is_stmt 0 view .LVU1038
 3332 0090 12F0020F 		tst	r2, #2
 3333 0094 76D0     		beq	.L177
 562:Drivers/STM32L4xx_HAL_Driver/Src/stm32l4xx_hal_qspi.c ****   {
 3334              		.loc 1 562 41 discriminator 1 view .LVU1039
 3335 0096 11F4003F 		tst	r1, #131072
 3336 009a 73D0     		beq	.L177
 565:Drivers/STM32L4xx_HAL_Driver/Src/stm32l4xx_hal_qspi.c **** 
 3337              		.loc 1 565 5 is_stmt 1 view .LVU1040
 3338 009c 0222     		movs	r2, #2
 3339              	.LVL228:
 565:Drivers/STM32L4xx_HAL_Driver/Src/stm32l4xx_hal_qspi.c **** 
 3340              		.loc 1 565 5 is_stmt 0 view .LVU1041
 3341 009e DA60     		str	r2, [r3, #12]
 568:Drivers/STM32L4xx_HAL_Driver/Src/stm32l4xx_hal_qspi.c **** 
 3342              		.loc 1 568 5 is_stmt 1 view .LVU1042
 3343 00a0 2268     		ldr	r2, [r4]
 3344 00a2 1368     		ldr	r3, [r2]
 3345 00a4 23F4E023 		bic	r3, r3, #458752
 3346 00a8 1360     		str	r3, [r2]
 571:Drivers/STM32L4xx_HAL_Driver/Src/stm32l4xx_hal_qspi.c ****     {
 3347              		.loc 1 571 5 view .LVU1043
 571:Drivers/STM32L4xx_HAL_Driver/Src/stm32l4xx_hal_qspi.c ****     {
 3348              		.loc 1 571 13 is_stmt 0 view .LVU1044
 3349 00aa 94F84130 		ldrb	r3, [r4, #65]	@ zero_extendqisi2
 3350 00ae DBB2     		uxtb	r3, r3
 571:Drivers/STM32L4xx_HAL_Driver/Src/stm32l4xx_hal_qspi.c ****     {
 3351              		.loc 1 571 7 view .LVU1045
 3352 00b0 122B     		cmp	r3, #18
 3353 00b2 1DD0     		beq	.L193
 597:Drivers/STM32L4xx_HAL_Driver/Src/stm32l4xx_hal_qspi.c ****     {
 3354              		.loc 1 597 10 is_stmt 1 view .LVU1046
 597:Drivers/STM32L4xx_HAL_Driver/Src/stm32l4xx_hal_qspi.c ****     {
 3355              		.loc 1 597 18 is_stmt 0 view .LVU1047
 3356 00b4 94F84130 		ldrb	r3, [r4, #65]	@ zero_extendqisi2
 3357 00b8 DBB2     		uxtb	r3, r3
 597:Drivers/STM32L4xx_HAL_Driver/Src/stm32l4xx_hal_qspi.c ****     {
 3358              		.loc 1 597 12 view .LVU1048
 3359 00ba 222B     		cmp	r3, #34
 3360 00bc 2ED0     		beq	.L194
 642:Drivers/STM32L4xx_HAL_Driver/Src/stm32l4xx_hal_qspi.c ****     {
 3361              		.loc 1 642 10 is_stmt 1 view .LVU1049
ARM GAS  /tmp/ccLGcT9r.s 			page 126


 642:Drivers/STM32L4xx_HAL_Driver/Src/stm32l4xx_hal_qspi.c ****     {
 3362              		.loc 1 642 18 is_stmt 0 view .LVU1050
 3363 00be 94F84130 		ldrb	r3, [r4, #65]	@ zero_extendqisi2
 3364 00c2 DBB2     		uxtb	r3, r3
 642:Drivers/STM32L4xx_HAL_Driver/Src/stm32l4xx_hal_qspi.c ****     {
 3365              		.loc 1 642 12 view .LVU1051
 3366 00c4 022B     		cmp	r3, #2
 3367 00c6 52D0     		beq	.L195
 654:Drivers/STM32L4xx_HAL_Driver/Src/stm32l4xx_hal_qspi.c ****     {
 3368              		.loc 1 654 10 is_stmt 1 view .LVU1052
 654:Drivers/STM32L4xx_HAL_Driver/Src/stm32l4xx_hal_qspi.c ****     {
 3369              		.loc 1 654 18 is_stmt 0 view .LVU1053
 3370 00c8 94F84130 		ldrb	r3, [r4, #65]	@ zero_extendqisi2
 3371 00cc DBB2     		uxtb	r3, r3
 654:Drivers/STM32L4xx_HAL_Driver/Src/stm32l4xx_hal_qspi.c ****     {
 3372              		.loc 1 654 12 view .LVU1054
 3373 00ce 082B     		cmp	r3, #8
 3374 00d0 AED1     		bne	.L166
 657:Drivers/STM32L4xx_HAL_Driver/Src/stm32l4xx_hal_qspi.c **** 
 3375              		.loc 1 657 7 is_stmt 1 view .LVU1055
 3376 00d2 2268     		ldr	r2, [r4]
 3377 00d4 5369     		ldr	r3, [r2, #20]
 3378 00d6 23F04063 		bic	r3, r3, #201326592
 3379 00da 5361     		str	r3, [r2, #20]
 660:Drivers/STM32L4xx_HAL_Driver/Src/stm32l4xx_hal_qspi.c **** 
 3380              		.loc 1 660 7 view .LVU1056
 660:Drivers/STM32L4xx_HAL_Driver/Src/stm32l4xx_hal_qspi.c **** 
 3381              		.loc 1 660 20 is_stmt 0 view .LVU1057
 3382 00dc 0123     		movs	r3, #1
 3383 00de 84F84130 		strb	r3, [r4, #65]
 662:Drivers/STM32L4xx_HAL_Driver/Src/stm32l4xx_hal_qspi.c ****       {
 3384              		.loc 1 662 7 is_stmt 1 view .LVU1058
 662:Drivers/STM32L4xx_HAL_Driver/Src/stm32l4xx_hal_qspi.c ****       {
 3385              		.loc 1 662 16 is_stmt 0 view .LVU1059
 3386 00e2 636C     		ldr	r3, [r4, #68]
 662:Drivers/STM32L4xx_HAL_Driver/Src/stm32l4xx_hal_qspi.c ****       {
 3387              		.loc 1 662 10 view .LVU1060
 3388 00e4 002B     		cmp	r3, #0
 3389 00e6 49D1     		bne	.L185
 670:Drivers/STM32L4xx_HAL_Driver/Src/stm32l4xx_hal_qspi.c **** #endif
 3390              		.loc 1 670 9 is_stmt 1 view .LVU1061
 3391 00e8 2046     		mov	r0, r4
 3392              	.LVL229:
 670:Drivers/STM32L4xx_HAL_Driver/Src/stm32l4xx_hal_qspi.c **** #endif
 3393              		.loc 1 670 9 is_stmt 0 view .LVU1062
 3394 00ea FFF7FEFF 		bl	HAL_QSPI_AbortCpltCallback
 3395              	.LVL230:
 670:Drivers/STM32L4xx_HAL_Driver/Src/stm32l4xx_hal_qspi.c **** #endif
 3396              		.loc 1 670 9 view .LVU1063
 3397 00ee 9FE7     		b	.L166
 3398              	.LVL231:
 3399              	.L193:
 573:Drivers/STM32L4xx_HAL_Driver/Src/stm32l4xx_hal_qspi.c ****       {
 3400              		.loc 1 573 7 is_stmt 1 view .LVU1064
 573:Drivers/STM32L4xx_HAL_Driver/Src/stm32l4xx_hal_qspi.c ****       {
 3401              		.loc 1 573 17 is_stmt 0 view .LVU1065
 3402 00f0 2368     		ldr	r3, [r4]
ARM GAS  /tmp/ccLGcT9r.s 			page 127


 573:Drivers/STM32L4xx_HAL_Driver/Src/stm32l4xx_hal_qspi.c ****       {
 3403              		.loc 1 573 27 view .LVU1066
 3404 00f2 1A68     		ldr	r2, [r3]
 573:Drivers/STM32L4xx_HAL_Driver/Src/stm32l4xx_hal_qspi.c ****       {
 3405              		.loc 1 573 10 view .LVU1067
 3406 00f4 12F0040F 		tst	r2, #4
 3407 00f8 09D0     		beq	.L179
 576:Drivers/STM32L4xx_HAL_Driver/Src/stm32l4xx_hal_qspi.c **** 
 3408              		.loc 1 576 9 is_stmt 1 view .LVU1068
 3409 00fa 1A68     		ldr	r2, [r3]
 3410 00fc 22F00402 		bic	r2, r2, #4
 3411 0100 1A60     		str	r2, [r3]
 579:Drivers/STM32L4xx_HAL_Driver/Src/stm32l4xx_hal_qspi.c ****       }
 3412              		.loc 1 579 9 view .LVU1069
 3413 0102 E36B     		ldr	r3, [r4, #60]
 3414 0104 1A68     		ldr	r2, [r3]
 3415 0106 1368     		ldr	r3, [r2]
 3416 0108 23F00103 		bic	r3, r3, #1
 3417 010c 1360     		str	r3, [r2]
 3418              	.L179:
 588:Drivers/STM32L4xx_HAL_Driver/Src/stm32l4xx_hal_qspi.c **** 
 3419              		.loc 1 588 7 view .LVU1070
 588:Drivers/STM32L4xx_HAL_Driver/Src/stm32l4xx_hal_qspi.c **** 
 3420              		.loc 1 588 20 is_stmt 0 view .LVU1071
 3421 010e 0123     		movs	r3, #1
 3422 0110 84F84130 		strb	r3, [r4, #65]
 594:Drivers/STM32L4xx_HAL_Driver/Src/stm32l4xx_hal_qspi.c **** #endif
 3423              		.loc 1 594 7 is_stmt 1 view .LVU1072
 3424 0114 2046     		mov	r0, r4
 3425              	.LVL232:
 594:Drivers/STM32L4xx_HAL_Driver/Src/stm32l4xx_hal_qspi.c **** #endif
 3426              		.loc 1 594 7 is_stmt 0 view .LVU1073
 3427 0116 FFF7FEFF 		bl	HAL_QSPI_TxCpltCallback
 3428              	.LVL233:
 594:Drivers/STM32L4xx_HAL_Driver/Src/stm32l4xx_hal_qspi.c **** #endif
 3429              		.loc 1 594 7 view .LVU1074
 3430 011a 89E7     		b	.L166
 3431              	.LVL234:
 3432              	.L194:
 599:Drivers/STM32L4xx_HAL_Driver/Src/stm32l4xx_hal_qspi.c ****       {
 3433              		.loc 1 599 7 is_stmt 1 view .LVU1075
 599:Drivers/STM32L4xx_HAL_Driver/Src/stm32l4xx_hal_qspi.c ****       {
 3434              		.loc 1 599 17 is_stmt 0 view .LVU1076
 3435 011c 2168     		ldr	r1, [r4]
 3436              	.LVL235:
 599:Drivers/STM32L4xx_HAL_Driver/Src/stm32l4xx_hal_qspi.c ****       {
 3437              		.loc 1 599 27 view .LVU1077
 3438 011e 0B68     		ldr	r3, [r1]
 599:Drivers/STM32L4xx_HAL_Driver/Src/stm32l4xx_hal_qspi.c ****       {
 3439              		.loc 1 599 10 view .LVU1078
 3440 0120 13F0040F 		tst	r3, #4
 3441 0124 10D0     		beq	.L181
 602:Drivers/STM32L4xx_HAL_Driver/Src/stm32l4xx_hal_qspi.c **** 
 3442              		.loc 1 602 9 is_stmt 1 view .LVU1079
 3443 0126 0B68     		ldr	r3, [r1]
 3444 0128 23F00403 		bic	r3, r3, #4
 3445 012c 0B60     		str	r3, [r1]
ARM GAS  /tmp/ccLGcT9r.s 			page 128


 605:Drivers/STM32L4xx_HAL_Driver/Src/stm32l4xx_hal_qspi.c ****       }
 3446              		.loc 1 605 9 view .LVU1080
 3447 012e E36B     		ldr	r3, [r4, #60]
 3448 0130 1A68     		ldr	r2, [r3]
 3449 0132 1368     		ldr	r3, [r2]
 3450 0134 23F00103 		bic	r3, r3, #1
 3451 0138 1360     		str	r3, [r2]
 3452              	.L182:
 633:Drivers/STM32L4xx_HAL_Driver/Src/stm32l4xx_hal_qspi.c **** 
 3453              		.loc 1 633 7 view .LVU1081
 633:Drivers/STM32L4xx_HAL_Driver/Src/stm32l4xx_hal_qspi.c **** 
 3454              		.loc 1 633 20 is_stmt 0 view .LVU1082
 3455 013a 0123     		movs	r3, #1
 3456 013c 84F84130 		strb	r3, [r4, #65]
 639:Drivers/STM32L4xx_HAL_Driver/Src/stm32l4xx_hal_qspi.c **** #endif
 3457              		.loc 1 639 7 is_stmt 1 view .LVU1083
 3458 0140 2046     		mov	r0, r4
 3459              	.LVL236:
 639:Drivers/STM32L4xx_HAL_Driver/Src/stm32l4xx_hal_qspi.c **** #endif
 3460              		.loc 1 639 7 is_stmt 0 view .LVU1084
 3461 0142 FFF7FEFF 		bl	HAL_QSPI_RxCpltCallback
 3462              	.LVL237:
 3463 0146 73E7     		b	.L166
 3464              	.LVL238:
 3465              	.L181:
 610:Drivers/STM32L4xx_HAL_Driver/Src/stm32l4xx_hal_qspi.c ****         {
 3466              		.loc 1 610 64 is_stmt 1 view .LVU1085
 610:Drivers/STM32L4xx_HAL_Driver/Src/stm32l4xx_hal_qspi.c ****         {
 3467              		.loc 1 610 15 is_stmt 0 view .LVU1086
 3468 0148 2368     		ldr	r3, [r4]
 3469 014a 9B68     		ldr	r3, [r3, #8]
 610:Drivers/STM32L4xx_HAL_Driver/Src/stm32l4xx_hal_qspi.c ****         {
 3470              		.loc 1 610 64 view .LVU1087
 3471 014c 13F4F85F 		tst	r3, #7936
 3472 0150 F3D0     		beq	.L182
 612:Drivers/STM32L4xx_HAL_Driver/Src/stm32l4xx_hal_qspi.c ****           {
 3473              		.loc 1 612 11 is_stmt 1 view .LVU1088
 612:Drivers/STM32L4xx_HAL_Driver/Src/stm32l4xx_hal_qspi.c ****           {
 3474              		.loc 1 612 20 is_stmt 0 view .LVU1089
 3475 0152 A36B     		ldr	r3, [r4, #56]
 612:Drivers/STM32L4xx_HAL_Driver/Src/stm32l4xx_hal_qspi.c ****           {
 3476              		.loc 1 612 14 view .LVU1090
 3477 0154 002B     		cmp	r3, #0
 3478 0156 F0D0     		beq	.L182
 615:Drivers/STM32L4xx_HAL_Driver/Src/stm32l4xx_hal_qspi.c ****             hqspi->pRxBuffPtr++;
 3479              		.loc 1 615 13 is_stmt 1 view .LVU1091
 615:Drivers/STM32L4xx_HAL_Driver/Src/stm32l4xx_hal_qspi.c ****             hqspi->pRxBuffPtr++;
 3480              		.loc 1 615 19 is_stmt 0 view .LVU1092
 3481 0158 236B     		ldr	r3, [r4, #48]
 615:Drivers/STM32L4xx_HAL_Driver/Src/stm32l4xx_hal_qspi.c ****             hqspi->pRxBuffPtr++;
 3482              		.loc 1 615 34 view .LVU1093
 3483 015a 91F82020 		ldrb	r2, [r1, #32]	@ zero_extendqisi2
 615:Drivers/STM32L4xx_HAL_Driver/Src/stm32l4xx_hal_qspi.c ****             hqspi->pRxBuffPtr++;
 3484              		.loc 1 615 32 view .LVU1094
 3485 015e 1A70     		strb	r2, [r3]
 616:Drivers/STM32L4xx_HAL_Driver/Src/stm32l4xx_hal_qspi.c ****             hqspi->RxXferCount--;
 3486              		.loc 1 616 13 is_stmt 1 view .LVU1095
ARM GAS  /tmp/ccLGcT9r.s 			page 129


 616:Drivers/STM32L4xx_HAL_Driver/Src/stm32l4xx_hal_qspi.c ****             hqspi->RxXferCount--;
 3487              		.loc 1 616 18 is_stmt 0 view .LVU1096
 3488 0160 236B     		ldr	r3, [r4, #48]
 616:Drivers/STM32L4xx_HAL_Driver/Src/stm32l4xx_hal_qspi.c ****             hqspi->RxXferCount--;
 3489              		.loc 1 616 30 view .LVU1097
 3490 0162 0133     		adds	r3, r3, #1
 3491 0164 2363     		str	r3, [r4, #48]
 617:Drivers/STM32L4xx_HAL_Driver/Src/stm32l4xx_hal_qspi.c ****           }
 3492              		.loc 1 617 13 is_stmt 1 view .LVU1098
 617:Drivers/STM32L4xx_HAL_Driver/Src/stm32l4xx_hal_qspi.c ****           }
 3493              		.loc 1 617 18 is_stmt 0 view .LVU1099
 3494 0166 A36B     		ldr	r3, [r4, #56]
 617:Drivers/STM32L4xx_HAL_Driver/Src/stm32l4xx_hal_qspi.c ****           }
 3495              		.loc 1 617 31 view .LVU1100
 3496 0168 013B     		subs	r3, r3, #1
 3497 016a A363     		str	r3, [r4, #56]
 3498 016c ECE7     		b	.L181
 3499              	.LVL239:
 3500              	.L195:
 645:Drivers/STM32L4xx_HAL_Driver/Src/stm32l4xx_hal_qspi.c **** 
 3501              		.loc 1 645 7 is_stmt 1 view .LVU1101
 645:Drivers/STM32L4xx_HAL_Driver/Src/stm32l4xx_hal_qspi.c **** 
 3502              		.loc 1 645 20 is_stmt 0 view .LVU1102
 3503 016e 0123     		movs	r3, #1
 3504 0170 84F84130 		strb	r3, [r4, #65]
 651:Drivers/STM32L4xx_HAL_Driver/Src/stm32l4xx_hal_qspi.c **** #endif
 3505              		.loc 1 651 7 is_stmt 1 view .LVU1103
 3506 0174 2046     		mov	r0, r4
 3507              	.LVL240:
 651:Drivers/STM32L4xx_HAL_Driver/Src/stm32l4xx_hal_qspi.c **** #endif
 3508              		.loc 1 651 7 is_stmt 0 view .LVU1104
 3509 0176 FFF7FEFF 		bl	HAL_QSPI_CmdCpltCallback
 3510              	.LVL241:
 651:Drivers/STM32L4xx_HAL_Driver/Src/stm32l4xx_hal_qspi.c **** #endif
 3511              		.loc 1 651 7 view .LVU1105
 3512 017a 59E7     		b	.L166
 3513              	.LVL242:
 3514              	.L185:
 681:Drivers/STM32L4xx_HAL_Driver/Src/stm32l4xx_hal_qspi.c **** #endif
 3515              		.loc 1 681 9 is_stmt 1 view .LVU1106
 3516 017c 2046     		mov	r0, r4
 3517              	.LVL243:
 681:Drivers/STM32L4xx_HAL_Driver/Src/stm32l4xx_hal_qspi.c **** #endif
 3518              		.loc 1 681 9 is_stmt 0 view .LVU1107
 3519 017e FFF7FEFF 		bl	HAL_QSPI_ErrorCallback
 3520              	.LVL244:
 681:Drivers/STM32L4xx_HAL_Driver/Src/stm32l4xx_hal_qspi.c **** #endif
 3521              		.loc 1 681 9 view .LVU1108
 3522 0182 55E7     		b	.L166
 3523              	.LVL245:
 3524              	.L177:
 692:Drivers/STM32L4xx_HAL_Driver/Src/stm32l4xx_hal_qspi.c ****   {
 3525              		.loc 1 692 8 is_stmt 1 view .LVU1109
 692:Drivers/STM32L4xx_HAL_Driver/Src/stm32l4xx_hal_qspi.c ****   {
 3526              		.loc 1 692 10 is_stmt 0 view .LVU1110
 3527 0184 12F0080F 		tst	r2, #8
 3528 0188 14D0     		beq	.L186
ARM GAS  /tmp/ccLGcT9r.s 			page 130


 692:Drivers/STM32L4xx_HAL_Driver/Src/stm32l4xx_hal_qspi.c ****   {
 3529              		.loc 1 692 41 discriminator 1 view .LVU1111
 3530 018a 11F4002F 		tst	r1, #524288
 3531 018e 11D0     		beq	.L186
 695:Drivers/STM32L4xx_HAL_Driver/Src/stm32l4xx_hal_qspi.c **** 
 3532              		.loc 1 695 5 is_stmt 1 view .LVU1112
 3533 0190 0822     		movs	r2, #8
 3534              	.LVL246:
 695:Drivers/STM32L4xx_HAL_Driver/Src/stm32l4xx_hal_qspi.c **** 
 3535              		.loc 1 695 5 is_stmt 0 view .LVU1113
 3536 0192 DA60     		str	r2, [r3, #12]
 698:Drivers/STM32L4xx_HAL_Driver/Src/stm32l4xx_hal_qspi.c ****     {
 3537              		.loc 1 698 5 is_stmt 1 view .LVU1114
 698:Drivers/STM32L4xx_HAL_Driver/Src/stm32l4xx_hal_qspi.c ****     {
 3538              		.loc 1 698 8 is_stmt 0 view .LVU1115
 3539 0194 2368     		ldr	r3, [r4]
 3540 0196 1A68     		ldr	r2, [r3]
 698:Drivers/STM32L4xx_HAL_Driver/Src/stm32l4xx_hal_qspi.c ****     {
 3541              		.loc 1 698 7 view .LVU1116
 3542 0198 12F4800F 		tst	r2, #4194304
 3543 019c 06D0     		beq	.L187
 701:Drivers/STM32L4xx_HAL_Driver/Src/stm32l4xx_hal_qspi.c **** 
 3544              		.loc 1 701 7 is_stmt 1 view .LVU1117
 3545 019e 1A68     		ldr	r2, [r3]
 3546 01a0 22F41022 		bic	r2, r2, #589824
 3547 01a4 1A60     		str	r2, [r3]
 704:Drivers/STM32L4xx_HAL_Driver/Src/stm32l4xx_hal_qspi.c ****     }
 3548              		.loc 1 704 7 view .LVU1118
 704:Drivers/STM32L4xx_HAL_Driver/Src/stm32l4xx_hal_qspi.c ****     }
 3549              		.loc 1 704 20 is_stmt 0 view .LVU1119
 3550 01a6 0123     		movs	r3, #1
 3551 01a8 84F84130 		strb	r3, [r4, #65]
 3552              	.L187:
 711:Drivers/STM32L4xx_HAL_Driver/Src/stm32l4xx_hal_qspi.c **** #endif
 3553              		.loc 1 711 5 is_stmt 1 view .LVU1120
 3554 01ac 2046     		mov	r0, r4
 3555              	.LVL247:
 711:Drivers/STM32L4xx_HAL_Driver/Src/stm32l4xx_hal_qspi.c **** #endif
 3556              		.loc 1 711 5 is_stmt 0 view .LVU1121
 3557 01ae FFF7FEFF 		bl	HAL_QSPI_StatusMatchCallback
 3558              	.LVL248:
 711:Drivers/STM32L4xx_HAL_Driver/Src/stm32l4xx_hal_qspi.c **** #endif
 3559              		.loc 1 711 5 view .LVU1122
 3560 01b2 3DE7     		b	.L166
 3561              	.LVL249:
 3562              	.L186:
 716:Drivers/STM32L4xx_HAL_Driver/Src/stm32l4xx_hal_qspi.c ****   {
 3563              		.loc 1 716 8 is_stmt 1 view .LVU1123
 716:Drivers/STM32L4xx_HAL_Driver/Src/stm32l4xx_hal_qspi.c ****   {
 3564              		.loc 1 716 10 is_stmt 0 view .LVU1124
 3565 01b4 12F0010F 		tst	r2, #1
 3566 01b8 31D0     		beq	.L188
 716:Drivers/STM32L4xx_HAL_Driver/Src/stm32l4xx_hal_qspi.c ****   {
 3567              		.loc 1 716 41 discriminator 1 view .LVU1125
 3568 01ba 11F4803F 		tst	r1, #65536
 3569 01be 2ED0     		beq	.L188
 719:Drivers/STM32L4xx_HAL_Driver/Src/stm32l4xx_hal_qspi.c **** 
ARM GAS  /tmp/ccLGcT9r.s 			page 131


 3570              		.loc 1 719 5 is_stmt 1 view .LVU1126
 3571 01c0 0122     		movs	r2, #1
 3572              	.LVL250:
 719:Drivers/STM32L4xx_HAL_Driver/Src/stm32l4xx_hal_qspi.c **** 
 3573              		.loc 1 719 5 is_stmt 0 view .LVU1127
 3574 01c2 DA60     		str	r2, [r3, #12]
 722:Drivers/STM32L4xx_HAL_Driver/Src/stm32l4xx_hal_qspi.c **** 
 3575              		.loc 1 722 5 is_stmt 1 view .LVU1128
 3576 01c4 2268     		ldr	r2, [r4]
 3577 01c6 1368     		ldr	r3, [r2]
 3578 01c8 23F47023 		bic	r3, r3, #983040
 3579 01cc 1360     		str	r3, [r2]
 725:Drivers/STM32L4xx_HAL_Driver/Src/stm32l4xx_hal_qspi.c **** 
 3580              		.loc 1 725 5 view .LVU1129
 725:Drivers/STM32L4xx_HAL_Driver/Src/stm32l4xx_hal_qspi.c **** 
 3581              		.loc 1 725 10 is_stmt 0 view .LVU1130
 3582 01ce 636C     		ldr	r3, [r4, #68]
 725:Drivers/STM32L4xx_HAL_Driver/Src/stm32l4xx_hal_qspi.c **** 
 3583              		.loc 1 725 22 view .LVU1131
 3584 01d0 43F00203 		orr	r3, r3, #2
 3585 01d4 6364     		str	r3, [r4, #68]
 727:Drivers/STM32L4xx_HAL_Driver/Src/stm32l4xx_hal_qspi.c ****     {
 3586              		.loc 1 727 5 is_stmt 1 view .LVU1132
 727:Drivers/STM32L4xx_HAL_Driver/Src/stm32l4xx_hal_qspi.c ****     {
 3587              		.loc 1 727 15 is_stmt 0 view .LVU1133
 3588 01d6 2368     		ldr	r3, [r4]
 727:Drivers/STM32L4xx_HAL_Driver/Src/stm32l4xx_hal_qspi.c ****     {
 3589              		.loc 1 727 25 view .LVU1134
 3590 01d8 1A68     		ldr	r2, [r3]
 727:Drivers/STM32L4xx_HAL_Driver/Src/stm32l4xx_hal_qspi.c ****     {
 3591              		.loc 1 727 8 view .LVU1135
 3592 01da 12F0040F 		tst	r2, #4
 3593 01de 17D0     		beq	.L189
 730:Drivers/STM32L4xx_HAL_Driver/Src/stm32l4xx_hal_qspi.c **** 
 3594              		.loc 1 730 7 is_stmt 1 view .LVU1136
 3595 01e0 1A68     		ldr	r2, [r3]
 3596 01e2 22F00402 		bic	r2, r2, #4
 3597 01e6 1A60     		str	r2, [r3]
 733:Drivers/STM32L4xx_HAL_Driver/Src/stm32l4xx_hal_qspi.c ****       if (HAL_DMA_Abort_IT(hqspi->hdma) != HAL_OK)
 3598              		.loc 1 733 7 view .LVU1137
 733:Drivers/STM32L4xx_HAL_Driver/Src/stm32l4xx_hal_qspi.c ****       if (HAL_DMA_Abort_IT(hqspi->hdma) != HAL_OK)
 3599              		.loc 1 733 12 is_stmt 0 view .LVU1138
 3600 01e8 E36B     		ldr	r3, [r4, #60]
 733:Drivers/STM32L4xx_HAL_Driver/Src/stm32l4xx_hal_qspi.c ****       if (HAL_DMA_Abort_IT(hqspi->hdma) != HAL_OK)
 3601              		.loc 1 733 38 view .LVU1139
 3602 01ea 144A     		ldr	r2, .L196
 3603 01ec 9A63     		str	r2, [r3, #56]
 734:Drivers/STM32L4xx_HAL_Driver/Src/stm32l4xx_hal_qspi.c ****       {
 3604              		.loc 1 734 7 is_stmt 1 view .LVU1140
 734:Drivers/STM32L4xx_HAL_Driver/Src/stm32l4xx_hal_qspi.c ****       {
 3605              		.loc 1 734 11 is_stmt 0 view .LVU1141
 3606 01ee E06B     		ldr	r0, [r4, #60]
 3607              	.LVL251:
 734:Drivers/STM32L4xx_HAL_Driver/Src/stm32l4xx_hal_qspi.c ****       {
 3608              		.loc 1 734 11 view .LVU1142
 3609 01f0 FFF7FEFF 		bl	HAL_DMA_Abort_IT
 3610              	.LVL252:
ARM GAS  /tmp/ccLGcT9r.s 			page 132


 734:Drivers/STM32L4xx_HAL_Driver/Src/stm32l4xx_hal_qspi.c ****       {
 3611              		.loc 1 734 10 discriminator 1 view .LVU1143
 3612 01f4 0028     		cmp	r0, #0
 3613 01f6 3FF41BAF 		beq	.L166
 737:Drivers/STM32L4xx_HAL_Driver/Src/stm32l4xx_hal_qspi.c **** 
 3614              		.loc 1 737 9 is_stmt 1 view .LVU1144
 737:Drivers/STM32L4xx_HAL_Driver/Src/stm32l4xx_hal_qspi.c **** 
 3615              		.loc 1 737 14 is_stmt 0 view .LVU1145
 3616 01fa 636C     		ldr	r3, [r4, #68]
 737:Drivers/STM32L4xx_HAL_Driver/Src/stm32l4xx_hal_qspi.c **** 
 3617              		.loc 1 737 26 view .LVU1146
 3618 01fc 43F00403 		orr	r3, r3, #4
 3619 0200 6364     		str	r3, [r4, #68]
 740:Drivers/STM32L4xx_HAL_Driver/Src/stm32l4xx_hal_qspi.c **** 
 3620              		.loc 1 740 9 is_stmt 1 view .LVU1147
 740:Drivers/STM32L4xx_HAL_Driver/Src/stm32l4xx_hal_qspi.c **** 
 3621              		.loc 1 740 22 is_stmt 0 view .LVU1148
 3622 0202 0123     		movs	r3, #1
 3623 0204 84F84130 		strb	r3, [r4, #65]
 746:Drivers/STM32L4xx_HAL_Driver/Src/stm32l4xx_hal_qspi.c **** #endif
 3624              		.loc 1 746 9 is_stmt 1 view .LVU1149
 3625 0208 2046     		mov	r0, r4
 3626 020a FFF7FEFF 		bl	HAL_QSPI_ErrorCallback
 3627              	.LVL253:
 3628 020e 0FE7     		b	.L166
 3629              	.LVL254:
 3630              	.L189:
 753:Drivers/STM32L4xx_HAL_Driver/Src/stm32l4xx_hal_qspi.c **** 
 3631              		.loc 1 753 7 view .LVU1150
 753:Drivers/STM32L4xx_HAL_Driver/Src/stm32l4xx_hal_qspi.c **** 
 3632              		.loc 1 753 20 is_stmt 0 view .LVU1151
 3633 0210 0123     		movs	r3, #1
 3634 0212 84F84130 		strb	r3, [r4, #65]
 759:Drivers/STM32L4xx_HAL_Driver/Src/stm32l4xx_hal_qspi.c **** #endif
 3635              		.loc 1 759 7 is_stmt 1 view .LVU1152
 3636 0216 2046     		mov	r0, r4
 3637              	.LVL255:
 759:Drivers/STM32L4xx_HAL_Driver/Src/stm32l4xx_hal_qspi.c **** #endif
 3638              		.loc 1 759 7 is_stmt 0 view .LVU1153
 3639 0218 FFF7FEFF 		bl	HAL_QSPI_ErrorCallback
 3640              	.LVL256:
 759:Drivers/STM32L4xx_HAL_Driver/Src/stm32l4xx_hal_qspi.c **** #endif
 3641              		.loc 1 759 7 view .LVU1154
 3642 021c 08E7     		b	.L166
 3643              	.LVL257:
 3644              	.L188:
 765:Drivers/STM32L4xx_HAL_Driver/Src/stm32l4xx_hal_qspi.c ****   {
 3645              		.loc 1 765 8 is_stmt 1 view .LVU1155
 765:Drivers/STM32L4xx_HAL_Driver/Src/stm32l4xx_hal_qspi.c ****   {
 3646              		.loc 1 765 10 is_stmt 0 view .LVU1156
 3647 021e 12F0100F 		tst	r2, #16
 3648 0222 3FF405AF 		beq	.L166
 765:Drivers/STM32L4xx_HAL_Driver/Src/stm32l4xx_hal_qspi.c ****   {
 3649              		.loc 1 765 41 discriminator 1 view .LVU1157
 3650 0226 11F4801F 		tst	r1, #1048576
 3651 022a 3FF401AF 		beq	.L166
 768:Drivers/STM32L4xx_HAL_Driver/Src/stm32l4xx_hal_qspi.c **** 
ARM GAS  /tmp/ccLGcT9r.s 			page 133


 3652              		.loc 1 768 5 is_stmt 1 view .LVU1158
 3653 022e 1022     		movs	r2, #16
 3654              	.LVL258:
 768:Drivers/STM32L4xx_HAL_Driver/Src/stm32l4xx_hal_qspi.c **** 
 3655              		.loc 1 768 5 is_stmt 0 view .LVU1159
 3656 0230 DA60     		str	r2, [r3, #12]
 774:Drivers/STM32L4xx_HAL_Driver/Src/stm32l4xx_hal_qspi.c **** #endif
 3657              		.loc 1 774 5 is_stmt 1 view .LVU1160
 3658 0232 2046     		mov	r0, r4
 3659              	.LVL259:
 774:Drivers/STM32L4xx_HAL_Driver/Src/stm32l4xx_hal_qspi.c **** #endif
 3660              		.loc 1 774 5 is_stmt 0 view .LVU1161
 3661 0234 FFF7FEFF 		bl	HAL_QSPI_TimeOutCallback
 3662              	.LVL260:
 781:Drivers/STM32L4xx_HAL_Driver/Src/stm32l4xx_hal_qspi.c **** }
 3663              		.loc 1 781 3 is_stmt 1 view .LVU1162
 782:Drivers/STM32L4xx_HAL_Driver/Src/stm32l4xx_hal_qspi.c **** 
 3664              		.loc 1 782 1 is_stmt 0 view .LVU1163
 3665 0238 FAE6     		b	.L166
 3666              	.L197:
 3667 023a 00BF     		.align	2
 3668              	.L196:
 3669 023c 00000000 		.word	QSPI_DMAAbortCplt
 3670              		.cfi_endproc
 3671              	.LFE388:
 3673              		.section	.text.HAL_QSPI_GetState,"ax",%progbits
 3674              		.align	1
 3675              		.global	HAL_QSPI_GetState
 3676              		.syntax unified
 3677              		.thumb
 3678              		.thumb_func
 3680              	HAL_QSPI_GetState:
 3681              	.LVL261:
 3682              	.LFB410:
2266:Drivers/STM32L4xx_HAL_Driver/Src/stm32l4xx_hal_qspi.c ****   /* Return QSPI handle state */
 3683              		.loc 1 2266 1 is_stmt 1 view -0
 3684              		.cfi_startproc
 3685              		@ args = 0, pretend = 0, frame = 0
 3686              		@ frame_needed = 0, uses_anonymous_args = 0
 3687              		@ link register save eliminated.
2268:Drivers/STM32L4xx_HAL_Driver/Src/stm32l4xx_hal_qspi.c **** }
 3688              		.loc 1 2268 3 view .LVU1165
2268:Drivers/STM32L4xx_HAL_Driver/Src/stm32l4xx_hal_qspi.c **** }
 3689              		.loc 1 2268 15 is_stmt 0 view .LVU1166
 3690 0000 90F84100 		ldrb	r0, [r0, #65]	@ zero_extendqisi2
 3691              	.LVL262:
2269:Drivers/STM32L4xx_HAL_Driver/Src/stm32l4xx_hal_qspi.c **** 
 3692              		.loc 1 2269 1 view .LVU1167
 3693 0004 7047     		bx	lr
 3694              		.cfi_endproc
 3695              	.LFE410:
 3697              		.section	.text.HAL_QSPI_GetError,"ax",%progbits
 3698              		.align	1
 3699              		.global	HAL_QSPI_GetError
 3700              		.syntax unified
 3701              		.thumb
 3702              		.thumb_func
ARM GAS  /tmp/ccLGcT9r.s 			page 134


 3704              	HAL_QSPI_GetError:
 3705              	.LVL263:
 3706              	.LFB411:
2277:Drivers/STM32L4xx_HAL_Driver/Src/stm32l4xx_hal_qspi.c ****   return hqspi->ErrorCode;
 3707              		.loc 1 2277 1 is_stmt 1 view -0
 3708              		.cfi_startproc
 3709              		@ args = 0, pretend = 0, frame = 0
 3710              		@ frame_needed = 0, uses_anonymous_args = 0
 3711              		@ link register save eliminated.
2278:Drivers/STM32L4xx_HAL_Driver/Src/stm32l4xx_hal_qspi.c **** }
 3712              		.loc 1 2278 3 view .LVU1169
2278:Drivers/STM32L4xx_HAL_Driver/Src/stm32l4xx_hal_qspi.c **** }
 3713              		.loc 1 2278 15 is_stmt 0 view .LVU1170
 3714 0000 406C     		ldr	r0, [r0, #68]
 3715              	.LVL264:
2279:Drivers/STM32L4xx_HAL_Driver/Src/stm32l4xx_hal_qspi.c **** 
 3716              		.loc 1 2279 1 view .LVU1171
 3717 0002 7047     		bx	lr
 3718              		.cfi_endproc
 3719              	.LFE411:
 3721              		.section	.text.HAL_QSPI_Abort,"ax",%progbits
 3722              		.align	1
 3723              		.global	HAL_QSPI_Abort
 3724              		.syntax unified
 3725              		.thumb
 3726              		.thumb_func
 3728              	HAL_QSPI_Abort:
 3729              	.LVL265:
 3730              	.LFB412:
2287:Drivers/STM32L4xx_HAL_Driver/Src/stm32l4xx_hal_qspi.c ****   HAL_StatusTypeDef status = HAL_OK;
 3731              		.loc 1 2287 1 is_stmt 1 view -0
 3732              		.cfi_startproc
 3733              		@ args = 0, pretend = 0, frame = 0
 3734              		@ frame_needed = 0, uses_anonymous_args = 0
2287:Drivers/STM32L4xx_HAL_Driver/Src/stm32l4xx_hal_qspi.c ****   HAL_StatusTypeDef status = HAL_OK;
 3735              		.loc 1 2287 1 is_stmt 0 view .LVU1173
 3736 0000 30B5     		push	{r4, r5, lr}
 3737              	.LCFI43:
 3738              		.cfi_def_cfa_offset 12
 3739              		.cfi_offset 4, -12
 3740              		.cfi_offset 5, -8
 3741              		.cfi_offset 14, -4
 3742 0002 83B0     		sub	sp, sp, #12
 3743              	.LCFI44:
 3744              		.cfi_def_cfa_offset 24
 3745 0004 0446     		mov	r4, r0
2288:Drivers/STM32L4xx_HAL_Driver/Src/stm32l4xx_hal_qspi.c ****   uint32_t tickstart = HAL_GetTick();
 3746              		.loc 1 2288 3 is_stmt 1 view .LVU1174
 3747              	.LVL266:
2289:Drivers/STM32L4xx_HAL_Driver/Src/stm32l4xx_hal_qspi.c **** 
 3748              		.loc 1 2289 3 view .LVU1175
2289:Drivers/STM32L4xx_HAL_Driver/Src/stm32l4xx_hal_qspi.c **** 
 3749              		.loc 1 2289 24 is_stmt 0 view .LVU1176
 3750 0006 FFF7FEFF 		bl	HAL_GetTick
 3751              	.LVL267:
2289:Drivers/STM32L4xx_HAL_Driver/Src/stm32l4xx_hal_qspi.c **** 
 3752              		.loc 1 2289 24 view .LVU1177
ARM GAS  /tmp/ccLGcT9r.s 			page 135


 3753 000a 0546     		mov	r5, r0
 3754              	.LVL268:
2292:Drivers/STM32L4xx_HAL_Driver/Src/stm32l4xx_hal_qspi.c ****   {
 3755              		.loc 1 2292 3 is_stmt 1 view .LVU1178
2292:Drivers/STM32L4xx_HAL_Driver/Src/stm32l4xx_hal_qspi.c ****   {
 3756              		.loc 1 2292 23 is_stmt 0 view .LVU1179
 3757 000c 94F84120 		ldrb	r2, [r4, #65]	@ zero_extendqisi2
2292:Drivers/STM32L4xx_HAL_Driver/Src/stm32l4xx_hal_qspi.c ****   {
 3758              		.loc 1 2292 6 view .LVU1180
 3759 0010 12F00200 		ands	r0, r2, #2
 3760              	.LVL269:
2292:Drivers/STM32L4xx_HAL_Driver/Src/stm32l4xx_hal_qspi.c ****   {
 3761              		.loc 1 2292 6 view .LVU1181
 3762 0014 10D0     		beq	.L201
2295:Drivers/STM32L4xx_HAL_Driver/Src/stm32l4xx_hal_qspi.c **** 
 3763              		.loc 1 2295 5 is_stmt 1 view .LVU1182
2295:Drivers/STM32L4xx_HAL_Driver/Src/stm32l4xx_hal_qspi.c **** 
 3764              		.loc 1 2295 5 view .LVU1183
 3765 0016 0023     		movs	r3, #0
 3766 0018 84F84030 		strb	r3, [r4, #64]
2295:Drivers/STM32L4xx_HAL_Driver/Src/stm32l4xx_hal_qspi.c **** 
 3767              		.loc 1 2295 5 view .LVU1184
2297:Drivers/STM32L4xx_HAL_Driver/Src/stm32l4xx_hal_qspi.c ****     {
 3768              		.loc 1 2297 5 view .LVU1185
2297:Drivers/STM32L4xx_HAL_Driver/Src/stm32l4xx_hal_qspi.c ****     {
 3769              		.loc 1 2297 15 is_stmt 0 view .LVU1186
 3770 001c 2368     		ldr	r3, [r4]
2297:Drivers/STM32L4xx_HAL_Driver/Src/stm32l4xx_hal_qspi.c ****     {
 3771              		.loc 1 2297 25 view .LVU1187
 3772 001e 1A68     		ldr	r2, [r3]
2297:Drivers/STM32L4xx_HAL_Driver/Src/stm32l4xx_hal_qspi.c ****     {
 3773              		.loc 1 2297 8 view .LVU1188
 3774 0020 12F0040F 		tst	r2, #4
 3775 0024 0AD1     		bne	.L206
2288:Drivers/STM32L4xx_HAL_Driver/Src/stm32l4xx_hal_qspi.c ****   uint32_t tickstart = HAL_GetTick();
 3776              		.loc 1 2288 21 view .LVU1189
 3777 0026 0020     		movs	r0, #0
 3778              	.LVL270:
 3779              	.L202:
2310:Drivers/STM32L4xx_HAL_Driver/Src/stm32l4xx_hal_qspi.c ****     {
 3780              		.loc 1 2310 5 is_stmt 1 view .LVU1190
2310:Drivers/STM32L4xx_HAL_Driver/Src/stm32l4xx_hal_qspi.c ****     {
 3781              		.loc 1 2310 9 is_stmt 0 view .LVU1191
 3782 0028 2368     		ldr	r3, [r4]
 3783 002a 9A68     		ldr	r2, [r3, #8]
2310:Drivers/STM32L4xx_HAL_Driver/Src/stm32l4xx_hal_qspi.c ****     {
 3784              		.loc 1 2310 8 view .LVU1192
 3785 002c 12F0200F 		tst	r2, #32
 3786 0030 12D1     		bne	.L207
2338:Drivers/STM32L4xx_HAL_Driver/Src/stm32l4xx_hal_qspi.c ****     }
 3787              		.loc 1 2338 7 is_stmt 1 view .LVU1193
2338:Drivers/STM32L4xx_HAL_Driver/Src/stm32l4xx_hal_qspi.c ****     }
 3788              		.loc 1 2338 20 is_stmt 0 view .LVU1194
 3789 0032 0123     		movs	r3, #1
 3790 0034 84F84130 		strb	r3, [r4, #65]
 3791              	.LVL271:
 3792              	.L201:
ARM GAS  /tmp/ccLGcT9r.s 			page 136


2342:Drivers/STM32L4xx_HAL_Driver/Src/stm32l4xx_hal_qspi.c **** }
 3793              		.loc 1 2342 3 is_stmt 1 view .LVU1195
2343:Drivers/STM32L4xx_HAL_Driver/Src/stm32l4xx_hal_qspi.c **** 
 3794              		.loc 1 2343 1 is_stmt 0 view .LVU1196
 3795 0038 03B0     		add	sp, sp, #12
 3796              	.LCFI45:
 3797              		.cfi_remember_state
 3798              		.cfi_def_cfa_offset 12
 3799              		@ sp needed
 3800 003a 30BD     		pop	{r4, r5, pc}
 3801              	.LVL272:
 3802              	.L206:
 3803              	.LCFI46:
 3804              		.cfi_restore_state
2300:Drivers/STM32L4xx_HAL_Driver/Src/stm32l4xx_hal_qspi.c **** 
 3805              		.loc 1 2300 7 is_stmt 1 view .LVU1197
 3806 003c 1A68     		ldr	r2, [r3]
 3807 003e 22F00402 		bic	r2, r2, #4
 3808 0042 1A60     		str	r2, [r3]
2303:Drivers/STM32L4xx_HAL_Driver/Src/stm32l4xx_hal_qspi.c ****       if(status != HAL_OK)
 3809              		.loc 1 2303 7 view .LVU1198
2303:Drivers/STM32L4xx_HAL_Driver/Src/stm32l4xx_hal_qspi.c ****       if(status != HAL_OK)
 3810              		.loc 1 2303 16 is_stmt 0 view .LVU1199
 3811 0044 E06B     		ldr	r0, [r4, #60]
 3812 0046 FFF7FEFF 		bl	HAL_DMA_Abort
 3813              	.LVL273:
2304:Drivers/STM32L4xx_HAL_Driver/Src/stm32l4xx_hal_qspi.c ****       {
 3814              		.loc 1 2304 7 is_stmt 1 view .LVU1200
2304:Drivers/STM32L4xx_HAL_Driver/Src/stm32l4xx_hal_qspi.c ****       {
 3815              		.loc 1 2304 9 is_stmt 0 view .LVU1201
 3816 004a 0028     		cmp	r0, #0
 3817 004c ECD0     		beq	.L202
2306:Drivers/STM32L4xx_HAL_Driver/Src/stm32l4xx_hal_qspi.c ****       }
 3818              		.loc 1 2306 9 is_stmt 1 view .LVU1202
2306:Drivers/STM32L4xx_HAL_Driver/Src/stm32l4xx_hal_qspi.c ****       }
 3819              		.loc 1 2306 14 is_stmt 0 view .LVU1203
 3820 004e 636C     		ldr	r3, [r4, #68]
2306:Drivers/STM32L4xx_HAL_Driver/Src/stm32l4xx_hal_qspi.c ****       }
 3821              		.loc 1 2306 26 view .LVU1204
 3822 0050 43F00403 		orr	r3, r3, #4
 3823 0054 6364     		str	r3, [r4, #68]
 3824 0056 E7E7     		b	.L202
 3825              	.L207:
2313:Drivers/STM32L4xx_HAL_Driver/Src/stm32l4xx_hal_qspi.c ****       
 3826              		.loc 1 2313 7 is_stmt 1 view .LVU1205
 3827 0058 1A68     		ldr	r2, [r3]
 3828 005a 42F00202 		orr	r2, r2, #2
 3829 005e 1A60     		str	r2, [r3]
2316:Drivers/STM32L4xx_HAL_Driver/Src/stm32l4xx_hal_qspi.c ****       
 3830              		.loc 1 2316 7 view .LVU1206
2316:Drivers/STM32L4xx_HAL_Driver/Src/stm32l4xx_hal_qspi.c ****       
 3831              		.loc 1 2316 16 is_stmt 0 view .LVU1207
 3832 0060 A36C     		ldr	r3, [r4, #72]
 3833 0062 0093     		str	r3, [sp]
 3834 0064 2B46     		mov	r3, r5
 3835 0066 0122     		movs	r2, #1
 3836 0068 0221     		movs	r1, #2
ARM GAS  /tmp/ccLGcT9r.s 			page 137


 3837 006a 2046     		mov	r0, r4
 3838              	.LVL274:
2316:Drivers/STM32L4xx_HAL_Driver/Src/stm32l4xx_hal_qspi.c ****       
 3839              		.loc 1 2316 16 view .LVU1208
 3840 006c FFF7FEFF 		bl	QSPI_WaitFlagStateUntilTimeout
 3841              	.LVL275:
2318:Drivers/STM32L4xx_HAL_Driver/Src/stm32l4xx_hal_qspi.c ****       {
 3842              		.loc 1 2318 7 is_stmt 1 view .LVU1209
2318:Drivers/STM32L4xx_HAL_Driver/Src/stm32l4xx_hal_qspi.c ****       {
 3843              		.loc 1 2318 10 is_stmt 0 view .LVU1210
 3844 0070 0028     		cmp	r0, #0
 3845 0072 E1D1     		bne	.L201
2320:Drivers/STM32L4xx_HAL_Driver/Src/stm32l4xx_hal_qspi.c ****         
 3846              		.loc 1 2320 9 is_stmt 1 view .LVU1211
 3847 0074 2368     		ldr	r3, [r4]
 3848 0076 0222     		movs	r2, #2
 3849 0078 DA60     		str	r2, [r3, #12]
2323:Drivers/STM32L4xx_HAL_Driver/Src/stm32l4xx_hal_qspi.c ****       }
 3850              		.loc 1 2323 9 view .LVU1212
2323:Drivers/STM32L4xx_HAL_Driver/Src/stm32l4xx_hal_qspi.c ****       }
 3851              		.loc 1 2323 18 is_stmt 0 view .LVU1213
 3852 007a A36C     		ldr	r3, [r4, #72]
 3853 007c 0093     		str	r3, [sp]
 3854 007e 2B46     		mov	r3, r5
 3855 0080 0022     		movs	r2, #0
 3856 0082 2021     		movs	r1, #32
 3857 0084 2046     		mov	r0, r4
 3858              	.LVL276:
2323:Drivers/STM32L4xx_HAL_Driver/Src/stm32l4xx_hal_qspi.c ****       }
 3859              		.loc 1 2323 18 view .LVU1214
 3860 0086 FFF7FEFF 		bl	QSPI_WaitFlagStateUntilTimeout
 3861              	.LVL277:
2326:Drivers/STM32L4xx_HAL_Driver/Src/stm32l4xx_hal_qspi.c ****       {
 3862              		.loc 1 2326 7 is_stmt 1 view .LVU1215
2326:Drivers/STM32L4xx_HAL_Driver/Src/stm32l4xx_hal_qspi.c ****       {
 3863              		.loc 1 2326 10 is_stmt 0 view .LVU1216
 3864 008a 0028     		cmp	r0, #0
 3865 008c D4D1     		bne	.L201
2329:Drivers/STM32L4xx_HAL_Driver/Src/stm32l4xx_hal_qspi.c ****         
 3866              		.loc 1 2329 9 is_stmt 1 view .LVU1217
 3867 008e 2268     		ldr	r2, [r4]
 3868 0090 5369     		ldr	r3, [r2, #20]
 3869 0092 23F04063 		bic	r3, r3, #201326592
 3870 0096 5361     		str	r3, [r2, #20]
2332:Drivers/STM32L4xx_HAL_Driver/Src/stm32l4xx_hal_qspi.c ****       }
 3871              		.loc 1 2332 9 view .LVU1218
2332:Drivers/STM32L4xx_HAL_Driver/Src/stm32l4xx_hal_qspi.c ****       }
 3872              		.loc 1 2332 22 is_stmt 0 view .LVU1219
 3873 0098 0123     		movs	r3, #1
 3874 009a 84F84130 		strb	r3, [r4, #65]
 3875 009e CBE7     		b	.L201
 3876              		.cfi_endproc
 3877              	.LFE412:
 3879              		.section	.text.HAL_QSPI_Abort_IT,"ax",%progbits
 3880              		.align	1
 3881              		.global	HAL_QSPI_Abort_IT
 3882              		.syntax unified
ARM GAS  /tmp/ccLGcT9r.s 			page 138


 3883              		.thumb
 3884              		.thumb_func
 3886              	HAL_QSPI_Abort_IT:
 3887              	.LVL278:
 3888              	.LFB413:
2351:Drivers/STM32L4xx_HAL_Driver/Src/stm32l4xx_hal_qspi.c ****   HAL_StatusTypeDef status = HAL_OK;
 3889              		.loc 1 2351 1 is_stmt 1 view -0
 3890              		.cfi_startproc
 3891              		@ args = 0, pretend = 0, frame = 0
 3892              		@ frame_needed = 0, uses_anonymous_args = 0
2352:Drivers/STM32L4xx_HAL_Driver/Src/stm32l4xx_hal_qspi.c **** 
 3893              		.loc 1 2352 3 view .LVU1221
2355:Drivers/STM32L4xx_HAL_Driver/Src/stm32l4xx_hal_qspi.c ****   {
 3894              		.loc 1 2355 3 view .LVU1222
2355:Drivers/STM32L4xx_HAL_Driver/Src/stm32l4xx_hal_qspi.c ****   {
 3895              		.loc 1 2355 23 is_stmt 0 view .LVU1223
 3896 0000 90F84130 		ldrb	r3, [r0, #65]	@ zero_extendqisi2
2355:Drivers/STM32L4xx_HAL_Driver/Src/stm32l4xx_hal_qspi.c ****   {
 3897              		.loc 1 2355 6 view .LVU1224
 3898 0004 13F0020F 		tst	r3, #2
 3899 0008 3AD0     		beq	.L213
2351:Drivers/STM32L4xx_HAL_Driver/Src/stm32l4xx_hal_qspi.c ****   HAL_StatusTypeDef status = HAL_OK;
 3900              		.loc 1 2351 1 view .LVU1225
 3901 000a 10B5     		push	{r4, lr}
 3902              	.LCFI47:
 3903              		.cfi_def_cfa_offset 8
 3904              		.cfi_offset 4, -8
 3905              		.cfi_offset 14, -4
 3906 000c 0446     		mov	r4, r0
2358:Drivers/STM32L4xx_HAL_Driver/Src/stm32l4xx_hal_qspi.c **** 
 3907              		.loc 1 2358 5 is_stmt 1 view .LVU1226
2358:Drivers/STM32L4xx_HAL_Driver/Src/stm32l4xx_hal_qspi.c **** 
 3908              		.loc 1 2358 5 view .LVU1227
 3909 000e 0023     		movs	r3, #0
 3910 0010 80F84030 		strb	r3, [r0, #64]
2358:Drivers/STM32L4xx_HAL_Driver/Src/stm32l4xx_hal_qspi.c **** 
 3911              		.loc 1 2358 5 view .LVU1228
2361:Drivers/STM32L4xx_HAL_Driver/Src/stm32l4xx_hal_qspi.c **** 
 3912              		.loc 1 2361 5 view .LVU1229
2361:Drivers/STM32L4xx_HAL_Driver/Src/stm32l4xx_hal_qspi.c **** 
 3913              		.loc 1 2361 18 is_stmt 0 view .LVU1230
 3914 0014 0823     		movs	r3, #8
 3915 0016 80F84130 		strb	r3, [r0, #65]
2364:Drivers/STM32L4xx_HAL_Driver/Src/stm32l4xx_hal_qspi.c **** 
 3916              		.loc 1 2364 5 is_stmt 1 view .LVU1231
 3917 001a 0268     		ldr	r2, [r0]
 3918 001c 1368     		ldr	r3, [r2]
 3919 001e 23F4F813 		bic	r3, r3, #2031616
 3920 0022 1360     		str	r3, [r2]
2366:Drivers/STM32L4xx_HAL_Driver/Src/stm32l4xx_hal_qspi.c ****     {
 3921              		.loc 1 2366 5 view .LVU1232
2366:Drivers/STM32L4xx_HAL_Driver/Src/stm32l4xx_hal_qspi.c ****     {
 3922              		.loc 1 2366 15 is_stmt 0 view .LVU1233
 3923 0024 0368     		ldr	r3, [r0]
2366:Drivers/STM32L4xx_HAL_Driver/Src/stm32l4xx_hal_qspi.c ****     {
 3924              		.loc 1 2366 25 view .LVU1234
 3925 0026 1A68     		ldr	r2, [r3]
ARM GAS  /tmp/ccLGcT9r.s 			page 139


2366:Drivers/STM32L4xx_HAL_Driver/Src/stm32l4xx_hal_qspi.c ****     {
 3926              		.loc 1 2366 8 view .LVU1235
 3927 0028 12F0040F 		tst	r2, #4
 3928 002c 11D1     		bne	.L216
2388:Drivers/STM32L4xx_HAL_Driver/Src/stm32l4xx_hal_qspi.c ****       {
 3929              		.loc 1 2388 7 is_stmt 1 view .LVU1236
2388:Drivers/STM32L4xx_HAL_Driver/Src/stm32l4xx_hal_qspi.c ****       {
 3930              		.loc 1 2388 11 is_stmt 0 view .LVU1237
 3931 002e 9A68     		ldr	r2, [r3, #8]
2388:Drivers/STM32L4xx_HAL_Driver/Src/stm32l4xx_hal_qspi.c ****       {
 3932              		.loc 1 2388 10 view .LVU1238
 3933 0030 12F0200F 		tst	r2, #32
 3934 0034 20D0     		beq	.L211
2391:Drivers/STM32L4xx_HAL_Driver/Src/stm32l4xx_hal_qspi.c ****         
 3935              		.loc 1 2391 9 is_stmt 1 view .LVU1239
 3936 0036 0222     		movs	r2, #2
 3937 0038 DA60     		str	r2, [r3, #12]
2394:Drivers/STM32L4xx_HAL_Driver/Src/stm32l4xx_hal_qspi.c ****         
 3938              		.loc 1 2394 9 view .LVU1240
 3939 003a 0268     		ldr	r2, [r0]
 3940 003c 1368     		ldr	r3, [r2]
 3941 003e 43F40033 		orr	r3, r3, #131072
 3942 0042 1360     		str	r3, [r2]
2397:Drivers/STM32L4xx_HAL_Driver/Src/stm32l4xx_hal_qspi.c ****       }    
 3943              		.loc 1 2397 9 view .LVU1241
 3944 0044 0268     		ldr	r2, [r0]
 3945 0046 1368     		ldr	r3, [r2]
 3946 0048 43F00203 		orr	r3, r3, #2
 3947 004c 1360     		str	r3, [r2]
 3948              	.LVL279:
 3949              	.L209:
2406:Drivers/STM32L4xx_HAL_Driver/Src/stm32l4xx_hal_qspi.c **** }
 3950              		.loc 1 2406 3 view .LVU1242
2407:Drivers/STM32L4xx_HAL_Driver/Src/stm32l4xx_hal_qspi.c **** 
 3951              		.loc 1 2407 1 is_stmt 0 view .LVU1243
 3952 004e 0020     		movs	r0, #0
 3953 0050 10BD     		pop	{r4, pc}
 3954              	.LVL280:
 3955              	.L216:
2369:Drivers/STM32L4xx_HAL_Driver/Src/stm32l4xx_hal_qspi.c **** 
 3956              		.loc 1 2369 7 is_stmt 1 view .LVU1244
 3957 0052 1A68     		ldr	r2, [r3]
 3958 0054 22F00402 		bic	r2, r2, #4
 3959 0058 1A60     		str	r2, [r3]
2372:Drivers/STM32L4xx_HAL_Driver/Src/stm32l4xx_hal_qspi.c ****       if (HAL_DMA_Abort_IT(hqspi->hdma) != HAL_OK)
 3960              		.loc 1 2372 7 view .LVU1245
2372:Drivers/STM32L4xx_HAL_Driver/Src/stm32l4xx_hal_qspi.c ****       if (HAL_DMA_Abort_IT(hqspi->hdma) != HAL_OK)
 3961              		.loc 1 2372 12 is_stmt 0 view .LVU1246
 3962 005a C36B     		ldr	r3, [r0, #60]
2372:Drivers/STM32L4xx_HAL_Driver/Src/stm32l4xx_hal_qspi.c ****       if (HAL_DMA_Abort_IT(hqspi->hdma) != HAL_OK)
 3963              		.loc 1 2372 38 view .LVU1247
 3964 005c 094A     		ldr	r2, .L217
 3965 005e 9A63     		str	r2, [r3, #56]
2373:Drivers/STM32L4xx_HAL_Driver/Src/stm32l4xx_hal_qspi.c ****       {
 3966              		.loc 1 2373 7 is_stmt 1 view .LVU1248
2373:Drivers/STM32L4xx_HAL_Driver/Src/stm32l4xx_hal_qspi.c ****       {
 3967              		.loc 1 2373 11 is_stmt 0 view .LVU1249
ARM GAS  /tmp/ccLGcT9r.s 			page 140


 3968 0060 C06B     		ldr	r0, [r0, #60]
 3969              	.LVL281:
2373:Drivers/STM32L4xx_HAL_Driver/Src/stm32l4xx_hal_qspi.c ****       {
 3970              		.loc 1 2373 11 view .LVU1250
 3971 0062 FFF7FEFF 		bl	HAL_DMA_Abort_IT
 3972              	.LVL282:
2373:Drivers/STM32L4xx_HAL_Driver/Src/stm32l4xx_hal_qspi.c ****       {
 3973              		.loc 1 2373 10 discriminator 1 view .LVU1251
 3974 0066 0028     		cmp	r0, #0
 3975 0068 F1D0     		beq	.L209
2376:Drivers/STM32L4xx_HAL_Driver/Src/stm32l4xx_hal_qspi.c **** 
 3976              		.loc 1 2376 9 is_stmt 1 view .LVU1252
2376:Drivers/STM32L4xx_HAL_Driver/Src/stm32l4xx_hal_qspi.c **** 
 3977              		.loc 1 2376 22 is_stmt 0 view .LVU1253
 3978 006a 0123     		movs	r3, #1
 3979 006c 84F84130 		strb	r3, [r4, #65]
2382:Drivers/STM32L4xx_HAL_Driver/Src/stm32l4xx_hal_qspi.c **** #endif
 3980              		.loc 1 2382 9 is_stmt 1 view .LVU1254
 3981 0070 2046     		mov	r0, r4
 3982 0072 FFF7FEFF 		bl	HAL_QSPI_AbortCpltCallback
 3983              	.LVL283:
 3984 0076 EAE7     		b	.L209
 3985              	.LVL284:
 3986              	.L211:
2402:Drivers/STM32L4xx_HAL_Driver/Src/stm32l4xx_hal_qspi.c ****       }
 3987              		.loc 1 2402 9 view .LVU1255
2402:Drivers/STM32L4xx_HAL_Driver/Src/stm32l4xx_hal_qspi.c ****       }
 3988              		.loc 1 2402 22 is_stmt 0 view .LVU1256
 3989 0078 0123     		movs	r3, #1
 3990 007a 80F84130 		strb	r3, [r0, #65]
 3991 007e E6E7     		b	.L209
 3992              	.L213:
 3993              	.LCFI48:
 3994              		.cfi_def_cfa_offset 0
 3995              		.cfi_restore 4
 3996              		.cfi_restore 14
2406:Drivers/STM32L4xx_HAL_Driver/Src/stm32l4xx_hal_qspi.c **** }
 3997              		.loc 1 2406 3 is_stmt 1 view .LVU1257
2407:Drivers/STM32L4xx_HAL_Driver/Src/stm32l4xx_hal_qspi.c **** 
 3998              		.loc 1 2407 1 is_stmt 0 view .LVU1258
 3999 0080 0020     		movs	r0, #0
 4000              	.LVL285:
2407:Drivers/STM32L4xx_HAL_Driver/Src/stm32l4xx_hal_qspi.c **** 
 4001              		.loc 1 2407 1 view .LVU1259
 4002 0082 7047     		bx	lr
 4003              	.L218:
 4004              		.align	2
 4005              	.L217:
 4006 0084 00000000 		.word	QSPI_DMAAbortCplt
 4007              		.cfi_endproc
 4008              	.LFE413:
 4010              		.section	.text.QSPI_DMAError,"ax",%progbits
 4011              		.align	1
 4012              		.syntax unified
 4013              		.thumb
 4014              		.thumb_func
 4016              	QSPI_DMAError:
ARM GAS  /tmp/ccLGcT9r.s 			page 141


 4017              	.LVL286:
 4018              	.LFB422:
2578:Drivers/STM32L4xx_HAL_Driver/Src/stm32l4xx_hal_qspi.c ****   QSPI_HandleTypeDef* hqspi = ( QSPI_HandleTypeDef* )(hdma->Parent);
 4019              		.loc 1 2578 1 is_stmt 1 view -0
 4020              		.cfi_startproc
 4021              		@ args = 0, pretend = 0, frame = 0
 4022              		@ frame_needed = 0, uses_anonymous_args = 0
2578:Drivers/STM32L4xx_HAL_Driver/Src/stm32l4xx_hal_qspi.c ****   QSPI_HandleTypeDef* hqspi = ( QSPI_HandleTypeDef* )(hdma->Parent);
 4023              		.loc 1 2578 1 is_stmt 0 view .LVU1261
 4024 0000 08B5     		push	{r3, lr}
 4025              	.LCFI49:
 4026              		.cfi_def_cfa_offset 8
 4027              		.cfi_offset 3, -8
 4028              		.cfi_offset 14, -4
2579:Drivers/STM32L4xx_HAL_Driver/Src/stm32l4xx_hal_qspi.c **** 
 4029              		.loc 1 2579 3 is_stmt 1 view .LVU1262
2579:Drivers/STM32L4xx_HAL_Driver/Src/stm32l4xx_hal_qspi.c **** 
 4030              		.loc 1 2579 23 is_stmt 0 view .LVU1263
 4031 0002 806A     		ldr	r0, [r0, #40]
 4032              	.LVL287:
2581:Drivers/STM32L4xx_HAL_Driver/Src/stm32l4xx_hal_qspi.c ****   hqspi->TxXferCount = 0U;
 4033              		.loc 1 2581 3 is_stmt 1 view .LVU1264
2581:Drivers/STM32L4xx_HAL_Driver/Src/stm32l4xx_hal_qspi.c ****   hqspi->TxXferCount = 0U;
 4034              		.loc 1 2581 22 is_stmt 0 view .LVU1265
 4035 0004 0023     		movs	r3, #0
 4036 0006 8363     		str	r3, [r0, #56]
2582:Drivers/STM32L4xx_HAL_Driver/Src/stm32l4xx_hal_qspi.c ****   hqspi->ErrorCode   |= HAL_QSPI_ERROR_DMA;
 4037              		.loc 1 2582 3 is_stmt 1 view .LVU1266
2582:Drivers/STM32L4xx_HAL_Driver/Src/stm32l4xx_hal_qspi.c ****   hqspi->ErrorCode   |= HAL_QSPI_ERROR_DMA;
 4038              		.loc 1 2582 22 is_stmt 0 view .LVU1267
 4039 0008 C362     		str	r3, [r0, #44]
2583:Drivers/STM32L4xx_HAL_Driver/Src/stm32l4xx_hal_qspi.c **** 
 4040              		.loc 1 2583 3 is_stmt 1 view .LVU1268
2583:Drivers/STM32L4xx_HAL_Driver/Src/stm32l4xx_hal_qspi.c **** 
 4041              		.loc 1 2583 8 is_stmt 0 view .LVU1269
 4042 000a 436C     		ldr	r3, [r0, #68]
2583:Drivers/STM32L4xx_HAL_Driver/Src/stm32l4xx_hal_qspi.c **** 
 4043              		.loc 1 2583 22 view .LVU1270
 4044 000c 43F00403 		orr	r3, r3, #4
 4045 0010 4364     		str	r3, [r0, #68]
2586:Drivers/STM32L4xx_HAL_Driver/Src/stm32l4xx_hal_qspi.c **** 
 4046              		.loc 1 2586 3 is_stmt 1 view .LVU1271
 4047 0012 0268     		ldr	r2, [r0]
 4048 0014 1368     		ldr	r3, [r2]
 4049 0016 23F00403 		bic	r3, r3, #4
 4050 001a 1360     		str	r3, [r2]
2589:Drivers/STM32L4xx_HAL_Driver/Src/stm32l4xx_hal_qspi.c **** 
 4051              		.loc 1 2589 3 view .LVU1272
2589:Drivers/STM32L4xx_HAL_Driver/Src/stm32l4xx_hal_qspi.c **** 
 4052              		.loc 1 2589 9 is_stmt 0 view .LVU1273
 4053 001c FFF7FEFF 		bl	HAL_QSPI_Abort_IT
 4054              	.LVL288:
2591:Drivers/STM32L4xx_HAL_Driver/Src/stm32l4xx_hal_qspi.c **** 
 4055              		.loc 1 2591 1 view .LVU1274
 4056 0020 08BD     		pop	{r3, pc}
 4057              		.cfi_endproc
 4058              	.LFE422:
ARM GAS  /tmp/ccLGcT9r.s 			page 142


 4060              		.section	.text.HAL_QSPI_SetTimeout,"ax",%progbits
 4061              		.align	1
 4062              		.global	HAL_QSPI_SetTimeout
 4063              		.syntax unified
 4064              		.thumb
 4065              		.thumb_func
 4067              	HAL_QSPI_SetTimeout:
 4068              	.LVL289:
 4069              	.LFB414:
2415:Drivers/STM32L4xx_HAL_Driver/Src/stm32l4xx_hal_qspi.c ****   hqspi->Timeout = Timeout;
 4070              		.loc 1 2415 1 is_stmt 1 view -0
 4071              		.cfi_startproc
 4072              		@ args = 0, pretend = 0, frame = 0
 4073              		@ frame_needed = 0, uses_anonymous_args = 0
 4074              		@ link register save eliminated.
2416:Drivers/STM32L4xx_HAL_Driver/Src/stm32l4xx_hal_qspi.c **** }
 4075              		.loc 1 2416 3 view .LVU1276
2416:Drivers/STM32L4xx_HAL_Driver/Src/stm32l4xx_hal_qspi.c **** }
 4076              		.loc 1 2416 18 is_stmt 0 view .LVU1277
 4077 0000 8164     		str	r1, [r0, #72]
2417:Drivers/STM32L4xx_HAL_Driver/Src/stm32l4xx_hal_qspi.c **** 
 4078              		.loc 1 2417 1 view .LVU1278
 4079 0002 7047     		bx	lr
 4080              		.cfi_endproc
 4081              	.LFE414:
 4083              		.section	.text.HAL_QSPI_Init,"ax",%progbits
 4084              		.align	1
 4085              		.global	HAL_QSPI_Init
 4086              		.syntax unified
 4087              		.thumb
 4088              		.thumb_func
 4090              	HAL_QSPI_Init:
 4091              	.LVL290:
 4092              	.LFB384:
 292:Drivers/STM32L4xx_HAL_Driver/Src/stm32l4xx_hal_qspi.c ****   HAL_StatusTypeDef status;
 4093              		.loc 1 292 1 is_stmt 1 view -0
 4094              		.cfi_startproc
 4095              		@ args = 0, pretend = 0, frame = 0
 4096              		@ frame_needed = 0, uses_anonymous_args = 0
 292:Drivers/STM32L4xx_HAL_Driver/Src/stm32l4xx_hal_qspi.c ****   HAL_StatusTypeDef status;
 4097              		.loc 1 292 1 is_stmt 0 view .LVU1280
 4098 0000 70B5     		push	{r4, r5, r6, lr}
 4099              	.LCFI50:
 4100              		.cfi_def_cfa_offset 16
 4101              		.cfi_offset 4, -16
 4102              		.cfi_offset 5, -12
 4103              		.cfi_offset 6, -8
 4104              		.cfi_offset 14, -4
 4105 0002 82B0     		sub	sp, sp, #8
 4106              	.LCFI51:
 4107              		.cfi_def_cfa_offset 24
 4108 0004 0446     		mov	r4, r0
 293:Drivers/STM32L4xx_HAL_Driver/Src/stm32l4xx_hal_qspi.c ****   uint32_t tickstart = HAL_GetTick();
 4109              		.loc 1 293 3 is_stmt 1 view .LVU1281
 294:Drivers/STM32L4xx_HAL_Driver/Src/stm32l4xx_hal_qspi.c **** 
 4110              		.loc 1 294 3 view .LVU1282
 294:Drivers/STM32L4xx_HAL_Driver/Src/stm32l4xx_hal_qspi.c **** 
ARM GAS  /tmp/ccLGcT9r.s 			page 143


 4111              		.loc 1 294 24 is_stmt 0 view .LVU1283
 4112 0006 FFF7FEFF 		bl	HAL_GetTick
 4113              	.LVL291:
 297:Drivers/STM32L4xx_HAL_Driver/Src/stm32l4xx_hal_qspi.c ****   {
 4114              		.loc 1 297 3 is_stmt 1 view .LVU1284
 297:Drivers/STM32L4xx_HAL_Driver/Src/stm32l4xx_hal_qspi.c ****   {
 4115              		.loc 1 297 5 is_stmt 0 view .LVU1285
 4116 000a 002C     		cmp	r4, #0
 4117 000c 4CD0     		beq	.L226
 4118 000e 0646     		mov	r6, r0
 303:Drivers/STM32L4xx_HAL_Driver/Src/stm32l4xx_hal_qspi.c ****   assert_param(IS_QSPI_CLOCK_PRESCALER(hqspi->Init.ClockPrescaler));
 4119              		.loc 1 303 3 is_stmt 1 view .LVU1286
 304:Drivers/STM32L4xx_HAL_Driver/Src/stm32l4xx_hal_qspi.c ****   assert_param(IS_QSPI_FIFO_THRESHOLD(hqspi->Init.FifoThreshold));
 4120              		.loc 1 304 3 view .LVU1287
 305:Drivers/STM32L4xx_HAL_Driver/Src/stm32l4xx_hal_qspi.c ****   assert_param(IS_QSPI_SSHIFT(hqspi->Init.SampleShifting));
 4121              		.loc 1 305 3 view .LVU1288
 306:Drivers/STM32L4xx_HAL_Driver/Src/stm32l4xx_hal_qspi.c ****   assert_param(IS_QSPI_FLASH_SIZE(hqspi->Init.FlashSize));
 4122              		.loc 1 306 3 view .LVU1289
 307:Drivers/STM32L4xx_HAL_Driver/Src/stm32l4xx_hal_qspi.c ****   assert_param(IS_QSPI_CS_HIGH_TIME(hqspi->Init.ChipSelectHighTime));
 4123              		.loc 1 307 3 view .LVU1290
 308:Drivers/STM32L4xx_HAL_Driver/Src/stm32l4xx_hal_qspi.c ****   assert_param(IS_QSPI_CLOCK_MODE(hqspi->Init.ClockMode));
 4124              		.loc 1 308 3 view .LVU1291
 309:Drivers/STM32L4xx_HAL_Driver/Src/stm32l4xx_hal_qspi.c **** #if defined(QUADSPI_CR_DFM)
 4125              		.loc 1 309 3 view .LVU1292
 311:Drivers/STM32L4xx_HAL_Driver/Src/stm32l4xx_hal_qspi.c **** 
 4126              		.loc 1 311 3 view .LVU1293
 313:Drivers/STM32L4xx_HAL_Driver/Src/stm32l4xx_hal_qspi.c ****   {
 4127              		.loc 1 313 3 view .LVU1294
 315:Drivers/STM32L4xx_HAL_Driver/Src/stm32l4xx_hal_qspi.c ****   }
 4128              		.loc 1 315 5 view .LVU1295
 319:Drivers/STM32L4xx_HAL_Driver/Src/stm32l4xx_hal_qspi.c ****   {
 4129              		.loc 1 319 3 view .LVU1296
 319:Drivers/STM32L4xx_HAL_Driver/Src/stm32l4xx_hal_qspi.c ****   {
 4130              		.loc 1 319 11 is_stmt 0 view .LVU1297
 4131 0010 94F84130 		ldrb	r3, [r4, #65]	@ zero_extendqisi2
 319:Drivers/STM32L4xx_HAL_Driver/Src/stm32l4xx_hal_qspi.c ****   {
 4132              		.loc 1 319 5 view .LVU1298
 4133 0014 002B     		cmp	r3, #0
 4134 0016 3CD0     		beq	.L228
 4135              	.LVL292:
 4136              	.L224:
 354:Drivers/STM32L4xx_HAL_Driver/Src/stm32l4xx_hal_qspi.c ****              ((hqspi->Init.FifoThreshold - 1U) << QUADSPI_CR_FTHRES_Pos));
 4137              		.loc 1 354 3 is_stmt 1 view .LVU1299
 4138 0018 2568     		ldr	r5, [r4]
 4139 001a 2A68     		ldr	r2, [r5]
 4140 001c 22F47062 		bic	r2, r2, #3840
 4141 0020 A168     		ldr	r1, [r4, #8]
 4142 0022 0139     		subs	r1, r1, #1
 4143 0024 42EA0122 		orr	r2, r2, r1, lsl #8
 4144 0028 2A60     		str	r2, [r5]
 358:Drivers/STM32L4xx_HAL_Driver/Src/stm32l4xx_hal_qspi.c **** 
 4145              		.loc 1 358 3 view .LVU1300
 358:Drivers/STM32L4xx_HAL_Driver/Src/stm32l4xx_hal_qspi.c **** 
 4146              		.loc 1 358 12 is_stmt 0 view .LVU1301
 4147 002a A36C     		ldr	r3, [r4, #72]
 4148 002c 0093     		str	r3, [sp]
 4149 002e 3346     		mov	r3, r6
ARM GAS  /tmp/ccLGcT9r.s 			page 144


 4150 0030 0022     		movs	r2, #0
 4151 0032 2021     		movs	r1, #32
 4152 0034 2046     		mov	r0, r4
 4153 0036 FFF7FEFF 		bl	QSPI_WaitFlagStateUntilTimeout
 4154              	.LVL293:
 360:Drivers/STM32L4xx_HAL_Driver/Src/stm32l4xx_hal_qspi.c ****   {
 4155              		.loc 1 360 3 is_stmt 1 view .LVU1302
 360:Drivers/STM32L4xx_HAL_Driver/Src/stm32l4xx_hal_qspi.c ****   {
 4156              		.loc 1 360 5 is_stmt 0 view .LVU1303
 4157 003a 28BB     		cbnz	r0, .L225
 364:Drivers/STM32L4xx_HAL_Driver/Src/stm32l4xx_hal_qspi.c ****                ((hqspi->Init.ClockPrescaler << QUADSPI_CR_PRESCALER_Pos) |
 4158              		.loc 1 364 5 is_stmt 1 view .LVU1304
 4159 003c 2168     		ldr	r1, [r4]
 4160 003e 0B68     		ldr	r3, [r1]
 4161 0040 23F07F43 		bic	r3, r3, #-16777216
 4162 0044 23F0D003 		bic	r3, r3, #208
 4163 0048 6568     		ldr	r5, [r4, #4]
 4164 004a E268     		ldr	r2, [r4, #12]
 4165 004c 42EA0562 		orr	r2, r2, r5, lsl #24
 4166 0050 E569     		ldr	r5, [r4, #28]
 4167 0052 2A43     		orrs	r2, r2, r5
 4168 0054 256A     		ldr	r5, [r4, #32]
 4169 0056 2A43     		orrs	r2, r2, r5
 4170 0058 1343     		orrs	r3, r3, r2
 4171 005a 0B60     		str	r3, [r1]
 374:Drivers/STM32L4xx_HAL_Driver/Src/stm32l4xx_hal_qspi.c ****                ((hqspi->Init.FlashSize << QUADSPI_DCR_FSIZE_Pos) |
 4172              		.loc 1 374 5 view .LVU1305
 4173 005c 2168     		ldr	r1, [r4]
 4174 005e 4A68     		ldr	r2, [r1, #4]
 4175 0060 124B     		ldr	r3, .L229
 4176 0062 1340     		ands	r3, r3, r2
 4177 0064 2569     		ldr	r5, [r4, #16]
 4178 0066 6269     		ldr	r2, [r4, #20]
 4179 0068 42EA0542 		orr	r2, r2, r5, lsl #16
 4180 006c A569     		ldr	r5, [r4, #24]
 4181 006e 2A43     		orrs	r2, r2, r5
 4182 0070 1343     		orrs	r3, r3, r2
 4183 0072 4B60     		str	r3, [r1, #4]
 379:Drivers/STM32L4xx_HAL_Driver/Src/stm32l4xx_hal_qspi.c **** 
 4184              		.loc 1 379 5 view .LVU1306
 4185 0074 2268     		ldr	r2, [r4]
 4186 0076 1368     		ldr	r3, [r2]
 4187 0078 43F00103 		orr	r3, r3, #1
 4188 007c 1360     		str	r3, [r2]
 382:Drivers/STM32L4xx_HAL_Driver/Src/stm32l4xx_hal_qspi.c **** 
 4189              		.loc 1 382 5 view .LVU1307
 382:Drivers/STM32L4xx_HAL_Driver/Src/stm32l4xx_hal_qspi.c **** 
 4190              		.loc 1 382 22 is_stmt 0 view .LVU1308
 4191 007e 0023     		movs	r3, #0
 4192 0080 6364     		str	r3, [r4, #68]
 385:Drivers/STM32L4xx_HAL_Driver/Src/stm32l4xx_hal_qspi.c ****   }
 4193              		.loc 1 385 5 is_stmt 1 view .LVU1309
 385:Drivers/STM32L4xx_HAL_Driver/Src/stm32l4xx_hal_qspi.c ****   }
 4194              		.loc 1 385 18 is_stmt 0 view .LVU1310
 4195 0082 0123     		movs	r3, #1
 4196 0084 84F84130 		strb	r3, [r4, #65]
 4197              	.L225:
ARM GAS  /tmp/ccLGcT9r.s 			page 145


 389:Drivers/STM32L4xx_HAL_Driver/Src/stm32l4xx_hal_qspi.c **** 
 4198              		.loc 1 389 3 is_stmt 1 view .LVU1311
 389:Drivers/STM32L4xx_HAL_Driver/Src/stm32l4xx_hal_qspi.c **** 
 4199              		.loc 1 389 3 view .LVU1312
 4200 0088 0023     		movs	r3, #0
 4201 008a 84F84030 		strb	r3, [r4, #64]
 389:Drivers/STM32L4xx_HAL_Driver/Src/stm32l4xx_hal_qspi.c **** 
 4202              		.loc 1 389 3 view .LVU1313
 392:Drivers/STM32L4xx_HAL_Driver/Src/stm32l4xx_hal_qspi.c **** }
 4203              		.loc 1 392 3 view .LVU1314
 4204              	.LVL294:
 4205              	.L223:
 393:Drivers/STM32L4xx_HAL_Driver/Src/stm32l4xx_hal_qspi.c **** 
 4206              		.loc 1 393 1 is_stmt 0 view .LVU1315
 4207 008e 02B0     		add	sp, sp, #8
 4208              	.LCFI52:
 4209              		.cfi_remember_state
 4210              		.cfi_def_cfa_offset 16
 4211              		@ sp needed
 4212 0090 70BD     		pop	{r4, r5, r6, pc}
 4213              	.LVL295:
 4214              	.L228:
 4215              	.LCFI53:
 4216              		.cfi_restore_state
 322:Drivers/STM32L4xx_HAL_Driver/Src/stm32l4xx_hal_qspi.c **** 
 4217              		.loc 1 322 5 is_stmt 1 view .LVU1316
 322:Drivers/STM32L4xx_HAL_Driver/Src/stm32l4xx_hal_qspi.c **** 
 4218              		.loc 1 322 17 is_stmt 0 view .LVU1317
 4219 0092 84F84030 		strb	r3, [r4, #64]
 346:Drivers/STM32L4xx_HAL_Driver/Src/stm32l4xx_hal_qspi.c **** #endif
 4220              		.loc 1 346 5 is_stmt 1 view .LVU1318
 4221 0096 2046     		mov	r0, r4
 4222              	.LVL296:
 346:Drivers/STM32L4xx_HAL_Driver/Src/stm32l4xx_hal_qspi.c **** #endif
 4223              		.loc 1 346 5 is_stmt 0 view .LVU1319
 4224 0098 FFF7FEFF 		bl	HAL_QSPI_MspInit
 4225              	.LVL297:
 350:Drivers/STM32L4xx_HAL_Driver/Src/stm32l4xx_hal_qspi.c ****   }
 4226              		.loc 1 350 5 is_stmt 1 view .LVU1320
 4227 009c 41F28831 		movw	r1, #5000
 4228 00a0 2046     		mov	r0, r4
 4229 00a2 FFF7FEFF 		bl	HAL_QSPI_SetTimeout
 4230              	.LVL298:
 4231 00a6 B7E7     		b	.L224
 4232              	.LVL299:
 4233              	.L226:
 299:Drivers/STM32L4xx_HAL_Driver/Src/stm32l4xx_hal_qspi.c ****   }
 4234              		.loc 1 299 12 is_stmt 0 view .LVU1321
 4235 00a8 0120     		movs	r0, #1
 4236              	.LVL300:
 299:Drivers/STM32L4xx_HAL_Driver/Src/stm32l4xx_hal_qspi.c ****   }
 4237              		.loc 1 299 12 view .LVU1322
 4238 00aa F0E7     		b	.L223
 4239              	.L230:
 4240              		.align	2
 4241              	.L229:
 4242 00ac FEF8E0FF 		.word	-2033410
ARM GAS  /tmp/ccLGcT9r.s 			page 146


 4243              		.cfi_endproc
 4244              	.LFE384:
 4246              		.section	.text.HAL_QSPI_SetFifoThreshold,"ax",%progbits
 4247              		.align	1
 4248              		.global	HAL_QSPI_SetFifoThreshold
 4249              		.syntax unified
 4250              		.thumb
 4251              		.thumb_func
 4253              	HAL_QSPI_SetFifoThreshold:
 4254              	.LVL301:
 4255              	.LFB415:
2425:Drivers/STM32L4xx_HAL_Driver/Src/stm32l4xx_hal_qspi.c ****   HAL_StatusTypeDef status = HAL_OK;
 4256              		.loc 1 2425 1 is_stmt 1 view -0
 4257              		.cfi_startproc
 4258              		@ args = 0, pretend = 0, frame = 0
 4259              		@ frame_needed = 0, uses_anonymous_args = 0
 4260              		@ link register save eliminated.
2425:Drivers/STM32L4xx_HAL_Driver/Src/stm32l4xx_hal_qspi.c ****   HAL_StatusTypeDef status = HAL_OK;
 4261              		.loc 1 2425 1 is_stmt 0 view .LVU1324
 4262 0000 0346     		mov	r3, r0
2426:Drivers/STM32L4xx_HAL_Driver/Src/stm32l4xx_hal_qspi.c **** 
 4263              		.loc 1 2426 3 is_stmt 1 view .LVU1325
 4264              	.LVL302:
2429:Drivers/STM32L4xx_HAL_Driver/Src/stm32l4xx_hal_qspi.c **** 
 4265              		.loc 1 2429 3 view .LVU1326
2429:Drivers/STM32L4xx_HAL_Driver/Src/stm32l4xx_hal_qspi.c **** 
 4266              		.loc 1 2429 3 view .LVU1327
 4267 0002 90F84020 		ldrb	r2, [r0, #64]	@ zero_extendqisi2
 4268 0006 D2B2     		uxtb	r2, r2
 4269 0008 012A     		cmp	r2, #1
 4270 000a 17D0     		beq	.L234
2429:Drivers/STM32L4xx_HAL_Driver/Src/stm32l4xx_hal_qspi.c **** 
 4271              		.loc 1 2429 3 discriminator 2 view .LVU1328
 4272 000c 0122     		movs	r2, #1
 4273 000e 80F84020 		strb	r2, [r0, #64]
2429:Drivers/STM32L4xx_HAL_Driver/Src/stm32l4xx_hal_qspi.c **** 
 4274              		.loc 1 2429 3 discriminator 2 view .LVU1329
2431:Drivers/STM32L4xx_HAL_Driver/Src/stm32l4xx_hal_qspi.c ****   {
 4275              		.loc 1 2431 3 view .LVU1330
2431:Drivers/STM32L4xx_HAL_Driver/Src/stm32l4xx_hal_qspi.c ****   {
 4276              		.loc 1 2431 11 is_stmt 0 view .LVU1331
 4277 0012 90F84120 		ldrb	r2, [r0, #65]	@ zero_extendqisi2
 4278 0016 D2B2     		uxtb	r2, r2
2431:Drivers/STM32L4xx_HAL_Driver/Src/stm32l4xx_hal_qspi.c ****   {
 4279              		.loc 1 2431 5 view .LVU1332
 4280 0018 012A     		cmp	r2, #1
 4281 001a 04D0     		beq	.L236
2442:Drivers/STM32L4xx_HAL_Driver/Src/stm32l4xx_hal_qspi.c ****   }
 4282              		.loc 1 2442 12 view .LVU1333
 4283 001c 0220     		movs	r0, #2
 4284              	.LVL303:
 4285              	.L233:
2446:Drivers/STM32L4xx_HAL_Driver/Src/stm32l4xx_hal_qspi.c **** 
 4286              		.loc 1 2446 3 is_stmt 1 view .LVU1334
2446:Drivers/STM32L4xx_HAL_Driver/Src/stm32l4xx_hal_qspi.c **** 
 4287              		.loc 1 2446 3 view .LVU1335
 4288 001e 0022     		movs	r2, #0
ARM GAS  /tmp/ccLGcT9r.s 			page 147


 4289 0020 83F84020 		strb	r2, [r3, #64]
2446:Drivers/STM32L4xx_HAL_Driver/Src/stm32l4xx_hal_qspi.c **** 
 4290              		.loc 1 2446 3 view .LVU1336
2449:Drivers/STM32L4xx_HAL_Driver/Src/stm32l4xx_hal_qspi.c **** }
 4291              		.loc 1 2449 3 view .LVU1337
2449:Drivers/STM32L4xx_HAL_Driver/Src/stm32l4xx_hal_qspi.c **** }
 4292              		.loc 1 2449 10 is_stmt 0 view .LVU1338
 4293 0024 7047     		bx	lr
 4294              	.LVL304:
 4295              	.L236:
2434:Drivers/STM32L4xx_HAL_Driver/Src/stm32l4xx_hal_qspi.c **** 
 4296              		.loc 1 2434 5 is_stmt 1 view .LVU1339
2434:Drivers/STM32L4xx_HAL_Driver/Src/stm32l4xx_hal_qspi.c **** 
 4297              		.loc 1 2434 31 is_stmt 0 view .LVU1340
 4298 0026 8160     		str	r1, [r0, #8]
2437:Drivers/STM32L4xx_HAL_Driver/Src/stm32l4xx_hal_qspi.c ****                ((hqspi->Init.FifoThreshold - 1U) << QUADSPI_CR_FTHRES_Pos));
 4299              		.loc 1 2437 5 is_stmt 1 view .LVU1341
 4300 0028 0068     		ldr	r0, [r0]
 4301              	.LVL305:
2437:Drivers/STM32L4xx_HAL_Driver/Src/stm32l4xx_hal_qspi.c ****                ((hqspi->Init.FifoThreshold - 1U) << QUADSPI_CR_FTHRES_Pos));
 4302              		.loc 1 2437 5 is_stmt 0 view .LVU1342
 4303 002a 0268     		ldr	r2, [r0]
 4304 002c 22F47062 		bic	r2, r2, #3840
 4305 0030 0139     		subs	r1, r1, #1
 4306              	.LVL306:
2437:Drivers/STM32L4xx_HAL_Driver/Src/stm32l4xx_hal_qspi.c ****                ((hqspi->Init.FifoThreshold - 1U) << QUADSPI_CR_FTHRES_Pos));
 4307              		.loc 1 2437 5 view .LVU1343
 4308 0032 42EA0122 		orr	r2, r2, r1, lsl #8
 4309 0036 0260     		str	r2, [r0]
 4310              	.LVL307:
2426:Drivers/STM32L4xx_HAL_Driver/Src/stm32l4xx_hal_qspi.c **** 
 4311              		.loc 1 2426 21 view .LVU1344
 4312 0038 0020     		movs	r0, #0
 4313 003a F0E7     		b	.L233
 4314              	.LVL308:
 4315              	.L234:
2429:Drivers/STM32L4xx_HAL_Driver/Src/stm32l4xx_hal_qspi.c **** 
 4316              		.loc 1 2429 3 discriminator 1 view .LVU1345
 4317 003c 0220     		movs	r0, #2
 4318              	.LVL309:
2450:Drivers/STM32L4xx_HAL_Driver/Src/stm32l4xx_hal_qspi.c **** 
 4319              		.loc 1 2450 1 view .LVU1346
 4320 003e 7047     		bx	lr
 4321              		.cfi_endproc
 4322              	.LFE415:
 4324              		.section	.text.HAL_QSPI_GetFifoThreshold,"ax",%progbits
 4325              		.align	1
 4326              		.global	HAL_QSPI_GetFifoThreshold
 4327              		.syntax unified
 4328              		.thumb
 4329              		.thumb_func
 4331              	HAL_QSPI_GetFifoThreshold:
 4332              	.LVL310:
 4333              	.LFB416:
2457:Drivers/STM32L4xx_HAL_Driver/Src/stm32l4xx_hal_qspi.c ****   return ((READ_BIT(hqspi->Instance->CR, QUADSPI_CR_FTHRES) >> QUADSPI_CR_FTHRES_Pos) + 1U);
 4334              		.loc 1 2457 1 is_stmt 1 view -0
 4335              		.cfi_startproc
ARM GAS  /tmp/ccLGcT9r.s 			page 148


 4336              		@ args = 0, pretend = 0, frame = 0
 4337              		@ frame_needed = 0, uses_anonymous_args = 0
 4338              		@ link register save eliminated.
2458:Drivers/STM32L4xx_HAL_Driver/Src/stm32l4xx_hal_qspi.c **** }
 4339              		.loc 1 2458 3 view .LVU1348
2458:Drivers/STM32L4xx_HAL_Driver/Src/stm32l4xx_hal_qspi.c **** }
 4340              		.loc 1 2458 12 is_stmt 0 view .LVU1349
 4341 0000 0368     		ldr	r3, [r0]
 4342 0002 1868     		ldr	r0, [r3]
 4343              	.LVL311:
2458:Drivers/STM32L4xx_HAL_Driver/Src/stm32l4xx_hal_qspi.c **** }
 4344              		.loc 1 2458 61 view .LVU1350
 4345 0004 C0F30320 		ubfx	r0, r0, #8, #4
2459:Drivers/STM32L4xx_HAL_Driver/Src/stm32l4xx_hal_qspi.c **** 
 4346              		.loc 1 2459 1 view .LVU1351
 4347 0008 0130     		adds	r0, r0, #1
 4348 000a 7047     		bx	lr
 4349              		.cfi_endproc
 4350              	.LFE416:
 4352              		.section	.text.HAL_QSPI_SetFlashID,"ax",%progbits
 4353              		.align	1
 4354              		.global	HAL_QSPI_SetFlashID
 4355              		.syntax unified
 4356              		.thumb
 4357              		.thumb_func
 4359              	HAL_QSPI_SetFlashID:
 4360              	.LVL312:
 4361              	.LFB417:
2470:Drivers/STM32L4xx_HAL_Driver/Src/stm32l4xx_hal_qspi.c ****   HAL_StatusTypeDef status = HAL_OK;
 4362              		.loc 1 2470 1 is_stmt 1 view -0
 4363              		.cfi_startproc
 4364              		@ args = 0, pretend = 0, frame = 0
 4365              		@ frame_needed = 0, uses_anonymous_args = 0
 4366              		@ link register save eliminated.
2470:Drivers/STM32L4xx_HAL_Driver/Src/stm32l4xx_hal_qspi.c ****   HAL_StatusTypeDef status = HAL_OK;
 4367              		.loc 1 2470 1 is_stmt 0 view .LVU1353
 4368 0000 0346     		mov	r3, r0
2471:Drivers/STM32L4xx_HAL_Driver/Src/stm32l4xx_hal_qspi.c **** 
 4369              		.loc 1 2471 3 is_stmt 1 view .LVU1354
 4370              	.LVL313:
2474:Drivers/STM32L4xx_HAL_Driver/Src/stm32l4xx_hal_qspi.c **** 
 4371              		.loc 1 2474 3 view .LVU1355
2477:Drivers/STM32L4xx_HAL_Driver/Src/stm32l4xx_hal_qspi.c **** 
 4372              		.loc 1 2477 3 view .LVU1356
2477:Drivers/STM32L4xx_HAL_Driver/Src/stm32l4xx_hal_qspi.c **** 
 4373              		.loc 1 2477 3 view .LVU1357
 4374 0002 90F84020 		ldrb	r2, [r0, #64]	@ zero_extendqisi2
 4375 0006 D2B2     		uxtb	r2, r2
 4376 0008 012A     		cmp	r2, #1
 4377 000a 15D0     		beq	.L241
2477:Drivers/STM32L4xx_HAL_Driver/Src/stm32l4xx_hal_qspi.c **** 
 4378              		.loc 1 2477 3 discriminator 2 view .LVU1358
 4379 000c 0122     		movs	r2, #1
 4380 000e 80F84020 		strb	r2, [r0, #64]
2477:Drivers/STM32L4xx_HAL_Driver/Src/stm32l4xx_hal_qspi.c **** 
 4381              		.loc 1 2477 3 discriminator 2 view .LVU1359
2479:Drivers/STM32L4xx_HAL_Driver/Src/stm32l4xx_hal_qspi.c ****   {
ARM GAS  /tmp/ccLGcT9r.s 			page 149


 4382              		.loc 1 2479 3 view .LVU1360
2479:Drivers/STM32L4xx_HAL_Driver/Src/stm32l4xx_hal_qspi.c ****   {
 4383              		.loc 1 2479 11 is_stmt 0 view .LVU1361
 4384 0012 90F84120 		ldrb	r2, [r0, #65]	@ zero_extendqisi2
 4385 0016 D2B2     		uxtb	r2, r2
2479:Drivers/STM32L4xx_HAL_Driver/Src/stm32l4xx_hal_qspi.c ****   {
 4386              		.loc 1 2479 5 view .LVU1362
 4387 0018 012A     		cmp	r2, #1
 4388 001a 04D0     		beq	.L243
2489:Drivers/STM32L4xx_HAL_Driver/Src/stm32l4xx_hal_qspi.c ****   }
 4389              		.loc 1 2489 12 view .LVU1363
 4390 001c 0220     		movs	r0, #2
 4391              	.LVL314:
 4392              	.L240:
2493:Drivers/STM32L4xx_HAL_Driver/Src/stm32l4xx_hal_qspi.c **** 
 4393              		.loc 1 2493 3 is_stmt 1 view .LVU1364
2493:Drivers/STM32L4xx_HAL_Driver/Src/stm32l4xx_hal_qspi.c **** 
 4394              		.loc 1 2493 3 view .LVU1365
 4395 001e 0022     		movs	r2, #0
 4396 0020 83F84020 		strb	r2, [r3, #64]
2493:Drivers/STM32L4xx_HAL_Driver/Src/stm32l4xx_hal_qspi.c **** 
 4397              		.loc 1 2493 3 view .LVU1366
2496:Drivers/STM32L4xx_HAL_Driver/Src/stm32l4xx_hal_qspi.c **** }
 4398              		.loc 1 2496 3 view .LVU1367
2496:Drivers/STM32L4xx_HAL_Driver/Src/stm32l4xx_hal_qspi.c **** }
 4399              		.loc 1 2496 10 is_stmt 0 view .LVU1368
 4400 0024 7047     		bx	lr
 4401              	.LVL315:
 4402              	.L243:
2482:Drivers/STM32L4xx_HAL_Driver/Src/stm32l4xx_hal_qspi.c **** 
 4403              		.loc 1 2482 5 is_stmt 1 view .LVU1369
2482:Drivers/STM32L4xx_HAL_Driver/Src/stm32l4xx_hal_qspi.c **** 
 4404              		.loc 1 2482 25 is_stmt 0 view .LVU1370
 4405 0026 C161     		str	r1, [r0, #28]
2485:Drivers/STM32L4xx_HAL_Driver/Src/stm32l4xx_hal_qspi.c ****   }
 4406              		.loc 1 2485 5 is_stmt 1 view .LVU1371
 4407 0028 0068     		ldr	r0, [r0]
 4408              	.LVL316:
2485:Drivers/STM32L4xx_HAL_Driver/Src/stm32l4xx_hal_qspi.c ****   }
 4409              		.loc 1 2485 5 is_stmt 0 view .LVU1372
 4410 002a 0268     		ldr	r2, [r0]
 4411 002c 22F08002 		bic	r2, r2, #128
 4412 0030 0A43     		orrs	r2, r2, r1
 4413 0032 0260     		str	r2, [r0]
2471:Drivers/STM32L4xx_HAL_Driver/Src/stm32l4xx_hal_qspi.c **** 
 4414              		.loc 1 2471 21 view .LVU1373
 4415 0034 0020     		movs	r0, #0
 4416 0036 F2E7     		b	.L240
 4417              	.LVL317:
 4418              	.L241:
2477:Drivers/STM32L4xx_HAL_Driver/Src/stm32l4xx_hal_qspi.c **** 
 4419              		.loc 1 2477 3 discriminator 1 view .LVU1374
 4420 0038 0220     		movs	r0, #2
 4421              	.LVL318:
2497:Drivers/STM32L4xx_HAL_Driver/Src/stm32l4xx_hal_qspi.c **** 
 4422              		.loc 1 2497 1 view .LVU1375
 4423 003a 7047     		bx	lr
ARM GAS  /tmp/ccLGcT9r.s 			page 150


 4424              		.cfi_endproc
 4425              	.LFE417:
 4427              		.text
 4428              	.Letext0:
 4429              		.file 2 "/usr/lib/gcc/arm-none-eabi/13.2.1/include/stdint.h"
 4430              		.file 3 "Drivers/CMSIS/Device/ST/STM32L4xx/Include/stm32l433xx.h"
 4431              		.file 4 "Drivers/CMSIS/Device/ST/STM32L4xx/Include/stm32l4xx.h"
 4432              		.file 5 "Drivers/STM32L4xx_HAL_Driver/Inc/stm32l4xx_hal_def.h"
 4433              		.file 6 "Drivers/STM32L4xx_HAL_Driver/Inc/stm32l4xx_hal_dma.h"
 4434              		.file 7 "Drivers/STM32L4xx_HAL_Driver/Inc/stm32l4xx_hal_qspi.h"
 4435              		.file 8 "Drivers/STM32L4xx_HAL_Driver/Inc/stm32l4xx_ll_dma.h"
 4436              		.file 9 "Drivers/STM32L4xx_HAL_Driver/Inc/stm32l4xx_hal.h"
ARM GAS  /tmp/ccLGcT9r.s 			page 151


DEFINED SYMBOLS
                            *ABS*:00000000 stm32l4xx_hal_qspi.c
     /tmp/ccLGcT9r.s:21     .text.QSPI_DMARxCplt:00000000 $t
     /tmp/ccLGcT9r.s:26     .text.QSPI_DMARxCplt:00000000 QSPI_DMARxCplt
     /tmp/ccLGcT9r.s:55     .text.QSPI_DMATxCplt:00000000 $t
     /tmp/ccLGcT9r.s:60     .text.QSPI_DMATxCplt:00000000 QSPI_DMATxCplt
     /tmp/ccLGcT9r.s:89     .text.QSPI_Config:00000000 $t
     /tmp/ccLGcT9r.s:94     .text.QSPI_Config:00000000 QSPI_Config
     /tmp/ccLGcT9r.s:443    .text.QSPI_WaitFlagStateUntilTimeout:00000000 $t
     /tmp/ccLGcT9r.s:448    .text.QSPI_WaitFlagStateUntilTimeout:00000000 QSPI_WaitFlagStateUntilTimeout
     /tmp/ccLGcT9r.s:528    .text.HAL_QSPI_MspInit:00000000 $t
     /tmp/ccLGcT9r.s:534    .text.HAL_QSPI_MspInit:00000000 HAL_QSPI_MspInit
     /tmp/ccLGcT9r.s:549    .text.HAL_QSPI_MspDeInit:00000000 $t
     /tmp/ccLGcT9r.s:555    .text.HAL_QSPI_MspDeInit:00000000 HAL_QSPI_MspDeInit
     /tmp/ccLGcT9r.s:570    .text.HAL_QSPI_DeInit:00000000 $t
     /tmp/ccLGcT9r.s:576    .text.HAL_QSPI_DeInit:00000000 HAL_QSPI_DeInit
     /tmp/ccLGcT9r.s:630    .text.HAL_QSPI_Command:00000000 $t
     /tmp/ccLGcT9r.s:636    .text.HAL_QSPI_Command:00000000 HAL_QSPI_Command
     /tmp/ccLGcT9r.s:794    .text.HAL_QSPI_Command_IT:00000000 $t
     /tmp/ccLGcT9r.s:800    .text.HAL_QSPI_Command_IT:00000000 HAL_QSPI_Command_IT
     /tmp/ccLGcT9r.s:960    .text.HAL_QSPI_Transmit:00000000 $t
     /tmp/ccLGcT9r.s:966    .text.HAL_QSPI_Transmit:00000000 HAL_QSPI_Transmit
     /tmp/ccLGcT9r.s:1171   .text.HAL_QSPI_Receive:00000000 $t
     /tmp/ccLGcT9r.s:1177   .text.HAL_QSPI_Receive:00000000 HAL_QSPI_Receive
     /tmp/ccLGcT9r.s:1389   .text.HAL_QSPI_Transmit_IT:00000000 $t
     /tmp/ccLGcT9r.s:1395   .text.HAL_QSPI_Transmit_IT:00000000 HAL_QSPI_Transmit_IT
     /tmp/ccLGcT9r.s:1516   .text.HAL_QSPI_Receive_IT:00000000 $t
     /tmp/ccLGcT9r.s:1522   .text.HAL_QSPI_Receive_IT:00000000 HAL_QSPI_Receive_IT
     /tmp/ccLGcT9r.s:1669   .text.HAL_QSPI_Transmit_DMA:00000000 $t
     /tmp/ccLGcT9r.s:1675   .text.HAL_QSPI_Transmit_DMA:00000000 HAL_QSPI_Transmit_DMA
     /tmp/ccLGcT9r.s:1977   .text.HAL_QSPI_Transmit_DMA:00000140 $d
     /tmp/ccLGcT9r.s:3082   .text.QSPI_DMATxHalfCplt:00000000 QSPI_DMATxHalfCplt
     /tmp/ccLGcT9r.s:4016   .text.QSPI_DMAError:00000000 QSPI_DMAError
     /tmp/ccLGcT9r.s:1984   .text.HAL_QSPI_Receive_DMA:00000000 $t
     /tmp/ccLGcT9r.s:1990   .text.HAL_QSPI_Receive_DMA:00000000 HAL_QSPI_Receive_DMA
     /tmp/ccLGcT9r.s:2302   .text.HAL_QSPI_Receive_DMA:00000150 $d
     /tmp/ccLGcT9r.s:3029   .text.QSPI_DMARxHalfCplt:00000000 QSPI_DMARxHalfCplt
     /tmp/ccLGcT9r.s:2309   .text.HAL_QSPI_AutoPolling:00000000 $t
     /tmp/ccLGcT9r.s:2315   .text.HAL_QSPI_AutoPolling:00000000 HAL_QSPI_AutoPolling
     /tmp/ccLGcT9r.s:2490   .text.HAL_QSPI_AutoPolling_IT:00000000 $t
     /tmp/ccLGcT9r.s:2496   .text.HAL_QSPI_AutoPolling_IT:00000000 HAL_QSPI_AutoPolling_IT
     /tmp/ccLGcT9r.s:2667   .text.HAL_QSPI_MemoryMapped:00000000 $t
     /tmp/ccLGcT9r.s:2673   .text.HAL_QSPI_MemoryMapped:00000000 HAL_QSPI_MemoryMapped
     /tmp/ccLGcT9r.s:2829   .text.HAL_QSPI_ErrorCallback:00000000 $t
     /tmp/ccLGcT9r.s:2835   .text.HAL_QSPI_ErrorCallback:00000000 HAL_QSPI_ErrorCallback
     /tmp/ccLGcT9r.s:2850   .text.QSPI_DMAAbortCplt:00000000 $t
     /tmp/ccLGcT9r.s:2855   .text.QSPI_DMAAbortCplt:00000000 QSPI_DMAAbortCplt
     /tmp/ccLGcT9r.s:2919   .text.HAL_QSPI_AbortCpltCallback:00000000 $t
     /tmp/ccLGcT9r.s:2925   .text.HAL_QSPI_AbortCpltCallback:00000000 HAL_QSPI_AbortCpltCallback
     /tmp/ccLGcT9r.s:2940   .text.HAL_QSPI_CmdCpltCallback:00000000 $t
     /tmp/ccLGcT9r.s:2946   .text.HAL_QSPI_CmdCpltCallback:00000000 HAL_QSPI_CmdCpltCallback
     /tmp/ccLGcT9r.s:2961   .text.HAL_QSPI_RxCpltCallback:00000000 $t
     /tmp/ccLGcT9r.s:2967   .text.HAL_QSPI_RxCpltCallback:00000000 HAL_QSPI_RxCpltCallback
     /tmp/ccLGcT9r.s:2982   .text.HAL_QSPI_TxCpltCallback:00000000 $t
     /tmp/ccLGcT9r.s:2988   .text.HAL_QSPI_TxCpltCallback:00000000 HAL_QSPI_TxCpltCallback
     /tmp/ccLGcT9r.s:3003   .text.HAL_QSPI_RxHalfCpltCallback:00000000 $t
     /tmp/ccLGcT9r.s:3009   .text.HAL_QSPI_RxHalfCpltCallback:00000000 HAL_QSPI_RxHalfCpltCallback
ARM GAS  /tmp/ccLGcT9r.s 			page 152


     /tmp/ccLGcT9r.s:3024   .text.QSPI_DMARxHalfCplt:00000000 $t
     /tmp/ccLGcT9r.s:3056   .text.HAL_QSPI_TxHalfCpltCallback:00000000 $t
     /tmp/ccLGcT9r.s:3062   .text.HAL_QSPI_TxHalfCpltCallback:00000000 HAL_QSPI_TxHalfCpltCallback
     /tmp/ccLGcT9r.s:3077   .text.QSPI_DMATxHalfCplt:00000000 $t
     /tmp/ccLGcT9r.s:3109   .text.HAL_QSPI_FifoThresholdCallback:00000000 $t
     /tmp/ccLGcT9r.s:3115   .text.HAL_QSPI_FifoThresholdCallback:00000000 HAL_QSPI_FifoThresholdCallback
     /tmp/ccLGcT9r.s:3130   .text.HAL_QSPI_StatusMatchCallback:00000000 $t
     /tmp/ccLGcT9r.s:3136   .text.HAL_QSPI_StatusMatchCallback:00000000 HAL_QSPI_StatusMatchCallback
     /tmp/ccLGcT9r.s:3151   .text.HAL_QSPI_TimeOutCallback:00000000 $t
     /tmp/ccLGcT9r.s:3157   .text.HAL_QSPI_TimeOutCallback:00000000 HAL_QSPI_TimeOutCallback
     /tmp/ccLGcT9r.s:3172   .text.HAL_QSPI_IRQHandler:00000000 $t
     /tmp/ccLGcT9r.s:3178   .text.HAL_QSPI_IRQHandler:00000000 HAL_QSPI_IRQHandler
     /tmp/ccLGcT9r.s:3669   .text.HAL_QSPI_IRQHandler:0000023c $d
     /tmp/ccLGcT9r.s:3674   .text.HAL_QSPI_GetState:00000000 $t
     /tmp/ccLGcT9r.s:3680   .text.HAL_QSPI_GetState:00000000 HAL_QSPI_GetState
     /tmp/ccLGcT9r.s:3698   .text.HAL_QSPI_GetError:00000000 $t
     /tmp/ccLGcT9r.s:3704   .text.HAL_QSPI_GetError:00000000 HAL_QSPI_GetError
     /tmp/ccLGcT9r.s:3722   .text.HAL_QSPI_Abort:00000000 $t
     /tmp/ccLGcT9r.s:3728   .text.HAL_QSPI_Abort:00000000 HAL_QSPI_Abort
     /tmp/ccLGcT9r.s:3880   .text.HAL_QSPI_Abort_IT:00000000 $t
     /tmp/ccLGcT9r.s:3886   .text.HAL_QSPI_Abort_IT:00000000 HAL_QSPI_Abort_IT
     /tmp/ccLGcT9r.s:4006   .text.HAL_QSPI_Abort_IT:00000084 $d
     /tmp/ccLGcT9r.s:4011   .text.QSPI_DMAError:00000000 $t
     /tmp/ccLGcT9r.s:4061   .text.HAL_QSPI_SetTimeout:00000000 $t
     /tmp/ccLGcT9r.s:4067   .text.HAL_QSPI_SetTimeout:00000000 HAL_QSPI_SetTimeout
     /tmp/ccLGcT9r.s:4084   .text.HAL_QSPI_Init:00000000 $t
     /tmp/ccLGcT9r.s:4090   .text.HAL_QSPI_Init:00000000 HAL_QSPI_Init
     /tmp/ccLGcT9r.s:4242   .text.HAL_QSPI_Init:000000ac $d
     /tmp/ccLGcT9r.s:4247   .text.HAL_QSPI_SetFifoThreshold:00000000 $t
     /tmp/ccLGcT9r.s:4253   .text.HAL_QSPI_SetFifoThreshold:00000000 HAL_QSPI_SetFifoThreshold
     /tmp/ccLGcT9r.s:4325   .text.HAL_QSPI_GetFifoThreshold:00000000 $t
     /tmp/ccLGcT9r.s:4331   .text.HAL_QSPI_GetFifoThreshold:00000000 HAL_QSPI_GetFifoThreshold
     /tmp/ccLGcT9r.s:4353   .text.HAL_QSPI_SetFlashID:00000000 $t
     /tmp/ccLGcT9r.s:4359   .text.HAL_QSPI_SetFlashID:00000000 HAL_QSPI_SetFlashID

UNDEFINED SYMBOLS
HAL_GetTick
HAL_DMA_Start_IT
HAL_DMA_Abort_IT
HAL_DMA_Abort
