ARM GAS  /tmp/ccGeOL5J.s 			page 1


   1              		.cpu cortex-m4
   2              		.arch armv7e-m
   3              		.fpu fpv4-sp-d16
   4              		.eabi_attribute 27, 1
   5              		.eabi_attribute 28, 1
   6              		.eabi_attribute 20, 1
   7              		.eabi_attribute 21, 1
   8              		.eabi_attribute 23, 3
   9              		.eabi_attribute 24, 1
  10              		.eabi_attribute 25, 1
  11              		.eabi_attribute 26, 1
  12              		.eabi_attribute 30, 1
  13              		.eabi_attribute 34, 1
  14              		.eabi_attribute 18, 4
  15              		.file	"stm32l4xx_hal_pcd.c"
  16              		.text
  17              	.Ltext0:
  18              		.cfi_sections	.debug_frame
  19              		.file 1 "Drivers/STM32L4xx_HAL_Driver/Src/stm32l4xx_hal_pcd.c"
  20              		.section	.text.HAL_PCD_EP_DB_Receive,"ax",%progbits
  21              		.align	1
  22              		.syntax unified
  23              		.thumb
  24              		.thumb_func
  26              	HAL_PCD_EP_DB_Receive:
  27              	.LVL0:
  28              	.LFB418:
   1:Drivers/STM32L4xx_HAL_Driver/Src/stm32l4xx_hal_pcd.c **** /**
   2:Drivers/STM32L4xx_HAL_Driver/Src/stm32l4xx_hal_pcd.c ****   ******************************************************************************
   3:Drivers/STM32L4xx_HAL_Driver/Src/stm32l4xx_hal_pcd.c ****   * @file    stm32l4xx_hal_pcd.c
   4:Drivers/STM32L4xx_HAL_Driver/Src/stm32l4xx_hal_pcd.c ****   * @author  MCD Application Team
   5:Drivers/STM32L4xx_HAL_Driver/Src/stm32l4xx_hal_pcd.c ****   * @brief   PCD HAL module driver.
   6:Drivers/STM32L4xx_HAL_Driver/Src/stm32l4xx_hal_pcd.c ****   *          This file provides firmware functions to manage the following
   7:Drivers/STM32L4xx_HAL_Driver/Src/stm32l4xx_hal_pcd.c ****   *          functionalities of the USB Peripheral Controller:
   8:Drivers/STM32L4xx_HAL_Driver/Src/stm32l4xx_hal_pcd.c ****   *           + Initialization and de-initialization functions
   9:Drivers/STM32L4xx_HAL_Driver/Src/stm32l4xx_hal_pcd.c ****   *           + IO operation functions
  10:Drivers/STM32L4xx_HAL_Driver/Src/stm32l4xx_hal_pcd.c ****   *           + Peripheral Control functions
  11:Drivers/STM32L4xx_HAL_Driver/Src/stm32l4xx_hal_pcd.c ****   *           + Peripheral State functions
  12:Drivers/STM32L4xx_HAL_Driver/Src/stm32l4xx_hal_pcd.c ****   *
  13:Drivers/STM32L4xx_HAL_Driver/Src/stm32l4xx_hal_pcd.c ****   ******************************************************************************
  14:Drivers/STM32L4xx_HAL_Driver/Src/stm32l4xx_hal_pcd.c ****   * @attention
  15:Drivers/STM32L4xx_HAL_Driver/Src/stm32l4xx_hal_pcd.c ****   *
  16:Drivers/STM32L4xx_HAL_Driver/Src/stm32l4xx_hal_pcd.c ****   * Copyright (c) 2017 STMicroelectronics.
  17:Drivers/STM32L4xx_HAL_Driver/Src/stm32l4xx_hal_pcd.c ****   * All rights reserved.
  18:Drivers/STM32L4xx_HAL_Driver/Src/stm32l4xx_hal_pcd.c ****   *
  19:Drivers/STM32L4xx_HAL_Driver/Src/stm32l4xx_hal_pcd.c ****   * This software is licensed under terms that can be found in the LICENSE file
  20:Drivers/STM32L4xx_HAL_Driver/Src/stm32l4xx_hal_pcd.c ****   * in the root directory of this software component.
  21:Drivers/STM32L4xx_HAL_Driver/Src/stm32l4xx_hal_pcd.c ****   * If no LICENSE file comes with this software, it is provided AS-IS.
  22:Drivers/STM32L4xx_HAL_Driver/Src/stm32l4xx_hal_pcd.c ****   *
  23:Drivers/STM32L4xx_HAL_Driver/Src/stm32l4xx_hal_pcd.c ****   ******************************************************************************
  24:Drivers/STM32L4xx_HAL_Driver/Src/stm32l4xx_hal_pcd.c ****   @verbatim
  25:Drivers/STM32L4xx_HAL_Driver/Src/stm32l4xx_hal_pcd.c ****   ==============================================================================
  26:Drivers/STM32L4xx_HAL_Driver/Src/stm32l4xx_hal_pcd.c ****                     ##### How to use this driver #####
  27:Drivers/STM32L4xx_HAL_Driver/Src/stm32l4xx_hal_pcd.c ****   ==============================================================================
  28:Drivers/STM32L4xx_HAL_Driver/Src/stm32l4xx_hal_pcd.c ****     [..]
  29:Drivers/STM32L4xx_HAL_Driver/Src/stm32l4xx_hal_pcd.c ****       The PCD HAL driver can be used as follows:
  30:Drivers/STM32L4xx_HAL_Driver/Src/stm32l4xx_hal_pcd.c **** 
ARM GAS  /tmp/ccGeOL5J.s 			page 2


  31:Drivers/STM32L4xx_HAL_Driver/Src/stm32l4xx_hal_pcd.c ****      (#) Declare a PCD_HandleTypeDef handle structure, for example:
  32:Drivers/STM32L4xx_HAL_Driver/Src/stm32l4xx_hal_pcd.c ****          PCD_HandleTypeDef  hpcd;
  33:Drivers/STM32L4xx_HAL_Driver/Src/stm32l4xx_hal_pcd.c **** 
  34:Drivers/STM32L4xx_HAL_Driver/Src/stm32l4xx_hal_pcd.c ****      (#) Fill parameters of Init structure in HCD handle
  35:Drivers/STM32L4xx_HAL_Driver/Src/stm32l4xx_hal_pcd.c **** 
  36:Drivers/STM32L4xx_HAL_Driver/Src/stm32l4xx_hal_pcd.c ****      (#) Call HAL_PCD_Init() API to initialize the PCD peripheral (Core, Device core, ...)
  37:Drivers/STM32L4xx_HAL_Driver/Src/stm32l4xx_hal_pcd.c **** 
  38:Drivers/STM32L4xx_HAL_Driver/Src/stm32l4xx_hal_pcd.c ****      (#) Initialize the PCD low level resources through the HAL_PCD_MspInit() API:
  39:Drivers/STM32L4xx_HAL_Driver/Src/stm32l4xx_hal_pcd.c ****          (##) Enable the PCD/USB Low Level interface clock using
  40:Drivers/STM32L4xx_HAL_Driver/Src/stm32l4xx_hal_pcd.c ****               (+++) __HAL_RCC_USB_CLK_ENABLE(); For USB Device FS peripheral
  41:Drivers/STM32L4xx_HAL_Driver/Src/stm32l4xx_hal_pcd.c ****               (+++) __HAL_RCC_USB_OTG_FS_CLK_ENABLE();
  42:Drivers/STM32L4xx_HAL_Driver/Src/stm32l4xx_hal_pcd.c **** 
  43:Drivers/STM32L4xx_HAL_Driver/Src/stm32l4xx_hal_pcd.c ****          (##) Initialize the related GPIO clocks
  44:Drivers/STM32L4xx_HAL_Driver/Src/stm32l4xx_hal_pcd.c ****          (##) Configure PCD pin-out
  45:Drivers/STM32L4xx_HAL_Driver/Src/stm32l4xx_hal_pcd.c ****          (##) Configure PCD NVIC interrupt
  46:Drivers/STM32L4xx_HAL_Driver/Src/stm32l4xx_hal_pcd.c **** 
  47:Drivers/STM32L4xx_HAL_Driver/Src/stm32l4xx_hal_pcd.c ****      (#)Associate the Upper USB device stack to the HAL PCD Driver:
  48:Drivers/STM32L4xx_HAL_Driver/Src/stm32l4xx_hal_pcd.c ****          (##) hpcd.pData = pdev;
  49:Drivers/STM32L4xx_HAL_Driver/Src/stm32l4xx_hal_pcd.c **** 
  50:Drivers/STM32L4xx_HAL_Driver/Src/stm32l4xx_hal_pcd.c ****      (#)Enable PCD transmission and reception:
  51:Drivers/STM32L4xx_HAL_Driver/Src/stm32l4xx_hal_pcd.c ****          (##) HAL_PCD_Start();
  52:Drivers/STM32L4xx_HAL_Driver/Src/stm32l4xx_hal_pcd.c **** 
  53:Drivers/STM32L4xx_HAL_Driver/Src/stm32l4xx_hal_pcd.c ****      (#)NOTE: For applications not using double buffer mode, define the symbol
  54:Drivers/STM32L4xx_HAL_Driver/Src/stm32l4xx_hal_pcd.c ****                'USE_USB_DOUBLE_BUFFER' as 0 to reduce the driver's memory footprint.
  55:Drivers/STM32L4xx_HAL_Driver/Src/stm32l4xx_hal_pcd.c **** 
  56:Drivers/STM32L4xx_HAL_Driver/Src/stm32l4xx_hal_pcd.c ****   @endverbatim
  57:Drivers/STM32L4xx_HAL_Driver/Src/stm32l4xx_hal_pcd.c ****   ******************************************************************************
  58:Drivers/STM32L4xx_HAL_Driver/Src/stm32l4xx_hal_pcd.c ****   */
  59:Drivers/STM32L4xx_HAL_Driver/Src/stm32l4xx_hal_pcd.c **** 
  60:Drivers/STM32L4xx_HAL_Driver/Src/stm32l4xx_hal_pcd.c **** /* Includes ------------------------------------------------------------------*/
  61:Drivers/STM32L4xx_HAL_Driver/Src/stm32l4xx_hal_pcd.c **** #include "stm32l4xx_hal.h"
  62:Drivers/STM32L4xx_HAL_Driver/Src/stm32l4xx_hal_pcd.c **** 
  63:Drivers/STM32L4xx_HAL_Driver/Src/stm32l4xx_hal_pcd.c **** /** @addtogroup STM32L4xx_HAL_Driver
  64:Drivers/STM32L4xx_HAL_Driver/Src/stm32l4xx_hal_pcd.c ****   * @{
  65:Drivers/STM32L4xx_HAL_Driver/Src/stm32l4xx_hal_pcd.c ****   */
  66:Drivers/STM32L4xx_HAL_Driver/Src/stm32l4xx_hal_pcd.c **** 
  67:Drivers/STM32L4xx_HAL_Driver/Src/stm32l4xx_hal_pcd.c **** /** @defgroup PCD PCD
  68:Drivers/STM32L4xx_HAL_Driver/Src/stm32l4xx_hal_pcd.c ****   * @brief PCD HAL module driver
  69:Drivers/STM32L4xx_HAL_Driver/Src/stm32l4xx_hal_pcd.c ****   * @{
  70:Drivers/STM32L4xx_HAL_Driver/Src/stm32l4xx_hal_pcd.c ****   */
  71:Drivers/STM32L4xx_HAL_Driver/Src/stm32l4xx_hal_pcd.c **** 
  72:Drivers/STM32L4xx_HAL_Driver/Src/stm32l4xx_hal_pcd.c **** #ifdef HAL_PCD_MODULE_ENABLED
  73:Drivers/STM32L4xx_HAL_Driver/Src/stm32l4xx_hal_pcd.c **** 
  74:Drivers/STM32L4xx_HAL_Driver/Src/stm32l4xx_hal_pcd.c **** #if defined (USB) || defined (USB_OTG_FS)
  75:Drivers/STM32L4xx_HAL_Driver/Src/stm32l4xx_hal_pcd.c **** 
  76:Drivers/STM32L4xx_HAL_Driver/Src/stm32l4xx_hal_pcd.c **** /* Private types -------------------------------------------------------------*/
  77:Drivers/STM32L4xx_HAL_Driver/Src/stm32l4xx_hal_pcd.c **** /* Private variables ---------------------------------------------------------*/
  78:Drivers/STM32L4xx_HAL_Driver/Src/stm32l4xx_hal_pcd.c **** /* Private constants ---------------------------------------------------------*/
  79:Drivers/STM32L4xx_HAL_Driver/Src/stm32l4xx_hal_pcd.c **** /* Private macros ------------------------------------------------------------*/
  80:Drivers/STM32L4xx_HAL_Driver/Src/stm32l4xx_hal_pcd.c **** /** @defgroup PCD_Private_Macros PCD Private Macros
  81:Drivers/STM32L4xx_HAL_Driver/Src/stm32l4xx_hal_pcd.c ****   * @{
  82:Drivers/STM32L4xx_HAL_Driver/Src/stm32l4xx_hal_pcd.c ****   */
  83:Drivers/STM32L4xx_HAL_Driver/Src/stm32l4xx_hal_pcd.c **** #define PCD_MIN(a, b)  (((a) < (b)) ? (a) : (b))
  84:Drivers/STM32L4xx_HAL_Driver/Src/stm32l4xx_hal_pcd.c **** #define PCD_MAX(a, b)  (((a) > (b)) ? (a) : (b))
  85:Drivers/STM32L4xx_HAL_Driver/Src/stm32l4xx_hal_pcd.c **** /**
  86:Drivers/STM32L4xx_HAL_Driver/Src/stm32l4xx_hal_pcd.c ****   * @}
  87:Drivers/STM32L4xx_HAL_Driver/Src/stm32l4xx_hal_pcd.c ****   */
ARM GAS  /tmp/ccGeOL5J.s 			page 3


  88:Drivers/STM32L4xx_HAL_Driver/Src/stm32l4xx_hal_pcd.c **** 
  89:Drivers/STM32L4xx_HAL_Driver/Src/stm32l4xx_hal_pcd.c **** /* Private functions prototypes ----------------------------------------------*/
  90:Drivers/STM32L4xx_HAL_Driver/Src/stm32l4xx_hal_pcd.c **** /** @defgroup PCD_Private_Functions PCD Private Functions
  91:Drivers/STM32L4xx_HAL_Driver/Src/stm32l4xx_hal_pcd.c ****   * @{
  92:Drivers/STM32L4xx_HAL_Driver/Src/stm32l4xx_hal_pcd.c ****   */
  93:Drivers/STM32L4xx_HAL_Driver/Src/stm32l4xx_hal_pcd.c **** #if defined (USB_OTG_FS)
  94:Drivers/STM32L4xx_HAL_Driver/Src/stm32l4xx_hal_pcd.c **** static HAL_StatusTypeDef PCD_WriteEmptyTxFifo(PCD_HandleTypeDef *hpcd, uint32_t epnum);
  95:Drivers/STM32L4xx_HAL_Driver/Src/stm32l4xx_hal_pcd.c **** static HAL_StatusTypeDef PCD_EP_OutXfrComplete_int(PCD_HandleTypeDef *hpcd, uint32_t epnum);
  96:Drivers/STM32L4xx_HAL_Driver/Src/stm32l4xx_hal_pcd.c **** static HAL_StatusTypeDef PCD_EP_OutSetupPacket_int(PCD_HandleTypeDef *hpcd, uint32_t epnum);
  97:Drivers/STM32L4xx_HAL_Driver/Src/stm32l4xx_hal_pcd.c **** #endif /* defined (USB_OTG_FS) */
  98:Drivers/STM32L4xx_HAL_Driver/Src/stm32l4xx_hal_pcd.c **** 
  99:Drivers/STM32L4xx_HAL_Driver/Src/stm32l4xx_hal_pcd.c **** #if defined (USB)
 100:Drivers/STM32L4xx_HAL_Driver/Src/stm32l4xx_hal_pcd.c **** static HAL_StatusTypeDef PCD_EP_ISR_Handler(PCD_HandleTypeDef *hpcd);
 101:Drivers/STM32L4xx_HAL_Driver/Src/stm32l4xx_hal_pcd.c **** #if (USE_USB_DOUBLE_BUFFER == 1U)
 102:Drivers/STM32L4xx_HAL_Driver/Src/stm32l4xx_hal_pcd.c **** static HAL_StatusTypeDef HAL_PCD_EP_DB_Transmit(PCD_HandleTypeDef *hpcd, PCD_EPTypeDef *ep, uint16_
 103:Drivers/STM32L4xx_HAL_Driver/Src/stm32l4xx_hal_pcd.c **** static uint16_t HAL_PCD_EP_DB_Receive(PCD_HandleTypeDef *hpcd, PCD_EPTypeDef *ep, uint16_t wEPVal);
 104:Drivers/STM32L4xx_HAL_Driver/Src/stm32l4xx_hal_pcd.c **** #endif /* (USE_USB_DOUBLE_BUFFER == 1U) */
 105:Drivers/STM32L4xx_HAL_Driver/Src/stm32l4xx_hal_pcd.c **** #endif /* defined (USB) */
 106:Drivers/STM32L4xx_HAL_Driver/Src/stm32l4xx_hal_pcd.c **** /**
 107:Drivers/STM32L4xx_HAL_Driver/Src/stm32l4xx_hal_pcd.c ****   * @}
 108:Drivers/STM32L4xx_HAL_Driver/Src/stm32l4xx_hal_pcd.c ****   */
 109:Drivers/STM32L4xx_HAL_Driver/Src/stm32l4xx_hal_pcd.c **** 
 110:Drivers/STM32L4xx_HAL_Driver/Src/stm32l4xx_hal_pcd.c **** /* Exported functions --------------------------------------------------------*/
 111:Drivers/STM32L4xx_HAL_Driver/Src/stm32l4xx_hal_pcd.c **** /** @defgroup PCD_Exported_Functions PCD Exported Functions
 112:Drivers/STM32L4xx_HAL_Driver/Src/stm32l4xx_hal_pcd.c ****   * @{
 113:Drivers/STM32L4xx_HAL_Driver/Src/stm32l4xx_hal_pcd.c ****   */
 114:Drivers/STM32L4xx_HAL_Driver/Src/stm32l4xx_hal_pcd.c **** 
 115:Drivers/STM32L4xx_HAL_Driver/Src/stm32l4xx_hal_pcd.c **** /** @defgroup PCD_Exported_Functions_Group1 Initialization and de-initialization functions
 116:Drivers/STM32L4xx_HAL_Driver/Src/stm32l4xx_hal_pcd.c ****   *  @brief    Initialization and Configuration functions
 117:Drivers/STM32L4xx_HAL_Driver/Src/stm32l4xx_hal_pcd.c ****   *
 118:Drivers/STM32L4xx_HAL_Driver/Src/stm32l4xx_hal_pcd.c **** @verbatim
 119:Drivers/STM32L4xx_HAL_Driver/Src/stm32l4xx_hal_pcd.c ****  ===============================================================================
 120:Drivers/STM32L4xx_HAL_Driver/Src/stm32l4xx_hal_pcd.c ****             ##### Initialization and de-initialization functions #####
 121:Drivers/STM32L4xx_HAL_Driver/Src/stm32l4xx_hal_pcd.c ****  ===============================================================================
 122:Drivers/STM32L4xx_HAL_Driver/Src/stm32l4xx_hal_pcd.c ****     [..]  This section provides functions allowing to:
 123:Drivers/STM32L4xx_HAL_Driver/Src/stm32l4xx_hal_pcd.c **** 
 124:Drivers/STM32L4xx_HAL_Driver/Src/stm32l4xx_hal_pcd.c **** @endverbatim
 125:Drivers/STM32L4xx_HAL_Driver/Src/stm32l4xx_hal_pcd.c ****   * @{
 126:Drivers/STM32L4xx_HAL_Driver/Src/stm32l4xx_hal_pcd.c ****   */
 127:Drivers/STM32L4xx_HAL_Driver/Src/stm32l4xx_hal_pcd.c **** 
 128:Drivers/STM32L4xx_HAL_Driver/Src/stm32l4xx_hal_pcd.c **** /**
 129:Drivers/STM32L4xx_HAL_Driver/Src/stm32l4xx_hal_pcd.c ****   * @brief  Initializes the PCD according to the specified
 130:Drivers/STM32L4xx_HAL_Driver/Src/stm32l4xx_hal_pcd.c ****   *         parameters in the PCD_InitTypeDef and initialize the associated handle.
 131:Drivers/STM32L4xx_HAL_Driver/Src/stm32l4xx_hal_pcd.c ****   * @param  hpcd PCD handle
 132:Drivers/STM32L4xx_HAL_Driver/Src/stm32l4xx_hal_pcd.c ****   * @retval HAL status
 133:Drivers/STM32L4xx_HAL_Driver/Src/stm32l4xx_hal_pcd.c ****   */
 134:Drivers/STM32L4xx_HAL_Driver/Src/stm32l4xx_hal_pcd.c **** HAL_StatusTypeDef HAL_PCD_Init(PCD_HandleTypeDef *hpcd)
 135:Drivers/STM32L4xx_HAL_Driver/Src/stm32l4xx_hal_pcd.c **** {
 136:Drivers/STM32L4xx_HAL_Driver/Src/stm32l4xx_hal_pcd.c ****   uint8_t i;
 137:Drivers/STM32L4xx_HAL_Driver/Src/stm32l4xx_hal_pcd.c **** 
 138:Drivers/STM32L4xx_HAL_Driver/Src/stm32l4xx_hal_pcd.c ****   /* Check the PCD handle allocation */
 139:Drivers/STM32L4xx_HAL_Driver/Src/stm32l4xx_hal_pcd.c ****   if (hpcd == NULL)
 140:Drivers/STM32L4xx_HAL_Driver/Src/stm32l4xx_hal_pcd.c ****   {
 141:Drivers/STM32L4xx_HAL_Driver/Src/stm32l4xx_hal_pcd.c ****     return HAL_ERROR;
 142:Drivers/STM32L4xx_HAL_Driver/Src/stm32l4xx_hal_pcd.c ****   }
 143:Drivers/STM32L4xx_HAL_Driver/Src/stm32l4xx_hal_pcd.c **** 
 144:Drivers/STM32L4xx_HAL_Driver/Src/stm32l4xx_hal_pcd.c ****   /* Check the parameters */
ARM GAS  /tmp/ccGeOL5J.s 			page 4


 145:Drivers/STM32L4xx_HAL_Driver/Src/stm32l4xx_hal_pcd.c ****   assert_param(IS_PCD_ALL_INSTANCE(hpcd->Instance));
 146:Drivers/STM32L4xx_HAL_Driver/Src/stm32l4xx_hal_pcd.c **** 
 147:Drivers/STM32L4xx_HAL_Driver/Src/stm32l4xx_hal_pcd.c ****   if (hpcd->State == HAL_PCD_STATE_RESET)
 148:Drivers/STM32L4xx_HAL_Driver/Src/stm32l4xx_hal_pcd.c ****   {
 149:Drivers/STM32L4xx_HAL_Driver/Src/stm32l4xx_hal_pcd.c ****     /* Allocate lock resource and initialize it */
 150:Drivers/STM32L4xx_HAL_Driver/Src/stm32l4xx_hal_pcd.c ****     hpcd->Lock = HAL_UNLOCKED;
 151:Drivers/STM32L4xx_HAL_Driver/Src/stm32l4xx_hal_pcd.c **** 
 152:Drivers/STM32L4xx_HAL_Driver/Src/stm32l4xx_hal_pcd.c **** #if (USE_HAL_PCD_REGISTER_CALLBACKS == 1U)
 153:Drivers/STM32L4xx_HAL_Driver/Src/stm32l4xx_hal_pcd.c ****     hpcd->SOFCallback = HAL_PCD_SOFCallback;
 154:Drivers/STM32L4xx_HAL_Driver/Src/stm32l4xx_hal_pcd.c ****     hpcd->SetupStageCallback = HAL_PCD_SetupStageCallback;
 155:Drivers/STM32L4xx_HAL_Driver/Src/stm32l4xx_hal_pcd.c ****     hpcd->ResetCallback = HAL_PCD_ResetCallback;
 156:Drivers/STM32L4xx_HAL_Driver/Src/stm32l4xx_hal_pcd.c ****     hpcd->SuspendCallback = HAL_PCD_SuspendCallback;
 157:Drivers/STM32L4xx_HAL_Driver/Src/stm32l4xx_hal_pcd.c ****     hpcd->ResumeCallback = HAL_PCD_ResumeCallback;
 158:Drivers/STM32L4xx_HAL_Driver/Src/stm32l4xx_hal_pcd.c ****     hpcd->ConnectCallback = HAL_PCD_ConnectCallback;
 159:Drivers/STM32L4xx_HAL_Driver/Src/stm32l4xx_hal_pcd.c ****     hpcd->DisconnectCallback = HAL_PCD_DisconnectCallback;
 160:Drivers/STM32L4xx_HAL_Driver/Src/stm32l4xx_hal_pcd.c ****     hpcd->DataOutStageCallback = HAL_PCD_DataOutStageCallback;
 161:Drivers/STM32L4xx_HAL_Driver/Src/stm32l4xx_hal_pcd.c ****     hpcd->DataInStageCallback = HAL_PCD_DataInStageCallback;
 162:Drivers/STM32L4xx_HAL_Driver/Src/stm32l4xx_hal_pcd.c ****     hpcd->ISOOUTIncompleteCallback = HAL_PCD_ISOOUTIncompleteCallback;
 163:Drivers/STM32L4xx_HAL_Driver/Src/stm32l4xx_hal_pcd.c ****     hpcd->ISOINIncompleteCallback = HAL_PCD_ISOINIncompleteCallback;
 164:Drivers/STM32L4xx_HAL_Driver/Src/stm32l4xx_hal_pcd.c ****     hpcd->LPMCallback = HAL_PCDEx_LPM_Callback;
 165:Drivers/STM32L4xx_HAL_Driver/Src/stm32l4xx_hal_pcd.c ****     hpcd->BCDCallback = HAL_PCDEx_BCD_Callback;
 166:Drivers/STM32L4xx_HAL_Driver/Src/stm32l4xx_hal_pcd.c **** 
 167:Drivers/STM32L4xx_HAL_Driver/Src/stm32l4xx_hal_pcd.c ****     if (hpcd->MspInitCallback == NULL)
 168:Drivers/STM32L4xx_HAL_Driver/Src/stm32l4xx_hal_pcd.c ****     {
 169:Drivers/STM32L4xx_HAL_Driver/Src/stm32l4xx_hal_pcd.c ****       hpcd->MspInitCallback = HAL_PCD_MspInit;
 170:Drivers/STM32L4xx_HAL_Driver/Src/stm32l4xx_hal_pcd.c ****     }
 171:Drivers/STM32L4xx_HAL_Driver/Src/stm32l4xx_hal_pcd.c **** 
 172:Drivers/STM32L4xx_HAL_Driver/Src/stm32l4xx_hal_pcd.c ****     /* Init the low level hardware */
 173:Drivers/STM32L4xx_HAL_Driver/Src/stm32l4xx_hal_pcd.c ****     hpcd->MspInitCallback(hpcd);
 174:Drivers/STM32L4xx_HAL_Driver/Src/stm32l4xx_hal_pcd.c **** #else
 175:Drivers/STM32L4xx_HAL_Driver/Src/stm32l4xx_hal_pcd.c ****     /* Init the low level hardware : GPIO, CLOCK, NVIC... */
 176:Drivers/STM32L4xx_HAL_Driver/Src/stm32l4xx_hal_pcd.c ****     HAL_PCD_MspInit(hpcd);
 177:Drivers/STM32L4xx_HAL_Driver/Src/stm32l4xx_hal_pcd.c **** #endif /* (USE_HAL_PCD_REGISTER_CALLBACKS) */
 178:Drivers/STM32L4xx_HAL_Driver/Src/stm32l4xx_hal_pcd.c ****   }
 179:Drivers/STM32L4xx_HAL_Driver/Src/stm32l4xx_hal_pcd.c **** 
 180:Drivers/STM32L4xx_HAL_Driver/Src/stm32l4xx_hal_pcd.c ****   hpcd->State = HAL_PCD_STATE_BUSY;
 181:Drivers/STM32L4xx_HAL_Driver/Src/stm32l4xx_hal_pcd.c **** 
 182:Drivers/STM32L4xx_HAL_Driver/Src/stm32l4xx_hal_pcd.c ****   /* Disable DMA mode for FS instance */
 183:Drivers/STM32L4xx_HAL_Driver/Src/stm32l4xx_hal_pcd.c ****   hpcd->Init.dma_enable = 0U;
 184:Drivers/STM32L4xx_HAL_Driver/Src/stm32l4xx_hal_pcd.c **** 
 185:Drivers/STM32L4xx_HAL_Driver/Src/stm32l4xx_hal_pcd.c ****   /* Disable the Interrupts */
 186:Drivers/STM32L4xx_HAL_Driver/Src/stm32l4xx_hal_pcd.c ****   __HAL_PCD_DISABLE(hpcd);
 187:Drivers/STM32L4xx_HAL_Driver/Src/stm32l4xx_hal_pcd.c **** 
 188:Drivers/STM32L4xx_HAL_Driver/Src/stm32l4xx_hal_pcd.c ****   /*Init the Core (common init.) */
 189:Drivers/STM32L4xx_HAL_Driver/Src/stm32l4xx_hal_pcd.c ****   if (USB_CoreInit(hpcd->Instance, hpcd->Init) != HAL_OK)
 190:Drivers/STM32L4xx_HAL_Driver/Src/stm32l4xx_hal_pcd.c ****   {
 191:Drivers/STM32L4xx_HAL_Driver/Src/stm32l4xx_hal_pcd.c ****     hpcd->State = HAL_PCD_STATE_ERROR;
 192:Drivers/STM32L4xx_HAL_Driver/Src/stm32l4xx_hal_pcd.c ****     return HAL_ERROR;
 193:Drivers/STM32L4xx_HAL_Driver/Src/stm32l4xx_hal_pcd.c ****   }
 194:Drivers/STM32L4xx_HAL_Driver/Src/stm32l4xx_hal_pcd.c **** 
 195:Drivers/STM32L4xx_HAL_Driver/Src/stm32l4xx_hal_pcd.c ****   /* Force Device Mode */
 196:Drivers/STM32L4xx_HAL_Driver/Src/stm32l4xx_hal_pcd.c ****   if (USB_SetCurrentMode(hpcd->Instance, USB_DEVICE_MODE) != HAL_OK)
 197:Drivers/STM32L4xx_HAL_Driver/Src/stm32l4xx_hal_pcd.c ****   {
 198:Drivers/STM32L4xx_HAL_Driver/Src/stm32l4xx_hal_pcd.c ****     hpcd->State = HAL_PCD_STATE_ERROR;
 199:Drivers/STM32L4xx_HAL_Driver/Src/stm32l4xx_hal_pcd.c ****     return HAL_ERROR;
 200:Drivers/STM32L4xx_HAL_Driver/Src/stm32l4xx_hal_pcd.c ****   }
 201:Drivers/STM32L4xx_HAL_Driver/Src/stm32l4xx_hal_pcd.c **** 
ARM GAS  /tmp/ccGeOL5J.s 			page 5


 202:Drivers/STM32L4xx_HAL_Driver/Src/stm32l4xx_hal_pcd.c ****   /* Init endpoints structures */
 203:Drivers/STM32L4xx_HAL_Driver/Src/stm32l4xx_hal_pcd.c ****   for (i = 0U; i < hpcd->Init.dev_endpoints; i++)
 204:Drivers/STM32L4xx_HAL_Driver/Src/stm32l4xx_hal_pcd.c ****   {
 205:Drivers/STM32L4xx_HAL_Driver/Src/stm32l4xx_hal_pcd.c ****     /* Init ep structure */
 206:Drivers/STM32L4xx_HAL_Driver/Src/stm32l4xx_hal_pcd.c ****     hpcd->IN_ep[i].is_in = 1U;
 207:Drivers/STM32L4xx_HAL_Driver/Src/stm32l4xx_hal_pcd.c ****     hpcd->IN_ep[i].num = i;
 208:Drivers/STM32L4xx_HAL_Driver/Src/stm32l4xx_hal_pcd.c **** #if defined (USB_OTG_FS)
 209:Drivers/STM32L4xx_HAL_Driver/Src/stm32l4xx_hal_pcd.c ****     hpcd->IN_ep[i].tx_fifo_num = i;
 210:Drivers/STM32L4xx_HAL_Driver/Src/stm32l4xx_hal_pcd.c **** #endif /* defined (USB_OTG_FS) */
 211:Drivers/STM32L4xx_HAL_Driver/Src/stm32l4xx_hal_pcd.c ****     /* Control until ep is activated */
 212:Drivers/STM32L4xx_HAL_Driver/Src/stm32l4xx_hal_pcd.c ****     hpcd->IN_ep[i].type = EP_TYPE_CTRL;
 213:Drivers/STM32L4xx_HAL_Driver/Src/stm32l4xx_hal_pcd.c ****     hpcd->IN_ep[i].maxpacket = 0U;
 214:Drivers/STM32L4xx_HAL_Driver/Src/stm32l4xx_hal_pcd.c ****     hpcd->IN_ep[i].xfer_buff = 0U;
 215:Drivers/STM32L4xx_HAL_Driver/Src/stm32l4xx_hal_pcd.c ****     hpcd->IN_ep[i].xfer_len = 0U;
 216:Drivers/STM32L4xx_HAL_Driver/Src/stm32l4xx_hal_pcd.c ****   }
 217:Drivers/STM32L4xx_HAL_Driver/Src/stm32l4xx_hal_pcd.c **** 
 218:Drivers/STM32L4xx_HAL_Driver/Src/stm32l4xx_hal_pcd.c ****   for (i = 0U; i < hpcd->Init.dev_endpoints; i++)
 219:Drivers/STM32L4xx_HAL_Driver/Src/stm32l4xx_hal_pcd.c ****   {
 220:Drivers/STM32L4xx_HAL_Driver/Src/stm32l4xx_hal_pcd.c ****     hpcd->OUT_ep[i].is_in = 0U;
 221:Drivers/STM32L4xx_HAL_Driver/Src/stm32l4xx_hal_pcd.c ****     hpcd->OUT_ep[i].num = i;
 222:Drivers/STM32L4xx_HAL_Driver/Src/stm32l4xx_hal_pcd.c ****     /* Control until ep is activated */
 223:Drivers/STM32L4xx_HAL_Driver/Src/stm32l4xx_hal_pcd.c ****     hpcd->OUT_ep[i].type = EP_TYPE_CTRL;
 224:Drivers/STM32L4xx_HAL_Driver/Src/stm32l4xx_hal_pcd.c ****     hpcd->OUT_ep[i].maxpacket = 0U;
 225:Drivers/STM32L4xx_HAL_Driver/Src/stm32l4xx_hal_pcd.c ****     hpcd->OUT_ep[i].xfer_buff = 0U;
 226:Drivers/STM32L4xx_HAL_Driver/Src/stm32l4xx_hal_pcd.c ****     hpcd->OUT_ep[i].xfer_len = 0U;
 227:Drivers/STM32L4xx_HAL_Driver/Src/stm32l4xx_hal_pcd.c ****   }
 228:Drivers/STM32L4xx_HAL_Driver/Src/stm32l4xx_hal_pcd.c **** 
 229:Drivers/STM32L4xx_HAL_Driver/Src/stm32l4xx_hal_pcd.c ****   /* Init Device */
 230:Drivers/STM32L4xx_HAL_Driver/Src/stm32l4xx_hal_pcd.c ****   if (USB_DevInit(hpcd->Instance, hpcd->Init) != HAL_OK)
 231:Drivers/STM32L4xx_HAL_Driver/Src/stm32l4xx_hal_pcd.c ****   {
 232:Drivers/STM32L4xx_HAL_Driver/Src/stm32l4xx_hal_pcd.c ****     hpcd->State = HAL_PCD_STATE_ERROR;
 233:Drivers/STM32L4xx_HAL_Driver/Src/stm32l4xx_hal_pcd.c ****     return HAL_ERROR;
 234:Drivers/STM32L4xx_HAL_Driver/Src/stm32l4xx_hal_pcd.c ****   }
 235:Drivers/STM32L4xx_HAL_Driver/Src/stm32l4xx_hal_pcd.c **** 
 236:Drivers/STM32L4xx_HAL_Driver/Src/stm32l4xx_hal_pcd.c ****   hpcd->USB_Address = 0U;
 237:Drivers/STM32L4xx_HAL_Driver/Src/stm32l4xx_hal_pcd.c ****   hpcd->State = HAL_PCD_STATE_READY;
 238:Drivers/STM32L4xx_HAL_Driver/Src/stm32l4xx_hal_pcd.c **** 
 239:Drivers/STM32L4xx_HAL_Driver/Src/stm32l4xx_hal_pcd.c ****   /* Activate LPM */
 240:Drivers/STM32L4xx_HAL_Driver/Src/stm32l4xx_hal_pcd.c ****   if (hpcd->Init.lpm_enable == 1U)
 241:Drivers/STM32L4xx_HAL_Driver/Src/stm32l4xx_hal_pcd.c ****   {
 242:Drivers/STM32L4xx_HAL_Driver/Src/stm32l4xx_hal_pcd.c ****     (void)HAL_PCDEx_ActivateLPM(hpcd);
 243:Drivers/STM32L4xx_HAL_Driver/Src/stm32l4xx_hal_pcd.c ****   }
 244:Drivers/STM32L4xx_HAL_Driver/Src/stm32l4xx_hal_pcd.c **** 
 245:Drivers/STM32L4xx_HAL_Driver/Src/stm32l4xx_hal_pcd.c ****   (void)USB_DevDisconnect(hpcd->Instance);
 246:Drivers/STM32L4xx_HAL_Driver/Src/stm32l4xx_hal_pcd.c **** 
 247:Drivers/STM32L4xx_HAL_Driver/Src/stm32l4xx_hal_pcd.c ****   return HAL_OK;
 248:Drivers/STM32L4xx_HAL_Driver/Src/stm32l4xx_hal_pcd.c **** }
 249:Drivers/STM32L4xx_HAL_Driver/Src/stm32l4xx_hal_pcd.c **** 
 250:Drivers/STM32L4xx_HAL_Driver/Src/stm32l4xx_hal_pcd.c **** /**
 251:Drivers/STM32L4xx_HAL_Driver/Src/stm32l4xx_hal_pcd.c ****   * @brief  DeInitializes the PCD peripheral.
 252:Drivers/STM32L4xx_HAL_Driver/Src/stm32l4xx_hal_pcd.c ****   * @param  hpcd PCD handle
 253:Drivers/STM32L4xx_HAL_Driver/Src/stm32l4xx_hal_pcd.c ****   * @retval HAL status
 254:Drivers/STM32L4xx_HAL_Driver/Src/stm32l4xx_hal_pcd.c ****   */
 255:Drivers/STM32L4xx_HAL_Driver/Src/stm32l4xx_hal_pcd.c **** HAL_StatusTypeDef HAL_PCD_DeInit(PCD_HandleTypeDef *hpcd)
 256:Drivers/STM32L4xx_HAL_Driver/Src/stm32l4xx_hal_pcd.c **** {
 257:Drivers/STM32L4xx_HAL_Driver/Src/stm32l4xx_hal_pcd.c ****   /* Check the PCD handle allocation */
 258:Drivers/STM32L4xx_HAL_Driver/Src/stm32l4xx_hal_pcd.c ****   if (hpcd == NULL)
ARM GAS  /tmp/ccGeOL5J.s 			page 6


 259:Drivers/STM32L4xx_HAL_Driver/Src/stm32l4xx_hal_pcd.c ****   {
 260:Drivers/STM32L4xx_HAL_Driver/Src/stm32l4xx_hal_pcd.c ****     return HAL_ERROR;
 261:Drivers/STM32L4xx_HAL_Driver/Src/stm32l4xx_hal_pcd.c ****   }
 262:Drivers/STM32L4xx_HAL_Driver/Src/stm32l4xx_hal_pcd.c **** 
 263:Drivers/STM32L4xx_HAL_Driver/Src/stm32l4xx_hal_pcd.c ****   hpcd->State = HAL_PCD_STATE_BUSY;
 264:Drivers/STM32L4xx_HAL_Driver/Src/stm32l4xx_hal_pcd.c **** 
 265:Drivers/STM32L4xx_HAL_Driver/Src/stm32l4xx_hal_pcd.c ****   /* Stop Device */
 266:Drivers/STM32L4xx_HAL_Driver/Src/stm32l4xx_hal_pcd.c ****   if (USB_StopDevice(hpcd->Instance) != HAL_OK)
 267:Drivers/STM32L4xx_HAL_Driver/Src/stm32l4xx_hal_pcd.c ****   {
 268:Drivers/STM32L4xx_HAL_Driver/Src/stm32l4xx_hal_pcd.c ****     return HAL_ERROR;
 269:Drivers/STM32L4xx_HAL_Driver/Src/stm32l4xx_hal_pcd.c ****   }
 270:Drivers/STM32L4xx_HAL_Driver/Src/stm32l4xx_hal_pcd.c **** 
 271:Drivers/STM32L4xx_HAL_Driver/Src/stm32l4xx_hal_pcd.c **** #if (USE_HAL_PCD_REGISTER_CALLBACKS == 1U)
 272:Drivers/STM32L4xx_HAL_Driver/Src/stm32l4xx_hal_pcd.c ****   if (hpcd->MspDeInitCallback == NULL)
 273:Drivers/STM32L4xx_HAL_Driver/Src/stm32l4xx_hal_pcd.c ****   {
 274:Drivers/STM32L4xx_HAL_Driver/Src/stm32l4xx_hal_pcd.c ****     hpcd->MspDeInitCallback = HAL_PCD_MspDeInit; /* Legacy weak MspDeInit  */
 275:Drivers/STM32L4xx_HAL_Driver/Src/stm32l4xx_hal_pcd.c ****   }
 276:Drivers/STM32L4xx_HAL_Driver/Src/stm32l4xx_hal_pcd.c **** 
 277:Drivers/STM32L4xx_HAL_Driver/Src/stm32l4xx_hal_pcd.c ****   /* DeInit the low level hardware */
 278:Drivers/STM32L4xx_HAL_Driver/Src/stm32l4xx_hal_pcd.c ****   hpcd->MspDeInitCallback(hpcd);
 279:Drivers/STM32L4xx_HAL_Driver/Src/stm32l4xx_hal_pcd.c **** #else
 280:Drivers/STM32L4xx_HAL_Driver/Src/stm32l4xx_hal_pcd.c ****   /* DeInit the low level hardware: CLOCK, NVIC.*/
 281:Drivers/STM32L4xx_HAL_Driver/Src/stm32l4xx_hal_pcd.c ****   HAL_PCD_MspDeInit(hpcd);
 282:Drivers/STM32L4xx_HAL_Driver/Src/stm32l4xx_hal_pcd.c **** #endif /* USE_HAL_PCD_REGISTER_CALLBACKS */
 283:Drivers/STM32L4xx_HAL_Driver/Src/stm32l4xx_hal_pcd.c **** 
 284:Drivers/STM32L4xx_HAL_Driver/Src/stm32l4xx_hal_pcd.c ****   hpcd->State = HAL_PCD_STATE_RESET;
 285:Drivers/STM32L4xx_HAL_Driver/Src/stm32l4xx_hal_pcd.c **** 
 286:Drivers/STM32L4xx_HAL_Driver/Src/stm32l4xx_hal_pcd.c ****   return HAL_OK;
 287:Drivers/STM32L4xx_HAL_Driver/Src/stm32l4xx_hal_pcd.c **** }
 288:Drivers/STM32L4xx_HAL_Driver/Src/stm32l4xx_hal_pcd.c **** 
 289:Drivers/STM32L4xx_HAL_Driver/Src/stm32l4xx_hal_pcd.c **** /**
 290:Drivers/STM32L4xx_HAL_Driver/Src/stm32l4xx_hal_pcd.c ****   * @brief  Initializes the PCD MSP.
 291:Drivers/STM32L4xx_HAL_Driver/Src/stm32l4xx_hal_pcd.c ****   * @param  hpcd PCD handle
 292:Drivers/STM32L4xx_HAL_Driver/Src/stm32l4xx_hal_pcd.c ****   * @retval None
 293:Drivers/STM32L4xx_HAL_Driver/Src/stm32l4xx_hal_pcd.c ****   */
 294:Drivers/STM32L4xx_HAL_Driver/Src/stm32l4xx_hal_pcd.c **** __weak void HAL_PCD_MspInit(PCD_HandleTypeDef *hpcd)
 295:Drivers/STM32L4xx_HAL_Driver/Src/stm32l4xx_hal_pcd.c **** {
 296:Drivers/STM32L4xx_HAL_Driver/Src/stm32l4xx_hal_pcd.c ****   /* Prevent unused argument(s) compilation warning */
 297:Drivers/STM32L4xx_HAL_Driver/Src/stm32l4xx_hal_pcd.c ****   UNUSED(hpcd);
 298:Drivers/STM32L4xx_HAL_Driver/Src/stm32l4xx_hal_pcd.c **** 
 299:Drivers/STM32L4xx_HAL_Driver/Src/stm32l4xx_hal_pcd.c ****   /* NOTE : This function should not be modified, when the callback is needed,
 300:Drivers/STM32L4xx_HAL_Driver/Src/stm32l4xx_hal_pcd.c ****             the HAL_PCD_MspInit could be implemented in the user file
 301:Drivers/STM32L4xx_HAL_Driver/Src/stm32l4xx_hal_pcd.c ****    */
 302:Drivers/STM32L4xx_HAL_Driver/Src/stm32l4xx_hal_pcd.c **** }
 303:Drivers/STM32L4xx_HAL_Driver/Src/stm32l4xx_hal_pcd.c **** 
 304:Drivers/STM32L4xx_HAL_Driver/Src/stm32l4xx_hal_pcd.c **** /**
 305:Drivers/STM32L4xx_HAL_Driver/Src/stm32l4xx_hal_pcd.c ****   * @brief  DeInitializes PCD MSP.
 306:Drivers/STM32L4xx_HAL_Driver/Src/stm32l4xx_hal_pcd.c ****   * @param  hpcd PCD handle
 307:Drivers/STM32L4xx_HAL_Driver/Src/stm32l4xx_hal_pcd.c ****   * @retval None
 308:Drivers/STM32L4xx_HAL_Driver/Src/stm32l4xx_hal_pcd.c ****   */
 309:Drivers/STM32L4xx_HAL_Driver/Src/stm32l4xx_hal_pcd.c **** __weak void HAL_PCD_MspDeInit(PCD_HandleTypeDef *hpcd)
 310:Drivers/STM32L4xx_HAL_Driver/Src/stm32l4xx_hal_pcd.c **** {
 311:Drivers/STM32L4xx_HAL_Driver/Src/stm32l4xx_hal_pcd.c ****   /* Prevent unused argument(s) compilation warning */
 312:Drivers/STM32L4xx_HAL_Driver/Src/stm32l4xx_hal_pcd.c ****   UNUSED(hpcd);
 313:Drivers/STM32L4xx_HAL_Driver/Src/stm32l4xx_hal_pcd.c **** 
 314:Drivers/STM32L4xx_HAL_Driver/Src/stm32l4xx_hal_pcd.c ****   /* NOTE : This function should not be modified, when the callback is needed,
 315:Drivers/STM32L4xx_HAL_Driver/Src/stm32l4xx_hal_pcd.c ****             the HAL_PCD_MspDeInit could be implemented in the user file
ARM GAS  /tmp/ccGeOL5J.s 			page 7


 316:Drivers/STM32L4xx_HAL_Driver/Src/stm32l4xx_hal_pcd.c ****    */
 317:Drivers/STM32L4xx_HAL_Driver/Src/stm32l4xx_hal_pcd.c **** }
 318:Drivers/STM32L4xx_HAL_Driver/Src/stm32l4xx_hal_pcd.c **** 
 319:Drivers/STM32L4xx_HAL_Driver/Src/stm32l4xx_hal_pcd.c **** #if (USE_HAL_PCD_REGISTER_CALLBACKS == 1U)
 320:Drivers/STM32L4xx_HAL_Driver/Src/stm32l4xx_hal_pcd.c **** /**
 321:Drivers/STM32L4xx_HAL_Driver/Src/stm32l4xx_hal_pcd.c ****   * @brief  Register a User USB PCD Callback
 322:Drivers/STM32L4xx_HAL_Driver/Src/stm32l4xx_hal_pcd.c ****   *         To be used instead of the weak predefined callback
 323:Drivers/STM32L4xx_HAL_Driver/Src/stm32l4xx_hal_pcd.c ****   * @param  hpcd USB PCD handle
 324:Drivers/STM32L4xx_HAL_Driver/Src/stm32l4xx_hal_pcd.c ****   * @param  CallbackID ID of the callback to be registered
 325:Drivers/STM32L4xx_HAL_Driver/Src/stm32l4xx_hal_pcd.c ****   *         This parameter can be one of the following values:
 326:Drivers/STM32L4xx_HAL_Driver/Src/stm32l4xx_hal_pcd.c ****   *          @arg @ref HAL_PCD_SOF_CB_ID USB PCD SOF callback ID
 327:Drivers/STM32L4xx_HAL_Driver/Src/stm32l4xx_hal_pcd.c ****   *          @arg @ref HAL_PCD_SETUPSTAGE_CB_ID USB PCD Setup callback ID
 328:Drivers/STM32L4xx_HAL_Driver/Src/stm32l4xx_hal_pcd.c ****   *          @arg @ref HAL_PCD_RESET_CB_ID USB PCD Reset callback ID
 329:Drivers/STM32L4xx_HAL_Driver/Src/stm32l4xx_hal_pcd.c ****   *          @arg @ref HAL_PCD_SUSPEND_CB_ID USB PCD Suspend callback ID
 330:Drivers/STM32L4xx_HAL_Driver/Src/stm32l4xx_hal_pcd.c ****   *          @arg @ref HAL_PCD_RESUME_CB_ID USB PCD Resume callback ID
 331:Drivers/STM32L4xx_HAL_Driver/Src/stm32l4xx_hal_pcd.c ****   *          @arg @ref HAL_PCD_CONNECT_CB_ID USB PCD Connect callback ID
 332:Drivers/STM32L4xx_HAL_Driver/Src/stm32l4xx_hal_pcd.c ****   *          @arg @ref HAL_PCD_DISCONNECT_CB_ID USB PCD Disconnect callback ID
 333:Drivers/STM32L4xx_HAL_Driver/Src/stm32l4xx_hal_pcd.c ****   *          @arg @ref HAL_PCD_MSPINIT_CB_ID MspDeInit callback ID
 334:Drivers/STM32L4xx_HAL_Driver/Src/stm32l4xx_hal_pcd.c ****   *          @arg @ref HAL_PCD_MSPDEINIT_CB_ID MspDeInit callback ID
 335:Drivers/STM32L4xx_HAL_Driver/Src/stm32l4xx_hal_pcd.c ****   * @param  pCallback pointer to the Callback function
 336:Drivers/STM32L4xx_HAL_Driver/Src/stm32l4xx_hal_pcd.c ****   * @retval HAL status
 337:Drivers/STM32L4xx_HAL_Driver/Src/stm32l4xx_hal_pcd.c ****   */
 338:Drivers/STM32L4xx_HAL_Driver/Src/stm32l4xx_hal_pcd.c **** HAL_StatusTypeDef HAL_PCD_RegisterCallback(PCD_HandleTypeDef *hpcd,
 339:Drivers/STM32L4xx_HAL_Driver/Src/stm32l4xx_hal_pcd.c ****                                            HAL_PCD_CallbackIDTypeDef CallbackID,
 340:Drivers/STM32L4xx_HAL_Driver/Src/stm32l4xx_hal_pcd.c ****                                            pPCD_CallbackTypeDef pCallback)
 341:Drivers/STM32L4xx_HAL_Driver/Src/stm32l4xx_hal_pcd.c **** {
 342:Drivers/STM32L4xx_HAL_Driver/Src/stm32l4xx_hal_pcd.c ****   HAL_StatusTypeDef status = HAL_OK;
 343:Drivers/STM32L4xx_HAL_Driver/Src/stm32l4xx_hal_pcd.c **** 
 344:Drivers/STM32L4xx_HAL_Driver/Src/stm32l4xx_hal_pcd.c ****   if (pCallback == NULL)
 345:Drivers/STM32L4xx_HAL_Driver/Src/stm32l4xx_hal_pcd.c ****   {
 346:Drivers/STM32L4xx_HAL_Driver/Src/stm32l4xx_hal_pcd.c ****     /* Update the error code */
 347:Drivers/STM32L4xx_HAL_Driver/Src/stm32l4xx_hal_pcd.c ****     hpcd->ErrorCode |= HAL_PCD_ERROR_INVALID_CALLBACK;
 348:Drivers/STM32L4xx_HAL_Driver/Src/stm32l4xx_hal_pcd.c ****     return HAL_ERROR;
 349:Drivers/STM32L4xx_HAL_Driver/Src/stm32l4xx_hal_pcd.c ****   }
 350:Drivers/STM32L4xx_HAL_Driver/Src/stm32l4xx_hal_pcd.c ****   /* Process locked */
 351:Drivers/STM32L4xx_HAL_Driver/Src/stm32l4xx_hal_pcd.c ****   __HAL_LOCK(hpcd);
 352:Drivers/STM32L4xx_HAL_Driver/Src/stm32l4xx_hal_pcd.c **** 
 353:Drivers/STM32L4xx_HAL_Driver/Src/stm32l4xx_hal_pcd.c ****   if (hpcd->State == HAL_PCD_STATE_READY)
 354:Drivers/STM32L4xx_HAL_Driver/Src/stm32l4xx_hal_pcd.c ****   {
 355:Drivers/STM32L4xx_HAL_Driver/Src/stm32l4xx_hal_pcd.c ****     switch (CallbackID)
 356:Drivers/STM32L4xx_HAL_Driver/Src/stm32l4xx_hal_pcd.c ****     {
 357:Drivers/STM32L4xx_HAL_Driver/Src/stm32l4xx_hal_pcd.c ****       case HAL_PCD_SOF_CB_ID :
 358:Drivers/STM32L4xx_HAL_Driver/Src/stm32l4xx_hal_pcd.c ****         hpcd->SOFCallback = pCallback;
 359:Drivers/STM32L4xx_HAL_Driver/Src/stm32l4xx_hal_pcd.c ****         break;
 360:Drivers/STM32L4xx_HAL_Driver/Src/stm32l4xx_hal_pcd.c **** 
 361:Drivers/STM32L4xx_HAL_Driver/Src/stm32l4xx_hal_pcd.c ****       case HAL_PCD_SETUPSTAGE_CB_ID :
 362:Drivers/STM32L4xx_HAL_Driver/Src/stm32l4xx_hal_pcd.c ****         hpcd->SetupStageCallback = pCallback;
 363:Drivers/STM32L4xx_HAL_Driver/Src/stm32l4xx_hal_pcd.c ****         break;
 364:Drivers/STM32L4xx_HAL_Driver/Src/stm32l4xx_hal_pcd.c **** 
 365:Drivers/STM32L4xx_HAL_Driver/Src/stm32l4xx_hal_pcd.c ****       case HAL_PCD_RESET_CB_ID :
 366:Drivers/STM32L4xx_HAL_Driver/Src/stm32l4xx_hal_pcd.c ****         hpcd->ResetCallback = pCallback;
 367:Drivers/STM32L4xx_HAL_Driver/Src/stm32l4xx_hal_pcd.c ****         break;
 368:Drivers/STM32L4xx_HAL_Driver/Src/stm32l4xx_hal_pcd.c **** 
 369:Drivers/STM32L4xx_HAL_Driver/Src/stm32l4xx_hal_pcd.c ****       case HAL_PCD_SUSPEND_CB_ID :
 370:Drivers/STM32L4xx_HAL_Driver/Src/stm32l4xx_hal_pcd.c ****         hpcd->SuspendCallback = pCallback;
 371:Drivers/STM32L4xx_HAL_Driver/Src/stm32l4xx_hal_pcd.c ****         break;
 372:Drivers/STM32L4xx_HAL_Driver/Src/stm32l4xx_hal_pcd.c **** 
ARM GAS  /tmp/ccGeOL5J.s 			page 8


 373:Drivers/STM32L4xx_HAL_Driver/Src/stm32l4xx_hal_pcd.c ****       case HAL_PCD_RESUME_CB_ID :
 374:Drivers/STM32L4xx_HAL_Driver/Src/stm32l4xx_hal_pcd.c ****         hpcd->ResumeCallback = pCallback;
 375:Drivers/STM32L4xx_HAL_Driver/Src/stm32l4xx_hal_pcd.c ****         break;
 376:Drivers/STM32L4xx_HAL_Driver/Src/stm32l4xx_hal_pcd.c **** 
 377:Drivers/STM32L4xx_HAL_Driver/Src/stm32l4xx_hal_pcd.c ****       case HAL_PCD_CONNECT_CB_ID :
 378:Drivers/STM32L4xx_HAL_Driver/Src/stm32l4xx_hal_pcd.c ****         hpcd->ConnectCallback = pCallback;
 379:Drivers/STM32L4xx_HAL_Driver/Src/stm32l4xx_hal_pcd.c ****         break;
 380:Drivers/STM32L4xx_HAL_Driver/Src/stm32l4xx_hal_pcd.c **** 
 381:Drivers/STM32L4xx_HAL_Driver/Src/stm32l4xx_hal_pcd.c ****       case HAL_PCD_DISCONNECT_CB_ID :
 382:Drivers/STM32L4xx_HAL_Driver/Src/stm32l4xx_hal_pcd.c ****         hpcd->DisconnectCallback = pCallback;
 383:Drivers/STM32L4xx_HAL_Driver/Src/stm32l4xx_hal_pcd.c ****         break;
 384:Drivers/STM32L4xx_HAL_Driver/Src/stm32l4xx_hal_pcd.c **** 
 385:Drivers/STM32L4xx_HAL_Driver/Src/stm32l4xx_hal_pcd.c ****       case HAL_PCD_MSPINIT_CB_ID :
 386:Drivers/STM32L4xx_HAL_Driver/Src/stm32l4xx_hal_pcd.c ****         hpcd->MspInitCallback = pCallback;
 387:Drivers/STM32L4xx_HAL_Driver/Src/stm32l4xx_hal_pcd.c ****         break;
 388:Drivers/STM32L4xx_HAL_Driver/Src/stm32l4xx_hal_pcd.c **** 
 389:Drivers/STM32L4xx_HAL_Driver/Src/stm32l4xx_hal_pcd.c ****       case HAL_PCD_MSPDEINIT_CB_ID :
 390:Drivers/STM32L4xx_HAL_Driver/Src/stm32l4xx_hal_pcd.c ****         hpcd->MspDeInitCallback = pCallback;
 391:Drivers/STM32L4xx_HAL_Driver/Src/stm32l4xx_hal_pcd.c ****         break;
 392:Drivers/STM32L4xx_HAL_Driver/Src/stm32l4xx_hal_pcd.c **** 
 393:Drivers/STM32L4xx_HAL_Driver/Src/stm32l4xx_hal_pcd.c ****       default :
 394:Drivers/STM32L4xx_HAL_Driver/Src/stm32l4xx_hal_pcd.c ****         /* Update the error code */
 395:Drivers/STM32L4xx_HAL_Driver/Src/stm32l4xx_hal_pcd.c ****         hpcd->ErrorCode |= HAL_PCD_ERROR_INVALID_CALLBACK;
 396:Drivers/STM32L4xx_HAL_Driver/Src/stm32l4xx_hal_pcd.c ****         /* Return error status */
 397:Drivers/STM32L4xx_HAL_Driver/Src/stm32l4xx_hal_pcd.c ****         status =  HAL_ERROR;
 398:Drivers/STM32L4xx_HAL_Driver/Src/stm32l4xx_hal_pcd.c ****         break;
 399:Drivers/STM32L4xx_HAL_Driver/Src/stm32l4xx_hal_pcd.c ****     }
 400:Drivers/STM32L4xx_HAL_Driver/Src/stm32l4xx_hal_pcd.c ****   }
 401:Drivers/STM32L4xx_HAL_Driver/Src/stm32l4xx_hal_pcd.c ****   else if (hpcd->State == HAL_PCD_STATE_RESET)
 402:Drivers/STM32L4xx_HAL_Driver/Src/stm32l4xx_hal_pcd.c ****   {
 403:Drivers/STM32L4xx_HAL_Driver/Src/stm32l4xx_hal_pcd.c ****     switch (CallbackID)
 404:Drivers/STM32L4xx_HAL_Driver/Src/stm32l4xx_hal_pcd.c ****     {
 405:Drivers/STM32L4xx_HAL_Driver/Src/stm32l4xx_hal_pcd.c ****       case HAL_PCD_MSPINIT_CB_ID :
 406:Drivers/STM32L4xx_HAL_Driver/Src/stm32l4xx_hal_pcd.c ****         hpcd->MspInitCallback = pCallback;
 407:Drivers/STM32L4xx_HAL_Driver/Src/stm32l4xx_hal_pcd.c ****         break;
 408:Drivers/STM32L4xx_HAL_Driver/Src/stm32l4xx_hal_pcd.c **** 
 409:Drivers/STM32L4xx_HAL_Driver/Src/stm32l4xx_hal_pcd.c ****       case HAL_PCD_MSPDEINIT_CB_ID :
 410:Drivers/STM32L4xx_HAL_Driver/Src/stm32l4xx_hal_pcd.c ****         hpcd->MspDeInitCallback = pCallback;
 411:Drivers/STM32L4xx_HAL_Driver/Src/stm32l4xx_hal_pcd.c ****         break;
 412:Drivers/STM32L4xx_HAL_Driver/Src/stm32l4xx_hal_pcd.c **** 
 413:Drivers/STM32L4xx_HAL_Driver/Src/stm32l4xx_hal_pcd.c ****       default :
 414:Drivers/STM32L4xx_HAL_Driver/Src/stm32l4xx_hal_pcd.c ****         /* Update the error code */
 415:Drivers/STM32L4xx_HAL_Driver/Src/stm32l4xx_hal_pcd.c ****         hpcd->ErrorCode |= HAL_PCD_ERROR_INVALID_CALLBACK;
 416:Drivers/STM32L4xx_HAL_Driver/Src/stm32l4xx_hal_pcd.c ****         /* Return error status */
 417:Drivers/STM32L4xx_HAL_Driver/Src/stm32l4xx_hal_pcd.c ****         status =  HAL_ERROR;
 418:Drivers/STM32L4xx_HAL_Driver/Src/stm32l4xx_hal_pcd.c ****         break;
 419:Drivers/STM32L4xx_HAL_Driver/Src/stm32l4xx_hal_pcd.c ****     }
 420:Drivers/STM32L4xx_HAL_Driver/Src/stm32l4xx_hal_pcd.c ****   }
 421:Drivers/STM32L4xx_HAL_Driver/Src/stm32l4xx_hal_pcd.c ****   else
 422:Drivers/STM32L4xx_HAL_Driver/Src/stm32l4xx_hal_pcd.c ****   {
 423:Drivers/STM32L4xx_HAL_Driver/Src/stm32l4xx_hal_pcd.c ****     /* Update the error code */
 424:Drivers/STM32L4xx_HAL_Driver/Src/stm32l4xx_hal_pcd.c ****     hpcd->ErrorCode |= HAL_PCD_ERROR_INVALID_CALLBACK;
 425:Drivers/STM32L4xx_HAL_Driver/Src/stm32l4xx_hal_pcd.c ****     /* Return error status */
 426:Drivers/STM32L4xx_HAL_Driver/Src/stm32l4xx_hal_pcd.c ****     status =  HAL_ERROR;
 427:Drivers/STM32L4xx_HAL_Driver/Src/stm32l4xx_hal_pcd.c ****   }
 428:Drivers/STM32L4xx_HAL_Driver/Src/stm32l4xx_hal_pcd.c **** 
 429:Drivers/STM32L4xx_HAL_Driver/Src/stm32l4xx_hal_pcd.c ****   /* Release Lock */
ARM GAS  /tmp/ccGeOL5J.s 			page 9


 430:Drivers/STM32L4xx_HAL_Driver/Src/stm32l4xx_hal_pcd.c ****   __HAL_UNLOCK(hpcd);
 431:Drivers/STM32L4xx_HAL_Driver/Src/stm32l4xx_hal_pcd.c ****   return status;
 432:Drivers/STM32L4xx_HAL_Driver/Src/stm32l4xx_hal_pcd.c **** }
 433:Drivers/STM32L4xx_HAL_Driver/Src/stm32l4xx_hal_pcd.c **** 
 434:Drivers/STM32L4xx_HAL_Driver/Src/stm32l4xx_hal_pcd.c **** /**
 435:Drivers/STM32L4xx_HAL_Driver/Src/stm32l4xx_hal_pcd.c ****   * @brief  Unregister an USB PCD Callback
 436:Drivers/STM32L4xx_HAL_Driver/Src/stm32l4xx_hal_pcd.c ****   *         USB PCD callback is redirected to the weak predefined callback
 437:Drivers/STM32L4xx_HAL_Driver/Src/stm32l4xx_hal_pcd.c ****   * @param  hpcd USB PCD handle
 438:Drivers/STM32L4xx_HAL_Driver/Src/stm32l4xx_hal_pcd.c ****   * @param  CallbackID ID of the callback to be unregistered
 439:Drivers/STM32L4xx_HAL_Driver/Src/stm32l4xx_hal_pcd.c ****   *         This parameter can be one of the following values:
 440:Drivers/STM32L4xx_HAL_Driver/Src/stm32l4xx_hal_pcd.c ****   *          @arg @ref HAL_PCD_SOF_CB_ID USB PCD SOF callback ID
 441:Drivers/STM32L4xx_HAL_Driver/Src/stm32l4xx_hal_pcd.c ****   *          @arg @ref HAL_PCD_SETUPSTAGE_CB_ID USB PCD Setup callback ID
 442:Drivers/STM32L4xx_HAL_Driver/Src/stm32l4xx_hal_pcd.c ****   *          @arg @ref HAL_PCD_RESET_CB_ID USB PCD Reset callback ID
 443:Drivers/STM32L4xx_HAL_Driver/Src/stm32l4xx_hal_pcd.c ****   *          @arg @ref HAL_PCD_SUSPEND_CB_ID USB PCD Suspend callback ID
 444:Drivers/STM32L4xx_HAL_Driver/Src/stm32l4xx_hal_pcd.c ****   *          @arg @ref HAL_PCD_RESUME_CB_ID USB PCD Resume callback ID
 445:Drivers/STM32L4xx_HAL_Driver/Src/stm32l4xx_hal_pcd.c ****   *          @arg @ref HAL_PCD_CONNECT_CB_ID USB PCD Connect callback ID
 446:Drivers/STM32L4xx_HAL_Driver/Src/stm32l4xx_hal_pcd.c ****   *          @arg @ref HAL_PCD_DISCONNECT_CB_ID USB PCD Disconnect callback ID
 447:Drivers/STM32L4xx_HAL_Driver/Src/stm32l4xx_hal_pcd.c ****   *          @arg @ref HAL_PCD_MSPINIT_CB_ID MspDeInit callback ID
 448:Drivers/STM32L4xx_HAL_Driver/Src/stm32l4xx_hal_pcd.c ****   *          @arg @ref HAL_PCD_MSPDEINIT_CB_ID MspDeInit callback ID
 449:Drivers/STM32L4xx_HAL_Driver/Src/stm32l4xx_hal_pcd.c ****   * @retval HAL status
 450:Drivers/STM32L4xx_HAL_Driver/Src/stm32l4xx_hal_pcd.c ****   */
 451:Drivers/STM32L4xx_HAL_Driver/Src/stm32l4xx_hal_pcd.c **** HAL_StatusTypeDef HAL_PCD_UnRegisterCallback(PCD_HandleTypeDef *hpcd, HAL_PCD_CallbackIDTypeDef Cal
 452:Drivers/STM32L4xx_HAL_Driver/Src/stm32l4xx_hal_pcd.c **** {
 453:Drivers/STM32L4xx_HAL_Driver/Src/stm32l4xx_hal_pcd.c ****   HAL_StatusTypeDef status = HAL_OK;
 454:Drivers/STM32L4xx_HAL_Driver/Src/stm32l4xx_hal_pcd.c **** 
 455:Drivers/STM32L4xx_HAL_Driver/Src/stm32l4xx_hal_pcd.c ****   /* Process locked */
 456:Drivers/STM32L4xx_HAL_Driver/Src/stm32l4xx_hal_pcd.c ****   __HAL_LOCK(hpcd);
 457:Drivers/STM32L4xx_HAL_Driver/Src/stm32l4xx_hal_pcd.c **** 
 458:Drivers/STM32L4xx_HAL_Driver/Src/stm32l4xx_hal_pcd.c ****   /* Setup Legacy weak Callbacks  */
 459:Drivers/STM32L4xx_HAL_Driver/Src/stm32l4xx_hal_pcd.c ****   if (hpcd->State == HAL_PCD_STATE_READY)
 460:Drivers/STM32L4xx_HAL_Driver/Src/stm32l4xx_hal_pcd.c ****   {
 461:Drivers/STM32L4xx_HAL_Driver/Src/stm32l4xx_hal_pcd.c ****     switch (CallbackID)
 462:Drivers/STM32L4xx_HAL_Driver/Src/stm32l4xx_hal_pcd.c ****     {
 463:Drivers/STM32L4xx_HAL_Driver/Src/stm32l4xx_hal_pcd.c ****       case HAL_PCD_SOF_CB_ID :
 464:Drivers/STM32L4xx_HAL_Driver/Src/stm32l4xx_hal_pcd.c ****         hpcd->SOFCallback = HAL_PCD_SOFCallback;
 465:Drivers/STM32L4xx_HAL_Driver/Src/stm32l4xx_hal_pcd.c ****         break;
 466:Drivers/STM32L4xx_HAL_Driver/Src/stm32l4xx_hal_pcd.c **** 
 467:Drivers/STM32L4xx_HAL_Driver/Src/stm32l4xx_hal_pcd.c ****       case HAL_PCD_SETUPSTAGE_CB_ID :
 468:Drivers/STM32L4xx_HAL_Driver/Src/stm32l4xx_hal_pcd.c ****         hpcd->SetupStageCallback = HAL_PCD_SetupStageCallback;
 469:Drivers/STM32L4xx_HAL_Driver/Src/stm32l4xx_hal_pcd.c ****         break;
 470:Drivers/STM32L4xx_HAL_Driver/Src/stm32l4xx_hal_pcd.c **** 
 471:Drivers/STM32L4xx_HAL_Driver/Src/stm32l4xx_hal_pcd.c ****       case HAL_PCD_RESET_CB_ID :
 472:Drivers/STM32L4xx_HAL_Driver/Src/stm32l4xx_hal_pcd.c ****         hpcd->ResetCallback = HAL_PCD_ResetCallback;
 473:Drivers/STM32L4xx_HAL_Driver/Src/stm32l4xx_hal_pcd.c ****         break;
 474:Drivers/STM32L4xx_HAL_Driver/Src/stm32l4xx_hal_pcd.c **** 
 475:Drivers/STM32L4xx_HAL_Driver/Src/stm32l4xx_hal_pcd.c ****       case HAL_PCD_SUSPEND_CB_ID :
 476:Drivers/STM32L4xx_HAL_Driver/Src/stm32l4xx_hal_pcd.c ****         hpcd->SuspendCallback = HAL_PCD_SuspendCallback;
 477:Drivers/STM32L4xx_HAL_Driver/Src/stm32l4xx_hal_pcd.c ****         break;
 478:Drivers/STM32L4xx_HAL_Driver/Src/stm32l4xx_hal_pcd.c **** 
 479:Drivers/STM32L4xx_HAL_Driver/Src/stm32l4xx_hal_pcd.c ****       case HAL_PCD_RESUME_CB_ID :
 480:Drivers/STM32L4xx_HAL_Driver/Src/stm32l4xx_hal_pcd.c ****         hpcd->ResumeCallback = HAL_PCD_ResumeCallback;
 481:Drivers/STM32L4xx_HAL_Driver/Src/stm32l4xx_hal_pcd.c ****         break;
 482:Drivers/STM32L4xx_HAL_Driver/Src/stm32l4xx_hal_pcd.c **** 
 483:Drivers/STM32L4xx_HAL_Driver/Src/stm32l4xx_hal_pcd.c ****       case HAL_PCD_CONNECT_CB_ID :
 484:Drivers/STM32L4xx_HAL_Driver/Src/stm32l4xx_hal_pcd.c ****         hpcd->ConnectCallback = HAL_PCD_ConnectCallback;
 485:Drivers/STM32L4xx_HAL_Driver/Src/stm32l4xx_hal_pcd.c ****         break;
 486:Drivers/STM32L4xx_HAL_Driver/Src/stm32l4xx_hal_pcd.c **** 
ARM GAS  /tmp/ccGeOL5J.s 			page 10


 487:Drivers/STM32L4xx_HAL_Driver/Src/stm32l4xx_hal_pcd.c ****       case HAL_PCD_DISCONNECT_CB_ID :
 488:Drivers/STM32L4xx_HAL_Driver/Src/stm32l4xx_hal_pcd.c ****         hpcd->DisconnectCallback = HAL_PCD_DisconnectCallback;
 489:Drivers/STM32L4xx_HAL_Driver/Src/stm32l4xx_hal_pcd.c ****         break;
 490:Drivers/STM32L4xx_HAL_Driver/Src/stm32l4xx_hal_pcd.c **** 
 491:Drivers/STM32L4xx_HAL_Driver/Src/stm32l4xx_hal_pcd.c ****       case HAL_PCD_MSPINIT_CB_ID :
 492:Drivers/STM32L4xx_HAL_Driver/Src/stm32l4xx_hal_pcd.c ****         hpcd->MspInitCallback = HAL_PCD_MspInit;
 493:Drivers/STM32L4xx_HAL_Driver/Src/stm32l4xx_hal_pcd.c ****         break;
 494:Drivers/STM32L4xx_HAL_Driver/Src/stm32l4xx_hal_pcd.c **** 
 495:Drivers/STM32L4xx_HAL_Driver/Src/stm32l4xx_hal_pcd.c ****       case HAL_PCD_MSPDEINIT_CB_ID :
 496:Drivers/STM32L4xx_HAL_Driver/Src/stm32l4xx_hal_pcd.c ****         hpcd->MspDeInitCallback = HAL_PCD_MspDeInit;
 497:Drivers/STM32L4xx_HAL_Driver/Src/stm32l4xx_hal_pcd.c ****         break;
 498:Drivers/STM32L4xx_HAL_Driver/Src/stm32l4xx_hal_pcd.c **** 
 499:Drivers/STM32L4xx_HAL_Driver/Src/stm32l4xx_hal_pcd.c ****       default :
 500:Drivers/STM32L4xx_HAL_Driver/Src/stm32l4xx_hal_pcd.c ****         /* Update the error code */
 501:Drivers/STM32L4xx_HAL_Driver/Src/stm32l4xx_hal_pcd.c ****         hpcd->ErrorCode |= HAL_PCD_ERROR_INVALID_CALLBACK;
 502:Drivers/STM32L4xx_HAL_Driver/Src/stm32l4xx_hal_pcd.c **** 
 503:Drivers/STM32L4xx_HAL_Driver/Src/stm32l4xx_hal_pcd.c ****         /* Return error status */
 504:Drivers/STM32L4xx_HAL_Driver/Src/stm32l4xx_hal_pcd.c ****         status =  HAL_ERROR;
 505:Drivers/STM32L4xx_HAL_Driver/Src/stm32l4xx_hal_pcd.c ****         break;
 506:Drivers/STM32L4xx_HAL_Driver/Src/stm32l4xx_hal_pcd.c ****     }
 507:Drivers/STM32L4xx_HAL_Driver/Src/stm32l4xx_hal_pcd.c ****   }
 508:Drivers/STM32L4xx_HAL_Driver/Src/stm32l4xx_hal_pcd.c ****   else if (hpcd->State == HAL_PCD_STATE_RESET)
 509:Drivers/STM32L4xx_HAL_Driver/Src/stm32l4xx_hal_pcd.c ****   {
 510:Drivers/STM32L4xx_HAL_Driver/Src/stm32l4xx_hal_pcd.c ****     switch (CallbackID)
 511:Drivers/STM32L4xx_HAL_Driver/Src/stm32l4xx_hal_pcd.c ****     {
 512:Drivers/STM32L4xx_HAL_Driver/Src/stm32l4xx_hal_pcd.c ****       case HAL_PCD_MSPINIT_CB_ID :
 513:Drivers/STM32L4xx_HAL_Driver/Src/stm32l4xx_hal_pcd.c ****         hpcd->MspInitCallback = HAL_PCD_MspInit;
 514:Drivers/STM32L4xx_HAL_Driver/Src/stm32l4xx_hal_pcd.c ****         break;
 515:Drivers/STM32L4xx_HAL_Driver/Src/stm32l4xx_hal_pcd.c **** 
 516:Drivers/STM32L4xx_HAL_Driver/Src/stm32l4xx_hal_pcd.c ****       case HAL_PCD_MSPDEINIT_CB_ID :
 517:Drivers/STM32L4xx_HAL_Driver/Src/stm32l4xx_hal_pcd.c ****         hpcd->MspDeInitCallback = HAL_PCD_MspDeInit;
 518:Drivers/STM32L4xx_HAL_Driver/Src/stm32l4xx_hal_pcd.c ****         break;
 519:Drivers/STM32L4xx_HAL_Driver/Src/stm32l4xx_hal_pcd.c **** 
 520:Drivers/STM32L4xx_HAL_Driver/Src/stm32l4xx_hal_pcd.c ****       default :
 521:Drivers/STM32L4xx_HAL_Driver/Src/stm32l4xx_hal_pcd.c ****         /* Update the error code */
 522:Drivers/STM32L4xx_HAL_Driver/Src/stm32l4xx_hal_pcd.c ****         hpcd->ErrorCode |= HAL_PCD_ERROR_INVALID_CALLBACK;
 523:Drivers/STM32L4xx_HAL_Driver/Src/stm32l4xx_hal_pcd.c **** 
 524:Drivers/STM32L4xx_HAL_Driver/Src/stm32l4xx_hal_pcd.c ****         /* Return error status */
 525:Drivers/STM32L4xx_HAL_Driver/Src/stm32l4xx_hal_pcd.c ****         status =  HAL_ERROR;
 526:Drivers/STM32L4xx_HAL_Driver/Src/stm32l4xx_hal_pcd.c ****         break;
 527:Drivers/STM32L4xx_HAL_Driver/Src/stm32l4xx_hal_pcd.c ****     }
 528:Drivers/STM32L4xx_HAL_Driver/Src/stm32l4xx_hal_pcd.c ****   }
 529:Drivers/STM32L4xx_HAL_Driver/Src/stm32l4xx_hal_pcd.c ****   else
 530:Drivers/STM32L4xx_HAL_Driver/Src/stm32l4xx_hal_pcd.c ****   {
 531:Drivers/STM32L4xx_HAL_Driver/Src/stm32l4xx_hal_pcd.c ****     /* Update the error code */
 532:Drivers/STM32L4xx_HAL_Driver/Src/stm32l4xx_hal_pcd.c ****     hpcd->ErrorCode |= HAL_PCD_ERROR_INVALID_CALLBACK;
 533:Drivers/STM32L4xx_HAL_Driver/Src/stm32l4xx_hal_pcd.c **** 
 534:Drivers/STM32L4xx_HAL_Driver/Src/stm32l4xx_hal_pcd.c ****     /* Return error status */
 535:Drivers/STM32L4xx_HAL_Driver/Src/stm32l4xx_hal_pcd.c ****     status =  HAL_ERROR;
 536:Drivers/STM32L4xx_HAL_Driver/Src/stm32l4xx_hal_pcd.c ****   }
 537:Drivers/STM32L4xx_HAL_Driver/Src/stm32l4xx_hal_pcd.c **** 
 538:Drivers/STM32L4xx_HAL_Driver/Src/stm32l4xx_hal_pcd.c ****   /* Release Lock */
 539:Drivers/STM32L4xx_HAL_Driver/Src/stm32l4xx_hal_pcd.c ****   __HAL_UNLOCK(hpcd);
 540:Drivers/STM32L4xx_HAL_Driver/Src/stm32l4xx_hal_pcd.c ****   return status;
 541:Drivers/STM32L4xx_HAL_Driver/Src/stm32l4xx_hal_pcd.c **** }
 542:Drivers/STM32L4xx_HAL_Driver/Src/stm32l4xx_hal_pcd.c **** 
 543:Drivers/STM32L4xx_HAL_Driver/Src/stm32l4xx_hal_pcd.c **** /**
ARM GAS  /tmp/ccGeOL5J.s 			page 11


 544:Drivers/STM32L4xx_HAL_Driver/Src/stm32l4xx_hal_pcd.c ****   * @brief  Register USB PCD Data OUT Stage Callback
 545:Drivers/STM32L4xx_HAL_Driver/Src/stm32l4xx_hal_pcd.c ****   *         To be used instead of the weak HAL_PCD_DataOutStageCallback() predefined callback
 546:Drivers/STM32L4xx_HAL_Driver/Src/stm32l4xx_hal_pcd.c ****   * @param  hpcd PCD handle
 547:Drivers/STM32L4xx_HAL_Driver/Src/stm32l4xx_hal_pcd.c ****   * @param  pCallback pointer to the USB PCD Data OUT Stage Callback function
 548:Drivers/STM32L4xx_HAL_Driver/Src/stm32l4xx_hal_pcd.c ****   * @retval HAL status
 549:Drivers/STM32L4xx_HAL_Driver/Src/stm32l4xx_hal_pcd.c ****   */
 550:Drivers/STM32L4xx_HAL_Driver/Src/stm32l4xx_hal_pcd.c **** HAL_StatusTypeDef HAL_PCD_RegisterDataOutStageCallback(PCD_HandleTypeDef *hpcd,
 551:Drivers/STM32L4xx_HAL_Driver/Src/stm32l4xx_hal_pcd.c ****                                                        pPCD_DataOutStageCallbackTypeDef pCallback)
 552:Drivers/STM32L4xx_HAL_Driver/Src/stm32l4xx_hal_pcd.c **** {
 553:Drivers/STM32L4xx_HAL_Driver/Src/stm32l4xx_hal_pcd.c ****   HAL_StatusTypeDef status = HAL_OK;
 554:Drivers/STM32L4xx_HAL_Driver/Src/stm32l4xx_hal_pcd.c **** 
 555:Drivers/STM32L4xx_HAL_Driver/Src/stm32l4xx_hal_pcd.c ****   if (pCallback == NULL)
 556:Drivers/STM32L4xx_HAL_Driver/Src/stm32l4xx_hal_pcd.c ****   {
 557:Drivers/STM32L4xx_HAL_Driver/Src/stm32l4xx_hal_pcd.c ****     /* Update the error code */
 558:Drivers/STM32L4xx_HAL_Driver/Src/stm32l4xx_hal_pcd.c ****     hpcd->ErrorCode |= HAL_PCD_ERROR_INVALID_CALLBACK;
 559:Drivers/STM32L4xx_HAL_Driver/Src/stm32l4xx_hal_pcd.c **** 
 560:Drivers/STM32L4xx_HAL_Driver/Src/stm32l4xx_hal_pcd.c ****     return HAL_ERROR;
 561:Drivers/STM32L4xx_HAL_Driver/Src/stm32l4xx_hal_pcd.c ****   }
 562:Drivers/STM32L4xx_HAL_Driver/Src/stm32l4xx_hal_pcd.c **** 
 563:Drivers/STM32L4xx_HAL_Driver/Src/stm32l4xx_hal_pcd.c ****   /* Process locked */
 564:Drivers/STM32L4xx_HAL_Driver/Src/stm32l4xx_hal_pcd.c ****   __HAL_LOCK(hpcd);
 565:Drivers/STM32L4xx_HAL_Driver/Src/stm32l4xx_hal_pcd.c **** 
 566:Drivers/STM32L4xx_HAL_Driver/Src/stm32l4xx_hal_pcd.c ****   if (hpcd->State == HAL_PCD_STATE_READY)
 567:Drivers/STM32L4xx_HAL_Driver/Src/stm32l4xx_hal_pcd.c ****   {
 568:Drivers/STM32L4xx_HAL_Driver/Src/stm32l4xx_hal_pcd.c ****     hpcd->DataOutStageCallback = pCallback;
 569:Drivers/STM32L4xx_HAL_Driver/Src/stm32l4xx_hal_pcd.c ****   }
 570:Drivers/STM32L4xx_HAL_Driver/Src/stm32l4xx_hal_pcd.c ****   else
 571:Drivers/STM32L4xx_HAL_Driver/Src/stm32l4xx_hal_pcd.c ****   {
 572:Drivers/STM32L4xx_HAL_Driver/Src/stm32l4xx_hal_pcd.c ****     /* Update the error code */
 573:Drivers/STM32L4xx_HAL_Driver/Src/stm32l4xx_hal_pcd.c ****     hpcd->ErrorCode |= HAL_PCD_ERROR_INVALID_CALLBACK;
 574:Drivers/STM32L4xx_HAL_Driver/Src/stm32l4xx_hal_pcd.c **** 
 575:Drivers/STM32L4xx_HAL_Driver/Src/stm32l4xx_hal_pcd.c ****     /* Return error status */
 576:Drivers/STM32L4xx_HAL_Driver/Src/stm32l4xx_hal_pcd.c ****     status =  HAL_ERROR;
 577:Drivers/STM32L4xx_HAL_Driver/Src/stm32l4xx_hal_pcd.c ****   }
 578:Drivers/STM32L4xx_HAL_Driver/Src/stm32l4xx_hal_pcd.c **** 
 579:Drivers/STM32L4xx_HAL_Driver/Src/stm32l4xx_hal_pcd.c ****   /* Release Lock */
 580:Drivers/STM32L4xx_HAL_Driver/Src/stm32l4xx_hal_pcd.c ****   __HAL_UNLOCK(hpcd);
 581:Drivers/STM32L4xx_HAL_Driver/Src/stm32l4xx_hal_pcd.c **** 
 582:Drivers/STM32L4xx_HAL_Driver/Src/stm32l4xx_hal_pcd.c ****   return status;
 583:Drivers/STM32L4xx_HAL_Driver/Src/stm32l4xx_hal_pcd.c **** }
 584:Drivers/STM32L4xx_HAL_Driver/Src/stm32l4xx_hal_pcd.c **** 
 585:Drivers/STM32L4xx_HAL_Driver/Src/stm32l4xx_hal_pcd.c **** /**
 586:Drivers/STM32L4xx_HAL_Driver/Src/stm32l4xx_hal_pcd.c ****   * @brief  Unregister the USB PCD Data OUT Stage Callback
 587:Drivers/STM32L4xx_HAL_Driver/Src/stm32l4xx_hal_pcd.c ****   *         USB PCD Data OUT Stage Callback is redirected to the weak HAL_PCD_DataOutStageCallback(
 588:Drivers/STM32L4xx_HAL_Driver/Src/stm32l4xx_hal_pcd.c ****   * @param  hpcd PCD handle
 589:Drivers/STM32L4xx_HAL_Driver/Src/stm32l4xx_hal_pcd.c ****   * @retval HAL status
 590:Drivers/STM32L4xx_HAL_Driver/Src/stm32l4xx_hal_pcd.c ****   */
 591:Drivers/STM32L4xx_HAL_Driver/Src/stm32l4xx_hal_pcd.c **** HAL_StatusTypeDef HAL_PCD_UnRegisterDataOutStageCallback(PCD_HandleTypeDef *hpcd)
 592:Drivers/STM32L4xx_HAL_Driver/Src/stm32l4xx_hal_pcd.c **** {
 593:Drivers/STM32L4xx_HAL_Driver/Src/stm32l4xx_hal_pcd.c ****   HAL_StatusTypeDef status = HAL_OK;
 594:Drivers/STM32L4xx_HAL_Driver/Src/stm32l4xx_hal_pcd.c **** 
 595:Drivers/STM32L4xx_HAL_Driver/Src/stm32l4xx_hal_pcd.c ****   /* Process locked */
 596:Drivers/STM32L4xx_HAL_Driver/Src/stm32l4xx_hal_pcd.c ****   __HAL_LOCK(hpcd);
 597:Drivers/STM32L4xx_HAL_Driver/Src/stm32l4xx_hal_pcd.c **** 
 598:Drivers/STM32L4xx_HAL_Driver/Src/stm32l4xx_hal_pcd.c ****   if (hpcd->State == HAL_PCD_STATE_READY)
 599:Drivers/STM32L4xx_HAL_Driver/Src/stm32l4xx_hal_pcd.c ****   {
 600:Drivers/STM32L4xx_HAL_Driver/Src/stm32l4xx_hal_pcd.c ****     hpcd->DataOutStageCallback = HAL_PCD_DataOutStageCallback; /* Legacy weak DataOutStageCallback 
ARM GAS  /tmp/ccGeOL5J.s 			page 12


 601:Drivers/STM32L4xx_HAL_Driver/Src/stm32l4xx_hal_pcd.c ****   }
 602:Drivers/STM32L4xx_HAL_Driver/Src/stm32l4xx_hal_pcd.c ****   else
 603:Drivers/STM32L4xx_HAL_Driver/Src/stm32l4xx_hal_pcd.c ****   {
 604:Drivers/STM32L4xx_HAL_Driver/Src/stm32l4xx_hal_pcd.c ****     /* Update the error code */
 605:Drivers/STM32L4xx_HAL_Driver/Src/stm32l4xx_hal_pcd.c ****     hpcd->ErrorCode |= HAL_PCD_ERROR_INVALID_CALLBACK;
 606:Drivers/STM32L4xx_HAL_Driver/Src/stm32l4xx_hal_pcd.c **** 
 607:Drivers/STM32L4xx_HAL_Driver/Src/stm32l4xx_hal_pcd.c ****     /* Return error status */
 608:Drivers/STM32L4xx_HAL_Driver/Src/stm32l4xx_hal_pcd.c ****     status =  HAL_ERROR;
 609:Drivers/STM32L4xx_HAL_Driver/Src/stm32l4xx_hal_pcd.c ****   }
 610:Drivers/STM32L4xx_HAL_Driver/Src/stm32l4xx_hal_pcd.c **** 
 611:Drivers/STM32L4xx_HAL_Driver/Src/stm32l4xx_hal_pcd.c ****   /* Release Lock */
 612:Drivers/STM32L4xx_HAL_Driver/Src/stm32l4xx_hal_pcd.c ****   __HAL_UNLOCK(hpcd);
 613:Drivers/STM32L4xx_HAL_Driver/Src/stm32l4xx_hal_pcd.c **** 
 614:Drivers/STM32L4xx_HAL_Driver/Src/stm32l4xx_hal_pcd.c ****   return status;
 615:Drivers/STM32L4xx_HAL_Driver/Src/stm32l4xx_hal_pcd.c **** }
 616:Drivers/STM32L4xx_HAL_Driver/Src/stm32l4xx_hal_pcd.c **** 
 617:Drivers/STM32L4xx_HAL_Driver/Src/stm32l4xx_hal_pcd.c **** /**
 618:Drivers/STM32L4xx_HAL_Driver/Src/stm32l4xx_hal_pcd.c ****   * @brief  Register USB PCD Data IN Stage Callback
 619:Drivers/STM32L4xx_HAL_Driver/Src/stm32l4xx_hal_pcd.c ****   *         To be used instead of the weak HAL_PCD_DataInStageCallback() predefined callback
 620:Drivers/STM32L4xx_HAL_Driver/Src/stm32l4xx_hal_pcd.c ****   * @param  hpcd PCD handle
 621:Drivers/STM32L4xx_HAL_Driver/Src/stm32l4xx_hal_pcd.c ****   * @param  pCallback pointer to the USB PCD Data IN Stage Callback function
 622:Drivers/STM32L4xx_HAL_Driver/Src/stm32l4xx_hal_pcd.c ****   * @retval HAL status
 623:Drivers/STM32L4xx_HAL_Driver/Src/stm32l4xx_hal_pcd.c ****   */
 624:Drivers/STM32L4xx_HAL_Driver/Src/stm32l4xx_hal_pcd.c **** HAL_StatusTypeDef HAL_PCD_RegisterDataInStageCallback(PCD_HandleTypeDef *hpcd,
 625:Drivers/STM32L4xx_HAL_Driver/Src/stm32l4xx_hal_pcd.c ****                                                       pPCD_DataInStageCallbackTypeDef pCallback)
 626:Drivers/STM32L4xx_HAL_Driver/Src/stm32l4xx_hal_pcd.c **** {
 627:Drivers/STM32L4xx_HAL_Driver/Src/stm32l4xx_hal_pcd.c ****   HAL_StatusTypeDef status = HAL_OK;
 628:Drivers/STM32L4xx_HAL_Driver/Src/stm32l4xx_hal_pcd.c **** 
 629:Drivers/STM32L4xx_HAL_Driver/Src/stm32l4xx_hal_pcd.c ****   if (pCallback == NULL)
 630:Drivers/STM32L4xx_HAL_Driver/Src/stm32l4xx_hal_pcd.c ****   {
 631:Drivers/STM32L4xx_HAL_Driver/Src/stm32l4xx_hal_pcd.c ****     /* Update the error code */
 632:Drivers/STM32L4xx_HAL_Driver/Src/stm32l4xx_hal_pcd.c ****     hpcd->ErrorCode |= HAL_PCD_ERROR_INVALID_CALLBACK;
 633:Drivers/STM32L4xx_HAL_Driver/Src/stm32l4xx_hal_pcd.c **** 
 634:Drivers/STM32L4xx_HAL_Driver/Src/stm32l4xx_hal_pcd.c ****     return HAL_ERROR;
 635:Drivers/STM32L4xx_HAL_Driver/Src/stm32l4xx_hal_pcd.c ****   }
 636:Drivers/STM32L4xx_HAL_Driver/Src/stm32l4xx_hal_pcd.c **** 
 637:Drivers/STM32L4xx_HAL_Driver/Src/stm32l4xx_hal_pcd.c ****   /* Process locked */
 638:Drivers/STM32L4xx_HAL_Driver/Src/stm32l4xx_hal_pcd.c ****   __HAL_LOCK(hpcd);
 639:Drivers/STM32L4xx_HAL_Driver/Src/stm32l4xx_hal_pcd.c **** 
 640:Drivers/STM32L4xx_HAL_Driver/Src/stm32l4xx_hal_pcd.c ****   if (hpcd->State == HAL_PCD_STATE_READY)
 641:Drivers/STM32L4xx_HAL_Driver/Src/stm32l4xx_hal_pcd.c ****   {
 642:Drivers/STM32L4xx_HAL_Driver/Src/stm32l4xx_hal_pcd.c ****     hpcd->DataInStageCallback = pCallback;
 643:Drivers/STM32L4xx_HAL_Driver/Src/stm32l4xx_hal_pcd.c ****   }
 644:Drivers/STM32L4xx_HAL_Driver/Src/stm32l4xx_hal_pcd.c ****   else
 645:Drivers/STM32L4xx_HAL_Driver/Src/stm32l4xx_hal_pcd.c ****   {
 646:Drivers/STM32L4xx_HAL_Driver/Src/stm32l4xx_hal_pcd.c ****     /* Update the error code */
 647:Drivers/STM32L4xx_HAL_Driver/Src/stm32l4xx_hal_pcd.c ****     hpcd->ErrorCode |= HAL_PCD_ERROR_INVALID_CALLBACK;
 648:Drivers/STM32L4xx_HAL_Driver/Src/stm32l4xx_hal_pcd.c **** 
 649:Drivers/STM32L4xx_HAL_Driver/Src/stm32l4xx_hal_pcd.c ****     /* Return error status */
 650:Drivers/STM32L4xx_HAL_Driver/Src/stm32l4xx_hal_pcd.c ****     status =  HAL_ERROR;
 651:Drivers/STM32L4xx_HAL_Driver/Src/stm32l4xx_hal_pcd.c ****   }
 652:Drivers/STM32L4xx_HAL_Driver/Src/stm32l4xx_hal_pcd.c **** 
 653:Drivers/STM32L4xx_HAL_Driver/Src/stm32l4xx_hal_pcd.c ****   /* Release Lock */
 654:Drivers/STM32L4xx_HAL_Driver/Src/stm32l4xx_hal_pcd.c ****   __HAL_UNLOCK(hpcd);
 655:Drivers/STM32L4xx_HAL_Driver/Src/stm32l4xx_hal_pcd.c **** 
 656:Drivers/STM32L4xx_HAL_Driver/Src/stm32l4xx_hal_pcd.c ****   return status;
 657:Drivers/STM32L4xx_HAL_Driver/Src/stm32l4xx_hal_pcd.c **** }
ARM GAS  /tmp/ccGeOL5J.s 			page 13


 658:Drivers/STM32L4xx_HAL_Driver/Src/stm32l4xx_hal_pcd.c **** 
 659:Drivers/STM32L4xx_HAL_Driver/Src/stm32l4xx_hal_pcd.c **** /**
 660:Drivers/STM32L4xx_HAL_Driver/Src/stm32l4xx_hal_pcd.c ****   * @brief  Unregister the USB PCD Data IN Stage Callback
 661:Drivers/STM32L4xx_HAL_Driver/Src/stm32l4xx_hal_pcd.c ****   *         USB PCD Data OUT Stage Callback is redirected to the weak HAL_PCD_DataInStageCallback()
 662:Drivers/STM32L4xx_HAL_Driver/Src/stm32l4xx_hal_pcd.c ****   * @param  hpcd PCD handle
 663:Drivers/STM32L4xx_HAL_Driver/Src/stm32l4xx_hal_pcd.c ****   * @retval HAL status
 664:Drivers/STM32L4xx_HAL_Driver/Src/stm32l4xx_hal_pcd.c ****   */
 665:Drivers/STM32L4xx_HAL_Driver/Src/stm32l4xx_hal_pcd.c **** HAL_StatusTypeDef HAL_PCD_UnRegisterDataInStageCallback(PCD_HandleTypeDef *hpcd)
 666:Drivers/STM32L4xx_HAL_Driver/Src/stm32l4xx_hal_pcd.c **** {
 667:Drivers/STM32L4xx_HAL_Driver/Src/stm32l4xx_hal_pcd.c ****   HAL_StatusTypeDef status = HAL_OK;
 668:Drivers/STM32L4xx_HAL_Driver/Src/stm32l4xx_hal_pcd.c **** 
 669:Drivers/STM32L4xx_HAL_Driver/Src/stm32l4xx_hal_pcd.c ****   /* Process locked */
 670:Drivers/STM32L4xx_HAL_Driver/Src/stm32l4xx_hal_pcd.c ****   __HAL_LOCK(hpcd);
 671:Drivers/STM32L4xx_HAL_Driver/Src/stm32l4xx_hal_pcd.c **** 
 672:Drivers/STM32L4xx_HAL_Driver/Src/stm32l4xx_hal_pcd.c ****   if (hpcd->State == HAL_PCD_STATE_READY)
 673:Drivers/STM32L4xx_HAL_Driver/Src/stm32l4xx_hal_pcd.c ****   {
 674:Drivers/STM32L4xx_HAL_Driver/Src/stm32l4xx_hal_pcd.c ****     hpcd->DataInStageCallback = HAL_PCD_DataInStageCallback; /* Legacy weak DataInStageCallback  */
 675:Drivers/STM32L4xx_HAL_Driver/Src/stm32l4xx_hal_pcd.c ****   }
 676:Drivers/STM32L4xx_HAL_Driver/Src/stm32l4xx_hal_pcd.c ****   else
 677:Drivers/STM32L4xx_HAL_Driver/Src/stm32l4xx_hal_pcd.c ****   {
 678:Drivers/STM32L4xx_HAL_Driver/Src/stm32l4xx_hal_pcd.c ****     /* Update the error code */
 679:Drivers/STM32L4xx_HAL_Driver/Src/stm32l4xx_hal_pcd.c ****     hpcd->ErrorCode |= HAL_PCD_ERROR_INVALID_CALLBACK;
 680:Drivers/STM32L4xx_HAL_Driver/Src/stm32l4xx_hal_pcd.c **** 
 681:Drivers/STM32L4xx_HAL_Driver/Src/stm32l4xx_hal_pcd.c ****     /* Return error status */
 682:Drivers/STM32L4xx_HAL_Driver/Src/stm32l4xx_hal_pcd.c ****     status =  HAL_ERROR;
 683:Drivers/STM32L4xx_HAL_Driver/Src/stm32l4xx_hal_pcd.c ****   }
 684:Drivers/STM32L4xx_HAL_Driver/Src/stm32l4xx_hal_pcd.c **** 
 685:Drivers/STM32L4xx_HAL_Driver/Src/stm32l4xx_hal_pcd.c ****   /* Release Lock */
 686:Drivers/STM32L4xx_HAL_Driver/Src/stm32l4xx_hal_pcd.c ****   __HAL_UNLOCK(hpcd);
 687:Drivers/STM32L4xx_HAL_Driver/Src/stm32l4xx_hal_pcd.c **** 
 688:Drivers/STM32L4xx_HAL_Driver/Src/stm32l4xx_hal_pcd.c ****   return status;
 689:Drivers/STM32L4xx_HAL_Driver/Src/stm32l4xx_hal_pcd.c **** }
 690:Drivers/STM32L4xx_HAL_Driver/Src/stm32l4xx_hal_pcd.c **** 
 691:Drivers/STM32L4xx_HAL_Driver/Src/stm32l4xx_hal_pcd.c **** /**
 692:Drivers/STM32L4xx_HAL_Driver/Src/stm32l4xx_hal_pcd.c ****   * @brief  Register USB PCD Iso OUT incomplete Callback
 693:Drivers/STM32L4xx_HAL_Driver/Src/stm32l4xx_hal_pcd.c ****   *         To be used instead of the weak HAL_PCD_ISOOUTIncompleteCallback() predefined callback
 694:Drivers/STM32L4xx_HAL_Driver/Src/stm32l4xx_hal_pcd.c ****   * @param  hpcd PCD handle
 695:Drivers/STM32L4xx_HAL_Driver/Src/stm32l4xx_hal_pcd.c ****   * @param  pCallback pointer to the USB PCD Iso OUT incomplete Callback function
 696:Drivers/STM32L4xx_HAL_Driver/Src/stm32l4xx_hal_pcd.c ****   * @retval HAL status
 697:Drivers/STM32L4xx_HAL_Driver/Src/stm32l4xx_hal_pcd.c ****   */
 698:Drivers/STM32L4xx_HAL_Driver/Src/stm32l4xx_hal_pcd.c **** HAL_StatusTypeDef HAL_PCD_RegisterIsoOutIncpltCallback(PCD_HandleTypeDef *hpcd,
 699:Drivers/STM32L4xx_HAL_Driver/Src/stm32l4xx_hal_pcd.c ****                                                        pPCD_IsoOutIncpltCallbackTypeDef pCallback)
 700:Drivers/STM32L4xx_HAL_Driver/Src/stm32l4xx_hal_pcd.c **** {
 701:Drivers/STM32L4xx_HAL_Driver/Src/stm32l4xx_hal_pcd.c ****   HAL_StatusTypeDef status = HAL_OK;
 702:Drivers/STM32L4xx_HAL_Driver/Src/stm32l4xx_hal_pcd.c **** 
 703:Drivers/STM32L4xx_HAL_Driver/Src/stm32l4xx_hal_pcd.c ****   if (pCallback == NULL)
 704:Drivers/STM32L4xx_HAL_Driver/Src/stm32l4xx_hal_pcd.c ****   {
 705:Drivers/STM32L4xx_HAL_Driver/Src/stm32l4xx_hal_pcd.c ****     /* Update the error code */
 706:Drivers/STM32L4xx_HAL_Driver/Src/stm32l4xx_hal_pcd.c ****     hpcd->ErrorCode |= HAL_PCD_ERROR_INVALID_CALLBACK;
 707:Drivers/STM32L4xx_HAL_Driver/Src/stm32l4xx_hal_pcd.c **** 
 708:Drivers/STM32L4xx_HAL_Driver/Src/stm32l4xx_hal_pcd.c ****     return HAL_ERROR;
 709:Drivers/STM32L4xx_HAL_Driver/Src/stm32l4xx_hal_pcd.c ****   }
 710:Drivers/STM32L4xx_HAL_Driver/Src/stm32l4xx_hal_pcd.c **** 
 711:Drivers/STM32L4xx_HAL_Driver/Src/stm32l4xx_hal_pcd.c ****   /* Process locked */
 712:Drivers/STM32L4xx_HAL_Driver/Src/stm32l4xx_hal_pcd.c ****   __HAL_LOCK(hpcd);
 713:Drivers/STM32L4xx_HAL_Driver/Src/stm32l4xx_hal_pcd.c **** 
 714:Drivers/STM32L4xx_HAL_Driver/Src/stm32l4xx_hal_pcd.c ****   if (hpcd->State == HAL_PCD_STATE_READY)
ARM GAS  /tmp/ccGeOL5J.s 			page 14


 715:Drivers/STM32L4xx_HAL_Driver/Src/stm32l4xx_hal_pcd.c ****   {
 716:Drivers/STM32L4xx_HAL_Driver/Src/stm32l4xx_hal_pcd.c ****     hpcd->ISOOUTIncompleteCallback = pCallback;
 717:Drivers/STM32L4xx_HAL_Driver/Src/stm32l4xx_hal_pcd.c ****   }
 718:Drivers/STM32L4xx_HAL_Driver/Src/stm32l4xx_hal_pcd.c ****   else
 719:Drivers/STM32L4xx_HAL_Driver/Src/stm32l4xx_hal_pcd.c ****   {
 720:Drivers/STM32L4xx_HAL_Driver/Src/stm32l4xx_hal_pcd.c ****     /* Update the error code */
 721:Drivers/STM32L4xx_HAL_Driver/Src/stm32l4xx_hal_pcd.c ****     hpcd->ErrorCode |= HAL_PCD_ERROR_INVALID_CALLBACK;
 722:Drivers/STM32L4xx_HAL_Driver/Src/stm32l4xx_hal_pcd.c **** 
 723:Drivers/STM32L4xx_HAL_Driver/Src/stm32l4xx_hal_pcd.c ****     /* Return error status */
 724:Drivers/STM32L4xx_HAL_Driver/Src/stm32l4xx_hal_pcd.c ****     status =  HAL_ERROR;
 725:Drivers/STM32L4xx_HAL_Driver/Src/stm32l4xx_hal_pcd.c ****   }
 726:Drivers/STM32L4xx_HAL_Driver/Src/stm32l4xx_hal_pcd.c **** 
 727:Drivers/STM32L4xx_HAL_Driver/Src/stm32l4xx_hal_pcd.c ****   /* Release Lock */
 728:Drivers/STM32L4xx_HAL_Driver/Src/stm32l4xx_hal_pcd.c ****   __HAL_UNLOCK(hpcd);
 729:Drivers/STM32L4xx_HAL_Driver/Src/stm32l4xx_hal_pcd.c **** 
 730:Drivers/STM32L4xx_HAL_Driver/Src/stm32l4xx_hal_pcd.c ****   return status;
 731:Drivers/STM32L4xx_HAL_Driver/Src/stm32l4xx_hal_pcd.c **** }
 732:Drivers/STM32L4xx_HAL_Driver/Src/stm32l4xx_hal_pcd.c **** 
 733:Drivers/STM32L4xx_HAL_Driver/Src/stm32l4xx_hal_pcd.c **** /**
 734:Drivers/STM32L4xx_HAL_Driver/Src/stm32l4xx_hal_pcd.c ****   * @brief  Unregister the USB PCD Iso OUT incomplete Callback
 735:Drivers/STM32L4xx_HAL_Driver/Src/stm32l4xx_hal_pcd.c ****   *         USB PCD Iso OUT incomplete Callback is redirected
 736:Drivers/STM32L4xx_HAL_Driver/Src/stm32l4xx_hal_pcd.c ****   *         to the weak HAL_PCD_ISOOUTIncompleteCallback() predefined callback
 737:Drivers/STM32L4xx_HAL_Driver/Src/stm32l4xx_hal_pcd.c ****   * @param  hpcd PCD handle
 738:Drivers/STM32L4xx_HAL_Driver/Src/stm32l4xx_hal_pcd.c ****   * @retval HAL status
 739:Drivers/STM32L4xx_HAL_Driver/Src/stm32l4xx_hal_pcd.c ****   */
 740:Drivers/STM32L4xx_HAL_Driver/Src/stm32l4xx_hal_pcd.c **** HAL_StatusTypeDef HAL_PCD_UnRegisterIsoOutIncpltCallback(PCD_HandleTypeDef *hpcd)
 741:Drivers/STM32L4xx_HAL_Driver/Src/stm32l4xx_hal_pcd.c **** {
 742:Drivers/STM32L4xx_HAL_Driver/Src/stm32l4xx_hal_pcd.c ****   HAL_StatusTypeDef status = HAL_OK;
 743:Drivers/STM32L4xx_HAL_Driver/Src/stm32l4xx_hal_pcd.c **** 
 744:Drivers/STM32L4xx_HAL_Driver/Src/stm32l4xx_hal_pcd.c ****   /* Process locked */
 745:Drivers/STM32L4xx_HAL_Driver/Src/stm32l4xx_hal_pcd.c ****   __HAL_LOCK(hpcd);
 746:Drivers/STM32L4xx_HAL_Driver/Src/stm32l4xx_hal_pcd.c **** 
 747:Drivers/STM32L4xx_HAL_Driver/Src/stm32l4xx_hal_pcd.c ****   if (hpcd->State == HAL_PCD_STATE_READY)
 748:Drivers/STM32L4xx_HAL_Driver/Src/stm32l4xx_hal_pcd.c ****   {
 749:Drivers/STM32L4xx_HAL_Driver/Src/stm32l4xx_hal_pcd.c ****     hpcd->ISOOUTIncompleteCallback = HAL_PCD_ISOOUTIncompleteCallback; /* Legacy weak ISOOUTIncompl
 750:Drivers/STM32L4xx_HAL_Driver/Src/stm32l4xx_hal_pcd.c ****   }
 751:Drivers/STM32L4xx_HAL_Driver/Src/stm32l4xx_hal_pcd.c ****   else
 752:Drivers/STM32L4xx_HAL_Driver/Src/stm32l4xx_hal_pcd.c ****   {
 753:Drivers/STM32L4xx_HAL_Driver/Src/stm32l4xx_hal_pcd.c ****     /* Update the error code */
 754:Drivers/STM32L4xx_HAL_Driver/Src/stm32l4xx_hal_pcd.c ****     hpcd->ErrorCode |= HAL_PCD_ERROR_INVALID_CALLBACK;
 755:Drivers/STM32L4xx_HAL_Driver/Src/stm32l4xx_hal_pcd.c **** 
 756:Drivers/STM32L4xx_HAL_Driver/Src/stm32l4xx_hal_pcd.c ****     /* Return error status */
 757:Drivers/STM32L4xx_HAL_Driver/Src/stm32l4xx_hal_pcd.c ****     status =  HAL_ERROR;
 758:Drivers/STM32L4xx_HAL_Driver/Src/stm32l4xx_hal_pcd.c ****   }
 759:Drivers/STM32L4xx_HAL_Driver/Src/stm32l4xx_hal_pcd.c **** 
 760:Drivers/STM32L4xx_HAL_Driver/Src/stm32l4xx_hal_pcd.c ****   /* Release Lock */
 761:Drivers/STM32L4xx_HAL_Driver/Src/stm32l4xx_hal_pcd.c ****   __HAL_UNLOCK(hpcd);
 762:Drivers/STM32L4xx_HAL_Driver/Src/stm32l4xx_hal_pcd.c **** 
 763:Drivers/STM32L4xx_HAL_Driver/Src/stm32l4xx_hal_pcd.c ****   return status;
 764:Drivers/STM32L4xx_HAL_Driver/Src/stm32l4xx_hal_pcd.c **** }
 765:Drivers/STM32L4xx_HAL_Driver/Src/stm32l4xx_hal_pcd.c **** 
 766:Drivers/STM32L4xx_HAL_Driver/Src/stm32l4xx_hal_pcd.c **** /**
 767:Drivers/STM32L4xx_HAL_Driver/Src/stm32l4xx_hal_pcd.c ****   * @brief  Register USB PCD Iso IN incomplete Callback
 768:Drivers/STM32L4xx_HAL_Driver/Src/stm32l4xx_hal_pcd.c ****   *         To be used instead of the weak HAL_PCD_ISOINIncompleteCallback() predefined callback
 769:Drivers/STM32L4xx_HAL_Driver/Src/stm32l4xx_hal_pcd.c ****   * @param  hpcd PCD handle
 770:Drivers/STM32L4xx_HAL_Driver/Src/stm32l4xx_hal_pcd.c ****   * @param  pCallback pointer to the USB PCD Iso IN incomplete Callback function
 771:Drivers/STM32L4xx_HAL_Driver/Src/stm32l4xx_hal_pcd.c ****   * @retval HAL status
ARM GAS  /tmp/ccGeOL5J.s 			page 15


 772:Drivers/STM32L4xx_HAL_Driver/Src/stm32l4xx_hal_pcd.c ****   */
 773:Drivers/STM32L4xx_HAL_Driver/Src/stm32l4xx_hal_pcd.c **** HAL_StatusTypeDef HAL_PCD_RegisterIsoInIncpltCallback(PCD_HandleTypeDef *hpcd,
 774:Drivers/STM32L4xx_HAL_Driver/Src/stm32l4xx_hal_pcd.c ****                                                       pPCD_IsoInIncpltCallbackTypeDef pCallback)
 775:Drivers/STM32L4xx_HAL_Driver/Src/stm32l4xx_hal_pcd.c **** {
 776:Drivers/STM32L4xx_HAL_Driver/Src/stm32l4xx_hal_pcd.c ****   HAL_StatusTypeDef status = HAL_OK;
 777:Drivers/STM32L4xx_HAL_Driver/Src/stm32l4xx_hal_pcd.c **** 
 778:Drivers/STM32L4xx_HAL_Driver/Src/stm32l4xx_hal_pcd.c ****   if (pCallback == NULL)
 779:Drivers/STM32L4xx_HAL_Driver/Src/stm32l4xx_hal_pcd.c ****   {
 780:Drivers/STM32L4xx_HAL_Driver/Src/stm32l4xx_hal_pcd.c ****     /* Update the error code */
 781:Drivers/STM32L4xx_HAL_Driver/Src/stm32l4xx_hal_pcd.c ****     hpcd->ErrorCode |= HAL_PCD_ERROR_INVALID_CALLBACK;
 782:Drivers/STM32L4xx_HAL_Driver/Src/stm32l4xx_hal_pcd.c **** 
 783:Drivers/STM32L4xx_HAL_Driver/Src/stm32l4xx_hal_pcd.c ****     return HAL_ERROR;
 784:Drivers/STM32L4xx_HAL_Driver/Src/stm32l4xx_hal_pcd.c ****   }
 785:Drivers/STM32L4xx_HAL_Driver/Src/stm32l4xx_hal_pcd.c **** 
 786:Drivers/STM32L4xx_HAL_Driver/Src/stm32l4xx_hal_pcd.c ****   /* Process locked */
 787:Drivers/STM32L4xx_HAL_Driver/Src/stm32l4xx_hal_pcd.c ****   __HAL_LOCK(hpcd);
 788:Drivers/STM32L4xx_HAL_Driver/Src/stm32l4xx_hal_pcd.c **** 
 789:Drivers/STM32L4xx_HAL_Driver/Src/stm32l4xx_hal_pcd.c ****   if (hpcd->State == HAL_PCD_STATE_READY)
 790:Drivers/STM32L4xx_HAL_Driver/Src/stm32l4xx_hal_pcd.c ****   {
 791:Drivers/STM32L4xx_HAL_Driver/Src/stm32l4xx_hal_pcd.c ****     hpcd->ISOINIncompleteCallback = pCallback;
 792:Drivers/STM32L4xx_HAL_Driver/Src/stm32l4xx_hal_pcd.c ****   }
 793:Drivers/STM32L4xx_HAL_Driver/Src/stm32l4xx_hal_pcd.c ****   else
 794:Drivers/STM32L4xx_HAL_Driver/Src/stm32l4xx_hal_pcd.c ****   {
 795:Drivers/STM32L4xx_HAL_Driver/Src/stm32l4xx_hal_pcd.c ****     /* Update the error code */
 796:Drivers/STM32L4xx_HAL_Driver/Src/stm32l4xx_hal_pcd.c ****     hpcd->ErrorCode |= HAL_PCD_ERROR_INVALID_CALLBACK;
 797:Drivers/STM32L4xx_HAL_Driver/Src/stm32l4xx_hal_pcd.c **** 
 798:Drivers/STM32L4xx_HAL_Driver/Src/stm32l4xx_hal_pcd.c ****     /* Return error status */
 799:Drivers/STM32L4xx_HAL_Driver/Src/stm32l4xx_hal_pcd.c ****     status =  HAL_ERROR;
 800:Drivers/STM32L4xx_HAL_Driver/Src/stm32l4xx_hal_pcd.c ****   }
 801:Drivers/STM32L4xx_HAL_Driver/Src/stm32l4xx_hal_pcd.c **** 
 802:Drivers/STM32L4xx_HAL_Driver/Src/stm32l4xx_hal_pcd.c ****   /* Release Lock */
 803:Drivers/STM32L4xx_HAL_Driver/Src/stm32l4xx_hal_pcd.c ****   __HAL_UNLOCK(hpcd);
 804:Drivers/STM32L4xx_HAL_Driver/Src/stm32l4xx_hal_pcd.c **** 
 805:Drivers/STM32L4xx_HAL_Driver/Src/stm32l4xx_hal_pcd.c ****   return status;
 806:Drivers/STM32L4xx_HAL_Driver/Src/stm32l4xx_hal_pcd.c **** }
 807:Drivers/STM32L4xx_HAL_Driver/Src/stm32l4xx_hal_pcd.c **** 
 808:Drivers/STM32L4xx_HAL_Driver/Src/stm32l4xx_hal_pcd.c **** /**
 809:Drivers/STM32L4xx_HAL_Driver/Src/stm32l4xx_hal_pcd.c ****   * @brief  Unregister the USB PCD Iso IN incomplete Callback
 810:Drivers/STM32L4xx_HAL_Driver/Src/stm32l4xx_hal_pcd.c ****   *         USB PCD Iso IN incomplete Callback is redirected
 811:Drivers/STM32L4xx_HAL_Driver/Src/stm32l4xx_hal_pcd.c ****   *         to the weak HAL_PCD_ISOINIncompleteCallback() predefined callback
 812:Drivers/STM32L4xx_HAL_Driver/Src/stm32l4xx_hal_pcd.c ****   * @param  hpcd PCD handle
 813:Drivers/STM32L4xx_HAL_Driver/Src/stm32l4xx_hal_pcd.c ****   * @retval HAL status
 814:Drivers/STM32L4xx_HAL_Driver/Src/stm32l4xx_hal_pcd.c ****   */
 815:Drivers/STM32L4xx_HAL_Driver/Src/stm32l4xx_hal_pcd.c **** HAL_StatusTypeDef HAL_PCD_UnRegisterIsoInIncpltCallback(PCD_HandleTypeDef *hpcd)
 816:Drivers/STM32L4xx_HAL_Driver/Src/stm32l4xx_hal_pcd.c **** {
 817:Drivers/STM32L4xx_HAL_Driver/Src/stm32l4xx_hal_pcd.c ****   HAL_StatusTypeDef status = HAL_OK;
 818:Drivers/STM32L4xx_HAL_Driver/Src/stm32l4xx_hal_pcd.c **** 
 819:Drivers/STM32L4xx_HAL_Driver/Src/stm32l4xx_hal_pcd.c ****   /* Process locked */
 820:Drivers/STM32L4xx_HAL_Driver/Src/stm32l4xx_hal_pcd.c ****   __HAL_LOCK(hpcd);
 821:Drivers/STM32L4xx_HAL_Driver/Src/stm32l4xx_hal_pcd.c **** 
 822:Drivers/STM32L4xx_HAL_Driver/Src/stm32l4xx_hal_pcd.c ****   if (hpcd->State == HAL_PCD_STATE_READY)
 823:Drivers/STM32L4xx_HAL_Driver/Src/stm32l4xx_hal_pcd.c ****   {
 824:Drivers/STM32L4xx_HAL_Driver/Src/stm32l4xx_hal_pcd.c ****     hpcd->ISOINIncompleteCallback = HAL_PCD_ISOINIncompleteCallback; /* Legacy weak ISOINIncomplete
 825:Drivers/STM32L4xx_HAL_Driver/Src/stm32l4xx_hal_pcd.c ****   }
 826:Drivers/STM32L4xx_HAL_Driver/Src/stm32l4xx_hal_pcd.c ****   else
 827:Drivers/STM32L4xx_HAL_Driver/Src/stm32l4xx_hal_pcd.c ****   {
 828:Drivers/STM32L4xx_HAL_Driver/Src/stm32l4xx_hal_pcd.c ****     /* Update the error code */
ARM GAS  /tmp/ccGeOL5J.s 			page 16


 829:Drivers/STM32L4xx_HAL_Driver/Src/stm32l4xx_hal_pcd.c ****     hpcd->ErrorCode |= HAL_PCD_ERROR_INVALID_CALLBACK;
 830:Drivers/STM32L4xx_HAL_Driver/Src/stm32l4xx_hal_pcd.c **** 
 831:Drivers/STM32L4xx_HAL_Driver/Src/stm32l4xx_hal_pcd.c ****     /* Return error status */
 832:Drivers/STM32L4xx_HAL_Driver/Src/stm32l4xx_hal_pcd.c ****     status =  HAL_ERROR;
 833:Drivers/STM32L4xx_HAL_Driver/Src/stm32l4xx_hal_pcd.c ****   }
 834:Drivers/STM32L4xx_HAL_Driver/Src/stm32l4xx_hal_pcd.c **** 
 835:Drivers/STM32L4xx_HAL_Driver/Src/stm32l4xx_hal_pcd.c ****   /* Release Lock */
 836:Drivers/STM32L4xx_HAL_Driver/Src/stm32l4xx_hal_pcd.c ****   __HAL_UNLOCK(hpcd);
 837:Drivers/STM32L4xx_HAL_Driver/Src/stm32l4xx_hal_pcd.c **** 
 838:Drivers/STM32L4xx_HAL_Driver/Src/stm32l4xx_hal_pcd.c ****   return status;
 839:Drivers/STM32L4xx_HAL_Driver/Src/stm32l4xx_hal_pcd.c **** }
 840:Drivers/STM32L4xx_HAL_Driver/Src/stm32l4xx_hal_pcd.c **** 
 841:Drivers/STM32L4xx_HAL_Driver/Src/stm32l4xx_hal_pcd.c **** /**
 842:Drivers/STM32L4xx_HAL_Driver/Src/stm32l4xx_hal_pcd.c ****   * @brief  Register USB PCD BCD Callback
 843:Drivers/STM32L4xx_HAL_Driver/Src/stm32l4xx_hal_pcd.c ****   *         To be used instead of the weak HAL_PCDEx_BCD_Callback() predefined callback
 844:Drivers/STM32L4xx_HAL_Driver/Src/stm32l4xx_hal_pcd.c ****   * @param  hpcd PCD handle
 845:Drivers/STM32L4xx_HAL_Driver/Src/stm32l4xx_hal_pcd.c ****   * @param  pCallback pointer to the USB PCD BCD Callback function
 846:Drivers/STM32L4xx_HAL_Driver/Src/stm32l4xx_hal_pcd.c ****   * @retval HAL status
 847:Drivers/STM32L4xx_HAL_Driver/Src/stm32l4xx_hal_pcd.c ****   */
 848:Drivers/STM32L4xx_HAL_Driver/Src/stm32l4xx_hal_pcd.c **** HAL_StatusTypeDef HAL_PCD_RegisterBcdCallback(PCD_HandleTypeDef *hpcd, pPCD_BcdCallbackTypeDef pCal
 849:Drivers/STM32L4xx_HAL_Driver/Src/stm32l4xx_hal_pcd.c **** {
 850:Drivers/STM32L4xx_HAL_Driver/Src/stm32l4xx_hal_pcd.c ****   HAL_StatusTypeDef status = HAL_OK;
 851:Drivers/STM32L4xx_HAL_Driver/Src/stm32l4xx_hal_pcd.c **** 
 852:Drivers/STM32L4xx_HAL_Driver/Src/stm32l4xx_hal_pcd.c ****   if (pCallback == NULL)
 853:Drivers/STM32L4xx_HAL_Driver/Src/stm32l4xx_hal_pcd.c ****   {
 854:Drivers/STM32L4xx_HAL_Driver/Src/stm32l4xx_hal_pcd.c ****     /* Update the error code */
 855:Drivers/STM32L4xx_HAL_Driver/Src/stm32l4xx_hal_pcd.c ****     hpcd->ErrorCode |= HAL_PCD_ERROR_INVALID_CALLBACK;
 856:Drivers/STM32L4xx_HAL_Driver/Src/stm32l4xx_hal_pcd.c **** 
 857:Drivers/STM32L4xx_HAL_Driver/Src/stm32l4xx_hal_pcd.c ****     return HAL_ERROR;
 858:Drivers/STM32L4xx_HAL_Driver/Src/stm32l4xx_hal_pcd.c ****   }
 859:Drivers/STM32L4xx_HAL_Driver/Src/stm32l4xx_hal_pcd.c **** 
 860:Drivers/STM32L4xx_HAL_Driver/Src/stm32l4xx_hal_pcd.c ****   /* Process locked */
 861:Drivers/STM32L4xx_HAL_Driver/Src/stm32l4xx_hal_pcd.c ****   __HAL_LOCK(hpcd);
 862:Drivers/STM32L4xx_HAL_Driver/Src/stm32l4xx_hal_pcd.c **** 
 863:Drivers/STM32L4xx_HAL_Driver/Src/stm32l4xx_hal_pcd.c ****   if (hpcd->State == HAL_PCD_STATE_READY)
 864:Drivers/STM32L4xx_HAL_Driver/Src/stm32l4xx_hal_pcd.c ****   {
 865:Drivers/STM32L4xx_HAL_Driver/Src/stm32l4xx_hal_pcd.c ****     hpcd->BCDCallback = pCallback;
 866:Drivers/STM32L4xx_HAL_Driver/Src/stm32l4xx_hal_pcd.c ****   }
 867:Drivers/STM32L4xx_HAL_Driver/Src/stm32l4xx_hal_pcd.c ****   else
 868:Drivers/STM32L4xx_HAL_Driver/Src/stm32l4xx_hal_pcd.c ****   {
 869:Drivers/STM32L4xx_HAL_Driver/Src/stm32l4xx_hal_pcd.c ****     /* Update the error code */
 870:Drivers/STM32L4xx_HAL_Driver/Src/stm32l4xx_hal_pcd.c ****     hpcd->ErrorCode |= HAL_PCD_ERROR_INVALID_CALLBACK;
 871:Drivers/STM32L4xx_HAL_Driver/Src/stm32l4xx_hal_pcd.c **** 
 872:Drivers/STM32L4xx_HAL_Driver/Src/stm32l4xx_hal_pcd.c ****     /* Return error status */
 873:Drivers/STM32L4xx_HAL_Driver/Src/stm32l4xx_hal_pcd.c ****     status =  HAL_ERROR;
 874:Drivers/STM32L4xx_HAL_Driver/Src/stm32l4xx_hal_pcd.c ****   }
 875:Drivers/STM32L4xx_HAL_Driver/Src/stm32l4xx_hal_pcd.c **** 
 876:Drivers/STM32L4xx_HAL_Driver/Src/stm32l4xx_hal_pcd.c ****   /* Release Lock */
 877:Drivers/STM32L4xx_HAL_Driver/Src/stm32l4xx_hal_pcd.c ****   __HAL_UNLOCK(hpcd);
 878:Drivers/STM32L4xx_HAL_Driver/Src/stm32l4xx_hal_pcd.c **** 
 879:Drivers/STM32L4xx_HAL_Driver/Src/stm32l4xx_hal_pcd.c ****   return status;
 880:Drivers/STM32L4xx_HAL_Driver/Src/stm32l4xx_hal_pcd.c **** }
 881:Drivers/STM32L4xx_HAL_Driver/Src/stm32l4xx_hal_pcd.c **** 
 882:Drivers/STM32L4xx_HAL_Driver/Src/stm32l4xx_hal_pcd.c **** /**
 883:Drivers/STM32L4xx_HAL_Driver/Src/stm32l4xx_hal_pcd.c ****   * @brief  Unregister the USB PCD BCD Callback
 884:Drivers/STM32L4xx_HAL_Driver/Src/stm32l4xx_hal_pcd.c ****   *         USB BCD Callback is redirected to the weak HAL_PCDEx_BCD_Callback() predefined callback
 885:Drivers/STM32L4xx_HAL_Driver/Src/stm32l4xx_hal_pcd.c ****   * @param  hpcd PCD handle
ARM GAS  /tmp/ccGeOL5J.s 			page 17


 886:Drivers/STM32L4xx_HAL_Driver/Src/stm32l4xx_hal_pcd.c ****   * @retval HAL status
 887:Drivers/STM32L4xx_HAL_Driver/Src/stm32l4xx_hal_pcd.c ****   */
 888:Drivers/STM32L4xx_HAL_Driver/Src/stm32l4xx_hal_pcd.c **** HAL_StatusTypeDef HAL_PCD_UnRegisterBcdCallback(PCD_HandleTypeDef *hpcd)
 889:Drivers/STM32L4xx_HAL_Driver/Src/stm32l4xx_hal_pcd.c **** {
 890:Drivers/STM32L4xx_HAL_Driver/Src/stm32l4xx_hal_pcd.c ****   HAL_StatusTypeDef status = HAL_OK;
 891:Drivers/STM32L4xx_HAL_Driver/Src/stm32l4xx_hal_pcd.c **** 
 892:Drivers/STM32L4xx_HAL_Driver/Src/stm32l4xx_hal_pcd.c ****   /* Process locked */
 893:Drivers/STM32L4xx_HAL_Driver/Src/stm32l4xx_hal_pcd.c ****   __HAL_LOCK(hpcd);
 894:Drivers/STM32L4xx_HAL_Driver/Src/stm32l4xx_hal_pcd.c **** 
 895:Drivers/STM32L4xx_HAL_Driver/Src/stm32l4xx_hal_pcd.c ****   if (hpcd->State == HAL_PCD_STATE_READY)
 896:Drivers/STM32L4xx_HAL_Driver/Src/stm32l4xx_hal_pcd.c ****   {
 897:Drivers/STM32L4xx_HAL_Driver/Src/stm32l4xx_hal_pcd.c ****     hpcd->BCDCallback = HAL_PCDEx_BCD_Callback; /* Legacy weak HAL_PCDEx_BCD_Callback  */
 898:Drivers/STM32L4xx_HAL_Driver/Src/stm32l4xx_hal_pcd.c ****   }
 899:Drivers/STM32L4xx_HAL_Driver/Src/stm32l4xx_hal_pcd.c ****   else
 900:Drivers/STM32L4xx_HAL_Driver/Src/stm32l4xx_hal_pcd.c ****   {
 901:Drivers/STM32L4xx_HAL_Driver/Src/stm32l4xx_hal_pcd.c ****     /* Update the error code */
 902:Drivers/STM32L4xx_HAL_Driver/Src/stm32l4xx_hal_pcd.c ****     hpcd->ErrorCode |= HAL_PCD_ERROR_INVALID_CALLBACK;
 903:Drivers/STM32L4xx_HAL_Driver/Src/stm32l4xx_hal_pcd.c **** 
 904:Drivers/STM32L4xx_HAL_Driver/Src/stm32l4xx_hal_pcd.c ****     /* Return error status */
 905:Drivers/STM32L4xx_HAL_Driver/Src/stm32l4xx_hal_pcd.c ****     status =  HAL_ERROR;
 906:Drivers/STM32L4xx_HAL_Driver/Src/stm32l4xx_hal_pcd.c ****   }
 907:Drivers/STM32L4xx_HAL_Driver/Src/stm32l4xx_hal_pcd.c **** 
 908:Drivers/STM32L4xx_HAL_Driver/Src/stm32l4xx_hal_pcd.c ****   /* Release Lock */
 909:Drivers/STM32L4xx_HAL_Driver/Src/stm32l4xx_hal_pcd.c ****   __HAL_UNLOCK(hpcd);
 910:Drivers/STM32L4xx_HAL_Driver/Src/stm32l4xx_hal_pcd.c **** 
 911:Drivers/STM32L4xx_HAL_Driver/Src/stm32l4xx_hal_pcd.c ****   return status;
 912:Drivers/STM32L4xx_HAL_Driver/Src/stm32l4xx_hal_pcd.c **** }
 913:Drivers/STM32L4xx_HAL_Driver/Src/stm32l4xx_hal_pcd.c **** 
 914:Drivers/STM32L4xx_HAL_Driver/Src/stm32l4xx_hal_pcd.c **** /**
 915:Drivers/STM32L4xx_HAL_Driver/Src/stm32l4xx_hal_pcd.c ****   * @brief  Register USB PCD LPM Callback
 916:Drivers/STM32L4xx_HAL_Driver/Src/stm32l4xx_hal_pcd.c ****   *         To be used instead of the weak HAL_PCDEx_LPM_Callback() predefined callback
 917:Drivers/STM32L4xx_HAL_Driver/Src/stm32l4xx_hal_pcd.c ****   * @param  hpcd PCD handle
 918:Drivers/STM32L4xx_HAL_Driver/Src/stm32l4xx_hal_pcd.c ****   * @param  pCallback pointer to the USB PCD LPM Callback function
 919:Drivers/STM32L4xx_HAL_Driver/Src/stm32l4xx_hal_pcd.c ****   * @retval HAL status
 920:Drivers/STM32L4xx_HAL_Driver/Src/stm32l4xx_hal_pcd.c ****   */
 921:Drivers/STM32L4xx_HAL_Driver/Src/stm32l4xx_hal_pcd.c **** HAL_StatusTypeDef HAL_PCD_RegisterLpmCallback(PCD_HandleTypeDef *hpcd, pPCD_LpmCallbackTypeDef pCal
 922:Drivers/STM32L4xx_HAL_Driver/Src/stm32l4xx_hal_pcd.c **** {
 923:Drivers/STM32L4xx_HAL_Driver/Src/stm32l4xx_hal_pcd.c ****   HAL_StatusTypeDef status = HAL_OK;
 924:Drivers/STM32L4xx_HAL_Driver/Src/stm32l4xx_hal_pcd.c **** 
 925:Drivers/STM32L4xx_HAL_Driver/Src/stm32l4xx_hal_pcd.c ****   if (pCallback == NULL)
 926:Drivers/STM32L4xx_HAL_Driver/Src/stm32l4xx_hal_pcd.c ****   {
 927:Drivers/STM32L4xx_HAL_Driver/Src/stm32l4xx_hal_pcd.c ****     /* Update the error code */
 928:Drivers/STM32L4xx_HAL_Driver/Src/stm32l4xx_hal_pcd.c ****     hpcd->ErrorCode |= HAL_PCD_ERROR_INVALID_CALLBACK;
 929:Drivers/STM32L4xx_HAL_Driver/Src/stm32l4xx_hal_pcd.c **** 
 930:Drivers/STM32L4xx_HAL_Driver/Src/stm32l4xx_hal_pcd.c ****     return HAL_ERROR;
 931:Drivers/STM32L4xx_HAL_Driver/Src/stm32l4xx_hal_pcd.c ****   }
 932:Drivers/STM32L4xx_HAL_Driver/Src/stm32l4xx_hal_pcd.c **** 
 933:Drivers/STM32L4xx_HAL_Driver/Src/stm32l4xx_hal_pcd.c ****   /* Process locked */
 934:Drivers/STM32L4xx_HAL_Driver/Src/stm32l4xx_hal_pcd.c ****   __HAL_LOCK(hpcd);
 935:Drivers/STM32L4xx_HAL_Driver/Src/stm32l4xx_hal_pcd.c **** 
 936:Drivers/STM32L4xx_HAL_Driver/Src/stm32l4xx_hal_pcd.c ****   if (hpcd->State == HAL_PCD_STATE_READY)
 937:Drivers/STM32L4xx_HAL_Driver/Src/stm32l4xx_hal_pcd.c ****   {
 938:Drivers/STM32L4xx_HAL_Driver/Src/stm32l4xx_hal_pcd.c ****     hpcd->LPMCallback = pCallback;
 939:Drivers/STM32L4xx_HAL_Driver/Src/stm32l4xx_hal_pcd.c ****   }
 940:Drivers/STM32L4xx_HAL_Driver/Src/stm32l4xx_hal_pcd.c ****   else
 941:Drivers/STM32L4xx_HAL_Driver/Src/stm32l4xx_hal_pcd.c ****   {
 942:Drivers/STM32L4xx_HAL_Driver/Src/stm32l4xx_hal_pcd.c ****     /* Update the error code */
ARM GAS  /tmp/ccGeOL5J.s 			page 18


 943:Drivers/STM32L4xx_HAL_Driver/Src/stm32l4xx_hal_pcd.c ****     hpcd->ErrorCode |= HAL_PCD_ERROR_INVALID_CALLBACK;
 944:Drivers/STM32L4xx_HAL_Driver/Src/stm32l4xx_hal_pcd.c **** 
 945:Drivers/STM32L4xx_HAL_Driver/Src/stm32l4xx_hal_pcd.c ****     /* Return error status */
 946:Drivers/STM32L4xx_HAL_Driver/Src/stm32l4xx_hal_pcd.c ****     status =  HAL_ERROR;
 947:Drivers/STM32L4xx_HAL_Driver/Src/stm32l4xx_hal_pcd.c ****   }
 948:Drivers/STM32L4xx_HAL_Driver/Src/stm32l4xx_hal_pcd.c **** 
 949:Drivers/STM32L4xx_HAL_Driver/Src/stm32l4xx_hal_pcd.c ****   /* Release Lock */
 950:Drivers/STM32L4xx_HAL_Driver/Src/stm32l4xx_hal_pcd.c ****   __HAL_UNLOCK(hpcd);
 951:Drivers/STM32L4xx_HAL_Driver/Src/stm32l4xx_hal_pcd.c **** 
 952:Drivers/STM32L4xx_HAL_Driver/Src/stm32l4xx_hal_pcd.c ****   return status;
 953:Drivers/STM32L4xx_HAL_Driver/Src/stm32l4xx_hal_pcd.c **** }
 954:Drivers/STM32L4xx_HAL_Driver/Src/stm32l4xx_hal_pcd.c **** 
 955:Drivers/STM32L4xx_HAL_Driver/Src/stm32l4xx_hal_pcd.c **** /**
 956:Drivers/STM32L4xx_HAL_Driver/Src/stm32l4xx_hal_pcd.c ****   * @brief  Unregister the USB PCD LPM Callback
 957:Drivers/STM32L4xx_HAL_Driver/Src/stm32l4xx_hal_pcd.c ****   *         USB LPM Callback is redirected to the weak HAL_PCDEx_LPM_Callback() predefined callback
 958:Drivers/STM32L4xx_HAL_Driver/Src/stm32l4xx_hal_pcd.c ****   * @param  hpcd PCD handle
 959:Drivers/STM32L4xx_HAL_Driver/Src/stm32l4xx_hal_pcd.c ****   * @retval HAL status
 960:Drivers/STM32L4xx_HAL_Driver/Src/stm32l4xx_hal_pcd.c ****   */
 961:Drivers/STM32L4xx_HAL_Driver/Src/stm32l4xx_hal_pcd.c **** HAL_StatusTypeDef HAL_PCD_UnRegisterLpmCallback(PCD_HandleTypeDef *hpcd)
 962:Drivers/STM32L4xx_HAL_Driver/Src/stm32l4xx_hal_pcd.c **** {
 963:Drivers/STM32L4xx_HAL_Driver/Src/stm32l4xx_hal_pcd.c ****   HAL_StatusTypeDef status = HAL_OK;
 964:Drivers/STM32L4xx_HAL_Driver/Src/stm32l4xx_hal_pcd.c **** 
 965:Drivers/STM32L4xx_HAL_Driver/Src/stm32l4xx_hal_pcd.c ****   /* Process locked */
 966:Drivers/STM32L4xx_HAL_Driver/Src/stm32l4xx_hal_pcd.c ****   __HAL_LOCK(hpcd);
 967:Drivers/STM32L4xx_HAL_Driver/Src/stm32l4xx_hal_pcd.c **** 
 968:Drivers/STM32L4xx_HAL_Driver/Src/stm32l4xx_hal_pcd.c ****   if (hpcd->State == HAL_PCD_STATE_READY)
 969:Drivers/STM32L4xx_HAL_Driver/Src/stm32l4xx_hal_pcd.c ****   {
 970:Drivers/STM32L4xx_HAL_Driver/Src/stm32l4xx_hal_pcd.c ****     hpcd->LPMCallback = HAL_PCDEx_LPM_Callback; /* Legacy weak HAL_PCDEx_LPM_Callback  */
 971:Drivers/STM32L4xx_HAL_Driver/Src/stm32l4xx_hal_pcd.c ****   }
 972:Drivers/STM32L4xx_HAL_Driver/Src/stm32l4xx_hal_pcd.c ****   else
 973:Drivers/STM32L4xx_HAL_Driver/Src/stm32l4xx_hal_pcd.c ****   {
 974:Drivers/STM32L4xx_HAL_Driver/Src/stm32l4xx_hal_pcd.c ****     /* Update the error code */
 975:Drivers/STM32L4xx_HAL_Driver/Src/stm32l4xx_hal_pcd.c ****     hpcd->ErrorCode |= HAL_PCD_ERROR_INVALID_CALLBACK;
 976:Drivers/STM32L4xx_HAL_Driver/Src/stm32l4xx_hal_pcd.c **** 
 977:Drivers/STM32L4xx_HAL_Driver/Src/stm32l4xx_hal_pcd.c ****     /* Return error status */
 978:Drivers/STM32L4xx_HAL_Driver/Src/stm32l4xx_hal_pcd.c ****     status =  HAL_ERROR;
 979:Drivers/STM32L4xx_HAL_Driver/Src/stm32l4xx_hal_pcd.c ****   }
 980:Drivers/STM32L4xx_HAL_Driver/Src/stm32l4xx_hal_pcd.c **** 
 981:Drivers/STM32L4xx_HAL_Driver/Src/stm32l4xx_hal_pcd.c ****   /* Release Lock */
 982:Drivers/STM32L4xx_HAL_Driver/Src/stm32l4xx_hal_pcd.c ****   __HAL_UNLOCK(hpcd);
 983:Drivers/STM32L4xx_HAL_Driver/Src/stm32l4xx_hal_pcd.c **** 
 984:Drivers/STM32L4xx_HAL_Driver/Src/stm32l4xx_hal_pcd.c ****   return status;
 985:Drivers/STM32L4xx_HAL_Driver/Src/stm32l4xx_hal_pcd.c **** }
 986:Drivers/STM32L4xx_HAL_Driver/Src/stm32l4xx_hal_pcd.c **** #endif /* USE_HAL_PCD_REGISTER_CALLBACKS */
 987:Drivers/STM32L4xx_HAL_Driver/Src/stm32l4xx_hal_pcd.c **** 
 988:Drivers/STM32L4xx_HAL_Driver/Src/stm32l4xx_hal_pcd.c **** /**
 989:Drivers/STM32L4xx_HAL_Driver/Src/stm32l4xx_hal_pcd.c ****   * @}
 990:Drivers/STM32L4xx_HAL_Driver/Src/stm32l4xx_hal_pcd.c ****   */
 991:Drivers/STM32L4xx_HAL_Driver/Src/stm32l4xx_hal_pcd.c **** 
 992:Drivers/STM32L4xx_HAL_Driver/Src/stm32l4xx_hal_pcd.c **** /** @defgroup PCD_Exported_Functions_Group2 Input and Output operation functions
 993:Drivers/STM32L4xx_HAL_Driver/Src/stm32l4xx_hal_pcd.c ****   *  @brief   Data transfers functions
 994:Drivers/STM32L4xx_HAL_Driver/Src/stm32l4xx_hal_pcd.c ****   *
 995:Drivers/STM32L4xx_HAL_Driver/Src/stm32l4xx_hal_pcd.c **** @verbatim
 996:Drivers/STM32L4xx_HAL_Driver/Src/stm32l4xx_hal_pcd.c ****  ===============================================================================
 997:Drivers/STM32L4xx_HAL_Driver/Src/stm32l4xx_hal_pcd.c ****                       ##### IO operation functions #####
 998:Drivers/STM32L4xx_HAL_Driver/Src/stm32l4xx_hal_pcd.c ****  ===============================================================================
 999:Drivers/STM32L4xx_HAL_Driver/Src/stm32l4xx_hal_pcd.c ****     [..]
ARM GAS  /tmp/ccGeOL5J.s 			page 19


1000:Drivers/STM32L4xx_HAL_Driver/Src/stm32l4xx_hal_pcd.c ****     This subsection provides a set of functions allowing to manage the PCD data
1001:Drivers/STM32L4xx_HAL_Driver/Src/stm32l4xx_hal_pcd.c ****     transfers.
1002:Drivers/STM32L4xx_HAL_Driver/Src/stm32l4xx_hal_pcd.c **** 
1003:Drivers/STM32L4xx_HAL_Driver/Src/stm32l4xx_hal_pcd.c **** @endverbatim
1004:Drivers/STM32L4xx_HAL_Driver/Src/stm32l4xx_hal_pcd.c ****   * @{
1005:Drivers/STM32L4xx_HAL_Driver/Src/stm32l4xx_hal_pcd.c ****   */
1006:Drivers/STM32L4xx_HAL_Driver/Src/stm32l4xx_hal_pcd.c **** 
1007:Drivers/STM32L4xx_HAL_Driver/Src/stm32l4xx_hal_pcd.c **** /**
1008:Drivers/STM32L4xx_HAL_Driver/Src/stm32l4xx_hal_pcd.c ****   * @brief  Start the USB device
1009:Drivers/STM32L4xx_HAL_Driver/Src/stm32l4xx_hal_pcd.c ****   * @param  hpcd PCD handle
1010:Drivers/STM32L4xx_HAL_Driver/Src/stm32l4xx_hal_pcd.c ****   * @retval HAL status
1011:Drivers/STM32L4xx_HAL_Driver/Src/stm32l4xx_hal_pcd.c ****   */
1012:Drivers/STM32L4xx_HAL_Driver/Src/stm32l4xx_hal_pcd.c **** HAL_StatusTypeDef HAL_PCD_Start(PCD_HandleTypeDef *hpcd)
1013:Drivers/STM32L4xx_HAL_Driver/Src/stm32l4xx_hal_pcd.c **** {
1014:Drivers/STM32L4xx_HAL_Driver/Src/stm32l4xx_hal_pcd.c **** #if defined (USB_OTG_FS)
1015:Drivers/STM32L4xx_HAL_Driver/Src/stm32l4xx_hal_pcd.c ****   USB_OTG_GlobalTypeDef *USBx = hpcd->Instance;
1016:Drivers/STM32L4xx_HAL_Driver/Src/stm32l4xx_hal_pcd.c **** #endif /* defined (USB_OTG_FS) */
1017:Drivers/STM32L4xx_HAL_Driver/Src/stm32l4xx_hal_pcd.c **** 
1018:Drivers/STM32L4xx_HAL_Driver/Src/stm32l4xx_hal_pcd.c ****   __HAL_LOCK(hpcd);
1019:Drivers/STM32L4xx_HAL_Driver/Src/stm32l4xx_hal_pcd.c **** #if defined (USB_OTG_FS)
1020:Drivers/STM32L4xx_HAL_Driver/Src/stm32l4xx_hal_pcd.c ****   if (hpcd->Init.battery_charging_enable == 1U)
1021:Drivers/STM32L4xx_HAL_Driver/Src/stm32l4xx_hal_pcd.c ****   {
1022:Drivers/STM32L4xx_HAL_Driver/Src/stm32l4xx_hal_pcd.c ****     /* Enable USB Transceiver */
1023:Drivers/STM32L4xx_HAL_Driver/Src/stm32l4xx_hal_pcd.c ****     USBx->GCCFG |= USB_OTG_GCCFG_PWRDWN;
1024:Drivers/STM32L4xx_HAL_Driver/Src/stm32l4xx_hal_pcd.c ****   }
1025:Drivers/STM32L4xx_HAL_Driver/Src/stm32l4xx_hal_pcd.c **** #endif /* defined (USB_OTG_FS) */
1026:Drivers/STM32L4xx_HAL_Driver/Src/stm32l4xx_hal_pcd.c ****   __HAL_PCD_ENABLE(hpcd);
1027:Drivers/STM32L4xx_HAL_Driver/Src/stm32l4xx_hal_pcd.c ****   (void)USB_DevConnect(hpcd->Instance);
1028:Drivers/STM32L4xx_HAL_Driver/Src/stm32l4xx_hal_pcd.c ****   __HAL_UNLOCK(hpcd);
1029:Drivers/STM32L4xx_HAL_Driver/Src/stm32l4xx_hal_pcd.c **** 
1030:Drivers/STM32L4xx_HAL_Driver/Src/stm32l4xx_hal_pcd.c ****   return HAL_OK;
1031:Drivers/STM32L4xx_HAL_Driver/Src/stm32l4xx_hal_pcd.c **** }
1032:Drivers/STM32L4xx_HAL_Driver/Src/stm32l4xx_hal_pcd.c **** 
1033:Drivers/STM32L4xx_HAL_Driver/Src/stm32l4xx_hal_pcd.c **** /**
1034:Drivers/STM32L4xx_HAL_Driver/Src/stm32l4xx_hal_pcd.c ****   * @brief  Stop the USB device.
1035:Drivers/STM32L4xx_HAL_Driver/Src/stm32l4xx_hal_pcd.c ****   * @param  hpcd PCD handle
1036:Drivers/STM32L4xx_HAL_Driver/Src/stm32l4xx_hal_pcd.c ****   * @retval HAL status
1037:Drivers/STM32L4xx_HAL_Driver/Src/stm32l4xx_hal_pcd.c ****   */
1038:Drivers/STM32L4xx_HAL_Driver/Src/stm32l4xx_hal_pcd.c **** HAL_StatusTypeDef HAL_PCD_Stop(PCD_HandleTypeDef *hpcd)
1039:Drivers/STM32L4xx_HAL_Driver/Src/stm32l4xx_hal_pcd.c **** {
1040:Drivers/STM32L4xx_HAL_Driver/Src/stm32l4xx_hal_pcd.c **** #if defined (USB_OTG_FS)
1041:Drivers/STM32L4xx_HAL_Driver/Src/stm32l4xx_hal_pcd.c ****   USB_OTG_GlobalTypeDef *USBx = hpcd->Instance;
1042:Drivers/STM32L4xx_HAL_Driver/Src/stm32l4xx_hal_pcd.c **** #endif /* defined (USB_OTG_FS) */
1043:Drivers/STM32L4xx_HAL_Driver/Src/stm32l4xx_hal_pcd.c **** 
1044:Drivers/STM32L4xx_HAL_Driver/Src/stm32l4xx_hal_pcd.c ****   __HAL_LOCK(hpcd);
1045:Drivers/STM32L4xx_HAL_Driver/Src/stm32l4xx_hal_pcd.c ****   __HAL_PCD_DISABLE(hpcd);
1046:Drivers/STM32L4xx_HAL_Driver/Src/stm32l4xx_hal_pcd.c ****   (void)USB_DevDisconnect(hpcd->Instance);
1047:Drivers/STM32L4xx_HAL_Driver/Src/stm32l4xx_hal_pcd.c **** 
1048:Drivers/STM32L4xx_HAL_Driver/Src/stm32l4xx_hal_pcd.c **** #if defined (USB_OTG_FS)
1049:Drivers/STM32L4xx_HAL_Driver/Src/stm32l4xx_hal_pcd.c ****   (void)USB_FlushTxFifo(hpcd->Instance, 0x10U);
1050:Drivers/STM32L4xx_HAL_Driver/Src/stm32l4xx_hal_pcd.c **** 
1051:Drivers/STM32L4xx_HAL_Driver/Src/stm32l4xx_hal_pcd.c ****   if (hpcd->Init.battery_charging_enable == 1U)
1052:Drivers/STM32L4xx_HAL_Driver/Src/stm32l4xx_hal_pcd.c ****   {
1053:Drivers/STM32L4xx_HAL_Driver/Src/stm32l4xx_hal_pcd.c ****     /* Disable USB Transceiver */
1054:Drivers/STM32L4xx_HAL_Driver/Src/stm32l4xx_hal_pcd.c ****     USBx->GCCFG &= ~(USB_OTG_GCCFG_PWRDWN);
1055:Drivers/STM32L4xx_HAL_Driver/Src/stm32l4xx_hal_pcd.c ****   }
1056:Drivers/STM32L4xx_HAL_Driver/Src/stm32l4xx_hal_pcd.c **** #endif /* defined (USB_OTG_FS) */
ARM GAS  /tmp/ccGeOL5J.s 			page 20


1057:Drivers/STM32L4xx_HAL_Driver/Src/stm32l4xx_hal_pcd.c **** 
1058:Drivers/STM32L4xx_HAL_Driver/Src/stm32l4xx_hal_pcd.c ****   __HAL_UNLOCK(hpcd);
1059:Drivers/STM32L4xx_HAL_Driver/Src/stm32l4xx_hal_pcd.c **** 
1060:Drivers/STM32L4xx_HAL_Driver/Src/stm32l4xx_hal_pcd.c ****   return HAL_OK;
1061:Drivers/STM32L4xx_HAL_Driver/Src/stm32l4xx_hal_pcd.c **** }
1062:Drivers/STM32L4xx_HAL_Driver/Src/stm32l4xx_hal_pcd.c **** 
1063:Drivers/STM32L4xx_HAL_Driver/Src/stm32l4xx_hal_pcd.c **** #if defined (USB_OTG_FS)
1064:Drivers/STM32L4xx_HAL_Driver/Src/stm32l4xx_hal_pcd.c **** /**
1065:Drivers/STM32L4xx_HAL_Driver/Src/stm32l4xx_hal_pcd.c ****   * @brief  Handles PCD interrupt request.
1066:Drivers/STM32L4xx_HAL_Driver/Src/stm32l4xx_hal_pcd.c ****   * @param  hpcd PCD handle
1067:Drivers/STM32L4xx_HAL_Driver/Src/stm32l4xx_hal_pcd.c ****   * @retval HAL status
1068:Drivers/STM32L4xx_HAL_Driver/Src/stm32l4xx_hal_pcd.c ****   */
1069:Drivers/STM32L4xx_HAL_Driver/Src/stm32l4xx_hal_pcd.c **** void HAL_PCD_IRQHandler(PCD_HandleTypeDef *hpcd)
1070:Drivers/STM32L4xx_HAL_Driver/Src/stm32l4xx_hal_pcd.c **** {
1071:Drivers/STM32L4xx_HAL_Driver/Src/stm32l4xx_hal_pcd.c ****   USB_OTG_GlobalTypeDef *USBx = hpcd->Instance;
1072:Drivers/STM32L4xx_HAL_Driver/Src/stm32l4xx_hal_pcd.c ****   uint32_t USBx_BASE = (uint32_t)USBx;
1073:Drivers/STM32L4xx_HAL_Driver/Src/stm32l4xx_hal_pcd.c ****   USB_OTG_EPTypeDef *ep;
1074:Drivers/STM32L4xx_HAL_Driver/Src/stm32l4xx_hal_pcd.c ****   uint32_t i;
1075:Drivers/STM32L4xx_HAL_Driver/Src/stm32l4xx_hal_pcd.c ****   uint32_t ep_intr;
1076:Drivers/STM32L4xx_HAL_Driver/Src/stm32l4xx_hal_pcd.c ****   uint32_t epint;
1077:Drivers/STM32L4xx_HAL_Driver/Src/stm32l4xx_hal_pcd.c ****   uint32_t epnum;
1078:Drivers/STM32L4xx_HAL_Driver/Src/stm32l4xx_hal_pcd.c ****   uint32_t fifoemptymsk;
1079:Drivers/STM32L4xx_HAL_Driver/Src/stm32l4xx_hal_pcd.c ****   uint32_t RegVal;
1080:Drivers/STM32L4xx_HAL_Driver/Src/stm32l4xx_hal_pcd.c **** 
1081:Drivers/STM32L4xx_HAL_Driver/Src/stm32l4xx_hal_pcd.c ****   /* ensure that we are in device mode */
1082:Drivers/STM32L4xx_HAL_Driver/Src/stm32l4xx_hal_pcd.c ****   if (USB_GetMode(hpcd->Instance) == USB_OTG_MODE_DEVICE)
1083:Drivers/STM32L4xx_HAL_Driver/Src/stm32l4xx_hal_pcd.c ****   {
1084:Drivers/STM32L4xx_HAL_Driver/Src/stm32l4xx_hal_pcd.c ****     /* avoid spurious interrupt */
1085:Drivers/STM32L4xx_HAL_Driver/Src/stm32l4xx_hal_pcd.c ****     if (__HAL_PCD_IS_INVALID_INTERRUPT(hpcd))
1086:Drivers/STM32L4xx_HAL_Driver/Src/stm32l4xx_hal_pcd.c ****     {
1087:Drivers/STM32L4xx_HAL_Driver/Src/stm32l4xx_hal_pcd.c ****       return;
1088:Drivers/STM32L4xx_HAL_Driver/Src/stm32l4xx_hal_pcd.c ****     }
1089:Drivers/STM32L4xx_HAL_Driver/Src/stm32l4xx_hal_pcd.c **** 
1090:Drivers/STM32L4xx_HAL_Driver/Src/stm32l4xx_hal_pcd.c ****     /* store current frame number */
1091:Drivers/STM32L4xx_HAL_Driver/Src/stm32l4xx_hal_pcd.c ****     hpcd->FrameNumber = (USBx_DEVICE->DSTS & USB_OTG_DSTS_FNSOF_Msk) >> USB_OTG_DSTS_FNSOF_Pos;
1092:Drivers/STM32L4xx_HAL_Driver/Src/stm32l4xx_hal_pcd.c **** 
1093:Drivers/STM32L4xx_HAL_Driver/Src/stm32l4xx_hal_pcd.c ****     if (__HAL_PCD_GET_FLAG(hpcd, USB_OTG_GINTSTS_MMIS))
1094:Drivers/STM32L4xx_HAL_Driver/Src/stm32l4xx_hal_pcd.c ****     {
1095:Drivers/STM32L4xx_HAL_Driver/Src/stm32l4xx_hal_pcd.c ****       /* incorrect mode, acknowledge the interrupt */
1096:Drivers/STM32L4xx_HAL_Driver/Src/stm32l4xx_hal_pcd.c ****       __HAL_PCD_CLEAR_FLAG(hpcd, USB_OTG_GINTSTS_MMIS);
1097:Drivers/STM32L4xx_HAL_Driver/Src/stm32l4xx_hal_pcd.c ****     }
1098:Drivers/STM32L4xx_HAL_Driver/Src/stm32l4xx_hal_pcd.c **** 
1099:Drivers/STM32L4xx_HAL_Driver/Src/stm32l4xx_hal_pcd.c ****     /* Handle RxQLevel Interrupt */
1100:Drivers/STM32L4xx_HAL_Driver/Src/stm32l4xx_hal_pcd.c ****     if (__HAL_PCD_GET_FLAG(hpcd, USB_OTG_GINTSTS_RXFLVL))
1101:Drivers/STM32L4xx_HAL_Driver/Src/stm32l4xx_hal_pcd.c ****     {
1102:Drivers/STM32L4xx_HAL_Driver/Src/stm32l4xx_hal_pcd.c ****       USB_MASK_INTERRUPT(hpcd->Instance, USB_OTG_GINTSTS_RXFLVL);
1103:Drivers/STM32L4xx_HAL_Driver/Src/stm32l4xx_hal_pcd.c **** 
1104:Drivers/STM32L4xx_HAL_Driver/Src/stm32l4xx_hal_pcd.c ****       RegVal = USBx->GRXSTSP;
1105:Drivers/STM32L4xx_HAL_Driver/Src/stm32l4xx_hal_pcd.c **** 
1106:Drivers/STM32L4xx_HAL_Driver/Src/stm32l4xx_hal_pcd.c ****       ep = &hpcd->OUT_ep[RegVal & USB_OTG_GRXSTSP_EPNUM];
1107:Drivers/STM32L4xx_HAL_Driver/Src/stm32l4xx_hal_pcd.c **** 
1108:Drivers/STM32L4xx_HAL_Driver/Src/stm32l4xx_hal_pcd.c ****       if (((RegVal & USB_OTG_GRXSTSP_PKTSTS) >> 17) ==  STS_DATA_UPDT)
1109:Drivers/STM32L4xx_HAL_Driver/Src/stm32l4xx_hal_pcd.c ****       {
1110:Drivers/STM32L4xx_HAL_Driver/Src/stm32l4xx_hal_pcd.c ****         if ((RegVal & USB_OTG_GRXSTSP_BCNT) != 0U)
1111:Drivers/STM32L4xx_HAL_Driver/Src/stm32l4xx_hal_pcd.c ****         {
1112:Drivers/STM32L4xx_HAL_Driver/Src/stm32l4xx_hal_pcd.c ****           (void)USB_ReadPacket(USBx, ep->xfer_buff,
1113:Drivers/STM32L4xx_HAL_Driver/Src/stm32l4xx_hal_pcd.c ****                                (uint16_t)((RegVal & USB_OTG_GRXSTSP_BCNT) >> 4));
ARM GAS  /tmp/ccGeOL5J.s 			page 21


1114:Drivers/STM32L4xx_HAL_Driver/Src/stm32l4xx_hal_pcd.c **** 
1115:Drivers/STM32L4xx_HAL_Driver/Src/stm32l4xx_hal_pcd.c ****           ep->xfer_buff += (RegVal & USB_OTG_GRXSTSP_BCNT) >> 4;
1116:Drivers/STM32L4xx_HAL_Driver/Src/stm32l4xx_hal_pcd.c ****           ep->xfer_count += (RegVal & USB_OTG_GRXSTSP_BCNT) >> 4;
1117:Drivers/STM32L4xx_HAL_Driver/Src/stm32l4xx_hal_pcd.c ****         }
1118:Drivers/STM32L4xx_HAL_Driver/Src/stm32l4xx_hal_pcd.c ****       }
1119:Drivers/STM32L4xx_HAL_Driver/Src/stm32l4xx_hal_pcd.c ****       else if (((RegVal & USB_OTG_GRXSTSP_PKTSTS) >> 17) == STS_SETUP_UPDT)
1120:Drivers/STM32L4xx_HAL_Driver/Src/stm32l4xx_hal_pcd.c ****       {
1121:Drivers/STM32L4xx_HAL_Driver/Src/stm32l4xx_hal_pcd.c ****         (void)USB_ReadPacket(USBx, (uint8_t *)hpcd->Setup, 8U);
1122:Drivers/STM32L4xx_HAL_Driver/Src/stm32l4xx_hal_pcd.c ****         ep->xfer_count += (RegVal & USB_OTG_GRXSTSP_BCNT) >> 4;
1123:Drivers/STM32L4xx_HAL_Driver/Src/stm32l4xx_hal_pcd.c ****       }
1124:Drivers/STM32L4xx_HAL_Driver/Src/stm32l4xx_hal_pcd.c ****       else
1125:Drivers/STM32L4xx_HAL_Driver/Src/stm32l4xx_hal_pcd.c ****       {
1126:Drivers/STM32L4xx_HAL_Driver/Src/stm32l4xx_hal_pcd.c ****         /* ... */
1127:Drivers/STM32L4xx_HAL_Driver/Src/stm32l4xx_hal_pcd.c ****       }
1128:Drivers/STM32L4xx_HAL_Driver/Src/stm32l4xx_hal_pcd.c **** 
1129:Drivers/STM32L4xx_HAL_Driver/Src/stm32l4xx_hal_pcd.c ****       USB_UNMASK_INTERRUPT(hpcd->Instance, USB_OTG_GINTSTS_RXFLVL);
1130:Drivers/STM32L4xx_HAL_Driver/Src/stm32l4xx_hal_pcd.c ****     }
1131:Drivers/STM32L4xx_HAL_Driver/Src/stm32l4xx_hal_pcd.c **** 
1132:Drivers/STM32L4xx_HAL_Driver/Src/stm32l4xx_hal_pcd.c ****     if (__HAL_PCD_GET_FLAG(hpcd, USB_OTG_GINTSTS_OEPINT))
1133:Drivers/STM32L4xx_HAL_Driver/Src/stm32l4xx_hal_pcd.c ****     {
1134:Drivers/STM32L4xx_HAL_Driver/Src/stm32l4xx_hal_pcd.c ****       epnum = 0U;
1135:Drivers/STM32L4xx_HAL_Driver/Src/stm32l4xx_hal_pcd.c **** 
1136:Drivers/STM32L4xx_HAL_Driver/Src/stm32l4xx_hal_pcd.c ****       /* Read in the device interrupt bits */
1137:Drivers/STM32L4xx_HAL_Driver/Src/stm32l4xx_hal_pcd.c ****       ep_intr = USB_ReadDevAllOutEpInterrupt(hpcd->Instance);
1138:Drivers/STM32L4xx_HAL_Driver/Src/stm32l4xx_hal_pcd.c **** 
1139:Drivers/STM32L4xx_HAL_Driver/Src/stm32l4xx_hal_pcd.c ****       while (ep_intr != 0U)
1140:Drivers/STM32L4xx_HAL_Driver/Src/stm32l4xx_hal_pcd.c ****       {
1141:Drivers/STM32L4xx_HAL_Driver/Src/stm32l4xx_hal_pcd.c ****         if ((ep_intr & 0x1U) != 0U)
1142:Drivers/STM32L4xx_HAL_Driver/Src/stm32l4xx_hal_pcd.c ****         {
1143:Drivers/STM32L4xx_HAL_Driver/Src/stm32l4xx_hal_pcd.c ****           epint = USB_ReadDevOutEPInterrupt(hpcd->Instance, (uint8_t)epnum);
1144:Drivers/STM32L4xx_HAL_Driver/Src/stm32l4xx_hal_pcd.c **** 
1145:Drivers/STM32L4xx_HAL_Driver/Src/stm32l4xx_hal_pcd.c ****           if ((epint & USB_OTG_DOEPINT_XFRC) == USB_OTG_DOEPINT_XFRC)
1146:Drivers/STM32L4xx_HAL_Driver/Src/stm32l4xx_hal_pcd.c ****           {
1147:Drivers/STM32L4xx_HAL_Driver/Src/stm32l4xx_hal_pcd.c ****             CLEAR_OUT_EP_INTR(epnum, USB_OTG_DOEPINT_XFRC);
1148:Drivers/STM32L4xx_HAL_Driver/Src/stm32l4xx_hal_pcd.c ****             (void)PCD_EP_OutXfrComplete_int(hpcd, epnum);
1149:Drivers/STM32L4xx_HAL_Driver/Src/stm32l4xx_hal_pcd.c ****           }
1150:Drivers/STM32L4xx_HAL_Driver/Src/stm32l4xx_hal_pcd.c **** 
1151:Drivers/STM32L4xx_HAL_Driver/Src/stm32l4xx_hal_pcd.c ****           if ((epint & USB_OTG_DOEPINT_STUP) == USB_OTG_DOEPINT_STUP)
1152:Drivers/STM32L4xx_HAL_Driver/Src/stm32l4xx_hal_pcd.c ****           {
1153:Drivers/STM32L4xx_HAL_Driver/Src/stm32l4xx_hal_pcd.c ****             CLEAR_OUT_EP_INTR(epnum, USB_OTG_DOEPINT_STUP);
1154:Drivers/STM32L4xx_HAL_Driver/Src/stm32l4xx_hal_pcd.c ****             /* Class B setup phase done for previous decoded setup */
1155:Drivers/STM32L4xx_HAL_Driver/Src/stm32l4xx_hal_pcd.c ****             (void)PCD_EP_OutSetupPacket_int(hpcd, epnum);
1156:Drivers/STM32L4xx_HAL_Driver/Src/stm32l4xx_hal_pcd.c ****           }
1157:Drivers/STM32L4xx_HAL_Driver/Src/stm32l4xx_hal_pcd.c **** 
1158:Drivers/STM32L4xx_HAL_Driver/Src/stm32l4xx_hal_pcd.c ****           if ((epint & USB_OTG_DOEPINT_OTEPDIS) == USB_OTG_DOEPINT_OTEPDIS)
1159:Drivers/STM32L4xx_HAL_Driver/Src/stm32l4xx_hal_pcd.c ****           {
1160:Drivers/STM32L4xx_HAL_Driver/Src/stm32l4xx_hal_pcd.c ****             CLEAR_OUT_EP_INTR(epnum, USB_OTG_DOEPINT_OTEPDIS);
1161:Drivers/STM32L4xx_HAL_Driver/Src/stm32l4xx_hal_pcd.c ****           }
1162:Drivers/STM32L4xx_HAL_Driver/Src/stm32l4xx_hal_pcd.c **** 
1163:Drivers/STM32L4xx_HAL_Driver/Src/stm32l4xx_hal_pcd.c ****           /* Clear OUT Endpoint disable interrupt */
1164:Drivers/STM32L4xx_HAL_Driver/Src/stm32l4xx_hal_pcd.c ****           if ((epint & USB_OTG_DOEPINT_EPDISD) == USB_OTG_DOEPINT_EPDISD)
1165:Drivers/STM32L4xx_HAL_Driver/Src/stm32l4xx_hal_pcd.c ****           {
1166:Drivers/STM32L4xx_HAL_Driver/Src/stm32l4xx_hal_pcd.c ****             if ((USBx->GINTSTS & USB_OTG_GINTSTS_BOUTNAKEFF) == USB_OTG_GINTSTS_BOUTNAKEFF)
1167:Drivers/STM32L4xx_HAL_Driver/Src/stm32l4xx_hal_pcd.c ****             {
1168:Drivers/STM32L4xx_HAL_Driver/Src/stm32l4xx_hal_pcd.c ****               USBx_DEVICE->DCTL |= USB_OTG_DCTL_CGONAK;
1169:Drivers/STM32L4xx_HAL_Driver/Src/stm32l4xx_hal_pcd.c ****             }
1170:Drivers/STM32L4xx_HAL_Driver/Src/stm32l4xx_hal_pcd.c **** 
ARM GAS  /tmp/ccGeOL5J.s 			page 22


1171:Drivers/STM32L4xx_HAL_Driver/Src/stm32l4xx_hal_pcd.c ****             ep = &hpcd->OUT_ep[epnum];
1172:Drivers/STM32L4xx_HAL_Driver/Src/stm32l4xx_hal_pcd.c **** 
1173:Drivers/STM32L4xx_HAL_Driver/Src/stm32l4xx_hal_pcd.c ****             if (ep->is_iso_incomplete == 1U)
1174:Drivers/STM32L4xx_HAL_Driver/Src/stm32l4xx_hal_pcd.c ****             {
1175:Drivers/STM32L4xx_HAL_Driver/Src/stm32l4xx_hal_pcd.c ****               ep->is_iso_incomplete = 0U;
1176:Drivers/STM32L4xx_HAL_Driver/Src/stm32l4xx_hal_pcd.c **** 
1177:Drivers/STM32L4xx_HAL_Driver/Src/stm32l4xx_hal_pcd.c **** #if (USE_HAL_PCD_REGISTER_CALLBACKS == 1U)
1178:Drivers/STM32L4xx_HAL_Driver/Src/stm32l4xx_hal_pcd.c ****               hpcd->ISOOUTIncompleteCallback(hpcd, (uint8_t)epnum);
1179:Drivers/STM32L4xx_HAL_Driver/Src/stm32l4xx_hal_pcd.c **** #else
1180:Drivers/STM32L4xx_HAL_Driver/Src/stm32l4xx_hal_pcd.c ****               HAL_PCD_ISOOUTIncompleteCallback(hpcd, (uint8_t)epnum);
1181:Drivers/STM32L4xx_HAL_Driver/Src/stm32l4xx_hal_pcd.c **** #endif /* USE_HAL_PCD_REGISTER_CALLBACKS */
1182:Drivers/STM32L4xx_HAL_Driver/Src/stm32l4xx_hal_pcd.c ****             }
1183:Drivers/STM32L4xx_HAL_Driver/Src/stm32l4xx_hal_pcd.c **** 
1184:Drivers/STM32L4xx_HAL_Driver/Src/stm32l4xx_hal_pcd.c ****             CLEAR_OUT_EP_INTR(epnum, USB_OTG_DOEPINT_EPDISD);
1185:Drivers/STM32L4xx_HAL_Driver/Src/stm32l4xx_hal_pcd.c ****           }
1186:Drivers/STM32L4xx_HAL_Driver/Src/stm32l4xx_hal_pcd.c **** 
1187:Drivers/STM32L4xx_HAL_Driver/Src/stm32l4xx_hal_pcd.c ****           /* Clear Status Phase Received interrupt */
1188:Drivers/STM32L4xx_HAL_Driver/Src/stm32l4xx_hal_pcd.c ****           if ((epint & USB_OTG_DOEPINT_OTEPSPR) == USB_OTG_DOEPINT_OTEPSPR)
1189:Drivers/STM32L4xx_HAL_Driver/Src/stm32l4xx_hal_pcd.c ****           {
1190:Drivers/STM32L4xx_HAL_Driver/Src/stm32l4xx_hal_pcd.c ****             CLEAR_OUT_EP_INTR(epnum, USB_OTG_DOEPINT_OTEPSPR);
1191:Drivers/STM32L4xx_HAL_Driver/Src/stm32l4xx_hal_pcd.c ****           }
1192:Drivers/STM32L4xx_HAL_Driver/Src/stm32l4xx_hal_pcd.c **** 
1193:Drivers/STM32L4xx_HAL_Driver/Src/stm32l4xx_hal_pcd.c ****           /* Clear OUT NAK interrupt */
1194:Drivers/STM32L4xx_HAL_Driver/Src/stm32l4xx_hal_pcd.c ****           if ((epint & USB_OTG_DOEPINT_NAK) == USB_OTG_DOEPINT_NAK)
1195:Drivers/STM32L4xx_HAL_Driver/Src/stm32l4xx_hal_pcd.c ****           {
1196:Drivers/STM32L4xx_HAL_Driver/Src/stm32l4xx_hal_pcd.c ****             CLEAR_OUT_EP_INTR(epnum, USB_OTG_DOEPINT_NAK);
1197:Drivers/STM32L4xx_HAL_Driver/Src/stm32l4xx_hal_pcd.c ****           }
1198:Drivers/STM32L4xx_HAL_Driver/Src/stm32l4xx_hal_pcd.c ****         }
1199:Drivers/STM32L4xx_HAL_Driver/Src/stm32l4xx_hal_pcd.c ****         epnum++;
1200:Drivers/STM32L4xx_HAL_Driver/Src/stm32l4xx_hal_pcd.c ****         ep_intr >>= 1U;
1201:Drivers/STM32L4xx_HAL_Driver/Src/stm32l4xx_hal_pcd.c ****       }
1202:Drivers/STM32L4xx_HAL_Driver/Src/stm32l4xx_hal_pcd.c ****     }
1203:Drivers/STM32L4xx_HAL_Driver/Src/stm32l4xx_hal_pcd.c **** 
1204:Drivers/STM32L4xx_HAL_Driver/Src/stm32l4xx_hal_pcd.c ****     if (__HAL_PCD_GET_FLAG(hpcd, USB_OTG_GINTSTS_IEPINT))
1205:Drivers/STM32L4xx_HAL_Driver/Src/stm32l4xx_hal_pcd.c ****     {
1206:Drivers/STM32L4xx_HAL_Driver/Src/stm32l4xx_hal_pcd.c ****       /* Read in the device interrupt bits */
1207:Drivers/STM32L4xx_HAL_Driver/Src/stm32l4xx_hal_pcd.c ****       ep_intr = USB_ReadDevAllInEpInterrupt(hpcd->Instance);
1208:Drivers/STM32L4xx_HAL_Driver/Src/stm32l4xx_hal_pcd.c **** 
1209:Drivers/STM32L4xx_HAL_Driver/Src/stm32l4xx_hal_pcd.c ****       epnum = 0U;
1210:Drivers/STM32L4xx_HAL_Driver/Src/stm32l4xx_hal_pcd.c **** 
1211:Drivers/STM32L4xx_HAL_Driver/Src/stm32l4xx_hal_pcd.c ****       while (ep_intr != 0U)
1212:Drivers/STM32L4xx_HAL_Driver/Src/stm32l4xx_hal_pcd.c ****       {
1213:Drivers/STM32L4xx_HAL_Driver/Src/stm32l4xx_hal_pcd.c ****         if ((ep_intr & 0x1U) != 0U) /* In ITR */
1214:Drivers/STM32L4xx_HAL_Driver/Src/stm32l4xx_hal_pcd.c ****         {
1215:Drivers/STM32L4xx_HAL_Driver/Src/stm32l4xx_hal_pcd.c ****           epint = USB_ReadDevInEPInterrupt(hpcd->Instance, (uint8_t)epnum);
1216:Drivers/STM32L4xx_HAL_Driver/Src/stm32l4xx_hal_pcd.c **** 
1217:Drivers/STM32L4xx_HAL_Driver/Src/stm32l4xx_hal_pcd.c ****           if ((epint & USB_OTG_DIEPINT_XFRC) == USB_OTG_DIEPINT_XFRC)
1218:Drivers/STM32L4xx_HAL_Driver/Src/stm32l4xx_hal_pcd.c ****           {
1219:Drivers/STM32L4xx_HAL_Driver/Src/stm32l4xx_hal_pcd.c ****             fifoemptymsk = (uint32_t)(0x1UL << (epnum & EP_ADDR_MSK));
1220:Drivers/STM32L4xx_HAL_Driver/Src/stm32l4xx_hal_pcd.c ****             USBx_DEVICE->DIEPEMPMSK &= ~fifoemptymsk;
1221:Drivers/STM32L4xx_HAL_Driver/Src/stm32l4xx_hal_pcd.c **** 
1222:Drivers/STM32L4xx_HAL_Driver/Src/stm32l4xx_hal_pcd.c ****             CLEAR_IN_EP_INTR(epnum, USB_OTG_DIEPINT_XFRC);
1223:Drivers/STM32L4xx_HAL_Driver/Src/stm32l4xx_hal_pcd.c **** 
1224:Drivers/STM32L4xx_HAL_Driver/Src/stm32l4xx_hal_pcd.c **** #if (USE_HAL_PCD_REGISTER_CALLBACKS == 1U)
1225:Drivers/STM32L4xx_HAL_Driver/Src/stm32l4xx_hal_pcd.c ****             hpcd->DataInStageCallback(hpcd, (uint8_t)epnum);
1226:Drivers/STM32L4xx_HAL_Driver/Src/stm32l4xx_hal_pcd.c **** #else
1227:Drivers/STM32L4xx_HAL_Driver/Src/stm32l4xx_hal_pcd.c ****             HAL_PCD_DataInStageCallback(hpcd, (uint8_t)epnum);
ARM GAS  /tmp/ccGeOL5J.s 			page 23


1228:Drivers/STM32L4xx_HAL_Driver/Src/stm32l4xx_hal_pcd.c **** #endif /* USE_HAL_PCD_REGISTER_CALLBACKS */
1229:Drivers/STM32L4xx_HAL_Driver/Src/stm32l4xx_hal_pcd.c ****           }
1230:Drivers/STM32L4xx_HAL_Driver/Src/stm32l4xx_hal_pcd.c ****           if ((epint & USB_OTG_DIEPINT_TOC) == USB_OTG_DIEPINT_TOC)
1231:Drivers/STM32L4xx_HAL_Driver/Src/stm32l4xx_hal_pcd.c ****           {
1232:Drivers/STM32L4xx_HAL_Driver/Src/stm32l4xx_hal_pcd.c ****             CLEAR_IN_EP_INTR(epnum, USB_OTG_DIEPINT_TOC);
1233:Drivers/STM32L4xx_HAL_Driver/Src/stm32l4xx_hal_pcd.c ****           }
1234:Drivers/STM32L4xx_HAL_Driver/Src/stm32l4xx_hal_pcd.c ****           if ((epint & USB_OTG_DIEPINT_ITTXFE) == USB_OTG_DIEPINT_ITTXFE)
1235:Drivers/STM32L4xx_HAL_Driver/Src/stm32l4xx_hal_pcd.c ****           {
1236:Drivers/STM32L4xx_HAL_Driver/Src/stm32l4xx_hal_pcd.c ****             CLEAR_IN_EP_INTR(epnum, USB_OTG_DIEPINT_ITTXFE);
1237:Drivers/STM32L4xx_HAL_Driver/Src/stm32l4xx_hal_pcd.c ****           }
1238:Drivers/STM32L4xx_HAL_Driver/Src/stm32l4xx_hal_pcd.c ****           if ((epint & USB_OTG_DIEPINT_INEPNE) == USB_OTG_DIEPINT_INEPNE)
1239:Drivers/STM32L4xx_HAL_Driver/Src/stm32l4xx_hal_pcd.c ****           {
1240:Drivers/STM32L4xx_HAL_Driver/Src/stm32l4xx_hal_pcd.c ****             CLEAR_IN_EP_INTR(epnum, USB_OTG_DIEPINT_INEPNE);
1241:Drivers/STM32L4xx_HAL_Driver/Src/stm32l4xx_hal_pcd.c ****           }
1242:Drivers/STM32L4xx_HAL_Driver/Src/stm32l4xx_hal_pcd.c ****           if ((epint & USB_OTG_DIEPINT_EPDISD) == USB_OTG_DIEPINT_EPDISD)
1243:Drivers/STM32L4xx_HAL_Driver/Src/stm32l4xx_hal_pcd.c ****           {
1244:Drivers/STM32L4xx_HAL_Driver/Src/stm32l4xx_hal_pcd.c ****             (void)USB_FlushTxFifo(USBx, epnum);
1245:Drivers/STM32L4xx_HAL_Driver/Src/stm32l4xx_hal_pcd.c **** 
1246:Drivers/STM32L4xx_HAL_Driver/Src/stm32l4xx_hal_pcd.c ****             ep = &hpcd->IN_ep[epnum];
1247:Drivers/STM32L4xx_HAL_Driver/Src/stm32l4xx_hal_pcd.c **** 
1248:Drivers/STM32L4xx_HAL_Driver/Src/stm32l4xx_hal_pcd.c ****             if (ep->is_iso_incomplete == 1U)
1249:Drivers/STM32L4xx_HAL_Driver/Src/stm32l4xx_hal_pcd.c ****             {
1250:Drivers/STM32L4xx_HAL_Driver/Src/stm32l4xx_hal_pcd.c ****               ep->is_iso_incomplete = 0U;
1251:Drivers/STM32L4xx_HAL_Driver/Src/stm32l4xx_hal_pcd.c **** 
1252:Drivers/STM32L4xx_HAL_Driver/Src/stm32l4xx_hal_pcd.c **** #if (USE_HAL_PCD_REGISTER_CALLBACKS == 1U)
1253:Drivers/STM32L4xx_HAL_Driver/Src/stm32l4xx_hal_pcd.c ****               hpcd->ISOINIncompleteCallback(hpcd, (uint8_t)epnum);
1254:Drivers/STM32L4xx_HAL_Driver/Src/stm32l4xx_hal_pcd.c **** #else
1255:Drivers/STM32L4xx_HAL_Driver/Src/stm32l4xx_hal_pcd.c ****               HAL_PCD_ISOINIncompleteCallback(hpcd, (uint8_t)epnum);
1256:Drivers/STM32L4xx_HAL_Driver/Src/stm32l4xx_hal_pcd.c **** #endif /* USE_HAL_PCD_REGISTER_CALLBACKS */
1257:Drivers/STM32L4xx_HAL_Driver/Src/stm32l4xx_hal_pcd.c ****             }
1258:Drivers/STM32L4xx_HAL_Driver/Src/stm32l4xx_hal_pcd.c **** 
1259:Drivers/STM32L4xx_HAL_Driver/Src/stm32l4xx_hal_pcd.c ****             CLEAR_IN_EP_INTR(epnum, USB_OTG_DIEPINT_EPDISD);
1260:Drivers/STM32L4xx_HAL_Driver/Src/stm32l4xx_hal_pcd.c ****           }
1261:Drivers/STM32L4xx_HAL_Driver/Src/stm32l4xx_hal_pcd.c ****           if ((epint & USB_OTG_DIEPINT_TXFE) == USB_OTG_DIEPINT_TXFE)
1262:Drivers/STM32L4xx_HAL_Driver/Src/stm32l4xx_hal_pcd.c ****           {
1263:Drivers/STM32L4xx_HAL_Driver/Src/stm32l4xx_hal_pcd.c ****             (void)PCD_WriteEmptyTxFifo(hpcd, epnum);
1264:Drivers/STM32L4xx_HAL_Driver/Src/stm32l4xx_hal_pcd.c ****           }
1265:Drivers/STM32L4xx_HAL_Driver/Src/stm32l4xx_hal_pcd.c ****         }
1266:Drivers/STM32L4xx_HAL_Driver/Src/stm32l4xx_hal_pcd.c ****         epnum++;
1267:Drivers/STM32L4xx_HAL_Driver/Src/stm32l4xx_hal_pcd.c ****         ep_intr >>= 1U;
1268:Drivers/STM32L4xx_HAL_Driver/Src/stm32l4xx_hal_pcd.c ****       }
1269:Drivers/STM32L4xx_HAL_Driver/Src/stm32l4xx_hal_pcd.c ****     }
1270:Drivers/STM32L4xx_HAL_Driver/Src/stm32l4xx_hal_pcd.c **** 
1271:Drivers/STM32L4xx_HAL_Driver/Src/stm32l4xx_hal_pcd.c ****     /* Handle Resume Interrupt */
1272:Drivers/STM32L4xx_HAL_Driver/Src/stm32l4xx_hal_pcd.c ****     if (__HAL_PCD_GET_FLAG(hpcd, USB_OTG_GINTSTS_WKUINT))
1273:Drivers/STM32L4xx_HAL_Driver/Src/stm32l4xx_hal_pcd.c ****     {
1274:Drivers/STM32L4xx_HAL_Driver/Src/stm32l4xx_hal_pcd.c ****       /* Clear the Remote Wake-up Signaling */
1275:Drivers/STM32L4xx_HAL_Driver/Src/stm32l4xx_hal_pcd.c ****       USBx_DEVICE->DCTL &= ~USB_OTG_DCTL_RWUSIG;
1276:Drivers/STM32L4xx_HAL_Driver/Src/stm32l4xx_hal_pcd.c **** 
1277:Drivers/STM32L4xx_HAL_Driver/Src/stm32l4xx_hal_pcd.c ****       if (hpcd->LPM_State == LPM_L1)
1278:Drivers/STM32L4xx_HAL_Driver/Src/stm32l4xx_hal_pcd.c ****       {
1279:Drivers/STM32L4xx_HAL_Driver/Src/stm32l4xx_hal_pcd.c ****         hpcd->LPM_State = LPM_L0;
1280:Drivers/STM32L4xx_HAL_Driver/Src/stm32l4xx_hal_pcd.c **** 
1281:Drivers/STM32L4xx_HAL_Driver/Src/stm32l4xx_hal_pcd.c **** #if (USE_HAL_PCD_REGISTER_CALLBACKS == 1U)
1282:Drivers/STM32L4xx_HAL_Driver/Src/stm32l4xx_hal_pcd.c ****         hpcd->LPMCallback(hpcd, PCD_LPM_L0_ACTIVE);
1283:Drivers/STM32L4xx_HAL_Driver/Src/stm32l4xx_hal_pcd.c **** #else
1284:Drivers/STM32L4xx_HAL_Driver/Src/stm32l4xx_hal_pcd.c ****         HAL_PCDEx_LPM_Callback(hpcd, PCD_LPM_L0_ACTIVE);
ARM GAS  /tmp/ccGeOL5J.s 			page 24


1285:Drivers/STM32L4xx_HAL_Driver/Src/stm32l4xx_hal_pcd.c **** #endif /* USE_HAL_PCD_REGISTER_CALLBACKS */
1286:Drivers/STM32L4xx_HAL_Driver/Src/stm32l4xx_hal_pcd.c ****       }
1287:Drivers/STM32L4xx_HAL_Driver/Src/stm32l4xx_hal_pcd.c ****       else
1288:Drivers/STM32L4xx_HAL_Driver/Src/stm32l4xx_hal_pcd.c ****       {
1289:Drivers/STM32L4xx_HAL_Driver/Src/stm32l4xx_hal_pcd.c **** #if (USE_HAL_PCD_REGISTER_CALLBACKS == 1U)
1290:Drivers/STM32L4xx_HAL_Driver/Src/stm32l4xx_hal_pcd.c ****         hpcd->ResumeCallback(hpcd);
1291:Drivers/STM32L4xx_HAL_Driver/Src/stm32l4xx_hal_pcd.c **** #else
1292:Drivers/STM32L4xx_HAL_Driver/Src/stm32l4xx_hal_pcd.c ****         HAL_PCD_ResumeCallback(hpcd);
1293:Drivers/STM32L4xx_HAL_Driver/Src/stm32l4xx_hal_pcd.c **** #endif /* USE_HAL_PCD_REGISTER_CALLBACKS */
1294:Drivers/STM32L4xx_HAL_Driver/Src/stm32l4xx_hal_pcd.c ****       }
1295:Drivers/STM32L4xx_HAL_Driver/Src/stm32l4xx_hal_pcd.c **** 
1296:Drivers/STM32L4xx_HAL_Driver/Src/stm32l4xx_hal_pcd.c ****       __HAL_PCD_CLEAR_FLAG(hpcd, USB_OTG_GINTSTS_WKUINT);
1297:Drivers/STM32L4xx_HAL_Driver/Src/stm32l4xx_hal_pcd.c ****     }
1298:Drivers/STM32L4xx_HAL_Driver/Src/stm32l4xx_hal_pcd.c **** 
1299:Drivers/STM32L4xx_HAL_Driver/Src/stm32l4xx_hal_pcd.c ****     /* Handle Suspend Interrupt */
1300:Drivers/STM32L4xx_HAL_Driver/Src/stm32l4xx_hal_pcd.c ****     if (__HAL_PCD_GET_FLAG(hpcd, USB_OTG_GINTSTS_USBSUSP))
1301:Drivers/STM32L4xx_HAL_Driver/Src/stm32l4xx_hal_pcd.c ****     {
1302:Drivers/STM32L4xx_HAL_Driver/Src/stm32l4xx_hal_pcd.c ****       if ((USBx_DEVICE->DSTS & USB_OTG_DSTS_SUSPSTS) == USB_OTG_DSTS_SUSPSTS)
1303:Drivers/STM32L4xx_HAL_Driver/Src/stm32l4xx_hal_pcd.c ****       {
1304:Drivers/STM32L4xx_HAL_Driver/Src/stm32l4xx_hal_pcd.c **** #if (USE_HAL_PCD_REGISTER_CALLBACKS == 1U)
1305:Drivers/STM32L4xx_HAL_Driver/Src/stm32l4xx_hal_pcd.c ****         hpcd->SuspendCallback(hpcd);
1306:Drivers/STM32L4xx_HAL_Driver/Src/stm32l4xx_hal_pcd.c **** #else
1307:Drivers/STM32L4xx_HAL_Driver/Src/stm32l4xx_hal_pcd.c ****         HAL_PCD_SuspendCallback(hpcd);
1308:Drivers/STM32L4xx_HAL_Driver/Src/stm32l4xx_hal_pcd.c **** #endif /* USE_HAL_PCD_REGISTER_CALLBACKS */
1309:Drivers/STM32L4xx_HAL_Driver/Src/stm32l4xx_hal_pcd.c ****       }
1310:Drivers/STM32L4xx_HAL_Driver/Src/stm32l4xx_hal_pcd.c ****       __HAL_PCD_CLEAR_FLAG(hpcd, USB_OTG_GINTSTS_USBSUSP);
1311:Drivers/STM32L4xx_HAL_Driver/Src/stm32l4xx_hal_pcd.c ****     }
1312:Drivers/STM32L4xx_HAL_Driver/Src/stm32l4xx_hal_pcd.c **** 
1313:Drivers/STM32L4xx_HAL_Driver/Src/stm32l4xx_hal_pcd.c ****     /* Handle LPM Interrupt */
1314:Drivers/STM32L4xx_HAL_Driver/Src/stm32l4xx_hal_pcd.c ****     if (__HAL_PCD_GET_FLAG(hpcd, USB_OTG_GINTSTS_LPMINT))
1315:Drivers/STM32L4xx_HAL_Driver/Src/stm32l4xx_hal_pcd.c ****     {
1316:Drivers/STM32L4xx_HAL_Driver/Src/stm32l4xx_hal_pcd.c ****       __HAL_PCD_CLEAR_FLAG(hpcd, USB_OTG_GINTSTS_LPMINT);
1317:Drivers/STM32L4xx_HAL_Driver/Src/stm32l4xx_hal_pcd.c **** 
1318:Drivers/STM32L4xx_HAL_Driver/Src/stm32l4xx_hal_pcd.c ****       if (hpcd->LPM_State == LPM_L0)
1319:Drivers/STM32L4xx_HAL_Driver/Src/stm32l4xx_hal_pcd.c ****       {
1320:Drivers/STM32L4xx_HAL_Driver/Src/stm32l4xx_hal_pcd.c ****         hpcd->LPM_State = LPM_L1;
1321:Drivers/STM32L4xx_HAL_Driver/Src/stm32l4xx_hal_pcd.c ****         hpcd->BESL = (hpcd->Instance->GLPMCFG & USB_OTG_GLPMCFG_BESL) >> 2U;
1322:Drivers/STM32L4xx_HAL_Driver/Src/stm32l4xx_hal_pcd.c **** 
1323:Drivers/STM32L4xx_HAL_Driver/Src/stm32l4xx_hal_pcd.c **** #if (USE_HAL_PCD_REGISTER_CALLBACKS == 1U)
1324:Drivers/STM32L4xx_HAL_Driver/Src/stm32l4xx_hal_pcd.c ****         hpcd->LPMCallback(hpcd, PCD_LPM_L1_ACTIVE);
1325:Drivers/STM32L4xx_HAL_Driver/Src/stm32l4xx_hal_pcd.c **** #else
1326:Drivers/STM32L4xx_HAL_Driver/Src/stm32l4xx_hal_pcd.c ****         HAL_PCDEx_LPM_Callback(hpcd, PCD_LPM_L1_ACTIVE);
1327:Drivers/STM32L4xx_HAL_Driver/Src/stm32l4xx_hal_pcd.c **** #endif /* USE_HAL_PCD_REGISTER_CALLBACKS */
1328:Drivers/STM32L4xx_HAL_Driver/Src/stm32l4xx_hal_pcd.c ****       }
1329:Drivers/STM32L4xx_HAL_Driver/Src/stm32l4xx_hal_pcd.c ****       else
1330:Drivers/STM32L4xx_HAL_Driver/Src/stm32l4xx_hal_pcd.c ****       {
1331:Drivers/STM32L4xx_HAL_Driver/Src/stm32l4xx_hal_pcd.c **** #if (USE_HAL_PCD_REGISTER_CALLBACKS == 1U)
1332:Drivers/STM32L4xx_HAL_Driver/Src/stm32l4xx_hal_pcd.c ****         hpcd->SuspendCallback(hpcd);
1333:Drivers/STM32L4xx_HAL_Driver/Src/stm32l4xx_hal_pcd.c **** #else
1334:Drivers/STM32L4xx_HAL_Driver/Src/stm32l4xx_hal_pcd.c ****         HAL_PCD_SuspendCallback(hpcd);
1335:Drivers/STM32L4xx_HAL_Driver/Src/stm32l4xx_hal_pcd.c **** #endif /* USE_HAL_PCD_REGISTER_CALLBACKS */
1336:Drivers/STM32L4xx_HAL_Driver/Src/stm32l4xx_hal_pcd.c ****       }
1337:Drivers/STM32L4xx_HAL_Driver/Src/stm32l4xx_hal_pcd.c ****     }
1338:Drivers/STM32L4xx_HAL_Driver/Src/stm32l4xx_hal_pcd.c **** 
1339:Drivers/STM32L4xx_HAL_Driver/Src/stm32l4xx_hal_pcd.c ****     /* Handle Reset Interrupt */
1340:Drivers/STM32L4xx_HAL_Driver/Src/stm32l4xx_hal_pcd.c ****     if (__HAL_PCD_GET_FLAG(hpcd, USB_OTG_GINTSTS_USBRST))
1341:Drivers/STM32L4xx_HAL_Driver/Src/stm32l4xx_hal_pcd.c ****     {
ARM GAS  /tmp/ccGeOL5J.s 			page 25


1342:Drivers/STM32L4xx_HAL_Driver/Src/stm32l4xx_hal_pcd.c ****       USBx_DEVICE->DCTL &= ~USB_OTG_DCTL_RWUSIG;
1343:Drivers/STM32L4xx_HAL_Driver/Src/stm32l4xx_hal_pcd.c ****       (void)USB_FlushTxFifo(hpcd->Instance, 0x10U);
1344:Drivers/STM32L4xx_HAL_Driver/Src/stm32l4xx_hal_pcd.c **** 
1345:Drivers/STM32L4xx_HAL_Driver/Src/stm32l4xx_hal_pcd.c ****       for (i = 0U; i < hpcd->Init.dev_endpoints; i++)
1346:Drivers/STM32L4xx_HAL_Driver/Src/stm32l4xx_hal_pcd.c ****       {
1347:Drivers/STM32L4xx_HAL_Driver/Src/stm32l4xx_hal_pcd.c ****         USBx_INEP(i)->DIEPINT = 0xFB7FU;
1348:Drivers/STM32L4xx_HAL_Driver/Src/stm32l4xx_hal_pcd.c ****         USBx_INEP(i)->DIEPCTL &= ~USB_OTG_DIEPCTL_STALL;
1349:Drivers/STM32L4xx_HAL_Driver/Src/stm32l4xx_hal_pcd.c ****         USBx_OUTEP(i)->DOEPINT = 0xFB7FU;
1350:Drivers/STM32L4xx_HAL_Driver/Src/stm32l4xx_hal_pcd.c ****         USBx_OUTEP(i)->DOEPCTL &= ~USB_OTG_DOEPCTL_STALL;
1351:Drivers/STM32L4xx_HAL_Driver/Src/stm32l4xx_hal_pcd.c ****         USBx_OUTEP(i)->DOEPCTL |= USB_OTG_DOEPCTL_SNAK;
1352:Drivers/STM32L4xx_HAL_Driver/Src/stm32l4xx_hal_pcd.c ****       }
1353:Drivers/STM32L4xx_HAL_Driver/Src/stm32l4xx_hal_pcd.c ****       USBx_DEVICE->DAINTMSK |= 0x10001U;
1354:Drivers/STM32L4xx_HAL_Driver/Src/stm32l4xx_hal_pcd.c **** 
1355:Drivers/STM32L4xx_HAL_Driver/Src/stm32l4xx_hal_pcd.c ****       if (hpcd->Init.use_dedicated_ep1 != 0U)
1356:Drivers/STM32L4xx_HAL_Driver/Src/stm32l4xx_hal_pcd.c ****       {
1357:Drivers/STM32L4xx_HAL_Driver/Src/stm32l4xx_hal_pcd.c ****         USBx_DEVICE->DOUTEP1MSK |= USB_OTG_DOEPMSK_STUPM |
1358:Drivers/STM32L4xx_HAL_Driver/Src/stm32l4xx_hal_pcd.c ****                                    USB_OTG_DOEPMSK_XFRCM |
1359:Drivers/STM32L4xx_HAL_Driver/Src/stm32l4xx_hal_pcd.c ****                                    USB_OTG_DOEPMSK_EPDM;
1360:Drivers/STM32L4xx_HAL_Driver/Src/stm32l4xx_hal_pcd.c **** 
1361:Drivers/STM32L4xx_HAL_Driver/Src/stm32l4xx_hal_pcd.c ****         USBx_DEVICE->DINEP1MSK |= USB_OTG_DIEPMSK_TOM |
1362:Drivers/STM32L4xx_HAL_Driver/Src/stm32l4xx_hal_pcd.c ****                                   USB_OTG_DIEPMSK_XFRCM |
1363:Drivers/STM32L4xx_HAL_Driver/Src/stm32l4xx_hal_pcd.c ****                                   USB_OTG_DIEPMSK_EPDM;
1364:Drivers/STM32L4xx_HAL_Driver/Src/stm32l4xx_hal_pcd.c ****       }
1365:Drivers/STM32L4xx_HAL_Driver/Src/stm32l4xx_hal_pcd.c ****       else
1366:Drivers/STM32L4xx_HAL_Driver/Src/stm32l4xx_hal_pcd.c ****       {
1367:Drivers/STM32L4xx_HAL_Driver/Src/stm32l4xx_hal_pcd.c ****         USBx_DEVICE->DOEPMSK |= USB_OTG_DOEPMSK_STUPM |
1368:Drivers/STM32L4xx_HAL_Driver/Src/stm32l4xx_hal_pcd.c ****                                 USB_OTG_DOEPMSK_XFRCM |
1369:Drivers/STM32L4xx_HAL_Driver/Src/stm32l4xx_hal_pcd.c ****                                 USB_OTG_DOEPMSK_EPDM |
1370:Drivers/STM32L4xx_HAL_Driver/Src/stm32l4xx_hal_pcd.c ****                                 USB_OTG_DOEPMSK_OTEPSPRM |
1371:Drivers/STM32L4xx_HAL_Driver/Src/stm32l4xx_hal_pcd.c ****                                 USB_OTG_DOEPMSK_NAKM;
1372:Drivers/STM32L4xx_HAL_Driver/Src/stm32l4xx_hal_pcd.c **** 
1373:Drivers/STM32L4xx_HAL_Driver/Src/stm32l4xx_hal_pcd.c ****         USBx_DEVICE->DIEPMSK |= USB_OTG_DIEPMSK_TOM |
1374:Drivers/STM32L4xx_HAL_Driver/Src/stm32l4xx_hal_pcd.c ****                                 USB_OTG_DIEPMSK_XFRCM |
1375:Drivers/STM32L4xx_HAL_Driver/Src/stm32l4xx_hal_pcd.c ****                                 USB_OTG_DIEPMSK_EPDM;
1376:Drivers/STM32L4xx_HAL_Driver/Src/stm32l4xx_hal_pcd.c ****       }
1377:Drivers/STM32L4xx_HAL_Driver/Src/stm32l4xx_hal_pcd.c **** 
1378:Drivers/STM32L4xx_HAL_Driver/Src/stm32l4xx_hal_pcd.c ****       /* Set Default Address to 0 */
1379:Drivers/STM32L4xx_HAL_Driver/Src/stm32l4xx_hal_pcd.c ****       USBx_DEVICE->DCFG &= ~USB_OTG_DCFG_DAD;
1380:Drivers/STM32L4xx_HAL_Driver/Src/stm32l4xx_hal_pcd.c **** 
1381:Drivers/STM32L4xx_HAL_Driver/Src/stm32l4xx_hal_pcd.c ****       /* setup EP0 to receive SETUP packets */
1382:Drivers/STM32L4xx_HAL_Driver/Src/stm32l4xx_hal_pcd.c ****       (void)USB_EP0_OutStart(hpcd->Instance, (uint8_t *)hpcd->Setup);
1383:Drivers/STM32L4xx_HAL_Driver/Src/stm32l4xx_hal_pcd.c **** 
1384:Drivers/STM32L4xx_HAL_Driver/Src/stm32l4xx_hal_pcd.c ****       __HAL_PCD_CLEAR_FLAG(hpcd, USB_OTG_GINTSTS_USBRST);
1385:Drivers/STM32L4xx_HAL_Driver/Src/stm32l4xx_hal_pcd.c ****     }
1386:Drivers/STM32L4xx_HAL_Driver/Src/stm32l4xx_hal_pcd.c **** 
1387:Drivers/STM32L4xx_HAL_Driver/Src/stm32l4xx_hal_pcd.c ****     /* Handle Enumeration done Interrupt */
1388:Drivers/STM32L4xx_HAL_Driver/Src/stm32l4xx_hal_pcd.c ****     if (__HAL_PCD_GET_FLAG(hpcd, USB_OTG_GINTSTS_ENUMDNE))
1389:Drivers/STM32L4xx_HAL_Driver/Src/stm32l4xx_hal_pcd.c ****     {
1390:Drivers/STM32L4xx_HAL_Driver/Src/stm32l4xx_hal_pcd.c ****       (void)USB_ActivateSetup(hpcd->Instance);
1391:Drivers/STM32L4xx_HAL_Driver/Src/stm32l4xx_hal_pcd.c ****       hpcd->Init.speed = USB_GetDevSpeed(hpcd->Instance);
1392:Drivers/STM32L4xx_HAL_Driver/Src/stm32l4xx_hal_pcd.c **** 
1393:Drivers/STM32L4xx_HAL_Driver/Src/stm32l4xx_hal_pcd.c ****       /* Set USB Turnaround time */
1394:Drivers/STM32L4xx_HAL_Driver/Src/stm32l4xx_hal_pcd.c ****       (void)USB_SetTurnaroundTime(hpcd->Instance,
1395:Drivers/STM32L4xx_HAL_Driver/Src/stm32l4xx_hal_pcd.c ****                                   HAL_RCC_GetHCLKFreq(),
1396:Drivers/STM32L4xx_HAL_Driver/Src/stm32l4xx_hal_pcd.c ****                                   (uint8_t)hpcd->Init.speed);
1397:Drivers/STM32L4xx_HAL_Driver/Src/stm32l4xx_hal_pcd.c **** 
1398:Drivers/STM32L4xx_HAL_Driver/Src/stm32l4xx_hal_pcd.c **** #if (USE_HAL_PCD_REGISTER_CALLBACKS == 1U)
ARM GAS  /tmp/ccGeOL5J.s 			page 26


1399:Drivers/STM32L4xx_HAL_Driver/Src/stm32l4xx_hal_pcd.c ****       hpcd->ResetCallback(hpcd);
1400:Drivers/STM32L4xx_HAL_Driver/Src/stm32l4xx_hal_pcd.c **** #else
1401:Drivers/STM32L4xx_HAL_Driver/Src/stm32l4xx_hal_pcd.c ****       HAL_PCD_ResetCallback(hpcd);
1402:Drivers/STM32L4xx_HAL_Driver/Src/stm32l4xx_hal_pcd.c **** #endif /* USE_HAL_PCD_REGISTER_CALLBACKS */
1403:Drivers/STM32L4xx_HAL_Driver/Src/stm32l4xx_hal_pcd.c **** 
1404:Drivers/STM32L4xx_HAL_Driver/Src/stm32l4xx_hal_pcd.c ****       __HAL_PCD_CLEAR_FLAG(hpcd, USB_OTG_GINTSTS_ENUMDNE);
1405:Drivers/STM32L4xx_HAL_Driver/Src/stm32l4xx_hal_pcd.c ****     }
1406:Drivers/STM32L4xx_HAL_Driver/Src/stm32l4xx_hal_pcd.c **** 
1407:Drivers/STM32L4xx_HAL_Driver/Src/stm32l4xx_hal_pcd.c ****     /* Handle SOF Interrupt */
1408:Drivers/STM32L4xx_HAL_Driver/Src/stm32l4xx_hal_pcd.c ****     if (__HAL_PCD_GET_FLAG(hpcd, USB_OTG_GINTSTS_SOF))
1409:Drivers/STM32L4xx_HAL_Driver/Src/stm32l4xx_hal_pcd.c ****     {
1410:Drivers/STM32L4xx_HAL_Driver/Src/stm32l4xx_hal_pcd.c **** #if (USE_HAL_PCD_REGISTER_CALLBACKS == 1U)
1411:Drivers/STM32L4xx_HAL_Driver/Src/stm32l4xx_hal_pcd.c ****       hpcd->SOFCallback(hpcd);
1412:Drivers/STM32L4xx_HAL_Driver/Src/stm32l4xx_hal_pcd.c **** #else
1413:Drivers/STM32L4xx_HAL_Driver/Src/stm32l4xx_hal_pcd.c ****       HAL_PCD_SOFCallback(hpcd);
1414:Drivers/STM32L4xx_HAL_Driver/Src/stm32l4xx_hal_pcd.c **** #endif /* USE_HAL_PCD_REGISTER_CALLBACKS */
1415:Drivers/STM32L4xx_HAL_Driver/Src/stm32l4xx_hal_pcd.c **** 
1416:Drivers/STM32L4xx_HAL_Driver/Src/stm32l4xx_hal_pcd.c ****       __HAL_PCD_CLEAR_FLAG(hpcd, USB_OTG_GINTSTS_SOF);
1417:Drivers/STM32L4xx_HAL_Driver/Src/stm32l4xx_hal_pcd.c ****     }
1418:Drivers/STM32L4xx_HAL_Driver/Src/stm32l4xx_hal_pcd.c **** 
1419:Drivers/STM32L4xx_HAL_Driver/Src/stm32l4xx_hal_pcd.c ****     /* Handle Global OUT NAK effective Interrupt */
1420:Drivers/STM32L4xx_HAL_Driver/Src/stm32l4xx_hal_pcd.c ****     if (__HAL_PCD_GET_FLAG(hpcd, USB_OTG_GINTSTS_BOUTNAKEFF))
1421:Drivers/STM32L4xx_HAL_Driver/Src/stm32l4xx_hal_pcd.c ****     {
1422:Drivers/STM32L4xx_HAL_Driver/Src/stm32l4xx_hal_pcd.c ****       USBx->GINTMSK &= ~USB_OTG_GINTMSK_GONAKEFFM;
1423:Drivers/STM32L4xx_HAL_Driver/Src/stm32l4xx_hal_pcd.c **** 
1424:Drivers/STM32L4xx_HAL_Driver/Src/stm32l4xx_hal_pcd.c ****       for (epnum = 1U; epnum < hpcd->Init.dev_endpoints; epnum++)
1425:Drivers/STM32L4xx_HAL_Driver/Src/stm32l4xx_hal_pcd.c ****       {
1426:Drivers/STM32L4xx_HAL_Driver/Src/stm32l4xx_hal_pcd.c ****         if (hpcd->OUT_ep[epnum].is_iso_incomplete == 1U)
1427:Drivers/STM32L4xx_HAL_Driver/Src/stm32l4xx_hal_pcd.c ****         {
1428:Drivers/STM32L4xx_HAL_Driver/Src/stm32l4xx_hal_pcd.c ****           /* disable the EP */
1429:Drivers/STM32L4xx_HAL_Driver/Src/stm32l4xx_hal_pcd.c ****           USBx_OUTEP(epnum)->DOEPCTL |= (USB_OTG_DOEPCTL_SNAK);
1430:Drivers/STM32L4xx_HAL_Driver/Src/stm32l4xx_hal_pcd.c ****           USBx_OUTEP(epnum)->DOEPCTL |= (USB_OTG_DOEPCTL_EPDIS);
1431:Drivers/STM32L4xx_HAL_Driver/Src/stm32l4xx_hal_pcd.c ****         }
1432:Drivers/STM32L4xx_HAL_Driver/Src/stm32l4xx_hal_pcd.c ****       }
1433:Drivers/STM32L4xx_HAL_Driver/Src/stm32l4xx_hal_pcd.c ****     }
1434:Drivers/STM32L4xx_HAL_Driver/Src/stm32l4xx_hal_pcd.c **** 
1435:Drivers/STM32L4xx_HAL_Driver/Src/stm32l4xx_hal_pcd.c ****     /* Handle Incomplete ISO IN Interrupt */
1436:Drivers/STM32L4xx_HAL_Driver/Src/stm32l4xx_hal_pcd.c ****     if (__HAL_PCD_GET_FLAG(hpcd, USB_OTG_GINTSTS_IISOIXFR))
1437:Drivers/STM32L4xx_HAL_Driver/Src/stm32l4xx_hal_pcd.c ****     {
1438:Drivers/STM32L4xx_HAL_Driver/Src/stm32l4xx_hal_pcd.c ****       for (epnum = 1U; epnum < hpcd->Init.dev_endpoints; epnum++)
1439:Drivers/STM32L4xx_HAL_Driver/Src/stm32l4xx_hal_pcd.c ****       {
1440:Drivers/STM32L4xx_HAL_Driver/Src/stm32l4xx_hal_pcd.c ****         RegVal = USBx_INEP(epnum)->DIEPCTL;
1441:Drivers/STM32L4xx_HAL_Driver/Src/stm32l4xx_hal_pcd.c **** 
1442:Drivers/STM32L4xx_HAL_Driver/Src/stm32l4xx_hal_pcd.c ****         if ((hpcd->IN_ep[epnum].type == EP_TYPE_ISOC) &&
1443:Drivers/STM32L4xx_HAL_Driver/Src/stm32l4xx_hal_pcd.c ****             ((RegVal & USB_OTG_DIEPCTL_EPENA) == USB_OTG_DIEPCTL_EPENA))
1444:Drivers/STM32L4xx_HAL_Driver/Src/stm32l4xx_hal_pcd.c ****         {
1445:Drivers/STM32L4xx_HAL_Driver/Src/stm32l4xx_hal_pcd.c ****           hpcd->IN_ep[epnum].is_iso_incomplete = 1U;
1446:Drivers/STM32L4xx_HAL_Driver/Src/stm32l4xx_hal_pcd.c **** 
1447:Drivers/STM32L4xx_HAL_Driver/Src/stm32l4xx_hal_pcd.c ****           /* Abort current transaction and disable the EP */
1448:Drivers/STM32L4xx_HAL_Driver/Src/stm32l4xx_hal_pcd.c ****           (void)HAL_PCD_EP_Abort(hpcd, (uint8_t)(epnum | 0x80U));
1449:Drivers/STM32L4xx_HAL_Driver/Src/stm32l4xx_hal_pcd.c ****         }
1450:Drivers/STM32L4xx_HAL_Driver/Src/stm32l4xx_hal_pcd.c ****       }
1451:Drivers/STM32L4xx_HAL_Driver/Src/stm32l4xx_hal_pcd.c **** 
1452:Drivers/STM32L4xx_HAL_Driver/Src/stm32l4xx_hal_pcd.c ****       __HAL_PCD_CLEAR_FLAG(hpcd, USB_OTG_GINTSTS_IISOIXFR);
1453:Drivers/STM32L4xx_HAL_Driver/Src/stm32l4xx_hal_pcd.c ****     }
1454:Drivers/STM32L4xx_HAL_Driver/Src/stm32l4xx_hal_pcd.c **** 
1455:Drivers/STM32L4xx_HAL_Driver/Src/stm32l4xx_hal_pcd.c ****     /* Handle Incomplete ISO OUT Interrupt */
ARM GAS  /tmp/ccGeOL5J.s 			page 27


1456:Drivers/STM32L4xx_HAL_Driver/Src/stm32l4xx_hal_pcd.c ****     if (__HAL_PCD_GET_FLAG(hpcd, USB_OTG_GINTSTS_PXFR_INCOMPISOOUT))
1457:Drivers/STM32L4xx_HAL_Driver/Src/stm32l4xx_hal_pcd.c ****     {
1458:Drivers/STM32L4xx_HAL_Driver/Src/stm32l4xx_hal_pcd.c ****       for (epnum = 1U; epnum < hpcd->Init.dev_endpoints; epnum++)
1459:Drivers/STM32L4xx_HAL_Driver/Src/stm32l4xx_hal_pcd.c ****       {
1460:Drivers/STM32L4xx_HAL_Driver/Src/stm32l4xx_hal_pcd.c ****         RegVal = USBx_OUTEP(epnum)->DOEPCTL;
1461:Drivers/STM32L4xx_HAL_Driver/Src/stm32l4xx_hal_pcd.c **** 
1462:Drivers/STM32L4xx_HAL_Driver/Src/stm32l4xx_hal_pcd.c ****         if ((hpcd->OUT_ep[epnum].type == EP_TYPE_ISOC) &&
1463:Drivers/STM32L4xx_HAL_Driver/Src/stm32l4xx_hal_pcd.c ****             ((RegVal & USB_OTG_DOEPCTL_EPENA) == USB_OTG_DOEPCTL_EPENA) &&
1464:Drivers/STM32L4xx_HAL_Driver/Src/stm32l4xx_hal_pcd.c ****             (((RegVal & (0x1UL << 16)) >> 16U) == (hpcd->FrameNumber & 0x1U)))
1465:Drivers/STM32L4xx_HAL_Driver/Src/stm32l4xx_hal_pcd.c ****         {
1466:Drivers/STM32L4xx_HAL_Driver/Src/stm32l4xx_hal_pcd.c ****           hpcd->OUT_ep[epnum].is_iso_incomplete = 1U;
1467:Drivers/STM32L4xx_HAL_Driver/Src/stm32l4xx_hal_pcd.c **** 
1468:Drivers/STM32L4xx_HAL_Driver/Src/stm32l4xx_hal_pcd.c ****           USBx->GINTMSK |= USB_OTG_GINTMSK_GONAKEFFM;
1469:Drivers/STM32L4xx_HAL_Driver/Src/stm32l4xx_hal_pcd.c **** 
1470:Drivers/STM32L4xx_HAL_Driver/Src/stm32l4xx_hal_pcd.c ****           if ((USBx->GINTSTS & USB_OTG_GINTSTS_BOUTNAKEFF) == 0U)
1471:Drivers/STM32L4xx_HAL_Driver/Src/stm32l4xx_hal_pcd.c ****           {
1472:Drivers/STM32L4xx_HAL_Driver/Src/stm32l4xx_hal_pcd.c ****             USBx_DEVICE->DCTL |= USB_OTG_DCTL_SGONAK;
1473:Drivers/STM32L4xx_HAL_Driver/Src/stm32l4xx_hal_pcd.c ****             break;
1474:Drivers/STM32L4xx_HAL_Driver/Src/stm32l4xx_hal_pcd.c ****           }
1475:Drivers/STM32L4xx_HAL_Driver/Src/stm32l4xx_hal_pcd.c ****         }
1476:Drivers/STM32L4xx_HAL_Driver/Src/stm32l4xx_hal_pcd.c ****       }
1477:Drivers/STM32L4xx_HAL_Driver/Src/stm32l4xx_hal_pcd.c **** 
1478:Drivers/STM32L4xx_HAL_Driver/Src/stm32l4xx_hal_pcd.c ****       __HAL_PCD_CLEAR_FLAG(hpcd, USB_OTG_GINTSTS_PXFR_INCOMPISOOUT);
1479:Drivers/STM32L4xx_HAL_Driver/Src/stm32l4xx_hal_pcd.c ****     }
1480:Drivers/STM32L4xx_HAL_Driver/Src/stm32l4xx_hal_pcd.c **** 
1481:Drivers/STM32L4xx_HAL_Driver/Src/stm32l4xx_hal_pcd.c ****     /* Handle Connection event Interrupt */
1482:Drivers/STM32L4xx_HAL_Driver/Src/stm32l4xx_hal_pcd.c ****     if (__HAL_PCD_GET_FLAG(hpcd, USB_OTG_GINTSTS_SRQINT))
1483:Drivers/STM32L4xx_HAL_Driver/Src/stm32l4xx_hal_pcd.c ****     {
1484:Drivers/STM32L4xx_HAL_Driver/Src/stm32l4xx_hal_pcd.c **** #if (USE_HAL_PCD_REGISTER_CALLBACKS == 1U)
1485:Drivers/STM32L4xx_HAL_Driver/Src/stm32l4xx_hal_pcd.c ****       hpcd->ConnectCallback(hpcd);
1486:Drivers/STM32L4xx_HAL_Driver/Src/stm32l4xx_hal_pcd.c **** #else
1487:Drivers/STM32L4xx_HAL_Driver/Src/stm32l4xx_hal_pcd.c ****       HAL_PCD_ConnectCallback(hpcd);
1488:Drivers/STM32L4xx_HAL_Driver/Src/stm32l4xx_hal_pcd.c **** #endif /* USE_HAL_PCD_REGISTER_CALLBACKS */
1489:Drivers/STM32L4xx_HAL_Driver/Src/stm32l4xx_hal_pcd.c **** 
1490:Drivers/STM32L4xx_HAL_Driver/Src/stm32l4xx_hal_pcd.c ****       __HAL_PCD_CLEAR_FLAG(hpcd, USB_OTG_GINTSTS_SRQINT);
1491:Drivers/STM32L4xx_HAL_Driver/Src/stm32l4xx_hal_pcd.c ****     }
1492:Drivers/STM32L4xx_HAL_Driver/Src/stm32l4xx_hal_pcd.c **** 
1493:Drivers/STM32L4xx_HAL_Driver/Src/stm32l4xx_hal_pcd.c ****     /* Handle Disconnection event Interrupt */
1494:Drivers/STM32L4xx_HAL_Driver/Src/stm32l4xx_hal_pcd.c ****     if (__HAL_PCD_GET_FLAG(hpcd, USB_OTG_GINTSTS_OTGINT))
1495:Drivers/STM32L4xx_HAL_Driver/Src/stm32l4xx_hal_pcd.c ****     {
1496:Drivers/STM32L4xx_HAL_Driver/Src/stm32l4xx_hal_pcd.c ****       RegVal = hpcd->Instance->GOTGINT;
1497:Drivers/STM32L4xx_HAL_Driver/Src/stm32l4xx_hal_pcd.c **** 
1498:Drivers/STM32L4xx_HAL_Driver/Src/stm32l4xx_hal_pcd.c ****       if ((RegVal & USB_OTG_GOTGINT_SEDET) == USB_OTG_GOTGINT_SEDET)
1499:Drivers/STM32L4xx_HAL_Driver/Src/stm32l4xx_hal_pcd.c ****       {
1500:Drivers/STM32L4xx_HAL_Driver/Src/stm32l4xx_hal_pcd.c **** #if (USE_HAL_PCD_REGISTER_CALLBACKS == 1U)
1501:Drivers/STM32L4xx_HAL_Driver/Src/stm32l4xx_hal_pcd.c ****         hpcd->DisconnectCallback(hpcd);
1502:Drivers/STM32L4xx_HAL_Driver/Src/stm32l4xx_hal_pcd.c **** #else
1503:Drivers/STM32L4xx_HAL_Driver/Src/stm32l4xx_hal_pcd.c ****         HAL_PCD_DisconnectCallback(hpcd);
1504:Drivers/STM32L4xx_HAL_Driver/Src/stm32l4xx_hal_pcd.c **** #endif /* USE_HAL_PCD_REGISTER_CALLBACKS */
1505:Drivers/STM32L4xx_HAL_Driver/Src/stm32l4xx_hal_pcd.c ****       }
1506:Drivers/STM32L4xx_HAL_Driver/Src/stm32l4xx_hal_pcd.c ****       hpcd->Instance->GOTGINT |= RegVal;
1507:Drivers/STM32L4xx_HAL_Driver/Src/stm32l4xx_hal_pcd.c ****     }
1508:Drivers/STM32L4xx_HAL_Driver/Src/stm32l4xx_hal_pcd.c ****   }
1509:Drivers/STM32L4xx_HAL_Driver/Src/stm32l4xx_hal_pcd.c **** }
1510:Drivers/STM32L4xx_HAL_Driver/Src/stm32l4xx_hal_pcd.c **** #endif /* defined (USB_OTG_FS) */
1511:Drivers/STM32L4xx_HAL_Driver/Src/stm32l4xx_hal_pcd.c **** 
1512:Drivers/STM32L4xx_HAL_Driver/Src/stm32l4xx_hal_pcd.c **** #if defined (USB)
ARM GAS  /tmp/ccGeOL5J.s 			page 28


1513:Drivers/STM32L4xx_HAL_Driver/Src/stm32l4xx_hal_pcd.c **** /**
1514:Drivers/STM32L4xx_HAL_Driver/Src/stm32l4xx_hal_pcd.c ****   * @brief  This function handles PCD interrupt request.
1515:Drivers/STM32L4xx_HAL_Driver/Src/stm32l4xx_hal_pcd.c ****   * @param  hpcd PCD handle
1516:Drivers/STM32L4xx_HAL_Driver/Src/stm32l4xx_hal_pcd.c ****   * @retval HAL status
1517:Drivers/STM32L4xx_HAL_Driver/Src/stm32l4xx_hal_pcd.c ****   */
1518:Drivers/STM32L4xx_HAL_Driver/Src/stm32l4xx_hal_pcd.c **** void HAL_PCD_IRQHandler(PCD_HandleTypeDef *hpcd)
1519:Drivers/STM32L4xx_HAL_Driver/Src/stm32l4xx_hal_pcd.c **** {
1520:Drivers/STM32L4xx_HAL_Driver/Src/stm32l4xx_hal_pcd.c ****   uint32_t wIstr = USB_ReadInterrupts(hpcd->Instance);
1521:Drivers/STM32L4xx_HAL_Driver/Src/stm32l4xx_hal_pcd.c **** 
1522:Drivers/STM32L4xx_HAL_Driver/Src/stm32l4xx_hal_pcd.c ****   if ((wIstr & USB_ISTR_CTR) == USB_ISTR_CTR)
1523:Drivers/STM32L4xx_HAL_Driver/Src/stm32l4xx_hal_pcd.c ****   {
1524:Drivers/STM32L4xx_HAL_Driver/Src/stm32l4xx_hal_pcd.c ****     /* servicing of the endpoint correct transfer interrupt */
1525:Drivers/STM32L4xx_HAL_Driver/Src/stm32l4xx_hal_pcd.c ****     /* clear of the CTR flag into the sub */
1526:Drivers/STM32L4xx_HAL_Driver/Src/stm32l4xx_hal_pcd.c ****     (void)PCD_EP_ISR_Handler(hpcd);
1527:Drivers/STM32L4xx_HAL_Driver/Src/stm32l4xx_hal_pcd.c **** 
1528:Drivers/STM32L4xx_HAL_Driver/Src/stm32l4xx_hal_pcd.c ****     return;
1529:Drivers/STM32L4xx_HAL_Driver/Src/stm32l4xx_hal_pcd.c ****   }
1530:Drivers/STM32L4xx_HAL_Driver/Src/stm32l4xx_hal_pcd.c **** 
1531:Drivers/STM32L4xx_HAL_Driver/Src/stm32l4xx_hal_pcd.c ****   if ((wIstr & USB_ISTR_RESET) == USB_ISTR_RESET)
1532:Drivers/STM32L4xx_HAL_Driver/Src/stm32l4xx_hal_pcd.c ****   {
1533:Drivers/STM32L4xx_HAL_Driver/Src/stm32l4xx_hal_pcd.c ****     __HAL_PCD_CLEAR_FLAG(hpcd, USB_ISTR_RESET);
1534:Drivers/STM32L4xx_HAL_Driver/Src/stm32l4xx_hal_pcd.c **** 
1535:Drivers/STM32L4xx_HAL_Driver/Src/stm32l4xx_hal_pcd.c **** #if (USE_HAL_PCD_REGISTER_CALLBACKS == 1U)
1536:Drivers/STM32L4xx_HAL_Driver/Src/stm32l4xx_hal_pcd.c ****     hpcd->ResetCallback(hpcd);
1537:Drivers/STM32L4xx_HAL_Driver/Src/stm32l4xx_hal_pcd.c **** #else
1538:Drivers/STM32L4xx_HAL_Driver/Src/stm32l4xx_hal_pcd.c ****     HAL_PCD_ResetCallback(hpcd);
1539:Drivers/STM32L4xx_HAL_Driver/Src/stm32l4xx_hal_pcd.c **** #endif /* USE_HAL_PCD_REGISTER_CALLBACKS */
1540:Drivers/STM32L4xx_HAL_Driver/Src/stm32l4xx_hal_pcd.c **** 
1541:Drivers/STM32L4xx_HAL_Driver/Src/stm32l4xx_hal_pcd.c ****     (void)HAL_PCD_SetAddress(hpcd, 0U);
1542:Drivers/STM32L4xx_HAL_Driver/Src/stm32l4xx_hal_pcd.c **** 
1543:Drivers/STM32L4xx_HAL_Driver/Src/stm32l4xx_hal_pcd.c ****     return;
1544:Drivers/STM32L4xx_HAL_Driver/Src/stm32l4xx_hal_pcd.c ****   }
1545:Drivers/STM32L4xx_HAL_Driver/Src/stm32l4xx_hal_pcd.c **** 
1546:Drivers/STM32L4xx_HAL_Driver/Src/stm32l4xx_hal_pcd.c ****   if ((wIstr & USB_ISTR_PMAOVR) == USB_ISTR_PMAOVR)
1547:Drivers/STM32L4xx_HAL_Driver/Src/stm32l4xx_hal_pcd.c ****   {
1548:Drivers/STM32L4xx_HAL_Driver/Src/stm32l4xx_hal_pcd.c ****     __HAL_PCD_CLEAR_FLAG(hpcd, USB_ISTR_PMAOVR);
1549:Drivers/STM32L4xx_HAL_Driver/Src/stm32l4xx_hal_pcd.c **** 
1550:Drivers/STM32L4xx_HAL_Driver/Src/stm32l4xx_hal_pcd.c ****     return;
1551:Drivers/STM32L4xx_HAL_Driver/Src/stm32l4xx_hal_pcd.c ****   }
1552:Drivers/STM32L4xx_HAL_Driver/Src/stm32l4xx_hal_pcd.c **** 
1553:Drivers/STM32L4xx_HAL_Driver/Src/stm32l4xx_hal_pcd.c ****   if ((wIstr & USB_ISTR_ERR) == USB_ISTR_ERR)
1554:Drivers/STM32L4xx_HAL_Driver/Src/stm32l4xx_hal_pcd.c ****   {
1555:Drivers/STM32L4xx_HAL_Driver/Src/stm32l4xx_hal_pcd.c ****     __HAL_PCD_CLEAR_FLAG(hpcd, USB_ISTR_ERR);
1556:Drivers/STM32L4xx_HAL_Driver/Src/stm32l4xx_hal_pcd.c **** 
1557:Drivers/STM32L4xx_HAL_Driver/Src/stm32l4xx_hal_pcd.c ****     return;
1558:Drivers/STM32L4xx_HAL_Driver/Src/stm32l4xx_hal_pcd.c ****   }
1559:Drivers/STM32L4xx_HAL_Driver/Src/stm32l4xx_hal_pcd.c **** 
1560:Drivers/STM32L4xx_HAL_Driver/Src/stm32l4xx_hal_pcd.c ****   if ((wIstr & USB_ISTR_WKUP) == USB_ISTR_WKUP)
1561:Drivers/STM32L4xx_HAL_Driver/Src/stm32l4xx_hal_pcd.c ****   {
1562:Drivers/STM32L4xx_HAL_Driver/Src/stm32l4xx_hal_pcd.c ****     hpcd->Instance->CNTR &= (uint16_t) ~(USB_CNTR_LPMODE);
1563:Drivers/STM32L4xx_HAL_Driver/Src/stm32l4xx_hal_pcd.c ****     hpcd->Instance->CNTR &= (uint16_t) ~(USB_CNTR_FSUSP);
1564:Drivers/STM32L4xx_HAL_Driver/Src/stm32l4xx_hal_pcd.c **** 
1565:Drivers/STM32L4xx_HAL_Driver/Src/stm32l4xx_hal_pcd.c ****     if (hpcd->LPM_State == LPM_L1)
1566:Drivers/STM32L4xx_HAL_Driver/Src/stm32l4xx_hal_pcd.c ****     {
1567:Drivers/STM32L4xx_HAL_Driver/Src/stm32l4xx_hal_pcd.c ****       hpcd->LPM_State = LPM_L0;
1568:Drivers/STM32L4xx_HAL_Driver/Src/stm32l4xx_hal_pcd.c **** #if (USE_HAL_PCD_REGISTER_CALLBACKS == 1U)
1569:Drivers/STM32L4xx_HAL_Driver/Src/stm32l4xx_hal_pcd.c ****       hpcd->LPMCallback(hpcd, PCD_LPM_L0_ACTIVE);
ARM GAS  /tmp/ccGeOL5J.s 			page 29


1570:Drivers/STM32L4xx_HAL_Driver/Src/stm32l4xx_hal_pcd.c **** #else
1571:Drivers/STM32L4xx_HAL_Driver/Src/stm32l4xx_hal_pcd.c ****       HAL_PCDEx_LPM_Callback(hpcd, PCD_LPM_L0_ACTIVE);
1572:Drivers/STM32L4xx_HAL_Driver/Src/stm32l4xx_hal_pcd.c **** #endif /* USE_HAL_PCD_REGISTER_CALLBACKS */
1573:Drivers/STM32L4xx_HAL_Driver/Src/stm32l4xx_hal_pcd.c ****     }
1574:Drivers/STM32L4xx_HAL_Driver/Src/stm32l4xx_hal_pcd.c **** 
1575:Drivers/STM32L4xx_HAL_Driver/Src/stm32l4xx_hal_pcd.c **** #if (USE_HAL_PCD_REGISTER_CALLBACKS == 1U)
1576:Drivers/STM32L4xx_HAL_Driver/Src/stm32l4xx_hal_pcd.c ****     hpcd->ResumeCallback(hpcd);
1577:Drivers/STM32L4xx_HAL_Driver/Src/stm32l4xx_hal_pcd.c **** #else
1578:Drivers/STM32L4xx_HAL_Driver/Src/stm32l4xx_hal_pcd.c ****     HAL_PCD_ResumeCallback(hpcd);
1579:Drivers/STM32L4xx_HAL_Driver/Src/stm32l4xx_hal_pcd.c **** #endif /* USE_HAL_PCD_REGISTER_CALLBACKS */
1580:Drivers/STM32L4xx_HAL_Driver/Src/stm32l4xx_hal_pcd.c **** 
1581:Drivers/STM32L4xx_HAL_Driver/Src/stm32l4xx_hal_pcd.c ****     __HAL_PCD_CLEAR_FLAG(hpcd, USB_ISTR_WKUP);
1582:Drivers/STM32L4xx_HAL_Driver/Src/stm32l4xx_hal_pcd.c **** 
1583:Drivers/STM32L4xx_HAL_Driver/Src/stm32l4xx_hal_pcd.c ****     return;
1584:Drivers/STM32L4xx_HAL_Driver/Src/stm32l4xx_hal_pcd.c ****   }
1585:Drivers/STM32L4xx_HAL_Driver/Src/stm32l4xx_hal_pcd.c **** 
1586:Drivers/STM32L4xx_HAL_Driver/Src/stm32l4xx_hal_pcd.c ****   if ((wIstr & USB_ISTR_SUSP) == USB_ISTR_SUSP)
1587:Drivers/STM32L4xx_HAL_Driver/Src/stm32l4xx_hal_pcd.c ****   {
1588:Drivers/STM32L4xx_HAL_Driver/Src/stm32l4xx_hal_pcd.c ****     /* Force low-power mode in the macrocell */
1589:Drivers/STM32L4xx_HAL_Driver/Src/stm32l4xx_hal_pcd.c ****     hpcd->Instance->CNTR |= (uint16_t)USB_CNTR_FSUSP;
1590:Drivers/STM32L4xx_HAL_Driver/Src/stm32l4xx_hal_pcd.c **** 
1591:Drivers/STM32L4xx_HAL_Driver/Src/stm32l4xx_hal_pcd.c ****     /* clear of the ISTR bit must be done after setting of CNTR_FSUSP */
1592:Drivers/STM32L4xx_HAL_Driver/Src/stm32l4xx_hal_pcd.c ****     __HAL_PCD_CLEAR_FLAG(hpcd, USB_ISTR_SUSP);
1593:Drivers/STM32L4xx_HAL_Driver/Src/stm32l4xx_hal_pcd.c **** 
1594:Drivers/STM32L4xx_HAL_Driver/Src/stm32l4xx_hal_pcd.c ****     hpcd->Instance->CNTR |= (uint16_t)USB_CNTR_LPMODE;
1595:Drivers/STM32L4xx_HAL_Driver/Src/stm32l4xx_hal_pcd.c **** 
1596:Drivers/STM32L4xx_HAL_Driver/Src/stm32l4xx_hal_pcd.c **** #if (USE_HAL_PCD_REGISTER_CALLBACKS == 1U)
1597:Drivers/STM32L4xx_HAL_Driver/Src/stm32l4xx_hal_pcd.c ****     hpcd->SuspendCallback(hpcd);
1598:Drivers/STM32L4xx_HAL_Driver/Src/stm32l4xx_hal_pcd.c **** #else
1599:Drivers/STM32L4xx_HAL_Driver/Src/stm32l4xx_hal_pcd.c ****     HAL_PCD_SuspendCallback(hpcd);
1600:Drivers/STM32L4xx_HAL_Driver/Src/stm32l4xx_hal_pcd.c **** #endif /* USE_HAL_PCD_REGISTER_CALLBACKS */
1601:Drivers/STM32L4xx_HAL_Driver/Src/stm32l4xx_hal_pcd.c **** 
1602:Drivers/STM32L4xx_HAL_Driver/Src/stm32l4xx_hal_pcd.c ****     return;
1603:Drivers/STM32L4xx_HAL_Driver/Src/stm32l4xx_hal_pcd.c ****   }
1604:Drivers/STM32L4xx_HAL_Driver/Src/stm32l4xx_hal_pcd.c **** 
1605:Drivers/STM32L4xx_HAL_Driver/Src/stm32l4xx_hal_pcd.c ****   /* Handle LPM Interrupt */
1606:Drivers/STM32L4xx_HAL_Driver/Src/stm32l4xx_hal_pcd.c ****   if ((wIstr & USB_ISTR_L1REQ) == USB_ISTR_L1REQ)
1607:Drivers/STM32L4xx_HAL_Driver/Src/stm32l4xx_hal_pcd.c ****   {
1608:Drivers/STM32L4xx_HAL_Driver/Src/stm32l4xx_hal_pcd.c ****     __HAL_PCD_CLEAR_FLAG(hpcd, USB_ISTR_L1REQ);
1609:Drivers/STM32L4xx_HAL_Driver/Src/stm32l4xx_hal_pcd.c ****     if (hpcd->LPM_State == LPM_L0)
1610:Drivers/STM32L4xx_HAL_Driver/Src/stm32l4xx_hal_pcd.c ****     {
1611:Drivers/STM32L4xx_HAL_Driver/Src/stm32l4xx_hal_pcd.c ****       /* Force suspend and low-power mode before going to L1 state*/
1612:Drivers/STM32L4xx_HAL_Driver/Src/stm32l4xx_hal_pcd.c ****       hpcd->Instance->CNTR |= (uint16_t)USB_CNTR_LPMODE;
1613:Drivers/STM32L4xx_HAL_Driver/Src/stm32l4xx_hal_pcd.c ****       hpcd->Instance->CNTR |= (uint16_t)USB_CNTR_FSUSP;
1614:Drivers/STM32L4xx_HAL_Driver/Src/stm32l4xx_hal_pcd.c **** 
1615:Drivers/STM32L4xx_HAL_Driver/Src/stm32l4xx_hal_pcd.c ****       hpcd->LPM_State = LPM_L1;
1616:Drivers/STM32L4xx_HAL_Driver/Src/stm32l4xx_hal_pcd.c ****       hpcd->BESL = ((uint32_t)hpcd->Instance->LPMCSR & USB_LPMCSR_BESL) >> 2;
1617:Drivers/STM32L4xx_HAL_Driver/Src/stm32l4xx_hal_pcd.c **** #if (USE_HAL_PCD_REGISTER_CALLBACKS == 1U)
1618:Drivers/STM32L4xx_HAL_Driver/Src/stm32l4xx_hal_pcd.c ****       hpcd->LPMCallback(hpcd, PCD_LPM_L1_ACTIVE);
1619:Drivers/STM32L4xx_HAL_Driver/Src/stm32l4xx_hal_pcd.c **** #else
1620:Drivers/STM32L4xx_HAL_Driver/Src/stm32l4xx_hal_pcd.c ****       HAL_PCDEx_LPM_Callback(hpcd, PCD_LPM_L1_ACTIVE);
1621:Drivers/STM32L4xx_HAL_Driver/Src/stm32l4xx_hal_pcd.c **** #endif /* USE_HAL_PCD_REGISTER_CALLBACKS */
1622:Drivers/STM32L4xx_HAL_Driver/Src/stm32l4xx_hal_pcd.c ****     }
1623:Drivers/STM32L4xx_HAL_Driver/Src/stm32l4xx_hal_pcd.c ****     else
1624:Drivers/STM32L4xx_HAL_Driver/Src/stm32l4xx_hal_pcd.c ****     {
1625:Drivers/STM32L4xx_HAL_Driver/Src/stm32l4xx_hal_pcd.c **** #if (USE_HAL_PCD_REGISTER_CALLBACKS == 1U)
1626:Drivers/STM32L4xx_HAL_Driver/Src/stm32l4xx_hal_pcd.c ****       hpcd->SuspendCallback(hpcd);
ARM GAS  /tmp/ccGeOL5J.s 			page 30


1627:Drivers/STM32L4xx_HAL_Driver/Src/stm32l4xx_hal_pcd.c **** #else
1628:Drivers/STM32L4xx_HAL_Driver/Src/stm32l4xx_hal_pcd.c ****       HAL_PCD_SuspendCallback(hpcd);
1629:Drivers/STM32L4xx_HAL_Driver/Src/stm32l4xx_hal_pcd.c **** #endif /* USE_HAL_PCD_REGISTER_CALLBACKS */
1630:Drivers/STM32L4xx_HAL_Driver/Src/stm32l4xx_hal_pcd.c ****     }
1631:Drivers/STM32L4xx_HAL_Driver/Src/stm32l4xx_hal_pcd.c **** 
1632:Drivers/STM32L4xx_HAL_Driver/Src/stm32l4xx_hal_pcd.c ****     return;
1633:Drivers/STM32L4xx_HAL_Driver/Src/stm32l4xx_hal_pcd.c ****   }
1634:Drivers/STM32L4xx_HAL_Driver/Src/stm32l4xx_hal_pcd.c **** 
1635:Drivers/STM32L4xx_HAL_Driver/Src/stm32l4xx_hal_pcd.c ****   if ((wIstr & USB_ISTR_SOF) == USB_ISTR_SOF)
1636:Drivers/STM32L4xx_HAL_Driver/Src/stm32l4xx_hal_pcd.c ****   {
1637:Drivers/STM32L4xx_HAL_Driver/Src/stm32l4xx_hal_pcd.c ****     __HAL_PCD_CLEAR_FLAG(hpcd, USB_ISTR_SOF);
1638:Drivers/STM32L4xx_HAL_Driver/Src/stm32l4xx_hal_pcd.c **** 
1639:Drivers/STM32L4xx_HAL_Driver/Src/stm32l4xx_hal_pcd.c **** #if (USE_HAL_PCD_REGISTER_CALLBACKS == 1U)
1640:Drivers/STM32L4xx_HAL_Driver/Src/stm32l4xx_hal_pcd.c ****     hpcd->SOFCallback(hpcd);
1641:Drivers/STM32L4xx_HAL_Driver/Src/stm32l4xx_hal_pcd.c **** #else
1642:Drivers/STM32L4xx_HAL_Driver/Src/stm32l4xx_hal_pcd.c ****     HAL_PCD_SOFCallback(hpcd);
1643:Drivers/STM32L4xx_HAL_Driver/Src/stm32l4xx_hal_pcd.c **** #endif /* USE_HAL_PCD_REGISTER_CALLBACKS */
1644:Drivers/STM32L4xx_HAL_Driver/Src/stm32l4xx_hal_pcd.c **** 
1645:Drivers/STM32L4xx_HAL_Driver/Src/stm32l4xx_hal_pcd.c ****     return;
1646:Drivers/STM32L4xx_HAL_Driver/Src/stm32l4xx_hal_pcd.c ****   }
1647:Drivers/STM32L4xx_HAL_Driver/Src/stm32l4xx_hal_pcd.c **** 
1648:Drivers/STM32L4xx_HAL_Driver/Src/stm32l4xx_hal_pcd.c ****   if ((wIstr & USB_ISTR_ESOF) == USB_ISTR_ESOF)
1649:Drivers/STM32L4xx_HAL_Driver/Src/stm32l4xx_hal_pcd.c ****   {
1650:Drivers/STM32L4xx_HAL_Driver/Src/stm32l4xx_hal_pcd.c ****     /* clear ESOF flag in ISTR */
1651:Drivers/STM32L4xx_HAL_Driver/Src/stm32l4xx_hal_pcd.c ****     __HAL_PCD_CLEAR_FLAG(hpcd, USB_ISTR_ESOF);
1652:Drivers/STM32L4xx_HAL_Driver/Src/stm32l4xx_hal_pcd.c **** 
1653:Drivers/STM32L4xx_HAL_Driver/Src/stm32l4xx_hal_pcd.c ****     return;
1654:Drivers/STM32L4xx_HAL_Driver/Src/stm32l4xx_hal_pcd.c ****   }
1655:Drivers/STM32L4xx_HAL_Driver/Src/stm32l4xx_hal_pcd.c **** }
1656:Drivers/STM32L4xx_HAL_Driver/Src/stm32l4xx_hal_pcd.c **** #endif /* defined (USB) */
1657:Drivers/STM32L4xx_HAL_Driver/Src/stm32l4xx_hal_pcd.c **** 
1658:Drivers/STM32L4xx_HAL_Driver/Src/stm32l4xx_hal_pcd.c **** /**
1659:Drivers/STM32L4xx_HAL_Driver/Src/stm32l4xx_hal_pcd.c ****   * @brief  Data OUT stage callback.
1660:Drivers/STM32L4xx_HAL_Driver/Src/stm32l4xx_hal_pcd.c ****   * @param  hpcd PCD handle
1661:Drivers/STM32L4xx_HAL_Driver/Src/stm32l4xx_hal_pcd.c ****   * @param  epnum endpoint number
1662:Drivers/STM32L4xx_HAL_Driver/Src/stm32l4xx_hal_pcd.c ****   * @retval None
1663:Drivers/STM32L4xx_HAL_Driver/Src/stm32l4xx_hal_pcd.c ****   */
1664:Drivers/STM32L4xx_HAL_Driver/Src/stm32l4xx_hal_pcd.c **** __weak void HAL_PCD_DataOutStageCallback(PCD_HandleTypeDef *hpcd, uint8_t epnum)
1665:Drivers/STM32L4xx_HAL_Driver/Src/stm32l4xx_hal_pcd.c **** {
1666:Drivers/STM32L4xx_HAL_Driver/Src/stm32l4xx_hal_pcd.c ****   /* Prevent unused argument(s) compilation warning */
1667:Drivers/STM32L4xx_HAL_Driver/Src/stm32l4xx_hal_pcd.c ****   UNUSED(hpcd);
1668:Drivers/STM32L4xx_HAL_Driver/Src/stm32l4xx_hal_pcd.c ****   UNUSED(epnum);
1669:Drivers/STM32L4xx_HAL_Driver/Src/stm32l4xx_hal_pcd.c **** 
1670:Drivers/STM32L4xx_HAL_Driver/Src/stm32l4xx_hal_pcd.c ****   /* NOTE : This function should not be modified, when the callback is needed,
1671:Drivers/STM32L4xx_HAL_Driver/Src/stm32l4xx_hal_pcd.c ****             the HAL_PCD_DataOutStageCallback could be implemented in the user file
1672:Drivers/STM32L4xx_HAL_Driver/Src/stm32l4xx_hal_pcd.c ****    */
1673:Drivers/STM32L4xx_HAL_Driver/Src/stm32l4xx_hal_pcd.c **** }
1674:Drivers/STM32L4xx_HAL_Driver/Src/stm32l4xx_hal_pcd.c **** 
1675:Drivers/STM32L4xx_HAL_Driver/Src/stm32l4xx_hal_pcd.c **** /**
1676:Drivers/STM32L4xx_HAL_Driver/Src/stm32l4xx_hal_pcd.c ****   * @brief  Data IN stage callback
1677:Drivers/STM32L4xx_HAL_Driver/Src/stm32l4xx_hal_pcd.c ****   * @param  hpcd PCD handle
1678:Drivers/STM32L4xx_HAL_Driver/Src/stm32l4xx_hal_pcd.c ****   * @param  epnum endpoint number
1679:Drivers/STM32L4xx_HAL_Driver/Src/stm32l4xx_hal_pcd.c ****   * @retval None
1680:Drivers/STM32L4xx_HAL_Driver/Src/stm32l4xx_hal_pcd.c ****   */
1681:Drivers/STM32L4xx_HAL_Driver/Src/stm32l4xx_hal_pcd.c **** __weak void HAL_PCD_DataInStageCallback(PCD_HandleTypeDef *hpcd, uint8_t epnum)
1682:Drivers/STM32L4xx_HAL_Driver/Src/stm32l4xx_hal_pcd.c **** {
1683:Drivers/STM32L4xx_HAL_Driver/Src/stm32l4xx_hal_pcd.c ****   /* Prevent unused argument(s) compilation warning */
ARM GAS  /tmp/ccGeOL5J.s 			page 31


1684:Drivers/STM32L4xx_HAL_Driver/Src/stm32l4xx_hal_pcd.c ****   UNUSED(hpcd);
1685:Drivers/STM32L4xx_HAL_Driver/Src/stm32l4xx_hal_pcd.c ****   UNUSED(epnum);
1686:Drivers/STM32L4xx_HAL_Driver/Src/stm32l4xx_hal_pcd.c **** 
1687:Drivers/STM32L4xx_HAL_Driver/Src/stm32l4xx_hal_pcd.c ****   /* NOTE : This function should not be modified, when the callback is needed,
1688:Drivers/STM32L4xx_HAL_Driver/Src/stm32l4xx_hal_pcd.c ****             the HAL_PCD_DataInStageCallback could be implemented in the user file
1689:Drivers/STM32L4xx_HAL_Driver/Src/stm32l4xx_hal_pcd.c ****    */
1690:Drivers/STM32L4xx_HAL_Driver/Src/stm32l4xx_hal_pcd.c **** }
1691:Drivers/STM32L4xx_HAL_Driver/Src/stm32l4xx_hal_pcd.c **** /**
1692:Drivers/STM32L4xx_HAL_Driver/Src/stm32l4xx_hal_pcd.c ****   * @brief  Setup stage callback
1693:Drivers/STM32L4xx_HAL_Driver/Src/stm32l4xx_hal_pcd.c ****   * @param  hpcd PCD handle
1694:Drivers/STM32L4xx_HAL_Driver/Src/stm32l4xx_hal_pcd.c ****   * @retval None
1695:Drivers/STM32L4xx_HAL_Driver/Src/stm32l4xx_hal_pcd.c ****   */
1696:Drivers/STM32L4xx_HAL_Driver/Src/stm32l4xx_hal_pcd.c **** __weak void HAL_PCD_SetupStageCallback(PCD_HandleTypeDef *hpcd)
1697:Drivers/STM32L4xx_HAL_Driver/Src/stm32l4xx_hal_pcd.c **** {
1698:Drivers/STM32L4xx_HAL_Driver/Src/stm32l4xx_hal_pcd.c ****   /* Prevent unused argument(s) compilation warning */
1699:Drivers/STM32L4xx_HAL_Driver/Src/stm32l4xx_hal_pcd.c ****   UNUSED(hpcd);
1700:Drivers/STM32L4xx_HAL_Driver/Src/stm32l4xx_hal_pcd.c **** 
1701:Drivers/STM32L4xx_HAL_Driver/Src/stm32l4xx_hal_pcd.c ****   /* NOTE : This function should not be modified, when the callback is needed,
1702:Drivers/STM32L4xx_HAL_Driver/Src/stm32l4xx_hal_pcd.c ****             the HAL_PCD_SetupStageCallback could be implemented in the user file
1703:Drivers/STM32L4xx_HAL_Driver/Src/stm32l4xx_hal_pcd.c ****    */
1704:Drivers/STM32L4xx_HAL_Driver/Src/stm32l4xx_hal_pcd.c **** }
1705:Drivers/STM32L4xx_HAL_Driver/Src/stm32l4xx_hal_pcd.c **** 
1706:Drivers/STM32L4xx_HAL_Driver/Src/stm32l4xx_hal_pcd.c **** /**
1707:Drivers/STM32L4xx_HAL_Driver/Src/stm32l4xx_hal_pcd.c ****   * @brief  USB Start Of Frame callback.
1708:Drivers/STM32L4xx_HAL_Driver/Src/stm32l4xx_hal_pcd.c ****   * @param  hpcd PCD handle
1709:Drivers/STM32L4xx_HAL_Driver/Src/stm32l4xx_hal_pcd.c ****   * @retval None
1710:Drivers/STM32L4xx_HAL_Driver/Src/stm32l4xx_hal_pcd.c ****   */
1711:Drivers/STM32L4xx_HAL_Driver/Src/stm32l4xx_hal_pcd.c **** __weak void HAL_PCD_SOFCallback(PCD_HandleTypeDef *hpcd)
1712:Drivers/STM32L4xx_HAL_Driver/Src/stm32l4xx_hal_pcd.c **** {
1713:Drivers/STM32L4xx_HAL_Driver/Src/stm32l4xx_hal_pcd.c ****   /* Prevent unused argument(s) compilation warning */
1714:Drivers/STM32L4xx_HAL_Driver/Src/stm32l4xx_hal_pcd.c ****   UNUSED(hpcd);
1715:Drivers/STM32L4xx_HAL_Driver/Src/stm32l4xx_hal_pcd.c **** 
1716:Drivers/STM32L4xx_HAL_Driver/Src/stm32l4xx_hal_pcd.c ****   /* NOTE : This function should not be modified, when the callback is needed,
1717:Drivers/STM32L4xx_HAL_Driver/Src/stm32l4xx_hal_pcd.c ****             the HAL_PCD_SOFCallback could be implemented in the user file
1718:Drivers/STM32L4xx_HAL_Driver/Src/stm32l4xx_hal_pcd.c ****    */
1719:Drivers/STM32L4xx_HAL_Driver/Src/stm32l4xx_hal_pcd.c **** }
1720:Drivers/STM32L4xx_HAL_Driver/Src/stm32l4xx_hal_pcd.c **** 
1721:Drivers/STM32L4xx_HAL_Driver/Src/stm32l4xx_hal_pcd.c **** /**
1722:Drivers/STM32L4xx_HAL_Driver/Src/stm32l4xx_hal_pcd.c ****   * @brief  USB Reset callback.
1723:Drivers/STM32L4xx_HAL_Driver/Src/stm32l4xx_hal_pcd.c ****   * @param  hpcd PCD handle
1724:Drivers/STM32L4xx_HAL_Driver/Src/stm32l4xx_hal_pcd.c ****   * @retval None
1725:Drivers/STM32L4xx_HAL_Driver/Src/stm32l4xx_hal_pcd.c ****   */
1726:Drivers/STM32L4xx_HAL_Driver/Src/stm32l4xx_hal_pcd.c **** __weak void HAL_PCD_ResetCallback(PCD_HandleTypeDef *hpcd)
1727:Drivers/STM32L4xx_HAL_Driver/Src/stm32l4xx_hal_pcd.c **** {
1728:Drivers/STM32L4xx_HAL_Driver/Src/stm32l4xx_hal_pcd.c ****   /* Prevent unused argument(s) compilation warning */
1729:Drivers/STM32L4xx_HAL_Driver/Src/stm32l4xx_hal_pcd.c ****   UNUSED(hpcd);
1730:Drivers/STM32L4xx_HAL_Driver/Src/stm32l4xx_hal_pcd.c **** 
1731:Drivers/STM32L4xx_HAL_Driver/Src/stm32l4xx_hal_pcd.c ****   /* NOTE : This function should not be modified, when the callback is needed,
1732:Drivers/STM32L4xx_HAL_Driver/Src/stm32l4xx_hal_pcd.c ****             the HAL_PCD_ResetCallback could be implemented in the user file
1733:Drivers/STM32L4xx_HAL_Driver/Src/stm32l4xx_hal_pcd.c ****    */
1734:Drivers/STM32L4xx_HAL_Driver/Src/stm32l4xx_hal_pcd.c **** }
1735:Drivers/STM32L4xx_HAL_Driver/Src/stm32l4xx_hal_pcd.c **** 
1736:Drivers/STM32L4xx_HAL_Driver/Src/stm32l4xx_hal_pcd.c **** /**
1737:Drivers/STM32L4xx_HAL_Driver/Src/stm32l4xx_hal_pcd.c ****   * @brief  Suspend event callback.
1738:Drivers/STM32L4xx_HAL_Driver/Src/stm32l4xx_hal_pcd.c ****   * @param  hpcd PCD handle
1739:Drivers/STM32L4xx_HAL_Driver/Src/stm32l4xx_hal_pcd.c ****   * @retval None
1740:Drivers/STM32L4xx_HAL_Driver/Src/stm32l4xx_hal_pcd.c ****   */
ARM GAS  /tmp/ccGeOL5J.s 			page 32


1741:Drivers/STM32L4xx_HAL_Driver/Src/stm32l4xx_hal_pcd.c **** __weak void HAL_PCD_SuspendCallback(PCD_HandleTypeDef *hpcd)
1742:Drivers/STM32L4xx_HAL_Driver/Src/stm32l4xx_hal_pcd.c **** {
1743:Drivers/STM32L4xx_HAL_Driver/Src/stm32l4xx_hal_pcd.c ****   /* Prevent unused argument(s) compilation warning */
1744:Drivers/STM32L4xx_HAL_Driver/Src/stm32l4xx_hal_pcd.c ****   UNUSED(hpcd);
1745:Drivers/STM32L4xx_HAL_Driver/Src/stm32l4xx_hal_pcd.c **** 
1746:Drivers/STM32L4xx_HAL_Driver/Src/stm32l4xx_hal_pcd.c ****   /* NOTE : This function should not be modified, when the callback is needed,
1747:Drivers/STM32L4xx_HAL_Driver/Src/stm32l4xx_hal_pcd.c ****             the HAL_PCD_SuspendCallback could be implemented in the user file
1748:Drivers/STM32L4xx_HAL_Driver/Src/stm32l4xx_hal_pcd.c ****    */
1749:Drivers/STM32L4xx_HAL_Driver/Src/stm32l4xx_hal_pcd.c **** }
1750:Drivers/STM32L4xx_HAL_Driver/Src/stm32l4xx_hal_pcd.c **** 
1751:Drivers/STM32L4xx_HAL_Driver/Src/stm32l4xx_hal_pcd.c **** /**
1752:Drivers/STM32L4xx_HAL_Driver/Src/stm32l4xx_hal_pcd.c ****   * @brief  Resume event callback.
1753:Drivers/STM32L4xx_HAL_Driver/Src/stm32l4xx_hal_pcd.c ****   * @param  hpcd PCD handle
1754:Drivers/STM32L4xx_HAL_Driver/Src/stm32l4xx_hal_pcd.c ****   * @retval None
1755:Drivers/STM32L4xx_HAL_Driver/Src/stm32l4xx_hal_pcd.c ****   */
1756:Drivers/STM32L4xx_HAL_Driver/Src/stm32l4xx_hal_pcd.c **** __weak void HAL_PCD_ResumeCallback(PCD_HandleTypeDef *hpcd)
1757:Drivers/STM32L4xx_HAL_Driver/Src/stm32l4xx_hal_pcd.c **** {
1758:Drivers/STM32L4xx_HAL_Driver/Src/stm32l4xx_hal_pcd.c ****   /* Prevent unused argument(s) compilation warning */
1759:Drivers/STM32L4xx_HAL_Driver/Src/stm32l4xx_hal_pcd.c ****   UNUSED(hpcd);
1760:Drivers/STM32L4xx_HAL_Driver/Src/stm32l4xx_hal_pcd.c **** 
1761:Drivers/STM32L4xx_HAL_Driver/Src/stm32l4xx_hal_pcd.c ****   /* NOTE : This function should not be modified, when the callback is needed,
1762:Drivers/STM32L4xx_HAL_Driver/Src/stm32l4xx_hal_pcd.c ****             the HAL_PCD_ResumeCallback could be implemented in the user file
1763:Drivers/STM32L4xx_HAL_Driver/Src/stm32l4xx_hal_pcd.c ****    */
1764:Drivers/STM32L4xx_HAL_Driver/Src/stm32l4xx_hal_pcd.c **** }
1765:Drivers/STM32L4xx_HAL_Driver/Src/stm32l4xx_hal_pcd.c **** 
1766:Drivers/STM32L4xx_HAL_Driver/Src/stm32l4xx_hal_pcd.c **** /**
1767:Drivers/STM32L4xx_HAL_Driver/Src/stm32l4xx_hal_pcd.c ****   * @brief  Incomplete ISO OUT callback.
1768:Drivers/STM32L4xx_HAL_Driver/Src/stm32l4xx_hal_pcd.c ****   * @param  hpcd PCD handle
1769:Drivers/STM32L4xx_HAL_Driver/Src/stm32l4xx_hal_pcd.c ****   * @param  epnum endpoint number
1770:Drivers/STM32L4xx_HAL_Driver/Src/stm32l4xx_hal_pcd.c ****   * @retval None
1771:Drivers/STM32L4xx_HAL_Driver/Src/stm32l4xx_hal_pcd.c ****   */
1772:Drivers/STM32L4xx_HAL_Driver/Src/stm32l4xx_hal_pcd.c **** __weak void HAL_PCD_ISOOUTIncompleteCallback(PCD_HandleTypeDef *hpcd, uint8_t epnum)
1773:Drivers/STM32L4xx_HAL_Driver/Src/stm32l4xx_hal_pcd.c **** {
1774:Drivers/STM32L4xx_HAL_Driver/Src/stm32l4xx_hal_pcd.c ****   /* Prevent unused argument(s) compilation warning */
1775:Drivers/STM32L4xx_HAL_Driver/Src/stm32l4xx_hal_pcd.c ****   UNUSED(hpcd);
1776:Drivers/STM32L4xx_HAL_Driver/Src/stm32l4xx_hal_pcd.c ****   UNUSED(epnum);
1777:Drivers/STM32L4xx_HAL_Driver/Src/stm32l4xx_hal_pcd.c **** 
1778:Drivers/STM32L4xx_HAL_Driver/Src/stm32l4xx_hal_pcd.c ****   /* NOTE : This function should not be modified, when the callback is needed,
1779:Drivers/STM32L4xx_HAL_Driver/Src/stm32l4xx_hal_pcd.c ****             the HAL_PCD_ISOOUTIncompleteCallback could be implemented in the user file
1780:Drivers/STM32L4xx_HAL_Driver/Src/stm32l4xx_hal_pcd.c ****    */
1781:Drivers/STM32L4xx_HAL_Driver/Src/stm32l4xx_hal_pcd.c **** }
1782:Drivers/STM32L4xx_HAL_Driver/Src/stm32l4xx_hal_pcd.c **** 
1783:Drivers/STM32L4xx_HAL_Driver/Src/stm32l4xx_hal_pcd.c **** /**
1784:Drivers/STM32L4xx_HAL_Driver/Src/stm32l4xx_hal_pcd.c ****   * @brief  Incomplete ISO IN callback.
1785:Drivers/STM32L4xx_HAL_Driver/Src/stm32l4xx_hal_pcd.c ****   * @param  hpcd PCD handle
1786:Drivers/STM32L4xx_HAL_Driver/Src/stm32l4xx_hal_pcd.c ****   * @param  epnum endpoint number
1787:Drivers/STM32L4xx_HAL_Driver/Src/stm32l4xx_hal_pcd.c ****   * @retval None
1788:Drivers/STM32L4xx_HAL_Driver/Src/stm32l4xx_hal_pcd.c ****   */
1789:Drivers/STM32L4xx_HAL_Driver/Src/stm32l4xx_hal_pcd.c **** __weak void HAL_PCD_ISOINIncompleteCallback(PCD_HandleTypeDef *hpcd, uint8_t epnum)
1790:Drivers/STM32L4xx_HAL_Driver/Src/stm32l4xx_hal_pcd.c **** {
1791:Drivers/STM32L4xx_HAL_Driver/Src/stm32l4xx_hal_pcd.c ****   /* Prevent unused argument(s) compilation warning */
1792:Drivers/STM32L4xx_HAL_Driver/Src/stm32l4xx_hal_pcd.c ****   UNUSED(hpcd);
1793:Drivers/STM32L4xx_HAL_Driver/Src/stm32l4xx_hal_pcd.c ****   UNUSED(epnum);
1794:Drivers/STM32L4xx_HAL_Driver/Src/stm32l4xx_hal_pcd.c **** 
1795:Drivers/STM32L4xx_HAL_Driver/Src/stm32l4xx_hal_pcd.c ****   /* NOTE : This function should not be modified, when the callback is needed,
1796:Drivers/STM32L4xx_HAL_Driver/Src/stm32l4xx_hal_pcd.c ****             the HAL_PCD_ISOINIncompleteCallback could be implemented in the user file
1797:Drivers/STM32L4xx_HAL_Driver/Src/stm32l4xx_hal_pcd.c ****    */
ARM GAS  /tmp/ccGeOL5J.s 			page 33


1798:Drivers/STM32L4xx_HAL_Driver/Src/stm32l4xx_hal_pcd.c **** }
1799:Drivers/STM32L4xx_HAL_Driver/Src/stm32l4xx_hal_pcd.c **** 
1800:Drivers/STM32L4xx_HAL_Driver/Src/stm32l4xx_hal_pcd.c **** /**
1801:Drivers/STM32L4xx_HAL_Driver/Src/stm32l4xx_hal_pcd.c ****   * @brief  Connection event callback.
1802:Drivers/STM32L4xx_HAL_Driver/Src/stm32l4xx_hal_pcd.c ****   * @param  hpcd PCD handle
1803:Drivers/STM32L4xx_HAL_Driver/Src/stm32l4xx_hal_pcd.c ****   * @retval None
1804:Drivers/STM32L4xx_HAL_Driver/Src/stm32l4xx_hal_pcd.c ****   */
1805:Drivers/STM32L4xx_HAL_Driver/Src/stm32l4xx_hal_pcd.c **** __weak void HAL_PCD_ConnectCallback(PCD_HandleTypeDef *hpcd)
1806:Drivers/STM32L4xx_HAL_Driver/Src/stm32l4xx_hal_pcd.c **** {
1807:Drivers/STM32L4xx_HAL_Driver/Src/stm32l4xx_hal_pcd.c ****   /* Prevent unused argument(s) compilation warning */
1808:Drivers/STM32L4xx_HAL_Driver/Src/stm32l4xx_hal_pcd.c ****   UNUSED(hpcd);
1809:Drivers/STM32L4xx_HAL_Driver/Src/stm32l4xx_hal_pcd.c **** 
1810:Drivers/STM32L4xx_HAL_Driver/Src/stm32l4xx_hal_pcd.c ****   /* NOTE : This function should not be modified, when the callback is needed,
1811:Drivers/STM32L4xx_HAL_Driver/Src/stm32l4xx_hal_pcd.c ****             the HAL_PCD_ConnectCallback could be implemented in the user file
1812:Drivers/STM32L4xx_HAL_Driver/Src/stm32l4xx_hal_pcd.c ****    */
1813:Drivers/STM32L4xx_HAL_Driver/Src/stm32l4xx_hal_pcd.c **** }
1814:Drivers/STM32L4xx_HAL_Driver/Src/stm32l4xx_hal_pcd.c **** 
1815:Drivers/STM32L4xx_HAL_Driver/Src/stm32l4xx_hal_pcd.c **** /**
1816:Drivers/STM32L4xx_HAL_Driver/Src/stm32l4xx_hal_pcd.c ****   * @brief  Disconnection event callback.
1817:Drivers/STM32L4xx_HAL_Driver/Src/stm32l4xx_hal_pcd.c ****   * @param  hpcd PCD handle
1818:Drivers/STM32L4xx_HAL_Driver/Src/stm32l4xx_hal_pcd.c ****   * @retval None
1819:Drivers/STM32L4xx_HAL_Driver/Src/stm32l4xx_hal_pcd.c ****   */
1820:Drivers/STM32L4xx_HAL_Driver/Src/stm32l4xx_hal_pcd.c **** __weak void HAL_PCD_DisconnectCallback(PCD_HandleTypeDef *hpcd)
1821:Drivers/STM32L4xx_HAL_Driver/Src/stm32l4xx_hal_pcd.c **** {
1822:Drivers/STM32L4xx_HAL_Driver/Src/stm32l4xx_hal_pcd.c ****   /* Prevent unused argument(s) compilation warning */
1823:Drivers/STM32L4xx_HAL_Driver/Src/stm32l4xx_hal_pcd.c ****   UNUSED(hpcd);
1824:Drivers/STM32L4xx_HAL_Driver/Src/stm32l4xx_hal_pcd.c **** 
1825:Drivers/STM32L4xx_HAL_Driver/Src/stm32l4xx_hal_pcd.c ****   /* NOTE : This function should not be modified, when the callback is needed,
1826:Drivers/STM32L4xx_HAL_Driver/Src/stm32l4xx_hal_pcd.c ****             the HAL_PCD_DisconnectCallback could be implemented in the user file
1827:Drivers/STM32L4xx_HAL_Driver/Src/stm32l4xx_hal_pcd.c ****    */
1828:Drivers/STM32L4xx_HAL_Driver/Src/stm32l4xx_hal_pcd.c **** }
1829:Drivers/STM32L4xx_HAL_Driver/Src/stm32l4xx_hal_pcd.c **** 
1830:Drivers/STM32L4xx_HAL_Driver/Src/stm32l4xx_hal_pcd.c **** /**
1831:Drivers/STM32L4xx_HAL_Driver/Src/stm32l4xx_hal_pcd.c ****   * @}
1832:Drivers/STM32L4xx_HAL_Driver/Src/stm32l4xx_hal_pcd.c ****   */
1833:Drivers/STM32L4xx_HAL_Driver/Src/stm32l4xx_hal_pcd.c **** 
1834:Drivers/STM32L4xx_HAL_Driver/Src/stm32l4xx_hal_pcd.c **** /** @defgroup PCD_Exported_Functions_Group3 Peripheral Control functions
1835:Drivers/STM32L4xx_HAL_Driver/Src/stm32l4xx_hal_pcd.c ****   *  @brief   management functions
1836:Drivers/STM32L4xx_HAL_Driver/Src/stm32l4xx_hal_pcd.c ****   *
1837:Drivers/STM32L4xx_HAL_Driver/Src/stm32l4xx_hal_pcd.c **** @verbatim
1838:Drivers/STM32L4xx_HAL_Driver/Src/stm32l4xx_hal_pcd.c ****  ===============================================================================
1839:Drivers/STM32L4xx_HAL_Driver/Src/stm32l4xx_hal_pcd.c ****                       ##### Peripheral Control functions #####
1840:Drivers/STM32L4xx_HAL_Driver/Src/stm32l4xx_hal_pcd.c ****  ===============================================================================
1841:Drivers/STM32L4xx_HAL_Driver/Src/stm32l4xx_hal_pcd.c ****     [..]
1842:Drivers/STM32L4xx_HAL_Driver/Src/stm32l4xx_hal_pcd.c ****     This subsection provides a set of functions allowing to control the PCD data
1843:Drivers/STM32L4xx_HAL_Driver/Src/stm32l4xx_hal_pcd.c ****     transfers.
1844:Drivers/STM32L4xx_HAL_Driver/Src/stm32l4xx_hal_pcd.c **** 
1845:Drivers/STM32L4xx_HAL_Driver/Src/stm32l4xx_hal_pcd.c **** @endverbatim
1846:Drivers/STM32L4xx_HAL_Driver/Src/stm32l4xx_hal_pcd.c ****   * @{
1847:Drivers/STM32L4xx_HAL_Driver/Src/stm32l4xx_hal_pcd.c ****   */
1848:Drivers/STM32L4xx_HAL_Driver/Src/stm32l4xx_hal_pcd.c **** 
1849:Drivers/STM32L4xx_HAL_Driver/Src/stm32l4xx_hal_pcd.c **** /**
1850:Drivers/STM32L4xx_HAL_Driver/Src/stm32l4xx_hal_pcd.c ****   * @brief  Connect the USB device
1851:Drivers/STM32L4xx_HAL_Driver/Src/stm32l4xx_hal_pcd.c ****   * @param  hpcd PCD handle
1852:Drivers/STM32L4xx_HAL_Driver/Src/stm32l4xx_hal_pcd.c ****   * @retval HAL status
1853:Drivers/STM32L4xx_HAL_Driver/Src/stm32l4xx_hal_pcd.c ****   */
1854:Drivers/STM32L4xx_HAL_Driver/Src/stm32l4xx_hal_pcd.c **** HAL_StatusTypeDef HAL_PCD_DevConnect(PCD_HandleTypeDef *hpcd)
ARM GAS  /tmp/ccGeOL5J.s 			page 34


1855:Drivers/STM32L4xx_HAL_Driver/Src/stm32l4xx_hal_pcd.c **** {
1856:Drivers/STM32L4xx_HAL_Driver/Src/stm32l4xx_hal_pcd.c **** #if defined (USB_OTG_FS)
1857:Drivers/STM32L4xx_HAL_Driver/Src/stm32l4xx_hal_pcd.c ****   USB_OTG_GlobalTypeDef *USBx = hpcd->Instance;
1858:Drivers/STM32L4xx_HAL_Driver/Src/stm32l4xx_hal_pcd.c **** #endif /* defined (USB_OTG_FS) */
1859:Drivers/STM32L4xx_HAL_Driver/Src/stm32l4xx_hal_pcd.c **** 
1860:Drivers/STM32L4xx_HAL_Driver/Src/stm32l4xx_hal_pcd.c ****   __HAL_LOCK(hpcd);
1861:Drivers/STM32L4xx_HAL_Driver/Src/stm32l4xx_hal_pcd.c **** 
1862:Drivers/STM32L4xx_HAL_Driver/Src/stm32l4xx_hal_pcd.c **** #if defined (USB_OTG_FS)
1863:Drivers/STM32L4xx_HAL_Driver/Src/stm32l4xx_hal_pcd.c ****   if (hpcd->Init.battery_charging_enable == 1U)
1864:Drivers/STM32L4xx_HAL_Driver/Src/stm32l4xx_hal_pcd.c ****   {
1865:Drivers/STM32L4xx_HAL_Driver/Src/stm32l4xx_hal_pcd.c ****     /* Enable USB Transceiver */
1866:Drivers/STM32L4xx_HAL_Driver/Src/stm32l4xx_hal_pcd.c ****     USBx->GCCFG |= USB_OTG_GCCFG_PWRDWN;
1867:Drivers/STM32L4xx_HAL_Driver/Src/stm32l4xx_hal_pcd.c ****   }
1868:Drivers/STM32L4xx_HAL_Driver/Src/stm32l4xx_hal_pcd.c **** #endif /* defined (USB_OTG_FS) */
1869:Drivers/STM32L4xx_HAL_Driver/Src/stm32l4xx_hal_pcd.c **** 
1870:Drivers/STM32L4xx_HAL_Driver/Src/stm32l4xx_hal_pcd.c ****   (void)USB_DevConnect(hpcd->Instance);
1871:Drivers/STM32L4xx_HAL_Driver/Src/stm32l4xx_hal_pcd.c ****   __HAL_UNLOCK(hpcd);
1872:Drivers/STM32L4xx_HAL_Driver/Src/stm32l4xx_hal_pcd.c **** 
1873:Drivers/STM32L4xx_HAL_Driver/Src/stm32l4xx_hal_pcd.c ****   return HAL_OK;
1874:Drivers/STM32L4xx_HAL_Driver/Src/stm32l4xx_hal_pcd.c **** }
1875:Drivers/STM32L4xx_HAL_Driver/Src/stm32l4xx_hal_pcd.c **** 
1876:Drivers/STM32L4xx_HAL_Driver/Src/stm32l4xx_hal_pcd.c **** /**
1877:Drivers/STM32L4xx_HAL_Driver/Src/stm32l4xx_hal_pcd.c ****   * @brief  Disconnect the USB device.
1878:Drivers/STM32L4xx_HAL_Driver/Src/stm32l4xx_hal_pcd.c ****   * @param  hpcd PCD handle
1879:Drivers/STM32L4xx_HAL_Driver/Src/stm32l4xx_hal_pcd.c ****   * @retval HAL status
1880:Drivers/STM32L4xx_HAL_Driver/Src/stm32l4xx_hal_pcd.c ****   */
1881:Drivers/STM32L4xx_HAL_Driver/Src/stm32l4xx_hal_pcd.c **** HAL_StatusTypeDef HAL_PCD_DevDisconnect(PCD_HandleTypeDef *hpcd)
1882:Drivers/STM32L4xx_HAL_Driver/Src/stm32l4xx_hal_pcd.c **** {
1883:Drivers/STM32L4xx_HAL_Driver/Src/stm32l4xx_hal_pcd.c **** #if defined (USB_OTG_FS)
1884:Drivers/STM32L4xx_HAL_Driver/Src/stm32l4xx_hal_pcd.c ****   USB_OTG_GlobalTypeDef *USBx = hpcd->Instance;
1885:Drivers/STM32L4xx_HAL_Driver/Src/stm32l4xx_hal_pcd.c **** #endif /* defined (USB_OTG_FS) */
1886:Drivers/STM32L4xx_HAL_Driver/Src/stm32l4xx_hal_pcd.c **** 
1887:Drivers/STM32L4xx_HAL_Driver/Src/stm32l4xx_hal_pcd.c ****   __HAL_LOCK(hpcd);
1888:Drivers/STM32L4xx_HAL_Driver/Src/stm32l4xx_hal_pcd.c ****   (void)USB_DevDisconnect(hpcd->Instance);
1889:Drivers/STM32L4xx_HAL_Driver/Src/stm32l4xx_hal_pcd.c **** 
1890:Drivers/STM32L4xx_HAL_Driver/Src/stm32l4xx_hal_pcd.c **** #if defined (USB_OTG_FS)
1891:Drivers/STM32L4xx_HAL_Driver/Src/stm32l4xx_hal_pcd.c ****   if (hpcd->Init.battery_charging_enable == 1U)
1892:Drivers/STM32L4xx_HAL_Driver/Src/stm32l4xx_hal_pcd.c ****   {
1893:Drivers/STM32L4xx_HAL_Driver/Src/stm32l4xx_hal_pcd.c ****     /* Disable USB Transceiver */
1894:Drivers/STM32L4xx_HAL_Driver/Src/stm32l4xx_hal_pcd.c ****     USBx->GCCFG &= ~(USB_OTG_GCCFG_PWRDWN);
1895:Drivers/STM32L4xx_HAL_Driver/Src/stm32l4xx_hal_pcd.c ****   }
1896:Drivers/STM32L4xx_HAL_Driver/Src/stm32l4xx_hal_pcd.c **** #endif /* defined (USB_OTG_FS) */
1897:Drivers/STM32L4xx_HAL_Driver/Src/stm32l4xx_hal_pcd.c **** 
1898:Drivers/STM32L4xx_HAL_Driver/Src/stm32l4xx_hal_pcd.c ****   __HAL_UNLOCK(hpcd);
1899:Drivers/STM32L4xx_HAL_Driver/Src/stm32l4xx_hal_pcd.c **** 
1900:Drivers/STM32L4xx_HAL_Driver/Src/stm32l4xx_hal_pcd.c ****   return HAL_OK;
1901:Drivers/STM32L4xx_HAL_Driver/Src/stm32l4xx_hal_pcd.c **** }
1902:Drivers/STM32L4xx_HAL_Driver/Src/stm32l4xx_hal_pcd.c **** 
1903:Drivers/STM32L4xx_HAL_Driver/Src/stm32l4xx_hal_pcd.c **** /**
1904:Drivers/STM32L4xx_HAL_Driver/Src/stm32l4xx_hal_pcd.c ****   * @brief  Set the USB Device address.
1905:Drivers/STM32L4xx_HAL_Driver/Src/stm32l4xx_hal_pcd.c ****   * @param  hpcd PCD handle
1906:Drivers/STM32L4xx_HAL_Driver/Src/stm32l4xx_hal_pcd.c ****   * @param  address new device address
1907:Drivers/STM32L4xx_HAL_Driver/Src/stm32l4xx_hal_pcd.c ****   * @retval HAL status
1908:Drivers/STM32L4xx_HAL_Driver/Src/stm32l4xx_hal_pcd.c ****   */
1909:Drivers/STM32L4xx_HAL_Driver/Src/stm32l4xx_hal_pcd.c **** HAL_StatusTypeDef HAL_PCD_SetAddress(PCD_HandleTypeDef *hpcd, uint8_t address)
1910:Drivers/STM32L4xx_HAL_Driver/Src/stm32l4xx_hal_pcd.c **** {
1911:Drivers/STM32L4xx_HAL_Driver/Src/stm32l4xx_hal_pcd.c ****   __HAL_LOCK(hpcd);
ARM GAS  /tmp/ccGeOL5J.s 			page 35


1912:Drivers/STM32L4xx_HAL_Driver/Src/stm32l4xx_hal_pcd.c ****   hpcd->USB_Address = address;
1913:Drivers/STM32L4xx_HAL_Driver/Src/stm32l4xx_hal_pcd.c ****   (void)USB_SetDevAddress(hpcd->Instance, address);
1914:Drivers/STM32L4xx_HAL_Driver/Src/stm32l4xx_hal_pcd.c ****   __HAL_UNLOCK(hpcd);
1915:Drivers/STM32L4xx_HAL_Driver/Src/stm32l4xx_hal_pcd.c **** 
1916:Drivers/STM32L4xx_HAL_Driver/Src/stm32l4xx_hal_pcd.c ****   return HAL_OK;
1917:Drivers/STM32L4xx_HAL_Driver/Src/stm32l4xx_hal_pcd.c **** }
1918:Drivers/STM32L4xx_HAL_Driver/Src/stm32l4xx_hal_pcd.c **** /**
1919:Drivers/STM32L4xx_HAL_Driver/Src/stm32l4xx_hal_pcd.c ****   * @brief  Open and configure an endpoint.
1920:Drivers/STM32L4xx_HAL_Driver/Src/stm32l4xx_hal_pcd.c ****   * @param  hpcd PCD handle
1921:Drivers/STM32L4xx_HAL_Driver/Src/stm32l4xx_hal_pcd.c ****   * @param  ep_addr endpoint address
1922:Drivers/STM32L4xx_HAL_Driver/Src/stm32l4xx_hal_pcd.c ****   * @param  ep_mps endpoint max packet size
1923:Drivers/STM32L4xx_HAL_Driver/Src/stm32l4xx_hal_pcd.c ****   * @param  ep_type endpoint type
1924:Drivers/STM32L4xx_HAL_Driver/Src/stm32l4xx_hal_pcd.c ****   * @retval HAL status
1925:Drivers/STM32L4xx_HAL_Driver/Src/stm32l4xx_hal_pcd.c ****   */
1926:Drivers/STM32L4xx_HAL_Driver/Src/stm32l4xx_hal_pcd.c **** HAL_StatusTypeDef HAL_PCD_EP_Open(PCD_HandleTypeDef *hpcd, uint8_t ep_addr,
1927:Drivers/STM32L4xx_HAL_Driver/Src/stm32l4xx_hal_pcd.c ****                                   uint16_t ep_mps, uint8_t ep_type)
1928:Drivers/STM32L4xx_HAL_Driver/Src/stm32l4xx_hal_pcd.c **** {
1929:Drivers/STM32L4xx_HAL_Driver/Src/stm32l4xx_hal_pcd.c ****   HAL_StatusTypeDef ret = HAL_OK;
1930:Drivers/STM32L4xx_HAL_Driver/Src/stm32l4xx_hal_pcd.c ****   PCD_EPTypeDef *ep;
1931:Drivers/STM32L4xx_HAL_Driver/Src/stm32l4xx_hal_pcd.c **** 
1932:Drivers/STM32L4xx_HAL_Driver/Src/stm32l4xx_hal_pcd.c ****   if ((ep_addr & 0x80U) == 0x80U)
1933:Drivers/STM32L4xx_HAL_Driver/Src/stm32l4xx_hal_pcd.c ****   {
1934:Drivers/STM32L4xx_HAL_Driver/Src/stm32l4xx_hal_pcd.c ****     ep = &hpcd->IN_ep[ep_addr & EP_ADDR_MSK];
1935:Drivers/STM32L4xx_HAL_Driver/Src/stm32l4xx_hal_pcd.c ****     ep->is_in = 1U;
1936:Drivers/STM32L4xx_HAL_Driver/Src/stm32l4xx_hal_pcd.c ****   }
1937:Drivers/STM32L4xx_HAL_Driver/Src/stm32l4xx_hal_pcd.c ****   else
1938:Drivers/STM32L4xx_HAL_Driver/Src/stm32l4xx_hal_pcd.c ****   {
1939:Drivers/STM32L4xx_HAL_Driver/Src/stm32l4xx_hal_pcd.c ****     ep = &hpcd->OUT_ep[ep_addr & EP_ADDR_MSK];
1940:Drivers/STM32L4xx_HAL_Driver/Src/stm32l4xx_hal_pcd.c ****     ep->is_in = 0U;
1941:Drivers/STM32L4xx_HAL_Driver/Src/stm32l4xx_hal_pcd.c ****   }
1942:Drivers/STM32L4xx_HAL_Driver/Src/stm32l4xx_hal_pcd.c **** 
1943:Drivers/STM32L4xx_HAL_Driver/Src/stm32l4xx_hal_pcd.c ****   ep->num = ep_addr & EP_ADDR_MSK;
1944:Drivers/STM32L4xx_HAL_Driver/Src/stm32l4xx_hal_pcd.c ****   ep->maxpacket = (uint32_t)ep_mps & 0x7FFU;
1945:Drivers/STM32L4xx_HAL_Driver/Src/stm32l4xx_hal_pcd.c ****   ep->type = ep_type;
1946:Drivers/STM32L4xx_HAL_Driver/Src/stm32l4xx_hal_pcd.c **** 
1947:Drivers/STM32L4xx_HAL_Driver/Src/stm32l4xx_hal_pcd.c **** #if defined (USB_OTG_FS)
1948:Drivers/STM32L4xx_HAL_Driver/Src/stm32l4xx_hal_pcd.c ****   if (ep->is_in != 0U)
1949:Drivers/STM32L4xx_HAL_Driver/Src/stm32l4xx_hal_pcd.c ****   {
1950:Drivers/STM32L4xx_HAL_Driver/Src/stm32l4xx_hal_pcd.c ****     /* Assign a Tx FIFO */
1951:Drivers/STM32L4xx_HAL_Driver/Src/stm32l4xx_hal_pcd.c ****     ep->tx_fifo_num = ep->num;
1952:Drivers/STM32L4xx_HAL_Driver/Src/stm32l4xx_hal_pcd.c ****   }
1953:Drivers/STM32L4xx_HAL_Driver/Src/stm32l4xx_hal_pcd.c **** #endif /* defined (USB_OTG_FS) */
1954:Drivers/STM32L4xx_HAL_Driver/Src/stm32l4xx_hal_pcd.c **** 
1955:Drivers/STM32L4xx_HAL_Driver/Src/stm32l4xx_hal_pcd.c ****   /* Set initial data PID. */
1956:Drivers/STM32L4xx_HAL_Driver/Src/stm32l4xx_hal_pcd.c ****   if (ep_type == EP_TYPE_BULK)
1957:Drivers/STM32L4xx_HAL_Driver/Src/stm32l4xx_hal_pcd.c ****   {
1958:Drivers/STM32L4xx_HAL_Driver/Src/stm32l4xx_hal_pcd.c ****     ep->data_pid_start = 0U;
1959:Drivers/STM32L4xx_HAL_Driver/Src/stm32l4xx_hal_pcd.c ****   }
1960:Drivers/STM32L4xx_HAL_Driver/Src/stm32l4xx_hal_pcd.c **** 
1961:Drivers/STM32L4xx_HAL_Driver/Src/stm32l4xx_hal_pcd.c ****   __HAL_LOCK(hpcd);
1962:Drivers/STM32L4xx_HAL_Driver/Src/stm32l4xx_hal_pcd.c ****   (void)USB_ActivateEndpoint(hpcd->Instance, ep);
1963:Drivers/STM32L4xx_HAL_Driver/Src/stm32l4xx_hal_pcd.c ****   __HAL_UNLOCK(hpcd);
1964:Drivers/STM32L4xx_HAL_Driver/Src/stm32l4xx_hal_pcd.c **** 
1965:Drivers/STM32L4xx_HAL_Driver/Src/stm32l4xx_hal_pcd.c ****   return ret;
1966:Drivers/STM32L4xx_HAL_Driver/Src/stm32l4xx_hal_pcd.c **** }
1967:Drivers/STM32L4xx_HAL_Driver/Src/stm32l4xx_hal_pcd.c **** 
1968:Drivers/STM32L4xx_HAL_Driver/Src/stm32l4xx_hal_pcd.c **** /**
ARM GAS  /tmp/ccGeOL5J.s 			page 36


1969:Drivers/STM32L4xx_HAL_Driver/Src/stm32l4xx_hal_pcd.c ****   * @brief  Deactivate an endpoint.
1970:Drivers/STM32L4xx_HAL_Driver/Src/stm32l4xx_hal_pcd.c ****   * @param  hpcd PCD handle
1971:Drivers/STM32L4xx_HAL_Driver/Src/stm32l4xx_hal_pcd.c ****   * @param  ep_addr endpoint address
1972:Drivers/STM32L4xx_HAL_Driver/Src/stm32l4xx_hal_pcd.c ****   * @retval HAL status
1973:Drivers/STM32L4xx_HAL_Driver/Src/stm32l4xx_hal_pcd.c ****   */
1974:Drivers/STM32L4xx_HAL_Driver/Src/stm32l4xx_hal_pcd.c **** HAL_StatusTypeDef HAL_PCD_EP_Close(PCD_HandleTypeDef *hpcd, uint8_t ep_addr)
1975:Drivers/STM32L4xx_HAL_Driver/Src/stm32l4xx_hal_pcd.c **** {
1976:Drivers/STM32L4xx_HAL_Driver/Src/stm32l4xx_hal_pcd.c ****   PCD_EPTypeDef *ep;
1977:Drivers/STM32L4xx_HAL_Driver/Src/stm32l4xx_hal_pcd.c **** 
1978:Drivers/STM32L4xx_HAL_Driver/Src/stm32l4xx_hal_pcd.c ****   if ((ep_addr & 0x80U) == 0x80U)
1979:Drivers/STM32L4xx_HAL_Driver/Src/stm32l4xx_hal_pcd.c ****   {
1980:Drivers/STM32L4xx_HAL_Driver/Src/stm32l4xx_hal_pcd.c ****     ep = &hpcd->IN_ep[ep_addr & EP_ADDR_MSK];
1981:Drivers/STM32L4xx_HAL_Driver/Src/stm32l4xx_hal_pcd.c ****     ep->is_in = 1U;
1982:Drivers/STM32L4xx_HAL_Driver/Src/stm32l4xx_hal_pcd.c ****   }
1983:Drivers/STM32L4xx_HAL_Driver/Src/stm32l4xx_hal_pcd.c ****   else
1984:Drivers/STM32L4xx_HAL_Driver/Src/stm32l4xx_hal_pcd.c ****   {
1985:Drivers/STM32L4xx_HAL_Driver/Src/stm32l4xx_hal_pcd.c ****     ep = &hpcd->OUT_ep[ep_addr & EP_ADDR_MSK];
1986:Drivers/STM32L4xx_HAL_Driver/Src/stm32l4xx_hal_pcd.c ****     ep->is_in = 0U;
1987:Drivers/STM32L4xx_HAL_Driver/Src/stm32l4xx_hal_pcd.c ****   }
1988:Drivers/STM32L4xx_HAL_Driver/Src/stm32l4xx_hal_pcd.c ****   ep->num = ep_addr & EP_ADDR_MSK;
1989:Drivers/STM32L4xx_HAL_Driver/Src/stm32l4xx_hal_pcd.c **** 
1990:Drivers/STM32L4xx_HAL_Driver/Src/stm32l4xx_hal_pcd.c ****   __HAL_LOCK(hpcd);
1991:Drivers/STM32L4xx_HAL_Driver/Src/stm32l4xx_hal_pcd.c ****   (void)USB_DeactivateEndpoint(hpcd->Instance, ep);
1992:Drivers/STM32L4xx_HAL_Driver/Src/stm32l4xx_hal_pcd.c ****   __HAL_UNLOCK(hpcd);
1993:Drivers/STM32L4xx_HAL_Driver/Src/stm32l4xx_hal_pcd.c ****   return HAL_OK;
1994:Drivers/STM32L4xx_HAL_Driver/Src/stm32l4xx_hal_pcd.c **** }
1995:Drivers/STM32L4xx_HAL_Driver/Src/stm32l4xx_hal_pcd.c **** 
1996:Drivers/STM32L4xx_HAL_Driver/Src/stm32l4xx_hal_pcd.c **** 
1997:Drivers/STM32L4xx_HAL_Driver/Src/stm32l4xx_hal_pcd.c **** /**
1998:Drivers/STM32L4xx_HAL_Driver/Src/stm32l4xx_hal_pcd.c ****   * @brief  Receive an amount of data.
1999:Drivers/STM32L4xx_HAL_Driver/Src/stm32l4xx_hal_pcd.c ****   * @param  hpcd PCD handle
2000:Drivers/STM32L4xx_HAL_Driver/Src/stm32l4xx_hal_pcd.c ****   * @param  ep_addr endpoint address
2001:Drivers/STM32L4xx_HAL_Driver/Src/stm32l4xx_hal_pcd.c ****   * @param  pBuf pointer to the reception buffer
2002:Drivers/STM32L4xx_HAL_Driver/Src/stm32l4xx_hal_pcd.c ****   * @param  len amount of data to be received
2003:Drivers/STM32L4xx_HAL_Driver/Src/stm32l4xx_hal_pcd.c ****   * @retval HAL status
2004:Drivers/STM32L4xx_HAL_Driver/Src/stm32l4xx_hal_pcd.c ****   */
2005:Drivers/STM32L4xx_HAL_Driver/Src/stm32l4xx_hal_pcd.c **** HAL_StatusTypeDef HAL_PCD_EP_Receive(PCD_HandleTypeDef *hpcd, uint8_t ep_addr, uint8_t *pBuf, uint3
2006:Drivers/STM32L4xx_HAL_Driver/Src/stm32l4xx_hal_pcd.c **** {
2007:Drivers/STM32L4xx_HAL_Driver/Src/stm32l4xx_hal_pcd.c ****   PCD_EPTypeDef *ep;
2008:Drivers/STM32L4xx_HAL_Driver/Src/stm32l4xx_hal_pcd.c **** 
2009:Drivers/STM32L4xx_HAL_Driver/Src/stm32l4xx_hal_pcd.c ****   ep = &hpcd->OUT_ep[ep_addr & EP_ADDR_MSK];
2010:Drivers/STM32L4xx_HAL_Driver/Src/stm32l4xx_hal_pcd.c **** 
2011:Drivers/STM32L4xx_HAL_Driver/Src/stm32l4xx_hal_pcd.c ****   /*setup and start the Xfer */
2012:Drivers/STM32L4xx_HAL_Driver/Src/stm32l4xx_hal_pcd.c ****   ep->xfer_buff = pBuf;
2013:Drivers/STM32L4xx_HAL_Driver/Src/stm32l4xx_hal_pcd.c ****   ep->xfer_len = len;
2014:Drivers/STM32L4xx_HAL_Driver/Src/stm32l4xx_hal_pcd.c ****   ep->xfer_count = 0U;
2015:Drivers/STM32L4xx_HAL_Driver/Src/stm32l4xx_hal_pcd.c ****   ep->is_in = 0U;
2016:Drivers/STM32L4xx_HAL_Driver/Src/stm32l4xx_hal_pcd.c ****   ep->num = ep_addr & EP_ADDR_MSK;
2017:Drivers/STM32L4xx_HAL_Driver/Src/stm32l4xx_hal_pcd.c **** 
2018:Drivers/STM32L4xx_HAL_Driver/Src/stm32l4xx_hal_pcd.c ****   (void)USB_EPStartXfer(hpcd->Instance, ep);
2019:Drivers/STM32L4xx_HAL_Driver/Src/stm32l4xx_hal_pcd.c **** 
2020:Drivers/STM32L4xx_HAL_Driver/Src/stm32l4xx_hal_pcd.c ****   return HAL_OK;
2021:Drivers/STM32L4xx_HAL_Driver/Src/stm32l4xx_hal_pcd.c **** }
2022:Drivers/STM32L4xx_HAL_Driver/Src/stm32l4xx_hal_pcd.c **** 
2023:Drivers/STM32L4xx_HAL_Driver/Src/stm32l4xx_hal_pcd.c **** /**
2024:Drivers/STM32L4xx_HAL_Driver/Src/stm32l4xx_hal_pcd.c ****   * @brief  Get Received Data Size
2025:Drivers/STM32L4xx_HAL_Driver/Src/stm32l4xx_hal_pcd.c ****   * @param  hpcd PCD handle
ARM GAS  /tmp/ccGeOL5J.s 			page 37


2026:Drivers/STM32L4xx_HAL_Driver/Src/stm32l4xx_hal_pcd.c ****   * @param  ep_addr endpoint address
2027:Drivers/STM32L4xx_HAL_Driver/Src/stm32l4xx_hal_pcd.c ****   * @retval Data Size
2028:Drivers/STM32L4xx_HAL_Driver/Src/stm32l4xx_hal_pcd.c ****   */
2029:Drivers/STM32L4xx_HAL_Driver/Src/stm32l4xx_hal_pcd.c **** uint32_t HAL_PCD_EP_GetRxCount(PCD_HandleTypeDef const *hpcd, uint8_t ep_addr)
2030:Drivers/STM32L4xx_HAL_Driver/Src/stm32l4xx_hal_pcd.c **** {
2031:Drivers/STM32L4xx_HAL_Driver/Src/stm32l4xx_hal_pcd.c ****   return hpcd->OUT_ep[ep_addr & EP_ADDR_MSK].xfer_count;
2032:Drivers/STM32L4xx_HAL_Driver/Src/stm32l4xx_hal_pcd.c **** }
2033:Drivers/STM32L4xx_HAL_Driver/Src/stm32l4xx_hal_pcd.c **** /**
2034:Drivers/STM32L4xx_HAL_Driver/Src/stm32l4xx_hal_pcd.c ****   * @brief  Send an amount of data
2035:Drivers/STM32L4xx_HAL_Driver/Src/stm32l4xx_hal_pcd.c ****   * @param  hpcd PCD handle
2036:Drivers/STM32L4xx_HAL_Driver/Src/stm32l4xx_hal_pcd.c ****   * @param  ep_addr endpoint address
2037:Drivers/STM32L4xx_HAL_Driver/Src/stm32l4xx_hal_pcd.c ****   * @param  pBuf pointer to the transmission buffer
2038:Drivers/STM32L4xx_HAL_Driver/Src/stm32l4xx_hal_pcd.c ****   * @param  len amount of data to be sent
2039:Drivers/STM32L4xx_HAL_Driver/Src/stm32l4xx_hal_pcd.c ****   * @retval HAL status
2040:Drivers/STM32L4xx_HAL_Driver/Src/stm32l4xx_hal_pcd.c ****   */
2041:Drivers/STM32L4xx_HAL_Driver/Src/stm32l4xx_hal_pcd.c **** HAL_StatusTypeDef HAL_PCD_EP_Transmit(PCD_HandleTypeDef *hpcd, uint8_t ep_addr, uint8_t *pBuf, uint
2042:Drivers/STM32L4xx_HAL_Driver/Src/stm32l4xx_hal_pcd.c **** {
2043:Drivers/STM32L4xx_HAL_Driver/Src/stm32l4xx_hal_pcd.c ****   PCD_EPTypeDef *ep;
2044:Drivers/STM32L4xx_HAL_Driver/Src/stm32l4xx_hal_pcd.c **** 
2045:Drivers/STM32L4xx_HAL_Driver/Src/stm32l4xx_hal_pcd.c ****   ep = &hpcd->IN_ep[ep_addr & EP_ADDR_MSK];
2046:Drivers/STM32L4xx_HAL_Driver/Src/stm32l4xx_hal_pcd.c **** 
2047:Drivers/STM32L4xx_HAL_Driver/Src/stm32l4xx_hal_pcd.c ****   /*setup and start the Xfer */
2048:Drivers/STM32L4xx_HAL_Driver/Src/stm32l4xx_hal_pcd.c ****   ep->xfer_buff = pBuf;
2049:Drivers/STM32L4xx_HAL_Driver/Src/stm32l4xx_hal_pcd.c ****   ep->xfer_len = len;
2050:Drivers/STM32L4xx_HAL_Driver/Src/stm32l4xx_hal_pcd.c **** #if defined (USB)
2051:Drivers/STM32L4xx_HAL_Driver/Src/stm32l4xx_hal_pcd.c ****   ep->xfer_fill_db = 1U;
2052:Drivers/STM32L4xx_HAL_Driver/Src/stm32l4xx_hal_pcd.c ****   ep->xfer_len_db = len;
2053:Drivers/STM32L4xx_HAL_Driver/Src/stm32l4xx_hal_pcd.c **** #endif /* defined (USB) */
2054:Drivers/STM32L4xx_HAL_Driver/Src/stm32l4xx_hal_pcd.c ****   ep->xfer_count = 0U;
2055:Drivers/STM32L4xx_HAL_Driver/Src/stm32l4xx_hal_pcd.c ****   ep->is_in = 1U;
2056:Drivers/STM32L4xx_HAL_Driver/Src/stm32l4xx_hal_pcd.c ****   ep->num = ep_addr & EP_ADDR_MSK;
2057:Drivers/STM32L4xx_HAL_Driver/Src/stm32l4xx_hal_pcd.c **** 
2058:Drivers/STM32L4xx_HAL_Driver/Src/stm32l4xx_hal_pcd.c ****   (void)USB_EPStartXfer(hpcd->Instance, ep);
2059:Drivers/STM32L4xx_HAL_Driver/Src/stm32l4xx_hal_pcd.c **** 
2060:Drivers/STM32L4xx_HAL_Driver/Src/stm32l4xx_hal_pcd.c ****   return HAL_OK;
2061:Drivers/STM32L4xx_HAL_Driver/Src/stm32l4xx_hal_pcd.c **** }
2062:Drivers/STM32L4xx_HAL_Driver/Src/stm32l4xx_hal_pcd.c **** 
2063:Drivers/STM32L4xx_HAL_Driver/Src/stm32l4xx_hal_pcd.c **** /**
2064:Drivers/STM32L4xx_HAL_Driver/Src/stm32l4xx_hal_pcd.c ****   * @brief  Set a STALL condition over an endpoint
2065:Drivers/STM32L4xx_HAL_Driver/Src/stm32l4xx_hal_pcd.c ****   * @param  hpcd PCD handle
2066:Drivers/STM32L4xx_HAL_Driver/Src/stm32l4xx_hal_pcd.c ****   * @param  ep_addr endpoint address
2067:Drivers/STM32L4xx_HAL_Driver/Src/stm32l4xx_hal_pcd.c ****   * @retval HAL status
2068:Drivers/STM32L4xx_HAL_Driver/Src/stm32l4xx_hal_pcd.c ****   */
2069:Drivers/STM32L4xx_HAL_Driver/Src/stm32l4xx_hal_pcd.c **** HAL_StatusTypeDef HAL_PCD_EP_SetStall(PCD_HandleTypeDef *hpcd, uint8_t ep_addr)
2070:Drivers/STM32L4xx_HAL_Driver/Src/stm32l4xx_hal_pcd.c **** {
2071:Drivers/STM32L4xx_HAL_Driver/Src/stm32l4xx_hal_pcd.c ****   PCD_EPTypeDef *ep;
2072:Drivers/STM32L4xx_HAL_Driver/Src/stm32l4xx_hal_pcd.c **** 
2073:Drivers/STM32L4xx_HAL_Driver/Src/stm32l4xx_hal_pcd.c ****   if (((uint32_t)ep_addr & EP_ADDR_MSK) > hpcd->Init.dev_endpoints)
2074:Drivers/STM32L4xx_HAL_Driver/Src/stm32l4xx_hal_pcd.c ****   {
2075:Drivers/STM32L4xx_HAL_Driver/Src/stm32l4xx_hal_pcd.c ****     return HAL_ERROR;
2076:Drivers/STM32L4xx_HAL_Driver/Src/stm32l4xx_hal_pcd.c ****   }
2077:Drivers/STM32L4xx_HAL_Driver/Src/stm32l4xx_hal_pcd.c **** 
2078:Drivers/STM32L4xx_HAL_Driver/Src/stm32l4xx_hal_pcd.c ****   if ((0x80U & ep_addr) == 0x80U)
2079:Drivers/STM32L4xx_HAL_Driver/Src/stm32l4xx_hal_pcd.c ****   {
2080:Drivers/STM32L4xx_HAL_Driver/Src/stm32l4xx_hal_pcd.c ****     ep = &hpcd->IN_ep[ep_addr & EP_ADDR_MSK];
2081:Drivers/STM32L4xx_HAL_Driver/Src/stm32l4xx_hal_pcd.c ****     ep->is_in = 1U;
2082:Drivers/STM32L4xx_HAL_Driver/Src/stm32l4xx_hal_pcd.c ****   }
ARM GAS  /tmp/ccGeOL5J.s 			page 38


2083:Drivers/STM32L4xx_HAL_Driver/Src/stm32l4xx_hal_pcd.c ****   else
2084:Drivers/STM32L4xx_HAL_Driver/Src/stm32l4xx_hal_pcd.c ****   {
2085:Drivers/STM32L4xx_HAL_Driver/Src/stm32l4xx_hal_pcd.c ****     ep = &hpcd->OUT_ep[ep_addr];
2086:Drivers/STM32L4xx_HAL_Driver/Src/stm32l4xx_hal_pcd.c ****     ep->is_in = 0U;
2087:Drivers/STM32L4xx_HAL_Driver/Src/stm32l4xx_hal_pcd.c ****   }
2088:Drivers/STM32L4xx_HAL_Driver/Src/stm32l4xx_hal_pcd.c **** 
2089:Drivers/STM32L4xx_HAL_Driver/Src/stm32l4xx_hal_pcd.c ****   ep->is_stall = 1U;
2090:Drivers/STM32L4xx_HAL_Driver/Src/stm32l4xx_hal_pcd.c ****   ep->num = ep_addr & EP_ADDR_MSK;
2091:Drivers/STM32L4xx_HAL_Driver/Src/stm32l4xx_hal_pcd.c **** 
2092:Drivers/STM32L4xx_HAL_Driver/Src/stm32l4xx_hal_pcd.c ****   __HAL_LOCK(hpcd);
2093:Drivers/STM32L4xx_HAL_Driver/Src/stm32l4xx_hal_pcd.c **** 
2094:Drivers/STM32L4xx_HAL_Driver/Src/stm32l4xx_hal_pcd.c ****   (void)USB_EPSetStall(hpcd->Instance, ep);
2095:Drivers/STM32L4xx_HAL_Driver/Src/stm32l4xx_hal_pcd.c **** 
2096:Drivers/STM32L4xx_HAL_Driver/Src/stm32l4xx_hal_pcd.c ****   if ((ep_addr & EP_ADDR_MSK) == 0U)
2097:Drivers/STM32L4xx_HAL_Driver/Src/stm32l4xx_hal_pcd.c ****   {
2098:Drivers/STM32L4xx_HAL_Driver/Src/stm32l4xx_hal_pcd.c ****     (void)USB_EP0_OutStart(hpcd->Instance, (uint8_t *)hpcd->Setup);
2099:Drivers/STM32L4xx_HAL_Driver/Src/stm32l4xx_hal_pcd.c ****   }
2100:Drivers/STM32L4xx_HAL_Driver/Src/stm32l4xx_hal_pcd.c **** 
2101:Drivers/STM32L4xx_HAL_Driver/Src/stm32l4xx_hal_pcd.c ****   __HAL_UNLOCK(hpcd);
2102:Drivers/STM32L4xx_HAL_Driver/Src/stm32l4xx_hal_pcd.c **** 
2103:Drivers/STM32L4xx_HAL_Driver/Src/stm32l4xx_hal_pcd.c ****   return HAL_OK;
2104:Drivers/STM32L4xx_HAL_Driver/Src/stm32l4xx_hal_pcd.c **** }
2105:Drivers/STM32L4xx_HAL_Driver/Src/stm32l4xx_hal_pcd.c **** 
2106:Drivers/STM32L4xx_HAL_Driver/Src/stm32l4xx_hal_pcd.c **** /**
2107:Drivers/STM32L4xx_HAL_Driver/Src/stm32l4xx_hal_pcd.c ****   * @brief  Clear a STALL condition over in an endpoint
2108:Drivers/STM32L4xx_HAL_Driver/Src/stm32l4xx_hal_pcd.c ****   * @param  hpcd PCD handle
2109:Drivers/STM32L4xx_HAL_Driver/Src/stm32l4xx_hal_pcd.c ****   * @param  ep_addr endpoint address
2110:Drivers/STM32L4xx_HAL_Driver/Src/stm32l4xx_hal_pcd.c ****   * @retval HAL status
2111:Drivers/STM32L4xx_HAL_Driver/Src/stm32l4xx_hal_pcd.c ****   */
2112:Drivers/STM32L4xx_HAL_Driver/Src/stm32l4xx_hal_pcd.c **** HAL_StatusTypeDef HAL_PCD_EP_ClrStall(PCD_HandleTypeDef *hpcd, uint8_t ep_addr)
2113:Drivers/STM32L4xx_HAL_Driver/Src/stm32l4xx_hal_pcd.c **** {
2114:Drivers/STM32L4xx_HAL_Driver/Src/stm32l4xx_hal_pcd.c ****   PCD_EPTypeDef *ep;
2115:Drivers/STM32L4xx_HAL_Driver/Src/stm32l4xx_hal_pcd.c **** 
2116:Drivers/STM32L4xx_HAL_Driver/Src/stm32l4xx_hal_pcd.c ****   if (((uint32_t)ep_addr & 0x0FU) > hpcd->Init.dev_endpoints)
2117:Drivers/STM32L4xx_HAL_Driver/Src/stm32l4xx_hal_pcd.c ****   {
2118:Drivers/STM32L4xx_HAL_Driver/Src/stm32l4xx_hal_pcd.c ****     return HAL_ERROR;
2119:Drivers/STM32L4xx_HAL_Driver/Src/stm32l4xx_hal_pcd.c ****   }
2120:Drivers/STM32L4xx_HAL_Driver/Src/stm32l4xx_hal_pcd.c **** 
2121:Drivers/STM32L4xx_HAL_Driver/Src/stm32l4xx_hal_pcd.c ****   if ((0x80U & ep_addr) == 0x80U)
2122:Drivers/STM32L4xx_HAL_Driver/Src/stm32l4xx_hal_pcd.c ****   {
2123:Drivers/STM32L4xx_HAL_Driver/Src/stm32l4xx_hal_pcd.c ****     ep = &hpcd->IN_ep[ep_addr & EP_ADDR_MSK];
2124:Drivers/STM32L4xx_HAL_Driver/Src/stm32l4xx_hal_pcd.c ****     ep->is_in = 1U;
2125:Drivers/STM32L4xx_HAL_Driver/Src/stm32l4xx_hal_pcd.c ****   }
2126:Drivers/STM32L4xx_HAL_Driver/Src/stm32l4xx_hal_pcd.c ****   else
2127:Drivers/STM32L4xx_HAL_Driver/Src/stm32l4xx_hal_pcd.c ****   {
2128:Drivers/STM32L4xx_HAL_Driver/Src/stm32l4xx_hal_pcd.c ****     ep = &hpcd->OUT_ep[ep_addr & EP_ADDR_MSK];
2129:Drivers/STM32L4xx_HAL_Driver/Src/stm32l4xx_hal_pcd.c ****     ep->is_in = 0U;
2130:Drivers/STM32L4xx_HAL_Driver/Src/stm32l4xx_hal_pcd.c ****   }
2131:Drivers/STM32L4xx_HAL_Driver/Src/stm32l4xx_hal_pcd.c **** 
2132:Drivers/STM32L4xx_HAL_Driver/Src/stm32l4xx_hal_pcd.c ****   ep->is_stall = 0U;
2133:Drivers/STM32L4xx_HAL_Driver/Src/stm32l4xx_hal_pcd.c ****   ep->num = ep_addr & EP_ADDR_MSK;
2134:Drivers/STM32L4xx_HAL_Driver/Src/stm32l4xx_hal_pcd.c **** 
2135:Drivers/STM32L4xx_HAL_Driver/Src/stm32l4xx_hal_pcd.c ****   __HAL_LOCK(hpcd);
2136:Drivers/STM32L4xx_HAL_Driver/Src/stm32l4xx_hal_pcd.c ****   (void)USB_EPClearStall(hpcd->Instance, ep);
2137:Drivers/STM32L4xx_HAL_Driver/Src/stm32l4xx_hal_pcd.c ****   __HAL_UNLOCK(hpcd);
2138:Drivers/STM32L4xx_HAL_Driver/Src/stm32l4xx_hal_pcd.c **** 
2139:Drivers/STM32L4xx_HAL_Driver/Src/stm32l4xx_hal_pcd.c ****   return HAL_OK;
ARM GAS  /tmp/ccGeOL5J.s 			page 39


2140:Drivers/STM32L4xx_HAL_Driver/Src/stm32l4xx_hal_pcd.c **** }
2141:Drivers/STM32L4xx_HAL_Driver/Src/stm32l4xx_hal_pcd.c **** 
2142:Drivers/STM32L4xx_HAL_Driver/Src/stm32l4xx_hal_pcd.c **** /**
2143:Drivers/STM32L4xx_HAL_Driver/Src/stm32l4xx_hal_pcd.c ****    * @brief  Abort an USB EP transaction.
2144:Drivers/STM32L4xx_HAL_Driver/Src/stm32l4xx_hal_pcd.c ****    * @param  hpcd PCD handle
2145:Drivers/STM32L4xx_HAL_Driver/Src/stm32l4xx_hal_pcd.c ****    * @param  ep_addr endpoint address
2146:Drivers/STM32L4xx_HAL_Driver/Src/stm32l4xx_hal_pcd.c ****    * @retval HAL status
2147:Drivers/STM32L4xx_HAL_Driver/Src/stm32l4xx_hal_pcd.c ****    */
2148:Drivers/STM32L4xx_HAL_Driver/Src/stm32l4xx_hal_pcd.c **** HAL_StatusTypeDef HAL_PCD_EP_Abort(PCD_HandleTypeDef *hpcd, uint8_t ep_addr)
2149:Drivers/STM32L4xx_HAL_Driver/Src/stm32l4xx_hal_pcd.c **** {
2150:Drivers/STM32L4xx_HAL_Driver/Src/stm32l4xx_hal_pcd.c ****   HAL_StatusTypeDef ret;
2151:Drivers/STM32L4xx_HAL_Driver/Src/stm32l4xx_hal_pcd.c ****   PCD_EPTypeDef *ep;
2152:Drivers/STM32L4xx_HAL_Driver/Src/stm32l4xx_hal_pcd.c **** 
2153:Drivers/STM32L4xx_HAL_Driver/Src/stm32l4xx_hal_pcd.c ****   if ((0x80U & ep_addr) == 0x80U)
2154:Drivers/STM32L4xx_HAL_Driver/Src/stm32l4xx_hal_pcd.c ****   {
2155:Drivers/STM32L4xx_HAL_Driver/Src/stm32l4xx_hal_pcd.c ****     ep = &hpcd->IN_ep[ep_addr & EP_ADDR_MSK];
2156:Drivers/STM32L4xx_HAL_Driver/Src/stm32l4xx_hal_pcd.c ****   }
2157:Drivers/STM32L4xx_HAL_Driver/Src/stm32l4xx_hal_pcd.c ****   else
2158:Drivers/STM32L4xx_HAL_Driver/Src/stm32l4xx_hal_pcd.c ****   {
2159:Drivers/STM32L4xx_HAL_Driver/Src/stm32l4xx_hal_pcd.c ****     ep = &hpcd->OUT_ep[ep_addr & EP_ADDR_MSK];
2160:Drivers/STM32L4xx_HAL_Driver/Src/stm32l4xx_hal_pcd.c ****   }
2161:Drivers/STM32L4xx_HAL_Driver/Src/stm32l4xx_hal_pcd.c **** 
2162:Drivers/STM32L4xx_HAL_Driver/Src/stm32l4xx_hal_pcd.c ****   /* Stop Xfer */
2163:Drivers/STM32L4xx_HAL_Driver/Src/stm32l4xx_hal_pcd.c ****   ret = USB_EPStopXfer(hpcd->Instance, ep);
2164:Drivers/STM32L4xx_HAL_Driver/Src/stm32l4xx_hal_pcd.c **** 
2165:Drivers/STM32L4xx_HAL_Driver/Src/stm32l4xx_hal_pcd.c ****   return ret;
2166:Drivers/STM32L4xx_HAL_Driver/Src/stm32l4xx_hal_pcd.c **** }
2167:Drivers/STM32L4xx_HAL_Driver/Src/stm32l4xx_hal_pcd.c **** 
2168:Drivers/STM32L4xx_HAL_Driver/Src/stm32l4xx_hal_pcd.c **** /**
2169:Drivers/STM32L4xx_HAL_Driver/Src/stm32l4xx_hal_pcd.c ****   * @brief  Flush an endpoint
2170:Drivers/STM32L4xx_HAL_Driver/Src/stm32l4xx_hal_pcd.c ****   * @param  hpcd PCD handle
2171:Drivers/STM32L4xx_HAL_Driver/Src/stm32l4xx_hal_pcd.c ****   * @param  ep_addr endpoint address
2172:Drivers/STM32L4xx_HAL_Driver/Src/stm32l4xx_hal_pcd.c ****   * @retval HAL status
2173:Drivers/STM32L4xx_HAL_Driver/Src/stm32l4xx_hal_pcd.c ****   */
2174:Drivers/STM32L4xx_HAL_Driver/Src/stm32l4xx_hal_pcd.c **** HAL_StatusTypeDef HAL_PCD_EP_Flush(PCD_HandleTypeDef *hpcd, uint8_t ep_addr)
2175:Drivers/STM32L4xx_HAL_Driver/Src/stm32l4xx_hal_pcd.c **** {
2176:Drivers/STM32L4xx_HAL_Driver/Src/stm32l4xx_hal_pcd.c ****   __HAL_LOCK(hpcd);
2177:Drivers/STM32L4xx_HAL_Driver/Src/stm32l4xx_hal_pcd.c **** 
2178:Drivers/STM32L4xx_HAL_Driver/Src/stm32l4xx_hal_pcd.c ****   if ((ep_addr & 0x80U) == 0x80U)
2179:Drivers/STM32L4xx_HAL_Driver/Src/stm32l4xx_hal_pcd.c ****   {
2180:Drivers/STM32L4xx_HAL_Driver/Src/stm32l4xx_hal_pcd.c ****     (void)USB_FlushTxFifo(hpcd->Instance, (uint32_t)ep_addr & EP_ADDR_MSK);
2181:Drivers/STM32L4xx_HAL_Driver/Src/stm32l4xx_hal_pcd.c ****   }
2182:Drivers/STM32L4xx_HAL_Driver/Src/stm32l4xx_hal_pcd.c ****   else
2183:Drivers/STM32L4xx_HAL_Driver/Src/stm32l4xx_hal_pcd.c ****   {
2184:Drivers/STM32L4xx_HAL_Driver/Src/stm32l4xx_hal_pcd.c ****     (void)USB_FlushRxFifo(hpcd->Instance);
2185:Drivers/STM32L4xx_HAL_Driver/Src/stm32l4xx_hal_pcd.c ****   }
2186:Drivers/STM32L4xx_HAL_Driver/Src/stm32l4xx_hal_pcd.c **** 
2187:Drivers/STM32L4xx_HAL_Driver/Src/stm32l4xx_hal_pcd.c ****   __HAL_UNLOCK(hpcd);
2188:Drivers/STM32L4xx_HAL_Driver/Src/stm32l4xx_hal_pcd.c **** 
2189:Drivers/STM32L4xx_HAL_Driver/Src/stm32l4xx_hal_pcd.c ****   return HAL_OK;
2190:Drivers/STM32L4xx_HAL_Driver/Src/stm32l4xx_hal_pcd.c **** }
2191:Drivers/STM32L4xx_HAL_Driver/Src/stm32l4xx_hal_pcd.c **** 
2192:Drivers/STM32L4xx_HAL_Driver/Src/stm32l4xx_hal_pcd.c **** /**
2193:Drivers/STM32L4xx_HAL_Driver/Src/stm32l4xx_hal_pcd.c ****   * @brief  Activate remote wakeup signalling
2194:Drivers/STM32L4xx_HAL_Driver/Src/stm32l4xx_hal_pcd.c ****   * @param  hpcd PCD handle
2195:Drivers/STM32L4xx_HAL_Driver/Src/stm32l4xx_hal_pcd.c ****   * @retval HAL status
2196:Drivers/STM32L4xx_HAL_Driver/Src/stm32l4xx_hal_pcd.c ****   */
ARM GAS  /tmp/ccGeOL5J.s 			page 40


2197:Drivers/STM32L4xx_HAL_Driver/Src/stm32l4xx_hal_pcd.c **** HAL_StatusTypeDef HAL_PCD_ActivateRemoteWakeup(PCD_HandleTypeDef *hpcd)
2198:Drivers/STM32L4xx_HAL_Driver/Src/stm32l4xx_hal_pcd.c **** {
2199:Drivers/STM32L4xx_HAL_Driver/Src/stm32l4xx_hal_pcd.c ****   return (USB_ActivateRemoteWakeup(hpcd->Instance));
2200:Drivers/STM32L4xx_HAL_Driver/Src/stm32l4xx_hal_pcd.c **** }
2201:Drivers/STM32L4xx_HAL_Driver/Src/stm32l4xx_hal_pcd.c **** 
2202:Drivers/STM32L4xx_HAL_Driver/Src/stm32l4xx_hal_pcd.c **** /**
2203:Drivers/STM32L4xx_HAL_Driver/Src/stm32l4xx_hal_pcd.c ****   * @brief  De-activate remote wakeup signalling.
2204:Drivers/STM32L4xx_HAL_Driver/Src/stm32l4xx_hal_pcd.c ****   * @param  hpcd PCD handle
2205:Drivers/STM32L4xx_HAL_Driver/Src/stm32l4xx_hal_pcd.c ****   * @retval HAL status
2206:Drivers/STM32L4xx_HAL_Driver/Src/stm32l4xx_hal_pcd.c ****   */
2207:Drivers/STM32L4xx_HAL_Driver/Src/stm32l4xx_hal_pcd.c **** HAL_StatusTypeDef HAL_PCD_DeActivateRemoteWakeup(PCD_HandleTypeDef *hpcd)
2208:Drivers/STM32L4xx_HAL_Driver/Src/stm32l4xx_hal_pcd.c **** {
2209:Drivers/STM32L4xx_HAL_Driver/Src/stm32l4xx_hal_pcd.c ****   return (USB_DeActivateRemoteWakeup(hpcd->Instance));
2210:Drivers/STM32L4xx_HAL_Driver/Src/stm32l4xx_hal_pcd.c **** }
2211:Drivers/STM32L4xx_HAL_Driver/Src/stm32l4xx_hal_pcd.c **** 
2212:Drivers/STM32L4xx_HAL_Driver/Src/stm32l4xx_hal_pcd.c **** /**
2213:Drivers/STM32L4xx_HAL_Driver/Src/stm32l4xx_hal_pcd.c ****   * @}
2214:Drivers/STM32L4xx_HAL_Driver/Src/stm32l4xx_hal_pcd.c ****   */
2215:Drivers/STM32L4xx_HAL_Driver/Src/stm32l4xx_hal_pcd.c **** 
2216:Drivers/STM32L4xx_HAL_Driver/Src/stm32l4xx_hal_pcd.c **** /** @defgroup PCD_Exported_Functions_Group4 Peripheral State functions
2217:Drivers/STM32L4xx_HAL_Driver/Src/stm32l4xx_hal_pcd.c ****   *  @brief   Peripheral State functions
2218:Drivers/STM32L4xx_HAL_Driver/Src/stm32l4xx_hal_pcd.c ****   *
2219:Drivers/STM32L4xx_HAL_Driver/Src/stm32l4xx_hal_pcd.c **** @verbatim
2220:Drivers/STM32L4xx_HAL_Driver/Src/stm32l4xx_hal_pcd.c ****  ===============================================================================
2221:Drivers/STM32L4xx_HAL_Driver/Src/stm32l4xx_hal_pcd.c ****                       ##### Peripheral State functions #####
2222:Drivers/STM32L4xx_HAL_Driver/Src/stm32l4xx_hal_pcd.c ****  ===============================================================================
2223:Drivers/STM32L4xx_HAL_Driver/Src/stm32l4xx_hal_pcd.c ****     [..]
2224:Drivers/STM32L4xx_HAL_Driver/Src/stm32l4xx_hal_pcd.c ****     This subsection permits to get in run-time the status of the peripheral
2225:Drivers/STM32L4xx_HAL_Driver/Src/stm32l4xx_hal_pcd.c ****     and the data flow.
2226:Drivers/STM32L4xx_HAL_Driver/Src/stm32l4xx_hal_pcd.c **** 
2227:Drivers/STM32L4xx_HAL_Driver/Src/stm32l4xx_hal_pcd.c **** @endverbatim
2228:Drivers/STM32L4xx_HAL_Driver/Src/stm32l4xx_hal_pcd.c ****   * @{
2229:Drivers/STM32L4xx_HAL_Driver/Src/stm32l4xx_hal_pcd.c ****   */
2230:Drivers/STM32L4xx_HAL_Driver/Src/stm32l4xx_hal_pcd.c **** 
2231:Drivers/STM32L4xx_HAL_Driver/Src/stm32l4xx_hal_pcd.c **** /**
2232:Drivers/STM32L4xx_HAL_Driver/Src/stm32l4xx_hal_pcd.c ****   * @brief  Return the PCD handle state.
2233:Drivers/STM32L4xx_HAL_Driver/Src/stm32l4xx_hal_pcd.c ****   * @param  hpcd PCD handle
2234:Drivers/STM32L4xx_HAL_Driver/Src/stm32l4xx_hal_pcd.c ****   * @retval HAL state
2235:Drivers/STM32L4xx_HAL_Driver/Src/stm32l4xx_hal_pcd.c ****   */
2236:Drivers/STM32L4xx_HAL_Driver/Src/stm32l4xx_hal_pcd.c **** PCD_StateTypeDef HAL_PCD_GetState(PCD_HandleTypeDef const *hpcd)
2237:Drivers/STM32L4xx_HAL_Driver/Src/stm32l4xx_hal_pcd.c **** {
2238:Drivers/STM32L4xx_HAL_Driver/Src/stm32l4xx_hal_pcd.c ****   return hpcd->State;
2239:Drivers/STM32L4xx_HAL_Driver/Src/stm32l4xx_hal_pcd.c **** }
2240:Drivers/STM32L4xx_HAL_Driver/Src/stm32l4xx_hal_pcd.c **** 
2241:Drivers/STM32L4xx_HAL_Driver/Src/stm32l4xx_hal_pcd.c **** /**
2242:Drivers/STM32L4xx_HAL_Driver/Src/stm32l4xx_hal_pcd.c ****   * @}
2243:Drivers/STM32L4xx_HAL_Driver/Src/stm32l4xx_hal_pcd.c ****   */
2244:Drivers/STM32L4xx_HAL_Driver/Src/stm32l4xx_hal_pcd.c **** 
2245:Drivers/STM32L4xx_HAL_Driver/Src/stm32l4xx_hal_pcd.c **** /**
2246:Drivers/STM32L4xx_HAL_Driver/Src/stm32l4xx_hal_pcd.c ****   * @}
2247:Drivers/STM32L4xx_HAL_Driver/Src/stm32l4xx_hal_pcd.c ****   */
2248:Drivers/STM32L4xx_HAL_Driver/Src/stm32l4xx_hal_pcd.c **** 
2249:Drivers/STM32L4xx_HAL_Driver/Src/stm32l4xx_hal_pcd.c **** /* Private functions ---------------------------------------------------------*/
2250:Drivers/STM32L4xx_HAL_Driver/Src/stm32l4xx_hal_pcd.c **** /** @addtogroup PCD_Private_Functions
2251:Drivers/STM32L4xx_HAL_Driver/Src/stm32l4xx_hal_pcd.c ****   * @{
2252:Drivers/STM32L4xx_HAL_Driver/Src/stm32l4xx_hal_pcd.c ****   */
2253:Drivers/STM32L4xx_HAL_Driver/Src/stm32l4xx_hal_pcd.c **** #if defined (USB_OTG_FS)
ARM GAS  /tmp/ccGeOL5J.s 			page 41


2254:Drivers/STM32L4xx_HAL_Driver/Src/stm32l4xx_hal_pcd.c **** /**
2255:Drivers/STM32L4xx_HAL_Driver/Src/stm32l4xx_hal_pcd.c ****   * @brief  Check FIFO for the next packet to be loaded.
2256:Drivers/STM32L4xx_HAL_Driver/Src/stm32l4xx_hal_pcd.c ****   * @param  hpcd PCD handle
2257:Drivers/STM32L4xx_HAL_Driver/Src/stm32l4xx_hal_pcd.c ****   * @param  epnum endpoint number
2258:Drivers/STM32L4xx_HAL_Driver/Src/stm32l4xx_hal_pcd.c ****   * @retval HAL status
2259:Drivers/STM32L4xx_HAL_Driver/Src/stm32l4xx_hal_pcd.c ****   */
2260:Drivers/STM32L4xx_HAL_Driver/Src/stm32l4xx_hal_pcd.c **** static HAL_StatusTypeDef PCD_WriteEmptyTxFifo(PCD_HandleTypeDef *hpcd, uint32_t epnum)
2261:Drivers/STM32L4xx_HAL_Driver/Src/stm32l4xx_hal_pcd.c **** {
2262:Drivers/STM32L4xx_HAL_Driver/Src/stm32l4xx_hal_pcd.c ****   USB_OTG_GlobalTypeDef *USBx = hpcd->Instance;
2263:Drivers/STM32L4xx_HAL_Driver/Src/stm32l4xx_hal_pcd.c ****   uint32_t USBx_BASE = (uint32_t)USBx;
2264:Drivers/STM32L4xx_HAL_Driver/Src/stm32l4xx_hal_pcd.c ****   USB_OTG_EPTypeDef *ep;
2265:Drivers/STM32L4xx_HAL_Driver/Src/stm32l4xx_hal_pcd.c ****   uint32_t len;
2266:Drivers/STM32L4xx_HAL_Driver/Src/stm32l4xx_hal_pcd.c ****   uint32_t len32b;
2267:Drivers/STM32L4xx_HAL_Driver/Src/stm32l4xx_hal_pcd.c ****   uint32_t fifoemptymsk;
2268:Drivers/STM32L4xx_HAL_Driver/Src/stm32l4xx_hal_pcd.c **** 
2269:Drivers/STM32L4xx_HAL_Driver/Src/stm32l4xx_hal_pcd.c ****   ep = &hpcd->IN_ep[epnum];
2270:Drivers/STM32L4xx_HAL_Driver/Src/stm32l4xx_hal_pcd.c **** 
2271:Drivers/STM32L4xx_HAL_Driver/Src/stm32l4xx_hal_pcd.c ****   if (ep->xfer_count > ep->xfer_len)
2272:Drivers/STM32L4xx_HAL_Driver/Src/stm32l4xx_hal_pcd.c ****   {
2273:Drivers/STM32L4xx_HAL_Driver/Src/stm32l4xx_hal_pcd.c ****     return HAL_ERROR;
2274:Drivers/STM32L4xx_HAL_Driver/Src/stm32l4xx_hal_pcd.c ****   }
2275:Drivers/STM32L4xx_HAL_Driver/Src/stm32l4xx_hal_pcd.c **** 
2276:Drivers/STM32L4xx_HAL_Driver/Src/stm32l4xx_hal_pcd.c ****   len = ep->xfer_len - ep->xfer_count;
2277:Drivers/STM32L4xx_HAL_Driver/Src/stm32l4xx_hal_pcd.c **** 
2278:Drivers/STM32L4xx_HAL_Driver/Src/stm32l4xx_hal_pcd.c ****   if (len > ep->maxpacket)
2279:Drivers/STM32L4xx_HAL_Driver/Src/stm32l4xx_hal_pcd.c ****   {
2280:Drivers/STM32L4xx_HAL_Driver/Src/stm32l4xx_hal_pcd.c ****     len = ep->maxpacket;
2281:Drivers/STM32L4xx_HAL_Driver/Src/stm32l4xx_hal_pcd.c ****   }
2282:Drivers/STM32L4xx_HAL_Driver/Src/stm32l4xx_hal_pcd.c **** 
2283:Drivers/STM32L4xx_HAL_Driver/Src/stm32l4xx_hal_pcd.c ****   len32b = (len + 3U) / 4U;
2284:Drivers/STM32L4xx_HAL_Driver/Src/stm32l4xx_hal_pcd.c **** 
2285:Drivers/STM32L4xx_HAL_Driver/Src/stm32l4xx_hal_pcd.c ****   while (((USBx_INEP(epnum)->DTXFSTS & USB_OTG_DTXFSTS_INEPTFSAV) >= len32b) &&
2286:Drivers/STM32L4xx_HAL_Driver/Src/stm32l4xx_hal_pcd.c ****          (ep->xfer_count < ep->xfer_len) && (ep->xfer_len != 0U))
2287:Drivers/STM32L4xx_HAL_Driver/Src/stm32l4xx_hal_pcd.c ****   {
2288:Drivers/STM32L4xx_HAL_Driver/Src/stm32l4xx_hal_pcd.c ****     /* Write the FIFO */
2289:Drivers/STM32L4xx_HAL_Driver/Src/stm32l4xx_hal_pcd.c ****     len = ep->xfer_len - ep->xfer_count;
2290:Drivers/STM32L4xx_HAL_Driver/Src/stm32l4xx_hal_pcd.c **** 
2291:Drivers/STM32L4xx_HAL_Driver/Src/stm32l4xx_hal_pcd.c ****     if (len > ep->maxpacket)
2292:Drivers/STM32L4xx_HAL_Driver/Src/stm32l4xx_hal_pcd.c ****     {
2293:Drivers/STM32L4xx_HAL_Driver/Src/stm32l4xx_hal_pcd.c ****       len = ep->maxpacket;
2294:Drivers/STM32L4xx_HAL_Driver/Src/stm32l4xx_hal_pcd.c ****     }
2295:Drivers/STM32L4xx_HAL_Driver/Src/stm32l4xx_hal_pcd.c ****     len32b = (len + 3U) / 4U;
2296:Drivers/STM32L4xx_HAL_Driver/Src/stm32l4xx_hal_pcd.c **** 
2297:Drivers/STM32L4xx_HAL_Driver/Src/stm32l4xx_hal_pcd.c ****     (void)USB_WritePacket(USBx, ep->xfer_buff, (uint8_t)epnum, (uint16_t)len);
2298:Drivers/STM32L4xx_HAL_Driver/Src/stm32l4xx_hal_pcd.c **** 
2299:Drivers/STM32L4xx_HAL_Driver/Src/stm32l4xx_hal_pcd.c ****     ep->xfer_buff  += len;
2300:Drivers/STM32L4xx_HAL_Driver/Src/stm32l4xx_hal_pcd.c ****     ep->xfer_count += len;
2301:Drivers/STM32L4xx_HAL_Driver/Src/stm32l4xx_hal_pcd.c ****   }
2302:Drivers/STM32L4xx_HAL_Driver/Src/stm32l4xx_hal_pcd.c **** 
2303:Drivers/STM32L4xx_HAL_Driver/Src/stm32l4xx_hal_pcd.c ****   if (ep->xfer_len <= ep->xfer_count)
2304:Drivers/STM32L4xx_HAL_Driver/Src/stm32l4xx_hal_pcd.c ****   {
2305:Drivers/STM32L4xx_HAL_Driver/Src/stm32l4xx_hal_pcd.c ****     fifoemptymsk = (uint32_t)(0x1UL << (epnum & EP_ADDR_MSK));
2306:Drivers/STM32L4xx_HAL_Driver/Src/stm32l4xx_hal_pcd.c ****     USBx_DEVICE->DIEPEMPMSK &= ~fifoemptymsk;
2307:Drivers/STM32L4xx_HAL_Driver/Src/stm32l4xx_hal_pcd.c ****   }
2308:Drivers/STM32L4xx_HAL_Driver/Src/stm32l4xx_hal_pcd.c **** 
2309:Drivers/STM32L4xx_HAL_Driver/Src/stm32l4xx_hal_pcd.c ****   return HAL_OK;
2310:Drivers/STM32L4xx_HAL_Driver/Src/stm32l4xx_hal_pcd.c **** }
ARM GAS  /tmp/ccGeOL5J.s 			page 42


2311:Drivers/STM32L4xx_HAL_Driver/Src/stm32l4xx_hal_pcd.c **** 
2312:Drivers/STM32L4xx_HAL_Driver/Src/stm32l4xx_hal_pcd.c **** 
2313:Drivers/STM32L4xx_HAL_Driver/Src/stm32l4xx_hal_pcd.c **** /**
2314:Drivers/STM32L4xx_HAL_Driver/Src/stm32l4xx_hal_pcd.c ****   * @brief  process EP OUT transfer complete interrupt.
2315:Drivers/STM32L4xx_HAL_Driver/Src/stm32l4xx_hal_pcd.c ****   * @param  hpcd PCD handle
2316:Drivers/STM32L4xx_HAL_Driver/Src/stm32l4xx_hal_pcd.c ****   * @param  epnum endpoint number
2317:Drivers/STM32L4xx_HAL_Driver/Src/stm32l4xx_hal_pcd.c ****   * @retval HAL status
2318:Drivers/STM32L4xx_HAL_Driver/Src/stm32l4xx_hal_pcd.c ****   */
2319:Drivers/STM32L4xx_HAL_Driver/Src/stm32l4xx_hal_pcd.c **** static HAL_StatusTypeDef PCD_EP_OutXfrComplete_int(PCD_HandleTypeDef *hpcd, uint32_t epnum)
2320:Drivers/STM32L4xx_HAL_Driver/Src/stm32l4xx_hal_pcd.c **** {
2321:Drivers/STM32L4xx_HAL_Driver/Src/stm32l4xx_hal_pcd.c ****   const USB_OTG_GlobalTypeDef *USBx = hpcd->Instance;
2322:Drivers/STM32L4xx_HAL_Driver/Src/stm32l4xx_hal_pcd.c ****   uint32_t USBx_BASE = (uint32_t)USBx;
2323:Drivers/STM32L4xx_HAL_Driver/Src/stm32l4xx_hal_pcd.c ****   uint32_t gSNPSiD = *(__IO const uint32_t *)(&USBx->CID + 0x1U);
2324:Drivers/STM32L4xx_HAL_Driver/Src/stm32l4xx_hal_pcd.c ****   uint32_t DoepintReg = USBx_OUTEP(epnum)->DOEPINT;
2325:Drivers/STM32L4xx_HAL_Driver/Src/stm32l4xx_hal_pcd.c **** 
2326:Drivers/STM32L4xx_HAL_Driver/Src/stm32l4xx_hal_pcd.c ****   if (gSNPSiD == USB_OTG_CORE_ID_310A)
2327:Drivers/STM32L4xx_HAL_Driver/Src/stm32l4xx_hal_pcd.c ****   {
2328:Drivers/STM32L4xx_HAL_Driver/Src/stm32l4xx_hal_pcd.c ****     /* StupPktRcvd = 1 this is a setup packet */
2329:Drivers/STM32L4xx_HAL_Driver/Src/stm32l4xx_hal_pcd.c ****     if ((DoepintReg & USB_OTG_DOEPINT_STPKTRX) == USB_OTG_DOEPINT_STPKTRX)
2330:Drivers/STM32L4xx_HAL_Driver/Src/stm32l4xx_hal_pcd.c ****     {
2331:Drivers/STM32L4xx_HAL_Driver/Src/stm32l4xx_hal_pcd.c ****       CLEAR_OUT_EP_INTR(epnum, USB_OTG_DOEPINT_STPKTRX);
2332:Drivers/STM32L4xx_HAL_Driver/Src/stm32l4xx_hal_pcd.c ****     }
2333:Drivers/STM32L4xx_HAL_Driver/Src/stm32l4xx_hal_pcd.c ****     else
2334:Drivers/STM32L4xx_HAL_Driver/Src/stm32l4xx_hal_pcd.c ****     {
2335:Drivers/STM32L4xx_HAL_Driver/Src/stm32l4xx_hal_pcd.c ****       if ((DoepintReg & USB_OTG_DOEPINT_OTEPSPR) == USB_OTG_DOEPINT_OTEPSPR)
2336:Drivers/STM32L4xx_HAL_Driver/Src/stm32l4xx_hal_pcd.c ****       {
2337:Drivers/STM32L4xx_HAL_Driver/Src/stm32l4xx_hal_pcd.c ****         CLEAR_OUT_EP_INTR(epnum, USB_OTG_DOEPINT_OTEPSPR);
2338:Drivers/STM32L4xx_HAL_Driver/Src/stm32l4xx_hal_pcd.c ****       }
2339:Drivers/STM32L4xx_HAL_Driver/Src/stm32l4xx_hal_pcd.c **** 
2340:Drivers/STM32L4xx_HAL_Driver/Src/stm32l4xx_hal_pcd.c **** #if (USE_HAL_PCD_REGISTER_CALLBACKS == 1U)
2341:Drivers/STM32L4xx_HAL_Driver/Src/stm32l4xx_hal_pcd.c ****       hpcd->DataOutStageCallback(hpcd, (uint8_t)epnum);
2342:Drivers/STM32L4xx_HAL_Driver/Src/stm32l4xx_hal_pcd.c **** #else
2343:Drivers/STM32L4xx_HAL_Driver/Src/stm32l4xx_hal_pcd.c ****       HAL_PCD_DataOutStageCallback(hpcd, (uint8_t)epnum);
2344:Drivers/STM32L4xx_HAL_Driver/Src/stm32l4xx_hal_pcd.c **** #endif /* USE_HAL_PCD_REGISTER_CALLBACKS */
2345:Drivers/STM32L4xx_HAL_Driver/Src/stm32l4xx_hal_pcd.c ****     }
2346:Drivers/STM32L4xx_HAL_Driver/Src/stm32l4xx_hal_pcd.c ****   }
2347:Drivers/STM32L4xx_HAL_Driver/Src/stm32l4xx_hal_pcd.c ****   else
2348:Drivers/STM32L4xx_HAL_Driver/Src/stm32l4xx_hal_pcd.c ****   {
2349:Drivers/STM32L4xx_HAL_Driver/Src/stm32l4xx_hal_pcd.c **** #if (USE_HAL_PCD_REGISTER_CALLBACKS == 1U)
2350:Drivers/STM32L4xx_HAL_Driver/Src/stm32l4xx_hal_pcd.c ****     hpcd->DataOutStageCallback(hpcd, (uint8_t)epnum);
2351:Drivers/STM32L4xx_HAL_Driver/Src/stm32l4xx_hal_pcd.c **** #else
2352:Drivers/STM32L4xx_HAL_Driver/Src/stm32l4xx_hal_pcd.c ****     HAL_PCD_DataOutStageCallback(hpcd, (uint8_t)epnum);
2353:Drivers/STM32L4xx_HAL_Driver/Src/stm32l4xx_hal_pcd.c **** #endif /* USE_HAL_PCD_REGISTER_CALLBACKS */
2354:Drivers/STM32L4xx_HAL_Driver/Src/stm32l4xx_hal_pcd.c ****   }
2355:Drivers/STM32L4xx_HAL_Driver/Src/stm32l4xx_hal_pcd.c **** 
2356:Drivers/STM32L4xx_HAL_Driver/Src/stm32l4xx_hal_pcd.c ****   return HAL_OK;
2357:Drivers/STM32L4xx_HAL_Driver/Src/stm32l4xx_hal_pcd.c **** }
2358:Drivers/STM32L4xx_HAL_Driver/Src/stm32l4xx_hal_pcd.c **** 
2359:Drivers/STM32L4xx_HAL_Driver/Src/stm32l4xx_hal_pcd.c **** 
2360:Drivers/STM32L4xx_HAL_Driver/Src/stm32l4xx_hal_pcd.c **** /**
2361:Drivers/STM32L4xx_HAL_Driver/Src/stm32l4xx_hal_pcd.c ****   * @brief  process EP OUT setup packet received interrupt.
2362:Drivers/STM32L4xx_HAL_Driver/Src/stm32l4xx_hal_pcd.c ****   * @param  hpcd PCD handle
2363:Drivers/STM32L4xx_HAL_Driver/Src/stm32l4xx_hal_pcd.c ****   * @param  epnum endpoint number
2364:Drivers/STM32L4xx_HAL_Driver/Src/stm32l4xx_hal_pcd.c ****   * @retval HAL status
2365:Drivers/STM32L4xx_HAL_Driver/Src/stm32l4xx_hal_pcd.c ****   */
2366:Drivers/STM32L4xx_HAL_Driver/Src/stm32l4xx_hal_pcd.c **** static HAL_StatusTypeDef PCD_EP_OutSetupPacket_int(PCD_HandleTypeDef *hpcd, uint32_t epnum)
2367:Drivers/STM32L4xx_HAL_Driver/Src/stm32l4xx_hal_pcd.c **** {
ARM GAS  /tmp/ccGeOL5J.s 			page 43


2368:Drivers/STM32L4xx_HAL_Driver/Src/stm32l4xx_hal_pcd.c ****   const USB_OTG_GlobalTypeDef *USBx = hpcd->Instance;
2369:Drivers/STM32L4xx_HAL_Driver/Src/stm32l4xx_hal_pcd.c ****   uint32_t USBx_BASE = (uint32_t)USBx;
2370:Drivers/STM32L4xx_HAL_Driver/Src/stm32l4xx_hal_pcd.c ****   uint32_t gSNPSiD = *(__IO const uint32_t *)(&USBx->CID + 0x1U);
2371:Drivers/STM32L4xx_HAL_Driver/Src/stm32l4xx_hal_pcd.c ****   uint32_t DoepintReg = USBx_OUTEP(epnum)->DOEPINT;
2372:Drivers/STM32L4xx_HAL_Driver/Src/stm32l4xx_hal_pcd.c **** 
2373:Drivers/STM32L4xx_HAL_Driver/Src/stm32l4xx_hal_pcd.c ****   if ((gSNPSiD > USB_OTG_CORE_ID_300A) &&
2374:Drivers/STM32L4xx_HAL_Driver/Src/stm32l4xx_hal_pcd.c ****       ((DoepintReg & USB_OTG_DOEPINT_STPKTRX) == USB_OTG_DOEPINT_STPKTRX))
2375:Drivers/STM32L4xx_HAL_Driver/Src/stm32l4xx_hal_pcd.c ****   {
2376:Drivers/STM32L4xx_HAL_Driver/Src/stm32l4xx_hal_pcd.c ****     CLEAR_OUT_EP_INTR(epnum, USB_OTG_DOEPINT_STPKTRX);
2377:Drivers/STM32L4xx_HAL_Driver/Src/stm32l4xx_hal_pcd.c ****   }
2378:Drivers/STM32L4xx_HAL_Driver/Src/stm32l4xx_hal_pcd.c **** 
2379:Drivers/STM32L4xx_HAL_Driver/Src/stm32l4xx_hal_pcd.c ****   /* Inform the upper layer that a setup packet is available */
2380:Drivers/STM32L4xx_HAL_Driver/Src/stm32l4xx_hal_pcd.c **** #if (USE_HAL_PCD_REGISTER_CALLBACKS == 1U)
2381:Drivers/STM32L4xx_HAL_Driver/Src/stm32l4xx_hal_pcd.c ****   hpcd->SetupStageCallback(hpcd);
2382:Drivers/STM32L4xx_HAL_Driver/Src/stm32l4xx_hal_pcd.c **** #else
2383:Drivers/STM32L4xx_HAL_Driver/Src/stm32l4xx_hal_pcd.c ****   HAL_PCD_SetupStageCallback(hpcd);
2384:Drivers/STM32L4xx_HAL_Driver/Src/stm32l4xx_hal_pcd.c **** #endif /* USE_HAL_PCD_REGISTER_CALLBACKS */
2385:Drivers/STM32L4xx_HAL_Driver/Src/stm32l4xx_hal_pcd.c **** 
2386:Drivers/STM32L4xx_HAL_Driver/Src/stm32l4xx_hal_pcd.c ****   return HAL_OK;
2387:Drivers/STM32L4xx_HAL_Driver/Src/stm32l4xx_hal_pcd.c **** }
2388:Drivers/STM32L4xx_HAL_Driver/Src/stm32l4xx_hal_pcd.c **** #endif /* defined (USB_OTG_FS) */
2389:Drivers/STM32L4xx_HAL_Driver/Src/stm32l4xx_hal_pcd.c **** 
2390:Drivers/STM32L4xx_HAL_Driver/Src/stm32l4xx_hal_pcd.c **** #if defined (USB)
2391:Drivers/STM32L4xx_HAL_Driver/Src/stm32l4xx_hal_pcd.c **** /**
2392:Drivers/STM32L4xx_HAL_Driver/Src/stm32l4xx_hal_pcd.c ****   * @brief  This function handles PCD Endpoint interrupt request.
2393:Drivers/STM32L4xx_HAL_Driver/Src/stm32l4xx_hal_pcd.c ****   * @param  hpcd PCD handle
2394:Drivers/STM32L4xx_HAL_Driver/Src/stm32l4xx_hal_pcd.c ****   * @retval HAL status
2395:Drivers/STM32L4xx_HAL_Driver/Src/stm32l4xx_hal_pcd.c ****   */
2396:Drivers/STM32L4xx_HAL_Driver/Src/stm32l4xx_hal_pcd.c **** static HAL_StatusTypeDef PCD_EP_ISR_Handler(PCD_HandleTypeDef *hpcd)
2397:Drivers/STM32L4xx_HAL_Driver/Src/stm32l4xx_hal_pcd.c **** {
2398:Drivers/STM32L4xx_HAL_Driver/Src/stm32l4xx_hal_pcd.c ****   PCD_EPTypeDef *ep;
2399:Drivers/STM32L4xx_HAL_Driver/Src/stm32l4xx_hal_pcd.c ****   uint16_t count;
2400:Drivers/STM32L4xx_HAL_Driver/Src/stm32l4xx_hal_pcd.c ****   uint16_t wIstr;
2401:Drivers/STM32L4xx_HAL_Driver/Src/stm32l4xx_hal_pcd.c ****   uint16_t wEPVal;
2402:Drivers/STM32L4xx_HAL_Driver/Src/stm32l4xx_hal_pcd.c ****   uint16_t TxPctSize;
2403:Drivers/STM32L4xx_HAL_Driver/Src/stm32l4xx_hal_pcd.c ****   uint8_t epindex;
2404:Drivers/STM32L4xx_HAL_Driver/Src/stm32l4xx_hal_pcd.c **** 
2405:Drivers/STM32L4xx_HAL_Driver/Src/stm32l4xx_hal_pcd.c **** #if (USE_USB_DOUBLE_BUFFER != 1U)
2406:Drivers/STM32L4xx_HAL_Driver/Src/stm32l4xx_hal_pcd.c ****   count = 0U;
2407:Drivers/STM32L4xx_HAL_Driver/Src/stm32l4xx_hal_pcd.c **** #endif /* USE_USB_DOUBLE_BUFFER */
2408:Drivers/STM32L4xx_HAL_Driver/Src/stm32l4xx_hal_pcd.c **** 
2409:Drivers/STM32L4xx_HAL_Driver/Src/stm32l4xx_hal_pcd.c ****   /* stay in loop while pending interrupts */
2410:Drivers/STM32L4xx_HAL_Driver/Src/stm32l4xx_hal_pcd.c ****   while ((hpcd->Instance->ISTR & USB_ISTR_CTR) != 0U)
2411:Drivers/STM32L4xx_HAL_Driver/Src/stm32l4xx_hal_pcd.c ****   {
2412:Drivers/STM32L4xx_HAL_Driver/Src/stm32l4xx_hal_pcd.c ****     wIstr = hpcd->Instance->ISTR;
2413:Drivers/STM32L4xx_HAL_Driver/Src/stm32l4xx_hal_pcd.c **** 
2414:Drivers/STM32L4xx_HAL_Driver/Src/stm32l4xx_hal_pcd.c ****     /* extract highest priority endpoint number */
2415:Drivers/STM32L4xx_HAL_Driver/Src/stm32l4xx_hal_pcd.c ****     epindex = (uint8_t)(wIstr & USB_ISTR_EP_ID);
2416:Drivers/STM32L4xx_HAL_Driver/Src/stm32l4xx_hal_pcd.c **** 
2417:Drivers/STM32L4xx_HAL_Driver/Src/stm32l4xx_hal_pcd.c ****     if (epindex == 0U)
2418:Drivers/STM32L4xx_HAL_Driver/Src/stm32l4xx_hal_pcd.c ****     {
2419:Drivers/STM32L4xx_HAL_Driver/Src/stm32l4xx_hal_pcd.c ****       /* Decode and service control endpoint interrupt */
2420:Drivers/STM32L4xx_HAL_Driver/Src/stm32l4xx_hal_pcd.c **** 
2421:Drivers/STM32L4xx_HAL_Driver/Src/stm32l4xx_hal_pcd.c ****       /* DIR bit = origin of the interrupt */
2422:Drivers/STM32L4xx_HAL_Driver/Src/stm32l4xx_hal_pcd.c ****       if ((wIstr & USB_ISTR_DIR) == 0U)
2423:Drivers/STM32L4xx_HAL_Driver/Src/stm32l4xx_hal_pcd.c ****       {
2424:Drivers/STM32L4xx_HAL_Driver/Src/stm32l4xx_hal_pcd.c ****         /* DIR = 0 */
ARM GAS  /tmp/ccGeOL5J.s 			page 44


2425:Drivers/STM32L4xx_HAL_Driver/Src/stm32l4xx_hal_pcd.c **** 
2426:Drivers/STM32L4xx_HAL_Driver/Src/stm32l4xx_hal_pcd.c ****         /* DIR = 0 => IN  int */
2427:Drivers/STM32L4xx_HAL_Driver/Src/stm32l4xx_hal_pcd.c ****         /* DIR = 0 implies that (EP_CTR_TX = 1) always */
2428:Drivers/STM32L4xx_HAL_Driver/Src/stm32l4xx_hal_pcd.c ****         PCD_CLEAR_TX_EP_CTR(hpcd->Instance, PCD_ENDP0);
2429:Drivers/STM32L4xx_HAL_Driver/Src/stm32l4xx_hal_pcd.c ****         ep = &hpcd->IN_ep[0];
2430:Drivers/STM32L4xx_HAL_Driver/Src/stm32l4xx_hal_pcd.c **** 
2431:Drivers/STM32L4xx_HAL_Driver/Src/stm32l4xx_hal_pcd.c ****         ep->xfer_count = PCD_GET_EP_TX_CNT(hpcd->Instance, ep->num);
2432:Drivers/STM32L4xx_HAL_Driver/Src/stm32l4xx_hal_pcd.c ****         ep->xfer_buff += ep->xfer_count;
2433:Drivers/STM32L4xx_HAL_Driver/Src/stm32l4xx_hal_pcd.c **** 
2434:Drivers/STM32L4xx_HAL_Driver/Src/stm32l4xx_hal_pcd.c ****         /* TX COMPLETE */
2435:Drivers/STM32L4xx_HAL_Driver/Src/stm32l4xx_hal_pcd.c **** #if (USE_HAL_PCD_REGISTER_CALLBACKS == 1U)
2436:Drivers/STM32L4xx_HAL_Driver/Src/stm32l4xx_hal_pcd.c ****         hpcd->DataInStageCallback(hpcd, 0U);
2437:Drivers/STM32L4xx_HAL_Driver/Src/stm32l4xx_hal_pcd.c **** #else
2438:Drivers/STM32L4xx_HAL_Driver/Src/stm32l4xx_hal_pcd.c ****         HAL_PCD_DataInStageCallback(hpcd, 0U);
2439:Drivers/STM32L4xx_HAL_Driver/Src/stm32l4xx_hal_pcd.c **** #endif /* USE_HAL_PCD_REGISTER_CALLBACKS */
2440:Drivers/STM32L4xx_HAL_Driver/Src/stm32l4xx_hal_pcd.c **** 
2441:Drivers/STM32L4xx_HAL_Driver/Src/stm32l4xx_hal_pcd.c ****         if ((hpcd->USB_Address > 0U) && (ep->xfer_len == 0U))
2442:Drivers/STM32L4xx_HAL_Driver/Src/stm32l4xx_hal_pcd.c ****         {
2443:Drivers/STM32L4xx_HAL_Driver/Src/stm32l4xx_hal_pcd.c ****           hpcd->Instance->DADDR = ((uint16_t)hpcd->USB_Address | USB_DADDR_EF);
2444:Drivers/STM32L4xx_HAL_Driver/Src/stm32l4xx_hal_pcd.c ****           hpcd->USB_Address = 0U;
2445:Drivers/STM32L4xx_HAL_Driver/Src/stm32l4xx_hal_pcd.c ****         }
2446:Drivers/STM32L4xx_HAL_Driver/Src/stm32l4xx_hal_pcd.c ****       }
2447:Drivers/STM32L4xx_HAL_Driver/Src/stm32l4xx_hal_pcd.c ****       else
2448:Drivers/STM32L4xx_HAL_Driver/Src/stm32l4xx_hal_pcd.c ****       {
2449:Drivers/STM32L4xx_HAL_Driver/Src/stm32l4xx_hal_pcd.c ****         /* DIR = 1 */
2450:Drivers/STM32L4xx_HAL_Driver/Src/stm32l4xx_hal_pcd.c **** 
2451:Drivers/STM32L4xx_HAL_Driver/Src/stm32l4xx_hal_pcd.c ****         /* DIR = 1 & CTR_RX => SETUP or OUT int */
2452:Drivers/STM32L4xx_HAL_Driver/Src/stm32l4xx_hal_pcd.c ****         /* DIR = 1 & (CTR_TX | CTR_RX) => 2 int pending */
2453:Drivers/STM32L4xx_HAL_Driver/Src/stm32l4xx_hal_pcd.c ****         ep = &hpcd->OUT_ep[0];
2454:Drivers/STM32L4xx_HAL_Driver/Src/stm32l4xx_hal_pcd.c ****         wEPVal = PCD_GET_ENDPOINT(hpcd->Instance, PCD_ENDP0);
2455:Drivers/STM32L4xx_HAL_Driver/Src/stm32l4xx_hal_pcd.c **** 
2456:Drivers/STM32L4xx_HAL_Driver/Src/stm32l4xx_hal_pcd.c ****         if ((wEPVal & USB_EP_SETUP) != 0U)
2457:Drivers/STM32L4xx_HAL_Driver/Src/stm32l4xx_hal_pcd.c ****         {
2458:Drivers/STM32L4xx_HAL_Driver/Src/stm32l4xx_hal_pcd.c ****           /* Get SETUP Packet */
2459:Drivers/STM32L4xx_HAL_Driver/Src/stm32l4xx_hal_pcd.c ****           ep->xfer_count = PCD_GET_EP_RX_CNT(hpcd->Instance, ep->num);
2460:Drivers/STM32L4xx_HAL_Driver/Src/stm32l4xx_hal_pcd.c **** 
2461:Drivers/STM32L4xx_HAL_Driver/Src/stm32l4xx_hal_pcd.c ****           if (ep->xfer_count != 8U)
2462:Drivers/STM32L4xx_HAL_Driver/Src/stm32l4xx_hal_pcd.c ****           {
2463:Drivers/STM32L4xx_HAL_Driver/Src/stm32l4xx_hal_pcd.c ****             /* Set Stall condition for EP0 IN/OUT */
2464:Drivers/STM32L4xx_HAL_Driver/Src/stm32l4xx_hal_pcd.c ****             PCD_SET_EP_RX_STATUS(hpcd->Instance, PCD_ENDP0, USB_EP_RX_STALL);
2465:Drivers/STM32L4xx_HAL_Driver/Src/stm32l4xx_hal_pcd.c ****             PCD_SET_EP_TX_STATUS(hpcd->Instance, PCD_ENDP0, USB_EP_TX_STALL);
2466:Drivers/STM32L4xx_HAL_Driver/Src/stm32l4xx_hal_pcd.c **** 
2467:Drivers/STM32L4xx_HAL_Driver/Src/stm32l4xx_hal_pcd.c ****             /* SETUP bit kept frozen while CTR_RX = 1 */
2468:Drivers/STM32L4xx_HAL_Driver/Src/stm32l4xx_hal_pcd.c ****             PCD_CLEAR_RX_EP_CTR(hpcd->Instance, PCD_ENDP0);
2469:Drivers/STM32L4xx_HAL_Driver/Src/stm32l4xx_hal_pcd.c **** 
2470:Drivers/STM32L4xx_HAL_Driver/Src/stm32l4xx_hal_pcd.c ****             return HAL_OK;
2471:Drivers/STM32L4xx_HAL_Driver/Src/stm32l4xx_hal_pcd.c ****           }
2472:Drivers/STM32L4xx_HAL_Driver/Src/stm32l4xx_hal_pcd.c **** 
2473:Drivers/STM32L4xx_HAL_Driver/Src/stm32l4xx_hal_pcd.c ****           USB_ReadPMA(hpcd->Instance, (uint8_t *)hpcd->Setup,
2474:Drivers/STM32L4xx_HAL_Driver/Src/stm32l4xx_hal_pcd.c ****                       ep->pmaadress, (uint16_t)ep->xfer_count);
2475:Drivers/STM32L4xx_HAL_Driver/Src/stm32l4xx_hal_pcd.c **** 
2476:Drivers/STM32L4xx_HAL_Driver/Src/stm32l4xx_hal_pcd.c ****           /* SETUP bit kept frozen while CTR_RX = 1 */
2477:Drivers/STM32L4xx_HAL_Driver/Src/stm32l4xx_hal_pcd.c ****           PCD_CLEAR_RX_EP_CTR(hpcd->Instance, PCD_ENDP0);
2478:Drivers/STM32L4xx_HAL_Driver/Src/stm32l4xx_hal_pcd.c **** 
2479:Drivers/STM32L4xx_HAL_Driver/Src/stm32l4xx_hal_pcd.c ****           /* Process SETUP Packet*/
2480:Drivers/STM32L4xx_HAL_Driver/Src/stm32l4xx_hal_pcd.c **** #if (USE_HAL_PCD_REGISTER_CALLBACKS == 1U)
2481:Drivers/STM32L4xx_HAL_Driver/Src/stm32l4xx_hal_pcd.c ****           hpcd->SetupStageCallback(hpcd);
ARM GAS  /tmp/ccGeOL5J.s 			page 45


2482:Drivers/STM32L4xx_HAL_Driver/Src/stm32l4xx_hal_pcd.c **** #else
2483:Drivers/STM32L4xx_HAL_Driver/Src/stm32l4xx_hal_pcd.c ****           HAL_PCD_SetupStageCallback(hpcd);
2484:Drivers/STM32L4xx_HAL_Driver/Src/stm32l4xx_hal_pcd.c **** #endif /* USE_HAL_PCD_REGISTER_CALLBACKS */
2485:Drivers/STM32L4xx_HAL_Driver/Src/stm32l4xx_hal_pcd.c ****         }
2486:Drivers/STM32L4xx_HAL_Driver/Src/stm32l4xx_hal_pcd.c ****         else if ((wEPVal & USB_EP_CTR_RX) != 0U)
2487:Drivers/STM32L4xx_HAL_Driver/Src/stm32l4xx_hal_pcd.c ****         {
2488:Drivers/STM32L4xx_HAL_Driver/Src/stm32l4xx_hal_pcd.c ****           PCD_CLEAR_RX_EP_CTR(hpcd->Instance, PCD_ENDP0);
2489:Drivers/STM32L4xx_HAL_Driver/Src/stm32l4xx_hal_pcd.c **** 
2490:Drivers/STM32L4xx_HAL_Driver/Src/stm32l4xx_hal_pcd.c ****           /* Get Control Data OUT Packet */
2491:Drivers/STM32L4xx_HAL_Driver/Src/stm32l4xx_hal_pcd.c ****           ep->xfer_count = PCD_GET_EP_RX_CNT(hpcd->Instance, ep->num);
2492:Drivers/STM32L4xx_HAL_Driver/Src/stm32l4xx_hal_pcd.c **** 
2493:Drivers/STM32L4xx_HAL_Driver/Src/stm32l4xx_hal_pcd.c ****           if (ep->xfer_count == 0U)
2494:Drivers/STM32L4xx_HAL_Driver/Src/stm32l4xx_hal_pcd.c ****           {
2495:Drivers/STM32L4xx_HAL_Driver/Src/stm32l4xx_hal_pcd.c ****             /* Status phase re-arm for next setup */
2496:Drivers/STM32L4xx_HAL_Driver/Src/stm32l4xx_hal_pcd.c ****             PCD_SET_EP_RX_STATUS(hpcd->Instance, PCD_ENDP0, USB_EP_RX_VALID);
2497:Drivers/STM32L4xx_HAL_Driver/Src/stm32l4xx_hal_pcd.c ****           }
2498:Drivers/STM32L4xx_HAL_Driver/Src/stm32l4xx_hal_pcd.c ****           else
2499:Drivers/STM32L4xx_HAL_Driver/Src/stm32l4xx_hal_pcd.c ****           {
2500:Drivers/STM32L4xx_HAL_Driver/Src/stm32l4xx_hal_pcd.c ****             if (ep->xfer_buff != 0U)
2501:Drivers/STM32L4xx_HAL_Driver/Src/stm32l4xx_hal_pcd.c ****             {
2502:Drivers/STM32L4xx_HAL_Driver/Src/stm32l4xx_hal_pcd.c ****               USB_ReadPMA(hpcd->Instance, ep->xfer_buff,
2503:Drivers/STM32L4xx_HAL_Driver/Src/stm32l4xx_hal_pcd.c ****                           ep->pmaadress, (uint16_t)ep->xfer_count);  /* max 64bytes */
2504:Drivers/STM32L4xx_HAL_Driver/Src/stm32l4xx_hal_pcd.c **** 
2505:Drivers/STM32L4xx_HAL_Driver/Src/stm32l4xx_hal_pcd.c ****               ep->xfer_buff += ep->xfer_count;
2506:Drivers/STM32L4xx_HAL_Driver/Src/stm32l4xx_hal_pcd.c **** 
2507:Drivers/STM32L4xx_HAL_Driver/Src/stm32l4xx_hal_pcd.c ****               /* Process Control Data OUT Packet */
2508:Drivers/STM32L4xx_HAL_Driver/Src/stm32l4xx_hal_pcd.c **** #if (USE_HAL_PCD_REGISTER_CALLBACKS == 1U)
2509:Drivers/STM32L4xx_HAL_Driver/Src/stm32l4xx_hal_pcd.c ****               hpcd->DataOutStageCallback(hpcd, 0U);
2510:Drivers/STM32L4xx_HAL_Driver/Src/stm32l4xx_hal_pcd.c **** #else
2511:Drivers/STM32L4xx_HAL_Driver/Src/stm32l4xx_hal_pcd.c ****               HAL_PCD_DataOutStageCallback(hpcd, 0U);
2512:Drivers/STM32L4xx_HAL_Driver/Src/stm32l4xx_hal_pcd.c **** #endif /* USE_HAL_PCD_REGISTER_CALLBACKS */
2513:Drivers/STM32L4xx_HAL_Driver/Src/stm32l4xx_hal_pcd.c ****             }
2514:Drivers/STM32L4xx_HAL_Driver/Src/stm32l4xx_hal_pcd.c ****           }
2515:Drivers/STM32L4xx_HAL_Driver/Src/stm32l4xx_hal_pcd.c ****         }
2516:Drivers/STM32L4xx_HAL_Driver/Src/stm32l4xx_hal_pcd.c ****       }
2517:Drivers/STM32L4xx_HAL_Driver/Src/stm32l4xx_hal_pcd.c ****     }
2518:Drivers/STM32L4xx_HAL_Driver/Src/stm32l4xx_hal_pcd.c ****     else
2519:Drivers/STM32L4xx_HAL_Driver/Src/stm32l4xx_hal_pcd.c ****     {
2520:Drivers/STM32L4xx_HAL_Driver/Src/stm32l4xx_hal_pcd.c ****       /* Decode and service non control endpoints interrupt */
2521:Drivers/STM32L4xx_HAL_Driver/Src/stm32l4xx_hal_pcd.c ****       /* process related endpoint register */
2522:Drivers/STM32L4xx_HAL_Driver/Src/stm32l4xx_hal_pcd.c ****       wEPVal = PCD_GET_ENDPOINT(hpcd->Instance, epindex);
2523:Drivers/STM32L4xx_HAL_Driver/Src/stm32l4xx_hal_pcd.c **** 
2524:Drivers/STM32L4xx_HAL_Driver/Src/stm32l4xx_hal_pcd.c ****       if ((wEPVal & USB_EP_CTR_RX) != 0U)
2525:Drivers/STM32L4xx_HAL_Driver/Src/stm32l4xx_hal_pcd.c ****       {
2526:Drivers/STM32L4xx_HAL_Driver/Src/stm32l4xx_hal_pcd.c ****         /* clear int flag */
2527:Drivers/STM32L4xx_HAL_Driver/Src/stm32l4xx_hal_pcd.c ****         PCD_CLEAR_RX_EP_CTR(hpcd->Instance, epindex);
2528:Drivers/STM32L4xx_HAL_Driver/Src/stm32l4xx_hal_pcd.c ****         ep = &hpcd->OUT_ep[epindex];
2529:Drivers/STM32L4xx_HAL_Driver/Src/stm32l4xx_hal_pcd.c **** 
2530:Drivers/STM32L4xx_HAL_Driver/Src/stm32l4xx_hal_pcd.c ****         /* OUT Single Buffering */
2531:Drivers/STM32L4xx_HAL_Driver/Src/stm32l4xx_hal_pcd.c ****         if (ep->doublebuffer == 0U)
2532:Drivers/STM32L4xx_HAL_Driver/Src/stm32l4xx_hal_pcd.c ****         {
2533:Drivers/STM32L4xx_HAL_Driver/Src/stm32l4xx_hal_pcd.c ****           count = (uint16_t)PCD_GET_EP_RX_CNT(hpcd->Instance, ep->num);
2534:Drivers/STM32L4xx_HAL_Driver/Src/stm32l4xx_hal_pcd.c **** 
2535:Drivers/STM32L4xx_HAL_Driver/Src/stm32l4xx_hal_pcd.c ****           if (count != 0U)
2536:Drivers/STM32L4xx_HAL_Driver/Src/stm32l4xx_hal_pcd.c ****           {
2537:Drivers/STM32L4xx_HAL_Driver/Src/stm32l4xx_hal_pcd.c ****             USB_ReadPMA(hpcd->Instance, ep->xfer_buff, ep->pmaadress, count);
2538:Drivers/STM32L4xx_HAL_Driver/Src/stm32l4xx_hal_pcd.c ****           }
ARM GAS  /tmp/ccGeOL5J.s 			page 46


2539:Drivers/STM32L4xx_HAL_Driver/Src/stm32l4xx_hal_pcd.c ****         }
2540:Drivers/STM32L4xx_HAL_Driver/Src/stm32l4xx_hal_pcd.c **** #if (USE_USB_DOUBLE_BUFFER == 1U)
2541:Drivers/STM32L4xx_HAL_Driver/Src/stm32l4xx_hal_pcd.c ****         else
2542:Drivers/STM32L4xx_HAL_Driver/Src/stm32l4xx_hal_pcd.c ****         {
2543:Drivers/STM32L4xx_HAL_Driver/Src/stm32l4xx_hal_pcd.c ****           /* manage double buffer bulk out */
2544:Drivers/STM32L4xx_HAL_Driver/Src/stm32l4xx_hal_pcd.c ****           if (ep->type == EP_TYPE_BULK)
2545:Drivers/STM32L4xx_HAL_Driver/Src/stm32l4xx_hal_pcd.c ****           {
2546:Drivers/STM32L4xx_HAL_Driver/Src/stm32l4xx_hal_pcd.c ****             count = HAL_PCD_EP_DB_Receive(hpcd, ep, wEPVal);
2547:Drivers/STM32L4xx_HAL_Driver/Src/stm32l4xx_hal_pcd.c ****           }
2548:Drivers/STM32L4xx_HAL_Driver/Src/stm32l4xx_hal_pcd.c ****           else /* manage double buffer iso out */
2549:Drivers/STM32L4xx_HAL_Driver/Src/stm32l4xx_hal_pcd.c ****           {
2550:Drivers/STM32L4xx_HAL_Driver/Src/stm32l4xx_hal_pcd.c ****             /* free EP OUT Buffer */
2551:Drivers/STM32L4xx_HAL_Driver/Src/stm32l4xx_hal_pcd.c ****             PCD_FREE_USER_BUFFER(hpcd->Instance, ep->num, 0U);
2552:Drivers/STM32L4xx_HAL_Driver/Src/stm32l4xx_hal_pcd.c **** 
2553:Drivers/STM32L4xx_HAL_Driver/Src/stm32l4xx_hal_pcd.c ****             if ((PCD_GET_ENDPOINT(hpcd->Instance, ep->num) & USB_EP_DTOG_RX) != 0U)
2554:Drivers/STM32L4xx_HAL_Driver/Src/stm32l4xx_hal_pcd.c ****             {
2555:Drivers/STM32L4xx_HAL_Driver/Src/stm32l4xx_hal_pcd.c ****               /* read from endpoint BUF0Addr buffer */
2556:Drivers/STM32L4xx_HAL_Driver/Src/stm32l4xx_hal_pcd.c ****               count = (uint16_t)PCD_GET_EP_DBUF0_CNT(hpcd->Instance, ep->num);
2557:Drivers/STM32L4xx_HAL_Driver/Src/stm32l4xx_hal_pcd.c **** 
2558:Drivers/STM32L4xx_HAL_Driver/Src/stm32l4xx_hal_pcd.c ****               if (count != 0U)
2559:Drivers/STM32L4xx_HAL_Driver/Src/stm32l4xx_hal_pcd.c ****               {
2560:Drivers/STM32L4xx_HAL_Driver/Src/stm32l4xx_hal_pcd.c ****                 USB_ReadPMA(hpcd->Instance, ep->xfer_buff, ep->pmaaddr0, count);
2561:Drivers/STM32L4xx_HAL_Driver/Src/stm32l4xx_hal_pcd.c ****               }
2562:Drivers/STM32L4xx_HAL_Driver/Src/stm32l4xx_hal_pcd.c ****             }
2563:Drivers/STM32L4xx_HAL_Driver/Src/stm32l4xx_hal_pcd.c ****             else
2564:Drivers/STM32L4xx_HAL_Driver/Src/stm32l4xx_hal_pcd.c ****             {
2565:Drivers/STM32L4xx_HAL_Driver/Src/stm32l4xx_hal_pcd.c ****               /* read from endpoint BUF1Addr buffer */
2566:Drivers/STM32L4xx_HAL_Driver/Src/stm32l4xx_hal_pcd.c ****               count = (uint16_t)PCD_GET_EP_DBUF1_CNT(hpcd->Instance, ep->num);
2567:Drivers/STM32L4xx_HAL_Driver/Src/stm32l4xx_hal_pcd.c **** 
2568:Drivers/STM32L4xx_HAL_Driver/Src/stm32l4xx_hal_pcd.c ****               if (count != 0U)
2569:Drivers/STM32L4xx_HAL_Driver/Src/stm32l4xx_hal_pcd.c ****               {
2570:Drivers/STM32L4xx_HAL_Driver/Src/stm32l4xx_hal_pcd.c ****                 USB_ReadPMA(hpcd->Instance, ep->xfer_buff, ep->pmaaddr1, count);
2571:Drivers/STM32L4xx_HAL_Driver/Src/stm32l4xx_hal_pcd.c ****               }
2572:Drivers/STM32L4xx_HAL_Driver/Src/stm32l4xx_hal_pcd.c ****             }
2573:Drivers/STM32L4xx_HAL_Driver/Src/stm32l4xx_hal_pcd.c ****           }
2574:Drivers/STM32L4xx_HAL_Driver/Src/stm32l4xx_hal_pcd.c ****         }
2575:Drivers/STM32L4xx_HAL_Driver/Src/stm32l4xx_hal_pcd.c **** #endif /* (USE_USB_DOUBLE_BUFFER == 1U) */
2576:Drivers/STM32L4xx_HAL_Driver/Src/stm32l4xx_hal_pcd.c **** 
2577:Drivers/STM32L4xx_HAL_Driver/Src/stm32l4xx_hal_pcd.c ****         /* multi-packet on the NON control OUT endpoint */
2578:Drivers/STM32L4xx_HAL_Driver/Src/stm32l4xx_hal_pcd.c ****         ep->xfer_count += count;
2579:Drivers/STM32L4xx_HAL_Driver/Src/stm32l4xx_hal_pcd.c **** 
2580:Drivers/STM32L4xx_HAL_Driver/Src/stm32l4xx_hal_pcd.c ****         if ((ep->xfer_len == 0U) || (count < ep->maxpacket))
2581:Drivers/STM32L4xx_HAL_Driver/Src/stm32l4xx_hal_pcd.c ****         {
2582:Drivers/STM32L4xx_HAL_Driver/Src/stm32l4xx_hal_pcd.c ****           /* RX COMPLETE */
2583:Drivers/STM32L4xx_HAL_Driver/Src/stm32l4xx_hal_pcd.c **** #if (USE_HAL_PCD_REGISTER_CALLBACKS == 1U)
2584:Drivers/STM32L4xx_HAL_Driver/Src/stm32l4xx_hal_pcd.c ****           hpcd->DataOutStageCallback(hpcd, ep->num);
2585:Drivers/STM32L4xx_HAL_Driver/Src/stm32l4xx_hal_pcd.c **** #else
2586:Drivers/STM32L4xx_HAL_Driver/Src/stm32l4xx_hal_pcd.c ****           HAL_PCD_DataOutStageCallback(hpcd, ep->num);
2587:Drivers/STM32L4xx_HAL_Driver/Src/stm32l4xx_hal_pcd.c **** #endif /* USE_HAL_PCD_REGISTER_CALLBACKS */
2588:Drivers/STM32L4xx_HAL_Driver/Src/stm32l4xx_hal_pcd.c ****         }
2589:Drivers/STM32L4xx_HAL_Driver/Src/stm32l4xx_hal_pcd.c ****         else
2590:Drivers/STM32L4xx_HAL_Driver/Src/stm32l4xx_hal_pcd.c ****         {
2591:Drivers/STM32L4xx_HAL_Driver/Src/stm32l4xx_hal_pcd.c ****           ep->xfer_buff += count;
2592:Drivers/STM32L4xx_HAL_Driver/Src/stm32l4xx_hal_pcd.c ****           (void)USB_EPStartXfer(hpcd->Instance, ep);
2593:Drivers/STM32L4xx_HAL_Driver/Src/stm32l4xx_hal_pcd.c ****         }
2594:Drivers/STM32L4xx_HAL_Driver/Src/stm32l4xx_hal_pcd.c ****       }
2595:Drivers/STM32L4xx_HAL_Driver/Src/stm32l4xx_hal_pcd.c **** 
ARM GAS  /tmp/ccGeOL5J.s 			page 47


2596:Drivers/STM32L4xx_HAL_Driver/Src/stm32l4xx_hal_pcd.c ****       if ((wEPVal & USB_EP_CTR_TX) != 0U)
2597:Drivers/STM32L4xx_HAL_Driver/Src/stm32l4xx_hal_pcd.c ****       {
2598:Drivers/STM32L4xx_HAL_Driver/Src/stm32l4xx_hal_pcd.c ****         ep = &hpcd->IN_ep[epindex];
2599:Drivers/STM32L4xx_HAL_Driver/Src/stm32l4xx_hal_pcd.c **** 
2600:Drivers/STM32L4xx_HAL_Driver/Src/stm32l4xx_hal_pcd.c ****         /* clear int flag */
2601:Drivers/STM32L4xx_HAL_Driver/Src/stm32l4xx_hal_pcd.c ****         PCD_CLEAR_TX_EP_CTR(hpcd->Instance, epindex);
2602:Drivers/STM32L4xx_HAL_Driver/Src/stm32l4xx_hal_pcd.c **** 
2603:Drivers/STM32L4xx_HAL_Driver/Src/stm32l4xx_hal_pcd.c ****         if (ep->type == EP_TYPE_ISOC)
2604:Drivers/STM32L4xx_HAL_Driver/Src/stm32l4xx_hal_pcd.c ****         {
2605:Drivers/STM32L4xx_HAL_Driver/Src/stm32l4xx_hal_pcd.c ****           ep->xfer_len = 0U;
2606:Drivers/STM32L4xx_HAL_Driver/Src/stm32l4xx_hal_pcd.c **** 
2607:Drivers/STM32L4xx_HAL_Driver/Src/stm32l4xx_hal_pcd.c **** #if (USE_USB_DOUBLE_BUFFER == 1U)
2608:Drivers/STM32L4xx_HAL_Driver/Src/stm32l4xx_hal_pcd.c ****           if (ep->doublebuffer != 0U)
2609:Drivers/STM32L4xx_HAL_Driver/Src/stm32l4xx_hal_pcd.c ****           {
2610:Drivers/STM32L4xx_HAL_Driver/Src/stm32l4xx_hal_pcd.c ****             if ((wEPVal & USB_EP_DTOG_TX) != 0U)
2611:Drivers/STM32L4xx_HAL_Driver/Src/stm32l4xx_hal_pcd.c ****             {
2612:Drivers/STM32L4xx_HAL_Driver/Src/stm32l4xx_hal_pcd.c ****               PCD_SET_EP_DBUF0_CNT(hpcd->Instance, ep->num, ep->is_in, 0U);
2613:Drivers/STM32L4xx_HAL_Driver/Src/stm32l4xx_hal_pcd.c ****             }
2614:Drivers/STM32L4xx_HAL_Driver/Src/stm32l4xx_hal_pcd.c ****             else
2615:Drivers/STM32L4xx_HAL_Driver/Src/stm32l4xx_hal_pcd.c ****             {
2616:Drivers/STM32L4xx_HAL_Driver/Src/stm32l4xx_hal_pcd.c ****               PCD_SET_EP_DBUF1_CNT(hpcd->Instance, ep->num, ep->is_in, 0U);
2617:Drivers/STM32L4xx_HAL_Driver/Src/stm32l4xx_hal_pcd.c ****             }
2618:Drivers/STM32L4xx_HAL_Driver/Src/stm32l4xx_hal_pcd.c ****           }
2619:Drivers/STM32L4xx_HAL_Driver/Src/stm32l4xx_hal_pcd.c **** #endif /* (USE_USB_DOUBLE_BUFFER == 1U) */
2620:Drivers/STM32L4xx_HAL_Driver/Src/stm32l4xx_hal_pcd.c **** 
2621:Drivers/STM32L4xx_HAL_Driver/Src/stm32l4xx_hal_pcd.c ****           /* TX COMPLETE */
2622:Drivers/STM32L4xx_HAL_Driver/Src/stm32l4xx_hal_pcd.c **** #if (USE_HAL_PCD_REGISTER_CALLBACKS == 1U)
2623:Drivers/STM32L4xx_HAL_Driver/Src/stm32l4xx_hal_pcd.c ****           hpcd->DataInStageCallback(hpcd, ep->num);
2624:Drivers/STM32L4xx_HAL_Driver/Src/stm32l4xx_hal_pcd.c **** #else
2625:Drivers/STM32L4xx_HAL_Driver/Src/stm32l4xx_hal_pcd.c ****           HAL_PCD_DataInStageCallback(hpcd, ep->num);
2626:Drivers/STM32L4xx_HAL_Driver/Src/stm32l4xx_hal_pcd.c **** #endif /* USE_HAL_PCD_REGISTER_CALLBACKS */
2627:Drivers/STM32L4xx_HAL_Driver/Src/stm32l4xx_hal_pcd.c ****         }
2628:Drivers/STM32L4xx_HAL_Driver/Src/stm32l4xx_hal_pcd.c ****         else
2629:Drivers/STM32L4xx_HAL_Driver/Src/stm32l4xx_hal_pcd.c ****         {
2630:Drivers/STM32L4xx_HAL_Driver/Src/stm32l4xx_hal_pcd.c ****           /* Manage Single Buffer Transaction */
2631:Drivers/STM32L4xx_HAL_Driver/Src/stm32l4xx_hal_pcd.c ****           if ((wEPVal & USB_EP_KIND) == 0U)
2632:Drivers/STM32L4xx_HAL_Driver/Src/stm32l4xx_hal_pcd.c ****           {
2633:Drivers/STM32L4xx_HAL_Driver/Src/stm32l4xx_hal_pcd.c ****             /* Multi-packet on the NON control IN endpoint */
2634:Drivers/STM32L4xx_HAL_Driver/Src/stm32l4xx_hal_pcd.c ****             TxPctSize = (uint16_t)PCD_GET_EP_TX_CNT(hpcd->Instance, ep->num);
2635:Drivers/STM32L4xx_HAL_Driver/Src/stm32l4xx_hal_pcd.c **** 
2636:Drivers/STM32L4xx_HAL_Driver/Src/stm32l4xx_hal_pcd.c ****             if (ep->xfer_len > TxPctSize)
2637:Drivers/STM32L4xx_HAL_Driver/Src/stm32l4xx_hal_pcd.c ****             {
2638:Drivers/STM32L4xx_HAL_Driver/Src/stm32l4xx_hal_pcd.c ****               ep->xfer_len -= TxPctSize;
2639:Drivers/STM32L4xx_HAL_Driver/Src/stm32l4xx_hal_pcd.c ****             }
2640:Drivers/STM32L4xx_HAL_Driver/Src/stm32l4xx_hal_pcd.c ****             else
2641:Drivers/STM32L4xx_HAL_Driver/Src/stm32l4xx_hal_pcd.c ****             {
2642:Drivers/STM32L4xx_HAL_Driver/Src/stm32l4xx_hal_pcd.c ****               ep->xfer_len = 0U;
2643:Drivers/STM32L4xx_HAL_Driver/Src/stm32l4xx_hal_pcd.c ****             }
2644:Drivers/STM32L4xx_HAL_Driver/Src/stm32l4xx_hal_pcd.c **** 
2645:Drivers/STM32L4xx_HAL_Driver/Src/stm32l4xx_hal_pcd.c ****             /* Zero Length Packet? */
2646:Drivers/STM32L4xx_HAL_Driver/Src/stm32l4xx_hal_pcd.c ****             if (ep->xfer_len == 0U)
2647:Drivers/STM32L4xx_HAL_Driver/Src/stm32l4xx_hal_pcd.c ****             {
2648:Drivers/STM32L4xx_HAL_Driver/Src/stm32l4xx_hal_pcd.c ****               /* TX COMPLETE */
2649:Drivers/STM32L4xx_HAL_Driver/Src/stm32l4xx_hal_pcd.c **** #if (USE_HAL_PCD_REGISTER_CALLBACKS == 1U)
2650:Drivers/STM32L4xx_HAL_Driver/Src/stm32l4xx_hal_pcd.c ****               hpcd->DataInStageCallback(hpcd, ep->num);
2651:Drivers/STM32L4xx_HAL_Driver/Src/stm32l4xx_hal_pcd.c **** #else
2652:Drivers/STM32L4xx_HAL_Driver/Src/stm32l4xx_hal_pcd.c ****               HAL_PCD_DataInStageCallback(hpcd, ep->num);
ARM GAS  /tmp/ccGeOL5J.s 			page 48


2653:Drivers/STM32L4xx_HAL_Driver/Src/stm32l4xx_hal_pcd.c **** #endif /* USE_HAL_PCD_REGISTER_CALLBACKS */
2654:Drivers/STM32L4xx_HAL_Driver/Src/stm32l4xx_hal_pcd.c ****             }
2655:Drivers/STM32L4xx_HAL_Driver/Src/stm32l4xx_hal_pcd.c ****             else
2656:Drivers/STM32L4xx_HAL_Driver/Src/stm32l4xx_hal_pcd.c ****             {
2657:Drivers/STM32L4xx_HAL_Driver/Src/stm32l4xx_hal_pcd.c ****               /* Transfer is not yet Done */
2658:Drivers/STM32L4xx_HAL_Driver/Src/stm32l4xx_hal_pcd.c ****               ep->xfer_buff += TxPctSize;
2659:Drivers/STM32L4xx_HAL_Driver/Src/stm32l4xx_hal_pcd.c ****               ep->xfer_count += TxPctSize;
2660:Drivers/STM32L4xx_HAL_Driver/Src/stm32l4xx_hal_pcd.c ****               (void)USB_EPStartXfer(hpcd->Instance, ep);
2661:Drivers/STM32L4xx_HAL_Driver/Src/stm32l4xx_hal_pcd.c ****             }
2662:Drivers/STM32L4xx_HAL_Driver/Src/stm32l4xx_hal_pcd.c ****           }
2663:Drivers/STM32L4xx_HAL_Driver/Src/stm32l4xx_hal_pcd.c **** #if (USE_USB_DOUBLE_BUFFER == 1U)
2664:Drivers/STM32L4xx_HAL_Driver/Src/stm32l4xx_hal_pcd.c ****           /* Double Buffer bulk IN (bulk transfer Len > Ep_Mps) */
2665:Drivers/STM32L4xx_HAL_Driver/Src/stm32l4xx_hal_pcd.c ****           else
2666:Drivers/STM32L4xx_HAL_Driver/Src/stm32l4xx_hal_pcd.c ****           {
2667:Drivers/STM32L4xx_HAL_Driver/Src/stm32l4xx_hal_pcd.c ****             (void)HAL_PCD_EP_DB_Transmit(hpcd, ep, wEPVal);
2668:Drivers/STM32L4xx_HAL_Driver/Src/stm32l4xx_hal_pcd.c ****           }
2669:Drivers/STM32L4xx_HAL_Driver/Src/stm32l4xx_hal_pcd.c **** #endif /* (USE_USB_DOUBLE_BUFFER == 1U) */
2670:Drivers/STM32L4xx_HAL_Driver/Src/stm32l4xx_hal_pcd.c ****         }
2671:Drivers/STM32L4xx_HAL_Driver/Src/stm32l4xx_hal_pcd.c ****       }
2672:Drivers/STM32L4xx_HAL_Driver/Src/stm32l4xx_hal_pcd.c ****     }
2673:Drivers/STM32L4xx_HAL_Driver/Src/stm32l4xx_hal_pcd.c ****   }
2674:Drivers/STM32L4xx_HAL_Driver/Src/stm32l4xx_hal_pcd.c **** 
2675:Drivers/STM32L4xx_HAL_Driver/Src/stm32l4xx_hal_pcd.c ****   return HAL_OK;
2676:Drivers/STM32L4xx_HAL_Driver/Src/stm32l4xx_hal_pcd.c **** }
2677:Drivers/STM32L4xx_HAL_Driver/Src/stm32l4xx_hal_pcd.c **** 
2678:Drivers/STM32L4xx_HAL_Driver/Src/stm32l4xx_hal_pcd.c **** 
2679:Drivers/STM32L4xx_HAL_Driver/Src/stm32l4xx_hal_pcd.c **** #if (USE_USB_DOUBLE_BUFFER == 1U)
2680:Drivers/STM32L4xx_HAL_Driver/Src/stm32l4xx_hal_pcd.c **** /**
2681:Drivers/STM32L4xx_HAL_Driver/Src/stm32l4xx_hal_pcd.c ****   * @brief  Manage double buffer bulk out transaction from ISR
2682:Drivers/STM32L4xx_HAL_Driver/Src/stm32l4xx_hal_pcd.c ****   * @param  hpcd PCD handle
2683:Drivers/STM32L4xx_HAL_Driver/Src/stm32l4xx_hal_pcd.c ****   * @param  ep current endpoint handle
2684:Drivers/STM32L4xx_HAL_Driver/Src/stm32l4xx_hal_pcd.c ****   * @param  wEPVal Last snapshot of EPRx register value taken in ISR
2685:Drivers/STM32L4xx_HAL_Driver/Src/stm32l4xx_hal_pcd.c ****   * @retval HAL status
2686:Drivers/STM32L4xx_HAL_Driver/Src/stm32l4xx_hal_pcd.c ****   */
2687:Drivers/STM32L4xx_HAL_Driver/Src/stm32l4xx_hal_pcd.c **** static uint16_t HAL_PCD_EP_DB_Receive(PCD_HandleTypeDef *hpcd,
2688:Drivers/STM32L4xx_HAL_Driver/Src/stm32l4xx_hal_pcd.c ****                                       PCD_EPTypeDef *ep, uint16_t wEPVal)
2689:Drivers/STM32L4xx_HAL_Driver/Src/stm32l4xx_hal_pcd.c **** {
  29              		.loc 1 2689 1 view -0
  30              		.cfi_startproc
  31              		@ args = 0, pretend = 0, frame = 0
  32              		@ frame_needed = 0, uses_anonymous_args = 0
  33              		.loc 1 2689 1 is_stmt 0 view .LVU1
  34 0000 38B5     		push	{r3, r4, r5, lr}
  35              	.LCFI0:
  36              		.cfi_def_cfa_offset 16
  37              		.cfi_offset 3, -16
  38              		.cfi_offset 4, -12
  39              		.cfi_offset 5, -8
  40              		.cfi_offset 14, -4
2690:Drivers/STM32L4xx_HAL_Driver/Src/stm32l4xx_hal_pcd.c ****   uint16_t count;
  41              		.loc 1 2690 3 is_stmt 1 view .LVU2
2691:Drivers/STM32L4xx_HAL_Driver/Src/stm32l4xx_hal_pcd.c **** 
2692:Drivers/STM32L4xx_HAL_Driver/Src/stm32l4xx_hal_pcd.c ****   /* Manage Buffer0 OUT */
2693:Drivers/STM32L4xx_HAL_Driver/Src/stm32l4xx_hal_pcd.c ****   if ((wEPVal & USB_EP_DTOG_RX) != 0U)
  42              		.loc 1 2693 3 view .LVU3
  43              		.loc 1 2693 6 is_stmt 0 view .LVU4
  44 0002 12F4804F 		tst	r2, #16384
ARM GAS  /tmp/ccGeOL5J.s 			page 49


  45 0006 43D0     		beq	.L2
2694:Drivers/STM32L4xx_HAL_Driver/Src/stm32l4xx_hal_pcd.c ****   {
2695:Drivers/STM32L4xx_HAL_Driver/Src/stm32l4xx_hal_pcd.c ****     /* Get count of received Data on buffer0 */
2696:Drivers/STM32L4xx_HAL_Driver/Src/stm32l4xx_hal_pcd.c ****     count = (uint16_t)PCD_GET_EP_DBUF0_CNT(hpcd->Instance, ep->num);
  46              		.loc 1 2696 5 is_stmt 1 view .LVU5
  47              		.loc 1 2696 23 is_stmt 0 view .LVU6
  48 0008 0468     		ldr	r4, [r0]
  49 000a B4F85030 		ldrh	r3, [r4, #80]
  50 000e 91F800C0 		ldrb	ip, [r1]	@ zero_extendqisi2
  51 0012 4FEACC0E 		lsl	lr, ip, #3
  52 0016 1EFA83F3 		uxtah	r3, lr, r3
  53 001a 2344     		add	r3, r3, r4
  54 001c B3F80244 		ldrh	r4, [r3, #1026]
  55              		.loc 1 2696 11 view .LVU7
  56 0020 C4F30904 		ubfx	r4, r4, #0, #10
  57              	.LVL1:
2697:Drivers/STM32L4xx_HAL_Driver/Src/stm32l4xx_hal_pcd.c **** 
2698:Drivers/STM32L4xx_HAL_Driver/Src/stm32l4xx_hal_pcd.c ****     if (ep->xfer_len >= count)
  58              		.loc 1 2698 5 is_stmt 1 view .LVU8
  59              		.loc 1 2698 11 is_stmt 0 view .LVU9
  60 0024 8B69     		ldr	r3, [r1, #24]
  61              		.loc 1 2698 8 view .LVU10
  62 0026 A342     		cmp	r3, r4
  63 0028 28D3     		bcc	.L3
2699:Drivers/STM32L4xx_HAL_Driver/Src/stm32l4xx_hal_pcd.c ****     {
2700:Drivers/STM32L4xx_HAL_Driver/Src/stm32l4xx_hal_pcd.c ****       ep->xfer_len -= count;
  64              		.loc 1 2700 7 is_stmt 1 view .LVU11
  65              		.loc 1 2700 20 is_stmt 0 view .LVU12
  66 002a 1B1B     		subs	r3, r3, r4
  67 002c 8B61     		str	r3, [r1, #24]
  68              	.L4:
2701:Drivers/STM32L4xx_HAL_Driver/Src/stm32l4xx_hal_pcd.c ****     }
2702:Drivers/STM32L4xx_HAL_Driver/Src/stm32l4xx_hal_pcd.c ****     else
2703:Drivers/STM32L4xx_HAL_Driver/Src/stm32l4xx_hal_pcd.c ****     {
2704:Drivers/STM32L4xx_HAL_Driver/Src/stm32l4xx_hal_pcd.c ****       ep->xfer_len = 0U;
2705:Drivers/STM32L4xx_HAL_Driver/Src/stm32l4xx_hal_pcd.c ****     }
2706:Drivers/STM32L4xx_HAL_Driver/Src/stm32l4xx_hal_pcd.c **** 
2707:Drivers/STM32L4xx_HAL_Driver/Src/stm32l4xx_hal_pcd.c ****     if (ep->xfer_len == 0U)
  69              		.loc 1 2707 5 is_stmt 1 view .LVU13
  70              		.loc 1 2707 11 is_stmt 0 view .LVU14
  71 002e 8B69     		ldr	r3, [r1, #24]
  72              		.loc 1 2707 8 view .LVU15
  73 0030 7BB9     		cbnz	r3, .L5
2708:Drivers/STM32L4xx_HAL_Driver/Src/stm32l4xx_hal_pcd.c ****     {
2709:Drivers/STM32L4xx_HAL_Driver/Src/stm32l4xx_hal_pcd.c ****       /* Set NAK to OUT endpoint since double buffer is enabled */
2710:Drivers/STM32L4xx_HAL_Driver/Src/stm32l4xx_hal_pcd.c ****       PCD_SET_EP_RX_STATUS(hpcd->Instance, ep->num, USB_EP_RX_NAK);
  74              		.loc 1 2710 7 is_stmt 1 view .LVU16
  75              	.LBB2:
  76              		.loc 1 2710 7 view .LVU17
  77              		.loc 1 2710 7 view .LVU18
  78 0032 0568     		ldr	r5, [r0]
  79 0034 35F82C30 		ldrh	r3, [r5, ip, lsl #2]
  80 0038 9BB2     		uxth	r3, r3
  81 003a 23F48043 		bic	r3, r3, #16384
  82 003e 23F07003 		bic	r3, r3, #112
  83              	.LVL2:
  84              		.loc 1 2710 7 view .LVU19
ARM GAS  /tmp/ccGeOL5J.s 			page 50


  85              		.loc 1 2710 7 discriminator 3 view .LVU20
  86              		.loc 1 2710 7 discriminator 4 view .LVU21
  87 0042 83F40053 		eor	r3, r3, #8192
  88              	.LVL3:
  89              		.loc 1 2710 7 discriminator 6 view .LVU22
  90 0046 43F40043 		orr	r3, r3, #32768
  91              	.LVL4:
  92              		.loc 1 2710 7 is_stmt 0 discriminator 6 view .LVU23
  93 004a 43F08003 		orr	r3, r3, #128
  94 004e 25F82C30 		strh	r3, [r5, ip, lsl #2]	@ movhi
  95              	.LVL5:
  96              	.L5:
  97              		.loc 1 2710 7 discriminator 6 view .LVU24
  98              	.LBE2:
  99              		.loc 1 2710 7 is_stmt 1 discriminator 7 view .LVU25
2711:Drivers/STM32L4xx_HAL_Driver/Src/stm32l4xx_hal_pcd.c ****     }
2712:Drivers/STM32L4xx_HAL_Driver/Src/stm32l4xx_hal_pcd.c **** 
2713:Drivers/STM32L4xx_HAL_Driver/Src/stm32l4xx_hal_pcd.c ****     /* Check if Buffer1 is in blocked state which requires to toggle */
2714:Drivers/STM32L4xx_HAL_Driver/Src/stm32l4xx_hal_pcd.c ****     if ((wEPVal & USB_EP_DTOG_TX) != 0U)
 100              		.loc 1 2714 5 view .LVU26
 101              		.loc 1 2714 8 is_stmt 0 view .LVU27
 102 0052 12F0400F 		tst	r2, #64
 103 0056 0ED0     		beq	.L6
2715:Drivers/STM32L4xx_HAL_Driver/Src/stm32l4xx_hal_pcd.c ****     {
2716:Drivers/STM32L4xx_HAL_Driver/Src/stm32l4xx_hal_pcd.c ****       PCD_FREE_USER_BUFFER(hpcd->Instance, ep->num, 0U);
 104              		.loc 1 2716 7 is_stmt 1 view .LVU28
 105              		.loc 1 2716 7 view .LVU29
 106              		.loc 1 2716 7 discriminator 1 view .LVU30
 107              	.LBB3:
 108              		.loc 1 2716 7 discriminator 1 view .LVU31
 109              		.loc 1 2716 7 discriminator 1 view .LVU32
 110 0058 0268     		ldr	r2, [r0]
 111              	.LVL6:
 112              		.loc 1 2716 7 is_stmt 0 discriminator 1 view .LVU33
 113 005a 0D78     		ldrb	r5, [r1]	@ zero_extendqisi2
 114 005c 32F82530 		ldrh	r3, [r2, r5, lsl #2]
 115 0060 9BB2     		uxth	r3, r3
 116 0062 23F4E043 		bic	r3, r3, #28672
 117 0066 23F07003 		bic	r3, r3, #112
 118              	.LVL7:
 119              		.loc 1 2716 7 is_stmt 1 discriminator 1 view .LVU34
 120 006a 43F40043 		orr	r3, r3, #32768
 121              	.LVL8:
 122              		.loc 1 2716 7 is_stmt 0 discriminator 1 view .LVU35
 123 006e 43F0C003 		orr	r3, r3, #192
 124 0072 22F82530 		strh	r3, [r2, r5, lsl #2]	@ movhi
 125              	.LBE3:
 126              		.loc 1 2716 7 is_stmt 1 discriminator 1 view .LVU36
 127              	.LVL9:
 128              	.L6:
 129              		.loc 1 2716 7 discriminator 6 view .LVU37
 130              		.loc 1 2716 7 discriminator 6 view .LVU38
2717:Drivers/STM32L4xx_HAL_Driver/Src/stm32l4xx_hal_pcd.c ****     }
2718:Drivers/STM32L4xx_HAL_Driver/Src/stm32l4xx_hal_pcd.c **** 
2719:Drivers/STM32L4xx_HAL_Driver/Src/stm32l4xx_hal_pcd.c ****     if (count != 0U)
 131              		.loc 1 2719 5 view .LVU39
 132              		.loc 1 2719 8 is_stmt 0 view .LVU40
ARM GAS  /tmp/ccGeOL5J.s 			page 51


 133 0076 24B9     		cbnz	r4, .L13
 134              	.LVL10:
 135              	.L7:
2720:Drivers/STM32L4xx_HAL_Driver/Src/stm32l4xx_hal_pcd.c ****     {
2721:Drivers/STM32L4xx_HAL_Driver/Src/stm32l4xx_hal_pcd.c ****       USB_ReadPMA(hpcd->Instance, ep->xfer_buff, ep->pmaaddr0, count);
2722:Drivers/STM32L4xx_HAL_Driver/Src/stm32l4xx_hal_pcd.c ****     }
2723:Drivers/STM32L4xx_HAL_Driver/Src/stm32l4xx_hal_pcd.c ****   }
2724:Drivers/STM32L4xx_HAL_Driver/Src/stm32l4xx_hal_pcd.c ****   /* Manage Buffer 1 DTOG_RX=0 */
2725:Drivers/STM32L4xx_HAL_Driver/Src/stm32l4xx_hal_pcd.c ****   else
2726:Drivers/STM32L4xx_HAL_Driver/Src/stm32l4xx_hal_pcd.c ****   {
2727:Drivers/STM32L4xx_HAL_Driver/Src/stm32l4xx_hal_pcd.c ****     /* Get count of received data */
2728:Drivers/STM32L4xx_HAL_Driver/Src/stm32l4xx_hal_pcd.c ****     count = (uint16_t)PCD_GET_EP_DBUF1_CNT(hpcd->Instance, ep->num);
2729:Drivers/STM32L4xx_HAL_Driver/Src/stm32l4xx_hal_pcd.c **** 
2730:Drivers/STM32L4xx_HAL_Driver/Src/stm32l4xx_hal_pcd.c ****     if (ep->xfer_len >= count)
2731:Drivers/STM32L4xx_HAL_Driver/Src/stm32l4xx_hal_pcd.c ****     {
2732:Drivers/STM32L4xx_HAL_Driver/Src/stm32l4xx_hal_pcd.c ****       ep->xfer_len -= count;
2733:Drivers/STM32L4xx_HAL_Driver/Src/stm32l4xx_hal_pcd.c ****     }
2734:Drivers/STM32L4xx_HAL_Driver/Src/stm32l4xx_hal_pcd.c ****     else
2735:Drivers/STM32L4xx_HAL_Driver/Src/stm32l4xx_hal_pcd.c ****     {
2736:Drivers/STM32L4xx_HAL_Driver/Src/stm32l4xx_hal_pcd.c ****       ep->xfer_len = 0U;
2737:Drivers/STM32L4xx_HAL_Driver/Src/stm32l4xx_hal_pcd.c ****     }
2738:Drivers/STM32L4xx_HAL_Driver/Src/stm32l4xx_hal_pcd.c **** 
2739:Drivers/STM32L4xx_HAL_Driver/Src/stm32l4xx_hal_pcd.c ****     if (ep->xfer_len == 0U)
2740:Drivers/STM32L4xx_HAL_Driver/Src/stm32l4xx_hal_pcd.c ****     {
2741:Drivers/STM32L4xx_HAL_Driver/Src/stm32l4xx_hal_pcd.c ****       /* Set NAK on the current endpoint */
2742:Drivers/STM32L4xx_HAL_Driver/Src/stm32l4xx_hal_pcd.c ****       PCD_SET_EP_RX_STATUS(hpcd->Instance, ep->num, USB_EP_RX_NAK);
2743:Drivers/STM32L4xx_HAL_Driver/Src/stm32l4xx_hal_pcd.c ****     }
2744:Drivers/STM32L4xx_HAL_Driver/Src/stm32l4xx_hal_pcd.c **** 
2745:Drivers/STM32L4xx_HAL_Driver/Src/stm32l4xx_hal_pcd.c ****     /* Need to FreeUser Buffer */
2746:Drivers/STM32L4xx_HAL_Driver/Src/stm32l4xx_hal_pcd.c ****     if ((wEPVal & USB_EP_DTOG_TX) == 0U)
2747:Drivers/STM32L4xx_HAL_Driver/Src/stm32l4xx_hal_pcd.c ****     {
2748:Drivers/STM32L4xx_HAL_Driver/Src/stm32l4xx_hal_pcd.c ****       PCD_FREE_USER_BUFFER(hpcd->Instance, ep->num, 0U);
2749:Drivers/STM32L4xx_HAL_Driver/Src/stm32l4xx_hal_pcd.c ****     }
2750:Drivers/STM32L4xx_HAL_Driver/Src/stm32l4xx_hal_pcd.c **** 
2751:Drivers/STM32L4xx_HAL_Driver/Src/stm32l4xx_hal_pcd.c ****     if (count != 0U)
2752:Drivers/STM32L4xx_HAL_Driver/Src/stm32l4xx_hal_pcd.c ****     {
2753:Drivers/STM32L4xx_HAL_Driver/Src/stm32l4xx_hal_pcd.c ****       USB_ReadPMA(hpcd->Instance, ep->xfer_buff, ep->pmaaddr1, count);
2754:Drivers/STM32L4xx_HAL_Driver/Src/stm32l4xx_hal_pcd.c ****     }
2755:Drivers/STM32L4xx_HAL_Driver/Src/stm32l4xx_hal_pcd.c ****   }
2756:Drivers/STM32L4xx_HAL_Driver/Src/stm32l4xx_hal_pcd.c **** 
2757:Drivers/STM32L4xx_HAL_Driver/Src/stm32l4xx_hal_pcd.c ****   return count;
 136              		.loc 1 2757 3 is_stmt 1 view .LVU41
2758:Drivers/STM32L4xx_HAL_Driver/Src/stm32l4xx_hal_pcd.c **** }
 137              		.loc 1 2758 1 is_stmt 0 view .LVU42
 138 0078 2046     		mov	r0, r4
 139 007a 38BD     		pop	{r3, r4, r5, pc}
 140              	.LVL11:
 141              	.L3:
2704:Drivers/STM32L4xx_HAL_Driver/Src/stm32l4xx_hal_pcd.c ****     }
 142              		.loc 1 2704 7 is_stmt 1 view .LVU43
2704:Drivers/STM32L4xx_HAL_Driver/Src/stm32l4xx_hal_pcd.c ****     }
 143              		.loc 1 2704 20 is_stmt 0 view .LVU44
 144 007c 0023     		movs	r3, #0
 145 007e 8B61     		str	r3, [r1, #24]
 146 0080 D5E7     		b	.L4
 147              	.LVL12:
 148              	.L13:
ARM GAS  /tmp/ccGeOL5J.s 			page 52


2721:Drivers/STM32L4xx_HAL_Driver/Src/stm32l4xx_hal_pcd.c ****     }
 149              		.loc 1 2721 7 is_stmt 1 view .LVU45
 150 0082 2346     		mov	r3, r4
 151 0084 0A89     		ldrh	r2, [r1, #8]
 152 0086 4969     		ldr	r1, [r1, #20]
 153              	.LVL13:
2721:Drivers/STM32L4xx_HAL_Driver/Src/stm32l4xx_hal_pcd.c ****     }
 154              		.loc 1 2721 7 is_stmt 0 view .LVU46
 155 0088 0068     		ldr	r0, [r0]
 156              	.LVL14:
2721:Drivers/STM32L4xx_HAL_Driver/Src/stm32l4xx_hal_pcd.c ****     }
 157              		.loc 1 2721 7 view .LVU47
 158 008a FFF7FEFF 		bl	USB_ReadPMA
 159              	.LVL15:
 160 008e F3E7     		b	.L7
 161              	.LVL16:
 162              	.L2:
2728:Drivers/STM32L4xx_HAL_Driver/Src/stm32l4xx_hal_pcd.c **** 
 163              		.loc 1 2728 5 is_stmt 1 view .LVU48
2728:Drivers/STM32L4xx_HAL_Driver/Src/stm32l4xx_hal_pcd.c **** 
 164              		.loc 1 2728 23 is_stmt 0 view .LVU49
 165 0090 0468     		ldr	r4, [r0]
 166 0092 B4F85030 		ldrh	r3, [r4, #80]
 167 0096 91F800C0 		ldrb	ip, [r1]	@ zero_extendqisi2
 168 009a 4FEACC0E 		lsl	lr, ip, #3
 169 009e 1EFA83F3 		uxtah	r3, lr, r3
 170 00a2 2344     		add	r3, r3, r4
 171 00a4 B3F80644 		ldrh	r4, [r3, #1030]
2728:Drivers/STM32L4xx_HAL_Driver/Src/stm32l4xx_hal_pcd.c **** 
 172              		.loc 1 2728 11 view .LVU50
 173 00a8 C4F30904 		ubfx	r4, r4, #0, #10
 174              	.LVL17:
2730:Drivers/STM32L4xx_HAL_Driver/Src/stm32l4xx_hal_pcd.c ****     {
 175              		.loc 1 2730 5 is_stmt 1 view .LVU51
2730:Drivers/STM32L4xx_HAL_Driver/Src/stm32l4xx_hal_pcd.c ****     {
 176              		.loc 1 2730 11 is_stmt 0 view .LVU52
 177 00ac 8B69     		ldr	r3, [r1, #24]
2730:Drivers/STM32L4xx_HAL_Driver/Src/stm32l4xx_hal_pcd.c ****     {
 178              		.loc 1 2730 8 view .LVU53
 179 00ae A342     		cmp	r3, r4
 180 00b0 2FD3     		bcc	.L8
2732:Drivers/STM32L4xx_HAL_Driver/Src/stm32l4xx_hal_pcd.c ****     }
 181              		.loc 1 2732 7 is_stmt 1 view .LVU54
2732:Drivers/STM32L4xx_HAL_Driver/Src/stm32l4xx_hal_pcd.c ****     }
 182              		.loc 1 2732 20 is_stmt 0 view .LVU55
 183 00b2 1B1B     		subs	r3, r3, r4
 184 00b4 8B61     		str	r3, [r1, #24]
 185              	.L9:
2739:Drivers/STM32L4xx_HAL_Driver/Src/stm32l4xx_hal_pcd.c ****     {
 186              		.loc 1 2739 5 is_stmt 1 view .LVU56
2739:Drivers/STM32L4xx_HAL_Driver/Src/stm32l4xx_hal_pcd.c ****     {
 187              		.loc 1 2739 11 is_stmt 0 view .LVU57
 188 00b6 8B69     		ldr	r3, [r1, #24]
2739:Drivers/STM32L4xx_HAL_Driver/Src/stm32l4xx_hal_pcd.c ****     {
 189              		.loc 1 2739 8 view .LVU58
 190 00b8 7BB9     		cbnz	r3, .L10
2742:Drivers/STM32L4xx_HAL_Driver/Src/stm32l4xx_hal_pcd.c ****     }
ARM GAS  /tmp/ccGeOL5J.s 			page 53


 191              		.loc 1 2742 7 is_stmt 1 view .LVU59
 192              	.LBB4:
2742:Drivers/STM32L4xx_HAL_Driver/Src/stm32l4xx_hal_pcd.c ****     }
 193              		.loc 1 2742 7 view .LVU60
2742:Drivers/STM32L4xx_HAL_Driver/Src/stm32l4xx_hal_pcd.c ****     }
 194              		.loc 1 2742 7 view .LVU61
 195 00ba 0568     		ldr	r5, [r0]
 196 00bc 35F82C30 		ldrh	r3, [r5, ip, lsl #2]
 197 00c0 9BB2     		uxth	r3, r3
 198 00c2 23F48043 		bic	r3, r3, #16384
 199 00c6 23F07003 		bic	r3, r3, #112
 200              	.LVL18:
2742:Drivers/STM32L4xx_HAL_Driver/Src/stm32l4xx_hal_pcd.c ****     }
 201              		.loc 1 2742 7 view .LVU62
2742:Drivers/STM32L4xx_HAL_Driver/Src/stm32l4xx_hal_pcd.c ****     }
 202              		.loc 1 2742 7 discriminator 3 view .LVU63
2742:Drivers/STM32L4xx_HAL_Driver/Src/stm32l4xx_hal_pcd.c ****     }
 203              		.loc 1 2742 7 discriminator 4 view .LVU64
 204 00ca 83F40053 		eor	r3, r3, #8192
 205              	.LVL19:
2742:Drivers/STM32L4xx_HAL_Driver/Src/stm32l4xx_hal_pcd.c ****     }
 206              		.loc 1 2742 7 discriminator 6 view .LVU65
 207 00ce 43F40043 		orr	r3, r3, #32768
 208              	.LVL20:
2742:Drivers/STM32L4xx_HAL_Driver/Src/stm32l4xx_hal_pcd.c ****     }
 209              		.loc 1 2742 7 is_stmt 0 discriminator 6 view .LVU66
 210 00d2 43F08003 		orr	r3, r3, #128
 211 00d6 25F82C30 		strh	r3, [r5, ip, lsl #2]	@ movhi
 212              	.LVL21:
 213              	.L10:
2742:Drivers/STM32L4xx_HAL_Driver/Src/stm32l4xx_hal_pcd.c ****     }
 214              		.loc 1 2742 7 discriminator 6 view .LVU67
 215              	.LBE4:
2742:Drivers/STM32L4xx_HAL_Driver/Src/stm32l4xx_hal_pcd.c ****     }
 216              		.loc 1 2742 7 is_stmt 1 discriminator 7 view .LVU68
2746:Drivers/STM32L4xx_HAL_Driver/Src/stm32l4xx_hal_pcd.c ****     {
 217              		.loc 1 2746 5 view .LVU69
2746:Drivers/STM32L4xx_HAL_Driver/Src/stm32l4xx_hal_pcd.c ****     {
 218              		.loc 1 2746 8 is_stmt 0 view .LVU70
 219 00da 12F0400F 		tst	r2, #64
 220 00de 0FD1     		bne	.L11
2748:Drivers/STM32L4xx_HAL_Driver/Src/stm32l4xx_hal_pcd.c ****     }
 221              		.loc 1 2748 7 is_stmt 1 view .LVU71
2748:Drivers/STM32L4xx_HAL_Driver/Src/stm32l4xx_hal_pcd.c ****     }
 222              		.loc 1 2748 7 view .LVU72
2748:Drivers/STM32L4xx_HAL_Driver/Src/stm32l4xx_hal_pcd.c ****     }
 223              		.loc 1 2748 7 discriminator 1 view .LVU73
 224              	.LBB5:
2748:Drivers/STM32L4xx_HAL_Driver/Src/stm32l4xx_hal_pcd.c ****     }
 225              		.loc 1 2748 7 discriminator 1 view .LVU74
2748:Drivers/STM32L4xx_HAL_Driver/Src/stm32l4xx_hal_pcd.c ****     }
 226              		.loc 1 2748 7 discriminator 1 view .LVU75
 227 00e0 0268     		ldr	r2, [r0]
 228              	.LVL22:
2748:Drivers/STM32L4xx_HAL_Driver/Src/stm32l4xx_hal_pcd.c ****     }
 229              		.loc 1 2748 7 is_stmt 0 discriminator 1 view .LVU76
 230 00e2 91F800C0 		ldrb	ip, [r1]	@ zero_extendqisi2
ARM GAS  /tmp/ccGeOL5J.s 			page 54


 231 00e6 32F82C30 		ldrh	r3, [r2, ip, lsl #2]
 232 00ea 9BB2     		uxth	r3, r3
 233 00ec 23F4E043 		bic	r3, r3, #28672
 234 00f0 23F07003 		bic	r3, r3, #112
 235              	.LVL23:
2748:Drivers/STM32L4xx_HAL_Driver/Src/stm32l4xx_hal_pcd.c ****     }
 236              		.loc 1 2748 7 is_stmt 1 discriminator 1 view .LVU77
 237 00f4 43F40043 		orr	r3, r3, #32768
 238              	.LVL24:
2748:Drivers/STM32L4xx_HAL_Driver/Src/stm32l4xx_hal_pcd.c ****     }
 239              		.loc 1 2748 7 is_stmt 0 discriminator 1 view .LVU78
 240 00f8 43F0C003 		orr	r3, r3, #192
 241 00fc 22F82C30 		strh	r3, [r2, ip, lsl #2]	@ movhi
 242              	.LBE5:
2748:Drivers/STM32L4xx_HAL_Driver/Src/stm32l4xx_hal_pcd.c ****     }
 243              		.loc 1 2748 7 is_stmt 1 discriminator 1 view .LVU79
 244              	.LVL25:
 245              	.L11:
2748:Drivers/STM32L4xx_HAL_Driver/Src/stm32l4xx_hal_pcd.c ****     }
 246              		.loc 1 2748 7 discriminator 6 view .LVU80
2748:Drivers/STM32L4xx_HAL_Driver/Src/stm32l4xx_hal_pcd.c ****     }
 247              		.loc 1 2748 7 discriminator 6 view .LVU81
2751:Drivers/STM32L4xx_HAL_Driver/Src/stm32l4xx_hal_pcd.c ****     {
 248              		.loc 1 2751 5 view .LVU82
2751:Drivers/STM32L4xx_HAL_Driver/Src/stm32l4xx_hal_pcd.c ****     {
 249              		.loc 1 2751 8 is_stmt 0 view .LVU83
 250 0100 002C     		cmp	r4, #0
 251 0102 B9D0     		beq	.L7
2753:Drivers/STM32L4xx_HAL_Driver/Src/stm32l4xx_hal_pcd.c ****     }
 252              		.loc 1 2753 7 is_stmt 1 view .LVU84
 253 0104 2346     		mov	r3, r4
 254 0106 4A89     		ldrh	r2, [r1, #10]
 255 0108 4969     		ldr	r1, [r1, #20]
 256              	.LVL26:
2753:Drivers/STM32L4xx_HAL_Driver/Src/stm32l4xx_hal_pcd.c ****     }
 257              		.loc 1 2753 7 is_stmt 0 view .LVU85
 258 010a 0068     		ldr	r0, [r0]
 259              	.LVL27:
2753:Drivers/STM32L4xx_HAL_Driver/Src/stm32l4xx_hal_pcd.c ****     }
 260              		.loc 1 2753 7 view .LVU86
 261 010c FFF7FEFF 		bl	USB_ReadPMA
 262              	.LVL28:
 263 0110 B2E7     		b	.L7
 264              	.LVL29:
 265              	.L8:
2736:Drivers/STM32L4xx_HAL_Driver/Src/stm32l4xx_hal_pcd.c ****     }
 266              		.loc 1 2736 7 is_stmt 1 view .LVU87
2736:Drivers/STM32L4xx_HAL_Driver/Src/stm32l4xx_hal_pcd.c ****     }
 267              		.loc 1 2736 20 is_stmt 0 view .LVU88
 268 0112 0023     		movs	r3, #0
 269 0114 8B61     		str	r3, [r1, #24]
 270 0116 CEE7     		b	.L9
 271              		.cfi_endproc
 272              	.LFE418:
 274              		.section	.text.HAL_PCD_MspInit,"ax",%progbits
 275              		.align	1
 276              		.weak	HAL_PCD_MspInit
ARM GAS  /tmp/ccGeOL5J.s 			page 55


 277              		.syntax unified
 278              		.thumb
 279              		.thumb_func
 281              	HAL_PCD_MspInit:
 282              	.LVL30:
 283              	.LFB386:
 295:Drivers/STM32L4xx_HAL_Driver/Src/stm32l4xx_hal_pcd.c ****   /* Prevent unused argument(s) compilation warning */
 284              		.loc 1 295 1 is_stmt 1 view -0
 285              		.cfi_startproc
 286              		@ args = 0, pretend = 0, frame = 0
 287              		@ frame_needed = 0, uses_anonymous_args = 0
 288              		@ link register save eliminated.
 297:Drivers/STM32L4xx_HAL_Driver/Src/stm32l4xx_hal_pcd.c **** 
 289              		.loc 1 297 3 view .LVU90
 302:Drivers/STM32L4xx_HAL_Driver/Src/stm32l4xx_hal_pcd.c **** 
 290              		.loc 1 302 1 is_stmt 0 view .LVU91
 291 0000 7047     		bx	lr
 292              		.cfi_endproc
 293              	.LFE386:
 295              		.section	.text.HAL_PCD_Init,"ax",%progbits
 296              		.align	1
 297              		.global	HAL_PCD_Init
 298              		.syntax unified
 299              		.thumb
 300              		.thumb_func
 302              	HAL_PCD_Init:
 303              	.LVL31:
 304              	.LFB384:
 135:Drivers/STM32L4xx_HAL_Driver/Src/stm32l4xx_hal_pcd.c ****   uint8_t i;
 305              		.loc 1 135 1 is_stmt 1 view -0
 306              		.cfi_startproc
 307              		@ args = 0, pretend = 0, frame = 0
 308              		@ frame_needed = 0, uses_anonymous_args = 0
 135:Drivers/STM32L4xx_HAL_Driver/Src/stm32l4xx_hal_pcd.c ****   uint8_t i;
 309              		.loc 1 135 1 is_stmt 0 view .LVU93
 310 0000 38B5     		push	{r3, r4, r5, lr}
 311              	.LCFI1:
 312              		.cfi_def_cfa_offset 16
 313              		.cfi_offset 3, -16
 314              		.cfi_offset 4, -12
 315              		.cfi_offset 5, -8
 316              		.cfi_offset 14, -4
 136:Drivers/STM32L4xx_HAL_Driver/Src/stm32l4xx_hal_pcd.c **** 
 317              		.loc 1 136 3 is_stmt 1 view .LVU94
 139:Drivers/STM32L4xx_HAL_Driver/Src/stm32l4xx_hal_pcd.c ****   {
 318              		.loc 1 139 3 view .LVU95
 139:Drivers/STM32L4xx_HAL_Driver/Src/stm32l4xx_hal_pcd.c ****   {
 319              		.loc 1 139 6 is_stmt 0 view .LVU96
 320 0002 0028     		cmp	r0, #0
 321 0004 75D0     		beq	.L25
 322 0006 0446     		mov	r4, r0
 145:Drivers/STM32L4xx_HAL_Driver/Src/stm32l4xx_hal_pcd.c **** 
 323              		.loc 1 145 3 is_stmt 1 view .LVU97
 147:Drivers/STM32L4xx_HAL_Driver/Src/stm32l4xx_hal_pcd.c ****   {
 324              		.loc 1 147 3 view .LVU98
 147:Drivers/STM32L4xx_HAL_Driver/Src/stm32l4xx_hal_pcd.c ****   {
 325              		.loc 1 147 11 is_stmt 0 view .LVU99
ARM GAS  /tmp/ccGeOL5J.s 			page 56


 326 0008 90F89132 		ldrb	r3, [r0, #657]	@ zero_extendqisi2
 147:Drivers/STM32L4xx_HAL_Driver/Src/stm32l4xx_hal_pcd.c ****   {
 327              		.loc 1 147 6 view .LVU100
 328 000c A3B1     		cbz	r3, .L28
 329              	.LVL32:
 330              	.L17:
 180:Drivers/STM32L4xx_HAL_Driver/Src/stm32l4xx_hal_pcd.c **** 
 331              		.loc 1 180 3 is_stmt 1 view .LVU101
 180:Drivers/STM32L4xx_HAL_Driver/Src/stm32l4xx_hal_pcd.c **** 
 332              		.loc 1 180 15 is_stmt 0 view .LVU102
 333 000e 0323     		movs	r3, #3
 334 0010 84F89132 		strb	r3, [r4, #657]
 183:Drivers/STM32L4xx_HAL_Driver/Src/stm32l4xx_hal_pcd.c **** 
 335              		.loc 1 183 3 is_stmt 1 view .LVU103
 183:Drivers/STM32L4xx_HAL_Driver/Src/stm32l4xx_hal_pcd.c **** 
 336              		.loc 1 183 25 is_stmt 0 view .LVU104
 337 0014 0023     		movs	r3, #0
 338 0016 6371     		strb	r3, [r4, #5]
 186:Drivers/STM32L4xx_HAL_Driver/Src/stm32l4xx_hal_pcd.c **** 
 339              		.loc 1 186 3 is_stmt 1 view .LVU105
 340 0018 2068     		ldr	r0, [r4]
 341 001a FFF7FEFF 		bl	USB_DisableGlobalInt
 342              	.LVL33:
 189:Drivers/STM32L4xx_HAL_Driver/Src/stm32l4xx_hal_pcd.c ****   {
 343              		.loc 1 189 3 view .LVU106
 189:Drivers/STM32L4xx_HAL_Driver/Src/stm32l4xx_hal_pcd.c ****   {
 344              		.loc 1 189 24 is_stmt 0 view .LVU107
 345 001e 2346     		mov	r3, r4
 346 0020 53F8040B 		ldr	r0, [r3], #4
 189:Drivers/STM32L4xx_HAL_Driver/Src/stm32l4xx_hal_pcd.c ****   {
 347              		.loc 1 189 7 view .LVU108
 348 0024 0ECB     		ldm	r3, {r1, r2, r3}
 349 0026 FFF7FEFF 		bl	USB_CoreInit
 350              	.LVL34:
 189:Drivers/STM32L4xx_HAL_Driver/Src/stm32l4xx_hal_pcd.c ****   {
 351              		.loc 1 189 6 discriminator 1 view .LVU109
 352 002a 50B1     		cbz	r0, .L18
 191:Drivers/STM32L4xx_HAL_Driver/Src/stm32l4xx_hal_pcd.c ****     return HAL_ERROR;
 353              		.loc 1 191 5 is_stmt 1 view .LVU110
 191:Drivers/STM32L4xx_HAL_Driver/Src/stm32l4xx_hal_pcd.c ****     return HAL_ERROR;
 354              		.loc 1 191 17 is_stmt 0 view .LVU111
 355 002c 0223     		movs	r3, #2
 356 002e 84F89132 		strb	r3, [r4, #657]
 192:Drivers/STM32L4xx_HAL_Driver/Src/stm32l4xx_hal_pcd.c ****   }
 357              		.loc 1 192 5 is_stmt 1 view .LVU112
 192:Drivers/STM32L4xx_HAL_Driver/Src/stm32l4xx_hal_pcd.c ****   }
 358              		.loc 1 192 12 is_stmt 0 view .LVU113
 359 0032 0125     		movs	r5, #1
 360              	.LVL35:
 361              	.L16:
 248:Drivers/STM32L4xx_HAL_Driver/Src/stm32l4xx_hal_pcd.c **** 
 362              		.loc 1 248 1 view .LVU114
 363 0034 2846     		mov	r0, r5
 364 0036 38BD     		pop	{r3, r4, r5, pc}
 365              	.LVL36:
 366              	.L28:
 150:Drivers/STM32L4xx_HAL_Driver/Src/stm32l4xx_hal_pcd.c **** 
ARM GAS  /tmp/ccGeOL5J.s 			page 57


 367              		.loc 1 150 5 is_stmt 1 view .LVU115
 150:Drivers/STM32L4xx_HAL_Driver/Src/stm32l4xx_hal_pcd.c **** 
 368              		.loc 1 150 16 is_stmt 0 view .LVU116
 369 0038 80F89032 		strb	r3, [r0, #656]
 176:Drivers/STM32L4xx_HAL_Driver/Src/stm32l4xx_hal_pcd.c **** #endif /* (USE_HAL_PCD_REGISTER_CALLBACKS) */
 370              		.loc 1 176 5 is_stmt 1 view .LVU117
 371 003c FFF7FEFF 		bl	HAL_PCD_MspInit
 372              	.LVL37:
 176:Drivers/STM32L4xx_HAL_Driver/Src/stm32l4xx_hal_pcd.c **** #endif /* (USE_HAL_PCD_REGISTER_CALLBACKS) */
 373              		.loc 1 176 5 is_stmt 0 view .LVU118
 374 0040 E5E7     		b	.L17
 375              	.L18:
 196:Drivers/STM32L4xx_HAL_Driver/Src/stm32l4xx_hal_pcd.c ****   {
 376              		.loc 1 196 3 is_stmt 1 view .LVU119
 196:Drivers/STM32L4xx_HAL_Driver/Src/stm32l4xx_hal_pcd.c ****   {
 377              		.loc 1 196 7 is_stmt 0 view .LVU120
 378 0042 0021     		movs	r1, #0
 379 0044 2068     		ldr	r0, [r4]
 380 0046 FFF7FEFF 		bl	USB_SetCurrentMode
 381              	.LVL38:
 196:Drivers/STM32L4xx_HAL_Driver/Src/stm32l4xx_hal_pcd.c ****   {
 382              		.loc 1 196 6 discriminator 1 view .LVU121
 383 004a 0346     		mov	r3, r0
 384 004c 08B9     		cbnz	r0, .L29
 203:Drivers/STM32L4xx_HAL_Driver/Src/stm32l4xx_hal_pcd.c ****   {
 385              		.loc 1 203 10 view .LVU122
 386 004e 0246     		mov	r2, r0
 387 0050 15E0     		b	.L19
 388              	.L29:
 198:Drivers/STM32L4xx_HAL_Driver/Src/stm32l4xx_hal_pcd.c ****     return HAL_ERROR;
 389              		.loc 1 198 5 is_stmt 1 view .LVU123
 198:Drivers/STM32L4xx_HAL_Driver/Src/stm32l4xx_hal_pcd.c ****     return HAL_ERROR;
 390              		.loc 1 198 17 is_stmt 0 view .LVU124
 391 0052 0223     		movs	r3, #2
 392 0054 84F89132 		strb	r3, [r4, #657]
 199:Drivers/STM32L4xx_HAL_Driver/Src/stm32l4xx_hal_pcd.c ****   }
 393              		.loc 1 199 5 is_stmt 1 view .LVU125
 199:Drivers/STM32L4xx_HAL_Driver/Src/stm32l4xx_hal_pcd.c ****   }
 394              		.loc 1 199 12 is_stmt 0 view .LVU126
 395 0058 0125     		movs	r5, #1
 396 005a EBE7     		b	.L16
 397              	.LVL39:
 398              	.L20:
 206:Drivers/STM32L4xx_HAL_Driver/Src/stm32l4xx_hal_pcd.c ****     hpcd->IN_ep[i].num = i;
 399              		.loc 1 206 5 is_stmt 1 view .LVU127
 206:Drivers/STM32L4xx_HAL_Driver/Src/stm32l4xx_hal_pcd.c ****     hpcd->IN_ep[i].num = i;
 400              		.loc 1 206 26 is_stmt 0 view .LVU128
 401 005c 02EB8201 		add	r1, r2, r2, lsl #2
 402 0060 04EBC101 		add	r1, r4, r1, lsl #3
 403 0064 0120     		movs	r0, #1
 404 0066 4874     		strb	r0, [r1, #17]
 207:Drivers/STM32L4xx_HAL_Driver/Src/stm32l4xx_hal_pcd.c **** #if defined (USB_OTG_FS)
 405              		.loc 1 207 5 is_stmt 1 view .LVU129
 207:Drivers/STM32L4xx_HAL_Driver/Src/stm32l4xx_hal_pcd.c **** #if defined (USB_OTG_FS)
 406              		.loc 1 207 24 is_stmt 0 view .LVU130
 407 0068 0A74     		strb	r2, [r1, #16]
 212:Drivers/STM32L4xx_HAL_Driver/Src/stm32l4xx_hal_pcd.c ****     hpcd->IN_ep[i].maxpacket = 0U;
ARM GAS  /tmp/ccGeOL5J.s 			page 58


 408              		.loc 1 212 5 is_stmt 1 view .LVU131
 212:Drivers/STM32L4xx_HAL_Driver/Src/stm32l4xx_hal_pcd.c ****     hpcd->IN_ep[i].maxpacket = 0U;
 409              		.loc 1 212 25 is_stmt 0 view .LVU132
 410 006a 0020     		movs	r0, #0
 411 006c C874     		strb	r0, [r1, #19]
 213:Drivers/STM32L4xx_HAL_Driver/Src/stm32l4xx_hal_pcd.c ****     hpcd->IN_ep[i].xfer_buff = 0U;
 412              		.loc 1 213 5 is_stmt 1 view .LVU133
 213:Drivers/STM32L4xx_HAL_Driver/Src/stm32l4xx_hal_pcd.c ****     hpcd->IN_ep[i].xfer_buff = 0U;
 413              		.loc 1 213 30 is_stmt 0 view .LVU134
 414 006e 0862     		str	r0, [r1, #32]
 214:Drivers/STM32L4xx_HAL_Driver/Src/stm32l4xx_hal_pcd.c ****     hpcd->IN_ep[i].xfer_len = 0U;
 415              		.loc 1 214 5 is_stmt 1 view .LVU135
 214:Drivers/STM32L4xx_HAL_Driver/Src/stm32l4xx_hal_pcd.c ****     hpcd->IN_ep[i].xfer_len = 0U;
 416              		.loc 1 214 30 is_stmt 0 view .LVU136
 417 0070 4862     		str	r0, [r1, #36]
 215:Drivers/STM32L4xx_HAL_Driver/Src/stm32l4xx_hal_pcd.c ****   }
 418              		.loc 1 215 5 is_stmt 1 view .LVU137
 215:Drivers/STM32L4xx_HAL_Driver/Src/stm32l4xx_hal_pcd.c ****   }
 419              		.loc 1 215 29 is_stmt 0 view .LVU138
 420 0072 0132     		adds	r2, r2, #1
 421              	.LVL40:
 215:Drivers/STM32L4xx_HAL_Driver/Src/stm32l4xx_hal_pcd.c ****   }
 422              		.loc 1 215 29 view .LVU139
 423 0074 02EB8201 		add	r1, r2, r2, lsl #2
 424              	.LVL41:
 215:Drivers/STM32L4xx_HAL_Driver/Src/stm32l4xx_hal_pcd.c ****   }
 425              		.loc 1 215 29 view .LVU140
 426 0078 C900     		lsls	r1, r1, #3
 427 007a 6050     		str	r0, [r4, r1]
 428              	.LVL42:
 203:Drivers/STM32L4xx_HAL_Driver/Src/stm32l4xx_hal_pcd.c ****   {
 429              		.loc 1 203 47 is_stmt 1 discriminator 3 view .LVU141
 430 007c D2B2     		uxtb	r2, r2
 431              	.LVL43:
 432              	.L19:
 203:Drivers/STM32L4xx_HAL_Driver/Src/stm32l4xx_hal_pcd.c ****   {
 433              		.loc 1 203 18 discriminator 1 view .LVU142
 203:Drivers/STM32L4xx_HAL_Driver/Src/stm32l4xx_hal_pcd.c ****   {
 434              		.loc 1 203 30 is_stmt 0 discriminator 1 view .LVU143
 435 007e 2079     		ldrb	r0, [r4, #4]	@ zero_extendqisi2
 203:Drivers/STM32L4xx_HAL_Driver/Src/stm32l4xx_hal_pcd.c ****   {
 436              		.loc 1 203 18 discriminator 1 view .LVU144
 437 0080 9042     		cmp	r0, r2
 438 0082 EBD8     		bhi	.L20
 439 0084 16E0     		b	.L21
 440              	.LVL44:
 441              	.L22:
 220:Drivers/STM32L4xx_HAL_Driver/Src/stm32l4xx_hal_pcd.c ****     hpcd->OUT_ep[i].num = i;
 442              		.loc 1 220 5 is_stmt 1 view .LVU145
 220:Drivers/STM32L4xx_HAL_Driver/Src/stm32l4xx_hal_pcd.c ****     hpcd->OUT_ep[i].num = i;
 443              		.loc 1 220 27 is_stmt 0 view .LVU146
 444 0086 03EB8302 		add	r2, r3, r3, lsl #2
 445 008a 04EBC202 		add	r2, r4, r2, lsl #3
 446 008e 0021     		movs	r1, #0
 447 0090 82F85111 		strb	r1, [r2, #337]
 221:Drivers/STM32L4xx_HAL_Driver/Src/stm32l4xx_hal_pcd.c ****     /* Control until ep is activated */
 448              		.loc 1 221 5 is_stmt 1 view .LVU147
ARM GAS  /tmp/ccGeOL5J.s 			page 59


 221:Drivers/STM32L4xx_HAL_Driver/Src/stm32l4xx_hal_pcd.c ****     /* Control until ep is activated */
 449              		.loc 1 221 25 is_stmt 0 view .LVU148
 450 0094 82F85031 		strb	r3, [r2, #336]
 223:Drivers/STM32L4xx_HAL_Driver/Src/stm32l4xx_hal_pcd.c ****     hpcd->OUT_ep[i].maxpacket = 0U;
 451              		.loc 1 223 5 is_stmt 1 view .LVU149
 223:Drivers/STM32L4xx_HAL_Driver/Src/stm32l4xx_hal_pcd.c ****     hpcd->OUT_ep[i].maxpacket = 0U;
 452              		.loc 1 223 26 is_stmt 0 view .LVU150
 453 0098 82F85311 		strb	r1, [r2, #339]
 224:Drivers/STM32L4xx_HAL_Driver/Src/stm32l4xx_hal_pcd.c ****     hpcd->OUT_ep[i].xfer_buff = 0U;
 454              		.loc 1 224 5 is_stmt 1 view .LVU151
 224:Drivers/STM32L4xx_HAL_Driver/Src/stm32l4xx_hal_pcd.c ****     hpcd->OUT_ep[i].xfer_buff = 0U;
 455              		.loc 1 224 31 is_stmt 0 view .LVU152
 456 009c C2F86011 		str	r1, [r2, #352]
 225:Drivers/STM32L4xx_HAL_Driver/Src/stm32l4xx_hal_pcd.c ****     hpcd->OUT_ep[i].xfer_len = 0U;
 457              		.loc 1 225 5 is_stmt 1 view .LVU153
 225:Drivers/STM32L4xx_HAL_Driver/Src/stm32l4xx_hal_pcd.c ****     hpcd->OUT_ep[i].xfer_len = 0U;
 458              		.loc 1 225 31 is_stmt 0 view .LVU154
 459 00a0 C2F86411 		str	r1, [r2, #356]
 226:Drivers/STM32L4xx_HAL_Driver/Src/stm32l4xx_hal_pcd.c ****   }
 460              		.loc 1 226 5 is_stmt 1 view .LVU155
 226:Drivers/STM32L4xx_HAL_Driver/Src/stm32l4xx_hal_pcd.c ****   }
 461              		.loc 1 226 30 is_stmt 0 view .LVU156
 462 00a4 03EB8302 		add	r2, r3, r3, lsl #2
 463 00a8 04EBC202 		add	r2, r4, r2, lsl #3
 464 00ac C2F86811 		str	r1, [r2, #360]
 218:Drivers/STM32L4xx_HAL_Driver/Src/stm32l4xx_hal_pcd.c ****   {
 465              		.loc 1 218 47 is_stmt 1 discriminator 3 view .LVU157
 466 00b0 0133     		adds	r3, r3, #1
 467              	.LVL45:
 218:Drivers/STM32L4xx_HAL_Driver/Src/stm32l4xx_hal_pcd.c ****   {
 468              		.loc 1 218 47 is_stmt 0 discriminator 3 view .LVU158
 469 00b2 DBB2     		uxtb	r3, r3
 470              	.LVL46:
 471              	.L21:
 218:Drivers/STM32L4xx_HAL_Driver/Src/stm32l4xx_hal_pcd.c ****   {
 472              		.loc 1 218 18 is_stmt 1 discriminator 1 view .LVU159
 473 00b4 9842     		cmp	r0, r3
 474 00b6 E6D8     		bhi	.L22
 230:Drivers/STM32L4xx_HAL_Driver/Src/stm32l4xx_hal_pcd.c ****   {
 475              		.loc 1 230 3 view .LVU160
 230:Drivers/STM32L4xx_HAL_Driver/Src/stm32l4xx_hal_pcd.c ****   {
 476              		.loc 1 230 23 is_stmt 0 view .LVU161
 477 00b8 2346     		mov	r3, r4
 478              	.LVL47:
 230:Drivers/STM32L4xx_HAL_Driver/Src/stm32l4xx_hal_pcd.c ****   {
 479              		.loc 1 230 23 view .LVU162
 480 00ba 53F8040B 		ldr	r0, [r3], #4
 230:Drivers/STM32L4xx_HAL_Driver/Src/stm32l4xx_hal_pcd.c ****   {
 481              		.loc 1 230 7 view .LVU163
 482 00be 0ECB     		ldm	r3, {r1, r2, r3}
 483 00c0 FFF7FEFF 		bl	USB_DevInit
 484              	.LVL48:
 230:Drivers/STM32L4xx_HAL_Driver/Src/stm32l4xx_hal_pcd.c ****   {
 485              		.loc 1 230 6 discriminator 1 view .LVU164
 486 00c4 0546     		mov	r5, r0
 487 00c6 58B9     		cbnz	r0, .L30
 236:Drivers/STM32L4xx_HAL_Driver/Src/stm32l4xx_hal_pcd.c ****   hpcd->State = HAL_PCD_STATE_READY;
ARM GAS  /tmp/ccGeOL5J.s 			page 60


 488              		.loc 1 236 3 is_stmt 1 view .LVU165
 236:Drivers/STM32L4xx_HAL_Driver/Src/stm32l4xx_hal_pcd.c ****   hpcd->State = HAL_PCD_STATE_READY;
 489              		.loc 1 236 21 is_stmt 0 view .LVU166
 490 00c8 0023     		movs	r3, #0
 491 00ca 6373     		strb	r3, [r4, #13]
 237:Drivers/STM32L4xx_HAL_Driver/Src/stm32l4xx_hal_pcd.c **** 
 492              		.loc 1 237 3 is_stmt 1 view .LVU167
 237:Drivers/STM32L4xx_HAL_Driver/Src/stm32l4xx_hal_pcd.c **** 
 493              		.loc 1 237 15 is_stmt 0 view .LVU168
 494 00cc 0123     		movs	r3, #1
 495 00ce 84F89132 		strb	r3, [r4, #657]
 240:Drivers/STM32L4xx_HAL_Driver/Src/stm32l4xx_hal_pcd.c ****   {
 496              		.loc 1 240 3 is_stmt 1 view .LVU169
 240:Drivers/STM32L4xx_HAL_Driver/Src/stm32l4xx_hal_pcd.c ****   {
 497              		.loc 1 240 17 is_stmt 0 view .LVU170
 498 00d2 E37A     		ldrb	r3, [r4, #11]	@ zero_extendqisi2
 240:Drivers/STM32L4xx_HAL_Driver/Src/stm32l4xx_hal_pcd.c ****   {
 499              		.loc 1 240 6 view .LVU171
 500 00d4 012B     		cmp	r3, #1
 501 00d6 08D0     		beq	.L31
 502              	.L24:
 245:Drivers/STM32L4xx_HAL_Driver/Src/stm32l4xx_hal_pcd.c **** 
 503              		.loc 1 245 3 is_stmt 1 view .LVU172
 245:Drivers/STM32L4xx_HAL_Driver/Src/stm32l4xx_hal_pcd.c **** 
 504              		.loc 1 245 9 is_stmt 0 view .LVU173
 505 00d8 2068     		ldr	r0, [r4]
 506 00da FFF7FEFF 		bl	USB_DevDisconnect
 507              	.LVL49:
 247:Drivers/STM32L4xx_HAL_Driver/Src/stm32l4xx_hal_pcd.c **** }
 508              		.loc 1 247 3 is_stmt 1 view .LVU174
 247:Drivers/STM32L4xx_HAL_Driver/Src/stm32l4xx_hal_pcd.c **** }
 509              		.loc 1 247 10 is_stmt 0 view .LVU175
 510 00de A9E7     		b	.L16
 511              	.L30:
 232:Drivers/STM32L4xx_HAL_Driver/Src/stm32l4xx_hal_pcd.c ****     return HAL_ERROR;
 512              		.loc 1 232 5 is_stmt 1 view .LVU176
 232:Drivers/STM32L4xx_HAL_Driver/Src/stm32l4xx_hal_pcd.c ****     return HAL_ERROR;
 513              		.loc 1 232 17 is_stmt 0 view .LVU177
 514 00e0 0223     		movs	r3, #2
 515 00e2 84F89132 		strb	r3, [r4, #657]
 233:Drivers/STM32L4xx_HAL_Driver/Src/stm32l4xx_hal_pcd.c ****   }
 516              		.loc 1 233 5 is_stmt 1 view .LVU178
 233:Drivers/STM32L4xx_HAL_Driver/Src/stm32l4xx_hal_pcd.c ****   }
 517              		.loc 1 233 12 is_stmt 0 view .LVU179
 518 00e6 0125     		movs	r5, #1
 519 00e8 A4E7     		b	.L16
 520              	.L31:
 242:Drivers/STM32L4xx_HAL_Driver/Src/stm32l4xx_hal_pcd.c ****   }
 521              		.loc 1 242 5 is_stmt 1 view .LVU180
 242:Drivers/STM32L4xx_HAL_Driver/Src/stm32l4xx_hal_pcd.c ****   }
 522              		.loc 1 242 11 is_stmt 0 view .LVU181
 523 00ea 2046     		mov	r0, r4
 524 00ec FFF7FEFF 		bl	HAL_PCDEx_ActivateLPM
 525              	.LVL50:
 526 00f0 F2E7     		b	.L24
 527              	.LVL51:
 528              	.L25:
ARM GAS  /tmp/ccGeOL5J.s 			page 61


 141:Drivers/STM32L4xx_HAL_Driver/Src/stm32l4xx_hal_pcd.c ****   }
 529              		.loc 1 141 12 view .LVU182
 530 00f2 0125     		movs	r5, #1
 531 00f4 9EE7     		b	.L16
 532              		.cfi_endproc
 533              	.LFE384:
 535              		.section	.text.HAL_PCD_MspDeInit,"ax",%progbits
 536              		.align	1
 537              		.weak	HAL_PCD_MspDeInit
 538              		.syntax unified
 539              		.thumb
 540              		.thumb_func
 542              	HAL_PCD_MspDeInit:
 543              	.LVL52:
 544              	.LFB387:
 310:Drivers/STM32L4xx_HAL_Driver/Src/stm32l4xx_hal_pcd.c ****   /* Prevent unused argument(s) compilation warning */
 545              		.loc 1 310 1 is_stmt 1 view -0
 546              		.cfi_startproc
 547              		@ args = 0, pretend = 0, frame = 0
 548              		@ frame_needed = 0, uses_anonymous_args = 0
 549              		@ link register save eliminated.
 312:Drivers/STM32L4xx_HAL_Driver/Src/stm32l4xx_hal_pcd.c **** 
 550              		.loc 1 312 3 view .LVU184
 317:Drivers/STM32L4xx_HAL_Driver/Src/stm32l4xx_hal_pcd.c **** 
 551              		.loc 1 317 1 is_stmt 0 view .LVU185
 552 0000 7047     		bx	lr
 553              		.cfi_endproc
 554              	.LFE387:
 556              		.section	.text.HAL_PCD_DeInit,"ax",%progbits
 557              		.align	1
 558              		.global	HAL_PCD_DeInit
 559              		.syntax unified
 560              		.thumb
 561              		.thumb_func
 563              	HAL_PCD_DeInit:
 564              	.LVL53:
 565              	.LFB385:
 256:Drivers/STM32L4xx_HAL_Driver/Src/stm32l4xx_hal_pcd.c ****   /* Check the PCD handle allocation */
 566              		.loc 1 256 1 is_stmt 1 view -0
 567              		.cfi_startproc
 568              		@ args = 0, pretend = 0, frame = 0
 569              		@ frame_needed = 0, uses_anonymous_args = 0
 256:Drivers/STM32L4xx_HAL_Driver/Src/stm32l4xx_hal_pcd.c ****   /* Check the PCD handle allocation */
 570              		.loc 1 256 1 is_stmt 0 view .LVU187
 571 0000 38B5     		push	{r3, r4, r5, lr}
 572              	.LCFI2:
 573              		.cfi_def_cfa_offset 16
 574              		.cfi_offset 3, -16
 575              		.cfi_offset 4, -12
 576              		.cfi_offset 5, -8
 577              		.cfi_offset 14, -4
 258:Drivers/STM32L4xx_HAL_Driver/Src/stm32l4xx_hal_pcd.c ****   {
 578              		.loc 1 258 3 is_stmt 1 view .LVU188
 258:Drivers/STM32L4xx_HAL_Driver/Src/stm32l4xx_hal_pcd.c ****   {
 579              		.loc 1 258 6 is_stmt 0 view .LVU189
 580 0002 90B1     		cbz	r0, .L35
 581 0004 0446     		mov	r4, r0
ARM GAS  /tmp/ccGeOL5J.s 			page 62


 263:Drivers/STM32L4xx_HAL_Driver/Src/stm32l4xx_hal_pcd.c **** 
 582              		.loc 1 263 3 is_stmt 1 view .LVU190
 263:Drivers/STM32L4xx_HAL_Driver/Src/stm32l4xx_hal_pcd.c **** 
 583              		.loc 1 263 15 is_stmt 0 view .LVU191
 584 0006 0323     		movs	r3, #3
 585 0008 80F89132 		strb	r3, [r0, #657]
 266:Drivers/STM32L4xx_HAL_Driver/Src/stm32l4xx_hal_pcd.c ****   {
 586              		.loc 1 266 3 is_stmt 1 view .LVU192
 266:Drivers/STM32L4xx_HAL_Driver/Src/stm32l4xx_hal_pcd.c ****   {
 587              		.loc 1 266 7 is_stmt 0 view .LVU193
 588 000c 0068     		ldr	r0, [r0]
 589              	.LVL54:
 266:Drivers/STM32L4xx_HAL_Driver/Src/stm32l4xx_hal_pcd.c ****   {
 590              		.loc 1 266 7 view .LVU194
 591 000e FFF7FEFF 		bl	USB_StopDevice
 592              	.LVL55:
 266:Drivers/STM32L4xx_HAL_Driver/Src/stm32l4xx_hal_pcd.c ****   {
 593              		.loc 1 266 6 discriminator 1 view .LVU195
 594 0012 0546     		mov	r5, r0
 595 0014 10B1     		cbz	r0, .L38
 268:Drivers/STM32L4xx_HAL_Driver/Src/stm32l4xx_hal_pcd.c ****   }
 596              		.loc 1 268 12 view .LVU196
 597 0016 0125     		movs	r5, #1
 598              	.LVL56:
 599              	.L34:
 287:Drivers/STM32L4xx_HAL_Driver/Src/stm32l4xx_hal_pcd.c **** 
 600              		.loc 1 287 1 view .LVU197
 601 0018 2846     		mov	r0, r5
 602 001a 38BD     		pop	{r3, r4, r5, pc}
 603              	.LVL57:
 604              	.L38:
 281:Drivers/STM32L4xx_HAL_Driver/Src/stm32l4xx_hal_pcd.c **** #endif /* USE_HAL_PCD_REGISTER_CALLBACKS */
 605              		.loc 1 281 3 is_stmt 1 view .LVU198
 606 001c 2046     		mov	r0, r4
 607 001e FFF7FEFF 		bl	HAL_PCD_MspDeInit
 608              	.LVL58:
 284:Drivers/STM32L4xx_HAL_Driver/Src/stm32l4xx_hal_pcd.c **** 
 609              		.loc 1 284 3 view .LVU199
 284:Drivers/STM32L4xx_HAL_Driver/Src/stm32l4xx_hal_pcd.c **** 
 610              		.loc 1 284 15 is_stmt 0 view .LVU200
 611 0022 0023     		movs	r3, #0
 612 0024 84F89132 		strb	r3, [r4, #657]
 286:Drivers/STM32L4xx_HAL_Driver/Src/stm32l4xx_hal_pcd.c **** }
 613              		.loc 1 286 3 is_stmt 1 view .LVU201
 286:Drivers/STM32L4xx_HAL_Driver/Src/stm32l4xx_hal_pcd.c **** }
 614              		.loc 1 286 10 is_stmt 0 view .LVU202
 615 0028 F6E7     		b	.L34
 616              	.LVL59:
 617              	.L35:
 260:Drivers/STM32L4xx_HAL_Driver/Src/stm32l4xx_hal_pcd.c ****   }
 618              		.loc 1 260 12 view .LVU203
 619 002a 0125     		movs	r5, #1
 620 002c F4E7     		b	.L34
 621              		.cfi_endproc
 622              	.LFE385:
 624              		.section	.text.HAL_PCD_Start,"ax",%progbits
 625              		.align	1
ARM GAS  /tmp/ccGeOL5J.s 			page 63


 626              		.global	HAL_PCD_Start
 627              		.syntax unified
 628              		.thumb
 629              		.thumb_func
 631              	HAL_PCD_Start:
 632              	.LVL60:
 633              	.LFB388:
1013:Drivers/STM32L4xx_HAL_Driver/Src/stm32l4xx_hal_pcd.c **** #if defined (USB_OTG_FS)
 634              		.loc 1 1013 1 is_stmt 1 view -0
 635              		.cfi_startproc
 636              		@ args = 0, pretend = 0, frame = 0
 637              		@ frame_needed = 0, uses_anonymous_args = 0
1018:Drivers/STM32L4xx_HAL_Driver/Src/stm32l4xx_hal_pcd.c **** #if defined (USB_OTG_FS)
 638              		.loc 1 1018 3 view .LVU205
1018:Drivers/STM32L4xx_HAL_Driver/Src/stm32l4xx_hal_pcd.c **** #if defined (USB_OTG_FS)
 639              		.loc 1 1018 3 view .LVU206
 640 0000 90F89032 		ldrb	r3, [r0, #656]	@ zero_extendqisi2
 641 0004 012B     		cmp	r3, #1
 642 0006 0ED0     		beq	.L41
1013:Drivers/STM32L4xx_HAL_Driver/Src/stm32l4xx_hal_pcd.c **** #if defined (USB_OTG_FS)
 643              		.loc 1 1013 1 is_stmt 0 view .LVU207
 644 0008 10B5     		push	{r4, lr}
 645              	.LCFI3:
 646              		.cfi_def_cfa_offset 8
 647              		.cfi_offset 4, -8
 648              		.cfi_offset 14, -4
 649 000a 0446     		mov	r4, r0
1018:Drivers/STM32L4xx_HAL_Driver/Src/stm32l4xx_hal_pcd.c **** #if defined (USB_OTG_FS)
 650              		.loc 1 1018 3 is_stmt 1 discriminator 2 view .LVU208
 651 000c 0123     		movs	r3, #1
 652 000e 80F89032 		strb	r3, [r0, #656]
1018:Drivers/STM32L4xx_HAL_Driver/Src/stm32l4xx_hal_pcd.c **** #if defined (USB_OTG_FS)
 653              		.loc 1 1018 3 discriminator 2 view .LVU209
1026:Drivers/STM32L4xx_HAL_Driver/Src/stm32l4xx_hal_pcd.c ****   (void)USB_DevConnect(hpcd->Instance);
 654              		.loc 1 1026 3 view .LVU210
 655 0012 0068     		ldr	r0, [r0]
 656              	.LVL61:
1026:Drivers/STM32L4xx_HAL_Driver/Src/stm32l4xx_hal_pcd.c ****   (void)USB_DevConnect(hpcd->Instance);
 657              		.loc 1 1026 3 is_stmt 0 view .LVU211
 658 0014 FFF7FEFF 		bl	USB_EnableGlobalInt
 659              	.LVL62:
1027:Drivers/STM32L4xx_HAL_Driver/Src/stm32l4xx_hal_pcd.c ****   __HAL_UNLOCK(hpcd);
 660              		.loc 1 1027 3 is_stmt 1 view .LVU212
1027:Drivers/STM32L4xx_HAL_Driver/Src/stm32l4xx_hal_pcd.c ****   __HAL_UNLOCK(hpcd);
 661              		.loc 1 1027 9 is_stmt 0 view .LVU213
 662 0018 2068     		ldr	r0, [r4]
 663 001a FFF7FEFF 		bl	USB_DevConnect
 664              	.LVL63:
1028:Drivers/STM32L4xx_HAL_Driver/Src/stm32l4xx_hal_pcd.c **** 
 665              		.loc 1 1028 3 is_stmt 1 view .LVU214
1028:Drivers/STM32L4xx_HAL_Driver/Src/stm32l4xx_hal_pcd.c **** 
 666              		.loc 1 1028 3 view .LVU215
 667 001e 0020     		movs	r0, #0
 668 0020 84F89002 		strb	r0, [r4, #656]
1028:Drivers/STM32L4xx_HAL_Driver/Src/stm32l4xx_hal_pcd.c **** 
 669              		.loc 1 1028 3 view .LVU216
1030:Drivers/STM32L4xx_HAL_Driver/Src/stm32l4xx_hal_pcd.c **** }
ARM GAS  /tmp/ccGeOL5J.s 			page 64


 670              		.loc 1 1030 3 view .LVU217
1031:Drivers/STM32L4xx_HAL_Driver/Src/stm32l4xx_hal_pcd.c **** 
 671              		.loc 1 1031 1 is_stmt 0 view .LVU218
 672 0024 10BD     		pop	{r4, pc}
 673              	.LVL64:
 674              	.L41:
 675              	.LCFI4:
 676              		.cfi_def_cfa_offset 0
 677              		.cfi_restore 4
 678              		.cfi_restore 14
1018:Drivers/STM32L4xx_HAL_Driver/Src/stm32l4xx_hal_pcd.c **** #if defined (USB_OTG_FS)
 679              		.loc 1 1018 3 discriminator 1 view .LVU219
 680 0026 0220     		movs	r0, #2
 681              	.LVL65:
1031:Drivers/STM32L4xx_HAL_Driver/Src/stm32l4xx_hal_pcd.c **** 
 682              		.loc 1 1031 1 view .LVU220
 683 0028 7047     		bx	lr
 684              		.cfi_endproc
 685              	.LFE388:
 687              		.section	.text.HAL_PCD_Stop,"ax",%progbits
 688              		.align	1
 689              		.global	HAL_PCD_Stop
 690              		.syntax unified
 691              		.thumb
 692              		.thumb_func
 694              	HAL_PCD_Stop:
 695              	.LVL66:
 696              	.LFB389:
1039:Drivers/STM32L4xx_HAL_Driver/Src/stm32l4xx_hal_pcd.c **** #if defined (USB_OTG_FS)
 697              		.loc 1 1039 1 is_stmt 1 view -0
 698              		.cfi_startproc
 699              		@ args = 0, pretend = 0, frame = 0
 700              		@ frame_needed = 0, uses_anonymous_args = 0
1044:Drivers/STM32L4xx_HAL_Driver/Src/stm32l4xx_hal_pcd.c ****   __HAL_PCD_DISABLE(hpcd);
 701              		.loc 1 1044 3 view .LVU222
1044:Drivers/STM32L4xx_HAL_Driver/Src/stm32l4xx_hal_pcd.c ****   __HAL_PCD_DISABLE(hpcd);
 702              		.loc 1 1044 3 view .LVU223
 703 0000 90F89032 		ldrb	r3, [r0, #656]	@ zero_extendqisi2
 704 0004 012B     		cmp	r3, #1
 705 0006 0ED0     		beq	.L48
1039:Drivers/STM32L4xx_HAL_Driver/Src/stm32l4xx_hal_pcd.c **** #if defined (USB_OTG_FS)
 706              		.loc 1 1039 1 is_stmt 0 view .LVU224
 707 0008 10B5     		push	{r4, lr}
 708              	.LCFI5:
 709              		.cfi_def_cfa_offset 8
 710              		.cfi_offset 4, -8
 711              		.cfi_offset 14, -4
 712 000a 0446     		mov	r4, r0
1044:Drivers/STM32L4xx_HAL_Driver/Src/stm32l4xx_hal_pcd.c ****   __HAL_PCD_DISABLE(hpcd);
 713              		.loc 1 1044 3 is_stmt 1 discriminator 2 view .LVU225
 714 000c 0123     		movs	r3, #1
 715 000e 80F89032 		strb	r3, [r0, #656]
1044:Drivers/STM32L4xx_HAL_Driver/Src/stm32l4xx_hal_pcd.c ****   __HAL_PCD_DISABLE(hpcd);
 716              		.loc 1 1044 3 discriminator 2 view .LVU226
1045:Drivers/STM32L4xx_HAL_Driver/Src/stm32l4xx_hal_pcd.c ****   (void)USB_DevDisconnect(hpcd->Instance);
 717              		.loc 1 1045 3 view .LVU227
 718 0012 0068     		ldr	r0, [r0]
ARM GAS  /tmp/ccGeOL5J.s 			page 65


 719              	.LVL67:
1045:Drivers/STM32L4xx_HAL_Driver/Src/stm32l4xx_hal_pcd.c ****   (void)USB_DevDisconnect(hpcd->Instance);
 720              		.loc 1 1045 3 is_stmt 0 view .LVU228
 721 0014 FFF7FEFF 		bl	USB_DisableGlobalInt
 722              	.LVL68:
1046:Drivers/STM32L4xx_HAL_Driver/Src/stm32l4xx_hal_pcd.c **** 
 723              		.loc 1 1046 3 is_stmt 1 view .LVU229
1046:Drivers/STM32L4xx_HAL_Driver/Src/stm32l4xx_hal_pcd.c **** 
 724              		.loc 1 1046 9 is_stmt 0 view .LVU230
 725 0018 2068     		ldr	r0, [r4]
 726 001a FFF7FEFF 		bl	USB_DevDisconnect
 727              	.LVL69:
1058:Drivers/STM32L4xx_HAL_Driver/Src/stm32l4xx_hal_pcd.c **** 
 728              		.loc 1 1058 3 is_stmt 1 view .LVU231
1058:Drivers/STM32L4xx_HAL_Driver/Src/stm32l4xx_hal_pcd.c **** 
 729              		.loc 1 1058 3 view .LVU232
 730 001e 0020     		movs	r0, #0
 731 0020 84F89002 		strb	r0, [r4, #656]
1058:Drivers/STM32L4xx_HAL_Driver/Src/stm32l4xx_hal_pcd.c **** 
 732              		.loc 1 1058 3 view .LVU233
1060:Drivers/STM32L4xx_HAL_Driver/Src/stm32l4xx_hal_pcd.c **** }
 733              		.loc 1 1060 3 view .LVU234
1061:Drivers/STM32L4xx_HAL_Driver/Src/stm32l4xx_hal_pcd.c **** 
 734              		.loc 1 1061 1 is_stmt 0 view .LVU235
 735 0024 10BD     		pop	{r4, pc}
 736              	.LVL70:
 737              	.L48:
 738              	.LCFI6:
 739              		.cfi_def_cfa_offset 0
 740              		.cfi_restore 4
 741              		.cfi_restore 14
1044:Drivers/STM32L4xx_HAL_Driver/Src/stm32l4xx_hal_pcd.c ****   __HAL_PCD_DISABLE(hpcd);
 742              		.loc 1 1044 3 discriminator 1 view .LVU236
 743 0026 0220     		movs	r0, #2
 744              	.LVL71:
1061:Drivers/STM32L4xx_HAL_Driver/Src/stm32l4xx_hal_pcd.c **** 
 745              		.loc 1 1061 1 view .LVU237
 746 0028 7047     		bx	lr
 747              		.cfi_endproc
 748              	.LFE389:
 750              		.section	.text.HAL_PCD_DataOutStageCallback,"ax",%progbits
 751              		.align	1
 752              		.weak	HAL_PCD_DataOutStageCallback
 753              		.syntax unified
 754              		.thumb
 755              		.thumb_func
 757              	HAL_PCD_DataOutStageCallback:
 758              	.LVL72:
 759              	.LFB391:
1665:Drivers/STM32L4xx_HAL_Driver/Src/stm32l4xx_hal_pcd.c ****   /* Prevent unused argument(s) compilation warning */
 760              		.loc 1 1665 1 is_stmt 1 view -0
 761              		.cfi_startproc
 762              		@ args = 0, pretend = 0, frame = 0
 763              		@ frame_needed = 0, uses_anonymous_args = 0
 764              		@ link register save eliminated.
1667:Drivers/STM32L4xx_HAL_Driver/Src/stm32l4xx_hal_pcd.c ****   UNUSED(epnum);
 765              		.loc 1 1667 3 view .LVU239
ARM GAS  /tmp/ccGeOL5J.s 			page 66


1668:Drivers/STM32L4xx_HAL_Driver/Src/stm32l4xx_hal_pcd.c **** 
 766              		.loc 1 1668 3 view .LVU240
1673:Drivers/STM32L4xx_HAL_Driver/Src/stm32l4xx_hal_pcd.c **** 
 767              		.loc 1 1673 1 is_stmt 0 view .LVU241
 768 0000 7047     		bx	lr
 769              		.cfi_endproc
 770              	.LFE391:
 772              		.section	.text.HAL_PCD_DataInStageCallback,"ax",%progbits
 773              		.align	1
 774              		.weak	HAL_PCD_DataInStageCallback
 775              		.syntax unified
 776              		.thumb
 777              		.thumb_func
 779              	HAL_PCD_DataInStageCallback:
 780              	.LVL73:
 781              	.LFB392:
1682:Drivers/STM32L4xx_HAL_Driver/Src/stm32l4xx_hal_pcd.c ****   /* Prevent unused argument(s) compilation warning */
 782              		.loc 1 1682 1 is_stmt 1 view -0
 783              		.cfi_startproc
 784              		@ args = 0, pretend = 0, frame = 0
 785              		@ frame_needed = 0, uses_anonymous_args = 0
 786              		@ link register save eliminated.
1684:Drivers/STM32L4xx_HAL_Driver/Src/stm32l4xx_hal_pcd.c ****   UNUSED(epnum);
 787              		.loc 1 1684 3 view .LVU243
1685:Drivers/STM32L4xx_HAL_Driver/Src/stm32l4xx_hal_pcd.c **** 
 788              		.loc 1 1685 3 view .LVU244
1690:Drivers/STM32L4xx_HAL_Driver/Src/stm32l4xx_hal_pcd.c **** /**
 789              		.loc 1 1690 1 is_stmt 0 view .LVU245
 790 0000 7047     		bx	lr
 791              		.cfi_endproc
 792              	.LFE392:
 794              		.section	.text.HAL_PCD_EP_DB_Transmit,"ax",%progbits
 795              		.align	1
 796              		.syntax unified
 797              		.thumb
 798              		.thumb_func
 800              	HAL_PCD_EP_DB_Transmit:
 801              	.LVL74:
 802              	.LFB419:
2759:Drivers/STM32L4xx_HAL_Driver/Src/stm32l4xx_hal_pcd.c **** 
2760:Drivers/STM32L4xx_HAL_Driver/Src/stm32l4xx_hal_pcd.c **** 
2761:Drivers/STM32L4xx_HAL_Driver/Src/stm32l4xx_hal_pcd.c **** /**
2762:Drivers/STM32L4xx_HAL_Driver/Src/stm32l4xx_hal_pcd.c ****   * @brief  Manage double buffer bulk IN transaction from ISR
2763:Drivers/STM32L4xx_HAL_Driver/Src/stm32l4xx_hal_pcd.c ****   * @param  hpcd PCD handle
2764:Drivers/STM32L4xx_HAL_Driver/Src/stm32l4xx_hal_pcd.c ****   * @param  ep current endpoint handle
2765:Drivers/STM32L4xx_HAL_Driver/Src/stm32l4xx_hal_pcd.c ****   * @param  wEPVal Last snapshot of EPRx register value taken in ISR
2766:Drivers/STM32L4xx_HAL_Driver/Src/stm32l4xx_hal_pcd.c ****   * @retval HAL status
2767:Drivers/STM32L4xx_HAL_Driver/Src/stm32l4xx_hal_pcd.c ****   */
2768:Drivers/STM32L4xx_HAL_Driver/Src/stm32l4xx_hal_pcd.c **** static HAL_StatusTypeDef HAL_PCD_EP_DB_Transmit(PCD_HandleTypeDef *hpcd,
2769:Drivers/STM32L4xx_HAL_Driver/Src/stm32l4xx_hal_pcd.c ****                                                 PCD_EPTypeDef *ep, uint16_t wEPVal)
2770:Drivers/STM32L4xx_HAL_Driver/Src/stm32l4xx_hal_pcd.c **** {
 803              		.loc 1 2770 1 is_stmt 1 view -0
 804              		.cfi_startproc
 805              		@ args = 0, pretend = 0, frame = 0
 806              		@ frame_needed = 0, uses_anonymous_args = 0
 807              		.loc 1 2770 1 is_stmt 0 view .LVU247
 808 0000 70B5     		push	{r4, r5, r6, lr}
ARM GAS  /tmp/ccGeOL5J.s 			page 67


 809              	.LCFI7:
 810              		.cfi_def_cfa_offset 16
 811              		.cfi_offset 4, -16
 812              		.cfi_offset 5, -12
 813              		.cfi_offset 6, -8
 814              		.cfi_offset 14, -4
 815 0002 0546     		mov	r5, r0
 816 0004 0C46     		mov	r4, r1
 817 0006 1646     		mov	r6, r2
2771:Drivers/STM32L4xx_HAL_Driver/Src/stm32l4xx_hal_pcd.c ****   uint32_t len;
 818              		.loc 1 2771 3 is_stmt 1 view .LVU248
2772:Drivers/STM32L4xx_HAL_Driver/Src/stm32l4xx_hal_pcd.c ****   uint16_t TxPctSize;
 819              		.loc 1 2772 3 view .LVU249
2773:Drivers/STM32L4xx_HAL_Driver/Src/stm32l4xx_hal_pcd.c **** 
2774:Drivers/STM32L4xx_HAL_Driver/Src/stm32l4xx_hal_pcd.c ****   /* Data Buffer0 ACK received */
2775:Drivers/STM32L4xx_HAL_Driver/Src/stm32l4xx_hal_pcd.c ****   if ((wEPVal & USB_EP_DTOG_TX) != 0U)
 820              		.loc 1 2775 3 view .LVU250
 821              		.loc 1 2775 6 is_stmt 0 view .LVU251
 822 0008 12F0400F 		tst	r2, #64
 823 000c 00F02081 		beq	.L56
2776:Drivers/STM32L4xx_HAL_Driver/Src/stm32l4xx_hal_pcd.c ****   {
2777:Drivers/STM32L4xx_HAL_Driver/Src/stm32l4xx_hal_pcd.c ****     /* multi-packet on the NON control IN endpoint */
2778:Drivers/STM32L4xx_HAL_Driver/Src/stm32l4xx_hal_pcd.c ****     TxPctSize = (uint16_t)PCD_GET_EP_DBUF0_CNT(hpcd->Instance, ep->num);
 824              		.loc 1 2778 5 is_stmt 1 view .LVU252
 825              		.loc 1 2778 27 is_stmt 0 view .LVU253
 826 0010 0268     		ldr	r2, [r0]
 827              	.LVL75:
 828              		.loc 1 2778 27 view .LVU254
 829 0012 B2F85030 		ldrh	r3, [r2, #80]
 830 0016 0978     		ldrb	r1, [r1]	@ zero_extendqisi2
 831              	.LVL76:
 832              		.loc 1 2778 27 view .LVU255
 833 0018 4FEAC10C 		lsl	ip, r1, #3
 834 001c 1CFA83F3 		uxtah	r3, ip, r3
 835 0020 1344     		add	r3, r3, r2
 836 0022 B3F80224 		ldrh	r2, [r3, #1026]
 837              		.loc 1 2778 15 view .LVU256
 838 0026 C2F30902 		ubfx	r2, r2, #0, #10
 839              	.LVL77:
2779:Drivers/STM32L4xx_HAL_Driver/Src/stm32l4xx_hal_pcd.c **** 
2780:Drivers/STM32L4xx_HAL_Driver/Src/stm32l4xx_hal_pcd.c ****     if (ep->xfer_len > TxPctSize)
 840              		.loc 1 2780 5 is_stmt 1 view .LVU257
 841              		.loc 1 2780 11 is_stmt 0 view .LVU258
 842 002a A369     		ldr	r3, [r4, #24]
 843              		.loc 1 2780 8 view .LVU259
 844 002c 9342     		cmp	r3, r2
 845 002e 2CD9     		bls	.L57
2781:Drivers/STM32L4xx_HAL_Driver/Src/stm32l4xx_hal_pcd.c ****     {
2782:Drivers/STM32L4xx_HAL_Driver/Src/stm32l4xx_hal_pcd.c ****       ep->xfer_len -= TxPctSize;
 846              		.loc 1 2782 7 is_stmt 1 view .LVU260
 847              		.loc 1 2782 20 is_stmt 0 view .LVU261
 848 0030 9B1A     		subs	r3, r3, r2
 849 0032 A361     		str	r3, [r4, #24]
 850              	.L58:
2783:Drivers/STM32L4xx_HAL_Driver/Src/stm32l4xx_hal_pcd.c ****     }
2784:Drivers/STM32L4xx_HAL_Driver/Src/stm32l4xx_hal_pcd.c ****     else
2785:Drivers/STM32L4xx_HAL_Driver/Src/stm32l4xx_hal_pcd.c ****     {
ARM GAS  /tmp/ccGeOL5J.s 			page 68


2786:Drivers/STM32L4xx_HAL_Driver/Src/stm32l4xx_hal_pcd.c ****       ep->xfer_len = 0U;
2787:Drivers/STM32L4xx_HAL_Driver/Src/stm32l4xx_hal_pcd.c ****     }
2788:Drivers/STM32L4xx_HAL_Driver/Src/stm32l4xx_hal_pcd.c **** 
2789:Drivers/STM32L4xx_HAL_Driver/Src/stm32l4xx_hal_pcd.c ****     /* Transfer is completed */
2790:Drivers/STM32L4xx_HAL_Driver/Src/stm32l4xx_hal_pcd.c ****     if (ep->xfer_len == 0U)
 851              		.loc 1 2790 5 is_stmt 1 view .LVU262
 852              		.loc 1 2790 11 is_stmt 0 view .LVU263
 853 0034 A069     		ldr	r0, [r4, #24]
 854              	.LVL78:
 855              		.loc 1 2790 8 view .LVU264
 856 0036 58B3     		cbz	r0, .L98
2791:Drivers/STM32L4xx_HAL_Driver/Src/stm32l4xx_hal_pcd.c ****     {
2792:Drivers/STM32L4xx_HAL_Driver/Src/stm32l4xx_hal_pcd.c ****       PCD_SET_EP_DBUF0_CNT(hpcd->Instance, ep->num, ep->is_in, 0U);
2793:Drivers/STM32L4xx_HAL_Driver/Src/stm32l4xx_hal_pcd.c ****       PCD_SET_EP_DBUF1_CNT(hpcd->Instance, ep->num, ep->is_in, 0U);
2794:Drivers/STM32L4xx_HAL_Driver/Src/stm32l4xx_hal_pcd.c **** 
2795:Drivers/STM32L4xx_HAL_Driver/Src/stm32l4xx_hal_pcd.c ****       if (ep->type == EP_TYPE_BULK)
2796:Drivers/STM32L4xx_HAL_Driver/Src/stm32l4xx_hal_pcd.c ****       {
2797:Drivers/STM32L4xx_HAL_Driver/Src/stm32l4xx_hal_pcd.c ****         /* Set Bulk endpoint in NAK state */
2798:Drivers/STM32L4xx_HAL_Driver/Src/stm32l4xx_hal_pcd.c ****         PCD_SET_EP_TX_STATUS(hpcd->Instance, ep->num, USB_EP_TX_NAK);
2799:Drivers/STM32L4xx_HAL_Driver/Src/stm32l4xx_hal_pcd.c ****       }
2800:Drivers/STM32L4xx_HAL_Driver/Src/stm32l4xx_hal_pcd.c **** 
2801:Drivers/STM32L4xx_HAL_Driver/Src/stm32l4xx_hal_pcd.c ****       /* TX COMPLETE */
2802:Drivers/STM32L4xx_HAL_Driver/Src/stm32l4xx_hal_pcd.c **** #if (USE_HAL_PCD_REGISTER_CALLBACKS == 1U)
2803:Drivers/STM32L4xx_HAL_Driver/Src/stm32l4xx_hal_pcd.c ****       hpcd->DataInStageCallback(hpcd, ep->num);
2804:Drivers/STM32L4xx_HAL_Driver/Src/stm32l4xx_hal_pcd.c **** #else
2805:Drivers/STM32L4xx_HAL_Driver/Src/stm32l4xx_hal_pcd.c ****       HAL_PCD_DataInStageCallback(hpcd, ep->num);
2806:Drivers/STM32L4xx_HAL_Driver/Src/stm32l4xx_hal_pcd.c **** #endif /* USE_HAL_PCD_REGISTER_CALLBACKS */
2807:Drivers/STM32L4xx_HAL_Driver/Src/stm32l4xx_hal_pcd.c **** 
2808:Drivers/STM32L4xx_HAL_Driver/Src/stm32l4xx_hal_pcd.c ****       if ((wEPVal & USB_EP_DTOG_RX) != 0U)
2809:Drivers/STM32L4xx_HAL_Driver/Src/stm32l4xx_hal_pcd.c ****       {
2810:Drivers/STM32L4xx_HAL_Driver/Src/stm32l4xx_hal_pcd.c ****         PCD_FREE_USER_BUFFER(hpcd->Instance, ep->num, 1U);
2811:Drivers/STM32L4xx_HAL_Driver/Src/stm32l4xx_hal_pcd.c ****       }
2812:Drivers/STM32L4xx_HAL_Driver/Src/stm32l4xx_hal_pcd.c **** 
2813:Drivers/STM32L4xx_HAL_Driver/Src/stm32l4xx_hal_pcd.c ****       return HAL_OK;
2814:Drivers/STM32L4xx_HAL_Driver/Src/stm32l4xx_hal_pcd.c ****     }
2815:Drivers/STM32L4xx_HAL_Driver/Src/stm32l4xx_hal_pcd.c ****     else /* Transfer is not yet Done */
2816:Drivers/STM32L4xx_HAL_Driver/Src/stm32l4xx_hal_pcd.c ****     {
2817:Drivers/STM32L4xx_HAL_Driver/Src/stm32l4xx_hal_pcd.c ****       /* Need to Free USB Buffer */
2818:Drivers/STM32L4xx_HAL_Driver/Src/stm32l4xx_hal_pcd.c ****       if ((wEPVal & USB_EP_DTOG_RX) != 0U)
 857              		.loc 1 2818 7 is_stmt 1 view .LVU265
 858              		.loc 1 2818 10 is_stmt 0 view .LVU266
 859 0038 16F4804F 		tst	r6, #16384
 860 003c 0DD0     		beq	.L67
2819:Drivers/STM32L4xx_HAL_Driver/Src/stm32l4xx_hal_pcd.c ****       {
2820:Drivers/STM32L4xx_HAL_Driver/Src/stm32l4xx_hal_pcd.c ****         PCD_FREE_USER_BUFFER(hpcd->Instance, ep->num, 1U);
 861              		.loc 1 2820 9 is_stmt 1 view .LVU267
 862              		.loc 1 2820 9 view .LVU268
 863              		.loc 1 2820 9 discriminator 2 view .LVU269
 864              		.loc 1 2820 9 discriminator 4 view .LVU270
 865              	.LBB6:
 866              		.loc 1 2820 9 discriminator 4 view .LVU271
 867              		.loc 1 2820 9 discriminator 4 view .LVU272
 868 003e 2868     		ldr	r0, [r5]
 869 0040 30F82130 		ldrh	r3, [r0, r1, lsl #2]
 870 0044 9BB2     		uxth	r3, r3
 871 0046 23F4E043 		bic	r3, r3, #28672
 872 004a 23F07003 		bic	r3, r3, #112
ARM GAS  /tmp/ccGeOL5J.s 			page 69


 873              	.LVL79:
 874              		.loc 1 2820 9 discriminator 4 view .LVU273
 875 004e 43F44043 		orr	r3, r3, #49152
 876              	.LVL80:
 877              		.loc 1 2820 9 is_stmt 0 discriminator 4 view .LVU274
 878 0052 43F08003 		orr	r3, r3, #128
 879 0056 20F82130 		strh	r3, [r0, r1, lsl #2]	@ movhi
 880              	.LVL81:
 881              	.L67:
 882              		.loc 1 2820 9 discriminator 4 view .LVU275
 883              	.LBE6:
 884              		.loc 1 2820 9 is_stmt 1 discriminator 6 view .LVU276
 885              		.loc 1 2820 9 discriminator 6 view .LVU277
2821:Drivers/STM32L4xx_HAL_Driver/Src/stm32l4xx_hal_pcd.c ****       }
2822:Drivers/STM32L4xx_HAL_Driver/Src/stm32l4xx_hal_pcd.c **** 
2823:Drivers/STM32L4xx_HAL_Driver/Src/stm32l4xx_hal_pcd.c ****       /* Still there is data to Fill in the next Buffer */
2824:Drivers/STM32L4xx_HAL_Driver/Src/stm32l4xx_hal_pcd.c ****       if (ep->xfer_fill_db == 1U)
 886              		.loc 1 2824 7 view .LVU278
 887              		.loc 1 2824 13 is_stmt 0 view .LVU279
 888 005a 94F82430 		ldrb	r3, [r4, #36]	@ zero_extendqisi2
 889              		.loc 1 2824 10 view .LVU280
 890 005e 012B     		cmp	r3, #1
 891 0060 00F08D80 		beq	.L99
 892              	.LVL82:
 893              	.L68:
2825:Drivers/STM32L4xx_HAL_Driver/Src/stm32l4xx_hal_pcd.c ****       {
2826:Drivers/STM32L4xx_HAL_Driver/Src/stm32l4xx_hal_pcd.c ****         ep->xfer_buff += TxPctSize;
2827:Drivers/STM32L4xx_HAL_Driver/Src/stm32l4xx_hal_pcd.c ****         ep->xfer_count += TxPctSize;
2828:Drivers/STM32L4xx_HAL_Driver/Src/stm32l4xx_hal_pcd.c **** 
2829:Drivers/STM32L4xx_HAL_Driver/Src/stm32l4xx_hal_pcd.c ****         /* Calculate the len of the new buffer to fill */
2830:Drivers/STM32L4xx_HAL_Driver/Src/stm32l4xx_hal_pcd.c ****         if (ep->xfer_len_db >= ep->maxpacket)
2831:Drivers/STM32L4xx_HAL_Driver/Src/stm32l4xx_hal_pcd.c ****         {
2832:Drivers/STM32L4xx_HAL_Driver/Src/stm32l4xx_hal_pcd.c ****           len = ep->maxpacket;
2833:Drivers/STM32L4xx_HAL_Driver/Src/stm32l4xx_hal_pcd.c ****           ep->xfer_len_db -= len;
2834:Drivers/STM32L4xx_HAL_Driver/Src/stm32l4xx_hal_pcd.c ****         }
2835:Drivers/STM32L4xx_HAL_Driver/Src/stm32l4xx_hal_pcd.c ****         else if (ep->xfer_len_db == 0U)
2836:Drivers/STM32L4xx_HAL_Driver/Src/stm32l4xx_hal_pcd.c ****         {
2837:Drivers/STM32L4xx_HAL_Driver/Src/stm32l4xx_hal_pcd.c ****           len = TxPctSize;
2838:Drivers/STM32L4xx_HAL_Driver/Src/stm32l4xx_hal_pcd.c ****           ep->xfer_fill_db = 0U;
2839:Drivers/STM32L4xx_HAL_Driver/Src/stm32l4xx_hal_pcd.c ****         }
2840:Drivers/STM32L4xx_HAL_Driver/Src/stm32l4xx_hal_pcd.c ****         else
2841:Drivers/STM32L4xx_HAL_Driver/Src/stm32l4xx_hal_pcd.c ****         {
2842:Drivers/STM32L4xx_HAL_Driver/Src/stm32l4xx_hal_pcd.c ****           ep->xfer_fill_db = 0U;
2843:Drivers/STM32L4xx_HAL_Driver/Src/stm32l4xx_hal_pcd.c ****           len = ep->xfer_len_db;
2844:Drivers/STM32L4xx_HAL_Driver/Src/stm32l4xx_hal_pcd.c ****           ep->xfer_len_db = 0U;
2845:Drivers/STM32L4xx_HAL_Driver/Src/stm32l4xx_hal_pcd.c ****         }
2846:Drivers/STM32L4xx_HAL_Driver/Src/stm32l4xx_hal_pcd.c **** 
2847:Drivers/STM32L4xx_HAL_Driver/Src/stm32l4xx_hal_pcd.c ****         /* Write remaining Data to Buffer */
2848:Drivers/STM32L4xx_HAL_Driver/Src/stm32l4xx_hal_pcd.c ****         /* Set the Double buffer counter for pma buffer0 */
2849:Drivers/STM32L4xx_HAL_Driver/Src/stm32l4xx_hal_pcd.c ****         PCD_SET_EP_DBUF0_CNT(hpcd->Instance, ep->num, ep->is_in, len);
2850:Drivers/STM32L4xx_HAL_Driver/Src/stm32l4xx_hal_pcd.c **** 
2851:Drivers/STM32L4xx_HAL_Driver/Src/stm32l4xx_hal_pcd.c ****         /* Copy user buffer to USB PMA */
2852:Drivers/STM32L4xx_HAL_Driver/Src/stm32l4xx_hal_pcd.c ****         USB_WritePMA(hpcd->Instance, ep->xfer_buff,  ep->pmaaddr0, (uint16_t)len);
2853:Drivers/STM32L4xx_HAL_Driver/Src/stm32l4xx_hal_pcd.c ****       }
2854:Drivers/STM32L4xx_HAL_Driver/Src/stm32l4xx_hal_pcd.c ****     }
2855:Drivers/STM32L4xx_HAL_Driver/Src/stm32l4xx_hal_pcd.c ****   }
2856:Drivers/STM32L4xx_HAL_Driver/Src/stm32l4xx_hal_pcd.c ****   else /* Data Buffer1 ACK received */
ARM GAS  /tmp/ccGeOL5J.s 			page 70


2857:Drivers/STM32L4xx_HAL_Driver/Src/stm32l4xx_hal_pcd.c ****   {
2858:Drivers/STM32L4xx_HAL_Driver/Src/stm32l4xx_hal_pcd.c ****     /* multi-packet on the NON control IN endpoint */
2859:Drivers/STM32L4xx_HAL_Driver/Src/stm32l4xx_hal_pcd.c ****     TxPctSize = (uint16_t)PCD_GET_EP_DBUF1_CNT(hpcd->Instance, ep->num);
2860:Drivers/STM32L4xx_HAL_Driver/Src/stm32l4xx_hal_pcd.c **** 
2861:Drivers/STM32L4xx_HAL_Driver/Src/stm32l4xx_hal_pcd.c ****     if (ep->xfer_len >= TxPctSize)
2862:Drivers/STM32L4xx_HAL_Driver/Src/stm32l4xx_hal_pcd.c ****     {
2863:Drivers/STM32L4xx_HAL_Driver/Src/stm32l4xx_hal_pcd.c ****       ep->xfer_len -= TxPctSize;
2864:Drivers/STM32L4xx_HAL_Driver/Src/stm32l4xx_hal_pcd.c ****     }
2865:Drivers/STM32L4xx_HAL_Driver/Src/stm32l4xx_hal_pcd.c ****     else
2866:Drivers/STM32L4xx_HAL_Driver/Src/stm32l4xx_hal_pcd.c ****     {
2867:Drivers/STM32L4xx_HAL_Driver/Src/stm32l4xx_hal_pcd.c ****       ep->xfer_len = 0U;
2868:Drivers/STM32L4xx_HAL_Driver/Src/stm32l4xx_hal_pcd.c ****     }
2869:Drivers/STM32L4xx_HAL_Driver/Src/stm32l4xx_hal_pcd.c **** 
2870:Drivers/STM32L4xx_HAL_Driver/Src/stm32l4xx_hal_pcd.c ****     /* Transfer is completed */
2871:Drivers/STM32L4xx_HAL_Driver/Src/stm32l4xx_hal_pcd.c ****     if (ep->xfer_len == 0U)
2872:Drivers/STM32L4xx_HAL_Driver/Src/stm32l4xx_hal_pcd.c ****     {
2873:Drivers/STM32L4xx_HAL_Driver/Src/stm32l4xx_hal_pcd.c ****       PCD_SET_EP_DBUF0_CNT(hpcd->Instance, ep->num, ep->is_in, 0U);
2874:Drivers/STM32L4xx_HAL_Driver/Src/stm32l4xx_hal_pcd.c ****       PCD_SET_EP_DBUF1_CNT(hpcd->Instance, ep->num, ep->is_in, 0U);
2875:Drivers/STM32L4xx_HAL_Driver/Src/stm32l4xx_hal_pcd.c **** 
2876:Drivers/STM32L4xx_HAL_Driver/Src/stm32l4xx_hal_pcd.c ****       if (ep->type == EP_TYPE_BULK)
2877:Drivers/STM32L4xx_HAL_Driver/Src/stm32l4xx_hal_pcd.c ****       {
2878:Drivers/STM32L4xx_HAL_Driver/Src/stm32l4xx_hal_pcd.c ****         /* Set Bulk endpoint in NAK state */
2879:Drivers/STM32L4xx_HAL_Driver/Src/stm32l4xx_hal_pcd.c ****         PCD_SET_EP_TX_STATUS(hpcd->Instance, ep->num, USB_EP_TX_NAK);
2880:Drivers/STM32L4xx_HAL_Driver/Src/stm32l4xx_hal_pcd.c ****       }
2881:Drivers/STM32L4xx_HAL_Driver/Src/stm32l4xx_hal_pcd.c **** 
2882:Drivers/STM32L4xx_HAL_Driver/Src/stm32l4xx_hal_pcd.c ****       /* TX COMPLETE */
2883:Drivers/STM32L4xx_HAL_Driver/Src/stm32l4xx_hal_pcd.c **** #if (USE_HAL_PCD_REGISTER_CALLBACKS == 1U)
2884:Drivers/STM32L4xx_HAL_Driver/Src/stm32l4xx_hal_pcd.c ****       hpcd->DataInStageCallback(hpcd, ep->num);
2885:Drivers/STM32L4xx_HAL_Driver/Src/stm32l4xx_hal_pcd.c **** #else
2886:Drivers/STM32L4xx_HAL_Driver/Src/stm32l4xx_hal_pcd.c ****       HAL_PCD_DataInStageCallback(hpcd, ep->num);
2887:Drivers/STM32L4xx_HAL_Driver/Src/stm32l4xx_hal_pcd.c **** #endif /* USE_HAL_PCD_REGISTER_CALLBACKS */
2888:Drivers/STM32L4xx_HAL_Driver/Src/stm32l4xx_hal_pcd.c **** 
2889:Drivers/STM32L4xx_HAL_Driver/Src/stm32l4xx_hal_pcd.c ****       /* need to Free USB Buff */
2890:Drivers/STM32L4xx_HAL_Driver/Src/stm32l4xx_hal_pcd.c ****       if ((wEPVal & USB_EP_DTOG_RX) == 0U)
2891:Drivers/STM32L4xx_HAL_Driver/Src/stm32l4xx_hal_pcd.c ****       {
2892:Drivers/STM32L4xx_HAL_Driver/Src/stm32l4xx_hal_pcd.c ****         PCD_FREE_USER_BUFFER(hpcd->Instance, ep->num, 1U);
2893:Drivers/STM32L4xx_HAL_Driver/Src/stm32l4xx_hal_pcd.c ****       }
2894:Drivers/STM32L4xx_HAL_Driver/Src/stm32l4xx_hal_pcd.c **** 
2895:Drivers/STM32L4xx_HAL_Driver/Src/stm32l4xx_hal_pcd.c ****       return HAL_OK;
2896:Drivers/STM32L4xx_HAL_Driver/Src/stm32l4xx_hal_pcd.c ****     }
2897:Drivers/STM32L4xx_HAL_Driver/Src/stm32l4xx_hal_pcd.c ****     else /* Transfer is not yet Done */
2898:Drivers/STM32L4xx_HAL_Driver/Src/stm32l4xx_hal_pcd.c ****     {
2899:Drivers/STM32L4xx_HAL_Driver/Src/stm32l4xx_hal_pcd.c ****       /* Need to Free USB Buffer */
2900:Drivers/STM32L4xx_HAL_Driver/Src/stm32l4xx_hal_pcd.c ****       if ((wEPVal & USB_EP_DTOG_RX) == 0U)
2901:Drivers/STM32L4xx_HAL_Driver/Src/stm32l4xx_hal_pcd.c ****       {
2902:Drivers/STM32L4xx_HAL_Driver/Src/stm32l4xx_hal_pcd.c ****         PCD_FREE_USER_BUFFER(hpcd->Instance, ep->num, 1U);
2903:Drivers/STM32L4xx_HAL_Driver/Src/stm32l4xx_hal_pcd.c ****       }
2904:Drivers/STM32L4xx_HAL_Driver/Src/stm32l4xx_hal_pcd.c **** 
2905:Drivers/STM32L4xx_HAL_Driver/Src/stm32l4xx_hal_pcd.c ****       /* Still there is data to Fill in the next Buffer */
2906:Drivers/STM32L4xx_HAL_Driver/Src/stm32l4xx_hal_pcd.c ****       if (ep->xfer_fill_db == 1U)
2907:Drivers/STM32L4xx_HAL_Driver/Src/stm32l4xx_hal_pcd.c ****       {
2908:Drivers/STM32L4xx_HAL_Driver/Src/stm32l4xx_hal_pcd.c ****         ep->xfer_buff += TxPctSize;
2909:Drivers/STM32L4xx_HAL_Driver/Src/stm32l4xx_hal_pcd.c ****         ep->xfer_count += TxPctSize;
2910:Drivers/STM32L4xx_HAL_Driver/Src/stm32l4xx_hal_pcd.c **** 
2911:Drivers/STM32L4xx_HAL_Driver/Src/stm32l4xx_hal_pcd.c ****         /* Calculate the len of the new buffer to fill */
2912:Drivers/STM32L4xx_HAL_Driver/Src/stm32l4xx_hal_pcd.c ****         if (ep->xfer_len_db >= ep->maxpacket)
2913:Drivers/STM32L4xx_HAL_Driver/Src/stm32l4xx_hal_pcd.c ****         {
ARM GAS  /tmp/ccGeOL5J.s 			page 71


2914:Drivers/STM32L4xx_HAL_Driver/Src/stm32l4xx_hal_pcd.c ****           len = ep->maxpacket;
2915:Drivers/STM32L4xx_HAL_Driver/Src/stm32l4xx_hal_pcd.c ****           ep->xfer_len_db -= len;
2916:Drivers/STM32L4xx_HAL_Driver/Src/stm32l4xx_hal_pcd.c ****         }
2917:Drivers/STM32L4xx_HAL_Driver/Src/stm32l4xx_hal_pcd.c ****         else if (ep->xfer_len_db == 0U)
2918:Drivers/STM32L4xx_HAL_Driver/Src/stm32l4xx_hal_pcd.c ****         {
2919:Drivers/STM32L4xx_HAL_Driver/Src/stm32l4xx_hal_pcd.c ****           len = TxPctSize;
2920:Drivers/STM32L4xx_HAL_Driver/Src/stm32l4xx_hal_pcd.c ****           ep->xfer_fill_db = 0U;
2921:Drivers/STM32L4xx_HAL_Driver/Src/stm32l4xx_hal_pcd.c ****         }
2922:Drivers/STM32L4xx_HAL_Driver/Src/stm32l4xx_hal_pcd.c ****         else
2923:Drivers/STM32L4xx_HAL_Driver/Src/stm32l4xx_hal_pcd.c ****         {
2924:Drivers/STM32L4xx_HAL_Driver/Src/stm32l4xx_hal_pcd.c ****           len = ep->xfer_len_db;
2925:Drivers/STM32L4xx_HAL_Driver/Src/stm32l4xx_hal_pcd.c ****           ep->xfer_len_db = 0U;
2926:Drivers/STM32L4xx_HAL_Driver/Src/stm32l4xx_hal_pcd.c ****           ep->xfer_fill_db = 0;
2927:Drivers/STM32L4xx_HAL_Driver/Src/stm32l4xx_hal_pcd.c ****         }
2928:Drivers/STM32L4xx_HAL_Driver/Src/stm32l4xx_hal_pcd.c **** 
2929:Drivers/STM32L4xx_HAL_Driver/Src/stm32l4xx_hal_pcd.c ****         /* Set the Double buffer counter for pma buffer1 */
2930:Drivers/STM32L4xx_HAL_Driver/Src/stm32l4xx_hal_pcd.c ****         PCD_SET_EP_DBUF1_CNT(hpcd->Instance, ep->num, ep->is_in, len);
2931:Drivers/STM32L4xx_HAL_Driver/Src/stm32l4xx_hal_pcd.c **** 
2932:Drivers/STM32L4xx_HAL_Driver/Src/stm32l4xx_hal_pcd.c ****         /* Copy the user buffer to USB PMA */
2933:Drivers/STM32L4xx_HAL_Driver/Src/stm32l4xx_hal_pcd.c ****         USB_WritePMA(hpcd->Instance, ep->xfer_buff,  ep->pmaaddr1, (uint16_t)len);
2934:Drivers/STM32L4xx_HAL_Driver/Src/stm32l4xx_hal_pcd.c ****       }
2935:Drivers/STM32L4xx_HAL_Driver/Src/stm32l4xx_hal_pcd.c ****     }
2936:Drivers/STM32L4xx_HAL_Driver/Src/stm32l4xx_hal_pcd.c ****   }
2937:Drivers/STM32L4xx_HAL_Driver/Src/stm32l4xx_hal_pcd.c **** 
2938:Drivers/STM32L4xx_HAL_Driver/Src/stm32l4xx_hal_pcd.c ****   /* Enable endpoint IN */
2939:Drivers/STM32L4xx_HAL_Driver/Src/stm32l4xx_hal_pcd.c ****   PCD_SET_EP_TX_STATUS(hpcd->Instance, ep->num, USB_EP_TX_VALID);
 894              		.loc 1 2939 3 is_stmt 1 view .LVU281
 895              	.LBB7:
 896              		.loc 1 2939 3 view .LVU282
 897              		.loc 1 2939 3 view .LVU283
 898 0064 2A68     		ldr	r2, [r5]
 899 0066 2178     		ldrb	r1, [r4]	@ zero_extendqisi2
 900 0068 32F82130 		ldrh	r3, [r2, r1, lsl #2]
 901 006c 9BB2     		uxth	r3, r3
 902 006e 23F4E043 		bic	r3, r3, #28672
 903 0072 23F04003 		bic	r3, r3, #64
 904              	.LVL83:
 905              		.loc 1 2939 3 view .LVU284
 906              		.loc 1 2939 3 discriminator 1 view .LVU285
 907              		.loc 1 2939 3 discriminator 3 view .LVU286
 908              		.loc 1 2939 3 discriminator 4 view .LVU287
 909 0076 83F03003 		eor	r3, r3, #48
 910              	.LVL84:
 911              		.loc 1 2939 3 discriminator 6 view .LVU288
 912 007a 43F40043 		orr	r3, r3, #32768
 913              	.LVL85:
 914              		.loc 1 2939 3 is_stmt 0 discriminator 6 view .LVU289
 915 007e 43F08003 		orr	r3, r3, #128
 916 0082 22F82130 		strh	r3, [r2, r1, lsl #2]	@ movhi
 917              	.LBE7:
 918              		.loc 1 2939 3 is_stmt 1 discriminator 6 view .LVU290
2940:Drivers/STM32L4xx_HAL_Driver/Src/stm32l4xx_hal_pcd.c **** 
2941:Drivers/STM32L4xx_HAL_Driver/Src/stm32l4xx_hal_pcd.c ****   return HAL_OK;
 919              		.loc 1 2941 3 view .LVU291
 920              	.LVL86:
 921              	.L66:
2942:Drivers/STM32L4xx_HAL_Driver/Src/stm32l4xx_hal_pcd.c **** }
ARM GAS  /tmp/ccGeOL5J.s 			page 72


 922              		.loc 1 2942 1 is_stmt 0 view .LVU292
 923 0086 0020     		movs	r0, #0
 924 0088 70BD     		pop	{r4, r5, r6, pc}
 925              	.LVL87:
 926              	.L57:
2786:Drivers/STM32L4xx_HAL_Driver/Src/stm32l4xx_hal_pcd.c ****     }
 927              		.loc 1 2786 7 is_stmt 1 view .LVU293
2786:Drivers/STM32L4xx_HAL_Driver/Src/stm32l4xx_hal_pcd.c ****     }
 928              		.loc 1 2786 20 is_stmt 0 view .LVU294
 929 008a 0023     		movs	r3, #0
 930 008c A361     		str	r3, [r4, #24]
 931 008e D1E7     		b	.L58
 932              	.LVL88:
 933              	.L98:
2792:Drivers/STM32L4xx_HAL_Driver/Src/stm32l4xx_hal_pcd.c ****       PCD_SET_EP_DBUF1_CNT(hpcd->Instance, ep->num, ep->is_in, 0U);
 934              		.loc 1 2792 7 is_stmt 1 view .LVU295
2792:Drivers/STM32L4xx_HAL_Driver/Src/stm32l4xx_hal_pcd.c ****       PCD_SET_EP_DBUF1_CNT(hpcd->Instance, ep->num, ep->is_in, 0U);
 935              		.loc 1 2792 7 view .LVU296
 936 0090 6378     		ldrb	r3, [r4, #1]	@ zero_extendqisi2
 937 0092 002B     		cmp	r3, #0
 938 0094 48D1     		bne	.L60
2792:Drivers/STM32L4xx_HAL_Driver/Src/stm32l4xx_hal_pcd.c ****       PCD_SET_EP_DBUF1_CNT(hpcd->Instance, ep->num, ep->is_in, 0U);
 939              		.loc 1 2792 7 discriminator 1 view .LVU297
 940              	.LBB8:
2792:Drivers/STM32L4xx_HAL_Driver/Src/stm32l4xx_hal_pcd.c ****       PCD_SET_EP_DBUF1_CNT(hpcd->Instance, ep->num, ep->is_in, 0U);
 941              		.loc 1 2792 7 discriminator 1 view .LVU298
 942 0096 2A68     		ldr	r2, [r5]
 943              	.LVL89:
2792:Drivers/STM32L4xx_HAL_Driver/Src/stm32l4xx_hal_pcd.c ****       PCD_SET_EP_DBUF1_CNT(hpcd->Instance, ep->num, ep->is_in, 0U);
 944              		.loc 1 2792 7 discriminator 1 view .LVU299
2792:Drivers/STM32L4xx_HAL_Driver/Src/stm32l4xx_hal_pcd.c ****       PCD_SET_EP_DBUF1_CNT(hpcd->Instance, ep->num, ep->is_in, 0U);
 945              		.loc 1 2792 7 discriminator 1 view .LVU300
 946 0098 B2F85030 		ldrh	r3, [r2, #80]
 947 009c 12FA83F3 		uxtah	r3, r2, r3
 948              	.LVL90:
2792:Drivers/STM32L4xx_HAL_Driver/Src/stm32l4xx_hal_pcd.c ****       PCD_SET_EP_DBUF1_CNT(hpcd->Instance, ep->num, ep->is_in, 0U);
 949              		.loc 1 2792 7 discriminator 1 view .LVU301
 950 00a0 6344     		add	r3, r3, ip
 951              	.LVL91:
2792:Drivers/STM32L4xx_HAL_Driver/Src/stm32l4xx_hal_pcd.c ****       PCD_SET_EP_DBUF1_CNT(hpcd->Instance, ep->num, ep->is_in, 0U);
 952              		.loc 1 2792 7 discriminator 1 view .LVU302
 953              	.LBB9:
2792:Drivers/STM32L4xx_HAL_Driver/Src/stm32l4xx_hal_pcd.c ****       PCD_SET_EP_DBUF1_CNT(hpcd->Instance, ep->num, ep->is_in, 0U);
 954              		.loc 1 2792 7 discriminator 1 view .LVU303
2792:Drivers/STM32L4xx_HAL_Driver/Src/stm32l4xx_hal_pcd.c ****       PCD_SET_EP_DBUF1_CNT(hpcd->Instance, ep->num, ep->is_in, 0U);
 955              		.loc 1 2792 7 discriminator 1 view .LVU304
 956 00a2 B3F80224 		ldrh	r2, [r3, #1026]
 957 00a6 C2F30902 		ubfx	r2, r2, #0, #10
 958 00aa A3F80224 		strh	r2, [r3, #1026]	@ movhi
2792:Drivers/STM32L4xx_HAL_Driver/Src/stm32l4xx_hal_pcd.c ****       PCD_SET_EP_DBUF1_CNT(hpcd->Instance, ep->num, ep->is_in, 0U);
 959              		.loc 1 2792 7 discriminator 1 view .LVU305
2792:Drivers/STM32L4xx_HAL_Driver/Src/stm32l4xx_hal_pcd.c ****       PCD_SET_EP_DBUF1_CNT(hpcd->Instance, ep->num, ep->is_in, 0U);
 960              		.loc 1 2792 7 discriminator 3 view .LVU306
 961 00ae B3F80224 		ldrh	r2, [r3, #1026]
 962 00b2 6FEA4242 		mvn	r2, r2, lsl #17
 963 00b6 6FEA5242 		mvn	r2, r2, lsr #17
 964 00ba 92B2     		uxth	r2, r2
ARM GAS  /tmp/ccGeOL5J.s 			page 73


 965 00bc A3F80224 		strh	r2, [r3, #1026]	@ movhi
2792:Drivers/STM32L4xx_HAL_Driver/Src/stm32l4xx_hal_pcd.c ****       PCD_SET_EP_DBUF1_CNT(hpcd->Instance, ep->num, ep->is_in, 0U);
 966              		.loc 1 2792 7 discriminator 15 view .LVU307
 967              	.LBE9:
2792:Drivers/STM32L4xx_HAL_Driver/Src/stm32l4xx_hal_pcd.c ****       PCD_SET_EP_DBUF1_CNT(hpcd->Instance, ep->num, ep->is_in, 0U);
 968              		.loc 1 2792 7 discriminator 15 view .LVU308
 969              	.LBE8:
2792:Drivers/STM32L4xx_HAL_Driver/Src/stm32l4xx_hal_pcd.c ****       PCD_SET_EP_DBUF1_CNT(hpcd->Instance, ep->num, ep->is_in, 0U);
 970              		.loc 1 2792 7 discriminator 15 view .LVU309
 971              	.LVL92:
 972              	.L61:
2792:Drivers/STM32L4xx_HAL_Driver/Src/stm32l4xx_hal_pcd.c ****       PCD_SET_EP_DBUF1_CNT(hpcd->Instance, ep->num, ep->is_in, 0U);
 973              		.loc 1 2792 7 discriminator 18 view .LVU310
2792:Drivers/STM32L4xx_HAL_Driver/Src/stm32l4xx_hal_pcd.c ****       PCD_SET_EP_DBUF1_CNT(hpcd->Instance, ep->num, ep->is_in, 0U);
 974              		.loc 1 2792 7 discriminator 18 view .LVU311
2793:Drivers/STM32L4xx_HAL_Driver/Src/stm32l4xx_hal_pcd.c **** 
 975              		.loc 1 2793 7 view .LVU312
 976              	.LBB10:
2793:Drivers/STM32L4xx_HAL_Driver/Src/stm32l4xx_hal_pcd.c **** 
 977              		.loc 1 2793 7 view .LVU313
 978 00c0 2A68     		ldr	r2, [r5]
 979              	.LVL93:
2793:Drivers/STM32L4xx_HAL_Driver/Src/stm32l4xx_hal_pcd.c **** 
 980              		.loc 1 2793 7 view .LVU314
2793:Drivers/STM32L4xx_HAL_Driver/Src/stm32l4xx_hal_pcd.c **** 
 981              		.loc 1 2793 7 view .LVU315
 982 00c2 6378     		ldrb	r3, [r4, #1]	@ zero_extendqisi2
 983 00c4 002B     		cmp	r3, #0
 984 00c6 3BD1     		bne	.L62
2793:Drivers/STM32L4xx_HAL_Driver/Src/stm32l4xx_hal_pcd.c **** 
 985              		.loc 1 2793 7 discriminator 1 view .LVU316
 986              	.LBB11:
2793:Drivers/STM32L4xx_HAL_Driver/Src/stm32l4xx_hal_pcd.c **** 
 987              		.loc 1 2793 7 discriminator 1 view .LVU317
 988              	.LVL94:
2793:Drivers/STM32L4xx_HAL_Driver/Src/stm32l4xx_hal_pcd.c **** 
 989              		.loc 1 2793 7 discriminator 1 view .LVU318
2793:Drivers/STM32L4xx_HAL_Driver/Src/stm32l4xx_hal_pcd.c **** 
 990              		.loc 1 2793 7 discriminator 1 view .LVU319
 991 00c8 B2F85030 		ldrh	r3, [r2, #80]
 992 00cc 12FA83F3 		uxtah	r3, r2, r3
 993              	.LVL95:
2793:Drivers/STM32L4xx_HAL_Driver/Src/stm32l4xx_hal_pcd.c **** 
 994              		.loc 1 2793 7 discriminator 1 view .LVU320
 995 00d0 2278     		ldrb	r2, [r4]	@ zero_extendqisi2
 996              	.LVL96:
2793:Drivers/STM32L4xx_HAL_Driver/Src/stm32l4xx_hal_pcd.c **** 
 997              		.loc 1 2793 7 is_stmt 0 discriminator 1 view .LVU321
 998 00d2 03EBC203 		add	r3, r3, r2, lsl #3
 999              	.LVL97:
2793:Drivers/STM32L4xx_HAL_Driver/Src/stm32l4xx_hal_pcd.c **** 
 1000              		.loc 1 2793 7 is_stmt 1 discriminator 1 view .LVU322
 1001              	.LBB12:
2793:Drivers/STM32L4xx_HAL_Driver/Src/stm32l4xx_hal_pcd.c **** 
 1002              		.loc 1 2793 7 discriminator 1 view .LVU323
2793:Drivers/STM32L4xx_HAL_Driver/Src/stm32l4xx_hal_pcd.c **** 
 1003              		.loc 1 2793 7 discriminator 1 view .LVU324
ARM GAS  /tmp/ccGeOL5J.s 			page 74


 1004 00d6 B3F80624 		ldrh	r2, [r3, #1030]
 1005 00da C2F30902 		ubfx	r2, r2, #0, #10
 1006 00de A3F80624 		strh	r2, [r3, #1030]	@ movhi
 1007              	.LVL98:
2793:Drivers/STM32L4xx_HAL_Driver/Src/stm32l4xx_hal_pcd.c **** 
 1008              		.loc 1 2793 7 discriminator 1 view .LVU325
2793:Drivers/STM32L4xx_HAL_Driver/Src/stm32l4xx_hal_pcd.c **** 
 1009              		.loc 1 2793 7 discriminator 3 view .LVU326
 1010 00e2 B3F80624 		ldrh	r2, [r3, #1030]
 1011 00e6 6FEA4242 		mvn	r2, r2, lsl #17
 1012 00ea 6FEA5242 		mvn	r2, r2, lsr #17
 1013 00ee 92B2     		uxth	r2, r2
 1014 00f0 A3F80624 		strh	r2, [r3, #1030]	@ movhi
2793:Drivers/STM32L4xx_HAL_Driver/Src/stm32l4xx_hal_pcd.c **** 
 1015              		.loc 1 2793 7 discriminator 15 view .LVU327
 1016              	.LBE12:
2793:Drivers/STM32L4xx_HAL_Driver/Src/stm32l4xx_hal_pcd.c **** 
 1017              		.loc 1 2793 7 discriminator 15 view .LVU328
 1018              	.LBE11:
2793:Drivers/STM32L4xx_HAL_Driver/Src/stm32l4xx_hal_pcd.c **** 
 1019              		.loc 1 2793 7 discriminator 15 view .LVU329
 1020              	.LVL99:
 1021              	.L63:
2793:Drivers/STM32L4xx_HAL_Driver/Src/stm32l4xx_hal_pcd.c **** 
 1022              		.loc 1 2793 7 is_stmt 0 discriminator 15 view .LVU330
 1023              	.LBE10:
2793:Drivers/STM32L4xx_HAL_Driver/Src/stm32l4xx_hal_pcd.c **** 
 1024              		.loc 1 2793 7 is_stmt 1 discriminator 18 view .LVU331
2795:Drivers/STM32L4xx_HAL_Driver/Src/stm32l4xx_hal_pcd.c ****       {
 1025              		.loc 1 2795 7 view .LVU332
2795:Drivers/STM32L4xx_HAL_Driver/Src/stm32l4xx_hal_pcd.c ****       {
 1026              		.loc 1 2795 13 is_stmt 0 view .LVU333
 1027 00f4 E378     		ldrb	r3, [r4, #3]	@ zero_extendqisi2
2795:Drivers/STM32L4xx_HAL_Driver/Src/stm32l4xx_hal_pcd.c ****       {
 1028              		.loc 1 2795 10 view .LVU334
 1029 00f6 022B     		cmp	r3, #2
 1030 00f8 2FD0     		beq	.L100
 1031              	.L64:
2798:Drivers/STM32L4xx_HAL_Driver/Src/stm32l4xx_hal_pcd.c ****       }
 1032              		.loc 1 2798 9 is_stmt 1 discriminator 7 view .LVU335
2805:Drivers/STM32L4xx_HAL_Driver/Src/stm32l4xx_hal_pcd.c **** #endif /* USE_HAL_PCD_REGISTER_CALLBACKS */
 1033              		.loc 1 2805 7 view .LVU336
 1034 00fa 2178     		ldrb	r1, [r4]	@ zero_extendqisi2
 1035 00fc 2846     		mov	r0, r5
 1036 00fe FFF7FEFF 		bl	HAL_PCD_DataInStageCallback
 1037              	.LVL100:
2808:Drivers/STM32L4xx_HAL_Driver/Src/stm32l4xx_hal_pcd.c ****       {
 1038              		.loc 1 2808 7 view .LVU337
2808:Drivers/STM32L4xx_HAL_Driver/Src/stm32l4xx_hal_pcd.c ****       {
 1039              		.loc 1 2808 10 is_stmt 0 view .LVU338
 1040 0102 16F4804F 		tst	r6, #16384
 1041 0106 BED0     		beq	.L66
2810:Drivers/STM32L4xx_HAL_Driver/Src/stm32l4xx_hal_pcd.c ****       }
 1042              		.loc 1 2810 9 is_stmt 1 view .LVU339
2810:Drivers/STM32L4xx_HAL_Driver/Src/stm32l4xx_hal_pcd.c ****       }
 1043              		.loc 1 2810 9 view .LVU340
2810:Drivers/STM32L4xx_HAL_Driver/Src/stm32l4xx_hal_pcd.c ****       }
ARM GAS  /tmp/ccGeOL5J.s 			page 75


 1044              		.loc 1 2810 9 discriminator 2 view .LVU341
2810:Drivers/STM32L4xx_HAL_Driver/Src/stm32l4xx_hal_pcd.c ****       }
 1045              		.loc 1 2810 9 discriminator 4 view .LVU342
 1046              	.LBB13:
2810:Drivers/STM32L4xx_HAL_Driver/Src/stm32l4xx_hal_pcd.c ****       }
 1047              		.loc 1 2810 9 discriminator 4 view .LVU343
2810:Drivers/STM32L4xx_HAL_Driver/Src/stm32l4xx_hal_pcd.c ****       }
 1048              		.loc 1 2810 9 discriminator 4 view .LVU344
 1049 0108 2A68     		ldr	r2, [r5]
 1050 010a 2178     		ldrb	r1, [r4]	@ zero_extendqisi2
 1051 010c 32F82130 		ldrh	r3, [r2, r1, lsl #2]
 1052 0110 9BB2     		uxth	r3, r3
 1053 0112 23F4E043 		bic	r3, r3, #28672
 1054 0116 23F07003 		bic	r3, r3, #112
 1055              	.LVL101:
2810:Drivers/STM32L4xx_HAL_Driver/Src/stm32l4xx_hal_pcd.c ****       }
 1056              		.loc 1 2810 9 discriminator 4 view .LVU345
 1057 011a 43F44043 		orr	r3, r3, #49152
 1058              	.LVL102:
2810:Drivers/STM32L4xx_HAL_Driver/Src/stm32l4xx_hal_pcd.c ****       }
 1059              		.loc 1 2810 9 is_stmt 0 discriminator 4 view .LVU346
 1060 011e 43F08003 		orr	r3, r3, #128
 1061 0122 22F82130 		strh	r3, [r2, r1, lsl #2]	@ movhi
 1062              	.LBE13:
2810:Drivers/STM32L4xx_HAL_Driver/Src/stm32l4xx_hal_pcd.c ****       }
 1063              		.loc 1 2810 9 is_stmt 1 discriminator 6 view .LVU347
2810:Drivers/STM32L4xx_HAL_Driver/Src/stm32l4xx_hal_pcd.c ****       }
 1064              		.loc 1 2810 9 discriminator 6 view .LVU348
2813:Drivers/STM32L4xx_HAL_Driver/Src/stm32l4xx_hal_pcd.c ****     }
 1065              		.loc 1 2813 7 view .LVU349
2813:Drivers/STM32L4xx_HAL_Driver/Src/stm32l4xx_hal_pcd.c ****     }
 1066              		.loc 1 2813 14 is_stmt 0 view .LVU350
 1067 0126 AEE7     		b	.L66
 1068              	.LVL103:
 1069              	.L60:
2792:Drivers/STM32L4xx_HAL_Driver/Src/stm32l4xx_hal_pcd.c ****       PCD_SET_EP_DBUF1_CNT(hpcd->Instance, ep->num, ep->is_in, 0U);
 1070              		.loc 1 2792 7 is_stmt 1 discriminator 2 view .LVU351
 1071 0128 012B     		cmp	r3, #1
 1072 012a C9D1     		bne	.L61
2792:Drivers/STM32L4xx_HAL_Driver/Src/stm32l4xx_hal_pcd.c ****       PCD_SET_EP_DBUF1_CNT(hpcd->Instance, ep->num, ep->is_in, 0U);
 1073              		.loc 1 2792 7 discriminator 16 view .LVU352
 1074              	.LBB14:
2792:Drivers/STM32L4xx_HAL_Driver/Src/stm32l4xx_hal_pcd.c ****       PCD_SET_EP_DBUF1_CNT(hpcd->Instance, ep->num, ep->is_in, 0U);
 1075              		.loc 1 2792 7 discriminator 16 view .LVU353
 1076 012c 2A68     		ldr	r2, [r5]
 1077              	.LVL104:
2792:Drivers/STM32L4xx_HAL_Driver/Src/stm32l4xx_hal_pcd.c ****       PCD_SET_EP_DBUF1_CNT(hpcd->Instance, ep->num, ep->is_in, 0U);
 1078              		.loc 1 2792 7 discriminator 16 view .LVU354
2792:Drivers/STM32L4xx_HAL_Driver/Src/stm32l4xx_hal_pcd.c ****       PCD_SET_EP_DBUF1_CNT(hpcd->Instance, ep->num, ep->is_in, 0U);
 1079              		.loc 1 2792 7 discriminator 16 view .LVU355
 1080 012e B2F85030 		ldrh	r3, [r2, #80]
 1081 0132 12FA83F3 		uxtah	r3, r2, r3
 1082              	.LVL105:
2792:Drivers/STM32L4xx_HAL_Driver/Src/stm32l4xx_hal_pcd.c ****       PCD_SET_EP_DBUF1_CNT(hpcd->Instance, ep->num, ep->is_in, 0U);
 1083              		.loc 1 2792 7 discriminator 16 view .LVU356
 1084 0136 6344     		add	r3, r3, ip
 1085              	.LVL106:
ARM GAS  /tmp/ccGeOL5J.s 			page 76


2792:Drivers/STM32L4xx_HAL_Driver/Src/stm32l4xx_hal_pcd.c ****       PCD_SET_EP_DBUF1_CNT(hpcd->Instance, ep->num, ep->is_in, 0U);
 1086              		.loc 1 2792 7 discriminator 16 view .LVU357
 1087 0138 0022     		movs	r2, #0
 1088 013a A3F80224 		strh	r2, [r3, #1026]	@ movhi
 1089 013e BFE7     		b	.L61
 1090              	.LVL107:
 1091              	.L62:
2792:Drivers/STM32L4xx_HAL_Driver/Src/stm32l4xx_hal_pcd.c ****       PCD_SET_EP_DBUF1_CNT(hpcd->Instance, ep->num, ep->is_in, 0U);
 1092              		.loc 1 2792 7 is_stmt 0 discriminator 16 view .LVU358
 1093              	.LBE14:
 1094              	.LBB15:
2793:Drivers/STM32L4xx_HAL_Driver/Src/stm32l4xx_hal_pcd.c **** 
 1095              		.loc 1 2793 7 is_stmt 1 discriminator 2 view .LVU359
 1096 0140 012B     		cmp	r3, #1
 1097 0142 D7D1     		bne	.L63
2793:Drivers/STM32L4xx_HAL_Driver/Src/stm32l4xx_hal_pcd.c **** 
 1098              		.loc 1 2793 7 discriminator 16 view .LVU360
 1099 0144 B2F85030 		ldrh	r3, [r2, #80]
 1100 0148 12FA83F3 		uxtah	r3, r2, r3
 1101              	.LVL108:
2793:Drivers/STM32L4xx_HAL_Driver/Src/stm32l4xx_hal_pcd.c **** 
 1102              		.loc 1 2793 7 discriminator 16 view .LVU361
 1103 014c 2278     		ldrb	r2, [r4]	@ zero_extendqisi2
 1104 014e 03EBC203 		add	r3, r3, r2, lsl #3
 1105              	.LVL109:
2793:Drivers/STM32L4xx_HAL_Driver/Src/stm32l4xx_hal_pcd.c **** 
 1106              		.loc 1 2793 7 discriminator 16 view .LVU362
 1107 0152 0022     		movs	r2, #0
 1108 0154 A3F80624 		strh	r2, [r3, #1030]	@ movhi
 1109 0158 CCE7     		b	.L63
 1110              	.LVL110:
 1111              	.L100:
2793:Drivers/STM32L4xx_HAL_Driver/Src/stm32l4xx_hal_pcd.c **** 
 1112              		.loc 1 2793 7 is_stmt 0 discriminator 16 view .LVU363
 1113              	.LBE15:
2798:Drivers/STM32L4xx_HAL_Driver/Src/stm32l4xx_hal_pcd.c ****       }
 1114              		.loc 1 2798 9 is_stmt 1 view .LVU364
 1115              	.LBB16:
2798:Drivers/STM32L4xx_HAL_Driver/Src/stm32l4xx_hal_pcd.c ****       }
 1116              		.loc 1 2798 9 view .LVU365
2798:Drivers/STM32L4xx_HAL_Driver/Src/stm32l4xx_hal_pcd.c ****       }
 1117              		.loc 1 2798 9 view .LVU366
 1118 015a 2A68     		ldr	r2, [r5]
 1119 015c 2178     		ldrb	r1, [r4]	@ zero_extendqisi2
 1120 015e 32F82130 		ldrh	r3, [r2, r1, lsl #2]
 1121 0162 9BB2     		uxth	r3, r3
 1122 0164 23F4E043 		bic	r3, r3, #28672
 1123 0168 23F04003 		bic	r3, r3, #64
 1124              	.LVL111:
2798:Drivers/STM32L4xx_HAL_Driver/Src/stm32l4xx_hal_pcd.c ****       }
 1125              		.loc 1 2798 9 view .LVU367
2798:Drivers/STM32L4xx_HAL_Driver/Src/stm32l4xx_hal_pcd.c ****       }
 1126              		.loc 1 2798 9 discriminator 3 view .LVU368
2798:Drivers/STM32L4xx_HAL_Driver/Src/stm32l4xx_hal_pcd.c ****       }
 1127              		.loc 1 2798 9 discriminator 4 view .LVU369
 1128 016c 83F02003 		eor	r3, r3, #32
 1129              	.LVL112:
ARM GAS  /tmp/ccGeOL5J.s 			page 77


2798:Drivers/STM32L4xx_HAL_Driver/Src/stm32l4xx_hal_pcd.c ****       }
 1130              		.loc 1 2798 9 discriminator 6 view .LVU370
 1131 0170 43F40043 		orr	r3, r3, #32768
 1132              	.LVL113:
2798:Drivers/STM32L4xx_HAL_Driver/Src/stm32l4xx_hal_pcd.c ****       }
 1133              		.loc 1 2798 9 is_stmt 0 discriminator 6 view .LVU371
 1134 0174 43F08003 		orr	r3, r3, #128
 1135 0178 22F82130 		strh	r3, [r2, r1, lsl #2]	@ movhi
 1136 017c BDE7     		b	.L64
 1137              	.LVL114:
 1138              	.L99:
2798:Drivers/STM32L4xx_HAL_Driver/Src/stm32l4xx_hal_pcd.c ****       }
 1139              		.loc 1 2798 9 discriminator 6 view .LVU372
 1140              	.LBE16:
2826:Drivers/STM32L4xx_HAL_Driver/Src/stm32l4xx_hal_pcd.c ****         ep->xfer_count += TxPctSize;
 1141              		.loc 1 2826 9 is_stmt 1 view .LVU373
2826:Drivers/STM32L4xx_HAL_Driver/Src/stm32l4xx_hal_pcd.c ****         ep->xfer_count += TxPctSize;
 1142              		.loc 1 2826 11 is_stmt 0 view .LVU374
 1143 017e 6369     		ldr	r3, [r4, #20]
2826:Drivers/STM32L4xx_HAL_Driver/Src/stm32l4xx_hal_pcd.c ****         ep->xfer_count += TxPctSize;
 1144              		.loc 1 2826 23 view .LVU375
 1145 0180 1344     		add	r3, r3, r2
 1146 0182 6361     		str	r3, [r4, #20]
2827:Drivers/STM32L4xx_HAL_Driver/Src/stm32l4xx_hal_pcd.c **** 
 1147              		.loc 1 2827 9 is_stmt 1 view .LVU376
2827:Drivers/STM32L4xx_HAL_Driver/Src/stm32l4xx_hal_pcd.c **** 
 1148              		.loc 1 2827 11 is_stmt 0 view .LVU377
 1149 0184 E369     		ldr	r3, [r4, #28]
2827:Drivers/STM32L4xx_HAL_Driver/Src/stm32l4xx_hal_pcd.c **** 
 1150              		.loc 1 2827 24 view .LVU378
 1151 0186 1344     		add	r3, r3, r2
 1152 0188 E361     		str	r3, [r4, #28]
2830:Drivers/STM32L4xx_HAL_Driver/Src/stm32l4xx_hal_pcd.c ****         {
 1153              		.loc 1 2830 9 is_stmt 1 view .LVU379
2830:Drivers/STM32L4xx_HAL_Driver/Src/stm32l4xx_hal_pcd.c ****         {
 1154              		.loc 1 2830 15 is_stmt 0 view .LVU380
 1155 018a 216A     		ldr	r1, [r4, #32]
2830:Drivers/STM32L4xx_HAL_Driver/Src/stm32l4xx_hal_pcd.c ****         {
 1156              		.loc 1 2830 34 view .LVU381
 1157 018c 2369     		ldr	r3, [r4, #16]
2830:Drivers/STM32L4xx_HAL_Driver/Src/stm32l4xx_hal_pcd.c ****         {
 1158              		.loc 1 2830 12 view .LVU382
 1159 018e 9942     		cmp	r1, r3
 1160 0190 1DD3     		bcc	.L69
2832:Drivers/STM32L4xx_HAL_Driver/Src/stm32l4xx_hal_pcd.c ****           ep->xfer_len_db -= len;
 1161              		.loc 1 2832 11 is_stmt 1 view .LVU383
 1162              	.LVL115:
2833:Drivers/STM32L4xx_HAL_Driver/Src/stm32l4xx_hal_pcd.c ****         }
 1163              		.loc 1 2833 11 view .LVU384
2833:Drivers/STM32L4xx_HAL_Driver/Src/stm32l4xx_hal_pcd.c ****         }
 1164              		.loc 1 2833 27 is_stmt 0 view .LVU385
 1165 0192 C91A     		subs	r1, r1, r3
 1166 0194 2162     		str	r1, [r4, #32]
 1167              	.L70:
2849:Drivers/STM32L4xx_HAL_Driver/Src/stm32l4xx_hal_pcd.c **** 
 1168              		.loc 1 2849 9 is_stmt 1 view .LVU386
2849:Drivers/STM32L4xx_HAL_Driver/Src/stm32l4xx_hal_pcd.c **** 
ARM GAS  /tmp/ccGeOL5J.s 			page 78


 1169              		.loc 1 2849 9 view .LVU387
 1170 0196 6278     		ldrb	r2, [r4, #1]	@ zero_extendqisi2
 1171              	.LVL116:
2849:Drivers/STM32L4xx_HAL_Driver/Src/stm32l4xx_hal_pcd.c **** 
 1172              		.loc 1 2849 9 is_stmt 0 view .LVU388
 1173 0198 002A     		cmp	r2, #0
 1174 019a 44D1     		bne	.L72
2849:Drivers/STM32L4xx_HAL_Driver/Src/stm32l4xx_hal_pcd.c **** 
 1175              		.loc 1 2849 9 is_stmt 1 discriminator 1 view .LVU389
 1176              	.LBB17:
2849:Drivers/STM32L4xx_HAL_Driver/Src/stm32l4xx_hal_pcd.c **** 
 1177              		.loc 1 2849 9 discriminator 1 view .LVU390
 1178 019c 2968     		ldr	r1, [r5]
 1179              	.LVL117:
2849:Drivers/STM32L4xx_HAL_Driver/Src/stm32l4xx_hal_pcd.c **** 
 1180              		.loc 1 2849 9 discriminator 1 view .LVU391
2849:Drivers/STM32L4xx_HAL_Driver/Src/stm32l4xx_hal_pcd.c **** 
 1181              		.loc 1 2849 9 discriminator 1 view .LVU392
 1182 019e B1F85020 		ldrh	r2, [r1, #80]
 1183 01a2 11FA82F2 		uxtah	r2, r1, r2
 1184              	.LVL118:
2849:Drivers/STM32L4xx_HAL_Driver/Src/stm32l4xx_hal_pcd.c **** 
 1185              		.loc 1 2849 9 discriminator 1 view .LVU393
 1186 01a6 2178     		ldrb	r1, [r4]	@ zero_extendqisi2
 1187 01a8 02EBC102 		add	r2, r2, r1, lsl #3
 1188              	.LVL119:
2849:Drivers/STM32L4xx_HAL_Driver/Src/stm32l4xx_hal_pcd.c **** 
 1189              		.loc 1 2849 9 discriminator 1 view .LVU394
 1190              	.LBB18:
2849:Drivers/STM32L4xx_HAL_Driver/Src/stm32l4xx_hal_pcd.c **** 
 1191              		.loc 1 2849 9 discriminator 1 view .LVU395
2849:Drivers/STM32L4xx_HAL_Driver/Src/stm32l4xx_hal_pcd.c **** 
 1192              		.loc 1 2849 9 discriminator 1 view .LVU396
 1193 01ac B2F80214 		ldrh	r1, [r2, #1026]
 1194 01b0 C1F30901 		ubfx	r1, r1, #0, #10
 1195 01b4 A2F80214 		strh	r1, [r2, #1026]	@ movhi
2849:Drivers/STM32L4xx_HAL_Driver/Src/stm32l4xx_hal_pcd.c **** 
 1196              		.loc 1 2849 9 discriminator 1 view .LVU397
 1197 01b8 ABB9     		cbnz	r3, .L73
2849:Drivers/STM32L4xx_HAL_Driver/Src/stm32l4xx_hal_pcd.c **** 
 1198              		.loc 1 2849 9 discriminator 3 view .LVU398
 1199 01ba B2F80214 		ldrh	r1, [r2, #1026]
 1200 01be 6FEA4141 		mvn	r1, r1, lsl #17
 1201 01c2 6FEA5141 		mvn	r1, r1, lsr #17
 1202 01c6 89B2     		uxth	r1, r1
 1203 01c8 A2F80214 		strh	r1, [r2, #1026]	@ movhi
 1204 01cc 2DE0     		b	.L74
 1205              	.LVL120:
 1206              	.L69:
2849:Drivers/STM32L4xx_HAL_Driver/Src/stm32l4xx_hal_pcd.c **** 
 1207              		.loc 1 2849 9 is_stmt 0 discriminator 3 view .LVU399
 1208              	.LBE18:
 1209              	.LBE17:
2835:Drivers/STM32L4xx_HAL_Driver/Src/stm32l4xx_hal_pcd.c ****         {
 1210              		.loc 1 2835 14 is_stmt 1 view .LVU400
2835:Drivers/STM32L4xx_HAL_Driver/Src/stm32l4xx_hal_pcd.c ****         {
 1211              		.loc 1 2835 17 is_stmt 0 view .LVU401
ARM GAS  /tmp/ccGeOL5J.s 			page 79


 1212 01ce 21B9     		cbnz	r1, .L71
2837:Drivers/STM32L4xx_HAL_Driver/Src/stm32l4xx_hal_pcd.c ****           ep->xfer_fill_db = 0U;
 1213              		.loc 1 2837 11 is_stmt 1 view .LVU402
 1214              	.LVL121:
2838:Drivers/STM32L4xx_HAL_Driver/Src/stm32l4xx_hal_pcd.c ****         }
 1215              		.loc 1 2838 11 view .LVU403
2838:Drivers/STM32L4xx_HAL_Driver/Src/stm32l4xx_hal_pcd.c ****         }
 1216              		.loc 1 2838 28 is_stmt 0 view .LVU404
 1217 01d0 0023     		movs	r3, #0
 1218 01d2 84F82430 		strb	r3, [r4, #36]
2837:Drivers/STM32L4xx_HAL_Driver/Src/stm32l4xx_hal_pcd.c ****           ep->xfer_fill_db = 0U;
 1219              		.loc 1 2837 15 view .LVU405
 1220 01d6 1346     		mov	r3, r2
 1221 01d8 DDE7     		b	.L70
 1222              	.LVL122:
 1223              	.L71:
2842:Drivers/STM32L4xx_HAL_Driver/Src/stm32l4xx_hal_pcd.c ****           len = ep->xfer_len_db;
 1224              		.loc 1 2842 11 is_stmt 1 view .LVU406
2842:Drivers/STM32L4xx_HAL_Driver/Src/stm32l4xx_hal_pcd.c ****           len = ep->xfer_len_db;
 1225              		.loc 1 2842 28 is_stmt 0 view .LVU407
 1226 01da 0023     		movs	r3, #0
 1227 01dc 84F82430 		strb	r3, [r4, #36]
2843:Drivers/STM32L4xx_HAL_Driver/Src/stm32l4xx_hal_pcd.c ****           ep->xfer_len_db = 0U;
 1228              		.loc 1 2843 11 is_stmt 1 view .LVU408
 1229              	.LVL123:
2844:Drivers/STM32L4xx_HAL_Driver/Src/stm32l4xx_hal_pcd.c ****         }
 1230              		.loc 1 2844 11 view .LVU409
2844:Drivers/STM32L4xx_HAL_Driver/Src/stm32l4xx_hal_pcd.c ****         }
 1231              		.loc 1 2844 27 is_stmt 0 view .LVU410
 1232 01e0 2362     		str	r3, [r4, #32]
2843:Drivers/STM32L4xx_HAL_Driver/Src/stm32l4xx_hal_pcd.c ****           ep->xfer_len_db = 0U;
 1233              		.loc 1 2843 15 view .LVU411
 1234 01e2 0B46     		mov	r3, r1
 1235 01e4 D7E7     		b	.L70
 1236              	.LVL124:
 1237              	.L73:
 1238              	.LBB20:
 1239              	.LBB19:
2849:Drivers/STM32L4xx_HAL_Driver/Src/stm32l4xx_hal_pcd.c **** 
 1240              		.loc 1 2849 9 is_stmt 1 discriminator 4 view .LVU412
 1241 01e6 3E2B     		cmp	r3, #62
 1242 01e8 0DD8     		bhi	.L75
2849:Drivers/STM32L4xx_HAL_Driver/Src/stm32l4xx_hal_pcd.c **** 
 1243              		.loc 1 2849 9 discriminator 6 view .LVU413
2849:Drivers/STM32L4xx_HAL_Driver/Src/stm32l4xx_hal_pcd.c **** 
 1244              		.loc 1 2849 9 discriminator 6 view .LVU414
 1245 01ea 5908     		lsrs	r1, r3, #1
 1246              	.LVL125:
2849:Drivers/STM32L4xx_HAL_Driver/Src/stm32l4xx_hal_pcd.c **** 
 1247              		.loc 1 2849 9 discriminator 6 view .LVU415
 1248 01ec 13F0010F 		tst	r3, #1
 1249 01f0 00D0     		beq	.L76
2849:Drivers/STM32L4xx_HAL_Driver/Src/stm32l4xx_hal_pcd.c **** 
 1250              		.loc 1 2849 9 discriminator 8 view .LVU416
 1251 01f2 0131     		adds	r1, r1, #1
 1252              	.LVL126:
 1253              	.L76:
ARM GAS  /tmp/ccGeOL5J.s 			page 80


2849:Drivers/STM32L4xx_HAL_Driver/Src/stm32l4xx_hal_pcd.c **** 
 1254              		.loc 1 2849 9 discriminator 10 view .LVU417
 1255 01f4 B2F80204 		ldrh	r0, [r2, #1026]
 1256 01f8 80B2     		uxth	r0, r0
 1257 01fa 8902     		lsls	r1, r1, #10
 1258              	.LVL127:
2849:Drivers/STM32L4xx_HAL_Driver/Src/stm32l4xx_hal_pcd.c **** 
 1259              		.loc 1 2849 9 is_stmt 0 discriminator 10 view .LVU418
 1260 01fc 89B2     		uxth	r1, r1
 1261 01fe 0143     		orrs	r1, r1, r0
 1262 0200 A2F80214 		strh	r1, [r2, #1026]	@ movhi
2849:Drivers/STM32L4xx_HAL_Driver/Src/stm32l4xx_hal_pcd.c **** 
 1263              		.loc 1 2849 9 is_stmt 1 discriminator 10 view .LVU419
 1264 0204 11E0     		b	.L74
 1265              	.LVL128:
 1266              	.L75:
2849:Drivers/STM32L4xx_HAL_Driver/Src/stm32l4xx_hal_pcd.c **** 
 1267              		.loc 1 2849 9 discriminator 7 view .LVU420
2849:Drivers/STM32L4xx_HAL_Driver/Src/stm32l4xx_hal_pcd.c **** 
 1268              		.loc 1 2849 9 discriminator 7 view .LVU421
 1269 0206 5809     		lsrs	r0, r3, #5
 1270              	.LVL129:
2849:Drivers/STM32L4xx_HAL_Driver/Src/stm32l4xx_hal_pcd.c **** 
 1271              		.loc 1 2849 9 discriminator 7 view .LVU422
 1272 0208 13F01F0F 		tst	r3, #31
 1273 020c 00D1     		bne	.L77
2849:Drivers/STM32L4xx_HAL_Driver/Src/stm32l4xx_hal_pcd.c **** 
 1274              		.loc 1 2849 9 discriminator 12 view .LVU423
 1275 020e 0138     		subs	r0, r0, #1
 1276              	.LVL130:
 1277              	.L77:
2849:Drivers/STM32L4xx_HAL_Driver/Src/stm32l4xx_hal_pcd.c **** 
 1278              		.loc 1 2849 9 discriminator 14 view .LVU424
 1279 0210 B2F80214 		ldrh	r1, [r2, #1026]
 1280 0214 89B2     		uxth	r1, r1
 1281 0216 8002     		lsls	r0, r0, #10
 1282              	.LVL131:
2849:Drivers/STM32L4xx_HAL_Driver/Src/stm32l4xx_hal_pcd.c **** 
 1283              		.loc 1 2849 9 is_stmt 0 discriminator 14 view .LVU425
 1284 0218 80B2     		uxth	r0, r0
 1285 021a 0143     		orrs	r1, r1, r0
 1286 021c 41F40041 		orr	r1, r1, #32768
 1287 0220 A2F80214 		strh	r1, [r2, #1026]	@ movhi
 1288 0224 01E0     		b	.L74
 1289              	.LVL132:
 1290              	.L72:
2849:Drivers/STM32L4xx_HAL_Driver/Src/stm32l4xx_hal_pcd.c **** 
 1291              		.loc 1 2849 9 discriminator 14 view .LVU426
 1292              	.LBE19:
 1293              	.LBE20:
2849:Drivers/STM32L4xx_HAL_Driver/Src/stm32l4xx_hal_pcd.c **** 
 1294              		.loc 1 2849 9 is_stmt 1 discriminator 2 view .LVU427
 1295 0226 012A     		cmp	r2, #1
 1296 0228 06D0     		beq	.L101
 1297              	.L74:
2849:Drivers/STM32L4xx_HAL_Driver/Src/stm32l4xx_hal_pcd.c **** 
 1298              		.loc 1 2849 9 discriminator 18 view .LVU428
ARM GAS  /tmp/ccGeOL5J.s 			page 81


2849:Drivers/STM32L4xx_HAL_Driver/Src/stm32l4xx_hal_pcd.c **** 
 1299              		.loc 1 2849 9 discriminator 18 view .LVU429
2852:Drivers/STM32L4xx_HAL_Driver/Src/stm32l4xx_hal_pcd.c ****       }
 1300              		.loc 1 2852 9 view .LVU430
 1301 022a 9BB2     		uxth	r3, r3
 1302              	.LVL133:
2852:Drivers/STM32L4xx_HAL_Driver/Src/stm32l4xx_hal_pcd.c ****       }
 1303              		.loc 1 2852 9 is_stmt 0 view .LVU431
 1304 022c 2289     		ldrh	r2, [r4, #8]
 1305 022e 6169     		ldr	r1, [r4, #20]
 1306 0230 2868     		ldr	r0, [r5]
 1307 0232 FFF7FEFF 		bl	USB_WritePMA
 1308              	.LVL134:
 1309 0236 15E7     		b	.L68
 1310              	.LVL135:
 1311              	.L101:
2849:Drivers/STM32L4xx_HAL_Driver/Src/stm32l4xx_hal_pcd.c **** 
 1312              		.loc 1 2849 9 is_stmt 1 discriminator 16 view .LVU432
 1313              	.LBB21:
2849:Drivers/STM32L4xx_HAL_Driver/Src/stm32l4xx_hal_pcd.c **** 
 1314              		.loc 1 2849 9 discriminator 16 view .LVU433
 1315 0238 2968     		ldr	r1, [r5]
 1316              	.LVL136:
2849:Drivers/STM32L4xx_HAL_Driver/Src/stm32l4xx_hal_pcd.c **** 
 1317              		.loc 1 2849 9 discriminator 16 view .LVU434
2849:Drivers/STM32L4xx_HAL_Driver/Src/stm32l4xx_hal_pcd.c **** 
 1318              		.loc 1 2849 9 discriminator 16 view .LVU435
 1319 023a B1F85020 		ldrh	r2, [r1, #80]
 1320 023e 11FA82F2 		uxtah	r2, r1, r2
 1321              	.LVL137:
2849:Drivers/STM32L4xx_HAL_Driver/Src/stm32l4xx_hal_pcd.c **** 
 1322              		.loc 1 2849 9 discriminator 16 view .LVU436
 1323 0242 2178     		ldrb	r1, [r4]	@ zero_extendqisi2
 1324 0244 02EBC102 		add	r2, r2, r1, lsl #3
 1325              	.LVL138:
2849:Drivers/STM32L4xx_HAL_Driver/Src/stm32l4xx_hal_pcd.c **** 
 1326              		.loc 1 2849 9 discriminator 16 view .LVU437
 1327 0248 99B2     		uxth	r1, r3
 1328 024a A2F80214 		strh	r1, [r2, #1026]	@ movhi
 1329 024e ECE7     		b	.L74
 1330              	.LVL139:
 1331              	.L56:
2849:Drivers/STM32L4xx_HAL_Driver/Src/stm32l4xx_hal_pcd.c **** 
 1332              		.loc 1 2849 9 is_stmt 0 discriminator 16 view .LVU438
 1333              	.LBE21:
2859:Drivers/STM32L4xx_HAL_Driver/Src/stm32l4xx_hal_pcd.c **** 
 1334              		.loc 1 2859 5 is_stmt 1 view .LVU439
2859:Drivers/STM32L4xx_HAL_Driver/Src/stm32l4xx_hal_pcd.c **** 
 1335              		.loc 1 2859 27 is_stmt 0 view .LVU440
 1336 0250 0268     		ldr	r2, [r0]
 1337              	.LVL140:
2859:Drivers/STM32L4xx_HAL_Driver/Src/stm32l4xx_hal_pcd.c **** 
 1338              		.loc 1 2859 27 view .LVU441
 1339 0252 B2F85030 		ldrh	r3, [r2, #80]
 1340 0256 0978     		ldrb	r1, [r1]	@ zero_extendqisi2
 1341              	.LVL141:
2859:Drivers/STM32L4xx_HAL_Driver/Src/stm32l4xx_hal_pcd.c **** 
ARM GAS  /tmp/ccGeOL5J.s 			page 82


 1342              		.loc 1 2859 27 view .LVU442
 1343 0258 C800     		lsls	r0, r1, #3
 1344              	.LVL142:
2859:Drivers/STM32L4xx_HAL_Driver/Src/stm32l4xx_hal_pcd.c **** 
 1345              		.loc 1 2859 27 view .LVU443
 1346 025a 10FA83F3 		uxtah	r3, r0, r3
 1347 025e 1344     		add	r3, r3, r2
 1348 0260 B3F80624 		ldrh	r2, [r3, #1030]
2859:Drivers/STM32L4xx_HAL_Driver/Src/stm32l4xx_hal_pcd.c **** 
 1349              		.loc 1 2859 15 view .LVU444
 1350 0264 C2F30902 		ubfx	r2, r2, #0, #10
 1351              	.LVL143:
2861:Drivers/STM32L4xx_HAL_Driver/Src/stm32l4xx_hal_pcd.c ****     {
 1352              		.loc 1 2861 5 is_stmt 1 view .LVU445
2861:Drivers/STM32L4xx_HAL_Driver/Src/stm32l4xx_hal_pcd.c ****     {
 1353              		.loc 1 2861 11 is_stmt 0 view .LVU446
 1354 0268 A369     		ldr	r3, [r4, #24]
2861:Drivers/STM32L4xx_HAL_Driver/Src/stm32l4xx_hal_pcd.c ****     {
 1355              		.loc 1 2861 8 view .LVU447
 1356 026a 9342     		cmp	r3, r2
 1357 026c 46D3     		bcc	.L78
2863:Drivers/STM32L4xx_HAL_Driver/Src/stm32l4xx_hal_pcd.c ****     }
 1358              		.loc 1 2863 7 is_stmt 1 view .LVU448
2863:Drivers/STM32L4xx_HAL_Driver/Src/stm32l4xx_hal_pcd.c ****     }
 1359              		.loc 1 2863 20 is_stmt 0 view .LVU449
 1360 026e 9B1A     		subs	r3, r3, r2
 1361 0270 A361     		str	r3, [r4, #24]
 1362              	.L79:
2871:Drivers/STM32L4xx_HAL_Driver/Src/stm32l4xx_hal_pcd.c ****     {
 1363              		.loc 1 2871 5 is_stmt 1 view .LVU450
2871:Drivers/STM32L4xx_HAL_Driver/Src/stm32l4xx_hal_pcd.c ****     {
 1364              		.loc 1 2871 11 is_stmt 0 view .LVU451
 1365 0272 A369     		ldr	r3, [r4, #24]
2871:Drivers/STM32L4xx_HAL_Driver/Src/stm32l4xx_hal_pcd.c ****     {
 1366              		.loc 1 2871 8 view .LVU452
 1367 0274 002B     		cmp	r3, #0
 1368 0276 44D0     		beq	.L102
2900:Drivers/STM32L4xx_HAL_Driver/Src/stm32l4xx_hal_pcd.c ****       {
 1369              		.loc 1 2900 7 is_stmt 1 view .LVU453
2900:Drivers/STM32L4xx_HAL_Driver/Src/stm32l4xx_hal_pcd.c ****       {
 1370              		.loc 1 2900 10 is_stmt 0 view .LVU454
 1371 0278 16F4804F 		tst	r6, #16384
 1372 027c 0DD1     		bne	.L87
2902:Drivers/STM32L4xx_HAL_Driver/Src/stm32l4xx_hal_pcd.c ****       }
 1373              		.loc 1 2902 9 is_stmt 1 view .LVU455
2902:Drivers/STM32L4xx_HAL_Driver/Src/stm32l4xx_hal_pcd.c ****       }
 1374              		.loc 1 2902 9 view .LVU456
2902:Drivers/STM32L4xx_HAL_Driver/Src/stm32l4xx_hal_pcd.c ****       }
 1375              		.loc 1 2902 9 discriminator 2 view .LVU457
2902:Drivers/STM32L4xx_HAL_Driver/Src/stm32l4xx_hal_pcd.c ****       }
 1376              		.loc 1 2902 9 discriminator 4 view .LVU458
 1377              	.LBB22:
2902:Drivers/STM32L4xx_HAL_Driver/Src/stm32l4xx_hal_pcd.c ****       }
 1378              		.loc 1 2902 9 discriminator 4 view .LVU459
2902:Drivers/STM32L4xx_HAL_Driver/Src/stm32l4xx_hal_pcd.c ****       }
 1379              		.loc 1 2902 9 discriminator 4 view .LVU460
 1380 027e 2868     		ldr	r0, [r5]
ARM GAS  /tmp/ccGeOL5J.s 			page 83


 1381 0280 30F82130 		ldrh	r3, [r0, r1, lsl #2]
 1382 0284 9BB2     		uxth	r3, r3
 1383 0286 23F4E043 		bic	r3, r3, #28672
 1384 028a 23F07003 		bic	r3, r3, #112
 1385              	.LVL144:
2902:Drivers/STM32L4xx_HAL_Driver/Src/stm32l4xx_hal_pcd.c ****       }
 1386              		.loc 1 2902 9 discriminator 4 view .LVU461
 1387 028e 43F44043 		orr	r3, r3, #49152
 1388              	.LVL145:
2902:Drivers/STM32L4xx_HAL_Driver/Src/stm32l4xx_hal_pcd.c ****       }
 1389              		.loc 1 2902 9 is_stmt 0 discriminator 4 view .LVU462
 1390 0292 43F08003 		orr	r3, r3, #128
 1391 0296 20F82130 		strh	r3, [r0, r1, lsl #2]	@ movhi
 1392              	.LVL146:
 1393              	.L87:
2902:Drivers/STM32L4xx_HAL_Driver/Src/stm32l4xx_hal_pcd.c ****       }
 1394              		.loc 1 2902 9 discriminator 4 view .LVU463
 1395              	.LBE22:
2902:Drivers/STM32L4xx_HAL_Driver/Src/stm32l4xx_hal_pcd.c ****       }
 1396              		.loc 1 2902 9 is_stmt 1 discriminator 6 view .LVU464
2902:Drivers/STM32L4xx_HAL_Driver/Src/stm32l4xx_hal_pcd.c ****       }
 1397              		.loc 1 2902 9 discriminator 6 view .LVU465
2906:Drivers/STM32L4xx_HAL_Driver/Src/stm32l4xx_hal_pcd.c ****       {
 1398              		.loc 1 2906 7 view .LVU466
2906:Drivers/STM32L4xx_HAL_Driver/Src/stm32l4xx_hal_pcd.c ****       {
 1399              		.loc 1 2906 13 is_stmt 0 view .LVU467
 1400 029a 94F82430 		ldrb	r3, [r4, #36]	@ zero_extendqisi2
2906:Drivers/STM32L4xx_HAL_Driver/Src/stm32l4xx_hal_pcd.c ****       {
 1401              		.loc 1 2906 10 view .LVU468
 1402 029e 012B     		cmp	r3, #1
 1403 02a0 7FF4E0AE 		bne	.L68
2908:Drivers/STM32L4xx_HAL_Driver/Src/stm32l4xx_hal_pcd.c ****         ep->xfer_count += TxPctSize;
 1404              		.loc 1 2908 9 is_stmt 1 view .LVU469
2908:Drivers/STM32L4xx_HAL_Driver/Src/stm32l4xx_hal_pcd.c ****         ep->xfer_count += TxPctSize;
 1405              		.loc 1 2908 11 is_stmt 0 view .LVU470
 1406 02a4 6369     		ldr	r3, [r4, #20]
2908:Drivers/STM32L4xx_HAL_Driver/Src/stm32l4xx_hal_pcd.c ****         ep->xfer_count += TxPctSize;
 1407              		.loc 1 2908 23 view .LVU471
 1408 02a6 1344     		add	r3, r3, r2
 1409 02a8 6361     		str	r3, [r4, #20]
2909:Drivers/STM32L4xx_HAL_Driver/Src/stm32l4xx_hal_pcd.c **** 
 1410              		.loc 1 2909 9 is_stmt 1 view .LVU472
2909:Drivers/STM32L4xx_HAL_Driver/Src/stm32l4xx_hal_pcd.c **** 
 1411              		.loc 1 2909 11 is_stmt 0 view .LVU473
 1412 02aa E369     		ldr	r3, [r4, #28]
2909:Drivers/STM32L4xx_HAL_Driver/Src/stm32l4xx_hal_pcd.c **** 
 1413              		.loc 1 2909 24 view .LVU474
 1414 02ac 1344     		add	r3, r3, r2
 1415 02ae E361     		str	r3, [r4, #28]
2912:Drivers/STM32L4xx_HAL_Driver/Src/stm32l4xx_hal_pcd.c ****         {
 1416              		.loc 1 2912 9 is_stmt 1 view .LVU475
2912:Drivers/STM32L4xx_HAL_Driver/Src/stm32l4xx_hal_pcd.c ****         {
 1417              		.loc 1 2912 15 is_stmt 0 view .LVU476
 1418 02b0 216A     		ldr	r1, [r4, #32]
2912:Drivers/STM32L4xx_HAL_Driver/Src/stm32l4xx_hal_pcd.c ****         {
 1419              		.loc 1 2912 34 view .LVU477
 1420 02b2 2369     		ldr	r3, [r4, #16]
ARM GAS  /tmp/ccGeOL5J.s 			page 84


2912:Drivers/STM32L4xx_HAL_Driver/Src/stm32l4xx_hal_pcd.c ****         {
 1421              		.loc 1 2912 12 view .LVU478
 1422 02b4 9942     		cmp	r1, r3
 1423 02b6 C0F09C80 		bcc	.L88
2914:Drivers/STM32L4xx_HAL_Driver/Src/stm32l4xx_hal_pcd.c ****           ep->xfer_len_db -= len;
 1424              		.loc 1 2914 11 is_stmt 1 view .LVU479
 1425              	.LVL147:
2915:Drivers/STM32L4xx_HAL_Driver/Src/stm32l4xx_hal_pcd.c ****         }
 1426              		.loc 1 2915 11 view .LVU480
2915:Drivers/STM32L4xx_HAL_Driver/Src/stm32l4xx_hal_pcd.c ****         }
 1427              		.loc 1 2915 27 is_stmt 0 view .LVU481
 1428 02ba C91A     		subs	r1, r1, r3
 1429 02bc 2162     		str	r1, [r4, #32]
 1430              	.L89:
2930:Drivers/STM32L4xx_HAL_Driver/Src/stm32l4xx_hal_pcd.c **** 
 1431              		.loc 1 2930 9 is_stmt 1 view .LVU482
 1432              	.LBB23:
2930:Drivers/STM32L4xx_HAL_Driver/Src/stm32l4xx_hal_pcd.c **** 
 1433              		.loc 1 2930 9 view .LVU483
 1434 02be 2968     		ldr	r1, [r5]
 1435              	.LVL148:
2930:Drivers/STM32L4xx_HAL_Driver/Src/stm32l4xx_hal_pcd.c **** 
 1436              		.loc 1 2930 9 view .LVU484
2930:Drivers/STM32L4xx_HAL_Driver/Src/stm32l4xx_hal_pcd.c **** 
 1437              		.loc 1 2930 9 view .LVU485
 1438 02c0 6278     		ldrb	r2, [r4, #1]	@ zero_extendqisi2
 1439              	.LVL149:
2930:Drivers/STM32L4xx_HAL_Driver/Src/stm32l4xx_hal_pcd.c **** 
 1440              		.loc 1 2930 9 is_stmt 0 view .LVU486
 1441 02c2 002A     		cmp	r2, #0
 1442 02c4 40F0C180 		bne	.L91
2930:Drivers/STM32L4xx_HAL_Driver/Src/stm32l4xx_hal_pcd.c **** 
 1443              		.loc 1 2930 9 is_stmt 1 discriminator 1 view .LVU487
 1444              	.LBB24:
2930:Drivers/STM32L4xx_HAL_Driver/Src/stm32l4xx_hal_pcd.c **** 
 1445              		.loc 1 2930 9 discriminator 1 view .LVU488
 1446              	.LVL150:
2930:Drivers/STM32L4xx_HAL_Driver/Src/stm32l4xx_hal_pcd.c **** 
 1447              		.loc 1 2930 9 discriminator 1 view .LVU489
2930:Drivers/STM32L4xx_HAL_Driver/Src/stm32l4xx_hal_pcd.c **** 
 1448              		.loc 1 2930 9 discriminator 1 view .LVU490
 1449 02c8 B1F85020 		ldrh	r2, [r1, #80]
 1450 02cc 11FA82F2 		uxtah	r2, r1, r2
 1451              	.LVL151:
2930:Drivers/STM32L4xx_HAL_Driver/Src/stm32l4xx_hal_pcd.c **** 
 1452              		.loc 1 2930 9 discriminator 1 view .LVU491
 1453 02d0 2178     		ldrb	r1, [r4]	@ zero_extendqisi2
 1454              	.LVL152:
2930:Drivers/STM32L4xx_HAL_Driver/Src/stm32l4xx_hal_pcd.c **** 
 1455              		.loc 1 2930 9 is_stmt 0 discriminator 1 view .LVU492
 1456 02d2 02EBC102 		add	r2, r2, r1, lsl #3
 1457              	.LVL153:
2930:Drivers/STM32L4xx_HAL_Driver/Src/stm32l4xx_hal_pcd.c **** 
 1458              		.loc 1 2930 9 is_stmt 1 discriminator 1 view .LVU493
 1459              	.LBB25:
2930:Drivers/STM32L4xx_HAL_Driver/Src/stm32l4xx_hal_pcd.c **** 
 1460              		.loc 1 2930 9 discriminator 1 view .LVU494
ARM GAS  /tmp/ccGeOL5J.s 			page 85


2930:Drivers/STM32L4xx_HAL_Driver/Src/stm32l4xx_hal_pcd.c **** 
 1461              		.loc 1 2930 9 discriminator 1 view .LVU495
 1462 02d6 B2F80614 		ldrh	r1, [r2, #1030]
 1463 02da C1F30901 		ubfx	r1, r1, #0, #10
 1464 02de A2F80614 		strh	r1, [r2, #1030]	@ movhi
 1465              	.LVL154:
2930:Drivers/STM32L4xx_HAL_Driver/Src/stm32l4xx_hal_pcd.c **** 
 1466              		.loc 1 2930 9 discriminator 1 view .LVU496
 1467 02e2 002B     		cmp	r3, #0
 1468 02e4 40F09180 		bne	.L92
2930:Drivers/STM32L4xx_HAL_Driver/Src/stm32l4xx_hal_pcd.c **** 
 1469              		.loc 1 2930 9 discriminator 3 view .LVU497
 1470 02e8 B2F80614 		ldrh	r1, [r2, #1030]
 1471 02ec 6FEA4141 		mvn	r1, r1, lsl #17
 1472 02f0 6FEA5141 		mvn	r1, r1, lsr #17
 1473 02f4 89B2     		uxth	r1, r1
 1474 02f6 A2F80614 		strh	r1, [r2, #1030]	@ movhi
 1475 02fa A8E0     		b	.L93
 1476              	.LVL155:
 1477              	.L78:
2930:Drivers/STM32L4xx_HAL_Driver/Src/stm32l4xx_hal_pcd.c **** 
 1478              		.loc 1 2930 9 is_stmt 0 discriminator 3 view .LVU498
 1479              	.LBE25:
 1480              	.LBE24:
 1481              	.LBE23:
2867:Drivers/STM32L4xx_HAL_Driver/Src/stm32l4xx_hal_pcd.c ****     }
 1482              		.loc 1 2867 7 is_stmt 1 view .LVU499
2867:Drivers/STM32L4xx_HAL_Driver/Src/stm32l4xx_hal_pcd.c ****     }
 1483              		.loc 1 2867 20 is_stmt 0 view .LVU500
 1484 02fc 0023     		movs	r3, #0
 1485 02fe A361     		str	r3, [r4, #24]
 1486 0300 B7E7     		b	.L79
 1487              	.L102:
2873:Drivers/STM32L4xx_HAL_Driver/Src/stm32l4xx_hal_pcd.c ****       PCD_SET_EP_DBUF1_CNT(hpcd->Instance, ep->num, ep->is_in, 0U);
 1488              		.loc 1 2873 7 is_stmt 1 view .LVU501
2873:Drivers/STM32L4xx_HAL_Driver/Src/stm32l4xx_hal_pcd.c ****       PCD_SET_EP_DBUF1_CNT(hpcd->Instance, ep->num, ep->is_in, 0U);
 1489              		.loc 1 2873 7 view .LVU502
 1490 0302 6378     		ldrb	r3, [r4, #1]	@ zero_extendqisi2
 1491 0304 002B     		cmp	r3, #0
 1492 0306 49D1     		bne	.L81
2873:Drivers/STM32L4xx_HAL_Driver/Src/stm32l4xx_hal_pcd.c ****       PCD_SET_EP_DBUF1_CNT(hpcd->Instance, ep->num, ep->is_in, 0U);
 1493              		.loc 1 2873 7 discriminator 1 view .LVU503
 1494              	.LBB28:
2873:Drivers/STM32L4xx_HAL_Driver/Src/stm32l4xx_hal_pcd.c ****       PCD_SET_EP_DBUF1_CNT(hpcd->Instance, ep->num, ep->is_in, 0U);
 1495              		.loc 1 2873 7 discriminator 1 view .LVU504
 1496 0308 2A68     		ldr	r2, [r5]
 1497              	.LVL156:
2873:Drivers/STM32L4xx_HAL_Driver/Src/stm32l4xx_hal_pcd.c ****       PCD_SET_EP_DBUF1_CNT(hpcd->Instance, ep->num, ep->is_in, 0U);
 1498              		.loc 1 2873 7 discriminator 1 view .LVU505
2873:Drivers/STM32L4xx_HAL_Driver/Src/stm32l4xx_hal_pcd.c ****       PCD_SET_EP_DBUF1_CNT(hpcd->Instance, ep->num, ep->is_in, 0U);
 1499              		.loc 1 2873 7 discriminator 1 view .LVU506
 1500 030a B2F85030 		ldrh	r3, [r2, #80]
 1501 030e 12FA83F3 		uxtah	r3, r2, r3
 1502              	.LVL157:
2873:Drivers/STM32L4xx_HAL_Driver/Src/stm32l4xx_hal_pcd.c ****       PCD_SET_EP_DBUF1_CNT(hpcd->Instance, ep->num, ep->is_in, 0U);
 1503              		.loc 1 2873 7 discriminator 1 view .LVU507
 1504 0312 0344     		add	r3, r3, r0
ARM GAS  /tmp/ccGeOL5J.s 			page 86


 1505              	.LVL158:
2873:Drivers/STM32L4xx_HAL_Driver/Src/stm32l4xx_hal_pcd.c ****       PCD_SET_EP_DBUF1_CNT(hpcd->Instance, ep->num, ep->is_in, 0U);
 1506              		.loc 1 2873 7 discriminator 1 view .LVU508
 1507              	.LBB29:
2873:Drivers/STM32L4xx_HAL_Driver/Src/stm32l4xx_hal_pcd.c ****       PCD_SET_EP_DBUF1_CNT(hpcd->Instance, ep->num, ep->is_in, 0U);
 1508              		.loc 1 2873 7 discriminator 1 view .LVU509
2873:Drivers/STM32L4xx_HAL_Driver/Src/stm32l4xx_hal_pcd.c ****       PCD_SET_EP_DBUF1_CNT(hpcd->Instance, ep->num, ep->is_in, 0U);
 1509              		.loc 1 2873 7 discriminator 1 view .LVU510
 1510 0314 B3F80224 		ldrh	r2, [r3, #1026]
 1511 0318 C2F30902 		ubfx	r2, r2, #0, #10
 1512 031c A3F80224 		strh	r2, [r3, #1026]	@ movhi
2873:Drivers/STM32L4xx_HAL_Driver/Src/stm32l4xx_hal_pcd.c ****       PCD_SET_EP_DBUF1_CNT(hpcd->Instance, ep->num, ep->is_in, 0U);
 1513              		.loc 1 2873 7 discriminator 1 view .LVU511
2873:Drivers/STM32L4xx_HAL_Driver/Src/stm32l4xx_hal_pcd.c ****       PCD_SET_EP_DBUF1_CNT(hpcd->Instance, ep->num, ep->is_in, 0U);
 1514              		.loc 1 2873 7 discriminator 3 view .LVU512
 1515 0320 B3F80224 		ldrh	r2, [r3, #1026]
 1516 0324 6FEA4242 		mvn	r2, r2, lsl #17
 1517 0328 6FEA5242 		mvn	r2, r2, lsr #17
 1518 032c 92B2     		uxth	r2, r2
 1519 032e A3F80224 		strh	r2, [r3, #1026]	@ movhi
2873:Drivers/STM32L4xx_HAL_Driver/Src/stm32l4xx_hal_pcd.c ****       PCD_SET_EP_DBUF1_CNT(hpcd->Instance, ep->num, ep->is_in, 0U);
 1520              		.loc 1 2873 7 discriminator 15 view .LVU513
 1521              	.LBE29:
2873:Drivers/STM32L4xx_HAL_Driver/Src/stm32l4xx_hal_pcd.c ****       PCD_SET_EP_DBUF1_CNT(hpcd->Instance, ep->num, ep->is_in, 0U);
 1522              		.loc 1 2873 7 discriminator 15 view .LVU514
 1523              	.LBE28:
2873:Drivers/STM32L4xx_HAL_Driver/Src/stm32l4xx_hal_pcd.c ****       PCD_SET_EP_DBUF1_CNT(hpcd->Instance, ep->num, ep->is_in, 0U);
 1524              		.loc 1 2873 7 discriminator 15 view .LVU515
 1525              	.LVL159:
 1526              	.L82:
2873:Drivers/STM32L4xx_HAL_Driver/Src/stm32l4xx_hal_pcd.c ****       PCD_SET_EP_DBUF1_CNT(hpcd->Instance, ep->num, ep->is_in, 0U);
 1527              		.loc 1 2873 7 discriminator 18 view .LVU516
2873:Drivers/STM32L4xx_HAL_Driver/Src/stm32l4xx_hal_pcd.c ****       PCD_SET_EP_DBUF1_CNT(hpcd->Instance, ep->num, ep->is_in, 0U);
 1528              		.loc 1 2873 7 discriminator 18 view .LVU517
2874:Drivers/STM32L4xx_HAL_Driver/Src/stm32l4xx_hal_pcd.c **** 
 1529              		.loc 1 2874 7 view .LVU518
 1530              	.LBB30:
2874:Drivers/STM32L4xx_HAL_Driver/Src/stm32l4xx_hal_pcd.c **** 
 1531              		.loc 1 2874 7 view .LVU519
 1532 0332 2A68     		ldr	r2, [r5]
 1533              	.LVL160:
2874:Drivers/STM32L4xx_HAL_Driver/Src/stm32l4xx_hal_pcd.c **** 
 1534              		.loc 1 2874 7 view .LVU520
2874:Drivers/STM32L4xx_HAL_Driver/Src/stm32l4xx_hal_pcd.c **** 
 1535              		.loc 1 2874 7 view .LVU521
 1536 0334 6378     		ldrb	r3, [r4, #1]	@ zero_extendqisi2
 1537 0336 002B     		cmp	r3, #0
 1538 0338 3CD1     		bne	.L83
2874:Drivers/STM32L4xx_HAL_Driver/Src/stm32l4xx_hal_pcd.c **** 
 1539              		.loc 1 2874 7 discriminator 1 view .LVU522
 1540              	.LBB31:
2874:Drivers/STM32L4xx_HAL_Driver/Src/stm32l4xx_hal_pcd.c **** 
 1541              		.loc 1 2874 7 discriminator 1 view .LVU523
 1542              	.LVL161:
2874:Drivers/STM32L4xx_HAL_Driver/Src/stm32l4xx_hal_pcd.c **** 
 1543              		.loc 1 2874 7 discriminator 1 view .LVU524
2874:Drivers/STM32L4xx_HAL_Driver/Src/stm32l4xx_hal_pcd.c **** 
ARM GAS  /tmp/ccGeOL5J.s 			page 87


 1544              		.loc 1 2874 7 discriminator 1 view .LVU525
 1545 033a B2F85030 		ldrh	r3, [r2, #80]
 1546 033e 12FA83F3 		uxtah	r3, r2, r3
 1547              	.LVL162:
2874:Drivers/STM32L4xx_HAL_Driver/Src/stm32l4xx_hal_pcd.c **** 
 1548              		.loc 1 2874 7 discriminator 1 view .LVU526
 1549 0342 2278     		ldrb	r2, [r4]	@ zero_extendqisi2
 1550              	.LVL163:
2874:Drivers/STM32L4xx_HAL_Driver/Src/stm32l4xx_hal_pcd.c **** 
 1551              		.loc 1 2874 7 is_stmt 0 discriminator 1 view .LVU527
 1552 0344 03EBC203 		add	r3, r3, r2, lsl #3
 1553              	.LVL164:
2874:Drivers/STM32L4xx_HAL_Driver/Src/stm32l4xx_hal_pcd.c **** 
 1554              		.loc 1 2874 7 is_stmt 1 discriminator 1 view .LVU528
 1555              	.LBB32:
2874:Drivers/STM32L4xx_HAL_Driver/Src/stm32l4xx_hal_pcd.c **** 
 1556              		.loc 1 2874 7 discriminator 1 view .LVU529
2874:Drivers/STM32L4xx_HAL_Driver/Src/stm32l4xx_hal_pcd.c **** 
 1557              		.loc 1 2874 7 discriminator 1 view .LVU530
 1558 0348 B3F80624 		ldrh	r2, [r3, #1030]
 1559 034c C2F30902 		ubfx	r2, r2, #0, #10
 1560 0350 A3F80624 		strh	r2, [r3, #1030]	@ movhi
 1561              	.LVL165:
2874:Drivers/STM32L4xx_HAL_Driver/Src/stm32l4xx_hal_pcd.c **** 
 1562              		.loc 1 2874 7 discriminator 1 view .LVU531
2874:Drivers/STM32L4xx_HAL_Driver/Src/stm32l4xx_hal_pcd.c **** 
 1563              		.loc 1 2874 7 discriminator 3 view .LVU532
 1564 0354 B3F80624 		ldrh	r2, [r3, #1030]
 1565 0358 6FEA4242 		mvn	r2, r2, lsl #17
 1566 035c 6FEA5242 		mvn	r2, r2, lsr #17
 1567 0360 92B2     		uxth	r2, r2
 1568 0362 A3F80624 		strh	r2, [r3, #1030]	@ movhi
2874:Drivers/STM32L4xx_HAL_Driver/Src/stm32l4xx_hal_pcd.c **** 
 1569              		.loc 1 2874 7 discriminator 15 view .LVU533
 1570              	.LBE32:
2874:Drivers/STM32L4xx_HAL_Driver/Src/stm32l4xx_hal_pcd.c **** 
 1571              		.loc 1 2874 7 discriminator 15 view .LVU534
 1572              	.LBE31:
2874:Drivers/STM32L4xx_HAL_Driver/Src/stm32l4xx_hal_pcd.c **** 
 1573              		.loc 1 2874 7 discriminator 15 view .LVU535
 1574              	.LVL166:
 1575              	.L84:
2874:Drivers/STM32L4xx_HAL_Driver/Src/stm32l4xx_hal_pcd.c **** 
 1576              		.loc 1 2874 7 is_stmt 0 discriminator 15 view .LVU536
 1577              	.LBE30:
2874:Drivers/STM32L4xx_HAL_Driver/Src/stm32l4xx_hal_pcd.c **** 
 1578              		.loc 1 2874 7 is_stmt 1 discriminator 18 view .LVU537
2876:Drivers/STM32L4xx_HAL_Driver/Src/stm32l4xx_hal_pcd.c ****       {
 1579              		.loc 1 2876 7 view .LVU538
2876:Drivers/STM32L4xx_HAL_Driver/Src/stm32l4xx_hal_pcd.c ****       {
 1580              		.loc 1 2876 13 is_stmt 0 view .LVU539
 1581 0366 E378     		ldrb	r3, [r4, #3]	@ zero_extendqisi2
2876:Drivers/STM32L4xx_HAL_Driver/Src/stm32l4xx_hal_pcd.c ****       {
 1582              		.loc 1 2876 10 view .LVU540
 1583 0368 022B     		cmp	r3, #2
 1584 036a 30D0     		beq	.L103
 1585              	.L85:
ARM GAS  /tmp/ccGeOL5J.s 			page 88


2879:Drivers/STM32L4xx_HAL_Driver/Src/stm32l4xx_hal_pcd.c ****       }
 1586              		.loc 1 2879 9 is_stmt 1 discriminator 7 view .LVU541
2886:Drivers/STM32L4xx_HAL_Driver/Src/stm32l4xx_hal_pcd.c **** #endif /* USE_HAL_PCD_REGISTER_CALLBACKS */
 1587              		.loc 1 2886 7 view .LVU542
 1588 036c 2178     		ldrb	r1, [r4]	@ zero_extendqisi2
 1589 036e 2846     		mov	r0, r5
 1590 0370 FFF7FEFF 		bl	HAL_PCD_DataInStageCallback
 1591              	.LVL167:
2890:Drivers/STM32L4xx_HAL_Driver/Src/stm32l4xx_hal_pcd.c ****       {
 1592              		.loc 1 2890 7 view .LVU543
2890:Drivers/STM32L4xx_HAL_Driver/Src/stm32l4xx_hal_pcd.c ****       {
 1593              		.loc 1 2890 10 is_stmt 0 view .LVU544
 1594 0374 16F4804F 		tst	r6, #16384
 1595 0378 7FF485AE 		bne	.L66
2892:Drivers/STM32L4xx_HAL_Driver/Src/stm32l4xx_hal_pcd.c ****       }
 1596              		.loc 1 2892 9 is_stmt 1 view .LVU545
2892:Drivers/STM32L4xx_HAL_Driver/Src/stm32l4xx_hal_pcd.c ****       }
 1597              		.loc 1 2892 9 view .LVU546
2892:Drivers/STM32L4xx_HAL_Driver/Src/stm32l4xx_hal_pcd.c ****       }
 1598              		.loc 1 2892 9 discriminator 2 view .LVU547
2892:Drivers/STM32L4xx_HAL_Driver/Src/stm32l4xx_hal_pcd.c ****       }
 1599              		.loc 1 2892 9 discriminator 4 view .LVU548
 1600              	.LBB33:
2892:Drivers/STM32L4xx_HAL_Driver/Src/stm32l4xx_hal_pcd.c ****       }
 1601              		.loc 1 2892 9 discriminator 4 view .LVU549
2892:Drivers/STM32L4xx_HAL_Driver/Src/stm32l4xx_hal_pcd.c ****       }
 1602              		.loc 1 2892 9 discriminator 4 view .LVU550
 1603 037c 2A68     		ldr	r2, [r5]
 1604 037e 2178     		ldrb	r1, [r4]	@ zero_extendqisi2
 1605 0380 32F82130 		ldrh	r3, [r2, r1, lsl #2]
 1606 0384 9BB2     		uxth	r3, r3
 1607 0386 23F4E043 		bic	r3, r3, #28672
 1608 038a 23F07003 		bic	r3, r3, #112
 1609              	.LVL168:
2892:Drivers/STM32L4xx_HAL_Driver/Src/stm32l4xx_hal_pcd.c ****       }
 1610              		.loc 1 2892 9 discriminator 4 view .LVU551
 1611 038e 43F44043 		orr	r3, r3, #49152
 1612              	.LVL169:
2892:Drivers/STM32L4xx_HAL_Driver/Src/stm32l4xx_hal_pcd.c ****       }
 1613              		.loc 1 2892 9 is_stmt 0 discriminator 4 view .LVU552
 1614 0392 43F08003 		orr	r3, r3, #128
 1615 0396 22F82130 		strh	r3, [r2, r1, lsl #2]	@ movhi
 1616              	.LBE33:
2892:Drivers/STM32L4xx_HAL_Driver/Src/stm32l4xx_hal_pcd.c ****       }
 1617              		.loc 1 2892 9 is_stmt 1 discriminator 6 view .LVU553
2892:Drivers/STM32L4xx_HAL_Driver/Src/stm32l4xx_hal_pcd.c ****       }
 1618              		.loc 1 2892 9 discriminator 6 view .LVU554
2895:Drivers/STM32L4xx_HAL_Driver/Src/stm32l4xx_hal_pcd.c ****     }
 1619              		.loc 1 2895 7 view .LVU555
2895:Drivers/STM32L4xx_HAL_Driver/Src/stm32l4xx_hal_pcd.c ****     }
 1620              		.loc 1 2895 14 is_stmt 0 view .LVU556
 1621 039a 74E6     		b	.L66
 1622              	.LVL170:
 1623              	.L81:
2873:Drivers/STM32L4xx_HAL_Driver/Src/stm32l4xx_hal_pcd.c ****       PCD_SET_EP_DBUF1_CNT(hpcd->Instance, ep->num, ep->is_in, 0U);
 1624              		.loc 1 2873 7 is_stmt 1 discriminator 2 view .LVU557
 1625 039c 012B     		cmp	r3, #1
ARM GAS  /tmp/ccGeOL5J.s 			page 89


 1626 039e C8D1     		bne	.L82
2873:Drivers/STM32L4xx_HAL_Driver/Src/stm32l4xx_hal_pcd.c ****       PCD_SET_EP_DBUF1_CNT(hpcd->Instance, ep->num, ep->is_in, 0U);
 1627              		.loc 1 2873 7 discriminator 16 view .LVU558
 1628              	.LBB34:
2873:Drivers/STM32L4xx_HAL_Driver/Src/stm32l4xx_hal_pcd.c ****       PCD_SET_EP_DBUF1_CNT(hpcd->Instance, ep->num, ep->is_in, 0U);
 1629              		.loc 1 2873 7 discriminator 16 view .LVU559
 1630 03a0 2A68     		ldr	r2, [r5]
 1631              	.LVL171:
2873:Drivers/STM32L4xx_HAL_Driver/Src/stm32l4xx_hal_pcd.c ****       PCD_SET_EP_DBUF1_CNT(hpcd->Instance, ep->num, ep->is_in, 0U);
 1632              		.loc 1 2873 7 discriminator 16 view .LVU560
2873:Drivers/STM32L4xx_HAL_Driver/Src/stm32l4xx_hal_pcd.c ****       PCD_SET_EP_DBUF1_CNT(hpcd->Instance, ep->num, ep->is_in, 0U);
 1633              		.loc 1 2873 7 discriminator 16 view .LVU561
 1634 03a2 B2F85030 		ldrh	r3, [r2, #80]
 1635 03a6 12FA83F3 		uxtah	r3, r2, r3
 1636              	.LVL172:
2873:Drivers/STM32L4xx_HAL_Driver/Src/stm32l4xx_hal_pcd.c ****       PCD_SET_EP_DBUF1_CNT(hpcd->Instance, ep->num, ep->is_in, 0U);
 1637              		.loc 1 2873 7 discriminator 16 view .LVU562
 1638 03aa 0344     		add	r3, r3, r0
 1639              	.LVL173:
2873:Drivers/STM32L4xx_HAL_Driver/Src/stm32l4xx_hal_pcd.c ****       PCD_SET_EP_DBUF1_CNT(hpcd->Instance, ep->num, ep->is_in, 0U);
 1640              		.loc 1 2873 7 discriminator 16 view .LVU563
 1641 03ac 0022     		movs	r2, #0
 1642 03ae A3F80224 		strh	r2, [r3, #1026]	@ movhi
 1643 03b2 BEE7     		b	.L82
 1644              	.LVL174:
 1645              	.L83:
2873:Drivers/STM32L4xx_HAL_Driver/Src/stm32l4xx_hal_pcd.c ****       PCD_SET_EP_DBUF1_CNT(hpcd->Instance, ep->num, ep->is_in, 0U);
 1646              		.loc 1 2873 7 is_stmt 0 discriminator 16 view .LVU564
 1647              	.LBE34:
 1648              	.LBB35:
2874:Drivers/STM32L4xx_HAL_Driver/Src/stm32l4xx_hal_pcd.c **** 
 1649              		.loc 1 2874 7 is_stmt 1 discriminator 2 view .LVU565
 1650 03b4 012B     		cmp	r3, #1
 1651 03b6 D6D1     		bne	.L84
2874:Drivers/STM32L4xx_HAL_Driver/Src/stm32l4xx_hal_pcd.c **** 
 1652              		.loc 1 2874 7 discriminator 16 view .LVU566
 1653 03b8 B2F85030 		ldrh	r3, [r2, #80]
 1654 03bc 12FA83F3 		uxtah	r3, r2, r3
 1655              	.LVL175:
2874:Drivers/STM32L4xx_HAL_Driver/Src/stm32l4xx_hal_pcd.c **** 
 1656              		.loc 1 2874 7 discriminator 16 view .LVU567
 1657 03c0 2278     		ldrb	r2, [r4]	@ zero_extendqisi2
 1658 03c2 03EBC203 		add	r3, r3, r2, lsl #3
 1659              	.LVL176:
2874:Drivers/STM32L4xx_HAL_Driver/Src/stm32l4xx_hal_pcd.c **** 
 1660              		.loc 1 2874 7 discriminator 16 view .LVU568
 1661 03c6 0022     		movs	r2, #0
 1662 03c8 A3F80624 		strh	r2, [r3, #1030]	@ movhi
 1663 03cc CBE7     		b	.L84
 1664              	.LVL177:
 1665              	.L103:
2874:Drivers/STM32L4xx_HAL_Driver/Src/stm32l4xx_hal_pcd.c **** 
 1666              		.loc 1 2874 7 is_stmt 0 discriminator 16 view .LVU569
 1667              	.LBE35:
2879:Drivers/STM32L4xx_HAL_Driver/Src/stm32l4xx_hal_pcd.c ****       }
 1668              		.loc 1 2879 9 is_stmt 1 view .LVU570
 1669              	.LBB36:
ARM GAS  /tmp/ccGeOL5J.s 			page 90


2879:Drivers/STM32L4xx_HAL_Driver/Src/stm32l4xx_hal_pcd.c ****       }
 1670              		.loc 1 2879 9 view .LVU571
2879:Drivers/STM32L4xx_HAL_Driver/Src/stm32l4xx_hal_pcd.c ****       }
 1671              		.loc 1 2879 9 view .LVU572
 1672 03ce 2A68     		ldr	r2, [r5]
 1673 03d0 2178     		ldrb	r1, [r4]	@ zero_extendqisi2
 1674 03d2 32F82130 		ldrh	r3, [r2, r1, lsl #2]
 1675 03d6 9BB2     		uxth	r3, r3
 1676 03d8 23F4E043 		bic	r3, r3, #28672
 1677 03dc 23F04003 		bic	r3, r3, #64
 1678              	.LVL178:
2879:Drivers/STM32L4xx_HAL_Driver/Src/stm32l4xx_hal_pcd.c ****       }
 1679              		.loc 1 2879 9 view .LVU573
2879:Drivers/STM32L4xx_HAL_Driver/Src/stm32l4xx_hal_pcd.c ****       }
 1680              		.loc 1 2879 9 discriminator 3 view .LVU574
2879:Drivers/STM32L4xx_HAL_Driver/Src/stm32l4xx_hal_pcd.c ****       }
 1681              		.loc 1 2879 9 discriminator 4 view .LVU575
 1682 03e0 83F02003 		eor	r3, r3, #32
 1683              	.LVL179:
2879:Drivers/STM32L4xx_HAL_Driver/Src/stm32l4xx_hal_pcd.c ****       }
 1684              		.loc 1 2879 9 discriminator 6 view .LVU576
 1685 03e4 43F40043 		orr	r3, r3, #32768
 1686              	.LVL180:
2879:Drivers/STM32L4xx_HAL_Driver/Src/stm32l4xx_hal_pcd.c ****       }
 1687              		.loc 1 2879 9 is_stmt 0 discriminator 6 view .LVU577
 1688 03e8 43F08003 		orr	r3, r3, #128
 1689 03ec 22F82130 		strh	r3, [r2, r1, lsl #2]	@ movhi
 1690 03f0 BCE7     		b	.L85
 1691              	.LVL181:
 1692              	.L88:
2879:Drivers/STM32L4xx_HAL_Driver/Src/stm32l4xx_hal_pcd.c ****       }
 1693              		.loc 1 2879 9 discriminator 6 view .LVU578
 1694              	.LBE36:
2917:Drivers/STM32L4xx_HAL_Driver/Src/stm32l4xx_hal_pcd.c ****         {
 1695              		.loc 1 2917 14 is_stmt 1 view .LVU579
2917:Drivers/STM32L4xx_HAL_Driver/Src/stm32l4xx_hal_pcd.c ****         {
 1696              		.loc 1 2917 17 is_stmt 0 view .LVU580
 1697 03f2 21B9     		cbnz	r1, .L90
2919:Drivers/STM32L4xx_HAL_Driver/Src/stm32l4xx_hal_pcd.c ****           ep->xfer_fill_db = 0U;
 1698              		.loc 1 2919 11 is_stmt 1 view .LVU581
 1699              	.LVL182:
2920:Drivers/STM32L4xx_HAL_Driver/Src/stm32l4xx_hal_pcd.c ****         }
 1700              		.loc 1 2920 11 view .LVU582
2920:Drivers/STM32L4xx_HAL_Driver/Src/stm32l4xx_hal_pcd.c ****         }
 1701              		.loc 1 2920 28 is_stmt 0 view .LVU583
 1702 03f4 0023     		movs	r3, #0
 1703 03f6 84F82430 		strb	r3, [r4, #36]
2919:Drivers/STM32L4xx_HAL_Driver/Src/stm32l4xx_hal_pcd.c ****           ep->xfer_fill_db = 0U;
 1704              		.loc 1 2919 15 view .LVU584
 1705 03fa 1346     		mov	r3, r2
 1706 03fc 5FE7     		b	.L89
 1707              	.LVL183:
 1708              	.L90:
2924:Drivers/STM32L4xx_HAL_Driver/Src/stm32l4xx_hal_pcd.c ****           ep->xfer_len_db = 0U;
 1709              		.loc 1 2924 11 is_stmt 1 view .LVU585
2925:Drivers/STM32L4xx_HAL_Driver/Src/stm32l4xx_hal_pcd.c ****           ep->xfer_fill_db = 0;
 1710              		.loc 1 2925 11 view .LVU586
ARM GAS  /tmp/ccGeOL5J.s 			page 91


2925:Drivers/STM32L4xx_HAL_Driver/Src/stm32l4xx_hal_pcd.c ****           ep->xfer_fill_db = 0;
 1711              		.loc 1 2925 27 is_stmt 0 view .LVU587
 1712 03fe 0023     		movs	r3, #0
 1713 0400 2362     		str	r3, [r4, #32]
2926:Drivers/STM32L4xx_HAL_Driver/Src/stm32l4xx_hal_pcd.c ****         }
 1714              		.loc 1 2926 11 is_stmt 1 view .LVU588
2926:Drivers/STM32L4xx_HAL_Driver/Src/stm32l4xx_hal_pcd.c ****         }
 1715              		.loc 1 2926 28 is_stmt 0 view .LVU589
 1716 0402 84F82430 		strb	r3, [r4, #36]
2924:Drivers/STM32L4xx_HAL_Driver/Src/stm32l4xx_hal_pcd.c ****           ep->xfer_len_db = 0U;
 1717              		.loc 1 2924 15 view .LVU590
 1718 0406 0B46     		mov	r3, r1
 1719 0408 59E7     		b	.L89
 1720              	.LVL184:
 1721              	.L92:
 1722              	.LBB37:
 1723              	.LBB27:
 1724              	.LBB26:
2930:Drivers/STM32L4xx_HAL_Driver/Src/stm32l4xx_hal_pcd.c **** 
 1725              		.loc 1 2930 9 is_stmt 1 discriminator 4 view .LVU591
 1726 040a 3E2B     		cmp	r3, #62
 1727 040c 0DD8     		bhi	.L94
2930:Drivers/STM32L4xx_HAL_Driver/Src/stm32l4xx_hal_pcd.c **** 
 1728              		.loc 1 2930 9 discriminator 6 view .LVU592
2930:Drivers/STM32L4xx_HAL_Driver/Src/stm32l4xx_hal_pcd.c **** 
 1729              		.loc 1 2930 9 discriminator 6 view .LVU593
 1730 040e 5908     		lsrs	r1, r3, #1
 1731              	.LVL185:
2930:Drivers/STM32L4xx_HAL_Driver/Src/stm32l4xx_hal_pcd.c **** 
 1732              		.loc 1 2930 9 discriminator 6 view .LVU594
 1733 0410 13F0010F 		tst	r3, #1
 1734 0414 00D0     		beq	.L95
2930:Drivers/STM32L4xx_HAL_Driver/Src/stm32l4xx_hal_pcd.c **** 
 1735              		.loc 1 2930 9 discriminator 8 view .LVU595
 1736 0416 0131     		adds	r1, r1, #1
 1737              	.LVL186:
 1738              	.L95:
2930:Drivers/STM32L4xx_HAL_Driver/Src/stm32l4xx_hal_pcd.c **** 
 1739              		.loc 1 2930 9 discriminator 10 view .LVU596
 1740 0418 B2F80604 		ldrh	r0, [r2, #1030]
 1741 041c 80B2     		uxth	r0, r0
 1742 041e 8902     		lsls	r1, r1, #10
 1743              	.LVL187:
2930:Drivers/STM32L4xx_HAL_Driver/Src/stm32l4xx_hal_pcd.c **** 
 1744              		.loc 1 2930 9 is_stmt 0 discriminator 10 view .LVU597
 1745 0420 89B2     		uxth	r1, r1
 1746 0422 0143     		orrs	r1, r1, r0
 1747 0424 A2F80614 		strh	r1, [r2, #1030]	@ movhi
2930:Drivers/STM32L4xx_HAL_Driver/Src/stm32l4xx_hal_pcd.c **** 
 1748              		.loc 1 2930 9 is_stmt 1 discriminator 10 view .LVU598
 1749 0428 11E0     		b	.L93
 1750              	.LVL188:
 1751              	.L94:
2930:Drivers/STM32L4xx_HAL_Driver/Src/stm32l4xx_hal_pcd.c **** 
 1752              		.loc 1 2930 9 discriminator 7 view .LVU599
2930:Drivers/STM32L4xx_HAL_Driver/Src/stm32l4xx_hal_pcd.c **** 
 1753              		.loc 1 2930 9 discriminator 7 view .LVU600
ARM GAS  /tmp/ccGeOL5J.s 			page 92


 1754 042a 5809     		lsrs	r0, r3, #5
 1755              	.LVL189:
2930:Drivers/STM32L4xx_HAL_Driver/Src/stm32l4xx_hal_pcd.c **** 
 1756              		.loc 1 2930 9 discriminator 7 view .LVU601
 1757 042c 13F01F0F 		tst	r3, #31
 1758 0430 00D1     		bne	.L96
2930:Drivers/STM32L4xx_HAL_Driver/Src/stm32l4xx_hal_pcd.c **** 
 1759              		.loc 1 2930 9 discriminator 12 view .LVU602
 1760 0432 0138     		subs	r0, r0, #1
 1761              	.LVL190:
 1762              	.L96:
2930:Drivers/STM32L4xx_HAL_Driver/Src/stm32l4xx_hal_pcd.c **** 
 1763              		.loc 1 2930 9 discriminator 14 view .LVU603
 1764 0434 B2F80614 		ldrh	r1, [r2, #1030]
 1765 0438 89B2     		uxth	r1, r1
 1766 043a 8002     		lsls	r0, r0, #10
 1767              	.LVL191:
2930:Drivers/STM32L4xx_HAL_Driver/Src/stm32l4xx_hal_pcd.c **** 
 1768              		.loc 1 2930 9 is_stmt 0 discriminator 14 view .LVU604
 1769 043c 80B2     		uxth	r0, r0
 1770 043e 0143     		orrs	r1, r1, r0
 1771 0440 41F40041 		orr	r1, r1, #32768
 1772 0444 A2F80614 		strh	r1, [r2, #1030]	@ movhi
 1773 0448 01E0     		b	.L93
 1774              	.LVL192:
 1775              	.L91:
2930:Drivers/STM32L4xx_HAL_Driver/Src/stm32l4xx_hal_pcd.c **** 
 1776              		.loc 1 2930 9 discriminator 14 view .LVU605
 1777              	.LBE26:
 1778              	.LBE27:
2930:Drivers/STM32L4xx_HAL_Driver/Src/stm32l4xx_hal_pcd.c **** 
 1779              		.loc 1 2930 9 is_stmt 1 discriminator 2 view .LVU606
 1780 044a 012A     		cmp	r2, #1
 1781 044c 06D0     		beq	.L104
 1782              	.LVL193:
 1783              	.L93:
2930:Drivers/STM32L4xx_HAL_Driver/Src/stm32l4xx_hal_pcd.c **** 
 1784              		.loc 1 2930 9 is_stmt 0 discriminator 2 view .LVU607
 1785              	.LBE37:
2930:Drivers/STM32L4xx_HAL_Driver/Src/stm32l4xx_hal_pcd.c **** 
 1786              		.loc 1 2930 9 is_stmt 1 discriminator 18 view .LVU608
2933:Drivers/STM32L4xx_HAL_Driver/Src/stm32l4xx_hal_pcd.c ****       }
 1787              		.loc 1 2933 9 view .LVU609
 1788 044e 9BB2     		uxth	r3, r3
 1789              	.LVL194:
2933:Drivers/STM32L4xx_HAL_Driver/Src/stm32l4xx_hal_pcd.c ****       }
 1790              		.loc 1 2933 9 is_stmt 0 view .LVU610
 1791 0450 6289     		ldrh	r2, [r4, #10]
 1792 0452 6169     		ldr	r1, [r4, #20]
 1793 0454 2868     		ldr	r0, [r5]
 1794 0456 FFF7FEFF 		bl	USB_WritePMA
 1795              	.LVL195:
 1796 045a 03E6     		b	.L68
 1797              	.LVL196:
 1798              	.L104:
 1799              	.LBB38:
2930:Drivers/STM32L4xx_HAL_Driver/Src/stm32l4xx_hal_pcd.c **** 
ARM GAS  /tmp/ccGeOL5J.s 			page 93


 1800              		.loc 1 2930 9 is_stmt 1 discriminator 16 view .LVU611
 1801 045c B1F85020 		ldrh	r2, [r1, #80]
 1802 0460 11FA82F2 		uxtah	r2, r1, r2
 1803              	.LVL197:
2930:Drivers/STM32L4xx_HAL_Driver/Src/stm32l4xx_hal_pcd.c **** 
 1804              		.loc 1 2930 9 discriminator 16 view .LVU612
 1805 0464 2178     		ldrb	r1, [r4]	@ zero_extendqisi2
 1806 0466 02EBC102 		add	r2, r2, r1, lsl #3
 1807              	.LVL198:
2930:Drivers/STM32L4xx_HAL_Driver/Src/stm32l4xx_hal_pcd.c **** 
 1808              		.loc 1 2930 9 discriminator 16 view .LVU613
 1809 046a 99B2     		uxth	r1, r3
 1810 046c A2F80614 		strh	r1, [r2, #1030]	@ movhi
 1811 0470 EDE7     		b	.L93
 1812              	.LBE38:
 1813              		.cfi_endproc
 1814              	.LFE419:
 1816              		.section	.text.HAL_PCD_SetupStageCallback,"ax",%progbits
 1817              		.align	1
 1818              		.weak	HAL_PCD_SetupStageCallback
 1819              		.syntax unified
 1820              		.thumb
 1821              		.thumb_func
 1823              	HAL_PCD_SetupStageCallback:
 1824              	.LVL199:
 1825              	.LFB393:
1697:Drivers/STM32L4xx_HAL_Driver/Src/stm32l4xx_hal_pcd.c ****   /* Prevent unused argument(s) compilation warning */
 1826              		.loc 1 1697 1 view -0
 1827              		.cfi_startproc
 1828              		@ args = 0, pretend = 0, frame = 0
 1829              		@ frame_needed = 0, uses_anonymous_args = 0
 1830              		@ link register save eliminated.
1699:Drivers/STM32L4xx_HAL_Driver/Src/stm32l4xx_hal_pcd.c **** 
 1831              		.loc 1 1699 3 view .LVU615
1704:Drivers/STM32L4xx_HAL_Driver/Src/stm32l4xx_hal_pcd.c **** 
 1832              		.loc 1 1704 1 is_stmt 0 view .LVU616
 1833 0000 7047     		bx	lr
 1834              		.cfi_endproc
 1835              	.LFE393:
 1837              		.section	.text.PCD_EP_ISR_Handler,"ax",%progbits
 1838              		.align	1
 1839              		.syntax unified
 1840              		.thumb
 1841              		.thumb_func
 1843              	PCD_EP_ISR_Handler:
 1844              	.LVL200:
 1845              	.LFB417:
2397:Drivers/STM32L4xx_HAL_Driver/Src/stm32l4xx_hal_pcd.c ****   PCD_EPTypeDef *ep;
 1846              		.loc 1 2397 1 is_stmt 1 view -0
 1847              		.cfi_startproc
 1848              		@ args = 0, pretend = 0, frame = 0
 1849              		@ frame_needed = 0, uses_anonymous_args = 0
2397:Drivers/STM32L4xx_HAL_Driver/Src/stm32l4xx_hal_pcd.c ****   PCD_EPTypeDef *ep;
 1850              		.loc 1 2397 1 is_stmt 0 view .LVU618
 1851 0000 2DE9F041 		push	{r4, r5, r6, r7, r8, lr}
 1852              	.LCFI8:
 1853              		.cfi_def_cfa_offset 24
ARM GAS  /tmp/ccGeOL5J.s 			page 94


 1854              		.cfi_offset 4, -24
 1855              		.cfi_offset 5, -20
 1856              		.cfi_offset 6, -16
 1857              		.cfi_offset 7, -12
 1858              		.cfi_offset 8, -8
 1859              		.cfi_offset 14, -4
 1860 0004 0546     		mov	r5, r0
2398:Drivers/STM32L4xx_HAL_Driver/Src/stm32l4xx_hal_pcd.c ****   uint16_t count;
 1861              		.loc 1 2398 3 is_stmt 1 view .LVU619
2399:Drivers/STM32L4xx_HAL_Driver/Src/stm32l4xx_hal_pcd.c ****   uint16_t wIstr;
 1862              		.loc 1 2399 3 view .LVU620
2400:Drivers/STM32L4xx_HAL_Driver/Src/stm32l4xx_hal_pcd.c ****   uint16_t wEPVal;
 1863              		.loc 1 2400 3 view .LVU621
2401:Drivers/STM32L4xx_HAL_Driver/Src/stm32l4xx_hal_pcd.c ****   uint16_t TxPctSize;
 1864              		.loc 1 2401 3 view .LVU622
2402:Drivers/STM32L4xx_HAL_Driver/Src/stm32l4xx_hal_pcd.c ****   uint8_t epindex;
 1865              		.loc 1 2402 3 view .LVU623
2403:Drivers/STM32L4xx_HAL_Driver/Src/stm32l4xx_hal_pcd.c **** 
 1866              		.loc 1 2403 3 view .LVU624
2410:Drivers/STM32L4xx_HAL_Driver/Src/stm32l4xx_hal_pcd.c ****   {
 1867              		.loc 1 2410 3 view .LVU625
2410:Drivers/STM32L4xx_HAL_Driver/Src/stm32l4xx_hal_pcd.c ****   {
 1868              		.loc 1 2410 9 is_stmt 0 view .LVU626
 1869 0006 52E0     		b	.L107
 1870              	.LVL201:
 1871              	.L134:
2428:Drivers/STM32L4xx_HAL_Driver/Src/stm32l4xx_hal_pcd.c ****         ep = &hpcd->IN_ep[0];
 1872              		.loc 1 2428 9 is_stmt 1 view .LVU627
 1873              	.LBB39:
2428:Drivers/STM32L4xx_HAL_Driver/Src/stm32l4xx_hal_pcd.c ****         ep = &hpcd->IN_ep[0];
 1874              		.loc 1 2428 9 view .LVU628
2428:Drivers/STM32L4xx_HAL_Driver/Src/stm32l4xx_hal_pcd.c ****         ep = &hpcd->IN_ep[0];
 1875              		.loc 1 2428 9 view .LVU629
 1876 0008 0388     		ldrh	r3, [r0]
 1877              	.LVL202:
2428:Drivers/STM32L4xx_HAL_Driver/Src/stm32l4xx_hal_pcd.c ****         ep = &hpcd->IN_ep[0];
 1878              		.loc 1 2428 9 is_stmt 0 view .LVU630
 1879 000a 9BB2     		uxth	r3, r3
 1880 000c 23F4E143 		bic	r3, r3, #28800
 1881 0010 23F07003 		bic	r3, r3, #112
 1882              	.LVL203:
2428:Drivers/STM32L4xx_HAL_Driver/Src/stm32l4xx_hal_pcd.c ****         ep = &hpcd->IN_ep[0];
 1883              		.loc 1 2428 9 is_stmt 1 view .LVU631
 1884 0014 6FEA4343 		mvn	r3, r3, lsl #17
 1885              	.LVL204:
2428:Drivers/STM32L4xx_HAL_Driver/Src/stm32l4xx_hal_pcd.c ****         ep = &hpcd->IN_ep[0];
 1886              		.loc 1 2428 9 is_stmt 0 view .LVU632
 1887 0018 6FEA5343 		mvn	r3, r3, lsr #17
 1888 001c 9BB2     		uxth	r3, r3
 1889 001e 0380     		strh	r3, [r0]	@ movhi
 1890              	.LBE39:
2428:Drivers/STM32L4xx_HAL_Driver/Src/stm32l4xx_hal_pcd.c ****         ep = &hpcd->IN_ep[0];
 1891              		.loc 1 2428 9 is_stmt 1 view .LVU633
2429:Drivers/STM32L4xx_HAL_Driver/Src/stm32l4xx_hal_pcd.c **** 
 1892              		.loc 1 2429 9 view .LVU634
 1893              	.LVL205:
2431:Drivers/STM32L4xx_HAL_Driver/Src/stm32l4xx_hal_pcd.c ****         ep->xfer_buff += ep->xfer_count;
ARM GAS  /tmp/ccGeOL5J.s 			page 95


 1894              		.loc 1 2431 9 view .LVU635
2431:Drivers/STM32L4xx_HAL_Driver/Src/stm32l4xx_hal_pcd.c ****         ep->xfer_buff += ep->xfer_count;
 1895              		.loc 1 2431 26 is_stmt 0 view .LVU636
 1896 0020 2968     		ldr	r1, [r5]
 1897 0022 B1F85030 		ldrh	r3, [r1, #80]
 1898 0026 2A7C     		ldrb	r2, [r5, #16]	@ zero_extendqisi2
 1899 0028 D200     		lsls	r2, r2, #3
 1900 002a 12FA83F3 		uxtah	r3, r2, r3
 1901 002e 0B44     		add	r3, r3, r1
 1902 0030 B3F80234 		ldrh	r3, [r3, #1026]
 1903 0034 C3F30903 		ubfx	r3, r3, #0, #10
2431:Drivers/STM32L4xx_HAL_Driver/Src/stm32l4xx_hal_pcd.c ****         ep->xfer_buff += ep->xfer_count;
 1904              		.loc 1 2431 24 view .LVU637
 1905 0038 EB62     		str	r3, [r5, #44]
2432:Drivers/STM32L4xx_HAL_Driver/Src/stm32l4xx_hal_pcd.c **** 
 1906              		.loc 1 2432 9 is_stmt 1 view .LVU638
2432:Drivers/STM32L4xx_HAL_Driver/Src/stm32l4xx_hal_pcd.c **** 
 1907              		.loc 1 2432 11 is_stmt 0 view .LVU639
 1908 003a 6A6A     		ldr	r2, [r5, #36]
2432:Drivers/STM32L4xx_HAL_Driver/Src/stm32l4xx_hal_pcd.c **** 
 1909              		.loc 1 2432 23 view .LVU640
 1910 003c 1A44     		add	r2, r2, r3
 1911 003e 6A62     		str	r2, [r5, #36]
2438:Drivers/STM32L4xx_HAL_Driver/Src/stm32l4xx_hal_pcd.c **** #endif /* USE_HAL_PCD_REGISTER_CALLBACKS */
 1912              		.loc 1 2438 9 is_stmt 1 view .LVU641
 1913 0040 0021     		movs	r1, #0
 1914 0042 2846     		mov	r0, r5
 1915 0044 FFF7FEFF 		bl	HAL_PCD_DataInStageCallback
 1916              	.LVL206:
2441:Drivers/STM32L4xx_HAL_Driver/Src/stm32l4xx_hal_pcd.c ****         {
 1917              		.loc 1 2441 9 view .LVU642
2441:Drivers/STM32L4xx_HAL_Driver/Src/stm32l4xx_hal_pcd.c ****         {
 1918              		.loc 1 2441 18 is_stmt 0 view .LVU643
 1919 0048 6B7B     		ldrb	r3, [r5, #13]	@ zero_extendqisi2
2441:Drivers/STM32L4xx_HAL_Driver/Src/stm32l4xx_hal_pcd.c ****         {
 1920              		.loc 1 2441 12 view .LVU644
 1921 004a 83B3     		cbz	r3, .L107
2441:Drivers/STM32L4xx_HAL_Driver/Src/stm32l4xx_hal_pcd.c ****         {
 1922              		.loc 1 2441 44 discriminator 1 view .LVU645
 1923 004c AB6A     		ldr	r3, [r5, #40]
2441:Drivers/STM32L4xx_HAL_Driver/Src/stm32l4xx_hal_pcd.c ****         {
 1924              		.loc 1 2441 38 discriminator 1 view .LVU646
 1925 004e 73BB     		cbnz	r3, .L107
2443:Drivers/STM32L4xx_HAL_Driver/Src/stm32l4xx_hal_pcd.c ****           hpcd->USB_Address = 0U;
 1926              		.loc 1 2443 11 is_stmt 1 view .LVU647
2443:Drivers/STM32L4xx_HAL_Driver/Src/stm32l4xx_hal_pcd.c ****           hpcd->USB_Address = 0U;
 1927              		.loc 1 2443 50 is_stmt 0 view .LVU648
 1928 0050 6B7B     		ldrb	r3, [r5, #13]	@ zero_extendqisi2
2443:Drivers/STM32L4xx_HAL_Driver/Src/stm32l4xx_hal_pcd.c ****           hpcd->USB_Address = 0U;
 1929              		.loc 1 2443 15 view .LVU649
 1930 0052 2A68     		ldr	r2, [r5]
2443:Drivers/STM32L4xx_HAL_Driver/Src/stm32l4xx_hal_pcd.c ****           hpcd->USB_Address = 0U;
 1931              		.loc 1 2443 33 view .LVU650
 1932 0054 43F08003 		orr	r3, r3, #128
 1933 0058 A2F84C30 		strh	r3, [r2, #76]	@ movhi
2444:Drivers/STM32L4xx_HAL_Driver/Src/stm32l4xx_hal_pcd.c ****         }
 1934              		.loc 1 2444 11 is_stmt 1 view .LVU651
ARM GAS  /tmp/ccGeOL5J.s 			page 96


2444:Drivers/STM32L4xx_HAL_Driver/Src/stm32l4xx_hal_pcd.c ****         }
 1935              		.loc 1 2444 29 is_stmt 0 view .LVU652
 1936 005c 0023     		movs	r3, #0
 1937 005e 6B73     		strb	r3, [r5, #13]
 1938 0060 25E0     		b	.L107
 1939              	.LVL207:
 1940              	.L135:
2464:Drivers/STM32L4xx_HAL_Driver/Src/stm32l4xx_hal_pcd.c ****             PCD_SET_EP_TX_STATUS(hpcd->Instance, PCD_ENDP0, USB_EP_TX_STALL);
 1941              		.loc 1 2464 13 is_stmt 1 view .LVU653
 1942              	.LBB40:
2464:Drivers/STM32L4xx_HAL_Driver/Src/stm32l4xx_hal_pcd.c ****             PCD_SET_EP_TX_STATUS(hpcd->Instance, PCD_ENDP0, USB_EP_TX_STALL);
 1943              		.loc 1 2464 13 view .LVU654
2464:Drivers/STM32L4xx_HAL_Driver/Src/stm32l4xx_hal_pcd.c ****             PCD_SET_EP_TX_STATUS(hpcd->Instance, PCD_ENDP0, USB_EP_TX_STALL);
 1944              		.loc 1 2464 13 view .LVU655
 1945 0062 0388     		ldrh	r3, [r0]
 1946 0064 9BB2     		uxth	r3, r3
 1947 0066 23F48043 		bic	r3, r3, #16384
 1948 006a 23F07003 		bic	r3, r3, #112
 1949              	.LVL208:
2464:Drivers/STM32L4xx_HAL_Driver/Src/stm32l4xx_hal_pcd.c ****             PCD_SET_EP_TX_STATUS(hpcd->Instance, PCD_ENDP0, USB_EP_TX_STALL);
 1950              		.loc 1 2464 13 view .LVU656
2464:Drivers/STM32L4xx_HAL_Driver/Src/stm32l4xx_hal_pcd.c ****             PCD_SET_EP_TX_STATUS(hpcd->Instance, PCD_ENDP0, USB_EP_TX_STALL);
 1951              		.loc 1 2464 13 discriminator 1 view .LVU657
 1952 006e 83F48053 		eor	r3, r3, #4096
 1953              	.LVL209:
2464:Drivers/STM32L4xx_HAL_Driver/Src/stm32l4xx_hal_pcd.c ****             PCD_SET_EP_TX_STATUS(hpcd->Instance, PCD_ENDP0, USB_EP_TX_STALL);
 1954              		.loc 1 2464 13 discriminator 3 view .LVU658
2464:Drivers/STM32L4xx_HAL_Driver/Src/stm32l4xx_hal_pcd.c ****             PCD_SET_EP_TX_STATUS(hpcd->Instance, PCD_ENDP0, USB_EP_TX_STALL);
 1955              		.loc 1 2464 13 discriminator 6 view .LVU659
 1956 0072 48F28001 		movw	r1, #32896
 1957 0076 0B43     		orrs	r3, r3, r1
 1958              	.LVL210:
2464:Drivers/STM32L4xx_HAL_Driver/Src/stm32l4xx_hal_pcd.c ****             PCD_SET_EP_TX_STATUS(hpcd->Instance, PCD_ENDP0, USB_EP_TX_STALL);
 1959              		.loc 1 2464 13 is_stmt 0 discriminator 6 view .LVU660
 1960 0078 0380     		strh	r3, [r0]	@ movhi
 1961              	.LBE40:
2464:Drivers/STM32L4xx_HAL_Driver/Src/stm32l4xx_hal_pcd.c ****             PCD_SET_EP_TX_STATUS(hpcd->Instance, PCD_ENDP0, USB_EP_TX_STALL);
 1962              		.loc 1 2464 13 is_stmt 1 discriminator 6 view .LVU661
2465:Drivers/STM32L4xx_HAL_Driver/Src/stm32l4xx_hal_pcd.c **** 
 1963              		.loc 1 2465 13 view .LVU662
 1964              	.LBB41:
2465:Drivers/STM32L4xx_HAL_Driver/Src/stm32l4xx_hal_pcd.c **** 
 1965              		.loc 1 2465 13 view .LVU663
2465:Drivers/STM32L4xx_HAL_Driver/Src/stm32l4xx_hal_pcd.c **** 
 1966              		.loc 1 2465 13 view .LVU664
 1967 007a 2A68     		ldr	r2, [r5]
 1968 007c 1388     		ldrh	r3, [r2]
 1969 007e 9BB2     		uxth	r3, r3
 1970 0080 23F4E043 		bic	r3, r3, #28672
 1971 0084 23F04003 		bic	r3, r3, #64
 1972              	.LVL211:
2465:Drivers/STM32L4xx_HAL_Driver/Src/stm32l4xx_hal_pcd.c **** 
 1973              		.loc 1 2465 13 view .LVU665
2465:Drivers/STM32L4xx_HAL_Driver/Src/stm32l4xx_hal_pcd.c **** 
 1974              		.loc 1 2465 13 discriminator 1 view .LVU666
 1975 0088 83F01003 		eor	r3, r3, #16
 1976              	.LVL212:
ARM GAS  /tmp/ccGeOL5J.s 			page 97


2465:Drivers/STM32L4xx_HAL_Driver/Src/stm32l4xx_hal_pcd.c **** 
 1977              		.loc 1 2465 13 discriminator 3 view .LVU667
2465:Drivers/STM32L4xx_HAL_Driver/Src/stm32l4xx_hal_pcd.c **** 
 1978              		.loc 1 2465 13 discriminator 6 view .LVU668
 1979 008c 0B43     		orrs	r3, r3, r1
 1980              	.LVL213:
2465:Drivers/STM32L4xx_HAL_Driver/Src/stm32l4xx_hal_pcd.c **** 
 1981              		.loc 1 2465 13 is_stmt 0 discriminator 6 view .LVU669
 1982 008e 1380     		strh	r3, [r2]	@ movhi
 1983              	.LBE41:
2465:Drivers/STM32L4xx_HAL_Driver/Src/stm32l4xx_hal_pcd.c **** 
 1984              		.loc 1 2465 13 is_stmt 1 discriminator 6 view .LVU670
2468:Drivers/STM32L4xx_HAL_Driver/Src/stm32l4xx_hal_pcd.c **** 
 1985              		.loc 1 2468 13 view .LVU671
 1986              	.LBB42:
2468:Drivers/STM32L4xx_HAL_Driver/Src/stm32l4xx_hal_pcd.c **** 
 1987              		.loc 1 2468 13 view .LVU672
2468:Drivers/STM32L4xx_HAL_Driver/Src/stm32l4xx_hal_pcd.c **** 
 1988              		.loc 1 2468 13 view .LVU673
 1989 0090 2A68     		ldr	r2, [r5]
 1990 0092 1388     		ldrh	r3, [r2]
 1991 0094 23F07003 		bic	r3, r3, #112
 1992 0098 1B05     		lsls	r3, r3, #20
 1993 009a 1B0D     		lsrs	r3, r3, #20
 1994              	.LVL214:
2468:Drivers/STM32L4xx_HAL_Driver/Src/stm32l4xx_hal_pcd.c **** 
 1995              		.loc 1 2468 13 view .LVU674
 1996 009c 43F08003 		orr	r3, r3, #128
 1997              	.LVL215:
2468:Drivers/STM32L4xx_HAL_Driver/Src/stm32l4xx_hal_pcd.c **** 
 1998              		.loc 1 2468 13 is_stmt 0 view .LVU675
 1999 00a0 1380     		strh	r3, [r2]	@ movhi
 2000              	.LBE42:
2468:Drivers/STM32L4xx_HAL_Driver/Src/stm32l4xx_hal_pcd.c **** 
 2001              		.loc 1 2468 13 is_stmt 1 view .LVU676
2470:Drivers/STM32L4xx_HAL_Driver/Src/stm32l4xx_hal_pcd.c ****           }
 2002              		.loc 1 2470 13 view .LVU677
 2003              	.LVL216:
 2004              	.L113:
2676:Drivers/STM32L4xx_HAL_Driver/Src/stm32l4xx_hal_pcd.c **** 
 2005              		.loc 1 2676 1 is_stmt 0 view .LVU678
 2006 00a2 0020     		movs	r0, #0
 2007 00a4 BDE8F081 		pop	{r4, r5, r6, r7, r8, pc}
 2008              	.LVL217:
 2009              	.L111:
2486:Drivers/STM32L4xx_HAL_Driver/Src/stm32l4xx_hal_pcd.c ****         {
 2010              		.loc 1 2486 14 is_stmt 1 view .LVU679
2486:Drivers/STM32L4xx_HAL_Driver/Src/stm32l4xx_hal_pcd.c ****         {
 2011              		.loc 1 2486 17 is_stmt 0 view .LVU680
 2012 00a8 12F4004F 		tst	r2, #32768
 2013 00ac 36D1     		bne	.L133
 2014              	.LVL218:
 2015              	.L107:
2410:Drivers/STM32L4xx_HAL_Driver/Src/stm32l4xx_hal_pcd.c ****   {
 2016              		.loc 1 2410 48 is_stmt 1 view .LVU681
2410:Drivers/STM32L4xx_HAL_Driver/Src/stm32l4xx_hal_pcd.c ****   {
 2017              		.loc 1 2410 15 is_stmt 0 view .LVU682
ARM GAS  /tmp/ccGeOL5J.s 			page 98


 2018 00ae 2868     		ldr	r0, [r5]
2410:Drivers/STM32L4xx_HAL_Driver/Src/stm32l4xx_hal_pcd.c ****   {
 2019              		.loc 1 2410 25 view .LVU683
 2020 00b0 B0F84430 		ldrh	r3, [r0, #68]
2410:Drivers/STM32L4xx_HAL_Driver/Src/stm32l4xx_hal_pcd.c ****   {
 2021              		.loc 1 2410 48 view .LVU684
 2022 00b4 13F4004F 		tst	r3, #32768
 2023 00b8 F3D0     		beq	.L113
2412:Drivers/STM32L4xx_HAL_Driver/Src/stm32l4xx_hal_pcd.c **** 
 2024              		.loc 1 2412 5 is_stmt 1 view .LVU685
2412:Drivers/STM32L4xx_HAL_Driver/Src/stm32l4xx_hal_pcd.c **** 
 2025              		.loc 1 2412 11 is_stmt 0 view .LVU686
 2026 00ba B0F84440 		ldrh	r4, [r0, #68]
 2027 00be A3B2     		uxth	r3, r4
 2028              	.LVL219:
2415:Drivers/STM32L4xx_HAL_Driver/Src/stm32l4xx_hal_pcd.c **** 
 2029              		.loc 1 2415 5 is_stmt 1 view .LVU687
2417:Drivers/STM32L4xx_HAL_Driver/Src/stm32l4xx_hal_pcd.c ****     {
 2030              		.loc 1 2417 5 view .LVU688
2417:Drivers/STM32L4xx_HAL_Driver/Src/stm32l4xx_hal_pcd.c ****     {
 2031              		.loc 1 2417 8 is_stmt 0 view .LVU689
 2032 00c0 14F00F04 		ands	r4, r4, #15
 2033              	.LVL220:
2417:Drivers/STM32L4xx_HAL_Driver/Src/stm32l4xx_hal_pcd.c ****     {
 2034              		.loc 1 2417 8 view .LVU690
 2035 00c4 64D1     		bne	.L108
2422:Drivers/STM32L4xx_HAL_Driver/Src/stm32l4xx_hal_pcd.c ****       {
 2036              		.loc 1 2422 7 is_stmt 1 view .LVU691
2422:Drivers/STM32L4xx_HAL_Driver/Src/stm32l4xx_hal_pcd.c ****       {
 2037              		.loc 1 2422 10 is_stmt 0 view .LVU692
 2038 00c6 13F0100F 		tst	r3, #16
 2039 00ca 9DD0     		beq	.L134
2453:Drivers/STM32L4xx_HAL_Driver/Src/stm32l4xx_hal_pcd.c ****         wEPVal = PCD_GET_ENDPOINT(hpcd->Instance, PCD_ENDP0);
 2040              		.loc 1 2453 9 is_stmt 1 view .LVU693
 2041              	.LVL221:
2454:Drivers/STM32L4xx_HAL_Driver/Src/stm32l4xx_hal_pcd.c **** 
 2042              		.loc 1 2454 9 view .LVU694
2454:Drivers/STM32L4xx_HAL_Driver/Src/stm32l4xx_hal_pcd.c **** 
 2043              		.loc 1 2454 16 is_stmt 0 view .LVU695
 2044 00cc 0388     		ldrh	r3, [r0]
 2045              	.LVL222:
2454:Drivers/STM32L4xx_HAL_Driver/Src/stm32l4xx_hal_pcd.c **** 
 2046              		.loc 1 2454 16 view .LVU696
 2047 00ce 9AB2     		uxth	r2, r3
 2048              	.LVL223:
2456:Drivers/STM32L4xx_HAL_Driver/Src/stm32l4xx_hal_pcd.c ****         {
 2049              		.loc 1 2456 9 is_stmt 1 view .LVU697
2456:Drivers/STM32L4xx_HAL_Driver/Src/stm32l4xx_hal_pcd.c ****         {
 2050              		.loc 1 2456 12 is_stmt 0 view .LVU698
 2051 00d0 13F4006F 		tst	r3, #2048
 2052 00d4 E8D0     		beq	.L111
2459:Drivers/STM32L4xx_HAL_Driver/Src/stm32l4xx_hal_pcd.c **** 
 2053              		.loc 1 2459 11 is_stmt 1 view .LVU699
2459:Drivers/STM32L4xx_HAL_Driver/Src/stm32l4xx_hal_pcd.c **** 
 2054              		.loc 1 2459 28 is_stmt 0 view .LVU700
 2055 00d6 B0F85030 		ldrh	r3, [r0, #80]
 2056 00da 95F85021 		ldrb	r2, [r5, #336]	@ zero_extendqisi2
ARM GAS  /tmp/ccGeOL5J.s 			page 99


 2057              	.LVL224:
2459:Drivers/STM32L4xx_HAL_Driver/Src/stm32l4xx_hal_pcd.c **** 
 2058              		.loc 1 2459 28 view .LVU701
 2059 00de D200     		lsls	r2, r2, #3
 2060 00e0 12FA83F3 		uxtah	r3, r2, r3
 2061 00e4 0344     		add	r3, r3, r0
 2062 00e6 B3F80634 		ldrh	r3, [r3, #1030]
 2063 00ea C3F30903 		ubfx	r3, r3, #0, #10
2459:Drivers/STM32L4xx_HAL_Driver/Src/stm32l4xx_hal_pcd.c **** 
 2064              		.loc 1 2459 26 view .LVU702
 2065 00ee C5F86C31 		str	r3, [r5, #364]
2461:Drivers/STM32L4xx_HAL_Driver/Src/stm32l4xx_hal_pcd.c ****           {
 2066              		.loc 1 2461 11 is_stmt 1 view .LVU703
2461:Drivers/STM32L4xx_HAL_Driver/Src/stm32l4xx_hal_pcd.c ****           {
 2067              		.loc 1 2461 14 is_stmt 0 view .LVU704
 2068 00f2 082B     		cmp	r3, #8
 2069 00f4 B5D1     		bne	.L135
2473:Drivers/STM32L4xx_HAL_Driver/Src/stm32l4xx_hal_pcd.c ****                       ep->pmaadress, (uint16_t)ep->xfer_count);
 2070              		.loc 1 2473 11 is_stmt 1 view .LVU705
 2071 00f6 B5F85621 		ldrh	r2, [r5, #342]
 2072 00fa 05F52671 		add	r1, r5, #664
 2073 00fe FFF7FEFF 		bl	USB_ReadPMA
 2074              	.LVL225:
2477:Drivers/STM32L4xx_HAL_Driver/Src/stm32l4xx_hal_pcd.c **** 
 2075              		.loc 1 2477 11 view .LVU706
 2076              	.LBB43:
2477:Drivers/STM32L4xx_HAL_Driver/Src/stm32l4xx_hal_pcd.c **** 
 2077              		.loc 1 2477 11 view .LVU707
2477:Drivers/STM32L4xx_HAL_Driver/Src/stm32l4xx_hal_pcd.c **** 
 2078              		.loc 1 2477 11 view .LVU708
 2079 0102 2A68     		ldr	r2, [r5]
 2080 0104 1388     		ldrh	r3, [r2]
 2081 0106 23F07003 		bic	r3, r3, #112
 2082 010a 1B05     		lsls	r3, r3, #20
 2083 010c 1B0D     		lsrs	r3, r3, #20
 2084              	.LVL226:
2477:Drivers/STM32L4xx_HAL_Driver/Src/stm32l4xx_hal_pcd.c **** 
 2085              		.loc 1 2477 11 view .LVU709
 2086 010e 43F08003 		orr	r3, r3, #128
 2087              	.LVL227:
2477:Drivers/STM32L4xx_HAL_Driver/Src/stm32l4xx_hal_pcd.c **** 
 2088              		.loc 1 2477 11 is_stmt 0 view .LVU710
 2089 0112 1380     		strh	r3, [r2]	@ movhi
 2090              	.LBE43:
2477:Drivers/STM32L4xx_HAL_Driver/Src/stm32l4xx_hal_pcd.c **** 
 2091              		.loc 1 2477 11 is_stmt 1 view .LVU711
2483:Drivers/STM32L4xx_HAL_Driver/Src/stm32l4xx_hal_pcd.c **** #endif /* USE_HAL_PCD_REGISTER_CALLBACKS */
 2092              		.loc 1 2483 11 view .LVU712
 2093 0114 2846     		mov	r0, r5
 2094 0116 FFF7FEFF 		bl	HAL_PCD_SetupStageCallback
 2095              	.LVL228:
 2096 011a C8E7     		b	.L107
 2097              	.LVL229:
 2098              	.L133:
2488:Drivers/STM32L4xx_HAL_Driver/Src/stm32l4xx_hal_pcd.c **** 
 2099              		.loc 1 2488 11 view .LVU713
 2100              	.LBB44:
ARM GAS  /tmp/ccGeOL5J.s 			page 100


2488:Drivers/STM32L4xx_HAL_Driver/Src/stm32l4xx_hal_pcd.c **** 
 2101              		.loc 1 2488 11 view .LVU714
2488:Drivers/STM32L4xx_HAL_Driver/Src/stm32l4xx_hal_pcd.c **** 
 2102              		.loc 1 2488 11 view .LVU715
 2103 011c 0388     		ldrh	r3, [r0]
 2104 011e 23F07003 		bic	r3, r3, #112
 2105 0122 1B05     		lsls	r3, r3, #20
 2106 0124 1B0D     		lsrs	r3, r3, #20
 2107              	.LVL230:
2488:Drivers/STM32L4xx_HAL_Driver/Src/stm32l4xx_hal_pcd.c **** 
 2108              		.loc 1 2488 11 view .LVU716
 2109 0126 43F08003 		orr	r3, r3, #128
 2110              	.LVL231:
2488:Drivers/STM32L4xx_HAL_Driver/Src/stm32l4xx_hal_pcd.c **** 
 2111              		.loc 1 2488 11 is_stmt 0 view .LVU717
 2112 012a 0380     		strh	r3, [r0]	@ movhi
 2113              	.LBE44:
2488:Drivers/STM32L4xx_HAL_Driver/Src/stm32l4xx_hal_pcd.c **** 
 2114              		.loc 1 2488 11 is_stmt 1 view .LVU718
2491:Drivers/STM32L4xx_HAL_Driver/Src/stm32l4xx_hal_pcd.c **** 
 2115              		.loc 1 2491 11 view .LVU719
2491:Drivers/STM32L4xx_HAL_Driver/Src/stm32l4xx_hal_pcd.c **** 
 2116              		.loc 1 2491 28 is_stmt 0 view .LVU720
 2117 012c 2868     		ldr	r0, [r5]
 2118 012e B0F85030 		ldrh	r3, [r0, #80]
 2119 0132 95F85021 		ldrb	r2, [r5, #336]	@ zero_extendqisi2
 2120              	.LVL232:
2491:Drivers/STM32L4xx_HAL_Driver/Src/stm32l4xx_hal_pcd.c **** 
 2121              		.loc 1 2491 28 view .LVU721
 2122 0136 D200     		lsls	r2, r2, #3
 2123 0138 12FA83F3 		uxtah	r3, r2, r3
 2124 013c 0344     		add	r3, r3, r0
 2125 013e B3F80634 		ldrh	r3, [r3, #1030]
 2126 0142 C3F30903 		ubfx	r3, r3, #0, #10
2491:Drivers/STM32L4xx_HAL_Driver/Src/stm32l4xx_hal_pcd.c **** 
 2127              		.loc 1 2491 26 view .LVU722
 2128 0146 C5F86C31 		str	r3, [r5, #364]
2493:Drivers/STM32L4xx_HAL_Driver/Src/stm32l4xx_hal_pcd.c ****           {
 2129              		.loc 1 2493 11 is_stmt 1 view .LVU723
2493:Drivers/STM32L4xx_HAL_Driver/Src/stm32l4xx_hal_pcd.c ****           {
 2130              		.loc 1 2493 14 is_stmt 0 view .LVU724
 2131 014a 6BB9     		cbnz	r3, .L114
2496:Drivers/STM32L4xx_HAL_Driver/Src/stm32l4xx_hal_pcd.c ****           }
 2132              		.loc 1 2496 13 is_stmt 1 view .LVU725
 2133              	.LBB45:
2496:Drivers/STM32L4xx_HAL_Driver/Src/stm32l4xx_hal_pcd.c ****           }
 2134              		.loc 1 2496 13 view .LVU726
2496:Drivers/STM32L4xx_HAL_Driver/Src/stm32l4xx_hal_pcd.c ****           }
 2135              		.loc 1 2496 13 view .LVU727
 2136 014c 0388     		ldrh	r3, [r0]
 2137 014e 9BB2     		uxth	r3, r3
 2138 0150 23F48043 		bic	r3, r3, #16384
 2139 0154 23F07003 		bic	r3, r3, #112
 2140              	.LVL233:
2496:Drivers/STM32L4xx_HAL_Driver/Src/stm32l4xx_hal_pcd.c ****           }
 2141              		.loc 1 2496 13 view .LVU728
2496:Drivers/STM32L4xx_HAL_Driver/Src/stm32l4xx_hal_pcd.c ****           }
ARM GAS  /tmp/ccGeOL5J.s 			page 101


 2142              		.loc 1 2496 13 discriminator 1 view .LVU729
2496:Drivers/STM32L4xx_HAL_Driver/Src/stm32l4xx_hal_pcd.c ****           }
 2143              		.loc 1 2496 13 discriminator 3 view .LVU730
2496:Drivers/STM32L4xx_HAL_Driver/Src/stm32l4xx_hal_pcd.c ****           }
 2144              		.loc 1 2496 13 discriminator 4 view .LVU731
 2145 0158 83F44053 		eor	r3, r3, #12288
 2146              	.LVL234:
2496:Drivers/STM32L4xx_HAL_Driver/Src/stm32l4xx_hal_pcd.c ****           }
 2147              		.loc 1 2496 13 discriminator 6 view .LVU732
 2148 015c 43F40043 		orr	r3, r3, #32768
 2149              	.LVL235:
2496:Drivers/STM32L4xx_HAL_Driver/Src/stm32l4xx_hal_pcd.c ****           }
 2150              		.loc 1 2496 13 is_stmt 0 discriminator 6 view .LVU733
 2151 0160 43F08003 		orr	r3, r3, #128
 2152 0164 0380     		strh	r3, [r0]	@ movhi
 2153              	.LBE45:
2496:Drivers/STM32L4xx_HAL_Driver/Src/stm32l4xx_hal_pcd.c ****           }
 2154              		.loc 1 2496 13 is_stmt 1 discriminator 6 view .LVU734
 2155 0166 A2E7     		b	.L107
 2156              	.LVL236:
 2157              	.L114:
2500:Drivers/STM32L4xx_HAL_Driver/Src/stm32l4xx_hal_pcd.c ****             {
 2158              		.loc 1 2500 13 view .LVU735
2500:Drivers/STM32L4xx_HAL_Driver/Src/stm32l4xx_hal_pcd.c ****             {
 2159              		.loc 1 2500 19 is_stmt 0 view .LVU736
 2160 0168 D5F86411 		ldr	r1, [r5, #356]
2500:Drivers/STM32L4xx_HAL_Driver/Src/stm32l4xx_hal_pcd.c ****             {
 2161              		.loc 1 2500 16 view .LVU737
 2162 016c 0029     		cmp	r1, #0
 2163 016e 9ED0     		beq	.L107
2502:Drivers/STM32L4xx_HAL_Driver/Src/stm32l4xx_hal_pcd.c ****                           ep->pmaadress, (uint16_t)ep->xfer_count);  /* max 64bytes */
 2164              		.loc 1 2502 15 is_stmt 1 view .LVU738
 2165 0170 B5F85621 		ldrh	r2, [r5, #342]
 2166 0174 FFF7FEFF 		bl	USB_ReadPMA
 2167              	.LVL237:
2505:Drivers/STM32L4xx_HAL_Driver/Src/stm32l4xx_hal_pcd.c **** 
 2168              		.loc 1 2505 15 view .LVU739
2505:Drivers/STM32L4xx_HAL_Driver/Src/stm32l4xx_hal_pcd.c **** 
 2169              		.loc 1 2505 17 is_stmt 0 view .LVU740
 2170 0178 D5F86431 		ldr	r3, [r5, #356]
2505:Drivers/STM32L4xx_HAL_Driver/Src/stm32l4xx_hal_pcd.c **** 
 2171              		.loc 1 2505 34 view .LVU741
 2172 017c D5F86C21 		ldr	r2, [r5, #364]
2505:Drivers/STM32L4xx_HAL_Driver/Src/stm32l4xx_hal_pcd.c **** 
 2173              		.loc 1 2505 29 view .LVU742
 2174 0180 1344     		add	r3, r3, r2
 2175 0182 C5F86431 		str	r3, [r5, #356]
2511:Drivers/STM32L4xx_HAL_Driver/Src/stm32l4xx_hal_pcd.c **** #endif /* USE_HAL_PCD_REGISTER_CALLBACKS */
 2176              		.loc 1 2511 15 is_stmt 1 view .LVU743
 2177 0186 0021     		movs	r1, #0
 2178 0188 2846     		mov	r0, r5
 2179 018a FFF7FEFF 		bl	HAL_PCD_DataOutStageCallback
 2180              	.LVL238:
 2181 018e 8EE7     		b	.L107
 2182              	.LVL239:
 2183              	.L108:
2522:Drivers/STM32L4xx_HAL_Driver/Src/stm32l4xx_hal_pcd.c **** 
ARM GAS  /tmp/ccGeOL5J.s 			page 102


 2184              		.loc 1 2522 7 view .LVU744
2522:Drivers/STM32L4xx_HAL_Driver/Src/stm32l4xx_hal_pcd.c **** 
 2185              		.loc 1 2522 14 is_stmt 0 view .LVU745
 2186 0190 30F82430 		ldrh	r3, [r0, r4, lsl #2]
 2187              	.LVL240:
2522:Drivers/STM32L4xx_HAL_Driver/Src/stm32l4xx_hal_pcd.c **** 
 2188              		.loc 1 2522 14 view .LVU746
 2189 0194 9EB2     		uxth	r6, r3
 2190              	.LVL241:
2524:Drivers/STM32L4xx_HAL_Driver/Src/stm32l4xx_hal_pcd.c ****       {
 2191              		.loc 1 2524 7 is_stmt 1 view .LVU747
2524:Drivers/STM32L4xx_HAL_Driver/Src/stm32l4xx_hal_pcd.c ****       {
 2192              		.loc 1 2524 10 is_stmt 0 view .LVU748
 2193 0196 13F4004F 		tst	r3, #32768
 2194 019a 4DD1     		bne	.L136
 2195              	.L115:
2596:Drivers/STM32L4xx_HAL_Driver/Src/stm32l4xx_hal_pcd.c ****       {
 2196              		.loc 1 2596 7 is_stmt 1 view .LVU749
2596:Drivers/STM32L4xx_HAL_Driver/Src/stm32l4xx_hal_pcd.c ****       {
 2197              		.loc 1 2596 10 is_stmt 0 view .LVU750
 2198 019c 16F0800F 		tst	r6, #128
 2199 01a0 85D0     		beq	.L107
2598:Drivers/STM32L4xx_HAL_Driver/Src/stm32l4xx_hal_pcd.c **** 
 2200              		.loc 1 2598 9 is_stmt 1 view .LVU751
2598:Drivers/STM32L4xx_HAL_Driver/Src/stm32l4xx_hal_pcd.c **** 
 2201              		.loc 1 2598 12 is_stmt 0 view .LVU752
 2202 01a2 04EB8401 		add	r1, r4, r4, lsl #2
 2203 01a6 C900     		lsls	r1, r1, #3
 2204 01a8 1031     		adds	r1, r1, #16
 2205 01aa 2944     		add	r1, r1, r5
 2206              	.LVL242:
2601:Drivers/STM32L4xx_HAL_Driver/Src/stm32l4xx_hal_pcd.c **** 
 2207              		.loc 1 2601 9 is_stmt 1 view .LVU753
 2208              	.LBB46:
2601:Drivers/STM32L4xx_HAL_Driver/Src/stm32l4xx_hal_pcd.c **** 
 2209              		.loc 1 2601 9 view .LVU754
2601:Drivers/STM32L4xx_HAL_Driver/Src/stm32l4xx_hal_pcd.c **** 
 2210              		.loc 1 2601 9 view .LVU755
 2211 01ac 2A68     		ldr	r2, [r5]
 2212 01ae 32F82430 		ldrh	r3, [r2, r4, lsl #2]
 2213 01b2 9BB2     		uxth	r3, r3
 2214 01b4 23F4E143 		bic	r3, r3, #28800
 2215 01b8 23F07003 		bic	r3, r3, #112
 2216              	.LVL243:
2601:Drivers/STM32L4xx_HAL_Driver/Src/stm32l4xx_hal_pcd.c **** 
 2217              		.loc 1 2601 9 view .LVU756
 2218 01bc 6FEA4343 		mvn	r3, r3, lsl #17
 2219              	.LVL244:
2601:Drivers/STM32L4xx_HAL_Driver/Src/stm32l4xx_hal_pcd.c **** 
 2220              		.loc 1 2601 9 is_stmt 0 view .LVU757
 2221 01c0 6FEA5343 		mvn	r3, r3, lsr #17
 2222 01c4 9BB2     		uxth	r3, r3
 2223 01c6 22F82430 		strh	r3, [r2, r4, lsl #2]	@ movhi
 2224              	.LBE46:
2601:Drivers/STM32L4xx_HAL_Driver/Src/stm32l4xx_hal_pcd.c **** 
 2225              		.loc 1 2601 9 is_stmt 1 view .LVU758
2603:Drivers/STM32L4xx_HAL_Driver/Src/stm32l4xx_hal_pcd.c ****         {
ARM GAS  /tmp/ccGeOL5J.s 			page 103


 2226              		.loc 1 2603 9 view .LVU759
2603:Drivers/STM32L4xx_HAL_Driver/Src/stm32l4xx_hal_pcd.c ****         {
 2227              		.loc 1 2603 15 is_stmt 0 view .LVU760
 2228 01ca 04EB8403 		add	r3, r4, r4, lsl #2
 2229 01ce 05EBC303 		add	r3, r5, r3, lsl #3
 2230 01d2 DB7C     		ldrb	r3, [r3, #19]	@ zero_extendqisi2
2603:Drivers/STM32L4xx_HAL_Driver/Src/stm32l4xx_hal_pcd.c ****         {
 2231              		.loc 1 2603 12 view .LVU761
 2232 01d4 012B     		cmp	r3, #1
 2233 01d6 00F0F080 		beq	.L137
2631:Drivers/STM32L4xx_HAL_Driver/Src/stm32l4xx_hal_pcd.c ****           {
 2234              		.loc 1 2631 11 is_stmt 1 view .LVU762
2631:Drivers/STM32L4xx_HAL_Driver/Src/stm32l4xx_hal_pcd.c ****           {
 2235              		.loc 1 2631 14 is_stmt 0 view .LVU763
 2236 01da 16F4807F 		tst	r6, #256
 2237 01de 40F08781 		bne	.L127
2634:Drivers/STM32L4xx_HAL_Driver/Src/stm32l4xx_hal_pcd.c **** 
 2238              		.loc 1 2634 13 is_stmt 1 view .LVU764
2634:Drivers/STM32L4xx_HAL_Driver/Src/stm32l4xx_hal_pcd.c **** 
 2239              		.loc 1 2634 35 is_stmt 0 view .LVU765
 2240 01e2 2868     		ldr	r0, [r5]
 2241 01e4 B0F85030 		ldrh	r3, [r0, #80]
 2242 01e8 04EB8402 		add	r2, r4, r4, lsl #2
 2243 01ec 05EBC202 		add	r2, r5, r2, lsl #3
 2244 01f0 167C     		ldrb	r6, [r2, #16]	@ zero_extendqisi2
 2245              	.LVL245:
2634:Drivers/STM32L4xx_HAL_Driver/Src/stm32l4xx_hal_pcd.c **** 
 2246              		.loc 1 2634 35 view .LVU766
 2247 01f2 F200     		lsls	r2, r6, #3
 2248 01f4 12FA83F3 		uxtah	r3, r2, r3
 2249 01f8 0344     		add	r3, r3, r0
 2250 01fa B3F80234 		ldrh	r3, [r3, #1026]
2634:Drivers/STM32L4xx_HAL_Driver/Src/stm32l4xx_hal_pcd.c **** 
 2251              		.loc 1 2634 23 view .LVU767
 2252 01fe C3F30903 		ubfx	r3, r3, #0, #10
 2253              	.LVL246:
2636:Drivers/STM32L4xx_HAL_Driver/Src/stm32l4xx_hal_pcd.c ****             {
 2254              		.loc 1 2636 13 is_stmt 1 view .LVU768
2636:Drivers/STM32L4xx_HAL_Driver/Src/stm32l4xx_hal_pcd.c ****             {
 2255              		.loc 1 2636 19 is_stmt 0 view .LVU769
 2256 0202 621C     		adds	r2, r4, #1
 2257 0204 02EB8202 		add	r2, r2, r2, lsl #2
 2258 0208 55F83220 		ldr	r2, [r5, r2, lsl #3]
2636:Drivers/STM32L4xx_HAL_Driver/Src/stm32l4xx_hal_pcd.c ****             {
 2259              		.loc 1 2636 16 view .LVU770
 2260 020c 9A42     		cmp	r2, r3
 2261 020e 40F25281 		bls	.L128
2638:Drivers/STM32L4xx_HAL_Driver/Src/stm32l4xx_hal_pcd.c ****             }
 2262              		.loc 1 2638 15 is_stmt 1 view .LVU771
2638:Drivers/STM32L4xx_HAL_Driver/Src/stm32l4xx_hal_pcd.c ****             }
 2263              		.loc 1 2638 28 is_stmt 0 view .LVU772
 2264 0212 671C     		adds	r7, r4, #1
 2265 0214 07EB8707 		add	r7, r7, r7, lsl #2
 2266 0218 D21A     		subs	r2, r2, r3
 2267 021a 45F83720 		str	r2, [r5, r7, lsl #3]
 2268              	.L129:
2646:Drivers/STM32L4xx_HAL_Driver/Src/stm32l4xx_hal_pcd.c ****             {
ARM GAS  /tmp/ccGeOL5J.s 			page 104


 2269              		.loc 1 2646 13 is_stmt 1 view .LVU773
2646:Drivers/STM32L4xx_HAL_Driver/Src/stm32l4xx_hal_pcd.c ****             {
 2270              		.loc 1 2646 19 is_stmt 0 view .LVU774
 2271 021e 621C     		adds	r2, r4, #1
 2272 0220 02EB8202 		add	r2, r2, r2, lsl #2
 2273 0224 55F83220 		ldr	r2, [r5, r2, lsl #3]
2646:Drivers/STM32L4xx_HAL_Driver/Src/stm32l4xx_hal_pcd.c ****             {
 2274              		.loc 1 2646 16 view .LVU775
 2275 0228 002A     		cmp	r2, #0
 2276 022a 40F04B81 		bne	.L130
2652:Drivers/STM32L4xx_HAL_Driver/Src/stm32l4xx_hal_pcd.c **** #endif /* USE_HAL_PCD_REGISTER_CALLBACKS */
 2277              		.loc 1 2652 15 is_stmt 1 view .LVU776
 2278 022e 3146     		mov	r1, r6
 2279              	.LVL247:
2652:Drivers/STM32L4xx_HAL_Driver/Src/stm32l4xx_hal_pcd.c **** #endif /* USE_HAL_PCD_REGISTER_CALLBACKS */
 2280              		.loc 1 2652 15 is_stmt 0 view .LVU777
 2281 0230 2846     		mov	r0, r5
 2282 0232 FFF7FEFF 		bl	HAL_PCD_DataInStageCallback
 2283              	.LVL248:
2652:Drivers/STM32L4xx_HAL_Driver/Src/stm32l4xx_hal_pcd.c **** #endif /* USE_HAL_PCD_REGISTER_CALLBACKS */
 2284              		.loc 1 2652 15 view .LVU778
 2285 0236 3AE7     		b	.L107
 2286              	.LVL249:
 2287              	.L136:
2527:Drivers/STM32L4xx_HAL_Driver/Src/stm32l4xx_hal_pcd.c ****         ep = &hpcd->OUT_ep[epindex];
 2288              		.loc 1 2527 9 is_stmt 1 view .LVU779
 2289              	.LBB47:
2527:Drivers/STM32L4xx_HAL_Driver/Src/stm32l4xx_hal_pcd.c ****         ep = &hpcd->OUT_ep[epindex];
 2290              		.loc 1 2527 9 view .LVU780
2527:Drivers/STM32L4xx_HAL_Driver/Src/stm32l4xx_hal_pcd.c ****         ep = &hpcd->OUT_ep[epindex];
 2291              		.loc 1 2527 9 view .LVU781
 2292 0238 30F82430 		ldrh	r3, [r0, r4, lsl #2]
 2293 023c 23F07003 		bic	r3, r3, #112
 2294 0240 1B05     		lsls	r3, r3, #20
 2295 0242 1B0D     		lsrs	r3, r3, #20
 2296              	.LVL250:
2527:Drivers/STM32L4xx_HAL_Driver/Src/stm32l4xx_hal_pcd.c ****         ep = &hpcd->OUT_ep[epindex];
 2297              		.loc 1 2527 9 view .LVU782
 2298 0244 43F08003 		orr	r3, r3, #128
 2299              	.LVL251:
2527:Drivers/STM32L4xx_HAL_Driver/Src/stm32l4xx_hal_pcd.c ****         ep = &hpcd->OUT_ep[epindex];
 2300              		.loc 1 2527 9 is_stmt 0 view .LVU783
 2301 0248 20F82430 		strh	r3, [r0, r4, lsl #2]	@ movhi
 2302              	.LBE47:
2527:Drivers/STM32L4xx_HAL_Driver/Src/stm32l4xx_hal_pcd.c ****         ep = &hpcd->OUT_ep[epindex];
 2303              		.loc 1 2527 9 is_stmt 1 view .LVU784
2528:Drivers/STM32L4xx_HAL_Driver/Src/stm32l4xx_hal_pcd.c **** 
 2304              		.loc 1 2528 9 view .LVU785
2528:Drivers/STM32L4xx_HAL_Driver/Src/stm32l4xx_hal_pcd.c **** 
 2305              		.loc 1 2528 12 is_stmt 0 view .LVU786
 2306 024c 04EB8401 		add	r1, r4, r4, lsl #2
 2307 0250 C900     		lsls	r1, r1, #3
 2308 0252 01F5A871 		add	r1, r1, #336
 2309 0256 05EB0108 		add	r8, r5, r1
 2310              	.LVL252:
2531:Drivers/STM32L4xx_HAL_Driver/Src/stm32l4xx_hal_pcd.c ****         {
 2311              		.loc 1 2531 9 is_stmt 1 view .LVU787
ARM GAS  /tmp/ccGeOL5J.s 			page 105


2531:Drivers/STM32L4xx_HAL_Driver/Src/stm32l4xx_hal_pcd.c ****         {
 2312              		.loc 1 2531 15 is_stmt 0 view .LVU788
 2313 025a 04EB8403 		add	r3, r4, r4, lsl #2
 2314 025e 05EBC303 		add	r3, r5, r3, lsl #3
 2315 0262 93F85C31 		ldrb	r3, [r3, #348]	@ zero_extendqisi2
2531:Drivers/STM32L4xx_HAL_Driver/Src/stm32l4xx_hal_pcd.c ****         {
 2316              		.loc 1 2531 12 view .LVU789
 2317 0266 DBBB     		cbnz	r3, .L116
2533:Drivers/STM32L4xx_HAL_Driver/Src/stm32l4xx_hal_pcd.c **** 
 2318              		.loc 1 2533 11 is_stmt 1 view .LVU790
2533:Drivers/STM32L4xx_HAL_Driver/Src/stm32l4xx_hal_pcd.c **** 
 2319              		.loc 1 2533 29 is_stmt 0 view .LVU791
 2320 0268 2868     		ldr	r0, [r5]
 2321 026a B0F85030 		ldrh	r3, [r0, #80]
 2322 026e 04EB8402 		add	r2, r4, r4, lsl #2
 2323 0272 05EBC202 		add	r2, r5, r2, lsl #3
 2324 0276 92F85021 		ldrb	r2, [r2, #336]	@ zero_extendqisi2
 2325 027a D200     		lsls	r2, r2, #3
 2326 027c 12FA83F3 		uxtah	r3, r2, r3
 2327 0280 0344     		add	r3, r3, r0
 2328 0282 B3F80674 		ldrh	r7, [r3, #1030]
2533:Drivers/STM32L4xx_HAL_Driver/Src/stm32l4xx_hal_pcd.c **** 
 2329              		.loc 1 2533 17 view .LVU792
 2330 0286 C7F30907 		ubfx	r7, r7, #0, #10
 2331              	.LVL253:
2535:Drivers/STM32L4xx_HAL_Driver/Src/stm32l4xx_hal_pcd.c ****           {
 2332              		.loc 1 2535 11 is_stmt 1 view .LVU793
2535:Drivers/STM32L4xx_HAL_Driver/Src/stm32l4xx_hal_pcd.c ****           {
 2333              		.loc 1 2535 14 is_stmt 0 view .LVU794
 2334 028a EFB9     		cbnz	r7, .L138
 2335              	.L117:
2578:Drivers/STM32L4xx_HAL_Driver/Src/stm32l4xx_hal_pcd.c **** 
 2336              		.loc 1 2578 9 is_stmt 1 view .LVU795
2578:Drivers/STM32L4xx_HAL_Driver/Src/stm32l4xx_hal_pcd.c **** 
 2337              		.loc 1 2578 11 is_stmt 0 view .LVU796
 2338 028c 04EB8403 		add	r3, r4, r4, lsl #2
 2339 0290 05EBC303 		add	r3, r5, r3, lsl #3
 2340 0294 D3F86C21 		ldr	r2, [r3, #364]
2578:Drivers/STM32L4xx_HAL_Driver/Src/stm32l4xx_hal_pcd.c **** 
 2341              		.loc 1 2578 24 view .LVU797
 2342 0298 3A44     		add	r2, r2, r7
 2343 029a C3F86C21 		str	r2, [r3, #364]
2580:Drivers/STM32L4xx_HAL_Driver/Src/stm32l4xx_hal_pcd.c ****         {
 2344              		.loc 1 2580 9 is_stmt 1 view .LVU798
2580:Drivers/STM32L4xx_HAL_Driver/Src/stm32l4xx_hal_pcd.c ****         {
 2345              		.loc 1 2580 16 is_stmt 0 view .LVU799
 2346 029e D3F86831 		ldr	r3, [r3, #360]
2580:Drivers/STM32L4xx_HAL_Driver/Src/stm32l4xx_hal_pcd.c ****         {
 2347              		.loc 1 2580 12 view .LVU800
 2348 02a2 3BB1     		cbz	r3, .L120
2580:Drivers/STM32L4xx_HAL_Driver/Src/stm32l4xx_hal_pcd.c ****         {
 2349              		.loc 1 2580 48 discriminator 1 view .LVU801
 2350 02a4 04EB8403 		add	r3, r4, r4, lsl #2
 2351 02a8 05EBC303 		add	r3, r5, r3, lsl #3
 2352 02ac D3F86031 		ldr	r3, [r3, #352]
2580:Drivers/STM32L4xx_HAL_Driver/Src/stm32l4xx_hal_pcd.c ****         {
 2353              		.loc 1 2580 34 discriminator 1 view .LVU802
ARM GAS  /tmp/ccGeOL5J.s 			page 106


 2354 02b0 9F42     		cmp	r7, r3
 2355 02b2 70D2     		bcs	.L121
 2356              	.L120:
2586:Drivers/STM32L4xx_HAL_Driver/Src/stm32l4xx_hal_pcd.c **** #endif /* USE_HAL_PCD_REGISTER_CALLBACKS */
 2357              		.loc 1 2586 11 is_stmt 1 view .LVU803
 2358 02b4 04EB8403 		add	r3, r4, r4, lsl #2
 2359 02b8 05EBC303 		add	r3, r5, r3, lsl #3
 2360 02bc 93F85011 		ldrb	r1, [r3, #336]	@ zero_extendqisi2
 2361 02c0 2846     		mov	r0, r5
 2362 02c2 FFF7FEFF 		bl	HAL_PCD_DataOutStageCallback
 2363              	.LVL254:
 2364 02c6 69E7     		b	.L115
 2365              	.L138:
2537:Drivers/STM32L4xx_HAL_Driver/Src/stm32l4xx_hal_pcd.c ****           }
 2366              		.loc 1 2537 13 view .LVU804
 2367 02c8 04EB8401 		add	r1, r4, r4, lsl #2
 2368 02cc 05EBC101 		add	r1, r5, r1, lsl #3
 2369 02d0 3B46     		mov	r3, r7
 2370 02d2 B1F85621 		ldrh	r2, [r1, #342]
 2371 02d6 D1F86411 		ldr	r1, [r1, #356]
 2372 02da FFF7FEFF 		bl	USB_ReadPMA
 2373              	.LVL255:
 2374 02de D5E7     		b	.L117
 2375              	.LVL256:
 2376              	.L116:
2544:Drivers/STM32L4xx_HAL_Driver/Src/stm32l4xx_hal_pcd.c ****           {
 2377              		.loc 1 2544 11 view .LVU805
2544:Drivers/STM32L4xx_HAL_Driver/Src/stm32l4xx_hal_pcd.c ****           {
 2378              		.loc 1 2544 17 is_stmt 0 view .LVU806
 2379 02e0 04EB8403 		add	r3, r4, r4, lsl #2
 2380 02e4 05EBC303 		add	r3, r5, r3, lsl #3
 2381 02e8 93F85331 		ldrb	r3, [r3, #339]	@ zero_extendqisi2
2544:Drivers/STM32L4xx_HAL_Driver/Src/stm32l4xx_hal_pcd.c ****           {
 2382              		.loc 1 2544 14 view .LVU807
 2383 02ec 022B     		cmp	r3, #2
 2384 02ee 33D0     		beq	.L139
2551:Drivers/STM32L4xx_HAL_Driver/Src/stm32l4xx_hal_pcd.c **** 
 2385              		.loc 1 2551 13 is_stmt 1 view .LVU808
2551:Drivers/STM32L4xx_HAL_Driver/Src/stm32l4xx_hal_pcd.c **** 
 2386              		.loc 1 2551 13 view .LVU809
2551:Drivers/STM32L4xx_HAL_Driver/Src/stm32l4xx_hal_pcd.c **** 
 2387              		.loc 1 2551 13 discriminator 1 view .LVU810
 2388              	.LBB48:
2551:Drivers/STM32L4xx_HAL_Driver/Src/stm32l4xx_hal_pcd.c **** 
 2389              		.loc 1 2551 13 discriminator 1 view .LVU811
2551:Drivers/STM32L4xx_HAL_Driver/Src/stm32l4xx_hal_pcd.c **** 
 2390              		.loc 1 2551 13 discriminator 1 view .LVU812
 2391 02f0 2968     		ldr	r1, [r5]
 2392 02f2 04EB8402 		add	r2, r4, r4, lsl #2
 2393 02f6 05EBC202 		add	r2, r5, r2, lsl #3
 2394 02fa 92F85001 		ldrb	r0, [r2, #336]	@ zero_extendqisi2
 2395 02fe 31F82030 		ldrh	r3, [r1, r0, lsl #2]
 2396 0302 9BB2     		uxth	r3, r3
 2397 0304 23F4E043 		bic	r3, r3, #28672
 2398 0308 23F07003 		bic	r3, r3, #112
 2399              	.LVL257:
2551:Drivers/STM32L4xx_HAL_Driver/Src/stm32l4xx_hal_pcd.c **** 
ARM GAS  /tmp/ccGeOL5J.s 			page 107


 2400              		.loc 1 2551 13 discriminator 1 view .LVU813
 2401 030c 43F40043 		orr	r3, r3, #32768
 2402              	.LVL258:
2551:Drivers/STM32L4xx_HAL_Driver/Src/stm32l4xx_hal_pcd.c **** 
 2403              		.loc 1 2551 13 is_stmt 0 discriminator 1 view .LVU814
 2404 0310 43F0C003 		orr	r3, r3, #192
 2405 0314 21F82030 		strh	r3, [r1, r0, lsl #2]	@ movhi
 2406              	.LBE48:
2551:Drivers/STM32L4xx_HAL_Driver/Src/stm32l4xx_hal_pcd.c **** 
 2407              		.loc 1 2551 13 is_stmt 1 discriminator 1 view .LVU815
2551:Drivers/STM32L4xx_HAL_Driver/Src/stm32l4xx_hal_pcd.c **** 
 2408              		.loc 1 2551 13 discriminator 6 view .LVU816
2551:Drivers/STM32L4xx_HAL_Driver/Src/stm32l4xx_hal_pcd.c **** 
 2409              		.loc 1 2551 13 discriminator 6 view .LVU817
2553:Drivers/STM32L4xx_HAL_Driver/Src/stm32l4xx_hal_pcd.c ****             {
 2410              		.loc 1 2553 13 view .LVU818
2553:Drivers/STM32L4xx_HAL_Driver/Src/stm32l4xx_hal_pcd.c ****             {
 2411              		.loc 1 2553 18 is_stmt 0 view .LVU819
 2412 0318 2868     		ldr	r0, [r5]
 2413 031a 92F85031 		ldrb	r3, [r2, #336]	@ zero_extendqisi2
 2414 031e 30F82320 		ldrh	r2, [r0, r3, lsl #2]
2553:Drivers/STM32L4xx_HAL_Driver/Src/stm32l4xx_hal_pcd.c ****             {
 2415              		.loc 1 2553 16 view .LVU820
 2416 0322 12F4804F 		tst	r2, #16384
 2417 0326 1ED0     		beq	.L119
2556:Drivers/STM32L4xx_HAL_Driver/Src/stm32l4xx_hal_pcd.c **** 
 2418              		.loc 1 2556 15 is_stmt 1 view .LVU821
2556:Drivers/STM32L4xx_HAL_Driver/Src/stm32l4xx_hal_pcd.c **** 
 2419              		.loc 1 2556 33 is_stmt 0 view .LVU822
 2420 0328 B0F85020 		ldrh	r2, [r0, #80]
 2421 032c DB00     		lsls	r3, r3, #3
 2422 032e 13FA82F3 		uxtah	r3, r3, r2
 2423 0332 0344     		add	r3, r3, r0
 2424 0334 B3F80274 		ldrh	r7, [r3, #1026]
2556:Drivers/STM32L4xx_HAL_Driver/Src/stm32l4xx_hal_pcd.c **** 
 2425              		.loc 1 2556 21 view .LVU823
 2426 0338 C7F30907 		ubfx	r7, r7, #0, #10
 2427              	.LVL259:
2558:Drivers/STM32L4xx_HAL_Driver/Src/stm32l4xx_hal_pcd.c ****               {
 2428              		.loc 1 2558 15 is_stmt 1 view .LVU824
2558:Drivers/STM32L4xx_HAL_Driver/Src/stm32l4xx_hal_pcd.c ****               {
 2429              		.loc 1 2558 18 is_stmt 0 view .LVU825
 2430 033c 002F     		cmp	r7, #0
 2431 033e A5D0     		beq	.L117
2560:Drivers/STM32L4xx_HAL_Driver/Src/stm32l4xx_hal_pcd.c ****               }
 2432              		.loc 1 2560 17 is_stmt 1 view .LVU826
 2433 0340 04EB8401 		add	r1, r4, r4, lsl #2
 2434 0344 05EBC101 		add	r1, r5, r1, lsl #3
 2435 0348 3B46     		mov	r3, r7
 2436 034a B1F85821 		ldrh	r2, [r1, #344]
 2437 034e D1F86411 		ldr	r1, [r1, #356]
 2438 0352 FFF7FEFF 		bl	USB_ReadPMA
 2439              	.LVL260:
 2440 0356 99E7     		b	.L117
 2441              	.LVL261:
 2442              	.L139:
2546:Drivers/STM32L4xx_HAL_Driver/Src/stm32l4xx_hal_pcd.c ****           }
ARM GAS  /tmp/ccGeOL5J.s 			page 108


 2443              		.loc 1 2546 13 view .LVU827
2546:Drivers/STM32L4xx_HAL_Driver/Src/stm32l4xx_hal_pcd.c ****           }
 2444              		.loc 1 2546 21 is_stmt 0 view .LVU828
 2445 0358 3246     		mov	r2, r6
 2446 035a 4146     		mov	r1, r8
 2447 035c 2846     		mov	r0, r5
 2448 035e FFF7FEFF 		bl	HAL_PCD_EP_DB_Receive
 2449              	.LVL262:
 2450 0362 0746     		mov	r7, r0
 2451              	.LVL263:
2546:Drivers/STM32L4xx_HAL_Driver/Src/stm32l4xx_hal_pcd.c ****           }
 2452              		.loc 1 2546 21 view .LVU829
 2453 0364 92E7     		b	.L117
 2454              	.LVL264:
 2455              	.L119:
2566:Drivers/STM32L4xx_HAL_Driver/Src/stm32l4xx_hal_pcd.c **** 
 2456              		.loc 1 2566 15 is_stmt 1 view .LVU830
2566:Drivers/STM32L4xx_HAL_Driver/Src/stm32l4xx_hal_pcd.c **** 
 2457              		.loc 1 2566 33 is_stmt 0 view .LVU831
 2458 0366 B0F85020 		ldrh	r2, [r0, #80]
 2459 036a DB00     		lsls	r3, r3, #3
 2460 036c 13FA82F3 		uxtah	r3, r3, r2
 2461 0370 0344     		add	r3, r3, r0
 2462 0372 B3F80674 		ldrh	r7, [r3, #1030]
2566:Drivers/STM32L4xx_HAL_Driver/Src/stm32l4xx_hal_pcd.c **** 
 2463              		.loc 1 2566 21 view .LVU832
 2464 0376 C7F30907 		ubfx	r7, r7, #0, #10
 2465              	.LVL265:
2568:Drivers/STM32L4xx_HAL_Driver/Src/stm32l4xx_hal_pcd.c ****               {
 2466              		.loc 1 2568 15 is_stmt 1 view .LVU833
2568:Drivers/STM32L4xx_HAL_Driver/Src/stm32l4xx_hal_pcd.c ****               {
 2467              		.loc 1 2568 18 is_stmt 0 view .LVU834
 2468 037a 002F     		cmp	r7, #0
 2469 037c 86D0     		beq	.L117
2570:Drivers/STM32L4xx_HAL_Driver/Src/stm32l4xx_hal_pcd.c ****               }
 2470              		.loc 1 2570 17 is_stmt 1 view .LVU835
 2471 037e 04EB8401 		add	r1, r4, r4, lsl #2
 2472 0382 05EBC101 		add	r1, r5, r1, lsl #3
 2473 0386 3B46     		mov	r3, r7
 2474 0388 B1F85A21 		ldrh	r2, [r1, #346]
 2475 038c D1F86411 		ldr	r1, [r1, #356]
 2476 0390 FFF7FEFF 		bl	USB_ReadPMA
 2477              	.LVL266:
 2478 0394 7AE7     		b	.L117
 2479              	.LVL267:
 2480              	.L121:
2591:Drivers/STM32L4xx_HAL_Driver/Src/stm32l4xx_hal_pcd.c ****           (void)USB_EPStartXfer(hpcd->Instance, ep);
 2481              		.loc 1 2591 11 view .LVU836
2591:Drivers/STM32L4xx_HAL_Driver/Src/stm32l4xx_hal_pcd.c ****           (void)USB_EPStartXfer(hpcd->Instance, ep);
 2482              		.loc 1 2591 13 is_stmt 0 view .LVU837
 2483 0396 04EB8403 		add	r3, r4, r4, lsl #2
 2484 039a 05EBC303 		add	r3, r5, r3, lsl #3
 2485 039e D3F86421 		ldr	r2, [r3, #356]
2591:Drivers/STM32L4xx_HAL_Driver/Src/stm32l4xx_hal_pcd.c ****           (void)USB_EPStartXfer(hpcd->Instance, ep);
 2486              		.loc 1 2591 25 view .LVU838
 2487 03a2 04EB8403 		add	r3, r4, r4, lsl #2
 2488 03a6 05EBC303 		add	r3, r5, r3, lsl #3
ARM GAS  /tmp/ccGeOL5J.s 			page 109


 2489 03aa 3A44     		add	r2, r2, r7
 2490 03ac C3F86421 		str	r2, [r3, #356]
2592:Drivers/STM32L4xx_HAL_Driver/Src/stm32l4xx_hal_pcd.c ****         }
 2491              		.loc 1 2592 11 is_stmt 1 view .LVU839
2592:Drivers/STM32L4xx_HAL_Driver/Src/stm32l4xx_hal_pcd.c ****         }
 2492              		.loc 1 2592 17 is_stmt 0 view .LVU840
 2493 03b0 4146     		mov	r1, r8
 2494 03b2 2868     		ldr	r0, [r5]
 2495 03b4 FFF7FEFF 		bl	USB_EPStartXfer
 2496              	.LVL268:
 2497 03b8 F0E6     		b	.L115
 2498              	.LVL269:
 2499              	.L137:
2605:Drivers/STM32L4xx_HAL_Driver/Src/stm32l4xx_hal_pcd.c **** 
 2500              		.loc 1 2605 11 is_stmt 1 view .LVU841
2605:Drivers/STM32L4xx_HAL_Driver/Src/stm32l4xx_hal_pcd.c **** 
 2501              		.loc 1 2605 24 is_stmt 0 view .LVU842
 2502 03ba 631C     		adds	r3, r4, #1
 2503 03bc 03EB8303 		add	r3, r3, r3, lsl #2
 2504 03c0 DB00     		lsls	r3, r3, #3
 2505 03c2 0022     		movs	r2, #0
 2506 03c4 EA50     		str	r2, [r5, r3]
2608:Drivers/STM32L4xx_HAL_Driver/Src/stm32l4xx_hal_pcd.c ****           {
 2507              		.loc 1 2608 11 is_stmt 1 view .LVU843
2608:Drivers/STM32L4xx_HAL_Driver/Src/stm32l4xx_hal_pcd.c ****           {
 2508              		.loc 1 2608 17 is_stmt 0 view .LVU844
 2509 03c6 04EB8403 		add	r3, r4, r4, lsl #2
 2510 03ca 05EBC303 		add	r3, r5, r3, lsl #3
 2511 03ce 1B7F     		ldrb	r3, [r3, #28]	@ zero_extendqisi2
2608:Drivers/STM32L4xx_HAL_Driver/Src/stm32l4xx_hal_pcd.c ****           {
 2512              		.loc 1 2608 14 view .LVU845
 2513 03d0 1BB3     		cbz	r3, .L123
2610:Drivers/STM32L4xx_HAL_Driver/Src/stm32l4xx_hal_pcd.c ****             {
 2514              		.loc 1 2610 13 is_stmt 1 view .LVU846
2610:Drivers/STM32L4xx_HAL_Driver/Src/stm32l4xx_hal_pcd.c ****             {
 2515              		.loc 1 2610 16 is_stmt 0 view .LVU847
 2516 03d2 16F0400F 		tst	r6, #64
 2517 03d6 3BD0     		beq	.L124
2612:Drivers/STM32L4xx_HAL_Driver/Src/stm32l4xx_hal_pcd.c ****             }
 2518              		.loc 1 2612 15 is_stmt 1 view .LVU848
2612:Drivers/STM32L4xx_HAL_Driver/Src/stm32l4xx_hal_pcd.c ****             }
 2519              		.loc 1 2612 15 view .LVU849
 2520 03d8 04EB8403 		add	r3, r4, r4, lsl #2
 2521 03dc 05EBC303 		add	r3, r5, r3, lsl #3
 2522 03e0 5B7C     		ldrb	r3, [r3, #17]	@ zero_extendqisi2
 2523 03e2 1BBB     		cbnz	r3, .L125
2612:Drivers/STM32L4xx_HAL_Driver/Src/stm32l4xx_hal_pcd.c ****             }
 2524              		.loc 1 2612 15 discriminator 1 view .LVU850
 2525              	.LBB49:
2612:Drivers/STM32L4xx_HAL_Driver/Src/stm32l4xx_hal_pcd.c ****             }
 2526              		.loc 1 2612 15 discriminator 1 view .LVU851
 2527 03e4 2A68     		ldr	r2, [r5]
 2528              	.LVL270:
2612:Drivers/STM32L4xx_HAL_Driver/Src/stm32l4xx_hal_pcd.c ****             }
 2529              		.loc 1 2612 15 discriminator 1 view .LVU852
2612:Drivers/STM32L4xx_HAL_Driver/Src/stm32l4xx_hal_pcd.c ****             }
 2530              		.loc 1 2612 15 discriminator 1 view .LVU853
ARM GAS  /tmp/ccGeOL5J.s 			page 110


 2531 03e6 B2F85030 		ldrh	r3, [r2, #80]
 2532 03ea 12FA83F3 		uxtah	r3, r2, r3
 2533              	.LVL271:
2612:Drivers/STM32L4xx_HAL_Driver/Src/stm32l4xx_hal_pcd.c ****             }
 2534              		.loc 1 2612 15 discriminator 1 view .LVU854
 2535 03ee 04EB8402 		add	r2, r4, r4, lsl #2
 2536 03f2 05EBC202 		add	r2, r5, r2, lsl #3
 2537 03f6 127C     		ldrb	r2, [r2, #16]	@ zero_extendqisi2
 2538 03f8 03EBC203 		add	r3, r3, r2, lsl #3
 2539              	.LVL272:
2612:Drivers/STM32L4xx_HAL_Driver/Src/stm32l4xx_hal_pcd.c ****             }
 2540              		.loc 1 2612 15 discriminator 1 view .LVU855
 2541              	.LBB50:
2612:Drivers/STM32L4xx_HAL_Driver/Src/stm32l4xx_hal_pcd.c ****             }
 2542              		.loc 1 2612 15 discriminator 1 view .LVU856
2612:Drivers/STM32L4xx_HAL_Driver/Src/stm32l4xx_hal_pcd.c ****             }
 2543              		.loc 1 2612 15 discriminator 1 view .LVU857
 2544 03fc B3F80224 		ldrh	r2, [r3, #1026]
 2545 0400 C2F30902 		ubfx	r2, r2, #0, #10
 2546 0404 A3F80224 		strh	r2, [r3, #1026]	@ movhi
2612:Drivers/STM32L4xx_HAL_Driver/Src/stm32l4xx_hal_pcd.c ****             }
 2547              		.loc 1 2612 15 discriminator 1 view .LVU858
2612:Drivers/STM32L4xx_HAL_Driver/Src/stm32l4xx_hal_pcd.c ****             }
 2548              		.loc 1 2612 15 discriminator 3 view .LVU859
 2549 0408 B3F80224 		ldrh	r2, [r3, #1026]
 2550 040c 6FEA4242 		mvn	r2, r2, lsl #17
 2551 0410 6FEA5242 		mvn	r2, r2, lsr #17
 2552 0414 92B2     		uxth	r2, r2
 2553 0416 A3F80224 		strh	r2, [r3, #1026]	@ movhi
2612:Drivers/STM32L4xx_HAL_Driver/Src/stm32l4xx_hal_pcd.c ****             }
 2554              		.loc 1 2612 15 discriminator 15 view .LVU860
 2555              	.LBE50:
2612:Drivers/STM32L4xx_HAL_Driver/Src/stm32l4xx_hal_pcd.c ****             }
 2556              		.loc 1 2612 15 discriminator 15 view .LVU861
 2557              	.LBE49:
2612:Drivers/STM32L4xx_HAL_Driver/Src/stm32l4xx_hal_pcd.c ****             }
 2558              		.loc 1 2612 15 discriminator 15 view .LVU862
 2559              	.LVL273:
 2560              	.L123:
2616:Drivers/STM32L4xx_HAL_Driver/Src/stm32l4xx_hal_pcd.c ****             }
 2561              		.loc 1 2616 15 discriminator 18 view .LVU863
2625:Drivers/STM32L4xx_HAL_Driver/Src/stm32l4xx_hal_pcd.c **** #endif /* USE_HAL_PCD_REGISTER_CALLBACKS */
 2562              		.loc 1 2625 11 view .LVU864
 2563 041a 04EB8404 		add	r4, r4, r4, lsl #2
 2564 041e 05EBC404 		add	r4, r5, r4, lsl #3
 2565 0422 217C     		ldrb	r1, [r4, #16]	@ zero_extendqisi2
 2566              	.LVL274:
2625:Drivers/STM32L4xx_HAL_Driver/Src/stm32l4xx_hal_pcd.c **** #endif /* USE_HAL_PCD_REGISTER_CALLBACKS */
 2567              		.loc 1 2625 11 is_stmt 0 view .LVU865
 2568 0424 2846     		mov	r0, r5
 2569 0426 FFF7FEFF 		bl	HAL_PCD_DataInStageCallback
 2570              	.LVL275:
 2571 042a 40E6     		b	.L107
 2572              	.LVL276:
 2573              	.L125:
2612:Drivers/STM32L4xx_HAL_Driver/Src/stm32l4xx_hal_pcd.c ****             }
 2574              		.loc 1 2612 15 is_stmt 1 discriminator 2 view .LVU866
ARM GAS  /tmp/ccGeOL5J.s 			page 111


 2575 042c 012B     		cmp	r3, #1
 2576 042e F4D1     		bne	.L123
2612:Drivers/STM32L4xx_HAL_Driver/Src/stm32l4xx_hal_pcd.c ****             }
 2577              		.loc 1 2612 15 discriminator 16 view .LVU867
 2578              	.LBB51:
2612:Drivers/STM32L4xx_HAL_Driver/Src/stm32l4xx_hal_pcd.c ****             }
 2579              		.loc 1 2612 15 discriminator 16 view .LVU868
 2580 0430 2A68     		ldr	r2, [r5]
 2581              	.LVL277:
2612:Drivers/STM32L4xx_HAL_Driver/Src/stm32l4xx_hal_pcd.c ****             }
 2582              		.loc 1 2612 15 discriminator 16 view .LVU869
2612:Drivers/STM32L4xx_HAL_Driver/Src/stm32l4xx_hal_pcd.c ****             }
 2583              		.loc 1 2612 15 discriminator 16 view .LVU870
 2584 0432 B2F85030 		ldrh	r3, [r2, #80]
 2585 0436 12FA83F3 		uxtah	r3, r2, r3
 2586              	.LVL278:
2612:Drivers/STM32L4xx_HAL_Driver/Src/stm32l4xx_hal_pcd.c ****             }
 2587              		.loc 1 2612 15 discriminator 16 view .LVU871
 2588 043a 04EB8402 		add	r2, r4, r4, lsl #2
 2589 043e 05EBC202 		add	r2, r5, r2, lsl #3
 2590 0442 127C     		ldrb	r2, [r2, #16]	@ zero_extendqisi2
 2591 0444 03EBC203 		add	r3, r3, r2, lsl #3
 2592              	.LVL279:
2612:Drivers/STM32L4xx_HAL_Driver/Src/stm32l4xx_hal_pcd.c ****             }
 2593              		.loc 1 2612 15 discriminator 16 view .LVU872
 2594 0448 0022     		movs	r2, #0
 2595 044a A3F80224 		strh	r2, [r3, #1026]	@ movhi
 2596 044e E4E7     		b	.L123
 2597              	.LVL280:
 2598              	.L124:
2612:Drivers/STM32L4xx_HAL_Driver/Src/stm32l4xx_hal_pcd.c ****             }
 2599              		.loc 1 2612 15 is_stmt 0 discriminator 16 view .LVU873
 2600              	.LBE51:
2616:Drivers/STM32L4xx_HAL_Driver/Src/stm32l4xx_hal_pcd.c ****             }
 2601              		.loc 1 2616 15 is_stmt 1 view .LVU874
 2602              	.LBB52:
2616:Drivers/STM32L4xx_HAL_Driver/Src/stm32l4xx_hal_pcd.c ****             }
 2603              		.loc 1 2616 15 view .LVU875
 2604 0450 2A68     		ldr	r2, [r5]
 2605              	.LVL281:
2616:Drivers/STM32L4xx_HAL_Driver/Src/stm32l4xx_hal_pcd.c ****             }
 2606              		.loc 1 2616 15 view .LVU876
2616:Drivers/STM32L4xx_HAL_Driver/Src/stm32l4xx_hal_pcd.c ****             }
 2607              		.loc 1 2616 15 view .LVU877
 2608 0452 04EB8403 		add	r3, r4, r4, lsl #2
 2609 0456 05EBC303 		add	r3, r5, r3, lsl #3
 2610 045a 5B7C     		ldrb	r3, [r3, #17]	@ zero_extendqisi2
 2611 045c D3B9     		cbnz	r3, .L126
2616:Drivers/STM32L4xx_HAL_Driver/Src/stm32l4xx_hal_pcd.c ****             }
 2612              		.loc 1 2616 15 discriminator 1 view .LVU878
 2613              	.LBB53:
2616:Drivers/STM32L4xx_HAL_Driver/Src/stm32l4xx_hal_pcd.c ****             }
 2614              		.loc 1 2616 15 discriminator 1 view .LVU879
 2615              	.LVL282:
2616:Drivers/STM32L4xx_HAL_Driver/Src/stm32l4xx_hal_pcd.c ****             }
 2616              		.loc 1 2616 15 discriminator 1 view .LVU880
2616:Drivers/STM32L4xx_HAL_Driver/Src/stm32l4xx_hal_pcd.c ****             }
ARM GAS  /tmp/ccGeOL5J.s 			page 112


 2617              		.loc 1 2616 15 discriminator 1 view .LVU881
 2618 045e B2F85030 		ldrh	r3, [r2, #80]
 2619 0462 12FA83F3 		uxtah	r3, r2, r3
 2620              	.LVL283:
2616:Drivers/STM32L4xx_HAL_Driver/Src/stm32l4xx_hal_pcd.c ****             }
 2621              		.loc 1 2616 15 discriminator 1 view .LVU882
 2622 0466 04EB8402 		add	r2, r4, r4, lsl #2
 2623              	.LVL284:
2616:Drivers/STM32L4xx_HAL_Driver/Src/stm32l4xx_hal_pcd.c ****             }
 2624              		.loc 1 2616 15 is_stmt 0 discriminator 1 view .LVU883
 2625 046a 05EBC202 		add	r2, r5, r2, lsl #3
 2626 046e 127C     		ldrb	r2, [r2, #16]	@ zero_extendqisi2
 2627 0470 03EBC203 		add	r3, r3, r2, lsl #3
 2628              	.LVL285:
2616:Drivers/STM32L4xx_HAL_Driver/Src/stm32l4xx_hal_pcd.c ****             }
 2629              		.loc 1 2616 15 is_stmt 1 discriminator 1 view .LVU884
 2630              	.LBB54:
2616:Drivers/STM32L4xx_HAL_Driver/Src/stm32l4xx_hal_pcd.c ****             }
 2631              		.loc 1 2616 15 discriminator 1 view .LVU885
2616:Drivers/STM32L4xx_HAL_Driver/Src/stm32l4xx_hal_pcd.c ****             }
 2632              		.loc 1 2616 15 discriminator 1 view .LVU886
 2633 0474 B3F80624 		ldrh	r2, [r3, #1030]
 2634 0478 C2F30902 		ubfx	r2, r2, #0, #10
 2635 047c A3F80624 		strh	r2, [r3, #1030]	@ movhi
 2636              	.LVL286:
2616:Drivers/STM32L4xx_HAL_Driver/Src/stm32l4xx_hal_pcd.c ****             }
 2637              		.loc 1 2616 15 discriminator 1 view .LVU887
2616:Drivers/STM32L4xx_HAL_Driver/Src/stm32l4xx_hal_pcd.c ****             }
 2638              		.loc 1 2616 15 discriminator 3 view .LVU888
 2639 0480 B3F80624 		ldrh	r2, [r3, #1030]
 2640 0484 6FEA4242 		mvn	r2, r2, lsl #17
 2641 0488 6FEA5242 		mvn	r2, r2, lsr #17
 2642 048c 92B2     		uxth	r2, r2
 2643 048e A3F80624 		strh	r2, [r3, #1030]	@ movhi
2616:Drivers/STM32L4xx_HAL_Driver/Src/stm32l4xx_hal_pcd.c ****             }
 2644              		.loc 1 2616 15 discriminator 15 view .LVU889
 2645              	.LBE54:
2616:Drivers/STM32L4xx_HAL_Driver/Src/stm32l4xx_hal_pcd.c ****             }
 2646              		.loc 1 2616 15 discriminator 15 view .LVU890
 2647              	.LBE53:
2616:Drivers/STM32L4xx_HAL_Driver/Src/stm32l4xx_hal_pcd.c ****             }
 2648              		.loc 1 2616 15 discriminator 15 view .LVU891
 2649              	.LBB56:
 2650              	.LBB55:
 2651 0492 C2E7     		b	.L123
 2652              	.LVL287:
 2653              	.L126:
2616:Drivers/STM32L4xx_HAL_Driver/Src/stm32l4xx_hal_pcd.c ****             }
 2654              		.loc 1 2616 15 is_stmt 0 discriminator 15 view .LVU892
 2655              	.LBE55:
 2656              	.LBE56:
2616:Drivers/STM32L4xx_HAL_Driver/Src/stm32l4xx_hal_pcd.c ****             }
 2657              		.loc 1 2616 15 is_stmt 1 discriminator 2 view .LVU893
 2658 0494 012B     		cmp	r3, #1
 2659 0496 C0D1     		bne	.L123
2616:Drivers/STM32L4xx_HAL_Driver/Src/stm32l4xx_hal_pcd.c ****             }
 2660              		.loc 1 2616 15 discriminator 16 view .LVU894
ARM GAS  /tmp/ccGeOL5J.s 			page 113


 2661 0498 B2F85030 		ldrh	r3, [r2, #80]
 2662 049c 12FA83F3 		uxtah	r3, r2, r3
 2663              	.LVL288:
2616:Drivers/STM32L4xx_HAL_Driver/Src/stm32l4xx_hal_pcd.c ****             }
 2664              		.loc 1 2616 15 discriminator 16 view .LVU895
 2665 04a0 04EB8402 		add	r2, r4, r4, lsl #2
 2666 04a4 05EBC202 		add	r2, r5, r2, lsl #3
 2667 04a8 127C     		ldrb	r2, [r2, #16]	@ zero_extendqisi2
 2668 04aa 03EBC203 		add	r3, r3, r2, lsl #3
 2669              	.LVL289:
2616:Drivers/STM32L4xx_HAL_Driver/Src/stm32l4xx_hal_pcd.c ****             }
 2670              		.loc 1 2616 15 discriminator 16 view .LVU896
 2671 04ae 0022     		movs	r2, #0
 2672 04b0 A3F80624 		strh	r2, [r3, #1030]	@ movhi
 2673 04b4 B1E7     		b	.L123
 2674              	.LVL290:
 2675              	.L128:
2616:Drivers/STM32L4xx_HAL_Driver/Src/stm32l4xx_hal_pcd.c ****             }
 2676              		.loc 1 2616 15 is_stmt 0 discriminator 16 view .LVU897
 2677              	.LBE52:
2642:Drivers/STM32L4xx_HAL_Driver/Src/stm32l4xx_hal_pcd.c ****             }
 2678              		.loc 1 2642 15 is_stmt 1 view .LVU898
2642:Drivers/STM32L4xx_HAL_Driver/Src/stm32l4xx_hal_pcd.c ****             }
 2679              		.loc 1 2642 28 is_stmt 0 view .LVU899
 2680 04b6 621C     		adds	r2, r4, #1
 2681 04b8 02EB8202 		add	r2, r2, r2, lsl #2
 2682 04bc D200     		lsls	r2, r2, #3
 2683 04be 0027     		movs	r7, #0
 2684 04c0 AF50     		str	r7, [r5, r2]
 2685 04c2 ACE6     		b	.L129
 2686              	.L130:
2658:Drivers/STM32L4xx_HAL_Driver/Src/stm32l4xx_hal_pcd.c ****               ep->xfer_count += TxPctSize;
 2687              		.loc 1 2658 15 is_stmt 1 view .LVU900
2658:Drivers/STM32L4xx_HAL_Driver/Src/stm32l4xx_hal_pcd.c ****               ep->xfer_count += TxPctSize;
 2688              		.loc 1 2658 17 is_stmt 0 view .LVU901
 2689 04c4 04EB8402 		add	r2, r4, r4, lsl #2
 2690 04c8 05EBC202 		add	r2, r5, r2, lsl #3
 2691 04cc 566A     		ldr	r6, [r2, #36]
2658:Drivers/STM32L4xx_HAL_Driver/Src/stm32l4xx_hal_pcd.c ****               ep->xfer_count += TxPctSize;
 2692              		.loc 1 2658 29 view .LVU902
 2693 04ce 1E44     		add	r6, r6, r3
 2694 04d0 5662     		str	r6, [r2, #36]
2659:Drivers/STM32L4xx_HAL_Driver/Src/stm32l4xx_hal_pcd.c ****               (void)USB_EPStartXfer(hpcd->Instance, ep);
 2695              		.loc 1 2659 15 is_stmt 1 view .LVU903
2659:Drivers/STM32L4xx_HAL_Driver/Src/stm32l4xx_hal_pcd.c ****               (void)USB_EPStartXfer(hpcd->Instance, ep);
 2696              		.loc 1 2659 17 is_stmt 0 view .LVU904
 2697 04d2 0134     		adds	r4, r4, #1
 2698 04d4 04EB8402 		add	r2, r4, r4, lsl #2
 2699 04d8 05EBC202 		add	r2, r5, r2, lsl #3
 2700 04dc 5268     		ldr	r2, [r2, #4]
2659:Drivers/STM32L4xx_HAL_Driver/Src/stm32l4xx_hal_pcd.c ****               (void)USB_EPStartXfer(hpcd->Instance, ep);
 2701              		.loc 1 2659 30 view .LVU905
 2702 04de 04EB8404 		add	r4, r4, r4, lsl #2
 2703 04e2 05EBC404 		add	r4, r5, r4, lsl #3
 2704 04e6 1344     		add	r3, r3, r2
 2705              	.LVL291:
2659:Drivers/STM32L4xx_HAL_Driver/Src/stm32l4xx_hal_pcd.c ****               (void)USB_EPStartXfer(hpcd->Instance, ep);
ARM GAS  /tmp/ccGeOL5J.s 			page 114


 2706              		.loc 1 2659 30 view .LVU906
 2707 04e8 6360     		str	r3, [r4, #4]
2660:Drivers/STM32L4xx_HAL_Driver/Src/stm32l4xx_hal_pcd.c ****             }
 2708              		.loc 1 2660 15 is_stmt 1 view .LVU907
2660:Drivers/STM32L4xx_HAL_Driver/Src/stm32l4xx_hal_pcd.c ****             }
 2709              		.loc 1 2660 21 is_stmt 0 view .LVU908
 2710 04ea FFF7FEFF 		bl	USB_EPStartXfer
 2711              	.LVL292:
2660:Drivers/STM32L4xx_HAL_Driver/Src/stm32l4xx_hal_pcd.c ****             }
 2712              		.loc 1 2660 21 view .LVU909
 2713 04ee DEE5     		b	.L107
 2714              	.LVL293:
 2715              	.L127:
2667:Drivers/STM32L4xx_HAL_Driver/Src/stm32l4xx_hal_pcd.c ****           }
 2716              		.loc 1 2667 13 is_stmt 1 view .LVU910
2667:Drivers/STM32L4xx_HAL_Driver/Src/stm32l4xx_hal_pcd.c ****           }
 2717              		.loc 1 2667 19 is_stmt 0 view .LVU911
 2718 04f0 3246     		mov	r2, r6
 2719 04f2 2846     		mov	r0, r5
 2720 04f4 FFF7FEFF 		bl	HAL_PCD_EP_DB_Transmit
 2721              	.LVL294:
2667:Drivers/STM32L4xx_HAL_Driver/Src/stm32l4xx_hal_pcd.c ****           }
 2722              		.loc 1 2667 19 view .LVU912
 2723 04f8 D9E5     		b	.L107
 2724              		.cfi_endproc
 2725              	.LFE417:
 2727              		.section	.text.HAL_PCD_SOFCallback,"ax",%progbits
 2728              		.align	1
 2729              		.weak	HAL_PCD_SOFCallback
 2730              		.syntax unified
 2731              		.thumb
 2732              		.thumb_func
 2734              	HAL_PCD_SOFCallback:
 2735              	.LVL295:
 2736              	.LFB394:
1712:Drivers/STM32L4xx_HAL_Driver/Src/stm32l4xx_hal_pcd.c ****   /* Prevent unused argument(s) compilation warning */
 2737              		.loc 1 1712 1 is_stmt 1 view -0
 2738              		.cfi_startproc
 2739              		@ args = 0, pretend = 0, frame = 0
 2740              		@ frame_needed = 0, uses_anonymous_args = 0
 2741              		@ link register save eliminated.
1714:Drivers/STM32L4xx_HAL_Driver/Src/stm32l4xx_hal_pcd.c **** 
 2742              		.loc 1 1714 3 view .LVU914
1719:Drivers/STM32L4xx_HAL_Driver/Src/stm32l4xx_hal_pcd.c **** 
 2743              		.loc 1 1719 1 is_stmt 0 view .LVU915
 2744 0000 7047     		bx	lr
 2745              		.cfi_endproc
 2746              	.LFE394:
 2748              		.section	.text.HAL_PCD_ResetCallback,"ax",%progbits
 2749              		.align	1
 2750              		.weak	HAL_PCD_ResetCallback
 2751              		.syntax unified
 2752              		.thumb
 2753              		.thumb_func
 2755              	HAL_PCD_ResetCallback:
 2756              	.LVL296:
 2757              	.LFB395:
ARM GAS  /tmp/ccGeOL5J.s 			page 115


1727:Drivers/STM32L4xx_HAL_Driver/Src/stm32l4xx_hal_pcd.c ****   /* Prevent unused argument(s) compilation warning */
 2758              		.loc 1 1727 1 is_stmt 1 view -0
 2759              		.cfi_startproc
 2760              		@ args = 0, pretend = 0, frame = 0
 2761              		@ frame_needed = 0, uses_anonymous_args = 0
 2762              		@ link register save eliminated.
1729:Drivers/STM32L4xx_HAL_Driver/Src/stm32l4xx_hal_pcd.c **** 
 2763              		.loc 1 1729 3 view .LVU917
1734:Drivers/STM32L4xx_HAL_Driver/Src/stm32l4xx_hal_pcd.c **** 
 2764              		.loc 1 1734 1 is_stmt 0 view .LVU918
 2765 0000 7047     		bx	lr
 2766              		.cfi_endproc
 2767              	.LFE395:
 2769              		.section	.text.HAL_PCD_SuspendCallback,"ax",%progbits
 2770              		.align	1
 2771              		.weak	HAL_PCD_SuspendCallback
 2772              		.syntax unified
 2773              		.thumb
 2774              		.thumb_func
 2776              	HAL_PCD_SuspendCallback:
 2777              	.LVL297:
 2778              	.LFB396:
1742:Drivers/STM32L4xx_HAL_Driver/Src/stm32l4xx_hal_pcd.c ****   /* Prevent unused argument(s) compilation warning */
 2779              		.loc 1 1742 1 is_stmt 1 view -0
 2780              		.cfi_startproc
 2781              		@ args = 0, pretend = 0, frame = 0
 2782              		@ frame_needed = 0, uses_anonymous_args = 0
 2783              		@ link register save eliminated.
1744:Drivers/STM32L4xx_HAL_Driver/Src/stm32l4xx_hal_pcd.c **** 
 2784              		.loc 1 1744 3 view .LVU920
1749:Drivers/STM32L4xx_HAL_Driver/Src/stm32l4xx_hal_pcd.c **** 
 2785              		.loc 1 1749 1 is_stmt 0 view .LVU921
 2786 0000 7047     		bx	lr
 2787              		.cfi_endproc
 2788              	.LFE396:
 2790              		.section	.text.HAL_PCD_ResumeCallback,"ax",%progbits
 2791              		.align	1
 2792              		.weak	HAL_PCD_ResumeCallback
 2793              		.syntax unified
 2794              		.thumb
 2795              		.thumb_func
 2797              	HAL_PCD_ResumeCallback:
 2798              	.LVL298:
 2799              	.LFB397:
1757:Drivers/STM32L4xx_HAL_Driver/Src/stm32l4xx_hal_pcd.c ****   /* Prevent unused argument(s) compilation warning */
 2800              		.loc 1 1757 1 is_stmt 1 view -0
 2801              		.cfi_startproc
 2802              		@ args = 0, pretend = 0, frame = 0
 2803              		@ frame_needed = 0, uses_anonymous_args = 0
 2804              		@ link register save eliminated.
1759:Drivers/STM32L4xx_HAL_Driver/Src/stm32l4xx_hal_pcd.c **** 
 2805              		.loc 1 1759 3 view .LVU923
1764:Drivers/STM32L4xx_HAL_Driver/Src/stm32l4xx_hal_pcd.c **** 
 2806              		.loc 1 1764 1 is_stmt 0 view .LVU924
 2807 0000 7047     		bx	lr
 2808              		.cfi_endproc
 2809              	.LFE397:
ARM GAS  /tmp/ccGeOL5J.s 			page 116


 2811              		.section	.text.HAL_PCD_ISOOUTIncompleteCallback,"ax",%progbits
 2812              		.align	1
 2813              		.weak	HAL_PCD_ISOOUTIncompleteCallback
 2814              		.syntax unified
 2815              		.thumb
 2816              		.thumb_func
 2818              	HAL_PCD_ISOOUTIncompleteCallback:
 2819              	.LVL299:
 2820              	.LFB398:
1773:Drivers/STM32L4xx_HAL_Driver/Src/stm32l4xx_hal_pcd.c ****   /* Prevent unused argument(s) compilation warning */
 2821              		.loc 1 1773 1 is_stmt 1 view -0
 2822              		.cfi_startproc
 2823              		@ args = 0, pretend = 0, frame = 0
 2824              		@ frame_needed = 0, uses_anonymous_args = 0
 2825              		@ link register save eliminated.
1775:Drivers/STM32L4xx_HAL_Driver/Src/stm32l4xx_hal_pcd.c ****   UNUSED(epnum);
 2826              		.loc 1 1775 3 view .LVU926
1776:Drivers/STM32L4xx_HAL_Driver/Src/stm32l4xx_hal_pcd.c **** 
 2827              		.loc 1 1776 3 view .LVU927
1781:Drivers/STM32L4xx_HAL_Driver/Src/stm32l4xx_hal_pcd.c **** 
 2828              		.loc 1 1781 1 is_stmt 0 view .LVU928
 2829 0000 7047     		bx	lr
 2830              		.cfi_endproc
 2831              	.LFE398:
 2833              		.section	.text.HAL_PCD_ISOINIncompleteCallback,"ax",%progbits
 2834              		.align	1
 2835              		.weak	HAL_PCD_ISOINIncompleteCallback
 2836              		.syntax unified
 2837              		.thumb
 2838              		.thumb_func
 2840              	HAL_PCD_ISOINIncompleteCallback:
 2841              	.LVL300:
 2842              	.LFB399:
1790:Drivers/STM32L4xx_HAL_Driver/Src/stm32l4xx_hal_pcd.c ****   /* Prevent unused argument(s) compilation warning */
 2843              		.loc 1 1790 1 is_stmt 1 view -0
 2844              		.cfi_startproc
 2845              		@ args = 0, pretend = 0, frame = 0
 2846              		@ frame_needed = 0, uses_anonymous_args = 0
 2847              		@ link register save eliminated.
1792:Drivers/STM32L4xx_HAL_Driver/Src/stm32l4xx_hal_pcd.c ****   UNUSED(epnum);
 2848              		.loc 1 1792 3 view .LVU930
1793:Drivers/STM32L4xx_HAL_Driver/Src/stm32l4xx_hal_pcd.c **** 
 2849              		.loc 1 1793 3 view .LVU931
1798:Drivers/STM32L4xx_HAL_Driver/Src/stm32l4xx_hal_pcd.c **** 
 2850              		.loc 1 1798 1 is_stmt 0 view .LVU932
 2851 0000 7047     		bx	lr
 2852              		.cfi_endproc
 2853              	.LFE399:
 2855              		.section	.text.HAL_PCD_ConnectCallback,"ax",%progbits
 2856              		.align	1
 2857              		.weak	HAL_PCD_ConnectCallback
 2858              		.syntax unified
 2859              		.thumb
 2860              		.thumb_func
 2862              	HAL_PCD_ConnectCallback:
 2863              	.LVL301:
 2864              	.LFB400:
ARM GAS  /tmp/ccGeOL5J.s 			page 117


1806:Drivers/STM32L4xx_HAL_Driver/Src/stm32l4xx_hal_pcd.c ****   /* Prevent unused argument(s) compilation warning */
 2865              		.loc 1 1806 1 is_stmt 1 view -0
 2866              		.cfi_startproc
 2867              		@ args = 0, pretend = 0, frame = 0
 2868              		@ frame_needed = 0, uses_anonymous_args = 0
 2869              		@ link register save eliminated.
1808:Drivers/STM32L4xx_HAL_Driver/Src/stm32l4xx_hal_pcd.c **** 
 2870              		.loc 1 1808 3 view .LVU934
1813:Drivers/STM32L4xx_HAL_Driver/Src/stm32l4xx_hal_pcd.c **** 
 2871              		.loc 1 1813 1 is_stmt 0 view .LVU935
 2872 0000 7047     		bx	lr
 2873              		.cfi_endproc
 2874              	.LFE400:
 2876              		.section	.text.HAL_PCD_DisconnectCallback,"ax",%progbits
 2877              		.align	1
 2878              		.weak	HAL_PCD_DisconnectCallback
 2879              		.syntax unified
 2880              		.thumb
 2881              		.thumb_func
 2883              	HAL_PCD_DisconnectCallback:
 2884              	.LVL302:
 2885              	.LFB401:
1821:Drivers/STM32L4xx_HAL_Driver/Src/stm32l4xx_hal_pcd.c ****   /* Prevent unused argument(s) compilation warning */
 2886              		.loc 1 1821 1 is_stmt 1 view -0
 2887              		.cfi_startproc
 2888              		@ args = 0, pretend = 0, frame = 0
 2889              		@ frame_needed = 0, uses_anonymous_args = 0
 2890              		@ link register save eliminated.
1823:Drivers/STM32L4xx_HAL_Driver/Src/stm32l4xx_hal_pcd.c **** 
 2891              		.loc 1 1823 3 view .LVU937
1828:Drivers/STM32L4xx_HAL_Driver/Src/stm32l4xx_hal_pcd.c **** 
 2892              		.loc 1 1828 1 is_stmt 0 view .LVU938
 2893 0000 7047     		bx	lr
 2894              		.cfi_endproc
 2895              	.LFE401:
 2897              		.section	.text.HAL_PCD_DevConnect,"ax",%progbits
 2898              		.align	1
 2899              		.global	HAL_PCD_DevConnect
 2900              		.syntax unified
 2901              		.thumb
 2902              		.thumb_func
 2904              	HAL_PCD_DevConnect:
 2905              	.LVL303:
 2906              	.LFB402:
1855:Drivers/STM32L4xx_HAL_Driver/Src/stm32l4xx_hal_pcd.c **** #if defined (USB_OTG_FS)
 2907              		.loc 1 1855 1 is_stmt 1 view -0
 2908              		.cfi_startproc
 2909              		@ args = 0, pretend = 0, frame = 0
 2910              		@ frame_needed = 0, uses_anonymous_args = 0
1860:Drivers/STM32L4xx_HAL_Driver/Src/stm32l4xx_hal_pcd.c **** 
 2911              		.loc 1 1860 3 view .LVU940
1860:Drivers/STM32L4xx_HAL_Driver/Src/stm32l4xx_hal_pcd.c **** 
 2912              		.loc 1 1860 3 view .LVU941
 2913 0000 90F89032 		ldrb	r3, [r0, #656]	@ zero_extendqisi2
 2914 0004 012B     		cmp	r3, #1
 2915 0006 0BD0     		beq	.L150
1855:Drivers/STM32L4xx_HAL_Driver/Src/stm32l4xx_hal_pcd.c **** #if defined (USB_OTG_FS)
ARM GAS  /tmp/ccGeOL5J.s 			page 118


 2916              		.loc 1 1855 1 is_stmt 0 view .LVU942
 2917 0008 10B5     		push	{r4, lr}
 2918              	.LCFI9:
 2919              		.cfi_def_cfa_offset 8
 2920              		.cfi_offset 4, -8
 2921              		.cfi_offset 14, -4
 2922 000a 0446     		mov	r4, r0
1860:Drivers/STM32L4xx_HAL_Driver/Src/stm32l4xx_hal_pcd.c **** 
 2923              		.loc 1 1860 3 is_stmt 1 discriminator 2 view .LVU943
 2924 000c 0123     		movs	r3, #1
 2925 000e 80F89032 		strb	r3, [r0, #656]
1860:Drivers/STM32L4xx_HAL_Driver/Src/stm32l4xx_hal_pcd.c **** 
 2926              		.loc 1 1860 3 discriminator 2 view .LVU944
1870:Drivers/STM32L4xx_HAL_Driver/Src/stm32l4xx_hal_pcd.c ****   __HAL_UNLOCK(hpcd);
 2927              		.loc 1 1870 3 view .LVU945
1870:Drivers/STM32L4xx_HAL_Driver/Src/stm32l4xx_hal_pcd.c ****   __HAL_UNLOCK(hpcd);
 2928              		.loc 1 1870 9 is_stmt 0 view .LVU946
 2929 0012 0068     		ldr	r0, [r0]
 2930              	.LVL304:
1870:Drivers/STM32L4xx_HAL_Driver/Src/stm32l4xx_hal_pcd.c ****   __HAL_UNLOCK(hpcd);
 2931              		.loc 1 1870 9 view .LVU947
 2932 0014 FFF7FEFF 		bl	USB_DevConnect
 2933              	.LVL305:
1871:Drivers/STM32L4xx_HAL_Driver/Src/stm32l4xx_hal_pcd.c **** 
 2934              		.loc 1 1871 3 is_stmt 1 view .LVU948
1871:Drivers/STM32L4xx_HAL_Driver/Src/stm32l4xx_hal_pcd.c **** 
 2935              		.loc 1 1871 3 view .LVU949
 2936 0018 0020     		movs	r0, #0
 2937 001a 84F89002 		strb	r0, [r4, #656]
1871:Drivers/STM32L4xx_HAL_Driver/Src/stm32l4xx_hal_pcd.c **** 
 2938              		.loc 1 1871 3 view .LVU950
1873:Drivers/STM32L4xx_HAL_Driver/Src/stm32l4xx_hal_pcd.c **** }
 2939              		.loc 1 1873 3 view .LVU951
1874:Drivers/STM32L4xx_HAL_Driver/Src/stm32l4xx_hal_pcd.c **** 
 2940              		.loc 1 1874 1 is_stmt 0 view .LVU952
 2941 001e 10BD     		pop	{r4, pc}
 2942              	.LVL306:
 2943              	.L150:
 2944              	.LCFI10:
 2945              		.cfi_def_cfa_offset 0
 2946              		.cfi_restore 4
 2947              		.cfi_restore 14
1860:Drivers/STM32L4xx_HAL_Driver/Src/stm32l4xx_hal_pcd.c **** 
 2948              		.loc 1 1860 3 discriminator 1 view .LVU953
 2949 0020 0220     		movs	r0, #2
 2950              	.LVL307:
1874:Drivers/STM32L4xx_HAL_Driver/Src/stm32l4xx_hal_pcd.c **** 
 2951              		.loc 1 1874 1 view .LVU954
 2952 0022 7047     		bx	lr
 2953              		.cfi_endproc
 2954              	.LFE402:
 2956              		.section	.text.HAL_PCD_DevDisconnect,"ax",%progbits
 2957              		.align	1
 2958              		.global	HAL_PCD_DevDisconnect
 2959              		.syntax unified
 2960              		.thumb
 2961              		.thumb_func
ARM GAS  /tmp/ccGeOL5J.s 			page 119


 2963              	HAL_PCD_DevDisconnect:
 2964              	.LVL308:
 2965              	.LFB403:
1882:Drivers/STM32L4xx_HAL_Driver/Src/stm32l4xx_hal_pcd.c **** #if defined (USB_OTG_FS)
 2966              		.loc 1 1882 1 is_stmt 1 view -0
 2967              		.cfi_startproc
 2968              		@ args = 0, pretend = 0, frame = 0
 2969              		@ frame_needed = 0, uses_anonymous_args = 0
1887:Drivers/STM32L4xx_HAL_Driver/Src/stm32l4xx_hal_pcd.c ****   (void)USB_DevDisconnect(hpcd->Instance);
 2970              		.loc 1 1887 3 view .LVU956
1887:Drivers/STM32L4xx_HAL_Driver/Src/stm32l4xx_hal_pcd.c ****   (void)USB_DevDisconnect(hpcd->Instance);
 2971              		.loc 1 1887 3 view .LVU957
 2972 0000 90F89032 		ldrb	r3, [r0, #656]	@ zero_extendqisi2
 2973 0004 012B     		cmp	r3, #1
 2974 0006 0BD0     		beq	.L157
1882:Drivers/STM32L4xx_HAL_Driver/Src/stm32l4xx_hal_pcd.c **** #if defined (USB_OTG_FS)
 2975              		.loc 1 1882 1 is_stmt 0 view .LVU958
 2976 0008 10B5     		push	{r4, lr}
 2977              	.LCFI11:
 2978              		.cfi_def_cfa_offset 8
 2979              		.cfi_offset 4, -8
 2980              		.cfi_offset 14, -4
 2981 000a 0446     		mov	r4, r0
1887:Drivers/STM32L4xx_HAL_Driver/Src/stm32l4xx_hal_pcd.c ****   (void)USB_DevDisconnect(hpcd->Instance);
 2982              		.loc 1 1887 3 is_stmt 1 discriminator 2 view .LVU959
 2983 000c 0123     		movs	r3, #1
 2984 000e 80F89032 		strb	r3, [r0, #656]
1887:Drivers/STM32L4xx_HAL_Driver/Src/stm32l4xx_hal_pcd.c ****   (void)USB_DevDisconnect(hpcd->Instance);
 2985              		.loc 1 1887 3 discriminator 2 view .LVU960
1888:Drivers/STM32L4xx_HAL_Driver/Src/stm32l4xx_hal_pcd.c **** 
 2986              		.loc 1 1888 3 view .LVU961
1888:Drivers/STM32L4xx_HAL_Driver/Src/stm32l4xx_hal_pcd.c **** 
 2987              		.loc 1 1888 9 is_stmt 0 view .LVU962
 2988 0012 0068     		ldr	r0, [r0]
 2989              	.LVL309:
1888:Drivers/STM32L4xx_HAL_Driver/Src/stm32l4xx_hal_pcd.c **** 
 2990              		.loc 1 1888 9 view .LVU963
 2991 0014 FFF7FEFF 		bl	USB_DevDisconnect
 2992              	.LVL310:
1898:Drivers/STM32L4xx_HAL_Driver/Src/stm32l4xx_hal_pcd.c **** 
 2993              		.loc 1 1898 3 is_stmt 1 view .LVU964
1898:Drivers/STM32L4xx_HAL_Driver/Src/stm32l4xx_hal_pcd.c **** 
 2994              		.loc 1 1898 3 view .LVU965
 2995 0018 0020     		movs	r0, #0
 2996 001a 84F89002 		strb	r0, [r4, #656]
1898:Drivers/STM32L4xx_HAL_Driver/Src/stm32l4xx_hal_pcd.c **** 
 2997              		.loc 1 1898 3 view .LVU966
1900:Drivers/STM32L4xx_HAL_Driver/Src/stm32l4xx_hal_pcd.c **** }
 2998              		.loc 1 1900 3 view .LVU967
1901:Drivers/STM32L4xx_HAL_Driver/Src/stm32l4xx_hal_pcd.c **** 
 2999              		.loc 1 1901 1 is_stmt 0 view .LVU968
 3000 001e 10BD     		pop	{r4, pc}
 3001              	.LVL311:
 3002              	.L157:
 3003              	.LCFI12:
 3004              		.cfi_def_cfa_offset 0
 3005              		.cfi_restore 4
ARM GAS  /tmp/ccGeOL5J.s 			page 120


 3006              		.cfi_restore 14
1887:Drivers/STM32L4xx_HAL_Driver/Src/stm32l4xx_hal_pcd.c ****   (void)USB_DevDisconnect(hpcd->Instance);
 3007              		.loc 1 1887 3 discriminator 1 view .LVU969
 3008 0020 0220     		movs	r0, #2
 3009              	.LVL312:
1901:Drivers/STM32L4xx_HAL_Driver/Src/stm32l4xx_hal_pcd.c **** 
 3010              		.loc 1 1901 1 view .LVU970
 3011 0022 7047     		bx	lr
 3012              		.cfi_endproc
 3013              	.LFE403:
 3015              		.section	.text.HAL_PCD_SetAddress,"ax",%progbits
 3016              		.align	1
 3017              		.global	HAL_PCD_SetAddress
 3018              		.syntax unified
 3019              		.thumb
 3020              		.thumb_func
 3022              	HAL_PCD_SetAddress:
 3023              	.LVL313:
 3024              	.LFB404:
1910:Drivers/STM32L4xx_HAL_Driver/Src/stm32l4xx_hal_pcd.c ****   __HAL_LOCK(hpcd);
 3025              		.loc 1 1910 1 is_stmt 1 view -0
 3026              		.cfi_startproc
 3027              		@ args = 0, pretend = 0, frame = 0
 3028              		@ frame_needed = 0, uses_anonymous_args = 0
1911:Drivers/STM32L4xx_HAL_Driver/Src/stm32l4xx_hal_pcd.c ****   hpcd->USB_Address = address;
 3029              		.loc 1 1911 3 view .LVU972
1911:Drivers/STM32L4xx_HAL_Driver/Src/stm32l4xx_hal_pcd.c ****   hpcd->USB_Address = address;
 3030              		.loc 1 1911 3 view .LVU973
 3031 0000 90F89032 		ldrb	r3, [r0, #656]	@ zero_extendqisi2
 3032 0004 012B     		cmp	r3, #1
 3033 0006 0CD0     		beq	.L164
1910:Drivers/STM32L4xx_HAL_Driver/Src/stm32l4xx_hal_pcd.c ****   __HAL_LOCK(hpcd);
 3034              		.loc 1 1910 1 is_stmt 0 view .LVU974
 3035 0008 10B5     		push	{r4, lr}
 3036              	.LCFI13:
 3037              		.cfi_def_cfa_offset 8
 3038              		.cfi_offset 4, -8
 3039              		.cfi_offset 14, -4
 3040 000a 0446     		mov	r4, r0
1911:Drivers/STM32L4xx_HAL_Driver/Src/stm32l4xx_hal_pcd.c ****   hpcd->USB_Address = address;
 3041              		.loc 1 1911 3 is_stmt 1 discriminator 2 view .LVU975
 3042 000c 0123     		movs	r3, #1
 3043 000e 80F89032 		strb	r3, [r0, #656]
1911:Drivers/STM32L4xx_HAL_Driver/Src/stm32l4xx_hal_pcd.c ****   hpcd->USB_Address = address;
 3044              		.loc 1 1911 3 discriminator 2 view .LVU976
1912:Drivers/STM32L4xx_HAL_Driver/Src/stm32l4xx_hal_pcd.c ****   (void)USB_SetDevAddress(hpcd->Instance, address);
 3045              		.loc 1 1912 3 view .LVU977
1912:Drivers/STM32L4xx_HAL_Driver/Src/stm32l4xx_hal_pcd.c ****   (void)USB_SetDevAddress(hpcd->Instance, address);
 3046              		.loc 1 1912 21 is_stmt 0 view .LVU978
 3047 0012 4173     		strb	r1, [r0, #13]
1913:Drivers/STM32L4xx_HAL_Driver/Src/stm32l4xx_hal_pcd.c ****   __HAL_UNLOCK(hpcd);
 3048              		.loc 1 1913 3 is_stmt 1 view .LVU979
1913:Drivers/STM32L4xx_HAL_Driver/Src/stm32l4xx_hal_pcd.c ****   __HAL_UNLOCK(hpcd);
 3049              		.loc 1 1913 9 is_stmt 0 view .LVU980
 3050 0014 0068     		ldr	r0, [r0]
 3051              	.LVL314:
1913:Drivers/STM32L4xx_HAL_Driver/Src/stm32l4xx_hal_pcd.c ****   __HAL_UNLOCK(hpcd);
ARM GAS  /tmp/ccGeOL5J.s 			page 121


 3052              		.loc 1 1913 9 view .LVU981
 3053 0016 FFF7FEFF 		bl	USB_SetDevAddress
 3054              	.LVL315:
1914:Drivers/STM32L4xx_HAL_Driver/Src/stm32l4xx_hal_pcd.c **** 
 3055              		.loc 1 1914 3 is_stmt 1 view .LVU982
1914:Drivers/STM32L4xx_HAL_Driver/Src/stm32l4xx_hal_pcd.c **** 
 3056              		.loc 1 1914 3 view .LVU983
 3057 001a 0020     		movs	r0, #0
 3058 001c 84F89002 		strb	r0, [r4, #656]
1914:Drivers/STM32L4xx_HAL_Driver/Src/stm32l4xx_hal_pcd.c **** 
 3059              		.loc 1 1914 3 view .LVU984
1916:Drivers/STM32L4xx_HAL_Driver/Src/stm32l4xx_hal_pcd.c **** }
 3060              		.loc 1 1916 3 view .LVU985
1917:Drivers/STM32L4xx_HAL_Driver/Src/stm32l4xx_hal_pcd.c **** /**
 3061              		.loc 1 1917 1 is_stmt 0 view .LVU986
 3062 0020 10BD     		pop	{r4, pc}
 3063              	.LVL316:
 3064              	.L164:
 3065              	.LCFI14:
 3066              		.cfi_def_cfa_offset 0
 3067              		.cfi_restore 4
 3068              		.cfi_restore 14
1911:Drivers/STM32L4xx_HAL_Driver/Src/stm32l4xx_hal_pcd.c ****   hpcd->USB_Address = address;
 3069              		.loc 1 1911 3 discriminator 1 view .LVU987
 3070 0022 0220     		movs	r0, #2
 3071              	.LVL317:
1917:Drivers/STM32L4xx_HAL_Driver/Src/stm32l4xx_hal_pcd.c **** /**
 3072              		.loc 1 1917 1 view .LVU988
 3073 0024 7047     		bx	lr
 3074              		.cfi_endproc
 3075              	.LFE404:
 3077              		.section	.text.HAL_PCD_IRQHandler,"ax",%progbits
 3078              		.align	1
 3079              		.global	HAL_PCD_IRQHandler
 3080              		.syntax unified
 3081              		.thumb
 3082              		.thumb_func
 3084              	HAL_PCD_IRQHandler:
 3085              	.LVL318:
 3086              	.LFB390:
1519:Drivers/STM32L4xx_HAL_Driver/Src/stm32l4xx_hal_pcd.c ****   uint32_t wIstr = USB_ReadInterrupts(hpcd->Instance);
 3087              		.loc 1 1519 1 is_stmt 1 view -0
 3088              		.cfi_startproc
 3089              		@ args = 0, pretend = 0, frame = 0
 3090              		@ frame_needed = 0, uses_anonymous_args = 0
1519:Drivers/STM32L4xx_HAL_Driver/Src/stm32l4xx_hal_pcd.c ****   uint32_t wIstr = USB_ReadInterrupts(hpcd->Instance);
 3091              		.loc 1 1519 1 is_stmt 0 view .LVU990
 3092 0000 10B5     		push	{r4, lr}
 3093              	.LCFI15:
 3094              		.cfi_def_cfa_offset 8
 3095              		.cfi_offset 4, -8
 3096              		.cfi_offset 14, -4
 3097 0002 0446     		mov	r4, r0
1520:Drivers/STM32L4xx_HAL_Driver/Src/stm32l4xx_hal_pcd.c **** 
 3098              		.loc 1 1520 3 is_stmt 1 view .LVU991
1520:Drivers/STM32L4xx_HAL_Driver/Src/stm32l4xx_hal_pcd.c **** 
 3099              		.loc 1 1520 20 is_stmt 0 view .LVU992
ARM GAS  /tmp/ccGeOL5J.s 			page 122


 3100 0004 0068     		ldr	r0, [r0]
 3101              	.LVL319:
1520:Drivers/STM32L4xx_HAL_Driver/Src/stm32l4xx_hal_pcd.c **** 
 3102              		.loc 1 1520 20 view .LVU993
 3103 0006 FFF7FEFF 		bl	USB_ReadInterrupts
 3104              	.LVL320:
1522:Drivers/STM32L4xx_HAL_Driver/Src/stm32l4xx_hal_pcd.c ****   {
 3105              		.loc 1 1522 3 is_stmt 1 view .LVU994
1522:Drivers/STM32L4xx_HAL_Driver/Src/stm32l4xx_hal_pcd.c ****   {
 3106              		.loc 1 1522 6 is_stmt 0 view .LVU995
 3107 000a 10F4004F 		tst	r0, #32768
 3108 000e 23D1     		bne	.L183
1531:Drivers/STM32L4xx_HAL_Driver/Src/stm32l4xx_hal_pcd.c ****   {
 3109              		.loc 1 1531 3 is_stmt 1 view .LVU996
1531:Drivers/STM32L4xx_HAL_Driver/Src/stm32l4xx_hal_pcd.c ****   {
 3110              		.loc 1 1531 6 is_stmt 0 view .LVU997
 3111 0010 10F4806F 		tst	r0, #1024
 3112 0014 24D1     		bne	.L184
1546:Drivers/STM32L4xx_HAL_Driver/Src/stm32l4xx_hal_pcd.c ****   {
 3113              		.loc 1 1546 3 is_stmt 1 view .LVU998
1546:Drivers/STM32L4xx_HAL_Driver/Src/stm32l4xx_hal_pcd.c ****   {
 3114              		.loc 1 1546 6 is_stmt 0 view .LVU999
 3115 0016 10F4804F 		tst	r0, #16384
 3116 001a 32D1     		bne	.L185
1553:Drivers/STM32L4xx_HAL_Driver/Src/stm32l4xx_hal_pcd.c ****   {
 3117              		.loc 1 1553 3 is_stmt 1 view .LVU1000
1553:Drivers/STM32L4xx_HAL_Driver/Src/stm32l4xx_hal_pcd.c ****   {
 3118              		.loc 1 1553 6 is_stmt 0 view .LVU1001
 3119 001c 10F4005F 		tst	r0, #8192
 3120 0020 39D1     		bne	.L186
1560:Drivers/STM32L4xx_HAL_Driver/Src/stm32l4xx_hal_pcd.c ****   {
 3121              		.loc 1 1560 3 is_stmt 1 view .LVU1002
1560:Drivers/STM32L4xx_HAL_Driver/Src/stm32l4xx_hal_pcd.c ****   {
 3122              		.loc 1 1560 6 is_stmt 0 view .LVU1003
 3123 0022 10F4805F 		tst	r0, #4096
 3124 0026 40D1     		bne	.L187
1586:Drivers/STM32L4xx_HAL_Driver/Src/stm32l4xx_hal_pcd.c ****   {
 3125              		.loc 1 1586 3 is_stmt 1 view .LVU1004
1586:Drivers/STM32L4xx_HAL_Driver/Src/stm32l4xx_hal_pcd.c ****   {
 3126              		.loc 1 1586 6 is_stmt 0 view .LVU1005
 3127 0028 10F4006F 		tst	r0, #2048
 3128 002c 67D1     		bne	.L188
1606:Drivers/STM32L4xx_HAL_Driver/Src/stm32l4xx_hal_pcd.c ****   {
 3129              		.loc 1 1606 3 is_stmt 1 view .LVU1006
1606:Drivers/STM32L4xx_HAL_Driver/Src/stm32l4xx_hal_pcd.c ****   {
 3130              		.loc 1 1606 6 is_stmt 0 view .LVU1007
 3131 002e 10F0800F 		tst	r0, #128
 3132 0032 40F08180 		bne	.L189
1635:Drivers/STM32L4xx_HAL_Driver/Src/stm32l4xx_hal_pcd.c ****   {
 3133              		.loc 1 1635 3 is_stmt 1 view .LVU1008
1635:Drivers/STM32L4xx_HAL_Driver/Src/stm32l4xx_hal_pcd.c ****   {
 3134              		.loc 1 1635 6 is_stmt 0 view .LVU1009
 3135 0036 10F4007F 		tst	r0, #512
 3136 003a 40F0AD80 		bne	.L190
1648:Drivers/STM32L4xx_HAL_Driver/Src/stm32l4xx_hal_pcd.c ****   {
 3137              		.loc 1 1648 3 is_stmt 1 view .LVU1010
1648:Drivers/STM32L4xx_HAL_Driver/Src/stm32l4xx_hal_pcd.c ****   {
ARM GAS  /tmp/ccGeOL5J.s 			page 123


 3138              		.loc 1 1648 6 is_stmt 0 view .LVU1011
 3139 003e 10F4807F 		tst	r0, #256
 3140 0042 27D0     		beq	.L169
1651:Drivers/STM32L4xx_HAL_Driver/Src/stm32l4xx_hal_pcd.c **** 
 3141              		.loc 1 1651 5 is_stmt 1 view .LVU1012
 3142 0044 2268     		ldr	r2, [r4]
 3143 0046 B2F84430 		ldrh	r3, [r2, #68]
 3144 004a 9BB2     		uxth	r3, r3
 3145 004c 23F48073 		bic	r3, r3, #256
 3146 0050 9BB2     		uxth	r3, r3
 3147 0052 A2F84430 		strh	r3, [r2, #68]	@ movhi
1653:Drivers/STM32L4xx_HAL_Driver/Src/stm32l4xx_hal_pcd.c ****   }
 3148              		.loc 1 1653 5 view .LVU1013
 3149 0056 1DE0     		b	.L169
 3150              	.L183:
1526:Drivers/STM32L4xx_HAL_Driver/Src/stm32l4xx_hal_pcd.c **** 
 3151              		.loc 1 1526 5 view .LVU1014
1526:Drivers/STM32L4xx_HAL_Driver/Src/stm32l4xx_hal_pcd.c **** 
 3152              		.loc 1 1526 11 is_stmt 0 view .LVU1015
 3153 0058 2046     		mov	r0, r4
 3154              	.LVL321:
1526:Drivers/STM32L4xx_HAL_Driver/Src/stm32l4xx_hal_pcd.c **** 
 3155              		.loc 1 1526 11 view .LVU1016
 3156 005a FFF7FEFF 		bl	PCD_EP_ISR_Handler
 3157              	.LVL322:
1528:Drivers/STM32L4xx_HAL_Driver/Src/stm32l4xx_hal_pcd.c ****   }
 3158              		.loc 1 1528 5 is_stmt 1 view .LVU1017
 3159 005e 19E0     		b	.L169
 3160              	.LVL323:
 3161              	.L184:
1533:Drivers/STM32L4xx_HAL_Driver/Src/stm32l4xx_hal_pcd.c **** 
 3162              		.loc 1 1533 5 view .LVU1018
 3163 0060 2268     		ldr	r2, [r4]
 3164 0062 B2F84430 		ldrh	r3, [r2, #68]
 3165 0066 9BB2     		uxth	r3, r3
 3166 0068 23F48063 		bic	r3, r3, #1024
 3167 006c 9BB2     		uxth	r3, r3
 3168 006e A2F84430 		strh	r3, [r2, #68]	@ movhi
1538:Drivers/STM32L4xx_HAL_Driver/Src/stm32l4xx_hal_pcd.c **** #endif /* USE_HAL_PCD_REGISTER_CALLBACKS */
 3169              		.loc 1 1538 5 view .LVU1019
 3170 0072 2046     		mov	r0, r4
 3171              	.LVL324:
1538:Drivers/STM32L4xx_HAL_Driver/Src/stm32l4xx_hal_pcd.c **** #endif /* USE_HAL_PCD_REGISTER_CALLBACKS */
 3172              		.loc 1 1538 5 is_stmt 0 view .LVU1020
 3173 0074 FFF7FEFF 		bl	HAL_PCD_ResetCallback
 3174              	.LVL325:
1541:Drivers/STM32L4xx_HAL_Driver/Src/stm32l4xx_hal_pcd.c **** 
 3175              		.loc 1 1541 5 is_stmt 1 view .LVU1021
1541:Drivers/STM32L4xx_HAL_Driver/Src/stm32l4xx_hal_pcd.c **** 
 3176              		.loc 1 1541 11 is_stmt 0 view .LVU1022
 3177 0078 0021     		movs	r1, #0
 3178 007a 2046     		mov	r0, r4
 3179 007c FFF7FEFF 		bl	HAL_PCD_SetAddress
 3180              	.LVL326:
1543:Drivers/STM32L4xx_HAL_Driver/Src/stm32l4xx_hal_pcd.c ****   }
 3181              		.loc 1 1543 5 is_stmt 1 view .LVU1023
 3182 0080 08E0     		b	.L169
ARM GAS  /tmp/ccGeOL5J.s 			page 124


 3183              	.LVL327:
 3184              	.L185:
1548:Drivers/STM32L4xx_HAL_Driver/Src/stm32l4xx_hal_pcd.c **** 
 3185              		.loc 1 1548 5 view .LVU1024
 3186 0082 2268     		ldr	r2, [r4]
 3187 0084 B2F84430 		ldrh	r3, [r2, #68]
 3188 0088 9BB2     		uxth	r3, r3
 3189 008a 23F48043 		bic	r3, r3, #16384
 3190 008e 9BB2     		uxth	r3, r3
 3191 0090 A2F84430 		strh	r3, [r2, #68]	@ movhi
1550:Drivers/STM32L4xx_HAL_Driver/Src/stm32l4xx_hal_pcd.c ****   }
 3192              		.loc 1 1550 5 view .LVU1025
 3193              	.LVL328:
 3194              	.L169:
1655:Drivers/STM32L4xx_HAL_Driver/Src/stm32l4xx_hal_pcd.c **** #endif /* defined (USB) */
 3195              		.loc 1 1655 1 is_stmt 0 view .LVU1026
 3196 0094 10BD     		pop	{r4, pc}
 3197              	.LVL329:
 3198              	.L186:
1555:Drivers/STM32L4xx_HAL_Driver/Src/stm32l4xx_hal_pcd.c **** 
 3199              		.loc 1 1555 5 is_stmt 1 view .LVU1027
 3200 0096 2268     		ldr	r2, [r4]
 3201 0098 B2F84430 		ldrh	r3, [r2, #68]
 3202 009c 9BB2     		uxth	r3, r3
 3203 009e 23F40053 		bic	r3, r3, #8192
 3204 00a2 9BB2     		uxth	r3, r3
 3205 00a4 A2F84430 		strh	r3, [r2, #68]	@ movhi
1557:Drivers/STM32L4xx_HAL_Driver/Src/stm32l4xx_hal_pcd.c ****   }
 3206              		.loc 1 1557 5 view .LVU1028
 3207 00a8 F4E7     		b	.L169
 3208              	.L187:
1562:Drivers/STM32L4xx_HAL_Driver/Src/stm32l4xx_hal_pcd.c ****     hpcd->Instance->CNTR &= (uint16_t) ~(USB_CNTR_FSUSP);
 3209              		.loc 1 1562 5 view .LVU1029
1562:Drivers/STM32L4xx_HAL_Driver/Src/stm32l4xx_hal_pcd.c ****     hpcd->Instance->CNTR &= (uint16_t) ~(USB_CNTR_FSUSP);
 3210              		.loc 1 1562 9 is_stmt 0 view .LVU1030
 3211 00aa 2268     		ldr	r2, [r4]
1562:Drivers/STM32L4xx_HAL_Driver/Src/stm32l4xx_hal_pcd.c ****     hpcd->Instance->CNTR &= (uint16_t) ~(USB_CNTR_FSUSP);
 3212              		.loc 1 1562 19 view .LVU1031
 3213 00ac B2F84030 		ldrh	r3, [r2, #64]
 3214 00b0 9BB2     		uxth	r3, r3
1562:Drivers/STM32L4xx_HAL_Driver/Src/stm32l4xx_hal_pcd.c ****     hpcd->Instance->CNTR &= (uint16_t) ~(USB_CNTR_FSUSP);
 3215              		.loc 1 1562 26 view .LVU1032
 3216 00b2 23F00403 		bic	r3, r3, #4
 3217 00b6 9BB2     		uxth	r3, r3
 3218 00b8 A2F84030 		strh	r3, [r2, #64]	@ movhi
1563:Drivers/STM32L4xx_HAL_Driver/Src/stm32l4xx_hal_pcd.c **** 
 3219              		.loc 1 1563 5 is_stmt 1 view .LVU1033
1563:Drivers/STM32L4xx_HAL_Driver/Src/stm32l4xx_hal_pcd.c **** 
 3220              		.loc 1 1563 9 is_stmt 0 view .LVU1034
 3221 00bc 2268     		ldr	r2, [r4]
1563:Drivers/STM32L4xx_HAL_Driver/Src/stm32l4xx_hal_pcd.c **** 
 3222              		.loc 1 1563 19 view .LVU1035
 3223 00be B2F84030 		ldrh	r3, [r2, #64]
 3224 00c2 9BB2     		uxth	r3, r3
1563:Drivers/STM32L4xx_HAL_Driver/Src/stm32l4xx_hal_pcd.c **** 
 3225              		.loc 1 1563 26 view .LVU1036
 3226 00c4 23F00803 		bic	r3, r3, #8
ARM GAS  /tmp/ccGeOL5J.s 			page 125


 3227 00c8 9BB2     		uxth	r3, r3
 3228 00ca A2F84030 		strh	r3, [r2, #64]	@ movhi
1565:Drivers/STM32L4xx_HAL_Driver/Src/stm32l4xx_hal_pcd.c ****     {
 3229              		.loc 1 1565 5 is_stmt 1 view .LVU1037
1565:Drivers/STM32L4xx_HAL_Driver/Src/stm32l4xx_hal_pcd.c ****     {
 3230              		.loc 1 1565 13 is_stmt 0 view .LVU1038
 3231 00ce 94F8C832 		ldrb	r3, [r4, #712]	@ zero_extendqisi2
1565:Drivers/STM32L4xx_HAL_Driver/Src/stm32l4xx_hal_pcd.c ****     {
 3232              		.loc 1 1565 8 view .LVU1039
 3233 00d2 012B     		cmp	r3, #1
 3234 00d4 0CD0     		beq	.L191
 3235              	.LVL330:
 3236              	.L176:
1578:Drivers/STM32L4xx_HAL_Driver/Src/stm32l4xx_hal_pcd.c **** #endif /* USE_HAL_PCD_REGISTER_CALLBACKS */
 3237              		.loc 1 1578 5 is_stmt 1 view .LVU1040
 3238 00d6 2046     		mov	r0, r4
 3239 00d8 FFF7FEFF 		bl	HAL_PCD_ResumeCallback
 3240              	.LVL331:
1581:Drivers/STM32L4xx_HAL_Driver/Src/stm32l4xx_hal_pcd.c **** 
 3241              		.loc 1 1581 5 view .LVU1041
 3242 00dc 2268     		ldr	r2, [r4]
 3243 00de B2F84430 		ldrh	r3, [r2, #68]
 3244 00e2 9BB2     		uxth	r3, r3
 3245 00e4 23F48053 		bic	r3, r3, #4096
 3246 00e8 9BB2     		uxth	r3, r3
 3247 00ea A2F84430 		strh	r3, [r2, #68]	@ movhi
1583:Drivers/STM32L4xx_HAL_Driver/Src/stm32l4xx_hal_pcd.c ****   }
 3248              		.loc 1 1583 5 view .LVU1042
 3249 00ee D1E7     		b	.L169
 3250              	.LVL332:
 3251              	.L191:
1567:Drivers/STM32L4xx_HAL_Driver/Src/stm32l4xx_hal_pcd.c **** #if (USE_HAL_PCD_REGISTER_CALLBACKS == 1U)
 3252              		.loc 1 1567 7 view .LVU1043
1567:Drivers/STM32L4xx_HAL_Driver/Src/stm32l4xx_hal_pcd.c **** #if (USE_HAL_PCD_REGISTER_CALLBACKS == 1U)
 3253              		.loc 1 1567 23 is_stmt 0 view .LVU1044
 3254 00f0 0021     		movs	r1, #0
 3255 00f2 84F8C812 		strb	r1, [r4, #712]
1571:Drivers/STM32L4xx_HAL_Driver/Src/stm32l4xx_hal_pcd.c **** #endif /* USE_HAL_PCD_REGISTER_CALLBACKS */
 3256              		.loc 1 1571 7 is_stmt 1 view .LVU1045
 3257 00f6 2046     		mov	r0, r4
 3258              	.LVL333:
1571:Drivers/STM32L4xx_HAL_Driver/Src/stm32l4xx_hal_pcd.c **** #endif /* USE_HAL_PCD_REGISTER_CALLBACKS */
 3259              		.loc 1 1571 7 is_stmt 0 view .LVU1046
 3260 00f8 FFF7FEFF 		bl	HAL_PCDEx_LPM_Callback
 3261              	.LVL334:
 3262 00fc EBE7     		b	.L176
 3263              	.LVL335:
 3264              	.L188:
1589:Drivers/STM32L4xx_HAL_Driver/Src/stm32l4xx_hal_pcd.c **** 
 3265              		.loc 1 1589 5 is_stmt 1 view .LVU1047
1589:Drivers/STM32L4xx_HAL_Driver/Src/stm32l4xx_hal_pcd.c **** 
 3266              		.loc 1 1589 9 is_stmt 0 view .LVU1048
 3267 00fe 2268     		ldr	r2, [r4]
1589:Drivers/STM32L4xx_HAL_Driver/Src/stm32l4xx_hal_pcd.c **** 
 3268              		.loc 1 1589 19 view .LVU1049
 3269 0100 B2F84030 		ldrh	r3, [r2, #64]
 3270 0104 9BB2     		uxth	r3, r3
ARM GAS  /tmp/ccGeOL5J.s 			page 126


1589:Drivers/STM32L4xx_HAL_Driver/Src/stm32l4xx_hal_pcd.c **** 
 3271              		.loc 1 1589 26 view .LVU1050
 3272 0106 43F00803 		orr	r3, r3, #8
 3273 010a A2F84030 		strh	r3, [r2, #64]	@ movhi
1592:Drivers/STM32L4xx_HAL_Driver/Src/stm32l4xx_hal_pcd.c **** 
 3274              		.loc 1 1592 5 is_stmt 1 view .LVU1051
 3275 010e 2268     		ldr	r2, [r4]
 3276 0110 B2F84430 		ldrh	r3, [r2, #68]
 3277 0114 9BB2     		uxth	r3, r3
 3278 0116 23F40063 		bic	r3, r3, #2048
 3279 011a 9BB2     		uxth	r3, r3
 3280 011c A2F84430 		strh	r3, [r2, #68]	@ movhi
1594:Drivers/STM32L4xx_HAL_Driver/Src/stm32l4xx_hal_pcd.c **** 
 3281              		.loc 1 1594 5 view .LVU1052
1594:Drivers/STM32L4xx_HAL_Driver/Src/stm32l4xx_hal_pcd.c **** 
 3282              		.loc 1 1594 9 is_stmt 0 view .LVU1053
 3283 0120 2268     		ldr	r2, [r4]
1594:Drivers/STM32L4xx_HAL_Driver/Src/stm32l4xx_hal_pcd.c **** 
 3284              		.loc 1 1594 19 view .LVU1054
 3285 0122 B2F84030 		ldrh	r3, [r2, #64]
 3286 0126 9BB2     		uxth	r3, r3
1594:Drivers/STM32L4xx_HAL_Driver/Src/stm32l4xx_hal_pcd.c **** 
 3287              		.loc 1 1594 26 view .LVU1055
 3288 0128 43F00403 		orr	r3, r3, #4
 3289 012c A2F84030 		strh	r3, [r2, #64]	@ movhi
1599:Drivers/STM32L4xx_HAL_Driver/Src/stm32l4xx_hal_pcd.c **** #endif /* USE_HAL_PCD_REGISTER_CALLBACKS */
 3290              		.loc 1 1599 5 is_stmt 1 view .LVU1056
 3291 0130 2046     		mov	r0, r4
 3292              	.LVL336:
1599:Drivers/STM32L4xx_HAL_Driver/Src/stm32l4xx_hal_pcd.c **** #endif /* USE_HAL_PCD_REGISTER_CALLBACKS */
 3293              		.loc 1 1599 5 is_stmt 0 view .LVU1057
 3294 0132 FFF7FEFF 		bl	HAL_PCD_SuspendCallback
 3295              	.LVL337:
1602:Drivers/STM32L4xx_HAL_Driver/Src/stm32l4xx_hal_pcd.c ****   }
 3296              		.loc 1 1602 5 is_stmt 1 view .LVU1058
 3297 0136 ADE7     		b	.L169
 3298              	.LVL338:
 3299              	.L189:
1608:Drivers/STM32L4xx_HAL_Driver/Src/stm32l4xx_hal_pcd.c ****     if (hpcd->LPM_State == LPM_L0)
 3300              		.loc 1 1608 5 view .LVU1059
 3301 0138 2268     		ldr	r2, [r4]
 3302 013a B2F84430 		ldrh	r3, [r2, #68]
 3303 013e 9BB2     		uxth	r3, r3
 3304 0140 23F08003 		bic	r3, r3, #128
 3305 0144 9BB2     		uxth	r3, r3
 3306 0146 A2F84430 		strh	r3, [r2, #68]	@ movhi
1609:Drivers/STM32L4xx_HAL_Driver/Src/stm32l4xx_hal_pcd.c ****     {
 3307              		.loc 1 1609 5 view .LVU1060
1609:Drivers/STM32L4xx_HAL_Driver/Src/stm32l4xx_hal_pcd.c ****     {
 3308              		.loc 1 1609 13 is_stmt 0 view .LVU1061
 3309 014a 94F8C832 		ldrb	r3, [r4, #712]	@ zero_extendqisi2
1609:Drivers/STM32L4xx_HAL_Driver/Src/stm32l4xx_hal_pcd.c ****     {
 3310              		.loc 1 1609 8 view .LVU1062
 3311 014e FBB9     		cbnz	r3, .L179
1612:Drivers/STM32L4xx_HAL_Driver/Src/stm32l4xx_hal_pcd.c ****       hpcd->Instance->CNTR |= (uint16_t)USB_CNTR_FSUSP;
 3312              		.loc 1 1612 7 is_stmt 1 view .LVU1063
1612:Drivers/STM32L4xx_HAL_Driver/Src/stm32l4xx_hal_pcd.c ****       hpcd->Instance->CNTR |= (uint16_t)USB_CNTR_FSUSP;
ARM GAS  /tmp/ccGeOL5J.s 			page 127


 3313              		.loc 1 1612 11 is_stmt 0 view .LVU1064
 3314 0150 2268     		ldr	r2, [r4]
1612:Drivers/STM32L4xx_HAL_Driver/Src/stm32l4xx_hal_pcd.c ****       hpcd->Instance->CNTR |= (uint16_t)USB_CNTR_FSUSP;
 3315              		.loc 1 1612 21 view .LVU1065
 3316 0152 B2F84030 		ldrh	r3, [r2, #64]
 3317 0156 9BB2     		uxth	r3, r3
1612:Drivers/STM32L4xx_HAL_Driver/Src/stm32l4xx_hal_pcd.c ****       hpcd->Instance->CNTR |= (uint16_t)USB_CNTR_FSUSP;
 3318              		.loc 1 1612 28 view .LVU1066
 3319 0158 43F00403 		orr	r3, r3, #4
 3320 015c A2F84030 		strh	r3, [r2, #64]	@ movhi
1613:Drivers/STM32L4xx_HAL_Driver/Src/stm32l4xx_hal_pcd.c **** 
 3321              		.loc 1 1613 7 is_stmt 1 view .LVU1067
1613:Drivers/STM32L4xx_HAL_Driver/Src/stm32l4xx_hal_pcd.c **** 
 3322              		.loc 1 1613 11 is_stmt 0 view .LVU1068
 3323 0160 2268     		ldr	r2, [r4]
1613:Drivers/STM32L4xx_HAL_Driver/Src/stm32l4xx_hal_pcd.c **** 
 3324              		.loc 1 1613 21 view .LVU1069
 3325 0162 B2F84030 		ldrh	r3, [r2, #64]
 3326 0166 9BB2     		uxth	r3, r3
1613:Drivers/STM32L4xx_HAL_Driver/Src/stm32l4xx_hal_pcd.c **** 
 3327              		.loc 1 1613 28 view .LVU1070
 3328 0168 43F00803 		orr	r3, r3, #8
 3329 016c A2F84030 		strh	r3, [r2, #64]	@ movhi
1615:Drivers/STM32L4xx_HAL_Driver/Src/stm32l4xx_hal_pcd.c ****       hpcd->BESL = ((uint32_t)hpcd->Instance->LPMCSR & USB_LPMCSR_BESL) >> 2;
 3330              		.loc 1 1615 7 is_stmt 1 view .LVU1071
1615:Drivers/STM32L4xx_HAL_Driver/Src/stm32l4xx_hal_pcd.c ****       hpcd->BESL = ((uint32_t)hpcd->Instance->LPMCSR & USB_LPMCSR_BESL) >> 2;
 3331              		.loc 1 1615 23 is_stmt 0 view .LVU1072
 3332 0170 0121     		movs	r1, #1
 3333 0172 84F8C812 		strb	r1, [r4, #712]
1616:Drivers/STM32L4xx_HAL_Driver/Src/stm32l4xx_hal_pcd.c **** #if (USE_HAL_PCD_REGISTER_CALLBACKS == 1U)
 3334              		.loc 1 1616 7 is_stmt 1 view .LVU1073
1616:Drivers/STM32L4xx_HAL_Driver/Src/stm32l4xx_hal_pcd.c **** #if (USE_HAL_PCD_REGISTER_CALLBACKS == 1U)
 3335              		.loc 1 1616 35 is_stmt 0 view .LVU1074
 3336 0176 2368     		ldr	r3, [r4]
1616:Drivers/STM32L4xx_HAL_Driver/Src/stm32l4xx_hal_pcd.c **** #if (USE_HAL_PCD_REGISTER_CALLBACKS == 1U)
 3337              		.loc 1 1616 45 view .LVU1075
 3338 0178 B3F85430 		ldrh	r3, [r3, #84]
1616:Drivers/STM32L4xx_HAL_Driver/Src/stm32l4xx_hal_pcd.c **** #if (USE_HAL_PCD_REGISTER_CALLBACKS == 1U)
 3339              		.loc 1 1616 73 view .LVU1076
 3340 017c C3F38D03 		ubfx	r3, r3, #2, #14
 3341 0180 03F03C03 		and	r3, r3, #60
1616:Drivers/STM32L4xx_HAL_Driver/Src/stm32l4xx_hal_pcd.c **** #if (USE_HAL_PCD_REGISTER_CALLBACKS == 1U)
 3342              		.loc 1 1616 18 view .LVU1077
 3343 0184 C4F8CC32 		str	r3, [r4, #716]
1620:Drivers/STM32L4xx_HAL_Driver/Src/stm32l4xx_hal_pcd.c **** #endif /* USE_HAL_PCD_REGISTER_CALLBACKS */
 3344              		.loc 1 1620 7 is_stmt 1 view .LVU1078
 3345 0188 2046     		mov	r0, r4
 3346              	.LVL339:
1620:Drivers/STM32L4xx_HAL_Driver/Src/stm32l4xx_hal_pcd.c **** #endif /* USE_HAL_PCD_REGISTER_CALLBACKS */
 3347              		.loc 1 1620 7 is_stmt 0 view .LVU1079
 3348 018a FFF7FEFF 		bl	HAL_PCDEx_LPM_Callback
 3349              	.LVL340:
 3350 018e 81E7     		b	.L169
 3351              	.LVL341:
 3352              	.L179:
1628:Drivers/STM32L4xx_HAL_Driver/Src/stm32l4xx_hal_pcd.c **** #endif /* USE_HAL_PCD_REGISTER_CALLBACKS */
 3353              		.loc 1 1628 7 is_stmt 1 view .LVU1080
ARM GAS  /tmp/ccGeOL5J.s 			page 128


 3354 0190 2046     		mov	r0, r4
 3355              	.LVL342:
1628:Drivers/STM32L4xx_HAL_Driver/Src/stm32l4xx_hal_pcd.c **** #endif /* USE_HAL_PCD_REGISTER_CALLBACKS */
 3356              		.loc 1 1628 7 is_stmt 0 view .LVU1081
 3357 0192 FFF7FEFF 		bl	HAL_PCD_SuspendCallback
 3358              	.LVL343:
1632:Drivers/STM32L4xx_HAL_Driver/Src/stm32l4xx_hal_pcd.c ****   }
 3359              		.loc 1 1632 5 is_stmt 1 view .LVU1082
 3360 0196 7DE7     		b	.L169
 3361              	.LVL344:
 3362              	.L190:
1637:Drivers/STM32L4xx_HAL_Driver/Src/stm32l4xx_hal_pcd.c **** 
 3363              		.loc 1 1637 5 view .LVU1083
 3364 0198 2268     		ldr	r2, [r4]
 3365 019a B2F84430 		ldrh	r3, [r2, #68]
 3366 019e 9BB2     		uxth	r3, r3
 3367 01a0 23F40073 		bic	r3, r3, #512
 3368 01a4 9BB2     		uxth	r3, r3
 3369 01a6 A2F84430 		strh	r3, [r2, #68]	@ movhi
1642:Drivers/STM32L4xx_HAL_Driver/Src/stm32l4xx_hal_pcd.c **** #endif /* USE_HAL_PCD_REGISTER_CALLBACKS */
 3370              		.loc 1 1642 5 view .LVU1084
 3371 01aa 2046     		mov	r0, r4
 3372              	.LVL345:
1642:Drivers/STM32L4xx_HAL_Driver/Src/stm32l4xx_hal_pcd.c **** #endif /* USE_HAL_PCD_REGISTER_CALLBACKS */
 3373              		.loc 1 1642 5 is_stmt 0 view .LVU1085
 3374 01ac FFF7FEFF 		bl	HAL_PCD_SOFCallback
 3375              	.LVL346:
1645:Drivers/STM32L4xx_HAL_Driver/Src/stm32l4xx_hal_pcd.c ****   }
 3376              		.loc 1 1645 5 is_stmt 1 view .LVU1086
 3377 01b0 70E7     		b	.L169
 3378              		.cfi_endproc
 3379              	.LFE390:
 3381              		.section	.text.HAL_PCD_EP_Open,"ax",%progbits
 3382              		.align	1
 3383              		.global	HAL_PCD_EP_Open
 3384              		.syntax unified
 3385              		.thumb
 3386              		.thumb_func
 3388              	HAL_PCD_EP_Open:
 3389              	.LVL347:
 3390              	.LFB405:
1928:Drivers/STM32L4xx_HAL_Driver/Src/stm32l4xx_hal_pcd.c ****   HAL_StatusTypeDef ret = HAL_OK;
 3391              		.loc 1 1928 1 view -0
 3392              		.cfi_startproc
 3393              		@ args = 0, pretend = 0, frame = 0
 3394              		@ frame_needed = 0, uses_anonymous_args = 0
1928:Drivers/STM32L4xx_HAL_Driver/Src/stm32l4xx_hal_pcd.c ****   HAL_StatusTypeDef ret = HAL_OK;
 3395              		.loc 1 1928 1 is_stmt 0 view .LVU1088
 3396 0000 10B5     		push	{r4, lr}
 3397              	.LCFI16:
 3398              		.cfi_def_cfa_offset 8
 3399              		.cfi_offset 4, -8
 3400              		.cfi_offset 14, -4
 3401 0002 0446     		mov	r4, r0
 3402 0004 0846     		mov	r0, r1
 3403              	.LVL348:
1929:Drivers/STM32L4xx_HAL_Driver/Src/stm32l4xx_hal_pcd.c ****   PCD_EPTypeDef *ep;
ARM GAS  /tmp/ccGeOL5J.s 			page 129


 3404              		.loc 1 1929 3 is_stmt 1 view .LVU1089
1930:Drivers/STM32L4xx_HAL_Driver/Src/stm32l4xx_hal_pcd.c **** 
 3405              		.loc 1 1930 3 view .LVU1090
1932:Drivers/STM32L4xx_HAL_Driver/Src/stm32l4xx_hal_pcd.c ****   {
 3406              		.loc 1 1932 3 view .LVU1091
1932:Drivers/STM32L4xx_HAL_Driver/Src/stm32l4xx_hal_pcd.c ****   {
 3407              		.loc 1 1932 6 is_stmt 0 view .LVU1092
 3408 0006 11F0800F 		tst	r1, #128
 3409 000a 27D1     		bne	.L199
1939:Drivers/STM32L4xx_HAL_Driver/Src/stm32l4xx_hal_pcd.c ****     ep->is_in = 0U;
 3410              		.loc 1 1939 5 is_stmt 1 view .LVU1093
1939:Drivers/STM32L4xx_HAL_Driver/Src/stm32l4xx_hal_pcd.c ****     ep->is_in = 0U;
 3411              		.loc 1 1939 32 is_stmt 0 view .LVU1094
 3412 000c 01F0070C 		and	ip, r1, #7
1939:Drivers/STM32L4xx_HAL_Driver/Src/stm32l4xx_hal_pcd.c ****     ep->is_in = 0U;
 3413              		.loc 1 1939 8 view .LVU1095
 3414 0010 0CEB8C01 		add	r1, ip, ip, lsl #2
 3415              	.LVL349:
1939:Drivers/STM32L4xx_HAL_Driver/Src/stm32l4xx_hal_pcd.c ****     ep->is_in = 0U;
 3416              		.loc 1 1939 8 view .LVU1096
 3417 0014 C900     		lsls	r1, r1, #3
 3418 0016 01F5A87E 		add	lr, r1, #336
 3419 001a 04EB0E01 		add	r1, r4, lr
 3420              	.LVL350:
1940:Drivers/STM32L4xx_HAL_Driver/Src/stm32l4xx_hal_pcd.c ****   }
 3421              		.loc 1 1940 5 is_stmt 1 view .LVU1097
1940:Drivers/STM32L4xx_HAL_Driver/Src/stm32l4xx_hal_pcd.c ****   }
 3422              		.loc 1 1940 15 is_stmt 0 view .LVU1098
 3423 001e 0CEB8C0C 		add	ip, ip, ip, lsl #2
 3424 0022 04EBCC0C 		add	ip, r4, ip, lsl #3
 3425 0026 4FF0000E 		mov	lr, #0
 3426 002a 8CF851E1 		strb	lr, [ip, #337]
 3427              	.L194:
1943:Drivers/STM32L4xx_HAL_Driver/Src/stm32l4xx_hal_pcd.c ****   ep->maxpacket = (uint32_t)ep_mps & 0x7FFU;
 3428              		.loc 1 1943 3 is_stmt 1 view .LVU1099
1943:Drivers/STM32L4xx_HAL_Driver/Src/stm32l4xx_hal_pcd.c ****   ep->maxpacket = (uint32_t)ep_mps & 0x7FFU;
 3429              		.loc 1 1943 21 is_stmt 0 view .LVU1100
 3430 002e 00F00700 		and	r0, r0, #7
 3431              	.LVL351:
1943:Drivers/STM32L4xx_HAL_Driver/Src/stm32l4xx_hal_pcd.c ****   ep->maxpacket = (uint32_t)ep_mps & 0x7FFU;
 3432              		.loc 1 1943 11 view .LVU1101
 3433 0032 0870     		strb	r0, [r1]
1944:Drivers/STM32L4xx_HAL_Driver/Src/stm32l4xx_hal_pcd.c ****   ep->type = ep_type;
 3434              		.loc 1 1944 3 is_stmt 1 view .LVU1102
1944:Drivers/STM32L4xx_HAL_Driver/Src/stm32l4xx_hal_pcd.c ****   ep->type = ep_type;
 3435              		.loc 1 1944 36 is_stmt 0 view .LVU1103
 3436 0034 C2F30A02 		ubfx	r2, r2, #0, #11
 3437              	.LVL352:
1944:Drivers/STM32L4xx_HAL_Driver/Src/stm32l4xx_hal_pcd.c ****   ep->type = ep_type;
 3438              		.loc 1 1944 17 view .LVU1104
 3439 0038 0A61     		str	r2, [r1, #16]
1945:Drivers/STM32L4xx_HAL_Driver/Src/stm32l4xx_hal_pcd.c **** 
 3440              		.loc 1 1945 3 is_stmt 1 view .LVU1105
1945:Drivers/STM32L4xx_HAL_Driver/Src/stm32l4xx_hal_pcd.c **** 
 3441              		.loc 1 1945 12 is_stmt 0 view .LVU1106
 3442 003a CB70     		strb	r3, [r1, #3]
1956:Drivers/STM32L4xx_HAL_Driver/Src/stm32l4xx_hal_pcd.c ****   {
ARM GAS  /tmp/ccGeOL5J.s 			page 130


 3443              		.loc 1 1956 3 is_stmt 1 view .LVU1107
1956:Drivers/STM32L4xx_HAL_Driver/Src/stm32l4xx_hal_pcd.c ****   {
 3444              		.loc 1 1956 6 is_stmt 0 view .LVU1108
 3445 003c 022B     		cmp	r3, #2
 3446 003e 1DD0     		beq	.L200
 3447              	.LVL353:
 3448              	.L195:
1961:Drivers/STM32L4xx_HAL_Driver/Src/stm32l4xx_hal_pcd.c ****   (void)USB_ActivateEndpoint(hpcd->Instance, ep);
 3449              		.loc 1 1961 3 is_stmt 1 view .LVU1109
1961:Drivers/STM32L4xx_HAL_Driver/Src/stm32l4xx_hal_pcd.c ****   (void)USB_ActivateEndpoint(hpcd->Instance, ep);
 3450              		.loc 1 1961 3 view .LVU1110
 3451 0040 94F89032 		ldrb	r3, [r4, #656]	@ zero_extendqisi2
 3452 0044 012B     		cmp	r3, #1
 3453 0046 1CD0     		beq	.L197
1961:Drivers/STM32L4xx_HAL_Driver/Src/stm32l4xx_hal_pcd.c ****   (void)USB_ActivateEndpoint(hpcd->Instance, ep);
 3454              		.loc 1 1961 3 discriminator 2 view .LVU1111
 3455 0048 0123     		movs	r3, #1
 3456 004a 84F89032 		strb	r3, [r4, #656]
 3457              	.LVL354:
1961:Drivers/STM32L4xx_HAL_Driver/Src/stm32l4xx_hal_pcd.c ****   (void)USB_ActivateEndpoint(hpcd->Instance, ep);
 3458              		.loc 1 1961 3 discriminator 2 view .LVU1112
1962:Drivers/STM32L4xx_HAL_Driver/Src/stm32l4xx_hal_pcd.c ****   __HAL_UNLOCK(hpcd);
 3459              		.loc 1 1962 3 view .LVU1113
1962:Drivers/STM32L4xx_HAL_Driver/Src/stm32l4xx_hal_pcd.c ****   __HAL_UNLOCK(hpcd);
 3460              		.loc 1 1962 9 is_stmt 0 view .LVU1114
 3461 004e 2068     		ldr	r0, [r4]
 3462 0050 FFF7FEFF 		bl	USB_ActivateEndpoint
 3463              	.LVL355:
1963:Drivers/STM32L4xx_HAL_Driver/Src/stm32l4xx_hal_pcd.c **** 
 3464              		.loc 1 1963 3 is_stmt 1 view .LVU1115
1963:Drivers/STM32L4xx_HAL_Driver/Src/stm32l4xx_hal_pcd.c **** 
 3465              		.loc 1 1963 3 view .LVU1116
 3466 0054 0020     		movs	r0, #0
 3467 0056 84F89002 		strb	r0, [r4, #656]
1963:Drivers/STM32L4xx_HAL_Driver/Src/stm32l4xx_hal_pcd.c **** 
 3468              		.loc 1 1963 3 view .LVU1117
1965:Drivers/STM32L4xx_HAL_Driver/Src/stm32l4xx_hal_pcd.c **** }
 3469              		.loc 1 1965 3 view .LVU1118
 3470              	.L196:
1966:Drivers/STM32L4xx_HAL_Driver/Src/stm32l4xx_hal_pcd.c **** 
 3471              		.loc 1 1966 1 is_stmt 0 view .LVU1119
 3472 005a 10BD     		pop	{r4, pc}
 3473              	.LVL356:
 3474              	.L199:
1934:Drivers/STM32L4xx_HAL_Driver/Src/stm32l4xx_hal_pcd.c ****     ep->is_in = 1U;
 3475              		.loc 1 1934 5 is_stmt 1 view .LVU1120
1934:Drivers/STM32L4xx_HAL_Driver/Src/stm32l4xx_hal_pcd.c ****     ep->is_in = 1U;
 3476              		.loc 1 1934 31 is_stmt 0 view .LVU1121
 3477 005c 01F0070C 		and	ip, r1, #7
1934:Drivers/STM32L4xx_HAL_Driver/Src/stm32l4xx_hal_pcd.c ****     ep->is_in = 1U;
 3478              		.loc 1 1934 8 view .LVU1122
 3479 0060 0CEB8C01 		add	r1, ip, ip, lsl #2
 3480              	.LVL357:
1934:Drivers/STM32L4xx_HAL_Driver/Src/stm32l4xx_hal_pcd.c ****     ep->is_in = 1U;
 3481              		.loc 1 1934 8 view .LVU1123
 3482 0064 C900     		lsls	r1, r1, #3
 3483 0066 1031     		adds	r1, r1, #16
ARM GAS  /tmp/ccGeOL5J.s 			page 131


 3484 0068 2144     		add	r1, r1, r4
 3485              	.LVL358:
1935:Drivers/STM32L4xx_HAL_Driver/Src/stm32l4xx_hal_pcd.c ****   }
 3486              		.loc 1 1935 5 is_stmt 1 view .LVU1124
1935:Drivers/STM32L4xx_HAL_Driver/Src/stm32l4xx_hal_pcd.c ****   }
 3487              		.loc 1 1935 15 is_stmt 0 view .LVU1125
 3488 006a 0CEB8C0C 		add	ip, ip, ip, lsl #2
 3489 006e 04EBCC0C 		add	ip, r4, ip, lsl #3
 3490 0072 4FF0010E 		mov	lr, #1
 3491 0076 8CF811E0 		strb	lr, [ip, #17]
 3492 007a D8E7     		b	.L194
 3493              	.LVL359:
 3494              	.L200:
1958:Drivers/STM32L4xx_HAL_Driver/Src/stm32l4xx_hal_pcd.c ****   }
 3495              		.loc 1 1958 5 is_stmt 1 view .LVU1126
1958:Drivers/STM32L4xx_HAL_Driver/Src/stm32l4xx_hal_pcd.c ****   }
 3496              		.loc 1 1958 24 is_stmt 0 view .LVU1127
 3497 007c 0023     		movs	r3, #0
 3498              	.LVL360:
1958:Drivers/STM32L4xx_HAL_Driver/Src/stm32l4xx_hal_pcd.c ****   }
 3499              		.loc 1 1958 24 view .LVU1128
 3500 007e 0B71     		strb	r3, [r1, #4]
 3501 0080 DEE7     		b	.L195
 3502              	.L197:
1961:Drivers/STM32L4xx_HAL_Driver/Src/stm32l4xx_hal_pcd.c ****   (void)USB_ActivateEndpoint(hpcd->Instance, ep);
 3503              		.loc 1 1961 3 discriminator 1 view .LVU1129
 3504 0082 0220     		movs	r0, #2
 3505 0084 E9E7     		b	.L196
 3506              		.cfi_endproc
 3507              	.LFE405:
 3509              		.section	.text.HAL_PCD_EP_Close,"ax",%progbits
 3510              		.align	1
 3511              		.global	HAL_PCD_EP_Close
 3512              		.syntax unified
 3513              		.thumb
 3514              		.thumb_func
 3516              	HAL_PCD_EP_Close:
 3517              	.LVL361:
 3518              	.LFB406:
1975:Drivers/STM32L4xx_HAL_Driver/Src/stm32l4xx_hal_pcd.c ****   PCD_EPTypeDef *ep;
 3519              		.loc 1 1975 1 is_stmt 1 view -0
 3520              		.cfi_startproc
 3521              		@ args = 0, pretend = 0, frame = 0
 3522              		@ frame_needed = 0, uses_anonymous_args = 0
1975:Drivers/STM32L4xx_HAL_Driver/Src/stm32l4xx_hal_pcd.c ****   PCD_EPTypeDef *ep;
 3523              		.loc 1 1975 1 is_stmt 0 view .LVU1131
 3524 0000 10B5     		push	{r4, lr}
 3525              	.LCFI17:
 3526              		.cfi_def_cfa_offset 8
 3527              		.cfi_offset 4, -8
 3528              		.cfi_offset 14, -4
 3529 0002 0446     		mov	r4, r0
 3530 0004 0A46     		mov	r2, r1
1976:Drivers/STM32L4xx_HAL_Driver/Src/stm32l4xx_hal_pcd.c **** 
 3531              		.loc 1 1976 3 is_stmt 1 view .LVU1132
1978:Drivers/STM32L4xx_HAL_Driver/Src/stm32l4xx_hal_pcd.c ****   {
 3532              		.loc 1 1978 3 view .LVU1133
ARM GAS  /tmp/ccGeOL5J.s 			page 132


1978:Drivers/STM32L4xx_HAL_Driver/Src/stm32l4xx_hal_pcd.c ****   {
 3533              		.loc 1 1978 6 is_stmt 0 view .LVU1134
 3534 0006 11F0800F 		tst	r1, #128
 3535 000a 1FD1     		bne	.L207
1985:Drivers/STM32L4xx_HAL_Driver/Src/stm32l4xx_hal_pcd.c ****     ep->is_in = 0U;
 3536              		.loc 1 1985 5 is_stmt 1 view .LVU1135
1985:Drivers/STM32L4xx_HAL_Driver/Src/stm32l4xx_hal_pcd.c ****     ep->is_in = 0U;
 3537              		.loc 1 1985 32 is_stmt 0 view .LVU1136
 3538 000c 01F00700 		and	r0, r1, #7
 3539              	.LVL362:
1985:Drivers/STM32L4xx_HAL_Driver/Src/stm32l4xx_hal_pcd.c ****     ep->is_in = 0U;
 3540              		.loc 1 1985 8 view .LVU1137
 3541 0010 00EB8003 		add	r3, r0, r0, lsl #2
 3542 0014 DB00     		lsls	r3, r3, #3
 3543 0016 03F5A873 		add	r3, r3, #336
 3544 001a E118     		adds	r1, r4, r3
 3545              	.LVL363:
1986:Drivers/STM32L4xx_HAL_Driver/Src/stm32l4xx_hal_pcd.c ****   }
 3546              		.loc 1 1986 5 is_stmt 1 view .LVU1138
1986:Drivers/STM32L4xx_HAL_Driver/Src/stm32l4xx_hal_pcd.c ****   }
 3547              		.loc 1 1986 15 is_stmt 0 view .LVU1139
 3548 001c 00EB8000 		add	r0, r0, r0, lsl #2
 3549 0020 04EBC000 		add	r0, r4, r0, lsl #3
 3550 0024 0023     		movs	r3, #0
 3551 0026 80F85131 		strb	r3, [r0, #337]
 3552              	.L203:
1988:Drivers/STM32L4xx_HAL_Driver/Src/stm32l4xx_hal_pcd.c **** 
 3553              		.loc 1 1988 3 is_stmt 1 view .LVU1140
1988:Drivers/STM32L4xx_HAL_Driver/Src/stm32l4xx_hal_pcd.c **** 
 3554              		.loc 1 1988 21 is_stmt 0 view .LVU1141
 3555 002a 02F00702 		and	r2, r2, #7
 3556              	.LVL364:
1988:Drivers/STM32L4xx_HAL_Driver/Src/stm32l4xx_hal_pcd.c **** 
 3557              		.loc 1 1988 11 view .LVU1142
 3558 002e 0A70     		strb	r2, [r1]
1990:Drivers/STM32L4xx_HAL_Driver/Src/stm32l4xx_hal_pcd.c ****   (void)USB_DeactivateEndpoint(hpcd->Instance, ep);
 3559              		.loc 1 1990 3 is_stmt 1 view .LVU1143
1990:Drivers/STM32L4xx_HAL_Driver/Src/stm32l4xx_hal_pcd.c ****   (void)USB_DeactivateEndpoint(hpcd->Instance, ep);
 3560              		.loc 1 1990 3 view .LVU1144
 3561 0030 94F89032 		ldrb	r3, [r4, #656]	@ zero_extendqisi2
 3562 0034 012B     		cmp	r3, #1
 3563 0036 17D0     		beq	.L205
1990:Drivers/STM32L4xx_HAL_Driver/Src/stm32l4xx_hal_pcd.c ****   (void)USB_DeactivateEndpoint(hpcd->Instance, ep);
 3564              		.loc 1 1990 3 discriminator 2 view .LVU1145
 3565 0038 0123     		movs	r3, #1
 3566 003a 84F89032 		strb	r3, [r4, #656]
1990:Drivers/STM32L4xx_HAL_Driver/Src/stm32l4xx_hal_pcd.c ****   (void)USB_DeactivateEndpoint(hpcd->Instance, ep);
 3567              		.loc 1 1990 3 discriminator 2 view .LVU1146
1991:Drivers/STM32L4xx_HAL_Driver/Src/stm32l4xx_hal_pcd.c ****   __HAL_UNLOCK(hpcd);
 3568              		.loc 1 1991 3 view .LVU1147
1991:Drivers/STM32L4xx_HAL_Driver/Src/stm32l4xx_hal_pcd.c ****   __HAL_UNLOCK(hpcd);
 3569              		.loc 1 1991 9 is_stmt 0 view .LVU1148
 3570 003e 2068     		ldr	r0, [r4]
 3571 0040 FFF7FEFF 		bl	USB_DeactivateEndpoint
 3572              	.LVL365:
1992:Drivers/STM32L4xx_HAL_Driver/Src/stm32l4xx_hal_pcd.c ****   return HAL_OK;
 3573              		.loc 1 1992 3 is_stmt 1 view .LVU1149
ARM GAS  /tmp/ccGeOL5J.s 			page 133


1992:Drivers/STM32L4xx_HAL_Driver/Src/stm32l4xx_hal_pcd.c ****   return HAL_OK;
 3574              		.loc 1 1992 3 view .LVU1150
 3575 0044 0020     		movs	r0, #0
 3576 0046 84F89002 		strb	r0, [r4, #656]
1992:Drivers/STM32L4xx_HAL_Driver/Src/stm32l4xx_hal_pcd.c ****   return HAL_OK;
 3577              		.loc 1 1992 3 view .LVU1151
1993:Drivers/STM32L4xx_HAL_Driver/Src/stm32l4xx_hal_pcd.c **** }
 3578              		.loc 1 1993 3 view .LVU1152
 3579              	.L204:
1994:Drivers/STM32L4xx_HAL_Driver/Src/stm32l4xx_hal_pcd.c **** 
 3580              		.loc 1 1994 1 is_stmt 0 view .LVU1153
 3581 004a 10BD     		pop	{r4, pc}
 3582              	.LVL366:
 3583              	.L207:
1980:Drivers/STM32L4xx_HAL_Driver/Src/stm32l4xx_hal_pcd.c ****     ep->is_in = 1U;
 3584              		.loc 1 1980 5 is_stmt 1 view .LVU1154
1980:Drivers/STM32L4xx_HAL_Driver/Src/stm32l4xx_hal_pcd.c ****     ep->is_in = 1U;
 3585              		.loc 1 1980 31 is_stmt 0 view .LVU1155
 3586 004c 01F00700 		and	r0, r1, #7
 3587              	.LVL367:
1980:Drivers/STM32L4xx_HAL_Driver/Src/stm32l4xx_hal_pcd.c ****     ep->is_in = 1U;
 3588              		.loc 1 1980 8 view .LVU1156
 3589 0050 00EB8003 		add	r3, r0, r0, lsl #2
 3590 0054 DB00     		lsls	r3, r3, #3
 3591 0056 1033     		adds	r3, r3, #16
 3592 0058 E118     		adds	r1, r4, r3
 3593              	.LVL368:
1981:Drivers/STM32L4xx_HAL_Driver/Src/stm32l4xx_hal_pcd.c ****   }
 3594              		.loc 1 1981 5 is_stmt 1 view .LVU1157
1981:Drivers/STM32L4xx_HAL_Driver/Src/stm32l4xx_hal_pcd.c ****   }
 3595              		.loc 1 1981 15 is_stmt 0 view .LVU1158
 3596 005a 00EB8000 		add	r0, r0, r0, lsl #2
 3597 005e 04EBC000 		add	r0, r4, r0, lsl #3
 3598 0062 0123     		movs	r3, #1
 3599 0064 4374     		strb	r3, [r0, #17]
 3600 0066 E0E7     		b	.L203
 3601              	.LVL369:
 3602              	.L205:
1990:Drivers/STM32L4xx_HAL_Driver/Src/stm32l4xx_hal_pcd.c ****   (void)USB_DeactivateEndpoint(hpcd->Instance, ep);
 3603              		.loc 1 1990 3 discriminator 1 view .LVU1159
 3604 0068 0220     		movs	r0, #2
 3605 006a EEE7     		b	.L204
 3606              		.cfi_endproc
 3607              	.LFE406:
 3609              		.section	.text.HAL_PCD_EP_Receive,"ax",%progbits
 3610              		.align	1
 3611              		.global	HAL_PCD_EP_Receive
 3612              		.syntax unified
 3613              		.thumb
 3614              		.thumb_func
 3616              	HAL_PCD_EP_Receive:
 3617              	.LVL370:
 3618              	.LFB407:
2006:Drivers/STM32L4xx_HAL_Driver/Src/stm32l4xx_hal_pcd.c ****   PCD_EPTypeDef *ep;
 3619              		.loc 1 2006 1 is_stmt 1 view -0
 3620              		.cfi_startproc
 3621              		@ args = 0, pretend = 0, frame = 0
ARM GAS  /tmp/ccGeOL5J.s 			page 134


 3622              		@ frame_needed = 0, uses_anonymous_args = 0
2006:Drivers/STM32L4xx_HAL_Driver/Src/stm32l4xx_hal_pcd.c ****   PCD_EPTypeDef *ep;
 3623              		.loc 1 2006 1 is_stmt 0 view .LVU1161
 3624 0000 10B5     		push	{r4, lr}
 3625              	.LCFI18:
 3626              		.cfi_def_cfa_offset 8
 3627              		.cfi_offset 4, -8
 3628              		.cfi_offset 14, -4
2007:Drivers/STM32L4xx_HAL_Driver/Src/stm32l4xx_hal_pcd.c **** 
 3629              		.loc 1 2007 3 is_stmt 1 view .LVU1162
2009:Drivers/STM32L4xx_HAL_Driver/Src/stm32l4xx_hal_pcd.c **** 
 3630              		.loc 1 2009 3 view .LVU1163
 3631 0002 01F0070C 		and	ip, r1, #7
2009:Drivers/STM32L4xx_HAL_Driver/Src/stm32l4xx_hal_pcd.c **** 
 3632              		.loc 1 2009 6 is_stmt 0 view .LVU1164
 3633 0006 0CEB8C01 		add	r1, ip, ip, lsl #2
 3634              	.LVL371:
2009:Drivers/STM32L4xx_HAL_Driver/Src/stm32l4xx_hal_pcd.c **** 
 3635              		.loc 1 2009 6 view .LVU1165
 3636 000a C900     		lsls	r1, r1, #3
 3637 000c 01F5A871 		add	r1, r1, #336
 3638              	.LVL372:
2012:Drivers/STM32L4xx_HAL_Driver/Src/stm32l4xx_hal_pcd.c ****   ep->xfer_len = len;
 3639              		.loc 1 2012 3 is_stmt 1 view .LVU1166
2012:Drivers/STM32L4xx_HAL_Driver/Src/stm32l4xx_hal_pcd.c ****   ep->xfer_len = len;
 3640              		.loc 1 2012 17 is_stmt 0 view .LVU1167
 3641 0010 0CEB8C0E 		add	lr, ip, ip, lsl #2
 3642 0014 00EBCE0E 		add	lr, r0, lr, lsl #3
 3643 0018 CEF86421 		str	r2, [lr, #356]
2013:Drivers/STM32L4xx_HAL_Driver/Src/stm32l4xx_hal_pcd.c ****   ep->xfer_count = 0U;
 3644              		.loc 1 2013 3 is_stmt 1 view .LVU1168
2013:Drivers/STM32L4xx_HAL_Driver/Src/stm32l4xx_hal_pcd.c ****   ep->xfer_count = 0U;
 3645              		.loc 1 2013 16 is_stmt 0 view .LVU1169
 3646 001c CEF86831 		str	r3, [lr, #360]
2014:Drivers/STM32L4xx_HAL_Driver/Src/stm32l4xx_hal_pcd.c ****   ep->is_in = 0U;
 3647              		.loc 1 2014 3 is_stmt 1 view .LVU1170
2014:Drivers/STM32L4xx_HAL_Driver/Src/stm32l4xx_hal_pcd.c ****   ep->is_in = 0U;
 3648              		.loc 1 2014 18 is_stmt 0 view .LVU1171
 3649 0020 0024     		movs	r4, #0
 3650 0022 CEF86C41 		str	r4, [lr, #364]
2015:Drivers/STM32L4xx_HAL_Driver/Src/stm32l4xx_hal_pcd.c ****   ep->num = ep_addr & EP_ADDR_MSK;
 3651              		.loc 1 2015 3 is_stmt 1 view .LVU1172
2015:Drivers/STM32L4xx_HAL_Driver/Src/stm32l4xx_hal_pcd.c ****   ep->num = ep_addr & EP_ADDR_MSK;
 3652              		.loc 1 2015 13 is_stmt 0 view .LVU1173
 3653 0026 8EF85141 		strb	r4, [lr, #337]
2016:Drivers/STM32L4xx_HAL_Driver/Src/stm32l4xx_hal_pcd.c **** 
 3654              		.loc 1 2016 3 is_stmt 1 view .LVU1174
2016:Drivers/STM32L4xx_HAL_Driver/Src/stm32l4xx_hal_pcd.c **** 
 3655              		.loc 1 2016 11 is_stmt 0 view .LVU1175
 3656 002a 8EF850C1 		strb	ip, [lr, #336]
2018:Drivers/STM32L4xx_HAL_Driver/Src/stm32l4xx_hal_pcd.c **** 
 3657              		.loc 1 2018 3 is_stmt 1 view .LVU1176
2018:Drivers/STM32L4xx_HAL_Driver/Src/stm32l4xx_hal_pcd.c **** 
 3658              		.loc 1 2018 9 is_stmt 0 view .LVU1177
 3659 002e 0144     		add	r1, r1, r0
 3660              	.LVL373:
2018:Drivers/STM32L4xx_HAL_Driver/Src/stm32l4xx_hal_pcd.c **** 
ARM GAS  /tmp/ccGeOL5J.s 			page 135


 3661              		.loc 1 2018 9 view .LVU1178
 3662 0030 0068     		ldr	r0, [r0]
 3663              	.LVL374:
2018:Drivers/STM32L4xx_HAL_Driver/Src/stm32l4xx_hal_pcd.c **** 
 3664              		.loc 1 2018 9 view .LVU1179
 3665 0032 FFF7FEFF 		bl	USB_EPStartXfer
 3666              	.LVL375:
2020:Drivers/STM32L4xx_HAL_Driver/Src/stm32l4xx_hal_pcd.c **** }
 3667              		.loc 1 2020 3 is_stmt 1 view .LVU1180
2021:Drivers/STM32L4xx_HAL_Driver/Src/stm32l4xx_hal_pcd.c **** 
 3668              		.loc 1 2021 1 is_stmt 0 view .LVU1181
 3669 0036 2046     		mov	r0, r4
 3670 0038 10BD     		pop	{r4, pc}
 3671              		.cfi_endproc
 3672              	.LFE407:
 3674              		.section	.text.HAL_PCD_EP_GetRxCount,"ax",%progbits
 3675              		.align	1
 3676              		.global	HAL_PCD_EP_GetRxCount
 3677              		.syntax unified
 3678              		.thumb
 3679              		.thumb_func
 3681              	HAL_PCD_EP_GetRxCount:
 3682              	.LVL376:
 3683              	.LFB408:
2030:Drivers/STM32L4xx_HAL_Driver/Src/stm32l4xx_hal_pcd.c ****   return hpcd->OUT_ep[ep_addr & EP_ADDR_MSK].xfer_count;
 3684              		.loc 1 2030 1 is_stmt 1 view -0
 3685              		.cfi_startproc
 3686              		@ args = 0, pretend = 0, frame = 0
 3687              		@ frame_needed = 0, uses_anonymous_args = 0
 3688              		@ link register save eliminated.
2031:Drivers/STM32L4xx_HAL_Driver/Src/stm32l4xx_hal_pcd.c **** }
 3689              		.loc 1 2031 3 view .LVU1183
2031:Drivers/STM32L4xx_HAL_Driver/Src/stm32l4xx_hal_pcd.c **** }
 3690              		.loc 1 2031 31 is_stmt 0 view .LVU1184
 3691 0000 01F00701 		and	r1, r1, #7
 3692              	.LVL377:
2031:Drivers/STM32L4xx_HAL_Driver/Src/stm32l4xx_hal_pcd.c **** }
 3693              		.loc 1 2031 45 view .LVU1185
 3694 0004 01EB8101 		add	r1, r1, r1, lsl #2
 3695 0008 00EBC100 		add	r0, r0, r1, lsl #3
 3696              	.LVL378:
2032:Drivers/STM32L4xx_HAL_Driver/Src/stm32l4xx_hal_pcd.c **** /**
 3697              		.loc 1 2032 1 view .LVU1186
 3698 000c D0F86C01 		ldr	r0, [r0, #364]
 3699 0010 7047     		bx	lr
 3700              		.cfi_endproc
 3701              	.LFE408:
 3703              		.section	.text.HAL_PCD_EP_Transmit,"ax",%progbits
 3704              		.align	1
 3705              		.global	HAL_PCD_EP_Transmit
 3706              		.syntax unified
 3707              		.thumb
 3708              		.thumb_func
 3710              	HAL_PCD_EP_Transmit:
 3711              	.LVL379:
 3712              	.LFB409:
2042:Drivers/STM32L4xx_HAL_Driver/Src/stm32l4xx_hal_pcd.c ****   PCD_EPTypeDef *ep;
ARM GAS  /tmp/ccGeOL5J.s 			page 136


 3713              		.loc 1 2042 1 is_stmt 1 view -0
 3714              		.cfi_startproc
 3715              		@ args = 0, pretend = 0, frame = 0
 3716              		@ frame_needed = 0, uses_anonymous_args = 0
2042:Drivers/STM32L4xx_HAL_Driver/Src/stm32l4xx_hal_pcd.c ****   PCD_EPTypeDef *ep;
 3717              		.loc 1 2042 1 is_stmt 0 view .LVU1188
 3718 0000 38B5     		push	{r3, r4, r5, lr}
 3719              	.LCFI19:
 3720              		.cfi_def_cfa_offset 16
 3721              		.cfi_offset 3, -16
 3722              		.cfi_offset 4, -12
 3723              		.cfi_offset 5, -8
 3724              		.cfi_offset 14, -4
2043:Drivers/STM32L4xx_HAL_Driver/Src/stm32l4xx_hal_pcd.c **** 
 3725              		.loc 1 2043 3 is_stmt 1 view .LVU1189
2045:Drivers/STM32L4xx_HAL_Driver/Src/stm32l4xx_hal_pcd.c **** 
 3726              		.loc 1 2045 3 view .LVU1190
 3727 0002 01F0070C 		and	ip, r1, #7
2045:Drivers/STM32L4xx_HAL_Driver/Src/stm32l4xx_hal_pcd.c **** 
 3728              		.loc 1 2045 6 is_stmt 0 view .LVU1191
 3729 0006 0CEB8C01 		add	r1, ip, ip, lsl #2
 3730              	.LVL380:
2045:Drivers/STM32L4xx_HAL_Driver/Src/stm32l4xx_hal_pcd.c **** 
 3731              		.loc 1 2045 6 view .LVU1192
 3732 000a C900     		lsls	r1, r1, #3
 3733 000c 1031     		adds	r1, r1, #16
 3734              	.LVL381:
2048:Drivers/STM32L4xx_HAL_Driver/Src/stm32l4xx_hal_pcd.c ****   ep->xfer_len = len;
 3735              		.loc 1 2048 3 is_stmt 1 view .LVU1193
2048:Drivers/STM32L4xx_HAL_Driver/Src/stm32l4xx_hal_pcd.c ****   ep->xfer_len = len;
 3736              		.loc 1 2048 17 is_stmt 0 view .LVU1194
 3737 000e 0CEB8C0E 		add	lr, ip, ip, lsl #2
 3738 0012 00EBCE0E 		add	lr, r0, lr, lsl #3
 3739 0016 CEF82420 		str	r2, [lr, #36]
2049:Drivers/STM32L4xx_HAL_Driver/Src/stm32l4xx_hal_pcd.c **** #if defined (USB)
 3740              		.loc 1 2049 3 is_stmt 1 view .LVU1195
2049:Drivers/STM32L4xx_HAL_Driver/Src/stm32l4xx_hal_pcd.c **** #if defined (USB)
 3741              		.loc 1 2049 16 is_stmt 0 view .LVU1196
 3742 001a 0CF10102 		add	r2, ip, #1
 3743              	.LVL382:
2049:Drivers/STM32L4xx_HAL_Driver/Src/stm32l4xx_hal_pcd.c **** #if defined (USB)
 3744              		.loc 1 2049 16 view .LVU1197
 3745 001e 02EB8204 		add	r4, r2, r2, lsl #2
 3746 0022 40F83430 		str	r3, [r0, r4, lsl #3]
 3747              	.LVL383:
2051:Drivers/STM32L4xx_HAL_Driver/Src/stm32l4xx_hal_pcd.c ****   ep->xfer_len_db = len;
 3748              		.loc 1 2051 3 is_stmt 1 view .LVU1198
2051:Drivers/STM32L4xx_HAL_Driver/Src/stm32l4xx_hal_pcd.c ****   ep->xfer_len_db = len;
 3749              		.loc 1 2051 20 is_stmt 0 view .LVU1199
 3750 0026 0125     		movs	r5, #1
 3751 0028 8EF83450 		strb	r5, [lr, #52]
2052:Drivers/STM32L4xx_HAL_Driver/Src/stm32l4xx_hal_pcd.c **** #endif /* defined (USB) */
 3752              		.loc 1 2052 3 is_stmt 1 view .LVU1200
2052:Drivers/STM32L4xx_HAL_Driver/Src/stm32l4xx_hal_pcd.c **** #endif /* defined (USB) */
 3753              		.loc 1 2052 19 is_stmt 0 view .LVU1201
 3754 002c CEF83030 		str	r3, [lr, #48]
2054:Drivers/STM32L4xx_HAL_Driver/Src/stm32l4xx_hal_pcd.c ****   ep->is_in = 1U;
ARM GAS  /tmp/ccGeOL5J.s 			page 137


 3755              		.loc 1 2054 3 is_stmt 1 view .LVU1202
2054:Drivers/STM32L4xx_HAL_Driver/Src/stm32l4xx_hal_pcd.c ****   ep->is_in = 1U;
 3756              		.loc 1 2054 18 is_stmt 0 view .LVU1203
 3757 0030 00EBC402 		add	r2, r0, r4, lsl #3
 3758 0034 0024     		movs	r4, #0
 3759 0036 5460     		str	r4, [r2, #4]
2055:Drivers/STM32L4xx_HAL_Driver/Src/stm32l4xx_hal_pcd.c ****   ep->num = ep_addr & EP_ADDR_MSK;
 3760              		.loc 1 2055 3 is_stmt 1 view .LVU1204
2055:Drivers/STM32L4xx_HAL_Driver/Src/stm32l4xx_hal_pcd.c ****   ep->num = ep_addr & EP_ADDR_MSK;
 3761              		.loc 1 2055 13 is_stmt 0 view .LVU1205
 3762 0038 8EF81150 		strb	r5, [lr, #17]
2056:Drivers/STM32L4xx_HAL_Driver/Src/stm32l4xx_hal_pcd.c **** 
 3763              		.loc 1 2056 3 is_stmt 1 view .LVU1206
2056:Drivers/STM32L4xx_HAL_Driver/Src/stm32l4xx_hal_pcd.c **** 
 3764              		.loc 1 2056 11 is_stmt 0 view .LVU1207
 3765 003c 8EF810C0 		strb	ip, [lr, #16]
2058:Drivers/STM32L4xx_HAL_Driver/Src/stm32l4xx_hal_pcd.c **** 
 3766              		.loc 1 2058 3 is_stmt 1 view .LVU1208
2058:Drivers/STM32L4xx_HAL_Driver/Src/stm32l4xx_hal_pcd.c **** 
 3767              		.loc 1 2058 9 is_stmt 0 view .LVU1209
 3768 0040 0144     		add	r1, r1, r0
 3769              	.LVL384:
2058:Drivers/STM32L4xx_HAL_Driver/Src/stm32l4xx_hal_pcd.c **** 
 3770              		.loc 1 2058 9 view .LVU1210
 3771 0042 0068     		ldr	r0, [r0]
 3772              	.LVL385:
2058:Drivers/STM32L4xx_HAL_Driver/Src/stm32l4xx_hal_pcd.c **** 
 3773              		.loc 1 2058 9 view .LVU1211
 3774 0044 FFF7FEFF 		bl	USB_EPStartXfer
 3775              	.LVL386:
2060:Drivers/STM32L4xx_HAL_Driver/Src/stm32l4xx_hal_pcd.c **** }
 3776              		.loc 1 2060 3 is_stmt 1 view .LVU1212
2061:Drivers/STM32L4xx_HAL_Driver/Src/stm32l4xx_hal_pcd.c **** 
 3777              		.loc 1 2061 1 is_stmt 0 view .LVU1213
 3778 0048 2046     		mov	r0, r4
 3779 004a 38BD     		pop	{r3, r4, r5, pc}
 3780              		.cfi_endproc
 3781              	.LFE409:
 3783              		.section	.text.HAL_PCD_EP_SetStall,"ax",%progbits
 3784              		.align	1
 3785              		.global	HAL_PCD_EP_SetStall
 3786              		.syntax unified
 3787              		.thumb
 3788              		.thumb_func
 3790              	HAL_PCD_EP_SetStall:
 3791              	.LVL387:
 3792              	.LFB410:
2070:Drivers/STM32L4xx_HAL_Driver/Src/stm32l4xx_hal_pcd.c ****   PCD_EPTypeDef *ep;
 3793              		.loc 1 2070 1 is_stmt 1 view -0
 3794              		.cfi_startproc
 3795              		@ args = 0, pretend = 0, frame = 0
 3796              		@ frame_needed = 0, uses_anonymous_args = 0
2070:Drivers/STM32L4xx_HAL_Driver/Src/stm32l4xx_hal_pcd.c ****   PCD_EPTypeDef *ep;
 3797              		.loc 1 2070 1 is_stmt 0 view .LVU1215
 3798 0000 38B5     		push	{r3, r4, r5, lr}
 3799              	.LCFI20:
 3800              		.cfi_def_cfa_offset 16
ARM GAS  /tmp/ccGeOL5J.s 			page 138


 3801              		.cfi_offset 3, -16
 3802              		.cfi_offset 4, -12
 3803              		.cfi_offset 5, -8
 3804              		.cfi_offset 14, -4
2071:Drivers/STM32L4xx_HAL_Driver/Src/stm32l4xx_hal_pcd.c **** 
 3805              		.loc 1 2071 3 is_stmt 1 view .LVU1216
2073:Drivers/STM32L4xx_HAL_Driver/Src/stm32l4xx_hal_pcd.c ****   {
 3806              		.loc 1 2073 3 view .LVU1217
 3807 0002 01F00705 		and	r5, r1, #7
2073:Drivers/STM32L4xx_HAL_Driver/Src/stm32l4xx_hal_pcd.c ****   {
 3808              		.loc 1 2073 53 is_stmt 0 view .LVU1218
 3809 0006 0279     		ldrb	r2, [r0, #4]	@ zero_extendqisi2
2073:Drivers/STM32L4xx_HAL_Driver/Src/stm32l4xx_hal_pcd.c ****   {
 3810              		.loc 1 2073 6 view .LVU1219
 3811 0008 AA42     		cmp	r2, r5
 3812 000a 35D3     		bcc	.L218
 3813 000c 0446     		mov	r4, r0
 3814 000e 0B46     		mov	r3, r1
2078:Drivers/STM32L4xx_HAL_Driver/Src/stm32l4xx_hal_pcd.c ****   {
 3815              		.loc 1 2078 3 is_stmt 1 view .LVU1220
2078:Drivers/STM32L4xx_HAL_Driver/Src/stm32l4xx_hal_pcd.c ****   {
 3816              		.loc 1 2078 6 is_stmt 0 view .LVU1221
 3817 0010 11F0800F 		tst	r1, #128
 3818 0014 1ED1     		bne	.L221
2085:Drivers/STM32L4xx_HAL_Driver/Src/stm32l4xx_hal_pcd.c ****     ep->is_in = 0U;
 3819              		.loc 1 2085 5 is_stmt 1 view .LVU1222
2085:Drivers/STM32L4xx_HAL_Driver/Src/stm32l4xx_hal_pcd.c ****     ep->is_in = 0U;
 3820              		.loc 1 2085 8 is_stmt 0 view .LVU1223
 3821 0016 01EB8101 		add	r1, r1, r1, lsl #2
 3822              	.LVL388:
2085:Drivers/STM32L4xx_HAL_Driver/Src/stm32l4xx_hal_pcd.c ****     ep->is_in = 0U;
 3823              		.loc 1 2085 8 view .LVU1224
 3824 001a C900     		lsls	r1, r1, #3
 3825 001c 01F5A871 		add	r1, r1, #336
 3826 0020 0144     		add	r1, r1, r0
 3827              	.LVL389:
2086:Drivers/STM32L4xx_HAL_Driver/Src/stm32l4xx_hal_pcd.c ****   }
 3828              		.loc 1 2086 5 is_stmt 1 view .LVU1225
2086:Drivers/STM32L4xx_HAL_Driver/Src/stm32l4xx_hal_pcd.c ****   }
 3829              		.loc 1 2086 15 is_stmt 0 view .LVU1226
 3830 0022 03EB8303 		add	r3, r3, r3, lsl #2
 3831              	.LVL390:
2086:Drivers/STM32L4xx_HAL_Driver/Src/stm32l4xx_hal_pcd.c ****   }
 3832              		.loc 1 2086 15 view .LVU1227
 3833 0026 00EBC303 		add	r3, r0, r3, lsl #3
 3834 002a 0022     		movs	r2, #0
 3835 002c 83F85121 		strb	r2, [r3, #337]
 3836              	.L216:
2089:Drivers/STM32L4xx_HAL_Driver/Src/stm32l4xx_hal_pcd.c ****   ep->num = ep_addr & EP_ADDR_MSK;
 3837              		.loc 1 2089 3 is_stmt 1 view .LVU1228
2089:Drivers/STM32L4xx_HAL_Driver/Src/stm32l4xx_hal_pcd.c ****   ep->num = ep_addr & EP_ADDR_MSK;
 3838              		.loc 1 2089 16 is_stmt 0 view .LVU1229
 3839 0030 0123     		movs	r3, #1
 3840 0032 8B70     		strb	r3, [r1, #2]
2090:Drivers/STM32L4xx_HAL_Driver/Src/stm32l4xx_hal_pcd.c **** 
 3841              		.loc 1 2090 3 is_stmt 1 view .LVU1230
2090:Drivers/STM32L4xx_HAL_Driver/Src/stm32l4xx_hal_pcd.c **** 
ARM GAS  /tmp/ccGeOL5J.s 			page 139


 3842              		.loc 1 2090 11 is_stmt 0 view .LVU1231
 3843 0034 0D70     		strb	r5, [r1]
2092:Drivers/STM32L4xx_HAL_Driver/Src/stm32l4xx_hal_pcd.c **** 
 3844              		.loc 1 2092 3 is_stmt 1 view .LVU1232
2092:Drivers/STM32L4xx_HAL_Driver/Src/stm32l4xx_hal_pcd.c **** 
 3845              		.loc 1 2092 3 view .LVU1233
 3846 0036 94F89032 		ldrb	r3, [r4, #656]	@ zero_extendqisi2
 3847 003a 012B     		cmp	r3, #1
 3848 003c 1ED0     		beq	.L219
2092:Drivers/STM32L4xx_HAL_Driver/Src/stm32l4xx_hal_pcd.c **** 
 3849              		.loc 1 2092 3 discriminator 2 view .LVU1234
 3850 003e 0123     		movs	r3, #1
 3851 0040 84F89032 		strb	r3, [r4, #656]
2092:Drivers/STM32L4xx_HAL_Driver/Src/stm32l4xx_hal_pcd.c **** 
 3852              		.loc 1 2092 3 discriminator 2 view .LVU1235
2094:Drivers/STM32L4xx_HAL_Driver/Src/stm32l4xx_hal_pcd.c **** 
 3853              		.loc 1 2094 3 view .LVU1236
2094:Drivers/STM32L4xx_HAL_Driver/Src/stm32l4xx_hal_pcd.c **** 
 3854              		.loc 1 2094 9 is_stmt 0 view .LVU1237
 3855 0044 2068     		ldr	r0, [r4]
 3856              	.LVL391:
2094:Drivers/STM32L4xx_HAL_Driver/Src/stm32l4xx_hal_pcd.c **** 
 3857              		.loc 1 2094 9 view .LVU1238
 3858 0046 FFF7FEFF 		bl	USB_EPSetStall
 3859              	.LVL392:
2096:Drivers/STM32L4xx_HAL_Driver/Src/stm32l4xx_hal_pcd.c ****   {
 3860              		.loc 1 2096 3 is_stmt 1 view .LVU1239
2096:Drivers/STM32L4xx_HAL_Driver/Src/stm32l4xx_hal_pcd.c ****   {
 3861              		.loc 1 2096 6 is_stmt 0 view .LVU1240
 3862 004a 7DB1     		cbz	r5, .L222
 3863              	.L217:
2101:Drivers/STM32L4xx_HAL_Driver/Src/stm32l4xx_hal_pcd.c **** 
 3864              		.loc 1 2101 3 is_stmt 1 view .LVU1241
2101:Drivers/STM32L4xx_HAL_Driver/Src/stm32l4xx_hal_pcd.c **** 
 3865              		.loc 1 2101 3 view .LVU1242
 3866 004c 0020     		movs	r0, #0
 3867 004e 84F89002 		strb	r0, [r4, #656]
2101:Drivers/STM32L4xx_HAL_Driver/Src/stm32l4xx_hal_pcd.c **** 
 3868              		.loc 1 2101 3 view .LVU1243
2103:Drivers/STM32L4xx_HAL_Driver/Src/stm32l4xx_hal_pcd.c **** }
 3869              		.loc 1 2103 3 view .LVU1244
 3870              	.LVL393:
 3871              	.L214:
2104:Drivers/STM32L4xx_HAL_Driver/Src/stm32l4xx_hal_pcd.c **** 
 3872              		.loc 1 2104 1 is_stmt 0 view .LVU1245
 3873 0052 38BD     		pop	{r3, r4, r5, pc}
 3874              	.LVL394:
 3875              	.L221:
2080:Drivers/STM32L4xx_HAL_Driver/Src/stm32l4xx_hal_pcd.c ****     ep->is_in = 1U;
 3876              		.loc 1 2080 5 is_stmt 1 view .LVU1246
2080:Drivers/STM32L4xx_HAL_Driver/Src/stm32l4xx_hal_pcd.c ****     ep->is_in = 1U;
 3877              		.loc 1 2080 8 is_stmt 0 view .LVU1247
 3878 0054 05EB8501 		add	r1, r5, r5, lsl #2
 3879              	.LVL395:
2080:Drivers/STM32L4xx_HAL_Driver/Src/stm32l4xx_hal_pcd.c ****     ep->is_in = 1U;
 3880              		.loc 1 2080 8 view .LVU1248
 3881 0058 C900     		lsls	r1, r1, #3
ARM GAS  /tmp/ccGeOL5J.s 			page 140


 3882 005a 1031     		adds	r1, r1, #16
 3883 005c 0144     		add	r1, r1, r0
 3884              	.LVL396:
2081:Drivers/STM32L4xx_HAL_Driver/Src/stm32l4xx_hal_pcd.c ****   }
 3885              		.loc 1 2081 5 is_stmt 1 view .LVU1249
2081:Drivers/STM32L4xx_HAL_Driver/Src/stm32l4xx_hal_pcd.c ****   }
 3886              		.loc 1 2081 15 is_stmt 0 view .LVU1250
 3887 005e 05EB8503 		add	r3, r5, r5, lsl #2
 3888              	.LVL397:
2081:Drivers/STM32L4xx_HAL_Driver/Src/stm32l4xx_hal_pcd.c ****   }
 3889              		.loc 1 2081 15 view .LVU1251
 3890 0062 00EBC303 		add	r3, r0, r3, lsl #3
 3891 0066 0122     		movs	r2, #1
 3892 0068 5A74     		strb	r2, [r3, #17]
 3893 006a E1E7     		b	.L216
 3894              	.LVL398:
 3895              	.L222:
2098:Drivers/STM32L4xx_HAL_Driver/Src/stm32l4xx_hal_pcd.c ****   }
 3896              		.loc 1 2098 5 is_stmt 1 view .LVU1252
2098:Drivers/STM32L4xx_HAL_Driver/Src/stm32l4xx_hal_pcd.c ****   }
 3897              		.loc 1 2098 11 is_stmt 0 view .LVU1253
 3898 006c 04F52671 		add	r1, r4, #664
 3899 0070 2068     		ldr	r0, [r4]
 3900 0072 FFF7FEFF 		bl	USB_EP0_OutStart
 3901              	.LVL399:
 3902 0076 E9E7     		b	.L217
 3903              	.LVL400:
 3904              	.L218:
2075:Drivers/STM32L4xx_HAL_Driver/Src/stm32l4xx_hal_pcd.c ****   }
 3905              		.loc 1 2075 12 view .LVU1254
 3906 0078 0120     		movs	r0, #1
 3907              	.LVL401:
2075:Drivers/STM32L4xx_HAL_Driver/Src/stm32l4xx_hal_pcd.c ****   }
 3908              		.loc 1 2075 12 view .LVU1255
 3909 007a EAE7     		b	.L214
 3910              	.LVL402:
 3911              	.L219:
2092:Drivers/STM32L4xx_HAL_Driver/Src/stm32l4xx_hal_pcd.c **** 
 3912              		.loc 1 2092 3 discriminator 1 view .LVU1256
 3913 007c 0220     		movs	r0, #2
 3914              	.LVL403:
2092:Drivers/STM32L4xx_HAL_Driver/Src/stm32l4xx_hal_pcd.c **** 
 3915              		.loc 1 2092 3 discriminator 1 view .LVU1257
 3916 007e E8E7     		b	.L214
 3917              		.cfi_endproc
 3918              	.LFE410:
 3920              		.section	.text.HAL_PCD_EP_ClrStall,"ax",%progbits
 3921              		.align	1
 3922              		.global	HAL_PCD_EP_ClrStall
 3923              		.syntax unified
 3924              		.thumb
 3925              		.thumb_func
 3927              	HAL_PCD_EP_ClrStall:
 3928              	.LVL404:
 3929              	.LFB411:
2113:Drivers/STM32L4xx_HAL_Driver/Src/stm32l4xx_hal_pcd.c ****   PCD_EPTypeDef *ep;
 3930              		.loc 1 2113 1 is_stmt 1 view -0
ARM GAS  /tmp/ccGeOL5J.s 			page 141


 3931              		.cfi_startproc
 3932              		@ args = 0, pretend = 0, frame = 0
 3933              		@ frame_needed = 0, uses_anonymous_args = 0
2113:Drivers/STM32L4xx_HAL_Driver/Src/stm32l4xx_hal_pcd.c ****   PCD_EPTypeDef *ep;
 3934              		.loc 1 2113 1 is_stmt 0 view .LVU1259
 3935 0000 0B46     		mov	r3, r1
2114:Drivers/STM32L4xx_HAL_Driver/Src/stm32l4xx_hal_pcd.c **** 
 3936              		.loc 1 2114 3 is_stmt 1 view .LVU1260
2116:Drivers/STM32L4xx_HAL_Driver/Src/stm32l4xx_hal_pcd.c ****   {
 3937              		.loc 1 2116 3 view .LVU1261
2116:Drivers/STM32L4xx_HAL_Driver/Src/stm32l4xx_hal_pcd.c ****   {
 3938              		.loc 1 2116 47 is_stmt 0 view .LVU1262
 3939 0002 0179     		ldrb	r1, [r0, #4]	@ zero_extendqisi2
 3940              	.LVL405:
2116:Drivers/STM32L4xx_HAL_Driver/Src/stm32l4xx_hal_pcd.c ****   {
 3941              		.loc 1 2116 6 view .LVU1263
 3942 0004 03F00F02 		and	r2, r3, #15
 3943 0008 9142     		cmp	r1, r2
 3944 000a 34D3     		bcc	.L227
2113:Drivers/STM32L4xx_HAL_Driver/Src/stm32l4xx_hal_pcd.c ****   PCD_EPTypeDef *ep;
 3945              		.loc 1 2113 1 view .LVU1264
 3946 000c 10B5     		push	{r4, lr}
 3947              	.LCFI21:
 3948              		.cfi_def_cfa_offset 8
 3949              		.cfi_offset 4, -8
 3950              		.cfi_offset 14, -4
 3951 000e 0446     		mov	r4, r0
2121:Drivers/STM32L4xx_HAL_Driver/Src/stm32l4xx_hal_pcd.c ****   {
 3952              		.loc 1 2121 3 is_stmt 1 view .LVU1265
2121:Drivers/STM32L4xx_HAL_Driver/Src/stm32l4xx_hal_pcd.c ****   {
 3953              		.loc 1 2121 6 is_stmt 0 view .LVU1266
 3954 0010 13F0800F 		tst	r3, #128
 3955 0014 21D1     		bne	.L233
2128:Drivers/STM32L4xx_HAL_Driver/Src/stm32l4xx_hal_pcd.c ****     ep->is_in = 0U;
 3956              		.loc 1 2128 5 is_stmt 1 view .LVU1267
2128:Drivers/STM32L4xx_HAL_Driver/Src/stm32l4xx_hal_pcd.c ****     ep->is_in = 0U;
 3957              		.loc 1 2128 32 is_stmt 0 view .LVU1268
 3958 0016 03F00702 		and	r2, r3, #7
2128:Drivers/STM32L4xx_HAL_Driver/Src/stm32l4xx_hal_pcd.c ****     ep->is_in = 0U;
 3959              		.loc 1 2128 8 view .LVU1269
 3960 001a 02EB8201 		add	r1, r2, r2, lsl #2
 3961 001e C900     		lsls	r1, r1, #3
 3962 0020 01F5A871 		add	r1, r1, #336
 3963 0024 0144     		add	r1, r1, r0
 3964              	.LVL406:
2129:Drivers/STM32L4xx_HAL_Driver/Src/stm32l4xx_hal_pcd.c ****   }
 3965              		.loc 1 2129 5 is_stmt 1 view .LVU1270
2129:Drivers/STM32L4xx_HAL_Driver/Src/stm32l4xx_hal_pcd.c ****   }
 3966              		.loc 1 2129 15 is_stmt 0 view .LVU1271
 3967 0026 02EB8202 		add	r2, r2, r2, lsl #2
 3968 002a 00EBC202 		add	r2, r0, r2, lsl #3
 3969 002e 0020     		movs	r0, #0
 3970              	.LVL407:
2129:Drivers/STM32L4xx_HAL_Driver/Src/stm32l4xx_hal_pcd.c ****   }
 3971              		.loc 1 2129 15 view .LVU1272
 3972 0030 82F85101 		strb	r0, [r2, #337]
 3973              	.L226:
ARM GAS  /tmp/ccGeOL5J.s 			page 142


2132:Drivers/STM32L4xx_HAL_Driver/Src/stm32l4xx_hal_pcd.c ****   ep->num = ep_addr & EP_ADDR_MSK;
 3974              		.loc 1 2132 3 is_stmt 1 view .LVU1273
2132:Drivers/STM32L4xx_HAL_Driver/Src/stm32l4xx_hal_pcd.c ****   ep->num = ep_addr & EP_ADDR_MSK;
 3975              		.loc 1 2132 16 is_stmt 0 view .LVU1274
 3976 0034 0022     		movs	r2, #0
 3977 0036 8A70     		strb	r2, [r1, #2]
2133:Drivers/STM32L4xx_HAL_Driver/Src/stm32l4xx_hal_pcd.c **** 
 3978              		.loc 1 2133 3 is_stmt 1 view .LVU1275
2133:Drivers/STM32L4xx_HAL_Driver/Src/stm32l4xx_hal_pcd.c **** 
 3979              		.loc 1 2133 21 is_stmt 0 view .LVU1276
 3980 0038 03F00703 		and	r3, r3, #7
 3981              	.LVL408:
2133:Drivers/STM32L4xx_HAL_Driver/Src/stm32l4xx_hal_pcd.c **** 
 3982              		.loc 1 2133 11 view .LVU1277
 3983 003c 0B70     		strb	r3, [r1]
2135:Drivers/STM32L4xx_HAL_Driver/Src/stm32l4xx_hal_pcd.c ****   (void)USB_EPClearStall(hpcd->Instance, ep);
 3984              		.loc 1 2135 3 is_stmt 1 view .LVU1278
2135:Drivers/STM32L4xx_HAL_Driver/Src/stm32l4xx_hal_pcd.c ****   (void)USB_EPClearStall(hpcd->Instance, ep);
 3985              		.loc 1 2135 3 view .LVU1279
 3986 003e 94F89032 		ldrb	r3, [r4, #656]	@ zero_extendqisi2
 3987 0042 012B     		cmp	r3, #1
 3988 0044 19D0     		beq	.L228
2135:Drivers/STM32L4xx_HAL_Driver/Src/stm32l4xx_hal_pcd.c ****   (void)USB_EPClearStall(hpcd->Instance, ep);
 3989              		.loc 1 2135 3 discriminator 2 view .LVU1280
 3990 0046 0123     		movs	r3, #1
 3991 0048 84F89032 		strb	r3, [r4, #656]
2135:Drivers/STM32L4xx_HAL_Driver/Src/stm32l4xx_hal_pcd.c ****   (void)USB_EPClearStall(hpcd->Instance, ep);
 3992              		.loc 1 2135 3 discriminator 2 view .LVU1281
2136:Drivers/STM32L4xx_HAL_Driver/Src/stm32l4xx_hal_pcd.c ****   __HAL_UNLOCK(hpcd);
 3993              		.loc 1 2136 3 view .LVU1282
2136:Drivers/STM32L4xx_HAL_Driver/Src/stm32l4xx_hal_pcd.c ****   __HAL_UNLOCK(hpcd);
 3994              		.loc 1 2136 9 is_stmt 0 view .LVU1283
 3995 004c 2068     		ldr	r0, [r4]
 3996 004e FFF7FEFF 		bl	USB_EPClearStall
 3997              	.LVL409:
2137:Drivers/STM32L4xx_HAL_Driver/Src/stm32l4xx_hal_pcd.c **** 
 3998              		.loc 1 2137 3 is_stmt 1 view .LVU1284
2137:Drivers/STM32L4xx_HAL_Driver/Src/stm32l4xx_hal_pcd.c **** 
 3999              		.loc 1 2137 3 view .LVU1285
 4000 0052 0020     		movs	r0, #0
 4001 0054 84F89002 		strb	r0, [r4, #656]
2137:Drivers/STM32L4xx_HAL_Driver/Src/stm32l4xx_hal_pcd.c **** 
 4002              		.loc 1 2137 3 view .LVU1286
2139:Drivers/STM32L4xx_HAL_Driver/Src/stm32l4xx_hal_pcd.c **** }
 4003              		.loc 1 2139 3 view .LVU1287
 4004              	.L224:
2140:Drivers/STM32L4xx_HAL_Driver/Src/stm32l4xx_hal_pcd.c **** 
 4005              		.loc 1 2140 1 is_stmt 0 view .LVU1288
 4006 0058 10BD     		pop	{r4, pc}
 4007              	.LVL410:
 4008              	.L233:
2123:Drivers/STM32L4xx_HAL_Driver/Src/stm32l4xx_hal_pcd.c ****     ep->is_in = 1U;
 4009              		.loc 1 2123 5 is_stmt 1 view .LVU1289
2123:Drivers/STM32L4xx_HAL_Driver/Src/stm32l4xx_hal_pcd.c ****     ep->is_in = 1U;
 4010              		.loc 1 2123 31 is_stmt 0 view .LVU1290
 4011 005a 03F00702 		and	r2, r3, #7
2123:Drivers/STM32L4xx_HAL_Driver/Src/stm32l4xx_hal_pcd.c ****     ep->is_in = 1U;
ARM GAS  /tmp/ccGeOL5J.s 			page 143


 4012              		.loc 1 2123 8 view .LVU1291
 4013 005e 02EB8201 		add	r1, r2, r2, lsl #2
 4014 0062 C900     		lsls	r1, r1, #3
 4015 0064 1031     		adds	r1, r1, #16
 4016 0066 0144     		add	r1, r1, r0
 4017              	.LVL411:
2124:Drivers/STM32L4xx_HAL_Driver/Src/stm32l4xx_hal_pcd.c ****   }
 4018              		.loc 1 2124 5 is_stmt 1 view .LVU1292
2124:Drivers/STM32L4xx_HAL_Driver/Src/stm32l4xx_hal_pcd.c ****   }
 4019              		.loc 1 2124 15 is_stmt 0 view .LVU1293
 4020 0068 02EB8202 		add	r2, r2, r2, lsl #2
 4021 006c 00EBC202 		add	r2, r0, r2, lsl #3
 4022 0070 0120     		movs	r0, #1
 4023              	.LVL412:
2124:Drivers/STM32L4xx_HAL_Driver/Src/stm32l4xx_hal_pcd.c ****   }
 4024              		.loc 1 2124 15 view .LVU1294
 4025 0072 5074     		strb	r0, [r2, #17]
 4026 0074 DEE7     		b	.L226
 4027              	.LVL413:
 4028              	.L227:
 4029              	.LCFI22:
 4030              		.cfi_def_cfa_offset 0
 4031              		.cfi_restore 4
 4032              		.cfi_restore 14
2118:Drivers/STM32L4xx_HAL_Driver/Src/stm32l4xx_hal_pcd.c ****   }
 4033              		.loc 1 2118 12 view .LVU1295
 4034 0076 0120     		movs	r0, #1
 4035              	.LVL414:
2140:Drivers/STM32L4xx_HAL_Driver/Src/stm32l4xx_hal_pcd.c **** 
 4036              		.loc 1 2140 1 view .LVU1296
 4037 0078 7047     		bx	lr
 4038              	.LVL415:
 4039              	.L228:
 4040              	.LCFI23:
 4041              		.cfi_def_cfa_offset 8
 4042              		.cfi_offset 4, -8
 4043              		.cfi_offset 14, -4
2135:Drivers/STM32L4xx_HAL_Driver/Src/stm32l4xx_hal_pcd.c ****   (void)USB_EPClearStall(hpcd->Instance, ep);
 4044              		.loc 1 2135 3 discriminator 1 view .LVU1297
 4045 007a 0220     		movs	r0, #2
 4046 007c ECE7     		b	.L224
 4047              		.cfi_endproc
 4048              	.LFE411:
 4050              		.section	.text.HAL_PCD_EP_Abort,"ax",%progbits
 4051              		.align	1
 4052              		.global	HAL_PCD_EP_Abort
 4053              		.syntax unified
 4054              		.thumb
 4055              		.thumb_func
 4057              	HAL_PCD_EP_Abort:
 4058              	.LVL416:
 4059              	.LFB412:
2149:Drivers/STM32L4xx_HAL_Driver/Src/stm32l4xx_hal_pcd.c ****   HAL_StatusTypeDef ret;
 4060              		.loc 1 2149 1 is_stmt 1 view -0
 4061              		.cfi_startproc
 4062              		@ args = 0, pretend = 0, frame = 0
 4063              		@ frame_needed = 0, uses_anonymous_args = 0
ARM GAS  /tmp/ccGeOL5J.s 			page 144


2149:Drivers/STM32L4xx_HAL_Driver/Src/stm32l4xx_hal_pcd.c ****   HAL_StatusTypeDef ret;
 4064              		.loc 1 2149 1 is_stmt 0 view .LVU1299
 4065 0000 08B5     		push	{r3, lr}
 4066              	.LCFI24:
 4067              		.cfi_def_cfa_offset 8
 4068              		.cfi_offset 3, -8
 4069              		.cfi_offset 14, -4
2150:Drivers/STM32L4xx_HAL_Driver/Src/stm32l4xx_hal_pcd.c ****   PCD_EPTypeDef *ep;
 4070              		.loc 1 2150 3 is_stmt 1 view .LVU1300
2151:Drivers/STM32L4xx_HAL_Driver/Src/stm32l4xx_hal_pcd.c **** 
 4071              		.loc 1 2151 3 view .LVU1301
2153:Drivers/STM32L4xx_HAL_Driver/Src/stm32l4xx_hal_pcd.c ****   {
 4072              		.loc 1 2153 3 view .LVU1302
2153:Drivers/STM32L4xx_HAL_Driver/Src/stm32l4xx_hal_pcd.c ****   {
 4073              		.loc 1 2153 6 is_stmt 0 view .LVU1303
 4074 0002 11F0800F 		tst	r1, #128
 4075 0006 0BD1     		bne	.L238
2159:Drivers/STM32L4xx_HAL_Driver/Src/stm32l4xx_hal_pcd.c ****   }
 4076              		.loc 1 2159 5 is_stmt 1 view .LVU1304
2159:Drivers/STM32L4xx_HAL_Driver/Src/stm32l4xx_hal_pcd.c ****   }
 4077              		.loc 1 2159 32 is_stmt 0 view .LVU1305
 4078 0008 01F00701 		and	r1, r1, #7
 4079              	.LVL417:
2159:Drivers/STM32L4xx_HAL_Driver/Src/stm32l4xx_hal_pcd.c ****   }
 4080              		.loc 1 2159 8 view .LVU1306
 4081 000c 01EB8101 		add	r1, r1, r1, lsl #2
 4082 0010 C900     		lsls	r1, r1, #3
 4083 0012 01F5A871 		add	r1, r1, #336
 4084 0016 0144     		add	r1, r1, r0
 4085              	.LVL418:
 4086              	.L236:
2163:Drivers/STM32L4xx_HAL_Driver/Src/stm32l4xx_hal_pcd.c **** 
 4087              		.loc 1 2163 3 is_stmt 1 view .LVU1307
2163:Drivers/STM32L4xx_HAL_Driver/Src/stm32l4xx_hal_pcd.c **** 
 4088              		.loc 1 2163 9 is_stmt 0 view .LVU1308
 4089 0018 0068     		ldr	r0, [r0]
 4090              	.LVL419:
2163:Drivers/STM32L4xx_HAL_Driver/Src/stm32l4xx_hal_pcd.c **** 
 4091              		.loc 1 2163 9 view .LVU1309
 4092 001a FFF7FEFF 		bl	USB_EPStopXfer
 4093              	.LVL420:
2165:Drivers/STM32L4xx_HAL_Driver/Src/stm32l4xx_hal_pcd.c **** }
 4094              		.loc 1 2165 3 is_stmt 1 view .LVU1310
2166:Drivers/STM32L4xx_HAL_Driver/Src/stm32l4xx_hal_pcd.c **** 
 4095              		.loc 1 2166 1 is_stmt 0 view .LVU1311
 4096 001e 08BD     		pop	{r3, pc}
 4097              	.LVL421:
 4098              	.L238:
2155:Drivers/STM32L4xx_HAL_Driver/Src/stm32l4xx_hal_pcd.c ****   }
 4099              		.loc 1 2155 5 is_stmt 1 view .LVU1312
2155:Drivers/STM32L4xx_HAL_Driver/Src/stm32l4xx_hal_pcd.c ****   }
 4100              		.loc 1 2155 31 is_stmt 0 view .LVU1313
 4101 0020 01F00701 		and	r1, r1, #7
 4102              	.LVL422:
2155:Drivers/STM32L4xx_HAL_Driver/Src/stm32l4xx_hal_pcd.c ****   }
 4103              		.loc 1 2155 8 view .LVU1314
 4104 0024 01EB8101 		add	r1, r1, r1, lsl #2
ARM GAS  /tmp/ccGeOL5J.s 			page 145


 4105 0028 C900     		lsls	r1, r1, #3
 4106 002a 1031     		adds	r1, r1, #16
 4107 002c 0144     		add	r1, r1, r0
 4108              	.LVL423:
2155:Drivers/STM32L4xx_HAL_Driver/Src/stm32l4xx_hal_pcd.c ****   }
 4109              		.loc 1 2155 8 view .LVU1315
 4110 002e F3E7     		b	.L236
 4111              		.cfi_endproc
 4112              	.LFE412:
 4114              		.section	.text.HAL_PCD_EP_Flush,"ax",%progbits
 4115              		.align	1
 4116              		.global	HAL_PCD_EP_Flush
 4117              		.syntax unified
 4118              		.thumb
 4119              		.thumb_func
 4121              	HAL_PCD_EP_Flush:
 4122              	.LVL424:
 4123              	.LFB413:
2175:Drivers/STM32L4xx_HAL_Driver/Src/stm32l4xx_hal_pcd.c ****   __HAL_LOCK(hpcd);
 4124              		.loc 1 2175 1 is_stmt 1 view -0
 4125              		.cfi_startproc
 4126              		@ args = 0, pretend = 0, frame = 0
 4127              		@ frame_needed = 0, uses_anonymous_args = 0
2176:Drivers/STM32L4xx_HAL_Driver/Src/stm32l4xx_hal_pcd.c **** 
 4128              		.loc 1 2176 3 view .LVU1317
2176:Drivers/STM32L4xx_HAL_Driver/Src/stm32l4xx_hal_pcd.c **** 
 4129              		.loc 1 2176 3 view .LVU1318
 4130 0000 90F89032 		ldrb	r3, [r0, #656]	@ zero_extendqisi2
 4131 0004 012B     		cmp	r3, #1
 4132 0006 14D0     		beq	.L243
2175:Drivers/STM32L4xx_HAL_Driver/Src/stm32l4xx_hal_pcd.c ****   __HAL_LOCK(hpcd);
 4133              		.loc 1 2175 1 is_stmt 0 view .LVU1319
 4134 0008 10B5     		push	{r4, lr}
 4135              	.LCFI25:
 4136              		.cfi_def_cfa_offset 8
 4137              		.cfi_offset 4, -8
 4138              		.cfi_offset 14, -4
 4139 000a 0446     		mov	r4, r0
2176:Drivers/STM32L4xx_HAL_Driver/Src/stm32l4xx_hal_pcd.c **** 
 4140              		.loc 1 2176 3 is_stmt 1 discriminator 2 view .LVU1320
 4141 000c 0123     		movs	r3, #1
 4142 000e 80F89032 		strb	r3, [r0, #656]
2176:Drivers/STM32L4xx_HAL_Driver/Src/stm32l4xx_hal_pcd.c **** 
 4143              		.loc 1 2176 3 discriminator 2 view .LVU1321
2178:Drivers/STM32L4xx_HAL_Driver/Src/stm32l4xx_hal_pcd.c ****   {
 4144              		.loc 1 2178 3 view .LVU1322
2178:Drivers/STM32L4xx_HAL_Driver/Src/stm32l4xx_hal_pcd.c ****   {
 4145              		.loc 1 2178 6 is_stmt 0 view .LVU1323
 4146 0012 11F0800F 		tst	r1, #128
 4147 0016 06D1     		bne	.L248
2184:Drivers/STM32L4xx_HAL_Driver/Src/stm32l4xx_hal_pcd.c ****   }
 4148              		.loc 1 2184 5 is_stmt 1 view .LVU1324
2184:Drivers/STM32L4xx_HAL_Driver/Src/stm32l4xx_hal_pcd.c ****   }
 4149              		.loc 1 2184 11 is_stmt 0 view .LVU1325
 4150 0018 0068     		ldr	r0, [r0]
 4151              	.LVL425:
2184:Drivers/STM32L4xx_HAL_Driver/Src/stm32l4xx_hal_pcd.c ****   }
ARM GAS  /tmp/ccGeOL5J.s 			page 146


 4152              		.loc 1 2184 11 view .LVU1326
 4153 001a FFF7FEFF 		bl	USB_FlushRxFifo
 4154              	.LVL426:
 4155              	.L242:
2187:Drivers/STM32L4xx_HAL_Driver/Src/stm32l4xx_hal_pcd.c **** 
 4156              		.loc 1 2187 3 is_stmt 1 view .LVU1327
2187:Drivers/STM32L4xx_HAL_Driver/Src/stm32l4xx_hal_pcd.c **** 
 4157              		.loc 1 2187 3 view .LVU1328
 4158 001e 0020     		movs	r0, #0
 4159 0020 84F89002 		strb	r0, [r4, #656]
2187:Drivers/STM32L4xx_HAL_Driver/Src/stm32l4xx_hal_pcd.c **** 
 4160              		.loc 1 2187 3 view .LVU1329
2189:Drivers/STM32L4xx_HAL_Driver/Src/stm32l4xx_hal_pcd.c **** }
 4161              		.loc 1 2189 3 view .LVU1330
2190:Drivers/STM32L4xx_HAL_Driver/Src/stm32l4xx_hal_pcd.c **** 
 4162              		.loc 1 2190 1 is_stmt 0 view .LVU1331
 4163 0024 10BD     		pop	{r4, pc}
 4164              	.LVL427:
 4165              	.L248:
2180:Drivers/STM32L4xx_HAL_Driver/Src/stm32l4xx_hal_pcd.c ****   }
 4166              		.loc 1 2180 5 is_stmt 1 view .LVU1332
2180:Drivers/STM32L4xx_HAL_Driver/Src/stm32l4xx_hal_pcd.c ****   }
 4167              		.loc 1 2180 11 is_stmt 0 view .LVU1333
 4168 0026 01F00701 		and	r1, r1, #7
 4169              	.LVL428:
2180:Drivers/STM32L4xx_HAL_Driver/Src/stm32l4xx_hal_pcd.c ****   }
 4170              		.loc 1 2180 11 view .LVU1334
 4171 002a 0068     		ldr	r0, [r0]
 4172              	.LVL429:
2180:Drivers/STM32L4xx_HAL_Driver/Src/stm32l4xx_hal_pcd.c ****   }
 4173              		.loc 1 2180 11 view .LVU1335
 4174 002c FFF7FEFF 		bl	USB_FlushTxFifo
 4175              	.LVL430:
 4176 0030 F5E7     		b	.L242
 4177              	.LVL431:
 4178              	.L243:
 4179              	.LCFI26:
 4180              		.cfi_def_cfa_offset 0
 4181              		.cfi_restore 4
 4182              		.cfi_restore 14
2176:Drivers/STM32L4xx_HAL_Driver/Src/stm32l4xx_hal_pcd.c **** 
 4183              		.loc 1 2176 3 discriminator 1 view .LVU1336
 4184 0032 0220     		movs	r0, #2
 4185              	.LVL432:
2190:Drivers/STM32L4xx_HAL_Driver/Src/stm32l4xx_hal_pcd.c **** 
 4186              		.loc 1 2190 1 view .LVU1337
 4187 0034 7047     		bx	lr
 4188              		.cfi_endproc
 4189              	.LFE413:
 4191              		.section	.text.HAL_PCD_ActivateRemoteWakeup,"ax",%progbits
 4192              		.align	1
 4193              		.global	HAL_PCD_ActivateRemoteWakeup
 4194              		.syntax unified
 4195              		.thumb
 4196              		.thumb_func
 4198              	HAL_PCD_ActivateRemoteWakeup:
 4199              	.LVL433:
ARM GAS  /tmp/ccGeOL5J.s 			page 147


 4200              	.LFB414:
2198:Drivers/STM32L4xx_HAL_Driver/Src/stm32l4xx_hal_pcd.c ****   return (USB_ActivateRemoteWakeup(hpcd->Instance));
 4201              		.loc 1 2198 1 is_stmt 1 view -0
 4202              		.cfi_startproc
 4203              		@ args = 0, pretend = 0, frame = 0
 4204              		@ frame_needed = 0, uses_anonymous_args = 0
2198:Drivers/STM32L4xx_HAL_Driver/Src/stm32l4xx_hal_pcd.c ****   return (USB_ActivateRemoteWakeup(hpcd->Instance));
 4205              		.loc 1 2198 1 is_stmt 0 view .LVU1339
 4206 0000 08B5     		push	{r3, lr}
 4207              	.LCFI27:
 4208              		.cfi_def_cfa_offset 8
 4209              		.cfi_offset 3, -8
 4210              		.cfi_offset 14, -4
2199:Drivers/STM32L4xx_HAL_Driver/Src/stm32l4xx_hal_pcd.c **** }
 4211              		.loc 1 2199 3 is_stmt 1 view .LVU1340
2199:Drivers/STM32L4xx_HAL_Driver/Src/stm32l4xx_hal_pcd.c **** }
 4212              		.loc 1 2199 11 is_stmt 0 view .LVU1341
 4213 0002 0068     		ldr	r0, [r0]
 4214              	.LVL434:
2199:Drivers/STM32L4xx_HAL_Driver/Src/stm32l4xx_hal_pcd.c **** }
 4215              		.loc 1 2199 11 view .LVU1342
 4216 0004 FFF7FEFF 		bl	USB_ActivateRemoteWakeup
 4217              	.LVL435:
2200:Drivers/STM32L4xx_HAL_Driver/Src/stm32l4xx_hal_pcd.c **** 
 4218              		.loc 1 2200 1 view .LVU1343
 4219 0008 08BD     		pop	{r3, pc}
 4220              		.cfi_endproc
 4221              	.LFE414:
 4223              		.section	.text.HAL_PCD_DeActivateRemoteWakeup,"ax",%progbits
 4224              		.align	1
 4225              		.global	HAL_PCD_DeActivateRemoteWakeup
 4226              		.syntax unified
 4227              		.thumb
 4228              		.thumb_func
 4230              	HAL_PCD_DeActivateRemoteWakeup:
 4231              	.LVL436:
 4232              	.LFB415:
2208:Drivers/STM32L4xx_HAL_Driver/Src/stm32l4xx_hal_pcd.c ****   return (USB_DeActivateRemoteWakeup(hpcd->Instance));
 4233              		.loc 1 2208 1 is_stmt 1 view -0
 4234              		.cfi_startproc
 4235              		@ args = 0, pretend = 0, frame = 0
 4236              		@ frame_needed = 0, uses_anonymous_args = 0
2208:Drivers/STM32L4xx_HAL_Driver/Src/stm32l4xx_hal_pcd.c ****   return (USB_DeActivateRemoteWakeup(hpcd->Instance));
 4237              		.loc 1 2208 1 is_stmt 0 view .LVU1345
 4238 0000 08B5     		push	{r3, lr}
 4239              	.LCFI28:
 4240              		.cfi_def_cfa_offset 8
 4241              		.cfi_offset 3, -8
 4242              		.cfi_offset 14, -4
2209:Drivers/STM32L4xx_HAL_Driver/Src/stm32l4xx_hal_pcd.c **** }
 4243              		.loc 1 2209 3 is_stmt 1 view .LVU1346
2209:Drivers/STM32L4xx_HAL_Driver/Src/stm32l4xx_hal_pcd.c **** }
 4244              		.loc 1 2209 11 is_stmt 0 view .LVU1347
 4245 0002 0068     		ldr	r0, [r0]
 4246              	.LVL437:
2209:Drivers/STM32L4xx_HAL_Driver/Src/stm32l4xx_hal_pcd.c **** }
 4247              		.loc 1 2209 11 view .LVU1348
ARM GAS  /tmp/ccGeOL5J.s 			page 148


 4248 0004 FFF7FEFF 		bl	USB_DeActivateRemoteWakeup
 4249              	.LVL438:
2210:Drivers/STM32L4xx_HAL_Driver/Src/stm32l4xx_hal_pcd.c **** 
 4250              		.loc 1 2210 1 view .LVU1349
 4251 0008 08BD     		pop	{r3, pc}
 4252              		.cfi_endproc
 4253              	.LFE415:
 4255              		.section	.text.HAL_PCD_GetState,"ax",%progbits
 4256              		.align	1
 4257              		.global	HAL_PCD_GetState
 4258              		.syntax unified
 4259              		.thumb
 4260              		.thumb_func
 4262              	HAL_PCD_GetState:
 4263              	.LVL439:
 4264              	.LFB416:
2237:Drivers/STM32L4xx_HAL_Driver/Src/stm32l4xx_hal_pcd.c ****   return hpcd->State;
 4265              		.loc 1 2237 1 is_stmt 1 view -0
 4266              		.cfi_startproc
 4267              		@ args = 0, pretend = 0, frame = 0
 4268              		@ frame_needed = 0, uses_anonymous_args = 0
 4269              		@ link register save eliminated.
2238:Drivers/STM32L4xx_HAL_Driver/Src/stm32l4xx_hal_pcd.c **** }
 4270              		.loc 1 2238 3 view .LVU1351
2238:Drivers/STM32L4xx_HAL_Driver/Src/stm32l4xx_hal_pcd.c **** }
 4271              		.loc 1 2238 14 is_stmt 0 view .LVU1352
 4272 0000 90F89102 		ldrb	r0, [r0, #657]	@ zero_extendqisi2
 4273              	.LVL440:
2239:Drivers/STM32L4xx_HAL_Driver/Src/stm32l4xx_hal_pcd.c **** 
 4274              		.loc 1 2239 1 view .LVU1353
 4275 0004 7047     		bx	lr
 4276              		.cfi_endproc
 4277              	.LFE416:
 4279              		.text
 4280              	.Letext0:
 4281              		.file 2 "/usr/lib/gcc/arm-none-eabi/13.2.1/include/stdint.h"
 4282              		.file 3 "Drivers/CMSIS/Device/ST/STM32L4xx/Include/stm32l433xx.h"
 4283              		.file 4 "Drivers/STM32L4xx_HAL_Driver/Inc/stm32l4xx_hal_def.h"
 4284              		.file 5 "Drivers/STM32L4xx_HAL_Driver/Inc/stm32l4xx_ll_usb.h"
 4285              		.file 6 "Drivers/STM32L4xx_HAL_Driver/Inc/stm32l4xx_hal_pcd.h"
 4286              		.file 7 "Drivers/STM32L4xx_HAL_Driver/Inc/stm32l4xx_hal_pcd_ex.h"
 4287              		.file 8 "Drivers/STM32L4xx_HAL_Driver/Inc/stm32l4xx_ll_dma.h"
ARM GAS  /tmp/ccGeOL5J.s 			page 149


DEFINED SYMBOLS
                            *ABS*:00000000 stm32l4xx_hal_pcd.c
     /tmp/ccGeOL5J.s:21     .text.HAL_PCD_EP_DB_Receive:00000000 $t
     /tmp/ccGeOL5J.s:26     .text.HAL_PCD_EP_DB_Receive:00000000 HAL_PCD_EP_DB_Receive
     /tmp/ccGeOL5J.s:275    .text.HAL_PCD_MspInit:00000000 $t
     /tmp/ccGeOL5J.s:281    .text.HAL_PCD_MspInit:00000000 HAL_PCD_MspInit
     /tmp/ccGeOL5J.s:296    .text.HAL_PCD_Init:00000000 $t
     /tmp/ccGeOL5J.s:302    .text.HAL_PCD_Init:00000000 HAL_PCD_Init
     /tmp/ccGeOL5J.s:536    .text.HAL_PCD_MspDeInit:00000000 $t
     /tmp/ccGeOL5J.s:542    .text.HAL_PCD_MspDeInit:00000000 HAL_PCD_MspDeInit
     /tmp/ccGeOL5J.s:557    .text.HAL_PCD_DeInit:00000000 $t
     /tmp/ccGeOL5J.s:563    .text.HAL_PCD_DeInit:00000000 HAL_PCD_DeInit
     /tmp/ccGeOL5J.s:625    .text.HAL_PCD_Start:00000000 $t
     /tmp/ccGeOL5J.s:631    .text.HAL_PCD_Start:00000000 HAL_PCD_Start
     /tmp/ccGeOL5J.s:688    .text.HAL_PCD_Stop:00000000 $t
     /tmp/ccGeOL5J.s:694    .text.HAL_PCD_Stop:00000000 HAL_PCD_Stop
     /tmp/ccGeOL5J.s:751    .text.HAL_PCD_DataOutStageCallback:00000000 $t
     /tmp/ccGeOL5J.s:757    .text.HAL_PCD_DataOutStageCallback:00000000 HAL_PCD_DataOutStageCallback
     /tmp/ccGeOL5J.s:773    .text.HAL_PCD_DataInStageCallback:00000000 $t
     /tmp/ccGeOL5J.s:779    .text.HAL_PCD_DataInStageCallback:00000000 HAL_PCD_DataInStageCallback
     /tmp/ccGeOL5J.s:795    .text.HAL_PCD_EP_DB_Transmit:00000000 $t
     /tmp/ccGeOL5J.s:800    .text.HAL_PCD_EP_DB_Transmit:00000000 HAL_PCD_EP_DB_Transmit
     /tmp/ccGeOL5J.s:1817   .text.HAL_PCD_SetupStageCallback:00000000 $t
     /tmp/ccGeOL5J.s:1823   .text.HAL_PCD_SetupStageCallback:00000000 HAL_PCD_SetupStageCallback
     /tmp/ccGeOL5J.s:1838   .text.PCD_EP_ISR_Handler:00000000 $t
     /tmp/ccGeOL5J.s:1843   .text.PCD_EP_ISR_Handler:00000000 PCD_EP_ISR_Handler
     /tmp/ccGeOL5J.s:2728   .text.HAL_PCD_SOFCallback:00000000 $t
     /tmp/ccGeOL5J.s:2734   .text.HAL_PCD_SOFCallback:00000000 HAL_PCD_SOFCallback
     /tmp/ccGeOL5J.s:2749   .text.HAL_PCD_ResetCallback:00000000 $t
     /tmp/ccGeOL5J.s:2755   .text.HAL_PCD_ResetCallback:00000000 HAL_PCD_ResetCallback
     /tmp/ccGeOL5J.s:2770   .text.HAL_PCD_SuspendCallback:00000000 $t
     /tmp/ccGeOL5J.s:2776   .text.HAL_PCD_SuspendCallback:00000000 HAL_PCD_SuspendCallback
     /tmp/ccGeOL5J.s:2791   .text.HAL_PCD_ResumeCallback:00000000 $t
     /tmp/ccGeOL5J.s:2797   .text.HAL_PCD_ResumeCallback:00000000 HAL_PCD_ResumeCallback
     /tmp/ccGeOL5J.s:2812   .text.HAL_PCD_ISOOUTIncompleteCallback:00000000 $t
     /tmp/ccGeOL5J.s:2818   .text.HAL_PCD_ISOOUTIncompleteCallback:00000000 HAL_PCD_ISOOUTIncompleteCallback
     /tmp/ccGeOL5J.s:2834   .text.HAL_PCD_ISOINIncompleteCallback:00000000 $t
     /tmp/ccGeOL5J.s:2840   .text.HAL_PCD_ISOINIncompleteCallback:00000000 HAL_PCD_ISOINIncompleteCallback
     /tmp/ccGeOL5J.s:2856   .text.HAL_PCD_ConnectCallback:00000000 $t
     /tmp/ccGeOL5J.s:2862   .text.HAL_PCD_ConnectCallback:00000000 HAL_PCD_ConnectCallback
     /tmp/ccGeOL5J.s:2877   .text.HAL_PCD_DisconnectCallback:00000000 $t
     /tmp/ccGeOL5J.s:2883   .text.HAL_PCD_DisconnectCallback:00000000 HAL_PCD_DisconnectCallback
     /tmp/ccGeOL5J.s:2898   .text.HAL_PCD_DevConnect:00000000 $t
     /tmp/ccGeOL5J.s:2904   .text.HAL_PCD_DevConnect:00000000 HAL_PCD_DevConnect
     /tmp/ccGeOL5J.s:2957   .text.HAL_PCD_DevDisconnect:00000000 $t
     /tmp/ccGeOL5J.s:2963   .text.HAL_PCD_DevDisconnect:00000000 HAL_PCD_DevDisconnect
     /tmp/ccGeOL5J.s:3016   .text.HAL_PCD_SetAddress:00000000 $t
     /tmp/ccGeOL5J.s:3022   .text.HAL_PCD_SetAddress:00000000 HAL_PCD_SetAddress
     /tmp/ccGeOL5J.s:3078   .text.HAL_PCD_IRQHandler:00000000 $t
     /tmp/ccGeOL5J.s:3084   .text.HAL_PCD_IRQHandler:00000000 HAL_PCD_IRQHandler
     /tmp/ccGeOL5J.s:3382   .text.HAL_PCD_EP_Open:00000000 $t
     /tmp/ccGeOL5J.s:3388   .text.HAL_PCD_EP_Open:00000000 HAL_PCD_EP_Open
     /tmp/ccGeOL5J.s:3510   .text.HAL_PCD_EP_Close:00000000 $t
     /tmp/ccGeOL5J.s:3516   .text.HAL_PCD_EP_Close:00000000 HAL_PCD_EP_Close
     /tmp/ccGeOL5J.s:3610   .text.HAL_PCD_EP_Receive:00000000 $t
     /tmp/ccGeOL5J.s:3616   .text.HAL_PCD_EP_Receive:00000000 HAL_PCD_EP_Receive
     /tmp/ccGeOL5J.s:3675   .text.HAL_PCD_EP_GetRxCount:00000000 $t
ARM GAS  /tmp/ccGeOL5J.s 			page 150


     /tmp/ccGeOL5J.s:3681   .text.HAL_PCD_EP_GetRxCount:00000000 HAL_PCD_EP_GetRxCount
     /tmp/ccGeOL5J.s:3704   .text.HAL_PCD_EP_Transmit:00000000 $t
     /tmp/ccGeOL5J.s:3710   .text.HAL_PCD_EP_Transmit:00000000 HAL_PCD_EP_Transmit
     /tmp/ccGeOL5J.s:3784   .text.HAL_PCD_EP_SetStall:00000000 $t
     /tmp/ccGeOL5J.s:3790   .text.HAL_PCD_EP_SetStall:00000000 HAL_PCD_EP_SetStall
     /tmp/ccGeOL5J.s:3921   .text.HAL_PCD_EP_ClrStall:00000000 $t
     /tmp/ccGeOL5J.s:3927   .text.HAL_PCD_EP_ClrStall:00000000 HAL_PCD_EP_ClrStall
     /tmp/ccGeOL5J.s:4051   .text.HAL_PCD_EP_Abort:00000000 $t
     /tmp/ccGeOL5J.s:4057   .text.HAL_PCD_EP_Abort:00000000 HAL_PCD_EP_Abort
     /tmp/ccGeOL5J.s:4115   .text.HAL_PCD_EP_Flush:00000000 $t
     /tmp/ccGeOL5J.s:4121   .text.HAL_PCD_EP_Flush:00000000 HAL_PCD_EP_Flush
     /tmp/ccGeOL5J.s:4192   .text.HAL_PCD_ActivateRemoteWakeup:00000000 $t
     /tmp/ccGeOL5J.s:4198   .text.HAL_PCD_ActivateRemoteWakeup:00000000 HAL_PCD_ActivateRemoteWakeup
     /tmp/ccGeOL5J.s:4224   .text.HAL_PCD_DeActivateRemoteWakeup:00000000 $t
     /tmp/ccGeOL5J.s:4230   .text.HAL_PCD_DeActivateRemoteWakeup:00000000 HAL_PCD_DeActivateRemoteWakeup
     /tmp/ccGeOL5J.s:4256   .text.HAL_PCD_GetState:00000000 $t
     /tmp/ccGeOL5J.s:4262   .text.HAL_PCD_GetState:00000000 HAL_PCD_GetState

UNDEFINED SYMBOLS
USB_ReadPMA
USB_DisableGlobalInt
USB_CoreInit
USB_SetCurrentMode
USB_DevInit
USB_DevDisconnect
HAL_PCDEx_ActivateLPM
USB_StopDevice
USB_EnableGlobalInt
USB_DevConnect
USB_WritePMA
USB_EPStartXfer
USB_SetDevAddress
USB_ReadInterrupts
HAL_PCDEx_LPM_Callback
USB_ActivateEndpoint
USB_DeactivateEndpoint
USB_EPSetStall
USB_EP0_OutStart
USB_EPClearStall
USB_EPStopXfer
USB_FlushRxFifo
USB_FlushTxFifo
USB_ActivateRemoteWakeup
USB_DeActivateRemoteWakeup
