ARM GAS  /tmp/ccb1MUlA.s 			page 1


   1              		.cpu cortex-m4
   2              		.arch armv7e-m
   3              		.fpu fpv4-sp-d16
   4              		.eabi_attribute 27, 1
   5              		.eabi_attribute 28, 1
   6              		.eabi_attribute 20, 1
   7              		.eabi_attribute 21, 1
   8              		.eabi_attribute 23, 3
   9              		.eabi_attribute 24, 1
  10              		.eabi_attribute 25, 1
  11              		.eabi_attribute 26, 1
  12              		.eabi_attribute 30, 1
  13              		.eabi_attribute 34, 1
  14              		.eabi_attribute 18, 4
  15              		.file	"stm32l4xx_hal_uart_ex.c"
  16              		.text
  17              	.Ltext0:
  18              		.cfi_sections	.debug_frame
  19              		.file 1 "Drivers/STM32L4xx_HAL_Driver/Src/stm32l4xx_hal_uart_ex.c"
  20              		.section	.text.UARTEx_Wakeup_AddressConfig,"ax",%progbits
  21              		.align	1
  22              		.syntax unified
  23              		.thumb
  24              		.thumb_func
  26              	UARTEx_Wakeup_AddressConfig:
  27              	.LVL0:
  28              	.LFB396:
   1:Drivers/STM32L4xx_HAL_Driver/Src/stm32l4xx_hal_uart_ex.c **** /**
   2:Drivers/STM32L4xx_HAL_Driver/Src/stm32l4xx_hal_uart_ex.c ****   ******************************************************************************
   3:Drivers/STM32L4xx_HAL_Driver/Src/stm32l4xx_hal_uart_ex.c ****   * @file    stm32l4xx_hal_uart_ex.c
   4:Drivers/STM32L4xx_HAL_Driver/Src/stm32l4xx_hal_uart_ex.c ****   * @author  MCD Application Team
   5:Drivers/STM32L4xx_HAL_Driver/Src/stm32l4xx_hal_uart_ex.c ****   * @brief   Extended UART HAL module driver.
   6:Drivers/STM32L4xx_HAL_Driver/Src/stm32l4xx_hal_uart_ex.c ****   *          This file provides firmware functions to manage the following extended
   7:Drivers/STM32L4xx_HAL_Driver/Src/stm32l4xx_hal_uart_ex.c ****   *          functionalities of the Universal Asynchronous Receiver Transmitter Peripheral (UART).
   8:Drivers/STM32L4xx_HAL_Driver/Src/stm32l4xx_hal_uart_ex.c ****   *           + Initialization and de-initialization functions
   9:Drivers/STM32L4xx_HAL_Driver/Src/stm32l4xx_hal_uart_ex.c ****   *           + Peripheral Control functions
  10:Drivers/STM32L4xx_HAL_Driver/Src/stm32l4xx_hal_uart_ex.c ****   *
  11:Drivers/STM32L4xx_HAL_Driver/Src/stm32l4xx_hal_uart_ex.c ****   *
  12:Drivers/STM32L4xx_HAL_Driver/Src/stm32l4xx_hal_uart_ex.c ****   ******************************************************************************
  13:Drivers/STM32L4xx_HAL_Driver/Src/stm32l4xx_hal_uart_ex.c ****   * @attention
  14:Drivers/STM32L4xx_HAL_Driver/Src/stm32l4xx_hal_uart_ex.c ****   *
  15:Drivers/STM32L4xx_HAL_Driver/Src/stm32l4xx_hal_uart_ex.c ****   * Copyright (c) 2017 STMicroelectronics.
  16:Drivers/STM32L4xx_HAL_Driver/Src/stm32l4xx_hal_uart_ex.c ****   * All rights reserved.
  17:Drivers/STM32L4xx_HAL_Driver/Src/stm32l4xx_hal_uart_ex.c ****   *
  18:Drivers/STM32L4xx_HAL_Driver/Src/stm32l4xx_hal_uart_ex.c ****   * This software is licensed under terms that can be found in the LICENSE file
  19:Drivers/STM32L4xx_HAL_Driver/Src/stm32l4xx_hal_uart_ex.c ****   * in the root directory of this software component.
  20:Drivers/STM32L4xx_HAL_Driver/Src/stm32l4xx_hal_uart_ex.c ****   * If no LICENSE file comes with this software, it is provided AS-IS.
  21:Drivers/STM32L4xx_HAL_Driver/Src/stm32l4xx_hal_uart_ex.c ****   *
  22:Drivers/STM32L4xx_HAL_Driver/Src/stm32l4xx_hal_uart_ex.c ****   ******************************************************************************
  23:Drivers/STM32L4xx_HAL_Driver/Src/stm32l4xx_hal_uart_ex.c ****   @verbatim
  24:Drivers/STM32L4xx_HAL_Driver/Src/stm32l4xx_hal_uart_ex.c ****   ==============================================================================
  25:Drivers/STM32L4xx_HAL_Driver/Src/stm32l4xx_hal_uart_ex.c ****                ##### UART peripheral extended features  #####
  26:Drivers/STM32L4xx_HAL_Driver/Src/stm32l4xx_hal_uart_ex.c ****   ==============================================================================
  27:Drivers/STM32L4xx_HAL_Driver/Src/stm32l4xx_hal_uart_ex.c ****   [..]
  28:Drivers/STM32L4xx_HAL_Driver/Src/stm32l4xx_hal_uart_ex.c ****     (#) Declare a UART_HandleTypeDef handle structure.
  29:Drivers/STM32L4xx_HAL_Driver/Src/stm32l4xx_hal_uart_ex.c **** 
  30:Drivers/STM32L4xx_HAL_Driver/Src/stm32l4xx_hal_uart_ex.c ****     (#) For the UART RS485 Driver Enable mode, initialize the UART registers
ARM GAS  /tmp/ccb1MUlA.s 			page 2


  31:Drivers/STM32L4xx_HAL_Driver/Src/stm32l4xx_hal_uart_ex.c ****         by calling the HAL_RS485Ex_Init() API.
  32:Drivers/STM32L4xx_HAL_Driver/Src/stm32l4xx_hal_uart_ex.c **** 
  33:Drivers/STM32L4xx_HAL_Driver/Src/stm32l4xx_hal_uart_ex.c ****     (#) FIFO mode enabling/disabling and RX/TX FIFO threshold programming.
  34:Drivers/STM32L4xx_HAL_Driver/Src/stm32l4xx_hal_uart_ex.c **** 
  35:Drivers/STM32L4xx_HAL_Driver/Src/stm32l4xx_hal_uart_ex.c ****         -@- When UART operates in FIFO mode, FIFO mode must be enabled prior
  36:Drivers/STM32L4xx_HAL_Driver/Src/stm32l4xx_hal_uart_ex.c ****             starting RX/TX transfers. Also RX/TX FIFO thresholds must be
  37:Drivers/STM32L4xx_HAL_Driver/Src/stm32l4xx_hal_uart_ex.c ****             configured prior starting RX/TX transfers.
  38:Drivers/STM32L4xx_HAL_Driver/Src/stm32l4xx_hal_uart_ex.c **** 
  39:Drivers/STM32L4xx_HAL_Driver/Src/stm32l4xx_hal_uart_ex.c ****   @endverbatim
  40:Drivers/STM32L4xx_HAL_Driver/Src/stm32l4xx_hal_uart_ex.c ****   ******************************************************************************
  41:Drivers/STM32L4xx_HAL_Driver/Src/stm32l4xx_hal_uart_ex.c ****   */
  42:Drivers/STM32L4xx_HAL_Driver/Src/stm32l4xx_hal_uart_ex.c **** 
  43:Drivers/STM32L4xx_HAL_Driver/Src/stm32l4xx_hal_uart_ex.c **** /* Includes ------------------------------------------------------------------*/
  44:Drivers/STM32L4xx_HAL_Driver/Src/stm32l4xx_hal_uart_ex.c **** #include "stm32l4xx_hal.h"
  45:Drivers/STM32L4xx_HAL_Driver/Src/stm32l4xx_hal_uart_ex.c **** 
  46:Drivers/STM32L4xx_HAL_Driver/Src/stm32l4xx_hal_uart_ex.c **** /** @addtogroup STM32L4xx_HAL_Driver
  47:Drivers/STM32L4xx_HAL_Driver/Src/stm32l4xx_hal_uart_ex.c ****   * @{
  48:Drivers/STM32L4xx_HAL_Driver/Src/stm32l4xx_hal_uart_ex.c ****   */
  49:Drivers/STM32L4xx_HAL_Driver/Src/stm32l4xx_hal_uart_ex.c **** 
  50:Drivers/STM32L4xx_HAL_Driver/Src/stm32l4xx_hal_uart_ex.c **** /** @defgroup UARTEx UARTEx
  51:Drivers/STM32L4xx_HAL_Driver/Src/stm32l4xx_hal_uart_ex.c ****   * @brief UART Extended HAL module driver
  52:Drivers/STM32L4xx_HAL_Driver/Src/stm32l4xx_hal_uart_ex.c ****   * @{
  53:Drivers/STM32L4xx_HAL_Driver/Src/stm32l4xx_hal_uart_ex.c ****   */
  54:Drivers/STM32L4xx_HAL_Driver/Src/stm32l4xx_hal_uart_ex.c **** 
  55:Drivers/STM32L4xx_HAL_Driver/Src/stm32l4xx_hal_uart_ex.c **** #ifdef HAL_UART_MODULE_ENABLED
  56:Drivers/STM32L4xx_HAL_Driver/Src/stm32l4xx_hal_uart_ex.c **** 
  57:Drivers/STM32L4xx_HAL_Driver/Src/stm32l4xx_hal_uart_ex.c **** /* Private typedef -----------------------------------------------------------*/
  58:Drivers/STM32L4xx_HAL_Driver/Src/stm32l4xx_hal_uart_ex.c **** /* Private define ------------------------------------------------------------*/
  59:Drivers/STM32L4xx_HAL_Driver/Src/stm32l4xx_hal_uart_ex.c **** #if defined(USART_CR1_FIFOEN)
  60:Drivers/STM32L4xx_HAL_Driver/Src/stm32l4xx_hal_uart_ex.c **** /** @defgroup UARTEX_Private_Constants UARTEx Private Constants
  61:Drivers/STM32L4xx_HAL_Driver/Src/stm32l4xx_hal_uart_ex.c ****   * @{
  62:Drivers/STM32L4xx_HAL_Driver/Src/stm32l4xx_hal_uart_ex.c ****   */
  63:Drivers/STM32L4xx_HAL_Driver/Src/stm32l4xx_hal_uart_ex.c **** /* UART RX FIFO depth */
  64:Drivers/STM32L4xx_HAL_Driver/Src/stm32l4xx_hal_uart_ex.c **** #define RX_FIFO_DEPTH 8U
  65:Drivers/STM32L4xx_HAL_Driver/Src/stm32l4xx_hal_uart_ex.c **** 
  66:Drivers/STM32L4xx_HAL_Driver/Src/stm32l4xx_hal_uart_ex.c **** /* UART TX FIFO depth */
  67:Drivers/STM32L4xx_HAL_Driver/Src/stm32l4xx_hal_uart_ex.c **** #define TX_FIFO_DEPTH 8U
  68:Drivers/STM32L4xx_HAL_Driver/Src/stm32l4xx_hal_uart_ex.c **** /**
  69:Drivers/STM32L4xx_HAL_Driver/Src/stm32l4xx_hal_uart_ex.c ****   * @}
  70:Drivers/STM32L4xx_HAL_Driver/Src/stm32l4xx_hal_uart_ex.c ****   */
  71:Drivers/STM32L4xx_HAL_Driver/Src/stm32l4xx_hal_uart_ex.c **** #endif /* USART_CR1_FIFOEN */
  72:Drivers/STM32L4xx_HAL_Driver/Src/stm32l4xx_hal_uart_ex.c **** 
  73:Drivers/STM32L4xx_HAL_Driver/Src/stm32l4xx_hal_uart_ex.c **** /* Private macros ------------------------------------------------------------*/
  74:Drivers/STM32L4xx_HAL_Driver/Src/stm32l4xx_hal_uart_ex.c **** /* Private variables ---------------------------------------------------------*/
  75:Drivers/STM32L4xx_HAL_Driver/Src/stm32l4xx_hal_uart_ex.c **** /* Private function prototypes -----------------------------------------------*/
  76:Drivers/STM32L4xx_HAL_Driver/Src/stm32l4xx_hal_uart_ex.c **** /** @defgroup UARTEx_Private_Functions UARTEx Private Functions
  77:Drivers/STM32L4xx_HAL_Driver/Src/stm32l4xx_hal_uart_ex.c ****   * @{
  78:Drivers/STM32L4xx_HAL_Driver/Src/stm32l4xx_hal_uart_ex.c ****   */
  79:Drivers/STM32L4xx_HAL_Driver/Src/stm32l4xx_hal_uart_ex.c **** static void UARTEx_Wakeup_AddressConfig(UART_HandleTypeDef *huart, UART_WakeUpTypeDef WakeUpSelecti
  80:Drivers/STM32L4xx_HAL_Driver/Src/stm32l4xx_hal_uart_ex.c **** #if defined(USART_CR1_FIFOEN)
  81:Drivers/STM32L4xx_HAL_Driver/Src/stm32l4xx_hal_uart_ex.c **** static void UARTEx_SetNbDataToProcess(UART_HandleTypeDef *huart);
  82:Drivers/STM32L4xx_HAL_Driver/Src/stm32l4xx_hal_uart_ex.c **** #endif /* USART_CR1_FIFOEN */
  83:Drivers/STM32L4xx_HAL_Driver/Src/stm32l4xx_hal_uart_ex.c **** /**
  84:Drivers/STM32L4xx_HAL_Driver/Src/stm32l4xx_hal_uart_ex.c ****   * @}
  85:Drivers/STM32L4xx_HAL_Driver/Src/stm32l4xx_hal_uart_ex.c ****   */
  86:Drivers/STM32L4xx_HAL_Driver/Src/stm32l4xx_hal_uart_ex.c **** 
  87:Drivers/STM32L4xx_HAL_Driver/Src/stm32l4xx_hal_uart_ex.c **** /* Exported functions --------------------------------------------------------*/
ARM GAS  /tmp/ccb1MUlA.s 			page 3


  88:Drivers/STM32L4xx_HAL_Driver/Src/stm32l4xx_hal_uart_ex.c **** 
  89:Drivers/STM32L4xx_HAL_Driver/Src/stm32l4xx_hal_uart_ex.c **** /** @defgroup UARTEx_Exported_Functions  UARTEx Exported Functions
  90:Drivers/STM32L4xx_HAL_Driver/Src/stm32l4xx_hal_uart_ex.c ****   * @{
  91:Drivers/STM32L4xx_HAL_Driver/Src/stm32l4xx_hal_uart_ex.c ****   */
  92:Drivers/STM32L4xx_HAL_Driver/Src/stm32l4xx_hal_uart_ex.c **** 
  93:Drivers/STM32L4xx_HAL_Driver/Src/stm32l4xx_hal_uart_ex.c **** /** @defgroup UARTEx_Exported_Functions_Group1 Initialization and de-initialization functions
  94:Drivers/STM32L4xx_HAL_Driver/Src/stm32l4xx_hal_uart_ex.c ****   * @brief    Extended Initialization and Configuration Functions
  95:Drivers/STM32L4xx_HAL_Driver/Src/stm32l4xx_hal_uart_ex.c ****   *
  96:Drivers/STM32L4xx_HAL_Driver/Src/stm32l4xx_hal_uart_ex.c **** @verbatim
  97:Drivers/STM32L4xx_HAL_Driver/Src/stm32l4xx_hal_uart_ex.c **** ===============================================================================
  98:Drivers/STM32L4xx_HAL_Driver/Src/stm32l4xx_hal_uart_ex.c ****             ##### Initialization and Configuration functions #####
  99:Drivers/STM32L4xx_HAL_Driver/Src/stm32l4xx_hal_uart_ex.c ****  ===============================================================================
 100:Drivers/STM32L4xx_HAL_Driver/Src/stm32l4xx_hal_uart_ex.c ****     [..]
 101:Drivers/STM32L4xx_HAL_Driver/Src/stm32l4xx_hal_uart_ex.c ****     This subsection provides a set of functions allowing to initialize the USARTx or the UARTy
 102:Drivers/STM32L4xx_HAL_Driver/Src/stm32l4xx_hal_uart_ex.c ****     in asynchronous mode.
 103:Drivers/STM32L4xx_HAL_Driver/Src/stm32l4xx_hal_uart_ex.c ****       (+) For the asynchronous mode the parameters below can be configured:
 104:Drivers/STM32L4xx_HAL_Driver/Src/stm32l4xx_hal_uart_ex.c ****         (++) Baud Rate
 105:Drivers/STM32L4xx_HAL_Driver/Src/stm32l4xx_hal_uart_ex.c ****         (++) Word Length
 106:Drivers/STM32L4xx_HAL_Driver/Src/stm32l4xx_hal_uart_ex.c ****         (++) Stop Bit
 107:Drivers/STM32L4xx_HAL_Driver/Src/stm32l4xx_hal_uart_ex.c ****         (++) Parity: If the parity is enabled, then the MSB bit of the data written
 108:Drivers/STM32L4xx_HAL_Driver/Src/stm32l4xx_hal_uart_ex.c ****              in the data register is transmitted but is changed by the parity bit.
 109:Drivers/STM32L4xx_HAL_Driver/Src/stm32l4xx_hal_uart_ex.c ****         (++) Hardware flow control
 110:Drivers/STM32L4xx_HAL_Driver/Src/stm32l4xx_hal_uart_ex.c ****         (++) Receiver/transmitter modes
 111:Drivers/STM32L4xx_HAL_Driver/Src/stm32l4xx_hal_uart_ex.c ****         (++) Over Sampling Method
 112:Drivers/STM32L4xx_HAL_Driver/Src/stm32l4xx_hal_uart_ex.c ****         (++) One-Bit Sampling Method
 113:Drivers/STM32L4xx_HAL_Driver/Src/stm32l4xx_hal_uart_ex.c ****       (+) For the asynchronous mode, the following advanced features can be configured as well:
 114:Drivers/STM32L4xx_HAL_Driver/Src/stm32l4xx_hal_uart_ex.c ****         (++) TX and/or RX pin level inversion
 115:Drivers/STM32L4xx_HAL_Driver/Src/stm32l4xx_hal_uart_ex.c ****         (++) data logical level inversion
 116:Drivers/STM32L4xx_HAL_Driver/Src/stm32l4xx_hal_uart_ex.c ****         (++) RX and TX pins swap
 117:Drivers/STM32L4xx_HAL_Driver/Src/stm32l4xx_hal_uart_ex.c ****         (++) RX overrun detection disabling
 118:Drivers/STM32L4xx_HAL_Driver/Src/stm32l4xx_hal_uart_ex.c ****         (++) DMA disabling on RX error
 119:Drivers/STM32L4xx_HAL_Driver/Src/stm32l4xx_hal_uart_ex.c ****         (++) MSB first on communication line
 120:Drivers/STM32L4xx_HAL_Driver/Src/stm32l4xx_hal_uart_ex.c ****         (++) auto Baud rate detection
 121:Drivers/STM32L4xx_HAL_Driver/Src/stm32l4xx_hal_uart_ex.c ****     [..]
 122:Drivers/STM32L4xx_HAL_Driver/Src/stm32l4xx_hal_uart_ex.c ****     The HAL_RS485Ex_Init() API follows the UART RS485 mode configuration
 123:Drivers/STM32L4xx_HAL_Driver/Src/stm32l4xx_hal_uart_ex.c ****      procedures (details for the procedures are available in reference manual).
 124:Drivers/STM32L4xx_HAL_Driver/Src/stm32l4xx_hal_uart_ex.c **** 
 125:Drivers/STM32L4xx_HAL_Driver/Src/stm32l4xx_hal_uart_ex.c **** @endverbatim
 126:Drivers/STM32L4xx_HAL_Driver/Src/stm32l4xx_hal_uart_ex.c **** 
 127:Drivers/STM32L4xx_HAL_Driver/Src/stm32l4xx_hal_uart_ex.c ****   Depending on the frame length defined by the M1 and M0 bits (7-bit,
 128:Drivers/STM32L4xx_HAL_Driver/Src/stm32l4xx_hal_uart_ex.c ****   8-bit or 9-bit), the possible UART formats are listed in the
 129:Drivers/STM32L4xx_HAL_Driver/Src/stm32l4xx_hal_uart_ex.c ****   following table.
 130:Drivers/STM32L4xx_HAL_Driver/Src/stm32l4xx_hal_uart_ex.c **** 
 131:Drivers/STM32L4xx_HAL_Driver/Src/stm32l4xx_hal_uart_ex.c ****     Table 1. UART frame format.
 132:Drivers/STM32L4xx_HAL_Driver/Src/stm32l4xx_hal_uart_ex.c ****     +-----------------------------------------------------------------------+
 133:Drivers/STM32L4xx_HAL_Driver/Src/stm32l4xx_hal_uart_ex.c ****     |  M1 bit |  M0 bit |  PCE bit  |             UART frame                |
 134:Drivers/STM32L4xx_HAL_Driver/Src/stm32l4xx_hal_uart_ex.c ****     |---------|---------|-----------|---------------------------------------|
 135:Drivers/STM32L4xx_HAL_Driver/Src/stm32l4xx_hal_uart_ex.c ****     |    0    |    0    |    0      |    | SB |    8 bit data   | STB |     |
 136:Drivers/STM32L4xx_HAL_Driver/Src/stm32l4xx_hal_uart_ex.c ****     |---------|---------|-----------|---------------------------------------|
 137:Drivers/STM32L4xx_HAL_Driver/Src/stm32l4xx_hal_uart_ex.c ****     |    0    |    0    |    1      |    | SB | 7 bit data | PB | STB |     |
 138:Drivers/STM32L4xx_HAL_Driver/Src/stm32l4xx_hal_uart_ex.c ****     |---------|---------|-----------|---------------------------------------|
 139:Drivers/STM32L4xx_HAL_Driver/Src/stm32l4xx_hal_uart_ex.c ****     |    0    |    1    |    0      |    | SB |    9 bit data   | STB |     |
 140:Drivers/STM32L4xx_HAL_Driver/Src/stm32l4xx_hal_uart_ex.c ****     |---------|---------|-----------|---------------------------------------|
 141:Drivers/STM32L4xx_HAL_Driver/Src/stm32l4xx_hal_uart_ex.c ****     |    0    |    1    |    1      |    | SB | 8 bit data | PB | STB |     |
 142:Drivers/STM32L4xx_HAL_Driver/Src/stm32l4xx_hal_uart_ex.c ****     |---------|---------|-----------|---------------------------------------|
 143:Drivers/STM32L4xx_HAL_Driver/Src/stm32l4xx_hal_uart_ex.c ****     |    1    |    0    |    0      |    | SB |    7 bit data   | STB |     |
 144:Drivers/STM32L4xx_HAL_Driver/Src/stm32l4xx_hal_uart_ex.c ****     |---------|---------|-----------|---------------------------------------|
ARM GAS  /tmp/ccb1MUlA.s 			page 4


 145:Drivers/STM32L4xx_HAL_Driver/Src/stm32l4xx_hal_uart_ex.c ****     |    1    |    0    |    1      |    | SB | 6 bit data | PB | STB |     |
 146:Drivers/STM32L4xx_HAL_Driver/Src/stm32l4xx_hal_uart_ex.c ****     +-----------------------------------------------------------------------+
 147:Drivers/STM32L4xx_HAL_Driver/Src/stm32l4xx_hal_uart_ex.c **** 
 148:Drivers/STM32L4xx_HAL_Driver/Src/stm32l4xx_hal_uart_ex.c ****   * @{
 149:Drivers/STM32L4xx_HAL_Driver/Src/stm32l4xx_hal_uart_ex.c ****   */
 150:Drivers/STM32L4xx_HAL_Driver/Src/stm32l4xx_hal_uart_ex.c **** 
 151:Drivers/STM32L4xx_HAL_Driver/Src/stm32l4xx_hal_uart_ex.c **** /**
 152:Drivers/STM32L4xx_HAL_Driver/Src/stm32l4xx_hal_uart_ex.c ****   * @brief Initialize the RS485 Driver enable feature according to the specified
 153:Drivers/STM32L4xx_HAL_Driver/Src/stm32l4xx_hal_uart_ex.c ****   *         parameters in the UART_InitTypeDef and creates the associated handle.
 154:Drivers/STM32L4xx_HAL_Driver/Src/stm32l4xx_hal_uart_ex.c ****   * @param huart            UART handle.
 155:Drivers/STM32L4xx_HAL_Driver/Src/stm32l4xx_hal_uart_ex.c ****   * @param Polarity         Select the driver enable polarity.
 156:Drivers/STM32L4xx_HAL_Driver/Src/stm32l4xx_hal_uart_ex.c ****   *          This parameter can be one of the following values:
 157:Drivers/STM32L4xx_HAL_Driver/Src/stm32l4xx_hal_uart_ex.c ****   *          @arg @ref UART_DE_POLARITY_HIGH DE signal is active high
 158:Drivers/STM32L4xx_HAL_Driver/Src/stm32l4xx_hal_uart_ex.c ****   *          @arg @ref UART_DE_POLARITY_LOW  DE signal is active low
 159:Drivers/STM32L4xx_HAL_Driver/Src/stm32l4xx_hal_uart_ex.c ****   * @param AssertionTime    Driver Enable assertion time:
 160:Drivers/STM32L4xx_HAL_Driver/Src/stm32l4xx_hal_uart_ex.c ****   *       5-bit value defining the time between the activation of the DE (Driver Enable)
 161:Drivers/STM32L4xx_HAL_Driver/Src/stm32l4xx_hal_uart_ex.c ****   *       signal and the beginning of the start bit. It is expressed in sample time
 162:Drivers/STM32L4xx_HAL_Driver/Src/stm32l4xx_hal_uart_ex.c ****   *       units (1/8 or 1/16 bit time, depending on the oversampling rate)
 163:Drivers/STM32L4xx_HAL_Driver/Src/stm32l4xx_hal_uart_ex.c ****   * @param DeassertionTime  Driver Enable deassertion time:
 164:Drivers/STM32L4xx_HAL_Driver/Src/stm32l4xx_hal_uart_ex.c ****   *       5-bit value defining the time between the end of the last stop bit, in a
 165:Drivers/STM32L4xx_HAL_Driver/Src/stm32l4xx_hal_uart_ex.c ****   *       transmitted message, and the de-activation of the DE (Driver Enable) signal.
 166:Drivers/STM32L4xx_HAL_Driver/Src/stm32l4xx_hal_uart_ex.c ****   *       It is expressed in sample time units (1/8 or 1/16 bit time, depending on the
 167:Drivers/STM32L4xx_HAL_Driver/Src/stm32l4xx_hal_uart_ex.c ****   *       oversampling rate).
 168:Drivers/STM32L4xx_HAL_Driver/Src/stm32l4xx_hal_uart_ex.c ****   * @retval HAL status
 169:Drivers/STM32L4xx_HAL_Driver/Src/stm32l4xx_hal_uart_ex.c ****   */
 170:Drivers/STM32L4xx_HAL_Driver/Src/stm32l4xx_hal_uart_ex.c **** HAL_StatusTypeDef HAL_RS485Ex_Init(UART_HandleTypeDef *huart, uint32_t Polarity, uint32_t Assertion
 171:Drivers/STM32L4xx_HAL_Driver/Src/stm32l4xx_hal_uart_ex.c ****                                    uint32_t DeassertionTime)
 172:Drivers/STM32L4xx_HAL_Driver/Src/stm32l4xx_hal_uart_ex.c **** {
 173:Drivers/STM32L4xx_HAL_Driver/Src/stm32l4xx_hal_uart_ex.c ****   uint32_t temp;
 174:Drivers/STM32L4xx_HAL_Driver/Src/stm32l4xx_hal_uart_ex.c **** 
 175:Drivers/STM32L4xx_HAL_Driver/Src/stm32l4xx_hal_uart_ex.c ****   /* Check the UART handle allocation */
 176:Drivers/STM32L4xx_HAL_Driver/Src/stm32l4xx_hal_uart_ex.c ****   if (huart == NULL)
 177:Drivers/STM32L4xx_HAL_Driver/Src/stm32l4xx_hal_uart_ex.c ****   {
 178:Drivers/STM32L4xx_HAL_Driver/Src/stm32l4xx_hal_uart_ex.c ****     return HAL_ERROR;
 179:Drivers/STM32L4xx_HAL_Driver/Src/stm32l4xx_hal_uart_ex.c ****   }
 180:Drivers/STM32L4xx_HAL_Driver/Src/stm32l4xx_hal_uart_ex.c ****   /* Check the Driver Enable UART instance */
 181:Drivers/STM32L4xx_HAL_Driver/Src/stm32l4xx_hal_uart_ex.c ****   assert_param(IS_UART_DRIVER_ENABLE_INSTANCE(huart->Instance));
 182:Drivers/STM32L4xx_HAL_Driver/Src/stm32l4xx_hal_uart_ex.c **** 
 183:Drivers/STM32L4xx_HAL_Driver/Src/stm32l4xx_hal_uart_ex.c ****   /* Check the Driver Enable polarity */
 184:Drivers/STM32L4xx_HAL_Driver/Src/stm32l4xx_hal_uart_ex.c ****   assert_param(IS_UART_DE_POLARITY(Polarity));
 185:Drivers/STM32L4xx_HAL_Driver/Src/stm32l4xx_hal_uart_ex.c **** 
 186:Drivers/STM32L4xx_HAL_Driver/Src/stm32l4xx_hal_uart_ex.c ****   /* Check the Driver Enable assertion time */
 187:Drivers/STM32L4xx_HAL_Driver/Src/stm32l4xx_hal_uart_ex.c ****   assert_param(IS_UART_ASSERTIONTIME(AssertionTime));
 188:Drivers/STM32L4xx_HAL_Driver/Src/stm32l4xx_hal_uart_ex.c **** 
 189:Drivers/STM32L4xx_HAL_Driver/Src/stm32l4xx_hal_uart_ex.c ****   /* Check the Driver Enable deassertion time */
 190:Drivers/STM32L4xx_HAL_Driver/Src/stm32l4xx_hal_uart_ex.c ****   assert_param(IS_UART_DEASSERTIONTIME(DeassertionTime));
 191:Drivers/STM32L4xx_HAL_Driver/Src/stm32l4xx_hal_uart_ex.c **** 
 192:Drivers/STM32L4xx_HAL_Driver/Src/stm32l4xx_hal_uart_ex.c ****   if (huart->gState == HAL_UART_STATE_RESET)
 193:Drivers/STM32L4xx_HAL_Driver/Src/stm32l4xx_hal_uart_ex.c ****   {
 194:Drivers/STM32L4xx_HAL_Driver/Src/stm32l4xx_hal_uart_ex.c ****     /* Allocate lock resource and initialize it */
 195:Drivers/STM32L4xx_HAL_Driver/Src/stm32l4xx_hal_uart_ex.c ****     huart->Lock = HAL_UNLOCKED;
 196:Drivers/STM32L4xx_HAL_Driver/Src/stm32l4xx_hal_uart_ex.c **** 
 197:Drivers/STM32L4xx_HAL_Driver/Src/stm32l4xx_hal_uart_ex.c **** #if (USE_HAL_UART_REGISTER_CALLBACKS == 1)
 198:Drivers/STM32L4xx_HAL_Driver/Src/stm32l4xx_hal_uart_ex.c ****     UART_InitCallbacksToDefault(huart);
 199:Drivers/STM32L4xx_HAL_Driver/Src/stm32l4xx_hal_uart_ex.c **** 
 200:Drivers/STM32L4xx_HAL_Driver/Src/stm32l4xx_hal_uart_ex.c ****     if (huart->MspInitCallback == NULL)
 201:Drivers/STM32L4xx_HAL_Driver/Src/stm32l4xx_hal_uart_ex.c ****     {
ARM GAS  /tmp/ccb1MUlA.s 			page 5


 202:Drivers/STM32L4xx_HAL_Driver/Src/stm32l4xx_hal_uart_ex.c ****       huart->MspInitCallback = HAL_UART_MspInit;
 203:Drivers/STM32L4xx_HAL_Driver/Src/stm32l4xx_hal_uart_ex.c ****     }
 204:Drivers/STM32L4xx_HAL_Driver/Src/stm32l4xx_hal_uart_ex.c **** 
 205:Drivers/STM32L4xx_HAL_Driver/Src/stm32l4xx_hal_uart_ex.c ****     /* Init the low level hardware */
 206:Drivers/STM32L4xx_HAL_Driver/Src/stm32l4xx_hal_uart_ex.c ****     huart->MspInitCallback(huart);
 207:Drivers/STM32L4xx_HAL_Driver/Src/stm32l4xx_hal_uart_ex.c **** #else
 208:Drivers/STM32L4xx_HAL_Driver/Src/stm32l4xx_hal_uart_ex.c ****     /* Init the low level hardware : GPIO, CLOCK, CORTEX */
 209:Drivers/STM32L4xx_HAL_Driver/Src/stm32l4xx_hal_uart_ex.c ****     HAL_UART_MspInit(huart);
 210:Drivers/STM32L4xx_HAL_Driver/Src/stm32l4xx_hal_uart_ex.c **** #endif /* (USE_HAL_UART_REGISTER_CALLBACKS) */
 211:Drivers/STM32L4xx_HAL_Driver/Src/stm32l4xx_hal_uart_ex.c ****   }
 212:Drivers/STM32L4xx_HAL_Driver/Src/stm32l4xx_hal_uart_ex.c **** 
 213:Drivers/STM32L4xx_HAL_Driver/Src/stm32l4xx_hal_uart_ex.c ****   huart->gState = HAL_UART_STATE_BUSY;
 214:Drivers/STM32L4xx_HAL_Driver/Src/stm32l4xx_hal_uart_ex.c **** 
 215:Drivers/STM32L4xx_HAL_Driver/Src/stm32l4xx_hal_uart_ex.c ****   /* Disable the Peripheral */
 216:Drivers/STM32L4xx_HAL_Driver/Src/stm32l4xx_hal_uart_ex.c ****   __HAL_UART_DISABLE(huart);
 217:Drivers/STM32L4xx_HAL_Driver/Src/stm32l4xx_hal_uart_ex.c **** 
 218:Drivers/STM32L4xx_HAL_Driver/Src/stm32l4xx_hal_uart_ex.c ****   /* Perform advanced settings configuration */
 219:Drivers/STM32L4xx_HAL_Driver/Src/stm32l4xx_hal_uart_ex.c ****   /* For some items, configuration requires to be done prior TE and RE bits are set */
 220:Drivers/STM32L4xx_HAL_Driver/Src/stm32l4xx_hal_uart_ex.c ****   if (huart->AdvancedInit.AdvFeatureInit != UART_ADVFEATURE_NO_INIT)
 221:Drivers/STM32L4xx_HAL_Driver/Src/stm32l4xx_hal_uart_ex.c ****   {
 222:Drivers/STM32L4xx_HAL_Driver/Src/stm32l4xx_hal_uart_ex.c ****     UART_AdvFeatureConfig(huart);
 223:Drivers/STM32L4xx_HAL_Driver/Src/stm32l4xx_hal_uart_ex.c ****   }
 224:Drivers/STM32L4xx_HAL_Driver/Src/stm32l4xx_hal_uart_ex.c **** 
 225:Drivers/STM32L4xx_HAL_Driver/Src/stm32l4xx_hal_uart_ex.c ****   /* Set the UART Communication parameters */
 226:Drivers/STM32L4xx_HAL_Driver/Src/stm32l4xx_hal_uart_ex.c ****   if (UART_SetConfig(huart) == HAL_ERROR)
 227:Drivers/STM32L4xx_HAL_Driver/Src/stm32l4xx_hal_uart_ex.c ****   {
 228:Drivers/STM32L4xx_HAL_Driver/Src/stm32l4xx_hal_uart_ex.c ****     return HAL_ERROR;
 229:Drivers/STM32L4xx_HAL_Driver/Src/stm32l4xx_hal_uart_ex.c ****   }
 230:Drivers/STM32L4xx_HAL_Driver/Src/stm32l4xx_hal_uart_ex.c **** 
 231:Drivers/STM32L4xx_HAL_Driver/Src/stm32l4xx_hal_uart_ex.c ****   /* Enable the Driver Enable mode by setting the DEM bit in the CR3 register */
 232:Drivers/STM32L4xx_HAL_Driver/Src/stm32l4xx_hal_uart_ex.c ****   SET_BIT(huart->Instance->CR3, USART_CR3_DEM);
 233:Drivers/STM32L4xx_HAL_Driver/Src/stm32l4xx_hal_uart_ex.c **** 
 234:Drivers/STM32L4xx_HAL_Driver/Src/stm32l4xx_hal_uart_ex.c ****   /* Set the Driver Enable polarity */
 235:Drivers/STM32L4xx_HAL_Driver/Src/stm32l4xx_hal_uart_ex.c ****   MODIFY_REG(huart->Instance->CR3, USART_CR3_DEP, Polarity);
 236:Drivers/STM32L4xx_HAL_Driver/Src/stm32l4xx_hal_uart_ex.c **** 
 237:Drivers/STM32L4xx_HAL_Driver/Src/stm32l4xx_hal_uart_ex.c ****   /* Set the Driver Enable assertion and deassertion times */
 238:Drivers/STM32L4xx_HAL_Driver/Src/stm32l4xx_hal_uart_ex.c ****   temp = (AssertionTime << UART_CR1_DEAT_ADDRESS_LSB_POS);
 239:Drivers/STM32L4xx_HAL_Driver/Src/stm32l4xx_hal_uart_ex.c ****   temp |= (DeassertionTime << UART_CR1_DEDT_ADDRESS_LSB_POS);
 240:Drivers/STM32L4xx_HAL_Driver/Src/stm32l4xx_hal_uart_ex.c ****   MODIFY_REG(huart->Instance->CR1, (USART_CR1_DEDT | USART_CR1_DEAT), temp);
 241:Drivers/STM32L4xx_HAL_Driver/Src/stm32l4xx_hal_uart_ex.c **** 
 242:Drivers/STM32L4xx_HAL_Driver/Src/stm32l4xx_hal_uart_ex.c ****   /* Enable the Peripheral */
 243:Drivers/STM32L4xx_HAL_Driver/Src/stm32l4xx_hal_uart_ex.c ****   __HAL_UART_ENABLE(huart);
 244:Drivers/STM32L4xx_HAL_Driver/Src/stm32l4xx_hal_uart_ex.c **** 
 245:Drivers/STM32L4xx_HAL_Driver/Src/stm32l4xx_hal_uart_ex.c ****   /* TEACK and/or REACK to check before moving huart->gState and huart->RxState to Ready */
 246:Drivers/STM32L4xx_HAL_Driver/Src/stm32l4xx_hal_uart_ex.c ****   return (UART_CheckIdleState(huart));
 247:Drivers/STM32L4xx_HAL_Driver/Src/stm32l4xx_hal_uart_ex.c **** }
 248:Drivers/STM32L4xx_HAL_Driver/Src/stm32l4xx_hal_uart_ex.c **** 
 249:Drivers/STM32L4xx_HAL_Driver/Src/stm32l4xx_hal_uart_ex.c **** /**
 250:Drivers/STM32L4xx_HAL_Driver/Src/stm32l4xx_hal_uart_ex.c ****   * @}
 251:Drivers/STM32L4xx_HAL_Driver/Src/stm32l4xx_hal_uart_ex.c ****   */
 252:Drivers/STM32L4xx_HAL_Driver/Src/stm32l4xx_hal_uart_ex.c **** 
 253:Drivers/STM32L4xx_HAL_Driver/Src/stm32l4xx_hal_uart_ex.c **** /** @defgroup UARTEx_Exported_Functions_Group2 IO operation functions
 254:Drivers/STM32L4xx_HAL_Driver/Src/stm32l4xx_hal_uart_ex.c ****   *  @brief Extended functions
 255:Drivers/STM32L4xx_HAL_Driver/Src/stm32l4xx_hal_uart_ex.c ****   *
 256:Drivers/STM32L4xx_HAL_Driver/Src/stm32l4xx_hal_uart_ex.c **** @verbatim
 257:Drivers/STM32L4xx_HAL_Driver/Src/stm32l4xx_hal_uart_ex.c ****  ===============================================================================
 258:Drivers/STM32L4xx_HAL_Driver/Src/stm32l4xx_hal_uart_ex.c ****                       ##### IO operation functions #####
ARM GAS  /tmp/ccb1MUlA.s 			page 6


 259:Drivers/STM32L4xx_HAL_Driver/Src/stm32l4xx_hal_uart_ex.c ****  ===============================================================================
 260:Drivers/STM32L4xx_HAL_Driver/Src/stm32l4xx_hal_uart_ex.c ****     [..]
 261:Drivers/STM32L4xx_HAL_Driver/Src/stm32l4xx_hal_uart_ex.c ****     This subsection provides a set of Wakeup and FIFO mode related callback functions.
 262:Drivers/STM32L4xx_HAL_Driver/Src/stm32l4xx_hal_uart_ex.c ****     (#) Wakeup from Stop mode Callback:
 263:Drivers/STM32L4xx_HAL_Driver/Src/stm32l4xx_hal_uart_ex.c ****         (++) HAL_UARTEx_WakeupCallback()
 264:Drivers/STM32L4xx_HAL_Driver/Src/stm32l4xx_hal_uart_ex.c ****     (#) TX/RX Fifos Callbacks:
 265:Drivers/STM32L4xx_HAL_Driver/Src/stm32l4xx_hal_uart_ex.c ****         (++) HAL_UARTEx_RxFifoFullCallback()
 266:Drivers/STM32L4xx_HAL_Driver/Src/stm32l4xx_hal_uart_ex.c ****         (++) HAL_UARTEx_TxFifoEmptyCallback()
 267:Drivers/STM32L4xx_HAL_Driver/Src/stm32l4xx_hal_uart_ex.c **** @endverbatim
 268:Drivers/STM32L4xx_HAL_Driver/Src/stm32l4xx_hal_uart_ex.c ****   * @{
 269:Drivers/STM32L4xx_HAL_Driver/Src/stm32l4xx_hal_uart_ex.c ****   */
 270:Drivers/STM32L4xx_HAL_Driver/Src/stm32l4xx_hal_uart_ex.c **** 
 271:Drivers/STM32L4xx_HAL_Driver/Src/stm32l4xx_hal_uart_ex.c **** /**
 272:Drivers/STM32L4xx_HAL_Driver/Src/stm32l4xx_hal_uart_ex.c ****   * @brief UART wakeup from Stop mode callback.
 273:Drivers/STM32L4xx_HAL_Driver/Src/stm32l4xx_hal_uart_ex.c ****   * @param huart UART handle.
 274:Drivers/STM32L4xx_HAL_Driver/Src/stm32l4xx_hal_uart_ex.c ****   * @retval None
 275:Drivers/STM32L4xx_HAL_Driver/Src/stm32l4xx_hal_uart_ex.c ****   */
 276:Drivers/STM32L4xx_HAL_Driver/Src/stm32l4xx_hal_uart_ex.c **** __weak void HAL_UARTEx_WakeupCallback(UART_HandleTypeDef *huart)
 277:Drivers/STM32L4xx_HAL_Driver/Src/stm32l4xx_hal_uart_ex.c **** {
 278:Drivers/STM32L4xx_HAL_Driver/Src/stm32l4xx_hal_uart_ex.c ****   /* Prevent unused argument(s) compilation warning */
 279:Drivers/STM32L4xx_HAL_Driver/Src/stm32l4xx_hal_uart_ex.c ****   UNUSED(huart);
 280:Drivers/STM32L4xx_HAL_Driver/Src/stm32l4xx_hal_uart_ex.c **** 
 281:Drivers/STM32L4xx_HAL_Driver/Src/stm32l4xx_hal_uart_ex.c ****   /* NOTE : This function should not be modified, when the callback is needed,
 282:Drivers/STM32L4xx_HAL_Driver/Src/stm32l4xx_hal_uart_ex.c ****             the HAL_UARTEx_WakeupCallback can be implemented in the user file.
 283:Drivers/STM32L4xx_HAL_Driver/Src/stm32l4xx_hal_uart_ex.c ****    */
 284:Drivers/STM32L4xx_HAL_Driver/Src/stm32l4xx_hal_uart_ex.c **** }
 285:Drivers/STM32L4xx_HAL_Driver/Src/stm32l4xx_hal_uart_ex.c **** 
 286:Drivers/STM32L4xx_HAL_Driver/Src/stm32l4xx_hal_uart_ex.c **** #if defined(USART_CR1_FIFOEN)
 287:Drivers/STM32L4xx_HAL_Driver/Src/stm32l4xx_hal_uart_ex.c **** /**
 288:Drivers/STM32L4xx_HAL_Driver/Src/stm32l4xx_hal_uart_ex.c ****   * @brief  UART RX Fifo full callback.
 289:Drivers/STM32L4xx_HAL_Driver/Src/stm32l4xx_hal_uart_ex.c ****   * @param  huart UART handle.
 290:Drivers/STM32L4xx_HAL_Driver/Src/stm32l4xx_hal_uart_ex.c ****   * @retval None
 291:Drivers/STM32L4xx_HAL_Driver/Src/stm32l4xx_hal_uart_ex.c ****   */
 292:Drivers/STM32L4xx_HAL_Driver/Src/stm32l4xx_hal_uart_ex.c **** __weak void HAL_UARTEx_RxFifoFullCallback(UART_HandleTypeDef *huart)
 293:Drivers/STM32L4xx_HAL_Driver/Src/stm32l4xx_hal_uart_ex.c **** {
 294:Drivers/STM32L4xx_HAL_Driver/Src/stm32l4xx_hal_uart_ex.c ****   /* Prevent unused argument(s) compilation warning */
 295:Drivers/STM32L4xx_HAL_Driver/Src/stm32l4xx_hal_uart_ex.c ****   UNUSED(huart);
 296:Drivers/STM32L4xx_HAL_Driver/Src/stm32l4xx_hal_uart_ex.c **** 
 297:Drivers/STM32L4xx_HAL_Driver/Src/stm32l4xx_hal_uart_ex.c ****   /* NOTE : This function should not be modified, when the callback is needed,
 298:Drivers/STM32L4xx_HAL_Driver/Src/stm32l4xx_hal_uart_ex.c ****             the HAL_UARTEx_RxFifoFullCallback can be implemented in the user file.
 299:Drivers/STM32L4xx_HAL_Driver/Src/stm32l4xx_hal_uart_ex.c ****    */
 300:Drivers/STM32L4xx_HAL_Driver/Src/stm32l4xx_hal_uart_ex.c **** }
 301:Drivers/STM32L4xx_HAL_Driver/Src/stm32l4xx_hal_uart_ex.c **** 
 302:Drivers/STM32L4xx_HAL_Driver/Src/stm32l4xx_hal_uart_ex.c **** /**
 303:Drivers/STM32L4xx_HAL_Driver/Src/stm32l4xx_hal_uart_ex.c ****   * @brief  UART TX Fifo empty callback.
 304:Drivers/STM32L4xx_HAL_Driver/Src/stm32l4xx_hal_uart_ex.c ****   * @param  huart UART handle.
 305:Drivers/STM32L4xx_HAL_Driver/Src/stm32l4xx_hal_uart_ex.c ****   * @retval None
 306:Drivers/STM32L4xx_HAL_Driver/Src/stm32l4xx_hal_uart_ex.c ****   */
 307:Drivers/STM32L4xx_HAL_Driver/Src/stm32l4xx_hal_uart_ex.c **** __weak void HAL_UARTEx_TxFifoEmptyCallback(UART_HandleTypeDef *huart)
 308:Drivers/STM32L4xx_HAL_Driver/Src/stm32l4xx_hal_uart_ex.c **** {
 309:Drivers/STM32L4xx_HAL_Driver/Src/stm32l4xx_hal_uart_ex.c ****   /* Prevent unused argument(s) compilation warning */
 310:Drivers/STM32L4xx_HAL_Driver/Src/stm32l4xx_hal_uart_ex.c ****   UNUSED(huart);
 311:Drivers/STM32L4xx_HAL_Driver/Src/stm32l4xx_hal_uart_ex.c **** 
 312:Drivers/STM32L4xx_HAL_Driver/Src/stm32l4xx_hal_uart_ex.c ****   /* NOTE : This function should not be modified, when the callback is needed,
 313:Drivers/STM32L4xx_HAL_Driver/Src/stm32l4xx_hal_uart_ex.c ****             the HAL_UARTEx_TxFifoEmptyCallback can be implemented in the user file.
 314:Drivers/STM32L4xx_HAL_Driver/Src/stm32l4xx_hal_uart_ex.c ****    */
 315:Drivers/STM32L4xx_HAL_Driver/Src/stm32l4xx_hal_uart_ex.c **** }
ARM GAS  /tmp/ccb1MUlA.s 			page 7


 316:Drivers/STM32L4xx_HAL_Driver/Src/stm32l4xx_hal_uart_ex.c **** #endif /* USART_CR1_FIFOEN */
 317:Drivers/STM32L4xx_HAL_Driver/Src/stm32l4xx_hal_uart_ex.c **** 
 318:Drivers/STM32L4xx_HAL_Driver/Src/stm32l4xx_hal_uart_ex.c **** /**
 319:Drivers/STM32L4xx_HAL_Driver/Src/stm32l4xx_hal_uart_ex.c ****   * @}
 320:Drivers/STM32L4xx_HAL_Driver/Src/stm32l4xx_hal_uart_ex.c ****   */
 321:Drivers/STM32L4xx_HAL_Driver/Src/stm32l4xx_hal_uart_ex.c **** 
 322:Drivers/STM32L4xx_HAL_Driver/Src/stm32l4xx_hal_uart_ex.c **** /** @defgroup UARTEx_Exported_Functions_Group3 Peripheral Control functions
 323:Drivers/STM32L4xx_HAL_Driver/Src/stm32l4xx_hal_uart_ex.c ****   * @brief    Extended Peripheral Control functions
 324:Drivers/STM32L4xx_HAL_Driver/Src/stm32l4xx_hal_uart_ex.c ****   *
 325:Drivers/STM32L4xx_HAL_Driver/Src/stm32l4xx_hal_uart_ex.c **** @verbatim
 326:Drivers/STM32L4xx_HAL_Driver/Src/stm32l4xx_hal_uart_ex.c ****  ===============================================================================
 327:Drivers/STM32L4xx_HAL_Driver/Src/stm32l4xx_hal_uart_ex.c ****                       ##### Peripheral Control functions #####
 328:Drivers/STM32L4xx_HAL_Driver/Src/stm32l4xx_hal_uart_ex.c ****  ===============================================================================
 329:Drivers/STM32L4xx_HAL_Driver/Src/stm32l4xx_hal_uart_ex.c ****     [..] This section provides the following functions:
 330:Drivers/STM32L4xx_HAL_Driver/Src/stm32l4xx_hal_uart_ex.c ****      (+) HAL_UARTEx_EnableClockStopMode() API enables the UART clock (HSI or LSE only) during stop 
 331:Drivers/STM32L4xx_HAL_Driver/Src/stm32l4xx_hal_uart_ex.c ****      (+) HAL_UARTEx_DisableClockStopMode() API disables the above functionality
 332:Drivers/STM32L4xx_HAL_Driver/Src/stm32l4xx_hal_uart_ex.c ****      (+) HAL_MultiProcessorEx_AddressLength_Set() API optionally sets the UART node address
 333:Drivers/STM32L4xx_HAL_Driver/Src/stm32l4xx_hal_uart_ex.c ****          detection length to more than 4 bits for multiprocessor address mark wake up.
 334:Drivers/STM32L4xx_HAL_Driver/Src/stm32l4xx_hal_uart_ex.c ****      (+) HAL_UARTEx_StopModeWakeUpSourceConfig() API defines the wake-up from stop mode
 335:Drivers/STM32L4xx_HAL_Driver/Src/stm32l4xx_hal_uart_ex.c ****          trigger: address match, Start Bit detection or RXNE bit status.
 336:Drivers/STM32L4xx_HAL_Driver/Src/stm32l4xx_hal_uart_ex.c ****      (+) HAL_UARTEx_EnableStopMode() API enables the UART to wake up the MCU from stop mode
 337:Drivers/STM32L4xx_HAL_Driver/Src/stm32l4xx_hal_uart_ex.c ****      (+) HAL_UARTEx_DisableStopMode() API disables the above functionality
 338:Drivers/STM32L4xx_HAL_Driver/Src/stm32l4xx_hal_uart_ex.c ****      (+) HAL_UARTEx_EnableFifoMode() API enables the FIFO mode
 339:Drivers/STM32L4xx_HAL_Driver/Src/stm32l4xx_hal_uart_ex.c ****      (+) HAL_UARTEx_DisableFifoMode() API disables the FIFO mode
 340:Drivers/STM32L4xx_HAL_Driver/Src/stm32l4xx_hal_uart_ex.c ****      (+) HAL_UARTEx_SetTxFifoThreshold() API sets the TX FIFO threshold
 341:Drivers/STM32L4xx_HAL_Driver/Src/stm32l4xx_hal_uart_ex.c ****      (+) HAL_UARTEx_SetRxFifoThreshold() API sets the RX FIFO threshold
 342:Drivers/STM32L4xx_HAL_Driver/Src/stm32l4xx_hal_uart_ex.c **** 
 343:Drivers/STM32L4xx_HAL_Driver/Src/stm32l4xx_hal_uart_ex.c ****     [..] This subsection also provides a set of additional functions providing enhanced reception
 344:Drivers/STM32L4xx_HAL_Driver/Src/stm32l4xx_hal_uart_ex.c ****     services to user. (For example, these functions allow application to handle use cases
 345:Drivers/STM32L4xx_HAL_Driver/Src/stm32l4xx_hal_uart_ex.c ****     where number of data to be received is unknown).
 346:Drivers/STM32L4xx_HAL_Driver/Src/stm32l4xx_hal_uart_ex.c **** 
 347:Drivers/STM32L4xx_HAL_Driver/Src/stm32l4xx_hal_uart_ex.c ****     (#) Compared to standard reception services which only consider number of received
 348:Drivers/STM32L4xx_HAL_Driver/Src/stm32l4xx_hal_uart_ex.c ****         data elements as reception completion criteria, these functions also consider additional ev
 349:Drivers/STM32L4xx_HAL_Driver/Src/stm32l4xx_hal_uart_ex.c ****         as triggers for updating reception status to caller :
 350:Drivers/STM32L4xx_HAL_Driver/Src/stm32l4xx_hal_uart_ex.c ****        (++) Detection of inactivity period (RX line has not been active for a given period).
 351:Drivers/STM32L4xx_HAL_Driver/Src/stm32l4xx_hal_uart_ex.c ****           (+++) RX inactivity detected by IDLE event, i.e. RX line has been in idle state (normally
 352:Drivers/STM32L4xx_HAL_Driver/Src/stm32l4xx_hal_uart_ex.c ****                for 1 frame time, after last received byte.
 353:Drivers/STM32L4xx_HAL_Driver/Src/stm32l4xx_hal_uart_ex.c ****           (+++) RX inactivity detected by RTO, i.e. line has been in idle state
 354:Drivers/STM32L4xx_HAL_Driver/Src/stm32l4xx_hal_uart_ex.c ****                for a programmable time, after last received byte.
 355:Drivers/STM32L4xx_HAL_Driver/Src/stm32l4xx_hal_uart_ex.c ****        (++) Detection that a specific character has been received.
 356:Drivers/STM32L4xx_HAL_Driver/Src/stm32l4xx_hal_uart_ex.c **** 
 357:Drivers/STM32L4xx_HAL_Driver/Src/stm32l4xx_hal_uart_ex.c ****     (#) There are two modes of transfer:
 358:Drivers/STM32L4xx_HAL_Driver/Src/stm32l4xx_hal_uart_ex.c ****        (++) Blocking mode: The reception is performed in polling mode, until either expected number
 359:Drivers/STM32L4xx_HAL_Driver/Src/stm32l4xx_hal_uart_ex.c ****            or till IDLE event occurs. Reception is handled only during function execution.
 360:Drivers/STM32L4xx_HAL_Driver/Src/stm32l4xx_hal_uart_ex.c ****            When function exits, no data reception could occur. HAL status and number of actually re
 361:Drivers/STM32L4xx_HAL_Driver/Src/stm32l4xx_hal_uart_ex.c ****            are returned by function after finishing transfer.
 362:Drivers/STM32L4xx_HAL_Driver/Src/stm32l4xx_hal_uart_ex.c ****        (++) Non-Blocking mode: The reception is performed using Interrupts or DMA.
 363:Drivers/STM32L4xx_HAL_Driver/Src/stm32l4xx_hal_uart_ex.c ****            These API's return the HAL status.
 364:Drivers/STM32L4xx_HAL_Driver/Src/stm32l4xx_hal_uart_ex.c ****            The end of the data processing will be indicated through the
 365:Drivers/STM32L4xx_HAL_Driver/Src/stm32l4xx_hal_uart_ex.c ****            dedicated UART IRQ when using Interrupt mode or the DMA IRQ when using DMA mode.
 366:Drivers/STM32L4xx_HAL_Driver/Src/stm32l4xx_hal_uart_ex.c ****            The HAL_UARTEx_RxEventCallback() user callback will be executed during Receive process
 367:Drivers/STM32L4xx_HAL_Driver/Src/stm32l4xx_hal_uart_ex.c ****            The HAL_UART_ErrorCallback()user callback will be executed when a reception error is det
 368:Drivers/STM32L4xx_HAL_Driver/Src/stm32l4xx_hal_uart_ex.c **** 
 369:Drivers/STM32L4xx_HAL_Driver/Src/stm32l4xx_hal_uart_ex.c ****     (#) Blocking mode API:
 370:Drivers/STM32L4xx_HAL_Driver/Src/stm32l4xx_hal_uart_ex.c ****         (++) HAL_UARTEx_ReceiveToIdle()
 371:Drivers/STM32L4xx_HAL_Driver/Src/stm32l4xx_hal_uart_ex.c **** 
 372:Drivers/STM32L4xx_HAL_Driver/Src/stm32l4xx_hal_uart_ex.c ****     (#) Non-Blocking mode API with Interrupt:
ARM GAS  /tmp/ccb1MUlA.s 			page 8


 373:Drivers/STM32L4xx_HAL_Driver/Src/stm32l4xx_hal_uart_ex.c ****         (++) HAL_UARTEx_ReceiveToIdle_IT()
 374:Drivers/STM32L4xx_HAL_Driver/Src/stm32l4xx_hal_uart_ex.c **** 
 375:Drivers/STM32L4xx_HAL_Driver/Src/stm32l4xx_hal_uart_ex.c ****     (#) Non-Blocking mode API with DMA:
 376:Drivers/STM32L4xx_HAL_Driver/Src/stm32l4xx_hal_uart_ex.c ****         (++) HAL_UARTEx_ReceiveToIdle_DMA()
 377:Drivers/STM32L4xx_HAL_Driver/Src/stm32l4xx_hal_uart_ex.c **** 
 378:Drivers/STM32L4xx_HAL_Driver/Src/stm32l4xx_hal_uart_ex.c **** @endverbatim
 379:Drivers/STM32L4xx_HAL_Driver/Src/stm32l4xx_hal_uart_ex.c ****   * @{
 380:Drivers/STM32L4xx_HAL_Driver/Src/stm32l4xx_hal_uart_ex.c ****   */
 381:Drivers/STM32L4xx_HAL_Driver/Src/stm32l4xx_hal_uart_ex.c **** 
 382:Drivers/STM32L4xx_HAL_Driver/Src/stm32l4xx_hal_uart_ex.c **** #if defined(USART_CR3_UCESM)
 383:Drivers/STM32L4xx_HAL_Driver/Src/stm32l4xx_hal_uart_ex.c **** /**
 384:Drivers/STM32L4xx_HAL_Driver/Src/stm32l4xx_hal_uart_ex.c ****   * @brief  Keep UART Clock enabled when in Stop Mode.
 385:Drivers/STM32L4xx_HAL_Driver/Src/stm32l4xx_hal_uart_ex.c ****   * @note   When the USART clock source is configured to be LSE or HSI, it is possible to keep enab
 386:Drivers/STM32L4xx_HAL_Driver/Src/stm32l4xx_hal_uart_ex.c ****   *         this clock during STOP mode by setting the UCESM bit in USART_CR3 control register.
 387:Drivers/STM32L4xx_HAL_Driver/Src/stm32l4xx_hal_uart_ex.c ****   * @note   When LPUART is used to wakeup from stop with LSE is selected as LPUART clock source,
 388:Drivers/STM32L4xx_HAL_Driver/Src/stm32l4xx_hal_uart_ex.c ****   *         and desired baud rate is 9600 baud, the bit UCESM bit in LPUART_CR3 control register mu
 389:Drivers/STM32L4xx_HAL_Driver/Src/stm32l4xx_hal_uart_ex.c ****   * @param  huart UART handle.
 390:Drivers/STM32L4xx_HAL_Driver/Src/stm32l4xx_hal_uart_ex.c ****   * @retval HAL status
 391:Drivers/STM32L4xx_HAL_Driver/Src/stm32l4xx_hal_uart_ex.c ****   */
 392:Drivers/STM32L4xx_HAL_Driver/Src/stm32l4xx_hal_uart_ex.c **** HAL_StatusTypeDef HAL_UARTEx_EnableClockStopMode(UART_HandleTypeDef *huart)
 393:Drivers/STM32L4xx_HAL_Driver/Src/stm32l4xx_hal_uart_ex.c **** {
 394:Drivers/STM32L4xx_HAL_Driver/Src/stm32l4xx_hal_uart_ex.c ****   /* Process Locked */
 395:Drivers/STM32L4xx_HAL_Driver/Src/stm32l4xx_hal_uart_ex.c ****   __HAL_LOCK(huart);
 396:Drivers/STM32L4xx_HAL_Driver/Src/stm32l4xx_hal_uart_ex.c **** 
 397:Drivers/STM32L4xx_HAL_Driver/Src/stm32l4xx_hal_uart_ex.c ****   /* Set UCESM bit */
 398:Drivers/STM32L4xx_HAL_Driver/Src/stm32l4xx_hal_uart_ex.c ****   ATOMIC_SET_BIT(huart->Instance->CR3, USART_CR3_UCESM);
 399:Drivers/STM32L4xx_HAL_Driver/Src/stm32l4xx_hal_uart_ex.c **** 
 400:Drivers/STM32L4xx_HAL_Driver/Src/stm32l4xx_hal_uart_ex.c ****   /* Process Unlocked */
 401:Drivers/STM32L4xx_HAL_Driver/Src/stm32l4xx_hal_uart_ex.c ****   __HAL_UNLOCK(huart);
 402:Drivers/STM32L4xx_HAL_Driver/Src/stm32l4xx_hal_uart_ex.c **** 
 403:Drivers/STM32L4xx_HAL_Driver/Src/stm32l4xx_hal_uart_ex.c ****   return HAL_OK;
 404:Drivers/STM32L4xx_HAL_Driver/Src/stm32l4xx_hal_uart_ex.c **** }
 405:Drivers/STM32L4xx_HAL_Driver/Src/stm32l4xx_hal_uart_ex.c **** 
 406:Drivers/STM32L4xx_HAL_Driver/Src/stm32l4xx_hal_uart_ex.c **** /**
 407:Drivers/STM32L4xx_HAL_Driver/Src/stm32l4xx_hal_uart_ex.c ****   * @brief  Disable UART Clock when in Stop Mode.
 408:Drivers/STM32L4xx_HAL_Driver/Src/stm32l4xx_hal_uart_ex.c ****   * @param  huart UART handle.
 409:Drivers/STM32L4xx_HAL_Driver/Src/stm32l4xx_hal_uart_ex.c ****   * @retval HAL status
 410:Drivers/STM32L4xx_HAL_Driver/Src/stm32l4xx_hal_uart_ex.c ****   */
 411:Drivers/STM32L4xx_HAL_Driver/Src/stm32l4xx_hal_uart_ex.c **** HAL_StatusTypeDef HAL_UARTEx_DisableClockStopMode(UART_HandleTypeDef *huart)
 412:Drivers/STM32L4xx_HAL_Driver/Src/stm32l4xx_hal_uart_ex.c **** {
 413:Drivers/STM32L4xx_HAL_Driver/Src/stm32l4xx_hal_uart_ex.c ****   /* Process Locked */
 414:Drivers/STM32L4xx_HAL_Driver/Src/stm32l4xx_hal_uart_ex.c ****   __HAL_LOCK(huart);
 415:Drivers/STM32L4xx_HAL_Driver/Src/stm32l4xx_hal_uart_ex.c **** 
 416:Drivers/STM32L4xx_HAL_Driver/Src/stm32l4xx_hal_uart_ex.c ****   /* Clear UCESM bit */
 417:Drivers/STM32L4xx_HAL_Driver/Src/stm32l4xx_hal_uart_ex.c ****   ATOMIC_CLEAR_BIT(huart->Instance->CR3, USART_CR3_UCESM);
 418:Drivers/STM32L4xx_HAL_Driver/Src/stm32l4xx_hal_uart_ex.c **** 
 419:Drivers/STM32L4xx_HAL_Driver/Src/stm32l4xx_hal_uart_ex.c ****   /* Process Unlocked */
 420:Drivers/STM32L4xx_HAL_Driver/Src/stm32l4xx_hal_uart_ex.c ****   __HAL_UNLOCK(huart);
 421:Drivers/STM32L4xx_HAL_Driver/Src/stm32l4xx_hal_uart_ex.c **** 
 422:Drivers/STM32L4xx_HAL_Driver/Src/stm32l4xx_hal_uart_ex.c ****   return HAL_OK;
 423:Drivers/STM32L4xx_HAL_Driver/Src/stm32l4xx_hal_uart_ex.c **** }
 424:Drivers/STM32L4xx_HAL_Driver/Src/stm32l4xx_hal_uart_ex.c **** 
 425:Drivers/STM32L4xx_HAL_Driver/Src/stm32l4xx_hal_uart_ex.c **** #endif /* USART_CR3_UCESM */
 426:Drivers/STM32L4xx_HAL_Driver/Src/stm32l4xx_hal_uart_ex.c **** /**
 427:Drivers/STM32L4xx_HAL_Driver/Src/stm32l4xx_hal_uart_ex.c ****   * @brief By default in multiprocessor mode, when the wake up method is set
 428:Drivers/STM32L4xx_HAL_Driver/Src/stm32l4xx_hal_uart_ex.c ****   *        to address mark, the UART handles only 4-bit long addresses detection;
 429:Drivers/STM32L4xx_HAL_Driver/Src/stm32l4xx_hal_uart_ex.c ****   *        this API allows to enable longer addresses detection (6-, 7- or 8-bit
ARM GAS  /tmp/ccb1MUlA.s 			page 9


 430:Drivers/STM32L4xx_HAL_Driver/Src/stm32l4xx_hal_uart_ex.c ****   *        long).
 431:Drivers/STM32L4xx_HAL_Driver/Src/stm32l4xx_hal_uart_ex.c ****   * @note  Addresses detection lengths are: 6-bit address detection in 7-bit data mode,
 432:Drivers/STM32L4xx_HAL_Driver/Src/stm32l4xx_hal_uart_ex.c ****   *        7-bit address detection in 8-bit data mode, 8-bit address detection in 9-bit data mode.
 433:Drivers/STM32L4xx_HAL_Driver/Src/stm32l4xx_hal_uart_ex.c ****   * @param huart         UART handle.
 434:Drivers/STM32L4xx_HAL_Driver/Src/stm32l4xx_hal_uart_ex.c ****   * @param AddressLength This parameter can be one of the following values:
 435:Drivers/STM32L4xx_HAL_Driver/Src/stm32l4xx_hal_uart_ex.c ****   *          @arg @ref UART_ADDRESS_DETECT_4B 4-bit long address
 436:Drivers/STM32L4xx_HAL_Driver/Src/stm32l4xx_hal_uart_ex.c ****   *          @arg @ref UART_ADDRESS_DETECT_7B 6-, 7- or 8-bit long address
 437:Drivers/STM32L4xx_HAL_Driver/Src/stm32l4xx_hal_uart_ex.c ****   * @retval HAL status
 438:Drivers/STM32L4xx_HAL_Driver/Src/stm32l4xx_hal_uart_ex.c ****   */
 439:Drivers/STM32L4xx_HAL_Driver/Src/stm32l4xx_hal_uart_ex.c **** HAL_StatusTypeDef HAL_MultiProcessorEx_AddressLength_Set(UART_HandleTypeDef *huart, uint32_t Addres
 440:Drivers/STM32L4xx_HAL_Driver/Src/stm32l4xx_hal_uart_ex.c **** {
 441:Drivers/STM32L4xx_HAL_Driver/Src/stm32l4xx_hal_uart_ex.c ****   /* Check the UART handle allocation */
 442:Drivers/STM32L4xx_HAL_Driver/Src/stm32l4xx_hal_uart_ex.c ****   if (huart == NULL)
 443:Drivers/STM32L4xx_HAL_Driver/Src/stm32l4xx_hal_uart_ex.c ****   {
 444:Drivers/STM32L4xx_HAL_Driver/Src/stm32l4xx_hal_uart_ex.c ****     return HAL_ERROR;
 445:Drivers/STM32L4xx_HAL_Driver/Src/stm32l4xx_hal_uart_ex.c ****   }
 446:Drivers/STM32L4xx_HAL_Driver/Src/stm32l4xx_hal_uart_ex.c **** 
 447:Drivers/STM32L4xx_HAL_Driver/Src/stm32l4xx_hal_uart_ex.c ****   /* Check the address length parameter */
 448:Drivers/STM32L4xx_HAL_Driver/Src/stm32l4xx_hal_uart_ex.c ****   assert_param(IS_UART_ADDRESSLENGTH_DETECT(AddressLength));
 449:Drivers/STM32L4xx_HAL_Driver/Src/stm32l4xx_hal_uart_ex.c **** 
 450:Drivers/STM32L4xx_HAL_Driver/Src/stm32l4xx_hal_uart_ex.c ****   huart->gState = HAL_UART_STATE_BUSY;
 451:Drivers/STM32L4xx_HAL_Driver/Src/stm32l4xx_hal_uart_ex.c **** 
 452:Drivers/STM32L4xx_HAL_Driver/Src/stm32l4xx_hal_uart_ex.c ****   /* Disable the Peripheral */
 453:Drivers/STM32L4xx_HAL_Driver/Src/stm32l4xx_hal_uart_ex.c ****   __HAL_UART_DISABLE(huart);
 454:Drivers/STM32L4xx_HAL_Driver/Src/stm32l4xx_hal_uart_ex.c **** 
 455:Drivers/STM32L4xx_HAL_Driver/Src/stm32l4xx_hal_uart_ex.c ****   /* Set the address length */
 456:Drivers/STM32L4xx_HAL_Driver/Src/stm32l4xx_hal_uart_ex.c ****   MODIFY_REG(huart->Instance->CR2, USART_CR2_ADDM7, AddressLength);
 457:Drivers/STM32L4xx_HAL_Driver/Src/stm32l4xx_hal_uart_ex.c **** 
 458:Drivers/STM32L4xx_HAL_Driver/Src/stm32l4xx_hal_uart_ex.c ****   /* Enable the Peripheral */
 459:Drivers/STM32L4xx_HAL_Driver/Src/stm32l4xx_hal_uart_ex.c ****   __HAL_UART_ENABLE(huart);
 460:Drivers/STM32L4xx_HAL_Driver/Src/stm32l4xx_hal_uart_ex.c **** 
 461:Drivers/STM32L4xx_HAL_Driver/Src/stm32l4xx_hal_uart_ex.c ****   /* TEACK and/or REACK to check before moving huart->gState to Ready */
 462:Drivers/STM32L4xx_HAL_Driver/Src/stm32l4xx_hal_uart_ex.c ****   return (UART_CheckIdleState(huart));
 463:Drivers/STM32L4xx_HAL_Driver/Src/stm32l4xx_hal_uart_ex.c **** }
 464:Drivers/STM32L4xx_HAL_Driver/Src/stm32l4xx_hal_uart_ex.c **** 
 465:Drivers/STM32L4xx_HAL_Driver/Src/stm32l4xx_hal_uart_ex.c **** /**
 466:Drivers/STM32L4xx_HAL_Driver/Src/stm32l4xx_hal_uart_ex.c ****   * @brief Set Wakeup from Stop mode interrupt flag selection.
 467:Drivers/STM32L4xx_HAL_Driver/Src/stm32l4xx_hal_uart_ex.c ****   * @note It is the application responsibility to enable the interrupt used as
 468:Drivers/STM32L4xx_HAL_Driver/Src/stm32l4xx_hal_uart_ex.c ****   *       usart_wkup interrupt source before entering low-power mode.
 469:Drivers/STM32L4xx_HAL_Driver/Src/stm32l4xx_hal_uart_ex.c ****   * @param huart           UART handle.
 470:Drivers/STM32L4xx_HAL_Driver/Src/stm32l4xx_hal_uart_ex.c ****   * @param WakeUpSelection Address match, Start Bit detection or RXNE/RXFNE bit status.
 471:Drivers/STM32L4xx_HAL_Driver/Src/stm32l4xx_hal_uart_ex.c ****   *          This parameter can be one of the following values:
 472:Drivers/STM32L4xx_HAL_Driver/Src/stm32l4xx_hal_uart_ex.c ****   *          @arg @ref UART_WAKEUP_ON_ADDRESS
 473:Drivers/STM32L4xx_HAL_Driver/Src/stm32l4xx_hal_uart_ex.c ****   *          @arg @ref UART_WAKEUP_ON_STARTBIT
 474:Drivers/STM32L4xx_HAL_Driver/Src/stm32l4xx_hal_uart_ex.c ****   *          @arg @ref UART_WAKEUP_ON_READDATA_NONEMPTY
 475:Drivers/STM32L4xx_HAL_Driver/Src/stm32l4xx_hal_uart_ex.c ****   * @retval HAL status
 476:Drivers/STM32L4xx_HAL_Driver/Src/stm32l4xx_hal_uart_ex.c ****   */
 477:Drivers/STM32L4xx_HAL_Driver/Src/stm32l4xx_hal_uart_ex.c **** HAL_StatusTypeDef HAL_UARTEx_StopModeWakeUpSourceConfig(UART_HandleTypeDef *huart, UART_WakeUpTypeD
 478:Drivers/STM32L4xx_HAL_Driver/Src/stm32l4xx_hal_uart_ex.c **** {
 479:Drivers/STM32L4xx_HAL_Driver/Src/stm32l4xx_hal_uart_ex.c ****   HAL_StatusTypeDef status = HAL_OK;
 480:Drivers/STM32L4xx_HAL_Driver/Src/stm32l4xx_hal_uart_ex.c ****   uint32_t tickstart;
 481:Drivers/STM32L4xx_HAL_Driver/Src/stm32l4xx_hal_uart_ex.c **** 
 482:Drivers/STM32L4xx_HAL_Driver/Src/stm32l4xx_hal_uart_ex.c ****   /* check the wake-up from stop mode UART instance */
 483:Drivers/STM32L4xx_HAL_Driver/Src/stm32l4xx_hal_uart_ex.c ****   assert_param(IS_UART_WAKEUP_FROMSTOP_INSTANCE(huart->Instance));
 484:Drivers/STM32L4xx_HAL_Driver/Src/stm32l4xx_hal_uart_ex.c ****   /* check the wake-up selection parameter */
 485:Drivers/STM32L4xx_HAL_Driver/Src/stm32l4xx_hal_uart_ex.c ****   assert_param(IS_UART_WAKEUP_SELECTION(WakeUpSelection.WakeUpEvent));
 486:Drivers/STM32L4xx_HAL_Driver/Src/stm32l4xx_hal_uart_ex.c **** 
ARM GAS  /tmp/ccb1MUlA.s 			page 10


 487:Drivers/STM32L4xx_HAL_Driver/Src/stm32l4xx_hal_uart_ex.c ****   /* Process Locked */
 488:Drivers/STM32L4xx_HAL_Driver/Src/stm32l4xx_hal_uart_ex.c ****   __HAL_LOCK(huart);
 489:Drivers/STM32L4xx_HAL_Driver/Src/stm32l4xx_hal_uart_ex.c **** 
 490:Drivers/STM32L4xx_HAL_Driver/Src/stm32l4xx_hal_uart_ex.c ****   huart->gState = HAL_UART_STATE_BUSY;
 491:Drivers/STM32L4xx_HAL_Driver/Src/stm32l4xx_hal_uart_ex.c **** 
 492:Drivers/STM32L4xx_HAL_Driver/Src/stm32l4xx_hal_uart_ex.c ****   /* Disable the Peripheral */
 493:Drivers/STM32L4xx_HAL_Driver/Src/stm32l4xx_hal_uart_ex.c ****   __HAL_UART_DISABLE(huart);
 494:Drivers/STM32L4xx_HAL_Driver/Src/stm32l4xx_hal_uart_ex.c **** 
 495:Drivers/STM32L4xx_HAL_Driver/Src/stm32l4xx_hal_uart_ex.c ****   /* Set the wake-up selection scheme */
 496:Drivers/STM32L4xx_HAL_Driver/Src/stm32l4xx_hal_uart_ex.c ****   MODIFY_REG(huart->Instance->CR3, USART_CR3_WUS, WakeUpSelection.WakeUpEvent);
 497:Drivers/STM32L4xx_HAL_Driver/Src/stm32l4xx_hal_uart_ex.c **** 
 498:Drivers/STM32L4xx_HAL_Driver/Src/stm32l4xx_hal_uart_ex.c ****   if (WakeUpSelection.WakeUpEvent == UART_WAKEUP_ON_ADDRESS)
 499:Drivers/STM32L4xx_HAL_Driver/Src/stm32l4xx_hal_uart_ex.c ****   {
 500:Drivers/STM32L4xx_HAL_Driver/Src/stm32l4xx_hal_uart_ex.c ****     UARTEx_Wakeup_AddressConfig(huart, WakeUpSelection);
 501:Drivers/STM32L4xx_HAL_Driver/Src/stm32l4xx_hal_uart_ex.c ****   }
 502:Drivers/STM32L4xx_HAL_Driver/Src/stm32l4xx_hal_uart_ex.c **** 
 503:Drivers/STM32L4xx_HAL_Driver/Src/stm32l4xx_hal_uart_ex.c ****   /* Enable the Peripheral */
 504:Drivers/STM32L4xx_HAL_Driver/Src/stm32l4xx_hal_uart_ex.c ****   __HAL_UART_ENABLE(huart);
 505:Drivers/STM32L4xx_HAL_Driver/Src/stm32l4xx_hal_uart_ex.c **** 
 506:Drivers/STM32L4xx_HAL_Driver/Src/stm32l4xx_hal_uart_ex.c ****   /* Init tickstart for timeout management */
 507:Drivers/STM32L4xx_HAL_Driver/Src/stm32l4xx_hal_uart_ex.c ****   tickstart = HAL_GetTick();
 508:Drivers/STM32L4xx_HAL_Driver/Src/stm32l4xx_hal_uart_ex.c **** 
 509:Drivers/STM32L4xx_HAL_Driver/Src/stm32l4xx_hal_uart_ex.c ****   /* Wait until REACK flag is set */
 510:Drivers/STM32L4xx_HAL_Driver/Src/stm32l4xx_hal_uart_ex.c ****   if (UART_WaitOnFlagUntilTimeout(huart, USART_ISR_REACK, RESET, tickstart, HAL_UART_TIMEOUT_VALUE)
 511:Drivers/STM32L4xx_HAL_Driver/Src/stm32l4xx_hal_uart_ex.c ****   {
 512:Drivers/STM32L4xx_HAL_Driver/Src/stm32l4xx_hal_uart_ex.c ****     status = HAL_TIMEOUT;
 513:Drivers/STM32L4xx_HAL_Driver/Src/stm32l4xx_hal_uart_ex.c ****   }
 514:Drivers/STM32L4xx_HAL_Driver/Src/stm32l4xx_hal_uart_ex.c ****   else
 515:Drivers/STM32L4xx_HAL_Driver/Src/stm32l4xx_hal_uart_ex.c ****   {
 516:Drivers/STM32L4xx_HAL_Driver/Src/stm32l4xx_hal_uart_ex.c ****     /* Initialize the UART State */
 517:Drivers/STM32L4xx_HAL_Driver/Src/stm32l4xx_hal_uart_ex.c ****     huart->gState = HAL_UART_STATE_READY;
 518:Drivers/STM32L4xx_HAL_Driver/Src/stm32l4xx_hal_uart_ex.c ****   }
 519:Drivers/STM32L4xx_HAL_Driver/Src/stm32l4xx_hal_uart_ex.c **** 
 520:Drivers/STM32L4xx_HAL_Driver/Src/stm32l4xx_hal_uart_ex.c ****   /* Process Unlocked */
 521:Drivers/STM32L4xx_HAL_Driver/Src/stm32l4xx_hal_uart_ex.c ****   __HAL_UNLOCK(huart);
 522:Drivers/STM32L4xx_HAL_Driver/Src/stm32l4xx_hal_uart_ex.c **** 
 523:Drivers/STM32L4xx_HAL_Driver/Src/stm32l4xx_hal_uart_ex.c ****   return status;
 524:Drivers/STM32L4xx_HAL_Driver/Src/stm32l4xx_hal_uart_ex.c **** }
 525:Drivers/STM32L4xx_HAL_Driver/Src/stm32l4xx_hal_uart_ex.c **** 
 526:Drivers/STM32L4xx_HAL_Driver/Src/stm32l4xx_hal_uart_ex.c **** /**
 527:Drivers/STM32L4xx_HAL_Driver/Src/stm32l4xx_hal_uart_ex.c ****   * @brief Enable UART Stop Mode.
 528:Drivers/STM32L4xx_HAL_Driver/Src/stm32l4xx_hal_uart_ex.c ****   * @note The UART is able to wake up the MCU from Stop 1 mode as long as UART clock is HSI or LSE.
 529:Drivers/STM32L4xx_HAL_Driver/Src/stm32l4xx_hal_uart_ex.c ****   * @param huart UART handle.
 530:Drivers/STM32L4xx_HAL_Driver/Src/stm32l4xx_hal_uart_ex.c ****   * @retval HAL status
 531:Drivers/STM32L4xx_HAL_Driver/Src/stm32l4xx_hal_uart_ex.c ****   */
 532:Drivers/STM32L4xx_HAL_Driver/Src/stm32l4xx_hal_uart_ex.c **** HAL_StatusTypeDef HAL_UARTEx_EnableStopMode(UART_HandleTypeDef *huart)
 533:Drivers/STM32L4xx_HAL_Driver/Src/stm32l4xx_hal_uart_ex.c **** {
 534:Drivers/STM32L4xx_HAL_Driver/Src/stm32l4xx_hal_uart_ex.c ****   /* Process Locked */
 535:Drivers/STM32L4xx_HAL_Driver/Src/stm32l4xx_hal_uart_ex.c ****   __HAL_LOCK(huart);
 536:Drivers/STM32L4xx_HAL_Driver/Src/stm32l4xx_hal_uart_ex.c **** 
 537:Drivers/STM32L4xx_HAL_Driver/Src/stm32l4xx_hal_uart_ex.c ****   /* Set UESM bit */
 538:Drivers/STM32L4xx_HAL_Driver/Src/stm32l4xx_hal_uart_ex.c ****   ATOMIC_SET_BIT(huart->Instance->CR1, USART_CR1_UESM);
 539:Drivers/STM32L4xx_HAL_Driver/Src/stm32l4xx_hal_uart_ex.c **** 
 540:Drivers/STM32L4xx_HAL_Driver/Src/stm32l4xx_hal_uart_ex.c ****   /* Process Unlocked */
 541:Drivers/STM32L4xx_HAL_Driver/Src/stm32l4xx_hal_uart_ex.c ****   __HAL_UNLOCK(huart);
 542:Drivers/STM32L4xx_HAL_Driver/Src/stm32l4xx_hal_uart_ex.c **** 
 543:Drivers/STM32L4xx_HAL_Driver/Src/stm32l4xx_hal_uart_ex.c ****   return HAL_OK;
ARM GAS  /tmp/ccb1MUlA.s 			page 11


 544:Drivers/STM32L4xx_HAL_Driver/Src/stm32l4xx_hal_uart_ex.c **** }
 545:Drivers/STM32L4xx_HAL_Driver/Src/stm32l4xx_hal_uart_ex.c **** 
 546:Drivers/STM32L4xx_HAL_Driver/Src/stm32l4xx_hal_uart_ex.c **** /**
 547:Drivers/STM32L4xx_HAL_Driver/Src/stm32l4xx_hal_uart_ex.c ****   * @brief Disable UART Stop Mode.
 548:Drivers/STM32L4xx_HAL_Driver/Src/stm32l4xx_hal_uart_ex.c ****   * @param huart UART handle.
 549:Drivers/STM32L4xx_HAL_Driver/Src/stm32l4xx_hal_uart_ex.c ****   * @retval HAL status
 550:Drivers/STM32L4xx_HAL_Driver/Src/stm32l4xx_hal_uart_ex.c ****   */
 551:Drivers/STM32L4xx_HAL_Driver/Src/stm32l4xx_hal_uart_ex.c **** HAL_StatusTypeDef HAL_UARTEx_DisableStopMode(UART_HandleTypeDef *huart)
 552:Drivers/STM32L4xx_HAL_Driver/Src/stm32l4xx_hal_uart_ex.c **** {
 553:Drivers/STM32L4xx_HAL_Driver/Src/stm32l4xx_hal_uart_ex.c ****   /* Process Locked */
 554:Drivers/STM32L4xx_HAL_Driver/Src/stm32l4xx_hal_uart_ex.c ****   __HAL_LOCK(huart);
 555:Drivers/STM32L4xx_HAL_Driver/Src/stm32l4xx_hal_uart_ex.c **** 
 556:Drivers/STM32L4xx_HAL_Driver/Src/stm32l4xx_hal_uart_ex.c ****   /* Clear UESM bit */
 557:Drivers/STM32L4xx_HAL_Driver/Src/stm32l4xx_hal_uart_ex.c ****   ATOMIC_CLEAR_BIT(huart->Instance->CR1, USART_CR1_UESM);
 558:Drivers/STM32L4xx_HAL_Driver/Src/stm32l4xx_hal_uart_ex.c **** 
 559:Drivers/STM32L4xx_HAL_Driver/Src/stm32l4xx_hal_uart_ex.c ****   /* Process Unlocked */
 560:Drivers/STM32L4xx_HAL_Driver/Src/stm32l4xx_hal_uart_ex.c ****   __HAL_UNLOCK(huart);
 561:Drivers/STM32L4xx_HAL_Driver/Src/stm32l4xx_hal_uart_ex.c **** 
 562:Drivers/STM32L4xx_HAL_Driver/Src/stm32l4xx_hal_uart_ex.c ****   return HAL_OK;
 563:Drivers/STM32L4xx_HAL_Driver/Src/stm32l4xx_hal_uart_ex.c **** }
 564:Drivers/STM32L4xx_HAL_Driver/Src/stm32l4xx_hal_uart_ex.c **** 
 565:Drivers/STM32L4xx_HAL_Driver/Src/stm32l4xx_hal_uart_ex.c **** #if defined(USART_CR1_FIFOEN)
 566:Drivers/STM32L4xx_HAL_Driver/Src/stm32l4xx_hal_uart_ex.c **** /**
 567:Drivers/STM32L4xx_HAL_Driver/Src/stm32l4xx_hal_uart_ex.c ****   * @brief  Enable the FIFO mode.
 568:Drivers/STM32L4xx_HAL_Driver/Src/stm32l4xx_hal_uart_ex.c ****   * @param huart      UART handle.
 569:Drivers/STM32L4xx_HAL_Driver/Src/stm32l4xx_hal_uart_ex.c ****   * @retval HAL status
 570:Drivers/STM32L4xx_HAL_Driver/Src/stm32l4xx_hal_uart_ex.c ****   */
 571:Drivers/STM32L4xx_HAL_Driver/Src/stm32l4xx_hal_uart_ex.c **** HAL_StatusTypeDef HAL_UARTEx_EnableFifoMode(UART_HandleTypeDef *huart)
 572:Drivers/STM32L4xx_HAL_Driver/Src/stm32l4xx_hal_uart_ex.c **** {
 573:Drivers/STM32L4xx_HAL_Driver/Src/stm32l4xx_hal_uart_ex.c ****   uint32_t tmpcr1;
 574:Drivers/STM32L4xx_HAL_Driver/Src/stm32l4xx_hal_uart_ex.c **** 
 575:Drivers/STM32L4xx_HAL_Driver/Src/stm32l4xx_hal_uart_ex.c ****   /* Check parameters */
 576:Drivers/STM32L4xx_HAL_Driver/Src/stm32l4xx_hal_uart_ex.c ****   assert_param(IS_UART_FIFO_INSTANCE(huart->Instance));
 577:Drivers/STM32L4xx_HAL_Driver/Src/stm32l4xx_hal_uart_ex.c **** 
 578:Drivers/STM32L4xx_HAL_Driver/Src/stm32l4xx_hal_uart_ex.c ****   /* Process Locked */
 579:Drivers/STM32L4xx_HAL_Driver/Src/stm32l4xx_hal_uart_ex.c ****   __HAL_LOCK(huart);
 580:Drivers/STM32L4xx_HAL_Driver/Src/stm32l4xx_hal_uart_ex.c **** 
 581:Drivers/STM32L4xx_HAL_Driver/Src/stm32l4xx_hal_uart_ex.c ****   huart->gState = HAL_UART_STATE_BUSY;
 582:Drivers/STM32L4xx_HAL_Driver/Src/stm32l4xx_hal_uart_ex.c **** 
 583:Drivers/STM32L4xx_HAL_Driver/Src/stm32l4xx_hal_uart_ex.c ****   /* Save actual UART configuration */
 584:Drivers/STM32L4xx_HAL_Driver/Src/stm32l4xx_hal_uart_ex.c ****   tmpcr1 = READ_REG(huart->Instance->CR1);
 585:Drivers/STM32L4xx_HAL_Driver/Src/stm32l4xx_hal_uart_ex.c **** 
 586:Drivers/STM32L4xx_HAL_Driver/Src/stm32l4xx_hal_uart_ex.c ****   /* Disable UART */
 587:Drivers/STM32L4xx_HAL_Driver/Src/stm32l4xx_hal_uart_ex.c ****   __HAL_UART_DISABLE(huart);
 588:Drivers/STM32L4xx_HAL_Driver/Src/stm32l4xx_hal_uart_ex.c **** 
 589:Drivers/STM32L4xx_HAL_Driver/Src/stm32l4xx_hal_uart_ex.c ****   /* Enable FIFO mode */
 590:Drivers/STM32L4xx_HAL_Driver/Src/stm32l4xx_hal_uart_ex.c ****   SET_BIT(tmpcr1, USART_CR1_FIFOEN);
 591:Drivers/STM32L4xx_HAL_Driver/Src/stm32l4xx_hal_uart_ex.c ****   huart->FifoMode = UART_FIFOMODE_ENABLE;
 592:Drivers/STM32L4xx_HAL_Driver/Src/stm32l4xx_hal_uart_ex.c **** 
 593:Drivers/STM32L4xx_HAL_Driver/Src/stm32l4xx_hal_uart_ex.c ****   /* Restore UART configuration */
 594:Drivers/STM32L4xx_HAL_Driver/Src/stm32l4xx_hal_uart_ex.c ****   WRITE_REG(huart->Instance->CR1, tmpcr1);
 595:Drivers/STM32L4xx_HAL_Driver/Src/stm32l4xx_hal_uart_ex.c **** 
 596:Drivers/STM32L4xx_HAL_Driver/Src/stm32l4xx_hal_uart_ex.c ****   /* Determine the number of data to process during RX/TX ISR execution */
 597:Drivers/STM32L4xx_HAL_Driver/Src/stm32l4xx_hal_uart_ex.c ****   UARTEx_SetNbDataToProcess(huart);
 598:Drivers/STM32L4xx_HAL_Driver/Src/stm32l4xx_hal_uart_ex.c **** 
 599:Drivers/STM32L4xx_HAL_Driver/Src/stm32l4xx_hal_uart_ex.c ****   huart->gState = HAL_UART_STATE_READY;
 600:Drivers/STM32L4xx_HAL_Driver/Src/stm32l4xx_hal_uart_ex.c **** 
ARM GAS  /tmp/ccb1MUlA.s 			page 12


 601:Drivers/STM32L4xx_HAL_Driver/Src/stm32l4xx_hal_uart_ex.c ****   /* Process Unlocked */
 602:Drivers/STM32L4xx_HAL_Driver/Src/stm32l4xx_hal_uart_ex.c ****   __HAL_UNLOCK(huart);
 603:Drivers/STM32L4xx_HAL_Driver/Src/stm32l4xx_hal_uart_ex.c **** 
 604:Drivers/STM32L4xx_HAL_Driver/Src/stm32l4xx_hal_uart_ex.c ****   return HAL_OK;
 605:Drivers/STM32L4xx_HAL_Driver/Src/stm32l4xx_hal_uart_ex.c **** }
 606:Drivers/STM32L4xx_HAL_Driver/Src/stm32l4xx_hal_uart_ex.c **** 
 607:Drivers/STM32L4xx_HAL_Driver/Src/stm32l4xx_hal_uart_ex.c **** /**
 608:Drivers/STM32L4xx_HAL_Driver/Src/stm32l4xx_hal_uart_ex.c ****   * @brief  Disable the FIFO mode.
 609:Drivers/STM32L4xx_HAL_Driver/Src/stm32l4xx_hal_uart_ex.c ****   * @param huart      UART handle.
 610:Drivers/STM32L4xx_HAL_Driver/Src/stm32l4xx_hal_uart_ex.c ****   * @retval HAL status
 611:Drivers/STM32L4xx_HAL_Driver/Src/stm32l4xx_hal_uart_ex.c ****   */
 612:Drivers/STM32L4xx_HAL_Driver/Src/stm32l4xx_hal_uart_ex.c **** HAL_StatusTypeDef HAL_UARTEx_DisableFifoMode(UART_HandleTypeDef *huart)
 613:Drivers/STM32L4xx_HAL_Driver/Src/stm32l4xx_hal_uart_ex.c **** {
 614:Drivers/STM32L4xx_HAL_Driver/Src/stm32l4xx_hal_uart_ex.c ****   uint32_t tmpcr1;
 615:Drivers/STM32L4xx_HAL_Driver/Src/stm32l4xx_hal_uart_ex.c **** 
 616:Drivers/STM32L4xx_HAL_Driver/Src/stm32l4xx_hal_uart_ex.c ****   /* Check parameters */
 617:Drivers/STM32L4xx_HAL_Driver/Src/stm32l4xx_hal_uart_ex.c ****   assert_param(IS_UART_FIFO_INSTANCE(huart->Instance));
 618:Drivers/STM32L4xx_HAL_Driver/Src/stm32l4xx_hal_uart_ex.c **** 
 619:Drivers/STM32L4xx_HAL_Driver/Src/stm32l4xx_hal_uart_ex.c ****   /* Process Locked */
 620:Drivers/STM32L4xx_HAL_Driver/Src/stm32l4xx_hal_uart_ex.c ****   __HAL_LOCK(huart);
 621:Drivers/STM32L4xx_HAL_Driver/Src/stm32l4xx_hal_uart_ex.c **** 
 622:Drivers/STM32L4xx_HAL_Driver/Src/stm32l4xx_hal_uart_ex.c ****   huart->gState = HAL_UART_STATE_BUSY;
 623:Drivers/STM32L4xx_HAL_Driver/Src/stm32l4xx_hal_uart_ex.c **** 
 624:Drivers/STM32L4xx_HAL_Driver/Src/stm32l4xx_hal_uart_ex.c ****   /* Save actual UART configuration */
 625:Drivers/STM32L4xx_HAL_Driver/Src/stm32l4xx_hal_uart_ex.c ****   tmpcr1 = READ_REG(huart->Instance->CR1);
 626:Drivers/STM32L4xx_HAL_Driver/Src/stm32l4xx_hal_uart_ex.c **** 
 627:Drivers/STM32L4xx_HAL_Driver/Src/stm32l4xx_hal_uart_ex.c ****   /* Disable UART */
 628:Drivers/STM32L4xx_HAL_Driver/Src/stm32l4xx_hal_uart_ex.c ****   __HAL_UART_DISABLE(huart);
 629:Drivers/STM32L4xx_HAL_Driver/Src/stm32l4xx_hal_uart_ex.c **** 
 630:Drivers/STM32L4xx_HAL_Driver/Src/stm32l4xx_hal_uart_ex.c ****   /* Disable FIFO mode */
 631:Drivers/STM32L4xx_HAL_Driver/Src/stm32l4xx_hal_uart_ex.c ****   CLEAR_BIT(tmpcr1, USART_CR1_FIFOEN);
 632:Drivers/STM32L4xx_HAL_Driver/Src/stm32l4xx_hal_uart_ex.c ****   huart->FifoMode = UART_FIFOMODE_DISABLE;
 633:Drivers/STM32L4xx_HAL_Driver/Src/stm32l4xx_hal_uart_ex.c **** 
 634:Drivers/STM32L4xx_HAL_Driver/Src/stm32l4xx_hal_uart_ex.c ****   /* Restore UART configuration */
 635:Drivers/STM32L4xx_HAL_Driver/Src/stm32l4xx_hal_uart_ex.c ****   WRITE_REG(huart->Instance->CR1, tmpcr1);
 636:Drivers/STM32L4xx_HAL_Driver/Src/stm32l4xx_hal_uart_ex.c **** 
 637:Drivers/STM32L4xx_HAL_Driver/Src/stm32l4xx_hal_uart_ex.c ****   huart->gState = HAL_UART_STATE_READY;
 638:Drivers/STM32L4xx_HAL_Driver/Src/stm32l4xx_hal_uart_ex.c **** 
 639:Drivers/STM32L4xx_HAL_Driver/Src/stm32l4xx_hal_uart_ex.c ****   /* Process Unlocked */
 640:Drivers/STM32L4xx_HAL_Driver/Src/stm32l4xx_hal_uart_ex.c ****   __HAL_UNLOCK(huart);
 641:Drivers/STM32L4xx_HAL_Driver/Src/stm32l4xx_hal_uart_ex.c **** 
 642:Drivers/STM32L4xx_HAL_Driver/Src/stm32l4xx_hal_uart_ex.c ****   return HAL_OK;
 643:Drivers/STM32L4xx_HAL_Driver/Src/stm32l4xx_hal_uart_ex.c **** }
 644:Drivers/STM32L4xx_HAL_Driver/Src/stm32l4xx_hal_uart_ex.c **** 
 645:Drivers/STM32L4xx_HAL_Driver/Src/stm32l4xx_hal_uart_ex.c **** /**
 646:Drivers/STM32L4xx_HAL_Driver/Src/stm32l4xx_hal_uart_ex.c ****   * @brief  Set the TXFIFO threshold.
 647:Drivers/STM32L4xx_HAL_Driver/Src/stm32l4xx_hal_uart_ex.c ****   * @param huart      UART handle.
 648:Drivers/STM32L4xx_HAL_Driver/Src/stm32l4xx_hal_uart_ex.c ****   * @param Threshold  TX FIFO threshold value
 649:Drivers/STM32L4xx_HAL_Driver/Src/stm32l4xx_hal_uart_ex.c ****   *          This parameter can be one of the following values:
 650:Drivers/STM32L4xx_HAL_Driver/Src/stm32l4xx_hal_uart_ex.c ****   *            @arg @ref UART_TXFIFO_THRESHOLD_1_8
 651:Drivers/STM32L4xx_HAL_Driver/Src/stm32l4xx_hal_uart_ex.c ****   *            @arg @ref UART_TXFIFO_THRESHOLD_1_4
 652:Drivers/STM32L4xx_HAL_Driver/Src/stm32l4xx_hal_uart_ex.c ****   *            @arg @ref UART_TXFIFO_THRESHOLD_1_2
 653:Drivers/STM32L4xx_HAL_Driver/Src/stm32l4xx_hal_uart_ex.c ****   *            @arg @ref UART_TXFIFO_THRESHOLD_3_4
 654:Drivers/STM32L4xx_HAL_Driver/Src/stm32l4xx_hal_uart_ex.c ****   *            @arg @ref UART_TXFIFO_THRESHOLD_7_8
 655:Drivers/STM32L4xx_HAL_Driver/Src/stm32l4xx_hal_uart_ex.c ****   *            @arg @ref UART_TXFIFO_THRESHOLD_8_8
 656:Drivers/STM32L4xx_HAL_Driver/Src/stm32l4xx_hal_uart_ex.c ****   * @retval HAL status
 657:Drivers/STM32L4xx_HAL_Driver/Src/stm32l4xx_hal_uart_ex.c ****   */
ARM GAS  /tmp/ccb1MUlA.s 			page 13


 658:Drivers/STM32L4xx_HAL_Driver/Src/stm32l4xx_hal_uart_ex.c **** HAL_StatusTypeDef HAL_UARTEx_SetTxFifoThreshold(UART_HandleTypeDef *huart, uint32_t Threshold)
 659:Drivers/STM32L4xx_HAL_Driver/Src/stm32l4xx_hal_uart_ex.c **** {
 660:Drivers/STM32L4xx_HAL_Driver/Src/stm32l4xx_hal_uart_ex.c ****   uint32_t tmpcr1;
 661:Drivers/STM32L4xx_HAL_Driver/Src/stm32l4xx_hal_uart_ex.c **** 
 662:Drivers/STM32L4xx_HAL_Driver/Src/stm32l4xx_hal_uart_ex.c ****   /* Check parameters */
 663:Drivers/STM32L4xx_HAL_Driver/Src/stm32l4xx_hal_uart_ex.c ****   assert_param(IS_UART_FIFO_INSTANCE(huart->Instance));
 664:Drivers/STM32L4xx_HAL_Driver/Src/stm32l4xx_hal_uart_ex.c ****   assert_param(IS_UART_TXFIFO_THRESHOLD(Threshold));
 665:Drivers/STM32L4xx_HAL_Driver/Src/stm32l4xx_hal_uart_ex.c **** 
 666:Drivers/STM32L4xx_HAL_Driver/Src/stm32l4xx_hal_uart_ex.c ****   /* Process Locked */
 667:Drivers/STM32L4xx_HAL_Driver/Src/stm32l4xx_hal_uart_ex.c ****   __HAL_LOCK(huart);
 668:Drivers/STM32L4xx_HAL_Driver/Src/stm32l4xx_hal_uart_ex.c **** 
 669:Drivers/STM32L4xx_HAL_Driver/Src/stm32l4xx_hal_uart_ex.c ****   huart->gState = HAL_UART_STATE_BUSY;
 670:Drivers/STM32L4xx_HAL_Driver/Src/stm32l4xx_hal_uart_ex.c **** 
 671:Drivers/STM32L4xx_HAL_Driver/Src/stm32l4xx_hal_uart_ex.c ****   /* Save actual UART configuration */
 672:Drivers/STM32L4xx_HAL_Driver/Src/stm32l4xx_hal_uart_ex.c ****   tmpcr1 = READ_REG(huart->Instance->CR1);
 673:Drivers/STM32L4xx_HAL_Driver/Src/stm32l4xx_hal_uart_ex.c **** 
 674:Drivers/STM32L4xx_HAL_Driver/Src/stm32l4xx_hal_uart_ex.c ****   /* Disable UART */
 675:Drivers/STM32L4xx_HAL_Driver/Src/stm32l4xx_hal_uart_ex.c ****   __HAL_UART_DISABLE(huart);
 676:Drivers/STM32L4xx_HAL_Driver/Src/stm32l4xx_hal_uart_ex.c **** 
 677:Drivers/STM32L4xx_HAL_Driver/Src/stm32l4xx_hal_uart_ex.c ****   /* Update TX threshold configuration */
 678:Drivers/STM32L4xx_HAL_Driver/Src/stm32l4xx_hal_uart_ex.c ****   MODIFY_REG(huart->Instance->CR3, USART_CR3_TXFTCFG, Threshold);
 679:Drivers/STM32L4xx_HAL_Driver/Src/stm32l4xx_hal_uart_ex.c **** 
 680:Drivers/STM32L4xx_HAL_Driver/Src/stm32l4xx_hal_uart_ex.c ****   /* Determine the number of data to process during RX/TX ISR execution */
 681:Drivers/STM32L4xx_HAL_Driver/Src/stm32l4xx_hal_uart_ex.c ****   UARTEx_SetNbDataToProcess(huart);
 682:Drivers/STM32L4xx_HAL_Driver/Src/stm32l4xx_hal_uart_ex.c **** 
 683:Drivers/STM32L4xx_HAL_Driver/Src/stm32l4xx_hal_uart_ex.c ****   /* Restore UART configuration */
 684:Drivers/STM32L4xx_HAL_Driver/Src/stm32l4xx_hal_uart_ex.c ****   WRITE_REG(huart->Instance->CR1, tmpcr1);
 685:Drivers/STM32L4xx_HAL_Driver/Src/stm32l4xx_hal_uart_ex.c **** 
 686:Drivers/STM32L4xx_HAL_Driver/Src/stm32l4xx_hal_uart_ex.c ****   huart->gState = HAL_UART_STATE_READY;
 687:Drivers/STM32L4xx_HAL_Driver/Src/stm32l4xx_hal_uart_ex.c **** 
 688:Drivers/STM32L4xx_HAL_Driver/Src/stm32l4xx_hal_uart_ex.c ****   /* Process Unlocked */
 689:Drivers/STM32L4xx_HAL_Driver/Src/stm32l4xx_hal_uart_ex.c ****   __HAL_UNLOCK(huart);
 690:Drivers/STM32L4xx_HAL_Driver/Src/stm32l4xx_hal_uart_ex.c **** 
 691:Drivers/STM32L4xx_HAL_Driver/Src/stm32l4xx_hal_uart_ex.c ****   return HAL_OK;
 692:Drivers/STM32L4xx_HAL_Driver/Src/stm32l4xx_hal_uart_ex.c **** }
 693:Drivers/STM32L4xx_HAL_Driver/Src/stm32l4xx_hal_uart_ex.c **** 
 694:Drivers/STM32L4xx_HAL_Driver/Src/stm32l4xx_hal_uart_ex.c **** /**
 695:Drivers/STM32L4xx_HAL_Driver/Src/stm32l4xx_hal_uart_ex.c ****   * @brief  Set the RXFIFO threshold.
 696:Drivers/STM32L4xx_HAL_Driver/Src/stm32l4xx_hal_uart_ex.c ****   * @param huart      UART handle.
 697:Drivers/STM32L4xx_HAL_Driver/Src/stm32l4xx_hal_uart_ex.c ****   * @param Threshold  RX FIFO threshold value
 698:Drivers/STM32L4xx_HAL_Driver/Src/stm32l4xx_hal_uart_ex.c ****   *          This parameter can be one of the following values:
 699:Drivers/STM32L4xx_HAL_Driver/Src/stm32l4xx_hal_uart_ex.c ****   *            @arg @ref UART_RXFIFO_THRESHOLD_1_8
 700:Drivers/STM32L4xx_HAL_Driver/Src/stm32l4xx_hal_uart_ex.c ****   *            @arg @ref UART_RXFIFO_THRESHOLD_1_4
 701:Drivers/STM32L4xx_HAL_Driver/Src/stm32l4xx_hal_uart_ex.c ****   *            @arg @ref UART_RXFIFO_THRESHOLD_1_2
 702:Drivers/STM32L4xx_HAL_Driver/Src/stm32l4xx_hal_uart_ex.c ****   *            @arg @ref UART_RXFIFO_THRESHOLD_3_4
 703:Drivers/STM32L4xx_HAL_Driver/Src/stm32l4xx_hal_uart_ex.c ****   *            @arg @ref UART_RXFIFO_THRESHOLD_7_8
 704:Drivers/STM32L4xx_HAL_Driver/Src/stm32l4xx_hal_uart_ex.c ****   *            @arg @ref UART_RXFIFO_THRESHOLD_8_8
 705:Drivers/STM32L4xx_HAL_Driver/Src/stm32l4xx_hal_uart_ex.c ****   * @retval HAL status
 706:Drivers/STM32L4xx_HAL_Driver/Src/stm32l4xx_hal_uart_ex.c ****   */
 707:Drivers/STM32L4xx_HAL_Driver/Src/stm32l4xx_hal_uart_ex.c **** HAL_StatusTypeDef HAL_UARTEx_SetRxFifoThreshold(UART_HandleTypeDef *huart, uint32_t Threshold)
 708:Drivers/STM32L4xx_HAL_Driver/Src/stm32l4xx_hal_uart_ex.c **** {
 709:Drivers/STM32L4xx_HAL_Driver/Src/stm32l4xx_hal_uart_ex.c ****   uint32_t tmpcr1;
 710:Drivers/STM32L4xx_HAL_Driver/Src/stm32l4xx_hal_uart_ex.c **** 
 711:Drivers/STM32L4xx_HAL_Driver/Src/stm32l4xx_hal_uart_ex.c ****   /* Check the parameters */
 712:Drivers/STM32L4xx_HAL_Driver/Src/stm32l4xx_hal_uart_ex.c ****   assert_param(IS_UART_FIFO_INSTANCE(huart->Instance));
 713:Drivers/STM32L4xx_HAL_Driver/Src/stm32l4xx_hal_uart_ex.c ****   assert_param(IS_UART_RXFIFO_THRESHOLD(Threshold));
 714:Drivers/STM32L4xx_HAL_Driver/Src/stm32l4xx_hal_uart_ex.c **** 
ARM GAS  /tmp/ccb1MUlA.s 			page 14


 715:Drivers/STM32L4xx_HAL_Driver/Src/stm32l4xx_hal_uart_ex.c ****   /* Process Locked */
 716:Drivers/STM32L4xx_HAL_Driver/Src/stm32l4xx_hal_uart_ex.c ****   __HAL_LOCK(huart);
 717:Drivers/STM32L4xx_HAL_Driver/Src/stm32l4xx_hal_uart_ex.c **** 
 718:Drivers/STM32L4xx_HAL_Driver/Src/stm32l4xx_hal_uart_ex.c ****   huart->gState = HAL_UART_STATE_BUSY;
 719:Drivers/STM32L4xx_HAL_Driver/Src/stm32l4xx_hal_uart_ex.c **** 
 720:Drivers/STM32L4xx_HAL_Driver/Src/stm32l4xx_hal_uart_ex.c ****   /* Save actual UART configuration */
 721:Drivers/STM32L4xx_HAL_Driver/Src/stm32l4xx_hal_uart_ex.c ****   tmpcr1 = READ_REG(huart->Instance->CR1);
 722:Drivers/STM32L4xx_HAL_Driver/Src/stm32l4xx_hal_uart_ex.c **** 
 723:Drivers/STM32L4xx_HAL_Driver/Src/stm32l4xx_hal_uart_ex.c ****   /* Disable UART */
 724:Drivers/STM32L4xx_HAL_Driver/Src/stm32l4xx_hal_uart_ex.c ****   __HAL_UART_DISABLE(huart);
 725:Drivers/STM32L4xx_HAL_Driver/Src/stm32l4xx_hal_uart_ex.c **** 
 726:Drivers/STM32L4xx_HAL_Driver/Src/stm32l4xx_hal_uart_ex.c ****   /* Update RX threshold configuration */
 727:Drivers/STM32L4xx_HAL_Driver/Src/stm32l4xx_hal_uart_ex.c ****   MODIFY_REG(huart->Instance->CR3, USART_CR3_RXFTCFG, Threshold);
 728:Drivers/STM32L4xx_HAL_Driver/Src/stm32l4xx_hal_uart_ex.c **** 
 729:Drivers/STM32L4xx_HAL_Driver/Src/stm32l4xx_hal_uart_ex.c ****   /* Determine the number of data to process during RX/TX ISR execution */
 730:Drivers/STM32L4xx_HAL_Driver/Src/stm32l4xx_hal_uart_ex.c ****   UARTEx_SetNbDataToProcess(huart);
 731:Drivers/STM32L4xx_HAL_Driver/Src/stm32l4xx_hal_uart_ex.c **** 
 732:Drivers/STM32L4xx_HAL_Driver/Src/stm32l4xx_hal_uart_ex.c ****   /* Restore UART configuration */
 733:Drivers/STM32L4xx_HAL_Driver/Src/stm32l4xx_hal_uart_ex.c ****   WRITE_REG(huart->Instance->CR1, tmpcr1);
 734:Drivers/STM32L4xx_HAL_Driver/Src/stm32l4xx_hal_uart_ex.c **** 
 735:Drivers/STM32L4xx_HAL_Driver/Src/stm32l4xx_hal_uart_ex.c ****   huart->gState = HAL_UART_STATE_READY;
 736:Drivers/STM32L4xx_HAL_Driver/Src/stm32l4xx_hal_uart_ex.c **** 
 737:Drivers/STM32L4xx_HAL_Driver/Src/stm32l4xx_hal_uart_ex.c ****   /* Process Unlocked */
 738:Drivers/STM32L4xx_HAL_Driver/Src/stm32l4xx_hal_uart_ex.c ****   __HAL_UNLOCK(huart);
 739:Drivers/STM32L4xx_HAL_Driver/Src/stm32l4xx_hal_uart_ex.c **** 
 740:Drivers/STM32L4xx_HAL_Driver/Src/stm32l4xx_hal_uart_ex.c ****   return HAL_OK;
 741:Drivers/STM32L4xx_HAL_Driver/Src/stm32l4xx_hal_uart_ex.c **** }
 742:Drivers/STM32L4xx_HAL_Driver/Src/stm32l4xx_hal_uart_ex.c **** 
 743:Drivers/STM32L4xx_HAL_Driver/Src/stm32l4xx_hal_uart_ex.c **** #endif /* USART_CR1_FIFOEN */
 744:Drivers/STM32L4xx_HAL_Driver/Src/stm32l4xx_hal_uart_ex.c **** /**
 745:Drivers/STM32L4xx_HAL_Driver/Src/stm32l4xx_hal_uart_ex.c ****   * @brief Receive an amount of data in blocking mode till either the expected number of data
 746:Drivers/STM32L4xx_HAL_Driver/Src/stm32l4xx_hal_uart_ex.c ****   *        is received or an IDLE event occurs.
 747:Drivers/STM32L4xx_HAL_Driver/Src/stm32l4xx_hal_uart_ex.c ****   * @note  HAL_OK is returned if reception is completed (expected number of data has been received)
 748:Drivers/STM32L4xx_HAL_Driver/Src/stm32l4xx_hal_uart_ex.c ****   *        or if reception is stopped after IDLE event (less than the expected number of data has b
 749:Drivers/STM32L4xx_HAL_Driver/Src/stm32l4xx_hal_uart_ex.c ****   *        In this case, RxLen output parameter indicates number of data available in reception buf
 750:Drivers/STM32L4xx_HAL_Driver/Src/stm32l4xx_hal_uart_ex.c ****   * @note  When UART parity is not enabled (PCE = 0), and Word Length is configured to 9 bits (M1-M
 751:Drivers/STM32L4xx_HAL_Driver/Src/stm32l4xx_hal_uart_ex.c ****   *        the received data is handled as a set of uint16_t. In this case, Size must indicate the 
 752:Drivers/STM32L4xx_HAL_Driver/Src/stm32l4xx_hal_uart_ex.c ****   *        of uint16_t available through pData.
 753:Drivers/STM32L4xx_HAL_Driver/Src/stm32l4xx_hal_uart_ex.c ****   * @note When FIFO mode is enabled, the RXFNE flag is set as long as the RXFIFO
 754:Drivers/STM32L4xx_HAL_Driver/Src/stm32l4xx_hal_uart_ex.c ****   *       is not empty. Read operations from the RDR register are performed when
 755:Drivers/STM32L4xx_HAL_Driver/Src/stm32l4xx_hal_uart_ex.c ****   *       RXFNE flag is set. From hardware perspective, RXFNE flag and
 756:Drivers/STM32L4xx_HAL_Driver/Src/stm32l4xx_hal_uart_ex.c ****   *       RXNE are mapped on the same bit-field.
 757:Drivers/STM32L4xx_HAL_Driver/Src/stm32l4xx_hal_uart_ex.c ****   * @param huart   UART handle.
 758:Drivers/STM32L4xx_HAL_Driver/Src/stm32l4xx_hal_uart_ex.c ****   * @param pData   Pointer to data buffer (uint8_t or uint16_t data elements).
 759:Drivers/STM32L4xx_HAL_Driver/Src/stm32l4xx_hal_uart_ex.c ****   * @param Size    Amount of data elements (uint8_t or uint16_t) to be received.
 760:Drivers/STM32L4xx_HAL_Driver/Src/stm32l4xx_hal_uart_ex.c ****   * @param RxLen   Number of data elements finally received
 761:Drivers/STM32L4xx_HAL_Driver/Src/stm32l4xx_hal_uart_ex.c ****   *                (could be lower than Size, in case reception ends on IDLE event)
 762:Drivers/STM32L4xx_HAL_Driver/Src/stm32l4xx_hal_uart_ex.c ****   * @param Timeout Timeout duration expressed in ms (covers the whole reception sequence).
 763:Drivers/STM32L4xx_HAL_Driver/Src/stm32l4xx_hal_uart_ex.c ****   * @retval HAL status
 764:Drivers/STM32L4xx_HAL_Driver/Src/stm32l4xx_hal_uart_ex.c ****   */
 765:Drivers/STM32L4xx_HAL_Driver/Src/stm32l4xx_hal_uart_ex.c **** HAL_StatusTypeDef HAL_UARTEx_ReceiveToIdle(UART_HandleTypeDef *huart, uint8_t *pData, uint16_t Size
 766:Drivers/STM32L4xx_HAL_Driver/Src/stm32l4xx_hal_uart_ex.c ****                                            uint32_t Timeout)
 767:Drivers/STM32L4xx_HAL_Driver/Src/stm32l4xx_hal_uart_ex.c **** {
 768:Drivers/STM32L4xx_HAL_Driver/Src/stm32l4xx_hal_uart_ex.c ****   uint8_t  *pdata8bits;
 769:Drivers/STM32L4xx_HAL_Driver/Src/stm32l4xx_hal_uart_ex.c ****   uint16_t *pdata16bits;
 770:Drivers/STM32L4xx_HAL_Driver/Src/stm32l4xx_hal_uart_ex.c ****   uint16_t uhMask;
 771:Drivers/STM32L4xx_HAL_Driver/Src/stm32l4xx_hal_uart_ex.c ****   uint32_t tickstart;
ARM GAS  /tmp/ccb1MUlA.s 			page 15


 772:Drivers/STM32L4xx_HAL_Driver/Src/stm32l4xx_hal_uart_ex.c **** 
 773:Drivers/STM32L4xx_HAL_Driver/Src/stm32l4xx_hal_uart_ex.c ****   /* Check that a Rx process is not already ongoing */
 774:Drivers/STM32L4xx_HAL_Driver/Src/stm32l4xx_hal_uart_ex.c ****   if (huart->RxState == HAL_UART_STATE_READY)
 775:Drivers/STM32L4xx_HAL_Driver/Src/stm32l4xx_hal_uart_ex.c ****   {
 776:Drivers/STM32L4xx_HAL_Driver/Src/stm32l4xx_hal_uart_ex.c ****     if ((pData == NULL) || (Size == 0U))
 777:Drivers/STM32L4xx_HAL_Driver/Src/stm32l4xx_hal_uart_ex.c ****     {
 778:Drivers/STM32L4xx_HAL_Driver/Src/stm32l4xx_hal_uart_ex.c ****       return  HAL_ERROR;
 779:Drivers/STM32L4xx_HAL_Driver/Src/stm32l4xx_hal_uart_ex.c ****     }
 780:Drivers/STM32L4xx_HAL_Driver/Src/stm32l4xx_hal_uart_ex.c **** 
 781:Drivers/STM32L4xx_HAL_Driver/Src/stm32l4xx_hal_uart_ex.c ****     huart->ErrorCode = HAL_UART_ERROR_NONE;
 782:Drivers/STM32L4xx_HAL_Driver/Src/stm32l4xx_hal_uart_ex.c ****     huart->RxState = HAL_UART_STATE_BUSY_RX;
 783:Drivers/STM32L4xx_HAL_Driver/Src/stm32l4xx_hal_uart_ex.c ****     huart->ReceptionType = HAL_UART_RECEPTION_TOIDLE;
 784:Drivers/STM32L4xx_HAL_Driver/Src/stm32l4xx_hal_uart_ex.c ****     huart->RxEventType = HAL_UART_RXEVENT_TC;
 785:Drivers/STM32L4xx_HAL_Driver/Src/stm32l4xx_hal_uart_ex.c **** 
 786:Drivers/STM32L4xx_HAL_Driver/Src/stm32l4xx_hal_uart_ex.c ****     /* Init tickstart for timeout management */
 787:Drivers/STM32L4xx_HAL_Driver/Src/stm32l4xx_hal_uart_ex.c ****     tickstart = HAL_GetTick();
 788:Drivers/STM32L4xx_HAL_Driver/Src/stm32l4xx_hal_uart_ex.c **** 
 789:Drivers/STM32L4xx_HAL_Driver/Src/stm32l4xx_hal_uart_ex.c ****     huart->RxXferSize  = Size;
 790:Drivers/STM32L4xx_HAL_Driver/Src/stm32l4xx_hal_uart_ex.c ****     huart->RxXferCount = Size;
 791:Drivers/STM32L4xx_HAL_Driver/Src/stm32l4xx_hal_uart_ex.c **** 
 792:Drivers/STM32L4xx_HAL_Driver/Src/stm32l4xx_hal_uart_ex.c ****     /* Computation of UART mask to apply to RDR register */
 793:Drivers/STM32L4xx_HAL_Driver/Src/stm32l4xx_hal_uart_ex.c ****     UART_MASK_COMPUTATION(huart);
 794:Drivers/STM32L4xx_HAL_Driver/Src/stm32l4xx_hal_uart_ex.c ****     uhMask = huart->Mask;
 795:Drivers/STM32L4xx_HAL_Driver/Src/stm32l4xx_hal_uart_ex.c **** 
 796:Drivers/STM32L4xx_HAL_Driver/Src/stm32l4xx_hal_uart_ex.c ****     /* In case of 9bits/No Parity transfer, pRxData needs to be handled as a uint16_t pointer */
 797:Drivers/STM32L4xx_HAL_Driver/Src/stm32l4xx_hal_uart_ex.c ****     if ((huart->Init.WordLength == UART_WORDLENGTH_9B) && (huart->Init.Parity == UART_PARITY_NONE))
 798:Drivers/STM32L4xx_HAL_Driver/Src/stm32l4xx_hal_uart_ex.c ****     {
 799:Drivers/STM32L4xx_HAL_Driver/Src/stm32l4xx_hal_uart_ex.c ****       pdata8bits  = NULL;
 800:Drivers/STM32L4xx_HAL_Driver/Src/stm32l4xx_hal_uart_ex.c ****       pdata16bits = (uint16_t *) pData;
 801:Drivers/STM32L4xx_HAL_Driver/Src/stm32l4xx_hal_uart_ex.c ****     }
 802:Drivers/STM32L4xx_HAL_Driver/Src/stm32l4xx_hal_uart_ex.c ****     else
 803:Drivers/STM32L4xx_HAL_Driver/Src/stm32l4xx_hal_uart_ex.c ****     {
 804:Drivers/STM32L4xx_HAL_Driver/Src/stm32l4xx_hal_uart_ex.c ****       pdata8bits  = pData;
 805:Drivers/STM32L4xx_HAL_Driver/Src/stm32l4xx_hal_uart_ex.c ****       pdata16bits = NULL;
 806:Drivers/STM32L4xx_HAL_Driver/Src/stm32l4xx_hal_uart_ex.c ****     }
 807:Drivers/STM32L4xx_HAL_Driver/Src/stm32l4xx_hal_uart_ex.c **** 
 808:Drivers/STM32L4xx_HAL_Driver/Src/stm32l4xx_hal_uart_ex.c ****     /* Initialize output number of received elements */
 809:Drivers/STM32L4xx_HAL_Driver/Src/stm32l4xx_hal_uart_ex.c ****     *RxLen = 0U;
 810:Drivers/STM32L4xx_HAL_Driver/Src/stm32l4xx_hal_uart_ex.c **** 
 811:Drivers/STM32L4xx_HAL_Driver/Src/stm32l4xx_hal_uart_ex.c ****     /* as long as data have to be received */
 812:Drivers/STM32L4xx_HAL_Driver/Src/stm32l4xx_hal_uart_ex.c ****     while (huart->RxXferCount > 0U)
 813:Drivers/STM32L4xx_HAL_Driver/Src/stm32l4xx_hal_uart_ex.c ****     {
 814:Drivers/STM32L4xx_HAL_Driver/Src/stm32l4xx_hal_uart_ex.c ****       /* Check if IDLE flag is set */
 815:Drivers/STM32L4xx_HAL_Driver/Src/stm32l4xx_hal_uart_ex.c ****       if (__HAL_UART_GET_FLAG(huart, UART_FLAG_IDLE))
 816:Drivers/STM32L4xx_HAL_Driver/Src/stm32l4xx_hal_uart_ex.c ****       {
 817:Drivers/STM32L4xx_HAL_Driver/Src/stm32l4xx_hal_uart_ex.c ****         /* Clear IDLE flag in ISR */
 818:Drivers/STM32L4xx_HAL_Driver/Src/stm32l4xx_hal_uart_ex.c ****         __HAL_UART_CLEAR_FLAG(huart, UART_CLEAR_IDLEF);
 819:Drivers/STM32L4xx_HAL_Driver/Src/stm32l4xx_hal_uart_ex.c **** 
 820:Drivers/STM32L4xx_HAL_Driver/Src/stm32l4xx_hal_uart_ex.c ****         /* If Set, but no data ever received, clear flag without exiting loop */
 821:Drivers/STM32L4xx_HAL_Driver/Src/stm32l4xx_hal_uart_ex.c ****         /* If Set, and data has already been received, this means Idle Event is valid : End recepti
 822:Drivers/STM32L4xx_HAL_Driver/Src/stm32l4xx_hal_uart_ex.c ****         if (*RxLen > 0U)
 823:Drivers/STM32L4xx_HAL_Driver/Src/stm32l4xx_hal_uart_ex.c ****         {
 824:Drivers/STM32L4xx_HAL_Driver/Src/stm32l4xx_hal_uart_ex.c ****           huart->RxEventType = HAL_UART_RXEVENT_IDLE;
 825:Drivers/STM32L4xx_HAL_Driver/Src/stm32l4xx_hal_uart_ex.c ****           huart->RxState = HAL_UART_STATE_READY;
 826:Drivers/STM32L4xx_HAL_Driver/Src/stm32l4xx_hal_uart_ex.c **** 
 827:Drivers/STM32L4xx_HAL_Driver/Src/stm32l4xx_hal_uart_ex.c ****           return HAL_OK;
 828:Drivers/STM32L4xx_HAL_Driver/Src/stm32l4xx_hal_uart_ex.c ****         }
ARM GAS  /tmp/ccb1MUlA.s 			page 16


 829:Drivers/STM32L4xx_HAL_Driver/Src/stm32l4xx_hal_uart_ex.c ****       }
 830:Drivers/STM32L4xx_HAL_Driver/Src/stm32l4xx_hal_uart_ex.c **** 
 831:Drivers/STM32L4xx_HAL_Driver/Src/stm32l4xx_hal_uart_ex.c ****       /* Check if RXNE flag is set */
 832:Drivers/STM32L4xx_HAL_Driver/Src/stm32l4xx_hal_uart_ex.c ****       if (__HAL_UART_GET_FLAG(huart, UART_FLAG_RXNE))
 833:Drivers/STM32L4xx_HAL_Driver/Src/stm32l4xx_hal_uart_ex.c ****       {
 834:Drivers/STM32L4xx_HAL_Driver/Src/stm32l4xx_hal_uart_ex.c ****         if (pdata8bits == NULL)
 835:Drivers/STM32L4xx_HAL_Driver/Src/stm32l4xx_hal_uart_ex.c ****         {
 836:Drivers/STM32L4xx_HAL_Driver/Src/stm32l4xx_hal_uart_ex.c ****           *pdata16bits = (uint16_t)(huart->Instance->RDR & uhMask);
 837:Drivers/STM32L4xx_HAL_Driver/Src/stm32l4xx_hal_uart_ex.c ****           pdata16bits++;
 838:Drivers/STM32L4xx_HAL_Driver/Src/stm32l4xx_hal_uart_ex.c ****         }
 839:Drivers/STM32L4xx_HAL_Driver/Src/stm32l4xx_hal_uart_ex.c ****         else
 840:Drivers/STM32L4xx_HAL_Driver/Src/stm32l4xx_hal_uart_ex.c ****         {
 841:Drivers/STM32L4xx_HAL_Driver/Src/stm32l4xx_hal_uart_ex.c ****           *pdata8bits = (uint8_t)(huart->Instance->RDR & (uint8_t)uhMask);
 842:Drivers/STM32L4xx_HAL_Driver/Src/stm32l4xx_hal_uart_ex.c ****           pdata8bits++;
 843:Drivers/STM32L4xx_HAL_Driver/Src/stm32l4xx_hal_uart_ex.c ****         }
 844:Drivers/STM32L4xx_HAL_Driver/Src/stm32l4xx_hal_uart_ex.c ****         /* Increment number of received elements */
 845:Drivers/STM32L4xx_HAL_Driver/Src/stm32l4xx_hal_uart_ex.c ****         *RxLen += 1U;
 846:Drivers/STM32L4xx_HAL_Driver/Src/stm32l4xx_hal_uart_ex.c ****         huart->RxXferCount--;
 847:Drivers/STM32L4xx_HAL_Driver/Src/stm32l4xx_hal_uart_ex.c ****       }
 848:Drivers/STM32L4xx_HAL_Driver/Src/stm32l4xx_hal_uart_ex.c **** 
 849:Drivers/STM32L4xx_HAL_Driver/Src/stm32l4xx_hal_uart_ex.c ****       /* Check for the Timeout */
 850:Drivers/STM32L4xx_HAL_Driver/Src/stm32l4xx_hal_uart_ex.c ****       if (Timeout != HAL_MAX_DELAY)
 851:Drivers/STM32L4xx_HAL_Driver/Src/stm32l4xx_hal_uart_ex.c ****       {
 852:Drivers/STM32L4xx_HAL_Driver/Src/stm32l4xx_hal_uart_ex.c ****         if (((HAL_GetTick() - tickstart) > Timeout) || (Timeout == 0U))
 853:Drivers/STM32L4xx_HAL_Driver/Src/stm32l4xx_hal_uart_ex.c ****         {
 854:Drivers/STM32L4xx_HAL_Driver/Src/stm32l4xx_hal_uart_ex.c ****           huart->RxState = HAL_UART_STATE_READY;
 855:Drivers/STM32L4xx_HAL_Driver/Src/stm32l4xx_hal_uart_ex.c **** 
 856:Drivers/STM32L4xx_HAL_Driver/Src/stm32l4xx_hal_uart_ex.c ****           return HAL_TIMEOUT;
 857:Drivers/STM32L4xx_HAL_Driver/Src/stm32l4xx_hal_uart_ex.c ****         }
 858:Drivers/STM32L4xx_HAL_Driver/Src/stm32l4xx_hal_uart_ex.c ****       }
 859:Drivers/STM32L4xx_HAL_Driver/Src/stm32l4xx_hal_uart_ex.c ****     }
 860:Drivers/STM32L4xx_HAL_Driver/Src/stm32l4xx_hal_uart_ex.c **** 
 861:Drivers/STM32L4xx_HAL_Driver/Src/stm32l4xx_hal_uart_ex.c ****     /* Set number of received elements in output parameter : RxLen */
 862:Drivers/STM32L4xx_HAL_Driver/Src/stm32l4xx_hal_uart_ex.c ****     *RxLen = huart->RxXferSize - huart->RxXferCount;
 863:Drivers/STM32L4xx_HAL_Driver/Src/stm32l4xx_hal_uart_ex.c ****     /* At end of Rx process, restore huart->RxState to Ready */
 864:Drivers/STM32L4xx_HAL_Driver/Src/stm32l4xx_hal_uart_ex.c ****     huart->RxState = HAL_UART_STATE_READY;
 865:Drivers/STM32L4xx_HAL_Driver/Src/stm32l4xx_hal_uart_ex.c **** 
 866:Drivers/STM32L4xx_HAL_Driver/Src/stm32l4xx_hal_uart_ex.c ****     return HAL_OK;
 867:Drivers/STM32L4xx_HAL_Driver/Src/stm32l4xx_hal_uart_ex.c ****   }
 868:Drivers/STM32L4xx_HAL_Driver/Src/stm32l4xx_hal_uart_ex.c ****   else
 869:Drivers/STM32L4xx_HAL_Driver/Src/stm32l4xx_hal_uart_ex.c ****   {
 870:Drivers/STM32L4xx_HAL_Driver/Src/stm32l4xx_hal_uart_ex.c ****     return HAL_BUSY;
 871:Drivers/STM32L4xx_HAL_Driver/Src/stm32l4xx_hal_uart_ex.c ****   }
 872:Drivers/STM32L4xx_HAL_Driver/Src/stm32l4xx_hal_uart_ex.c **** }
 873:Drivers/STM32L4xx_HAL_Driver/Src/stm32l4xx_hal_uart_ex.c **** 
 874:Drivers/STM32L4xx_HAL_Driver/Src/stm32l4xx_hal_uart_ex.c **** /**
 875:Drivers/STM32L4xx_HAL_Driver/Src/stm32l4xx_hal_uart_ex.c ****   * @brief Receive an amount of data in interrupt mode till either the expected number of data
 876:Drivers/STM32L4xx_HAL_Driver/Src/stm32l4xx_hal_uart_ex.c ****   *        is received or an IDLE event occurs.
 877:Drivers/STM32L4xx_HAL_Driver/Src/stm32l4xx_hal_uart_ex.c ****   * @note  Reception is initiated by this function call. Further progress of reception is achieved 
 878:Drivers/STM32L4xx_HAL_Driver/Src/stm32l4xx_hal_uart_ex.c ****   *        to UART interrupts raised by RXNE and IDLE events. Callback is called at end of receptio
 879:Drivers/STM32L4xx_HAL_Driver/Src/stm32l4xx_hal_uart_ex.c ****   *        number of received data elements.
 880:Drivers/STM32L4xx_HAL_Driver/Src/stm32l4xx_hal_uart_ex.c ****   * @note  When UART parity is not enabled (PCE = 0), and Word Length is configured to 9 bits (M1-M
 881:Drivers/STM32L4xx_HAL_Driver/Src/stm32l4xx_hal_uart_ex.c ****   *        the received data is handled as a set of uint16_t. In this case, Size must indicate the 
 882:Drivers/STM32L4xx_HAL_Driver/Src/stm32l4xx_hal_uart_ex.c ****   *        of uint16_t available through pData.
 883:Drivers/STM32L4xx_HAL_Driver/Src/stm32l4xx_hal_uart_ex.c ****   * @param huart UART handle.
 884:Drivers/STM32L4xx_HAL_Driver/Src/stm32l4xx_hal_uart_ex.c ****   * @param pData Pointer to data buffer (uint8_t or uint16_t data elements).
 885:Drivers/STM32L4xx_HAL_Driver/Src/stm32l4xx_hal_uart_ex.c ****   * @param Size  Amount of data elements (uint8_t or uint16_t) to be received.
ARM GAS  /tmp/ccb1MUlA.s 			page 17


 886:Drivers/STM32L4xx_HAL_Driver/Src/stm32l4xx_hal_uart_ex.c ****   * @retval HAL status
 887:Drivers/STM32L4xx_HAL_Driver/Src/stm32l4xx_hal_uart_ex.c ****   */
 888:Drivers/STM32L4xx_HAL_Driver/Src/stm32l4xx_hal_uart_ex.c **** HAL_StatusTypeDef HAL_UARTEx_ReceiveToIdle_IT(UART_HandleTypeDef *huart, uint8_t *pData, uint16_t S
 889:Drivers/STM32L4xx_HAL_Driver/Src/stm32l4xx_hal_uart_ex.c **** {
 890:Drivers/STM32L4xx_HAL_Driver/Src/stm32l4xx_hal_uart_ex.c ****   HAL_StatusTypeDef status = HAL_OK;
 891:Drivers/STM32L4xx_HAL_Driver/Src/stm32l4xx_hal_uart_ex.c **** 
 892:Drivers/STM32L4xx_HAL_Driver/Src/stm32l4xx_hal_uart_ex.c ****   /* Check that a Rx process is not already ongoing */
 893:Drivers/STM32L4xx_HAL_Driver/Src/stm32l4xx_hal_uart_ex.c ****   if (huart->RxState == HAL_UART_STATE_READY)
 894:Drivers/STM32L4xx_HAL_Driver/Src/stm32l4xx_hal_uart_ex.c ****   {
 895:Drivers/STM32L4xx_HAL_Driver/Src/stm32l4xx_hal_uart_ex.c ****     if ((pData == NULL) || (Size == 0U))
 896:Drivers/STM32L4xx_HAL_Driver/Src/stm32l4xx_hal_uart_ex.c ****     {
 897:Drivers/STM32L4xx_HAL_Driver/Src/stm32l4xx_hal_uart_ex.c ****       return HAL_ERROR;
 898:Drivers/STM32L4xx_HAL_Driver/Src/stm32l4xx_hal_uart_ex.c ****     }
 899:Drivers/STM32L4xx_HAL_Driver/Src/stm32l4xx_hal_uart_ex.c **** 
 900:Drivers/STM32L4xx_HAL_Driver/Src/stm32l4xx_hal_uart_ex.c ****     /* Set Reception type to reception till IDLE Event*/
 901:Drivers/STM32L4xx_HAL_Driver/Src/stm32l4xx_hal_uart_ex.c ****     huart->ReceptionType = HAL_UART_RECEPTION_TOIDLE;
 902:Drivers/STM32L4xx_HAL_Driver/Src/stm32l4xx_hal_uart_ex.c ****     huart->RxEventType = HAL_UART_RXEVENT_TC;
 903:Drivers/STM32L4xx_HAL_Driver/Src/stm32l4xx_hal_uart_ex.c **** 
 904:Drivers/STM32L4xx_HAL_Driver/Src/stm32l4xx_hal_uart_ex.c ****     (void)UART_Start_Receive_IT(huart, pData, Size);
 905:Drivers/STM32L4xx_HAL_Driver/Src/stm32l4xx_hal_uart_ex.c **** 
 906:Drivers/STM32L4xx_HAL_Driver/Src/stm32l4xx_hal_uart_ex.c ****     if (huart->ReceptionType == HAL_UART_RECEPTION_TOIDLE)
 907:Drivers/STM32L4xx_HAL_Driver/Src/stm32l4xx_hal_uart_ex.c ****     {
 908:Drivers/STM32L4xx_HAL_Driver/Src/stm32l4xx_hal_uart_ex.c ****       __HAL_UART_CLEAR_FLAG(huart, UART_CLEAR_IDLEF);
 909:Drivers/STM32L4xx_HAL_Driver/Src/stm32l4xx_hal_uart_ex.c ****       ATOMIC_SET_BIT(huart->Instance->CR1, USART_CR1_IDLEIE);
 910:Drivers/STM32L4xx_HAL_Driver/Src/stm32l4xx_hal_uart_ex.c ****     }
 911:Drivers/STM32L4xx_HAL_Driver/Src/stm32l4xx_hal_uart_ex.c ****     else
 912:Drivers/STM32L4xx_HAL_Driver/Src/stm32l4xx_hal_uart_ex.c ****     {
 913:Drivers/STM32L4xx_HAL_Driver/Src/stm32l4xx_hal_uart_ex.c ****       /* In case of errors already pending when reception is started,
 914:Drivers/STM32L4xx_HAL_Driver/Src/stm32l4xx_hal_uart_ex.c ****          Interrupts may have already been raised and lead to reception abortion.
 915:Drivers/STM32L4xx_HAL_Driver/Src/stm32l4xx_hal_uart_ex.c ****          (Overrun error for instance).
 916:Drivers/STM32L4xx_HAL_Driver/Src/stm32l4xx_hal_uart_ex.c ****          In such case Reception Type has been reset to HAL_UART_RECEPTION_STANDARD. */
 917:Drivers/STM32L4xx_HAL_Driver/Src/stm32l4xx_hal_uart_ex.c ****       status = HAL_ERROR;
 918:Drivers/STM32L4xx_HAL_Driver/Src/stm32l4xx_hal_uart_ex.c ****     }
 919:Drivers/STM32L4xx_HAL_Driver/Src/stm32l4xx_hal_uart_ex.c **** 
 920:Drivers/STM32L4xx_HAL_Driver/Src/stm32l4xx_hal_uart_ex.c ****     return status;
 921:Drivers/STM32L4xx_HAL_Driver/Src/stm32l4xx_hal_uart_ex.c ****   }
 922:Drivers/STM32L4xx_HAL_Driver/Src/stm32l4xx_hal_uart_ex.c ****   else
 923:Drivers/STM32L4xx_HAL_Driver/Src/stm32l4xx_hal_uart_ex.c ****   {
 924:Drivers/STM32L4xx_HAL_Driver/Src/stm32l4xx_hal_uart_ex.c ****     return HAL_BUSY;
 925:Drivers/STM32L4xx_HAL_Driver/Src/stm32l4xx_hal_uart_ex.c ****   }
 926:Drivers/STM32L4xx_HAL_Driver/Src/stm32l4xx_hal_uart_ex.c **** }
 927:Drivers/STM32L4xx_HAL_Driver/Src/stm32l4xx_hal_uart_ex.c **** 
 928:Drivers/STM32L4xx_HAL_Driver/Src/stm32l4xx_hal_uart_ex.c **** /**
 929:Drivers/STM32L4xx_HAL_Driver/Src/stm32l4xx_hal_uart_ex.c ****   * @brief Receive an amount of data in DMA mode till either the expected number
 930:Drivers/STM32L4xx_HAL_Driver/Src/stm32l4xx_hal_uart_ex.c ****   *        of data is received or an IDLE event occurs.
 931:Drivers/STM32L4xx_HAL_Driver/Src/stm32l4xx_hal_uart_ex.c ****   * @note  Reception is initiated by this function call. Further progress of reception is achieved 
 932:Drivers/STM32L4xx_HAL_Driver/Src/stm32l4xx_hal_uart_ex.c ****   *        to DMA services, transferring automatically received data elements in user reception buf
 933:Drivers/STM32L4xx_HAL_Driver/Src/stm32l4xx_hal_uart_ex.c ****   *        calling registered callbacks at half/end of reception. UART IDLE events are also used to
 934:Drivers/STM32L4xx_HAL_Driver/Src/stm32l4xx_hal_uart_ex.c ****   *        reception phase as ended. In all cases, callback execution will indicate number of recei
 935:Drivers/STM32L4xx_HAL_Driver/Src/stm32l4xx_hal_uart_ex.c ****   * @note  When the UART parity is enabled (PCE = 1), the received data contain
 936:Drivers/STM32L4xx_HAL_Driver/Src/stm32l4xx_hal_uart_ex.c ****   *        the parity bit (MSB position).
 937:Drivers/STM32L4xx_HAL_Driver/Src/stm32l4xx_hal_uart_ex.c ****   * @note  When UART parity is not enabled (PCE = 0), and Word Length is configured to 9 bits (M1-M
 938:Drivers/STM32L4xx_HAL_Driver/Src/stm32l4xx_hal_uart_ex.c ****   *        the received data is handled as a set of uint16_t. In this case, Size must indicate the 
 939:Drivers/STM32L4xx_HAL_Driver/Src/stm32l4xx_hal_uart_ex.c ****   *        of uint16_t available through pData.
 940:Drivers/STM32L4xx_HAL_Driver/Src/stm32l4xx_hal_uart_ex.c ****   * @param huart UART handle.
 941:Drivers/STM32L4xx_HAL_Driver/Src/stm32l4xx_hal_uart_ex.c ****   * @param pData Pointer to data buffer (uint8_t or uint16_t data elements).
 942:Drivers/STM32L4xx_HAL_Driver/Src/stm32l4xx_hal_uart_ex.c ****   * @param Size  Amount of data elements (uint8_t or uint16_t) to be received.
ARM GAS  /tmp/ccb1MUlA.s 			page 18


 943:Drivers/STM32L4xx_HAL_Driver/Src/stm32l4xx_hal_uart_ex.c ****   * @retval HAL status
 944:Drivers/STM32L4xx_HAL_Driver/Src/stm32l4xx_hal_uart_ex.c ****   */
 945:Drivers/STM32L4xx_HAL_Driver/Src/stm32l4xx_hal_uart_ex.c **** HAL_StatusTypeDef HAL_UARTEx_ReceiveToIdle_DMA(UART_HandleTypeDef *huart, uint8_t *pData, uint16_t 
 946:Drivers/STM32L4xx_HAL_Driver/Src/stm32l4xx_hal_uart_ex.c **** {
 947:Drivers/STM32L4xx_HAL_Driver/Src/stm32l4xx_hal_uart_ex.c ****   HAL_StatusTypeDef status;
 948:Drivers/STM32L4xx_HAL_Driver/Src/stm32l4xx_hal_uart_ex.c **** 
 949:Drivers/STM32L4xx_HAL_Driver/Src/stm32l4xx_hal_uart_ex.c ****   /* Check that a Rx process is not already ongoing */
 950:Drivers/STM32L4xx_HAL_Driver/Src/stm32l4xx_hal_uart_ex.c ****   if (huart->RxState == HAL_UART_STATE_READY)
 951:Drivers/STM32L4xx_HAL_Driver/Src/stm32l4xx_hal_uart_ex.c ****   {
 952:Drivers/STM32L4xx_HAL_Driver/Src/stm32l4xx_hal_uart_ex.c ****     if ((pData == NULL) || (Size == 0U))
 953:Drivers/STM32L4xx_HAL_Driver/Src/stm32l4xx_hal_uart_ex.c ****     {
 954:Drivers/STM32L4xx_HAL_Driver/Src/stm32l4xx_hal_uart_ex.c ****       return HAL_ERROR;
 955:Drivers/STM32L4xx_HAL_Driver/Src/stm32l4xx_hal_uart_ex.c ****     }
 956:Drivers/STM32L4xx_HAL_Driver/Src/stm32l4xx_hal_uart_ex.c **** 
 957:Drivers/STM32L4xx_HAL_Driver/Src/stm32l4xx_hal_uart_ex.c ****     /* Set Reception type to reception till IDLE Event*/
 958:Drivers/STM32L4xx_HAL_Driver/Src/stm32l4xx_hal_uart_ex.c ****     huart->ReceptionType = HAL_UART_RECEPTION_TOIDLE;
 959:Drivers/STM32L4xx_HAL_Driver/Src/stm32l4xx_hal_uart_ex.c ****     huart->RxEventType = HAL_UART_RXEVENT_TC;
 960:Drivers/STM32L4xx_HAL_Driver/Src/stm32l4xx_hal_uart_ex.c **** 
 961:Drivers/STM32L4xx_HAL_Driver/Src/stm32l4xx_hal_uart_ex.c ****     status =  UART_Start_Receive_DMA(huart, pData, Size);
 962:Drivers/STM32L4xx_HAL_Driver/Src/stm32l4xx_hal_uart_ex.c **** 
 963:Drivers/STM32L4xx_HAL_Driver/Src/stm32l4xx_hal_uart_ex.c ****     /* Check Rx process has been successfully started */
 964:Drivers/STM32L4xx_HAL_Driver/Src/stm32l4xx_hal_uart_ex.c ****     if (status == HAL_OK)
 965:Drivers/STM32L4xx_HAL_Driver/Src/stm32l4xx_hal_uart_ex.c ****     {
 966:Drivers/STM32L4xx_HAL_Driver/Src/stm32l4xx_hal_uart_ex.c ****       if (huart->ReceptionType == HAL_UART_RECEPTION_TOIDLE)
 967:Drivers/STM32L4xx_HAL_Driver/Src/stm32l4xx_hal_uart_ex.c ****       {
 968:Drivers/STM32L4xx_HAL_Driver/Src/stm32l4xx_hal_uart_ex.c ****         __HAL_UART_CLEAR_FLAG(huart, UART_CLEAR_IDLEF);
 969:Drivers/STM32L4xx_HAL_Driver/Src/stm32l4xx_hal_uart_ex.c ****         ATOMIC_SET_BIT(huart->Instance->CR1, USART_CR1_IDLEIE);
 970:Drivers/STM32L4xx_HAL_Driver/Src/stm32l4xx_hal_uart_ex.c ****       }
 971:Drivers/STM32L4xx_HAL_Driver/Src/stm32l4xx_hal_uart_ex.c ****       else
 972:Drivers/STM32L4xx_HAL_Driver/Src/stm32l4xx_hal_uart_ex.c ****       {
 973:Drivers/STM32L4xx_HAL_Driver/Src/stm32l4xx_hal_uart_ex.c ****         /* In case of errors already pending when reception is started,
 974:Drivers/STM32L4xx_HAL_Driver/Src/stm32l4xx_hal_uart_ex.c ****            Interrupts may have already been raised and lead to reception abortion.
 975:Drivers/STM32L4xx_HAL_Driver/Src/stm32l4xx_hal_uart_ex.c ****            (Overrun error for instance).
 976:Drivers/STM32L4xx_HAL_Driver/Src/stm32l4xx_hal_uart_ex.c ****            In such case Reception Type has been reset to HAL_UART_RECEPTION_STANDARD. */
 977:Drivers/STM32L4xx_HAL_Driver/Src/stm32l4xx_hal_uart_ex.c ****         status = HAL_ERROR;
 978:Drivers/STM32L4xx_HAL_Driver/Src/stm32l4xx_hal_uart_ex.c ****       }
 979:Drivers/STM32L4xx_HAL_Driver/Src/stm32l4xx_hal_uart_ex.c ****     }
 980:Drivers/STM32L4xx_HAL_Driver/Src/stm32l4xx_hal_uart_ex.c **** 
 981:Drivers/STM32L4xx_HAL_Driver/Src/stm32l4xx_hal_uart_ex.c ****     return status;
 982:Drivers/STM32L4xx_HAL_Driver/Src/stm32l4xx_hal_uart_ex.c ****   }
 983:Drivers/STM32L4xx_HAL_Driver/Src/stm32l4xx_hal_uart_ex.c ****   else
 984:Drivers/STM32L4xx_HAL_Driver/Src/stm32l4xx_hal_uart_ex.c ****   {
 985:Drivers/STM32L4xx_HAL_Driver/Src/stm32l4xx_hal_uart_ex.c ****     return HAL_BUSY;
 986:Drivers/STM32L4xx_HAL_Driver/Src/stm32l4xx_hal_uart_ex.c ****   }
 987:Drivers/STM32L4xx_HAL_Driver/Src/stm32l4xx_hal_uart_ex.c **** }
 988:Drivers/STM32L4xx_HAL_Driver/Src/stm32l4xx_hal_uart_ex.c **** 
 989:Drivers/STM32L4xx_HAL_Driver/Src/stm32l4xx_hal_uart_ex.c **** /**
 990:Drivers/STM32L4xx_HAL_Driver/Src/stm32l4xx_hal_uart_ex.c ****   * @brief Provide Rx Event type that has lead to RxEvent callback execution.
 991:Drivers/STM32L4xx_HAL_Driver/Src/stm32l4xx_hal_uart_ex.c ****   * @note  When HAL_UARTEx_ReceiveToIdle_IT() or HAL_UARTEx_ReceiveToIdle_DMA() API are called, pro
 992:Drivers/STM32L4xx_HAL_Driver/Src/stm32l4xx_hal_uart_ex.c ****   *        of reception process is provided to application through calls of Rx Event callback (eith
 993:Drivers/STM32L4xx_HAL_Driver/Src/stm32l4xx_hal_uart_ex.c ****   *        HAL_UARTEx_RxEventCallback() or user registered one). As several types of events could o
 994:Drivers/STM32L4xx_HAL_Driver/Src/stm32l4xx_hal_uart_ex.c ****   *        Half Transfer, or Transfer Complete), this function allows to retrieve the Rx Event type
 995:Drivers/STM32L4xx_HAL_Driver/Src/stm32l4xx_hal_uart_ex.c ****   *        to Rx Event callback execution.
 996:Drivers/STM32L4xx_HAL_Driver/Src/stm32l4xx_hal_uart_ex.c ****   * @note  This function is expected to be called within the user implementation of Rx Event Callba
 997:Drivers/STM32L4xx_HAL_Driver/Src/stm32l4xx_hal_uart_ex.c ****   *        in order to provide the accurate value.
 998:Drivers/STM32L4xx_HAL_Driver/Src/stm32l4xx_hal_uart_ex.c ****   * @note  In Interrupt Mode:
 999:Drivers/STM32L4xx_HAL_Driver/Src/stm32l4xx_hal_uart_ex.c ****   *        - HAL_UART_RXEVENT_TC : when Reception has been completed (expected nb of data has been 
ARM GAS  /tmp/ccb1MUlA.s 			page 19


1000:Drivers/STM32L4xx_HAL_Driver/Src/stm32l4xx_hal_uart_ex.c ****   *        - HAL_UART_RXEVENT_IDLE : when Idle event occurred prior reception has been completed.
1001:Drivers/STM32L4xx_HAL_Driver/Src/stm32l4xx_hal_uart_ex.c ****   * @note  In DMA Mode:
1002:Drivers/STM32L4xx_HAL_Driver/Src/stm32l4xx_hal_uart_ex.c ****   *        - HAL_UART_RXEVENT_TC : when Reception has been completed (expected nb of data has been 
1003:Drivers/STM32L4xx_HAL_Driver/Src/stm32l4xx_hal_uart_ex.c ****   *        - HAL_UART_RXEVENT_HT : when half of expected nb of data has been received.
1004:Drivers/STM32L4xx_HAL_Driver/Src/stm32l4xx_hal_uart_ex.c ****   *        - HAL_UART_RXEVENT_IDLE : when Idle event occurred prior reception has been completed.
1005:Drivers/STM32L4xx_HAL_Driver/Src/stm32l4xx_hal_uart_ex.c ****   * @note  In DMA mode, RxEvent callback could be called several times;
1006:Drivers/STM32L4xx_HAL_Driver/Src/stm32l4xx_hal_uart_ex.c ****   *        When DMA is configured in Normal Mode, HT event does not stop Reception process;
1007:Drivers/STM32L4xx_HAL_Driver/Src/stm32l4xx_hal_uart_ex.c ****   *        When DMA is configured in Circular Mode, HT, TC or IDLE events don't stop Reception proc
1008:Drivers/STM32L4xx_HAL_Driver/Src/stm32l4xx_hal_uart_ex.c ****   * @param  huart UART handle.
1009:Drivers/STM32L4xx_HAL_Driver/Src/stm32l4xx_hal_uart_ex.c ****   * @retval Rx Event Type (return vale will be a value of @ref UART_RxEvent_Type_Values)
1010:Drivers/STM32L4xx_HAL_Driver/Src/stm32l4xx_hal_uart_ex.c ****   */
1011:Drivers/STM32L4xx_HAL_Driver/Src/stm32l4xx_hal_uart_ex.c **** HAL_UART_RxEventTypeTypeDef HAL_UARTEx_GetRxEventType(const UART_HandleTypeDef *huart)
1012:Drivers/STM32L4xx_HAL_Driver/Src/stm32l4xx_hal_uart_ex.c **** {
1013:Drivers/STM32L4xx_HAL_Driver/Src/stm32l4xx_hal_uart_ex.c ****   /* Return Rx Event type value, as stored in UART handle */
1014:Drivers/STM32L4xx_HAL_Driver/Src/stm32l4xx_hal_uart_ex.c ****   return (huart->RxEventType);
1015:Drivers/STM32L4xx_HAL_Driver/Src/stm32l4xx_hal_uart_ex.c **** }
1016:Drivers/STM32L4xx_HAL_Driver/Src/stm32l4xx_hal_uart_ex.c **** 
1017:Drivers/STM32L4xx_HAL_Driver/Src/stm32l4xx_hal_uart_ex.c **** /**
1018:Drivers/STM32L4xx_HAL_Driver/Src/stm32l4xx_hal_uart_ex.c ****   * @}
1019:Drivers/STM32L4xx_HAL_Driver/Src/stm32l4xx_hal_uart_ex.c ****   */
1020:Drivers/STM32L4xx_HAL_Driver/Src/stm32l4xx_hal_uart_ex.c **** 
1021:Drivers/STM32L4xx_HAL_Driver/Src/stm32l4xx_hal_uart_ex.c **** /**
1022:Drivers/STM32L4xx_HAL_Driver/Src/stm32l4xx_hal_uart_ex.c ****   * @}
1023:Drivers/STM32L4xx_HAL_Driver/Src/stm32l4xx_hal_uart_ex.c ****   */
1024:Drivers/STM32L4xx_HAL_Driver/Src/stm32l4xx_hal_uart_ex.c **** 
1025:Drivers/STM32L4xx_HAL_Driver/Src/stm32l4xx_hal_uart_ex.c **** /** @addtogroup UARTEx_Private_Functions
1026:Drivers/STM32L4xx_HAL_Driver/Src/stm32l4xx_hal_uart_ex.c ****   * @{
1027:Drivers/STM32L4xx_HAL_Driver/Src/stm32l4xx_hal_uart_ex.c ****   */
1028:Drivers/STM32L4xx_HAL_Driver/Src/stm32l4xx_hal_uart_ex.c **** 
1029:Drivers/STM32L4xx_HAL_Driver/Src/stm32l4xx_hal_uart_ex.c **** /**
1030:Drivers/STM32L4xx_HAL_Driver/Src/stm32l4xx_hal_uart_ex.c ****   * @brief Initialize the UART wake-up from stop mode parameters when triggered by address detectio
1031:Drivers/STM32L4xx_HAL_Driver/Src/stm32l4xx_hal_uart_ex.c ****   * @param huart           UART handle.
1032:Drivers/STM32L4xx_HAL_Driver/Src/stm32l4xx_hal_uart_ex.c ****   * @param WakeUpSelection UART wake up from stop mode parameters.
1033:Drivers/STM32L4xx_HAL_Driver/Src/stm32l4xx_hal_uart_ex.c ****   * @retval None
1034:Drivers/STM32L4xx_HAL_Driver/Src/stm32l4xx_hal_uart_ex.c ****   */
1035:Drivers/STM32L4xx_HAL_Driver/Src/stm32l4xx_hal_uart_ex.c **** static void UARTEx_Wakeup_AddressConfig(UART_HandleTypeDef *huart, UART_WakeUpTypeDef WakeUpSelecti
1036:Drivers/STM32L4xx_HAL_Driver/Src/stm32l4xx_hal_uart_ex.c **** {
  29              		.loc 1 1036 1 view -0
  30              		.cfi_startproc
  31              		@ args = 0, pretend = 0, frame = 8
  32              		@ frame_needed = 0, uses_anonymous_args = 0
  33              		@ link register save eliminated.
  34              		.loc 1 1036 1 is_stmt 0 view .LVU1
  35 0000 82B0     		sub	sp, sp, #8
  36              	.LCFI0:
  37              		.cfi_def_cfa_offset 8
  38 0002 02AB     		add	r3, sp, #8
  39 0004 03E90600 		stmdb	r3, {r1, r2}
1037:Drivers/STM32L4xx_HAL_Driver/Src/stm32l4xx_hal_uart_ex.c ****   assert_param(IS_UART_ADDRESSLENGTH_DETECT(WakeUpSelection.AddressLength));
  40              		.loc 1 1037 3 is_stmt 1 view .LVU2
1038:Drivers/STM32L4xx_HAL_Driver/Src/stm32l4xx_hal_uart_ex.c **** 
1039:Drivers/STM32L4xx_HAL_Driver/Src/stm32l4xx_hal_uart_ex.c ****   /* Set the USART address length */
1040:Drivers/STM32L4xx_HAL_Driver/Src/stm32l4xx_hal_uart_ex.c ****   MODIFY_REG(huart->Instance->CR2, USART_CR2_ADDM7, WakeUpSelection.AddressLength);
  41              		.loc 1 1040 3 view .LVU3
  42 0008 0268     		ldr	r2, [r0]
  43 000a 5368     		ldr	r3, [r2, #4]
  44 000c 23F01003 		bic	r3, r3, #16
ARM GAS  /tmp/ccb1MUlA.s 			page 20


  45 0010 BDF80410 		ldrh	r1, [sp, #4]
  46 0014 0B43     		orrs	r3, r3, r1
  47 0016 5360     		str	r3, [r2, #4]
1041:Drivers/STM32L4xx_HAL_Driver/Src/stm32l4xx_hal_uart_ex.c **** 
1042:Drivers/STM32L4xx_HAL_Driver/Src/stm32l4xx_hal_uart_ex.c ****   /* Set the USART address node */
1043:Drivers/STM32L4xx_HAL_Driver/Src/stm32l4xx_hal_uart_ex.c ****   MODIFY_REG(huart->Instance->CR2, USART_CR2_ADD, ((uint32_t)WakeUpSelection.Address << UART_CR2_AD
  48              		.loc 1 1043 3 view .LVU4
  49 0018 0268     		ldr	r2, [r0]
  50 001a 5368     		ldr	r3, [r2, #4]
  51 001c 23F07F43 		bic	r3, r3, #-16777216
  52 0020 9DF80610 		ldrb	r1, [sp, #6]	@ zero_extendqisi2
  53 0024 43EA0163 		orr	r3, r3, r1, lsl #24
  54 0028 5360     		str	r3, [r2, #4]
1044:Drivers/STM32L4xx_HAL_Driver/Src/stm32l4xx_hal_uart_ex.c **** }
  55              		.loc 1 1044 1 is_stmt 0 view .LVU5
  56 002a 02B0     		add	sp, sp, #8
  57              	.LCFI1:
  58              		.cfi_def_cfa_offset 0
  59              		@ sp needed
  60 002c 7047     		bx	lr
  61              		.cfi_endproc
  62              	.LFE396:
  64              		.section	.text.HAL_RS485Ex_Init,"ax",%progbits
  65              		.align	1
  66              		.global	HAL_RS485Ex_Init
  67              		.syntax unified
  68              		.thumb
  69              		.thumb_func
  71              	HAL_RS485Ex_Init:
  72              	.LVL1:
  73              	.LFB384:
 172:Drivers/STM32L4xx_HAL_Driver/Src/stm32l4xx_hal_uart_ex.c ****   uint32_t temp;
  74              		.loc 1 172 1 is_stmt 1 view -0
  75              		.cfi_startproc
  76              		@ args = 0, pretend = 0, frame = 0
  77              		@ frame_needed = 0, uses_anonymous_args = 0
 173:Drivers/STM32L4xx_HAL_Driver/Src/stm32l4xx_hal_uart_ex.c **** 
  78              		.loc 1 173 3 view .LVU7
 176:Drivers/STM32L4xx_HAL_Driver/Src/stm32l4xx_hal_uart_ex.c ****   {
  79              		.loc 1 176 3 view .LVU8
 176:Drivers/STM32L4xx_HAL_Driver/Src/stm32l4xx_hal_uart_ex.c ****   {
  80              		.loc 1 176 6 is_stmt 0 view .LVU9
  81 0000 0028     		cmp	r0, #0
  82 0002 3AD0     		beq	.L7
 172:Drivers/STM32L4xx_HAL_Driver/Src/stm32l4xx_hal_uart_ex.c ****   uint32_t temp;
  83              		.loc 1 172 1 view .LVU10
  84 0004 F8B5     		push	{r3, r4, r5, r6, r7, lr}
  85              	.LCFI2:
  86              		.cfi_def_cfa_offset 24
  87              		.cfi_offset 3, -24
  88              		.cfi_offset 4, -20
  89              		.cfi_offset 5, -16
  90              		.cfi_offset 6, -12
  91              		.cfi_offset 7, -8
  92              		.cfi_offset 14, -4
  93 0006 0F46     		mov	r7, r1
  94 0008 1646     		mov	r6, r2
ARM GAS  /tmp/ccb1MUlA.s 			page 21


  95 000a 1D46     		mov	r5, r3
  96 000c 0446     		mov	r4, r0
 181:Drivers/STM32L4xx_HAL_Driver/Src/stm32l4xx_hal_uart_ex.c **** 
  97              		.loc 1 181 3 is_stmt 1 view .LVU11
 184:Drivers/STM32L4xx_HAL_Driver/Src/stm32l4xx_hal_uart_ex.c **** 
  98              		.loc 1 184 3 view .LVU12
 187:Drivers/STM32L4xx_HAL_Driver/Src/stm32l4xx_hal_uart_ex.c **** 
  99              		.loc 1 187 3 view .LVU13
 190:Drivers/STM32L4xx_HAL_Driver/Src/stm32l4xx_hal_uart_ex.c **** 
 100              		.loc 1 190 3 view .LVU14
 192:Drivers/STM32L4xx_HAL_Driver/Src/stm32l4xx_hal_uart_ex.c ****   {
 101              		.loc 1 192 3 view .LVU15
 192:Drivers/STM32L4xx_HAL_Driver/Src/stm32l4xx_hal_uart_ex.c ****   {
 102              		.loc 1 192 12 is_stmt 0 view .LVU16
 103 000e C36F     		ldr	r3, [r0, #124]
 104              	.LVL2:
 192:Drivers/STM32L4xx_HAL_Driver/Src/stm32l4xx_hal_uart_ex.c ****   {
 105              		.loc 1 192 6 view .LVU17
 106 0010 53B3     		cbz	r3, .L12
 107              	.LVL3:
 108              	.L5:
 213:Drivers/STM32L4xx_HAL_Driver/Src/stm32l4xx_hal_uart_ex.c **** 
 109              		.loc 1 213 3 is_stmt 1 view .LVU18
 213:Drivers/STM32L4xx_HAL_Driver/Src/stm32l4xx_hal_uart_ex.c **** 
 110              		.loc 1 213 17 is_stmt 0 view .LVU19
 111 0012 2423     		movs	r3, #36
 112 0014 E367     		str	r3, [r4, #124]
 216:Drivers/STM32L4xx_HAL_Driver/Src/stm32l4xx_hal_uart_ex.c **** 
 113              		.loc 1 216 3 is_stmt 1 view .LVU20
 114 0016 2268     		ldr	r2, [r4]
 115 0018 1368     		ldr	r3, [r2]
 116 001a 23F00103 		bic	r3, r3, #1
 117 001e 1360     		str	r3, [r2]
 220:Drivers/STM32L4xx_HAL_Driver/Src/stm32l4xx_hal_uart_ex.c ****   {
 118              		.loc 1 220 3 view .LVU21
 220:Drivers/STM32L4xx_HAL_Driver/Src/stm32l4xx_hal_uart_ex.c ****   {
 119              		.loc 1 220 26 is_stmt 0 view .LVU22
 120 0020 636A     		ldr	r3, [r4, #36]
 220:Drivers/STM32L4xx_HAL_Driver/Src/stm32l4xx_hal_uart_ex.c ****   {
 121              		.loc 1 220 6 view .LVU23
 122 0022 33BB     		cbnz	r3, .L13
 123              	.L6:
 226:Drivers/STM32L4xx_HAL_Driver/Src/stm32l4xx_hal_uart_ex.c ****   {
 124              		.loc 1 226 3 is_stmt 1 view .LVU24
 226:Drivers/STM32L4xx_HAL_Driver/Src/stm32l4xx_hal_uart_ex.c ****   {
 125              		.loc 1 226 7 is_stmt 0 view .LVU25
 126 0024 2046     		mov	r0, r4
 127 0026 FFF7FEFF 		bl	UART_SetConfig
 128              	.LVL4:
 226:Drivers/STM32L4xx_HAL_Driver/Src/stm32l4xx_hal_uart_ex.c ****   {
 129              		.loc 1 226 6 discriminator 1 view .LVU26
 130 002a 0128     		cmp	r0, #1
 131 002c 1BD0     		beq	.L4
 232:Drivers/STM32L4xx_HAL_Driver/Src/stm32l4xx_hal_uart_ex.c **** 
 132              		.loc 1 232 3 is_stmt 1 view .LVU27
 133 002e 2268     		ldr	r2, [r4]
 134 0030 9368     		ldr	r3, [r2, #8]
ARM GAS  /tmp/ccb1MUlA.s 			page 22


 135 0032 43F48043 		orr	r3, r3, #16384
 136 0036 9360     		str	r3, [r2, #8]
 235:Drivers/STM32L4xx_HAL_Driver/Src/stm32l4xx_hal_uart_ex.c **** 
 137              		.loc 1 235 3 view .LVU28
 138 0038 2268     		ldr	r2, [r4]
 139 003a 9368     		ldr	r3, [r2, #8]
 140 003c 23F40043 		bic	r3, r3, #32768
 141 0040 3B43     		orrs	r3, r3, r7
 142 0042 9360     		str	r3, [r2, #8]
 238:Drivers/STM32L4xx_HAL_Driver/Src/stm32l4xx_hal_uart_ex.c ****   temp |= (DeassertionTime << UART_CR1_DEDT_ADDRESS_LSB_POS);
 143              		.loc 1 238 3 view .LVU29
 144              	.LVL5:
 239:Drivers/STM32L4xx_HAL_Driver/Src/stm32l4xx_hal_uart_ex.c ****   MODIFY_REG(huart->Instance->CR1, (USART_CR1_DEDT | USART_CR1_DEAT), temp);
 145              		.loc 1 239 3 view .LVU30
 239:Drivers/STM32L4xx_HAL_Driver/Src/stm32l4xx_hal_uart_ex.c ****   MODIFY_REG(huart->Instance->CR1, (USART_CR1_DEDT | USART_CR1_DEAT), temp);
 146              		.loc 1 239 28 is_stmt 0 view .LVU31
 147 0044 2D04     		lsls	r5, r5, #16
 148              	.LVL6:
 239:Drivers/STM32L4xx_HAL_Driver/Src/stm32l4xx_hal_uart_ex.c ****   MODIFY_REG(huart->Instance->CR1, (USART_CR1_DEDT | USART_CR1_DEAT), temp);
 149              		.loc 1 239 8 view .LVU32
 150 0046 45EA4652 		orr	r2, r5, r6, lsl #21
 151              	.LVL7:
 240:Drivers/STM32L4xx_HAL_Driver/Src/stm32l4xx_hal_uart_ex.c **** 
 152              		.loc 1 240 3 is_stmt 1 view .LVU33
 153 004a 2168     		ldr	r1, [r4]
 154 004c 0B68     		ldr	r3, [r1]
 155 004e 6FF31943 		bfc	r3, #16, #10
 156 0052 1343     		orrs	r3, r3, r2
 157 0054 0B60     		str	r3, [r1]
 243:Drivers/STM32L4xx_HAL_Driver/Src/stm32l4xx_hal_uart_ex.c **** 
 158              		.loc 1 243 3 view .LVU34
 159 0056 2268     		ldr	r2, [r4]
 160              	.LVL8:
 243:Drivers/STM32L4xx_HAL_Driver/Src/stm32l4xx_hal_uart_ex.c **** 
 161              		.loc 1 243 3 is_stmt 0 view .LVU35
 162 0058 1368     		ldr	r3, [r2]
 163 005a 43F00103 		orr	r3, r3, #1
 164 005e 1360     		str	r3, [r2]
 246:Drivers/STM32L4xx_HAL_Driver/Src/stm32l4xx_hal_uart_ex.c **** }
 165              		.loc 1 246 3 is_stmt 1 view .LVU36
 246:Drivers/STM32L4xx_HAL_Driver/Src/stm32l4xx_hal_uart_ex.c **** }
 166              		.loc 1 246 11 is_stmt 0 view .LVU37
 167 0060 2046     		mov	r0, r4
 168 0062 FFF7FEFF 		bl	UART_CheckIdleState
 169              	.LVL9:
 170              	.L4:
 247:Drivers/STM32L4xx_HAL_Driver/Src/stm32l4xx_hal_uart_ex.c **** 
 171              		.loc 1 247 1 view .LVU38
 172 0066 F8BD     		pop	{r3, r4, r5, r6, r7, pc}
 173              	.LVL10:
 174              	.L12:
 195:Drivers/STM32L4xx_HAL_Driver/Src/stm32l4xx_hal_uart_ex.c **** 
 175              		.loc 1 195 5 is_stmt 1 view .LVU39
 195:Drivers/STM32L4xx_HAL_Driver/Src/stm32l4xx_hal_uart_ex.c **** 
 176              		.loc 1 195 17 is_stmt 0 view .LVU40
 177 0068 80F87830 		strb	r3, [r0, #120]
 209:Drivers/STM32L4xx_HAL_Driver/Src/stm32l4xx_hal_uart_ex.c **** #endif /* (USE_HAL_UART_REGISTER_CALLBACKS) */
ARM GAS  /tmp/ccb1MUlA.s 			page 23


 178              		.loc 1 209 5 is_stmt 1 view .LVU41
 179 006c FFF7FEFF 		bl	HAL_UART_MspInit
 180              	.LVL11:
 209:Drivers/STM32L4xx_HAL_Driver/Src/stm32l4xx_hal_uart_ex.c **** #endif /* (USE_HAL_UART_REGISTER_CALLBACKS) */
 181              		.loc 1 209 5 is_stmt 0 view .LVU42
 182 0070 CFE7     		b	.L5
 183              	.L13:
 222:Drivers/STM32L4xx_HAL_Driver/Src/stm32l4xx_hal_uart_ex.c ****   }
 184              		.loc 1 222 5 is_stmt 1 view .LVU43
 185 0072 2046     		mov	r0, r4
 186 0074 FFF7FEFF 		bl	UART_AdvFeatureConfig
 187              	.LVL12:
 188 0078 D4E7     		b	.L6
 189              	.LVL13:
 190              	.L7:
 191              	.LCFI3:
 192              		.cfi_def_cfa_offset 0
 193              		.cfi_restore 3
 194              		.cfi_restore 4
 195              		.cfi_restore 5
 196              		.cfi_restore 6
 197              		.cfi_restore 7
 198              		.cfi_restore 14
 178:Drivers/STM32L4xx_HAL_Driver/Src/stm32l4xx_hal_uart_ex.c ****   }
 199              		.loc 1 178 12 is_stmt 0 view .LVU44
 200 007a 0120     		movs	r0, #1
 201              	.LVL14:
 247:Drivers/STM32L4xx_HAL_Driver/Src/stm32l4xx_hal_uart_ex.c **** 
 202              		.loc 1 247 1 view .LVU45
 203 007c 7047     		bx	lr
 204              		.cfi_endproc
 205              	.LFE384:
 207              		.section	.text.HAL_UARTEx_WakeupCallback,"ax",%progbits
 208              		.align	1
 209              		.weak	HAL_UARTEx_WakeupCallback
 210              		.syntax unified
 211              		.thumb
 212              		.thumb_func
 214              	HAL_UARTEx_WakeupCallback:
 215              	.LVL15:
 216              	.LFB385:
 277:Drivers/STM32L4xx_HAL_Driver/Src/stm32l4xx_hal_uart_ex.c ****   /* Prevent unused argument(s) compilation warning */
 217              		.loc 1 277 1 is_stmt 1 view -0
 218              		.cfi_startproc
 219              		@ args = 0, pretend = 0, frame = 0
 220              		@ frame_needed = 0, uses_anonymous_args = 0
 221              		@ link register save eliminated.
 279:Drivers/STM32L4xx_HAL_Driver/Src/stm32l4xx_hal_uart_ex.c **** 
 222              		.loc 1 279 3 view .LVU47
 284:Drivers/STM32L4xx_HAL_Driver/Src/stm32l4xx_hal_uart_ex.c **** 
 223              		.loc 1 284 1 is_stmt 0 view .LVU48
 224 0000 7047     		bx	lr
 225              		.cfi_endproc
 226              	.LFE385:
 228              		.section	.text.HAL_UARTEx_EnableClockStopMode,"ax",%progbits
 229              		.align	1
 230              		.global	HAL_UARTEx_EnableClockStopMode
ARM GAS  /tmp/ccb1MUlA.s 			page 24


 231              		.syntax unified
 232              		.thumb
 233              		.thumb_func
 235              	HAL_UARTEx_EnableClockStopMode:
 236              	.LVL16:
 237              	.LFB386:
 393:Drivers/STM32L4xx_HAL_Driver/Src/stm32l4xx_hal_uart_ex.c ****   /* Process Locked */
 238              		.loc 1 393 1 is_stmt 1 view -0
 239              		.cfi_startproc
 240              		@ args = 0, pretend = 0, frame = 0
 241              		@ frame_needed = 0, uses_anonymous_args = 0
 242              		@ link register save eliminated.
 395:Drivers/STM32L4xx_HAL_Driver/Src/stm32l4xx_hal_uart_ex.c **** 
 243              		.loc 1 395 3 view .LVU50
 395:Drivers/STM32L4xx_HAL_Driver/Src/stm32l4xx_hal_uart_ex.c **** 
 244              		.loc 1 395 3 view .LVU51
 245 0000 90F87830 		ldrb	r3, [r0, #120]	@ zero_extendqisi2
 246 0004 012B     		cmp	r3, #1
 247 0006 13D0     		beq	.L18
 395:Drivers/STM32L4xx_HAL_Driver/Src/stm32l4xx_hal_uart_ex.c **** 
 248              		.loc 1 395 3 discriminator 2 view .LVU52
 249 0008 0123     		movs	r3, #1
 250 000a 80F87830 		strb	r3, [r0, #120]
 251              	.L17:
 395:Drivers/STM32L4xx_HAL_Driver/Src/stm32l4xx_hal_uart_ex.c **** 
 252              		.loc 1 395 3 discriminator 3 view .LVU53
 398:Drivers/STM32L4xx_HAL_Driver/Src/stm32l4xx_hal_uart_ex.c **** 
 253              		.loc 1 398 3 discriminator 1 view .LVU54
 254              	.LBB32:
 398:Drivers/STM32L4xx_HAL_Driver/Src/stm32l4xx_hal_uart_ex.c **** 
 255              		.loc 1 398 3 discriminator 1 view .LVU55
 398:Drivers/STM32L4xx_HAL_Driver/Src/stm32l4xx_hal_uart_ex.c **** 
 256              		.loc 1 398 3 discriminator 1 view .LVU56
 398:Drivers/STM32L4xx_HAL_Driver/Src/stm32l4xx_hal_uart_ex.c **** 
 257              		.loc 1 398 3 discriminator 1 view .LVU57
 258 000e 0268     		ldr	r2, [r0]
 259              	.LVL17:
 260              	.LBB33:
 261              	.LBI33:
 262              		.file 2 "Drivers/CMSIS/Include/cmsis_gcc.h"
   1:Drivers/CMSIS/Include/cmsis_gcc.h **** /**************************************************************************//**
   2:Drivers/CMSIS/Include/cmsis_gcc.h ****  * @file     cmsis_gcc.h
   3:Drivers/CMSIS/Include/cmsis_gcc.h ****  * @brief    CMSIS compiler GCC header file
   4:Drivers/CMSIS/Include/cmsis_gcc.h ****  * @version  V5.2.0
   5:Drivers/CMSIS/Include/cmsis_gcc.h ****  * @date     08. May 2019
   6:Drivers/CMSIS/Include/cmsis_gcc.h ****  ******************************************************************************/
   7:Drivers/CMSIS/Include/cmsis_gcc.h **** /*
   8:Drivers/CMSIS/Include/cmsis_gcc.h ****  * Copyright (c) 2009-2019 Arm Limited. All rights reserved.
   9:Drivers/CMSIS/Include/cmsis_gcc.h ****  *
  10:Drivers/CMSIS/Include/cmsis_gcc.h ****  * SPDX-License-Identifier: Apache-2.0
  11:Drivers/CMSIS/Include/cmsis_gcc.h ****  *
  12:Drivers/CMSIS/Include/cmsis_gcc.h ****  * Licensed under the Apache License, Version 2.0 (the License); you may
  13:Drivers/CMSIS/Include/cmsis_gcc.h ****  * not use this file except in compliance with the License.
  14:Drivers/CMSIS/Include/cmsis_gcc.h ****  * You may obtain a copy of the License at
  15:Drivers/CMSIS/Include/cmsis_gcc.h ****  *
  16:Drivers/CMSIS/Include/cmsis_gcc.h ****  * www.apache.org/licenses/LICENSE-2.0
  17:Drivers/CMSIS/Include/cmsis_gcc.h ****  *
ARM GAS  /tmp/ccb1MUlA.s 			page 25


  18:Drivers/CMSIS/Include/cmsis_gcc.h ****  * Unless required by applicable law or agreed to in writing, software
  19:Drivers/CMSIS/Include/cmsis_gcc.h ****  * distributed under the License is distributed on an AS IS BASIS, WITHOUT
  20:Drivers/CMSIS/Include/cmsis_gcc.h ****  * WARRANTIES OR CONDITIONS OF ANY KIND, either express or implied.
  21:Drivers/CMSIS/Include/cmsis_gcc.h ****  * See the License for the specific language governing permissions and
  22:Drivers/CMSIS/Include/cmsis_gcc.h ****  * limitations under the License.
  23:Drivers/CMSIS/Include/cmsis_gcc.h ****  */
  24:Drivers/CMSIS/Include/cmsis_gcc.h **** 
  25:Drivers/CMSIS/Include/cmsis_gcc.h **** #ifndef __CMSIS_GCC_H
  26:Drivers/CMSIS/Include/cmsis_gcc.h **** #define __CMSIS_GCC_H
  27:Drivers/CMSIS/Include/cmsis_gcc.h **** 
  28:Drivers/CMSIS/Include/cmsis_gcc.h **** /* ignore some GCC warnings */
  29:Drivers/CMSIS/Include/cmsis_gcc.h **** #pragma GCC diagnostic push
  30:Drivers/CMSIS/Include/cmsis_gcc.h **** #pragma GCC diagnostic ignored "-Wsign-conversion"
  31:Drivers/CMSIS/Include/cmsis_gcc.h **** #pragma GCC diagnostic ignored "-Wconversion"
  32:Drivers/CMSIS/Include/cmsis_gcc.h **** #pragma GCC diagnostic ignored "-Wunused-parameter"
  33:Drivers/CMSIS/Include/cmsis_gcc.h **** 
  34:Drivers/CMSIS/Include/cmsis_gcc.h **** /* Fallback for __has_builtin */
  35:Drivers/CMSIS/Include/cmsis_gcc.h **** #ifndef __has_builtin
  36:Drivers/CMSIS/Include/cmsis_gcc.h ****   #define __has_builtin(x) (0)
  37:Drivers/CMSIS/Include/cmsis_gcc.h **** #endif
  38:Drivers/CMSIS/Include/cmsis_gcc.h **** 
  39:Drivers/CMSIS/Include/cmsis_gcc.h **** /* CMSIS compiler specific defines */
  40:Drivers/CMSIS/Include/cmsis_gcc.h **** #ifndef   __ASM
  41:Drivers/CMSIS/Include/cmsis_gcc.h ****   #define __ASM                                  __asm
  42:Drivers/CMSIS/Include/cmsis_gcc.h **** #endif
  43:Drivers/CMSIS/Include/cmsis_gcc.h **** #ifndef   __INLINE
  44:Drivers/CMSIS/Include/cmsis_gcc.h ****   #define __INLINE                               inline
  45:Drivers/CMSIS/Include/cmsis_gcc.h **** #endif
  46:Drivers/CMSIS/Include/cmsis_gcc.h **** #ifndef   __STATIC_INLINE
  47:Drivers/CMSIS/Include/cmsis_gcc.h ****   #define __STATIC_INLINE                        static inline
  48:Drivers/CMSIS/Include/cmsis_gcc.h **** #endif
  49:Drivers/CMSIS/Include/cmsis_gcc.h **** #ifndef   __STATIC_FORCEINLINE                 
  50:Drivers/CMSIS/Include/cmsis_gcc.h ****   #define __STATIC_FORCEINLINE                   __attribute__((always_inline)) static inline
  51:Drivers/CMSIS/Include/cmsis_gcc.h **** #endif                                           
  52:Drivers/CMSIS/Include/cmsis_gcc.h **** #ifndef   __NO_RETURN
  53:Drivers/CMSIS/Include/cmsis_gcc.h ****   #define __NO_RETURN                            __attribute__((__noreturn__))
  54:Drivers/CMSIS/Include/cmsis_gcc.h **** #endif
  55:Drivers/CMSIS/Include/cmsis_gcc.h **** #ifndef   __USED
  56:Drivers/CMSIS/Include/cmsis_gcc.h ****   #define __USED                                 __attribute__((used))
  57:Drivers/CMSIS/Include/cmsis_gcc.h **** #endif
  58:Drivers/CMSIS/Include/cmsis_gcc.h **** #ifndef   __WEAK
  59:Drivers/CMSIS/Include/cmsis_gcc.h ****   #define __WEAK                                 __attribute__((weak))
  60:Drivers/CMSIS/Include/cmsis_gcc.h **** #endif
  61:Drivers/CMSIS/Include/cmsis_gcc.h **** #ifndef   __PACKED
  62:Drivers/CMSIS/Include/cmsis_gcc.h ****   #define __PACKED                               __attribute__((packed, aligned(1)))
  63:Drivers/CMSIS/Include/cmsis_gcc.h **** #endif
  64:Drivers/CMSIS/Include/cmsis_gcc.h **** #ifndef   __PACKED_STRUCT
  65:Drivers/CMSIS/Include/cmsis_gcc.h ****   #define __PACKED_STRUCT                        struct __attribute__((packed, aligned(1)))
  66:Drivers/CMSIS/Include/cmsis_gcc.h **** #endif
  67:Drivers/CMSIS/Include/cmsis_gcc.h **** #ifndef   __PACKED_UNION
  68:Drivers/CMSIS/Include/cmsis_gcc.h ****   #define __PACKED_UNION                         union __attribute__((packed, aligned(1)))
  69:Drivers/CMSIS/Include/cmsis_gcc.h **** #endif
  70:Drivers/CMSIS/Include/cmsis_gcc.h **** #ifndef   __UNALIGNED_UINT32        /* deprecated */
  71:Drivers/CMSIS/Include/cmsis_gcc.h ****   #pragma GCC diagnostic push
  72:Drivers/CMSIS/Include/cmsis_gcc.h ****   #pragma GCC diagnostic ignored "-Wpacked"
  73:Drivers/CMSIS/Include/cmsis_gcc.h ****   #pragma GCC diagnostic ignored "-Wattributes"
  74:Drivers/CMSIS/Include/cmsis_gcc.h ****   struct __attribute__((packed)) T_UINT32 { uint32_t v; };
ARM GAS  /tmp/ccb1MUlA.s 			page 26


  75:Drivers/CMSIS/Include/cmsis_gcc.h ****   #pragma GCC diagnostic pop
  76:Drivers/CMSIS/Include/cmsis_gcc.h ****   #define __UNALIGNED_UINT32(x)                  (((struct T_UINT32 *)(x))->v)
  77:Drivers/CMSIS/Include/cmsis_gcc.h **** #endif
  78:Drivers/CMSIS/Include/cmsis_gcc.h **** #ifndef   __UNALIGNED_UINT16_WRITE
  79:Drivers/CMSIS/Include/cmsis_gcc.h ****   #pragma GCC diagnostic push
  80:Drivers/CMSIS/Include/cmsis_gcc.h ****   #pragma GCC diagnostic ignored "-Wpacked"
  81:Drivers/CMSIS/Include/cmsis_gcc.h ****   #pragma GCC diagnostic ignored "-Wattributes"
  82:Drivers/CMSIS/Include/cmsis_gcc.h ****   __PACKED_STRUCT T_UINT16_WRITE { uint16_t v; };
  83:Drivers/CMSIS/Include/cmsis_gcc.h ****   #pragma GCC diagnostic pop
  84:Drivers/CMSIS/Include/cmsis_gcc.h ****   #define __UNALIGNED_UINT16_WRITE(addr, val)    (void)((((struct T_UINT16_WRITE *)(void *)(addr))-
  85:Drivers/CMSIS/Include/cmsis_gcc.h **** #endif
  86:Drivers/CMSIS/Include/cmsis_gcc.h **** #ifndef   __UNALIGNED_UINT16_READ
  87:Drivers/CMSIS/Include/cmsis_gcc.h ****   #pragma GCC diagnostic push
  88:Drivers/CMSIS/Include/cmsis_gcc.h ****   #pragma GCC diagnostic ignored "-Wpacked"
  89:Drivers/CMSIS/Include/cmsis_gcc.h ****   #pragma GCC diagnostic ignored "-Wattributes"
  90:Drivers/CMSIS/Include/cmsis_gcc.h ****   __PACKED_STRUCT T_UINT16_READ { uint16_t v; };
  91:Drivers/CMSIS/Include/cmsis_gcc.h ****   #pragma GCC diagnostic pop
  92:Drivers/CMSIS/Include/cmsis_gcc.h ****   #define __UNALIGNED_UINT16_READ(addr)          (((const struct T_UINT16_READ *)(const void *)(add
  93:Drivers/CMSIS/Include/cmsis_gcc.h **** #endif
  94:Drivers/CMSIS/Include/cmsis_gcc.h **** #ifndef   __UNALIGNED_UINT32_WRITE
  95:Drivers/CMSIS/Include/cmsis_gcc.h ****   #pragma GCC diagnostic push
  96:Drivers/CMSIS/Include/cmsis_gcc.h ****   #pragma GCC diagnostic ignored "-Wpacked"
  97:Drivers/CMSIS/Include/cmsis_gcc.h ****   #pragma GCC diagnostic ignored "-Wattributes"
  98:Drivers/CMSIS/Include/cmsis_gcc.h ****   __PACKED_STRUCT T_UINT32_WRITE { uint32_t v; };
  99:Drivers/CMSIS/Include/cmsis_gcc.h ****   #pragma GCC diagnostic pop
 100:Drivers/CMSIS/Include/cmsis_gcc.h ****   #define __UNALIGNED_UINT32_WRITE(addr, val)    (void)((((struct T_UINT32_WRITE *)(void *)(addr))-
 101:Drivers/CMSIS/Include/cmsis_gcc.h **** #endif
 102:Drivers/CMSIS/Include/cmsis_gcc.h **** #ifndef   __UNALIGNED_UINT32_READ
 103:Drivers/CMSIS/Include/cmsis_gcc.h ****   #pragma GCC diagnostic push
 104:Drivers/CMSIS/Include/cmsis_gcc.h ****   #pragma GCC diagnostic ignored "-Wpacked"
 105:Drivers/CMSIS/Include/cmsis_gcc.h ****   #pragma GCC diagnostic ignored "-Wattributes"
 106:Drivers/CMSIS/Include/cmsis_gcc.h ****   __PACKED_STRUCT T_UINT32_READ { uint32_t v; };
 107:Drivers/CMSIS/Include/cmsis_gcc.h ****   #pragma GCC diagnostic pop
 108:Drivers/CMSIS/Include/cmsis_gcc.h ****   #define __UNALIGNED_UINT32_READ(addr)          (((const struct T_UINT32_READ *)(const void *)(add
 109:Drivers/CMSIS/Include/cmsis_gcc.h **** #endif
 110:Drivers/CMSIS/Include/cmsis_gcc.h **** #ifndef   __ALIGNED
 111:Drivers/CMSIS/Include/cmsis_gcc.h ****   #define __ALIGNED(x)                           __attribute__((aligned(x)))
 112:Drivers/CMSIS/Include/cmsis_gcc.h **** #endif
 113:Drivers/CMSIS/Include/cmsis_gcc.h **** #ifndef   __RESTRICT
 114:Drivers/CMSIS/Include/cmsis_gcc.h ****   #define __RESTRICT                             __restrict
 115:Drivers/CMSIS/Include/cmsis_gcc.h **** #endif
 116:Drivers/CMSIS/Include/cmsis_gcc.h **** #ifndef   __COMPILER_BARRIER
 117:Drivers/CMSIS/Include/cmsis_gcc.h ****   #define __COMPILER_BARRIER()                   __ASM volatile("":::"memory")
 118:Drivers/CMSIS/Include/cmsis_gcc.h **** #endif
 119:Drivers/CMSIS/Include/cmsis_gcc.h **** 
 120:Drivers/CMSIS/Include/cmsis_gcc.h **** /* #########################  Startup and Lowlevel Init  ######################## */
 121:Drivers/CMSIS/Include/cmsis_gcc.h **** 
 122:Drivers/CMSIS/Include/cmsis_gcc.h **** #ifndef __PROGRAM_START
 123:Drivers/CMSIS/Include/cmsis_gcc.h **** 
 124:Drivers/CMSIS/Include/cmsis_gcc.h **** /**
 125:Drivers/CMSIS/Include/cmsis_gcc.h ****   \brief   Initializes data and bss sections
 126:Drivers/CMSIS/Include/cmsis_gcc.h ****   \details This default implementations initialized all data and additional bss
 127:Drivers/CMSIS/Include/cmsis_gcc.h ****            sections relying on .copy.table and .zero.table specified properly
 128:Drivers/CMSIS/Include/cmsis_gcc.h ****            in the used linker script.
 129:Drivers/CMSIS/Include/cmsis_gcc.h ****   
 130:Drivers/CMSIS/Include/cmsis_gcc.h ****  */
 131:Drivers/CMSIS/Include/cmsis_gcc.h **** __STATIC_FORCEINLINE __NO_RETURN void __cmsis_start(void)
ARM GAS  /tmp/ccb1MUlA.s 			page 27


 132:Drivers/CMSIS/Include/cmsis_gcc.h **** {
 133:Drivers/CMSIS/Include/cmsis_gcc.h ****   extern void _start(void) __NO_RETURN;
 134:Drivers/CMSIS/Include/cmsis_gcc.h ****   
 135:Drivers/CMSIS/Include/cmsis_gcc.h ****   typedef struct {
 136:Drivers/CMSIS/Include/cmsis_gcc.h ****     uint32_t const* src;
 137:Drivers/CMSIS/Include/cmsis_gcc.h ****     uint32_t* dest;
 138:Drivers/CMSIS/Include/cmsis_gcc.h ****     uint32_t  wlen;
 139:Drivers/CMSIS/Include/cmsis_gcc.h ****   } __copy_table_t;
 140:Drivers/CMSIS/Include/cmsis_gcc.h ****   
 141:Drivers/CMSIS/Include/cmsis_gcc.h ****   typedef struct {
 142:Drivers/CMSIS/Include/cmsis_gcc.h ****     uint32_t* dest;
 143:Drivers/CMSIS/Include/cmsis_gcc.h ****     uint32_t  wlen;
 144:Drivers/CMSIS/Include/cmsis_gcc.h ****   } __zero_table_t;
 145:Drivers/CMSIS/Include/cmsis_gcc.h ****   
 146:Drivers/CMSIS/Include/cmsis_gcc.h ****   extern const __copy_table_t __copy_table_start__;
 147:Drivers/CMSIS/Include/cmsis_gcc.h ****   extern const __copy_table_t __copy_table_end__;
 148:Drivers/CMSIS/Include/cmsis_gcc.h ****   extern const __zero_table_t __zero_table_start__;
 149:Drivers/CMSIS/Include/cmsis_gcc.h ****   extern const __zero_table_t __zero_table_end__;
 150:Drivers/CMSIS/Include/cmsis_gcc.h **** 
 151:Drivers/CMSIS/Include/cmsis_gcc.h ****   for (__copy_table_t const* pTable = &__copy_table_start__; pTable < &__copy_table_end__; ++pTable
 152:Drivers/CMSIS/Include/cmsis_gcc.h ****     for(uint32_t i=0u; i<pTable->wlen; ++i) {
 153:Drivers/CMSIS/Include/cmsis_gcc.h ****       pTable->dest[i] = pTable->src[i];
 154:Drivers/CMSIS/Include/cmsis_gcc.h ****     }
 155:Drivers/CMSIS/Include/cmsis_gcc.h ****   }
 156:Drivers/CMSIS/Include/cmsis_gcc.h ****  
 157:Drivers/CMSIS/Include/cmsis_gcc.h ****   for (__zero_table_t const* pTable = &__zero_table_start__; pTable < &__zero_table_end__; ++pTable
 158:Drivers/CMSIS/Include/cmsis_gcc.h ****     for(uint32_t i=0u; i<pTable->wlen; ++i) {
 159:Drivers/CMSIS/Include/cmsis_gcc.h ****       pTable->dest[i] = 0u;
 160:Drivers/CMSIS/Include/cmsis_gcc.h ****     }
 161:Drivers/CMSIS/Include/cmsis_gcc.h ****   }
 162:Drivers/CMSIS/Include/cmsis_gcc.h ****  
 163:Drivers/CMSIS/Include/cmsis_gcc.h ****   _start();
 164:Drivers/CMSIS/Include/cmsis_gcc.h **** }
 165:Drivers/CMSIS/Include/cmsis_gcc.h ****   
 166:Drivers/CMSIS/Include/cmsis_gcc.h **** #define __PROGRAM_START           __cmsis_start
 167:Drivers/CMSIS/Include/cmsis_gcc.h **** #endif
 168:Drivers/CMSIS/Include/cmsis_gcc.h **** 
 169:Drivers/CMSIS/Include/cmsis_gcc.h **** #ifndef __INITIAL_SP
 170:Drivers/CMSIS/Include/cmsis_gcc.h **** #define __INITIAL_SP              __StackTop
 171:Drivers/CMSIS/Include/cmsis_gcc.h **** #endif
 172:Drivers/CMSIS/Include/cmsis_gcc.h **** 
 173:Drivers/CMSIS/Include/cmsis_gcc.h **** #ifndef __STACK_LIMIT
 174:Drivers/CMSIS/Include/cmsis_gcc.h **** #define __STACK_LIMIT             __StackLimit
 175:Drivers/CMSIS/Include/cmsis_gcc.h **** #endif
 176:Drivers/CMSIS/Include/cmsis_gcc.h **** 
 177:Drivers/CMSIS/Include/cmsis_gcc.h **** #ifndef __VECTOR_TABLE
 178:Drivers/CMSIS/Include/cmsis_gcc.h **** #define __VECTOR_TABLE            __Vectors
 179:Drivers/CMSIS/Include/cmsis_gcc.h **** #endif
 180:Drivers/CMSIS/Include/cmsis_gcc.h **** 
 181:Drivers/CMSIS/Include/cmsis_gcc.h **** #ifndef __VECTOR_TABLE_ATTRIBUTE
 182:Drivers/CMSIS/Include/cmsis_gcc.h **** #define __VECTOR_TABLE_ATTRIBUTE  __attribute((used, section(".vectors")))
 183:Drivers/CMSIS/Include/cmsis_gcc.h **** #endif
 184:Drivers/CMSIS/Include/cmsis_gcc.h **** 
 185:Drivers/CMSIS/Include/cmsis_gcc.h **** /* ###########################  Core Function Access  ########################### */
 186:Drivers/CMSIS/Include/cmsis_gcc.h **** /** \ingroup  CMSIS_Core_FunctionInterface
 187:Drivers/CMSIS/Include/cmsis_gcc.h ****     \defgroup CMSIS_Core_RegAccFunctions CMSIS Core Register Access Functions
 188:Drivers/CMSIS/Include/cmsis_gcc.h ****   @{
ARM GAS  /tmp/ccb1MUlA.s 			page 28


 189:Drivers/CMSIS/Include/cmsis_gcc.h ****  */
 190:Drivers/CMSIS/Include/cmsis_gcc.h **** 
 191:Drivers/CMSIS/Include/cmsis_gcc.h **** /**
 192:Drivers/CMSIS/Include/cmsis_gcc.h ****   \brief   Enable IRQ Interrupts
 193:Drivers/CMSIS/Include/cmsis_gcc.h ****   \details Enables IRQ interrupts by clearing the I-bit in the CPSR.
 194:Drivers/CMSIS/Include/cmsis_gcc.h ****            Can only be executed in Privileged modes.
 195:Drivers/CMSIS/Include/cmsis_gcc.h ****  */
 196:Drivers/CMSIS/Include/cmsis_gcc.h **** __STATIC_FORCEINLINE void __enable_irq(void)
 197:Drivers/CMSIS/Include/cmsis_gcc.h **** {
 198:Drivers/CMSIS/Include/cmsis_gcc.h ****   __ASM volatile ("cpsie i" : : : "memory");
 199:Drivers/CMSIS/Include/cmsis_gcc.h **** }
 200:Drivers/CMSIS/Include/cmsis_gcc.h **** 
 201:Drivers/CMSIS/Include/cmsis_gcc.h **** 
 202:Drivers/CMSIS/Include/cmsis_gcc.h **** /**
 203:Drivers/CMSIS/Include/cmsis_gcc.h ****   \brief   Disable IRQ Interrupts
 204:Drivers/CMSIS/Include/cmsis_gcc.h ****   \details Disables IRQ interrupts by setting the I-bit in the CPSR.
 205:Drivers/CMSIS/Include/cmsis_gcc.h ****            Can only be executed in Privileged modes.
 206:Drivers/CMSIS/Include/cmsis_gcc.h ****  */
 207:Drivers/CMSIS/Include/cmsis_gcc.h **** __STATIC_FORCEINLINE void __disable_irq(void)
 208:Drivers/CMSIS/Include/cmsis_gcc.h **** {
 209:Drivers/CMSIS/Include/cmsis_gcc.h ****   __ASM volatile ("cpsid i" : : : "memory");
 210:Drivers/CMSIS/Include/cmsis_gcc.h **** }
 211:Drivers/CMSIS/Include/cmsis_gcc.h **** 
 212:Drivers/CMSIS/Include/cmsis_gcc.h **** 
 213:Drivers/CMSIS/Include/cmsis_gcc.h **** /**
 214:Drivers/CMSIS/Include/cmsis_gcc.h ****   \brief   Get Control Register
 215:Drivers/CMSIS/Include/cmsis_gcc.h ****   \details Returns the content of the Control Register.
 216:Drivers/CMSIS/Include/cmsis_gcc.h ****   \return               Control Register value
 217:Drivers/CMSIS/Include/cmsis_gcc.h ****  */
 218:Drivers/CMSIS/Include/cmsis_gcc.h **** __STATIC_FORCEINLINE uint32_t __get_CONTROL(void)
 219:Drivers/CMSIS/Include/cmsis_gcc.h **** {
 220:Drivers/CMSIS/Include/cmsis_gcc.h ****   uint32_t result;
 221:Drivers/CMSIS/Include/cmsis_gcc.h **** 
 222:Drivers/CMSIS/Include/cmsis_gcc.h ****   __ASM volatile ("MRS %0, control" : "=r" (result) );
 223:Drivers/CMSIS/Include/cmsis_gcc.h ****   return(result);
 224:Drivers/CMSIS/Include/cmsis_gcc.h **** }
 225:Drivers/CMSIS/Include/cmsis_gcc.h **** 
 226:Drivers/CMSIS/Include/cmsis_gcc.h **** 
 227:Drivers/CMSIS/Include/cmsis_gcc.h **** #if (defined (__ARM_FEATURE_CMSE ) && (__ARM_FEATURE_CMSE == 3))
 228:Drivers/CMSIS/Include/cmsis_gcc.h **** /**
 229:Drivers/CMSIS/Include/cmsis_gcc.h ****   \brief   Get Control Register (non-secure)
 230:Drivers/CMSIS/Include/cmsis_gcc.h ****   \details Returns the content of the non-secure Control Register when in secure mode.
 231:Drivers/CMSIS/Include/cmsis_gcc.h ****   \return               non-secure Control Register value
 232:Drivers/CMSIS/Include/cmsis_gcc.h ****  */
 233:Drivers/CMSIS/Include/cmsis_gcc.h **** __STATIC_FORCEINLINE uint32_t __TZ_get_CONTROL_NS(void)
 234:Drivers/CMSIS/Include/cmsis_gcc.h **** {
 235:Drivers/CMSIS/Include/cmsis_gcc.h ****   uint32_t result;
 236:Drivers/CMSIS/Include/cmsis_gcc.h **** 
 237:Drivers/CMSIS/Include/cmsis_gcc.h ****   __ASM volatile ("MRS %0, control_ns" : "=r" (result) );
 238:Drivers/CMSIS/Include/cmsis_gcc.h ****   return(result);
 239:Drivers/CMSIS/Include/cmsis_gcc.h **** }
 240:Drivers/CMSIS/Include/cmsis_gcc.h **** #endif
 241:Drivers/CMSIS/Include/cmsis_gcc.h **** 
 242:Drivers/CMSIS/Include/cmsis_gcc.h **** 
 243:Drivers/CMSIS/Include/cmsis_gcc.h **** /**
 244:Drivers/CMSIS/Include/cmsis_gcc.h ****   \brief   Set Control Register
 245:Drivers/CMSIS/Include/cmsis_gcc.h ****   \details Writes the given value to the Control Register.
ARM GAS  /tmp/ccb1MUlA.s 			page 29


 246:Drivers/CMSIS/Include/cmsis_gcc.h ****   \param [in]    control  Control Register value to set
 247:Drivers/CMSIS/Include/cmsis_gcc.h ****  */
 248:Drivers/CMSIS/Include/cmsis_gcc.h **** __STATIC_FORCEINLINE void __set_CONTROL(uint32_t control)
 249:Drivers/CMSIS/Include/cmsis_gcc.h **** {
 250:Drivers/CMSIS/Include/cmsis_gcc.h ****   __ASM volatile ("MSR control, %0" : : "r" (control) : "memory");
 251:Drivers/CMSIS/Include/cmsis_gcc.h **** }
 252:Drivers/CMSIS/Include/cmsis_gcc.h **** 
 253:Drivers/CMSIS/Include/cmsis_gcc.h **** 
 254:Drivers/CMSIS/Include/cmsis_gcc.h **** #if (defined (__ARM_FEATURE_CMSE ) && (__ARM_FEATURE_CMSE == 3))
 255:Drivers/CMSIS/Include/cmsis_gcc.h **** /**
 256:Drivers/CMSIS/Include/cmsis_gcc.h ****   \brief   Set Control Register (non-secure)
 257:Drivers/CMSIS/Include/cmsis_gcc.h ****   \details Writes the given value to the non-secure Control Register when in secure state.
 258:Drivers/CMSIS/Include/cmsis_gcc.h ****   \param [in]    control  Control Register value to set
 259:Drivers/CMSIS/Include/cmsis_gcc.h ****  */
 260:Drivers/CMSIS/Include/cmsis_gcc.h **** __STATIC_FORCEINLINE void __TZ_set_CONTROL_NS(uint32_t control)
 261:Drivers/CMSIS/Include/cmsis_gcc.h **** {
 262:Drivers/CMSIS/Include/cmsis_gcc.h ****   __ASM volatile ("MSR control_ns, %0" : : "r" (control) : "memory");
 263:Drivers/CMSIS/Include/cmsis_gcc.h **** }
 264:Drivers/CMSIS/Include/cmsis_gcc.h **** #endif
 265:Drivers/CMSIS/Include/cmsis_gcc.h **** 
 266:Drivers/CMSIS/Include/cmsis_gcc.h **** 
 267:Drivers/CMSIS/Include/cmsis_gcc.h **** /**
 268:Drivers/CMSIS/Include/cmsis_gcc.h ****   \brief   Get IPSR Register
 269:Drivers/CMSIS/Include/cmsis_gcc.h ****   \details Returns the content of the IPSR Register.
 270:Drivers/CMSIS/Include/cmsis_gcc.h ****   \return               IPSR Register value
 271:Drivers/CMSIS/Include/cmsis_gcc.h ****  */
 272:Drivers/CMSIS/Include/cmsis_gcc.h **** __STATIC_FORCEINLINE uint32_t __get_IPSR(void)
 273:Drivers/CMSIS/Include/cmsis_gcc.h **** {
 274:Drivers/CMSIS/Include/cmsis_gcc.h ****   uint32_t result;
 275:Drivers/CMSIS/Include/cmsis_gcc.h **** 
 276:Drivers/CMSIS/Include/cmsis_gcc.h ****   __ASM volatile ("MRS %0, ipsr" : "=r" (result) );
 277:Drivers/CMSIS/Include/cmsis_gcc.h ****   return(result);
 278:Drivers/CMSIS/Include/cmsis_gcc.h **** }
 279:Drivers/CMSIS/Include/cmsis_gcc.h **** 
 280:Drivers/CMSIS/Include/cmsis_gcc.h **** 
 281:Drivers/CMSIS/Include/cmsis_gcc.h **** /**
 282:Drivers/CMSIS/Include/cmsis_gcc.h ****   \brief   Get APSR Register
 283:Drivers/CMSIS/Include/cmsis_gcc.h ****   \details Returns the content of the APSR Register.
 284:Drivers/CMSIS/Include/cmsis_gcc.h ****   \return               APSR Register value
 285:Drivers/CMSIS/Include/cmsis_gcc.h ****  */
 286:Drivers/CMSIS/Include/cmsis_gcc.h **** __STATIC_FORCEINLINE uint32_t __get_APSR(void)
 287:Drivers/CMSIS/Include/cmsis_gcc.h **** {
 288:Drivers/CMSIS/Include/cmsis_gcc.h ****   uint32_t result;
 289:Drivers/CMSIS/Include/cmsis_gcc.h **** 
 290:Drivers/CMSIS/Include/cmsis_gcc.h ****   __ASM volatile ("MRS %0, apsr" : "=r" (result) );
 291:Drivers/CMSIS/Include/cmsis_gcc.h ****   return(result);
 292:Drivers/CMSIS/Include/cmsis_gcc.h **** }
 293:Drivers/CMSIS/Include/cmsis_gcc.h **** 
 294:Drivers/CMSIS/Include/cmsis_gcc.h **** 
 295:Drivers/CMSIS/Include/cmsis_gcc.h **** /**
 296:Drivers/CMSIS/Include/cmsis_gcc.h ****   \brief   Get xPSR Register
 297:Drivers/CMSIS/Include/cmsis_gcc.h ****   \details Returns the content of the xPSR Register.
 298:Drivers/CMSIS/Include/cmsis_gcc.h ****   \return               xPSR Register value
 299:Drivers/CMSIS/Include/cmsis_gcc.h ****  */
 300:Drivers/CMSIS/Include/cmsis_gcc.h **** __STATIC_FORCEINLINE uint32_t __get_xPSR(void)
 301:Drivers/CMSIS/Include/cmsis_gcc.h **** {
 302:Drivers/CMSIS/Include/cmsis_gcc.h ****   uint32_t result;
ARM GAS  /tmp/ccb1MUlA.s 			page 30


 303:Drivers/CMSIS/Include/cmsis_gcc.h **** 
 304:Drivers/CMSIS/Include/cmsis_gcc.h ****   __ASM volatile ("MRS %0, xpsr" : "=r" (result) );
 305:Drivers/CMSIS/Include/cmsis_gcc.h ****   return(result);
 306:Drivers/CMSIS/Include/cmsis_gcc.h **** }
 307:Drivers/CMSIS/Include/cmsis_gcc.h **** 
 308:Drivers/CMSIS/Include/cmsis_gcc.h **** 
 309:Drivers/CMSIS/Include/cmsis_gcc.h **** /**
 310:Drivers/CMSIS/Include/cmsis_gcc.h ****   \brief   Get Process Stack Pointer
 311:Drivers/CMSIS/Include/cmsis_gcc.h ****   \details Returns the current value of the Process Stack Pointer (PSP).
 312:Drivers/CMSIS/Include/cmsis_gcc.h ****   \return               PSP Register value
 313:Drivers/CMSIS/Include/cmsis_gcc.h ****  */
 314:Drivers/CMSIS/Include/cmsis_gcc.h **** __STATIC_FORCEINLINE uint32_t __get_PSP(void)
 315:Drivers/CMSIS/Include/cmsis_gcc.h **** {
 316:Drivers/CMSIS/Include/cmsis_gcc.h ****   uint32_t result;
 317:Drivers/CMSIS/Include/cmsis_gcc.h **** 
 318:Drivers/CMSIS/Include/cmsis_gcc.h ****   __ASM volatile ("MRS %0, psp"  : "=r" (result) );
 319:Drivers/CMSIS/Include/cmsis_gcc.h ****   return(result);
 320:Drivers/CMSIS/Include/cmsis_gcc.h **** }
 321:Drivers/CMSIS/Include/cmsis_gcc.h **** 
 322:Drivers/CMSIS/Include/cmsis_gcc.h **** 
 323:Drivers/CMSIS/Include/cmsis_gcc.h **** #if (defined (__ARM_FEATURE_CMSE ) && (__ARM_FEATURE_CMSE == 3))
 324:Drivers/CMSIS/Include/cmsis_gcc.h **** /**
 325:Drivers/CMSIS/Include/cmsis_gcc.h ****   \brief   Get Process Stack Pointer (non-secure)
 326:Drivers/CMSIS/Include/cmsis_gcc.h ****   \details Returns the current value of the non-secure Process Stack Pointer (PSP) when in secure s
 327:Drivers/CMSIS/Include/cmsis_gcc.h ****   \return               PSP Register value
 328:Drivers/CMSIS/Include/cmsis_gcc.h ****  */
 329:Drivers/CMSIS/Include/cmsis_gcc.h **** __STATIC_FORCEINLINE uint32_t __TZ_get_PSP_NS(void)
 330:Drivers/CMSIS/Include/cmsis_gcc.h **** {
 331:Drivers/CMSIS/Include/cmsis_gcc.h ****   uint32_t result;
 332:Drivers/CMSIS/Include/cmsis_gcc.h **** 
 333:Drivers/CMSIS/Include/cmsis_gcc.h ****   __ASM volatile ("MRS %0, psp_ns"  : "=r" (result) );
 334:Drivers/CMSIS/Include/cmsis_gcc.h ****   return(result);
 335:Drivers/CMSIS/Include/cmsis_gcc.h **** }
 336:Drivers/CMSIS/Include/cmsis_gcc.h **** #endif
 337:Drivers/CMSIS/Include/cmsis_gcc.h **** 
 338:Drivers/CMSIS/Include/cmsis_gcc.h **** 
 339:Drivers/CMSIS/Include/cmsis_gcc.h **** /**
 340:Drivers/CMSIS/Include/cmsis_gcc.h ****   \brief   Set Process Stack Pointer
 341:Drivers/CMSIS/Include/cmsis_gcc.h ****   \details Assigns the given value to the Process Stack Pointer (PSP).
 342:Drivers/CMSIS/Include/cmsis_gcc.h ****   \param [in]    topOfProcStack  Process Stack Pointer value to set
 343:Drivers/CMSIS/Include/cmsis_gcc.h ****  */
 344:Drivers/CMSIS/Include/cmsis_gcc.h **** __STATIC_FORCEINLINE void __set_PSP(uint32_t topOfProcStack)
 345:Drivers/CMSIS/Include/cmsis_gcc.h **** {
 346:Drivers/CMSIS/Include/cmsis_gcc.h ****   __ASM volatile ("MSR psp, %0" : : "r" (topOfProcStack) : );
 347:Drivers/CMSIS/Include/cmsis_gcc.h **** }
 348:Drivers/CMSIS/Include/cmsis_gcc.h **** 
 349:Drivers/CMSIS/Include/cmsis_gcc.h **** 
 350:Drivers/CMSIS/Include/cmsis_gcc.h **** #if (defined (__ARM_FEATURE_CMSE ) && (__ARM_FEATURE_CMSE == 3))
 351:Drivers/CMSIS/Include/cmsis_gcc.h **** /**
 352:Drivers/CMSIS/Include/cmsis_gcc.h ****   \brief   Set Process Stack Pointer (non-secure)
 353:Drivers/CMSIS/Include/cmsis_gcc.h ****   \details Assigns the given value to the non-secure Process Stack Pointer (PSP) when in secure sta
 354:Drivers/CMSIS/Include/cmsis_gcc.h ****   \param [in]    topOfProcStack  Process Stack Pointer value to set
 355:Drivers/CMSIS/Include/cmsis_gcc.h ****  */
 356:Drivers/CMSIS/Include/cmsis_gcc.h **** __STATIC_FORCEINLINE void __TZ_set_PSP_NS(uint32_t topOfProcStack)
 357:Drivers/CMSIS/Include/cmsis_gcc.h **** {
 358:Drivers/CMSIS/Include/cmsis_gcc.h ****   __ASM volatile ("MSR psp_ns, %0" : : "r" (topOfProcStack) : );
 359:Drivers/CMSIS/Include/cmsis_gcc.h **** }
ARM GAS  /tmp/ccb1MUlA.s 			page 31


 360:Drivers/CMSIS/Include/cmsis_gcc.h **** #endif
 361:Drivers/CMSIS/Include/cmsis_gcc.h **** 
 362:Drivers/CMSIS/Include/cmsis_gcc.h **** 
 363:Drivers/CMSIS/Include/cmsis_gcc.h **** /**
 364:Drivers/CMSIS/Include/cmsis_gcc.h ****   \brief   Get Main Stack Pointer
 365:Drivers/CMSIS/Include/cmsis_gcc.h ****   \details Returns the current value of the Main Stack Pointer (MSP).
 366:Drivers/CMSIS/Include/cmsis_gcc.h ****   \return               MSP Register value
 367:Drivers/CMSIS/Include/cmsis_gcc.h ****  */
 368:Drivers/CMSIS/Include/cmsis_gcc.h **** __STATIC_FORCEINLINE uint32_t __get_MSP(void)
 369:Drivers/CMSIS/Include/cmsis_gcc.h **** {
 370:Drivers/CMSIS/Include/cmsis_gcc.h ****   uint32_t result;
 371:Drivers/CMSIS/Include/cmsis_gcc.h **** 
 372:Drivers/CMSIS/Include/cmsis_gcc.h ****   __ASM volatile ("MRS %0, msp" : "=r" (result) );
 373:Drivers/CMSIS/Include/cmsis_gcc.h ****   return(result);
 374:Drivers/CMSIS/Include/cmsis_gcc.h **** }
 375:Drivers/CMSIS/Include/cmsis_gcc.h **** 
 376:Drivers/CMSIS/Include/cmsis_gcc.h **** 
 377:Drivers/CMSIS/Include/cmsis_gcc.h **** #if (defined (__ARM_FEATURE_CMSE ) && (__ARM_FEATURE_CMSE == 3))
 378:Drivers/CMSIS/Include/cmsis_gcc.h **** /**
 379:Drivers/CMSIS/Include/cmsis_gcc.h ****   \brief   Get Main Stack Pointer (non-secure)
 380:Drivers/CMSIS/Include/cmsis_gcc.h ****   \details Returns the current value of the non-secure Main Stack Pointer (MSP) when in secure stat
 381:Drivers/CMSIS/Include/cmsis_gcc.h ****   \return               MSP Register value
 382:Drivers/CMSIS/Include/cmsis_gcc.h ****  */
 383:Drivers/CMSIS/Include/cmsis_gcc.h **** __STATIC_FORCEINLINE uint32_t __TZ_get_MSP_NS(void)
 384:Drivers/CMSIS/Include/cmsis_gcc.h **** {
 385:Drivers/CMSIS/Include/cmsis_gcc.h ****   uint32_t result;
 386:Drivers/CMSIS/Include/cmsis_gcc.h **** 
 387:Drivers/CMSIS/Include/cmsis_gcc.h ****   __ASM volatile ("MRS %0, msp_ns" : "=r" (result) );
 388:Drivers/CMSIS/Include/cmsis_gcc.h ****   return(result);
 389:Drivers/CMSIS/Include/cmsis_gcc.h **** }
 390:Drivers/CMSIS/Include/cmsis_gcc.h **** #endif
 391:Drivers/CMSIS/Include/cmsis_gcc.h **** 
 392:Drivers/CMSIS/Include/cmsis_gcc.h **** 
 393:Drivers/CMSIS/Include/cmsis_gcc.h **** /**
 394:Drivers/CMSIS/Include/cmsis_gcc.h ****   \brief   Set Main Stack Pointer
 395:Drivers/CMSIS/Include/cmsis_gcc.h ****   \details Assigns the given value to the Main Stack Pointer (MSP).
 396:Drivers/CMSIS/Include/cmsis_gcc.h ****   \param [in]    topOfMainStack  Main Stack Pointer value to set
 397:Drivers/CMSIS/Include/cmsis_gcc.h ****  */
 398:Drivers/CMSIS/Include/cmsis_gcc.h **** __STATIC_FORCEINLINE void __set_MSP(uint32_t topOfMainStack)
 399:Drivers/CMSIS/Include/cmsis_gcc.h **** {
 400:Drivers/CMSIS/Include/cmsis_gcc.h ****   __ASM volatile ("MSR msp, %0" : : "r" (topOfMainStack) : );
 401:Drivers/CMSIS/Include/cmsis_gcc.h **** }
 402:Drivers/CMSIS/Include/cmsis_gcc.h **** 
 403:Drivers/CMSIS/Include/cmsis_gcc.h **** 
 404:Drivers/CMSIS/Include/cmsis_gcc.h **** #if (defined (__ARM_FEATURE_CMSE ) && (__ARM_FEATURE_CMSE == 3))
 405:Drivers/CMSIS/Include/cmsis_gcc.h **** /**
 406:Drivers/CMSIS/Include/cmsis_gcc.h ****   \brief   Set Main Stack Pointer (non-secure)
 407:Drivers/CMSIS/Include/cmsis_gcc.h ****   \details Assigns the given value to the non-secure Main Stack Pointer (MSP) when in secure state.
 408:Drivers/CMSIS/Include/cmsis_gcc.h ****   \param [in]    topOfMainStack  Main Stack Pointer value to set
 409:Drivers/CMSIS/Include/cmsis_gcc.h ****  */
 410:Drivers/CMSIS/Include/cmsis_gcc.h **** __STATIC_FORCEINLINE void __TZ_set_MSP_NS(uint32_t topOfMainStack)
 411:Drivers/CMSIS/Include/cmsis_gcc.h **** {
 412:Drivers/CMSIS/Include/cmsis_gcc.h ****   __ASM volatile ("MSR msp_ns, %0" : : "r" (topOfMainStack) : );
 413:Drivers/CMSIS/Include/cmsis_gcc.h **** }
 414:Drivers/CMSIS/Include/cmsis_gcc.h **** #endif
 415:Drivers/CMSIS/Include/cmsis_gcc.h **** 
 416:Drivers/CMSIS/Include/cmsis_gcc.h **** 
ARM GAS  /tmp/ccb1MUlA.s 			page 32


 417:Drivers/CMSIS/Include/cmsis_gcc.h **** #if (defined (__ARM_FEATURE_CMSE ) && (__ARM_FEATURE_CMSE == 3))
 418:Drivers/CMSIS/Include/cmsis_gcc.h **** /**
 419:Drivers/CMSIS/Include/cmsis_gcc.h ****   \brief   Get Stack Pointer (non-secure)
 420:Drivers/CMSIS/Include/cmsis_gcc.h ****   \details Returns the current value of the non-secure Stack Pointer (SP) when in secure state.
 421:Drivers/CMSIS/Include/cmsis_gcc.h ****   \return               SP Register value
 422:Drivers/CMSIS/Include/cmsis_gcc.h ****  */
 423:Drivers/CMSIS/Include/cmsis_gcc.h **** __STATIC_FORCEINLINE uint32_t __TZ_get_SP_NS(void)
 424:Drivers/CMSIS/Include/cmsis_gcc.h **** {
 425:Drivers/CMSIS/Include/cmsis_gcc.h ****   uint32_t result;
 426:Drivers/CMSIS/Include/cmsis_gcc.h **** 
 427:Drivers/CMSIS/Include/cmsis_gcc.h ****   __ASM volatile ("MRS %0, sp_ns" : "=r" (result) );
 428:Drivers/CMSIS/Include/cmsis_gcc.h ****   return(result);
 429:Drivers/CMSIS/Include/cmsis_gcc.h **** }
 430:Drivers/CMSIS/Include/cmsis_gcc.h **** 
 431:Drivers/CMSIS/Include/cmsis_gcc.h **** 
 432:Drivers/CMSIS/Include/cmsis_gcc.h **** /**
 433:Drivers/CMSIS/Include/cmsis_gcc.h ****   \brief   Set Stack Pointer (non-secure)
 434:Drivers/CMSIS/Include/cmsis_gcc.h ****   \details Assigns the given value to the non-secure Stack Pointer (SP) when in secure state.
 435:Drivers/CMSIS/Include/cmsis_gcc.h ****   \param [in]    topOfStack  Stack Pointer value to set
 436:Drivers/CMSIS/Include/cmsis_gcc.h ****  */
 437:Drivers/CMSIS/Include/cmsis_gcc.h **** __STATIC_FORCEINLINE void __TZ_set_SP_NS(uint32_t topOfStack)
 438:Drivers/CMSIS/Include/cmsis_gcc.h **** {
 439:Drivers/CMSIS/Include/cmsis_gcc.h ****   __ASM volatile ("MSR sp_ns, %0" : : "r" (topOfStack) : );
 440:Drivers/CMSIS/Include/cmsis_gcc.h **** }
 441:Drivers/CMSIS/Include/cmsis_gcc.h **** #endif
 442:Drivers/CMSIS/Include/cmsis_gcc.h **** 
 443:Drivers/CMSIS/Include/cmsis_gcc.h **** 
 444:Drivers/CMSIS/Include/cmsis_gcc.h **** /**
 445:Drivers/CMSIS/Include/cmsis_gcc.h ****   \brief   Get Priority Mask
 446:Drivers/CMSIS/Include/cmsis_gcc.h ****   \details Returns the current state of the priority mask bit from the Priority Mask Register.
 447:Drivers/CMSIS/Include/cmsis_gcc.h ****   \return               Priority Mask value
 448:Drivers/CMSIS/Include/cmsis_gcc.h ****  */
 449:Drivers/CMSIS/Include/cmsis_gcc.h **** __STATIC_FORCEINLINE uint32_t __get_PRIMASK(void)
 450:Drivers/CMSIS/Include/cmsis_gcc.h **** {
 451:Drivers/CMSIS/Include/cmsis_gcc.h ****   uint32_t result;
 452:Drivers/CMSIS/Include/cmsis_gcc.h **** 
 453:Drivers/CMSIS/Include/cmsis_gcc.h ****   __ASM volatile ("MRS %0, primask" : "=r" (result) :: "memory");
 454:Drivers/CMSIS/Include/cmsis_gcc.h ****   return(result);
 455:Drivers/CMSIS/Include/cmsis_gcc.h **** }
 456:Drivers/CMSIS/Include/cmsis_gcc.h **** 
 457:Drivers/CMSIS/Include/cmsis_gcc.h **** 
 458:Drivers/CMSIS/Include/cmsis_gcc.h **** #if (defined (__ARM_FEATURE_CMSE ) && (__ARM_FEATURE_CMSE == 3))
 459:Drivers/CMSIS/Include/cmsis_gcc.h **** /**
 460:Drivers/CMSIS/Include/cmsis_gcc.h ****   \brief   Get Priority Mask (non-secure)
 461:Drivers/CMSIS/Include/cmsis_gcc.h ****   \details Returns the current state of the non-secure priority mask bit from the Priority Mask Reg
 462:Drivers/CMSIS/Include/cmsis_gcc.h ****   \return               Priority Mask value
 463:Drivers/CMSIS/Include/cmsis_gcc.h ****  */
 464:Drivers/CMSIS/Include/cmsis_gcc.h **** __STATIC_FORCEINLINE uint32_t __TZ_get_PRIMASK_NS(void)
 465:Drivers/CMSIS/Include/cmsis_gcc.h **** {
 466:Drivers/CMSIS/Include/cmsis_gcc.h ****   uint32_t result;
 467:Drivers/CMSIS/Include/cmsis_gcc.h **** 
 468:Drivers/CMSIS/Include/cmsis_gcc.h ****   __ASM volatile ("MRS %0, primask_ns" : "=r" (result) :: "memory");
 469:Drivers/CMSIS/Include/cmsis_gcc.h ****   return(result);
 470:Drivers/CMSIS/Include/cmsis_gcc.h **** }
 471:Drivers/CMSIS/Include/cmsis_gcc.h **** #endif
 472:Drivers/CMSIS/Include/cmsis_gcc.h **** 
 473:Drivers/CMSIS/Include/cmsis_gcc.h **** 
ARM GAS  /tmp/ccb1MUlA.s 			page 33


 474:Drivers/CMSIS/Include/cmsis_gcc.h **** /**
 475:Drivers/CMSIS/Include/cmsis_gcc.h ****   \brief   Set Priority Mask
 476:Drivers/CMSIS/Include/cmsis_gcc.h ****   \details Assigns the given value to the Priority Mask Register.
 477:Drivers/CMSIS/Include/cmsis_gcc.h ****   \param [in]    priMask  Priority Mask
 478:Drivers/CMSIS/Include/cmsis_gcc.h ****  */
 479:Drivers/CMSIS/Include/cmsis_gcc.h **** __STATIC_FORCEINLINE void __set_PRIMASK(uint32_t priMask)
 480:Drivers/CMSIS/Include/cmsis_gcc.h **** {
 481:Drivers/CMSIS/Include/cmsis_gcc.h ****   __ASM volatile ("MSR primask, %0" : : "r" (priMask) : "memory");
 482:Drivers/CMSIS/Include/cmsis_gcc.h **** }
 483:Drivers/CMSIS/Include/cmsis_gcc.h **** 
 484:Drivers/CMSIS/Include/cmsis_gcc.h **** 
 485:Drivers/CMSIS/Include/cmsis_gcc.h **** #if (defined (__ARM_FEATURE_CMSE ) && (__ARM_FEATURE_CMSE == 3))
 486:Drivers/CMSIS/Include/cmsis_gcc.h **** /**
 487:Drivers/CMSIS/Include/cmsis_gcc.h ****   \brief   Set Priority Mask (non-secure)
 488:Drivers/CMSIS/Include/cmsis_gcc.h ****   \details Assigns the given value to the non-secure Priority Mask Register when in secure state.
 489:Drivers/CMSIS/Include/cmsis_gcc.h ****   \param [in]    priMask  Priority Mask
 490:Drivers/CMSIS/Include/cmsis_gcc.h ****  */
 491:Drivers/CMSIS/Include/cmsis_gcc.h **** __STATIC_FORCEINLINE void __TZ_set_PRIMASK_NS(uint32_t priMask)
 492:Drivers/CMSIS/Include/cmsis_gcc.h **** {
 493:Drivers/CMSIS/Include/cmsis_gcc.h ****   __ASM volatile ("MSR primask_ns, %0" : : "r" (priMask) : "memory");
 494:Drivers/CMSIS/Include/cmsis_gcc.h **** }
 495:Drivers/CMSIS/Include/cmsis_gcc.h **** #endif
 496:Drivers/CMSIS/Include/cmsis_gcc.h **** 
 497:Drivers/CMSIS/Include/cmsis_gcc.h **** 
 498:Drivers/CMSIS/Include/cmsis_gcc.h **** #if ((defined (__ARM_ARCH_7M__      ) && (__ARM_ARCH_7M__      == 1)) || \
 499:Drivers/CMSIS/Include/cmsis_gcc.h ****      (defined (__ARM_ARCH_7EM__     ) && (__ARM_ARCH_7EM__     == 1)) || \
 500:Drivers/CMSIS/Include/cmsis_gcc.h ****      (defined (__ARM_ARCH_8M_MAIN__ ) && (__ARM_ARCH_8M_MAIN__ == 1))    )
 501:Drivers/CMSIS/Include/cmsis_gcc.h **** /**
 502:Drivers/CMSIS/Include/cmsis_gcc.h ****   \brief   Enable FIQ
 503:Drivers/CMSIS/Include/cmsis_gcc.h ****   \details Enables FIQ interrupts by clearing the F-bit in the CPSR.
 504:Drivers/CMSIS/Include/cmsis_gcc.h ****            Can only be executed in Privileged modes.
 505:Drivers/CMSIS/Include/cmsis_gcc.h ****  */
 506:Drivers/CMSIS/Include/cmsis_gcc.h **** __STATIC_FORCEINLINE void __enable_fault_irq(void)
 507:Drivers/CMSIS/Include/cmsis_gcc.h **** {
 508:Drivers/CMSIS/Include/cmsis_gcc.h ****   __ASM volatile ("cpsie f" : : : "memory");
 509:Drivers/CMSIS/Include/cmsis_gcc.h **** }
 510:Drivers/CMSIS/Include/cmsis_gcc.h **** 
 511:Drivers/CMSIS/Include/cmsis_gcc.h **** 
 512:Drivers/CMSIS/Include/cmsis_gcc.h **** /**
 513:Drivers/CMSIS/Include/cmsis_gcc.h ****   \brief   Disable FIQ
 514:Drivers/CMSIS/Include/cmsis_gcc.h ****   \details Disables FIQ interrupts by setting the F-bit in the CPSR.
 515:Drivers/CMSIS/Include/cmsis_gcc.h ****            Can only be executed in Privileged modes.
 516:Drivers/CMSIS/Include/cmsis_gcc.h ****  */
 517:Drivers/CMSIS/Include/cmsis_gcc.h **** __STATIC_FORCEINLINE void __disable_fault_irq(void)
 518:Drivers/CMSIS/Include/cmsis_gcc.h **** {
 519:Drivers/CMSIS/Include/cmsis_gcc.h ****   __ASM volatile ("cpsid f" : : : "memory");
 520:Drivers/CMSIS/Include/cmsis_gcc.h **** }
 521:Drivers/CMSIS/Include/cmsis_gcc.h **** 
 522:Drivers/CMSIS/Include/cmsis_gcc.h **** 
 523:Drivers/CMSIS/Include/cmsis_gcc.h **** /**
 524:Drivers/CMSIS/Include/cmsis_gcc.h ****   \brief   Get Base Priority
 525:Drivers/CMSIS/Include/cmsis_gcc.h ****   \details Returns the current value of the Base Priority register.
 526:Drivers/CMSIS/Include/cmsis_gcc.h ****   \return               Base Priority register value
 527:Drivers/CMSIS/Include/cmsis_gcc.h ****  */
 528:Drivers/CMSIS/Include/cmsis_gcc.h **** __STATIC_FORCEINLINE uint32_t __get_BASEPRI(void)
 529:Drivers/CMSIS/Include/cmsis_gcc.h **** {
 530:Drivers/CMSIS/Include/cmsis_gcc.h ****   uint32_t result;
ARM GAS  /tmp/ccb1MUlA.s 			page 34


 531:Drivers/CMSIS/Include/cmsis_gcc.h **** 
 532:Drivers/CMSIS/Include/cmsis_gcc.h ****   __ASM volatile ("MRS %0, basepri" : "=r" (result) );
 533:Drivers/CMSIS/Include/cmsis_gcc.h ****   return(result);
 534:Drivers/CMSIS/Include/cmsis_gcc.h **** }
 535:Drivers/CMSIS/Include/cmsis_gcc.h **** 
 536:Drivers/CMSIS/Include/cmsis_gcc.h **** 
 537:Drivers/CMSIS/Include/cmsis_gcc.h **** #if (defined (__ARM_FEATURE_CMSE ) && (__ARM_FEATURE_CMSE == 3))
 538:Drivers/CMSIS/Include/cmsis_gcc.h **** /**
 539:Drivers/CMSIS/Include/cmsis_gcc.h ****   \brief   Get Base Priority (non-secure)
 540:Drivers/CMSIS/Include/cmsis_gcc.h ****   \details Returns the current value of the non-secure Base Priority register when in secure state.
 541:Drivers/CMSIS/Include/cmsis_gcc.h ****   \return               Base Priority register value
 542:Drivers/CMSIS/Include/cmsis_gcc.h ****  */
 543:Drivers/CMSIS/Include/cmsis_gcc.h **** __STATIC_FORCEINLINE uint32_t __TZ_get_BASEPRI_NS(void)
 544:Drivers/CMSIS/Include/cmsis_gcc.h **** {
 545:Drivers/CMSIS/Include/cmsis_gcc.h ****   uint32_t result;
 546:Drivers/CMSIS/Include/cmsis_gcc.h **** 
 547:Drivers/CMSIS/Include/cmsis_gcc.h ****   __ASM volatile ("MRS %0, basepri_ns" : "=r" (result) );
 548:Drivers/CMSIS/Include/cmsis_gcc.h ****   return(result);
 549:Drivers/CMSIS/Include/cmsis_gcc.h **** }
 550:Drivers/CMSIS/Include/cmsis_gcc.h **** #endif
 551:Drivers/CMSIS/Include/cmsis_gcc.h **** 
 552:Drivers/CMSIS/Include/cmsis_gcc.h **** 
 553:Drivers/CMSIS/Include/cmsis_gcc.h **** /**
 554:Drivers/CMSIS/Include/cmsis_gcc.h ****   \brief   Set Base Priority
 555:Drivers/CMSIS/Include/cmsis_gcc.h ****   \details Assigns the given value to the Base Priority register.
 556:Drivers/CMSIS/Include/cmsis_gcc.h ****   \param [in]    basePri  Base Priority value to set
 557:Drivers/CMSIS/Include/cmsis_gcc.h ****  */
 558:Drivers/CMSIS/Include/cmsis_gcc.h **** __STATIC_FORCEINLINE void __set_BASEPRI(uint32_t basePri)
 559:Drivers/CMSIS/Include/cmsis_gcc.h **** {
 560:Drivers/CMSIS/Include/cmsis_gcc.h ****   __ASM volatile ("MSR basepri, %0" : : "r" (basePri) : "memory");
 561:Drivers/CMSIS/Include/cmsis_gcc.h **** }
 562:Drivers/CMSIS/Include/cmsis_gcc.h **** 
 563:Drivers/CMSIS/Include/cmsis_gcc.h **** 
 564:Drivers/CMSIS/Include/cmsis_gcc.h **** #if (defined (__ARM_FEATURE_CMSE ) && (__ARM_FEATURE_CMSE == 3))
 565:Drivers/CMSIS/Include/cmsis_gcc.h **** /**
 566:Drivers/CMSIS/Include/cmsis_gcc.h ****   \brief   Set Base Priority (non-secure)
 567:Drivers/CMSIS/Include/cmsis_gcc.h ****   \details Assigns the given value to the non-secure Base Priority register when in secure state.
 568:Drivers/CMSIS/Include/cmsis_gcc.h ****   \param [in]    basePri  Base Priority value to set
 569:Drivers/CMSIS/Include/cmsis_gcc.h ****  */
 570:Drivers/CMSIS/Include/cmsis_gcc.h **** __STATIC_FORCEINLINE void __TZ_set_BASEPRI_NS(uint32_t basePri)
 571:Drivers/CMSIS/Include/cmsis_gcc.h **** {
 572:Drivers/CMSIS/Include/cmsis_gcc.h ****   __ASM volatile ("MSR basepri_ns, %0" : : "r" (basePri) : "memory");
 573:Drivers/CMSIS/Include/cmsis_gcc.h **** }
 574:Drivers/CMSIS/Include/cmsis_gcc.h **** #endif
 575:Drivers/CMSIS/Include/cmsis_gcc.h **** 
 576:Drivers/CMSIS/Include/cmsis_gcc.h **** 
 577:Drivers/CMSIS/Include/cmsis_gcc.h **** /**
 578:Drivers/CMSIS/Include/cmsis_gcc.h ****   \brief   Set Base Priority with condition
 579:Drivers/CMSIS/Include/cmsis_gcc.h ****   \details Assigns the given value to the Base Priority register only if BASEPRI masking is disable
 580:Drivers/CMSIS/Include/cmsis_gcc.h ****            or the new value increases the BASEPRI priority level.
 581:Drivers/CMSIS/Include/cmsis_gcc.h ****   \param [in]    basePri  Base Priority value to set
 582:Drivers/CMSIS/Include/cmsis_gcc.h ****  */
 583:Drivers/CMSIS/Include/cmsis_gcc.h **** __STATIC_FORCEINLINE void __set_BASEPRI_MAX(uint32_t basePri)
 584:Drivers/CMSIS/Include/cmsis_gcc.h **** {
 585:Drivers/CMSIS/Include/cmsis_gcc.h ****   __ASM volatile ("MSR basepri_max, %0" : : "r" (basePri) : "memory");
 586:Drivers/CMSIS/Include/cmsis_gcc.h **** }
 587:Drivers/CMSIS/Include/cmsis_gcc.h **** 
ARM GAS  /tmp/ccb1MUlA.s 			page 35


 588:Drivers/CMSIS/Include/cmsis_gcc.h **** 
 589:Drivers/CMSIS/Include/cmsis_gcc.h **** /**
 590:Drivers/CMSIS/Include/cmsis_gcc.h ****   \brief   Get Fault Mask
 591:Drivers/CMSIS/Include/cmsis_gcc.h ****   \details Returns the current value of the Fault Mask register.
 592:Drivers/CMSIS/Include/cmsis_gcc.h ****   \return               Fault Mask register value
 593:Drivers/CMSIS/Include/cmsis_gcc.h ****  */
 594:Drivers/CMSIS/Include/cmsis_gcc.h **** __STATIC_FORCEINLINE uint32_t __get_FAULTMASK(void)
 595:Drivers/CMSIS/Include/cmsis_gcc.h **** {
 596:Drivers/CMSIS/Include/cmsis_gcc.h ****   uint32_t result;
 597:Drivers/CMSIS/Include/cmsis_gcc.h **** 
 598:Drivers/CMSIS/Include/cmsis_gcc.h ****   __ASM volatile ("MRS %0, faultmask" : "=r" (result) );
 599:Drivers/CMSIS/Include/cmsis_gcc.h ****   return(result);
 600:Drivers/CMSIS/Include/cmsis_gcc.h **** }
 601:Drivers/CMSIS/Include/cmsis_gcc.h **** 
 602:Drivers/CMSIS/Include/cmsis_gcc.h **** 
 603:Drivers/CMSIS/Include/cmsis_gcc.h **** #if (defined (__ARM_FEATURE_CMSE ) && (__ARM_FEATURE_CMSE == 3))
 604:Drivers/CMSIS/Include/cmsis_gcc.h **** /**
 605:Drivers/CMSIS/Include/cmsis_gcc.h ****   \brief   Get Fault Mask (non-secure)
 606:Drivers/CMSIS/Include/cmsis_gcc.h ****   \details Returns the current value of the non-secure Fault Mask register when in secure state.
 607:Drivers/CMSIS/Include/cmsis_gcc.h ****   \return               Fault Mask register value
 608:Drivers/CMSIS/Include/cmsis_gcc.h ****  */
 609:Drivers/CMSIS/Include/cmsis_gcc.h **** __STATIC_FORCEINLINE uint32_t __TZ_get_FAULTMASK_NS(void)
 610:Drivers/CMSIS/Include/cmsis_gcc.h **** {
 611:Drivers/CMSIS/Include/cmsis_gcc.h ****   uint32_t result;
 612:Drivers/CMSIS/Include/cmsis_gcc.h **** 
 613:Drivers/CMSIS/Include/cmsis_gcc.h ****   __ASM volatile ("MRS %0, faultmask_ns" : "=r" (result) );
 614:Drivers/CMSIS/Include/cmsis_gcc.h ****   return(result);
 615:Drivers/CMSIS/Include/cmsis_gcc.h **** }
 616:Drivers/CMSIS/Include/cmsis_gcc.h **** #endif
 617:Drivers/CMSIS/Include/cmsis_gcc.h **** 
 618:Drivers/CMSIS/Include/cmsis_gcc.h **** 
 619:Drivers/CMSIS/Include/cmsis_gcc.h **** /**
 620:Drivers/CMSIS/Include/cmsis_gcc.h ****   \brief   Set Fault Mask
 621:Drivers/CMSIS/Include/cmsis_gcc.h ****   \details Assigns the given value to the Fault Mask register.
 622:Drivers/CMSIS/Include/cmsis_gcc.h ****   \param [in]    faultMask  Fault Mask value to set
 623:Drivers/CMSIS/Include/cmsis_gcc.h ****  */
 624:Drivers/CMSIS/Include/cmsis_gcc.h **** __STATIC_FORCEINLINE void __set_FAULTMASK(uint32_t faultMask)
 625:Drivers/CMSIS/Include/cmsis_gcc.h **** {
 626:Drivers/CMSIS/Include/cmsis_gcc.h ****   __ASM volatile ("MSR faultmask, %0" : : "r" (faultMask) : "memory");
 627:Drivers/CMSIS/Include/cmsis_gcc.h **** }
 628:Drivers/CMSIS/Include/cmsis_gcc.h **** 
 629:Drivers/CMSIS/Include/cmsis_gcc.h **** 
 630:Drivers/CMSIS/Include/cmsis_gcc.h **** #if (defined (__ARM_FEATURE_CMSE ) && (__ARM_FEATURE_CMSE == 3))
 631:Drivers/CMSIS/Include/cmsis_gcc.h **** /**
 632:Drivers/CMSIS/Include/cmsis_gcc.h ****   \brief   Set Fault Mask (non-secure)
 633:Drivers/CMSIS/Include/cmsis_gcc.h ****   \details Assigns the given value to the non-secure Fault Mask register when in secure state.
 634:Drivers/CMSIS/Include/cmsis_gcc.h ****   \param [in]    faultMask  Fault Mask value to set
 635:Drivers/CMSIS/Include/cmsis_gcc.h ****  */
 636:Drivers/CMSIS/Include/cmsis_gcc.h **** __STATIC_FORCEINLINE void __TZ_set_FAULTMASK_NS(uint32_t faultMask)
 637:Drivers/CMSIS/Include/cmsis_gcc.h **** {
 638:Drivers/CMSIS/Include/cmsis_gcc.h ****   __ASM volatile ("MSR faultmask_ns, %0" : : "r" (faultMask) : "memory");
 639:Drivers/CMSIS/Include/cmsis_gcc.h **** }
 640:Drivers/CMSIS/Include/cmsis_gcc.h **** #endif
 641:Drivers/CMSIS/Include/cmsis_gcc.h **** 
 642:Drivers/CMSIS/Include/cmsis_gcc.h **** #endif /* ((defined (__ARM_ARCH_7M__      ) && (__ARM_ARCH_7M__      == 1)) || \
 643:Drivers/CMSIS/Include/cmsis_gcc.h ****            (defined (__ARM_ARCH_7EM__     ) && (__ARM_ARCH_7EM__     == 1)) || \
 644:Drivers/CMSIS/Include/cmsis_gcc.h ****            (defined (__ARM_ARCH_8M_MAIN__ ) && (__ARM_ARCH_8M_MAIN__ == 1))    ) */
ARM GAS  /tmp/ccb1MUlA.s 			page 36


 645:Drivers/CMSIS/Include/cmsis_gcc.h **** 
 646:Drivers/CMSIS/Include/cmsis_gcc.h **** 
 647:Drivers/CMSIS/Include/cmsis_gcc.h **** #if ((defined (__ARM_ARCH_8M_MAIN__ ) && (__ARM_ARCH_8M_MAIN__ == 1)) || \
 648:Drivers/CMSIS/Include/cmsis_gcc.h ****      (defined (__ARM_ARCH_8M_BASE__ ) && (__ARM_ARCH_8M_BASE__ == 1))    )
 649:Drivers/CMSIS/Include/cmsis_gcc.h **** 
 650:Drivers/CMSIS/Include/cmsis_gcc.h **** /**
 651:Drivers/CMSIS/Include/cmsis_gcc.h ****   \brief   Get Process Stack Pointer Limit
 652:Drivers/CMSIS/Include/cmsis_gcc.h ****   Devices without ARMv8-M Main Extensions (i.e. Cortex-M23) lack the non-secure
 653:Drivers/CMSIS/Include/cmsis_gcc.h ****   Stack Pointer Limit register hence zero is returned always in non-secure
 654:Drivers/CMSIS/Include/cmsis_gcc.h ****   mode.
 655:Drivers/CMSIS/Include/cmsis_gcc.h ****   
 656:Drivers/CMSIS/Include/cmsis_gcc.h ****   \details Returns the current value of the Process Stack Pointer Limit (PSPLIM).
 657:Drivers/CMSIS/Include/cmsis_gcc.h ****   \return               PSPLIM Register value
 658:Drivers/CMSIS/Include/cmsis_gcc.h ****  */
 659:Drivers/CMSIS/Include/cmsis_gcc.h **** __STATIC_FORCEINLINE uint32_t __get_PSPLIM(void)
 660:Drivers/CMSIS/Include/cmsis_gcc.h **** {
 661:Drivers/CMSIS/Include/cmsis_gcc.h **** #if (!(defined (__ARM_ARCH_8M_MAIN__ ) && (__ARM_ARCH_8M_MAIN__ == 1)) && \
 662:Drivers/CMSIS/Include/cmsis_gcc.h ****     (!defined (__ARM_FEATURE_CMSE) || (__ARM_FEATURE_CMSE < 3)))
 663:Drivers/CMSIS/Include/cmsis_gcc.h ****     // without main extensions, the non-secure PSPLIM is RAZ/WI
 664:Drivers/CMSIS/Include/cmsis_gcc.h ****   return 0U;
 665:Drivers/CMSIS/Include/cmsis_gcc.h **** #else
 666:Drivers/CMSIS/Include/cmsis_gcc.h ****   uint32_t result;
 667:Drivers/CMSIS/Include/cmsis_gcc.h ****   __ASM volatile ("MRS %0, psplim"  : "=r" (result) );
 668:Drivers/CMSIS/Include/cmsis_gcc.h ****   return result;
 669:Drivers/CMSIS/Include/cmsis_gcc.h **** #endif
 670:Drivers/CMSIS/Include/cmsis_gcc.h **** }
 671:Drivers/CMSIS/Include/cmsis_gcc.h **** 
 672:Drivers/CMSIS/Include/cmsis_gcc.h **** #if (defined (__ARM_FEATURE_CMSE) && (__ARM_FEATURE_CMSE == 3))
 673:Drivers/CMSIS/Include/cmsis_gcc.h **** /**
 674:Drivers/CMSIS/Include/cmsis_gcc.h ****   \brief   Get Process Stack Pointer Limit (non-secure)
 675:Drivers/CMSIS/Include/cmsis_gcc.h ****   Devices without ARMv8-M Main Extensions (i.e. Cortex-M23) lack the non-secure
 676:Drivers/CMSIS/Include/cmsis_gcc.h ****   Stack Pointer Limit register hence zero is returned always.
 677:Drivers/CMSIS/Include/cmsis_gcc.h **** 
 678:Drivers/CMSIS/Include/cmsis_gcc.h ****   \details Returns the current value of the non-secure Process Stack Pointer Limit (PSPLIM) when in
 679:Drivers/CMSIS/Include/cmsis_gcc.h ****   \return               PSPLIM Register value
 680:Drivers/CMSIS/Include/cmsis_gcc.h ****  */
 681:Drivers/CMSIS/Include/cmsis_gcc.h **** __STATIC_FORCEINLINE uint32_t __TZ_get_PSPLIM_NS(void)
 682:Drivers/CMSIS/Include/cmsis_gcc.h **** {
 683:Drivers/CMSIS/Include/cmsis_gcc.h **** #if (!(defined (__ARM_ARCH_8M_MAIN__ ) && (__ARM_ARCH_8M_MAIN__ == 1)))
 684:Drivers/CMSIS/Include/cmsis_gcc.h ****   // without main extensions, the non-secure PSPLIM is RAZ/WI
 685:Drivers/CMSIS/Include/cmsis_gcc.h ****   return 0U;
 686:Drivers/CMSIS/Include/cmsis_gcc.h **** #else
 687:Drivers/CMSIS/Include/cmsis_gcc.h ****   uint32_t result;
 688:Drivers/CMSIS/Include/cmsis_gcc.h ****   __ASM volatile ("MRS %0, psplim_ns"  : "=r" (result) );
 689:Drivers/CMSIS/Include/cmsis_gcc.h ****   return result;
 690:Drivers/CMSIS/Include/cmsis_gcc.h **** #endif
 691:Drivers/CMSIS/Include/cmsis_gcc.h **** }
 692:Drivers/CMSIS/Include/cmsis_gcc.h **** #endif
 693:Drivers/CMSIS/Include/cmsis_gcc.h **** 
 694:Drivers/CMSIS/Include/cmsis_gcc.h **** 
 695:Drivers/CMSIS/Include/cmsis_gcc.h **** /**
 696:Drivers/CMSIS/Include/cmsis_gcc.h ****   \brief   Set Process Stack Pointer Limit
 697:Drivers/CMSIS/Include/cmsis_gcc.h ****   Devices without ARMv8-M Main Extensions (i.e. Cortex-M23) lack the non-secure
 698:Drivers/CMSIS/Include/cmsis_gcc.h ****   Stack Pointer Limit register hence the write is silently ignored in non-secure
 699:Drivers/CMSIS/Include/cmsis_gcc.h ****   mode.
 700:Drivers/CMSIS/Include/cmsis_gcc.h ****   
 701:Drivers/CMSIS/Include/cmsis_gcc.h ****   \details Assigns the given value to the Process Stack Pointer Limit (PSPLIM).
ARM GAS  /tmp/ccb1MUlA.s 			page 37


 702:Drivers/CMSIS/Include/cmsis_gcc.h ****   \param [in]    ProcStackPtrLimit  Process Stack Pointer Limit value to set
 703:Drivers/CMSIS/Include/cmsis_gcc.h ****  */
 704:Drivers/CMSIS/Include/cmsis_gcc.h **** __STATIC_FORCEINLINE void __set_PSPLIM(uint32_t ProcStackPtrLimit)
 705:Drivers/CMSIS/Include/cmsis_gcc.h **** {
 706:Drivers/CMSIS/Include/cmsis_gcc.h **** #if (!(defined (__ARM_ARCH_8M_MAIN__ ) && (__ARM_ARCH_8M_MAIN__ == 1)) && \
 707:Drivers/CMSIS/Include/cmsis_gcc.h ****     (!defined (__ARM_FEATURE_CMSE) || (__ARM_FEATURE_CMSE < 3)))
 708:Drivers/CMSIS/Include/cmsis_gcc.h ****   // without main extensions, the non-secure PSPLIM is RAZ/WI
 709:Drivers/CMSIS/Include/cmsis_gcc.h ****   (void)ProcStackPtrLimit;
 710:Drivers/CMSIS/Include/cmsis_gcc.h **** #else
 711:Drivers/CMSIS/Include/cmsis_gcc.h ****   __ASM volatile ("MSR psplim, %0" : : "r" (ProcStackPtrLimit));
 712:Drivers/CMSIS/Include/cmsis_gcc.h **** #endif
 713:Drivers/CMSIS/Include/cmsis_gcc.h **** }
 714:Drivers/CMSIS/Include/cmsis_gcc.h **** 
 715:Drivers/CMSIS/Include/cmsis_gcc.h **** 
 716:Drivers/CMSIS/Include/cmsis_gcc.h **** #if (defined (__ARM_FEATURE_CMSE  ) && (__ARM_FEATURE_CMSE   == 3))
 717:Drivers/CMSIS/Include/cmsis_gcc.h **** /**
 718:Drivers/CMSIS/Include/cmsis_gcc.h ****   \brief   Set Process Stack Pointer (non-secure)
 719:Drivers/CMSIS/Include/cmsis_gcc.h ****   Devices without ARMv8-M Main Extensions (i.e. Cortex-M23) lack the non-secure
 720:Drivers/CMSIS/Include/cmsis_gcc.h ****   Stack Pointer Limit register hence the write is silently ignored.
 721:Drivers/CMSIS/Include/cmsis_gcc.h **** 
 722:Drivers/CMSIS/Include/cmsis_gcc.h ****   \details Assigns the given value to the non-secure Process Stack Pointer Limit (PSPLIM) when in s
 723:Drivers/CMSIS/Include/cmsis_gcc.h ****   \param [in]    ProcStackPtrLimit  Process Stack Pointer Limit value to set
 724:Drivers/CMSIS/Include/cmsis_gcc.h ****  */
 725:Drivers/CMSIS/Include/cmsis_gcc.h **** __STATIC_FORCEINLINE void __TZ_set_PSPLIM_NS(uint32_t ProcStackPtrLimit)
 726:Drivers/CMSIS/Include/cmsis_gcc.h **** {
 727:Drivers/CMSIS/Include/cmsis_gcc.h **** #if (!(defined (__ARM_ARCH_8M_MAIN__ ) && (__ARM_ARCH_8M_MAIN__ == 1)))
 728:Drivers/CMSIS/Include/cmsis_gcc.h ****   // without main extensions, the non-secure PSPLIM is RAZ/WI
 729:Drivers/CMSIS/Include/cmsis_gcc.h ****   (void)ProcStackPtrLimit;
 730:Drivers/CMSIS/Include/cmsis_gcc.h **** #else
 731:Drivers/CMSIS/Include/cmsis_gcc.h ****   __ASM volatile ("MSR psplim_ns, %0\n" : : "r" (ProcStackPtrLimit));
 732:Drivers/CMSIS/Include/cmsis_gcc.h **** #endif
 733:Drivers/CMSIS/Include/cmsis_gcc.h **** }
 734:Drivers/CMSIS/Include/cmsis_gcc.h **** #endif
 735:Drivers/CMSIS/Include/cmsis_gcc.h **** 
 736:Drivers/CMSIS/Include/cmsis_gcc.h **** 
 737:Drivers/CMSIS/Include/cmsis_gcc.h **** /**
 738:Drivers/CMSIS/Include/cmsis_gcc.h ****   \brief   Get Main Stack Pointer Limit
 739:Drivers/CMSIS/Include/cmsis_gcc.h ****   Devices without ARMv8-M Main Extensions (i.e. Cortex-M23) lack the non-secure
 740:Drivers/CMSIS/Include/cmsis_gcc.h ****   Stack Pointer Limit register hence zero is returned always in non-secure
 741:Drivers/CMSIS/Include/cmsis_gcc.h ****   mode.
 742:Drivers/CMSIS/Include/cmsis_gcc.h **** 
 743:Drivers/CMSIS/Include/cmsis_gcc.h ****   \details Returns the current value of the Main Stack Pointer Limit (MSPLIM).
 744:Drivers/CMSIS/Include/cmsis_gcc.h ****   \return               MSPLIM Register value
 745:Drivers/CMSIS/Include/cmsis_gcc.h ****  */
 746:Drivers/CMSIS/Include/cmsis_gcc.h **** __STATIC_FORCEINLINE uint32_t __get_MSPLIM(void)
 747:Drivers/CMSIS/Include/cmsis_gcc.h **** {
 748:Drivers/CMSIS/Include/cmsis_gcc.h **** #if (!(defined (__ARM_ARCH_8M_MAIN__ ) && (__ARM_ARCH_8M_MAIN__ == 1)) && \
 749:Drivers/CMSIS/Include/cmsis_gcc.h ****     (!defined (__ARM_FEATURE_CMSE) || (__ARM_FEATURE_CMSE < 3)))
 750:Drivers/CMSIS/Include/cmsis_gcc.h ****   // without main extensions, the non-secure MSPLIM is RAZ/WI
 751:Drivers/CMSIS/Include/cmsis_gcc.h ****   return 0U;
 752:Drivers/CMSIS/Include/cmsis_gcc.h **** #else
 753:Drivers/CMSIS/Include/cmsis_gcc.h ****   uint32_t result;
 754:Drivers/CMSIS/Include/cmsis_gcc.h ****   __ASM volatile ("MRS %0, msplim" : "=r" (result) );
 755:Drivers/CMSIS/Include/cmsis_gcc.h ****   return result;
 756:Drivers/CMSIS/Include/cmsis_gcc.h **** #endif
 757:Drivers/CMSIS/Include/cmsis_gcc.h **** }
 758:Drivers/CMSIS/Include/cmsis_gcc.h **** 
ARM GAS  /tmp/ccb1MUlA.s 			page 38


 759:Drivers/CMSIS/Include/cmsis_gcc.h **** 
 760:Drivers/CMSIS/Include/cmsis_gcc.h **** #if (defined (__ARM_FEATURE_CMSE  ) && (__ARM_FEATURE_CMSE   == 3))
 761:Drivers/CMSIS/Include/cmsis_gcc.h **** /**
 762:Drivers/CMSIS/Include/cmsis_gcc.h ****   \brief   Get Main Stack Pointer Limit (non-secure)
 763:Drivers/CMSIS/Include/cmsis_gcc.h ****   Devices without ARMv8-M Main Extensions (i.e. Cortex-M23) lack the non-secure
 764:Drivers/CMSIS/Include/cmsis_gcc.h ****   Stack Pointer Limit register hence zero is returned always.
 765:Drivers/CMSIS/Include/cmsis_gcc.h **** 
 766:Drivers/CMSIS/Include/cmsis_gcc.h ****   \details Returns the current value of the non-secure Main Stack Pointer Limit(MSPLIM) when in sec
 767:Drivers/CMSIS/Include/cmsis_gcc.h ****   \return               MSPLIM Register value
 768:Drivers/CMSIS/Include/cmsis_gcc.h ****  */
 769:Drivers/CMSIS/Include/cmsis_gcc.h **** __STATIC_FORCEINLINE uint32_t __TZ_get_MSPLIM_NS(void)
 770:Drivers/CMSIS/Include/cmsis_gcc.h **** {
 771:Drivers/CMSIS/Include/cmsis_gcc.h **** #if (!(defined (__ARM_ARCH_8M_MAIN__ ) && (__ARM_ARCH_8M_MAIN__ == 1)))
 772:Drivers/CMSIS/Include/cmsis_gcc.h ****   // without main extensions, the non-secure MSPLIM is RAZ/WI
 773:Drivers/CMSIS/Include/cmsis_gcc.h ****   return 0U;
 774:Drivers/CMSIS/Include/cmsis_gcc.h **** #else
 775:Drivers/CMSIS/Include/cmsis_gcc.h ****   uint32_t result;
 776:Drivers/CMSIS/Include/cmsis_gcc.h ****   __ASM volatile ("MRS %0, msplim_ns" : "=r" (result) );
 777:Drivers/CMSIS/Include/cmsis_gcc.h ****   return result;
 778:Drivers/CMSIS/Include/cmsis_gcc.h **** #endif
 779:Drivers/CMSIS/Include/cmsis_gcc.h **** }
 780:Drivers/CMSIS/Include/cmsis_gcc.h **** #endif
 781:Drivers/CMSIS/Include/cmsis_gcc.h **** 
 782:Drivers/CMSIS/Include/cmsis_gcc.h **** 
 783:Drivers/CMSIS/Include/cmsis_gcc.h **** /**
 784:Drivers/CMSIS/Include/cmsis_gcc.h ****   \brief   Set Main Stack Pointer Limit
 785:Drivers/CMSIS/Include/cmsis_gcc.h ****   Devices without ARMv8-M Main Extensions (i.e. Cortex-M23) lack the non-secure
 786:Drivers/CMSIS/Include/cmsis_gcc.h ****   Stack Pointer Limit register hence the write is silently ignored in non-secure
 787:Drivers/CMSIS/Include/cmsis_gcc.h ****   mode.
 788:Drivers/CMSIS/Include/cmsis_gcc.h **** 
 789:Drivers/CMSIS/Include/cmsis_gcc.h ****   \details Assigns the given value to the Main Stack Pointer Limit (MSPLIM).
 790:Drivers/CMSIS/Include/cmsis_gcc.h ****   \param [in]    MainStackPtrLimit  Main Stack Pointer Limit value to set
 791:Drivers/CMSIS/Include/cmsis_gcc.h ****  */
 792:Drivers/CMSIS/Include/cmsis_gcc.h **** __STATIC_FORCEINLINE void __set_MSPLIM(uint32_t MainStackPtrLimit)
 793:Drivers/CMSIS/Include/cmsis_gcc.h **** {
 794:Drivers/CMSIS/Include/cmsis_gcc.h **** #if (!(defined (__ARM_ARCH_8M_MAIN__ ) && (__ARM_ARCH_8M_MAIN__ == 1)) && \
 795:Drivers/CMSIS/Include/cmsis_gcc.h ****     (!defined (__ARM_FEATURE_CMSE) || (__ARM_FEATURE_CMSE < 3)))
 796:Drivers/CMSIS/Include/cmsis_gcc.h ****   // without main extensions, the non-secure MSPLIM is RAZ/WI
 797:Drivers/CMSIS/Include/cmsis_gcc.h ****   (void)MainStackPtrLimit;
 798:Drivers/CMSIS/Include/cmsis_gcc.h **** #else
 799:Drivers/CMSIS/Include/cmsis_gcc.h ****   __ASM volatile ("MSR msplim, %0" : : "r" (MainStackPtrLimit));
 800:Drivers/CMSIS/Include/cmsis_gcc.h **** #endif
 801:Drivers/CMSIS/Include/cmsis_gcc.h **** }
 802:Drivers/CMSIS/Include/cmsis_gcc.h **** 
 803:Drivers/CMSIS/Include/cmsis_gcc.h **** 
 804:Drivers/CMSIS/Include/cmsis_gcc.h **** #if (defined (__ARM_FEATURE_CMSE  ) && (__ARM_FEATURE_CMSE   == 3))
 805:Drivers/CMSIS/Include/cmsis_gcc.h **** /**
 806:Drivers/CMSIS/Include/cmsis_gcc.h ****   \brief   Set Main Stack Pointer Limit (non-secure)
 807:Drivers/CMSIS/Include/cmsis_gcc.h ****   Devices without ARMv8-M Main Extensions (i.e. Cortex-M23) lack the non-secure
 808:Drivers/CMSIS/Include/cmsis_gcc.h ****   Stack Pointer Limit register hence the write is silently ignored.
 809:Drivers/CMSIS/Include/cmsis_gcc.h **** 
 810:Drivers/CMSIS/Include/cmsis_gcc.h ****   \details Assigns the given value to the non-secure Main Stack Pointer Limit (MSPLIM) when in secu
 811:Drivers/CMSIS/Include/cmsis_gcc.h ****   \param [in]    MainStackPtrLimit  Main Stack Pointer value to set
 812:Drivers/CMSIS/Include/cmsis_gcc.h ****  */
 813:Drivers/CMSIS/Include/cmsis_gcc.h **** __STATIC_FORCEINLINE void __TZ_set_MSPLIM_NS(uint32_t MainStackPtrLimit)
 814:Drivers/CMSIS/Include/cmsis_gcc.h **** {
 815:Drivers/CMSIS/Include/cmsis_gcc.h **** #if (!(defined (__ARM_ARCH_8M_MAIN__ ) && (__ARM_ARCH_8M_MAIN__ == 1)))
ARM GAS  /tmp/ccb1MUlA.s 			page 39


 816:Drivers/CMSIS/Include/cmsis_gcc.h ****   // without main extensions, the non-secure MSPLIM is RAZ/WI
 817:Drivers/CMSIS/Include/cmsis_gcc.h ****   (void)MainStackPtrLimit;
 818:Drivers/CMSIS/Include/cmsis_gcc.h **** #else
 819:Drivers/CMSIS/Include/cmsis_gcc.h ****   __ASM volatile ("MSR msplim_ns, %0" : : "r" (MainStackPtrLimit));
 820:Drivers/CMSIS/Include/cmsis_gcc.h **** #endif
 821:Drivers/CMSIS/Include/cmsis_gcc.h **** }
 822:Drivers/CMSIS/Include/cmsis_gcc.h **** #endif
 823:Drivers/CMSIS/Include/cmsis_gcc.h **** 
 824:Drivers/CMSIS/Include/cmsis_gcc.h **** #endif /* ((defined (__ARM_ARCH_8M_MAIN__ ) && (__ARM_ARCH_8M_MAIN__ == 1)) || \
 825:Drivers/CMSIS/Include/cmsis_gcc.h ****            (defined (__ARM_ARCH_8M_BASE__ ) && (__ARM_ARCH_8M_BASE__ == 1))    ) */
 826:Drivers/CMSIS/Include/cmsis_gcc.h **** 
 827:Drivers/CMSIS/Include/cmsis_gcc.h **** 
 828:Drivers/CMSIS/Include/cmsis_gcc.h **** /**
 829:Drivers/CMSIS/Include/cmsis_gcc.h ****   \brief   Get FPSCR
 830:Drivers/CMSIS/Include/cmsis_gcc.h ****   \details Returns the current value of the Floating Point Status/Control register.
 831:Drivers/CMSIS/Include/cmsis_gcc.h ****   \return               Floating Point Status/Control register value
 832:Drivers/CMSIS/Include/cmsis_gcc.h ****  */
 833:Drivers/CMSIS/Include/cmsis_gcc.h **** __STATIC_FORCEINLINE uint32_t __get_FPSCR(void)
 834:Drivers/CMSIS/Include/cmsis_gcc.h **** {
 835:Drivers/CMSIS/Include/cmsis_gcc.h **** #if ((defined (__FPU_PRESENT) && (__FPU_PRESENT == 1U)) && \
 836:Drivers/CMSIS/Include/cmsis_gcc.h ****      (defined (__FPU_USED   ) && (__FPU_USED    == 1U))     )
 837:Drivers/CMSIS/Include/cmsis_gcc.h **** #if __has_builtin(__builtin_arm_get_fpscr) 
 838:Drivers/CMSIS/Include/cmsis_gcc.h **** // Re-enable using built-in when GCC has been fixed
 839:Drivers/CMSIS/Include/cmsis_gcc.h **** // || (__GNUC__ > 7) || (__GNUC__ == 7 && __GNUC_MINOR__ >= 2)
 840:Drivers/CMSIS/Include/cmsis_gcc.h ****   /* see https://gcc.gnu.org/ml/gcc-patches/2017-04/msg00443.html */
 841:Drivers/CMSIS/Include/cmsis_gcc.h ****   return __builtin_arm_get_fpscr();
 842:Drivers/CMSIS/Include/cmsis_gcc.h **** #else
 843:Drivers/CMSIS/Include/cmsis_gcc.h ****   uint32_t result;
 844:Drivers/CMSIS/Include/cmsis_gcc.h **** 
 845:Drivers/CMSIS/Include/cmsis_gcc.h ****   __ASM volatile ("VMRS %0, fpscr" : "=r" (result) );
 846:Drivers/CMSIS/Include/cmsis_gcc.h ****   return(result);
 847:Drivers/CMSIS/Include/cmsis_gcc.h **** #endif
 848:Drivers/CMSIS/Include/cmsis_gcc.h **** #else
 849:Drivers/CMSIS/Include/cmsis_gcc.h ****   return(0U);
 850:Drivers/CMSIS/Include/cmsis_gcc.h **** #endif
 851:Drivers/CMSIS/Include/cmsis_gcc.h **** }
 852:Drivers/CMSIS/Include/cmsis_gcc.h **** 
 853:Drivers/CMSIS/Include/cmsis_gcc.h **** 
 854:Drivers/CMSIS/Include/cmsis_gcc.h **** /**
 855:Drivers/CMSIS/Include/cmsis_gcc.h ****   \brief   Set FPSCR
 856:Drivers/CMSIS/Include/cmsis_gcc.h ****   \details Assigns the given value to the Floating Point Status/Control register.
 857:Drivers/CMSIS/Include/cmsis_gcc.h ****   \param [in]    fpscr  Floating Point Status/Control value to set
 858:Drivers/CMSIS/Include/cmsis_gcc.h ****  */
 859:Drivers/CMSIS/Include/cmsis_gcc.h **** __STATIC_FORCEINLINE void __set_FPSCR(uint32_t fpscr)
 860:Drivers/CMSIS/Include/cmsis_gcc.h **** {
 861:Drivers/CMSIS/Include/cmsis_gcc.h **** #if ((defined (__FPU_PRESENT) && (__FPU_PRESENT == 1U)) && \
 862:Drivers/CMSIS/Include/cmsis_gcc.h ****      (defined (__FPU_USED   ) && (__FPU_USED    == 1U))     )
 863:Drivers/CMSIS/Include/cmsis_gcc.h **** #if __has_builtin(__builtin_arm_set_fpscr)
 864:Drivers/CMSIS/Include/cmsis_gcc.h **** // Re-enable using built-in when GCC has been fixed
 865:Drivers/CMSIS/Include/cmsis_gcc.h **** // || (__GNUC__ > 7) || (__GNUC__ == 7 && __GNUC_MINOR__ >= 2)
 866:Drivers/CMSIS/Include/cmsis_gcc.h ****   /* see https://gcc.gnu.org/ml/gcc-patches/2017-04/msg00443.html */
 867:Drivers/CMSIS/Include/cmsis_gcc.h ****   __builtin_arm_set_fpscr(fpscr);
 868:Drivers/CMSIS/Include/cmsis_gcc.h **** #else
 869:Drivers/CMSIS/Include/cmsis_gcc.h ****   __ASM volatile ("VMSR fpscr, %0" : : "r" (fpscr) : "vfpcc", "memory");
 870:Drivers/CMSIS/Include/cmsis_gcc.h **** #endif
 871:Drivers/CMSIS/Include/cmsis_gcc.h **** #else
 872:Drivers/CMSIS/Include/cmsis_gcc.h ****   (void)fpscr;
ARM GAS  /tmp/ccb1MUlA.s 			page 40


 873:Drivers/CMSIS/Include/cmsis_gcc.h **** #endif
 874:Drivers/CMSIS/Include/cmsis_gcc.h **** }
 875:Drivers/CMSIS/Include/cmsis_gcc.h **** 
 876:Drivers/CMSIS/Include/cmsis_gcc.h **** 
 877:Drivers/CMSIS/Include/cmsis_gcc.h **** /*@} end of CMSIS_Core_RegAccFunctions */
 878:Drivers/CMSIS/Include/cmsis_gcc.h **** 
 879:Drivers/CMSIS/Include/cmsis_gcc.h **** 
 880:Drivers/CMSIS/Include/cmsis_gcc.h **** /* ##########################  Core Instruction Access  ######################### */
 881:Drivers/CMSIS/Include/cmsis_gcc.h **** /** \defgroup CMSIS_Core_InstructionInterface CMSIS Core Instruction Interface
 882:Drivers/CMSIS/Include/cmsis_gcc.h ****   Access to dedicated instructions
 883:Drivers/CMSIS/Include/cmsis_gcc.h ****   @{
 884:Drivers/CMSIS/Include/cmsis_gcc.h **** */
 885:Drivers/CMSIS/Include/cmsis_gcc.h **** 
 886:Drivers/CMSIS/Include/cmsis_gcc.h **** /* Define macros for porting to both thumb1 and thumb2.
 887:Drivers/CMSIS/Include/cmsis_gcc.h ****  * For thumb1, use low register (r0-r7), specified by constraint "l"
 888:Drivers/CMSIS/Include/cmsis_gcc.h ****  * Otherwise, use general registers, specified by constraint "r" */
 889:Drivers/CMSIS/Include/cmsis_gcc.h **** #if defined (__thumb__) && !defined (__thumb2__)
 890:Drivers/CMSIS/Include/cmsis_gcc.h **** #define __CMSIS_GCC_OUT_REG(r) "=l" (r)
 891:Drivers/CMSIS/Include/cmsis_gcc.h **** #define __CMSIS_GCC_RW_REG(r) "+l" (r)
 892:Drivers/CMSIS/Include/cmsis_gcc.h **** #define __CMSIS_GCC_USE_REG(r) "l" (r)
 893:Drivers/CMSIS/Include/cmsis_gcc.h **** #else
 894:Drivers/CMSIS/Include/cmsis_gcc.h **** #define __CMSIS_GCC_OUT_REG(r) "=r" (r)
 895:Drivers/CMSIS/Include/cmsis_gcc.h **** #define __CMSIS_GCC_RW_REG(r) "+r" (r)
 896:Drivers/CMSIS/Include/cmsis_gcc.h **** #define __CMSIS_GCC_USE_REG(r) "r" (r)
 897:Drivers/CMSIS/Include/cmsis_gcc.h **** #endif
 898:Drivers/CMSIS/Include/cmsis_gcc.h **** 
 899:Drivers/CMSIS/Include/cmsis_gcc.h **** /**
 900:Drivers/CMSIS/Include/cmsis_gcc.h ****   \brief   No Operation
 901:Drivers/CMSIS/Include/cmsis_gcc.h ****   \details No Operation does nothing. This instruction can be used for code alignment purposes.
 902:Drivers/CMSIS/Include/cmsis_gcc.h ****  */
 903:Drivers/CMSIS/Include/cmsis_gcc.h **** #define __NOP()                             __ASM volatile ("nop")
 904:Drivers/CMSIS/Include/cmsis_gcc.h **** 
 905:Drivers/CMSIS/Include/cmsis_gcc.h **** /**
 906:Drivers/CMSIS/Include/cmsis_gcc.h ****   \brief   Wait For Interrupt
 907:Drivers/CMSIS/Include/cmsis_gcc.h ****   \details Wait For Interrupt is a hint instruction that suspends execution until one of a number o
 908:Drivers/CMSIS/Include/cmsis_gcc.h ****  */
 909:Drivers/CMSIS/Include/cmsis_gcc.h **** #define __WFI()                             __ASM volatile ("wfi")
 910:Drivers/CMSIS/Include/cmsis_gcc.h **** 
 911:Drivers/CMSIS/Include/cmsis_gcc.h **** 
 912:Drivers/CMSIS/Include/cmsis_gcc.h **** /**
 913:Drivers/CMSIS/Include/cmsis_gcc.h ****   \brief   Wait For Event
 914:Drivers/CMSIS/Include/cmsis_gcc.h ****   \details Wait For Event is a hint instruction that permits the processor to enter
 915:Drivers/CMSIS/Include/cmsis_gcc.h ****            a low-power state until one of a number of events occurs.
 916:Drivers/CMSIS/Include/cmsis_gcc.h ****  */
 917:Drivers/CMSIS/Include/cmsis_gcc.h **** #define __WFE()                             __ASM volatile ("wfe")
 918:Drivers/CMSIS/Include/cmsis_gcc.h **** 
 919:Drivers/CMSIS/Include/cmsis_gcc.h **** 
 920:Drivers/CMSIS/Include/cmsis_gcc.h **** /**
 921:Drivers/CMSIS/Include/cmsis_gcc.h ****   \brief   Send Event
 922:Drivers/CMSIS/Include/cmsis_gcc.h ****   \details Send Event is a hint instruction. It causes an event to be signaled to the CPU.
 923:Drivers/CMSIS/Include/cmsis_gcc.h ****  */
 924:Drivers/CMSIS/Include/cmsis_gcc.h **** #define __SEV()                             __ASM volatile ("sev")
 925:Drivers/CMSIS/Include/cmsis_gcc.h **** 
 926:Drivers/CMSIS/Include/cmsis_gcc.h **** 
 927:Drivers/CMSIS/Include/cmsis_gcc.h **** /**
 928:Drivers/CMSIS/Include/cmsis_gcc.h ****   \brief   Instruction Synchronization Barrier
 929:Drivers/CMSIS/Include/cmsis_gcc.h ****   \details Instruction Synchronization Barrier flushes the pipeline in the processor,
ARM GAS  /tmp/ccb1MUlA.s 			page 41


 930:Drivers/CMSIS/Include/cmsis_gcc.h ****            so that all instructions following the ISB are fetched from cache or memory,
 931:Drivers/CMSIS/Include/cmsis_gcc.h ****            after the instruction has been completed.
 932:Drivers/CMSIS/Include/cmsis_gcc.h ****  */
 933:Drivers/CMSIS/Include/cmsis_gcc.h **** __STATIC_FORCEINLINE void __ISB(void)
 934:Drivers/CMSIS/Include/cmsis_gcc.h **** {
 935:Drivers/CMSIS/Include/cmsis_gcc.h ****   __ASM volatile ("isb 0xF":::"memory");
 936:Drivers/CMSIS/Include/cmsis_gcc.h **** }
 937:Drivers/CMSIS/Include/cmsis_gcc.h **** 
 938:Drivers/CMSIS/Include/cmsis_gcc.h **** 
 939:Drivers/CMSIS/Include/cmsis_gcc.h **** /**
 940:Drivers/CMSIS/Include/cmsis_gcc.h ****   \brief   Data Synchronization Barrier
 941:Drivers/CMSIS/Include/cmsis_gcc.h ****   \details Acts as a special kind of Data Memory Barrier.
 942:Drivers/CMSIS/Include/cmsis_gcc.h ****            It completes when all explicit memory accesses before this instruction complete.
 943:Drivers/CMSIS/Include/cmsis_gcc.h ****  */
 944:Drivers/CMSIS/Include/cmsis_gcc.h **** __STATIC_FORCEINLINE void __DSB(void)
 945:Drivers/CMSIS/Include/cmsis_gcc.h **** {
 946:Drivers/CMSIS/Include/cmsis_gcc.h ****   __ASM volatile ("dsb 0xF":::"memory");
 947:Drivers/CMSIS/Include/cmsis_gcc.h **** }
 948:Drivers/CMSIS/Include/cmsis_gcc.h **** 
 949:Drivers/CMSIS/Include/cmsis_gcc.h **** 
 950:Drivers/CMSIS/Include/cmsis_gcc.h **** /**
 951:Drivers/CMSIS/Include/cmsis_gcc.h ****   \brief   Data Memory Barrier
 952:Drivers/CMSIS/Include/cmsis_gcc.h ****   \details Ensures the apparent order of the explicit memory operations before
 953:Drivers/CMSIS/Include/cmsis_gcc.h ****            and after the instruction, without ensuring their completion.
 954:Drivers/CMSIS/Include/cmsis_gcc.h ****  */
 955:Drivers/CMSIS/Include/cmsis_gcc.h **** __STATIC_FORCEINLINE void __DMB(void)
 956:Drivers/CMSIS/Include/cmsis_gcc.h **** {
 957:Drivers/CMSIS/Include/cmsis_gcc.h ****   __ASM volatile ("dmb 0xF":::"memory");
 958:Drivers/CMSIS/Include/cmsis_gcc.h **** }
 959:Drivers/CMSIS/Include/cmsis_gcc.h **** 
 960:Drivers/CMSIS/Include/cmsis_gcc.h **** 
 961:Drivers/CMSIS/Include/cmsis_gcc.h **** /**
 962:Drivers/CMSIS/Include/cmsis_gcc.h ****   \brief   Reverse byte order (32 bit)
 963:Drivers/CMSIS/Include/cmsis_gcc.h ****   \details Reverses the byte order in unsigned integer value. For example, 0x12345678 becomes 0x785
 964:Drivers/CMSIS/Include/cmsis_gcc.h ****   \param [in]    value  Value to reverse
 965:Drivers/CMSIS/Include/cmsis_gcc.h ****   \return               Reversed value
 966:Drivers/CMSIS/Include/cmsis_gcc.h ****  */
 967:Drivers/CMSIS/Include/cmsis_gcc.h **** __STATIC_FORCEINLINE uint32_t __REV(uint32_t value)
 968:Drivers/CMSIS/Include/cmsis_gcc.h **** {
 969:Drivers/CMSIS/Include/cmsis_gcc.h **** #if (__GNUC__ > 4) || (__GNUC__ == 4 && __GNUC_MINOR__ >= 5)
 970:Drivers/CMSIS/Include/cmsis_gcc.h ****   return __builtin_bswap32(value);
 971:Drivers/CMSIS/Include/cmsis_gcc.h **** #else
 972:Drivers/CMSIS/Include/cmsis_gcc.h ****   uint32_t result;
 973:Drivers/CMSIS/Include/cmsis_gcc.h **** 
 974:Drivers/CMSIS/Include/cmsis_gcc.h ****   __ASM volatile ("rev %0, %1" : __CMSIS_GCC_OUT_REG (result) : __CMSIS_GCC_USE_REG (value) );
 975:Drivers/CMSIS/Include/cmsis_gcc.h ****   return result;
 976:Drivers/CMSIS/Include/cmsis_gcc.h **** #endif
 977:Drivers/CMSIS/Include/cmsis_gcc.h **** }
 978:Drivers/CMSIS/Include/cmsis_gcc.h **** 
 979:Drivers/CMSIS/Include/cmsis_gcc.h **** 
 980:Drivers/CMSIS/Include/cmsis_gcc.h **** /**
 981:Drivers/CMSIS/Include/cmsis_gcc.h ****   \brief   Reverse byte order (16 bit)
 982:Drivers/CMSIS/Include/cmsis_gcc.h ****   \details Reverses the byte order within each halfword of a word. For example, 0x12345678 becomes 
 983:Drivers/CMSIS/Include/cmsis_gcc.h ****   \param [in]    value  Value to reverse
 984:Drivers/CMSIS/Include/cmsis_gcc.h ****   \return               Reversed value
 985:Drivers/CMSIS/Include/cmsis_gcc.h ****  */
 986:Drivers/CMSIS/Include/cmsis_gcc.h **** __STATIC_FORCEINLINE uint32_t __REV16(uint32_t value)
ARM GAS  /tmp/ccb1MUlA.s 			page 42


 987:Drivers/CMSIS/Include/cmsis_gcc.h **** {
 988:Drivers/CMSIS/Include/cmsis_gcc.h ****   uint32_t result;
 989:Drivers/CMSIS/Include/cmsis_gcc.h **** 
 990:Drivers/CMSIS/Include/cmsis_gcc.h ****   __ASM volatile ("rev16 %0, %1" : __CMSIS_GCC_OUT_REG (result) : __CMSIS_GCC_USE_REG (value) );
 991:Drivers/CMSIS/Include/cmsis_gcc.h ****   return result;
 992:Drivers/CMSIS/Include/cmsis_gcc.h **** }
 993:Drivers/CMSIS/Include/cmsis_gcc.h **** 
 994:Drivers/CMSIS/Include/cmsis_gcc.h **** 
 995:Drivers/CMSIS/Include/cmsis_gcc.h **** /**
 996:Drivers/CMSIS/Include/cmsis_gcc.h ****   \brief   Reverse byte order (16 bit)
 997:Drivers/CMSIS/Include/cmsis_gcc.h ****   \details Reverses the byte order in a 16-bit value and returns the signed 16-bit result. For exam
 998:Drivers/CMSIS/Include/cmsis_gcc.h ****   \param [in]    value  Value to reverse
 999:Drivers/CMSIS/Include/cmsis_gcc.h ****   \return               Reversed value
1000:Drivers/CMSIS/Include/cmsis_gcc.h ****  */
1001:Drivers/CMSIS/Include/cmsis_gcc.h **** __STATIC_FORCEINLINE int16_t __REVSH(int16_t value)
1002:Drivers/CMSIS/Include/cmsis_gcc.h **** {
1003:Drivers/CMSIS/Include/cmsis_gcc.h **** #if (__GNUC__ > 4) || (__GNUC__ == 4 && __GNUC_MINOR__ >= 8)
1004:Drivers/CMSIS/Include/cmsis_gcc.h ****   return (int16_t)__builtin_bswap16(value);
1005:Drivers/CMSIS/Include/cmsis_gcc.h **** #else
1006:Drivers/CMSIS/Include/cmsis_gcc.h ****   int16_t result;
1007:Drivers/CMSIS/Include/cmsis_gcc.h **** 
1008:Drivers/CMSIS/Include/cmsis_gcc.h ****   __ASM volatile ("revsh %0, %1" : __CMSIS_GCC_OUT_REG (result) : __CMSIS_GCC_USE_REG (value) );
1009:Drivers/CMSIS/Include/cmsis_gcc.h ****   return result;
1010:Drivers/CMSIS/Include/cmsis_gcc.h **** #endif
1011:Drivers/CMSIS/Include/cmsis_gcc.h **** }
1012:Drivers/CMSIS/Include/cmsis_gcc.h **** 
1013:Drivers/CMSIS/Include/cmsis_gcc.h **** 
1014:Drivers/CMSIS/Include/cmsis_gcc.h **** /**
1015:Drivers/CMSIS/Include/cmsis_gcc.h ****   \brief   Rotate Right in unsigned value (32 bit)
1016:Drivers/CMSIS/Include/cmsis_gcc.h ****   \details Rotate Right (immediate) provides the value of the contents of a register rotated by a v
1017:Drivers/CMSIS/Include/cmsis_gcc.h ****   \param [in]    op1  Value to rotate
1018:Drivers/CMSIS/Include/cmsis_gcc.h ****   \param [in]    op2  Number of Bits to rotate
1019:Drivers/CMSIS/Include/cmsis_gcc.h ****   \return               Rotated value
1020:Drivers/CMSIS/Include/cmsis_gcc.h ****  */
1021:Drivers/CMSIS/Include/cmsis_gcc.h **** __STATIC_FORCEINLINE uint32_t __ROR(uint32_t op1, uint32_t op2)
1022:Drivers/CMSIS/Include/cmsis_gcc.h **** {
1023:Drivers/CMSIS/Include/cmsis_gcc.h ****   op2 %= 32U;
1024:Drivers/CMSIS/Include/cmsis_gcc.h ****   if (op2 == 0U)
1025:Drivers/CMSIS/Include/cmsis_gcc.h ****   {
1026:Drivers/CMSIS/Include/cmsis_gcc.h ****     return op1;
1027:Drivers/CMSIS/Include/cmsis_gcc.h ****   }
1028:Drivers/CMSIS/Include/cmsis_gcc.h ****   return (op1 >> op2) | (op1 << (32U - op2));
1029:Drivers/CMSIS/Include/cmsis_gcc.h **** }
1030:Drivers/CMSIS/Include/cmsis_gcc.h **** 
1031:Drivers/CMSIS/Include/cmsis_gcc.h **** 
1032:Drivers/CMSIS/Include/cmsis_gcc.h **** /**
1033:Drivers/CMSIS/Include/cmsis_gcc.h ****   \brief   Breakpoint
1034:Drivers/CMSIS/Include/cmsis_gcc.h ****   \details Causes the processor to enter Debug state.
1035:Drivers/CMSIS/Include/cmsis_gcc.h ****            Debug tools can use this to investigate system state when the instruction at a particula
1036:Drivers/CMSIS/Include/cmsis_gcc.h ****   \param [in]    value  is ignored by the processor.
1037:Drivers/CMSIS/Include/cmsis_gcc.h ****                  If required, a debugger can use it to store additional information about the break
1038:Drivers/CMSIS/Include/cmsis_gcc.h ****  */
1039:Drivers/CMSIS/Include/cmsis_gcc.h **** #define __BKPT(value)                       __ASM volatile ("bkpt "#value)
1040:Drivers/CMSIS/Include/cmsis_gcc.h **** 
1041:Drivers/CMSIS/Include/cmsis_gcc.h **** 
1042:Drivers/CMSIS/Include/cmsis_gcc.h **** /**
1043:Drivers/CMSIS/Include/cmsis_gcc.h ****   \brief   Reverse bit order of value
ARM GAS  /tmp/ccb1MUlA.s 			page 43


1044:Drivers/CMSIS/Include/cmsis_gcc.h ****   \details Reverses the bit order of the given value.
1045:Drivers/CMSIS/Include/cmsis_gcc.h ****   \param [in]    value  Value to reverse
1046:Drivers/CMSIS/Include/cmsis_gcc.h ****   \return               Reversed value
1047:Drivers/CMSIS/Include/cmsis_gcc.h ****  */
1048:Drivers/CMSIS/Include/cmsis_gcc.h **** __STATIC_FORCEINLINE uint32_t __RBIT(uint32_t value)
1049:Drivers/CMSIS/Include/cmsis_gcc.h **** {
1050:Drivers/CMSIS/Include/cmsis_gcc.h ****   uint32_t result;
1051:Drivers/CMSIS/Include/cmsis_gcc.h **** 
1052:Drivers/CMSIS/Include/cmsis_gcc.h **** #if ((defined (__ARM_ARCH_7M__      ) && (__ARM_ARCH_7M__      == 1)) || \
1053:Drivers/CMSIS/Include/cmsis_gcc.h ****      (defined (__ARM_ARCH_7EM__     ) && (__ARM_ARCH_7EM__     == 1)) || \
1054:Drivers/CMSIS/Include/cmsis_gcc.h ****      (defined (__ARM_ARCH_8M_MAIN__ ) && (__ARM_ARCH_8M_MAIN__ == 1))    )
1055:Drivers/CMSIS/Include/cmsis_gcc.h ****    __ASM volatile ("rbit %0, %1" : "=r" (result) : "r" (value) );
1056:Drivers/CMSIS/Include/cmsis_gcc.h **** #else
1057:Drivers/CMSIS/Include/cmsis_gcc.h ****   uint32_t s = (4U /*sizeof(v)*/ * 8U) - 1U; /* extra shift needed at end */
1058:Drivers/CMSIS/Include/cmsis_gcc.h **** 
1059:Drivers/CMSIS/Include/cmsis_gcc.h ****   result = value;                      /* r will be reversed bits of v; first get LSB of v */
1060:Drivers/CMSIS/Include/cmsis_gcc.h ****   for (value >>= 1U; value != 0U; value >>= 1U)
1061:Drivers/CMSIS/Include/cmsis_gcc.h ****   {
1062:Drivers/CMSIS/Include/cmsis_gcc.h ****     result <<= 1U;
1063:Drivers/CMSIS/Include/cmsis_gcc.h ****     result |= value & 1U;
1064:Drivers/CMSIS/Include/cmsis_gcc.h ****     s--;
1065:Drivers/CMSIS/Include/cmsis_gcc.h ****   }
1066:Drivers/CMSIS/Include/cmsis_gcc.h ****   result <<= s;                        /* shift when v's highest bits are zero */
1067:Drivers/CMSIS/Include/cmsis_gcc.h **** #endif
1068:Drivers/CMSIS/Include/cmsis_gcc.h ****   return result;
1069:Drivers/CMSIS/Include/cmsis_gcc.h **** }
1070:Drivers/CMSIS/Include/cmsis_gcc.h **** 
1071:Drivers/CMSIS/Include/cmsis_gcc.h **** 
1072:Drivers/CMSIS/Include/cmsis_gcc.h **** /**
1073:Drivers/CMSIS/Include/cmsis_gcc.h ****   \brief   Count leading zeros
1074:Drivers/CMSIS/Include/cmsis_gcc.h ****   \details Counts the number of leading zeros of a data value.
1075:Drivers/CMSIS/Include/cmsis_gcc.h ****   \param [in]  value  Value to count the leading zeros
1076:Drivers/CMSIS/Include/cmsis_gcc.h ****   \return             number of leading zeros in value
1077:Drivers/CMSIS/Include/cmsis_gcc.h ****  */
1078:Drivers/CMSIS/Include/cmsis_gcc.h **** __STATIC_FORCEINLINE uint8_t __CLZ(uint32_t value)
1079:Drivers/CMSIS/Include/cmsis_gcc.h **** {
1080:Drivers/CMSIS/Include/cmsis_gcc.h ****   /* Even though __builtin_clz produces a CLZ instruction on ARM, formally
1081:Drivers/CMSIS/Include/cmsis_gcc.h ****      __builtin_clz(0) is undefined behaviour, so handle this case specially.
1082:Drivers/CMSIS/Include/cmsis_gcc.h ****      This guarantees ARM-compatible results if happening to compile on a non-ARM
1083:Drivers/CMSIS/Include/cmsis_gcc.h ****      target, and ensures the compiler doesn't decide to activate any
1084:Drivers/CMSIS/Include/cmsis_gcc.h ****      optimisations using the logic "value was passed to __builtin_clz, so it
1085:Drivers/CMSIS/Include/cmsis_gcc.h ****      is non-zero".
1086:Drivers/CMSIS/Include/cmsis_gcc.h ****      ARM GCC 7.3 and possibly earlier will optimise this test away, leaving a
1087:Drivers/CMSIS/Include/cmsis_gcc.h ****      single CLZ instruction.
1088:Drivers/CMSIS/Include/cmsis_gcc.h ****    */
1089:Drivers/CMSIS/Include/cmsis_gcc.h ****   if (value == 0U)
1090:Drivers/CMSIS/Include/cmsis_gcc.h ****   {
1091:Drivers/CMSIS/Include/cmsis_gcc.h ****     return 32U;
1092:Drivers/CMSIS/Include/cmsis_gcc.h ****   }
1093:Drivers/CMSIS/Include/cmsis_gcc.h ****   return __builtin_clz(value);
1094:Drivers/CMSIS/Include/cmsis_gcc.h **** }
1095:Drivers/CMSIS/Include/cmsis_gcc.h **** 
1096:Drivers/CMSIS/Include/cmsis_gcc.h **** 
1097:Drivers/CMSIS/Include/cmsis_gcc.h **** #if ((defined (__ARM_ARCH_7M__      ) && (__ARM_ARCH_7M__      == 1)) || \
1098:Drivers/CMSIS/Include/cmsis_gcc.h ****      (defined (__ARM_ARCH_7EM__     ) && (__ARM_ARCH_7EM__     == 1)) || \
1099:Drivers/CMSIS/Include/cmsis_gcc.h ****      (defined (__ARM_ARCH_8M_MAIN__ ) && (__ARM_ARCH_8M_MAIN__ == 1)) || \
1100:Drivers/CMSIS/Include/cmsis_gcc.h ****      (defined (__ARM_ARCH_8M_BASE__ ) && (__ARM_ARCH_8M_BASE__ == 1))    )
ARM GAS  /tmp/ccb1MUlA.s 			page 44


1101:Drivers/CMSIS/Include/cmsis_gcc.h **** /**
1102:Drivers/CMSIS/Include/cmsis_gcc.h ****   \brief   LDR Exclusive (8 bit)
1103:Drivers/CMSIS/Include/cmsis_gcc.h ****   \details Executes a exclusive LDR instruction for 8 bit value.
1104:Drivers/CMSIS/Include/cmsis_gcc.h ****   \param [in]    ptr  Pointer to data
1105:Drivers/CMSIS/Include/cmsis_gcc.h ****   \return             value of type uint8_t at (*ptr)
1106:Drivers/CMSIS/Include/cmsis_gcc.h ****  */
1107:Drivers/CMSIS/Include/cmsis_gcc.h **** __STATIC_FORCEINLINE uint8_t __LDREXB(volatile uint8_t *addr)
1108:Drivers/CMSIS/Include/cmsis_gcc.h **** {
1109:Drivers/CMSIS/Include/cmsis_gcc.h ****     uint32_t result;
1110:Drivers/CMSIS/Include/cmsis_gcc.h **** 
1111:Drivers/CMSIS/Include/cmsis_gcc.h **** #if (__GNUC__ > 4) || (__GNUC__ == 4 && __GNUC_MINOR__ >= 8)
1112:Drivers/CMSIS/Include/cmsis_gcc.h ****    __ASM volatile ("ldrexb %0, %1" : "=r" (result) : "Q" (*addr) );
1113:Drivers/CMSIS/Include/cmsis_gcc.h **** #else
1114:Drivers/CMSIS/Include/cmsis_gcc.h ****     /* Prior to GCC 4.8, "Q" will be expanded to [rx, #0] which is not
1115:Drivers/CMSIS/Include/cmsis_gcc.h ****        accepted by assembler. So has to use following less efficient pattern.
1116:Drivers/CMSIS/Include/cmsis_gcc.h ****     */
1117:Drivers/CMSIS/Include/cmsis_gcc.h ****    __ASM volatile ("ldrexb %0, [%1]" : "=r" (result) : "r" (addr) : "memory" );
1118:Drivers/CMSIS/Include/cmsis_gcc.h **** #endif
1119:Drivers/CMSIS/Include/cmsis_gcc.h ****    return ((uint8_t) result);    /* Add explicit type cast here */
1120:Drivers/CMSIS/Include/cmsis_gcc.h **** }
1121:Drivers/CMSIS/Include/cmsis_gcc.h **** 
1122:Drivers/CMSIS/Include/cmsis_gcc.h **** 
1123:Drivers/CMSIS/Include/cmsis_gcc.h **** /**
1124:Drivers/CMSIS/Include/cmsis_gcc.h ****   \brief   LDR Exclusive (16 bit)
1125:Drivers/CMSIS/Include/cmsis_gcc.h ****   \details Executes a exclusive LDR instruction for 16 bit values.
1126:Drivers/CMSIS/Include/cmsis_gcc.h ****   \param [in]    ptr  Pointer to data
1127:Drivers/CMSIS/Include/cmsis_gcc.h ****   \return        value of type uint16_t at (*ptr)
1128:Drivers/CMSIS/Include/cmsis_gcc.h ****  */
1129:Drivers/CMSIS/Include/cmsis_gcc.h **** __STATIC_FORCEINLINE uint16_t __LDREXH(volatile uint16_t *addr)
1130:Drivers/CMSIS/Include/cmsis_gcc.h **** {
1131:Drivers/CMSIS/Include/cmsis_gcc.h ****     uint32_t result;
1132:Drivers/CMSIS/Include/cmsis_gcc.h **** 
1133:Drivers/CMSIS/Include/cmsis_gcc.h **** #if (__GNUC__ > 4) || (__GNUC__ == 4 && __GNUC_MINOR__ >= 8)
1134:Drivers/CMSIS/Include/cmsis_gcc.h ****    __ASM volatile ("ldrexh %0, %1" : "=r" (result) : "Q" (*addr) );
1135:Drivers/CMSIS/Include/cmsis_gcc.h **** #else
1136:Drivers/CMSIS/Include/cmsis_gcc.h ****     /* Prior to GCC 4.8, "Q" will be expanded to [rx, #0] which is not
1137:Drivers/CMSIS/Include/cmsis_gcc.h ****        accepted by assembler. So has to use following less efficient pattern.
1138:Drivers/CMSIS/Include/cmsis_gcc.h ****     */
1139:Drivers/CMSIS/Include/cmsis_gcc.h ****    __ASM volatile ("ldrexh %0, [%1]" : "=r" (result) : "r" (addr) : "memory" );
1140:Drivers/CMSIS/Include/cmsis_gcc.h **** #endif
1141:Drivers/CMSIS/Include/cmsis_gcc.h ****    return ((uint16_t) result);    /* Add explicit type cast here */
1142:Drivers/CMSIS/Include/cmsis_gcc.h **** }
1143:Drivers/CMSIS/Include/cmsis_gcc.h **** 
1144:Drivers/CMSIS/Include/cmsis_gcc.h **** 
1145:Drivers/CMSIS/Include/cmsis_gcc.h **** /**
1146:Drivers/CMSIS/Include/cmsis_gcc.h ****   \brief   LDR Exclusive (32 bit)
1147:Drivers/CMSIS/Include/cmsis_gcc.h ****   \details Executes a exclusive LDR instruction for 32 bit values.
1148:Drivers/CMSIS/Include/cmsis_gcc.h ****   \param [in]    ptr  Pointer to data
1149:Drivers/CMSIS/Include/cmsis_gcc.h ****   \return        value of type uint32_t at (*ptr)
1150:Drivers/CMSIS/Include/cmsis_gcc.h ****  */
1151:Drivers/CMSIS/Include/cmsis_gcc.h **** __STATIC_FORCEINLINE uint32_t __LDREXW(volatile uint32_t *addr)
 263              		.loc 2 1151 31 view .LVU58
 264              	.LBB34:
1152:Drivers/CMSIS/Include/cmsis_gcc.h **** {
1153:Drivers/CMSIS/Include/cmsis_gcc.h ****     uint32_t result;
 265              		.loc 2 1153 5 view .LVU59
1154:Drivers/CMSIS/Include/cmsis_gcc.h **** 
ARM GAS  /tmp/ccb1MUlA.s 			page 45


1155:Drivers/CMSIS/Include/cmsis_gcc.h ****    __ASM volatile ("ldrex %0, %1" : "=r" (result) : "Q" (*addr) );
 266              		.loc 2 1155 4 view .LVU60
 267 0010 02F10803 		add	r3, r2, #8
 268              	.LVL18:
 269              		.loc 2 1155 4 is_stmt 0 view .LVU61
 270              		.syntax unified
 271              	@ 1155 "Drivers/CMSIS/Include/cmsis_gcc.h" 1
 272 0014 53E8003F 		ldrex r3, [r3]
 273              	@ 0 "" 2
 274              	.LVL19:
1156:Drivers/CMSIS/Include/cmsis_gcc.h ****    return(result);
 275              		.loc 2 1156 4 is_stmt 1 view .LVU62
 276              		.loc 2 1156 4 is_stmt 0 view .LVU63
 277              		.thumb
 278              		.syntax unified
 279              	.LBE34:
 280              	.LBE33:
 398:Drivers/STM32L4xx_HAL_Driver/Src/stm32l4xx_hal_uart_ex.c **** 
 281              		.loc 1 398 3 discriminator 1 view .LVU64
 282 0018 43F40003 		orr	r3, r3, #8388608
 283              	.LVL20:
 398:Drivers/STM32L4xx_HAL_Driver/Src/stm32l4xx_hal_uart_ex.c **** 
 284              		.loc 1 398 3 is_stmt 1 discriminator 1 view .LVU65
 285              	.LBB35:
 286              	.LBI35:
1157:Drivers/CMSIS/Include/cmsis_gcc.h **** }
1158:Drivers/CMSIS/Include/cmsis_gcc.h **** 
1159:Drivers/CMSIS/Include/cmsis_gcc.h **** 
1160:Drivers/CMSIS/Include/cmsis_gcc.h **** /**
1161:Drivers/CMSIS/Include/cmsis_gcc.h ****   \brief   STR Exclusive (8 bit)
1162:Drivers/CMSIS/Include/cmsis_gcc.h ****   \details Executes a exclusive STR instruction for 8 bit values.
1163:Drivers/CMSIS/Include/cmsis_gcc.h ****   \param [in]  value  Value to store
1164:Drivers/CMSIS/Include/cmsis_gcc.h ****   \param [in]    ptr  Pointer to location
1165:Drivers/CMSIS/Include/cmsis_gcc.h ****   \return          0  Function succeeded
1166:Drivers/CMSIS/Include/cmsis_gcc.h ****   \return          1  Function failed
1167:Drivers/CMSIS/Include/cmsis_gcc.h ****  */
1168:Drivers/CMSIS/Include/cmsis_gcc.h **** __STATIC_FORCEINLINE uint32_t __STREXB(uint8_t value, volatile uint8_t *addr)
1169:Drivers/CMSIS/Include/cmsis_gcc.h **** {
1170:Drivers/CMSIS/Include/cmsis_gcc.h ****    uint32_t result;
1171:Drivers/CMSIS/Include/cmsis_gcc.h **** 
1172:Drivers/CMSIS/Include/cmsis_gcc.h ****    __ASM volatile ("strexb %0, %2, %1" : "=&r" (result), "=Q" (*addr) : "r" ((uint32_t)value) );
1173:Drivers/CMSIS/Include/cmsis_gcc.h ****    return(result);
1174:Drivers/CMSIS/Include/cmsis_gcc.h **** }
1175:Drivers/CMSIS/Include/cmsis_gcc.h **** 
1176:Drivers/CMSIS/Include/cmsis_gcc.h **** 
1177:Drivers/CMSIS/Include/cmsis_gcc.h **** /**
1178:Drivers/CMSIS/Include/cmsis_gcc.h ****   \brief   STR Exclusive (16 bit)
1179:Drivers/CMSIS/Include/cmsis_gcc.h ****   \details Executes a exclusive STR instruction for 16 bit values.
1180:Drivers/CMSIS/Include/cmsis_gcc.h ****   \param [in]  value  Value to store
1181:Drivers/CMSIS/Include/cmsis_gcc.h ****   \param [in]    ptr  Pointer to location
1182:Drivers/CMSIS/Include/cmsis_gcc.h ****   \return          0  Function succeeded
1183:Drivers/CMSIS/Include/cmsis_gcc.h ****   \return          1  Function failed
1184:Drivers/CMSIS/Include/cmsis_gcc.h ****  */
1185:Drivers/CMSIS/Include/cmsis_gcc.h **** __STATIC_FORCEINLINE uint32_t __STREXH(uint16_t value, volatile uint16_t *addr)
1186:Drivers/CMSIS/Include/cmsis_gcc.h **** {
1187:Drivers/CMSIS/Include/cmsis_gcc.h ****    uint32_t result;
1188:Drivers/CMSIS/Include/cmsis_gcc.h **** 
ARM GAS  /tmp/ccb1MUlA.s 			page 46


1189:Drivers/CMSIS/Include/cmsis_gcc.h ****    __ASM volatile ("strexh %0, %2, %1" : "=&r" (result), "=Q" (*addr) : "r" ((uint32_t)value) );
1190:Drivers/CMSIS/Include/cmsis_gcc.h ****    return(result);
1191:Drivers/CMSIS/Include/cmsis_gcc.h **** }
1192:Drivers/CMSIS/Include/cmsis_gcc.h **** 
1193:Drivers/CMSIS/Include/cmsis_gcc.h **** 
1194:Drivers/CMSIS/Include/cmsis_gcc.h **** /**
1195:Drivers/CMSIS/Include/cmsis_gcc.h ****   \brief   STR Exclusive (32 bit)
1196:Drivers/CMSIS/Include/cmsis_gcc.h ****   \details Executes a exclusive STR instruction for 32 bit values.
1197:Drivers/CMSIS/Include/cmsis_gcc.h ****   \param [in]  value  Value to store
1198:Drivers/CMSIS/Include/cmsis_gcc.h ****   \param [in]    ptr  Pointer to location
1199:Drivers/CMSIS/Include/cmsis_gcc.h ****   \return          0  Function succeeded
1200:Drivers/CMSIS/Include/cmsis_gcc.h ****   \return          1  Function failed
1201:Drivers/CMSIS/Include/cmsis_gcc.h ****  */
1202:Drivers/CMSIS/Include/cmsis_gcc.h **** __STATIC_FORCEINLINE uint32_t __STREXW(uint32_t value, volatile uint32_t *addr)
 287              		.loc 2 1202 31 view .LVU66
 288              	.LBB36:
1203:Drivers/CMSIS/Include/cmsis_gcc.h **** {
1204:Drivers/CMSIS/Include/cmsis_gcc.h ****    uint32_t result;
 289              		.loc 2 1204 4 view .LVU67
1205:Drivers/CMSIS/Include/cmsis_gcc.h **** 
1206:Drivers/CMSIS/Include/cmsis_gcc.h ****    __ASM volatile ("strex %0, %2, %1" : "=&r" (result), "=Q" (*addr) : "r" (value) );
 290              		.loc 2 1206 4 view .LVU68
 291 001c 0832     		adds	r2, r2, #8
 292              	.LVL21:
 293              		.loc 2 1206 4 is_stmt 0 view .LVU69
 294              		.syntax unified
 295              	@ 1206 "Drivers/CMSIS/Include/cmsis_gcc.h" 1
 296 001e 42E80031 		strex r1, r3, [r2]
 297              	@ 0 "" 2
 298              	.LVL22:
1207:Drivers/CMSIS/Include/cmsis_gcc.h ****    return(result);
 299              		.loc 2 1207 4 is_stmt 1 view .LVU70
 300              		.loc 2 1207 4 is_stmt 0 view .LVU71
 301              		.thumb
 302              		.syntax unified
 303              	.LBE36:
 304              	.LBE35:
 398:Drivers/STM32L4xx_HAL_Driver/Src/stm32l4xx_hal_uart_ex.c **** 
 305              		.loc 1 398 3 discriminator 1 view .LVU72
 306 0022 0029     		cmp	r1, #0
 307 0024 F3D1     		bne	.L17
 308              	.LBE32:
 398:Drivers/STM32L4xx_HAL_Driver/Src/stm32l4xx_hal_uart_ex.c **** 
 309              		.loc 1 398 3 is_stmt 1 discriminator 2 view .LVU73
 401:Drivers/STM32L4xx_HAL_Driver/Src/stm32l4xx_hal_uart_ex.c **** 
 310              		.loc 1 401 3 view .LVU74
 401:Drivers/STM32L4xx_HAL_Driver/Src/stm32l4xx_hal_uart_ex.c **** 
 311              		.loc 1 401 3 view .LVU75
 312 0026 0023     		movs	r3, #0
 313              	.LVL23:
 401:Drivers/STM32L4xx_HAL_Driver/Src/stm32l4xx_hal_uart_ex.c **** 
 314              		.loc 1 401 3 is_stmt 0 view .LVU76
 315 0028 80F87830 		strb	r3, [r0, #120]
 401:Drivers/STM32L4xx_HAL_Driver/Src/stm32l4xx_hal_uart_ex.c **** 
 316              		.loc 1 401 3 is_stmt 1 view .LVU77
 403:Drivers/STM32L4xx_HAL_Driver/Src/stm32l4xx_hal_uart_ex.c **** }
 317              		.loc 1 403 3 view .LVU78
ARM GAS  /tmp/ccb1MUlA.s 			page 47


 403:Drivers/STM32L4xx_HAL_Driver/Src/stm32l4xx_hal_uart_ex.c **** }
 318              		.loc 1 403 10 is_stmt 0 view .LVU79
 319 002c 1846     		mov	r0, r3
 320              	.LVL24:
 403:Drivers/STM32L4xx_HAL_Driver/Src/stm32l4xx_hal_uart_ex.c **** }
 321              		.loc 1 403 10 view .LVU80
 322 002e 7047     		bx	lr
 323              	.LVL25:
 324              	.L18:
 395:Drivers/STM32L4xx_HAL_Driver/Src/stm32l4xx_hal_uart_ex.c **** 
 325              		.loc 1 395 3 discriminator 1 view .LVU81
 326 0030 0220     		movs	r0, #2
 327              	.LVL26:
 404:Drivers/STM32L4xx_HAL_Driver/Src/stm32l4xx_hal_uart_ex.c **** 
 328              		.loc 1 404 1 view .LVU82
 329 0032 7047     		bx	lr
 330              		.cfi_endproc
 331              	.LFE386:
 333              		.section	.text.HAL_UARTEx_DisableClockStopMode,"ax",%progbits
 334              		.align	1
 335              		.global	HAL_UARTEx_DisableClockStopMode
 336              		.syntax unified
 337              		.thumb
 338              		.thumb_func
 340              	HAL_UARTEx_DisableClockStopMode:
 341              	.LVL27:
 342              	.LFB387:
 412:Drivers/STM32L4xx_HAL_Driver/Src/stm32l4xx_hal_uart_ex.c ****   /* Process Locked */
 343              		.loc 1 412 1 is_stmt 1 view -0
 344              		.cfi_startproc
 345              		@ args = 0, pretend = 0, frame = 0
 346              		@ frame_needed = 0, uses_anonymous_args = 0
 347              		@ link register save eliminated.
 414:Drivers/STM32L4xx_HAL_Driver/Src/stm32l4xx_hal_uart_ex.c **** 
 348              		.loc 1 414 3 view .LVU84
 414:Drivers/STM32L4xx_HAL_Driver/Src/stm32l4xx_hal_uart_ex.c **** 
 349              		.loc 1 414 3 view .LVU85
 350 0000 90F87830 		ldrb	r3, [r0, #120]	@ zero_extendqisi2
 351 0004 012B     		cmp	r3, #1
 352 0006 13D0     		beq	.L22
 414:Drivers/STM32L4xx_HAL_Driver/Src/stm32l4xx_hal_uart_ex.c **** 
 353              		.loc 1 414 3 discriminator 2 view .LVU86
 354 0008 0123     		movs	r3, #1
 355 000a 80F87830 		strb	r3, [r0, #120]
 356              	.L21:
 414:Drivers/STM32L4xx_HAL_Driver/Src/stm32l4xx_hal_uart_ex.c **** 
 357              		.loc 1 414 3 discriminator 3 view .LVU87
 417:Drivers/STM32L4xx_HAL_Driver/Src/stm32l4xx_hal_uart_ex.c **** 
 358              		.loc 1 417 3 discriminator 1 view .LVU88
 359              	.LBB37:
 417:Drivers/STM32L4xx_HAL_Driver/Src/stm32l4xx_hal_uart_ex.c **** 
 360              		.loc 1 417 3 discriminator 1 view .LVU89
 417:Drivers/STM32L4xx_HAL_Driver/Src/stm32l4xx_hal_uart_ex.c **** 
 361              		.loc 1 417 3 discriminator 1 view .LVU90
 417:Drivers/STM32L4xx_HAL_Driver/Src/stm32l4xx_hal_uart_ex.c **** 
 362              		.loc 1 417 3 discriminator 1 view .LVU91
 363 000e 0268     		ldr	r2, [r0]
ARM GAS  /tmp/ccb1MUlA.s 			page 48


 364              	.LVL28:
 365              	.LBB38:
 366              	.LBI38:
1151:Drivers/CMSIS/Include/cmsis_gcc.h **** {
 367              		.loc 2 1151 31 view .LVU92
 368              	.LBB39:
1153:Drivers/CMSIS/Include/cmsis_gcc.h **** 
 369              		.loc 2 1153 5 view .LVU93
1155:Drivers/CMSIS/Include/cmsis_gcc.h ****    return(result);
 370              		.loc 2 1155 4 view .LVU94
 371 0010 02F10803 		add	r3, r2, #8
 372              	.LVL29:
1155:Drivers/CMSIS/Include/cmsis_gcc.h ****    return(result);
 373              		.loc 2 1155 4 is_stmt 0 view .LVU95
 374              		.syntax unified
 375              	@ 1155 "Drivers/CMSIS/Include/cmsis_gcc.h" 1
 376 0014 53E8003F 		ldrex r3, [r3]
 377              	@ 0 "" 2
 378              	.LVL30:
1156:Drivers/CMSIS/Include/cmsis_gcc.h **** }
 379              		.loc 2 1156 4 is_stmt 1 view .LVU96
1156:Drivers/CMSIS/Include/cmsis_gcc.h **** }
 380              		.loc 2 1156 4 is_stmt 0 view .LVU97
 381              		.thumb
 382              		.syntax unified
 383              	.LBE39:
 384              	.LBE38:
 417:Drivers/STM32L4xx_HAL_Driver/Src/stm32l4xx_hal_uart_ex.c **** 
 385              		.loc 1 417 3 discriminator 1 view .LVU98
 386 0018 23F40003 		bic	r3, r3, #8388608
 387              	.LVL31:
 417:Drivers/STM32L4xx_HAL_Driver/Src/stm32l4xx_hal_uart_ex.c **** 
 388              		.loc 1 417 3 is_stmt 1 discriminator 1 view .LVU99
 389              	.LBB40:
 390              	.LBI40:
1202:Drivers/CMSIS/Include/cmsis_gcc.h **** {
 391              		.loc 2 1202 31 view .LVU100
 392              	.LBB41:
1204:Drivers/CMSIS/Include/cmsis_gcc.h **** 
 393              		.loc 2 1204 4 view .LVU101
1206:Drivers/CMSIS/Include/cmsis_gcc.h ****    return(result);
 394              		.loc 2 1206 4 view .LVU102
 395 001c 0832     		adds	r2, r2, #8
 396              	.LVL32:
1206:Drivers/CMSIS/Include/cmsis_gcc.h ****    return(result);
 397              		.loc 2 1206 4 is_stmt 0 view .LVU103
 398              		.syntax unified
 399              	@ 1206 "Drivers/CMSIS/Include/cmsis_gcc.h" 1
 400 001e 42E80031 		strex r1, r3, [r2]
 401              	@ 0 "" 2
 402              	.LVL33:
 403              		.loc 2 1207 4 is_stmt 1 view .LVU104
 404              		.loc 2 1207 4 is_stmt 0 view .LVU105
 405              		.thumb
 406              		.syntax unified
 407              	.LBE41:
 408              	.LBE40:
ARM GAS  /tmp/ccb1MUlA.s 			page 49


 417:Drivers/STM32L4xx_HAL_Driver/Src/stm32l4xx_hal_uart_ex.c **** 
 409              		.loc 1 417 3 discriminator 1 view .LVU106
 410 0022 0029     		cmp	r1, #0
 411 0024 F3D1     		bne	.L21
 412              	.LBE37:
 417:Drivers/STM32L4xx_HAL_Driver/Src/stm32l4xx_hal_uart_ex.c **** 
 413              		.loc 1 417 3 is_stmt 1 discriminator 2 view .LVU107
 420:Drivers/STM32L4xx_HAL_Driver/Src/stm32l4xx_hal_uart_ex.c **** 
 414              		.loc 1 420 3 view .LVU108
 420:Drivers/STM32L4xx_HAL_Driver/Src/stm32l4xx_hal_uart_ex.c **** 
 415              		.loc 1 420 3 view .LVU109
 416 0026 0023     		movs	r3, #0
 417              	.LVL34:
 420:Drivers/STM32L4xx_HAL_Driver/Src/stm32l4xx_hal_uart_ex.c **** 
 418              		.loc 1 420 3 is_stmt 0 view .LVU110
 419 0028 80F87830 		strb	r3, [r0, #120]
 420:Drivers/STM32L4xx_HAL_Driver/Src/stm32l4xx_hal_uart_ex.c **** 
 420              		.loc 1 420 3 is_stmt 1 view .LVU111
 422:Drivers/STM32L4xx_HAL_Driver/Src/stm32l4xx_hal_uart_ex.c **** }
 421              		.loc 1 422 3 view .LVU112
 422:Drivers/STM32L4xx_HAL_Driver/Src/stm32l4xx_hal_uart_ex.c **** }
 422              		.loc 1 422 10 is_stmt 0 view .LVU113
 423 002c 1846     		mov	r0, r3
 424              	.LVL35:
 422:Drivers/STM32L4xx_HAL_Driver/Src/stm32l4xx_hal_uart_ex.c **** }
 425              		.loc 1 422 10 view .LVU114
 426 002e 7047     		bx	lr
 427              	.LVL36:
 428              	.L22:
 414:Drivers/STM32L4xx_HAL_Driver/Src/stm32l4xx_hal_uart_ex.c **** 
 429              		.loc 1 414 3 discriminator 1 view .LVU115
 430 0030 0220     		movs	r0, #2
 431              	.LVL37:
 423:Drivers/STM32L4xx_HAL_Driver/Src/stm32l4xx_hal_uart_ex.c **** 
 432              		.loc 1 423 1 view .LVU116
 433 0032 7047     		bx	lr
 434              		.cfi_endproc
 435              	.LFE387:
 437              		.section	.text.HAL_MultiProcessorEx_AddressLength_Set,"ax",%progbits
 438              		.align	1
 439              		.global	HAL_MultiProcessorEx_AddressLength_Set
 440              		.syntax unified
 441              		.thumb
 442              		.thumb_func
 444              	HAL_MultiProcessorEx_AddressLength_Set:
 445              	.LVL38:
 446              	.LFB388:
 440:Drivers/STM32L4xx_HAL_Driver/Src/stm32l4xx_hal_uart_ex.c ****   /* Check the UART handle allocation */
 447              		.loc 1 440 1 is_stmt 1 view -0
 448              		.cfi_startproc
 449              		@ args = 0, pretend = 0, frame = 0
 450              		@ frame_needed = 0, uses_anonymous_args = 0
 442:Drivers/STM32L4xx_HAL_Driver/Src/stm32l4xx_hal_uart_ex.c ****   {
 451              		.loc 1 442 3 view .LVU118
 442:Drivers/STM32L4xx_HAL_Driver/Src/stm32l4xx_hal_uart_ex.c ****   {
 452              		.loc 1 442 6 is_stmt 0 view .LVU119
 453 0000 B8B1     		cbz	r0, .L25
ARM GAS  /tmp/ccb1MUlA.s 			page 50


 440:Drivers/STM32L4xx_HAL_Driver/Src/stm32l4xx_hal_uart_ex.c ****   /* Check the UART handle allocation */
 454              		.loc 1 440 1 view .LVU120
 455 0002 08B5     		push	{r3, lr}
 456              	.LCFI4:
 457              		.cfi_def_cfa_offset 8
 458              		.cfi_offset 3, -8
 459              		.cfi_offset 14, -4
 460 0004 0346     		mov	r3, r0
 448:Drivers/STM32L4xx_HAL_Driver/Src/stm32l4xx_hal_uart_ex.c **** 
 461              		.loc 1 448 3 is_stmt 1 view .LVU121
 450:Drivers/STM32L4xx_HAL_Driver/Src/stm32l4xx_hal_uart_ex.c **** 
 462              		.loc 1 450 3 view .LVU122
 450:Drivers/STM32L4xx_HAL_Driver/Src/stm32l4xx_hal_uart_ex.c **** 
 463              		.loc 1 450 17 is_stmt 0 view .LVU123
 464 0006 2422     		movs	r2, #36
 465 0008 C267     		str	r2, [r0, #124]
 453:Drivers/STM32L4xx_HAL_Driver/Src/stm32l4xx_hal_uart_ex.c **** 
 466              		.loc 1 453 3 is_stmt 1 view .LVU124
 467 000a 0068     		ldr	r0, [r0]
 468              	.LVL39:
 453:Drivers/STM32L4xx_HAL_Driver/Src/stm32l4xx_hal_uart_ex.c **** 
 469              		.loc 1 453 3 is_stmt 0 view .LVU125
 470 000c 0268     		ldr	r2, [r0]
 471 000e 22F00102 		bic	r2, r2, #1
 472 0012 0260     		str	r2, [r0]
 456:Drivers/STM32L4xx_HAL_Driver/Src/stm32l4xx_hal_uart_ex.c **** 
 473              		.loc 1 456 3 is_stmt 1 view .LVU126
 474 0014 1868     		ldr	r0, [r3]
 475 0016 4268     		ldr	r2, [r0, #4]
 476 0018 22F01002 		bic	r2, r2, #16
 477 001c 1143     		orrs	r1, r1, r2
 478              	.LVL40:
 456:Drivers/STM32L4xx_HAL_Driver/Src/stm32l4xx_hal_uart_ex.c **** 
 479              		.loc 1 456 3 is_stmt 0 view .LVU127
 480 001e 4160     		str	r1, [r0, #4]
 459:Drivers/STM32L4xx_HAL_Driver/Src/stm32l4xx_hal_uart_ex.c **** 
 481              		.loc 1 459 3 is_stmt 1 view .LVU128
 482 0020 1968     		ldr	r1, [r3]
 483 0022 0A68     		ldr	r2, [r1]
 484 0024 42F00102 		orr	r2, r2, #1
 485 0028 0A60     		str	r2, [r1]
 462:Drivers/STM32L4xx_HAL_Driver/Src/stm32l4xx_hal_uart_ex.c **** }
 486              		.loc 1 462 3 view .LVU129
 462:Drivers/STM32L4xx_HAL_Driver/Src/stm32l4xx_hal_uart_ex.c **** }
 487              		.loc 1 462 11 is_stmt 0 view .LVU130
 488 002a 1846     		mov	r0, r3
 489 002c FFF7FEFF 		bl	UART_CheckIdleState
 490              	.LVL41:
 463:Drivers/STM32L4xx_HAL_Driver/Src/stm32l4xx_hal_uart_ex.c **** 
 491              		.loc 1 463 1 view .LVU131
 492 0030 08BD     		pop	{r3, pc}
 493              	.LVL42:
 494              	.L25:
 495              	.LCFI5:
 496              		.cfi_def_cfa_offset 0
 497              		.cfi_restore 3
 498              		.cfi_restore 14
ARM GAS  /tmp/ccb1MUlA.s 			page 51


 444:Drivers/STM32L4xx_HAL_Driver/Src/stm32l4xx_hal_uart_ex.c ****   }
 499              		.loc 1 444 12 view .LVU132
 500 0032 0120     		movs	r0, #1
 501              	.LVL43:
 463:Drivers/STM32L4xx_HAL_Driver/Src/stm32l4xx_hal_uart_ex.c **** 
 502              		.loc 1 463 1 view .LVU133
 503 0034 7047     		bx	lr
 504              		.cfi_endproc
 505              	.LFE388:
 507              		.section	.text.HAL_UARTEx_StopModeWakeUpSourceConfig,"ax",%progbits
 508              		.align	1
 509              		.global	HAL_UARTEx_StopModeWakeUpSourceConfig
 510              		.syntax unified
 511              		.thumb
 512              		.thumb_func
 514              	HAL_UARTEx_StopModeWakeUpSourceConfig:
 515              	.LVL44:
 516              	.LFB389:
 478:Drivers/STM32L4xx_HAL_Driver/Src/stm32l4xx_hal_uart_ex.c ****   HAL_StatusTypeDef status = HAL_OK;
 517              		.loc 1 478 1 is_stmt 1 view -0
 518              		.cfi_startproc
 519              		@ args = 0, pretend = 0, frame = 8
 520              		@ frame_needed = 0, uses_anonymous_args = 0
 478:Drivers/STM32L4xx_HAL_Driver/Src/stm32l4xx_hal_uart_ex.c ****   HAL_StatusTypeDef status = HAL_OK;
 521              		.loc 1 478 1 is_stmt 0 view .LVU135
 522 0000 10B5     		push	{r4, lr}
 523              	.LCFI6:
 524              		.cfi_def_cfa_offset 8
 525              		.cfi_offset 4, -8
 526              		.cfi_offset 14, -4
 527 0002 84B0     		sub	sp, sp, #16
 528              	.LCFI7:
 529              		.cfi_def_cfa_offset 24
 530 0004 04AB     		add	r3, sp, #16
 531 0006 03E90600 		stmdb	r3, {r1, r2}
 479:Drivers/STM32L4xx_HAL_Driver/Src/stm32l4xx_hal_uart_ex.c ****   uint32_t tickstart;
 532              		.loc 1 479 3 is_stmt 1 view .LVU136
 533              	.LVL45:
 480:Drivers/STM32L4xx_HAL_Driver/Src/stm32l4xx_hal_uart_ex.c **** 
 534              		.loc 1 480 3 view .LVU137
 483:Drivers/STM32L4xx_HAL_Driver/Src/stm32l4xx_hal_uart_ex.c ****   /* check the wake-up selection parameter */
 535              		.loc 1 483 3 view .LVU138
 485:Drivers/STM32L4xx_HAL_Driver/Src/stm32l4xx_hal_uart_ex.c **** 
 536              		.loc 1 485 3 view .LVU139
 488:Drivers/STM32L4xx_HAL_Driver/Src/stm32l4xx_hal_uart_ex.c **** 
 537              		.loc 1 488 3 view .LVU140
 488:Drivers/STM32L4xx_HAL_Driver/Src/stm32l4xx_hal_uart_ex.c **** 
 538              		.loc 1 488 3 view .LVU141
 539 000a 90F87830 		ldrb	r3, [r0, #120]	@ zero_extendqisi2
 540 000e 012B     		cmp	r3, #1
 541 0010 33D0     		beq	.L34
 542 0012 0446     		mov	r4, r0
 488:Drivers/STM32L4xx_HAL_Driver/Src/stm32l4xx_hal_uart_ex.c **** 
 543              		.loc 1 488 3 discriminator 2 view .LVU142
 544 0014 0123     		movs	r3, #1
 545 0016 80F87830 		strb	r3, [r0, #120]
 488:Drivers/STM32L4xx_HAL_Driver/Src/stm32l4xx_hal_uart_ex.c **** 
ARM GAS  /tmp/ccb1MUlA.s 			page 52


 546              		.loc 1 488 3 discriminator 2 view .LVU143
 490:Drivers/STM32L4xx_HAL_Driver/Src/stm32l4xx_hal_uart_ex.c **** 
 547              		.loc 1 490 3 view .LVU144
 490:Drivers/STM32L4xx_HAL_Driver/Src/stm32l4xx_hal_uart_ex.c **** 
 548              		.loc 1 490 17 is_stmt 0 view .LVU145
 549 001a 2423     		movs	r3, #36
 550 001c C367     		str	r3, [r0, #124]
 493:Drivers/STM32L4xx_HAL_Driver/Src/stm32l4xx_hal_uart_ex.c **** 
 551              		.loc 1 493 3 is_stmt 1 view .LVU146
 552 001e 0268     		ldr	r2, [r0]
 553 0020 1368     		ldr	r3, [r2]
 554 0022 23F00103 		bic	r3, r3, #1
 555 0026 1360     		str	r3, [r2]
 496:Drivers/STM32L4xx_HAL_Driver/Src/stm32l4xx_hal_uart_ex.c **** 
 556              		.loc 1 496 3 view .LVU147
 557 0028 0168     		ldr	r1, [r0]
 558 002a 8B68     		ldr	r3, [r1, #8]
 559 002c 23F44013 		bic	r3, r3, #3145728
 560 0030 029A     		ldr	r2, [sp, #8]
 561 0032 1343     		orrs	r3, r3, r2
 562 0034 8B60     		str	r3, [r1, #8]
 498:Drivers/STM32L4xx_HAL_Driver/Src/stm32l4xx_hal_uart_ex.c ****   {
 563              		.loc 1 498 3 view .LVU148
 498:Drivers/STM32L4xx_HAL_Driver/Src/stm32l4xx_hal_uart_ex.c ****   {
 564              		.loc 1 498 6 is_stmt 0 view .LVU149
 565 0036 A2B1     		cbz	r2, .L37
 566              	.LVL46:
 567              	.L32:
 504:Drivers/STM32L4xx_HAL_Driver/Src/stm32l4xx_hal_uart_ex.c **** 
 568              		.loc 1 504 3 is_stmt 1 view .LVU150
 569 0038 2268     		ldr	r2, [r4]
 570 003a 1368     		ldr	r3, [r2]
 571 003c 43F00103 		orr	r3, r3, #1
 572 0040 1360     		str	r3, [r2]
 507:Drivers/STM32L4xx_HAL_Driver/Src/stm32l4xx_hal_uart_ex.c **** 
 573              		.loc 1 507 3 view .LVU151
 507:Drivers/STM32L4xx_HAL_Driver/Src/stm32l4xx_hal_uart_ex.c **** 
 574              		.loc 1 507 15 is_stmt 0 view .LVU152
 575 0042 FFF7FEFF 		bl	HAL_GetTick
 576              	.LVL47:
 577 0046 0346     		mov	r3, r0
 578              	.LVL48:
 510:Drivers/STM32L4xx_HAL_Driver/Src/stm32l4xx_hal_uart_ex.c ****   {
 579              		.loc 1 510 3 is_stmt 1 view .LVU153
 510:Drivers/STM32L4xx_HAL_Driver/Src/stm32l4xx_hal_uart_ex.c ****   {
 580              		.loc 1 510 7 is_stmt 0 view .LVU154
 581 0048 6FF07E42 		mvn	r2, #-33554432
 582 004c 0092     		str	r2, [sp]
 583 004e 0022     		movs	r2, #0
 584 0050 4FF48001 		mov	r1, #4194304
 585 0054 2046     		mov	r0, r4
 586              	.LVL49:
 510:Drivers/STM32L4xx_HAL_Driver/Src/stm32l4xx_hal_uart_ex.c ****   {
 587              		.loc 1 510 7 view .LVU155
 588 0056 FFF7FEFF 		bl	UART_WaitOnFlagUntilTimeout
 589              	.LVL50:
 510:Drivers/STM32L4xx_HAL_Driver/Src/stm32l4xx_hal_uart_ex.c ****   {
ARM GAS  /tmp/ccb1MUlA.s 			page 53


 590              		.loc 1 510 6 discriminator 1 view .LVU156
 591 005a 40B9     		cbnz	r0, .L35
 517:Drivers/STM32L4xx_HAL_Driver/Src/stm32l4xx_hal_uart_ex.c ****   }
 592              		.loc 1 517 5 is_stmt 1 view .LVU157
 517:Drivers/STM32L4xx_HAL_Driver/Src/stm32l4xx_hal_uart_ex.c ****   }
 593              		.loc 1 517 19 is_stmt 0 view .LVU158
 594 005c 2023     		movs	r3, #32
 595 005e E367     		str	r3, [r4, #124]
 596 0060 06E0     		b	.L33
 597              	.LVL51:
 598              	.L37:
 500:Drivers/STM32L4xx_HAL_Driver/Src/stm32l4xx_hal_uart_ex.c ****   }
 599              		.loc 1 500 5 is_stmt 1 view .LVU159
 600 0062 04AB     		add	r3, sp, #16
 601 0064 13E90600 		ldmdb	r3, {r1, r2}
 602 0068 FFF7FEFF 		bl	UARTEx_Wakeup_AddressConfig
 603              	.LVL52:
 500:Drivers/STM32L4xx_HAL_Driver/Src/stm32l4xx_hal_uart_ex.c ****   }
 604              		.loc 1 500 5 is_stmt 0 view .LVU160
 605 006c E4E7     		b	.L32
 606              	.LVL53:
 607              	.L35:
 512:Drivers/STM32L4xx_HAL_Driver/Src/stm32l4xx_hal_uart_ex.c ****   }
 608              		.loc 1 512 12 view .LVU161
 609 006e 0320     		movs	r0, #3
 610              	.L33:
 611              	.LVL54:
 521:Drivers/STM32L4xx_HAL_Driver/Src/stm32l4xx_hal_uart_ex.c **** 
 612              		.loc 1 521 3 is_stmt 1 view .LVU162
 521:Drivers/STM32L4xx_HAL_Driver/Src/stm32l4xx_hal_uart_ex.c **** 
 613              		.loc 1 521 3 view .LVU163
 614 0070 0023     		movs	r3, #0
 615 0072 84F87830 		strb	r3, [r4, #120]
 521:Drivers/STM32L4xx_HAL_Driver/Src/stm32l4xx_hal_uart_ex.c **** 
 616              		.loc 1 521 3 view .LVU164
 523:Drivers/STM32L4xx_HAL_Driver/Src/stm32l4xx_hal_uart_ex.c **** }
 617              		.loc 1 523 3 view .LVU165
 618              	.LVL55:
 619              	.L31:
 524:Drivers/STM32L4xx_HAL_Driver/Src/stm32l4xx_hal_uart_ex.c **** 
 620              		.loc 1 524 1 is_stmt 0 view .LVU166
 621 0076 04B0     		add	sp, sp, #16
 622              	.LCFI8:
 623              		.cfi_remember_state
 624              		.cfi_def_cfa_offset 8
 625              		@ sp needed
 626 0078 10BD     		pop	{r4, pc}
 627              	.LVL56:
 628              	.L34:
 629              	.LCFI9:
 630              		.cfi_restore_state
 488:Drivers/STM32L4xx_HAL_Driver/Src/stm32l4xx_hal_uart_ex.c **** 
 631              		.loc 1 488 3 discriminator 1 view .LVU167
 632 007a 0220     		movs	r0, #2
 633              	.LVL57:
 488:Drivers/STM32L4xx_HAL_Driver/Src/stm32l4xx_hal_uart_ex.c **** 
 634              		.loc 1 488 3 discriminator 1 view .LVU168
ARM GAS  /tmp/ccb1MUlA.s 			page 54


 635 007c FBE7     		b	.L31
 636              		.cfi_endproc
 637              	.LFE389:
 639              		.section	.text.HAL_UARTEx_EnableStopMode,"ax",%progbits
 640              		.align	1
 641              		.global	HAL_UARTEx_EnableStopMode
 642              		.syntax unified
 643              		.thumb
 644              		.thumb_func
 646              	HAL_UARTEx_EnableStopMode:
 647              	.LVL58:
 648              	.LFB390:
 533:Drivers/STM32L4xx_HAL_Driver/Src/stm32l4xx_hal_uart_ex.c ****   /* Process Locked */
 649              		.loc 1 533 1 is_stmt 1 view -0
 650              		.cfi_startproc
 651              		@ args = 0, pretend = 0, frame = 0
 652              		@ frame_needed = 0, uses_anonymous_args = 0
 653              		@ link register save eliminated.
 535:Drivers/STM32L4xx_HAL_Driver/Src/stm32l4xx_hal_uart_ex.c **** 
 654              		.loc 1 535 3 view .LVU170
 535:Drivers/STM32L4xx_HAL_Driver/Src/stm32l4xx_hal_uart_ex.c **** 
 655              		.loc 1 535 3 view .LVU171
 656 0000 90F87830 		ldrb	r3, [r0, #120]	@ zero_extendqisi2
 657 0004 012B     		cmp	r3, #1
 658 0006 10D0     		beq	.L41
 535:Drivers/STM32L4xx_HAL_Driver/Src/stm32l4xx_hal_uart_ex.c **** 
 659              		.loc 1 535 3 discriminator 2 view .LVU172
 660 0008 0123     		movs	r3, #1
 661 000a 80F87830 		strb	r3, [r0, #120]
 662              	.L40:
 535:Drivers/STM32L4xx_HAL_Driver/Src/stm32l4xx_hal_uart_ex.c **** 
 663              		.loc 1 535 3 discriminator 3 view .LVU173
 538:Drivers/STM32L4xx_HAL_Driver/Src/stm32l4xx_hal_uart_ex.c **** 
 664              		.loc 1 538 3 discriminator 1 view .LVU174
 665              	.LBB42:
 538:Drivers/STM32L4xx_HAL_Driver/Src/stm32l4xx_hal_uart_ex.c **** 
 666              		.loc 1 538 3 discriminator 1 view .LVU175
 538:Drivers/STM32L4xx_HAL_Driver/Src/stm32l4xx_hal_uart_ex.c **** 
 667              		.loc 1 538 3 discriminator 1 view .LVU176
 538:Drivers/STM32L4xx_HAL_Driver/Src/stm32l4xx_hal_uart_ex.c **** 
 668              		.loc 1 538 3 discriminator 1 view .LVU177
 669 000e 0268     		ldr	r2, [r0]
 670              	.LVL59:
 671              	.LBB43:
 672              	.LBI43:
1151:Drivers/CMSIS/Include/cmsis_gcc.h **** {
 673              		.loc 2 1151 31 view .LVU178
 674              	.LBB44:
1153:Drivers/CMSIS/Include/cmsis_gcc.h **** 
 675              		.loc 2 1153 5 view .LVU179
1155:Drivers/CMSIS/Include/cmsis_gcc.h ****    return(result);
 676              		.loc 2 1155 4 view .LVU180
 677              		.syntax unified
 678              	@ 1155 "Drivers/CMSIS/Include/cmsis_gcc.h" 1
 679 0010 52E8003F 		ldrex r3, [r2]
 680              	@ 0 "" 2
 681              	.LVL60:
ARM GAS  /tmp/ccb1MUlA.s 			page 55


1156:Drivers/CMSIS/Include/cmsis_gcc.h **** }
 682              		.loc 2 1156 4 view .LVU181
1156:Drivers/CMSIS/Include/cmsis_gcc.h **** }
 683              		.loc 2 1156 4 is_stmt 0 view .LVU182
 684              		.thumb
 685              		.syntax unified
 686              	.LBE44:
 687              	.LBE43:
 538:Drivers/STM32L4xx_HAL_Driver/Src/stm32l4xx_hal_uart_ex.c **** 
 688              		.loc 1 538 3 discriminator 1 view .LVU183
 689 0014 43F00203 		orr	r3, r3, #2
 690              	.LVL61:
 538:Drivers/STM32L4xx_HAL_Driver/Src/stm32l4xx_hal_uart_ex.c **** 
 691              		.loc 1 538 3 is_stmt 1 discriminator 1 view .LVU184
 692              	.LBB45:
 693              	.LBI45:
1202:Drivers/CMSIS/Include/cmsis_gcc.h **** {
 694              		.loc 2 1202 31 view .LVU185
 695              	.LBB46:
1204:Drivers/CMSIS/Include/cmsis_gcc.h **** 
 696              		.loc 2 1204 4 view .LVU186
1206:Drivers/CMSIS/Include/cmsis_gcc.h ****    return(result);
 697              		.loc 2 1206 4 view .LVU187
 698              		.syntax unified
 699              	@ 1206 "Drivers/CMSIS/Include/cmsis_gcc.h" 1
 700 0018 42E80031 		strex r1, r3, [r2]
 701              	@ 0 "" 2
 702              	.LVL62:
 703              		.loc 2 1207 4 view .LVU188
 704              		.loc 2 1207 4 is_stmt 0 view .LVU189
 705              		.thumb
 706              		.syntax unified
 707              	.LBE46:
 708              	.LBE45:
 538:Drivers/STM32L4xx_HAL_Driver/Src/stm32l4xx_hal_uart_ex.c **** 
 709              		.loc 1 538 3 discriminator 1 view .LVU190
 710 001c 0029     		cmp	r1, #0
 711 001e F6D1     		bne	.L40
 712              	.LBE42:
 538:Drivers/STM32L4xx_HAL_Driver/Src/stm32l4xx_hal_uart_ex.c **** 
 713              		.loc 1 538 3 is_stmt 1 discriminator 2 view .LVU191
 541:Drivers/STM32L4xx_HAL_Driver/Src/stm32l4xx_hal_uart_ex.c **** 
 714              		.loc 1 541 3 view .LVU192
 541:Drivers/STM32L4xx_HAL_Driver/Src/stm32l4xx_hal_uart_ex.c **** 
 715              		.loc 1 541 3 view .LVU193
 716 0020 0023     		movs	r3, #0
 717              	.LVL63:
 541:Drivers/STM32L4xx_HAL_Driver/Src/stm32l4xx_hal_uart_ex.c **** 
 718              		.loc 1 541 3 is_stmt 0 view .LVU194
 719 0022 80F87830 		strb	r3, [r0, #120]
 541:Drivers/STM32L4xx_HAL_Driver/Src/stm32l4xx_hal_uart_ex.c **** 
 720              		.loc 1 541 3 is_stmt 1 view .LVU195
 543:Drivers/STM32L4xx_HAL_Driver/Src/stm32l4xx_hal_uart_ex.c **** }
 721              		.loc 1 543 3 view .LVU196
 543:Drivers/STM32L4xx_HAL_Driver/Src/stm32l4xx_hal_uart_ex.c **** }
 722              		.loc 1 543 10 is_stmt 0 view .LVU197
 723 0026 1846     		mov	r0, r3
ARM GAS  /tmp/ccb1MUlA.s 			page 56


 724              	.LVL64:
 543:Drivers/STM32L4xx_HAL_Driver/Src/stm32l4xx_hal_uart_ex.c **** }
 725              		.loc 1 543 10 view .LVU198
 726 0028 7047     		bx	lr
 727              	.LVL65:
 728              	.L41:
 535:Drivers/STM32L4xx_HAL_Driver/Src/stm32l4xx_hal_uart_ex.c **** 
 729              		.loc 1 535 3 discriminator 1 view .LVU199
 730 002a 0220     		movs	r0, #2
 731              	.LVL66:
 544:Drivers/STM32L4xx_HAL_Driver/Src/stm32l4xx_hal_uart_ex.c **** 
 732              		.loc 1 544 1 view .LVU200
 733 002c 7047     		bx	lr
 734              		.cfi_endproc
 735              	.LFE390:
 737              		.section	.text.HAL_UARTEx_DisableStopMode,"ax",%progbits
 738              		.align	1
 739              		.global	HAL_UARTEx_DisableStopMode
 740              		.syntax unified
 741              		.thumb
 742              		.thumb_func
 744              	HAL_UARTEx_DisableStopMode:
 745              	.LVL67:
 746              	.LFB391:
 552:Drivers/STM32L4xx_HAL_Driver/Src/stm32l4xx_hal_uart_ex.c ****   /* Process Locked */
 747              		.loc 1 552 1 is_stmt 1 view -0
 748              		.cfi_startproc
 749              		@ args = 0, pretend = 0, frame = 0
 750              		@ frame_needed = 0, uses_anonymous_args = 0
 751              		@ link register save eliminated.
 554:Drivers/STM32L4xx_HAL_Driver/Src/stm32l4xx_hal_uart_ex.c **** 
 752              		.loc 1 554 3 view .LVU202
 554:Drivers/STM32L4xx_HAL_Driver/Src/stm32l4xx_hal_uart_ex.c **** 
 753              		.loc 1 554 3 view .LVU203
 754 0000 90F87830 		ldrb	r3, [r0, #120]	@ zero_extendqisi2
 755 0004 012B     		cmp	r3, #1
 756 0006 10D0     		beq	.L45
 554:Drivers/STM32L4xx_HAL_Driver/Src/stm32l4xx_hal_uart_ex.c **** 
 757              		.loc 1 554 3 discriminator 2 view .LVU204
 758 0008 0123     		movs	r3, #1
 759 000a 80F87830 		strb	r3, [r0, #120]
 760              	.L44:
 554:Drivers/STM32L4xx_HAL_Driver/Src/stm32l4xx_hal_uart_ex.c **** 
 761              		.loc 1 554 3 discriminator 3 view .LVU205
 557:Drivers/STM32L4xx_HAL_Driver/Src/stm32l4xx_hal_uart_ex.c **** 
 762              		.loc 1 557 3 discriminator 1 view .LVU206
 763              	.LBB47:
 557:Drivers/STM32L4xx_HAL_Driver/Src/stm32l4xx_hal_uart_ex.c **** 
 764              		.loc 1 557 3 discriminator 1 view .LVU207
 557:Drivers/STM32L4xx_HAL_Driver/Src/stm32l4xx_hal_uart_ex.c **** 
 765              		.loc 1 557 3 discriminator 1 view .LVU208
 557:Drivers/STM32L4xx_HAL_Driver/Src/stm32l4xx_hal_uart_ex.c **** 
 766              		.loc 1 557 3 discriminator 1 view .LVU209
 767 000e 0268     		ldr	r2, [r0]
 768              	.LVL68:
 769              	.LBB48:
 770              	.LBI48:
ARM GAS  /tmp/ccb1MUlA.s 			page 57


1151:Drivers/CMSIS/Include/cmsis_gcc.h **** {
 771              		.loc 2 1151 31 view .LVU210
 772              	.LBB49:
1153:Drivers/CMSIS/Include/cmsis_gcc.h **** 
 773              		.loc 2 1153 5 view .LVU211
1155:Drivers/CMSIS/Include/cmsis_gcc.h ****    return(result);
 774              		.loc 2 1155 4 view .LVU212
 775              		.syntax unified
 776              	@ 1155 "Drivers/CMSIS/Include/cmsis_gcc.h" 1
 777 0010 52E8003F 		ldrex r3, [r2]
 778              	@ 0 "" 2
 779              	.LVL69:
1156:Drivers/CMSIS/Include/cmsis_gcc.h **** }
 780              		.loc 2 1156 4 view .LVU213
1156:Drivers/CMSIS/Include/cmsis_gcc.h **** }
 781              		.loc 2 1156 4 is_stmt 0 view .LVU214
 782              		.thumb
 783              		.syntax unified
 784              	.LBE49:
 785              	.LBE48:
 557:Drivers/STM32L4xx_HAL_Driver/Src/stm32l4xx_hal_uart_ex.c **** 
 786              		.loc 1 557 3 discriminator 1 view .LVU215
 787 0014 23F00203 		bic	r3, r3, #2
 788              	.LVL70:
 557:Drivers/STM32L4xx_HAL_Driver/Src/stm32l4xx_hal_uart_ex.c **** 
 789              		.loc 1 557 3 is_stmt 1 discriminator 1 view .LVU216
 790              	.LBB50:
 791              	.LBI50:
1202:Drivers/CMSIS/Include/cmsis_gcc.h **** {
 792              		.loc 2 1202 31 view .LVU217
 793              	.LBB51:
1204:Drivers/CMSIS/Include/cmsis_gcc.h **** 
 794              		.loc 2 1204 4 view .LVU218
1206:Drivers/CMSIS/Include/cmsis_gcc.h ****    return(result);
 795              		.loc 2 1206 4 view .LVU219
 796              		.syntax unified
 797              	@ 1206 "Drivers/CMSIS/Include/cmsis_gcc.h" 1
 798 0018 42E80031 		strex r1, r3, [r2]
 799              	@ 0 "" 2
 800              	.LVL71:
 801              		.loc 2 1207 4 view .LVU220
 802              		.loc 2 1207 4 is_stmt 0 view .LVU221
 803              		.thumb
 804              		.syntax unified
 805              	.LBE51:
 806              	.LBE50:
 557:Drivers/STM32L4xx_HAL_Driver/Src/stm32l4xx_hal_uart_ex.c **** 
 807              		.loc 1 557 3 discriminator 1 view .LVU222
 808 001c 0029     		cmp	r1, #0
 809 001e F6D1     		bne	.L44
 810              	.LBE47:
 557:Drivers/STM32L4xx_HAL_Driver/Src/stm32l4xx_hal_uart_ex.c **** 
 811              		.loc 1 557 3 is_stmt 1 discriminator 2 view .LVU223
 560:Drivers/STM32L4xx_HAL_Driver/Src/stm32l4xx_hal_uart_ex.c **** 
 812              		.loc 1 560 3 view .LVU224
 560:Drivers/STM32L4xx_HAL_Driver/Src/stm32l4xx_hal_uart_ex.c **** 
 813              		.loc 1 560 3 view .LVU225
ARM GAS  /tmp/ccb1MUlA.s 			page 58


 814 0020 0023     		movs	r3, #0
 815              	.LVL72:
 560:Drivers/STM32L4xx_HAL_Driver/Src/stm32l4xx_hal_uart_ex.c **** 
 816              		.loc 1 560 3 is_stmt 0 view .LVU226
 817 0022 80F87830 		strb	r3, [r0, #120]
 560:Drivers/STM32L4xx_HAL_Driver/Src/stm32l4xx_hal_uart_ex.c **** 
 818              		.loc 1 560 3 is_stmt 1 view .LVU227
 562:Drivers/STM32L4xx_HAL_Driver/Src/stm32l4xx_hal_uart_ex.c **** }
 819              		.loc 1 562 3 view .LVU228
 562:Drivers/STM32L4xx_HAL_Driver/Src/stm32l4xx_hal_uart_ex.c **** }
 820              		.loc 1 562 10 is_stmt 0 view .LVU229
 821 0026 1846     		mov	r0, r3
 822              	.LVL73:
 562:Drivers/STM32L4xx_HAL_Driver/Src/stm32l4xx_hal_uart_ex.c **** }
 823              		.loc 1 562 10 view .LVU230
 824 0028 7047     		bx	lr
 825              	.LVL74:
 826              	.L45:
 554:Drivers/STM32L4xx_HAL_Driver/Src/stm32l4xx_hal_uart_ex.c **** 
 827              		.loc 1 554 3 discriminator 1 view .LVU231
 828 002a 0220     		movs	r0, #2
 829              	.LVL75:
 563:Drivers/STM32L4xx_HAL_Driver/Src/stm32l4xx_hal_uart_ex.c **** 
 830              		.loc 1 563 1 view .LVU232
 831 002c 7047     		bx	lr
 832              		.cfi_endproc
 833              	.LFE391:
 835              		.section	.text.HAL_UARTEx_ReceiveToIdle,"ax",%progbits
 836              		.align	1
 837              		.global	HAL_UARTEx_ReceiveToIdle
 838              		.syntax unified
 839              		.thumb
 840              		.thumb_func
 842              	HAL_UARTEx_ReceiveToIdle:
 843              	.LVL76:
 844              	.LFB392:
 767:Drivers/STM32L4xx_HAL_Driver/Src/stm32l4xx_hal_uart_ex.c ****   uint8_t  *pdata8bits;
 845              		.loc 1 767 1 is_stmt 1 view -0
 846              		.cfi_startproc
 847              		@ args = 4, pretend = 0, frame = 0
 848              		@ frame_needed = 0, uses_anonymous_args = 0
 767:Drivers/STM32L4xx_HAL_Driver/Src/stm32l4xx_hal_uart_ex.c ****   uint8_t  *pdata8bits;
 849              		.loc 1 767 1 is_stmt 0 view .LVU234
 850 0000 2DE9F047 		push	{r4, r5, r6, r7, r8, r9, r10, lr}
 851              	.LCFI10:
 852              		.cfi_def_cfa_offset 32
 853              		.cfi_offset 4, -32
 854              		.cfi_offset 5, -28
 855              		.cfi_offset 6, -24
 856              		.cfi_offset 7, -20
 857              		.cfi_offset 8, -16
 858              		.cfi_offset 9, -12
 859              		.cfi_offset 10, -8
 860              		.cfi_offset 14, -4
 861 0004 1D46     		mov	r5, r3
 862 0006 089E     		ldr	r6, [sp, #32]
 768:Drivers/STM32L4xx_HAL_Driver/Src/stm32l4xx_hal_uart_ex.c ****   uint16_t *pdata16bits;
ARM GAS  /tmp/ccb1MUlA.s 			page 59


 863              		.loc 1 768 3 is_stmt 1 view .LVU235
 769:Drivers/STM32L4xx_HAL_Driver/Src/stm32l4xx_hal_uart_ex.c ****   uint16_t uhMask;
 864              		.loc 1 769 3 view .LVU236
 770:Drivers/STM32L4xx_HAL_Driver/Src/stm32l4xx_hal_uart_ex.c ****   uint32_t tickstart;
 865              		.loc 1 770 3 view .LVU237
 771:Drivers/STM32L4xx_HAL_Driver/Src/stm32l4xx_hal_uart_ex.c **** 
 866              		.loc 1 771 3 view .LVU238
 774:Drivers/STM32L4xx_HAL_Driver/Src/stm32l4xx_hal_uart_ex.c ****   {
 867              		.loc 1 774 3 view .LVU239
 774:Drivers/STM32L4xx_HAL_Driver/Src/stm32l4xx_hal_uart_ex.c ****   {
 868              		.loc 1 774 12 is_stmt 0 view .LVU240
 869 0008 D0F88030 		ldr	r3, [r0, #128]
 870              	.LVL77:
 774:Drivers/STM32L4xx_HAL_Driver/Src/stm32l4xx_hal_uart_ex.c ****   {
 871              		.loc 1 774 6 view .LVU241
 872 000c 202B     		cmp	r3, #32
 873 000e 40F0A380 		bne	.L64
 874 0012 0446     		mov	r4, r0
 875 0014 0F46     		mov	r7, r1
 876 0016 9146     		mov	r9, r2
 776:Drivers/STM32L4xx_HAL_Driver/Src/stm32l4xx_hal_uart_ex.c ****     {
 877              		.loc 1 776 5 is_stmt 1 view .LVU242
 776:Drivers/STM32L4xx_HAL_Driver/Src/stm32l4xx_hal_uart_ex.c ****     {
 878              		.loc 1 776 8 is_stmt 0 view .LVU243
 879 0018 0029     		cmp	r1, #0
 880 001a 00F0A080 		beq	.L65
 776:Drivers/STM32L4xx_HAL_Driver/Src/stm32l4xx_hal_uart_ex.c ****     {
 881              		.loc 1 776 25 discriminator 1 view .LVU244
 882 001e 0AB9     		cbnz	r2, .L70
 778:Drivers/STM32L4xx_HAL_Driver/Src/stm32l4xx_hal_uart_ex.c ****     }
 883              		.loc 1 778 15 view .LVU245
 884 0020 0120     		movs	r0, #1
 885              	.LVL78:
 778:Drivers/STM32L4xx_HAL_Driver/Src/stm32l4xx_hal_uart_ex.c ****     }
 886              		.loc 1 778 15 view .LVU246
 887 0022 9AE0     		b	.L47
 888              	.LVL79:
 889              	.L70:
 781:Drivers/STM32L4xx_HAL_Driver/Src/stm32l4xx_hal_uart_ex.c ****     huart->RxState = HAL_UART_STATE_BUSY_RX;
 890              		.loc 1 781 5 is_stmt 1 view .LVU247
 781:Drivers/STM32L4xx_HAL_Driver/Src/stm32l4xx_hal_uart_ex.c ****     huart->RxState = HAL_UART_STATE_BUSY_RX;
 891              		.loc 1 781 22 is_stmt 0 view .LVU248
 892 0024 0023     		movs	r3, #0
 893 0026 C0F88430 		str	r3, [r0, #132]
 782:Drivers/STM32L4xx_HAL_Driver/Src/stm32l4xx_hal_uart_ex.c ****     huart->ReceptionType = HAL_UART_RECEPTION_TOIDLE;
 894              		.loc 1 782 5 is_stmt 1 view .LVU249
 782:Drivers/STM32L4xx_HAL_Driver/Src/stm32l4xx_hal_uart_ex.c ****     huart->ReceptionType = HAL_UART_RECEPTION_TOIDLE;
 895              		.loc 1 782 20 is_stmt 0 view .LVU250
 896 002a 2222     		movs	r2, #34
 897              	.LVL80:
 782:Drivers/STM32L4xx_HAL_Driver/Src/stm32l4xx_hal_uart_ex.c ****     huart->ReceptionType = HAL_UART_RECEPTION_TOIDLE;
 898              		.loc 1 782 20 view .LVU251
 899 002c C0F88020 		str	r2, [r0, #128]
 783:Drivers/STM32L4xx_HAL_Driver/Src/stm32l4xx_hal_uart_ex.c ****     huart->RxEventType = HAL_UART_RXEVENT_TC;
 900              		.loc 1 783 5 is_stmt 1 view .LVU252
 783:Drivers/STM32L4xx_HAL_Driver/Src/stm32l4xx_hal_uart_ex.c ****     huart->RxEventType = HAL_UART_RXEVENT_TC;
 901              		.loc 1 783 26 is_stmt 0 view .LVU253
ARM GAS  /tmp/ccb1MUlA.s 			page 60


 902 0030 0122     		movs	r2, #1
 903 0032 0266     		str	r2, [r0, #96]
 784:Drivers/STM32L4xx_HAL_Driver/Src/stm32l4xx_hal_uart_ex.c **** 
 904              		.loc 1 784 5 is_stmt 1 view .LVU254
 784:Drivers/STM32L4xx_HAL_Driver/Src/stm32l4xx_hal_uart_ex.c **** 
 905              		.loc 1 784 24 is_stmt 0 view .LVU255
 906 0034 4366     		str	r3, [r0, #100]
 787:Drivers/STM32L4xx_HAL_Driver/Src/stm32l4xx_hal_uart_ex.c **** 
 907              		.loc 1 787 5 is_stmt 1 view .LVU256
 787:Drivers/STM32L4xx_HAL_Driver/Src/stm32l4xx_hal_uart_ex.c **** 
 908              		.loc 1 787 17 is_stmt 0 view .LVU257
 909 0036 FFF7FEFF 		bl	HAL_GetTick
 910              	.LVL81:
 787:Drivers/STM32L4xx_HAL_Driver/Src/stm32l4xx_hal_uart_ex.c **** 
 911              		.loc 1 787 17 view .LVU258
 912 003a 8046     		mov	r8, r0
 913              	.LVL82:
 789:Drivers/STM32L4xx_HAL_Driver/Src/stm32l4xx_hal_uart_ex.c ****     huart->RxXferCount = Size;
 914              		.loc 1 789 5 is_stmt 1 view .LVU259
 789:Drivers/STM32L4xx_HAL_Driver/Src/stm32l4xx_hal_uart_ex.c ****     huart->RxXferCount = Size;
 915              		.loc 1 789 24 is_stmt 0 view .LVU260
 916 003c A4F85890 		strh	r9, [r4, #88]	@ movhi
 790:Drivers/STM32L4xx_HAL_Driver/Src/stm32l4xx_hal_uart_ex.c **** 
 917              		.loc 1 790 5 is_stmt 1 view .LVU261
 790:Drivers/STM32L4xx_HAL_Driver/Src/stm32l4xx_hal_uart_ex.c **** 
 918              		.loc 1 790 24 is_stmt 0 view .LVU262
 919 0040 A4F85A90 		strh	r9, [r4, #90]	@ movhi
 793:Drivers/STM32L4xx_HAL_Driver/Src/stm32l4xx_hal_uart_ex.c ****     uhMask = huart->Mask;
 920              		.loc 1 793 5 is_stmt 1 view .LVU263
 793:Drivers/STM32L4xx_HAL_Driver/Src/stm32l4xx_hal_uart_ex.c ****     uhMask = huart->Mask;
 921              		.loc 1 793 5 view .LVU264
 922 0044 A368     		ldr	r3, [r4, #8]
 923 0046 B3F5805F 		cmp	r3, #4096
 924 004a 06D0     		beq	.L71
 793:Drivers/STM32L4xx_HAL_Driver/Src/stm32l4xx_hal_uart_ex.c ****     uhMask = huart->Mask;
 925              		.loc 1 793 5 discriminator 2 view .LVU265
 926 004c A3B9     		cbnz	r3, .L51
 793:Drivers/STM32L4xx_HAL_Driver/Src/stm32l4xx_hal_uart_ex.c ****     uhMask = huart->Mask;
 927              		.loc 1 793 5 discriminator 5 view .LVU266
 928 004e 2269     		ldr	r2, [r4, #16]
 929 0050 72B9     		cbnz	r2, .L52
 793:Drivers/STM32L4xx_HAL_Driver/Src/stm32l4xx_hal_uart_ex.c ****     uhMask = huart->Mask;
 930              		.loc 1 793 5 discriminator 7 view .LVU267
 931 0052 FF22     		movs	r2, #255
 932 0054 A4F85C20 		strh	r2, [r4, #92]	@ movhi
 933 0058 14E0     		b	.L50
 934              	.L71:
 793:Drivers/STM32L4xx_HAL_Driver/Src/stm32l4xx_hal_uart_ex.c ****     uhMask = huart->Mask;
 935              		.loc 1 793 5 discriminator 1 view .LVU268
 936 005a 2269     		ldr	r2, [r4, #16]
 937 005c 22B9     		cbnz	r2, .L49
 793:Drivers/STM32L4xx_HAL_Driver/Src/stm32l4xx_hal_uart_ex.c ****     uhMask = huart->Mask;
 938              		.loc 1 793 5 discriminator 3 view .LVU269
 939 005e 40F2FF12 		movw	r2, #511
 940 0062 A4F85C20 		strh	r2, [r4, #92]	@ movhi
 941 0066 0DE0     		b	.L50
 942              	.L49:
ARM GAS  /tmp/ccb1MUlA.s 			page 61


 793:Drivers/STM32L4xx_HAL_Driver/Src/stm32l4xx_hal_uart_ex.c ****     uhMask = huart->Mask;
 943              		.loc 1 793 5 discriminator 4 view .LVU270
 944 0068 FF22     		movs	r2, #255
 945 006a A4F85C20 		strh	r2, [r4, #92]	@ movhi
 946 006e 09E0     		b	.L50
 947              	.L52:
 793:Drivers/STM32L4xx_HAL_Driver/Src/stm32l4xx_hal_uart_ex.c ****     uhMask = huart->Mask;
 948              		.loc 1 793 5 discriminator 8 view .LVU271
 949 0070 7F22     		movs	r2, #127
 950 0072 A4F85C20 		strh	r2, [r4, #92]	@ movhi
 951 0076 05E0     		b	.L50
 952              	.L51:
 793:Drivers/STM32L4xx_HAL_Driver/Src/stm32l4xx_hal_uart_ex.c ****     uhMask = huart->Mask;
 953              		.loc 1 793 5 discriminator 6 view .LVU272
 954 0078 B3F1805F 		cmp	r3, #268435456
 955 007c 0CD0     		beq	.L72
 793:Drivers/STM32L4xx_HAL_Driver/Src/stm32l4xx_hal_uart_ex.c ****     uhMask = huart->Mask;
 956              		.loc 1 793 5 discriminator 10 view .LVU273
 957 007e 0022     		movs	r2, #0
 958 0080 A4F85C20 		strh	r2, [r4, #92]	@ movhi
 959              	.L50:
 793:Drivers/STM32L4xx_HAL_Driver/Src/stm32l4xx_hal_uart_ex.c ****     uhMask = huart->Mask;
 960              		.loc 1 793 5 discriminator 13 view .LVU274
 794:Drivers/STM32L4xx_HAL_Driver/Src/stm32l4xx_hal_uart_ex.c **** 
 961              		.loc 1 794 5 view .LVU275
 794:Drivers/STM32L4xx_HAL_Driver/Src/stm32l4xx_hal_uart_ex.c **** 
 962              		.loc 1 794 12 is_stmt 0 view .LVU276
 963 0084 B4F85C90 		ldrh	r9, [r4, #92]
 964              	.LVL83:
 797:Drivers/STM32L4xx_HAL_Driver/Src/stm32l4xx_hal_uart_ex.c ****     {
 965              		.loc 1 797 5 is_stmt 1 view .LVU277
 797:Drivers/STM32L4xx_HAL_Driver/Src/stm32l4xx_hal_uart_ex.c ****     {
 966              		.loc 1 797 8 is_stmt 0 view .LVU278
 967 0088 B3F5805F 		cmp	r3, #4096
 968 008c 0ED0     		beq	.L73
 805:Drivers/STM32L4xx_HAL_Driver/Src/stm32l4xx_hal_uart_ex.c ****     }
 969              		.loc 1 805 19 view .LVU279
 970 008e 4FF0000A 		mov	r10, #0
 971              	.LVL84:
 972              	.L55:
 809:Drivers/STM32L4xx_HAL_Driver/Src/stm32l4xx_hal_uart_ex.c **** 
 973              		.loc 1 809 5 is_stmt 1 view .LVU280
 809:Drivers/STM32L4xx_HAL_Driver/Src/stm32l4xx_hal_uart_ex.c **** 
 974              		.loc 1 809 12 is_stmt 0 view .LVU281
 975 0092 0023     		movs	r3, #0
 976 0094 2B80     		strh	r3, [r5]	@ movhi
 812:Drivers/STM32L4xx_HAL_Driver/Src/stm32l4xx_hal_uart_ex.c ****     {
 977              		.loc 1 812 5 is_stmt 1 view .LVU282
 812:Drivers/STM32L4xx_HAL_Driver/Src/stm32l4xx_hal_uart_ex.c ****     {
 978              		.loc 1 812 11 is_stmt 0 view .LVU283
 979 0096 2AE0     		b	.L56
 980              	.LVL85:
 981              	.L72:
 793:Drivers/STM32L4xx_HAL_Driver/Src/stm32l4xx_hal_uart_ex.c ****     uhMask = huart->Mask;
 982              		.loc 1 793 5 is_stmt 1 discriminator 9 view .LVU284
 983 0098 2269     		ldr	r2, [r4, #16]
 984 009a 1AB9     		cbnz	r2, .L54
ARM GAS  /tmp/ccb1MUlA.s 			page 62


 793:Drivers/STM32L4xx_HAL_Driver/Src/stm32l4xx_hal_uart_ex.c ****     uhMask = huart->Mask;
 985              		.loc 1 793 5 discriminator 11 view .LVU285
 986 009c 7F22     		movs	r2, #127
 987 009e A4F85C20 		strh	r2, [r4, #92]	@ movhi
 988 00a2 EFE7     		b	.L50
 989              	.L54:
 793:Drivers/STM32L4xx_HAL_Driver/Src/stm32l4xx_hal_uart_ex.c ****     uhMask = huart->Mask;
 990              		.loc 1 793 5 discriminator 12 view .LVU286
 991 00a4 3F22     		movs	r2, #63
 992 00a6 A4F85C20 		strh	r2, [r4, #92]	@ movhi
 993 00aa EBE7     		b	.L50
 994              	.LVL86:
 995              	.L73:
 797:Drivers/STM32L4xx_HAL_Driver/Src/stm32l4xx_hal_uart_ex.c ****     {
 996              		.loc 1 797 71 is_stmt 0 discriminator 1 view .LVU287
 997 00ac 2369     		ldr	r3, [r4, #16]
 797:Drivers/STM32L4xx_HAL_Driver/Src/stm32l4xx_hal_uart_ex.c ****     {
 998              		.loc 1 797 56 discriminator 1 view .LVU288
 999 00ae 13B1     		cbz	r3, .L68
 805:Drivers/STM32L4xx_HAL_Driver/Src/stm32l4xx_hal_uart_ex.c ****     }
 1000              		.loc 1 805 19 view .LVU289
 1001 00b0 4FF0000A 		mov	r10, #0
 1002 00b4 EDE7     		b	.L55
 1003              	.L68:
 800:Drivers/STM32L4xx_HAL_Driver/Src/stm32l4xx_hal_uart_ex.c ****     }
 1004              		.loc 1 800 19 view .LVU290
 1005 00b6 BA46     		mov	r10, r7
 799:Drivers/STM32L4xx_HAL_Driver/Src/stm32l4xx_hal_uart_ex.c ****       pdata16bits = (uint16_t *) pData;
 1006              		.loc 1 799 19 view .LVU291
 1007 00b8 0027     		movs	r7, #0
 1008              	.LVL87:
 799:Drivers/STM32L4xx_HAL_Driver/Src/stm32l4xx_hal_uart_ex.c ****       pdata16bits = (uint16_t *) pData;
 1009              		.loc 1 799 19 view .LVU292
 1010 00ba EAE7     		b	.L55
 1011              	.LVL88:
 1012              	.L76:
 824:Drivers/STM32L4xx_HAL_Driver/Src/stm32l4xx_hal_uart_ex.c ****           huart->RxState = HAL_UART_STATE_READY;
 1013              		.loc 1 824 11 is_stmt 1 view .LVU293
 824:Drivers/STM32L4xx_HAL_Driver/Src/stm32l4xx_hal_uart_ex.c ****           huart->RxState = HAL_UART_STATE_READY;
 1014              		.loc 1 824 30 is_stmt 0 view .LVU294
 1015 00bc 0223     		movs	r3, #2
 1016 00be 6366     		str	r3, [r4, #100]
 825:Drivers/STM32L4xx_HAL_Driver/Src/stm32l4xx_hal_uart_ex.c **** 
 1017              		.loc 1 825 11 is_stmt 1 view .LVU295
 825:Drivers/STM32L4xx_HAL_Driver/Src/stm32l4xx_hal_uart_ex.c **** 
 1018              		.loc 1 825 26 is_stmt 0 view .LVU296
 1019 00c0 2023     		movs	r3, #32
 1020 00c2 C4F88030 		str	r3, [r4, #128]
 827:Drivers/STM32L4xx_HAL_Driver/Src/stm32l4xx_hal_uart_ex.c ****         }
 1021              		.loc 1 827 11 is_stmt 1 view .LVU297
 827:Drivers/STM32L4xx_HAL_Driver/Src/stm32l4xx_hal_uart_ex.c ****         }
 1022              		.loc 1 827 18 is_stmt 0 view .LVU298
 1023 00c6 0020     		movs	r0, #0
 1024 00c8 47E0     		b	.L47
 1025              	.L77:
 836:Drivers/STM32L4xx_HAL_Driver/Src/stm32l4xx_hal_uart_ex.c ****           pdata16bits++;
 1026              		.loc 1 836 11 is_stmt 1 view .LVU299
ARM GAS  /tmp/ccb1MUlA.s 			page 63


 836:Drivers/STM32L4xx_HAL_Driver/Src/stm32l4xx_hal_uart_ex.c ****           pdata16bits++;
 1027              		.loc 1 836 52 is_stmt 0 view .LVU300
 1028 00ca 5B6A     		ldr	r3, [r3, #36]
 836:Drivers/STM32L4xx_HAL_Driver/Src/stm32l4xx_hal_uart_ex.c ****           pdata16bits++;
 1029              		.loc 1 836 26 view .LVU301
 1030 00cc 09EA0303 		and	r3, r9, r3
 836:Drivers/STM32L4xx_HAL_Driver/Src/stm32l4xx_hal_uart_ex.c ****           pdata16bits++;
 1031              		.loc 1 836 24 view .LVU302
 1032 00d0 2AF8023B 		strh	r3, [r10], #2	@ movhi
 1033              	.LVL89:
 837:Drivers/STM32L4xx_HAL_Driver/Src/stm32l4xx_hal_uart_ex.c ****         }
 1034              		.loc 1 837 11 is_stmt 1 view .LVU303
 1035              	.L60:
 845:Drivers/STM32L4xx_HAL_Driver/Src/stm32l4xx_hal_uart_ex.c ****         huart->RxXferCount--;
 1036              		.loc 1 845 9 view .LVU304
 1037 00d4 2B88     		ldrh	r3, [r5]
 845:Drivers/STM32L4xx_HAL_Driver/Src/stm32l4xx_hal_uart_ex.c ****         huart->RxXferCount--;
 1038              		.loc 1 845 16 is_stmt 0 view .LVU305
 1039 00d6 0133     		adds	r3, r3, #1
 1040 00d8 2B80     		strh	r3, [r5]	@ movhi
 846:Drivers/STM32L4xx_HAL_Driver/Src/stm32l4xx_hal_uart_ex.c ****       }
 1041              		.loc 1 846 9 is_stmt 1 view .LVU306
 846:Drivers/STM32L4xx_HAL_Driver/Src/stm32l4xx_hal_uart_ex.c ****       }
 1042              		.loc 1 846 14 is_stmt 0 view .LVU307
 1043 00da B4F85A30 		ldrh	r3, [r4, #90]
 1044 00de 9BB2     		uxth	r3, r3
 846:Drivers/STM32L4xx_HAL_Driver/Src/stm32l4xx_hal_uart_ex.c ****       }
 1045              		.loc 1 846 27 view .LVU308
 1046 00e0 013B     		subs	r3, r3, #1
 1047 00e2 9BB2     		uxth	r3, r3
 1048 00e4 A4F85A30 		strh	r3, [r4, #90]	@ movhi
 1049              	.L58:
 850:Drivers/STM32L4xx_HAL_Driver/Src/stm32l4xx_hal_uart_ex.c ****       {
 1050              		.loc 1 850 7 is_stmt 1 view .LVU309
 850:Drivers/STM32L4xx_HAL_Driver/Src/stm32l4xx_hal_uart_ex.c ****       {
 1051              		.loc 1 850 10 is_stmt 0 view .LVU310
 1052 00e8 B6F1FF3F 		cmp	r6, #-1
 1053 00ec 1BD1     		bne	.L74
 1054              	.L56:
 812:Drivers/STM32L4xx_HAL_Driver/Src/stm32l4xx_hal_uart_ex.c ****     {
 1055              		.loc 1 812 31 is_stmt 1 view .LVU311
 812:Drivers/STM32L4xx_HAL_Driver/Src/stm32l4xx_hal_uart_ex.c ****     {
 1056              		.loc 1 812 17 is_stmt 0 view .LVU312
 1057 00ee B4F85A20 		ldrh	r2, [r4, #90]
 1058 00f2 92B2     		uxth	r2, r2
 812:Drivers/STM32L4xx_HAL_Driver/Src/stm32l4xx_hal_uart_ex.c ****     {
 1059              		.loc 1 812 31 view .LVU313
 1060 00f4 22B3     		cbz	r2, .L75
 815:Drivers/STM32L4xx_HAL_Driver/Src/stm32l4xx_hal_uart_ex.c ****       {
 1061              		.loc 1 815 7 is_stmt 1 view .LVU314
 815:Drivers/STM32L4xx_HAL_Driver/Src/stm32l4xx_hal_uart_ex.c ****       {
 1062              		.loc 1 815 11 is_stmt 0 view .LVU315
 1063 00f6 2368     		ldr	r3, [r4]
 1064 00f8 DA69     		ldr	r2, [r3, #28]
 815:Drivers/STM32L4xx_HAL_Driver/Src/stm32l4xx_hal_uart_ex.c ****       {
 1065              		.loc 1 815 10 view .LVU316
 1066 00fa 12F0100F 		tst	r2, #16
ARM GAS  /tmp/ccb1MUlA.s 			page 64


 1067 00fe 04D0     		beq	.L57
 818:Drivers/STM32L4xx_HAL_Driver/Src/stm32l4xx_hal_uart_ex.c **** 
 1068              		.loc 1 818 9 is_stmt 1 view .LVU317
 1069 0100 1022     		movs	r2, #16
 1070 0102 1A62     		str	r2, [r3, #32]
 822:Drivers/STM32L4xx_HAL_Driver/Src/stm32l4xx_hal_uart_ex.c ****         {
 1071              		.loc 1 822 9 view .LVU318
 822:Drivers/STM32L4xx_HAL_Driver/Src/stm32l4xx_hal_uart_ex.c ****         {
 1072              		.loc 1 822 13 is_stmt 0 view .LVU319
 1073 0104 2B88     		ldrh	r3, [r5]
 822:Drivers/STM32L4xx_HAL_Driver/Src/stm32l4xx_hal_uart_ex.c ****         {
 1074              		.loc 1 822 12 view .LVU320
 1075 0106 002B     		cmp	r3, #0
 1076 0108 D8D1     		bne	.L76
 1077              	.L57:
 832:Drivers/STM32L4xx_HAL_Driver/Src/stm32l4xx_hal_uart_ex.c ****       {
 1078              		.loc 1 832 7 is_stmt 1 view .LVU321
 832:Drivers/STM32L4xx_HAL_Driver/Src/stm32l4xx_hal_uart_ex.c ****       {
 1079              		.loc 1 832 11 is_stmt 0 view .LVU322
 1080 010a 2368     		ldr	r3, [r4]
 1081 010c DA69     		ldr	r2, [r3, #28]
 832:Drivers/STM32L4xx_HAL_Driver/Src/stm32l4xx_hal_uart_ex.c ****       {
 1082              		.loc 1 832 10 view .LVU323
 1083 010e 12F0200F 		tst	r2, #32
 1084 0112 E9D0     		beq	.L58
 834:Drivers/STM32L4xx_HAL_Driver/Src/stm32l4xx_hal_uart_ex.c ****         {
 1085              		.loc 1 834 9 is_stmt 1 view .LVU324
 834:Drivers/STM32L4xx_HAL_Driver/Src/stm32l4xx_hal_uart_ex.c ****         {
 1086              		.loc 1 834 12 is_stmt 0 view .LVU325
 1087 0114 002F     		cmp	r7, #0
 1088 0116 D8D0     		beq	.L77
 841:Drivers/STM32L4xx_HAL_Driver/Src/stm32l4xx_hal_uart_ex.c ****           pdata8bits++;
 1089              		.loc 1 841 11 is_stmt 1 view .LVU326
 841:Drivers/STM32L4xx_HAL_Driver/Src/stm32l4xx_hal_uart_ex.c ****           pdata8bits++;
 1090              		.loc 1 841 50 is_stmt 0 view .LVU327
 1091 0118 5A6A     		ldr	r2, [r3, #36]
 841:Drivers/STM32L4xx_HAL_Driver/Src/stm32l4xx_hal_uart_ex.c ****           pdata8bits++;
 1092              		.loc 1 841 58 view .LVU328
 1093 011a 5FFA89F3 		uxtb	r3, r9
 841:Drivers/STM32L4xx_HAL_Driver/Src/stm32l4xx_hal_uart_ex.c ****           pdata8bits++;
 1094              		.loc 1 841 25 view .LVU329
 1095 011e 1340     		ands	r3, r3, r2
 841:Drivers/STM32L4xx_HAL_Driver/Src/stm32l4xx_hal_uart_ex.c ****           pdata8bits++;
 1096              		.loc 1 841 23 view .LVU330
 1097 0120 07F8013B 		strb	r3, [r7], #1
 1098              	.LVL90:
 842:Drivers/STM32L4xx_HAL_Driver/Src/stm32l4xx_hal_uart_ex.c ****         }
 1099              		.loc 1 842 11 is_stmt 1 view .LVU331
 842:Drivers/STM32L4xx_HAL_Driver/Src/stm32l4xx_hal_uart_ex.c ****         }
 1100              		.loc 1 842 11 is_stmt 0 view .LVU332
 1101 0124 D6E7     		b	.L60
 1102              	.L74:
 852:Drivers/STM32L4xx_HAL_Driver/Src/stm32l4xx_hal_uart_ex.c ****         {
 1103              		.loc 1 852 9 is_stmt 1 view .LVU333
 852:Drivers/STM32L4xx_HAL_Driver/Src/stm32l4xx_hal_uart_ex.c ****         {
 1104              		.loc 1 852 15 is_stmt 0 view .LVU334
 1105 0126 FFF7FEFF 		bl	HAL_GetTick
ARM GAS  /tmp/ccb1MUlA.s 			page 65


 1106              	.LVL91:
 852:Drivers/STM32L4xx_HAL_Driver/Src/stm32l4xx_hal_uart_ex.c ****         {
 1107              		.loc 1 852 29 discriminator 1 view .LVU335
 1108 012a A0EB0800 		sub	r0, r0, r8
 852:Drivers/STM32L4xx_HAL_Driver/Src/stm32l4xx_hal_uart_ex.c ****         {
 1109              		.loc 1 852 12 discriminator 1 view .LVU336
 1110 012e B042     		cmp	r0, r6
 1111 0130 01D8     		bhi	.L62
 852:Drivers/STM32L4xx_HAL_Driver/Src/stm32l4xx_hal_uart_ex.c ****         {
 1112              		.loc 1 852 53 discriminator 1 view .LVU337
 1113 0132 002E     		cmp	r6, #0
 1114 0134 DBD1     		bne	.L56
 1115              	.L62:
 854:Drivers/STM32L4xx_HAL_Driver/Src/stm32l4xx_hal_uart_ex.c **** 
 1116              		.loc 1 854 11 is_stmt 1 view .LVU338
 854:Drivers/STM32L4xx_HAL_Driver/Src/stm32l4xx_hal_uart_ex.c **** 
 1117              		.loc 1 854 26 is_stmt 0 view .LVU339
 1118 0136 2023     		movs	r3, #32
 1119 0138 C4F88030 		str	r3, [r4, #128]
 856:Drivers/STM32L4xx_HAL_Driver/Src/stm32l4xx_hal_uart_ex.c ****         }
 1120              		.loc 1 856 11 is_stmt 1 view .LVU340
 856:Drivers/STM32L4xx_HAL_Driver/Src/stm32l4xx_hal_uart_ex.c ****         }
 1121              		.loc 1 856 18 is_stmt 0 view .LVU341
 1122 013c 0320     		movs	r0, #3
 1123 013e 0CE0     		b	.L47
 1124              	.L75:
 862:Drivers/STM32L4xx_HAL_Driver/Src/stm32l4xx_hal_uart_ex.c ****     /* At end of Rx process, restore huart->RxState to Ready */
 1125              		.loc 1 862 5 is_stmt 1 view .LVU342
 862:Drivers/STM32L4xx_HAL_Driver/Src/stm32l4xx_hal_uart_ex.c ****     /* At end of Rx process, restore huart->RxState to Ready */
 1126              		.loc 1 862 19 is_stmt 0 view .LVU343
 1127 0140 B4F85830 		ldrh	r3, [r4, #88]
 862:Drivers/STM32L4xx_HAL_Driver/Src/stm32l4xx_hal_uart_ex.c ****     /* At end of Rx process, restore huart->RxState to Ready */
 1128              		.loc 1 862 39 view .LVU344
 1129 0144 B4F85A20 		ldrh	r2, [r4, #90]
 1130 0148 92B2     		uxth	r2, r2
 862:Drivers/STM32L4xx_HAL_Driver/Src/stm32l4xx_hal_uart_ex.c ****     /* At end of Rx process, restore huart->RxState to Ready */
 1131              		.loc 1 862 32 view .LVU345
 1132 014a 9B1A     		subs	r3, r3, r2
 862:Drivers/STM32L4xx_HAL_Driver/Src/stm32l4xx_hal_uart_ex.c ****     /* At end of Rx process, restore huart->RxState to Ready */
 1133              		.loc 1 862 12 view .LVU346
 1134 014c 2B80     		strh	r3, [r5]	@ movhi
 864:Drivers/STM32L4xx_HAL_Driver/Src/stm32l4xx_hal_uart_ex.c **** 
 1135              		.loc 1 864 5 is_stmt 1 view .LVU347
 864:Drivers/STM32L4xx_HAL_Driver/Src/stm32l4xx_hal_uart_ex.c **** 
 1136              		.loc 1 864 20 is_stmt 0 view .LVU348
 1137 014e 2023     		movs	r3, #32
 1138 0150 C4F88030 		str	r3, [r4, #128]
 866:Drivers/STM32L4xx_HAL_Driver/Src/stm32l4xx_hal_uart_ex.c ****   }
 1139              		.loc 1 866 5 is_stmt 1 view .LVU349
 866:Drivers/STM32L4xx_HAL_Driver/Src/stm32l4xx_hal_uart_ex.c ****   }
 1140              		.loc 1 866 12 is_stmt 0 view .LVU350
 1141 0154 0020     		movs	r0, #0
 1142 0156 00E0     		b	.L47
 1143              	.LVL92:
 1144              	.L64:
 870:Drivers/STM32L4xx_HAL_Driver/Src/stm32l4xx_hal_uart_ex.c ****   }
 1145              		.loc 1 870 12 view .LVU351
ARM GAS  /tmp/ccb1MUlA.s 			page 66


 1146 0158 0220     		movs	r0, #2
 1147              	.LVL93:
 1148              	.L47:
 872:Drivers/STM32L4xx_HAL_Driver/Src/stm32l4xx_hal_uart_ex.c **** 
 1149              		.loc 1 872 1 view .LVU352
 1150 015a BDE8F087 		pop	{r4, r5, r6, r7, r8, r9, r10, pc}
 1151              	.LVL94:
 1152              	.L65:
 778:Drivers/STM32L4xx_HAL_Driver/Src/stm32l4xx_hal_uart_ex.c ****     }
 1153              		.loc 1 778 15 view .LVU353
 1154 015e 0120     		movs	r0, #1
 1155              	.LVL95:
 778:Drivers/STM32L4xx_HAL_Driver/Src/stm32l4xx_hal_uart_ex.c ****     }
 1156              		.loc 1 778 15 view .LVU354
 1157 0160 FBE7     		b	.L47
 1158              		.cfi_endproc
 1159              	.LFE392:
 1161              		.section	.text.HAL_UARTEx_ReceiveToIdle_IT,"ax",%progbits
 1162              		.align	1
 1163              		.global	HAL_UARTEx_ReceiveToIdle_IT
 1164              		.syntax unified
 1165              		.thumb
 1166              		.thumb_func
 1168              	HAL_UARTEx_ReceiveToIdle_IT:
 1169              	.LVL96:
 1170              	.LFB393:
 889:Drivers/STM32L4xx_HAL_Driver/Src/stm32l4xx_hal_uart_ex.c ****   HAL_StatusTypeDef status = HAL_OK;
 1171              		.loc 1 889 1 is_stmt 1 view -0
 1172              		.cfi_startproc
 1173              		@ args = 0, pretend = 0, frame = 0
 1174              		@ frame_needed = 0, uses_anonymous_args = 0
 890:Drivers/STM32L4xx_HAL_Driver/Src/stm32l4xx_hal_uart_ex.c **** 
 1175              		.loc 1 890 3 view .LVU356
 893:Drivers/STM32L4xx_HAL_Driver/Src/stm32l4xx_hal_uart_ex.c ****   {
 1176              		.loc 1 893 3 view .LVU357
 893:Drivers/STM32L4xx_HAL_Driver/Src/stm32l4xx_hal_uart_ex.c ****   {
 1177              		.loc 1 893 12 is_stmt 0 view .LVU358
 1178 0000 D0F88030 		ldr	r3, [r0, #128]
 893:Drivers/STM32L4xx_HAL_Driver/Src/stm32l4xx_hal_uart_ex.c ****   {
 1179              		.loc 1 893 6 view .LVU359
 1180 0004 202B     		cmp	r3, #32
 1181 0006 1ED1     		bne	.L82
 889:Drivers/STM32L4xx_HAL_Driver/Src/stm32l4xx_hal_uart_ex.c ****   HAL_StatusTypeDef status = HAL_OK;
 1182              		.loc 1 889 1 view .LVU360
 1183 0008 10B5     		push	{r4, lr}
 1184              	.LCFI11:
 1185              		.cfi_def_cfa_offset 8
 1186              		.cfi_offset 4, -8
 1187              		.cfi_offset 14, -4
 1188 000a 0446     		mov	r4, r0
 895:Drivers/STM32L4xx_HAL_Driver/Src/stm32l4xx_hal_uart_ex.c ****     {
 1189              		.loc 1 895 5 is_stmt 1 view .LVU361
 895:Drivers/STM32L4xx_HAL_Driver/Src/stm32l4xx_hal_uart_ex.c ****     {
 1190              		.loc 1 895 8 is_stmt 0 view .LVU362
 1191 000c E9B1     		cbz	r1, .L83
 895:Drivers/STM32L4xx_HAL_Driver/Src/stm32l4xx_hal_uart_ex.c ****     {
 1192              		.loc 1 895 25 discriminator 1 view .LVU363
ARM GAS  /tmp/ccb1MUlA.s 			page 67


 1193 000e 0AB9     		cbnz	r2, .L90
 897:Drivers/STM32L4xx_HAL_Driver/Src/stm32l4xx_hal_uart_ex.c ****     }
 1194              		.loc 1 897 14 view .LVU364
 1195 0010 0120     		movs	r0, #1
 1196              	.LVL97:
 1197              	.L79:
 926:Drivers/STM32L4xx_HAL_Driver/Src/stm32l4xx_hal_uart_ex.c **** 
 1198              		.loc 1 926 1 view .LVU365
 1199 0012 10BD     		pop	{r4, pc}
 1200              	.LVL98:
 1201              	.L90:
 901:Drivers/STM32L4xx_HAL_Driver/Src/stm32l4xx_hal_uart_ex.c ****     huart->RxEventType = HAL_UART_RXEVENT_TC;
 1202              		.loc 1 901 5 is_stmt 1 view .LVU366
 901:Drivers/STM32L4xx_HAL_Driver/Src/stm32l4xx_hal_uart_ex.c ****     huart->RxEventType = HAL_UART_RXEVENT_TC;
 1203              		.loc 1 901 26 is_stmt 0 view .LVU367
 1204 0014 0123     		movs	r3, #1
 1205 0016 0366     		str	r3, [r0, #96]
 902:Drivers/STM32L4xx_HAL_Driver/Src/stm32l4xx_hal_uart_ex.c **** 
 1206              		.loc 1 902 5 is_stmt 1 view .LVU368
 902:Drivers/STM32L4xx_HAL_Driver/Src/stm32l4xx_hal_uart_ex.c **** 
 1207              		.loc 1 902 24 is_stmt 0 view .LVU369
 1208 0018 0023     		movs	r3, #0
 1209 001a 4366     		str	r3, [r0, #100]
 904:Drivers/STM32L4xx_HAL_Driver/Src/stm32l4xx_hal_uart_ex.c **** 
 1210              		.loc 1 904 5 is_stmt 1 view .LVU370
 904:Drivers/STM32L4xx_HAL_Driver/Src/stm32l4xx_hal_uart_ex.c **** 
 1211              		.loc 1 904 11 is_stmt 0 view .LVU371
 1212 001c FFF7FEFF 		bl	UART_Start_Receive_IT
 1213              	.LVL99:
 906:Drivers/STM32L4xx_HAL_Driver/Src/stm32l4xx_hal_uart_ex.c ****     {
 1214              		.loc 1 906 5 is_stmt 1 view .LVU372
 906:Drivers/STM32L4xx_HAL_Driver/Src/stm32l4xx_hal_uart_ex.c ****     {
 1215              		.loc 1 906 14 is_stmt 0 view .LVU373
 1216 0020 236E     		ldr	r3, [r4, #96]
 906:Drivers/STM32L4xx_HAL_Driver/Src/stm32l4xx_hal_uart_ex.c ****     {
 1217              		.loc 1 906 8 view .LVU374
 1218 0022 012B     		cmp	r3, #1
 1219 0024 01D0     		beq	.L91
 917:Drivers/STM32L4xx_HAL_Driver/Src/stm32l4xx_hal_uart_ex.c ****     }
 1220              		.loc 1 917 14 view .LVU375
 1221 0026 0120     		movs	r0, #1
 1222              	.LVL100:
 920:Drivers/STM32L4xx_HAL_Driver/Src/stm32l4xx_hal_uart_ex.c ****   }
 1223              		.loc 1 920 5 is_stmt 1 view .LVU376
 920:Drivers/STM32L4xx_HAL_Driver/Src/stm32l4xx_hal_uart_ex.c ****   }
 1224              		.loc 1 920 12 is_stmt 0 view .LVU377
 1225 0028 F3E7     		b	.L79
 1226              	.LVL101:
 1227              	.L91:
 908:Drivers/STM32L4xx_HAL_Driver/Src/stm32l4xx_hal_uart_ex.c ****       ATOMIC_SET_BIT(huart->Instance->CR1, USART_CR1_IDLEIE);
 1228              		.loc 1 908 7 is_stmt 1 view .LVU378
 1229 002a 2368     		ldr	r3, [r4]
 1230 002c 1022     		movs	r2, #16
 1231 002e 1A62     		str	r2, [r3, #32]
 1232              	.L81:
 909:Drivers/STM32L4xx_HAL_Driver/Src/stm32l4xx_hal_uart_ex.c ****     }
 1233              		.loc 1 909 7 discriminator 1 view .LVU379
ARM GAS  /tmp/ccb1MUlA.s 			page 68


 1234              	.LBB52:
 909:Drivers/STM32L4xx_HAL_Driver/Src/stm32l4xx_hal_uart_ex.c ****     }
 1235              		.loc 1 909 7 discriminator 1 view .LVU380
 909:Drivers/STM32L4xx_HAL_Driver/Src/stm32l4xx_hal_uart_ex.c ****     }
 1236              		.loc 1 909 7 discriminator 1 view .LVU381
 909:Drivers/STM32L4xx_HAL_Driver/Src/stm32l4xx_hal_uart_ex.c ****     }
 1237              		.loc 1 909 7 discriminator 1 view .LVU382
 1238 0030 2268     		ldr	r2, [r4]
 1239              	.LVL102:
 1240              	.LBB53:
 1241              	.LBI53:
1151:Drivers/CMSIS/Include/cmsis_gcc.h **** {
 1242              		.loc 2 1151 31 view .LVU383
 1243              	.LBB54:
1153:Drivers/CMSIS/Include/cmsis_gcc.h **** 
 1244              		.loc 2 1153 5 view .LVU384
1155:Drivers/CMSIS/Include/cmsis_gcc.h ****    return(result);
 1245              		.loc 2 1155 4 view .LVU385
 1246              		.syntax unified
 1247              	@ 1155 "Drivers/CMSIS/Include/cmsis_gcc.h" 1
 1248 0032 52E8003F 		ldrex r3, [r2]
 1249              	@ 0 "" 2
 1250              	.LVL103:
1156:Drivers/CMSIS/Include/cmsis_gcc.h **** }
 1251              		.loc 2 1156 4 view .LVU386
1156:Drivers/CMSIS/Include/cmsis_gcc.h **** }
 1252              		.loc 2 1156 4 is_stmt 0 view .LVU387
 1253              		.thumb
 1254              		.syntax unified
 1255              	.LBE54:
 1256              	.LBE53:
 909:Drivers/STM32L4xx_HAL_Driver/Src/stm32l4xx_hal_uart_ex.c ****     }
 1257              		.loc 1 909 7 discriminator 1 view .LVU388
 1258 0036 43F01003 		orr	r3, r3, #16
 1259              	.LVL104:
 909:Drivers/STM32L4xx_HAL_Driver/Src/stm32l4xx_hal_uart_ex.c ****     }
 1260              		.loc 1 909 7 is_stmt 1 discriminator 1 view .LVU389
 1261              	.LBB55:
 1262              	.LBI55:
1202:Drivers/CMSIS/Include/cmsis_gcc.h **** {
 1263              		.loc 2 1202 31 view .LVU390
 1264              	.LBB56:
1204:Drivers/CMSIS/Include/cmsis_gcc.h **** 
 1265              		.loc 2 1204 4 view .LVU391
1206:Drivers/CMSIS/Include/cmsis_gcc.h ****    return(result);
 1266              		.loc 2 1206 4 view .LVU392
 1267              		.syntax unified
 1268              	@ 1206 "Drivers/CMSIS/Include/cmsis_gcc.h" 1
 1269 003a 42E80031 		strex r1, r3, [r2]
 1270              	@ 0 "" 2
 1271              	.LVL105:
 1272              		.loc 2 1207 4 view .LVU393
 1273              		.loc 2 1207 4 is_stmt 0 view .LVU394
 1274              		.thumb
 1275              		.syntax unified
 1276              	.LBE56:
 1277              	.LBE55:
ARM GAS  /tmp/ccb1MUlA.s 			page 69


 909:Drivers/STM32L4xx_HAL_Driver/Src/stm32l4xx_hal_uart_ex.c ****     }
 1278              		.loc 1 909 7 discriminator 1 view .LVU395
 1279 003e 0029     		cmp	r1, #0
 1280 0040 F6D1     		bne	.L81
 1281              	.LBE52:
 890:Drivers/STM32L4xx_HAL_Driver/Src/stm32l4xx_hal_uart_ex.c **** 
 1282              		.loc 1 890 21 view .LVU396
 1283 0042 0020     		movs	r0, #0
 1284              	.LBB57:
 1285 0044 E5E7     		b	.L79
 1286              	.LVL106:
 1287              	.L82:
 1288              	.LCFI12:
 1289              		.cfi_def_cfa_offset 0
 1290              		.cfi_restore 4
 1291              		.cfi_restore 14
 890:Drivers/STM32L4xx_HAL_Driver/Src/stm32l4xx_hal_uart_ex.c **** 
 1292              		.loc 1 890 21 view .LVU397
 1293              	.LBE57:
 924:Drivers/STM32L4xx_HAL_Driver/Src/stm32l4xx_hal_uart_ex.c ****   }
 1294              		.loc 1 924 12 view .LVU398
 1295 0046 0220     		movs	r0, #2
 1296              	.LVL107:
 926:Drivers/STM32L4xx_HAL_Driver/Src/stm32l4xx_hal_uart_ex.c **** 
 1297              		.loc 1 926 1 view .LVU399
 1298 0048 7047     		bx	lr
 1299              	.LVL108:
 1300              	.L83:
 1301              	.LCFI13:
 1302              		.cfi_def_cfa_offset 8
 1303              		.cfi_offset 4, -8
 1304              		.cfi_offset 14, -4
 897:Drivers/STM32L4xx_HAL_Driver/Src/stm32l4xx_hal_uart_ex.c ****     }
 1305              		.loc 1 897 14 view .LVU400
 1306 004a 0120     		movs	r0, #1
 1307              	.LVL109:
 897:Drivers/STM32L4xx_HAL_Driver/Src/stm32l4xx_hal_uart_ex.c ****     }
 1308              		.loc 1 897 14 view .LVU401
 1309 004c E1E7     		b	.L79
 1310              		.cfi_endproc
 1311              	.LFE393:
 1313              		.section	.text.HAL_UARTEx_ReceiveToIdle_DMA,"ax",%progbits
 1314              		.align	1
 1315              		.global	HAL_UARTEx_ReceiveToIdle_DMA
 1316              		.syntax unified
 1317              		.thumb
 1318              		.thumb_func
 1320              	HAL_UARTEx_ReceiveToIdle_DMA:
 1321              	.LVL110:
 1322              	.LFB394:
 946:Drivers/STM32L4xx_HAL_Driver/Src/stm32l4xx_hal_uart_ex.c ****   HAL_StatusTypeDef status;
 1323              		.loc 1 946 1 is_stmt 1 view -0
 1324              		.cfi_startproc
 1325              		@ args = 0, pretend = 0, frame = 0
 1326              		@ frame_needed = 0, uses_anonymous_args = 0
 947:Drivers/STM32L4xx_HAL_Driver/Src/stm32l4xx_hal_uart_ex.c **** 
 1327              		.loc 1 947 3 view .LVU403
ARM GAS  /tmp/ccb1MUlA.s 			page 70


 950:Drivers/STM32L4xx_HAL_Driver/Src/stm32l4xx_hal_uart_ex.c ****   {
 1328              		.loc 1 950 3 view .LVU404
 950:Drivers/STM32L4xx_HAL_Driver/Src/stm32l4xx_hal_uart_ex.c ****   {
 1329              		.loc 1 950 12 is_stmt 0 view .LVU405
 1330 0000 D0F88030 		ldr	r3, [r0, #128]
 950:Drivers/STM32L4xx_HAL_Driver/Src/stm32l4xx_hal_uart_ex.c ****   {
 1331              		.loc 1 950 6 view .LVU406
 1332 0004 202B     		cmp	r3, #32
 1333 0006 1FD1     		bne	.L96
 946:Drivers/STM32L4xx_HAL_Driver/Src/stm32l4xx_hal_uart_ex.c ****   HAL_StatusTypeDef status;
 1334              		.loc 1 946 1 view .LVU407
 1335 0008 10B5     		push	{r4, lr}
 1336              	.LCFI14:
 1337              		.cfi_def_cfa_offset 8
 1338              		.cfi_offset 4, -8
 1339              		.cfi_offset 14, -4
 1340 000a 0446     		mov	r4, r0
 952:Drivers/STM32L4xx_HAL_Driver/Src/stm32l4xx_hal_uart_ex.c ****     {
 1341              		.loc 1 952 5 is_stmt 1 view .LVU408
 952:Drivers/STM32L4xx_HAL_Driver/Src/stm32l4xx_hal_uart_ex.c ****     {
 1342              		.loc 1 952 8 is_stmt 0 view .LVU409
 1343 000c F1B1     		cbz	r1, .L97
 952:Drivers/STM32L4xx_HAL_Driver/Src/stm32l4xx_hal_uart_ex.c ****     {
 1344              		.loc 1 952 25 discriminator 1 view .LVU410
 1345 000e 0AB9     		cbnz	r2, .L104
 954:Drivers/STM32L4xx_HAL_Driver/Src/stm32l4xx_hal_uart_ex.c ****     }
 1346              		.loc 1 954 14 view .LVU411
 1347 0010 0120     		movs	r0, #1
 1348              	.LVL111:
 1349              	.L93:
 987:Drivers/STM32L4xx_HAL_Driver/Src/stm32l4xx_hal_uart_ex.c **** 
 1350              		.loc 1 987 1 view .LVU412
 1351 0012 10BD     		pop	{r4, pc}
 1352              	.LVL112:
 1353              	.L104:
 958:Drivers/STM32L4xx_HAL_Driver/Src/stm32l4xx_hal_uart_ex.c ****     huart->RxEventType = HAL_UART_RXEVENT_TC;
 1354              		.loc 1 958 5 is_stmt 1 view .LVU413
 958:Drivers/STM32L4xx_HAL_Driver/Src/stm32l4xx_hal_uart_ex.c ****     huart->RxEventType = HAL_UART_RXEVENT_TC;
 1355              		.loc 1 958 26 is_stmt 0 view .LVU414
 1356 0014 0123     		movs	r3, #1
 1357 0016 0366     		str	r3, [r0, #96]
 959:Drivers/STM32L4xx_HAL_Driver/Src/stm32l4xx_hal_uart_ex.c **** 
 1358              		.loc 1 959 5 is_stmt 1 view .LVU415
 959:Drivers/STM32L4xx_HAL_Driver/Src/stm32l4xx_hal_uart_ex.c **** 
 1359              		.loc 1 959 24 is_stmt 0 view .LVU416
 1360 0018 0023     		movs	r3, #0
 1361 001a 4366     		str	r3, [r0, #100]
 961:Drivers/STM32L4xx_HAL_Driver/Src/stm32l4xx_hal_uart_ex.c **** 
 1362              		.loc 1 961 5 is_stmt 1 view .LVU417
 961:Drivers/STM32L4xx_HAL_Driver/Src/stm32l4xx_hal_uart_ex.c **** 
 1363              		.loc 1 961 15 is_stmt 0 view .LVU418
 1364 001c FFF7FEFF 		bl	UART_Start_Receive_DMA
 1365              	.LVL113:
 964:Drivers/STM32L4xx_HAL_Driver/Src/stm32l4xx_hal_uart_ex.c ****     {
 1366              		.loc 1 964 5 is_stmt 1 view .LVU419
 964:Drivers/STM32L4xx_HAL_Driver/Src/stm32l4xx_hal_uart_ex.c ****     {
 1367              		.loc 1 964 8 is_stmt 0 view .LVU420
ARM GAS  /tmp/ccb1MUlA.s 			page 71


 1368 0020 0028     		cmp	r0, #0
 1369 0022 F6D1     		bne	.L93
 966:Drivers/STM32L4xx_HAL_Driver/Src/stm32l4xx_hal_uart_ex.c ****       {
 1370              		.loc 1 966 7 is_stmt 1 view .LVU421
 966:Drivers/STM32L4xx_HAL_Driver/Src/stm32l4xx_hal_uart_ex.c ****       {
 1371              		.loc 1 966 16 is_stmt 0 view .LVU422
 1372 0024 236E     		ldr	r3, [r4, #96]
 966:Drivers/STM32L4xx_HAL_Driver/Src/stm32l4xx_hal_uart_ex.c ****       {
 1373              		.loc 1 966 10 view .LVU423
 1374 0026 012B     		cmp	r3, #1
 1375 0028 01D0     		beq	.L105
 977:Drivers/STM32L4xx_HAL_Driver/Src/stm32l4xx_hal_uart_ex.c ****       }
 1376              		.loc 1 977 16 view .LVU424
 1377 002a 0120     		movs	r0, #1
 1378              	.LVL114:
 981:Drivers/STM32L4xx_HAL_Driver/Src/stm32l4xx_hal_uart_ex.c ****   }
 1379              		.loc 1 981 5 is_stmt 1 view .LVU425
 981:Drivers/STM32L4xx_HAL_Driver/Src/stm32l4xx_hal_uart_ex.c ****   }
 1380              		.loc 1 981 12 is_stmt 0 view .LVU426
 1381 002c F1E7     		b	.L93
 1382              	.LVL115:
 1383              	.L105:
 968:Drivers/STM32L4xx_HAL_Driver/Src/stm32l4xx_hal_uart_ex.c ****         ATOMIC_SET_BIT(huart->Instance->CR1, USART_CR1_IDLEIE);
 1384              		.loc 1 968 9 is_stmt 1 view .LVU427
 1385 002e 2368     		ldr	r3, [r4]
 1386 0030 1022     		movs	r2, #16
 1387 0032 1A62     		str	r2, [r3, #32]
 1388              	.L95:
 969:Drivers/STM32L4xx_HAL_Driver/Src/stm32l4xx_hal_uart_ex.c ****       }
 1389              		.loc 1 969 9 discriminator 1 view .LVU428
 1390              	.LBB58:
 969:Drivers/STM32L4xx_HAL_Driver/Src/stm32l4xx_hal_uart_ex.c ****       }
 1391              		.loc 1 969 9 discriminator 1 view .LVU429
 969:Drivers/STM32L4xx_HAL_Driver/Src/stm32l4xx_hal_uart_ex.c ****       }
 1392              		.loc 1 969 9 discriminator 1 view .LVU430
 969:Drivers/STM32L4xx_HAL_Driver/Src/stm32l4xx_hal_uart_ex.c ****       }
 1393              		.loc 1 969 9 discriminator 1 view .LVU431
 1394 0034 2268     		ldr	r2, [r4]
 1395              	.LVL116:
 1396              	.LBB59:
 1397              	.LBI59:
1151:Drivers/CMSIS/Include/cmsis_gcc.h **** {
 1398              		.loc 2 1151 31 view .LVU432
 1399              	.LBB60:
1153:Drivers/CMSIS/Include/cmsis_gcc.h **** 
 1400              		.loc 2 1153 5 view .LVU433
1155:Drivers/CMSIS/Include/cmsis_gcc.h ****    return(result);
 1401              		.loc 2 1155 4 view .LVU434
 1402              		.syntax unified
 1403              	@ 1155 "Drivers/CMSIS/Include/cmsis_gcc.h" 1
 1404 0036 52E8003F 		ldrex r3, [r2]
 1405              	@ 0 "" 2
 1406              	.LVL117:
1156:Drivers/CMSIS/Include/cmsis_gcc.h **** }
 1407              		.loc 2 1156 4 view .LVU435
1156:Drivers/CMSIS/Include/cmsis_gcc.h **** }
 1408              		.loc 2 1156 4 is_stmt 0 view .LVU436
ARM GAS  /tmp/ccb1MUlA.s 			page 72


 1409              		.thumb
 1410              		.syntax unified
 1411              	.LBE60:
 1412              	.LBE59:
 969:Drivers/STM32L4xx_HAL_Driver/Src/stm32l4xx_hal_uart_ex.c ****       }
 1413              		.loc 1 969 9 discriminator 1 view .LVU437
 1414 003a 43F01003 		orr	r3, r3, #16
 1415              	.LVL118:
 969:Drivers/STM32L4xx_HAL_Driver/Src/stm32l4xx_hal_uart_ex.c ****       }
 1416              		.loc 1 969 9 is_stmt 1 discriminator 1 view .LVU438
 1417              	.LBB61:
 1418              	.LBI61:
1202:Drivers/CMSIS/Include/cmsis_gcc.h **** {
 1419              		.loc 2 1202 31 view .LVU439
 1420              	.LBB62:
1204:Drivers/CMSIS/Include/cmsis_gcc.h **** 
 1421              		.loc 2 1204 4 view .LVU440
1206:Drivers/CMSIS/Include/cmsis_gcc.h ****    return(result);
 1422              		.loc 2 1206 4 view .LVU441
 1423              		.syntax unified
 1424              	@ 1206 "Drivers/CMSIS/Include/cmsis_gcc.h" 1
 1425 003e 42E80031 		strex r1, r3, [r2]
 1426              	@ 0 "" 2
 1427              	.LVL119:
 1428              		.loc 2 1207 4 view .LVU442
 1429              		.loc 2 1207 4 is_stmt 0 view .LVU443
 1430              		.thumb
 1431              		.syntax unified
 1432              	.LBE62:
 1433              	.LBE61:
 969:Drivers/STM32L4xx_HAL_Driver/Src/stm32l4xx_hal_uart_ex.c ****       }
 1434              		.loc 1 969 9 discriminator 1 view .LVU444
 1435 0042 0029     		cmp	r1, #0
 1436 0044 F6D1     		bne	.L95
 1437 0046 E4E7     		b	.L93
 1438              	.LVL120:
 1439              	.L96:
 1440              	.LCFI15:
 1441              		.cfi_def_cfa_offset 0
 1442              		.cfi_restore 4
 1443              		.cfi_restore 14
 969:Drivers/STM32L4xx_HAL_Driver/Src/stm32l4xx_hal_uart_ex.c ****       }
 1444              		.loc 1 969 9 discriminator 1 view .LVU445
 1445              	.LBE58:
 985:Drivers/STM32L4xx_HAL_Driver/Src/stm32l4xx_hal_uart_ex.c ****   }
 1446              		.loc 1 985 12 view .LVU446
 1447 0048 0220     		movs	r0, #2
 1448              	.LVL121:
 987:Drivers/STM32L4xx_HAL_Driver/Src/stm32l4xx_hal_uart_ex.c **** 
 1449              		.loc 1 987 1 view .LVU447
 1450 004a 7047     		bx	lr
 1451              	.LVL122:
 1452              	.L97:
 1453              	.LCFI16:
 1454              		.cfi_def_cfa_offset 8
 1455              		.cfi_offset 4, -8
 1456              		.cfi_offset 14, -4
ARM GAS  /tmp/ccb1MUlA.s 			page 73


 954:Drivers/STM32L4xx_HAL_Driver/Src/stm32l4xx_hal_uart_ex.c ****     }
 1457              		.loc 1 954 14 view .LVU448
 1458 004c 0120     		movs	r0, #1
 1459              	.LVL123:
 954:Drivers/STM32L4xx_HAL_Driver/Src/stm32l4xx_hal_uart_ex.c ****     }
 1460              		.loc 1 954 14 view .LVU449
 1461 004e E0E7     		b	.L93
 1462              		.cfi_endproc
 1463              	.LFE394:
 1465              		.section	.text.HAL_UARTEx_GetRxEventType,"ax",%progbits
 1466              		.align	1
 1467              		.global	HAL_UARTEx_GetRxEventType
 1468              		.syntax unified
 1469              		.thumb
 1470              		.thumb_func
 1472              	HAL_UARTEx_GetRxEventType:
 1473              	.LVL124:
 1474              	.LFB395:
1012:Drivers/STM32L4xx_HAL_Driver/Src/stm32l4xx_hal_uart_ex.c ****   /* Return Rx Event type value, as stored in UART handle */
 1475              		.loc 1 1012 1 is_stmt 1 view -0
 1476              		.cfi_startproc
 1477              		@ args = 0, pretend = 0, frame = 0
 1478              		@ frame_needed = 0, uses_anonymous_args = 0
 1479              		@ link register save eliminated.
1014:Drivers/STM32L4xx_HAL_Driver/Src/stm32l4xx_hal_uart_ex.c **** }
 1480              		.loc 1 1014 3 view .LVU451
1014:Drivers/STM32L4xx_HAL_Driver/Src/stm32l4xx_hal_uart_ex.c **** }
 1481              		.loc 1 1014 16 is_stmt 0 view .LVU452
 1482 0000 406E     		ldr	r0, [r0, #100]
 1483              	.LVL125:
1015:Drivers/STM32L4xx_HAL_Driver/Src/stm32l4xx_hal_uart_ex.c **** 
 1484              		.loc 1 1015 1 view .LVU453
 1485 0002 7047     		bx	lr
 1486              		.cfi_endproc
 1487              	.LFE395:
 1489              		.text
 1490              	.Letext0:
 1491              		.file 3 "/usr/lib/gcc/arm-none-eabi/13.2.1/include/stdint.h"
 1492              		.file 4 "Drivers/CMSIS/Device/ST/STM32L4xx/Include/stm32l433xx.h"
 1493              		.file 5 "Drivers/CMSIS/Device/ST/STM32L4xx/Include/stm32l4xx.h"
 1494              		.file 6 "Drivers/STM32L4xx_HAL_Driver/Inc/stm32l4xx_hal_def.h"
 1495              		.file 7 "Drivers/STM32L4xx_HAL_Driver/Inc/stm32l4xx_hal_dma.h"
 1496              		.file 8 "Drivers/STM32L4xx_HAL_Driver/Inc/stm32l4xx_hal_uart.h"
 1497              		.file 9 "Drivers/STM32L4xx_HAL_Driver/Inc/stm32l4xx_hal_uart_ex.h"
 1498              		.file 10 "Drivers/STM32L4xx_HAL_Driver/Inc/stm32l4xx_ll_dma.h"
 1499              		.file 11 "Drivers/STM32L4xx_HAL_Driver/Inc/stm32l4xx_hal.h"
ARM GAS  /tmp/ccb1MUlA.s 			page 74


DEFINED SYMBOLS
                            *ABS*:00000000 stm32l4xx_hal_uart_ex.c
     /tmp/ccb1MUlA.s:21     .text.UARTEx_Wakeup_AddressConfig:00000000 $t
     /tmp/ccb1MUlA.s:26     .text.UARTEx_Wakeup_AddressConfig:00000000 UARTEx_Wakeup_AddressConfig
     /tmp/ccb1MUlA.s:65     .text.HAL_RS485Ex_Init:00000000 $t
     /tmp/ccb1MUlA.s:71     .text.HAL_RS485Ex_Init:00000000 HAL_RS485Ex_Init
     /tmp/ccb1MUlA.s:208    .text.HAL_UARTEx_WakeupCallback:00000000 $t
     /tmp/ccb1MUlA.s:214    .text.HAL_UARTEx_WakeupCallback:00000000 HAL_UARTEx_WakeupCallback
     /tmp/ccb1MUlA.s:229    .text.HAL_UARTEx_EnableClockStopMode:00000000 $t
     /tmp/ccb1MUlA.s:235    .text.HAL_UARTEx_EnableClockStopMode:00000000 HAL_UARTEx_EnableClockStopMode
     /tmp/ccb1MUlA.s:334    .text.HAL_UARTEx_DisableClockStopMode:00000000 $t
     /tmp/ccb1MUlA.s:340    .text.HAL_UARTEx_DisableClockStopMode:00000000 HAL_UARTEx_DisableClockStopMode
     /tmp/ccb1MUlA.s:438    .text.HAL_MultiProcessorEx_AddressLength_Set:00000000 $t
     /tmp/ccb1MUlA.s:444    .text.HAL_MultiProcessorEx_AddressLength_Set:00000000 HAL_MultiProcessorEx_AddressLength_Set
     /tmp/ccb1MUlA.s:508    .text.HAL_UARTEx_StopModeWakeUpSourceConfig:00000000 $t
     /tmp/ccb1MUlA.s:514    .text.HAL_UARTEx_StopModeWakeUpSourceConfig:00000000 HAL_UARTEx_StopModeWakeUpSourceConfig
     /tmp/ccb1MUlA.s:640    .text.HAL_UARTEx_EnableStopMode:00000000 $t
     /tmp/ccb1MUlA.s:646    .text.HAL_UARTEx_EnableStopMode:00000000 HAL_UARTEx_EnableStopMode
     /tmp/ccb1MUlA.s:738    .text.HAL_UARTEx_DisableStopMode:00000000 $t
     /tmp/ccb1MUlA.s:744    .text.HAL_UARTEx_DisableStopMode:00000000 HAL_UARTEx_DisableStopMode
     /tmp/ccb1MUlA.s:836    .text.HAL_UARTEx_ReceiveToIdle:00000000 $t
     /tmp/ccb1MUlA.s:842    .text.HAL_UARTEx_ReceiveToIdle:00000000 HAL_UARTEx_ReceiveToIdle
     /tmp/ccb1MUlA.s:1162   .text.HAL_UARTEx_ReceiveToIdle_IT:00000000 $t
     /tmp/ccb1MUlA.s:1168   .text.HAL_UARTEx_ReceiveToIdle_IT:00000000 HAL_UARTEx_ReceiveToIdle_IT
     /tmp/ccb1MUlA.s:1314   .text.HAL_UARTEx_ReceiveToIdle_DMA:00000000 $t
     /tmp/ccb1MUlA.s:1320   .text.HAL_UARTEx_ReceiveToIdle_DMA:00000000 HAL_UARTEx_ReceiveToIdle_DMA
     /tmp/ccb1MUlA.s:1466   .text.HAL_UARTEx_GetRxEventType:00000000 $t
     /tmp/ccb1MUlA.s:1472   .text.HAL_UARTEx_GetRxEventType:00000000 HAL_UARTEx_GetRxEventType

UNDEFINED SYMBOLS
UART_SetConfig
UART_CheckIdleState
HAL_UART_MspInit
UART_AdvFeatureConfig
HAL_GetTick
UART_WaitOnFlagUntilTimeout
UART_Start_Receive_IT
UART_Start_Receive_DMA
