ARM GAS  /tmp/ccxvQEkh.s 			page 1


   1              		.cpu cortex-m4
   2              		.arch armv7e-m
   3              		.fpu fpv4-sp-d16
   4              		.eabi_attribute 27, 1
   5              		.eabi_attribute 28, 1
   6              		.eabi_attribute 20, 1
   7              		.eabi_attribute 21, 1
   8              		.eabi_attribute 23, 3
   9              		.eabi_attribute 24, 1
  10              		.eabi_attribute 25, 1
  11              		.eabi_attribute 26, 1
  12              		.eabi_attribute 30, 1
  13              		.eabi_attribute 34, 1
  14              		.eabi_attribute 18, 4
  15              		.file	"stm32l4xx_hal_gpio.c"
  16              		.text
  17              	.Ltext0:
  18              		.cfi_sections	.debug_frame
  19              		.file 1 "Drivers/STM32L4xx_HAL_Driver/Src/stm32l4xx_hal_gpio.c"
  20              		.section	.text.HAL_GPIO_Init,"ax",%progbits
  21              		.align	1
  22              		.global	HAL_GPIO_Init
  23              		.syntax unified
  24              		.thumb
  25              		.thumb_func
  27              	HAL_GPIO_Init:
  28              	.LVL0:
  29              	.LFB384:
   1:Drivers/STM32L4xx_HAL_Driver/Src/stm32l4xx_hal_gpio.c **** /**
   2:Drivers/STM32L4xx_HAL_Driver/Src/stm32l4xx_hal_gpio.c ****   ******************************************************************************
   3:Drivers/STM32L4xx_HAL_Driver/Src/stm32l4xx_hal_gpio.c ****   * @file    stm32l4xx_hal_gpio.c
   4:Drivers/STM32L4xx_HAL_Driver/Src/stm32l4xx_hal_gpio.c ****   * @author  MCD Application Team
   5:Drivers/STM32L4xx_HAL_Driver/Src/stm32l4xx_hal_gpio.c ****   * @brief   GPIO HAL module driver.
   6:Drivers/STM32L4xx_HAL_Driver/Src/stm32l4xx_hal_gpio.c ****   *          This file provides firmware functions to manage the following
   7:Drivers/STM32L4xx_HAL_Driver/Src/stm32l4xx_hal_gpio.c ****   *          functionalities of the General Purpose Input/Output (GPIO) peripheral:
   8:Drivers/STM32L4xx_HAL_Driver/Src/stm32l4xx_hal_gpio.c ****   *           + Initialization and de-initialization functions
   9:Drivers/STM32L4xx_HAL_Driver/Src/stm32l4xx_hal_gpio.c ****   *           + IO operation functions
  10:Drivers/STM32L4xx_HAL_Driver/Src/stm32l4xx_hal_gpio.c ****   *
  11:Drivers/STM32L4xx_HAL_Driver/Src/stm32l4xx_hal_gpio.c ****   ******************************************************************************
  12:Drivers/STM32L4xx_HAL_Driver/Src/stm32l4xx_hal_gpio.c ****   * @attention
  13:Drivers/STM32L4xx_HAL_Driver/Src/stm32l4xx_hal_gpio.c ****   *
  14:Drivers/STM32L4xx_HAL_Driver/Src/stm32l4xx_hal_gpio.c ****   * Copyright (c) 2017 STMicroelectronics.
  15:Drivers/STM32L4xx_HAL_Driver/Src/stm32l4xx_hal_gpio.c ****   * All rights reserved.
  16:Drivers/STM32L4xx_HAL_Driver/Src/stm32l4xx_hal_gpio.c ****   *
  17:Drivers/STM32L4xx_HAL_Driver/Src/stm32l4xx_hal_gpio.c ****   * This software is licensed under terms that can be found in the LICENSE file
  18:Drivers/STM32L4xx_HAL_Driver/Src/stm32l4xx_hal_gpio.c ****   * in the root directory of this software component.
  19:Drivers/STM32L4xx_HAL_Driver/Src/stm32l4xx_hal_gpio.c ****   * If no LICENSE file comes with this software, it is provided AS-IS.
  20:Drivers/STM32L4xx_HAL_Driver/Src/stm32l4xx_hal_gpio.c ****   *
  21:Drivers/STM32L4xx_HAL_Driver/Src/stm32l4xx_hal_gpio.c ****   ******************************************************************************
  22:Drivers/STM32L4xx_HAL_Driver/Src/stm32l4xx_hal_gpio.c ****   @verbatim
  23:Drivers/STM32L4xx_HAL_Driver/Src/stm32l4xx_hal_gpio.c ****   ==============================================================================
  24:Drivers/STM32L4xx_HAL_Driver/Src/stm32l4xx_hal_gpio.c ****                     ##### GPIO Peripheral features #####
  25:Drivers/STM32L4xx_HAL_Driver/Src/stm32l4xx_hal_gpio.c ****   ==============================================================================
  26:Drivers/STM32L4xx_HAL_Driver/Src/stm32l4xx_hal_gpio.c ****   [..]
  27:Drivers/STM32L4xx_HAL_Driver/Src/stm32l4xx_hal_gpio.c ****     (+) Each port bit of the general-purpose I/O (GPIO) ports can be individually
  28:Drivers/STM32L4xx_HAL_Driver/Src/stm32l4xx_hal_gpio.c ****         configured by software in several modes:
  29:Drivers/STM32L4xx_HAL_Driver/Src/stm32l4xx_hal_gpio.c ****         (++) Input mode
ARM GAS  /tmp/ccxvQEkh.s 			page 2


  30:Drivers/STM32L4xx_HAL_Driver/Src/stm32l4xx_hal_gpio.c ****         (++) Analog mode
  31:Drivers/STM32L4xx_HAL_Driver/Src/stm32l4xx_hal_gpio.c ****         (++) Output mode
  32:Drivers/STM32L4xx_HAL_Driver/Src/stm32l4xx_hal_gpio.c ****         (++) Alternate function mode
  33:Drivers/STM32L4xx_HAL_Driver/Src/stm32l4xx_hal_gpio.c ****         (++) External interrupt/event lines
  34:Drivers/STM32L4xx_HAL_Driver/Src/stm32l4xx_hal_gpio.c **** 
  35:Drivers/STM32L4xx_HAL_Driver/Src/stm32l4xx_hal_gpio.c ****     (+) During and just after reset, the alternate functions and external interrupt
  36:Drivers/STM32L4xx_HAL_Driver/Src/stm32l4xx_hal_gpio.c ****         lines are not active and the I/O ports are configured in input floating mode.
  37:Drivers/STM32L4xx_HAL_Driver/Src/stm32l4xx_hal_gpio.c **** 
  38:Drivers/STM32L4xx_HAL_Driver/Src/stm32l4xx_hal_gpio.c ****     (+) All GPIO pins have weak internal pull-up and pull-down resistors, which can be
  39:Drivers/STM32L4xx_HAL_Driver/Src/stm32l4xx_hal_gpio.c ****         activated or not.
  40:Drivers/STM32L4xx_HAL_Driver/Src/stm32l4xx_hal_gpio.c **** 
  41:Drivers/STM32L4xx_HAL_Driver/Src/stm32l4xx_hal_gpio.c ****     (+) In Output or Alternate mode, each IO can be configured on open-drain or push-pull
  42:Drivers/STM32L4xx_HAL_Driver/Src/stm32l4xx_hal_gpio.c ****         type and the IO speed can be selected depending on the VDD value.
  43:Drivers/STM32L4xx_HAL_Driver/Src/stm32l4xx_hal_gpio.c **** 
  44:Drivers/STM32L4xx_HAL_Driver/Src/stm32l4xx_hal_gpio.c ****     (+) The microcontroller IO pins are connected to onboard peripherals/modules through a
  45:Drivers/STM32L4xx_HAL_Driver/Src/stm32l4xx_hal_gpio.c ****         multiplexer that allows only one peripheral alternate function (AF) connected
  46:Drivers/STM32L4xx_HAL_Driver/Src/stm32l4xx_hal_gpio.c ****        to an IO pin at a time. In this way, there can be no conflict between peripherals
  47:Drivers/STM32L4xx_HAL_Driver/Src/stm32l4xx_hal_gpio.c ****        sharing the same IO pin.
  48:Drivers/STM32L4xx_HAL_Driver/Src/stm32l4xx_hal_gpio.c **** 
  49:Drivers/STM32L4xx_HAL_Driver/Src/stm32l4xx_hal_gpio.c ****     (+) All ports have external interrupt/event capability. To use external interrupt
  50:Drivers/STM32L4xx_HAL_Driver/Src/stm32l4xx_hal_gpio.c ****         lines, the port must be configured in input mode. All available GPIO pins are
  51:Drivers/STM32L4xx_HAL_Driver/Src/stm32l4xx_hal_gpio.c ****         connected to the 16 external interrupt/event lines from EXTI0 to EXTI15.
  52:Drivers/STM32L4xx_HAL_Driver/Src/stm32l4xx_hal_gpio.c **** 
  53:Drivers/STM32L4xx_HAL_Driver/Src/stm32l4xx_hal_gpio.c ****     (+) The external interrupt/event controller consists of up to 39 edge detectors
  54:Drivers/STM32L4xx_HAL_Driver/Src/stm32l4xx_hal_gpio.c ****         (16 lines are connected to GPIO) for generating event/interrupt requests (each
  55:Drivers/STM32L4xx_HAL_Driver/Src/stm32l4xx_hal_gpio.c ****         input line can be independently configured to select the type (interrupt or event)
  56:Drivers/STM32L4xx_HAL_Driver/Src/stm32l4xx_hal_gpio.c ****         and the corresponding trigger event (rising or falling or both). Each line can
  57:Drivers/STM32L4xx_HAL_Driver/Src/stm32l4xx_hal_gpio.c ****         also be masked independently.
  58:Drivers/STM32L4xx_HAL_Driver/Src/stm32l4xx_hal_gpio.c **** 
  59:Drivers/STM32L4xx_HAL_Driver/Src/stm32l4xx_hal_gpio.c ****                      ##### How to use this driver #####
  60:Drivers/STM32L4xx_HAL_Driver/Src/stm32l4xx_hal_gpio.c ****   ==============================================================================
  61:Drivers/STM32L4xx_HAL_Driver/Src/stm32l4xx_hal_gpio.c ****   [..]
  62:Drivers/STM32L4xx_HAL_Driver/Src/stm32l4xx_hal_gpio.c ****     (#) Enable the GPIO AHB clock using the following function: __HAL_RCC_GPIOx_CLK_ENABLE().
  63:Drivers/STM32L4xx_HAL_Driver/Src/stm32l4xx_hal_gpio.c **** 
  64:Drivers/STM32L4xx_HAL_Driver/Src/stm32l4xx_hal_gpio.c ****     (#) Configure the GPIO pin(s) using HAL_GPIO_Init().
  65:Drivers/STM32L4xx_HAL_Driver/Src/stm32l4xx_hal_gpio.c ****         (++) Configure the IO mode using "Mode" member from GPIO_InitTypeDef structure
  66:Drivers/STM32L4xx_HAL_Driver/Src/stm32l4xx_hal_gpio.c ****         (++) Activate Pull-up, Pull-down resistor using "Pull" member from GPIO_InitTypeDef
  67:Drivers/STM32L4xx_HAL_Driver/Src/stm32l4xx_hal_gpio.c ****              structure.
  68:Drivers/STM32L4xx_HAL_Driver/Src/stm32l4xx_hal_gpio.c ****         (++) In case of Output or alternate function mode selection: the speed is
  69:Drivers/STM32L4xx_HAL_Driver/Src/stm32l4xx_hal_gpio.c ****              configured through "Speed" member from GPIO_InitTypeDef structure.
  70:Drivers/STM32L4xx_HAL_Driver/Src/stm32l4xx_hal_gpio.c ****         (++) In alternate mode is selection, the alternate function connected to the IO
  71:Drivers/STM32L4xx_HAL_Driver/Src/stm32l4xx_hal_gpio.c ****              is configured through "Alternate" member from GPIO_InitTypeDef structure.
  72:Drivers/STM32L4xx_HAL_Driver/Src/stm32l4xx_hal_gpio.c ****         (++) Analog mode is required when a pin is to be used as ADC channel
  73:Drivers/STM32L4xx_HAL_Driver/Src/stm32l4xx_hal_gpio.c ****              or DAC output.
  74:Drivers/STM32L4xx_HAL_Driver/Src/stm32l4xx_hal_gpio.c ****         (++) In case of external interrupt/event selection the "Mode" member from
  75:Drivers/STM32L4xx_HAL_Driver/Src/stm32l4xx_hal_gpio.c ****              GPIO_InitTypeDef structure select the type (interrupt or event) and
  76:Drivers/STM32L4xx_HAL_Driver/Src/stm32l4xx_hal_gpio.c ****              the corresponding trigger event (rising or falling or both).
  77:Drivers/STM32L4xx_HAL_Driver/Src/stm32l4xx_hal_gpio.c **** 
  78:Drivers/STM32L4xx_HAL_Driver/Src/stm32l4xx_hal_gpio.c ****     (#) In case of external interrupt/event mode selection, configure NVIC IRQ priority
  79:Drivers/STM32L4xx_HAL_Driver/Src/stm32l4xx_hal_gpio.c ****         mapped to the EXTI line using HAL_NVIC_SetPriority() and enable it using
  80:Drivers/STM32L4xx_HAL_Driver/Src/stm32l4xx_hal_gpio.c ****         HAL_NVIC_EnableIRQ().
  81:Drivers/STM32L4xx_HAL_Driver/Src/stm32l4xx_hal_gpio.c **** 
  82:Drivers/STM32L4xx_HAL_Driver/Src/stm32l4xx_hal_gpio.c ****     (#) To get the level of a pin configured in input mode use HAL_GPIO_ReadPin().
  83:Drivers/STM32L4xx_HAL_Driver/Src/stm32l4xx_hal_gpio.c **** 
  84:Drivers/STM32L4xx_HAL_Driver/Src/stm32l4xx_hal_gpio.c ****     (#) To set/reset the level of a pin configured in output mode use
  85:Drivers/STM32L4xx_HAL_Driver/Src/stm32l4xx_hal_gpio.c ****         HAL_GPIO_WritePin()/HAL_GPIO_TogglePin().
  86:Drivers/STM32L4xx_HAL_Driver/Src/stm32l4xx_hal_gpio.c **** 
ARM GAS  /tmp/ccxvQEkh.s 			page 3


  87:Drivers/STM32L4xx_HAL_Driver/Src/stm32l4xx_hal_gpio.c ****    (#) To lock pin configuration until next reset use HAL_GPIO_LockPin().
  88:Drivers/STM32L4xx_HAL_Driver/Src/stm32l4xx_hal_gpio.c **** 
  89:Drivers/STM32L4xx_HAL_Driver/Src/stm32l4xx_hal_gpio.c ****     (#) During and just after reset, the alternate functions are not
  90:Drivers/STM32L4xx_HAL_Driver/Src/stm32l4xx_hal_gpio.c ****         active and the GPIO pins are configured in input floating mode (except JTAG
  91:Drivers/STM32L4xx_HAL_Driver/Src/stm32l4xx_hal_gpio.c ****         pins).
  92:Drivers/STM32L4xx_HAL_Driver/Src/stm32l4xx_hal_gpio.c **** 
  93:Drivers/STM32L4xx_HAL_Driver/Src/stm32l4xx_hal_gpio.c ****     (#) The LSE oscillator pins OSC32_IN and OSC32_OUT can be used as general purpose
  94:Drivers/STM32L4xx_HAL_Driver/Src/stm32l4xx_hal_gpio.c ****         (PC14 and PC15, respectively) when the LSE oscillator is off. The LSE has
  95:Drivers/STM32L4xx_HAL_Driver/Src/stm32l4xx_hal_gpio.c ****         priority over the GPIO function.
  96:Drivers/STM32L4xx_HAL_Driver/Src/stm32l4xx_hal_gpio.c **** 
  97:Drivers/STM32L4xx_HAL_Driver/Src/stm32l4xx_hal_gpio.c ****     (#) The HSE oscillator pins OSC_IN/OSC_OUT can be used as
  98:Drivers/STM32L4xx_HAL_Driver/Src/stm32l4xx_hal_gpio.c ****         general purpose PH0 and PH1, respectively, when the HSE oscillator is off.
  99:Drivers/STM32L4xx_HAL_Driver/Src/stm32l4xx_hal_gpio.c ****         The HSE has priority over the GPIO function.
 100:Drivers/STM32L4xx_HAL_Driver/Src/stm32l4xx_hal_gpio.c **** 
 101:Drivers/STM32L4xx_HAL_Driver/Src/stm32l4xx_hal_gpio.c ****   @endverbatim
 102:Drivers/STM32L4xx_HAL_Driver/Src/stm32l4xx_hal_gpio.c ****   ******************************************************************************
 103:Drivers/STM32L4xx_HAL_Driver/Src/stm32l4xx_hal_gpio.c ****   */
 104:Drivers/STM32L4xx_HAL_Driver/Src/stm32l4xx_hal_gpio.c **** 
 105:Drivers/STM32L4xx_HAL_Driver/Src/stm32l4xx_hal_gpio.c **** /* Includes ------------------------------------------------------------------*/
 106:Drivers/STM32L4xx_HAL_Driver/Src/stm32l4xx_hal_gpio.c **** #include "stm32l4xx_hal.h"
 107:Drivers/STM32L4xx_HAL_Driver/Src/stm32l4xx_hal_gpio.c **** 
 108:Drivers/STM32L4xx_HAL_Driver/Src/stm32l4xx_hal_gpio.c **** /** @addtogroup STM32L4xx_HAL_Driver
 109:Drivers/STM32L4xx_HAL_Driver/Src/stm32l4xx_hal_gpio.c ****   * @{
 110:Drivers/STM32L4xx_HAL_Driver/Src/stm32l4xx_hal_gpio.c ****   */
 111:Drivers/STM32L4xx_HAL_Driver/Src/stm32l4xx_hal_gpio.c **** 
 112:Drivers/STM32L4xx_HAL_Driver/Src/stm32l4xx_hal_gpio.c **** /** @defgroup GPIO GPIO
 113:Drivers/STM32L4xx_HAL_Driver/Src/stm32l4xx_hal_gpio.c ****   * @brief GPIO HAL module driver
 114:Drivers/STM32L4xx_HAL_Driver/Src/stm32l4xx_hal_gpio.c ****   * @{
 115:Drivers/STM32L4xx_HAL_Driver/Src/stm32l4xx_hal_gpio.c ****   */
 116:Drivers/STM32L4xx_HAL_Driver/Src/stm32l4xx_hal_gpio.c **** /** MISRA C:2012 deviation rule has been granted for following rules:
 117:Drivers/STM32L4xx_HAL_Driver/Src/stm32l4xx_hal_gpio.c ****   * Rule-12.2 - Medium: RHS argument is in interval [0,INF] which is out of
 118:Drivers/STM32L4xx_HAL_Driver/Src/stm32l4xx_hal_gpio.c ****   * range of the shift operator in following API :
 119:Drivers/STM32L4xx_HAL_Driver/Src/stm32l4xx_hal_gpio.c ****   * HAL_GPIO_Init
 120:Drivers/STM32L4xx_HAL_Driver/Src/stm32l4xx_hal_gpio.c ****   * HAL_GPIO_DeInit
 121:Drivers/STM32L4xx_HAL_Driver/Src/stm32l4xx_hal_gpio.c ****   */
 122:Drivers/STM32L4xx_HAL_Driver/Src/stm32l4xx_hal_gpio.c **** 
 123:Drivers/STM32L4xx_HAL_Driver/Src/stm32l4xx_hal_gpio.c **** #ifdef HAL_GPIO_MODULE_ENABLED
 124:Drivers/STM32L4xx_HAL_Driver/Src/stm32l4xx_hal_gpio.c **** 
 125:Drivers/STM32L4xx_HAL_Driver/Src/stm32l4xx_hal_gpio.c **** /* Private typedef -----------------------------------------------------------*/
 126:Drivers/STM32L4xx_HAL_Driver/Src/stm32l4xx_hal_gpio.c **** /* Private defines -----------------------------------------------------------*/
 127:Drivers/STM32L4xx_HAL_Driver/Src/stm32l4xx_hal_gpio.c **** /** @addtogroup GPIO_Private_Defines GPIO Private Defines
 128:Drivers/STM32L4xx_HAL_Driver/Src/stm32l4xx_hal_gpio.c ****   * @{
 129:Drivers/STM32L4xx_HAL_Driver/Src/stm32l4xx_hal_gpio.c ****   */
 130:Drivers/STM32L4xx_HAL_Driver/Src/stm32l4xx_hal_gpio.c **** #define GPIO_NUMBER           (16u)
 131:Drivers/STM32L4xx_HAL_Driver/Src/stm32l4xx_hal_gpio.c **** /**
 132:Drivers/STM32L4xx_HAL_Driver/Src/stm32l4xx_hal_gpio.c ****   * @}
 133:Drivers/STM32L4xx_HAL_Driver/Src/stm32l4xx_hal_gpio.c ****   */
 134:Drivers/STM32L4xx_HAL_Driver/Src/stm32l4xx_hal_gpio.c **** 
 135:Drivers/STM32L4xx_HAL_Driver/Src/stm32l4xx_hal_gpio.c **** /* Private macros ------------------------------------------------------------*/
 136:Drivers/STM32L4xx_HAL_Driver/Src/stm32l4xx_hal_gpio.c **** /* Private variables ---------------------------------------------------------*/
 137:Drivers/STM32L4xx_HAL_Driver/Src/stm32l4xx_hal_gpio.c **** /* Private function prototypes -----------------------------------------------*/
 138:Drivers/STM32L4xx_HAL_Driver/Src/stm32l4xx_hal_gpio.c **** /* Exported functions --------------------------------------------------------*/
 139:Drivers/STM32L4xx_HAL_Driver/Src/stm32l4xx_hal_gpio.c **** 
 140:Drivers/STM32L4xx_HAL_Driver/Src/stm32l4xx_hal_gpio.c **** /** @defgroup GPIO_Exported_Functions GPIO Exported Functions
 141:Drivers/STM32L4xx_HAL_Driver/Src/stm32l4xx_hal_gpio.c ****   * @{
 142:Drivers/STM32L4xx_HAL_Driver/Src/stm32l4xx_hal_gpio.c ****   */
 143:Drivers/STM32L4xx_HAL_Driver/Src/stm32l4xx_hal_gpio.c **** 
ARM GAS  /tmp/ccxvQEkh.s 			page 4


 144:Drivers/STM32L4xx_HAL_Driver/Src/stm32l4xx_hal_gpio.c **** /** @defgroup GPIO_Exported_Functions_Group1 Initialization/de-initialization functions
 145:Drivers/STM32L4xx_HAL_Driver/Src/stm32l4xx_hal_gpio.c ****  *  @brief    Initialization and Configuration functions
 146:Drivers/STM32L4xx_HAL_Driver/Src/stm32l4xx_hal_gpio.c ****  *
 147:Drivers/STM32L4xx_HAL_Driver/Src/stm32l4xx_hal_gpio.c **** @verbatim
 148:Drivers/STM32L4xx_HAL_Driver/Src/stm32l4xx_hal_gpio.c ****  ===============================================================================
 149:Drivers/STM32L4xx_HAL_Driver/Src/stm32l4xx_hal_gpio.c ****               ##### Initialization and de-initialization functions #####
 150:Drivers/STM32L4xx_HAL_Driver/Src/stm32l4xx_hal_gpio.c ****  ===============================================================================
 151:Drivers/STM32L4xx_HAL_Driver/Src/stm32l4xx_hal_gpio.c **** 
 152:Drivers/STM32L4xx_HAL_Driver/Src/stm32l4xx_hal_gpio.c **** @endverbatim
 153:Drivers/STM32L4xx_HAL_Driver/Src/stm32l4xx_hal_gpio.c ****   * @{
 154:Drivers/STM32L4xx_HAL_Driver/Src/stm32l4xx_hal_gpio.c ****   */
 155:Drivers/STM32L4xx_HAL_Driver/Src/stm32l4xx_hal_gpio.c **** 
 156:Drivers/STM32L4xx_HAL_Driver/Src/stm32l4xx_hal_gpio.c **** /**
 157:Drivers/STM32L4xx_HAL_Driver/Src/stm32l4xx_hal_gpio.c ****   * @brief  Initialize the GPIOx peripheral according to the specified parameters in the GPIO_Init.
 158:Drivers/STM32L4xx_HAL_Driver/Src/stm32l4xx_hal_gpio.c ****   * @param  GPIOx where x can be (A..H) to select the GPIO peripheral for STM32L4 family
 159:Drivers/STM32L4xx_HAL_Driver/Src/stm32l4xx_hal_gpio.c ****   * @param  GPIO_Init pointer to a GPIO_InitTypeDef structure that contains
 160:Drivers/STM32L4xx_HAL_Driver/Src/stm32l4xx_hal_gpio.c ****   *         the configuration information for the specified GPIO peripheral.
 161:Drivers/STM32L4xx_HAL_Driver/Src/stm32l4xx_hal_gpio.c ****   * @retval None
 162:Drivers/STM32L4xx_HAL_Driver/Src/stm32l4xx_hal_gpio.c ****   */
 163:Drivers/STM32L4xx_HAL_Driver/Src/stm32l4xx_hal_gpio.c **** void HAL_GPIO_Init(GPIO_TypeDef  *GPIOx, GPIO_InitTypeDef *GPIO_Init)
 164:Drivers/STM32L4xx_HAL_Driver/Src/stm32l4xx_hal_gpio.c **** {
  30              		.loc 1 164 1 view -0
  31              		.cfi_startproc
  32              		@ args = 0, pretend = 0, frame = 8
  33              		@ frame_needed = 0, uses_anonymous_args = 0
  34              		.loc 1 164 1 is_stmt 0 view .LVU1
  35 0000 F0B5     		push	{r4, r5, r6, r7, lr}
  36              	.LCFI0:
  37              		.cfi_def_cfa_offset 20
  38              		.cfi_offset 4, -20
  39              		.cfi_offset 5, -16
  40              		.cfi_offset 6, -12
  41              		.cfi_offset 7, -8
  42              		.cfi_offset 14, -4
  43 0002 83B0     		sub	sp, sp, #12
  44              	.LCFI1:
  45              		.cfi_def_cfa_offset 32
 165:Drivers/STM32L4xx_HAL_Driver/Src/stm32l4xx_hal_gpio.c ****   uint32_t position = 0x00u;
  46              		.loc 1 165 3 is_stmt 1 view .LVU2
  47              	.LVL1:
 166:Drivers/STM32L4xx_HAL_Driver/Src/stm32l4xx_hal_gpio.c ****   uint32_t iocurrent;
  48              		.loc 1 166 3 view .LVU3
 167:Drivers/STM32L4xx_HAL_Driver/Src/stm32l4xx_hal_gpio.c ****   uint32_t temp;
  49              		.loc 1 167 3 view .LVU4
 168:Drivers/STM32L4xx_HAL_Driver/Src/stm32l4xx_hal_gpio.c **** 
 169:Drivers/STM32L4xx_HAL_Driver/Src/stm32l4xx_hal_gpio.c ****   /* Check the parameters */
 170:Drivers/STM32L4xx_HAL_Driver/Src/stm32l4xx_hal_gpio.c ****   assert_param(IS_GPIO_ALL_INSTANCE(GPIOx));
  50              		.loc 1 170 3 view .LVU5
 171:Drivers/STM32L4xx_HAL_Driver/Src/stm32l4xx_hal_gpio.c ****   assert_param(IS_GPIO_PIN(GPIO_Init->Pin));
  51              		.loc 1 171 3 view .LVU6
 172:Drivers/STM32L4xx_HAL_Driver/Src/stm32l4xx_hal_gpio.c ****   assert_param(IS_GPIO_MODE(GPIO_Init->Mode));
  52              		.loc 1 172 3 view .LVU7
 173:Drivers/STM32L4xx_HAL_Driver/Src/stm32l4xx_hal_gpio.c **** 
 174:Drivers/STM32L4xx_HAL_Driver/Src/stm32l4xx_hal_gpio.c ****   /* Configure the port pins */
 175:Drivers/STM32L4xx_HAL_Driver/Src/stm32l4xx_hal_gpio.c ****   while (((GPIO_Init->Pin) >> position) != 0x00u)
  53              		.loc 1 175 3 view .LVU8
 165:Drivers/STM32L4xx_HAL_Driver/Src/stm32l4xx_hal_gpio.c ****   uint32_t iocurrent;
ARM GAS  /tmp/ccxvQEkh.s 			page 5


  54              		.loc 1 165 12 is_stmt 0 view .LVU9
  55 0004 0023     		movs	r3, #0
  56              		.loc 1 175 9 view .LVU10
  57 0006 62E0     		b	.L2
  58              	.LVL2:
  59              	.L20:
 176:Drivers/STM32L4xx_HAL_Driver/Src/stm32l4xx_hal_gpio.c ****   {
 177:Drivers/STM32L4xx_HAL_Driver/Src/stm32l4xx_hal_gpio.c ****     /* Get current io position */
 178:Drivers/STM32L4xx_HAL_Driver/Src/stm32l4xx_hal_gpio.c ****     iocurrent = (GPIO_Init->Pin) & (1uL << position);
 179:Drivers/STM32L4xx_HAL_Driver/Src/stm32l4xx_hal_gpio.c **** 
 180:Drivers/STM32L4xx_HAL_Driver/Src/stm32l4xx_hal_gpio.c ****     if (iocurrent != 0x00u)
 181:Drivers/STM32L4xx_HAL_Driver/Src/stm32l4xx_hal_gpio.c ****     {
 182:Drivers/STM32L4xx_HAL_Driver/Src/stm32l4xx_hal_gpio.c ****       /*--------------------- GPIO Mode Configuration ------------------------*/
 183:Drivers/STM32L4xx_HAL_Driver/Src/stm32l4xx_hal_gpio.c ****       /* In case of Output or Alternate function mode selection */
 184:Drivers/STM32L4xx_HAL_Driver/Src/stm32l4xx_hal_gpio.c ****       if (((GPIO_Init->Mode & GPIO_MODE) == MODE_OUTPUT) || ((GPIO_Init->Mode & GPIO_MODE) == MODE_
 185:Drivers/STM32L4xx_HAL_Driver/Src/stm32l4xx_hal_gpio.c ****       {
 186:Drivers/STM32L4xx_HAL_Driver/Src/stm32l4xx_hal_gpio.c ****         /* Check the Speed parameter */
 187:Drivers/STM32L4xx_HAL_Driver/Src/stm32l4xx_hal_gpio.c ****         assert_param(IS_GPIO_SPEED(GPIO_Init->Speed));
  60              		.loc 1 187 9 is_stmt 1 view .LVU11
 188:Drivers/STM32L4xx_HAL_Driver/Src/stm32l4xx_hal_gpio.c **** 
 189:Drivers/STM32L4xx_HAL_Driver/Src/stm32l4xx_hal_gpio.c ****         /* Configure the IO Speed */
 190:Drivers/STM32L4xx_HAL_Driver/Src/stm32l4xx_hal_gpio.c ****         temp = GPIOx->OSPEEDR;
  61              		.loc 1 190 9 view .LVU12
  62              		.loc 1 190 14 is_stmt 0 view .LVU13
  63 0008 8568     		ldr	r5, [r0, #8]
  64              	.LVL3:
 191:Drivers/STM32L4xx_HAL_Driver/Src/stm32l4xx_hal_gpio.c ****         temp &= ~(GPIO_OSPEEDR_OSPEED0 << (position * 2u));
  65              		.loc 1 191 9 is_stmt 1 view .LVU14
  66              		.loc 1 191 53 is_stmt 0 view .LVU15
  67 000a 5E00     		lsls	r6, r3, #1
  68              		.loc 1 191 40 view .LVU16
  69 000c 0324     		movs	r4, #3
  70 000e B440     		lsls	r4, r4, r6
  71              		.loc 1 191 14 view .LVU17
  72 0010 25EA0405 		bic	r5, r5, r4
  73              	.LVL4:
 192:Drivers/STM32L4xx_HAL_Driver/Src/stm32l4xx_hal_gpio.c ****         temp |= (GPIO_Init->Speed << (position * 2u));
  74              		.loc 1 192 9 is_stmt 1 view .LVU18
  75              		.loc 1 192 27 is_stmt 0 view .LVU19
  76 0014 CC68     		ldr	r4, [r1, #12]
  77              		.loc 1 192 35 view .LVU20
  78 0016 B440     		lsls	r4, r4, r6
  79              		.loc 1 192 14 view .LVU21
  80 0018 2C43     		orrs	r4, r4, r5
  81              	.LVL5:
 193:Drivers/STM32L4xx_HAL_Driver/Src/stm32l4xx_hal_gpio.c ****         GPIOx->OSPEEDR = temp;
  82              		.loc 1 193 9 is_stmt 1 view .LVU22
  83              		.loc 1 193 24 is_stmt 0 view .LVU23
  84 001a 8460     		str	r4, [r0, #8]
 194:Drivers/STM32L4xx_HAL_Driver/Src/stm32l4xx_hal_gpio.c **** 
 195:Drivers/STM32L4xx_HAL_Driver/Src/stm32l4xx_hal_gpio.c ****         /* Configure the IO Output Type */
 196:Drivers/STM32L4xx_HAL_Driver/Src/stm32l4xx_hal_gpio.c ****         temp = GPIOx->OTYPER;
  85              		.loc 1 196 9 is_stmt 1 view .LVU24
  86              		.loc 1 196 14 is_stmt 0 view .LVU25
  87 001c 4568     		ldr	r5, [r0, #4]
  88              	.LVL6:
 197:Drivers/STM32L4xx_HAL_Driver/Src/stm32l4xx_hal_gpio.c ****         temp &= ~(GPIO_OTYPER_OT0 << position) ;
ARM GAS  /tmp/ccxvQEkh.s 			page 6


  89              		.loc 1 197 9 is_stmt 1 view .LVU26
  90              		.loc 1 197 14 is_stmt 0 view .LVU27
  91 001e 25EA0C05 		bic	r5, r5, ip
  92              	.LVL7:
 198:Drivers/STM32L4xx_HAL_Driver/Src/stm32l4xx_hal_gpio.c ****         temp |= (((GPIO_Init->Mode & OUTPUT_TYPE) >> OUTPUT_TYPE_Pos) << position);
  93              		.loc 1 198 9 is_stmt 1 view .LVU28
  94              		.loc 1 198 29 is_stmt 0 view .LVU29
  95 0022 4C68     		ldr	r4, [r1, #4]
  96              		.loc 1 198 51 view .LVU30
  97 0024 C4F30014 		ubfx	r4, r4, #4, #1
  98              		.loc 1 198 71 view .LVU31
  99 0028 9C40     		lsls	r4, r4, r3
 100              		.loc 1 198 14 view .LVU32
 101 002a 2C43     		orrs	r4, r4, r5
 102              	.LVL8:
 199:Drivers/STM32L4xx_HAL_Driver/Src/stm32l4xx_hal_gpio.c ****         GPIOx->OTYPER = temp;
 103              		.loc 1 199 9 is_stmt 1 view .LVU33
 104              		.loc 1 199 23 is_stmt 0 view .LVU34
 105 002c 4460     		str	r4, [r0, #4]
 106 002e 5FE0     		b	.L4
 107              	.LVL9:
 108              	.L21:
 200:Drivers/STM32L4xx_HAL_Driver/Src/stm32l4xx_hal_gpio.c ****       }
 201:Drivers/STM32L4xx_HAL_Driver/Src/stm32l4xx_hal_gpio.c **** 
 202:Drivers/STM32L4xx_HAL_Driver/Src/stm32l4xx_hal_gpio.c **** #if defined(STM32L471xx) || defined(STM32L475xx) || defined(STM32L476xx) || defined(STM32L485xx) ||
 203:Drivers/STM32L4xx_HAL_Driver/Src/stm32l4xx_hal_gpio.c **** 
 204:Drivers/STM32L4xx_HAL_Driver/Src/stm32l4xx_hal_gpio.c ****       /* In case of Analog mode, check if ADC control mode is selected */
 205:Drivers/STM32L4xx_HAL_Driver/Src/stm32l4xx_hal_gpio.c ****       if((GPIO_Init->Mode & GPIO_MODE_ANALOG) == GPIO_MODE_ANALOG)
 206:Drivers/STM32L4xx_HAL_Driver/Src/stm32l4xx_hal_gpio.c ****       {
 207:Drivers/STM32L4xx_HAL_Driver/Src/stm32l4xx_hal_gpio.c ****         /* Configure the IO Output Type */
 208:Drivers/STM32L4xx_HAL_Driver/Src/stm32l4xx_hal_gpio.c ****         temp = GPIOx->ASCR;
 209:Drivers/STM32L4xx_HAL_Driver/Src/stm32l4xx_hal_gpio.c ****         temp &= ~(GPIO_ASCR_ASC0 << position) ;
 210:Drivers/STM32L4xx_HAL_Driver/Src/stm32l4xx_hal_gpio.c ****         temp |= (((GPIO_Init->Mode & GPIO_MODE_ANALOG_ADC_CONTROL) >> 3) << position);
 211:Drivers/STM32L4xx_HAL_Driver/Src/stm32l4xx_hal_gpio.c ****         GPIOx->ASCR = temp;
 212:Drivers/STM32L4xx_HAL_Driver/Src/stm32l4xx_hal_gpio.c ****       }
 213:Drivers/STM32L4xx_HAL_Driver/Src/stm32l4xx_hal_gpio.c **** 
 214:Drivers/STM32L4xx_HAL_Driver/Src/stm32l4xx_hal_gpio.c **** #endif /* STM32L471xx || STM32L475xx || STM32L476xx || STM32L485xx || STM32L486xx */
 215:Drivers/STM32L4xx_HAL_Driver/Src/stm32l4xx_hal_gpio.c **** 
 216:Drivers/STM32L4xx_HAL_Driver/Src/stm32l4xx_hal_gpio.c ****       /* Activate the Pull-up or Pull down resistor for the current IO */
 217:Drivers/STM32L4xx_HAL_Driver/Src/stm32l4xx_hal_gpio.c ****       if ((GPIO_Init->Mode & GPIO_MODE) != MODE_ANALOG)
 218:Drivers/STM32L4xx_HAL_Driver/Src/stm32l4xx_hal_gpio.c ****       {
 219:Drivers/STM32L4xx_HAL_Driver/Src/stm32l4xx_hal_gpio.c ****         /* Check the Pull parameter */
 220:Drivers/STM32L4xx_HAL_Driver/Src/stm32l4xx_hal_gpio.c ****         assert_param(IS_GPIO_PULL(GPIO_Init->Pull));
 221:Drivers/STM32L4xx_HAL_Driver/Src/stm32l4xx_hal_gpio.c **** 
 222:Drivers/STM32L4xx_HAL_Driver/Src/stm32l4xx_hal_gpio.c ****         temp = GPIOx->PUPDR;
 223:Drivers/STM32L4xx_HAL_Driver/Src/stm32l4xx_hal_gpio.c ****         temp &= ~(GPIO_PUPDR_PUPD0 << (position * 2U));
 224:Drivers/STM32L4xx_HAL_Driver/Src/stm32l4xx_hal_gpio.c ****         temp |= ((GPIO_Init->Pull) << (position * 2U));
 225:Drivers/STM32L4xx_HAL_Driver/Src/stm32l4xx_hal_gpio.c ****         GPIOx->PUPDR = temp;
 226:Drivers/STM32L4xx_HAL_Driver/Src/stm32l4xx_hal_gpio.c ****       }
 227:Drivers/STM32L4xx_HAL_Driver/Src/stm32l4xx_hal_gpio.c **** 
 228:Drivers/STM32L4xx_HAL_Driver/Src/stm32l4xx_hal_gpio.c ****       /* In case of Alternate function mode selection */
 229:Drivers/STM32L4xx_HAL_Driver/Src/stm32l4xx_hal_gpio.c ****       if ((GPIO_Init->Mode & GPIO_MODE) == MODE_AF)
 230:Drivers/STM32L4xx_HAL_Driver/Src/stm32l4xx_hal_gpio.c ****       {
 231:Drivers/STM32L4xx_HAL_Driver/Src/stm32l4xx_hal_gpio.c ****         /* Check the Alternate function parameters */
 232:Drivers/STM32L4xx_HAL_Driver/Src/stm32l4xx_hal_gpio.c ****         assert_param(IS_GPIO_AF_INSTANCE(GPIOx));
 109              		.loc 1 232 9 is_stmt 1 view .LVU35
 233:Drivers/STM32L4xx_HAL_Driver/Src/stm32l4xx_hal_gpio.c ****         assert_param(IS_GPIO_AF(GPIO_Init->Alternate));
ARM GAS  /tmp/ccxvQEkh.s 			page 7


 110              		.loc 1 233 9 view .LVU36
 234:Drivers/STM32L4xx_HAL_Driver/Src/stm32l4xx_hal_gpio.c **** 
 235:Drivers/STM32L4xx_HAL_Driver/Src/stm32l4xx_hal_gpio.c ****         /* Configure Alternate function mapped with the current IO */
 236:Drivers/STM32L4xx_HAL_Driver/Src/stm32l4xx_hal_gpio.c ****         temp = GPIOx->AFR[position >> 3u];
 111              		.loc 1 236 9 view .LVU37
 112              		.loc 1 236 36 is_stmt 0 view .LVU38
 113 0030 DD08     		lsrs	r5, r3, #3
 114              		.loc 1 236 14 view .LVU39
 115 0032 0835     		adds	r5, r5, #8
 116 0034 50F82540 		ldr	r4, [r0, r5, lsl #2]
 117              	.LVL10:
 237:Drivers/STM32L4xx_HAL_Driver/Src/stm32l4xx_hal_gpio.c ****         temp &= ~(0xFul << ((position & 0x07u) * 4u));
 118              		.loc 1 237 9 is_stmt 1 view .LVU40
 119              		.loc 1 237 39 is_stmt 0 view .LVU41
 120 0038 03F0070C 		and	ip, r3, #7
 121              		.loc 1 237 48 view .LVU42
 122 003c 4FEA8C0C 		lsl	ip, ip, #2
 123              		.loc 1 237 25 view .LVU43
 124 0040 4FF00F0E 		mov	lr, #15
 125 0044 0EFA0CFE 		lsl	lr, lr, ip
 126              		.loc 1 237 14 view .LVU44
 127 0048 24EA0E0E 		bic	lr, r4, lr
 128              	.LVL11:
 238:Drivers/STM32L4xx_HAL_Driver/Src/stm32l4xx_hal_gpio.c ****         temp |= ((GPIO_Init->Alternate) << ((position & 0x07u) * 4u));
 129              		.loc 1 238 9 is_stmt 1 view .LVU45
 130              		.loc 1 238 28 is_stmt 0 view .LVU46
 131 004c 0C69     		ldr	r4, [r1, #16]
 132              		.loc 1 238 41 view .LVU47
 133 004e 04FA0CF4 		lsl	r4, r4, ip
 134              		.loc 1 238 14 view .LVU48
 135 0052 44EA0E04 		orr	r4, r4, lr
 136              	.LVL12:
 239:Drivers/STM32L4xx_HAL_Driver/Src/stm32l4xx_hal_gpio.c ****         GPIOx->AFR[position >> 3u] = temp;
 137              		.loc 1 239 9 is_stmt 1 view .LVU49
 138              		.loc 1 239 36 is_stmt 0 view .LVU50
 139 0056 40F82540 		str	r4, [r0, r5, lsl #2]
 140 005a 60E0     		b	.L6
 141              	.LVL13:
 142              	.L22:
 240:Drivers/STM32L4xx_HAL_Driver/Src/stm32l4xx_hal_gpio.c ****       }
 241:Drivers/STM32L4xx_HAL_Driver/Src/stm32l4xx_hal_gpio.c **** 
 242:Drivers/STM32L4xx_HAL_Driver/Src/stm32l4xx_hal_gpio.c ****       /* Configure IO Direction mode (Input, Output, Alternate or Analog) */
 243:Drivers/STM32L4xx_HAL_Driver/Src/stm32l4xx_hal_gpio.c ****       temp = GPIOx->MODER;
 244:Drivers/STM32L4xx_HAL_Driver/Src/stm32l4xx_hal_gpio.c ****       temp &= ~(GPIO_MODER_MODE0 << (position * 2u));
 245:Drivers/STM32L4xx_HAL_Driver/Src/stm32l4xx_hal_gpio.c ****       temp |= ((GPIO_Init->Mode & GPIO_MODE) << (position * 2u));
 246:Drivers/STM32L4xx_HAL_Driver/Src/stm32l4xx_hal_gpio.c ****       GPIOx->MODER = temp;
 247:Drivers/STM32L4xx_HAL_Driver/Src/stm32l4xx_hal_gpio.c **** 
 248:Drivers/STM32L4xx_HAL_Driver/Src/stm32l4xx_hal_gpio.c ****       /*--------------------- EXTI Mode Configuration ------------------------*/
 249:Drivers/STM32L4xx_HAL_Driver/Src/stm32l4xx_hal_gpio.c ****       /* Configure the External Interrupt or event for the current IO */
 250:Drivers/STM32L4xx_HAL_Driver/Src/stm32l4xx_hal_gpio.c ****       if ((GPIO_Init->Mode & EXTI_MODE) != 0x00u)
 251:Drivers/STM32L4xx_HAL_Driver/Src/stm32l4xx_hal_gpio.c ****       {
 252:Drivers/STM32L4xx_HAL_Driver/Src/stm32l4xx_hal_gpio.c ****         /* Enable SYSCFG Clock */
 253:Drivers/STM32L4xx_HAL_Driver/Src/stm32l4xx_hal_gpio.c ****         __HAL_RCC_SYSCFG_CLK_ENABLE();
 254:Drivers/STM32L4xx_HAL_Driver/Src/stm32l4xx_hal_gpio.c **** 
 255:Drivers/STM32L4xx_HAL_Driver/Src/stm32l4xx_hal_gpio.c ****         temp = SYSCFG->EXTICR[position >> 2u];
 256:Drivers/STM32L4xx_HAL_Driver/Src/stm32l4xx_hal_gpio.c ****         temp &= ~(0x0FuL << (4u * (position & 0x03u)));
 257:Drivers/STM32L4xx_HAL_Driver/Src/stm32l4xx_hal_gpio.c ****         temp |= (GPIO_GET_INDEX(GPIOx) << (4u * (position & 0x03u)));
ARM GAS  /tmp/ccxvQEkh.s 			page 8


 143              		.loc 1 257 18 discriminator 9 view .LVU51
 144 005c 0424     		movs	r4, #4
 145 005e 00E0     		b	.L7
 146              	.L13:
 147              		.loc 1 257 18 discriminator 2 view .LVU52
 148 0060 0024     		movs	r4, #0
 149              	.L7:
 150              		.loc 1 257 40 discriminator 20 view .LVU53
 151 0062 04FA0EF4 		lsl	r4, r4, lr
 152              		.loc 1 257 14 discriminator 20 view .LVU54
 153 0066 2C43     		orrs	r4, r4, r5
 154              	.LVL14:
 258:Drivers/STM32L4xx_HAL_Driver/Src/stm32l4xx_hal_gpio.c ****         SYSCFG->EXTICR[position >> 2u] = temp;
 155              		.loc 1 258 9 is_stmt 1 view .LVU55
 156              		.loc 1 258 40 is_stmt 0 view .LVU56
 157 0068 0CF1020C 		add	ip, ip, #2
 158 006c 524D     		ldr	r5, .L23
 159 006e 45F82C40 		str	r4, [r5, ip, lsl #2]
 259:Drivers/STM32L4xx_HAL_Driver/Src/stm32l4xx_hal_gpio.c **** 
 260:Drivers/STM32L4xx_HAL_Driver/Src/stm32l4xx_hal_gpio.c ****         /* Clear Rising Falling edge configuration */
 261:Drivers/STM32L4xx_HAL_Driver/Src/stm32l4xx_hal_gpio.c ****         temp = EXTI->RTSR1;
 160              		.loc 1 261 9 is_stmt 1 view .LVU57
 161              		.loc 1 261 14 is_stmt 0 view .LVU58
 162 0072 524C     		ldr	r4, .L23+4
 163              	.LVL15:
 164              		.loc 1 261 14 view .LVU59
 165 0074 A568     		ldr	r5, [r4, #8]
 166              	.LVL16:
 262:Drivers/STM32L4xx_HAL_Driver/Src/stm32l4xx_hal_gpio.c ****         temp &= ~(iocurrent);
 167              		.loc 1 262 9 is_stmt 1 view .LVU60
 168              		.loc 1 262 17 is_stmt 0 view .LVU61
 169 0076 D443     		mvns	r4, r2
 170              		.loc 1 262 14 view .LVU62
 171 0078 25EA0206 		bic	r6, r5, r2
 172              	.LVL17:
 263:Drivers/STM32L4xx_HAL_Driver/Src/stm32l4xx_hal_gpio.c ****         if ((GPIO_Init->Mode & TRIGGER_RISING) != 0x00u)
 173              		.loc 1 263 9 is_stmt 1 view .LVU63
 174              		.loc 1 263 12 is_stmt 0 view .LVU64
 175 007c 4F68     		ldr	r7, [r1, #4]
 176 007e 17F4801F 		tst	r7, #1048576
 177 0082 01D0     		beq	.L8
 264:Drivers/STM32L4xx_HAL_Driver/Src/stm32l4xx_hal_gpio.c ****         {
 265:Drivers/STM32L4xx_HAL_Driver/Src/stm32l4xx_hal_gpio.c ****           temp |= iocurrent;
 178              		.loc 1 265 11 is_stmt 1 view .LVU65
 179              		.loc 1 265 16 is_stmt 0 view .LVU66
 180 0084 42EA0506 		orr	r6, r2, r5
 181              	.LVL18:
 182              	.L8:
 266:Drivers/STM32L4xx_HAL_Driver/Src/stm32l4xx_hal_gpio.c ****         }
 267:Drivers/STM32L4xx_HAL_Driver/Src/stm32l4xx_hal_gpio.c ****         EXTI->RTSR1 = temp;
 183              		.loc 1 267 9 is_stmt 1 view .LVU67
 184              		.loc 1 267 21 is_stmt 0 view .LVU68
 185 0088 4C4D     		ldr	r5, .L23+4
 186 008a AE60     		str	r6, [r5, #8]
 268:Drivers/STM32L4xx_HAL_Driver/Src/stm32l4xx_hal_gpio.c **** 
 269:Drivers/STM32L4xx_HAL_Driver/Src/stm32l4xx_hal_gpio.c ****         temp = EXTI->FTSR1;
 187              		.loc 1 269 9 is_stmt 1 view .LVU69
ARM GAS  /tmp/ccxvQEkh.s 			page 9


 188              		.loc 1 269 14 is_stmt 0 view .LVU70
 189 008c ED68     		ldr	r5, [r5, #12]
 190              	.LVL19:
 270:Drivers/STM32L4xx_HAL_Driver/Src/stm32l4xx_hal_gpio.c ****         temp &= ~(iocurrent);
 191              		.loc 1 270 9 is_stmt 1 view .LVU71
 192              		.loc 1 270 14 is_stmt 0 view .LVU72
 193 008e 04EA0506 		and	r6, r4, r5
 194              	.LVL20:
 271:Drivers/STM32L4xx_HAL_Driver/Src/stm32l4xx_hal_gpio.c ****         if ((GPIO_Init->Mode & TRIGGER_FALLING) != 0x00u)
 195              		.loc 1 271 9 is_stmt 1 view .LVU73
 196              		.loc 1 271 12 is_stmt 0 view .LVU74
 197 0092 4F68     		ldr	r7, [r1, #4]
 198 0094 17F4001F 		tst	r7, #2097152
 199 0098 01D0     		beq	.L9
 272:Drivers/STM32L4xx_HAL_Driver/Src/stm32l4xx_hal_gpio.c ****         {
 273:Drivers/STM32L4xx_HAL_Driver/Src/stm32l4xx_hal_gpio.c ****           temp |= iocurrent;
 200              		.loc 1 273 11 is_stmt 1 view .LVU75
 201              		.loc 1 273 16 is_stmt 0 view .LVU76
 202 009a 42EA0506 		orr	r6, r2, r5
 203              	.LVL21:
 204              	.L9:
 274:Drivers/STM32L4xx_HAL_Driver/Src/stm32l4xx_hal_gpio.c ****         }
 275:Drivers/STM32L4xx_HAL_Driver/Src/stm32l4xx_hal_gpio.c ****         EXTI->FTSR1 = temp;
 205              		.loc 1 275 9 is_stmt 1 view .LVU77
 206              		.loc 1 275 21 is_stmt 0 view .LVU78
 207 009e 474D     		ldr	r5, .L23+4
 208 00a0 EE60     		str	r6, [r5, #12]
 276:Drivers/STM32L4xx_HAL_Driver/Src/stm32l4xx_hal_gpio.c **** 
 277:Drivers/STM32L4xx_HAL_Driver/Src/stm32l4xx_hal_gpio.c ****         /* Clear EXTI line configuration */
 278:Drivers/STM32L4xx_HAL_Driver/Src/stm32l4xx_hal_gpio.c ****         temp = EXTI->EMR1;
 209              		.loc 1 278 9 is_stmt 1 view .LVU79
 210              		.loc 1 278 14 is_stmt 0 view .LVU80
 211 00a2 6D68     		ldr	r5, [r5, #4]
 212              	.LVL22:
 279:Drivers/STM32L4xx_HAL_Driver/Src/stm32l4xx_hal_gpio.c ****         temp &= ~(iocurrent);
 213              		.loc 1 279 9 is_stmt 1 view .LVU81
 214              		.loc 1 279 14 is_stmt 0 view .LVU82
 215 00a4 04EA0506 		and	r6, r4, r5
 216              	.LVL23:
 280:Drivers/STM32L4xx_HAL_Driver/Src/stm32l4xx_hal_gpio.c ****         if ((GPIO_Init->Mode & EXTI_EVT) != 0x00u)
 217              		.loc 1 280 9 is_stmt 1 view .LVU83
 218              		.loc 1 280 12 is_stmt 0 view .LVU84
 219 00a8 4F68     		ldr	r7, [r1, #4]
 220 00aa 17F4003F 		tst	r7, #131072
 221 00ae 01D0     		beq	.L10
 281:Drivers/STM32L4xx_HAL_Driver/Src/stm32l4xx_hal_gpio.c ****         {
 282:Drivers/STM32L4xx_HAL_Driver/Src/stm32l4xx_hal_gpio.c ****           temp |= iocurrent;
 222              		.loc 1 282 11 is_stmt 1 view .LVU85
 223              		.loc 1 282 16 is_stmt 0 view .LVU86
 224 00b0 42EA0506 		orr	r6, r2, r5
 225              	.LVL24:
 226              	.L10:
 283:Drivers/STM32L4xx_HAL_Driver/Src/stm32l4xx_hal_gpio.c ****         }
 284:Drivers/STM32L4xx_HAL_Driver/Src/stm32l4xx_hal_gpio.c ****         EXTI->EMR1 = temp;
 227              		.loc 1 284 9 is_stmt 1 view .LVU87
 228              		.loc 1 284 20 is_stmt 0 view .LVU88
 229 00b4 414D     		ldr	r5, .L23+4
ARM GAS  /tmp/ccxvQEkh.s 			page 10


 230 00b6 6E60     		str	r6, [r5, #4]
 285:Drivers/STM32L4xx_HAL_Driver/Src/stm32l4xx_hal_gpio.c **** 
 286:Drivers/STM32L4xx_HAL_Driver/Src/stm32l4xx_hal_gpio.c ****         temp = EXTI->IMR1;
 231              		.loc 1 286 9 is_stmt 1 view .LVU89
 232              		.loc 1 286 14 is_stmt 0 view .LVU90
 233 00b8 2D68     		ldr	r5, [r5]
 234              	.LVL25:
 287:Drivers/STM32L4xx_HAL_Driver/Src/stm32l4xx_hal_gpio.c ****         temp &= ~(iocurrent);
 235              		.loc 1 287 9 is_stmt 1 view .LVU91
 236              		.loc 1 287 14 is_stmt 0 view .LVU92
 237 00ba 2C40     		ands	r4, r4, r5
 238              	.LVL26:
 288:Drivers/STM32L4xx_HAL_Driver/Src/stm32l4xx_hal_gpio.c ****         if ((GPIO_Init->Mode & EXTI_IT) != 0x00u)
 239              		.loc 1 288 9 is_stmt 1 view .LVU93
 240              		.loc 1 288 23 is_stmt 0 view .LVU94
 241 00bc 4E68     		ldr	r6, [r1, #4]
 242              		.loc 1 288 12 view .LVU95
 243 00be 16F4803F 		tst	r6, #65536
 244 00c2 01D0     		beq	.L11
 289:Drivers/STM32L4xx_HAL_Driver/Src/stm32l4xx_hal_gpio.c ****         {
 290:Drivers/STM32L4xx_HAL_Driver/Src/stm32l4xx_hal_gpio.c ****           temp |= iocurrent;
 245              		.loc 1 290 11 is_stmt 1 view .LVU96
 246              		.loc 1 290 16 is_stmt 0 view .LVU97
 247 00c4 42EA0504 		orr	r4, r2, r5
 248              	.LVL27:
 249              	.L11:
 291:Drivers/STM32L4xx_HAL_Driver/Src/stm32l4xx_hal_gpio.c ****         }
 292:Drivers/STM32L4xx_HAL_Driver/Src/stm32l4xx_hal_gpio.c ****         EXTI->IMR1 = temp;
 250              		.loc 1 292 9 is_stmt 1 view .LVU98
 251              		.loc 1 292 20 is_stmt 0 view .LVU99
 252 00c8 3C4A     		ldr	r2, .L23+4
 253              	.LVL28:
 254              		.loc 1 292 20 view .LVU100
 255 00ca 1460     		str	r4, [r2]
 256              	.LVL29:
 257              	.L3:
 293:Drivers/STM32L4xx_HAL_Driver/Src/stm32l4xx_hal_gpio.c ****       }
 294:Drivers/STM32L4xx_HAL_Driver/Src/stm32l4xx_hal_gpio.c ****     }
 295:Drivers/STM32L4xx_HAL_Driver/Src/stm32l4xx_hal_gpio.c **** 
 296:Drivers/STM32L4xx_HAL_Driver/Src/stm32l4xx_hal_gpio.c ****     position++;
 258              		.loc 1 296 5 is_stmt 1 view .LVU101
 259              		.loc 1 296 13 is_stmt 0 view .LVU102
 260 00cc 0133     		adds	r3, r3, #1
 261              	.LVL30:
 262              	.L2:
 175:Drivers/STM32L4xx_HAL_Driver/Src/stm32l4xx_hal_gpio.c ****   {
 263              		.loc 1 175 41 is_stmt 1 view .LVU103
 175:Drivers/STM32L4xx_HAL_Driver/Src/stm32l4xx_hal_gpio.c ****   {
 264              		.loc 1 175 21 is_stmt 0 view .LVU104
 265 00ce 0A68     		ldr	r2, [r1]
 175:Drivers/STM32L4xx_HAL_Driver/Src/stm32l4xx_hal_gpio.c ****   {
 266              		.loc 1 175 41 view .LVU105
 267 00d0 32FA03F4 		lsrs	r4, r2, r3
 268 00d4 6ED0     		beq	.L19
 178:Drivers/STM32L4xx_HAL_Driver/Src/stm32l4xx_hal_gpio.c **** 
 269              		.loc 1 178 5 is_stmt 1 view .LVU106
 178:Drivers/STM32L4xx_HAL_Driver/Src/stm32l4xx_hal_gpio.c **** 
ARM GAS  /tmp/ccxvQEkh.s 			page 11


 270              		.loc 1 178 41 is_stmt 0 view .LVU107
 271 00d6 4FF0010C 		mov	ip, #1
 272 00da 0CFA03FC 		lsl	ip, ip, r3
 273              	.LVL31:
 180:Drivers/STM32L4xx_HAL_Driver/Src/stm32l4xx_hal_gpio.c ****     {
 274              		.loc 1 180 5 is_stmt 1 view .LVU108
 180:Drivers/STM32L4xx_HAL_Driver/Src/stm32l4xx_hal_gpio.c ****     {
 275              		.loc 1 180 8 is_stmt 0 view .LVU109
 276 00de 1CEA0202 		ands	r2, ip, r2
 277              	.LVL32:
 180:Drivers/STM32L4xx_HAL_Driver/Src/stm32l4xx_hal_gpio.c ****     {
 278              		.loc 1 180 8 view .LVU110
 279 00e2 F3D0     		beq	.L3
 184:Drivers/STM32L4xx_HAL_Driver/Src/stm32l4xx_hal_gpio.c ****       {
 280              		.loc 1 184 7 is_stmt 1 view .LVU111
 184:Drivers/STM32L4xx_HAL_Driver/Src/stm32l4xx_hal_gpio.c ****       {
 281              		.loc 1 184 22 is_stmt 0 view .LVU112
 282 00e4 4C68     		ldr	r4, [r1, #4]
 184:Drivers/STM32L4xx_HAL_Driver/Src/stm32l4xx_hal_gpio.c ****       {
 283              		.loc 1 184 29 view .LVU113
 284 00e6 04F00304 		and	r4, r4, #3
 184:Drivers/STM32L4xx_HAL_Driver/Src/stm32l4xx_hal_gpio.c ****       {
 285              		.loc 1 184 58 view .LVU114
 286 00ea 013C     		subs	r4, r4, #1
 184:Drivers/STM32L4xx_HAL_Driver/Src/stm32l4xx_hal_gpio.c ****       {
 287              		.loc 1 184 10 view .LVU115
 288 00ec 012C     		cmp	r4, #1
 289 00ee 8BD9     		bls	.L20
 290              	.L4:
 217:Drivers/STM32L4xx_HAL_Driver/Src/stm32l4xx_hal_gpio.c ****       {
 291              		.loc 1 217 7 is_stmt 1 view .LVU116
 217:Drivers/STM32L4xx_HAL_Driver/Src/stm32l4xx_hal_gpio.c ****       {
 292              		.loc 1 217 21 is_stmt 0 view .LVU117
 293 00f0 4C68     		ldr	r4, [r1, #4]
 217:Drivers/STM32L4xx_HAL_Driver/Src/stm32l4xx_hal_gpio.c ****       {
 294              		.loc 1 217 28 view .LVU118
 295 00f2 04F00304 		and	r4, r4, #3
 217:Drivers/STM32L4xx_HAL_Driver/Src/stm32l4xx_hal_gpio.c ****       {
 296              		.loc 1 217 10 view .LVU119
 297 00f6 032C     		cmp	r4, #3
 298 00f8 0CD0     		beq	.L5
 220:Drivers/STM32L4xx_HAL_Driver/Src/stm32l4xx_hal_gpio.c **** 
 299              		.loc 1 220 9 is_stmt 1 view .LVU120
 222:Drivers/STM32L4xx_HAL_Driver/Src/stm32l4xx_hal_gpio.c ****         temp &= ~(GPIO_PUPDR_PUPD0 << (position * 2U));
 300              		.loc 1 222 9 view .LVU121
 222:Drivers/STM32L4xx_HAL_Driver/Src/stm32l4xx_hal_gpio.c ****         temp &= ~(GPIO_PUPDR_PUPD0 << (position * 2U));
 301              		.loc 1 222 14 is_stmt 0 view .LVU122
 302 00fa C468     		ldr	r4, [r0, #12]
 303              	.LVL33:
 223:Drivers/STM32L4xx_HAL_Driver/Src/stm32l4xx_hal_gpio.c ****         temp |= ((GPIO_Init->Pull) << (position * 2U));
 304              		.loc 1 223 9 is_stmt 1 view .LVU123
 223:Drivers/STM32L4xx_HAL_Driver/Src/stm32l4xx_hal_gpio.c ****         temp |= ((GPIO_Init->Pull) << (position * 2U));
 305              		.loc 1 223 49 is_stmt 0 view .LVU124
 306 00fc 5D00     		lsls	r5, r3, #1
 223:Drivers/STM32L4xx_HAL_Driver/Src/stm32l4xx_hal_gpio.c ****         temp |= ((GPIO_Init->Pull) << (position * 2U));
 307              		.loc 1 223 36 view .LVU125
 308 00fe 4FF0030C 		mov	ip, #3
ARM GAS  /tmp/ccxvQEkh.s 			page 12


 309 0102 0CFA05FC 		lsl	ip, ip, r5
 223:Drivers/STM32L4xx_HAL_Driver/Src/stm32l4xx_hal_gpio.c ****         temp |= ((GPIO_Init->Pull) << (position * 2U));
 310              		.loc 1 223 14 view .LVU126
 311 0106 24EA0C0C 		bic	ip, r4, ip
 312              	.LVL34:
 224:Drivers/STM32L4xx_HAL_Driver/Src/stm32l4xx_hal_gpio.c ****         GPIOx->PUPDR = temp;
 313              		.loc 1 224 9 is_stmt 1 view .LVU127
 224:Drivers/STM32L4xx_HAL_Driver/Src/stm32l4xx_hal_gpio.c ****         GPIOx->PUPDR = temp;
 314              		.loc 1 224 28 is_stmt 0 view .LVU128
 315 010a 8C68     		ldr	r4, [r1, #8]
 224:Drivers/STM32L4xx_HAL_Driver/Src/stm32l4xx_hal_gpio.c ****         GPIOx->PUPDR = temp;
 316              		.loc 1 224 36 view .LVU129
 317 010c AC40     		lsls	r4, r4, r5
 224:Drivers/STM32L4xx_HAL_Driver/Src/stm32l4xx_hal_gpio.c ****         GPIOx->PUPDR = temp;
 318              		.loc 1 224 14 view .LVU130
 319 010e 44EA0C04 		orr	r4, r4, ip
 320              	.LVL35:
 225:Drivers/STM32L4xx_HAL_Driver/Src/stm32l4xx_hal_gpio.c ****       }
 321              		.loc 1 225 9 is_stmt 1 view .LVU131
 225:Drivers/STM32L4xx_HAL_Driver/Src/stm32l4xx_hal_gpio.c ****       }
 322              		.loc 1 225 22 is_stmt 0 view .LVU132
 323 0112 C460     		str	r4, [r0, #12]
 324              	.LVL36:
 325              	.L5:
 229:Drivers/STM32L4xx_HAL_Driver/Src/stm32l4xx_hal_gpio.c ****       {
 326              		.loc 1 229 7 is_stmt 1 view .LVU133
 229:Drivers/STM32L4xx_HAL_Driver/Src/stm32l4xx_hal_gpio.c ****       {
 327              		.loc 1 229 21 is_stmt 0 view .LVU134
 328 0114 4C68     		ldr	r4, [r1, #4]
 229:Drivers/STM32L4xx_HAL_Driver/Src/stm32l4xx_hal_gpio.c ****       {
 329              		.loc 1 229 28 view .LVU135
 330 0116 04F00304 		and	r4, r4, #3
 229:Drivers/STM32L4xx_HAL_Driver/Src/stm32l4xx_hal_gpio.c ****       {
 331              		.loc 1 229 10 view .LVU136
 332 011a 022C     		cmp	r4, #2
 333 011c 88D0     		beq	.L21
 334              	.L6:
 243:Drivers/STM32L4xx_HAL_Driver/Src/stm32l4xx_hal_gpio.c ****       temp &= ~(GPIO_MODER_MODE0 << (position * 2u));
 335              		.loc 1 243 7 is_stmt 1 view .LVU137
 243:Drivers/STM32L4xx_HAL_Driver/Src/stm32l4xx_hal_gpio.c ****       temp &= ~(GPIO_MODER_MODE0 << (position * 2u));
 336              		.loc 1 243 12 is_stmt 0 view .LVU138
 337 011e 0468     		ldr	r4, [r0]
 338              	.LVL37:
 244:Drivers/STM32L4xx_HAL_Driver/Src/stm32l4xx_hal_gpio.c ****       temp |= ((GPIO_Init->Mode & GPIO_MODE) << (position * 2u));
 339              		.loc 1 244 7 is_stmt 1 view .LVU139
 244:Drivers/STM32L4xx_HAL_Driver/Src/stm32l4xx_hal_gpio.c ****       temp |= ((GPIO_Init->Mode & GPIO_MODE) << (position * 2u));
 340              		.loc 1 244 47 is_stmt 0 view .LVU140
 341 0120 4FEA430E 		lsl	lr, r3, #1
 244:Drivers/STM32L4xx_HAL_Driver/Src/stm32l4xx_hal_gpio.c ****       temp |= ((GPIO_Init->Mode & GPIO_MODE) << (position * 2u));
 342              		.loc 1 244 34 view .LVU141
 343 0124 4FF0030C 		mov	ip, #3
 344 0128 0CFA0EFC 		lsl	ip, ip, lr
 244:Drivers/STM32L4xx_HAL_Driver/Src/stm32l4xx_hal_gpio.c ****       temp |= ((GPIO_Init->Mode & GPIO_MODE) << (position * 2u));
 345              		.loc 1 244 12 view .LVU142
 346 012c 24EA0C0C 		bic	ip, r4, ip
 347              	.LVL38:
 245:Drivers/STM32L4xx_HAL_Driver/Src/stm32l4xx_hal_gpio.c ****       GPIOx->MODER = temp;
ARM GAS  /tmp/ccxvQEkh.s 			page 13


 348              		.loc 1 245 7 is_stmt 1 view .LVU143
 245:Drivers/STM32L4xx_HAL_Driver/Src/stm32l4xx_hal_gpio.c ****       GPIOx->MODER = temp;
 349              		.loc 1 245 26 is_stmt 0 view .LVU144
 350 0130 4C68     		ldr	r4, [r1, #4]
 245:Drivers/STM32L4xx_HAL_Driver/Src/stm32l4xx_hal_gpio.c ****       GPIOx->MODER = temp;
 351              		.loc 1 245 33 view .LVU145
 352 0132 04F00304 		and	r4, r4, #3
 245:Drivers/STM32L4xx_HAL_Driver/Src/stm32l4xx_hal_gpio.c ****       GPIOx->MODER = temp;
 353              		.loc 1 245 46 view .LVU146
 354 0136 04FA0EF4 		lsl	r4, r4, lr
 245:Drivers/STM32L4xx_HAL_Driver/Src/stm32l4xx_hal_gpio.c ****       GPIOx->MODER = temp;
 355              		.loc 1 245 12 view .LVU147
 356 013a 44EA0C04 		orr	r4, r4, ip
 357              	.LVL39:
 246:Drivers/STM32L4xx_HAL_Driver/Src/stm32l4xx_hal_gpio.c **** 
 358              		.loc 1 246 7 is_stmt 1 view .LVU148
 246:Drivers/STM32L4xx_HAL_Driver/Src/stm32l4xx_hal_gpio.c **** 
 359              		.loc 1 246 20 is_stmt 0 view .LVU149
 360 013e 0460     		str	r4, [r0]
 250:Drivers/STM32L4xx_HAL_Driver/Src/stm32l4xx_hal_gpio.c ****       {
 361              		.loc 1 250 7 is_stmt 1 view .LVU150
 250:Drivers/STM32L4xx_HAL_Driver/Src/stm32l4xx_hal_gpio.c ****       {
 362              		.loc 1 250 21 is_stmt 0 view .LVU151
 363 0140 4C68     		ldr	r4, [r1, #4]
 364              	.LVL40:
 250:Drivers/STM32L4xx_HAL_Driver/Src/stm32l4xx_hal_gpio.c ****       {
 365              		.loc 1 250 10 view .LVU152
 366 0142 14F4403F 		tst	r4, #196608
 367 0146 C1D0     		beq	.L3
 253:Drivers/STM32L4xx_HAL_Driver/Src/stm32l4xx_hal_gpio.c **** 
 368              		.loc 1 253 9 is_stmt 1 view .LVU153
 369              	.LBB2:
 253:Drivers/STM32L4xx_HAL_Driver/Src/stm32l4xx_hal_gpio.c **** 
 370              		.loc 1 253 9 view .LVU154
 253:Drivers/STM32L4xx_HAL_Driver/Src/stm32l4xx_hal_gpio.c **** 
 371              		.loc 1 253 9 view .LVU155
 372 0148 1D4C     		ldr	r4, .L23+8
 373 014a 256E     		ldr	r5, [r4, #96]
 374 014c 45F00105 		orr	r5, r5, #1
 375 0150 2566     		str	r5, [r4, #96]
 376              	.LVL41:
 253:Drivers/STM32L4xx_HAL_Driver/Src/stm32l4xx_hal_gpio.c **** 
 377              		.loc 1 253 9 view .LVU156
 378 0152 246E     		ldr	r4, [r4, #96]
 379 0154 04F00104 		and	r4, r4, #1
 380 0158 0194     		str	r4, [sp, #4]
 253:Drivers/STM32L4xx_HAL_Driver/Src/stm32l4xx_hal_gpio.c **** 
 381              		.loc 1 253 9 view .LVU157
 382 015a 019C     		ldr	r4, [sp, #4]
 383              	.LBE2:
 253:Drivers/STM32L4xx_HAL_Driver/Src/stm32l4xx_hal_gpio.c **** 
 384              		.loc 1 253 9 view .LVU158
 255:Drivers/STM32L4xx_HAL_Driver/Src/stm32l4xx_hal_gpio.c ****         temp &= ~(0x0FuL << (4u * (position & 0x03u)));
 385              		.loc 1 255 9 view .LVU159
 255:Drivers/STM32L4xx_HAL_Driver/Src/stm32l4xx_hal_gpio.c ****         temp &= ~(0x0FuL << (4u * (position & 0x03u)));
 386              		.loc 1 255 40 is_stmt 0 view .LVU160
 387 015c 4FEA930C 		lsr	ip, r3, #2
ARM GAS  /tmp/ccxvQEkh.s 			page 14


 255:Drivers/STM32L4xx_HAL_Driver/Src/stm32l4xx_hal_gpio.c ****         temp &= ~(0x0FuL << (4u * (position & 0x03u)));
 388              		.loc 1 255 14 view .LVU161
 389 0160 0CF10205 		add	r5, ip, #2
 390 0164 144C     		ldr	r4, .L23
 391 0166 54F82550 		ldr	r5, [r4, r5, lsl #2]
 392              	.LVL42:
 256:Drivers/STM32L4xx_HAL_Driver/Src/stm32l4xx_hal_gpio.c ****         temp |= (GPIO_GET_INDEX(GPIOx) << (4u * (position & 0x03u)));
 393              		.loc 1 256 9 is_stmt 1 view .LVU162
 256:Drivers/STM32L4xx_HAL_Driver/Src/stm32l4xx_hal_gpio.c ****         temp |= (GPIO_GET_INDEX(GPIOx) << (4u * (position & 0x03u)));
 394              		.loc 1 256 45 is_stmt 0 view .LVU163
 395 016a 03F0030E 		and	lr, r3, #3
 256:Drivers/STM32L4xx_HAL_Driver/Src/stm32l4xx_hal_gpio.c ****         temp |= (GPIO_GET_INDEX(GPIOx) << (4u * (position & 0x03u)));
 396              		.loc 1 256 33 view .LVU164
 397 016e 4FEA8E0E 		lsl	lr, lr, #2
 256:Drivers/STM32L4xx_HAL_Driver/Src/stm32l4xx_hal_gpio.c ****         temp |= (GPIO_GET_INDEX(GPIOx) << (4u * (position & 0x03u)));
 398              		.loc 1 256 26 view .LVU165
 399 0172 0F24     		movs	r4, #15
 400 0174 04FA0EF4 		lsl	r4, r4, lr
 256:Drivers/STM32L4xx_HAL_Driver/Src/stm32l4xx_hal_gpio.c ****         temp |= (GPIO_GET_INDEX(GPIOx) << (4u * (position & 0x03u)));
 401              		.loc 1 256 14 view .LVU166
 402 0178 25EA0405 		bic	r5, r5, r4
 403              	.LVL43:
 257:Drivers/STM32L4xx_HAL_Driver/Src/stm32l4xx_hal_gpio.c ****         SYSCFG->EXTICR[position >> 2u] = temp;
 404              		.loc 1 257 9 is_stmt 1 view .LVU167
 257:Drivers/STM32L4xx_HAL_Driver/Src/stm32l4xx_hal_gpio.c ****         SYSCFG->EXTICR[position >> 2u] = temp;
 405              		.loc 1 257 18 is_stmt 0 view .LVU168
 406 017c B0F1904F 		cmp	r0, #1207959552
 407 0180 3FF46EAF 		beq	.L13
 257:Drivers/STM32L4xx_HAL_Driver/Src/stm32l4xx_hal_gpio.c ****         SYSCFG->EXTICR[position >> 2u] = temp;
 408              		.loc 1 257 18 discriminator 1 view .LVU169
 409 0184 0F4C     		ldr	r4, .L23+12
 410 0186 A042     		cmp	r0, r4
 411 0188 0ED0     		beq	.L14
 257:Drivers/STM32L4xx_HAL_Driver/Src/stm32l4xx_hal_gpio.c ****         SYSCFG->EXTICR[position >> 2u] = temp;
 412              		.loc 1 257 18 discriminator 3 view .LVU170
 413 018a 04F58064 		add	r4, r4, #1024
 414 018e A042     		cmp	r0, r4
 415 0190 0CD0     		beq	.L15
 257:Drivers/STM32L4xx_HAL_Driver/Src/stm32l4xx_hal_gpio.c ****         SYSCFG->EXTICR[position >> 2u] = temp;
 416              		.loc 1 257 18 discriminator 5 view .LVU171
 417 0192 04F58064 		add	r4, r4, #1024
 418 0196 A042     		cmp	r0, r4
 419 0198 0AD0     		beq	.L16
 257:Drivers/STM32L4xx_HAL_Driver/Src/stm32l4xx_hal_gpio.c ****         SYSCFG->EXTICR[position >> 2u] = temp;
 420              		.loc 1 257 18 discriminator 7 view .LVU172
 421 019a 04F58064 		add	r4, r4, #1024
 422 019e A042     		cmp	r0, r4
 423 01a0 3FF45CAF 		beq	.L22
 257:Drivers/STM32L4xx_HAL_Driver/Src/stm32l4xx_hal_gpio.c ****         SYSCFG->EXTICR[position >> 2u] = temp;
 424              		.loc 1 257 18 discriminator 10 view .LVU173
 425 01a4 0724     		movs	r4, #7
 426 01a6 5CE7     		b	.L7
 427              	.L14:
 257:Drivers/STM32L4xx_HAL_Driver/Src/stm32l4xx_hal_gpio.c ****         SYSCFG->EXTICR[position >> 2u] = temp;
 428              		.loc 1 257 18 discriminator 4 view .LVU174
 429 01a8 0124     		movs	r4, #1
 430 01aa 5AE7     		b	.L7
ARM GAS  /tmp/ccxvQEkh.s 			page 15


 431              	.L15:
 257:Drivers/STM32L4xx_HAL_Driver/Src/stm32l4xx_hal_gpio.c ****         SYSCFG->EXTICR[position >> 2u] = temp;
 432              		.loc 1 257 18 discriminator 6 view .LVU175
 433 01ac 0224     		movs	r4, #2
 434 01ae 58E7     		b	.L7
 435              	.L16:
 257:Drivers/STM32L4xx_HAL_Driver/Src/stm32l4xx_hal_gpio.c ****         SYSCFG->EXTICR[position >> 2u] = temp;
 436              		.loc 1 257 18 discriminator 8 view .LVU176
 437 01b0 0324     		movs	r4, #3
 438 01b2 56E7     		b	.L7
 439              	.LVL44:
 440              	.L19:
 297:Drivers/STM32L4xx_HAL_Driver/Src/stm32l4xx_hal_gpio.c ****   }
 298:Drivers/STM32L4xx_HAL_Driver/Src/stm32l4xx_hal_gpio.c **** }
 441              		.loc 1 298 1 view .LVU177
 442 01b4 03B0     		add	sp, sp, #12
 443              	.LCFI2:
 444              		.cfi_def_cfa_offset 20
 445              		@ sp needed
 446 01b6 F0BD     		pop	{r4, r5, r6, r7, pc}
 447              	.L24:
 448              		.align	2
 449              	.L23:
 450 01b8 00000140 		.word	1073807360
 451 01bc 00040140 		.word	1073808384
 452 01c0 00100240 		.word	1073876992
 453 01c4 00040048 		.word	1207960576
 454              		.cfi_endproc
 455              	.LFE384:
 457              		.section	.text.HAL_GPIO_DeInit,"ax",%progbits
 458              		.align	1
 459              		.global	HAL_GPIO_DeInit
 460              		.syntax unified
 461              		.thumb
 462              		.thumb_func
 464              	HAL_GPIO_DeInit:
 465              	.LVL45:
 466              	.LFB385:
 299:Drivers/STM32L4xx_HAL_Driver/Src/stm32l4xx_hal_gpio.c **** 
 300:Drivers/STM32L4xx_HAL_Driver/Src/stm32l4xx_hal_gpio.c **** /**
 301:Drivers/STM32L4xx_HAL_Driver/Src/stm32l4xx_hal_gpio.c ****   * @brief  De-initialize the GPIOx peripheral registers to their default reset values.
 302:Drivers/STM32L4xx_HAL_Driver/Src/stm32l4xx_hal_gpio.c ****   * @param  GPIOx where x can be (A..H) to select the GPIO peripheral for STM32L4 family
 303:Drivers/STM32L4xx_HAL_Driver/Src/stm32l4xx_hal_gpio.c ****   * @param  GPIO_Pin specifies the port bit to be written.
 304:Drivers/STM32L4xx_HAL_Driver/Src/stm32l4xx_hal_gpio.c ****   *         This parameter can be any combination of GPIO_PIN_x where x can be (0..15).
 305:Drivers/STM32L4xx_HAL_Driver/Src/stm32l4xx_hal_gpio.c ****   * @retval None
 306:Drivers/STM32L4xx_HAL_Driver/Src/stm32l4xx_hal_gpio.c ****   */
 307:Drivers/STM32L4xx_HAL_Driver/Src/stm32l4xx_hal_gpio.c **** void HAL_GPIO_DeInit(GPIO_TypeDef  *GPIOx, uint32_t GPIO_Pin)
 308:Drivers/STM32L4xx_HAL_Driver/Src/stm32l4xx_hal_gpio.c **** {
 467              		.loc 1 308 1 is_stmt 1 view -0
 468              		.cfi_startproc
 469              		@ args = 0, pretend = 0, frame = 0
 470              		@ frame_needed = 0, uses_anonymous_args = 0
 309:Drivers/STM32L4xx_HAL_Driver/Src/stm32l4xx_hal_gpio.c ****   uint32_t position = 0x00u;
 471              		.loc 1 309 3 view .LVU179
 310:Drivers/STM32L4xx_HAL_Driver/Src/stm32l4xx_hal_gpio.c ****   uint32_t iocurrent;
 472              		.loc 1 310 3 view .LVU180
 311:Drivers/STM32L4xx_HAL_Driver/Src/stm32l4xx_hal_gpio.c ****   uint32_t tmp;
ARM GAS  /tmp/ccxvQEkh.s 			page 16


 473              		.loc 1 311 3 view .LVU181
 312:Drivers/STM32L4xx_HAL_Driver/Src/stm32l4xx_hal_gpio.c **** 
 313:Drivers/STM32L4xx_HAL_Driver/Src/stm32l4xx_hal_gpio.c ****   /* Check the parameters */
 314:Drivers/STM32L4xx_HAL_Driver/Src/stm32l4xx_hal_gpio.c ****   assert_param(IS_GPIO_ALL_INSTANCE(GPIOx));
 474              		.loc 1 314 3 view .LVU182
 315:Drivers/STM32L4xx_HAL_Driver/Src/stm32l4xx_hal_gpio.c ****   assert_param(IS_GPIO_PIN(GPIO_Pin));
 475              		.loc 1 315 3 view .LVU183
 316:Drivers/STM32L4xx_HAL_Driver/Src/stm32l4xx_hal_gpio.c **** 
 317:Drivers/STM32L4xx_HAL_Driver/Src/stm32l4xx_hal_gpio.c ****   /* Configure the port pins */
 318:Drivers/STM32L4xx_HAL_Driver/Src/stm32l4xx_hal_gpio.c ****   while ((GPIO_Pin >> position) != 0x00u)
 476              		.loc 1 318 3 view .LVU184
 309:Drivers/STM32L4xx_HAL_Driver/Src/stm32l4xx_hal_gpio.c ****   uint32_t iocurrent;
 477              		.loc 1 309 12 is_stmt 0 view .LVU185
 478 0000 0023     		movs	r3, #0
 479              	.LVL46:
 480              		.loc 1 318 33 is_stmt 1 view .LVU186
 481 0002 31FA03F2 		lsrs	r2, r1, r3
 482 0006 7AD0     		beq	.L39
 308:Drivers/STM32L4xx_HAL_Driver/Src/stm32l4xx_hal_gpio.c ****   uint32_t position = 0x00u;
 483              		.loc 1 308 1 is_stmt 0 view .LVU187
 484 0008 F0B5     		push	{r4, r5, r6, r7, lr}
 485              	.LCFI3:
 486              		.cfi_def_cfa_offset 20
 487              		.cfi_offset 4, -20
 488              		.cfi_offset 5, -16
 489              		.cfi_offset 6, -12
 490              		.cfi_offset 7, -8
 491              		.cfi_offset 14, -4
 492 000a 2EE0     		b	.L30
 493              	.LVL47:
 494              	.L42:
 319:Drivers/STM32L4xx_HAL_Driver/Src/stm32l4xx_hal_gpio.c ****   {
 320:Drivers/STM32L4xx_HAL_Driver/Src/stm32l4xx_hal_gpio.c ****     /* Get current io position */
 321:Drivers/STM32L4xx_HAL_Driver/Src/stm32l4xx_hal_gpio.c ****     iocurrent = (GPIO_Pin) & (1uL << position);
 322:Drivers/STM32L4xx_HAL_Driver/Src/stm32l4xx_hal_gpio.c **** 
 323:Drivers/STM32L4xx_HAL_Driver/Src/stm32l4xx_hal_gpio.c ****     if (iocurrent != 0x00u)
 324:Drivers/STM32L4xx_HAL_Driver/Src/stm32l4xx_hal_gpio.c ****     {
 325:Drivers/STM32L4xx_HAL_Driver/Src/stm32l4xx_hal_gpio.c ****       /*------------------------- EXTI Mode Configuration --------------------*/
 326:Drivers/STM32L4xx_HAL_Driver/Src/stm32l4xx_hal_gpio.c ****       /* Clear the External Interrupt or Event for the current IO */
 327:Drivers/STM32L4xx_HAL_Driver/Src/stm32l4xx_hal_gpio.c **** 
 328:Drivers/STM32L4xx_HAL_Driver/Src/stm32l4xx_hal_gpio.c ****       tmp = SYSCFG->EXTICR[position >> 2u];
 329:Drivers/STM32L4xx_HAL_Driver/Src/stm32l4xx_hal_gpio.c ****       tmp &= (0x0FuL << (4u * (position & 0x03u)));
 330:Drivers/STM32L4xx_HAL_Driver/Src/stm32l4xx_hal_gpio.c ****       if (tmp == (GPIO_GET_INDEX(GPIOx) << (4u * (position & 0x03u))))
 495              		.loc 1 330 19 discriminator 9 view .LVU188
 496 000c 0425     		movs	r5, #4
 497 000e 00E0     		b	.L28
 498              	.L31:
 499              		.loc 1 330 19 discriminator 2 view .LVU189
 500 0010 0025     		movs	r5, #0
 501              	.L28:
 502              		.loc 1 330 41 discriminator 20 view .LVU190
 503 0012 05FA0CF5 		lsl	r5, r5, ip
 504              		.loc 1 330 10 discriminator 20 view .LVU191
 505 0016 A542     		cmp	r5, r4
 506 0018 55D0     		beq	.L40
 507              	.LVL48:
 508              	.L29:
ARM GAS  /tmp/ccxvQEkh.s 			page 17


 331:Drivers/STM32L4xx_HAL_Driver/Src/stm32l4xx_hal_gpio.c ****       {
 332:Drivers/STM32L4xx_HAL_Driver/Src/stm32l4xx_hal_gpio.c ****         /* Clear EXTI line configuration */
 333:Drivers/STM32L4xx_HAL_Driver/Src/stm32l4xx_hal_gpio.c ****         EXTI->IMR1 &= ~(iocurrent);
 334:Drivers/STM32L4xx_HAL_Driver/Src/stm32l4xx_hal_gpio.c ****         EXTI->EMR1 &= ~(iocurrent);
 335:Drivers/STM32L4xx_HAL_Driver/Src/stm32l4xx_hal_gpio.c **** 
 336:Drivers/STM32L4xx_HAL_Driver/Src/stm32l4xx_hal_gpio.c ****         /* Clear Rising Falling edge configuration */
 337:Drivers/STM32L4xx_HAL_Driver/Src/stm32l4xx_hal_gpio.c ****         EXTI->FTSR1 &= ~(iocurrent);
 338:Drivers/STM32L4xx_HAL_Driver/Src/stm32l4xx_hal_gpio.c ****         EXTI->RTSR1 &= ~(iocurrent);
 339:Drivers/STM32L4xx_HAL_Driver/Src/stm32l4xx_hal_gpio.c **** 
 340:Drivers/STM32L4xx_HAL_Driver/Src/stm32l4xx_hal_gpio.c ****         tmp = 0x0FuL << (4u * (position & 0x03u));
 341:Drivers/STM32L4xx_HAL_Driver/Src/stm32l4xx_hal_gpio.c ****         SYSCFG->EXTICR[position >> 2u] &= ~tmp;
 342:Drivers/STM32L4xx_HAL_Driver/Src/stm32l4xx_hal_gpio.c ****       }
 343:Drivers/STM32L4xx_HAL_Driver/Src/stm32l4xx_hal_gpio.c **** 
 344:Drivers/STM32L4xx_HAL_Driver/Src/stm32l4xx_hal_gpio.c ****       /*------------------------- GPIO Mode Configuration --------------------*/
 345:Drivers/STM32L4xx_HAL_Driver/Src/stm32l4xx_hal_gpio.c ****       /* Configure IO in Analog Mode */
 346:Drivers/STM32L4xx_HAL_Driver/Src/stm32l4xx_hal_gpio.c ****       GPIOx->MODER |= (GPIO_MODER_MODE0 << (position * 2u));
 509              		.loc 1 346 7 is_stmt 1 view .LVU192
 510              		.loc 1 346 12 is_stmt 0 view .LVU193
 511 001a 0468     		ldr	r4, [r0]
 512              		.loc 1 346 54 view .LVU194
 513 001c 5D00     		lsls	r5, r3, #1
 514              		.loc 1 346 41 view .LVU195
 515 001e 4FF0030C 		mov	ip, #3
 516 0022 0CFA05FC 		lsl	ip, ip, r5
 517              		.loc 1 346 20 view .LVU196
 518 0026 44EA0C04 		orr	r4, r4, ip
 519 002a 0460     		str	r4, [r0]
 347:Drivers/STM32L4xx_HAL_Driver/Src/stm32l4xx_hal_gpio.c **** 
 348:Drivers/STM32L4xx_HAL_Driver/Src/stm32l4xx_hal_gpio.c ****       /* Configure the default Alternate Function in current IO */
 349:Drivers/STM32L4xx_HAL_Driver/Src/stm32l4xx_hal_gpio.c ****       GPIOx->AFR[position >> 3u] &= ~(0xFul << ((position & 0x07u) * 4u)) ;
 520              		.loc 1 349 7 is_stmt 1 view .LVU197
 521              		.loc 1 349 17 is_stmt 0 view .LVU198
 522 002c 4FEAD30E 		lsr	lr, r3, #3
 523 0030 0EF1080E 		add	lr, lr, #8
 524 0034 50F82E40 		ldr	r4, [r0, lr, lsl #2]
 525              		.loc 1 349 59 view .LVU199
 526 0038 03F00706 		and	r6, r3, #7
 527              		.loc 1 349 68 view .LVU200
 528 003c B600     		lsls	r6, r6, #2
 529              		.loc 1 349 45 view .LVU201
 530 003e 0F25     		movs	r5, #15
 531 0040 B540     		lsls	r5, r5, r6
 532              		.loc 1 349 34 view .LVU202
 533 0042 24EA0504 		bic	r4, r4, r5
 534 0046 40F82E40 		str	r4, [r0, lr, lsl #2]
 350:Drivers/STM32L4xx_HAL_Driver/Src/stm32l4xx_hal_gpio.c **** 
 351:Drivers/STM32L4xx_HAL_Driver/Src/stm32l4xx_hal_gpio.c ****       /* Configure the default value for IO Speed */
 352:Drivers/STM32L4xx_HAL_Driver/Src/stm32l4xx_hal_gpio.c ****       GPIOx->OSPEEDR &= ~(GPIO_OSPEEDR_OSPEED0 << (position * 2u));
 535              		.loc 1 352 7 is_stmt 1 view .LVU203
 536              		.loc 1 352 12 is_stmt 0 view .LVU204
 537 004a 8468     		ldr	r4, [r0, #8]
 538              		.loc 1 352 22 view .LVU205
 539 004c 24EA0C04 		bic	r4, r4, ip
 540 0050 8460     		str	r4, [r0, #8]
 353:Drivers/STM32L4xx_HAL_Driver/Src/stm32l4xx_hal_gpio.c **** 
 354:Drivers/STM32L4xx_HAL_Driver/Src/stm32l4xx_hal_gpio.c ****       /* Configure the default value IO Output Type */
 355:Drivers/STM32L4xx_HAL_Driver/Src/stm32l4xx_hal_gpio.c ****       GPIOx->OTYPER  &= ~(GPIO_OTYPER_OT0 << position) ;
ARM GAS  /tmp/ccxvQEkh.s 			page 18


 541              		.loc 1 355 7 is_stmt 1 view .LVU206
 542              		.loc 1 355 12 is_stmt 0 view .LVU207
 543 0052 4468     		ldr	r4, [r0, #4]
 544              		.loc 1 355 22 view .LVU208
 545 0054 24EA0202 		bic	r2, r4, r2
 546              	.LVL49:
 547              		.loc 1 355 22 view .LVU209
 548 0058 4260     		str	r2, [r0, #4]
 356:Drivers/STM32L4xx_HAL_Driver/Src/stm32l4xx_hal_gpio.c **** 
 357:Drivers/STM32L4xx_HAL_Driver/Src/stm32l4xx_hal_gpio.c ****       /* Deactivate the Pull-up and Pull-down resistor for the current IO */
 358:Drivers/STM32L4xx_HAL_Driver/Src/stm32l4xx_hal_gpio.c ****       GPIOx->PUPDR &= ~(GPIO_PUPDR_PUPD0 << (position * 2u));
 549              		.loc 1 358 7 is_stmt 1 view .LVU210
 550              		.loc 1 358 12 is_stmt 0 view .LVU211
 551 005a C268     		ldr	r2, [r0, #12]
 552              		.loc 1 358 20 view .LVU212
 553 005c 22EA0C02 		bic	r2, r2, ip
 554 0060 C260     		str	r2, [r0, #12]
 555              	.L27:
 359:Drivers/STM32L4xx_HAL_Driver/Src/stm32l4xx_hal_gpio.c **** 
 360:Drivers/STM32L4xx_HAL_Driver/Src/stm32l4xx_hal_gpio.c **** #if defined(STM32L471xx) || defined(STM32L475xx) || defined(STM32L476xx) || defined(STM32L485xx) ||
 361:Drivers/STM32L4xx_HAL_Driver/Src/stm32l4xx_hal_gpio.c ****       /* Deactivate the Control bit of Analog mode for the current IO */
 362:Drivers/STM32L4xx_HAL_Driver/Src/stm32l4xx_hal_gpio.c ****       GPIOx->ASCR &= ~(GPIO_ASCR_ASC0<< position);
 363:Drivers/STM32L4xx_HAL_Driver/Src/stm32l4xx_hal_gpio.c **** #endif /* STM32L471xx || STM32L475xx || STM32L476xx || STM32L485xx || STM32L486xx */
 364:Drivers/STM32L4xx_HAL_Driver/Src/stm32l4xx_hal_gpio.c ****     }
 365:Drivers/STM32L4xx_HAL_Driver/Src/stm32l4xx_hal_gpio.c **** 
 366:Drivers/STM32L4xx_HAL_Driver/Src/stm32l4xx_hal_gpio.c ****     position++;
 556              		.loc 1 366 5 is_stmt 1 view .LVU213
 557              		.loc 1 366 13 is_stmt 0 view .LVU214
 558 0062 0133     		adds	r3, r3, #1
 559              	.LVL50:
 318:Drivers/STM32L4xx_HAL_Driver/Src/stm32l4xx_hal_gpio.c ****   {
 560              		.loc 1 318 33 is_stmt 1 view .LVU215
 561 0064 31FA03F2 		lsrs	r2, r1, r3
 562 0068 48D0     		beq	.L41
 563              	.LVL51:
 564              	.L30:
 321:Drivers/STM32L4xx_HAL_Driver/Src/stm32l4xx_hal_gpio.c **** 
 565              		.loc 1 321 5 view .LVU216
 321:Drivers/STM32L4xx_HAL_Driver/Src/stm32l4xx_hal_gpio.c **** 
 566              		.loc 1 321 35 is_stmt 0 view .LVU217
 567 006a 0122     		movs	r2, #1
 568 006c 9A40     		lsls	r2, r2, r3
 569              	.LVL52:
 323:Drivers/STM32L4xx_HAL_Driver/Src/stm32l4xx_hal_gpio.c ****     {
 570              		.loc 1 323 5 is_stmt 1 view .LVU218
 323:Drivers/STM32L4xx_HAL_Driver/Src/stm32l4xx_hal_gpio.c ****     {
 571              		.loc 1 323 8 is_stmt 0 view .LVU219
 572 006e 12EA0107 		ands	r7, r2, r1
 573              	.LVL53:
 323:Drivers/STM32L4xx_HAL_Driver/Src/stm32l4xx_hal_gpio.c ****     {
 574              		.loc 1 323 8 view .LVU220
 575 0072 F6D0     		beq	.L27
 328:Drivers/STM32L4xx_HAL_Driver/Src/stm32l4xx_hal_gpio.c ****       tmp &= (0x0FuL << (4u * (position & 0x03u)));
 576              		.loc 1 328 7 is_stmt 1 view .LVU221
 328:Drivers/STM32L4xx_HAL_Driver/Src/stm32l4xx_hal_gpio.c ****       tmp &= (0x0FuL << (4u * (position & 0x03u)));
 577              		.loc 1 328 37 is_stmt 0 view .LVU222
 578 0074 4FEA930E 		lsr	lr, r3, #2
ARM GAS  /tmp/ccxvQEkh.s 			page 19


 328:Drivers/STM32L4xx_HAL_Driver/Src/stm32l4xx_hal_gpio.c ****       tmp &= (0x0FuL << (4u * (position & 0x03u)));
 579              		.loc 1 328 11 view .LVU223
 580 0078 0EF10205 		add	r5, lr, #2
 581 007c 204C     		ldr	r4, .L43
 582 007e 54F82540 		ldr	r4, [r4, r5, lsl #2]
 583              	.LVL54:
 329:Drivers/STM32L4xx_HAL_Driver/Src/stm32l4xx_hal_gpio.c ****       if (tmp == (GPIO_GET_INDEX(GPIOx) << (4u * (position & 0x03u))))
 584              		.loc 1 329 7 is_stmt 1 view .LVU224
 329:Drivers/STM32L4xx_HAL_Driver/Src/stm32l4xx_hal_gpio.c ****       if (tmp == (GPIO_GET_INDEX(GPIOx) << (4u * (position & 0x03u))))
 585              		.loc 1 329 41 is_stmt 0 view .LVU225
 586 0082 03F0030C 		and	ip, r3, #3
 329:Drivers/STM32L4xx_HAL_Driver/Src/stm32l4xx_hal_gpio.c ****       if (tmp == (GPIO_GET_INDEX(GPIOx) << (4u * (position & 0x03u))))
 587              		.loc 1 329 29 view .LVU226
 588 0086 4FEA8C0C 		lsl	ip, ip, #2
 329:Drivers/STM32L4xx_HAL_Driver/Src/stm32l4xx_hal_gpio.c ****       if (tmp == (GPIO_GET_INDEX(GPIOx) << (4u * (position & 0x03u))))
 589              		.loc 1 329 22 view .LVU227
 590 008a 0F25     		movs	r5, #15
 591 008c 05FA0CF6 		lsl	r6, r5, ip
 329:Drivers/STM32L4xx_HAL_Driver/Src/stm32l4xx_hal_gpio.c ****       if (tmp == (GPIO_GET_INDEX(GPIOx) << (4u * (position & 0x03u))))
 592              		.loc 1 329 11 view .LVU228
 593 0090 3440     		ands	r4, r4, r6
 594              	.LVL55:
 330:Drivers/STM32L4xx_HAL_Driver/Src/stm32l4xx_hal_gpio.c ****       {
 595              		.loc 1 330 7 is_stmt 1 view .LVU229
 330:Drivers/STM32L4xx_HAL_Driver/Src/stm32l4xx_hal_gpio.c ****       {
 596              		.loc 1 330 19 is_stmt 0 view .LVU230
 597 0092 B0F1904F 		cmp	r0, #1207959552
 598 0096 BBD0     		beq	.L31
 330:Drivers/STM32L4xx_HAL_Driver/Src/stm32l4xx_hal_gpio.c ****       {
 599              		.loc 1 330 19 discriminator 1 view .LVU231
 600 0098 1A4D     		ldr	r5, .L43+4
 601 009a A842     		cmp	r0, r5
 602 009c 0DD0     		beq	.L32
 330:Drivers/STM32L4xx_HAL_Driver/Src/stm32l4xx_hal_gpio.c ****       {
 603              		.loc 1 330 19 discriminator 3 view .LVU232
 604 009e 05F58065 		add	r5, r5, #1024
 605 00a2 A842     		cmp	r0, r5
 606 00a4 0BD0     		beq	.L33
 330:Drivers/STM32L4xx_HAL_Driver/Src/stm32l4xx_hal_gpio.c ****       {
 607              		.loc 1 330 19 discriminator 5 view .LVU233
 608 00a6 05F58065 		add	r5, r5, #1024
 609 00aa A842     		cmp	r0, r5
 610 00ac 09D0     		beq	.L34
 330:Drivers/STM32L4xx_HAL_Driver/Src/stm32l4xx_hal_gpio.c ****       {
 611              		.loc 1 330 19 discriminator 7 view .LVU234
 612 00ae 05F58065 		add	r5, r5, #1024
 613 00b2 A842     		cmp	r0, r5
 614 00b4 AAD0     		beq	.L42
 330:Drivers/STM32L4xx_HAL_Driver/Src/stm32l4xx_hal_gpio.c ****       {
 615              		.loc 1 330 19 discriminator 10 view .LVU235
 616 00b6 0725     		movs	r5, #7
 617 00b8 ABE7     		b	.L28
 618              	.L32:
 330:Drivers/STM32L4xx_HAL_Driver/Src/stm32l4xx_hal_gpio.c ****       {
 619              		.loc 1 330 19 discriminator 4 view .LVU236
 620 00ba 0125     		movs	r5, #1
 621 00bc A9E7     		b	.L28
ARM GAS  /tmp/ccxvQEkh.s 			page 20


 622              	.L33:
 330:Drivers/STM32L4xx_HAL_Driver/Src/stm32l4xx_hal_gpio.c ****       {
 623              		.loc 1 330 19 discriminator 6 view .LVU237
 624 00be 0225     		movs	r5, #2
 625 00c0 A7E7     		b	.L28
 626              	.L34:
 330:Drivers/STM32L4xx_HAL_Driver/Src/stm32l4xx_hal_gpio.c ****       {
 627              		.loc 1 330 19 discriminator 8 view .LVU238
 628 00c2 0325     		movs	r5, #3
 629 00c4 A5E7     		b	.L28
 630              	.L40:
 333:Drivers/STM32L4xx_HAL_Driver/Src/stm32l4xx_hal_gpio.c ****         EXTI->EMR1 &= ~(iocurrent);
 631              		.loc 1 333 9 is_stmt 1 view .LVU239
 333:Drivers/STM32L4xx_HAL_Driver/Src/stm32l4xx_hal_gpio.c ****         EXTI->EMR1 &= ~(iocurrent);
 632              		.loc 1 333 13 is_stmt 0 view .LVU240
 633 00c6 104C     		ldr	r4, .L43+8
 634              	.LVL56:
 333:Drivers/STM32L4xx_HAL_Driver/Src/stm32l4xx_hal_gpio.c ****         EXTI->EMR1 &= ~(iocurrent);
 635              		.loc 1 333 13 view .LVU241
 636 00c8 2568     		ldr	r5, [r4]
 333:Drivers/STM32L4xx_HAL_Driver/Src/stm32l4xx_hal_gpio.c ****         EXTI->EMR1 &= ~(iocurrent);
 637              		.loc 1 333 20 view .LVU242
 638 00ca 25EA0705 		bic	r5, r5, r7
 639 00ce 2560     		str	r5, [r4]
 334:Drivers/STM32L4xx_HAL_Driver/Src/stm32l4xx_hal_gpio.c **** 
 640              		.loc 1 334 9 is_stmt 1 view .LVU243
 334:Drivers/STM32L4xx_HAL_Driver/Src/stm32l4xx_hal_gpio.c **** 
 641              		.loc 1 334 13 is_stmt 0 view .LVU244
 642 00d0 6568     		ldr	r5, [r4, #4]
 334:Drivers/STM32L4xx_HAL_Driver/Src/stm32l4xx_hal_gpio.c **** 
 643              		.loc 1 334 20 view .LVU245
 644 00d2 25EA0705 		bic	r5, r5, r7
 645 00d6 6560     		str	r5, [r4, #4]
 337:Drivers/STM32L4xx_HAL_Driver/Src/stm32l4xx_hal_gpio.c ****         EXTI->RTSR1 &= ~(iocurrent);
 646              		.loc 1 337 9 is_stmt 1 view .LVU246
 337:Drivers/STM32L4xx_HAL_Driver/Src/stm32l4xx_hal_gpio.c ****         EXTI->RTSR1 &= ~(iocurrent);
 647              		.loc 1 337 13 is_stmt 0 view .LVU247
 648 00d8 E568     		ldr	r5, [r4, #12]
 337:Drivers/STM32L4xx_HAL_Driver/Src/stm32l4xx_hal_gpio.c ****         EXTI->RTSR1 &= ~(iocurrent);
 649              		.loc 1 337 21 view .LVU248
 650 00da 25EA0705 		bic	r5, r5, r7
 651 00de E560     		str	r5, [r4, #12]
 338:Drivers/STM32L4xx_HAL_Driver/Src/stm32l4xx_hal_gpio.c **** 
 652              		.loc 1 338 9 is_stmt 1 view .LVU249
 338:Drivers/STM32L4xx_HAL_Driver/Src/stm32l4xx_hal_gpio.c **** 
 653              		.loc 1 338 13 is_stmt 0 view .LVU250
 654 00e0 A568     		ldr	r5, [r4, #8]
 338:Drivers/STM32L4xx_HAL_Driver/Src/stm32l4xx_hal_gpio.c **** 
 655              		.loc 1 338 21 view .LVU251
 656 00e2 25EA0705 		bic	r5, r5, r7
 657 00e6 A560     		str	r5, [r4, #8]
 340:Drivers/STM32L4xx_HAL_Driver/Src/stm32l4xx_hal_gpio.c ****         SYSCFG->EXTICR[position >> 2u] &= ~tmp;
 658              		.loc 1 340 9 is_stmt 1 view .LVU252
 659              	.LVL57:
 341:Drivers/STM32L4xx_HAL_Driver/Src/stm32l4xx_hal_gpio.c ****       }
 660              		.loc 1 341 9 view .LVU253
 341:Drivers/STM32L4xx_HAL_Driver/Src/stm32l4xx_hal_gpio.c ****       }
ARM GAS  /tmp/ccxvQEkh.s 			page 21


 661              		.loc 1 341 23 is_stmt 0 view .LVU254
 662 00e8 054F     		ldr	r7, .L43
 663              	.LVL58:
 341:Drivers/STM32L4xx_HAL_Driver/Src/stm32l4xx_hal_gpio.c ****       }
 664              		.loc 1 341 23 view .LVU255
 665 00ea 0EF10204 		add	r4, lr, #2
 666 00ee 57F82450 		ldr	r5, [r7, r4, lsl #2]
 341:Drivers/STM32L4xx_HAL_Driver/Src/stm32l4xx_hal_gpio.c ****       }
 667              		.loc 1 341 40 view .LVU256
 668 00f2 25EA0605 		bic	r5, r5, r6
 669 00f6 47F82450 		str	r5, [r7, r4, lsl #2]
 670 00fa 8EE7     		b	.L29
 671              	.LVL59:
 672              	.L41:
 367:Drivers/STM32L4xx_HAL_Driver/Src/stm32l4xx_hal_gpio.c ****   }
 368:Drivers/STM32L4xx_HAL_Driver/Src/stm32l4xx_hal_gpio.c **** }
 673              		.loc 1 368 1 view .LVU257
 674 00fc F0BD     		pop	{r4, r5, r6, r7, pc}
 675              	.LVL60:
 676              	.L39:
 677              	.LCFI4:
 678              		.cfi_def_cfa_offset 0
 679              		.cfi_restore 4
 680              		.cfi_restore 5
 681              		.cfi_restore 6
 682              		.cfi_restore 7
 683              		.cfi_restore 14
 684              		.loc 1 368 1 view .LVU258
 685 00fe 7047     		bx	lr
 686              	.L44:
 687              		.align	2
 688              	.L43:
 689 0100 00000140 		.word	1073807360
 690 0104 00040048 		.word	1207960576
 691 0108 00040140 		.word	1073808384
 692              		.cfi_endproc
 693              	.LFE385:
 695              		.section	.text.HAL_GPIO_ReadPin,"ax",%progbits
 696              		.align	1
 697              		.global	HAL_GPIO_ReadPin
 698              		.syntax unified
 699              		.thumb
 700              		.thumb_func
 702              	HAL_GPIO_ReadPin:
 703              	.LVL61:
 704              	.LFB386:
 369:Drivers/STM32L4xx_HAL_Driver/Src/stm32l4xx_hal_gpio.c **** 
 370:Drivers/STM32L4xx_HAL_Driver/Src/stm32l4xx_hal_gpio.c **** /**
 371:Drivers/STM32L4xx_HAL_Driver/Src/stm32l4xx_hal_gpio.c ****   * @}
 372:Drivers/STM32L4xx_HAL_Driver/Src/stm32l4xx_hal_gpio.c ****   */
 373:Drivers/STM32L4xx_HAL_Driver/Src/stm32l4xx_hal_gpio.c **** 
 374:Drivers/STM32L4xx_HAL_Driver/Src/stm32l4xx_hal_gpio.c **** /** @defgroup GPIO_Exported_Functions_Group2 IO operation functions
 375:Drivers/STM32L4xx_HAL_Driver/Src/stm32l4xx_hal_gpio.c ****  *  @brief GPIO Read, Write, Toggle, Lock and EXTI management functions.
 376:Drivers/STM32L4xx_HAL_Driver/Src/stm32l4xx_hal_gpio.c ****  *
 377:Drivers/STM32L4xx_HAL_Driver/Src/stm32l4xx_hal_gpio.c **** @verbatim
 378:Drivers/STM32L4xx_HAL_Driver/Src/stm32l4xx_hal_gpio.c ****  ===============================================================================
 379:Drivers/STM32L4xx_HAL_Driver/Src/stm32l4xx_hal_gpio.c ****                        ##### IO operation functions #####
ARM GAS  /tmp/ccxvQEkh.s 			page 22


 380:Drivers/STM32L4xx_HAL_Driver/Src/stm32l4xx_hal_gpio.c ****  ===============================================================================
 381:Drivers/STM32L4xx_HAL_Driver/Src/stm32l4xx_hal_gpio.c **** 
 382:Drivers/STM32L4xx_HAL_Driver/Src/stm32l4xx_hal_gpio.c **** @endverbatim
 383:Drivers/STM32L4xx_HAL_Driver/Src/stm32l4xx_hal_gpio.c ****   * @{
 384:Drivers/STM32L4xx_HAL_Driver/Src/stm32l4xx_hal_gpio.c ****   */
 385:Drivers/STM32L4xx_HAL_Driver/Src/stm32l4xx_hal_gpio.c **** 
 386:Drivers/STM32L4xx_HAL_Driver/Src/stm32l4xx_hal_gpio.c **** /**
 387:Drivers/STM32L4xx_HAL_Driver/Src/stm32l4xx_hal_gpio.c ****   * @brief  Read the specified input port pin.
 388:Drivers/STM32L4xx_HAL_Driver/Src/stm32l4xx_hal_gpio.c ****   * @param  GPIOx where x can be (A..H) to select the GPIO peripheral for STM32L4 family
 389:Drivers/STM32L4xx_HAL_Driver/Src/stm32l4xx_hal_gpio.c ****   * @param  GPIO_Pin specifies the port bit to read.
 390:Drivers/STM32L4xx_HAL_Driver/Src/stm32l4xx_hal_gpio.c ****   *         This parameter can be any combination of GPIO_PIN_x where x can be (0..15).
 391:Drivers/STM32L4xx_HAL_Driver/Src/stm32l4xx_hal_gpio.c ****   * @retval The input port pin value.
 392:Drivers/STM32L4xx_HAL_Driver/Src/stm32l4xx_hal_gpio.c ****   */
 393:Drivers/STM32L4xx_HAL_Driver/Src/stm32l4xx_hal_gpio.c **** GPIO_PinState HAL_GPIO_ReadPin(GPIO_TypeDef* GPIOx, uint16_t GPIO_Pin)
 394:Drivers/STM32L4xx_HAL_Driver/Src/stm32l4xx_hal_gpio.c **** {
 705              		.loc 1 394 1 is_stmt 1 view -0
 706              		.cfi_startproc
 707              		@ args = 0, pretend = 0, frame = 0
 708              		@ frame_needed = 0, uses_anonymous_args = 0
 709              		@ link register save eliminated.
 395:Drivers/STM32L4xx_HAL_Driver/Src/stm32l4xx_hal_gpio.c ****   GPIO_PinState bitstatus;
 710              		.loc 1 395 3 view .LVU260
 396:Drivers/STM32L4xx_HAL_Driver/Src/stm32l4xx_hal_gpio.c **** 
 397:Drivers/STM32L4xx_HAL_Driver/Src/stm32l4xx_hal_gpio.c ****   /* Check the parameters */
 398:Drivers/STM32L4xx_HAL_Driver/Src/stm32l4xx_hal_gpio.c ****   assert_param(IS_GPIO_PIN(GPIO_Pin));
 711              		.loc 1 398 3 view .LVU261
 399:Drivers/STM32L4xx_HAL_Driver/Src/stm32l4xx_hal_gpio.c **** 
 400:Drivers/STM32L4xx_HAL_Driver/Src/stm32l4xx_hal_gpio.c ****   if ((GPIOx->IDR & GPIO_Pin) != 0x00u)
 712              		.loc 1 400 3 view .LVU262
 713              		.loc 1 400 13 is_stmt 0 view .LVU263
 714 0000 0369     		ldr	r3, [r0, #16]
 715              		.loc 1 400 6 view .LVU264
 716 0002 1942     		tst	r1, r3
 717 0004 01D0     		beq	.L47
 401:Drivers/STM32L4xx_HAL_Driver/Src/stm32l4xx_hal_gpio.c ****   {
 402:Drivers/STM32L4xx_HAL_Driver/Src/stm32l4xx_hal_gpio.c ****     bitstatus = GPIO_PIN_SET;
 718              		.loc 1 402 15 view .LVU265
 719 0006 0120     		movs	r0, #1
 720              	.LVL62:
 721              		.loc 1 402 15 view .LVU266
 722 0008 7047     		bx	lr
 723              	.LVL63:
 724              	.L47:
 403:Drivers/STM32L4xx_HAL_Driver/Src/stm32l4xx_hal_gpio.c ****   }
 404:Drivers/STM32L4xx_HAL_Driver/Src/stm32l4xx_hal_gpio.c ****   else
 405:Drivers/STM32L4xx_HAL_Driver/Src/stm32l4xx_hal_gpio.c ****   {
 406:Drivers/STM32L4xx_HAL_Driver/Src/stm32l4xx_hal_gpio.c ****     bitstatus = GPIO_PIN_RESET;
 725              		.loc 1 406 15 view .LVU267
 726 000a 0020     		movs	r0, #0
 727              	.LVL64:
 407:Drivers/STM32L4xx_HAL_Driver/Src/stm32l4xx_hal_gpio.c ****   }
 408:Drivers/STM32L4xx_HAL_Driver/Src/stm32l4xx_hal_gpio.c ****   return bitstatus;
 728              		.loc 1 408 3 is_stmt 1 view .LVU268
 409:Drivers/STM32L4xx_HAL_Driver/Src/stm32l4xx_hal_gpio.c **** }
 729              		.loc 1 409 1 is_stmt 0 view .LVU269
 730 000c 7047     		bx	lr
 731              		.cfi_endproc
ARM GAS  /tmp/ccxvQEkh.s 			page 23


 732              	.LFE386:
 734              		.section	.text.HAL_GPIO_WritePin,"ax",%progbits
 735              		.align	1
 736              		.global	HAL_GPIO_WritePin
 737              		.syntax unified
 738              		.thumb
 739              		.thumb_func
 741              	HAL_GPIO_WritePin:
 742              	.LVL65:
 743              	.LFB387:
 410:Drivers/STM32L4xx_HAL_Driver/Src/stm32l4xx_hal_gpio.c **** 
 411:Drivers/STM32L4xx_HAL_Driver/Src/stm32l4xx_hal_gpio.c **** /**
 412:Drivers/STM32L4xx_HAL_Driver/Src/stm32l4xx_hal_gpio.c ****   * @brief  Set or clear the selected data port bit.
 413:Drivers/STM32L4xx_HAL_Driver/Src/stm32l4xx_hal_gpio.c ****   *
 414:Drivers/STM32L4xx_HAL_Driver/Src/stm32l4xx_hal_gpio.c ****   * @note   This function uses GPIOx_BSRR and GPIOx_BRR registers to allow atomic read/modify
 415:Drivers/STM32L4xx_HAL_Driver/Src/stm32l4xx_hal_gpio.c ****   *         accesses. In this way, there is no risk of an IRQ occurring between
 416:Drivers/STM32L4xx_HAL_Driver/Src/stm32l4xx_hal_gpio.c ****   *         the read and the modify access.
 417:Drivers/STM32L4xx_HAL_Driver/Src/stm32l4xx_hal_gpio.c ****   *
 418:Drivers/STM32L4xx_HAL_Driver/Src/stm32l4xx_hal_gpio.c ****   * @param  GPIOx where x can be (A..H) to select the GPIO peripheral for STM32L4 family
 419:Drivers/STM32L4xx_HAL_Driver/Src/stm32l4xx_hal_gpio.c ****   * @param  GPIO_Pin specifies the port bit to be written.
 420:Drivers/STM32L4xx_HAL_Driver/Src/stm32l4xx_hal_gpio.c ****   *         This parameter can be any combination of GPIO_PIN_x where x can be (0..15).
 421:Drivers/STM32L4xx_HAL_Driver/Src/stm32l4xx_hal_gpio.c ****   * @param  PinState specifies the value to be written to the selected bit.
 422:Drivers/STM32L4xx_HAL_Driver/Src/stm32l4xx_hal_gpio.c ****   *         This parameter can be one of the GPIO_PinState enum values:
 423:Drivers/STM32L4xx_HAL_Driver/Src/stm32l4xx_hal_gpio.c ****   *            @arg GPIO_PIN_RESET: to clear the port pin
 424:Drivers/STM32L4xx_HAL_Driver/Src/stm32l4xx_hal_gpio.c ****   *            @arg GPIO_PIN_SET: to set the port pin
 425:Drivers/STM32L4xx_HAL_Driver/Src/stm32l4xx_hal_gpio.c ****   * @retval None
 426:Drivers/STM32L4xx_HAL_Driver/Src/stm32l4xx_hal_gpio.c ****   */
 427:Drivers/STM32L4xx_HAL_Driver/Src/stm32l4xx_hal_gpio.c **** void HAL_GPIO_WritePin(GPIO_TypeDef* GPIOx, uint16_t GPIO_Pin, GPIO_PinState PinState)
 428:Drivers/STM32L4xx_HAL_Driver/Src/stm32l4xx_hal_gpio.c **** {
 744              		.loc 1 428 1 is_stmt 1 view -0
 745              		.cfi_startproc
 746              		@ args = 0, pretend = 0, frame = 0
 747              		@ frame_needed = 0, uses_anonymous_args = 0
 748              		@ link register save eliminated.
 429:Drivers/STM32L4xx_HAL_Driver/Src/stm32l4xx_hal_gpio.c ****   /* Check the parameters */
 430:Drivers/STM32L4xx_HAL_Driver/Src/stm32l4xx_hal_gpio.c ****   assert_param(IS_GPIO_PIN(GPIO_Pin));
 749              		.loc 1 430 3 view .LVU271
 431:Drivers/STM32L4xx_HAL_Driver/Src/stm32l4xx_hal_gpio.c ****   assert_param(IS_GPIO_PIN_ACTION(PinState));
 750              		.loc 1 431 3 view .LVU272
 432:Drivers/STM32L4xx_HAL_Driver/Src/stm32l4xx_hal_gpio.c **** 
 433:Drivers/STM32L4xx_HAL_Driver/Src/stm32l4xx_hal_gpio.c ****   if(PinState != GPIO_PIN_RESET)
 751              		.loc 1 433 3 view .LVU273
 752              		.loc 1 433 5 is_stmt 0 view .LVU274
 753 0000 0AB1     		cbz	r2, .L49
 434:Drivers/STM32L4xx_HAL_Driver/Src/stm32l4xx_hal_gpio.c ****   {
 435:Drivers/STM32L4xx_HAL_Driver/Src/stm32l4xx_hal_gpio.c ****     GPIOx->BSRR = (uint32_t)GPIO_Pin;
 754              		.loc 1 435 5 is_stmt 1 view .LVU275
 755              		.loc 1 435 17 is_stmt 0 view .LVU276
 756 0002 8161     		str	r1, [r0, #24]
 757 0004 7047     		bx	lr
 758              	.L49:
 436:Drivers/STM32L4xx_HAL_Driver/Src/stm32l4xx_hal_gpio.c ****   }
 437:Drivers/STM32L4xx_HAL_Driver/Src/stm32l4xx_hal_gpio.c ****   else
 438:Drivers/STM32L4xx_HAL_Driver/Src/stm32l4xx_hal_gpio.c ****   {
 439:Drivers/STM32L4xx_HAL_Driver/Src/stm32l4xx_hal_gpio.c ****     GPIOx->BRR = (uint32_t)GPIO_Pin;
 759              		.loc 1 439 5 is_stmt 1 view .LVU277
 760              		.loc 1 439 16 is_stmt 0 view .LVU278
ARM GAS  /tmp/ccxvQEkh.s 			page 24


 761 0006 8162     		str	r1, [r0, #40]
 440:Drivers/STM32L4xx_HAL_Driver/Src/stm32l4xx_hal_gpio.c ****   }
 441:Drivers/STM32L4xx_HAL_Driver/Src/stm32l4xx_hal_gpio.c **** }
 762              		.loc 1 441 1 view .LVU279
 763 0008 7047     		bx	lr
 764              		.cfi_endproc
 765              	.LFE387:
 767              		.section	.text.HAL_GPIO_TogglePin,"ax",%progbits
 768              		.align	1
 769              		.global	HAL_GPIO_TogglePin
 770              		.syntax unified
 771              		.thumb
 772              		.thumb_func
 774              	HAL_GPIO_TogglePin:
 775              	.LVL66:
 776              	.LFB388:
 442:Drivers/STM32L4xx_HAL_Driver/Src/stm32l4xx_hal_gpio.c **** 
 443:Drivers/STM32L4xx_HAL_Driver/Src/stm32l4xx_hal_gpio.c **** /**
 444:Drivers/STM32L4xx_HAL_Driver/Src/stm32l4xx_hal_gpio.c ****   * @brief  Toggle the specified GPIO pin.
 445:Drivers/STM32L4xx_HAL_Driver/Src/stm32l4xx_hal_gpio.c ****   * @param  GPIOx where x can be (A..H) to select the GPIO peripheral for STM32L4 family
 446:Drivers/STM32L4xx_HAL_Driver/Src/stm32l4xx_hal_gpio.c ****   * @param  GPIO_Pin specifies the pin to be toggled.
 447:Drivers/STM32L4xx_HAL_Driver/Src/stm32l4xx_hal_gpio.c ****   * @retval None
 448:Drivers/STM32L4xx_HAL_Driver/Src/stm32l4xx_hal_gpio.c ****   */
 449:Drivers/STM32L4xx_HAL_Driver/Src/stm32l4xx_hal_gpio.c **** void HAL_GPIO_TogglePin(GPIO_TypeDef* GPIOx, uint16_t GPIO_Pin)
 450:Drivers/STM32L4xx_HAL_Driver/Src/stm32l4xx_hal_gpio.c **** {
 777              		.loc 1 450 1 is_stmt 1 view -0
 778              		.cfi_startproc
 779              		@ args = 0, pretend = 0, frame = 0
 780              		@ frame_needed = 0, uses_anonymous_args = 0
 781              		@ link register save eliminated.
 451:Drivers/STM32L4xx_HAL_Driver/Src/stm32l4xx_hal_gpio.c ****   uint32_t odr;
 782              		.loc 1 451 3 view .LVU281
 452:Drivers/STM32L4xx_HAL_Driver/Src/stm32l4xx_hal_gpio.c **** 
 453:Drivers/STM32L4xx_HAL_Driver/Src/stm32l4xx_hal_gpio.c ****   /* Check the parameters */
 454:Drivers/STM32L4xx_HAL_Driver/Src/stm32l4xx_hal_gpio.c ****   assert_param(IS_GPIO_PIN(GPIO_Pin));
 783              		.loc 1 454 3 view .LVU282
 455:Drivers/STM32L4xx_HAL_Driver/Src/stm32l4xx_hal_gpio.c **** 
 456:Drivers/STM32L4xx_HAL_Driver/Src/stm32l4xx_hal_gpio.c ****   /* get current Output Data Register value */
 457:Drivers/STM32L4xx_HAL_Driver/Src/stm32l4xx_hal_gpio.c ****   odr = GPIOx->ODR;
 784              		.loc 1 457 3 view .LVU283
 785              		.loc 1 457 7 is_stmt 0 view .LVU284
 786 0000 4369     		ldr	r3, [r0, #20]
 787              	.LVL67:
 458:Drivers/STM32L4xx_HAL_Driver/Src/stm32l4xx_hal_gpio.c **** 
 459:Drivers/STM32L4xx_HAL_Driver/Src/stm32l4xx_hal_gpio.c ****   /* Set selected pins that were at low level, and reset ones that were high */
 460:Drivers/STM32L4xx_HAL_Driver/Src/stm32l4xx_hal_gpio.c ****   GPIOx->BSRR = ((odr & GPIO_Pin) << GPIO_NUMBER) | (~odr & GPIO_Pin);
 788              		.loc 1 460 3 is_stmt 1 view .LVU285
 789              		.loc 1 460 23 is_stmt 0 view .LVU286
 790 0002 01EA0302 		and	r2, r1, r3
 791              		.loc 1 460 59 view .LVU287
 792 0006 21EA0301 		bic	r1, r1, r3
 793              	.LVL68:
 794              		.loc 1 460 51 view .LVU288
 795 000a 41EA0241 		orr	r1, r1, r2, lsl #16
 796              		.loc 1 460 15 view .LVU289
 797 000e 8161     		str	r1, [r0, #24]
 461:Drivers/STM32L4xx_HAL_Driver/Src/stm32l4xx_hal_gpio.c **** }
ARM GAS  /tmp/ccxvQEkh.s 			page 25


 798              		.loc 1 461 1 view .LVU290
 799 0010 7047     		bx	lr
 800              		.cfi_endproc
 801              	.LFE388:
 803              		.section	.text.HAL_GPIO_LockPin,"ax",%progbits
 804              		.align	1
 805              		.global	HAL_GPIO_LockPin
 806              		.syntax unified
 807              		.thumb
 808              		.thumb_func
 810              	HAL_GPIO_LockPin:
 811              	.LVL69:
 812              	.LFB389:
 462:Drivers/STM32L4xx_HAL_Driver/Src/stm32l4xx_hal_gpio.c **** 
 463:Drivers/STM32L4xx_HAL_Driver/Src/stm32l4xx_hal_gpio.c **** /**
 464:Drivers/STM32L4xx_HAL_Driver/Src/stm32l4xx_hal_gpio.c **** * @brief  Lock GPIO Pins configuration registers.
 465:Drivers/STM32L4xx_HAL_Driver/Src/stm32l4xx_hal_gpio.c ****   * @note   The locked registers are GPIOx_MODER, GPIOx_OTYPER, GPIOx_OSPEEDR,
 466:Drivers/STM32L4xx_HAL_Driver/Src/stm32l4xx_hal_gpio.c ****   *         GPIOx_PUPDR, GPIOx_AFRL and GPIOx_AFRH.
 467:Drivers/STM32L4xx_HAL_Driver/Src/stm32l4xx_hal_gpio.c ****   * @note   The configuration of the locked GPIO pins can no longer be modified
 468:Drivers/STM32L4xx_HAL_Driver/Src/stm32l4xx_hal_gpio.c ****   *         until the next reset.
 469:Drivers/STM32L4xx_HAL_Driver/Src/stm32l4xx_hal_gpio.c ****   * @param  GPIOx where x can be (A..H) to select the GPIO peripheral for STM32L4 family
 470:Drivers/STM32L4xx_HAL_Driver/Src/stm32l4xx_hal_gpio.c ****   * @param  GPIO_Pin specifies the port bits to be locked.
 471:Drivers/STM32L4xx_HAL_Driver/Src/stm32l4xx_hal_gpio.c ****   *         This parameter can be any combination of GPIO_PIN_x where x can be (0..15).
 472:Drivers/STM32L4xx_HAL_Driver/Src/stm32l4xx_hal_gpio.c ****   * @retval None
 473:Drivers/STM32L4xx_HAL_Driver/Src/stm32l4xx_hal_gpio.c ****   */
 474:Drivers/STM32L4xx_HAL_Driver/Src/stm32l4xx_hal_gpio.c **** HAL_StatusTypeDef HAL_GPIO_LockPin(GPIO_TypeDef* GPIOx, uint16_t GPIO_Pin)
 475:Drivers/STM32L4xx_HAL_Driver/Src/stm32l4xx_hal_gpio.c **** {
 813              		.loc 1 475 1 is_stmt 1 view -0
 814              		.cfi_startproc
 815              		@ args = 0, pretend = 0, frame = 8
 816              		@ frame_needed = 0, uses_anonymous_args = 0
 817              		@ link register save eliminated.
 818              		.loc 1 475 1 is_stmt 0 view .LVU292
 819 0000 82B0     		sub	sp, sp, #8
 820              	.LCFI5:
 821              		.cfi_def_cfa_offset 8
 476:Drivers/STM32L4xx_HAL_Driver/Src/stm32l4xx_hal_gpio.c ****   __IO uint32_t tmp = GPIO_LCKR_LCKK;
 822              		.loc 1 476 3 is_stmt 1 view .LVU293
 823              		.loc 1 476 17 is_stmt 0 view .LVU294
 824 0002 4FF48033 		mov	r3, #65536
 825 0006 0193     		str	r3, [sp, #4]
 477:Drivers/STM32L4xx_HAL_Driver/Src/stm32l4xx_hal_gpio.c **** 
 478:Drivers/STM32L4xx_HAL_Driver/Src/stm32l4xx_hal_gpio.c ****   /* Check the parameters */
 479:Drivers/STM32L4xx_HAL_Driver/Src/stm32l4xx_hal_gpio.c ****   assert_param(IS_GPIO_LOCK_INSTANCE(GPIOx));
 826              		.loc 1 479 3 is_stmt 1 view .LVU295
 480:Drivers/STM32L4xx_HAL_Driver/Src/stm32l4xx_hal_gpio.c ****   assert_param(IS_GPIO_PIN(GPIO_Pin));
 827              		.loc 1 480 3 view .LVU296
 481:Drivers/STM32L4xx_HAL_Driver/Src/stm32l4xx_hal_gpio.c **** 
 482:Drivers/STM32L4xx_HAL_Driver/Src/stm32l4xx_hal_gpio.c ****   /* Apply lock key write sequence */
 483:Drivers/STM32L4xx_HAL_Driver/Src/stm32l4xx_hal_gpio.c ****   tmp |= GPIO_Pin;
 828              		.loc 1 483 3 view .LVU297
 829              		.loc 1 483 7 is_stmt 0 view .LVU298
 830 0008 019B     		ldr	r3, [sp, #4]
 831 000a 0B43     		orrs	r3, r3, r1
 832 000c 0193     		str	r3, [sp, #4]
 484:Drivers/STM32L4xx_HAL_Driver/Src/stm32l4xx_hal_gpio.c ****   /* Set LCKx bit(s): LCKK='1' + LCK[15-0] */
 485:Drivers/STM32L4xx_HAL_Driver/Src/stm32l4xx_hal_gpio.c ****   GPIOx->LCKR = tmp;
ARM GAS  /tmp/ccxvQEkh.s 			page 26


 833              		.loc 1 485 3 is_stmt 1 view .LVU299
 834              		.loc 1 485 15 is_stmt 0 view .LVU300
 835 000e 019B     		ldr	r3, [sp, #4]
 836 0010 C361     		str	r3, [r0, #28]
 486:Drivers/STM32L4xx_HAL_Driver/Src/stm32l4xx_hal_gpio.c ****   /* Reset LCKx bit(s): LCKK='0' + LCK[15-0] */
 487:Drivers/STM32L4xx_HAL_Driver/Src/stm32l4xx_hal_gpio.c ****   GPIOx->LCKR = GPIO_Pin;
 837              		.loc 1 487 3 is_stmt 1 view .LVU301
 838              		.loc 1 487 15 is_stmt 0 view .LVU302
 839 0012 C161     		str	r1, [r0, #28]
 488:Drivers/STM32L4xx_HAL_Driver/Src/stm32l4xx_hal_gpio.c ****   /* Set LCKx bit(s): LCKK='1' + LCK[15-0] */
 489:Drivers/STM32L4xx_HAL_Driver/Src/stm32l4xx_hal_gpio.c ****   GPIOx->LCKR = tmp;
 840              		.loc 1 489 3 is_stmt 1 view .LVU303
 841              		.loc 1 489 15 is_stmt 0 view .LVU304
 842 0014 019B     		ldr	r3, [sp, #4]
 843 0016 C361     		str	r3, [r0, #28]
 490:Drivers/STM32L4xx_HAL_Driver/Src/stm32l4xx_hal_gpio.c ****   /* Read LCKK register. This read is mandatory to complete key lock sequence */
 491:Drivers/STM32L4xx_HAL_Driver/Src/stm32l4xx_hal_gpio.c ****   tmp = GPIOx->LCKR;
 844              		.loc 1 491 3 is_stmt 1 view .LVU305
 845              		.loc 1 491 14 is_stmt 0 view .LVU306
 846 0018 C369     		ldr	r3, [r0, #28]
 847              		.loc 1 491 7 view .LVU307
 848 001a 0193     		str	r3, [sp, #4]
 492:Drivers/STM32L4xx_HAL_Driver/Src/stm32l4xx_hal_gpio.c **** 
 493:Drivers/STM32L4xx_HAL_Driver/Src/stm32l4xx_hal_gpio.c ****   /* Read again in order to confirm lock is active */
 494:Drivers/STM32L4xx_HAL_Driver/Src/stm32l4xx_hal_gpio.c ****   if ((GPIOx->LCKR & GPIO_LCKR_LCKK) != 0x00u)
 849              		.loc 1 494 3 is_stmt 1 view .LVU308
 850              		.loc 1 494 13 is_stmt 0 view .LVU309
 851 001c C369     		ldr	r3, [r0, #28]
 852              		.loc 1 494 6 view .LVU310
 853 001e 13F4803F 		tst	r3, #65536
 854 0022 02D0     		beq	.L54
 495:Drivers/STM32L4xx_HAL_Driver/Src/stm32l4xx_hal_gpio.c ****   {
 496:Drivers/STM32L4xx_HAL_Driver/Src/stm32l4xx_hal_gpio.c ****     return HAL_OK;
 855              		.loc 1 496 12 view .LVU311
 856 0024 0020     		movs	r0, #0
 857              	.LVL70:
 858              	.L53:
 497:Drivers/STM32L4xx_HAL_Driver/Src/stm32l4xx_hal_gpio.c ****   }
 498:Drivers/STM32L4xx_HAL_Driver/Src/stm32l4xx_hal_gpio.c ****   else
 499:Drivers/STM32L4xx_HAL_Driver/Src/stm32l4xx_hal_gpio.c ****   {
 500:Drivers/STM32L4xx_HAL_Driver/Src/stm32l4xx_hal_gpio.c ****     return HAL_ERROR;
 501:Drivers/STM32L4xx_HAL_Driver/Src/stm32l4xx_hal_gpio.c ****   }
 502:Drivers/STM32L4xx_HAL_Driver/Src/stm32l4xx_hal_gpio.c **** }
 859              		.loc 1 502 1 view .LVU312
 860 0026 02B0     		add	sp, sp, #8
 861              	.LCFI6:
 862              		.cfi_remember_state
 863              		.cfi_def_cfa_offset 0
 864              		@ sp needed
 865 0028 7047     		bx	lr
 866              	.LVL71:
 867              	.L54:
 868              	.LCFI7:
 869              		.cfi_restore_state
 500:Drivers/STM32L4xx_HAL_Driver/Src/stm32l4xx_hal_gpio.c ****   }
 870              		.loc 1 500 12 view .LVU313
 871 002a 0120     		movs	r0, #1
ARM GAS  /tmp/ccxvQEkh.s 			page 27


 872              	.LVL72:
 500:Drivers/STM32L4xx_HAL_Driver/Src/stm32l4xx_hal_gpio.c ****   }
 873              		.loc 1 500 12 view .LVU314
 874 002c FBE7     		b	.L53
 875              		.cfi_endproc
 876              	.LFE389:
 878              		.section	.text.HAL_GPIO_EXTI_Callback,"ax",%progbits
 879              		.align	1
 880              		.weak	HAL_GPIO_EXTI_Callback
 881              		.syntax unified
 882              		.thumb
 883              		.thumb_func
 885              	HAL_GPIO_EXTI_Callback:
 886              	.LVL73:
 887              	.LFB391:
 503:Drivers/STM32L4xx_HAL_Driver/Src/stm32l4xx_hal_gpio.c **** 
 504:Drivers/STM32L4xx_HAL_Driver/Src/stm32l4xx_hal_gpio.c **** /**
 505:Drivers/STM32L4xx_HAL_Driver/Src/stm32l4xx_hal_gpio.c ****   * @brief  Handle EXTI interrupt request.
 506:Drivers/STM32L4xx_HAL_Driver/Src/stm32l4xx_hal_gpio.c ****   * @param  GPIO_Pin Specifies the port pin connected to corresponding EXTI line.
 507:Drivers/STM32L4xx_HAL_Driver/Src/stm32l4xx_hal_gpio.c ****   * @retval None
 508:Drivers/STM32L4xx_HAL_Driver/Src/stm32l4xx_hal_gpio.c ****   */
 509:Drivers/STM32L4xx_HAL_Driver/Src/stm32l4xx_hal_gpio.c **** void HAL_GPIO_EXTI_IRQHandler(uint16_t GPIO_Pin)
 510:Drivers/STM32L4xx_HAL_Driver/Src/stm32l4xx_hal_gpio.c **** {
 511:Drivers/STM32L4xx_HAL_Driver/Src/stm32l4xx_hal_gpio.c ****   /* EXTI line interrupt detected */
 512:Drivers/STM32L4xx_HAL_Driver/Src/stm32l4xx_hal_gpio.c ****   if(__HAL_GPIO_EXTI_GET_IT(GPIO_Pin) != 0x00u)
 513:Drivers/STM32L4xx_HAL_Driver/Src/stm32l4xx_hal_gpio.c ****   {
 514:Drivers/STM32L4xx_HAL_Driver/Src/stm32l4xx_hal_gpio.c ****     __HAL_GPIO_EXTI_CLEAR_IT(GPIO_Pin);
 515:Drivers/STM32L4xx_HAL_Driver/Src/stm32l4xx_hal_gpio.c ****     HAL_GPIO_EXTI_Callback(GPIO_Pin);
 516:Drivers/STM32L4xx_HAL_Driver/Src/stm32l4xx_hal_gpio.c ****   }
 517:Drivers/STM32L4xx_HAL_Driver/Src/stm32l4xx_hal_gpio.c **** }
 518:Drivers/STM32L4xx_HAL_Driver/Src/stm32l4xx_hal_gpio.c **** 
 519:Drivers/STM32L4xx_HAL_Driver/Src/stm32l4xx_hal_gpio.c **** /**
 520:Drivers/STM32L4xx_HAL_Driver/Src/stm32l4xx_hal_gpio.c ****   * @brief  EXTI line detection callback.
 521:Drivers/STM32L4xx_HAL_Driver/Src/stm32l4xx_hal_gpio.c ****   * @param  GPIO_Pin Specifies the port pin connected to corresponding EXTI line.
 522:Drivers/STM32L4xx_HAL_Driver/Src/stm32l4xx_hal_gpio.c ****   * @retval None
 523:Drivers/STM32L4xx_HAL_Driver/Src/stm32l4xx_hal_gpio.c ****   */
 524:Drivers/STM32L4xx_HAL_Driver/Src/stm32l4xx_hal_gpio.c **** __weak void HAL_GPIO_EXTI_Callback(uint16_t GPIO_Pin)
 525:Drivers/STM32L4xx_HAL_Driver/Src/stm32l4xx_hal_gpio.c **** {
 888              		.loc 1 525 1 is_stmt 1 view -0
 889              		.cfi_startproc
 890              		@ args = 0, pretend = 0, frame = 0
 891              		@ frame_needed = 0, uses_anonymous_args = 0
 892              		@ link register save eliminated.
 526:Drivers/STM32L4xx_HAL_Driver/Src/stm32l4xx_hal_gpio.c ****   /* Prevent unused argument(s) compilation warning */
 527:Drivers/STM32L4xx_HAL_Driver/Src/stm32l4xx_hal_gpio.c ****   UNUSED(GPIO_Pin);
 893              		.loc 1 527 3 view .LVU316
 528:Drivers/STM32L4xx_HAL_Driver/Src/stm32l4xx_hal_gpio.c **** 
 529:Drivers/STM32L4xx_HAL_Driver/Src/stm32l4xx_hal_gpio.c ****   /* NOTE: This function should not be modified, when the callback is needed,
 530:Drivers/STM32L4xx_HAL_Driver/Src/stm32l4xx_hal_gpio.c ****            the HAL_GPIO_EXTI_Callback could be implemented in the user file
 531:Drivers/STM32L4xx_HAL_Driver/Src/stm32l4xx_hal_gpio.c ****    */
 532:Drivers/STM32L4xx_HAL_Driver/Src/stm32l4xx_hal_gpio.c **** }
 894              		.loc 1 532 1 is_stmt 0 view .LVU317
 895 0000 7047     		bx	lr
 896              		.cfi_endproc
 897              	.LFE391:
 899              		.section	.text.HAL_GPIO_EXTI_IRQHandler,"ax",%progbits
 900              		.align	1
ARM GAS  /tmp/ccxvQEkh.s 			page 28


 901              		.global	HAL_GPIO_EXTI_IRQHandler
 902              		.syntax unified
 903              		.thumb
 904              		.thumb_func
 906              	HAL_GPIO_EXTI_IRQHandler:
 907              	.LVL74:
 908              	.LFB390:
 510:Drivers/STM32L4xx_HAL_Driver/Src/stm32l4xx_hal_gpio.c ****   /* EXTI line interrupt detected */
 909              		.loc 1 510 1 is_stmt 1 view -0
 910              		.cfi_startproc
 911              		@ args = 0, pretend = 0, frame = 0
 912              		@ frame_needed = 0, uses_anonymous_args = 0
 510:Drivers/STM32L4xx_HAL_Driver/Src/stm32l4xx_hal_gpio.c ****   /* EXTI line interrupt detected */
 913              		.loc 1 510 1 is_stmt 0 view .LVU319
 914 0000 08B5     		push	{r3, lr}
 915              	.LCFI8:
 916              		.cfi_def_cfa_offset 8
 917              		.cfi_offset 3, -8
 918              		.cfi_offset 14, -4
 512:Drivers/STM32L4xx_HAL_Driver/Src/stm32l4xx_hal_gpio.c ****   {
 919              		.loc 1 512 3 is_stmt 1 view .LVU320
 512:Drivers/STM32L4xx_HAL_Driver/Src/stm32l4xx_hal_gpio.c ****   {
 920              		.loc 1 512 6 is_stmt 0 view .LVU321
 921 0002 054B     		ldr	r3, .L61
 922 0004 5B69     		ldr	r3, [r3, #20]
 512:Drivers/STM32L4xx_HAL_Driver/Src/stm32l4xx_hal_gpio.c ****   {
 923              		.loc 1 512 5 view .LVU322
 924 0006 0342     		tst	r3, r0
 925 0008 00D1     		bne	.L60
 926              	.LVL75:
 927              	.L57:
 517:Drivers/STM32L4xx_HAL_Driver/Src/stm32l4xx_hal_gpio.c **** 
 928              		.loc 1 517 1 view .LVU323
 929 000a 08BD     		pop	{r3, pc}
 930              	.LVL76:
 931              	.L60:
 514:Drivers/STM32L4xx_HAL_Driver/Src/stm32l4xx_hal_gpio.c ****     HAL_GPIO_EXTI_Callback(GPIO_Pin);
 932              		.loc 1 514 5 is_stmt 1 view .LVU324
 933 000c 024B     		ldr	r3, .L61
 934 000e 5861     		str	r0, [r3, #20]
 515:Drivers/STM32L4xx_HAL_Driver/Src/stm32l4xx_hal_gpio.c ****   }
 935              		.loc 1 515 5 view .LVU325
 936 0010 FFF7FEFF 		bl	HAL_GPIO_EXTI_Callback
 937              	.LVL77:
 517:Drivers/STM32L4xx_HAL_Driver/Src/stm32l4xx_hal_gpio.c **** 
 938              		.loc 1 517 1 is_stmt 0 view .LVU326
 939 0014 F9E7     		b	.L57
 940              	.L62:
 941 0016 00BF     		.align	2
 942              	.L61:
 943 0018 00040140 		.word	1073808384
 944              		.cfi_endproc
 945              	.LFE390:
 947              		.text
 948              	.Letext0:
 949              		.file 2 "/usr/lib/gcc/arm-none-eabi/13.2.1/include/stdint.h"
 950              		.file 3 "Drivers/CMSIS/Device/ST/STM32L4xx/Include/stm32l433xx.h"
ARM GAS  /tmp/ccxvQEkh.s 			page 29


 951              		.file 4 "Drivers/STM32L4xx_HAL_Driver/Inc/stm32l4xx_hal_def.h"
 952              		.file 5 "Drivers/STM32L4xx_HAL_Driver/Inc/stm32l4xx_hal_gpio.h"
 953              		.file 6 "Drivers/STM32L4xx_HAL_Driver/Inc/stm32l4xx_ll_dma.h"
ARM GAS  /tmp/ccxvQEkh.s 			page 30


DEFINED SYMBOLS
                            *ABS*:00000000 stm32l4xx_hal_gpio.c
     /tmp/ccxvQEkh.s:21     .text.HAL_GPIO_Init:00000000 $t
     /tmp/ccxvQEkh.s:27     .text.HAL_GPIO_Init:00000000 HAL_GPIO_Init
     /tmp/ccxvQEkh.s:450    .text.HAL_GPIO_Init:000001b8 $d
     /tmp/ccxvQEkh.s:458    .text.HAL_GPIO_DeInit:00000000 $t
     /tmp/ccxvQEkh.s:464    .text.HAL_GPIO_DeInit:00000000 HAL_GPIO_DeInit
     /tmp/ccxvQEkh.s:689    .text.HAL_GPIO_DeInit:00000100 $d
     /tmp/ccxvQEkh.s:696    .text.HAL_GPIO_ReadPin:00000000 $t
     /tmp/ccxvQEkh.s:702    .text.HAL_GPIO_ReadPin:00000000 HAL_GPIO_ReadPin
     /tmp/ccxvQEkh.s:735    .text.HAL_GPIO_WritePin:00000000 $t
     /tmp/ccxvQEkh.s:741    .text.HAL_GPIO_WritePin:00000000 HAL_GPIO_WritePin
     /tmp/ccxvQEkh.s:768    .text.HAL_GPIO_TogglePin:00000000 $t
     /tmp/ccxvQEkh.s:774    .text.HAL_GPIO_TogglePin:00000000 HAL_GPIO_TogglePin
     /tmp/ccxvQEkh.s:804    .text.HAL_GPIO_LockPin:00000000 $t
     /tmp/ccxvQEkh.s:810    .text.HAL_GPIO_LockPin:00000000 HAL_GPIO_LockPin
     /tmp/ccxvQEkh.s:879    .text.HAL_GPIO_EXTI_Callback:00000000 $t
     /tmp/ccxvQEkh.s:885    .text.HAL_GPIO_EXTI_Callback:00000000 HAL_GPIO_EXTI_Callback
     /tmp/ccxvQEkh.s:900    .text.HAL_GPIO_EXTI_IRQHandler:00000000 $t
     /tmp/ccxvQEkh.s:906    .text.HAL_GPIO_EXTI_IRQHandler:00000000 HAL_GPIO_EXTI_IRQHandler
     /tmp/ccxvQEkh.s:943    .text.HAL_GPIO_EXTI_IRQHandler:00000018 $d

NO UNDEFINED SYMBOLS
