ARM GAS  /tmp/ccFN0S9l.s 			page 1


   1              		.cpu cortex-m4
   2              		.arch armv7e-m
   3              		.fpu fpv4-sp-d16
   4              		.eabi_attribute 27, 1
   5              		.eabi_attribute 28, 1
   6              		.eabi_attribute 20, 1
   7              		.eabi_attribute 21, 1
   8              		.eabi_attribute 23, 3
   9              		.eabi_attribute 24, 1
  10              		.eabi_attribute 25, 1
  11              		.eabi_attribute 26, 1
  12              		.eabi_attribute 30, 1
  13              		.eabi_attribute 34, 1
  14              		.eabi_attribute 18, 4
  15              		.file	"stm32l4xx_hal_rcc_ex.c"
  16              		.text
  17              	.Ltext0:
  18              		.cfi_sections	.debug_frame
  19              		.file 1 "Drivers/STM32L4xx_HAL_Driver/Src/stm32l4xx_hal_rcc_ex.c"
  20              		.section	.text.RCCEx_GetSAIxPeriphCLKFreq,"ax",%progbits
  21              		.align	1
  22              		.syntax unified
  23              		.thumb
  24              		.thumb_func
  26              	RCCEx_GetSAIxPeriphCLKFreq:
  27              	.LVL0:
  28              	.LFB410:
   1:Drivers/STM32L4xx_HAL_Driver/Src/stm32l4xx_hal_rcc_ex.c **** /**
   2:Drivers/STM32L4xx_HAL_Driver/Src/stm32l4xx_hal_rcc_ex.c ****   ******************************************************************************
   3:Drivers/STM32L4xx_HAL_Driver/Src/stm32l4xx_hal_rcc_ex.c ****   * @file    stm32l4xx_hal_rcc_ex.c
   4:Drivers/STM32L4xx_HAL_Driver/Src/stm32l4xx_hal_rcc_ex.c ****   * @author  MCD Application Team
   5:Drivers/STM32L4xx_HAL_Driver/Src/stm32l4xx_hal_rcc_ex.c ****   * @brief   Extended RCC HAL module driver.
   6:Drivers/STM32L4xx_HAL_Driver/Src/stm32l4xx_hal_rcc_ex.c ****   *          This file provides firmware functions to manage the following
   7:Drivers/STM32L4xx_HAL_Driver/Src/stm32l4xx_hal_rcc_ex.c ****   *          functionalities RCC extended peripheral:
   8:Drivers/STM32L4xx_HAL_Driver/Src/stm32l4xx_hal_rcc_ex.c ****   *           + Extended Peripheral Control functions
   9:Drivers/STM32L4xx_HAL_Driver/Src/stm32l4xx_hal_rcc_ex.c ****   *           + Extended Clock management functions
  10:Drivers/STM32L4xx_HAL_Driver/Src/stm32l4xx_hal_rcc_ex.c ****   *           + Extended Clock Recovery System Control functions
  11:Drivers/STM32L4xx_HAL_Driver/Src/stm32l4xx_hal_rcc_ex.c ****   *
  12:Drivers/STM32L4xx_HAL_Driver/Src/stm32l4xx_hal_rcc_ex.c ****   ******************************************************************************
  13:Drivers/STM32L4xx_HAL_Driver/Src/stm32l4xx_hal_rcc_ex.c ****   * @attention
  14:Drivers/STM32L4xx_HAL_Driver/Src/stm32l4xx_hal_rcc_ex.c ****   *
  15:Drivers/STM32L4xx_HAL_Driver/Src/stm32l4xx_hal_rcc_ex.c ****   * Copyright (c) 2017 STMicroelectronics.
  16:Drivers/STM32L4xx_HAL_Driver/Src/stm32l4xx_hal_rcc_ex.c ****   * All rights reserved.
  17:Drivers/STM32L4xx_HAL_Driver/Src/stm32l4xx_hal_rcc_ex.c ****   *
  18:Drivers/STM32L4xx_HAL_Driver/Src/stm32l4xx_hal_rcc_ex.c ****   * This software is licensed under terms that can be found in the LICENSE file in
  19:Drivers/STM32L4xx_HAL_Driver/Src/stm32l4xx_hal_rcc_ex.c ****   * the root directory of this software component.
  20:Drivers/STM32L4xx_HAL_Driver/Src/stm32l4xx_hal_rcc_ex.c ****   * If no LICENSE file comes with this software, it is provided AS-IS.
  21:Drivers/STM32L4xx_HAL_Driver/Src/stm32l4xx_hal_rcc_ex.c ****   ******************************************************************************
  22:Drivers/STM32L4xx_HAL_Driver/Src/stm32l4xx_hal_rcc_ex.c ****   */
  23:Drivers/STM32L4xx_HAL_Driver/Src/stm32l4xx_hal_rcc_ex.c **** 
  24:Drivers/STM32L4xx_HAL_Driver/Src/stm32l4xx_hal_rcc_ex.c **** /* Includes ------------------------------------------------------------------*/
  25:Drivers/STM32L4xx_HAL_Driver/Src/stm32l4xx_hal_rcc_ex.c **** #include "stm32l4xx_hal.h"
  26:Drivers/STM32L4xx_HAL_Driver/Src/stm32l4xx_hal_rcc_ex.c **** 
  27:Drivers/STM32L4xx_HAL_Driver/Src/stm32l4xx_hal_rcc_ex.c **** /** @addtogroup STM32L4xx_HAL_Driver
  28:Drivers/STM32L4xx_HAL_Driver/Src/stm32l4xx_hal_rcc_ex.c ****   * @{
  29:Drivers/STM32L4xx_HAL_Driver/Src/stm32l4xx_hal_rcc_ex.c ****   */
  30:Drivers/STM32L4xx_HAL_Driver/Src/stm32l4xx_hal_rcc_ex.c **** 
ARM GAS  /tmp/ccFN0S9l.s 			page 2


  31:Drivers/STM32L4xx_HAL_Driver/Src/stm32l4xx_hal_rcc_ex.c **** /** @defgroup RCCEx RCCEx
  32:Drivers/STM32L4xx_HAL_Driver/Src/stm32l4xx_hal_rcc_ex.c ****   * @brief RCC Extended HAL module driver
  33:Drivers/STM32L4xx_HAL_Driver/Src/stm32l4xx_hal_rcc_ex.c ****   * @{
  34:Drivers/STM32L4xx_HAL_Driver/Src/stm32l4xx_hal_rcc_ex.c ****   */
  35:Drivers/STM32L4xx_HAL_Driver/Src/stm32l4xx_hal_rcc_ex.c **** 
  36:Drivers/STM32L4xx_HAL_Driver/Src/stm32l4xx_hal_rcc_ex.c **** #ifdef HAL_RCC_MODULE_ENABLED
  37:Drivers/STM32L4xx_HAL_Driver/Src/stm32l4xx_hal_rcc_ex.c **** 
  38:Drivers/STM32L4xx_HAL_Driver/Src/stm32l4xx_hal_rcc_ex.c **** /* Private typedef -----------------------------------------------------------*/
  39:Drivers/STM32L4xx_HAL_Driver/Src/stm32l4xx_hal_rcc_ex.c **** /* Private defines -----------------------------------------------------------*/
  40:Drivers/STM32L4xx_HAL_Driver/Src/stm32l4xx_hal_rcc_ex.c **** /** @defgroup RCCEx_Private_Constants RCCEx Private Constants
  41:Drivers/STM32L4xx_HAL_Driver/Src/stm32l4xx_hal_rcc_ex.c ****  * @{
  42:Drivers/STM32L4xx_HAL_Driver/Src/stm32l4xx_hal_rcc_ex.c ****  */
  43:Drivers/STM32L4xx_HAL_Driver/Src/stm32l4xx_hal_rcc_ex.c **** #define PLLSAI1_TIMEOUT_VALUE     2U    /* 2 ms (minimum Tick + 1) */
  44:Drivers/STM32L4xx_HAL_Driver/Src/stm32l4xx_hal_rcc_ex.c **** #define PLLSAI2_TIMEOUT_VALUE     2U    /* 2 ms (minimum Tick + 1) */
  45:Drivers/STM32L4xx_HAL_Driver/Src/stm32l4xx_hal_rcc_ex.c **** #define PLL_TIMEOUT_VALUE         2U    /* 2 ms (minimum Tick + 1) */
  46:Drivers/STM32L4xx_HAL_Driver/Src/stm32l4xx_hal_rcc_ex.c **** 
  47:Drivers/STM32L4xx_HAL_Driver/Src/stm32l4xx_hal_rcc_ex.c **** #define DIVIDER_P_UPDATE          0U
  48:Drivers/STM32L4xx_HAL_Driver/Src/stm32l4xx_hal_rcc_ex.c **** #define DIVIDER_Q_UPDATE          1U
  49:Drivers/STM32L4xx_HAL_Driver/Src/stm32l4xx_hal_rcc_ex.c **** #define DIVIDER_R_UPDATE          2U
  50:Drivers/STM32L4xx_HAL_Driver/Src/stm32l4xx_hal_rcc_ex.c **** 
  51:Drivers/STM32L4xx_HAL_Driver/Src/stm32l4xx_hal_rcc_ex.c **** #define __LSCO_CLK_ENABLE()       __HAL_RCC_GPIOA_CLK_ENABLE()
  52:Drivers/STM32L4xx_HAL_Driver/Src/stm32l4xx_hal_rcc_ex.c **** #define LSCO_GPIO_PORT            GPIOA
  53:Drivers/STM32L4xx_HAL_Driver/Src/stm32l4xx_hal_rcc_ex.c **** #define LSCO_PIN                  GPIO_PIN_2
  54:Drivers/STM32L4xx_HAL_Driver/Src/stm32l4xx_hal_rcc_ex.c **** /**
  55:Drivers/STM32L4xx_HAL_Driver/Src/stm32l4xx_hal_rcc_ex.c ****   * @}
  56:Drivers/STM32L4xx_HAL_Driver/Src/stm32l4xx_hal_rcc_ex.c ****   */
  57:Drivers/STM32L4xx_HAL_Driver/Src/stm32l4xx_hal_rcc_ex.c **** 
  58:Drivers/STM32L4xx_HAL_Driver/Src/stm32l4xx_hal_rcc_ex.c **** /* Private macros ------------------------------------------------------------*/
  59:Drivers/STM32L4xx_HAL_Driver/Src/stm32l4xx_hal_rcc_ex.c **** /* Private variables ---------------------------------------------------------*/
  60:Drivers/STM32L4xx_HAL_Driver/Src/stm32l4xx_hal_rcc_ex.c **** /* Private function prototypes -----------------------------------------------*/
  61:Drivers/STM32L4xx_HAL_Driver/Src/stm32l4xx_hal_rcc_ex.c **** /** @defgroup RCCEx_Private_Functions RCCEx Private Functions
  62:Drivers/STM32L4xx_HAL_Driver/Src/stm32l4xx_hal_rcc_ex.c ****  * @{
  63:Drivers/STM32L4xx_HAL_Driver/Src/stm32l4xx_hal_rcc_ex.c ****  */
  64:Drivers/STM32L4xx_HAL_Driver/Src/stm32l4xx_hal_rcc_ex.c **** #if defined(RCC_PLLSAI1_SUPPORT)
  65:Drivers/STM32L4xx_HAL_Driver/Src/stm32l4xx_hal_rcc_ex.c **** 
  66:Drivers/STM32L4xx_HAL_Driver/Src/stm32l4xx_hal_rcc_ex.c **** static HAL_StatusTypeDef RCCEx_PLLSAI1_Config(RCC_PLLSAI1InitTypeDef *PllSai1, uint32_t Divider);
  67:Drivers/STM32L4xx_HAL_Driver/Src/stm32l4xx_hal_rcc_ex.c **** 
  68:Drivers/STM32L4xx_HAL_Driver/Src/stm32l4xx_hal_rcc_ex.c **** #endif /* RCC_PLLSAI1_SUPPORT */
  69:Drivers/STM32L4xx_HAL_Driver/Src/stm32l4xx_hal_rcc_ex.c **** 
  70:Drivers/STM32L4xx_HAL_Driver/Src/stm32l4xx_hal_rcc_ex.c **** #if defined(RCC_PLLSAI2_SUPPORT)
  71:Drivers/STM32L4xx_HAL_Driver/Src/stm32l4xx_hal_rcc_ex.c **** 
  72:Drivers/STM32L4xx_HAL_Driver/Src/stm32l4xx_hal_rcc_ex.c **** static HAL_StatusTypeDef RCCEx_PLLSAI2_Config(RCC_PLLSAI2InitTypeDef *PllSai2, uint32_t Divider);
  73:Drivers/STM32L4xx_HAL_Driver/Src/stm32l4xx_hal_rcc_ex.c **** 
  74:Drivers/STM32L4xx_HAL_Driver/Src/stm32l4xx_hal_rcc_ex.c **** #endif /* RCC_PLLSAI2_SUPPORT */
  75:Drivers/STM32L4xx_HAL_Driver/Src/stm32l4xx_hal_rcc_ex.c **** 
  76:Drivers/STM32L4xx_HAL_Driver/Src/stm32l4xx_hal_rcc_ex.c **** #if defined(SAI1)
  77:Drivers/STM32L4xx_HAL_Driver/Src/stm32l4xx_hal_rcc_ex.c **** 
  78:Drivers/STM32L4xx_HAL_Driver/Src/stm32l4xx_hal_rcc_ex.c **** static uint32_t RCCEx_GetSAIxPeriphCLKFreq(uint32_t PeriphClk, uint32_t InputFrequency);
  79:Drivers/STM32L4xx_HAL_Driver/Src/stm32l4xx_hal_rcc_ex.c **** 
  80:Drivers/STM32L4xx_HAL_Driver/Src/stm32l4xx_hal_rcc_ex.c **** #endif /* SAI1 */
  81:Drivers/STM32L4xx_HAL_Driver/Src/stm32l4xx_hal_rcc_ex.c **** /**
  82:Drivers/STM32L4xx_HAL_Driver/Src/stm32l4xx_hal_rcc_ex.c ****   * @}
  83:Drivers/STM32L4xx_HAL_Driver/Src/stm32l4xx_hal_rcc_ex.c ****   */
  84:Drivers/STM32L4xx_HAL_Driver/Src/stm32l4xx_hal_rcc_ex.c **** 
  85:Drivers/STM32L4xx_HAL_Driver/Src/stm32l4xx_hal_rcc_ex.c **** /* Exported functions --------------------------------------------------------*/
  86:Drivers/STM32L4xx_HAL_Driver/Src/stm32l4xx_hal_rcc_ex.c **** 
  87:Drivers/STM32L4xx_HAL_Driver/Src/stm32l4xx_hal_rcc_ex.c **** /** @defgroup RCCEx_Exported_Functions RCCEx Exported Functions
ARM GAS  /tmp/ccFN0S9l.s 			page 3


  88:Drivers/STM32L4xx_HAL_Driver/Src/stm32l4xx_hal_rcc_ex.c ****   * @{
  89:Drivers/STM32L4xx_HAL_Driver/Src/stm32l4xx_hal_rcc_ex.c ****   */
  90:Drivers/STM32L4xx_HAL_Driver/Src/stm32l4xx_hal_rcc_ex.c **** 
  91:Drivers/STM32L4xx_HAL_Driver/Src/stm32l4xx_hal_rcc_ex.c **** /** @defgroup RCCEx_Exported_Functions_Group1 Extended Peripheral Control functions
  92:Drivers/STM32L4xx_HAL_Driver/Src/stm32l4xx_hal_rcc_ex.c ****  *  @brief  Extended Peripheral Control functions
  93:Drivers/STM32L4xx_HAL_Driver/Src/stm32l4xx_hal_rcc_ex.c ****  *
  94:Drivers/STM32L4xx_HAL_Driver/Src/stm32l4xx_hal_rcc_ex.c **** @verbatim
  95:Drivers/STM32L4xx_HAL_Driver/Src/stm32l4xx_hal_rcc_ex.c ****  ===============================================================================
  96:Drivers/STM32L4xx_HAL_Driver/Src/stm32l4xx_hal_rcc_ex.c ****                 ##### Extended Peripheral Control functions  #####
  97:Drivers/STM32L4xx_HAL_Driver/Src/stm32l4xx_hal_rcc_ex.c ****  ===============================================================================
  98:Drivers/STM32L4xx_HAL_Driver/Src/stm32l4xx_hal_rcc_ex.c ****     [..]
  99:Drivers/STM32L4xx_HAL_Driver/Src/stm32l4xx_hal_rcc_ex.c ****     This subsection provides a set of functions allowing to control the RCC Clocks
 100:Drivers/STM32L4xx_HAL_Driver/Src/stm32l4xx_hal_rcc_ex.c ****     frequencies.
 101:Drivers/STM32L4xx_HAL_Driver/Src/stm32l4xx_hal_rcc_ex.c ****     [..]
 102:Drivers/STM32L4xx_HAL_Driver/Src/stm32l4xx_hal_rcc_ex.c ****     (@) Important note: Care must be taken when HAL_RCCEx_PeriphCLKConfig() is used to
 103:Drivers/STM32L4xx_HAL_Driver/Src/stm32l4xx_hal_rcc_ex.c ****         select the RTC clock source; in this case the Backup domain will be reset in
 104:Drivers/STM32L4xx_HAL_Driver/Src/stm32l4xx_hal_rcc_ex.c ****         order to modify the RTC Clock source, as consequence RTC registers (including
 105:Drivers/STM32L4xx_HAL_Driver/Src/stm32l4xx_hal_rcc_ex.c ****         the backup registers) are set to their reset values.
 106:Drivers/STM32L4xx_HAL_Driver/Src/stm32l4xx_hal_rcc_ex.c **** 
 107:Drivers/STM32L4xx_HAL_Driver/Src/stm32l4xx_hal_rcc_ex.c **** @endverbatim
 108:Drivers/STM32L4xx_HAL_Driver/Src/stm32l4xx_hal_rcc_ex.c ****   * @{
 109:Drivers/STM32L4xx_HAL_Driver/Src/stm32l4xx_hal_rcc_ex.c ****   */
 110:Drivers/STM32L4xx_HAL_Driver/Src/stm32l4xx_hal_rcc_ex.c **** /**
 111:Drivers/STM32L4xx_HAL_Driver/Src/stm32l4xx_hal_rcc_ex.c ****   * @brief  Initialize the RCC extended peripherals clocks according to the specified
 112:Drivers/STM32L4xx_HAL_Driver/Src/stm32l4xx_hal_rcc_ex.c ****   *         parameters in the RCC_PeriphCLKInitTypeDef.
 113:Drivers/STM32L4xx_HAL_Driver/Src/stm32l4xx_hal_rcc_ex.c ****   * @param  PeriphClkInit  pointer to an RCC_PeriphCLKInitTypeDef structure that
 114:Drivers/STM32L4xx_HAL_Driver/Src/stm32l4xx_hal_rcc_ex.c ****   *         contains a field PeriphClockSelection which can be a combination of the following value
 115:Drivers/STM32L4xx_HAL_Driver/Src/stm32l4xx_hal_rcc_ex.c ****   *            @arg @ref RCC_PERIPHCLK_RTC  RTC peripheral clock
 116:Drivers/STM32L4xx_HAL_Driver/Src/stm32l4xx_hal_rcc_ex.c ****   *            @arg @ref RCC_PERIPHCLK_ADC  ADC peripheral clock
 117:Drivers/STM32L4xx_HAL_Driver/Src/stm32l4xx_hal_rcc_ex.c ****   @if STM32L462xx
 118:Drivers/STM32L4xx_HAL_Driver/Src/stm32l4xx_hal_rcc_ex.c ****   *            @arg @ref RCC_PERIPHCLK_DFSDM1  DFSDM1 peripheral clock (only for devices with DFSDM
 119:Drivers/STM32L4xx_HAL_Driver/Src/stm32l4xx_hal_rcc_ex.c ****   @endif
 120:Drivers/STM32L4xx_HAL_Driver/Src/stm32l4xx_hal_rcc_ex.c ****   @if STM32L486xx
 121:Drivers/STM32L4xx_HAL_Driver/Src/stm32l4xx_hal_rcc_ex.c ****   *            @arg @ref RCC_PERIPHCLK_DFSDM1  DFSDM1 peripheral clock (only for devices with DFSDM
 122:Drivers/STM32L4xx_HAL_Driver/Src/stm32l4xx_hal_rcc_ex.c ****   @endif
 123:Drivers/STM32L4xx_HAL_Driver/Src/stm32l4xx_hal_rcc_ex.c ****   @if STM32L4A6xx
 124:Drivers/STM32L4xx_HAL_Driver/Src/stm32l4xx_hal_rcc_ex.c ****   *            @arg @ref RCC_PERIPHCLK_DFSDM1  DFSDM1 peripheral clock (only for devices with DFSDM
 125:Drivers/STM32L4xx_HAL_Driver/Src/stm32l4xx_hal_rcc_ex.c ****   @endif
 126:Drivers/STM32L4xx_HAL_Driver/Src/stm32l4xx_hal_rcc_ex.c ****   *            @arg @ref RCC_PERIPHCLK_I2C1  I2C1 peripheral clock
 127:Drivers/STM32L4xx_HAL_Driver/Src/stm32l4xx_hal_rcc_ex.c ****   *            @arg @ref RCC_PERIPHCLK_I2C2  I2C2 peripheral clock
 128:Drivers/STM32L4xx_HAL_Driver/Src/stm32l4xx_hal_rcc_ex.c ****   *            @arg @ref RCC_PERIPHCLK_I2C3  I2C3 peripheral clock
 129:Drivers/STM32L4xx_HAL_Driver/Src/stm32l4xx_hal_rcc_ex.c ****   @if STM32L462xx
 130:Drivers/STM32L4xx_HAL_Driver/Src/stm32l4xx_hal_rcc_ex.c ****   *            @arg @ref RCC_PERIPHCLK_I2C4  I2C4 peripheral clock (only for devices with I2C4)
 131:Drivers/STM32L4xx_HAL_Driver/Src/stm32l4xx_hal_rcc_ex.c ****   @endif
 132:Drivers/STM32L4xx_HAL_Driver/Src/stm32l4xx_hal_rcc_ex.c ****   @if STM32L4A6xx
 133:Drivers/STM32L4xx_HAL_Driver/Src/stm32l4xx_hal_rcc_ex.c ****   *            @arg @ref RCC_PERIPHCLK_I2C4  I2C4 peripheral clock (only for devices with I2C4)
 134:Drivers/STM32L4xx_HAL_Driver/Src/stm32l4xx_hal_rcc_ex.c ****   @endif
 135:Drivers/STM32L4xx_HAL_Driver/Src/stm32l4xx_hal_rcc_ex.c ****   @if STM32L4S9xx
 136:Drivers/STM32L4xx_HAL_Driver/Src/stm32l4xx_hal_rcc_ex.c ****   *            @arg @ref RCC_PERIPHCLK_I2C4  I2C4 peripheral clock (only for devices with I2C4)
 137:Drivers/STM32L4xx_HAL_Driver/Src/stm32l4xx_hal_rcc_ex.c ****   @endif
 138:Drivers/STM32L4xx_HAL_Driver/Src/stm32l4xx_hal_rcc_ex.c ****   *            @arg @ref RCC_PERIPHCLK_LPTIM1  LPTIM1 peripheral clock
 139:Drivers/STM32L4xx_HAL_Driver/Src/stm32l4xx_hal_rcc_ex.c ****   *            @arg @ref RCC_PERIPHCLK_LPTIM2  LPTIM2 peripheral clock
 140:Drivers/STM32L4xx_HAL_Driver/Src/stm32l4xx_hal_rcc_ex.c ****   *            @arg @ref RCC_PERIPHCLK_LPUART1  LPUART1 peripheral clock
 141:Drivers/STM32L4xx_HAL_Driver/Src/stm32l4xx_hal_rcc_ex.c ****   *            @arg @ref RCC_PERIPHCLK_RNG  RNG peripheral clock
 142:Drivers/STM32L4xx_HAL_Driver/Src/stm32l4xx_hal_rcc_ex.c ****   *            @arg @ref RCC_PERIPHCLK_SAI1  SAI1 peripheral clock (only for devices with SAI1)
 143:Drivers/STM32L4xx_HAL_Driver/Src/stm32l4xx_hal_rcc_ex.c ****   @if STM32L486xx
 144:Drivers/STM32L4xx_HAL_Driver/Src/stm32l4xx_hal_rcc_ex.c ****   *            @arg @ref RCC_PERIPHCLK_SAI2  SAI2 peripheral clock (only for devices with SAI2)
ARM GAS  /tmp/ccFN0S9l.s 			page 4


 145:Drivers/STM32L4xx_HAL_Driver/Src/stm32l4xx_hal_rcc_ex.c ****   @endif
 146:Drivers/STM32L4xx_HAL_Driver/Src/stm32l4xx_hal_rcc_ex.c ****   @if STM32L4A6xx
 147:Drivers/STM32L4xx_HAL_Driver/Src/stm32l4xx_hal_rcc_ex.c ****   *            @arg @ref RCC_PERIPHCLK_SAI2  SAI2 peripheral clock (only for devices with SAI2)
 148:Drivers/STM32L4xx_HAL_Driver/Src/stm32l4xx_hal_rcc_ex.c ****   @endif
 149:Drivers/STM32L4xx_HAL_Driver/Src/stm32l4xx_hal_rcc_ex.c ****   @if STM32L4S9xx
 150:Drivers/STM32L4xx_HAL_Driver/Src/stm32l4xx_hal_rcc_ex.c ****   *            @arg @ref RCC_PERIPHCLK_SAI2  SAI2 peripheral clock (only for devices with SAI2)
 151:Drivers/STM32L4xx_HAL_Driver/Src/stm32l4xx_hal_rcc_ex.c ****   @endif
 152:Drivers/STM32L4xx_HAL_Driver/Src/stm32l4xx_hal_rcc_ex.c ****   *            @arg @ref RCC_PERIPHCLK_SDMMC1  SDMMC1 peripheral clock
 153:Drivers/STM32L4xx_HAL_Driver/Src/stm32l4xx_hal_rcc_ex.c ****   @if STM32L443xx
 154:Drivers/STM32L4xx_HAL_Driver/Src/stm32l4xx_hal_rcc_ex.c ****   *            @arg @ref RCC_PERIPHCLK_SWPMI1  SWPMI1 peripheral clock (only for devices with SWPMI
 155:Drivers/STM32L4xx_HAL_Driver/Src/stm32l4xx_hal_rcc_ex.c ****   @endif
 156:Drivers/STM32L4xx_HAL_Driver/Src/stm32l4xx_hal_rcc_ex.c ****   @if STM32L486xx
 157:Drivers/STM32L4xx_HAL_Driver/Src/stm32l4xx_hal_rcc_ex.c ****   *            @arg @ref RCC_PERIPHCLK_SWPMI1  SWPMI1 peripheral clock (only for devices with SWPMI
 158:Drivers/STM32L4xx_HAL_Driver/Src/stm32l4xx_hal_rcc_ex.c ****   @endif
 159:Drivers/STM32L4xx_HAL_Driver/Src/stm32l4xx_hal_rcc_ex.c ****   @if STM32L4A6xx
 160:Drivers/STM32L4xx_HAL_Driver/Src/stm32l4xx_hal_rcc_ex.c ****   *            @arg @ref RCC_PERIPHCLK_SWPMI1  SWPMI1 peripheral clock (only for devices with SWPMI
 161:Drivers/STM32L4xx_HAL_Driver/Src/stm32l4xx_hal_rcc_ex.c ****   @endif
 162:Drivers/STM32L4xx_HAL_Driver/Src/stm32l4xx_hal_rcc_ex.c ****   *            @arg @ref RCC_PERIPHCLK_USART1  USART1 peripheral clock
 163:Drivers/STM32L4xx_HAL_Driver/Src/stm32l4xx_hal_rcc_ex.c ****   *            @arg @ref RCC_PERIPHCLK_USART2  USART1 peripheral clock
 164:Drivers/STM32L4xx_HAL_Driver/Src/stm32l4xx_hal_rcc_ex.c ****   *            @arg @ref RCC_PERIPHCLK_USART3  USART1 peripheral clock
 165:Drivers/STM32L4xx_HAL_Driver/Src/stm32l4xx_hal_rcc_ex.c ****   @if STM32L462xx
 166:Drivers/STM32L4xx_HAL_Driver/Src/stm32l4xx_hal_rcc_ex.c ****   *            @arg @ref RCC_PERIPHCLK_UART4  USART1 peripheral clock (only for devices with UART4)
 167:Drivers/STM32L4xx_HAL_Driver/Src/stm32l4xx_hal_rcc_ex.c ****   @endif
 168:Drivers/STM32L4xx_HAL_Driver/Src/stm32l4xx_hal_rcc_ex.c ****   @if STM32L486xx
 169:Drivers/STM32L4xx_HAL_Driver/Src/stm32l4xx_hal_rcc_ex.c ****   *            @arg @ref RCC_PERIPHCLK_UART4  USART1 peripheral clock (only for devices with UART4)
 170:Drivers/STM32L4xx_HAL_Driver/Src/stm32l4xx_hal_rcc_ex.c ****   *            @arg @ref RCC_PERIPHCLK_UART5  USART1 peripheral clock (only for devices with UART5)
 171:Drivers/STM32L4xx_HAL_Driver/Src/stm32l4xx_hal_rcc_ex.c ****   *            @arg @ref RCC_PERIPHCLK_USB  USB peripheral clock (only for devices with USB)
 172:Drivers/STM32L4xx_HAL_Driver/Src/stm32l4xx_hal_rcc_ex.c ****   @endif
 173:Drivers/STM32L4xx_HAL_Driver/Src/stm32l4xx_hal_rcc_ex.c ****   @if STM32L4A6xx
 174:Drivers/STM32L4xx_HAL_Driver/Src/stm32l4xx_hal_rcc_ex.c ****   *            @arg @ref RCC_PERIPHCLK_UART4  USART1 peripheral clock (only for devices with UART4)
 175:Drivers/STM32L4xx_HAL_Driver/Src/stm32l4xx_hal_rcc_ex.c ****   *            @arg @ref RCC_PERIPHCLK_UART5  USART1 peripheral clock (only for devices with UART5)
 176:Drivers/STM32L4xx_HAL_Driver/Src/stm32l4xx_hal_rcc_ex.c ****   *            @arg @ref RCC_PERIPHCLK_USB  USB peripheral clock (only for devices with USB)
 177:Drivers/STM32L4xx_HAL_Driver/Src/stm32l4xx_hal_rcc_ex.c ****   @endif
 178:Drivers/STM32L4xx_HAL_Driver/Src/stm32l4xx_hal_rcc_ex.c ****   @if STM32L4S9xx
 179:Drivers/STM32L4xx_HAL_Driver/Src/stm32l4xx_hal_rcc_ex.c ****   *            @arg @ref RCC_PERIPHCLK_UART4  USART1 peripheral clock (only for devices with UART4)
 180:Drivers/STM32L4xx_HAL_Driver/Src/stm32l4xx_hal_rcc_ex.c ****   *            @arg @ref RCC_PERIPHCLK_UART5  USART1 peripheral clock (only for devices with UART5)
 181:Drivers/STM32L4xx_HAL_Driver/Src/stm32l4xx_hal_rcc_ex.c ****   *            @arg @ref RCC_PERIPHCLK_USB  USB peripheral clock (only for devices with USB)
 182:Drivers/STM32L4xx_HAL_Driver/Src/stm32l4xx_hal_rcc_ex.c ****   *            @arg @ref RCC_PERIPHCLK_DFSDM1  DFSDM1 peripheral kernel clock (only for devices wit
 183:Drivers/STM32L4xx_HAL_Driver/Src/stm32l4xx_hal_rcc_ex.c ****   *            @arg @ref RCC_PERIPHCLK_DFSDM1AUDIO  DFSDM1 peripheral audio clock (only for devices
 184:Drivers/STM32L4xx_HAL_Driver/Src/stm32l4xx_hal_rcc_ex.c ****   *            @arg @ref RCC_PERIPHCLK_LTDC  LTDC peripheral clock (only for devices with LTDC)
 185:Drivers/STM32L4xx_HAL_Driver/Src/stm32l4xx_hal_rcc_ex.c ****   *            @arg @ref RCC_PERIPHCLK_DSI  DSI peripheral clock (only for devices with DSI)
 186:Drivers/STM32L4xx_HAL_Driver/Src/stm32l4xx_hal_rcc_ex.c ****   *            @arg @ref RCC_PERIPHCLK_OSPI  OctoSPI peripheral clock (only for devices with OctoSP
 187:Drivers/STM32L4xx_HAL_Driver/Src/stm32l4xx_hal_rcc_ex.c ****   @endif
 188:Drivers/STM32L4xx_HAL_Driver/Src/stm32l4xx_hal_rcc_ex.c ****   *
 189:Drivers/STM32L4xx_HAL_Driver/Src/stm32l4xx_hal_rcc_ex.c ****   * @note   Care must be taken when HAL_RCCEx_PeriphCLKConfig() is used to select
 190:Drivers/STM32L4xx_HAL_Driver/Src/stm32l4xx_hal_rcc_ex.c ****   *         the RTC clock source: in this case the access to Backup domain is enabled.
 191:Drivers/STM32L4xx_HAL_Driver/Src/stm32l4xx_hal_rcc_ex.c ****   *
 192:Drivers/STM32L4xx_HAL_Driver/Src/stm32l4xx_hal_rcc_ex.c ****   * @retval HAL status
 193:Drivers/STM32L4xx_HAL_Driver/Src/stm32l4xx_hal_rcc_ex.c ****   */
 194:Drivers/STM32L4xx_HAL_Driver/Src/stm32l4xx_hal_rcc_ex.c **** HAL_StatusTypeDef HAL_RCCEx_PeriphCLKConfig(RCC_PeriphCLKInitTypeDef  *PeriphClkInit)
 195:Drivers/STM32L4xx_HAL_Driver/Src/stm32l4xx_hal_rcc_ex.c **** {
 196:Drivers/STM32L4xx_HAL_Driver/Src/stm32l4xx_hal_rcc_ex.c ****   uint32_t tmpregister, tickstart;     /* no init needed */
 197:Drivers/STM32L4xx_HAL_Driver/Src/stm32l4xx_hal_rcc_ex.c ****   HAL_StatusTypeDef ret = HAL_OK;      /* Intermediate status */
 198:Drivers/STM32L4xx_HAL_Driver/Src/stm32l4xx_hal_rcc_ex.c ****   HAL_StatusTypeDef status = HAL_OK;   /* Final status */
 199:Drivers/STM32L4xx_HAL_Driver/Src/stm32l4xx_hal_rcc_ex.c **** 
 200:Drivers/STM32L4xx_HAL_Driver/Src/stm32l4xx_hal_rcc_ex.c ****   /* Check the parameters */
 201:Drivers/STM32L4xx_HAL_Driver/Src/stm32l4xx_hal_rcc_ex.c ****   assert_param(IS_RCC_PERIPHCLOCK(PeriphClkInit->PeriphClockSelection));
ARM GAS  /tmp/ccFN0S9l.s 			page 5


 202:Drivers/STM32L4xx_HAL_Driver/Src/stm32l4xx_hal_rcc_ex.c **** 
 203:Drivers/STM32L4xx_HAL_Driver/Src/stm32l4xx_hal_rcc_ex.c **** #if defined(SAI1)
 204:Drivers/STM32L4xx_HAL_Driver/Src/stm32l4xx_hal_rcc_ex.c **** 
 205:Drivers/STM32L4xx_HAL_Driver/Src/stm32l4xx_hal_rcc_ex.c ****   /*-------------------------- SAI1 clock source configuration ---------------------*/
 206:Drivers/STM32L4xx_HAL_Driver/Src/stm32l4xx_hal_rcc_ex.c ****   if((((PeriphClkInit->PeriphClockSelection) & RCC_PERIPHCLK_SAI1) == RCC_PERIPHCLK_SAI1))
 207:Drivers/STM32L4xx_HAL_Driver/Src/stm32l4xx_hal_rcc_ex.c ****   {
 208:Drivers/STM32L4xx_HAL_Driver/Src/stm32l4xx_hal_rcc_ex.c ****     /* Check the parameters */
 209:Drivers/STM32L4xx_HAL_Driver/Src/stm32l4xx_hal_rcc_ex.c ****     assert_param(IS_RCC_SAI1CLK(PeriphClkInit->Sai1ClockSelection));
 210:Drivers/STM32L4xx_HAL_Driver/Src/stm32l4xx_hal_rcc_ex.c **** 
 211:Drivers/STM32L4xx_HAL_Driver/Src/stm32l4xx_hal_rcc_ex.c ****     switch(PeriphClkInit->Sai1ClockSelection)
 212:Drivers/STM32L4xx_HAL_Driver/Src/stm32l4xx_hal_rcc_ex.c ****     {
 213:Drivers/STM32L4xx_HAL_Driver/Src/stm32l4xx_hal_rcc_ex.c ****     case RCC_SAI1CLKSOURCE_PLL:      /* PLL is used as clock source for SAI1*/
 214:Drivers/STM32L4xx_HAL_Driver/Src/stm32l4xx_hal_rcc_ex.c ****       /* Enable SAI Clock output generated from System PLL . */
 215:Drivers/STM32L4xx_HAL_Driver/Src/stm32l4xx_hal_rcc_ex.c **** #if defined(RCC_PLLSAI2_SUPPORT)
 216:Drivers/STM32L4xx_HAL_Driver/Src/stm32l4xx_hal_rcc_ex.c ****       __HAL_RCC_PLLCLKOUT_ENABLE(RCC_PLL_SAI3CLK);
 217:Drivers/STM32L4xx_HAL_Driver/Src/stm32l4xx_hal_rcc_ex.c **** #else
 218:Drivers/STM32L4xx_HAL_Driver/Src/stm32l4xx_hal_rcc_ex.c ****       __HAL_RCC_PLLCLKOUT_ENABLE(RCC_PLL_SAI2CLK);
 219:Drivers/STM32L4xx_HAL_Driver/Src/stm32l4xx_hal_rcc_ex.c **** #endif /* RCC_PLLSAI2_SUPPORT */
 220:Drivers/STM32L4xx_HAL_Driver/Src/stm32l4xx_hal_rcc_ex.c ****       /* SAI1 clock source config set later after clock selection check */
 221:Drivers/STM32L4xx_HAL_Driver/Src/stm32l4xx_hal_rcc_ex.c ****       break;
 222:Drivers/STM32L4xx_HAL_Driver/Src/stm32l4xx_hal_rcc_ex.c **** 
 223:Drivers/STM32L4xx_HAL_Driver/Src/stm32l4xx_hal_rcc_ex.c ****     case RCC_SAI1CLKSOURCE_PLLSAI1:  /* PLLSAI1 is used as clock source for SAI1*/
 224:Drivers/STM32L4xx_HAL_Driver/Src/stm32l4xx_hal_rcc_ex.c ****       /* PLLSAI1 input clock, parameters M, N & P configuration and clock output (PLLSAI1ClockOut) 
 225:Drivers/STM32L4xx_HAL_Driver/Src/stm32l4xx_hal_rcc_ex.c ****       ret = RCCEx_PLLSAI1_Config(&(PeriphClkInit->PLLSAI1), DIVIDER_P_UPDATE);
 226:Drivers/STM32L4xx_HAL_Driver/Src/stm32l4xx_hal_rcc_ex.c ****       /* SAI1 clock source config set later after clock selection check */
 227:Drivers/STM32L4xx_HAL_Driver/Src/stm32l4xx_hal_rcc_ex.c ****       break;
 228:Drivers/STM32L4xx_HAL_Driver/Src/stm32l4xx_hal_rcc_ex.c **** 
 229:Drivers/STM32L4xx_HAL_Driver/Src/stm32l4xx_hal_rcc_ex.c **** #if defined(RCC_PLLSAI2_SUPPORT)
 230:Drivers/STM32L4xx_HAL_Driver/Src/stm32l4xx_hal_rcc_ex.c **** 
 231:Drivers/STM32L4xx_HAL_Driver/Src/stm32l4xx_hal_rcc_ex.c ****     case RCC_SAI1CLKSOURCE_PLLSAI2:  /* PLLSAI2 is used as clock source for SAI1*/
 232:Drivers/STM32L4xx_HAL_Driver/Src/stm32l4xx_hal_rcc_ex.c ****       /* PLLSAI2 input clock, parameters M, N & P configuration clock output (PLLSAI2ClockOut) */
 233:Drivers/STM32L4xx_HAL_Driver/Src/stm32l4xx_hal_rcc_ex.c ****       ret = RCCEx_PLLSAI2_Config(&(PeriphClkInit->PLLSAI2), DIVIDER_P_UPDATE);
 234:Drivers/STM32L4xx_HAL_Driver/Src/stm32l4xx_hal_rcc_ex.c ****       /* SAI1 clock source config set later after clock selection check */
 235:Drivers/STM32L4xx_HAL_Driver/Src/stm32l4xx_hal_rcc_ex.c ****       break;
 236:Drivers/STM32L4xx_HAL_Driver/Src/stm32l4xx_hal_rcc_ex.c **** 
 237:Drivers/STM32L4xx_HAL_Driver/Src/stm32l4xx_hal_rcc_ex.c **** #endif /* RCC_PLLSAI2_SUPPORT */
 238:Drivers/STM32L4xx_HAL_Driver/Src/stm32l4xx_hal_rcc_ex.c **** 
 239:Drivers/STM32L4xx_HAL_Driver/Src/stm32l4xx_hal_rcc_ex.c ****     case RCC_SAI1CLKSOURCE_PIN:      /* External clock is used as source of SAI1 clock*/
 240:Drivers/STM32L4xx_HAL_Driver/Src/stm32l4xx_hal_rcc_ex.c **** #if defined(STM32L4P5xx) || defined(STM32L4Q5xx) || defined(STM32L4R5xx) || defined(STM32L4R7xx) ||
 241:Drivers/STM32L4xx_HAL_Driver/Src/stm32l4xx_hal_rcc_ex.c ****     case RCC_SAI1CLKSOURCE_HSI:      /* HSI is used as source of SAI1 clock*/
 242:Drivers/STM32L4xx_HAL_Driver/Src/stm32l4xx_hal_rcc_ex.c **** #endif /* STM32L4P5xx || STM32L4Q5xx || STM32L4R5xx || STM32L4R7xx || STM32L4R9xx || STM32L4S5xx ||
 243:Drivers/STM32L4xx_HAL_Driver/Src/stm32l4xx_hal_rcc_ex.c ****       /* SAI1 clock source config set later after clock selection check */
 244:Drivers/STM32L4xx_HAL_Driver/Src/stm32l4xx_hal_rcc_ex.c ****       break;
 245:Drivers/STM32L4xx_HAL_Driver/Src/stm32l4xx_hal_rcc_ex.c **** 
 246:Drivers/STM32L4xx_HAL_Driver/Src/stm32l4xx_hal_rcc_ex.c ****     default:
 247:Drivers/STM32L4xx_HAL_Driver/Src/stm32l4xx_hal_rcc_ex.c ****       ret = HAL_ERROR;
 248:Drivers/STM32L4xx_HAL_Driver/Src/stm32l4xx_hal_rcc_ex.c ****       break;
 249:Drivers/STM32L4xx_HAL_Driver/Src/stm32l4xx_hal_rcc_ex.c ****     }
 250:Drivers/STM32L4xx_HAL_Driver/Src/stm32l4xx_hal_rcc_ex.c **** 
 251:Drivers/STM32L4xx_HAL_Driver/Src/stm32l4xx_hal_rcc_ex.c ****     if(ret == HAL_OK)
 252:Drivers/STM32L4xx_HAL_Driver/Src/stm32l4xx_hal_rcc_ex.c ****     {
 253:Drivers/STM32L4xx_HAL_Driver/Src/stm32l4xx_hal_rcc_ex.c ****       /* Set the source of SAI1 clock*/
 254:Drivers/STM32L4xx_HAL_Driver/Src/stm32l4xx_hal_rcc_ex.c ****       __HAL_RCC_SAI1_CONFIG(PeriphClkInit->Sai1ClockSelection);
 255:Drivers/STM32L4xx_HAL_Driver/Src/stm32l4xx_hal_rcc_ex.c ****     }
 256:Drivers/STM32L4xx_HAL_Driver/Src/stm32l4xx_hal_rcc_ex.c ****     else
 257:Drivers/STM32L4xx_HAL_Driver/Src/stm32l4xx_hal_rcc_ex.c ****     {
 258:Drivers/STM32L4xx_HAL_Driver/Src/stm32l4xx_hal_rcc_ex.c ****       /* set overall return value */
ARM GAS  /tmp/ccFN0S9l.s 			page 6


 259:Drivers/STM32L4xx_HAL_Driver/Src/stm32l4xx_hal_rcc_ex.c ****       status = ret;
 260:Drivers/STM32L4xx_HAL_Driver/Src/stm32l4xx_hal_rcc_ex.c ****     }
 261:Drivers/STM32L4xx_HAL_Driver/Src/stm32l4xx_hal_rcc_ex.c ****   }
 262:Drivers/STM32L4xx_HAL_Driver/Src/stm32l4xx_hal_rcc_ex.c **** 
 263:Drivers/STM32L4xx_HAL_Driver/Src/stm32l4xx_hal_rcc_ex.c **** #endif /* SAI1 */
 264:Drivers/STM32L4xx_HAL_Driver/Src/stm32l4xx_hal_rcc_ex.c **** 
 265:Drivers/STM32L4xx_HAL_Driver/Src/stm32l4xx_hal_rcc_ex.c **** #if defined(SAI2)
 266:Drivers/STM32L4xx_HAL_Driver/Src/stm32l4xx_hal_rcc_ex.c **** 
 267:Drivers/STM32L4xx_HAL_Driver/Src/stm32l4xx_hal_rcc_ex.c ****   /*-------------------------- SAI2 clock source configuration ---------------------*/
 268:Drivers/STM32L4xx_HAL_Driver/Src/stm32l4xx_hal_rcc_ex.c ****   if((((PeriphClkInit->PeriphClockSelection) & RCC_PERIPHCLK_SAI2) == RCC_PERIPHCLK_SAI2))
 269:Drivers/STM32L4xx_HAL_Driver/Src/stm32l4xx_hal_rcc_ex.c ****   {
 270:Drivers/STM32L4xx_HAL_Driver/Src/stm32l4xx_hal_rcc_ex.c ****     /* Check the parameters */
 271:Drivers/STM32L4xx_HAL_Driver/Src/stm32l4xx_hal_rcc_ex.c ****     assert_param(IS_RCC_SAI2CLK(PeriphClkInit->Sai2ClockSelection));
 272:Drivers/STM32L4xx_HAL_Driver/Src/stm32l4xx_hal_rcc_ex.c **** 
 273:Drivers/STM32L4xx_HAL_Driver/Src/stm32l4xx_hal_rcc_ex.c ****     switch(PeriphClkInit->Sai2ClockSelection)
 274:Drivers/STM32L4xx_HAL_Driver/Src/stm32l4xx_hal_rcc_ex.c ****     {
 275:Drivers/STM32L4xx_HAL_Driver/Src/stm32l4xx_hal_rcc_ex.c ****     case RCC_SAI2CLKSOURCE_PLL:      /* PLL is used as clock source for SAI2*/
 276:Drivers/STM32L4xx_HAL_Driver/Src/stm32l4xx_hal_rcc_ex.c ****       /* Enable SAI Clock output generated from System PLL . */
 277:Drivers/STM32L4xx_HAL_Driver/Src/stm32l4xx_hal_rcc_ex.c ****       __HAL_RCC_PLLCLKOUT_ENABLE(RCC_PLL_SAI3CLK);
 278:Drivers/STM32L4xx_HAL_Driver/Src/stm32l4xx_hal_rcc_ex.c ****       /* SAI2 clock source config set later after clock selection check */
 279:Drivers/STM32L4xx_HAL_Driver/Src/stm32l4xx_hal_rcc_ex.c ****       break;
 280:Drivers/STM32L4xx_HAL_Driver/Src/stm32l4xx_hal_rcc_ex.c **** 
 281:Drivers/STM32L4xx_HAL_Driver/Src/stm32l4xx_hal_rcc_ex.c ****     case RCC_SAI2CLKSOURCE_PLLSAI1: /* PLLSAI1 is used as clock source for SAI2*/
 282:Drivers/STM32L4xx_HAL_Driver/Src/stm32l4xx_hal_rcc_ex.c ****       /* PLLSAI1 input clock, parameters M, N & P configuration and clock output (PLLSAI1ClockOut) 
 283:Drivers/STM32L4xx_HAL_Driver/Src/stm32l4xx_hal_rcc_ex.c ****       ret = RCCEx_PLLSAI1_Config(&(PeriphClkInit->PLLSAI1), DIVIDER_P_UPDATE);
 284:Drivers/STM32L4xx_HAL_Driver/Src/stm32l4xx_hal_rcc_ex.c ****       /* SAI2 clock source config set later after clock selection check */
 285:Drivers/STM32L4xx_HAL_Driver/Src/stm32l4xx_hal_rcc_ex.c ****       break;
 286:Drivers/STM32L4xx_HAL_Driver/Src/stm32l4xx_hal_rcc_ex.c **** 
 287:Drivers/STM32L4xx_HAL_Driver/Src/stm32l4xx_hal_rcc_ex.c ****     case RCC_SAI2CLKSOURCE_PLLSAI2:  /* PLLSAI2 is used as clock source for SAI2*/
 288:Drivers/STM32L4xx_HAL_Driver/Src/stm32l4xx_hal_rcc_ex.c ****       /* PLLSAI2 input clock, parameters M, N & P configuration and clock output (PLLSAI2ClockOut) 
 289:Drivers/STM32L4xx_HAL_Driver/Src/stm32l4xx_hal_rcc_ex.c ****       ret = RCCEx_PLLSAI2_Config(&(PeriphClkInit->PLLSAI2), DIVIDER_P_UPDATE);
 290:Drivers/STM32L4xx_HAL_Driver/Src/stm32l4xx_hal_rcc_ex.c ****       /* SAI2 clock source config set later after clock selection check */
 291:Drivers/STM32L4xx_HAL_Driver/Src/stm32l4xx_hal_rcc_ex.c ****       break;
 292:Drivers/STM32L4xx_HAL_Driver/Src/stm32l4xx_hal_rcc_ex.c **** 
 293:Drivers/STM32L4xx_HAL_Driver/Src/stm32l4xx_hal_rcc_ex.c ****     case RCC_SAI2CLKSOURCE_PIN:      /* External clock is used as source of SAI2 clock*/
 294:Drivers/STM32L4xx_HAL_Driver/Src/stm32l4xx_hal_rcc_ex.c **** #if defined(STM32L4P5xx) || defined(STM32L4Q5xx) || defined(STM32L4R5xx) || defined(STM32L4R7xx) ||
 295:Drivers/STM32L4xx_HAL_Driver/Src/stm32l4xx_hal_rcc_ex.c ****     case RCC_SAI2CLKSOURCE_HSI:      /* HSI is used as source of SAI2 clock*/
 296:Drivers/STM32L4xx_HAL_Driver/Src/stm32l4xx_hal_rcc_ex.c **** #endif /* STM32L4P5xx || STM32L4Q5xx || STM32L4R5xx || STM32L4R7xx || STM32L4R9xx || STM32L4S5xx ||
 297:Drivers/STM32L4xx_HAL_Driver/Src/stm32l4xx_hal_rcc_ex.c ****       /* SAI2 clock source config set later after clock selection check */
 298:Drivers/STM32L4xx_HAL_Driver/Src/stm32l4xx_hal_rcc_ex.c ****       break;
 299:Drivers/STM32L4xx_HAL_Driver/Src/stm32l4xx_hal_rcc_ex.c **** 
 300:Drivers/STM32L4xx_HAL_Driver/Src/stm32l4xx_hal_rcc_ex.c ****     default:
 301:Drivers/STM32L4xx_HAL_Driver/Src/stm32l4xx_hal_rcc_ex.c ****       ret = HAL_ERROR;
 302:Drivers/STM32L4xx_HAL_Driver/Src/stm32l4xx_hal_rcc_ex.c ****       break;
 303:Drivers/STM32L4xx_HAL_Driver/Src/stm32l4xx_hal_rcc_ex.c ****     }
 304:Drivers/STM32L4xx_HAL_Driver/Src/stm32l4xx_hal_rcc_ex.c **** 
 305:Drivers/STM32L4xx_HAL_Driver/Src/stm32l4xx_hal_rcc_ex.c ****     if(ret == HAL_OK)
 306:Drivers/STM32L4xx_HAL_Driver/Src/stm32l4xx_hal_rcc_ex.c ****     {
 307:Drivers/STM32L4xx_HAL_Driver/Src/stm32l4xx_hal_rcc_ex.c ****       /* Set the source of SAI2 clock*/
 308:Drivers/STM32L4xx_HAL_Driver/Src/stm32l4xx_hal_rcc_ex.c ****       __HAL_RCC_SAI2_CONFIG(PeriphClkInit->Sai2ClockSelection);
 309:Drivers/STM32L4xx_HAL_Driver/Src/stm32l4xx_hal_rcc_ex.c ****     }
 310:Drivers/STM32L4xx_HAL_Driver/Src/stm32l4xx_hal_rcc_ex.c ****     else
 311:Drivers/STM32L4xx_HAL_Driver/Src/stm32l4xx_hal_rcc_ex.c ****     {
 312:Drivers/STM32L4xx_HAL_Driver/Src/stm32l4xx_hal_rcc_ex.c ****       /* set overall return value */
 313:Drivers/STM32L4xx_HAL_Driver/Src/stm32l4xx_hal_rcc_ex.c ****       status = ret;
 314:Drivers/STM32L4xx_HAL_Driver/Src/stm32l4xx_hal_rcc_ex.c ****     }
 315:Drivers/STM32L4xx_HAL_Driver/Src/stm32l4xx_hal_rcc_ex.c ****   }
ARM GAS  /tmp/ccFN0S9l.s 			page 7


 316:Drivers/STM32L4xx_HAL_Driver/Src/stm32l4xx_hal_rcc_ex.c **** #endif /* SAI2 */
 317:Drivers/STM32L4xx_HAL_Driver/Src/stm32l4xx_hal_rcc_ex.c **** 
 318:Drivers/STM32L4xx_HAL_Driver/Src/stm32l4xx_hal_rcc_ex.c ****   /*-------------------------- RTC clock source configuration ----------------------*/
 319:Drivers/STM32L4xx_HAL_Driver/Src/stm32l4xx_hal_rcc_ex.c ****   if((PeriphClkInit->PeriphClockSelection & RCC_PERIPHCLK_RTC) == RCC_PERIPHCLK_RTC)
 320:Drivers/STM32L4xx_HAL_Driver/Src/stm32l4xx_hal_rcc_ex.c ****   {
 321:Drivers/STM32L4xx_HAL_Driver/Src/stm32l4xx_hal_rcc_ex.c ****     FlagStatus       pwrclkchanged = RESET;
 322:Drivers/STM32L4xx_HAL_Driver/Src/stm32l4xx_hal_rcc_ex.c **** 
 323:Drivers/STM32L4xx_HAL_Driver/Src/stm32l4xx_hal_rcc_ex.c ****     /* Check for RTC Parameters used to output RTCCLK */
 324:Drivers/STM32L4xx_HAL_Driver/Src/stm32l4xx_hal_rcc_ex.c ****     assert_param(IS_RCC_RTCCLKSOURCE(PeriphClkInit->RTCClockSelection));
 325:Drivers/STM32L4xx_HAL_Driver/Src/stm32l4xx_hal_rcc_ex.c **** 
 326:Drivers/STM32L4xx_HAL_Driver/Src/stm32l4xx_hal_rcc_ex.c ****     /* Enable Power Clock */
 327:Drivers/STM32L4xx_HAL_Driver/Src/stm32l4xx_hal_rcc_ex.c ****     if(__HAL_RCC_PWR_IS_CLK_DISABLED() != 0U)
 328:Drivers/STM32L4xx_HAL_Driver/Src/stm32l4xx_hal_rcc_ex.c ****     {
 329:Drivers/STM32L4xx_HAL_Driver/Src/stm32l4xx_hal_rcc_ex.c ****       __HAL_RCC_PWR_CLK_ENABLE();
 330:Drivers/STM32L4xx_HAL_Driver/Src/stm32l4xx_hal_rcc_ex.c ****       pwrclkchanged = SET;
 331:Drivers/STM32L4xx_HAL_Driver/Src/stm32l4xx_hal_rcc_ex.c ****     }
 332:Drivers/STM32L4xx_HAL_Driver/Src/stm32l4xx_hal_rcc_ex.c **** 
 333:Drivers/STM32L4xx_HAL_Driver/Src/stm32l4xx_hal_rcc_ex.c ****     /* Enable write access to Backup domain */
 334:Drivers/STM32L4xx_HAL_Driver/Src/stm32l4xx_hal_rcc_ex.c ****     SET_BIT(PWR->CR1, PWR_CR1_DBP);
 335:Drivers/STM32L4xx_HAL_Driver/Src/stm32l4xx_hal_rcc_ex.c **** 
 336:Drivers/STM32L4xx_HAL_Driver/Src/stm32l4xx_hal_rcc_ex.c ****     /* Wait for Backup domain Write protection disable */
 337:Drivers/STM32L4xx_HAL_Driver/Src/stm32l4xx_hal_rcc_ex.c ****     tickstart = HAL_GetTick();
 338:Drivers/STM32L4xx_HAL_Driver/Src/stm32l4xx_hal_rcc_ex.c **** 
 339:Drivers/STM32L4xx_HAL_Driver/Src/stm32l4xx_hal_rcc_ex.c ****     while(READ_BIT(PWR->CR1, PWR_CR1_DBP) == 0U)
 340:Drivers/STM32L4xx_HAL_Driver/Src/stm32l4xx_hal_rcc_ex.c ****     {
 341:Drivers/STM32L4xx_HAL_Driver/Src/stm32l4xx_hal_rcc_ex.c ****       if((HAL_GetTick() - tickstart) > RCC_DBP_TIMEOUT_VALUE)
 342:Drivers/STM32L4xx_HAL_Driver/Src/stm32l4xx_hal_rcc_ex.c ****       {
 343:Drivers/STM32L4xx_HAL_Driver/Src/stm32l4xx_hal_rcc_ex.c ****         ret = HAL_TIMEOUT;
 344:Drivers/STM32L4xx_HAL_Driver/Src/stm32l4xx_hal_rcc_ex.c ****         break;
 345:Drivers/STM32L4xx_HAL_Driver/Src/stm32l4xx_hal_rcc_ex.c ****       }
 346:Drivers/STM32L4xx_HAL_Driver/Src/stm32l4xx_hal_rcc_ex.c ****     }
 347:Drivers/STM32L4xx_HAL_Driver/Src/stm32l4xx_hal_rcc_ex.c **** 
 348:Drivers/STM32L4xx_HAL_Driver/Src/stm32l4xx_hal_rcc_ex.c ****     if(ret == HAL_OK)
 349:Drivers/STM32L4xx_HAL_Driver/Src/stm32l4xx_hal_rcc_ex.c ****     {
 350:Drivers/STM32L4xx_HAL_Driver/Src/stm32l4xx_hal_rcc_ex.c ****       /* Reset the Backup domain only if the RTC Clock source selection is modified from default */
 351:Drivers/STM32L4xx_HAL_Driver/Src/stm32l4xx_hal_rcc_ex.c ****       tmpregister = READ_BIT(RCC->BDCR, RCC_BDCR_RTCSEL);
 352:Drivers/STM32L4xx_HAL_Driver/Src/stm32l4xx_hal_rcc_ex.c **** 
 353:Drivers/STM32L4xx_HAL_Driver/Src/stm32l4xx_hal_rcc_ex.c ****       if((tmpregister != RCC_RTCCLKSOURCE_NONE) && (tmpregister != PeriphClkInit->RTCClockSelection
 354:Drivers/STM32L4xx_HAL_Driver/Src/stm32l4xx_hal_rcc_ex.c ****       {
 355:Drivers/STM32L4xx_HAL_Driver/Src/stm32l4xx_hal_rcc_ex.c ****         /* Store the content of BDCR register before the reset of Backup Domain */
 356:Drivers/STM32L4xx_HAL_Driver/Src/stm32l4xx_hal_rcc_ex.c ****         tmpregister = READ_BIT(RCC->BDCR, ~(RCC_BDCR_RTCSEL));
 357:Drivers/STM32L4xx_HAL_Driver/Src/stm32l4xx_hal_rcc_ex.c ****         /* RTC Clock selection can be changed only if the Backup Domain is reset */
 358:Drivers/STM32L4xx_HAL_Driver/Src/stm32l4xx_hal_rcc_ex.c ****         __HAL_RCC_BACKUPRESET_FORCE();
 359:Drivers/STM32L4xx_HAL_Driver/Src/stm32l4xx_hal_rcc_ex.c ****         __HAL_RCC_BACKUPRESET_RELEASE();
 360:Drivers/STM32L4xx_HAL_Driver/Src/stm32l4xx_hal_rcc_ex.c ****         /* Restore the Content of BDCR register */
 361:Drivers/STM32L4xx_HAL_Driver/Src/stm32l4xx_hal_rcc_ex.c ****         RCC->BDCR = tmpregister;
 362:Drivers/STM32L4xx_HAL_Driver/Src/stm32l4xx_hal_rcc_ex.c ****       }
 363:Drivers/STM32L4xx_HAL_Driver/Src/stm32l4xx_hal_rcc_ex.c **** 
 364:Drivers/STM32L4xx_HAL_Driver/Src/stm32l4xx_hal_rcc_ex.c ****       /* Wait for LSE reactivation if LSE was enable prior to Backup Domain reset */
 365:Drivers/STM32L4xx_HAL_Driver/Src/stm32l4xx_hal_rcc_ex.c ****       if (HAL_IS_BIT_SET(tmpregister, RCC_BDCR_LSEON))
 366:Drivers/STM32L4xx_HAL_Driver/Src/stm32l4xx_hal_rcc_ex.c ****       {
 367:Drivers/STM32L4xx_HAL_Driver/Src/stm32l4xx_hal_rcc_ex.c ****         /* Get Start Tick*/
 368:Drivers/STM32L4xx_HAL_Driver/Src/stm32l4xx_hal_rcc_ex.c ****         tickstart = HAL_GetTick();
 369:Drivers/STM32L4xx_HAL_Driver/Src/stm32l4xx_hal_rcc_ex.c **** 
 370:Drivers/STM32L4xx_HAL_Driver/Src/stm32l4xx_hal_rcc_ex.c ****         /* Wait till LSE is ready */
 371:Drivers/STM32L4xx_HAL_Driver/Src/stm32l4xx_hal_rcc_ex.c ****         while(READ_BIT(RCC->BDCR, RCC_BDCR_LSERDY) == 0U)
 372:Drivers/STM32L4xx_HAL_Driver/Src/stm32l4xx_hal_rcc_ex.c ****         {
ARM GAS  /tmp/ccFN0S9l.s 			page 8


 373:Drivers/STM32L4xx_HAL_Driver/Src/stm32l4xx_hal_rcc_ex.c ****           if((HAL_GetTick() - tickstart) > RCC_LSE_TIMEOUT_VALUE)
 374:Drivers/STM32L4xx_HAL_Driver/Src/stm32l4xx_hal_rcc_ex.c ****           {
 375:Drivers/STM32L4xx_HAL_Driver/Src/stm32l4xx_hal_rcc_ex.c ****             ret = HAL_TIMEOUT;
 376:Drivers/STM32L4xx_HAL_Driver/Src/stm32l4xx_hal_rcc_ex.c ****             break;
 377:Drivers/STM32L4xx_HAL_Driver/Src/stm32l4xx_hal_rcc_ex.c ****           }
 378:Drivers/STM32L4xx_HAL_Driver/Src/stm32l4xx_hal_rcc_ex.c ****         }
 379:Drivers/STM32L4xx_HAL_Driver/Src/stm32l4xx_hal_rcc_ex.c ****       }
 380:Drivers/STM32L4xx_HAL_Driver/Src/stm32l4xx_hal_rcc_ex.c **** 
 381:Drivers/STM32L4xx_HAL_Driver/Src/stm32l4xx_hal_rcc_ex.c ****       if(ret == HAL_OK)
 382:Drivers/STM32L4xx_HAL_Driver/Src/stm32l4xx_hal_rcc_ex.c ****       {
 383:Drivers/STM32L4xx_HAL_Driver/Src/stm32l4xx_hal_rcc_ex.c ****         /* Apply new RTC clock source selection */
 384:Drivers/STM32L4xx_HAL_Driver/Src/stm32l4xx_hal_rcc_ex.c ****         __HAL_RCC_RTC_CONFIG(PeriphClkInit->RTCClockSelection);
 385:Drivers/STM32L4xx_HAL_Driver/Src/stm32l4xx_hal_rcc_ex.c ****       }
 386:Drivers/STM32L4xx_HAL_Driver/Src/stm32l4xx_hal_rcc_ex.c ****       else
 387:Drivers/STM32L4xx_HAL_Driver/Src/stm32l4xx_hal_rcc_ex.c ****       {
 388:Drivers/STM32L4xx_HAL_Driver/Src/stm32l4xx_hal_rcc_ex.c ****         /* set overall return value */
 389:Drivers/STM32L4xx_HAL_Driver/Src/stm32l4xx_hal_rcc_ex.c ****         status = ret;
 390:Drivers/STM32L4xx_HAL_Driver/Src/stm32l4xx_hal_rcc_ex.c ****       }
 391:Drivers/STM32L4xx_HAL_Driver/Src/stm32l4xx_hal_rcc_ex.c ****     }
 392:Drivers/STM32L4xx_HAL_Driver/Src/stm32l4xx_hal_rcc_ex.c ****     else
 393:Drivers/STM32L4xx_HAL_Driver/Src/stm32l4xx_hal_rcc_ex.c ****     {
 394:Drivers/STM32L4xx_HAL_Driver/Src/stm32l4xx_hal_rcc_ex.c ****       /* set overall return value */
 395:Drivers/STM32L4xx_HAL_Driver/Src/stm32l4xx_hal_rcc_ex.c ****       status = ret;
 396:Drivers/STM32L4xx_HAL_Driver/Src/stm32l4xx_hal_rcc_ex.c ****     }
 397:Drivers/STM32L4xx_HAL_Driver/Src/stm32l4xx_hal_rcc_ex.c **** 
 398:Drivers/STM32L4xx_HAL_Driver/Src/stm32l4xx_hal_rcc_ex.c ****     /* Restore clock configuration if changed */
 399:Drivers/STM32L4xx_HAL_Driver/Src/stm32l4xx_hal_rcc_ex.c ****     if(pwrclkchanged == SET)
 400:Drivers/STM32L4xx_HAL_Driver/Src/stm32l4xx_hal_rcc_ex.c ****     {
 401:Drivers/STM32L4xx_HAL_Driver/Src/stm32l4xx_hal_rcc_ex.c ****       __HAL_RCC_PWR_CLK_DISABLE();
 402:Drivers/STM32L4xx_HAL_Driver/Src/stm32l4xx_hal_rcc_ex.c ****     }
 403:Drivers/STM32L4xx_HAL_Driver/Src/stm32l4xx_hal_rcc_ex.c ****   }
 404:Drivers/STM32L4xx_HAL_Driver/Src/stm32l4xx_hal_rcc_ex.c **** 
 405:Drivers/STM32L4xx_HAL_Driver/Src/stm32l4xx_hal_rcc_ex.c ****   /*-------------------------- USART1 clock source configuration -------------------*/
 406:Drivers/STM32L4xx_HAL_Driver/Src/stm32l4xx_hal_rcc_ex.c ****   if(((PeriphClkInit->PeriphClockSelection) & RCC_PERIPHCLK_USART1) == RCC_PERIPHCLK_USART1)
 407:Drivers/STM32L4xx_HAL_Driver/Src/stm32l4xx_hal_rcc_ex.c ****   {
 408:Drivers/STM32L4xx_HAL_Driver/Src/stm32l4xx_hal_rcc_ex.c ****     /* Check the parameters */
 409:Drivers/STM32L4xx_HAL_Driver/Src/stm32l4xx_hal_rcc_ex.c ****     assert_param(IS_RCC_USART1CLKSOURCE(PeriphClkInit->Usart1ClockSelection));
 410:Drivers/STM32L4xx_HAL_Driver/Src/stm32l4xx_hal_rcc_ex.c **** 
 411:Drivers/STM32L4xx_HAL_Driver/Src/stm32l4xx_hal_rcc_ex.c ****     /* Configure the USART1 clock source */
 412:Drivers/STM32L4xx_HAL_Driver/Src/stm32l4xx_hal_rcc_ex.c ****     __HAL_RCC_USART1_CONFIG(PeriphClkInit->Usart1ClockSelection);
 413:Drivers/STM32L4xx_HAL_Driver/Src/stm32l4xx_hal_rcc_ex.c ****   }
 414:Drivers/STM32L4xx_HAL_Driver/Src/stm32l4xx_hal_rcc_ex.c **** 
 415:Drivers/STM32L4xx_HAL_Driver/Src/stm32l4xx_hal_rcc_ex.c ****   /*-------------------------- USART2 clock source configuration -------------------*/
 416:Drivers/STM32L4xx_HAL_Driver/Src/stm32l4xx_hal_rcc_ex.c ****   if(((PeriphClkInit->PeriphClockSelection) & RCC_PERIPHCLK_USART2) == RCC_PERIPHCLK_USART2)
 417:Drivers/STM32L4xx_HAL_Driver/Src/stm32l4xx_hal_rcc_ex.c ****   {
 418:Drivers/STM32L4xx_HAL_Driver/Src/stm32l4xx_hal_rcc_ex.c ****     /* Check the parameters */
 419:Drivers/STM32L4xx_HAL_Driver/Src/stm32l4xx_hal_rcc_ex.c ****     assert_param(IS_RCC_USART2CLKSOURCE(PeriphClkInit->Usart2ClockSelection));
 420:Drivers/STM32L4xx_HAL_Driver/Src/stm32l4xx_hal_rcc_ex.c **** 
 421:Drivers/STM32L4xx_HAL_Driver/Src/stm32l4xx_hal_rcc_ex.c ****     /* Configure the USART2 clock source */
 422:Drivers/STM32L4xx_HAL_Driver/Src/stm32l4xx_hal_rcc_ex.c ****     __HAL_RCC_USART2_CONFIG(PeriphClkInit->Usart2ClockSelection);
 423:Drivers/STM32L4xx_HAL_Driver/Src/stm32l4xx_hal_rcc_ex.c ****   }
 424:Drivers/STM32L4xx_HAL_Driver/Src/stm32l4xx_hal_rcc_ex.c **** 
 425:Drivers/STM32L4xx_HAL_Driver/Src/stm32l4xx_hal_rcc_ex.c **** #if defined(USART3)
 426:Drivers/STM32L4xx_HAL_Driver/Src/stm32l4xx_hal_rcc_ex.c **** 
 427:Drivers/STM32L4xx_HAL_Driver/Src/stm32l4xx_hal_rcc_ex.c ****   /*-------------------------- USART3 clock source configuration -------------------*/
 428:Drivers/STM32L4xx_HAL_Driver/Src/stm32l4xx_hal_rcc_ex.c ****   if(((PeriphClkInit->PeriphClockSelection) & RCC_PERIPHCLK_USART3) == RCC_PERIPHCLK_USART3)
 429:Drivers/STM32L4xx_HAL_Driver/Src/stm32l4xx_hal_rcc_ex.c ****   {
ARM GAS  /tmp/ccFN0S9l.s 			page 9


 430:Drivers/STM32L4xx_HAL_Driver/Src/stm32l4xx_hal_rcc_ex.c ****     /* Check the parameters */
 431:Drivers/STM32L4xx_HAL_Driver/Src/stm32l4xx_hal_rcc_ex.c ****     assert_param(IS_RCC_USART3CLKSOURCE(PeriphClkInit->Usart3ClockSelection));
 432:Drivers/STM32L4xx_HAL_Driver/Src/stm32l4xx_hal_rcc_ex.c **** 
 433:Drivers/STM32L4xx_HAL_Driver/Src/stm32l4xx_hal_rcc_ex.c ****     /* Configure the USART3 clock source */
 434:Drivers/STM32L4xx_HAL_Driver/Src/stm32l4xx_hal_rcc_ex.c ****     __HAL_RCC_USART3_CONFIG(PeriphClkInit->Usart3ClockSelection);
 435:Drivers/STM32L4xx_HAL_Driver/Src/stm32l4xx_hal_rcc_ex.c ****   }
 436:Drivers/STM32L4xx_HAL_Driver/Src/stm32l4xx_hal_rcc_ex.c **** 
 437:Drivers/STM32L4xx_HAL_Driver/Src/stm32l4xx_hal_rcc_ex.c **** #endif /* USART3 */
 438:Drivers/STM32L4xx_HAL_Driver/Src/stm32l4xx_hal_rcc_ex.c **** 
 439:Drivers/STM32L4xx_HAL_Driver/Src/stm32l4xx_hal_rcc_ex.c **** #if defined(UART4)
 440:Drivers/STM32L4xx_HAL_Driver/Src/stm32l4xx_hal_rcc_ex.c **** 
 441:Drivers/STM32L4xx_HAL_Driver/Src/stm32l4xx_hal_rcc_ex.c ****   /*-------------------------- UART4 clock source configuration --------------------*/
 442:Drivers/STM32L4xx_HAL_Driver/Src/stm32l4xx_hal_rcc_ex.c ****   if(((PeriphClkInit->PeriphClockSelection) & RCC_PERIPHCLK_UART4) == RCC_PERIPHCLK_UART4)
 443:Drivers/STM32L4xx_HAL_Driver/Src/stm32l4xx_hal_rcc_ex.c ****   {
 444:Drivers/STM32L4xx_HAL_Driver/Src/stm32l4xx_hal_rcc_ex.c ****     /* Check the parameters */
 445:Drivers/STM32L4xx_HAL_Driver/Src/stm32l4xx_hal_rcc_ex.c ****     assert_param(IS_RCC_UART4CLKSOURCE(PeriphClkInit->Uart4ClockSelection));
 446:Drivers/STM32L4xx_HAL_Driver/Src/stm32l4xx_hal_rcc_ex.c **** 
 447:Drivers/STM32L4xx_HAL_Driver/Src/stm32l4xx_hal_rcc_ex.c ****     /* Configure the UART4 clock source */
 448:Drivers/STM32L4xx_HAL_Driver/Src/stm32l4xx_hal_rcc_ex.c ****     __HAL_RCC_UART4_CONFIG(PeriphClkInit->Uart4ClockSelection);
 449:Drivers/STM32L4xx_HAL_Driver/Src/stm32l4xx_hal_rcc_ex.c ****   }
 450:Drivers/STM32L4xx_HAL_Driver/Src/stm32l4xx_hal_rcc_ex.c **** 
 451:Drivers/STM32L4xx_HAL_Driver/Src/stm32l4xx_hal_rcc_ex.c **** #endif /* UART4 */
 452:Drivers/STM32L4xx_HAL_Driver/Src/stm32l4xx_hal_rcc_ex.c **** 
 453:Drivers/STM32L4xx_HAL_Driver/Src/stm32l4xx_hal_rcc_ex.c **** #if defined(UART5)
 454:Drivers/STM32L4xx_HAL_Driver/Src/stm32l4xx_hal_rcc_ex.c **** 
 455:Drivers/STM32L4xx_HAL_Driver/Src/stm32l4xx_hal_rcc_ex.c ****   /*-------------------------- UART5 clock source configuration --------------------*/
 456:Drivers/STM32L4xx_HAL_Driver/Src/stm32l4xx_hal_rcc_ex.c ****   if(((PeriphClkInit->PeriphClockSelection) & RCC_PERIPHCLK_UART5) == RCC_PERIPHCLK_UART5)
 457:Drivers/STM32L4xx_HAL_Driver/Src/stm32l4xx_hal_rcc_ex.c ****   {
 458:Drivers/STM32L4xx_HAL_Driver/Src/stm32l4xx_hal_rcc_ex.c ****     /* Check the parameters */
 459:Drivers/STM32L4xx_HAL_Driver/Src/stm32l4xx_hal_rcc_ex.c ****     assert_param(IS_RCC_UART5CLKSOURCE(PeriphClkInit->Uart5ClockSelection));
 460:Drivers/STM32L4xx_HAL_Driver/Src/stm32l4xx_hal_rcc_ex.c **** 
 461:Drivers/STM32L4xx_HAL_Driver/Src/stm32l4xx_hal_rcc_ex.c ****     /* Configure the UART5 clock source */
 462:Drivers/STM32L4xx_HAL_Driver/Src/stm32l4xx_hal_rcc_ex.c ****     __HAL_RCC_UART5_CONFIG(PeriphClkInit->Uart5ClockSelection);
 463:Drivers/STM32L4xx_HAL_Driver/Src/stm32l4xx_hal_rcc_ex.c ****   }
 464:Drivers/STM32L4xx_HAL_Driver/Src/stm32l4xx_hal_rcc_ex.c **** 
 465:Drivers/STM32L4xx_HAL_Driver/Src/stm32l4xx_hal_rcc_ex.c **** #endif /* UART5 */
 466:Drivers/STM32L4xx_HAL_Driver/Src/stm32l4xx_hal_rcc_ex.c **** 
 467:Drivers/STM32L4xx_HAL_Driver/Src/stm32l4xx_hal_rcc_ex.c ****   /*-------------------------- LPUART1 clock source configuration ------------------*/
 468:Drivers/STM32L4xx_HAL_Driver/Src/stm32l4xx_hal_rcc_ex.c ****   if(((PeriphClkInit->PeriphClockSelection) & RCC_PERIPHCLK_LPUART1) == RCC_PERIPHCLK_LPUART1)
 469:Drivers/STM32L4xx_HAL_Driver/Src/stm32l4xx_hal_rcc_ex.c ****   {
 470:Drivers/STM32L4xx_HAL_Driver/Src/stm32l4xx_hal_rcc_ex.c ****     /* Check the parameters */
 471:Drivers/STM32L4xx_HAL_Driver/Src/stm32l4xx_hal_rcc_ex.c ****     assert_param(IS_RCC_LPUART1CLKSOURCE(PeriphClkInit->Lpuart1ClockSelection));
 472:Drivers/STM32L4xx_HAL_Driver/Src/stm32l4xx_hal_rcc_ex.c **** 
 473:Drivers/STM32L4xx_HAL_Driver/Src/stm32l4xx_hal_rcc_ex.c ****     /* Configure the LPUART1 clock source */
 474:Drivers/STM32L4xx_HAL_Driver/Src/stm32l4xx_hal_rcc_ex.c ****     __HAL_RCC_LPUART1_CONFIG(PeriphClkInit->Lpuart1ClockSelection);
 475:Drivers/STM32L4xx_HAL_Driver/Src/stm32l4xx_hal_rcc_ex.c ****   }
 476:Drivers/STM32L4xx_HAL_Driver/Src/stm32l4xx_hal_rcc_ex.c **** 
 477:Drivers/STM32L4xx_HAL_Driver/Src/stm32l4xx_hal_rcc_ex.c ****   /*-------------------------- LPTIM1 clock source configuration -------------------*/
 478:Drivers/STM32L4xx_HAL_Driver/Src/stm32l4xx_hal_rcc_ex.c ****   if(((PeriphClkInit->PeriphClockSelection) & RCC_PERIPHCLK_LPTIM1) == (RCC_PERIPHCLK_LPTIM1))
 479:Drivers/STM32L4xx_HAL_Driver/Src/stm32l4xx_hal_rcc_ex.c ****   {
 480:Drivers/STM32L4xx_HAL_Driver/Src/stm32l4xx_hal_rcc_ex.c ****     assert_param(IS_RCC_LPTIM1CLK(PeriphClkInit->Lptim1ClockSelection));
 481:Drivers/STM32L4xx_HAL_Driver/Src/stm32l4xx_hal_rcc_ex.c ****     __HAL_RCC_LPTIM1_CONFIG(PeriphClkInit->Lptim1ClockSelection);
 482:Drivers/STM32L4xx_HAL_Driver/Src/stm32l4xx_hal_rcc_ex.c ****   }
 483:Drivers/STM32L4xx_HAL_Driver/Src/stm32l4xx_hal_rcc_ex.c **** 
 484:Drivers/STM32L4xx_HAL_Driver/Src/stm32l4xx_hal_rcc_ex.c ****   /*-------------------------- LPTIM2 clock source configuration -------------------*/
 485:Drivers/STM32L4xx_HAL_Driver/Src/stm32l4xx_hal_rcc_ex.c ****   if(((PeriphClkInit->PeriphClockSelection) & RCC_PERIPHCLK_LPTIM2) == (RCC_PERIPHCLK_LPTIM2))
 486:Drivers/STM32L4xx_HAL_Driver/Src/stm32l4xx_hal_rcc_ex.c ****   {
ARM GAS  /tmp/ccFN0S9l.s 			page 10


 487:Drivers/STM32L4xx_HAL_Driver/Src/stm32l4xx_hal_rcc_ex.c ****     assert_param(IS_RCC_LPTIM2CLK(PeriphClkInit->Lptim2ClockSelection));
 488:Drivers/STM32L4xx_HAL_Driver/Src/stm32l4xx_hal_rcc_ex.c ****     __HAL_RCC_LPTIM2_CONFIG(PeriphClkInit->Lptim2ClockSelection);
 489:Drivers/STM32L4xx_HAL_Driver/Src/stm32l4xx_hal_rcc_ex.c ****   }
 490:Drivers/STM32L4xx_HAL_Driver/Src/stm32l4xx_hal_rcc_ex.c **** 
 491:Drivers/STM32L4xx_HAL_Driver/Src/stm32l4xx_hal_rcc_ex.c ****   /*-------------------------- I2C1 clock source configuration ---------------------*/
 492:Drivers/STM32L4xx_HAL_Driver/Src/stm32l4xx_hal_rcc_ex.c ****   if(((PeriphClkInit->PeriphClockSelection) & RCC_PERIPHCLK_I2C1) == RCC_PERIPHCLK_I2C1)
 493:Drivers/STM32L4xx_HAL_Driver/Src/stm32l4xx_hal_rcc_ex.c ****   {
 494:Drivers/STM32L4xx_HAL_Driver/Src/stm32l4xx_hal_rcc_ex.c ****     /* Check the parameters */
 495:Drivers/STM32L4xx_HAL_Driver/Src/stm32l4xx_hal_rcc_ex.c ****     assert_param(IS_RCC_I2C1CLKSOURCE(PeriphClkInit->I2c1ClockSelection));
 496:Drivers/STM32L4xx_HAL_Driver/Src/stm32l4xx_hal_rcc_ex.c **** 
 497:Drivers/STM32L4xx_HAL_Driver/Src/stm32l4xx_hal_rcc_ex.c ****     /* Configure the I2C1 clock source */
 498:Drivers/STM32L4xx_HAL_Driver/Src/stm32l4xx_hal_rcc_ex.c ****     __HAL_RCC_I2C1_CONFIG(PeriphClkInit->I2c1ClockSelection);
 499:Drivers/STM32L4xx_HAL_Driver/Src/stm32l4xx_hal_rcc_ex.c ****   }
 500:Drivers/STM32L4xx_HAL_Driver/Src/stm32l4xx_hal_rcc_ex.c **** 
 501:Drivers/STM32L4xx_HAL_Driver/Src/stm32l4xx_hal_rcc_ex.c **** #if defined(I2C2)
 502:Drivers/STM32L4xx_HAL_Driver/Src/stm32l4xx_hal_rcc_ex.c **** 
 503:Drivers/STM32L4xx_HAL_Driver/Src/stm32l4xx_hal_rcc_ex.c ****   /*-------------------------- I2C2 clock source configuration ---------------------*/
 504:Drivers/STM32L4xx_HAL_Driver/Src/stm32l4xx_hal_rcc_ex.c ****   if(((PeriphClkInit->PeriphClockSelection) & RCC_PERIPHCLK_I2C2) == RCC_PERIPHCLK_I2C2)
 505:Drivers/STM32L4xx_HAL_Driver/Src/stm32l4xx_hal_rcc_ex.c ****   {
 506:Drivers/STM32L4xx_HAL_Driver/Src/stm32l4xx_hal_rcc_ex.c ****     /* Check the parameters */
 507:Drivers/STM32L4xx_HAL_Driver/Src/stm32l4xx_hal_rcc_ex.c ****     assert_param(IS_RCC_I2C2CLKSOURCE(PeriphClkInit->I2c2ClockSelection));
 508:Drivers/STM32L4xx_HAL_Driver/Src/stm32l4xx_hal_rcc_ex.c **** 
 509:Drivers/STM32L4xx_HAL_Driver/Src/stm32l4xx_hal_rcc_ex.c ****     /* Configure the I2C2 clock source */
 510:Drivers/STM32L4xx_HAL_Driver/Src/stm32l4xx_hal_rcc_ex.c ****     __HAL_RCC_I2C2_CONFIG(PeriphClkInit->I2c2ClockSelection);
 511:Drivers/STM32L4xx_HAL_Driver/Src/stm32l4xx_hal_rcc_ex.c ****   }
 512:Drivers/STM32L4xx_HAL_Driver/Src/stm32l4xx_hal_rcc_ex.c **** 
 513:Drivers/STM32L4xx_HAL_Driver/Src/stm32l4xx_hal_rcc_ex.c **** #endif /* I2C2 */
 514:Drivers/STM32L4xx_HAL_Driver/Src/stm32l4xx_hal_rcc_ex.c **** 
 515:Drivers/STM32L4xx_HAL_Driver/Src/stm32l4xx_hal_rcc_ex.c ****   /*-------------------------- I2C3 clock source configuration ---------------------*/
 516:Drivers/STM32L4xx_HAL_Driver/Src/stm32l4xx_hal_rcc_ex.c ****   if(((PeriphClkInit->PeriphClockSelection) & RCC_PERIPHCLK_I2C3) == RCC_PERIPHCLK_I2C3)
 517:Drivers/STM32L4xx_HAL_Driver/Src/stm32l4xx_hal_rcc_ex.c ****   {
 518:Drivers/STM32L4xx_HAL_Driver/Src/stm32l4xx_hal_rcc_ex.c ****     /* Check the parameters */
 519:Drivers/STM32L4xx_HAL_Driver/Src/stm32l4xx_hal_rcc_ex.c ****     assert_param(IS_RCC_I2C3CLKSOURCE(PeriphClkInit->I2c3ClockSelection));
 520:Drivers/STM32L4xx_HAL_Driver/Src/stm32l4xx_hal_rcc_ex.c **** 
 521:Drivers/STM32L4xx_HAL_Driver/Src/stm32l4xx_hal_rcc_ex.c ****     /* Configure the I2C3 clock source */
 522:Drivers/STM32L4xx_HAL_Driver/Src/stm32l4xx_hal_rcc_ex.c ****     __HAL_RCC_I2C3_CONFIG(PeriphClkInit->I2c3ClockSelection);
 523:Drivers/STM32L4xx_HAL_Driver/Src/stm32l4xx_hal_rcc_ex.c ****   }
 524:Drivers/STM32L4xx_HAL_Driver/Src/stm32l4xx_hal_rcc_ex.c **** 
 525:Drivers/STM32L4xx_HAL_Driver/Src/stm32l4xx_hal_rcc_ex.c **** #if defined(I2C4)
 526:Drivers/STM32L4xx_HAL_Driver/Src/stm32l4xx_hal_rcc_ex.c **** 
 527:Drivers/STM32L4xx_HAL_Driver/Src/stm32l4xx_hal_rcc_ex.c ****   /*-------------------------- I2C4 clock source configuration ---------------------*/
 528:Drivers/STM32L4xx_HAL_Driver/Src/stm32l4xx_hal_rcc_ex.c ****   if(((PeriphClkInit->PeriphClockSelection) & RCC_PERIPHCLK_I2C4) == RCC_PERIPHCLK_I2C4)
 529:Drivers/STM32L4xx_HAL_Driver/Src/stm32l4xx_hal_rcc_ex.c ****   {
 530:Drivers/STM32L4xx_HAL_Driver/Src/stm32l4xx_hal_rcc_ex.c ****     /* Check the parameters */
 531:Drivers/STM32L4xx_HAL_Driver/Src/stm32l4xx_hal_rcc_ex.c ****     assert_param(IS_RCC_I2C4CLKSOURCE(PeriphClkInit->I2c4ClockSelection));
 532:Drivers/STM32L4xx_HAL_Driver/Src/stm32l4xx_hal_rcc_ex.c **** 
 533:Drivers/STM32L4xx_HAL_Driver/Src/stm32l4xx_hal_rcc_ex.c ****     /* Configure the I2C4 clock source */
 534:Drivers/STM32L4xx_HAL_Driver/Src/stm32l4xx_hal_rcc_ex.c ****     __HAL_RCC_I2C4_CONFIG(PeriphClkInit->I2c4ClockSelection);
 535:Drivers/STM32L4xx_HAL_Driver/Src/stm32l4xx_hal_rcc_ex.c ****   }
 536:Drivers/STM32L4xx_HAL_Driver/Src/stm32l4xx_hal_rcc_ex.c **** 
 537:Drivers/STM32L4xx_HAL_Driver/Src/stm32l4xx_hal_rcc_ex.c **** #endif /* I2C4 */
 538:Drivers/STM32L4xx_HAL_Driver/Src/stm32l4xx_hal_rcc_ex.c **** 
 539:Drivers/STM32L4xx_HAL_Driver/Src/stm32l4xx_hal_rcc_ex.c **** #if defined(USB_OTG_FS) || defined(USB)
 540:Drivers/STM32L4xx_HAL_Driver/Src/stm32l4xx_hal_rcc_ex.c **** 
 541:Drivers/STM32L4xx_HAL_Driver/Src/stm32l4xx_hal_rcc_ex.c ****   /*-------------------------- USB clock source configuration ----------------------*/
 542:Drivers/STM32L4xx_HAL_Driver/Src/stm32l4xx_hal_rcc_ex.c ****   if(((PeriphClkInit->PeriphClockSelection) & RCC_PERIPHCLK_USB) == (RCC_PERIPHCLK_USB))
 543:Drivers/STM32L4xx_HAL_Driver/Src/stm32l4xx_hal_rcc_ex.c ****   {
ARM GAS  /tmp/ccFN0S9l.s 			page 11


 544:Drivers/STM32L4xx_HAL_Driver/Src/stm32l4xx_hal_rcc_ex.c ****     assert_param(IS_RCC_USBCLKSOURCE(PeriphClkInit->UsbClockSelection));
 545:Drivers/STM32L4xx_HAL_Driver/Src/stm32l4xx_hal_rcc_ex.c ****     __HAL_RCC_USB_CONFIG(PeriphClkInit->UsbClockSelection);
 546:Drivers/STM32L4xx_HAL_Driver/Src/stm32l4xx_hal_rcc_ex.c **** 
 547:Drivers/STM32L4xx_HAL_Driver/Src/stm32l4xx_hal_rcc_ex.c ****     if(PeriphClkInit->UsbClockSelection == RCC_USBCLKSOURCE_PLL)
 548:Drivers/STM32L4xx_HAL_Driver/Src/stm32l4xx_hal_rcc_ex.c ****     {
 549:Drivers/STM32L4xx_HAL_Driver/Src/stm32l4xx_hal_rcc_ex.c ****       /* Enable PLL48M1CLK output clock */
 550:Drivers/STM32L4xx_HAL_Driver/Src/stm32l4xx_hal_rcc_ex.c ****       __HAL_RCC_PLLCLKOUT_ENABLE(RCC_PLL_48M1CLK);
 551:Drivers/STM32L4xx_HAL_Driver/Src/stm32l4xx_hal_rcc_ex.c ****     }
 552:Drivers/STM32L4xx_HAL_Driver/Src/stm32l4xx_hal_rcc_ex.c ****     else
 553:Drivers/STM32L4xx_HAL_Driver/Src/stm32l4xx_hal_rcc_ex.c ****     {
 554:Drivers/STM32L4xx_HAL_Driver/Src/stm32l4xx_hal_rcc_ex.c **** #if defined(RCC_PLLSAI1_SUPPORT)
 555:Drivers/STM32L4xx_HAL_Driver/Src/stm32l4xx_hal_rcc_ex.c ****       if(PeriphClkInit->UsbClockSelection == RCC_USBCLKSOURCE_PLLSAI1)
 556:Drivers/STM32L4xx_HAL_Driver/Src/stm32l4xx_hal_rcc_ex.c ****       {
 557:Drivers/STM32L4xx_HAL_Driver/Src/stm32l4xx_hal_rcc_ex.c ****         /* PLLSAI1 input clock, parameters M, N & Q configuration and clock output (PLLSAI1ClockOut
 558:Drivers/STM32L4xx_HAL_Driver/Src/stm32l4xx_hal_rcc_ex.c ****         ret = RCCEx_PLLSAI1_Config(&(PeriphClkInit->PLLSAI1), DIVIDER_Q_UPDATE);
 559:Drivers/STM32L4xx_HAL_Driver/Src/stm32l4xx_hal_rcc_ex.c **** 
 560:Drivers/STM32L4xx_HAL_Driver/Src/stm32l4xx_hal_rcc_ex.c ****         if(ret != HAL_OK)
 561:Drivers/STM32L4xx_HAL_Driver/Src/stm32l4xx_hal_rcc_ex.c ****         {
 562:Drivers/STM32L4xx_HAL_Driver/Src/stm32l4xx_hal_rcc_ex.c ****           /* set overall return value */
 563:Drivers/STM32L4xx_HAL_Driver/Src/stm32l4xx_hal_rcc_ex.c ****           status = ret;
 564:Drivers/STM32L4xx_HAL_Driver/Src/stm32l4xx_hal_rcc_ex.c ****         }
 565:Drivers/STM32L4xx_HAL_Driver/Src/stm32l4xx_hal_rcc_ex.c ****       }
 566:Drivers/STM32L4xx_HAL_Driver/Src/stm32l4xx_hal_rcc_ex.c **** #endif /* RCC_PLLSAI1_SUPPORT */
 567:Drivers/STM32L4xx_HAL_Driver/Src/stm32l4xx_hal_rcc_ex.c ****     }
 568:Drivers/STM32L4xx_HAL_Driver/Src/stm32l4xx_hal_rcc_ex.c ****   }
 569:Drivers/STM32L4xx_HAL_Driver/Src/stm32l4xx_hal_rcc_ex.c **** 
 570:Drivers/STM32L4xx_HAL_Driver/Src/stm32l4xx_hal_rcc_ex.c **** #endif /* USB_OTG_FS || USB */
 571:Drivers/STM32L4xx_HAL_Driver/Src/stm32l4xx_hal_rcc_ex.c **** 
 572:Drivers/STM32L4xx_HAL_Driver/Src/stm32l4xx_hal_rcc_ex.c **** #if defined(SDMMC1)
 573:Drivers/STM32L4xx_HAL_Driver/Src/stm32l4xx_hal_rcc_ex.c **** 
 574:Drivers/STM32L4xx_HAL_Driver/Src/stm32l4xx_hal_rcc_ex.c ****   /*-------------------------- SDMMC1 clock source configuration -------------------*/
 575:Drivers/STM32L4xx_HAL_Driver/Src/stm32l4xx_hal_rcc_ex.c ****   if(((PeriphClkInit->PeriphClockSelection) & RCC_PERIPHCLK_SDMMC1) == (RCC_PERIPHCLK_SDMMC1))
 576:Drivers/STM32L4xx_HAL_Driver/Src/stm32l4xx_hal_rcc_ex.c ****   {
 577:Drivers/STM32L4xx_HAL_Driver/Src/stm32l4xx_hal_rcc_ex.c ****     assert_param(IS_RCC_SDMMC1CLKSOURCE(PeriphClkInit->Sdmmc1ClockSelection));
 578:Drivers/STM32L4xx_HAL_Driver/Src/stm32l4xx_hal_rcc_ex.c ****     __HAL_RCC_SDMMC1_CONFIG(PeriphClkInit->Sdmmc1ClockSelection);
 579:Drivers/STM32L4xx_HAL_Driver/Src/stm32l4xx_hal_rcc_ex.c **** 
 580:Drivers/STM32L4xx_HAL_Driver/Src/stm32l4xx_hal_rcc_ex.c ****     if(PeriphClkInit->Sdmmc1ClockSelection == RCC_SDMMC1CLKSOURCE_PLL)   /* PLL "Q" ? */
 581:Drivers/STM32L4xx_HAL_Driver/Src/stm32l4xx_hal_rcc_ex.c ****     {
 582:Drivers/STM32L4xx_HAL_Driver/Src/stm32l4xx_hal_rcc_ex.c ****       /* Enable PLL48M1CLK output clock */
 583:Drivers/STM32L4xx_HAL_Driver/Src/stm32l4xx_hal_rcc_ex.c ****       __HAL_RCC_PLLCLKOUT_ENABLE(RCC_PLL_48M1CLK);
 584:Drivers/STM32L4xx_HAL_Driver/Src/stm32l4xx_hal_rcc_ex.c ****     }
 585:Drivers/STM32L4xx_HAL_Driver/Src/stm32l4xx_hal_rcc_ex.c **** #if defined(RCC_CCIPR2_SDMMCSEL)
 586:Drivers/STM32L4xx_HAL_Driver/Src/stm32l4xx_hal_rcc_ex.c ****     else if(PeriphClkInit->Sdmmc1ClockSelection == RCC_SDMMC1CLKSOURCE_PLLP) /* PLL "P" ? */
 587:Drivers/STM32L4xx_HAL_Driver/Src/stm32l4xx_hal_rcc_ex.c ****     {
 588:Drivers/STM32L4xx_HAL_Driver/Src/stm32l4xx_hal_rcc_ex.c ****       /* Enable PLLSAI3CLK output */
 589:Drivers/STM32L4xx_HAL_Driver/Src/stm32l4xx_hal_rcc_ex.c ****       __HAL_RCC_PLLCLKOUT_ENABLE(RCC_PLL_SAI3CLK);
 590:Drivers/STM32L4xx_HAL_Driver/Src/stm32l4xx_hal_rcc_ex.c ****     }
 591:Drivers/STM32L4xx_HAL_Driver/Src/stm32l4xx_hal_rcc_ex.c **** #endif
 592:Drivers/STM32L4xx_HAL_Driver/Src/stm32l4xx_hal_rcc_ex.c ****     else if(PeriphClkInit->Sdmmc1ClockSelection == RCC_SDMMC1CLKSOURCE_PLLSAI1)
 593:Drivers/STM32L4xx_HAL_Driver/Src/stm32l4xx_hal_rcc_ex.c ****     {
 594:Drivers/STM32L4xx_HAL_Driver/Src/stm32l4xx_hal_rcc_ex.c ****       /* PLLSAI1 input clock, parameters M, N & Q configuration and clock output (PLLSAI1ClockOut) 
 595:Drivers/STM32L4xx_HAL_Driver/Src/stm32l4xx_hal_rcc_ex.c ****       ret = RCCEx_PLLSAI1_Config(&(PeriphClkInit->PLLSAI1), DIVIDER_Q_UPDATE);
 596:Drivers/STM32L4xx_HAL_Driver/Src/stm32l4xx_hal_rcc_ex.c **** 
 597:Drivers/STM32L4xx_HAL_Driver/Src/stm32l4xx_hal_rcc_ex.c ****       if(ret != HAL_OK)
 598:Drivers/STM32L4xx_HAL_Driver/Src/stm32l4xx_hal_rcc_ex.c ****       {
 599:Drivers/STM32L4xx_HAL_Driver/Src/stm32l4xx_hal_rcc_ex.c ****         /* set overall return value */
 600:Drivers/STM32L4xx_HAL_Driver/Src/stm32l4xx_hal_rcc_ex.c ****         status = ret;
ARM GAS  /tmp/ccFN0S9l.s 			page 12


 601:Drivers/STM32L4xx_HAL_Driver/Src/stm32l4xx_hal_rcc_ex.c ****       }
 602:Drivers/STM32L4xx_HAL_Driver/Src/stm32l4xx_hal_rcc_ex.c ****     }
 603:Drivers/STM32L4xx_HAL_Driver/Src/stm32l4xx_hal_rcc_ex.c ****     else
 604:Drivers/STM32L4xx_HAL_Driver/Src/stm32l4xx_hal_rcc_ex.c ****     {
 605:Drivers/STM32L4xx_HAL_Driver/Src/stm32l4xx_hal_rcc_ex.c ****       /* nothing to do */
 606:Drivers/STM32L4xx_HAL_Driver/Src/stm32l4xx_hal_rcc_ex.c ****     }
 607:Drivers/STM32L4xx_HAL_Driver/Src/stm32l4xx_hal_rcc_ex.c ****   }
 608:Drivers/STM32L4xx_HAL_Driver/Src/stm32l4xx_hal_rcc_ex.c **** 
 609:Drivers/STM32L4xx_HAL_Driver/Src/stm32l4xx_hal_rcc_ex.c **** #endif /* SDMMC1 */
 610:Drivers/STM32L4xx_HAL_Driver/Src/stm32l4xx_hal_rcc_ex.c **** 
 611:Drivers/STM32L4xx_HAL_Driver/Src/stm32l4xx_hal_rcc_ex.c ****   /*-------------------------- RNG clock source configuration ----------------------*/
 612:Drivers/STM32L4xx_HAL_Driver/Src/stm32l4xx_hal_rcc_ex.c ****   if(((PeriphClkInit->PeriphClockSelection) & RCC_PERIPHCLK_RNG) == (RCC_PERIPHCLK_RNG))
 613:Drivers/STM32L4xx_HAL_Driver/Src/stm32l4xx_hal_rcc_ex.c ****   {
 614:Drivers/STM32L4xx_HAL_Driver/Src/stm32l4xx_hal_rcc_ex.c ****     assert_param(IS_RCC_RNGCLKSOURCE(PeriphClkInit->RngClockSelection));
 615:Drivers/STM32L4xx_HAL_Driver/Src/stm32l4xx_hal_rcc_ex.c ****     __HAL_RCC_RNG_CONFIG(PeriphClkInit->RngClockSelection);
 616:Drivers/STM32L4xx_HAL_Driver/Src/stm32l4xx_hal_rcc_ex.c **** 
 617:Drivers/STM32L4xx_HAL_Driver/Src/stm32l4xx_hal_rcc_ex.c ****     if(PeriphClkInit->RngClockSelection == RCC_RNGCLKSOURCE_PLL)
 618:Drivers/STM32L4xx_HAL_Driver/Src/stm32l4xx_hal_rcc_ex.c ****     {
 619:Drivers/STM32L4xx_HAL_Driver/Src/stm32l4xx_hal_rcc_ex.c ****       /* Enable PLL48M1CLK output clock */
 620:Drivers/STM32L4xx_HAL_Driver/Src/stm32l4xx_hal_rcc_ex.c ****       __HAL_RCC_PLLCLKOUT_ENABLE(RCC_PLL_48M1CLK);
 621:Drivers/STM32L4xx_HAL_Driver/Src/stm32l4xx_hal_rcc_ex.c ****     }
 622:Drivers/STM32L4xx_HAL_Driver/Src/stm32l4xx_hal_rcc_ex.c **** #if defined(RCC_PLLSAI1_SUPPORT)
 623:Drivers/STM32L4xx_HAL_Driver/Src/stm32l4xx_hal_rcc_ex.c ****     else if(PeriphClkInit->RngClockSelection == RCC_RNGCLKSOURCE_PLLSAI1)
 624:Drivers/STM32L4xx_HAL_Driver/Src/stm32l4xx_hal_rcc_ex.c ****     {
 625:Drivers/STM32L4xx_HAL_Driver/Src/stm32l4xx_hal_rcc_ex.c ****       /* PLLSAI1 input clock, parameters M, N & Q configuration and clock output (PLLSAI1ClockOut) 
 626:Drivers/STM32L4xx_HAL_Driver/Src/stm32l4xx_hal_rcc_ex.c ****       ret = RCCEx_PLLSAI1_Config(&(PeriphClkInit->PLLSAI1), DIVIDER_Q_UPDATE);
 627:Drivers/STM32L4xx_HAL_Driver/Src/stm32l4xx_hal_rcc_ex.c **** 
 628:Drivers/STM32L4xx_HAL_Driver/Src/stm32l4xx_hal_rcc_ex.c ****       if(ret != HAL_OK)
 629:Drivers/STM32L4xx_HAL_Driver/Src/stm32l4xx_hal_rcc_ex.c ****       {
 630:Drivers/STM32L4xx_HAL_Driver/Src/stm32l4xx_hal_rcc_ex.c ****         /* set overall return value */
 631:Drivers/STM32L4xx_HAL_Driver/Src/stm32l4xx_hal_rcc_ex.c ****         status = ret;
 632:Drivers/STM32L4xx_HAL_Driver/Src/stm32l4xx_hal_rcc_ex.c ****       }
 633:Drivers/STM32L4xx_HAL_Driver/Src/stm32l4xx_hal_rcc_ex.c ****     }
 634:Drivers/STM32L4xx_HAL_Driver/Src/stm32l4xx_hal_rcc_ex.c **** #endif /* RCC_PLLSAI1_SUPPORT */
 635:Drivers/STM32L4xx_HAL_Driver/Src/stm32l4xx_hal_rcc_ex.c ****     else
 636:Drivers/STM32L4xx_HAL_Driver/Src/stm32l4xx_hal_rcc_ex.c ****     {
 637:Drivers/STM32L4xx_HAL_Driver/Src/stm32l4xx_hal_rcc_ex.c ****       /* nothing to do */
 638:Drivers/STM32L4xx_HAL_Driver/Src/stm32l4xx_hal_rcc_ex.c ****     }
 639:Drivers/STM32L4xx_HAL_Driver/Src/stm32l4xx_hal_rcc_ex.c ****   }
 640:Drivers/STM32L4xx_HAL_Driver/Src/stm32l4xx_hal_rcc_ex.c **** 
 641:Drivers/STM32L4xx_HAL_Driver/Src/stm32l4xx_hal_rcc_ex.c ****   /*-------------------------- ADC clock source configuration ----------------------*/
 642:Drivers/STM32L4xx_HAL_Driver/Src/stm32l4xx_hal_rcc_ex.c **** #if !defined(STM32L412xx) && !defined(STM32L422xx)
 643:Drivers/STM32L4xx_HAL_Driver/Src/stm32l4xx_hal_rcc_ex.c ****   if(((PeriphClkInit->PeriphClockSelection) & RCC_PERIPHCLK_ADC) == RCC_PERIPHCLK_ADC)
 644:Drivers/STM32L4xx_HAL_Driver/Src/stm32l4xx_hal_rcc_ex.c ****   {
 645:Drivers/STM32L4xx_HAL_Driver/Src/stm32l4xx_hal_rcc_ex.c ****     /* Check the parameters */
 646:Drivers/STM32L4xx_HAL_Driver/Src/stm32l4xx_hal_rcc_ex.c ****     assert_param(IS_RCC_ADCCLKSOURCE(PeriphClkInit->AdcClockSelection));
 647:Drivers/STM32L4xx_HAL_Driver/Src/stm32l4xx_hal_rcc_ex.c **** 
 648:Drivers/STM32L4xx_HAL_Driver/Src/stm32l4xx_hal_rcc_ex.c ****     /* Configure the ADC interface clock source */
 649:Drivers/STM32L4xx_HAL_Driver/Src/stm32l4xx_hal_rcc_ex.c ****     __HAL_RCC_ADC_CONFIG(PeriphClkInit->AdcClockSelection);
 650:Drivers/STM32L4xx_HAL_Driver/Src/stm32l4xx_hal_rcc_ex.c **** 
 651:Drivers/STM32L4xx_HAL_Driver/Src/stm32l4xx_hal_rcc_ex.c **** #if defined(RCC_PLLSAI1_SUPPORT)
 652:Drivers/STM32L4xx_HAL_Driver/Src/stm32l4xx_hal_rcc_ex.c ****     if(PeriphClkInit->AdcClockSelection == RCC_ADCCLKSOURCE_PLLSAI1)
 653:Drivers/STM32L4xx_HAL_Driver/Src/stm32l4xx_hal_rcc_ex.c ****     {
 654:Drivers/STM32L4xx_HAL_Driver/Src/stm32l4xx_hal_rcc_ex.c ****       /* PLLSAI1 input clock, parameters M, N & R configuration and clock output (PLLSAI1ClockOut) 
 655:Drivers/STM32L4xx_HAL_Driver/Src/stm32l4xx_hal_rcc_ex.c ****       ret = RCCEx_PLLSAI1_Config(&(PeriphClkInit->PLLSAI1), DIVIDER_R_UPDATE);
 656:Drivers/STM32L4xx_HAL_Driver/Src/stm32l4xx_hal_rcc_ex.c **** 
 657:Drivers/STM32L4xx_HAL_Driver/Src/stm32l4xx_hal_rcc_ex.c ****       if(ret != HAL_OK)
ARM GAS  /tmp/ccFN0S9l.s 			page 13


 658:Drivers/STM32L4xx_HAL_Driver/Src/stm32l4xx_hal_rcc_ex.c ****       {
 659:Drivers/STM32L4xx_HAL_Driver/Src/stm32l4xx_hal_rcc_ex.c ****         /* set overall return value */
 660:Drivers/STM32L4xx_HAL_Driver/Src/stm32l4xx_hal_rcc_ex.c ****         status = ret;
 661:Drivers/STM32L4xx_HAL_Driver/Src/stm32l4xx_hal_rcc_ex.c ****       }
 662:Drivers/STM32L4xx_HAL_Driver/Src/stm32l4xx_hal_rcc_ex.c ****     }
 663:Drivers/STM32L4xx_HAL_Driver/Src/stm32l4xx_hal_rcc_ex.c **** #endif /* RCC_PLLSAI1_SUPPORT */
 664:Drivers/STM32L4xx_HAL_Driver/Src/stm32l4xx_hal_rcc_ex.c **** 
 665:Drivers/STM32L4xx_HAL_Driver/Src/stm32l4xx_hal_rcc_ex.c **** #if defined(STM32L471xx) || defined(STM32L475xx) || defined(STM32L476xx) || defined(STM32L485xx) ||
 666:Drivers/STM32L4xx_HAL_Driver/Src/stm32l4xx_hal_rcc_ex.c **** 
 667:Drivers/STM32L4xx_HAL_Driver/Src/stm32l4xx_hal_rcc_ex.c ****     else if(PeriphClkInit->AdcClockSelection == RCC_ADCCLKSOURCE_PLLSAI2)
 668:Drivers/STM32L4xx_HAL_Driver/Src/stm32l4xx_hal_rcc_ex.c ****     {
 669:Drivers/STM32L4xx_HAL_Driver/Src/stm32l4xx_hal_rcc_ex.c ****       /* PLLSAI2 input clock, parameters M, N & R configuration and clock output (PLLSAI2ClockOut) 
 670:Drivers/STM32L4xx_HAL_Driver/Src/stm32l4xx_hal_rcc_ex.c ****       ret = RCCEx_PLLSAI2_Config(&(PeriphClkInit->PLLSAI2), DIVIDER_R_UPDATE);
 671:Drivers/STM32L4xx_HAL_Driver/Src/stm32l4xx_hal_rcc_ex.c **** 
 672:Drivers/STM32L4xx_HAL_Driver/Src/stm32l4xx_hal_rcc_ex.c ****       if(ret != HAL_OK)
 673:Drivers/STM32L4xx_HAL_Driver/Src/stm32l4xx_hal_rcc_ex.c ****       {
 674:Drivers/STM32L4xx_HAL_Driver/Src/stm32l4xx_hal_rcc_ex.c ****         /* set overall return value */
 675:Drivers/STM32L4xx_HAL_Driver/Src/stm32l4xx_hal_rcc_ex.c ****         status = ret;
 676:Drivers/STM32L4xx_HAL_Driver/Src/stm32l4xx_hal_rcc_ex.c ****       }
 677:Drivers/STM32L4xx_HAL_Driver/Src/stm32l4xx_hal_rcc_ex.c ****     }
 678:Drivers/STM32L4xx_HAL_Driver/Src/stm32l4xx_hal_rcc_ex.c ****     else
 679:Drivers/STM32L4xx_HAL_Driver/Src/stm32l4xx_hal_rcc_ex.c ****     {
 680:Drivers/STM32L4xx_HAL_Driver/Src/stm32l4xx_hal_rcc_ex.c ****       /* nothing to do */
 681:Drivers/STM32L4xx_HAL_Driver/Src/stm32l4xx_hal_rcc_ex.c ****     }
 682:Drivers/STM32L4xx_HAL_Driver/Src/stm32l4xx_hal_rcc_ex.c **** 
 683:Drivers/STM32L4xx_HAL_Driver/Src/stm32l4xx_hal_rcc_ex.c **** #endif /* STM32L471xx || STM32L475xx || STM32L476xx || STM32L485xx || STM32L486xx || STM32L496xx ||
 684:Drivers/STM32L4xx_HAL_Driver/Src/stm32l4xx_hal_rcc_ex.c **** 
 685:Drivers/STM32L4xx_HAL_Driver/Src/stm32l4xx_hal_rcc_ex.c ****   }
 686:Drivers/STM32L4xx_HAL_Driver/Src/stm32l4xx_hal_rcc_ex.c **** #endif /* !STM32L412xx && !STM32L422xx */
 687:Drivers/STM32L4xx_HAL_Driver/Src/stm32l4xx_hal_rcc_ex.c **** 
 688:Drivers/STM32L4xx_HAL_Driver/Src/stm32l4xx_hal_rcc_ex.c **** #if defined(SWPMI1)
 689:Drivers/STM32L4xx_HAL_Driver/Src/stm32l4xx_hal_rcc_ex.c **** 
 690:Drivers/STM32L4xx_HAL_Driver/Src/stm32l4xx_hal_rcc_ex.c ****   /*-------------------------- SWPMI1 clock source configuration -------------------*/
 691:Drivers/STM32L4xx_HAL_Driver/Src/stm32l4xx_hal_rcc_ex.c ****   if(((PeriphClkInit->PeriphClockSelection) & RCC_PERIPHCLK_SWPMI1) == RCC_PERIPHCLK_SWPMI1)
 692:Drivers/STM32L4xx_HAL_Driver/Src/stm32l4xx_hal_rcc_ex.c ****   {
 693:Drivers/STM32L4xx_HAL_Driver/Src/stm32l4xx_hal_rcc_ex.c ****     /* Check the parameters */
 694:Drivers/STM32L4xx_HAL_Driver/Src/stm32l4xx_hal_rcc_ex.c ****     assert_param(IS_RCC_SWPMI1CLKSOURCE(PeriphClkInit->Swpmi1ClockSelection));
 695:Drivers/STM32L4xx_HAL_Driver/Src/stm32l4xx_hal_rcc_ex.c **** 
 696:Drivers/STM32L4xx_HAL_Driver/Src/stm32l4xx_hal_rcc_ex.c ****     /* Configure the SWPMI1 clock source */
 697:Drivers/STM32L4xx_HAL_Driver/Src/stm32l4xx_hal_rcc_ex.c ****     __HAL_RCC_SWPMI1_CONFIG(PeriphClkInit->Swpmi1ClockSelection);
 698:Drivers/STM32L4xx_HAL_Driver/Src/stm32l4xx_hal_rcc_ex.c ****   }
 699:Drivers/STM32L4xx_HAL_Driver/Src/stm32l4xx_hal_rcc_ex.c **** 
 700:Drivers/STM32L4xx_HAL_Driver/Src/stm32l4xx_hal_rcc_ex.c **** #endif /* SWPMI1 */
 701:Drivers/STM32L4xx_HAL_Driver/Src/stm32l4xx_hal_rcc_ex.c **** 
 702:Drivers/STM32L4xx_HAL_Driver/Src/stm32l4xx_hal_rcc_ex.c **** #if defined(DFSDM1_Filter0)
 703:Drivers/STM32L4xx_HAL_Driver/Src/stm32l4xx_hal_rcc_ex.c **** 
 704:Drivers/STM32L4xx_HAL_Driver/Src/stm32l4xx_hal_rcc_ex.c ****   /*-------------------------- DFSDM1 clock source configuration -------------------*/
 705:Drivers/STM32L4xx_HAL_Driver/Src/stm32l4xx_hal_rcc_ex.c ****   if(((PeriphClkInit->PeriphClockSelection) & RCC_PERIPHCLK_DFSDM1) == RCC_PERIPHCLK_DFSDM1)
 706:Drivers/STM32L4xx_HAL_Driver/Src/stm32l4xx_hal_rcc_ex.c ****   {
 707:Drivers/STM32L4xx_HAL_Driver/Src/stm32l4xx_hal_rcc_ex.c ****     /* Check the parameters */
 708:Drivers/STM32L4xx_HAL_Driver/Src/stm32l4xx_hal_rcc_ex.c ****     assert_param(IS_RCC_DFSDM1CLKSOURCE(PeriphClkInit->Dfsdm1ClockSelection));
 709:Drivers/STM32L4xx_HAL_Driver/Src/stm32l4xx_hal_rcc_ex.c **** 
 710:Drivers/STM32L4xx_HAL_Driver/Src/stm32l4xx_hal_rcc_ex.c ****     /* Configure the DFSDM1 interface clock source */
 711:Drivers/STM32L4xx_HAL_Driver/Src/stm32l4xx_hal_rcc_ex.c ****     __HAL_RCC_DFSDM1_CONFIG(PeriphClkInit->Dfsdm1ClockSelection);
 712:Drivers/STM32L4xx_HAL_Driver/Src/stm32l4xx_hal_rcc_ex.c ****   }
 713:Drivers/STM32L4xx_HAL_Driver/Src/stm32l4xx_hal_rcc_ex.c **** 
 714:Drivers/STM32L4xx_HAL_Driver/Src/stm32l4xx_hal_rcc_ex.c **** #if defined(STM32L4P5xx) || defined(STM32L4Q5xx) || defined(STM32L4R5xx) || defined(STM32L4R7xx) ||
ARM GAS  /tmp/ccFN0S9l.s 			page 14


 715:Drivers/STM32L4xx_HAL_Driver/Src/stm32l4xx_hal_rcc_ex.c ****   /*-------------------------- DFSDM1 audio clock source configuration -------------*/
 716:Drivers/STM32L4xx_HAL_Driver/Src/stm32l4xx_hal_rcc_ex.c ****   if(((PeriphClkInit->PeriphClockSelection) & RCC_PERIPHCLK_DFSDM1AUDIO) == RCC_PERIPHCLK_DFSDM1AUD
 717:Drivers/STM32L4xx_HAL_Driver/Src/stm32l4xx_hal_rcc_ex.c ****   {
 718:Drivers/STM32L4xx_HAL_Driver/Src/stm32l4xx_hal_rcc_ex.c ****     /* Check the parameters */
 719:Drivers/STM32L4xx_HAL_Driver/Src/stm32l4xx_hal_rcc_ex.c ****     assert_param(IS_RCC_DFSDM1AUDIOCLKSOURCE(PeriphClkInit->Dfsdm1AudioClockSelection));
 720:Drivers/STM32L4xx_HAL_Driver/Src/stm32l4xx_hal_rcc_ex.c **** 
 721:Drivers/STM32L4xx_HAL_Driver/Src/stm32l4xx_hal_rcc_ex.c ****     /* Configure the DFSDM1 interface audio clock source */
 722:Drivers/STM32L4xx_HAL_Driver/Src/stm32l4xx_hal_rcc_ex.c ****     __HAL_RCC_DFSDM1AUDIO_CONFIG(PeriphClkInit->Dfsdm1AudioClockSelection);
 723:Drivers/STM32L4xx_HAL_Driver/Src/stm32l4xx_hal_rcc_ex.c ****   }
 724:Drivers/STM32L4xx_HAL_Driver/Src/stm32l4xx_hal_rcc_ex.c **** 
 725:Drivers/STM32L4xx_HAL_Driver/Src/stm32l4xx_hal_rcc_ex.c **** #endif /* STM32L4P5xx || STM32L4Q5xx || STM32L4R5xx || STM32L4R7xx || STM32L4R9xx || STM32L4S5xx ||
 726:Drivers/STM32L4xx_HAL_Driver/Src/stm32l4xx_hal_rcc_ex.c **** 
 727:Drivers/STM32L4xx_HAL_Driver/Src/stm32l4xx_hal_rcc_ex.c **** #endif /* DFSDM1_Filter0 */
 728:Drivers/STM32L4xx_HAL_Driver/Src/stm32l4xx_hal_rcc_ex.c **** 
 729:Drivers/STM32L4xx_HAL_Driver/Src/stm32l4xx_hal_rcc_ex.c **** #if defined(LTDC)
 730:Drivers/STM32L4xx_HAL_Driver/Src/stm32l4xx_hal_rcc_ex.c **** 
 731:Drivers/STM32L4xx_HAL_Driver/Src/stm32l4xx_hal_rcc_ex.c ****   /*-------------------------- LTDC clock source configuration --------------------*/
 732:Drivers/STM32L4xx_HAL_Driver/Src/stm32l4xx_hal_rcc_ex.c ****   if(((PeriphClkInit->PeriphClockSelection) & RCC_PERIPHCLK_LTDC) == RCC_PERIPHCLK_LTDC)
 733:Drivers/STM32L4xx_HAL_Driver/Src/stm32l4xx_hal_rcc_ex.c ****   {
 734:Drivers/STM32L4xx_HAL_Driver/Src/stm32l4xx_hal_rcc_ex.c ****     /* Check the parameters */
 735:Drivers/STM32L4xx_HAL_Driver/Src/stm32l4xx_hal_rcc_ex.c ****     assert_param(IS_RCC_LTDCCLKSOURCE(PeriphClkInit->LtdcClockSelection));
 736:Drivers/STM32L4xx_HAL_Driver/Src/stm32l4xx_hal_rcc_ex.c **** 
 737:Drivers/STM32L4xx_HAL_Driver/Src/stm32l4xx_hal_rcc_ex.c ****     /* Disable the PLLSAI2 */
 738:Drivers/STM32L4xx_HAL_Driver/Src/stm32l4xx_hal_rcc_ex.c ****     __HAL_RCC_PLLSAI2_DISABLE();
 739:Drivers/STM32L4xx_HAL_Driver/Src/stm32l4xx_hal_rcc_ex.c **** 
 740:Drivers/STM32L4xx_HAL_Driver/Src/stm32l4xx_hal_rcc_ex.c ****     /* Get Start Tick*/
 741:Drivers/STM32L4xx_HAL_Driver/Src/stm32l4xx_hal_rcc_ex.c ****     tickstart = HAL_GetTick();
 742:Drivers/STM32L4xx_HAL_Driver/Src/stm32l4xx_hal_rcc_ex.c **** 
 743:Drivers/STM32L4xx_HAL_Driver/Src/stm32l4xx_hal_rcc_ex.c ****     /* Wait till PLLSAI2 is ready */
 744:Drivers/STM32L4xx_HAL_Driver/Src/stm32l4xx_hal_rcc_ex.c ****     while(READ_BIT(RCC->CR, RCC_CR_PLLSAI2RDY) != 0U)
 745:Drivers/STM32L4xx_HAL_Driver/Src/stm32l4xx_hal_rcc_ex.c ****     {
 746:Drivers/STM32L4xx_HAL_Driver/Src/stm32l4xx_hal_rcc_ex.c ****       if((HAL_GetTick() - tickstart) > PLLSAI2_TIMEOUT_VALUE)
 747:Drivers/STM32L4xx_HAL_Driver/Src/stm32l4xx_hal_rcc_ex.c ****       {
 748:Drivers/STM32L4xx_HAL_Driver/Src/stm32l4xx_hal_rcc_ex.c ****         ret = HAL_TIMEOUT;
 749:Drivers/STM32L4xx_HAL_Driver/Src/stm32l4xx_hal_rcc_ex.c ****         break;
 750:Drivers/STM32L4xx_HAL_Driver/Src/stm32l4xx_hal_rcc_ex.c ****       }
 751:Drivers/STM32L4xx_HAL_Driver/Src/stm32l4xx_hal_rcc_ex.c ****     }
 752:Drivers/STM32L4xx_HAL_Driver/Src/stm32l4xx_hal_rcc_ex.c **** 
 753:Drivers/STM32L4xx_HAL_Driver/Src/stm32l4xx_hal_rcc_ex.c ****     if(ret == HAL_OK)
 754:Drivers/STM32L4xx_HAL_Driver/Src/stm32l4xx_hal_rcc_ex.c ****     {
 755:Drivers/STM32L4xx_HAL_Driver/Src/stm32l4xx_hal_rcc_ex.c ****       /* Configure the LTDC clock source */
 756:Drivers/STM32L4xx_HAL_Driver/Src/stm32l4xx_hal_rcc_ex.c ****       __HAL_RCC_LTDC_CONFIG(PeriphClkInit->LtdcClockSelection);
 757:Drivers/STM32L4xx_HAL_Driver/Src/stm32l4xx_hal_rcc_ex.c **** 
 758:Drivers/STM32L4xx_HAL_Driver/Src/stm32l4xx_hal_rcc_ex.c ****       /* PLLSAI2 input clock, parameters M, N & R configuration and clock output (PLLSAI2ClockOut) 
 759:Drivers/STM32L4xx_HAL_Driver/Src/stm32l4xx_hal_rcc_ex.c ****       ret = RCCEx_PLLSAI2_Config(&(PeriphClkInit->PLLSAI2), DIVIDER_R_UPDATE);
 760:Drivers/STM32L4xx_HAL_Driver/Src/stm32l4xx_hal_rcc_ex.c ****     }
 761:Drivers/STM32L4xx_HAL_Driver/Src/stm32l4xx_hal_rcc_ex.c **** 
 762:Drivers/STM32L4xx_HAL_Driver/Src/stm32l4xx_hal_rcc_ex.c ****     if(ret != HAL_OK)
 763:Drivers/STM32L4xx_HAL_Driver/Src/stm32l4xx_hal_rcc_ex.c ****     {
 764:Drivers/STM32L4xx_HAL_Driver/Src/stm32l4xx_hal_rcc_ex.c ****       /* set overall return value */
 765:Drivers/STM32L4xx_HAL_Driver/Src/stm32l4xx_hal_rcc_ex.c ****       status = ret;
 766:Drivers/STM32L4xx_HAL_Driver/Src/stm32l4xx_hal_rcc_ex.c ****     }
 767:Drivers/STM32L4xx_HAL_Driver/Src/stm32l4xx_hal_rcc_ex.c ****   }
 768:Drivers/STM32L4xx_HAL_Driver/Src/stm32l4xx_hal_rcc_ex.c **** 
 769:Drivers/STM32L4xx_HAL_Driver/Src/stm32l4xx_hal_rcc_ex.c **** #endif /* LTDC */
 770:Drivers/STM32L4xx_HAL_Driver/Src/stm32l4xx_hal_rcc_ex.c **** 
 771:Drivers/STM32L4xx_HAL_Driver/Src/stm32l4xx_hal_rcc_ex.c **** #if defined(DSI)
ARM GAS  /tmp/ccFN0S9l.s 			page 15


 772:Drivers/STM32L4xx_HAL_Driver/Src/stm32l4xx_hal_rcc_ex.c **** 
 773:Drivers/STM32L4xx_HAL_Driver/Src/stm32l4xx_hal_rcc_ex.c ****   /*-------------------------- DSI clock source configuration ---------------------*/
 774:Drivers/STM32L4xx_HAL_Driver/Src/stm32l4xx_hal_rcc_ex.c ****   if(((PeriphClkInit->PeriphClockSelection) & RCC_PERIPHCLK_DSI) == RCC_PERIPHCLK_DSI)
 775:Drivers/STM32L4xx_HAL_Driver/Src/stm32l4xx_hal_rcc_ex.c ****   {
 776:Drivers/STM32L4xx_HAL_Driver/Src/stm32l4xx_hal_rcc_ex.c ****     /* Check the parameters */
 777:Drivers/STM32L4xx_HAL_Driver/Src/stm32l4xx_hal_rcc_ex.c ****     assert_param(IS_RCC_DSICLKSOURCE(PeriphClkInit->DsiClockSelection));
 778:Drivers/STM32L4xx_HAL_Driver/Src/stm32l4xx_hal_rcc_ex.c **** 
 779:Drivers/STM32L4xx_HAL_Driver/Src/stm32l4xx_hal_rcc_ex.c ****     /* Configure the DSI clock source */
 780:Drivers/STM32L4xx_HAL_Driver/Src/stm32l4xx_hal_rcc_ex.c ****     __HAL_RCC_DSI_CONFIG(PeriphClkInit->DsiClockSelection);
 781:Drivers/STM32L4xx_HAL_Driver/Src/stm32l4xx_hal_rcc_ex.c **** 
 782:Drivers/STM32L4xx_HAL_Driver/Src/stm32l4xx_hal_rcc_ex.c ****     if(PeriphClkInit->DsiClockSelection == RCC_DSICLKSOURCE_PLLSAI2)
 783:Drivers/STM32L4xx_HAL_Driver/Src/stm32l4xx_hal_rcc_ex.c ****     {
 784:Drivers/STM32L4xx_HAL_Driver/Src/stm32l4xx_hal_rcc_ex.c ****       /* PLLSAI2 input clock, parameters M, N & Q configuration and clock output (PLLSAI2ClockOut) 
 785:Drivers/STM32L4xx_HAL_Driver/Src/stm32l4xx_hal_rcc_ex.c ****       ret = RCCEx_PLLSAI2_Config(&(PeriphClkInit->PLLSAI2), DIVIDER_Q_UPDATE);
 786:Drivers/STM32L4xx_HAL_Driver/Src/stm32l4xx_hal_rcc_ex.c **** 
 787:Drivers/STM32L4xx_HAL_Driver/Src/stm32l4xx_hal_rcc_ex.c ****       if(ret != HAL_OK)
 788:Drivers/STM32L4xx_HAL_Driver/Src/stm32l4xx_hal_rcc_ex.c ****       {
 789:Drivers/STM32L4xx_HAL_Driver/Src/stm32l4xx_hal_rcc_ex.c ****         /* set overall return value */
 790:Drivers/STM32L4xx_HAL_Driver/Src/stm32l4xx_hal_rcc_ex.c ****         status = ret;
 791:Drivers/STM32L4xx_HAL_Driver/Src/stm32l4xx_hal_rcc_ex.c ****       }
 792:Drivers/STM32L4xx_HAL_Driver/Src/stm32l4xx_hal_rcc_ex.c ****     }
 793:Drivers/STM32L4xx_HAL_Driver/Src/stm32l4xx_hal_rcc_ex.c ****   }
 794:Drivers/STM32L4xx_HAL_Driver/Src/stm32l4xx_hal_rcc_ex.c **** 
 795:Drivers/STM32L4xx_HAL_Driver/Src/stm32l4xx_hal_rcc_ex.c **** #endif /* DSI */
 796:Drivers/STM32L4xx_HAL_Driver/Src/stm32l4xx_hal_rcc_ex.c **** 
 797:Drivers/STM32L4xx_HAL_Driver/Src/stm32l4xx_hal_rcc_ex.c **** #if defined(OCTOSPI1) || defined(OCTOSPI2)
 798:Drivers/STM32L4xx_HAL_Driver/Src/stm32l4xx_hal_rcc_ex.c **** 
 799:Drivers/STM32L4xx_HAL_Driver/Src/stm32l4xx_hal_rcc_ex.c ****   /*-------------------------- OctoSPIx clock source configuration ----------------*/
 800:Drivers/STM32L4xx_HAL_Driver/Src/stm32l4xx_hal_rcc_ex.c ****   if(((PeriphClkInit->PeriphClockSelection) & RCC_PERIPHCLK_OSPI) == RCC_PERIPHCLK_OSPI)
 801:Drivers/STM32L4xx_HAL_Driver/Src/stm32l4xx_hal_rcc_ex.c ****   {
 802:Drivers/STM32L4xx_HAL_Driver/Src/stm32l4xx_hal_rcc_ex.c ****     /* Check the parameters */
 803:Drivers/STM32L4xx_HAL_Driver/Src/stm32l4xx_hal_rcc_ex.c ****     assert_param(IS_RCC_OSPICLKSOURCE(PeriphClkInit->OspiClockSelection));
 804:Drivers/STM32L4xx_HAL_Driver/Src/stm32l4xx_hal_rcc_ex.c **** 
 805:Drivers/STM32L4xx_HAL_Driver/Src/stm32l4xx_hal_rcc_ex.c ****     /* Configure the OctoSPI clock source */
 806:Drivers/STM32L4xx_HAL_Driver/Src/stm32l4xx_hal_rcc_ex.c ****     __HAL_RCC_OSPI_CONFIG(PeriphClkInit->OspiClockSelection);
 807:Drivers/STM32L4xx_HAL_Driver/Src/stm32l4xx_hal_rcc_ex.c **** 
 808:Drivers/STM32L4xx_HAL_Driver/Src/stm32l4xx_hal_rcc_ex.c ****     if(PeriphClkInit->OspiClockSelection == RCC_OSPICLKSOURCE_PLL)
 809:Drivers/STM32L4xx_HAL_Driver/Src/stm32l4xx_hal_rcc_ex.c ****     {
 810:Drivers/STM32L4xx_HAL_Driver/Src/stm32l4xx_hal_rcc_ex.c ****       /* Enable PLL48M1CLK output */
 811:Drivers/STM32L4xx_HAL_Driver/Src/stm32l4xx_hal_rcc_ex.c ****       __HAL_RCC_PLLCLKOUT_ENABLE(RCC_PLL_48M1CLK);
 812:Drivers/STM32L4xx_HAL_Driver/Src/stm32l4xx_hal_rcc_ex.c ****     }
 813:Drivers/STM32L4xx_HAL_Driver/Src/stm32l4xx_hal_rcc_ex.c ****   }
 814:Drivers/STM32L4xx_HAL_Driver/Src/stm32l4xx_hal_rcc_ex.c **** 
 815:Drivers/STM32L4xx_HAL_Driver/Src/stm32l4xx_hal_rcc_ex.c **** #endif /* OCTOSPI1 || OCTOSPI2 */
 816:Drivers/STM32L4xx_HAL_Driver/Src/stm32l4xx_hal_rcc_ex.c **** 
 817:Drivers/STM32L4xx_HAL_Driver/Src/stm32l4xx_hal_rcc_ex.c ****   return status;
 818:Drivers/STM32L4xx_HAL_Driver/Src/stm32l4xx_hal_rcc_ex.c **** }
 819:Drivers/STM32L4xx_HAL_Driver/Src/stm32l4xx_hal_rcc_ex.c **** 
 820:Drivers/STM32L4xx_HAL_Driver/Src/stm32l4xx_hal_rcc_ex.c **** /**
 821:Drivers/STM32L4xx_HAL_Driver/Src/stm32l4xx_hal_rcc_ex.c ****   * @brief  Get the RCC_ClkInitStruct according to the internal RCC configuration registers.
 822:Drivers/STM32L4xx_HAL_Driver/Src/stm32l4xx_hal_rcc_ex.c ****   * @param  PeriphClkInit  pointer to an RCC_PeriphCLKInitTypeDef structure that
 823:Drivers/STM32L4xx_HAL_Driver/Src/stm32l4xx_hal_rcc_ex.c ****   *         returns the configuration information for the Extended Peripherals
 824:Drivers/STM32L4xx_HAL_Driver/Src/stm32l4xx_hal_rcc_ex.c ****   *         clocks(SAI1, SAI2, LPTIM1, LPTIM2, I2C1, I2C2, I2C3, I2C4, LPUART1,
 825:Drivers/STM32L4xx_HAL_Driver/Src/stm32l4xx_hal_rcc_ex.c ****   *         USART1, USART2, USART3, UART4, UART5, RTC, ADCx, DFSDMx, SWPMI1, USB, SDMMC1 and RNG).
 826:Drivers/STM32L4xx_HAL_Driver/Src/stm32l4xx_hal_rcc_ex.c ****   * @retval None
 827:Drivers/STM32L4xx_HAL_Driver/Src/stm32l4xx_hal_rcc_ex.c ****   */
 828:Drivers/STM32L4xx_HAL_Driver/Src/stm32l4xx_hal_rcc_ex.c **** void HAL_RCCEx_GetPeriphCLKConfig(RCC_PeriphCLKInitTypeDef  *PeriphClkInit)
ARM GAS  /tmp/ccFN0S9l.s 			page 16


 829:Drivers/STM32L4xx_HAL_Driver/Src/stm32l4xx_hal_rcc_ex.c **** {
 830:Drivers/STM32L4xx_HAL_Driver/Src/stm32l4xx_hal_rcc_ex.c ****   /* Set all possible values for the extended clock type parameter------------*/
 831:Drivers/STM32L4xx_HAL_Driver/Src/stm32l4xx_hal_rcc_ex.c **** 
 832:Drivers/STM32L4xx_HAL_Driver/Src/stm32l4xx_hal_rcc_ex.c **** #if defined(STM32L412xx) || defined(STM32L422xx)
 833:Drivers/STM32L4xx_HAL_Driver/Src/stm32l4xx_hal_rcc_ex.c **** 
 834:Drivers/STM32L4xx_HAL_Driver/Src/stm32l4xx_hal_rcc_ex.c ****   PeriphClkInit->PeriphClockSelection = RCC_PERIPHCLK_USART1  | RCC_PERIPHCLK_USART2 | RCC_PERIPHCL
 835:Drivers/STM32L4xx_HAL_Driver/Src/stm32l4xx_hal_rcc_ex.c ****                                         RCC_PERIPHCLK_LPUART1 | RCC_PERIPHCLK_I2C1   | RCC_PERIPHCL
 836:Drivers/STM32L4xx_HAL_Driver/Src/stm32l4xx_hal_rcc_ex.c ****                                         RCC_PERIPHCLK_LPTIM1  | RCC_PERIPHCLK_LPTIM2 |             
 837:Drivers/STM32L4xx_HAL_Driver/Src/stm32l4xx_hal_rcc_ex.c ****                                                                 RCC_PERIPHCLK_RNG    |             
 838:Drivers/STM32L4xx_HAL_Driver/Src/stm32l4xx_hal_rcc_ex.c ****                                         RCC_PERIPHCLK_RTC ;
 839:Drivers/STM32L4xx_HAL_Driver/Src/stm32l4xx_hal_rcc_ex.c **** 
 840:Drivers/STM32L4xx_HAL_Driver/Src/stm32l4xx_hal_rcc_ex.c **** #elif defined(STM32L431xx)
 841:Drivers/STM32L4xx_HAL_Driver/Src/stm32l4xx_hal_rcc_ex.c **** 
 842:Drivers/STM32L4xx_HAL_Driver/Src/stm32l4xx_hal_rcc_ex.c ****   PeriphClkInit->PeriphClockSelection = RCC_PERIPHCLK_USART1  | RCC_PERIPHCLK_USART2 | RCC_PERIPHCL
 843:Drivers/STM32L4xx_HAL_Driver/Src/stm32l4xx_hal_rcc_ex.c ****                                         RCC_PERIPHCLK_LPUART1 | RCC_PERIPHCLK_I2C1   | RCC_PERIPHCL
 844:Drivers/STM32L4xx_HAL_Driver/Src/stm32l4xx_hal_rcc_ex.c ****                                         RCC_PERIPHCLK_LPTIM1  | RCC_PERIPHCLK_LPTIM2 | RCC_PERIPHCL
 845:Drivers/STM32L4xx_HAL_Driver/Src/stm32l4xx_hal_rcc_ex.c ****                                         RCC_PERIPHCLK_SDMMC1  | RCC_PERIPHCLK_RNG    | RCC_PERIPHCL
 846:Drivers/STM32L4xx_HAL_Driver/Src/stm32l4xx_hal_rcc_ex.c ****                                         RCC_PERIPHCLK_RTC ;
 847:Drivers/STM32L4xx_HAL_Driver/Src/stm32l4xx_hal_rcc_ex.c **** 
 848:Drivers/STM32L4xx_HAL_Driver/Src/stm32l4xx_hal_rcc_ex.c **** #elif defined(STM32L432xx) || defined(STM32L442xx)
 849:Drivers/STM32L4xx_HAL_Driver/Src/stm32l4xx_hal_rcc_ex.c **** 
 850:Drivers/STM32L4xx_HAL_Driver/Src/stm32l4xx_hal_rcc_ex.c ****   PeriphClkInit->PeriphClockSelection = RCC_PERIPHCLK_USART1  | RCC_PERIPHCLK_USART2 |             
 851:Drivers/STM32L4xx_HAL_Driver/Src/stm32l4xx_hal_rcc_ex.c ****                                         RCC_PERIPHCLK_LPUART1 | RCC_PERIPHCLK_I2C1   |             
 852:Drivers/STM32L4xx_HAL_Driver/Src/stm32l4xx_hal_rcc_ex.c ****                                         RCC_PERIPHCLK_LPTIM1  | RCC_PERIPHCLK_LPTIM2 | RCC_PERIPHCL
 853:Drivers/STM32L4xx_HAL_Driver/Src/stm32l4xx_hal_rcc_ex.c ****                                                                 RCC_PERIPHCLK_RNG    | RCC_PERIPHCL
 854:Drivers/STM32L4xx_HAL_Driver/Src/stm32l4xx_hal_rcc_ex.c ****                                         RCC_PERIPHCLK_RTC ;
 855:Drivers/STM32L4xx_HAL_Driver/Src/stm32l4xx_hal_rcc_ex.c **** 
 856:Drivers/STM32L4xx_HAL_Driver/Src/stm32l4xx_hal_rcc_ex.c **** #elif defined(STM32L433xx) || defined(STM32L443xx)
 857:Drivers/STM32L4xx_HAL_Driver/Src/stm32l4xx_hal_rcc_ex.c **** 
 858:Drivers/STM32L4xx_HAL_Driver/Src/stm32l4xx_hal_rcc_ex.c ****   PeriphClkInit->PeriphClockSelection = RCC_PERIPHCLK_USART1  | RCC_PERIPHCLK_USART2 | RCC_PERIPHCL
 859:Drivers/STM32L4xx_HAL_Driver/Src/stm32l4xx_hal_rcc_ex.c ****                                         RCC_PERIPHCLK_LPUART1 | RCC_PERIPHCLK_I2C1   | RCC_PERIPHCL
 860:Drivers/STM32L4xx_HAL_Driver/Src/stm32l4xx_hal_rcc_ex.c ****                                         RCC_PERIPHCLK_LPTIM1  | RCC_PERIPHCLK_LPTIM2 | RCC_PERIPHCL
 861:Drivers/STM32L4xx_HAL_Driver/Src/stm32l4xx_hal_rcc_ex.c ****                                         RCC_PERIPHCLK_SDMMC1  | RCC_PERIPHCLK_RNG    | RCC_PERIPHCL
 862:Drivers/STM32L4xx_HAL_Driver/Src/stm32l4xx_hal_rcc_ex.c ****                                         RCC_PERIPHCLK_RTC ;
 863:Drivers/STM32L4xx_HAL_Driver/Src/stm32l4xx_hal_rcc_ex.c **** 
 864:Drivers/STM32L4xx_HAL_Driver/Src/stm32l4xx_hal_rcc_ex.c **** #elif defined(STM32L451xx)
 865:Drivers/STM32L4xx_HAL_Driver/Src/stm32l4xx_hal_rcc_ex.c **** 
 866:Drivers/STM32L4xx_HAL_Driver/Src/stm32l4xx_hal_rcc_ex.c ****   PeriphClkInit->PeriphClockSelection = RCC_PERIPHCLK_USART1  | RCC_PERIPHCLK_USART2 | RCC_PERIPHCL
 867:Drivers/STM32L4xx_HAL_Driver/Src/stm32l4xx_hal_rcc_ex.c ****                                         RCC_PERIPHCLK_LPUART1 | RCC_PERIPHCLK_I2C1   | RCC_PERIPHCL
 868:Drivers/STM32L4xx_HAL_Driver/Src/stm32l4xx_hal_rcc_ex.c ****                                         RCC_PERIPHCLK_LPTIM1  | RCC_PERIPHCLK_LPTIM2 | RCC_PERIPHCL
 869:Drivers/STM32L4xx_HAL_Driver/Src/stm32l4xx_hal_rcc_ex.c ****                                         RCC_PERIPHCLK_SDMMC1  | RCC_PERIPHCLK_RNG    | RCC_PERIPHCL
 870:Drivers/STM32L4xx_HAL_Driver/Src/stm32l4xx_hal_rcc_ex.c ****                                         RCC_PERIPHCLK_RTC ;
 871:Drivers/STM32L4xx_HAL_Driver/Src/stm32l4xx_hal_rcc_ex.c **** 
 872:Drivers/STM32L4xx_HAL_Driver/Src/stm32l4xx_hal_rcc_ex.c **** #elif defined(STM32L452xx) || defined(STM32L462xx)
 873:Drivers/STM32L4xx_HAL_Driver/Src/stm32l4xx_hal_rcc_ex.c **** 
 874:Drivers/STM32L4xx_HAL_Driver/Src/stm32l4xx_hal_rcc_ex.c ****   PeriphClkInit->PeriphClockSelection = RCC_PERIPHCLK_USART1  | RCC_PERIPHCLK_USART2 | RCC_PERIPHCL
 875:Drivers/STM32L4xx_HAL_Driver/Src/stm32l4xx_hal_rcc_ex.c ****                                         RCC_PERIPHCLK_LPUART1 | RCC_PERIPHCLK_I2C1   | RCC_PERIPHCL
 876:Drivers/STM32L4xx_HAL_Driver/Src/stm32l4xx_hal_rcc_ex.c ****                                         RCC_PERIPHCLK_LPTIM1  | RCC_PERIPHCLK_LPTIM2 | RCC_PERIPHCL
 877:Drivers/STM32L4xx_HAL_Driver/Src/stm32l4xx_hal_rcc_ex.c ****                                         RCC_PERIPHCLK_SDMMC1  | RCC_PERIPHCLK_RNG    | RCC_PERIPHCL
 878:Drivers/STM32L4xx_HAL_Driver/Src/stm32l4xx_hal_rcc_ex.c ****                                         RCC_PERIPHCLK_RTC ;
 879:Drivers/STM32L4xx_HAL_Driver/Src/stm32l4xx_hal_rcc_ex.c **** 
 880:Drivers/STM32L4xx_HAL_Driver/Src/stm32l4xx_hal_rcc_ex.c **** #elif defined(STM32L471xx)
 881:Drivers/STM32L4xx_HAL_Driver/Src/stm32l4xx_hal_rcc_ex.c **** 
 882:Drivers/STM32L4xx_HAL_Driver/Src/stm32l4xx_hal_rcc_ex.c ****   PeriphClkInit->PeriphClockSelection = RCC_PERIPHCLK_USART1  | RCC_PERIPHCLK_USART2 | RCC_PERIPHCL
 883:Drivers/STM32L4xx_HAL_Driver/Src/stm32l4xx_hal_rcc_ex.c ****                                         RCC_PERIPHCLK_LPUART1 | RCC_PERIPHCLK_I2C1   | RCC_PERIPHCL
 884:Drivers/STM32L4xx_HAL_Driver/Src/stm32l4xx_hal_rcc_ex.c ****                                         RCC_PERIPHCLK_LPTIM1  | RCC_PERIPHCLK_LPTIM2 | RCC_PERIPHCL
 885:Drivers/STM32L4xx_HAL_Driver/Src/stm32l4xx_hal_rcc_ex.c ****                                         RCC_PERIPHCLK_SDMMC1  | RCC_PERIPHCLK_RNG    | RCC_PERIPHCL
ARM GAS  /tmp/ccFN0S9l.s 			page 17


 886:Drivers/STM32L4xx_HAL_Driver/Src/stm32l4xx_hal_rcc_ex.c ****                                         RCC_PERIPHCLK_RTC ;
 887:Drivers/STM32L4xx_HAL_Driver/Src/stm32l4xx_hal_rcc_ex.c **** 
 888:Drivers/STM32L4xx_HAL_Driver/Src/stm32l4xx_hal_rcc_ex.c **** #elif defined(STM32L475xx) || defined(STM32L476xx) || defined(STM32L485xx) || defined(STM32L486xx)
 889:Drivers/STM32L4xx_HAL_Driver/Src/stm32l4xx_hal_rcc_ex.c **** 
 890:Drivers/STM32L4xx_HAL_Driver/Src/stm32l4xx_hal_rcc_ex.c ****   PeriphClkInit->PeriphClockSelection = RCC_PERIPHCLK_USART1  | RCC_PERIPHCLK_USART2 | RCC_PERIPHCL
 891:Drivers/STM32L4xx_HAL_Driver/Src/stm32l4xx_hal_rcc_ex.c ****                                         RCC_PERIPHCLK_LPUART1 | RCC_PERIPHCLK_I2C1   | RCC_PERIPHCL
 892:Drivers/STM32L4xx_HAL_Driver/Src/stm32l4xx_hal_rcc_ex.c ****                                         RCC_PERIPHCLK_LPTIM1  | RCC_PERIPHCLK_LPTIM2 | RCC_PERIPHCL
 893:Drivers/STM32L4xx_HAL_Driver/Src/stm32l4xx_hal_rcc_ex.c ****                                         RCC_PERIPHCLK_SDMMC1  | RCC_PERIPHCLK_RNG    | RCC_PERIPHCL
 894:Drivers/STM32L4xx_HAL_Driver/Src/stm32l4xx_hal_rcc_ex.c ****                                         RCC_PERIPHCLK_RTC ;
 895:Drivers/STM32L4xx_HAL_Driver/Src/stm32l4xx_hal_rcc_ex.c **** 
 896:Drivers/STM32L4xx_HAL_Driver/Src/stm32l4xx_hal_rcc_ex.c **** #elif defined(STM32L496xx) || defined(STM32L4A6xx)
 897:Drivers/STM32L4xx_HAL_Driver/Src/stm32l4xx_hal_rcc_ex.c **** 
 898:Drivers/STM32L4xx_HAL_Driver/Src/stm32l4xx_hal_rcc_ex.c ****   PeriphClkInit->PeriphClockSelection = RCC_PERIPHCLK_USART1  | RCC_PERIPHCLK_USART2 | RCC_PERIPHCL
 899:Drivers/STM32L4xx_HAL_Driver/Src/stm32l4xx_hal_rcc_ex.c ****                                         RCC_PERIPHCLK_LPUART1 | RCC_PERIPHCLK_I2C1   | RCC_PERIPHCL
 900:Drivers/STM32L4xx_HAL_Driver/Src/stm32l4xx_hal_rcc_ex.c ****                                         RCC_PERIPHCLK_LPTIM1  | RCC_PERIPHCLK_LPTIM2 | RCC_PERIPHCL
 901:Drivers/STM32L4xx_HAL_Driver/Src/stm32l4xx_hal_rcc_ex.c ****                                         RCC_PERIPHCLK_SDMMC1  | RCC_PERIPHCLK_RNG    | RCC_PERIPHCL
 902:Drivers/STM32L4xx_HAL_Driver/Src/stm32l4xx_hal_rcc_ex.c ****                                         RCC_PERIPHCLK_RTC ;
 903:Drivers/STM32L4xx_HAL_Driver/Src/stm32l4xx_hal_rcc_ex.c **** 
 904:Drivers/STM32L4xx_HAL_Driver/Src/stm32l4xx_hal_rcc_ex.c **** #elif defined(STM32L4R5xx) || defined(STM32L4S5xx)
 905:Drivers/STM32L4xx_HAL_Driver/Src/stm32l4xx_hal_rcc_ex.c **** 
 906:Drivers/STM32L4xx_HAL_Driver/Src/stm32l4xx_hal_rcc_ex.c ****   PeriphClkInit->PeriphClockSelection = RCC_PERIPHCLK_USART1  | RCC_PERIPHCLK_USART2 | RCC_PERIPHCL
 907:Drivers/STM32L4xx_HAL_Driver/Src/stm32l4xx_hal_rcc_ex.c ****                                         RCC_PERIPHCLK_LPUART1 | RCC_PERIPHCLK_I2C1   | RCC_PERIPHCL
 908:Drivers/STM32L4xx_HAL_Driver/Src/stm32l4xx_hal_rcc_ex.c ****                                         RCC_PERIPHCLK_LPTIM1  | RCC_PERIPHCLK_LPTIM2 | RCC_PERIPHCL
 909:Drivers/STM32L4xx_HAL_Driver/Src/stm32l4xx_hal_rcc_ex.c ****                                         RCC_PERIPHCLK_SDMMC1  | RCC_PERIPHCLK_RNG    | RCC_PERIPHCL
 910:Drivers/STM32L4xx_HAL_Driver/Src/stm32l4xx_hal_rcc_ex.c ****                                         RCC_PERIPHCLK_DFSDM1AUDIO | RCC_PERIPHCLK_RTC | RCC_PERIPHC
 911:Drivers/STM32L4xx_HAL_Driver/Src/stm32l4xx_hal_rcc_ex.c **** 
 912:Drivers/STM32L4xx_HAL_Driver/Src/stm32l4xx_hal_rcc_ex.c **** #elif defined(STM32L4R7xx) || defined(STM32L4S7xx) || defined(STM32L4Q5xx)
 913:Drivers/STM32L4xx_HAL_Driver/Src/stm32l4xx_hal_rcc_ex.c **** 
 914:Drivers/STM32L4xx_HAL_Driver/Src/stm32l4xx_hal_rcc_ex.c ****   PeriphClkInit->PeriphClockSelection = RCC_PERIPHCLK_USART1  | RCC_PERIPHCLK_USART2 | RCC_PERIPHCL
 915:Drivers/STM32L4xx_HAL_Driver/Src/stm32l4xx_hal_rcc_ex.c ****                                         RCC_PERIPHCLK_LPUART1 | RCC_PERIPHCLK_I2C1   | RCC_PERIPHCL
 916:Drivers/STM32L4xx_HAL_Driver/Src/stm32l4xx_hal_rcc_ex.c ****                                         RCC_PERIPHCLK_LPTIM1  | RCC_PERIPHCLK_LPTIM2 | RCC_PERIPHCL
 917:Drivers/STM32L4xx_HAL_Driver/Src/stm32l4xx_hal_rcc_ex.c ****                                         RCC_PERIPHCLK_SDMMC1  | RCC_PERIPHCLK_RNG    | RCC_PERIPHCL
 918:Drivers/STM32L4xx_HAL_Driver/Src/stm32l4xx_hal_rcc_ex.c ****                                         RCC_PERIPHCLK_DFSDM1AUDIO | RCC_PERIPHCLK_RTC | RCC_PERIPHC
 919:Drivers/STM32L4xx_HAL_Driver/Src/stm32l4xx_hal_rcc_ex.c **** 
 920:Drivers/STM32L4xx_HAL_Driver/Src/stm32l4xx_hal_rcc_ex.c **** #elif defined(STM32L4R9xx) || defined(STM32L4S9xx)
 921:Drivers/STM32L4xx_HAL_Driver/Src/stm32l4xx_hal_rcc_ex.c **** 
 922:Drivers/STM32L4xx_HAL_Driver/Src/stm32l4xx_hal_rcc_ex.c ****   PeriphClkInit->PeriphClockSelection = RCC_PERIPHCLK_USART1  | RCC_PERIPHCLK_USART2 | RCC_PERIPHCL
 923:Drivers/STM32L4xx_HAL_Driver/Src/stm32l4xx_hal_rcc_ex.c ****                                         RCC_PERIPHCLK_LPUART1 | RCC_PERIPHCLK_I2C1   | RCC_PERIPHCL
 924:Drivers/STM32L4xx_HAL_Driver/Src/stm32l4xx_hal_rcc_ex.c ****                                         RCC_PERIPHCLK_LPTIM1  | RCC_PERIPHCLK_LPTIM2 | RCC_PERIPHCL
 925:Drivers/STM32L4xx_HAL_Driver/Src/stm32l4xx_hal_rcc_ex.c ****                                         RCC_PERIPHCLK_SDMMC1  | RCC_PERIPHCLK_RNG    | RCC_PERIPHCL
 926:Drivers/STM32L4xx_HAL_Driver/Src/stm32l4xx_hal_rcc_ex.c ****                                         RCC_PERIPHCLK_DFSDM1AUDIO | RCC_PERIPHCLK_RTC | RCC_PERIPHC
 927:Drivers/STM32L4xx_HAL_Driver/Src/stm32l4xx_hal_rcc_ex.c **** 
 928:Drivers/STM32L4xx_HAL_Driver/Src/stm32l4xx_hal_rcc_ex.c **** #endif /* STM32L431xx */
 929:Drivers/STM32L4xx_HAL_Driver/Src/stm32l4xx_hal_rcc_ex.c **** 
 930:Drivers/STM32L4xx_HAL_Driver/Src/stm32l4xx_hal_rcc_ex.c **** #if defined(RCC_PLLSAI1_SUPPORT)
 931:Drivers/STM32L4xx_HAL_Driver/Src/stm32l4xx_hal_rcc_ex.c **** 
 932:Drivers/STM32L4xx_HAL_Driver/Src/stm32l4xx_hal_rcc_ex.c ****   /* Get the PLLSAI1 Clock configuration -----------------------------------------------*/
 933:Drivers/STM32L4xx_HAL_Driver/Src/stm32l4xx_hal_rcc_ex.c **** 
 934:Drivers/STM32L4xx_HAL_Driver/Src/stm32l4xx_hal_rcc_ex.c ****   PeriphClkInit->PLLSAI1.PLLSAI1Source = READ_BIT(RCC->PLLCFGR, RCC_PLLCFGR_PLLSRC) >> RCC_PLLCFGR_
 935:Drivers/STM32L4xx_HAL_Driver/Src/stm32l4xx_hal_rcc_ex.c **** #if defined(RCC_PLLSAI1M_DIV_1_16_SUPPORT)
 936:Drivers/STM32L4xx_HAL_Driver/Src/stm32l4xx_hal_rcc_ex.c ****   PeriphClkInit->PLLSAI1.PLLSAI1M = (READ_BIT(RCC->PLLSAI1CFGR, RCC_PLLSAI1CFGR_PLLSAI1M) >> RCC_PL
 937:Drivers/STM32L4xx_HAL_Driver/Src/stm32l4xx_hal_rcc_ex.c **** #else
 938:Drivers/STM32L4xx_HAL_Driver/Src/stm32l4xx_hal_rcc_ex.c ****   PeriphClkInit->PLLSAI1.PLLSAI1M = (READ_BIT(RCC->PLLCFGR, RCC_PLLCFGR_PLLM) >> RCC_PLLCFGR_PLLM_P
 939:Drivers/STM32L4xx_HAL_Driver/Src/stm32l4xx_hal_rcc_ex.c **** #endif /* RCC_PLLSAI1M_DIV_1_16_SUPPORT */
 940:Drivers/STM32L4xx_HAL_Driver/Src/stm32l4xx_hal_rcc_ex.c ****   PeriphClkInit->PLLSAI1.PLLSAI1N = READ_BIT(RCC->PLLSAI1CFGR, RCC_PLLSAI1CFGR_PLLSAI1N) >> RCC_PLL
 941:Drivers/STM32L4xx_HAL_Driver/Src/stm32l4xx_hal_rcc_ex.c ****   PeriphClkInit->PLLSAI1.PLLSAI1P = ((READ_BIT(RCC->PLLSAI1CFGR, RCC_PLLSAI1CFGR_PLLSAI1P) >> RCC_P
 942:Drivers/STM32L4xx_HAL_Driver/Src/stm32l4xx_hal_rcc_ex.c ****   PeriphClkInit->PLLSAI1.PLLSAI1Q = ((READ_BIT(RCC->PLLSAI1CFGR, RCC_PLLSAI1CFGR_PLLSAI1Q) >> RCC_P
ARM GAS  /tmp/ccFN0S9l.s 			page 18


 943:Drivers/STM32L4xx_HAL_Driver/Src/stm32l4xx_hal_rcc_ex.c ****   PeriphClkInit->PLLSAI1.PLLSAI1R = ((READ_BIT(RCC->PLLSAI1CFGR, RCC_PLLSAI1CFGR_PLLSAI1R) >> RCC_P
 944:Drivers/STM32L4xx_HAL_Driver/Src/stm32l4xx_hal_rcc_ex.c **** 
 945:Drivers/STM32L4xx_HAL_Driver/Src/stm32l4xx_hal_rcc_ex.c **** #endif /* RCC_PLLSAI1_SUPPORT */
 946:Drivers/STM32L4xx_HAL_Driver/Src/stm32l4xx_hal_rcc_ex.c **** 
 947:Drivers/STM32L4xx_HAL_Driver/Src/stm32l4xx_hal_rcc_ex.c **** #if defined(RCC_PLLSAI2_SUPPORT)
 948:Drivers/STM32L4xx_HAL_Driver/Src/stm32l4xx_hal_rcc_ex.c **** 
 949:Drivers/STM32L4xx_HAL_Driver/Src/stm32l4xx_hal_rcc_ex.c ****   /* Get the PLLSAI2 Clock configuration -----------------------------------------------*/
 950:Drivers/STM32L4xx_HAL_Driver/Src/stm32l4xx_hal_rcc_ex.c **** 
 951:Drivers/STM32L4xx_HAL_Driver/Src/stm32l4xx_hal_rcc_ex.c ****   PeriphClkInit->PLLSAI2.PLLSAI2Source = PeriphClkInit->PLLSAI1.PLLSAI1Source;
 952:Drivers/STM32L4xx_HAL_Driver/Src/stm32l4xx_hal_rcc_ex.c **** #if defined(RCC_PLLSAI2M_DIV_1_16_SUPPORT)
 953:Drivers/STM32L4xx_HAL_Driver/Src/stm32l4xx_hal_rcc_ex.c ****   PeriphClkInit->PLLSAI2.PLLSAI2M = (READ_BIT(RCC->PLLSAI2CFGR, RCC_PLLSAI2CFGR_PLLSAI2M) >> RCC_PL
 954:Drivers/STM32L4xx_HAL_Driver/Src/stm32l4xx_hal_rcc_ex.c **** #else
 955:Drivers/STM32L4xx_HAL_Driver/Src/stm32l4xx_hal_rcc_ex.c ****   PeriphClkInit->PLLSAI2.PLLSAI2M = PeriphClkInit->PLLSAI1.PLLSAI1M;
 956:Drivers/STM32L4xx_HAL_Driver/Src/stm32l4xx_hal_rcc_ex.c **** #endif /* RCC_PLLSAI2M_DIV_1_16_SUPPORT */
 957:Drivers/STM32L4xx_HAL_Driver/Src/stm32l4xx_hal_rcc_ex.c ****   PeriphClkInit->PLLSAI2.PLLSAI2N = READ_BIT(RCC->PLLSAI2CFGR, RCC_PLLSAI2CFGR_PLLSAI2N) >> RCC_PLL
 958:Drivers/STM32L4xx_HAL_Driver/Src/stm32l4xx_hal_rcc_ex.c ****   PeriphClkInit->PLLSAI2.PLLSAI2P = ((READ_BIT(RCC->PLLSAI2CFGR, RCC_PLLSAI2CFGR_PLLSAI2P) >> RCC_P
 959:Drivers/STM32L4xx_HAL_Driver/Src/stm32l4xx_hal_rcc_ex.c **** #if defined(RCC_PLLSAI2Q_DIV_SUPPORT)
 960:Drivers/STM32L4xx_HAL_Driver/Src/stm32l4xx_hal_rcc_ex.c ****   PeriphClkInit->PLLSAI2.PLLSAI2Q = ((READ_BIT(RCC->PLLSAI2CFGR, RCC_PLLSAI2CFGR_PLLSAI2Q) >> RCC_P
 961:Drivers/STM32L4xx_HAL_Driver/Src/stm32l4xx_hal_rcc_ex.c **** #endif /* RCC_PLLSAI2Q_DIV_SUPPORT */
 962:Drivers/STM32L4xx_HAL_Driver/Src/stm32l4xx_hal_rcc_ex.c ****   PeriphClkInit->PLLSAI2.PLLSAI2R = ((READ_BIT(RCC->PLLSAI2CFGR, RCC_PLLSAI2CFGR_PLLSAI2R)>> RCC_PL
 963:Drivers/STM32L4xx_HAL_Driver/Src/stm32l4xx_hal_rcc_ex.c **** 
 964:Drivers/STM32L4xx_HAL_Driver/Src/stm32l4xx_hal_rcc_ex.c **** #endif /* RCC_PLLSAI2_SUPPORT */
 965:Drivers/STM32L4xx_HAL_Driver/Src/stm32l4xx_hal_rcc_ex.c **** 
 966:Drivers/STM32L4xx_HAL_Driver/Src/stm32l4xx_hal_rcc_ex.c ****   /* Get the USART1 clock source ---------------------------------------------*/
 967:Drivers/STM32L4xx_HAL_Driver/Src/stm32l4xx_hal_rcc_ex.c ****   PeriphClkInit->Usart1ClockSelection  = __HAL_RCC_GET_USART1_SOURCE();
 968:Drivers/STM32L4xx_HAL_Driver/Src/stm32l4xx_hal_rcc_ex.c ****   /* Get the USART2 clock source ---------------------------------------------*/
 969:Drivers/STM32L4xx_HAL_Driver/Src/stm32l4xx_hal_rcc_ex.c ****   PeriphClkInit->Usart2ClockSelection  = __HAL_RCC_GET_USART2_SOURCE();
 970:Drivers/STM32L4xx_HAL_Driver/Src/stm32l4xx_hal_rcc_ex.c **** 
 971:Drivers/STM32L4xx_HAL_Driver/Src/stm32l4xx_hal_rcc_ex.c **** #if defined(USART3)
 972:Drivers/STM32L4xx_HAL_Driver/Src/stm32l4xx_hal_rcc_ex.c ****   /* Get the USART3 clock source ---------------------------------------------*/
 973:Drivers/STM32L4xx_HAL_Driver/Src/stm32l4xx_hal_rcc_ex.c ****   PeriphClkInit->Usart3ClockSelection  = __HAL_RCC_GET_USART3_SOURCE();
 974:Drivers/STM32L4xx_HAL_Driver/Src/stm32l4xx_hal_rcc_ex.c **** #endif /* USART3 */
 975:Drivers/STM32L4xx_HAL_Driver/Src/stm32l4xx_hal_rcc_ex.c **** 
 976:Drivers/STM32L4xx_HAL_Driver/Src/stm32l4xx_hal_rcc_ex.c **** #if defined(UART4)
 977:Drivers/STM32L4xx_HAL_Driver/Src/stm32l4xx_hal_rcc_ex.c ****   /* Get the UART4 clock source ----------------------------------------------*/
 978:Drivers/STM32L4xx_HAL_Driver/Src/stm32l4xx_hal_rcc_ex.c ****   PeriphClkInit->Uart4ClockSelection   = __HAL_RCC_GET_UART4_SOURCE();
 979:Drivers/STM32L4xx_HAL_Driver/Src/stm32l4xx_hal_rcc_ex.c **** #endif /* UART4 */
 980:Drivers/STM32L4xx_HAL_Driver/Src/stm32l4xx_hal_rcc_ex.c **** 
 981:Drivers/STM32L4xx_HAL_Driver/Src/stm32l4xx_hal_rcc_ex.c **** #if defined(UART5)
 982:Drivers/STM32L4xx_HAL_Driver/Src/stm32l4xx_hal_rcc_ex.c ****   /* Get the UART5 clock source ----------------------------------------------*/
 983:Drivers/STM32L4xx_HAL_Driver/Src/stm32l4xx_hal_rcc_ex.c ****   PeriphClkInit->Uart5ClockSelection   = __HAL_RCC_GET_UART5_SOURCE();
 984:Drivers/STM32L4xx_HAL_Driver/Src/stm32l4xx_hal_rcc_ex.c **** #endif /* UART5 */
 985:Drivers/STM32L4xx_HAL_Driver/Src/stm32l4xx_hal_rcc_ex.c **** 
 986:Drivers/STM32L4xx_HAL_Driver/Src/stm32l4xx_hal_rcc_ex.c ****   /* Get the LPUART1 clock source --------------------------------------------*/
 987:Drivers/STM32L4xx_HAL_Driver/Src/stm32l4xx_hal_rcc_ex.c ****   PeriphClkInit->Lpuart1ClockSelection = __HAL_RCC_GET_LPUART1_SOURCE();
 988:Drivers/STM32L4xx_HAL_Driver/Src/stm32l4xx_hal_rcc_ex.c **** 
 989:Drivers/STM32L4xx_HAL_Driver/Src/stm32l4xx_hal_rcc_ex.c ****   /* Get the I2C1 clock source -----------------------------------------------*/
 990:Drivers/STM32L4xx_HAL_Driver/Src/stm32l4xx_hal_rcc_ex.c ****   PeriphClkInit->I2c1ClockSelection    = __HAL_RCC_GET_I2C1_SOURCE();
 991:Drivers/STM32L4xx_HAL_Driver/Src/stm32l4xx_hal_rcc_ex.c **** 
 992:Drivers/STM32L4xx_HAL_Driver/Src/stm32l4xx_hal_rcc_ex.c **** #if defined(I2C2)
 993:Drivers/STM32L4xx_HAL_Driver/Src/stm32l4xx_hal_rcc_ex.c ****    /* Get the I2C2 clock source ----------------------------------------------*/
 994:Drivers/STM32L4xx_HAL_Driver/Src/stm32l4xx_hal_rcc_ex.c ****   PeriphClkInit->I2c2ClockSelection    = __HAL_RCC_GET_I2C2_SOURCE();
 995:Drivers/STM32L4xx_HAL_Driver/Src/stm32l4xx_hal_rcc_ex.c **** #endif /* I2C2 */
 996:Drivers/STM32L4xx_HAL_Driver/Src/stm32l4xx_hal_rcc_ex.c **** 
 997:Drivers/STM32L4xx_HAL_Driver/Src/stm32l4xx_hal_rcc_ex.c ****   /* Get the I2C3 clock source -----------------------------------------------*/
 998:Drivers/STM32L4xx_HAL_Driver/Src/stm32l4xx_hal_rcc_ex.c ****   PeriphClkInit->I2c3ClockSelection    = __HAL_RCC_GET_I2C3_SOURCE();
 999:Drivers/STM32L4xx_HAL_Driver/Src/stm32l4xx_hal_rcc_ex.c **** 
ARM GAS  /tmp/ccFN0S9l.s 			page 19


1000:Drivers/STM32L4xx_HAL_Driver/Src/stm32l4xx_hal_rcc_ex.c **** #if defined(I2C4)
1001:Drivers/STM32L4xx_HAL_Driver/Src/stm32l4xx_hal_rcc_ex.c ****   /* Get the I2C4 clock source -----------------------------------------------*/
1002:Drivers/STM32L4xx_HAL_Driver/Src/stm32l4xx_hal_rcc_ex.c ****   PeriphClkInit->I2c4ClockSelection    = __HAL_RCC_GET_I2C4_SOURCE();
1003:Drivers/STM32L4xx_HAL_Driver/Src/stm32l4xx_hal_rcc_ex.c **** #endif /* I2C4 */
1004:Drivers/STM32L4xx_HAL_Driver/Src/stm32l4xx_hal_rcc_ex.c **** 
1005:Drivers/STM32L4xx_HAL_Driver/Src/stm32l4xx_hal_rcc_ex.c ****   /* Get the LPTIM1 clock source ---------------------------------------------*/
1006:Drivers/STM32L4xx_HAL_Driver/Src/stm32l4xx_hal_rcc_ex.c ****   PeriphClkInit->Lptim1ClockSelection  = __HAL_RCC_GET_LPTIM1_SOURCE();
1007:Drivers/STM32L4xx_HAL_Driver/Src/stm32l4xx_hal_rcc_ex.c **** 
1008:Drivers/STM32L4xx_HAL_Driver/Src/stm32l4xx_hal_rcc_ex.c ****   /* Get the LPTIM2 clock source ---------------------------------------------*/
1009:Drivers/STM32L4xx_HAL_Driver/Src/stm32l4xx_hal_rcc_ex.c ****   PeriphClkInit->Lptim2ClockSelection  = __HAL_RCC_GET_LPTIM2_SOURCE();
1010:Drivers/STM32L4xx_HAL_Driver/Src/stm32l4xx_hal_rcc_ex.c **** 
1011:Drivers/STM32L4xx_HAL_Driver/Src/stm32l4xx_hal_rcc_ex.c **** #if defined(SAI1)
1012:Drivers/STM32L4xx_HAL_Driver/Src/stm32l4xx_hal_rcc_ex.c ****   /* Get the SAI1 clock source -----------------------------------------------*/
1013:Drivers/STM32L4xx_HAL_Driver/Src/stm32l4xx_hal_rcc_ex.c ****   PeriphClkInit->Sai1ClockSelection    = __HAL_RCC_GET_SAI1_SOURCE();
1014:Drivers/STM32L4xx_HAL_Driver/Src/stm32l4xx_hal_rcc_ex.c **** #endif /* SAI1 */
1015:Drivers/STM32L4xx_HAL_Driver/Src/stm32l4xx_hal_rcc_ex.c **** 
1016:Drivers/STM32L4xx_HAL_Driver/Src/stm32l4xx_hal_rcc_ex.c **** #if defined(SAI2)
1017:Drivers/STM32L4xx_HAL_Driver/Src/stm32l4xx_hal_rcc_ex.c ****   /* Get the SAI2 clock source -----------------------------------------------*/
1018:Drivers/STM32L4xx_HAL_Driver/Src/stm32l4xx_hal_rcc_ex.c ****   PeriphClkInit->Sai2ClockSelection    = __HAL_RCC_GET_SAI2_SOURCE();
1019:Drivers/STM32L4xx_HAL_Driver/Src/stm32l4xx_hal_rcc_ex.c **** #endif /* SAI2 */
1020:Drivers/STM32L4xx_HAL_Driver/Src/stm32l4xx_hal_rcc_ex.c **** 
1021:Drivers/STM32L4xx_HAL_Driver/Src/stm32l4xx_hal_rcc_ex.c ****   /* Get the RTC clock source ------------------------------------------------*/
1022:Drivers/STM32L4xx_HAL_Driver/Src/stm32l4xx_hal_rcc_ex.c ****   PeriphClkInit->RTCClockSelection     = __HAL_RCC_GET_RTC_SOURCE();
1023:Drivers/STM32L4xx_HAL_Driver/Src/stm32l4xx_hal_rcc_ex.c **** 
1024:Drivers/STM32L4xx_HAL_Driver/Src/stm32l4xx_hal_rcc_ex.c **** #if defined(USB_OTG_FS) || defined(USB)
1025:Drivers/STM32L4xx_HAL_Driver/Src/stm32l4xx_hal_rcc_ex.c ****   /* Get the USB clock source ------------------------------------------------*/
1026:Drivers/STM32L4xx_HAL_Driver/Src/stm32l4xx_hal_rcc_ex.c ****   PeriphClkInit->UsbClockSelection   = __HAL_RCC_GET_USB_SOURCE();
1027:Drivers/STM32L4xx_HAL_Driver/Src/stm32l4xx_hal_rcc_ex.c **** #endif /* USB_OTG_FS || USB */
1028:Drivers/STM32L4xx_HAL_Driver/Src/stm32l4xx_hal_rcc_ex.c **** 
1029:Drivers/STM32L4xx_HAL_Driver/Src/stm32l4xx_hal_rcc_ex.c **** #if defined(SDMMC1)
1030:Drivers/STM32L4xx_HAL_Driver/Src/stm32l4xx_hal_rcc_ex.c ****   /* Get the SDMMC1 clock source ---------------------------------------------*/
1031:Drivers/STM32L4xx_HAL_Driver/Src/stm32l4xx_hal_rcc_ex.c ****   PeriphClkInit->Sdmmc1ClockSelection   = __HAL_RCC_GET_SDMMC1_SOURCE();
1032:Drivers/STM32L4xx_HAL_Driver/Src/stm32l4xx_hal_rcc_ex.c **** #endif /* SDMMC1 */
1033:Drivers/STM32L4xx_HAL_Driver/Src/stm32l4xx_hal_rcc_ex.c **** 
1034:Drivers/STM32L4xx_HAL_Driver/Src/stm32l4xx_hal_rcc_ex.c ****   /* Get the RNG clock source ------------------------------------------------*/
1035:Drivers/STM32L4xx_HAL_Driver/Src/stm32l4xx_hal_rcc_ex.c ****   PeriphClkInit->RngClockSelection   = __HAL_RCC_GET_RNG_SOURCE();
1036:Drivers/STM32L4xx_HAL_Driver/Src/stm32l4xx_hal_rcc_ex.c **** 
1037:Drivers/STM32L4xx_HAL_Driver/Src/stm32l4xx_hal_rcc_ex.c **** #if !defined(STM32L412xx) && !defined(STM32L422xx)
1038:Drivers/STM32L4xx_HAL_Driver/Src/stm32l4xx_hal_rcc_ex.c ****   /* Get the ADC clock source ------------------------------------------------*/
1039:Drivers/STM32L4xx_HAL_Driver/Src/stm32l4xx_hal_rcc_ex.c ****   PeriphClkInit->AdcClockSelection     = __HAL_RCC_GET_ADC_SOURCE();
1040:Drivers/STM32L4xx_HAL_Driver/Src/stm32l4xx_hal_rcc_ex.c **** #endif /* !STM32L412xx && !STM32L422xx */
1041:Drivers/STM32L4xx_HAL_Driver/Src/stm32l4xx_hal_rcc_ex.c **** 
1042:Drivers/STM32L4xx_HAL_Driver/Src/stm32l4xx_hal_rcc_ex.c **** #if defined(SWPMI1)
1043:Drivers/STM32L4xx_HAL_Driver/Src/stm32l4xx_hal_rcc_ex.c ****   /* Get the SWPMI1 clock source ---------------------------------------------*/
1044:Drivers/STM32L4xx_HAL_Driver/Src/stm32l4xx_hal_rcc_ex.c ****   PeriphClkInit->Swpmi1ClockSelection  = __HAL_RCC_GET_SWPMI1_SOURCE();
1045:Drivers/STM32L4xx_HAL_Driver/Src/stm32l4xx_hal_rcc_ex.c **** #endif /* SWPMI1 */
1046:Drivers/STM32L4xx_HAL_Driver/Src/stm32l4xx_hal_rcc_ex.c **** 
1047:Drivers/STM32L4xx_HAL_Driver/Src/stm32l4xx_hal_rcc_ex.c **** #if defined(DFSDM1_Filter0)
1048:Drivers/STM32L4xx_HAL_Driver/Src/stm32l4xx_hal_rcc_ex.c ****   /* Get the DFSDM1 clock source ---------------------------------------------*/
1049:Drivers/STM32L4xx_HAL_Driver/Src/stm32l4xx_hal_rcc_ex.c ****   PeriphClkInit->Dfsdm1ClockSelection  = __HAL_RCC_GET_DFSDM1_SOURCE();
1050:Drivers/STM32L4xx_HAL_Driver/Src/stm32l4xx_hal_rcc_ex.c **** 
1051:Drivers/STM32L4xx_HAL_Driver/Src/stm32l4xx_hal_rcc_ex.c **** #if defined(STM32L4R5xx) || defined(STM32L4R7xx) || defined(STM32L4R9xx) || defined(STM32L4S5xx) ||
1052:Drivers/STM32L4xx_HAL_Driver/Src/stm32l4xx_hal_rcc_ex.c ****   /* Get the DFSDM1 audio clock source ---------------------------------------*/
1053:Drivers/STM32L4xx_HAL_Driver/Src/stm32l4xx_hal_rcc_ex.c ****   PeriphClkInit->Dfsdm1AudioClockSelection  = __HAL_RCC_GET_DFSDM1AUDIO_SOURCE();
1054:Drivers/STM32L4xx_HAL_Driver/Src/stm32l4xx_hal_rcc_ex.c **** #endif /* STM32L4R5xx || STM32L4R7xx || STM32L4R9xx || STM32L4S5xx || STM32L4S7xx || STM32L4S9xx */
1055:Drivers/STM32L4xx_HAL_Driver/Src/stm32l4xx_hal_rcc_ex.c **** #endif /* DFSDM1_Filter0 */
1056:Drivers/STM32L4xx_HAL_Driver/Src/stm32l4xx_hal_rcc_ex.c **** 
ARM GAS  /tmp/ccFN0S9l.s 			page 20


1057:Drivers/STM32L4xx_HAL_Driver/Src/stm32l4xx_hal_rcc_ex.c **** #if defined(LTDC)
1058:Drivers/STM32L4xx_HAL_Driver/Src/stm32l4xx_hal_rcc_ex.c ****   /* Get the LTDC clock source -----------------------------------------------*/
1059:Drivers/STM32L4xx_HAL_Driver/Src/stm32l4xx_hal_rcc_ex.c ****   PeriphClkInit->LtdcClockSelection = __HAL_RCC_GET_LTDC_SOURCE();
1060:Drivers/STM32L4xx_HAL_Driver/Src/stm32l4xx_hal_rcc_ex.c **** #endif /* LTDC */
1061:Drivers/STM32L4xx_HAL_Driver/Src/stm32l4xx_hal_rcc_ex.c **** 
1062:Drivers/STM32L4xx_HAL_Driver/Src/stm32l4xx_hal_rcc_ex.c **** #if defined(DSI)
1063:Drivers/STM32L4xx_HAL_Driver/Src/stm32l4xx_hal_rcc_ex.c ****   /* Get the DSI clock source ------------------------------------------------*/
1064:Drivers/STM32L4xx_HAL_Driver/Src/stm32l4xx_hal_rcc_ex.c ****   PeriphClkInit->DsiClockSelection = __HAL_RCC_GET_DSI_SOURCE();
1065:Drivers/STM32L4xx_HAL_Driver/Src/stm32l4xx_hal_rcc_ex.c **** #endif /* DSI */
1066:Drivers/STM32L4xx_HAL_Driver/Src/stm32l4xx_hal_rcc_ex.c **** 
1067:Drivers/STM32L4xx_HAL_Driver/Src/stm32l4xx_hal_rcc_ex.c **** #if defined(OCTOSPI1) || defined(OCTOSPI2)
1068:Drivers/STM32L4xx_HAL_Driver/Src/stm32l4xx_hal_rcc_ex.c ****   /* Get the OctoSPIclock source --------------------------------------------*/
1069:Drivers/STM32L4xx_HAL_Driver/Src/stm32l4xx_hal_rcc_ex.c ****   PeriphClkInit->OspiClockSelection = __HAL_RCC_GET_OSPI_SOURCE();
1070:Drivers/STM32L4xx_HAL_Driver/Src/stm32l4xx_hal_rcc_ex.c **** #endif /* OCTOSPI1 || OCTOSPI2 */
1071:Drivers/STM32L4xx_HAL_Driver/Src/stm32l4xx_hal_rcc_ex.c **** }
1072:Drivers/STM32L4xx_HAL_Driver/Src/stm32l4xx_hal_rcc_ex.c **** 
1073:Drivers/STM32L4xx_HAL_Driver/Src/stm32l4xx_hal_rcc_ex.c **** /**
1074:Drivers/STM32L4xx_HAL_Driver/Src/stm32l4xx_hal_rcc_ex.c ****   * @brief  Return the peripheral clock frequency for peripherals with clock source from PLLSAIs
1075:Drivers/STM32L4xx_HAL_Driver/Src/stm32l4xx_hal_rcc_ex.c ****   * @note   Return 0 if peripheral clock identifier not managed by this API
1076:Drivers/STM32L4xx_HAL_Driver/Src/stm32l4xx_hal_rcc_ex.c ****   * @param  PeriphClk  Peripheral clock identifier
1077:Drivers/STM32L4xx_HAL_Driver/Src/stm32l4xx_hal_rcc_ex.c ****   *         This parameter can be one of the following values:
1078:Drivers/STM32L4xx_HAL_Driver/Src/stm32l4xx_hal_rcc_ex.c ****   *            @arg @ref RCC_PERIPHCLK_RTC  RTC peripheral clock
1079:Drivers/STM32L4xx_HAL_Driver/Src/stm32l4xx_hal_rcc_ex.c ****   *            @arg @ref RCC_PERIPHCLK_ADC  ADC peripheral clock
1080:Drivers/STM32L4xx_HAL_Driver/Src/stm32l4xx_hal_rcc_ex.c ****   @if STM32L462xx
1081:Drivers/STM32L4xx_HAL_Driver/Src/stm32l4xx_hal_rcc_ex.c ****   *            @arg @ref RCC_PERIPHCLK_DFSDM1  DFSDM1 peripheral clock (only for devices with DFSDM
1082:Drivers/STM32L4xx_HAL_Driver/Src/stm32l4xx_hal_rcc_ex.c ****   @endif
1083:Drivers/STM32L4xx_HAL_Driver/Src/stm32l4xx_hal_rcc_ex.c ****   @if STM32L486xx
1084:Drivers/STM32L4xx_HAL_Driver/Src/stm32l4xx_hal_rcc_ex.c ****   *            @arg @ref RCC_PERIPHCLK_DFSDM1  DFSDM1 peripheral clock (only for devices with DFSDM
1085:Drivers/STM32L4xx_HAL_Driver/Src/stm32l4xx_hal_rcc_ex.c ****   @endif
1086:Drivers/STM32L4xx_HAL_Driver/Src/stm32l4xx_hal_rcc_ex.c ****   @if STM32L4A6xx
1087:Drivers/STM32L4xx_HAL_Driver/Src/stm32l4xx_hal_rcc_ex.c ****   *            @arg @ref RCC_PERIPHCLK_DFSDM1  DFSDM1 peripheral clock (only for devices with DFSDM
1088:Drivers/STM32L4xx_HAL_Driver/Src/stm32l4xx_hal_rcc_ex.c ****   @endif
1089:Drivers/STM32L4xx_HAL_Driver/Src/stm32l4xx_hal_rcc_ex.c ****   *            @arg @ref RCC_PERIPHCLK_I2C1  I2C1 peripheral clock
1090:Drivers/STM32L4xx_HAL_Driver/Src/stm32l4xx_hal_rcc_ex.c ****   *            @arg @ref RCC_PERIPHCLK_I2C2  I2C2 peripheral clock
1091:Drivers/STM32L4xx_HAL_Driver/Src/stm32l4xx_hal_rcc_ex.c ****   *            @arg @ref RCC_PERIPHCLK_I2C3  I2C3 peripheral clock
1092:Drivers/STM32L4xx_HAL_Driver/Src/stm32l4xx_hal_rcc_ex.c ****   @if STM32L462xx
1093:Drivers/STM32L4xx_HAL_Driver/Src/stm32l4xx_hal_rcc_ex.c ****   *            @arg @ref RCC_PERIPHCLK_I2C4  I2C4 peripheral clock (only for devices with I2C4)
1094:Drivers/STM32L4xx_HAL_Driver/Src/stm32l4xx_hal_rcc_ex.c ****   @endif
1095:Drivers/STM32L4xx_HAL_Driver/Src/stm32l4xx_hal_rcc_ex.c ****   @if STM32L4A6xx
1096:Drivers/STM32L4xx_HAL_Driver/Src/stm32l4xx_hal_rcc_ex.c ****   *            @arg @ref RCC_PERIPHCLK_I2C4  I2C4 peripheral clock (only for devices with I2C4)
1097:Drivers/STM32L4xx_HAL_Driver/Src/stm32l4xx_hal_rcc_ex.c ****   @endif
1098:Drivers/STM32L4xx_HAL_Driver/Src/stm32l4xx_hal_rcc_ex.c ****   @if STM32L4S9xx
1099:Drivers/STM32L4xx_HAL_Driver/Src/stm32l4xx_hal_rcc_ex.c ****   *            @arg @ref RCC_PERIPHCLK_I2C4  I2C4 peripheral clock (only for devices with I2C4)
1100:Drivers/STM32L4xx_HAL_Driver/Src/stm32l4xx_hal_rcc_ex.c ****   @endif
1101:Drivers/STM32L4xx_HAL_Driver/Src/stm32l4xx_hal_rcc_ex.c ****   *            @arg @ref RCC_PERIPHCLK_LPTIM1  LPTIM1 peripheral clock
1102:Drivers/STM32L4xx_HAL_Driver/Src/stm32l4xx_hal_rcc_ex.c ****   *            @arg @ref RCC_PERIPHCLK_LPTIM2  LPTIM2 peripheral clock
1103:Drivers/STM32L4xx_HAL_Driver/Src/stm32l4xx_hal_rcc_ex.c ****   *            @arg @ref RCC_PERIPHCLK_LPUART1  LPUART1 peripheral clock
1104:Drivers/STM32L4xx_HAL_Driver/Src/stm32l4xx_hal_rcc_ex.c ****   *            @arg @ref RCC_PERIPHCLK_RNG  RNG peripheral clock
1105:Drivers/STM32L4xx_HAL_Driver/Src/stm32l4xx_hal_rcc_ex.c ****   *            @arg @ref RCC_PERIPHCLK_SAI1  SAI1 peripheral clock (only for devices with SAI1)
1106:Drivers/STM32L4xx_HAL_Driver/Src/stm32l4xx_hal_rcc_ex.c ****   @if STM32L486xx
1107:Drivers/STM32L4xx_HAL_Driver/Src/stm32l4xx_hal_rcc_ex.c ****   *            @arg @ref RCC_PERIPHCLK_SAI2  SAI2 peripheral clock (only for devices with SAI2)
1108:Drivers/STM32L4xx_HAL_Driver/Src/stm32l4xx_hal_rcc_ex.c ****   @endif
1109:Drivers/STM32L4xx_HAL_Driver/Src/stm32l4xx_hal_rcc_ex.c ****   @if STM32L4A6xx
1110:Drivers/STM32L4xx_HAL_Driver/Src/stm32l4xx_hal_rcc_ex.c ****   *            @arg @ref RCC_PERIPHCLK_SAI2  SAI2 peripheral clock (only for devices with SAI2)
1111:Drivers/STM32L4xx_HAL_Driver/Src/stm32l4xx_hal_rcc_ex.c ****   @endif
1112:Drivers/STM32L4xx_HAL_Driver/Src/stm32l4xx_hal_rcc_ex.c ****   @if STM32L4S9xx
1113:Drivers/STM32L4xx_HAL_Driver/Src/stm32l4xx_hal_rcc_ex.c ****   *            @arg @ref RCC_PERIPHCLK_SAI2  SAI2 peripheral clock (only for devices with SAI2)
ARM GAS  /tmp/ccFN0S9l.s 			page 21


1114:Drivers/STM32L4xx_HAL_Driver/Src/stm32l4xx_hal_rcc_ex.c ****   @endif
1115:Drivers/STM32L4xx_HAL_Driver/Src/stm32l4xx_hal_rcc_ex.c ****   *            @arg @ref RCC_PERIPHCLK_SDMMC1  SDMMC1 peripheral clock
1116:Drivers/STM32L4xx_HAL_Driver/Src/stm32l4xx_hal_rcc_ex.c ****   @if STM32L443xx
1117:Drivers/STM32L4xx_HAL_Driver/Src/stm32l4xx_hal_rcc_ex.c ****   *            @arg @ref RCC_PERIPHCLK_SWPMI1  SWPMI1 peripheral clock (only for devices with SWPMI
1118:Drivers/STM32L4xx_HAL_Driver/Src/stm32l4xx_hal_rcc_ex.c ****   @endif
1119:Drivers/STM32L4xx_HAL_Driver/Src/stm32l4xx_hal_rcc_ex.c ****   @if STM32L486xx
1120:Drivers/STM32L4xx_HAL_Driver/Src/stm32l4xx_hal_rcc_ex.c ****   *            @arg @ref RCC_PERIPHCLK_SWPMI1  SWPMI1 peripheral clock (only for devices with SWPMI
1121:Drivers/STM32L4xx_HAL_Driver/Src/stm32l4xx_hal_rcc_ex.c ****   @endif
1122:Drivers/STM32L4xx_HAL_Driver/Src/stm32l4xx_hal_rcc_ex.c ****   @if STM32L4A6xx
1123:Drivers/STM32L4xx_HAL_Driver/Src/stm32l4xx_hal_rcc_ex.c ****   *            @arg @ref RCC_PERIPHCLK_SWPMI1  SWPMI1 peripheral clock (only for devices with SWPMI
1124:Drivers/STM32L4xx_HAL_Driver/Src/stm32l4xx_hal_rcc_ex.c ****   @endif
1125:Drivers/STM32L4xx_HAL_Driver/Src/stm32l4xx_hal_rcc_ex.c ****   *            @arg @ref RCC_PERIPHCLK_USART1  USART1 peripheral clock
1126:Drivers/STM32L4xx_HAL_Driver/Src/stm32l4xx_hal_rcc_ex.c ****   *            @arg @ref RCC_PERIPHCLK_USART2  USART1 peripheral clock
1127:Drivers/STM32L4xx_HAL_Driver/Src/stm32l4xx_hal_rcc_ex.c ****   *            @arg @ref RCC_PERIPHCLK_USART3  USART1 peripheral clock
1128:Drivers/STM32L4xx_HAL_Driver/Src/stm32l4xx_hal_rcc_ex.c ****   @if STM32L462xx
1129:Drivers/STM32L4xx_HAL_Driver/Src/stm32l4xx_hal_rcc_ex.c ****   *            @arg @ref RCC_PERIPHCLK_UART4  UART4 peripheral clock (only for devices with UART4)
1130:Drivers/STM32L4xx_HAL_Driver/Src/stm32l4xx_hal_rcc_ex.c ****   *            @arg @ref RCC_PERIPHCLK_USB  USB peripheral clock (only for devices with USB)
1131:Drivers/STM32L4xx_HAL_Driver/Src/stm32l4xx_hal_rcc_ex.c ****   @endif
1132:Drivers/STM32L4xx_HAL_Driver/Src/stm32l4xx_hal_rcc_ex.c ****   @if STM32L486xx
1133:Drivers/STM32L4xx_HAL_Driver/Src/stm32l4xx_hal_rcc_ex.c ****   *            @arg @ref RCC_PERIPHCLK_UART4  UART4 peripheral clock (only for devices with UART4)
1134:Drivers/STM32L4xx_HAL_Driver/Src/stm32l4xx_hal_rcc_ex.c ****   *            @arg @ref RCC_PERIPHCLK_UART5  UART5 peripheral clock (only for devices with UART5)
1135:Drivers/STM32L4xx_HAL_Driver/Src/stm32l4xx_hal_rcc_ex.c ****   *            @arg @ref RCC_PERIPHCLK_USB  USB peripheral clock (only for devices with USB)
1136:Drivers/STM32L4xx_HAL_Driver/Src/stm32l4xx_hal_rcc_ex.c ****   @endif
1137:Drivers/STM32L4xx_HAL_Driver/Src/stm32l4xx_hal_rcc_ex.c ****   @if STM32L4A6xx
1138:Drivers/STM32L4xx_HAL_Driver/Src/stm32l4xx_hal_rcc_ex.c ****   *            @arg @ref RCC_PERIPHCLK_UART4  UART4 peripheral clock (only for devices with UART4)
1139:Drivers/STM32L4xx_HAL_Driver/Src/stm32l4xx_hal_rcc_ex.c ****   *            @arg @ref RCC_PERIPHCLK_UART5  UART5 peripheral clock (only for devices with UART5)
1140:Drivers/STM32L4xx_HAL_Driver/Src/stm32l4xx_hal_rcc_ex.c ****   *            @arg @ref RCC_PERIPHCLK_USB  USB peripheral clock (only for devices with USB)
1141:Drivers/STM32L4xx_HAL_Driver/Src/stm32l4xx_hal_rcc_ex.c ****   @endif
1142:Drivers/STM32L4xx_HAL_Driver/Src/stm32l4xx_hal_rcc_ex.c ****   @if STM32L4S9xx
1143:Drivers/STM32L4xx_HAL_Driver/Src/stm32l4xx_hal_rcc_ex.c ****   *            @arg @ref RCC_PERIPHCLK_UART4  USART1 peripheral clock (only for devices with UART4)
1144:Drivers/STM32L4xx_HAL_Driver/Src/stm32l4xx_hal_rcc_ex.c ****   *            @arg @ref RCC_PERIPHCLK_UART5  USART1 peripheral clock (only for devices with UART5)
1145:Drivers/STM32L4xx_HAL_Driver/Src/stm32l4xx_hal_rcc_ex.c ****   *            @arg @ref RCC_PERIPHCLK_USB  USB peripheral clock (only for devices with USB)
1146:Drivers/STM32L4xx_HAL_Driver/Src/stm32l4xx_hal_rcc_ex.c ****   *            @arg @ref RCC_PERIPHCLK_DFSDM1  DFSDM1 peripheral kernel clock (only for devices wit
1147:Drivers/STM32L4xx_HAL_Driver/Src/stm32l4xx_hal_rcc_ex.c ****   *            @arg @ref RCC_PERIPHCLK_DFSDM1AUDIO  DFSDM1 peripheral audio clock (only for devices
1148:Drivers/STM32L4xx_HAL_Driver/Src/stm32l4xx_hal_rcc_ex.c ****   *            @arg @ref RCC_PERIPHCLK_LTDC  LTDC peripheral clock (only for devices with LTDC)
1149:Drivers/STM32L4xx_HAL_Driver/Src/stm32l4xx_hal_rcc_ex.c ****   *            @arg @ref RCC_PERIPHCLK_DSI  DSI peripheral clock (only for devices with DSI)
1150:Drivers/STM32L4xx_HAL_Driver/Src/stm32l4xx_hal_rcc_ex.c ****   *            @arg @ref RCC_PERIPHCLK_OSPI  OctoSPI peripheral clock (only for devices with OctoSP
1151:Drivers/STM32L4xx_HAL_Driver/Src/stm32l4xx_hal_rcc_ex.c ****   @endif
1152:Drivers/STM32L4xx_HAL_Driver/Src/stm32l4xx_hal_rcc_ex.c ****   * @retval Frequency in Hz
1153:Drivers/STM32L4xx_HAL_Driver/Src/stm32l4xx_hal_rcc_ex.c ****   */
1154:Drivers/STM32L4xx_HAL_Driver/Src/stm32l4xx_hal_rcc_ex.c **** uint32_t HAL_RCCEx_GetPeriphCLKFreq(uint32_t PeriphClk)
1155:Drivers/STM32L4xx_HAL_Driver/Src/stm32l4xx_hal_rcc_ex.c **** {
1156:Drivers/STM32L4xx_HAL_Driver/Src/stm32l4xx_hal_rcc_ex.c ****   uint32_t frequency = 0U;
1157:Drivers/STM32L4xx_HAL_Driver/Src/stm32l4xx_hal_rcc_ex.c ****   uint32_t srcclk, pll_oscsource, pllvco, plln;    /* no init needed */
1158:Drivers/STM32L4xx_HAL_Driver/Src/stm32l4xx_hal_rcc_ex.c **** #if defined(SDMMC1) && defined(RCC_CCIPR2_SDMMCSEL)
1159:Drivers/STM32L4xx_HAL_Driver/Src/stm32l4xx_hal_rcc_ex.c ****   uint32_t pllp;  /* no init needed */
1160:Drivers/STM32L4xx_HAL_Driver/Src/stm32l4xx_hal_rcc_ex.c **** #endif
1161:Drivers/STM32L4xx_HAL_Driver/Src/stm32l4xx_hal_rcc_ex.c **** 
1162:Drivers/STM32L4xx_HAL_Driver/Src/stm32l4xx_hal_rcc_ex.c ****   /* Check the parameters */
1163:Drivers/STM32L4xx_HAL_Driver/Src/stm32l4xx_hal_rcc_ex.c ****   assert_param(IS_RCC_PERIPHCLOCK(PeriphClk));
1164:Drivers/STM32L4xx_HAL_Driver/Src/stm32l4xx_hal_rcc_ex.c **** 
1165:Drivers/STM32L4xx_HAL_Driver/Src/stm32l4xx_hal_rcc_ex.c ****   if(PeriphClk == RCC_PERIPHCLK_RTC)
1166:Drivers/STM32L4xx_HAL_Driver/Src/stm32l4xx_hal_rcc_ex.c ****   {
1167:Drivers/STM32L4xx_HAL_Driver/Src/stm32l4xx_hal_rcc_ex.c ****     /* Get the current RTC source */
1168:Drivers/STM32L4xx_HAL_Driver/Src/stm32l4xx_hal_rcc_ex.c ****     srcclk = __HAL_RCC_GET_RTC_SOURCE();
1169:Drivers/STM32L4xx_HAL_Driver/Src/stm32l4xx_hal_rcc_ex.c **** 
1170:Drivers/STM32L4xx_HAL_Driver/Src/stm32l4xx_hal_rcc_ex.c ****     switch(srcclk)
ARM GAS  /tmp/ccFN0S9l.s 			page 22


1171:Drivers/STM32L4xx_HAL_Driver/Src/stm32l4xx_hal_rcc_ex.c ****     {
1172:Drivers/STM32L4xx_HAL_Driver/Src/stm32l4xx_hal_rcc_ex.c ****     case RCC_RTCCLKSOURCE_LSE:
1173:Drivers/STM32L4xx_HAL_Driver/Src/stm32l4xx_hal_rcc_ex.c ****       /* Check if LSE is ready */
1174:Drivers/STM32L4xx_HAL_Driver/Src/stm32l4xx_hal_rcc_ex.c ****       if(HAL_IS_BIT_SET(RCC->BDCR, RCC_BDCR_LSERDY))
1175:Drivers/STM32L4xx_HAL_Driver/Src/stm32l4xx_hal_rcc_ex.c ****       {
1176:Drivers/STM32L4xx_HAL_Driver/Src/stm32l4xx_hal_rcc_ex.c ****         frequency = LSE_VALUE;
1177:Drivers/STM32L4xx_HAL_Driver/Src/stm32l4xx_hal_rcc_ex.c ****       }
1178:Drivers/STM32L4xx_HAL_Driver/Src/stm32l4xx_hal_rcc_ex.c ****       break;
1179:Drivers/STM32L4xx_HAL_Driver/Src/stm32l4xx_hal_rcc_ex.c ****     case RCC_RTCCLKSOURCE_LSI:
1180:Drivers/STM32L4xx_HAL_Driver/Src/stm32l4xx_hal_rcc_ex.c ****       /* Check if LSI is ready */
1181:Drivers/STM32L4xx_HAL_Driver/Src/stm32l4xx_hal_rcc_ex.c ****       if(HAL_IS_BIT_SET(RCC->CSR, RCC_CSR_LSIRDY))
1182:Drivers/STM32L4xx_HAL_Driver/Src/stm32l4xx_hal_rcc_ex.c ****       {
1183:Drivers/STM32L4xx_HAL_Driver/Src/stm32l4xx_hal_rcc_ex.c **** #if defined(RCC_CSR_LSIPREDIV)
1184:Drivers/STM32L4xx_HAL_Driver/Src/stm32l4xx_hal_rcc_ex.c ****         if(HAL_IS_BIT_SET(RCC->CSR, RCC_CSR_LSIPREDIV))
1185:Drivers/STM32L4xx_HAL_Driver/Src/stm32l4xx_hal_rcc_ex.c ****         {
1186:Drivers/STM32L4xx_HAL_Driver/Src/stm32l4xx_hal_rcc_ex.c ****           frequency = LSI_VALUE/128U;
1187:Drivers/STM32L4xx_HAL_Driver/Src/stm32l4xx_hal_rcc_ex.c ****         }
1188:Drivers/STM32L4xx_HAL_Driver/Src/stm32l4xx_hal_rcc_ex.c ****         else
1189:Drivers/STM32L4xx_HAL_Driver/Src/stm32l4xx_hal_rcc_ex.c **** #endif /* RCC_CSR_LSIPREDIV */
1190:Drivers/STM32L4xx_HAL_Driver/Src/stm32l4xx_hal_rcc_ex.c ****         {
1191:Drivers/STM32L4xx_HAL_Driver/Src/stm32l4xx_hal_rcc_ex.c ****           frequency = LSI_VALUE;
1192:Drivers/STM32L4xx_HAL_Driver/Src/stm32l4xx_hal_rcc_ex.c ****         }
1193:Drivers/STM32L4xx_HAL_Driver/Src/stm32l4xx_hal_rcc_ex.c ****       }
1194:Drivers/STM32L4xx_HAL_Driver/Src/stm32l4xx_hal_rcc_ex.c ****       break;
1195:Drivers/STM32L4xx_HAL_Driver/Src/stm32l4xx_hal_rcc_ex.c ****     case RCC_RTCCLKSOURCE_HSE_DIV32:
1196:Drivers/STM32L4xx_HAL_Driver/Src/stm32l4xx_hal_rcc_ex.c ****       /* Check if HSE is ready */
1197:Drivers/STM32L4xx_HAL_Driver/Src/stm32l4xx_hal_rcc_ex.c ****       if(HAL_IS_BIT_SET(RCC->CR, RCC_CR_HSERDY))
1198:Drivers/STM32L4xx_HAL_Driver/Src/stm32l4xx_hal_rcc_ex.c ****       {
1199:Drivers/STM32L4xx_HAL_Driver/Src/stm32l4xx_hal_rcc_ex.c ****         frequency = HSE_VALUE / 32U;
1200:Drivers/STM32L4xx_HAL_Driver/Src/stm32l4xx_hal_rcc_ex.c ****       }
1201:Drivers/STM32L4xx_HAL_Driver/Src/stm32l4xx_hal_rcc_ex.c ****       break;
1202:Drivers/STM32L4xx_HAL_Driver/Src/stm32l4xx_hal_rcc_ex.c ****     default:
1203:Drivers/STM32L4xx_HAL_Driver/Src/stm32l4xx_hal_rcc_ex.c ****       /* No clock source, frequency default init at 0 */
1204:Drivers/STM32L4xx_HAL_Driver/Src/stm32l4xx_hal_rcc_ex.c ****       break;
1205:Drivers/STM32L4xx_HAL_Driver/Src/stm32l4xx_hal_rcc_ex.c ****     }
1206:Drivers/STM32L4xx_HAL_Driver/Src/stm32l4xx_hal_rcc_ex.c ****   }
1207:Drivers/STM32L4xx_HAL_Driver/Src/stm32l4xx_hal_rcc_ex.c ****   else
1208:Drivers/STM32L4xx_HAL_Driver/Src/stm32l4xx_hal_rcc_ex.c ****   {
1209:Drivers/STM32L4xx_HAL_Driver/Src/stm32l4xx_hal_rcc_ex.c ****     /* Other external peripheral clock source than RTC */
1210:Drivers/STM32L4xx_HAL_Driver/Src/stm32l4xx_hal_rcc_ex.c ****     pll_oscsource = __HAL_RCC_GET_PLL_OSCSOURCE();
1211:Drivers/STM32L4xx_HAL_Driver/Src/stm32l4xx_hal_rcc_ex.c **** 
1212:Drivers/STM32L4xx_HAL_Driver/Src/stm32l4xx_hal_rcc_ex.c ****     /* Compute PLL clock input */
1213:Drivers/STM32L4xx_HAL_Driver/Src/stm32l4xx_hal_rcc_ex.c ****     switch(pll_oscsource)
1214:Drivers/STM32L4xx_HAL_Driver/Src/stm32l4xx_hal_rcc_ex.c ****     {
1215:Drivers/STM32L4xx_HAL_Driver/Src/stm32l4xx_hal_rcc_ex.c ****     case RCC_PLLSOURCE_MSI:   /* MSI ? */
1216:Drivers/STM32L4xx_HAL_Driver/Src/stm32l4xx_hal_rcc_ex.c ****       if(HAL_IS_BIT_SET(RCC->CR, RCC_CR_MSIRDY))
1217:Drivers/STM32L4xx_HAL_Driver/Src/stm32l4xx_hal_rcc_ex.c ****       {
1218:Drivers/STM32L4xx_HAL_Driver/Src/stm32l4xx_hal_rcc_ex.c ****         /*MSI frequency range in HZ*/
1219:Drivers/STM32L4xx_HAL_Driver/Src/stm32l4xx_hal_rcc_ex.c ****         pllvco = MSIRangeTable[(__HAL_RCC_GET_MSI_RANGE() >> 4U)];
1220:Drivers/STM32L4xx_HAL_Driver/Src/stm32l4xx_hal_rcc_ex.c ****       }
1221:Drivers/STM32L4xx_HAL_Driver/Src/stm32l4xx_hal_rcc_ex.c ****       else
1222:Drivers/STM32L4xx_HAL_Driver/Src/stm32l4xx_hal_rcc_ex.c ****       {
1223:Drivers/STM32L4xx_HAL_Driver/Src/stm32l4xx_hal_rcc_ex.c ****         pllvco = 0U;
1224:Drivers/STM32L4xx_HAL_Driver/Src/stm32l4xx_hal_rcc_ex.c ****       }
1225:Drivers/STM32L4xx_HAL_Driver/Src/stm32l4xx_hal_rcc_ex.c ****       break;
1226:Drivers/STM32L4xx_HAL_Driver/Src/stm32l4xx_hal_rcc_ex.c ****     case RCC_PLLSOURCE_HSI:   /* HSI ? */
1227:Drivers/STM32L4xx_HAL_Driver/Src/stm32l4xx_hal_rcc_ex.c ****       if(HAL_IS_BIT_SET(RCC->CR, RCC_CR_HSIRDY))
ARM GAS  /tmp/ccFN0S9l.s 			page 23


1228:Drivers/STM32L4xx_HAL_Driver/Src/stm32l4xx_hal_rcc_ex.c ****       {
1229:Drivers/STM32L4xx_HAL_Driver/Src/stm32l4xx_hal_rcc_ex.c ****         pllvco = HSI_VALUE;
1230:Drivers/STM32L4xx_HAL_Driver/Src/stm32l4xx_hal_rcc_ex.c ****       }
1231:Drivers/STM32L4xx_HAL_Driver/Src/stm32l4xx_hal_rcc_ex.c ****       else
1232:Drivers/STM32L4xx_HAL_Driver/Src/stm32l4xx_hal_rcc_ex.c ****       {
1233:Drivers/STM32L4xx_HAL_Driver/Src/stm32l4xx_hal_rcc_ex.c ****         pllvco = 0U;
1234:Drivers/STM32L4xx_HAL_Driver/Src/stm32l4xx_hal_rcc_ex.c ****       }
1235:Drivers/STM32L4xx_HAL_Driver/Src/stm32l4xx_hal_rcc_ex.c ****       break;
1236:Drivers/STM32L4xx_HAL_Driver/Src/stm32l4xx_hal_rcc_ex.c ****     case RCC_PLLSOURCE_HSE:   /* HSE ? */
1237:Drivers/STM32L4xx_HAL_Driver/Src/stm32l4xx_hal_rcc_ex.c ****       if(HAL_IS_BIT_SET(RCC->CR, RCC_CR_HSERDY))
1238:Drivers/STM32L4xx_HAL_Driver/Src/stm32l4xx_hal_rcc_ex.c ****       {
1239:Drivers/STM32L4xx_HAL_Driver/Src/stm32l4xx_hal_rcc_ex.c ****         pllvco = HSE_VALUE;
1240:Drivers/STM32L4xx_HAL_Driver/Src/stm32l4xx_hal_rcc_ex.c ****       }
1241:Drivers/STM32L4xx_HAL_Driver/Src/stm32l4xx_hal_rcc_ex.c ****       else
1242:Drivers/STM32L4xx_HAL_Driver/Src/stm32l4xx_hal_rcc_ex.c ****       {
1243:Drivers/STM32L4xx_HAL_Driver/Src/stm32l4xx_hal_rcc_ex.c ****         pllvco = 0U;
1244:Drivers/STM32L4xx_HAL_Driver/Src/stm32l4xx_hal_rcc_ex.c ****       }
1245:Drivers/STM32L4xx_HAL_Driver/Src/stm32l4xx_hal_rcc_ex.c ****       break;
1246:Drivers/STM32L4xx_HAL_Driver/Src/stm32l4xx_hal_rcc_ex.c ****     default:
1247:Drivers/STM32L4xx_HAL_Driver/Src/stm32l4xx_hal_rcc_ex.c ****       /* No source */
1248:Drivers/STM32L4xx_HAL_Driver/Src/stm32l4xx_hal_rcc_ex.c ****       pllvco = 0U;
1249:Drivers/STM32L4xx_HAL_Driver/Src/stm32l4xx_hal_rcc_ex.c ****       break;
1250:Drivers/STM32L4xx_HAL_Driver/Src/stm32l4xx_hal_rcc_ex.c ****     }
1251:Drivers/STM32L4xx_HAL_Driver/Src/stm32l4xx_hal_rcc_ex.c **** 
1252:Drivers/STM32L4xx_HAL_Driver/Src/stm32l4xx_hal_rcc_ex.c ****     switch(PeriphClk)
1253:Drivers/STM32L4xx_HAL_Driver/Src/stm32l4xx_hal_rcc_ex.c ****     {
1254:Drivers/STM32L4xx_HAL_Driver/Src/stm32l4xx_hal_rcc_ex.c **** #if defined(SAI1)
1255:Drivers/STM32L4xx_HAL_Driver/Src/stm32l4xx_hal_rcc_ex.c **** 
1256:Drivers/STM32L4xx_HAL_Driver/Src/stm32l4xx_hal_rcc_ex.c ****     case RCC_PERIPHCLK_SAI1:
1257:Drivers/STM32L4xx_HAL_Driver/Src/stm32l4xx_hal_rcc_ex.c ****       frequency = RCCEx_GetSAIxPeriphCLKFreq(RCC_PERIPHCLK_SAI1, pllvco);
1258:Drivers/STM32L4xx_HAL_Driver/Src/stm32l4xx_hal_rcc_ex.c ****       break;
1259:Drivers/STM32L4xx_HAL_Driver/Src/stm32l4xx_hal_rcc_ex.c **** 
1260:Drivers/STM32L4xx_HAL_Driver/Src/stm32l4xx_hal_rcc_ex.c **** #endif
1261:Drivers/STM32L4xx_HAL_Driver/Src/stm32l4xx_hal_rcc_ex.c **** 
1262:Drivers/STM32L4xx_HAL_Driver/Src/stm32l4xx_hal_rcc_ex.c **** #if defined(SAI2)
1263:Drivers/STM32L4xx_HAL_Driver/Src/stm32l4xx_hal_rcc_ex.c **** 
1264:Drivers/STM32L4xx_HAL_Driver/Src/stm32l4xx_hal_rcc_ex.c ****     case RCC_PERIPHCLK_SAI2:
1265:Drivers/STM32L4xx_HAL_Driver/Src/stm32l4xx_hal_rcc_ex.c ****       frequency = RCCEx_GetSAIxPeriphCLKFreq(RCC_PERIPHCLK_SAI2, pllvco);
1266:Drivers/STM32L4xx_HAL_Driver/Src/stm32l4xx_hal_rcc_ex.c ****       break;
1267:Drivers/STM32L4xx_HAL_Driver/Src/stm32l4xx_hal_rcc_ex.c **** 
1268:Drivers/STM32L4xx_HAL_Driver/Src/stm32l4xx_hal_rcc_ex.c **** #endif
1269:Drivers/STM32L4xx_HAL_Driver/Src/stm32l4xx_hal_rcc_ex.c **** 
1270:Drivers/STM32L4xx_HAL_Driver/Src/stm32l4xx_hal_rcc_ex.c **** #if defined(USB_OTG_FS) || defined(USB)
1271:Drivers/STM32L4xx_HAL_Driver/Src/stm32l4xx_hal_rcc_ex.c **** 
1272:Drivers/STM32L4xx_HAL_Driver/Src/stm32l4xx_hal_rcc_ex.c ****     case RCC_PERIPHCLK_USB:
1273:Drivers/STM32L4xx_HAL_Driver/Src/stm32l4xx_hal_rcc_ex.c **** 
1274:Drivers/STM32L4xx_HAL_Driver/Src/stm32l4xx_hal_rcc_ex.c **** #endif /* USB_OTG_FS || USB */
1275:Drivers/STM32L4xx_HAL_Driver/Src/stm32l4xx_hal_rcc_ex.c **** 
1276:Drivers/STM32L4xx_HAL_Driver/Src/stm32l4xx_hal_rcc_ex.c ****     case RCC_PERIPHCLK_RNG:
1277:Drivers/STM32L4xx_HAL_Driver/Src/stm32l4xx_hal_rcc_ex.c **** 
1278:Drivers/STM32L4xx_HAL_Driver/Src/stm32l4xx_hal_rcc_ex.c **** #if defined(SDMMC1) && !defined(RCC_CCIPR2_SDMMCSEL)
1279:Drivers/STM32L4xx_HAL_Driver/Src/stm32l4xx_hal_rcc_ex.c **** 
1280:Drivers/STM32L4xx_HAL_Driver/Src/stm32l4xx_hal_rcc_ex.c ****     case RCC_PERIPHCLK_SDMMC1:
1281:Drivers/STM32L4xx_HAL_Driver/Src/stm32l4xx_hal_rcc_ex.c **** 
1282:Drivers/STM32L4xx_HAL_Driver/Src/stm32l4xx_hal_rcc_ex.c **** #endif /* SDMMC1 && !RCC_CCIPR2_SDMMCSEL */
1283:Drivers/STM32L4xx_HAL_Driver/Src/stm32l4xx_hal_rcc_ex.c ****       {
1284:Drivers/STM32L4xx_HAL_Driver/Src/stm32l4xx_hal_rcc_ex.c ****         srcclk = READ_BIT(RCC->CCIPR, RCC_CCIPR_CLK48SEL);
ARM GAS  /tmp/ccFN0S9l.s 			page 24


1285:Drivers/STM32L4xx_HAL_Driver/Src/stm32l4xx_hal_rcc_ex.c **** 
1286:Drivers/STM32L4xx_HAL_Driver/Src/stm32l4xx_hal_rcc_ex.c ****         switch(srcclk)
1287:Drivers/STM32L4xx_HAL_Driver/Src/stm32l4xx_hal_rcc_ex.c ****         {
1288:Drivers/STM32L4xx_HAL_Driver/Src/stm32l4xx_hal_rcc_ex.c ****         case RCC_CCIPR_CLK48SEL:   /* MSI ? */
1289:Drivers/STM32L4xx_HAL_Driver/Src/stm32l4xx_hal_rcc_ex.c ****           if(HAL_IS_BIT_SET(RCC->CR, RCC_CR_MSIRDY))
1290:Drivers/STM32L4xx_HAL_Driver/Src/stm32l4xx_hal_rcc_ex.c ****           {
1291:Drivers/STM32L4xx_HAL_Driver/Src/stm32l4xx_hal_rcc_ex.c ****             /*MSI frequency range in HZ*/
1292:Drivers/STM32L4xx_HAL_Driver/Src/stm32l4xx_hal_rcc_ex.c ****             frequency = MSIRangeTable[(__HAL_RCC_GET_MSI_RANGE() >> 4U)];
1293:Drivers/STM32L4xx_HAL_Driver/Src/stm32l4xx_hal_rcc_ex.c ****           }
1294:Drivers/STM32L4xx_HAL_Driver/Src/stm32l4xx_hal_rcc_ex.c ****           break;
1295:Drivers/STM32L4xx_HAL_Driver/Src/stm32l4xx_hal_rcc_ex.c ****         case RCC_CCIPR_CLK48SEL_1:  /* PLL ? */
1296:Drivers/STM32L4xx_HAL_Driver/Src/stm32l4xx_hal_rcc_ex.c ****           if(HAL_IS_BIT_SET(RCC->CR, RCC_CR_PLLRDY))
1297:Drivers/STM32L4xx_HAL_Driver/Src/stm32l4xx_hal_rcc_ex.c ****           {
1298:Drivers/STM32L4xx_HAL_Driver/Src/stm32l4xx_hal_rcc_ex.c ****             if(HAL_IS_BIT_SET(RCC->PLLCFGR, RCC_PLLCFGR_PLLQEN))
1299:Drivers/STM32L4xx_HAL_Driver/Src/stm32l4xx_hal_rcc_ex.c ****             {
1300:Drivers/STM32L4xx_HAL_Driver/Src/stm32l4xx_hal_rcc_ex.c ****               /* f(PLL Source) * PLLN / PLLM */
1301:Drivers/STM32L4xx_HAL_Driver/Src/stm32l4xx_hal_rcc_ex.c ****               plln = READ_BIT(RCC->PLLCFGR, RCC_PLLCFGR_PLLN) >> RCC_PLLCFGR_PLLN_Pos;
1302:Drivers/STM32L4xx_HAL_Driver/Src/stm32l4xx_hal_rcc_ex.c ****               pllvco = ((pllvco * plln) / ((READ_BIT(RCC->PLLCFGR, RCC_PLLCFGR_PLLM) >> RCC_PLLCFGR
1303:Drivers/STM32L4xx_HAL_Driver/Src/stm32l4xx_hal_rcc_ex.c ****               /* f(PLL48M1CLK) = f(VCO input) / PLLQ */
1304:Drivers/STM32L4xx_HAL_Driver/Src/stm32l4xx_hal_rcc_ex.c ****               frequency = (pllvco / (((READ_BIT(RCC->PLLCFGR, RCC_PLLCFGR_PLLQ) >> RCC_PLLCFGR_PLLQ
1305:Drivers/STM32L4xx_HAL_Driver/Src/stm32l4xx_hal_rcc_ex.c ****             }
1306:Drivers/STM32L4xx_HAL_Driver/Src/stm32l4xx_hal_rcc_ex.c ****           }
1307:Drivers/STM32L4xx_HAL_Driver/Src/stm32l4xx_hal_rcc_ex.c ****           break;
1308:Drivers/STM32L4xx_HAL_Driver/Src/stm32l4xx_hal_rcc_ex.c **** #if defined(RCC_PLLSAI1_SUPPORT)
1309:Drivers/STM32L4xx_HAL_Driver/Src/stm32l4xx_hal_rcc_ex.c ****         case RCC_CCIPR_CLK48SEL_0:  /* PLLSAI1 ? */
1310:Drivers/STM32L4xx_HAL_Driver/Src/stm32l4xx_hal_rcc_ex.c ****           if(HAL_IS_BIT_SET(RCC->CR, RCC_CR_PLLSAI1RDY))
1311:Drivers/STM32L4xx_HAL_Driver/Src/stm32l4xx_hal_rcc_ex.c ****           {
1312:Drivers/STM32L4xx_HAL_Driver/Src/stm32l4xx_hal_rcc_ex.c ****             if(HAL_IS_BIT_SET(RCC->PLLSAI1CFGR, RCC_PLLSAI1CFGR_PLLSAI1QEN))
1313:Drivers/STM32L4xx_HAL_Driver/Src/stm32l4xx_hal_rcc_ex.c ****             {
1314:Drivers/STM32L4xx_HAL_Driver/Src/stm32l4xx_hal_rcc_ex.c ****               plln = READ_BIT(RCC->PLLSAI1CFGR, RCC_PLLSAI1CFGR_PLLSAI1N) >> RCC_PLLSAI1CFGR_PLLSAI
1315:Drivers/STM32L4xx_HAL_Driver/Src/stm32l4xx_hal_rcc_ex.c **** #if defined(RCC_PLLSAI1M_DIV_1_16_SUPPORT)
1316:Drivers/STM32L4xx_HAL_Driver/Src/stm32l4xx_hal_rcc_ex.c ****               /* PLLSAI1M exists: apply PLLSAI1M divider for PLLSAI1 output computation */
1317:Drivers/STM32L4xx_HAL_Driver/Src/stm32l4xx_hal_rcc_ex.c ****               /* f(PLLSAI1 Source) * PLLSAI1N / PLLSAI1M */
1318:Drivers/STM32L4xx_HAL_Driver/Src/stm32l4xx_hal_rcc_ex.c ****               pllvco = ((pllvco * plln) / ((READ_BIT(RCC->PLLSAI1CFGR, RCC_PLLSAI1CFGR_PLLSAI1M) >>
1319:Drivers/STM32L4xx_HAL_Driver/Src/stm32l4xx_hal_rcc_ex.c **** #else
1320:Drivers/STM32L4xx_HAL_Driver/Src/stm32l4xx_hal_rcc_ex.c ****               /* f(PLL Source) * PLLSAI1N / PLLM */
1321:Drivers/STM32L4xx_HAL_Driver/Src/stm32l4xx_hal_rcc_ex.c ****               pllvco = ((pllvco * plln) / ((READ_BIT(RCC->PLLCFGR, RCC_PLLCFGR_PLLM) >> RCC_PLLCFGR
1322:Drivers/STM32L4xx_HAL_Driver/Src/stm32l4xx_hal_rcc_ex.c **** #endif
1323:Drivers/STM32L4xx_HAL_Driver/Src/stm32l4xx_hal_rcc_ex.c ****               /* f(PLL48M2CLK) = f(VCOSAI1 input) / PLLSAI1Q */
1324:Drivers/STM32L4xx_HAL_Driver/Src/stm32l4xx_hal_rcc_ex.c ****               frequency = (pllvco / (((READ_BIT(RCC->PLLSAI1CFGR, RCC_PLLSAI1CFGR_PLLSAI1Q) >> RCC_
1325:Drivers/STM32L4xx_HAL_Driver/Src/stm32l4xx_hal_rcc_ex.c ****             }
1326:Drivers/STM32L4xx_HAL_Driver/Src/stm32l4xx_hal_rcc_ex.c ****           }
1327:Drivers/STM32L4xx_HAL_Driver/Src/stm32l4xx_hal_rcc_ex.c ****           break;
1328:Drivers/STM32L4xx_HAL_Driver/Src/stm32l4xx_hal_rcc_ex.c **** #endif /* RCC_PLLSAI1_SUPPORT */
1329:Drivers/STM32L4xx_HAL_Driver/Src/stm32l4xx_hal_rcc_ex.c **** #if defined(RCC_HSI48_SUPPORT)
1330:Drivers/STM32L4xx_HAL_Driver/Src/stm32l4xx_hal_rcc_ex.c ****         case 0U:
1331:Drivers/STM32L4xx_HAL_Driver/Src/stm32l4xx_hal_rcc_ex.c ****           if(HAL_IS_BIT_SET(RCC->CRRCR, RCC_CRRCR_HSI48RDY)) /* HSI48 ? */
1332:Drivers/STM32L4xx_HAL_Driver/Src/stm32l4xx_hal_rcc_ex.c ****           {
1333:Drivers/STM32L4xx_HAL_Driver/Src/stm32l4xx_hal_rcc_ex.c ****             frequency = HSI48_VALUE;
1334:Drivers/STM32L4xx_HAL_Driver/Src/stm32l4xx_hal_rcc_ex.c ****           }
1335:Drivers/STM32L4xx_HAL_Driver/Src/stm32l4xx_hal_rcc_ex.c ****           break;
1336:Drivers/STM32L4xx_HAL_Driver/Src/stm32l4xx_hal_rcc_ex.c **** #endif /* RCC_HSI48_SUPPORT */
1337:Drivers/STM32L4xx_HAL_Driver/Src/stm32l4xx_hal_rcc_ex.c ****         default:
1338:Drivers/STM32L4xx_HAL_Driver/Src/stm32l4xx_hal_rcc_ex.c ****           /* No clock source, frequency default init at 0 */
1339:Drivers/STM32L4xx_HAL_Driver/Src/stm32l4xx_hal_rcc_ex.c ****           break;
1340:Drivers/STM32L4xx_HAL_Driver/Src/stm32l4xx_hal_rcc_ex.c ****         } /* switch(srcclk) */
1341:Drivers/STM32L4xx_HAL_Driver/Src/stm32l4xx_hal_rcc_ex.c ****         break;
ARM GAS  /tmp/ccFN0S9l.s 			page 25


1342:Drivers/STM32L4xx_HAL_Driver/Src/stm32l4xx_hal_rcc_ex.c ****       }
1343:Drivers/STM32L4xx_HAL_Driver/Src/stm32l4xx_hal_rcc_ex.c **** 
1344:Drivers/STM32L4xx_HAL_Driver/Src/stm32l4xx_hal_rcc_ex.c **** #if defined(SDMMC1) && defined(RCC_CCIPR2_SDMMCSEL)
1345:Drivers/STM32L4xx_HAL_Driver/Src/stm32l4xx_hal_rcc_ex.c **** 
1346:Drivers/STM32L4xx_HAL_Driver/Src/stm32l4xx_hal_rcc_ex.c ****     case RCC_PERIPHCLK_SDMMC1:
1347:Drivers/STM32L4xx_HAL_Driver/Src/stm32l4xx_hal_rcc_ex.c **** 
1348:Drivers/STM32L4xx_HAL_Driver/Src/stm32l4xx_hal_rcc_ex.c ****       if(HAL_IS_BIT_SET(RCC->CCIPR2, RCC_CCIPR2_SDMMCSEL))  /* PLL "P" ? */
1349:Drivers/STM32L4xx_HAL_Driver/Src/stm32l4xx_hal_rcc_ex.c ****       {
1350:Drivers/STM32L4xx_HAL_Driver/Src/stm32l4xx_hal_rcc_ex.c ****         if(HAL_IS_BIT_SET(RCC->CR, RCC_CR_PLLRDY))
1351:Drivers/STM32L4xx_HAL_Driver/Src/stm32l4xx_hal_rcc_ex.c ****         {
1352:Drivers/STM32L4xx_HAL_Driver/Src/stm32l4xx_hal_rcc_ex.c ****           if(HAL_IS_BIT_SET(RCC->PLLCFGR, RCC_PLLCFGR_PLLPEN))
1353:Drivers/STM32L4xx_HAL_Driver/Src/stm32l4xx_hal_rcc_ex.c ****           {
1354:Drivers/STM32L4xx_HAL_Driver/Src/stm32l4xx_hal_rcc_ex.c ****             /* f(PLL Source) * PLLN / PLLM */
1355:Drivers/STM32L4xx_HAL_Driver/Src/stm32l4xx_hal_rcc_ex.c ****             plln = READ_BIT(RCC->PLLCFGR, RCC_PLLCFGR_PLLN) >> RCC_PLLCFGR_PLLN_Pos;
1356:Drivers/STM32L4xx_HAL_Driver/Src/stm32l4xx_hal_rcc_ex.c ****             pllvco = ((pllvco * plln) / ((READ_BIT(RCC->PLLCFGR, RCC_PLLCFGR_PLLM) >> RCC_PLLCFGR_P
1357:Drivers/STM32L4xx_HAL_Driver/Src/stm32l4xx_hal_rcc_ex.c ****             /* f(PLLSAI3CLK) = f(VCO input) / PLLP */
1358:Drivers/STM32L4xx_HAL_Driver/Src/stm32l4xx_hal_rcc_ex.c ****             pllp = READ_BIT(RCC->PLLCFGR, RCC_PLLCFGR_PLLPDIV) >> RCC_PLLCFGR_PLLPDIV_Pos;
1359:Drivers/STM32L4xx_HAL_Driver/Src/stm32l4xx_hal_rcc_ex.c ****             if(pllp == 0U)
1360:Drivers/STM32L4xx_HAL_Driver/Src/stm32l4xx_hal_rcc_ex.c ****             {
1361:Drivers/STM32L4xx_HAL_Driver/Src/stm32l4xx_hal_rcc_ex.c ****               if(READ_BIT(RCC->PLLCFGR, RCC_PLLCFGR_PLLP) != 0U)
1362:Drivers/STM32L4xx_HAL_Driver/Src/stm32l4xx_hal_rcc_ex.c ****               {
1363:Drivers/STM32L4xx_HAL_Driver/Src/stm32l4xx_hal_rcc_ex.c ****                 pllp = 17U;
1364:Drivers/STM32L4xx_HAL_Driver/Src/stm32l4xx_hal_rcc_ex.c ****               }
1365:Drivers/STM32L4xx_HAL_Driver/Src/stm32l4xx_hal_rcc_ex.c ****               else
1366:Drivers/STM32L4xx_HAL_Driver/Src/stm32l4xx_hal_rcc_ex.c ****               {
1367:Drivers/STM32L4xx_HAL_Driver/Src/stm32l4xx_hal_rcc_ex.c ****                 pllp = 7U;
1368:Drivers/STM32L4xx_HAL_Driver/Src/stm32l4xx_hal_rcc_ex.c ****               }
1369:Drivers/STM32L4xx_HAL_Driver/Src/stm32l4xx_hal_rcc_ex.c ****             }
1370:Drivers/STM32L4xx_HAL_Driver/Src/stm32l4xx_hal_rcc_ex.c ****             frequency = (pllvco / pllp);
1371:Drivers/STM32L4xx_HAL_Driver/Src/stm32l4xx_hal_rcc_ex.c ****           }
1372:Drivers/STM32L4xx_HAL_Driver/Src/stm32l4xx_hal_rcc_ex.c ****         }
1373:Drivers/STM32L4xx_HAL_Driver/Src/stm32l4xx_hal_rcc_ex.c ****       }
1374:Drivers/STM32L4xx_HAL_Driver/Src/stm32l4xx_hal_rcc_ex.c ****       else  /* 48MHz from PLL "Q" or MSI or PLLSAI1Q or HSI48 */
1375:Drivers/STM32L4xx_HAL_Driver/Src/stm32l4xx_hal_rcc_ex.c ****       {
1376:Drivers/STM32L4xx_HAL_Driver/Src/stm32l4xx_hal_rcc_ex.c ****         srcclk = READ_BIT(RCC->CCIPR, RCC_CCIPR_CLK48SEL);
1377:Drivers/STM32L4xx_HAL_Driver/Src/stm32l4xx_hal_rcc_ex.c **** 
1378:Drivers/STM32L4xx_HAL_Driver/Src/stm32l4xx_hal_rcc_ex.c ****         switch(srcclk)
1379:Drivers/STM32L4xx_HAL_Driver/Src/stm32l4xx_hal_rcc_ex.c ****         {
1380:Drivers/STM32L4xx_HAL_Driver/Src/stm32l4xx_hal_rcc_ex.c ****         case RCC_CCIPR_CLK48SEL:   /* MSI ? */
1381:Drivers/STM32L4xx_HAL_Driver/Src/stm32l4xx_hal_rcc_ex.c ****           if(HAL_IS_BIT_SET(RCC->CR, RCC_CR_MSIRDY))
1382:Drivers/STM32L4xx_HAL_Driver/Src/stm32l4xx_hal_rcc_ex.c ****           {
1383:Drivers/STM32L4xx_HAL_Driver/Src/stm32l4xx_hal_rcc_ex.c ****             /*MSI frequency range in HZ*/
1384:Drivers/STM32L4xx_HAL_Driver/Src/stm32l4xx_hal_rcc_ex.c ****             frequency = MSIRangeTable[(__HAL_RCC_GET_MSI_RANGE() >> 4U)];
1385:Drivers/STM32L4xx_HAL_Driver/Src/stm32l4xx_hal_rcc_ex.c ****           }
1386:Drivers/STM32L4xx_HAL_Driver/Src/stm32l4xx_hal_rcc_ex.c ****           break;
1387:Drivers/STM32L4xx_HAL_Driver/Src/stm32l4xx_hal_rcc_ex.c ****         case RCC_CCIPR_CLK48SEL_1:  /* PLL "Q" ? */
1388:Drivers/STM32L4xx_HAL_Driver/Src/stm32l4xx_hal_rcc_ex.c ****           if(HAL_IS_BIT_SET(RCC->CR, RCC_CR_PLLRDY))
1389:Drivers/STM32L4xx_HAL_Driver/Src/stm32l4xx_hal_rcc_ex.c ****           {
1390:Drivers/STM32L4xx_HAL_Driver/Src/stm32l4xx_hal_rcc_ex.c ****             if(HAL_IS_BIT_SET(RCC->PLLCFGR, RCC_PLLCFGR_PLLQEN))
1391:Drivers/STM32L4xx_HAL_Driver/Src/stm32l4xx_hal_rcc_ex.c ****             {
1392:Drivers/STM32L4xx_HAL_Driver/Src/stm32l4xx_hal_rcc_ex.c ****               /* f(PLL Source) * PLLN / PLLM */
1393:Drivers/STM32L4xx_HAL_Driver/Src/stm32l4xx_hal_rcc_ex.c ****               plln = READ_BIT(RCC->PLLCFGR, RCC_PLLCFGR_PLLN) >> RCC_PLLCFGR_PLLN_Pos;
1394:Drivers/STM32L4xx_HAL_Driver/Src/stm32l4xx_hal_rcc_ex.c ****               pllvco = ((pllvco * plln) / ((READ_BIT(RCC->PLLCFGR, RCC_PLLCFGR_PLLM) >> RCC_PLLCFGR
1395:Drivers/STM32L4xx_HAL_Driver/Src/stm32l4xx_hal_rcc_ex.c ****               /* f(PLL48M1CLK) = f(VCO input) / PLLQ */
1396:Drivers/STM32L4xx_HAL_Driver/Src/stm32l4xx_hal_rcc_ex.c ****               frequency = (pllvco / (((READ_BIT(RCC->PLLCFGR, RCC_PLLCFGR_PLLQ) >> RCC_PLLCFGR_PLLQ
1397:Drivers/STM32L4xx_HAL_Driver/Src/stm32l4xx_hal_rcc_ex.c ****             }
1398:Drivers/STM32L4xx_HAL_Driver/Src/stm32l4xx_hal_rcc_ex.c ****           }
ARM GAS  /tmp/ccFN0S9l.s 			page 26


1399:Drivers/STM32L4xx_HAL_Driver/Src/stm32l4xx_hal_rcc_ex.c ****           break;
1400:Drivers/STM32L4xx_HAL_Driver/Src/stm32l4xx_hal_rcc_ex.c ****         case RCC_CCIPR_CLK48SEL_0:  /* PLLSAI1 ? */
1401:Drivers/STM32L4xx_HAL_Driver/Src/stm32l4xx_hal_rcc_ex.c ****           if(HAL_IS_BIT_SET(RCC->CR, RCC_CR_PLLSAI1RDY))
1402:Drivers/STM32L4xx_HAL_Driver/Src/stm32l4xx_hal_rcc_ex.c ****           {
1403:Drivers/STM32L4xx_HAL_Driver/Src/stm32l4xx_hal_rcc_ex.c ****             if(HAL_IS_BIT_SET(RCC->PLLSAI1CFGR, RCC_PLLSAI1CFGR_PLLSAI1QEN))
1404:Drivers/STM32L4xx_HAL_Driver/Src/stm32l4xx_hal_rcc_ex.c ****             {
1405:Drivers/STM32L4xx_HAL_Driver/Src/stm32l4xx_hal_rcc_ex.c ****               /* f(PLLSAI1 Source) * PLLSAI1N / PLLSAI1M */
1406:Drivers/STM32L4xx_HAL_Driver/Src/stm32l4xx_hal_rcc_ex.c ****               plln = READ_BIT(RCC->PLLSAI1CFGR, RCC_PLLSAI1CFGR_PLLSAI1N) >> RCC_PLLSAI1CFGR_PLLSAI
1407:Drivers/STM32L4xx_HAL_Driver/Src/stm32l4xx_hal_rcc_ex.c ****               pllvco = ((pllvco * plln) / ((READ_BIT(RCC->PLLSAI1CFGR, RCC_PLLSAI1CFGR_PLLSAI1M) >>
1408:Drivers/STM32L4xx_HAL_Driver/Src/stm32l4xx_hal_rcc_ex.c ****               /* f(PLL48M2CLK) = f(VCOSAI1 input) / PLLSAI1Q */
1409:Drivers/STM32L4xx_HAL_Driver/Src/stm32l4xx_hal_rcc_ex.c ****               frequency = (pllvco / (((READ_BIT(RCC->PLLSAI1CFGR, RCC_PLLSAI1CFGR_PLLSAI1Q) >> RCC_
1410:Drivers/STM32L4xx_HAL_Driver/Src/stm32l4xx_hal_rcc_ex.c ****             }
1411:Drivers/STM32L4xx_HAL_Driver/Src/stm32l4xx_hal_rcc_ex.c ****           }
1412:Drivers/STM32L4xx_HAL_Driver/Src/stm32l4xx_hal_rcc_ex.c ****           break;
1413:Drivers/STM32L4xx_HAL_Driver/Src/stm32l4xx_hal_rcc_ex.c ****         case 0U:
1414:Drivers/STM32L4xx_HAL_Driver/Src/stm32l4xx_hal_rcc_ex.c ****           if(HAL_IS_BIT_SET(RCC->CRRCR, RCC_CRRCR_HSI48RDY)) /* HSI48 ? */
1415:Drivers/STM32L4xx_HAL_Driver/Src/stm32l4xx_hal_rcc_ex.c ****           {
1416:Drivers/STM32L4xx_HAL_Driver/Src/stm32l4xx_hal_rcc_ex.c ****             frequency = HSI48_VALUE;
1417:Drivers/STM32L4xx_HAL_Driver/Src/stm32l4xx_hal_rcc_ex.c ****           }
1418:Drivers/STM32L4xx_HAL_Driver/Src/stm32l4xx_hal_rcc_ex.c ****           break;
1419:Drivers/STM32L4xx_HAL_Driver/Src/stm32l4xx_hal_rcc_ex.c ****         default:
1420:Drivers/STM32L4xx_HAL_Driver/Src/stm32l4xx_hal_rcc_ex.c ****           /* No clock source, frequency default init at 0 */
1421:Drivers/STM32L4xx_HAL_Driver/Src/stm32l4xx_hal_rcc_ex.c ****           break;
1422:Drivers/STM32L4xx_HAL_Driver/Src/stm32l4xx_hal_rcc_ex.c ****         } /* switch(srcclk) */
1423:Drivers/STM32L4xx_HAL_Driver/Src/stm32l4xx_hal_rcc_ex.c ****       }
1424:Drivers/STM32L4xx_HAL_Driver/Src/stm32l4xx_hal_rcc_ex.c ****       break;
1425:Drivers/STM32L4xx_HAL_Driver/Src/stm32l4xx_hal_rcc_ex.c **** 
1426:Drivers/STM32L4xx_HAL_Driver/Src/stm32l4xx_hal_rcc_ex.c **** #endif /* SDMMC1 && RCC_CCIPR2_SDMMCSEL */
1427:Drivers/STM32L4xx_HAL_Driver/Src/stm32l4xx_hal_rcc_ex.c **** 
1428:Drivers/STM32L4xx_HAL_Driver/Src/stm32l4xx_hal_rcc_ex.c ****     case RCC_PERIPHCLK_USART1:
1429:Drivers/STM32L4xx_HAL_Driver/Src/stm32l4xx_hal_rcc_ex.c ****       {
1430:Drivers/STM32L4xx_HAL_Driver/Src/stm32l4xx_hal_rcc_ex.c ****         /* Get the current USART1 source */
1431:Drivers/STM32L4xx_HAL_Driver/Src/stm32l4xx_hal_rcc_ex.c ****         srcclk = __HAL_RCC_GET_USART1_SOURCE();
1432:Drivers/STM32L4xx_HAL_Driver/Src/stm32l4xx_hal_rcc_ex.c **** 
1433:Drivers/STM32L4xx_HAL_Driver/Src/stm32l4xx_hal_rcc_ex.c ****         switch(srcclk)
1434:Drivers/STM32L4xx_HAL_Driver/Src/stm32l4xx_hal_rcc_ex.c ****         {
1435:Drivers/STM32L4xx_HAL_Driver/Src/stm32l4xx_hal_rcc_ex.c ****         case RCC_USART1CLKSOURCE_PCLK2:
1436:Drivers/STM32L4xx_HAL_Driver/Src/stm32l4xx_hal_rcc_ex.c ****           frequency = HAL_RCC_GetPCLK2Freq();
1437:Drivers/STM32L4xx_HAL_Driver/Src/stm32l4xx_hal_rcc_ex.c ****           break;
1438:Drivers/STM32L4xx_HAL_Driver/Src/stm32l4xx_hal_rcc_ex.c ****         case RCC_USART1CLKSOURCE_SYSCLK:
1439:Drivers/STM32L4xx_HAL_Driver/Src/stm32l4xx_hal_rcc_ex.c ****           frequency = HAL_RCC_GetSysClockFreq();
1440:Drivers/STM32L4xx_HAL_Driver/Src/stm32l4xx_hal_rcc_ex.c ****           break;
1441:Drivers/STM32L4xx_HAL_Driver/Src/stm32l4xx_hal_rcc_ex.c ****         case RCC_USART1CLKSOURCE_HSI:
1442:Drivers/STM32L4xx_HAL_Driver/Src/stm32l4xx_hal_rcc_ex.c ****           if(HAL_IS_BIT_SET(RCC->CR, RCC_CR_HSIRDY))
1443:Drivers/STM32L4xx_HAL_Driver/Src/stm32l4xx_hal_rcc_ex.c ****           {
1444:Drivers/STM32L4xx_HAL_Driver/Src/stm32l4xx_hal_rcc_ex.c ****             frequency = HSI_VALUE;
1445:Drivers/STM32L4xx_HAL_Driver/Src/stm32l4xx_hal_rcc_ex.c ****           }
1446:Drivers/STM32L4xx_HAL_Driver/Src/stm32l4xx_hal_rcc_ex.c ****           break;
1447:Drivers/STM32L4xx_HAL_Driver/Src/stm32l4xx_hal_rcc_ex.c ****         case RCC_USART1CLKSOURCE_LSE:
1448:Drivers/STM32L4xx_HAL_Driver/Src/stm32l4xx_hal_rcc_ex.c ****           if(HAL_IS_BIT_SET(RCC->BDCR, RCC_BDCR_LSERDY))
1449:Drivers/STM32L4xx_HAL_Driver/Src/stm32l4xx_hal_rcc_ex.c ****           {
1450:Drivers/STM32L4xx_HAL_Driver/Src/stm32l4xx_hal_rcc_ex.c ****             frequency = LSE_VALUE;
1451:Drivers/STM32L4xx_HAL_Driver/Src/stm32l4xx_hal_rcc_ex.c ****           }
1452:Drivers/STM32L4xx_HAL_Driver/Src/stm32l4xx_hal_rcc_ex.c ****           break;
1453:Drivers/STM32L4xx_HAL_Driver/Src/stm32l4xx_hal_rcc_ex.c ****         default:
1454:Drivers/STM32L4xx_HAL_Driver/Src/stm32l4xx_hal_rcc_ex.c ****           /* No clock source, frequency default init at 0 */
1455:Drivers/STM32L4xx_HAL_Driver/Src/stm32l4xx_hal_rcc_ex.c ****           break;
ARM GAS  /tmp/ccFN0S9l.s 			page 27


1456:Drivers/STM32L4xx_HAL_Driver/Src/stm32l4xx_hal_rcc_ex.c ****         }
1457:Drivers/STM32L4xx_HAL_Driver/Src/stm32l4xx_hal_rcc_ex.c **** 
1458:Drivers/STM32L4xx_HAL_Driver/Src/stm32l4xx_hal_rcc_ex.c ****         break;
1459:Drivers/STM32L4xx_HAL_Driver/Src/stm32l4xx_hal_rcc_ex.c ****       }
1460:Drivers/STM32L4xx_HAL_Driver/Src/stm32l4xx_hal_rcc_ex.c **** 
1461:Drivers/STM32L4xx_HAL_Driver/Src/stm32l4xx_hal_rcc_ex.c ****     case RCC_PERIPHCLK_USART2:
1462:Drivers/STM32L4xx_HAL_Driver/Src/stm32l4xx_hal_rcc_ex.c ****       {
1463:Drivers/STM32L4xx_HAL_Driver/Src/stm32l4xx_hal_rcc_ex.c ****         /* Get the current USART2 source */
1464:Drivers/STM32L4xx_HAL_Driver/Src/stm32l4xx_hal_rcc_ex.c ****         srcclk = __HAL_RCC_GET_USART2_SOURCE();
1465:Drivers/STM32L4xx_HAL_Driver/Src/stm32l4xx_hal_rcc_ex.c **** 
1466:Drivers/STM32L4xx_HAL_Driver/Src/stm32l4xx_hal_rcc_ex.c ****         switch(srcclk)
1467:Drivers/STM32L4xx_HAL_Driver/Src/stm32l4xx_hal_rcc_ex.c ****         {
1468:Drivers/STM32L4xx_HAL_Driver/Src/stm32l4xx_hal_rcc_ex.c ****         case RCC_USART2CLKSOURCE_PCLK1:
1469:Drivers/STM32L4xx_HAL_Driver/Src/stm32l4xx_hal_rcc_ex.c ****           frequency = HAL_RCC_GetPCLK1Freq();
1470:Drivers/STM32L4xx_HAL_Driver/Src/stm32l4xx_hal_rcc_ex.c ****           break;
1471:Drivers/STM32L4xx_HAL_Driver/Src/stm32l4xx_hal_rcc_ex.c ****         case RCC_USART2CLKSOURCE_SYSCLK:
1472:Drivers/STM32L4xx_HAL_Driver/Src/stm32l4xx_hal_rcc_ex.c ****           frequency = HAL_RCC_GetSysClockFreq();
1473:Drivers/STM32L4xx_HAL_Driver/Src/stm32l4xx_hal_rcc_ex.c ****           break;
1474:Drivers/STM32L4xx_HAL_Driver/Src/stm32l4xx_hal_rcc_ex.c ****         case RCC_USART2CLKSOURCE_HSI:
1475:Drivers/STM32L4xx_HAL_Driver/Src/stm32l4xx_hal_rcc_ex.c ****           if(HAL_IS_BIT_SET(RCC->CR, RCC_CR_HSIRDY))
1476:Drivers/STM32L4xx_HAL_Driver/Src/stm32l4xx_hal_rcc_ex.c ****           {
1477:Drivers/STM32L4xx_HAL_Driver/Src/stm32l4xx_hal_rcc_ex.c ****             frequency = HSI_VALUE;
1478:Drivers/STM32L4xx_HAL_Driver/Src/stm32l4xx_hal_rcc_ex.c ****           }
1479:Drivers/STM32L4xx_HAL_Driver/Src/stm32l4xx_hal_rcc_ex.c ****           break;
1480:Drivers/STM32L4xx_HAL_Driver/Src/stm32l4xx_hal_rcc_ex.c ****         case RCC_USART2CLKSOURCE_LSE:
1481:Drivers/STM32L4xx_HAL_Driver/Src/stm32l4xx_hal_rcc_ex.c ****           if(HAL_IS_BIT_SET(RCC->BDCR, RCC_BDCR_LSERDY))
1482:Drivers/STM32L4xx_HAL_Driver/Src/stm32l4xx_hal_rcc_ex.c ****           {
1483:Drivers/STM32L4xx_HAL_Driver/Src/stm32l4xx_hal_rcc_ex.c ****             frequency = LSE_VALUE;
1484:Drivers/STM32L4xx_HAL_Driver/Src/stm32l4xx_hal_rcc_ex.c ****           }
1485:Drivers/STM32L4xx_HAL_Driver/Src/stm32l4xx_hal_rcc_ex.c ****           break;
1486:Drivers/STM32L4xx_HAL_Driver/Src/stm32l4xx_hal_rcc_ex.c ****         default:
1487:Drivers/STM32L4xx_HAL_Driver/Src/stm32l4xx_hal_rcc_ex.c ****           /* No clock source, frequency default init at 0 */
1488:Drivers/STM32L4xx_HAL_Driver/Src/stm32l4xx_hal_rcc_ex.c ****           break;
1489:Drivers/STM32L4xx_HAL_Driver/Src/stm32l4xx_hal_rcc_ex.c ****         }
1490:Drivers/STM32L4xx_HAL_Driver/Src/stm32l4xx_hal_rcc_ex.c **** 
1491:Drivers/STM32L4xx_HAL_Driver/Src/stm32l4xx_hal_rcc_ex.c ****         break;
1492:Drivers/STM32L4xx_HAL_Driver/Src/stm32l4xx_hal_rcc_ex.c ****       }
1493:Drivers/STM32L4xx_HAL_Driver/Src/stm32l4xx_hal_rcc_ex.c **** 
1494:Drivers/STM32L4xx_HAL_Driver/Src/stm32l4xx_hal_rcc_ex.c **** #if defined(USART3)
1495:Drivers/STM32L4xx_HAL_Driver/Src/stm32l4xx_hal_rcc_ex.c **** 
1496:Drivers/STM32L4xx_HAL_Driver/Src/stm32l4xx_hal_rcc_ex.c ****     case RCC_PERIPHCLK_USART3:
1497:Drivers/STM32L4xx_HAL_Driver/Src/stm32l4xx_hal_rcc_ex.c ****       {
1498:Drivers/STM32L4xx_HAL_Driver/Src/stm32l4xx_hal_rcc_ex.c ****         /* Get the current USART3 source */
1499:Drivers/STM32L4xx_HAL_Driver/Src/stm32l4xx_hal_rcc_ex.c ****         srcclk = __HAL_RCC_GET_USART3_SOURCE();
1500:Drivers/STM32L4xx_HAL_Driver/Src/stm32l4xx_hal_rcc_ex.c **** 
1501:Drivers/STM32L4xx_HAL_Driver/Src/stm32l4xx_hal_rcc_ex.c ****         switch(srcclk)
1502:Drivers/STM32L4xx_HAL_Driver/Src/stm32l4xx_hal_rcc_ex.c ****         {
1503:Drivers/STM32L4xx_HAL_Driver/Src/stm32l4xx_hal_rcc_ex.c ****         case RCC_USART3CLKSOURCE_PCLK1:
1504:Drivers/STM32L4xx_HAL_Driver/Src/stm32l4xx_hal_rcc_ex.c ****           frequency = HAL_RCC_GetPCLK1Freq();
1505:Drivers/STM32L4xx_HAL_Driver/Src/stm32l4xx_hal_rcc_ex.c ****           break;
1506:Drivers/STM32L4xx_HAL_Driver/Src/stm32l4xx_hal_rcc_ex.c ****         case RCC_USART3CLKSOURCE_SYSCLK:
1507:Drivers/STM32L4xx_HAL_Driver/Src/stm32l4xx_hal_rcc_ex.c ****           frequency = HAL_RCC_GetSysClockFreq();
1508:Drivers/STM32L4xx_HAL_Driver/Src/stm32l4xx_hal_rcc_ex.c ****           break;
1509:Drivers/STM32L4xx_HAL_Driver/Src/stm32l4xx_hal_rcc_ex.c ****         case RCC_USART3CLKSOURCE_HSI:
1510:Drivers/STM32L4xx_HAL_Driver/Src/stm32l4xx_hal_rcc_ex.c ****           if(HAL_IS_BIT_SET(RCC->CR, RCC_CR_HSIRDY))
1511:Drivers/STM32L4xx_HAL_Driver/Src/stm32l4xx_hal_rcc_ex.c ****           {
1512:Drivers/STM32L4xx_HAL_Driver/Src/stm32l4xx_hal_rcc_ex.c ****             frequency = HSI_VALUE;
ARM GAS  /tmp/ccFN0S9l.s 			page 28


1513:Drivers/STM32L4xx_HAL_Driver/Src/stm32l4xx_hal_rcc_ex.c ****           }
1514:Drivers/STM32L4xx_HAL_Driver/Src/stm32l4xx_hal_rcc_ex.c ****           break;
1515:Drivers/STM32L4xx_HAL_Driver/Src/stm32l4xx_hal_rcc_ex.c ****         case RCC_USART3CLKSOURCE_LSE:
1516:Drivers/STM32L4xx_HAL_Driver/Src/stm32l4xx_hal_rcc_ex.c ****           if(HAL_IS_BIT_SET(RCC->BDCR, RCC_BDCR_LSERDY))
1517:Drivers/STM32L4xx_HAL_Driver/Src/stm32l4xx_hal_rcc_ex.c ****           {
1518:Drivers/STM32L4xx_HAL_Driver/Src/stm32l4xx_hal_rcc_ex.c ****             frequency = LSE_VALUE;
1519:Drivers/STM32L4xx_HAL_Driver/Src/stm32l4xx_hal_rcc_ex.c ****           }
1520:Drivers/STM32L4xx_HAL_Driver/Src/stm32l4xx_hal_rcc_ex.c ****           break;
1521:Drivers/STM32L4xx_HAL_Driver/Src/stm32l4xx_hal_rcc_ex.c ****         default:
1522:Drivers/STM32L4xx_HAL_Driver/Src/stm32l4xx_hal_rcc_ex.c ****           /* No clock source, frequency default init at 0 */
1523:Drivers/STM32L4xx_HAL_Driver/Src/stm32l4xx_hal_rcc_ex.c ****           break;
1524:Drivers/STM32L4xx_HAL_Driver/Src/stm32l4xx_hal_rcc_ex.c ****         }
1525:Drivers/STM32L4xx_HAL_Driver/Src/stm32l4xx_hal_rcc_ex.c **** 
1526:Drivers/STM32L4xx_HAL_Driver/Src/stm32l4xx_hal_rcc_ex.c ****         break;
1527:Drivers/STM32L4xx_HAL_Driver/Src/stm32l4xx_hal_rcc_ex.c ****       }
1528:Drivers/STM32L4xx_HAL_Driver/Src/stm32l4xx_hal_rcc_ex.c **** 
1529:Drivers/STM32L4xx_HAL_Driver/Src/stm32l4xx_hal_rcc_ex.c **** #endif /* USART3 */
1530:Drivers/STM32L4xx_HAL_Driver/Src/stm32l4xx_hal_rcc_ex.c **** 
1531:Drivers/STM32L4xx_HAL_Driver/Src/stm32l4xx_hal_rcc_ex.c **** #if defined(UART4)
1532:Drivers/STM32L4xx_HAL_Driver/Src/stm32l4xx_hal_rcc_ex.c **** 
1533:Drivers/STM32L4xx_HAL_Driver/Src/stm32l4xx_hal_rcc_ex.c ****     case RCC_PERIPHCLK_UART4:
1534:Drivers/STM32L4xx_HAL_Driver/Src/stm32l4xx_hal_rcc_ex.c ****       {
1535:Drivers/STM32L4xx_HAL_Driver/Src/stm32l4xx_hal_rcc_ex.c ****         /* Get the current UART4 source */
1536:Drivers/STM32L4xx_HAL_Driver/Src/stm32l4xx_hal_rcc_ex.c ****         srcclk = __HAL_RCC_GET_UART4_SOURCE();
1537:Drivers/STM32L4xx_HAL_Driver/Src/stm32l4xx_hal_rcc_ex.c **** 
1538:Drivers/STM32L4xx_HAL_Driver/Src/stm32l4xx_hal_rcc_ex.c ****         switch(srcclk)
1539:Drivers/STM32L4xx_HAL_Driver/Src/stm32l4xx_hal_rcc_ex.c ****         {
1540:Drivers/STM32L4xx_HAL_Driver/Src/stm32l4xx_hal_rcc_ex.c ****         case RCC_UART4CLKSOURCE_PCLK1:
1541:Drivers/STM32L4xx_HAL_Driver/Src/stm32l4xx_hal_rcc_ex.c ****           frequency = HAL_RCC_GetPCLK1Freq();
1542:Drivers/STM32L4xx_HAL_Driver/Src/stm32l4xx_hal_rcc_ex.c ****           break;
1543:Drivers/STM32L4xx_HAL_Driver/Src/stm32l4xx_hal_rcc_ex.c ****         case RCC_UART4CLKSOURCE_SYSCLK:
1544:Drivers/STM32L4xx_HAL_Driver/Src/stm32l4xx_hal_rcc_ex.c ****           frequency = HAL_RCC_GetSysClockFreq();
1545:Drivers/STM32L4xx_HAL_Driver/Src/stm32l4xx_hal_rcc_ex.c ****           break;
1546:Drivers/STM32L4xx_HAL_Driver/Src/stm32l4xx_hal_rcc_ex.c ****         case RCC_UART4CLKSOURCE_HSI:
1547:Drivers/STM32L4xx_HAL_Driver/Src/stm32l4xx_hal_rcc_ex.c ****           if(HAL_IS_BIT_SET(RCC->CR, RCC_CR_HSIRDY))
1548:Drivers/STM32L4xx_HAL_Driver/Src/stm32l4xx_hal_rcc_ex.c ****           {
1549:Drivers/STM32L4xx_HAL_Driver/Src/stm32l4xx_hal_rcc_ex.c ****             frequency = HSI_VALUE;
1550:Drivers/STM32L4xx_HAL_Driver/Src/stm32l4xx_hal_rcc_ex.c ****           }
1551:Drivers/STM32L4xx_HAL_Driver/Src/stm32l4xx_hal_rcc_ex.c ****           break;
1552:Drivers/STM32L4xx_HAL_Driver/Src/stm32l4xx_hal_rcc_ex.c ****         case RCC_UART4CLKSOURCE_LSE:
1553:Drivers/STM32L4xx_HAL_Driver/Src/stm32l4xx_hal_rcc_ex.c ****           if(HAL_IS_BIT_SET(RCC->BDCR, RCC_BDCR_LSERDY))
1554:Drivers/STM32L4xx_HAL_Driver/Src/stm32l4xx_hal_rcc_ex.c ****           {
1555:Drivers/STM32L4xx_HAL_Driver/Src/stm32l4xx_hal_rcc_ex.c ****             frequency = LSE_VALUE;
1556:Drivers/STM32L4xx_HAL_Driver/Src/stm32l4xx_hal_rcc_ex.c ****           }
1557:Drivers/STM32L4xx_HAL_Driver/Src/stm32l4xx_hal_rcc_ex.c ****           break;
1558:Drivers/STM32L4xx_HAL_Driver/Src/stm32l4xx_hal_rcc_ex.c ****         default:
1559:Drivers/STM32L4xx_HAL_Driver/Src/stm32l4xx_hal_rcc_ex.c ****           /* No clock source, frequency default init at 0 */
1560:Drivers/STM32L4xx_HAL_Driver/Src/stm32l4xx_hal_rcc_ex.c ****           break;
1561:Drivers/STM32L4xx_HAL_Driver/Src/stm32l4xx_hal_rcc_ex.c ****         }
1562:Drivers/STM32L4xx_HAL_Driver/Src/stm32l4xx_hal_rcc_ex.c **** 
1563:Drivers/STM32L4xx_HAL_Driver/Src/stm32l4xx_hal_rcc_ex.c ****         break;
1564:Drivers/STM32L4xx_HAL_Driver/Src/stm32l4xx_hal_rcc_ex.c ****       }
1565:Drivers/STM32L4xx_HAL_Driver/Src/stm32l4xx_hal_rcc_ex.c **** 
1566:Drivers/STM32L4xx_HAL_Driver/Src/stm32l4xx_hal_rcc_ex.c **** #endif /* UART4 */
1567:Drivers/STM32L4xx_HAL_Driver/Src/stm32l4xx_hal_rcc_ex.c **** 
1568:Drivers/STM32L4xx_HAL_Driver/Src/stm32l4xx_hal_rcc_ex.c **** #if defined(UART5)
1569:Drivers/STM32L4xx_HAL_Driver/Src/stm32l4xx_hal_rcc_ex.c **** 
ARM GAS  /tmp/ccFN0S9l.s 			page 29


1570:Drivers/STM32L4xx_HAL_Driver/Src/stm32l4xx_hal_rcc_ex.c ****     case RCC_PERIPHCLK_UART5:
1571:Drivers/STM32L4xx_HAL_Driver/Src/stm32l4xx_hal_rcc_ex.c ****       {
1572:Drivers/STM32L4xx_HAL_Driver/Src/stm32l4xx_hal_rcc_ex.c ****         /* Get the current UART5 source */
1573:Drivers/STM32L4xx_HAL_Driver/Src/stm32l4xx_hal_rcc_ex.c ****         srcclk = __HAL_RCC_GET_UART5_SOURCE();
1574:Drivers/STM32L4xx_HAL_Driver/Src/stm32l4xx_hal_rcc_ex.c **** 
1575:Drivers/STM32L4xx_HAL_Driver/Src/stm32l4xx_hal_rcc_ex.c ****         switch(srcclk)
1576:Drivers/STM32L4xx_HAL_Driver/Src/stm32l4xx_hal_rcc_ex.c ****         {
1577:Drivers/STM32L4xx_HAL_Driver/Src/stm32l4xx_hal_rcc_ex.c ****         case RCC_UART5CLKSOURCE_PCLK1:
1578:Drivers/STM32L4xx_HAL_Driver/Src/stm32l4xx_hal_rcc_ex.c ****           frequency = HAL_RCC_GetPCLK1Freq();
1579:Drivers/STM32L4xx_HAL_Driver/Src/stm32l4xx_hal_rcc_ex.c ****           break;
1580:Drivers/STM32L4xx_HAL_Driver/Src/stm32l4xx_hal_rcc_ex.c ****         case RCC_UART5CLKSOURCE_SYSCLK:
1581:Drivers/STM32L4xx_HAL_Driver/Src/stm32l4xx_hal_rcc_ex.c ****           frequency = HAL_RCC_GetSysClockFreq();
1582:Drivers/STM32L4xx_HAL_Driver/Src/stm32l4xx_hal_rcc_ex.c ****           break;
1583:Drivers/STM32L4xx_HAL_Driver/Src/stm32l4xx_hal_rcc_ex.c ****         case RCC_UART5CLKSOURCE_HSI:
1584:Drivers/STM32L4xx_HAL_Driver/Src/stm32l4xx_hal_rcc_ex.c ****           if(HAL_IS_BIT_SET(RCC->CR, RCC_CR_HSIRDY))
1585:Drivers/STM32L4xx_HAL_Driver/Src/stm32l4xx_hal_rcc_ex.c ****           {
1586:Drivers/STM32L4xx_HAL_Driver/Src/stm32l4xx_hal_rcc_ex.c ****             frequency = HSI_VALUE;
1587:Drivers/STM32L4xx_HAL_Driver/Src/stm32l4xx_hal_rcc_ex.c ****           }
1588:Drivers/STM32L4xx_HAL_Driver/Src/stm32l4xx_hal_rcc_ex.c ****           break;
1589:Drivers/STM32L4xx_HAL_Driver/Src/stm32l4xx_hal_rcc_ex.c ****         case RCC_UART5CLKSOURCE_LSE:
1590:Drivers/STM32L4xx_HAL_Driver/Src/stm32l4xx_hal_rcc_ex.c ****           if(HAL_IS_BIT_SET(RCC->BDCR, RCC_BDCR_LSERDY))
1591:Drivers/STM32L4xx_HAL_Driver/Src/stm32l4xx_hal_rcc_ex.c ****           {
1592:Drivers/STM32L4xx_HAL_Driver/Src/stm32l4xx_hal_rcc_ex.c ****             frequency = LSE_VALUE;
1593:Drivers/STM32L4xx_HAL_Driver/Src/stm32l4xx_hal_rcc_ex.c ****           }
1594:Drivers/STM32L4xx_HAL_Driver/Src/stm32l4xx_hal_rcc_ex.c ****           break;
1595:Drivers/STM32L4xx_HAL_Driver/Src/stm32l4xx_hal_rcc_ex.c ****         default:
1596:Drivers/STM32L4xx_HAL_Driver/Src/stm32l4xx_hal_rcc_ex.c ****           /* No clock source, frequency default init at 0 */
1597:Drivers/STM32L4xx_HAL_Driver/Src/stm32l4xx_hal_rcc_ex.c ****           break;
1598:Drivers/STM32L4xx_HAL_Driver/Src/stm32l4xx_hal_rcc_ex.c ****         }
1599:Drivers/STM32L4xx_HAL_Driver/Src/stm32l4xx_hal_rcc_ex.c **** 
1600:Drivers/STM32L4xx_HAL_Driver/Src/stm32l4xx_hal_rcc_ex.c ****         break;
1601:Drivers/STM32L4xx_HAL_Driver/Src/stm32l4xx_hal_rcc_ex.c ****       }
1602:Drivers/STM32L4xx_HAL_Driver/Src/stm32l4xx_hal_rcc_ex.c **** 
1603:Drivers/STM32L4xx_HAL_Driver/Src/stm32l4xx_hal_rcc_ex.c **** #endif /* UART5 */
1604:Drivers/STM32L4xx_HAL_Driver/Src/stm32l4xx_hal_rcc_ex.c **** 
1605:Drivers/STM32L4xx_HAL_Driver/Src/stm32l4xx_hal_rcc_ex.c ****     case RCC_PERIPHCLK_LPUART1:
1606:Drivers/STM32L4xx_HAL_Driver/Src/stm32l4xx_hal_rcc_ex.c ****       {
1607:Drivers/STM32L4xx_HAL_Driver/Src/stm32l4xx_hal_rcc_ex.c ****         /* Get the current LPUART1 source */
1608:Drivers/STM32L4xx_HAL_Driver/Src/stm32l4xx_hal_rcc_ex.c ****         srcclk = __HAL_RCC_GET_LPUART1_SOURCE();
1609:Drivers/STM32L4xx_HAL_Driver/Src/stm32l4xx_hal_rcc_ex.c **** 
1610:Drivers/STM32L4xx_HAL_Driver/Src/stm32l4xx_hal_rcc_ex.c ****         switch(srcclk)
1611:Drivers/STM32L4xx_HAL_Driver/Src/stm32l4xx_hal_rcc_ex.c ****         {
1612:Drivers/STM32L4xx_HAL_Driver/Src/stm32l4xx_hal_rcc_ex.c ****         case RCC_LPUART1CLKSOURCE_PCLK1:
1613:Drivers/STM32L4xx_HAL_Driver/Src/stm32l4xx_hal_rcc_ex.c ****           frequency = HAL_RCC_GetPCLK1Freq();
1614:Drivers/STM32L4xx_HAL_Driver/Src/stm32l4xx_hal_rcc_ex.c ****           break;
1615:Drivers/STM32L4xx_HAL_Driver/Src/stm32l4xx_hal_rcc_ex.c ****         case RCC_LPUART1CLKSOURCE_SYSCLK:
1616:Drivers/STM32L4xx_HAL_Driver/Src/stm32l4xx_hal_rcc_ex.c ****           frequency = HAL_RCC_GetSysClockFreq();
1617:Drivers/STM32L4xx_HAL_Driver/Src/stm32l4xx_hal_rcc_ex.c ****           break;
1618:Drivers/STM32L4xx_HAL_Driver/Src/stm32l4xx_hal_rcc_ex.c ****         case RCC_LPUART1CLKSOURCE_HSI:
1619:Drivers/STM32L4xx_HAL_Driver/Src/stm32l4xx_hal_rcc_ex.c ****           if(HAL_IS_BIT_SET(RCC->CR, RCC_CR_HSIRDY))
1620:Drivers/STM32L4xx_HAL_Driver/Src/stm32l4xx_hal_rcc_ex.c ****           {
1621:Drivers/STM32L4xx_HAL_Driver/Src/stm32l4xx_hal_rcc_ex.c ****             frequency = HSI_VALUE;
1622:Drivers/STM32L4xx_HAL_Driver/Src/stm32l4xx_hal_rcc_ex.c ****           }
1623:Drivers/STM32L4xx_HAL_Driver/Src/stm32l4xx_hal_rcc_ex.c ****           break;
1624:Drivers/STM32L4xx_HAL_Driver/Src/stm32l4xx_hal_rcc_ex.c ****         case RCC_LPUART1CLKSOURCE_LSE:
1625:Drivers/STM32L4xx_HAL_Driver/Src/stm32l4xx_hal_rcc_ex.c ****           if(HAL_IS_BIT_SET(RCC->BDCR, RCC_BDCR_LSERDY))
1626:Drivers/STM32L4xx_HAL_Driver/Src/stm32l4xx_hal_rcc_ex.c ****           {
ARM GAS  /tmp/ccFN0S9l.s 			page 30


1627:Drivers/STM32L4xx_HAL_Driver/Src/stm32l4xx_hal_rcc_ex.c ****             frequency = LSE_VALUE;
1628:Drivers/STM32L4xx_HAL_Driver/Src/stm32l4xx_hal_rcc_ex.c ****           }
1629:Drivers/STM32L4xx_HAL_Driver/Src/stm32l4xx_hal_rcc_ex.c ****           break;
1630:Drivers/STM32L4xx_HAL_Driver/Src/stm32l4xx_hal_rcc_ex.c ****         default:
1631:Drivers/STM32L4xx_HAL_Driver/Src/stm32l4xx_hal_rcc_ex.c ****           /* No clock source, frequency default init at 0 */
1632:Drivers/STM32L4xx_HAL_Driver/Src/stm32l4xx_hal_rcc_ex.c ****           break;
1633:Drivers/STM32L4xx_HAL_Driver/Src/stm32l4xx_hal_rcc_ex.c ****         }
1634:Drivers/STM32L4xx_HAL_Driver/Src/stm32l4xx_hal_rcc_ex.c **** 
1635:Drivers/STM32L4xx_HAL_Driver/Src/stm32l4xx_hal_rcc_ex.c ****         break;
1636:Drivers/STM32L4xx_HAL_Driver/Src/stm32l4xx_hal_rcc_ex.c ****       }
1637:Drivers/STM32L4xx_HAL_Driver/Src/stm32l4xx_hal_rcc_ex.c **** 
1638:Drivers/STM32L4xx_HAL_Driver/Src/stm32l4xx_hal_rcc_ex.c ****     case RCC_PERIPHCLK_ADC:
1639:Drivers/STM32L4xx_HAL_Driver/Src/stm32l4xx_hal_rcc_ex.c ****       {
1640:Drivers/STM32L4xx_HAL_Driver/Src/stm32l4xx_hal_rcc_ex.c ****         srcclk = __HAL_RCC_GET_ADC_SOURCE();
1641:Drivers/STM32L4xx_HAL_Driver/Src/stm32l4xx_hal_rcc_ex.c **** 
1642:Drivers/STM32L4xx_HAL_Driver/Src/stm32l4xx_hal_rcc_ex.c ****         switch(srcclk)
1643:Drivers/STM32L4xx_HAL_Driver/Src/stm32l4xx_hal_rcc_ex.c ****         {
1644:Drivers/STM32L4xx_HAL_Driver/Src/stm32l4xx_hal_rcc_ex.c ****         case RCC_ADCCLKSOURCE_SYSCLK:
1645:Drivers/STM32L4xx_HAL_Driver/Src/stm32l4xx_hal_rcc_ex.c ****           frequency = HAL_RCC_GetSysClockFreq();
1646:Drivers/STM32L4xx_HAL_Driver/Src/stm32l4xx_hal_rcc_ex.c ****           break;
1647:Drivers/STM32L4xx_HAL_Driver/Src/stm32l4xx_hal_rcc_ex.c **** #if defined(RCC_PLLSAI1_SUPPORT)
1648:Drivers/STM32L4xx_HAL_Driver/Src/stm32l4xx_hal_rcc_ex.c ****         case RCC_ADCCLKSOURCE_PLLSAI1:
1649:Drivers/STM32L4xx_HAL_Driver/Src/stm32l4xx_hal_rcc_ex.c ****           if(HAL_IS_BIT_SET(RCC->CR, RCC_CR_PLLSAI1RDY) && (__HAL_RCC_GET_PLLSAI1CLKOUT_CONFIG(RCC_
1650:Drivers/STM32L4xx_HAL_Driver/Src/stm32l4xx_hal_rcc_ex.c ****           {
1651:Drivers/STM32L4xx_HAL_Driver/Src/stm32l4xx_hal_rcc_ex.c ****             plln = READ_BIT(RCC->PLLSAI1CFGR, RCC_PLLSAI1CFGR_PLLSAI1N) >> RCC_PLLSAI1CFGR_PLLSAI1N
1652:Drivers/STM32L4xx_HAL_Driver/Src/stm32l4xx_hal_rcc_ex.c **** #if defined(RCC_PLLSAI1M_DIV_1_16_SUPPORT)
1653:Drivers/STM32L4xx_HAL_Driver/Src/stm32l4xx_hal_rcc_ex.c ****             /* PLLSAI1M exists: apply PLLSAI1M divider for PLLSAI1 output computation */
1654:Drivers/STM32L4xx_HAL_Driver/Src/stm32l4xx_hal_rcc_ex.c ****             /* f(PLLSAI1 Source) * PLLSAI1N / PLLSAI1M */
1655:Drivers/STM32L4xx_HAL_Driver/Src/stm32l4xx_hal_rcc_ex.c ****             pllvco = ((pllvco * plln) / ((READ_BIT(RCC->PLLSAI1CFGR, RCC_PLLSAI1CFGR_PLLSAI1M) >> R
1656:Drivers/STM32L4xx_HAL_Driver/Src/stm32l4xx_hal_rcc_ex.c **** #else
1657:Drivers/STM32L4xx_HAL_Driver/Src/stm32l4xx_hal_rcc_ex.c ****             /* f(PLL Source) * PLLSAI1N / PLLM */
1658:Drivers/STM32L4xx_HAL_Driver/Src/stm32l4xx_hal_rcc_ex.c ****             pllvco = ((pllvco * plln) / ((READ_BIT(RCC->PLLCFGR, RCC_PLLCFGR_PLLM) >> RCC_PLLCFGR_P
1659:Drivers/STM32L4xx_HAL_Driver/Src/stm32l4xx_hal_rcc_ex.c **** #endif
1660:Drivers/STM32L4xx_HAL_Driver/Src/stm32l4xx_hal_rcc_ex.c ****             /* f(PLLADC1CLK) = f(VCOSAI1 input) / PLLSAI1R */
1661:Drivers/STM32L4xx_HAL_Driver/Src/stm32l4xx_hal_rcc_ex.c ****             frequency = (pllvco / (((READ_BIT(RCC->PLLSAI1CFGR, RCC_PLLSAI1CFGR_PLLSAI1R) >> RCC_PL
1662:Drivers/STM32L4xx_HAL_Driver/Src/stm32l4xx_hal_rcc_ex.c ****           }
1663:Drivers/STM32L4xx_HAL_Driver/Src/stm32l4xx_hal_rcc_ex.c ****           break;
1664:Drivers/STM32L4xx_HAL_Driver/Src/stm32l4xx_hal_rcc_ex.c **** #endif /* RCC_PLLSAI1_SUPPORT */
1665:Drivers/STM32L4xx_HAL_Driver/Src/stm32l4xx_hal_rcc_ex.c **** #if defined(STM32L471xx) || defined(STM32L475xx) || defined(STM32L476xx) || defined(STM32L485xx) ||
1666:Drivers/STM32L4xx_HAL_Driver/Src/stm32l4xx_hal_rcc_ex.c ****         case RCC_ADCCLKSOURCE_PLLSAI2:
1667:Drivers/STM32L4xx_HAL_Driver/Src/stm32l4xx_hal_rcc_ex.c ****           if(HAL_IS_BIT_SET(RCC->CR, RCC_CR_PLLSAI2RDY) && (__HAL_RCC_GET_PLLSAI2CLKOUT_CONFIG(RCC_
1668:Drivers/STM32L4xx_HAL_Driver/Src/stm32l4xx_hal_rcc_ex.c ****           {
1669:Drivers/STM32L4xx_HAL_Driver/Src/stm32l4xx_hal_rcc_ex.c ****             plln = READ_BIT(RCC->PLLSAI2CFGR, RCC_PLLSAI2CFGR_PLLSAI2N) >> RCC_PLLSAI2CFGR_PLLSAI2N
1670:Drivers/STM32L4xx_HAL_Driver/Src/stm32l4xx_hal_rcc_ex.c **** #if defined(RCC_PLLSAI2M_DIV_1_16_SUPPORT)
1671:Drivers/STM32L4xx_HAL_Driver/Src/stm32l4xx_hal_rcc_ex.c ****             /* PLLSAI2M exists: apply PLLSAI2M divider for PLLSAI2 output computation */
1672:Drivers/STM32L4xx_HAL_Driver/Src/stm32l4xx_hal_rcc_ex.c ****             /* f(PLLSAI2 Source) * PLLSAI2N / PLLSAI2M */
1673:Drivers/STM32L4xx_HAL_Driver/Src/stm32l4xx_hal_rcc_ex.c ****             pllvco = ((pllvco * plln) / ((READ_BIT(RCC->PLLSAI2CFGR, RCC_PLLSAI2CFGR_PLLSAI2M) >> R
1674:Drivers/STM32L4xx_HAL_Driver/Src/stm32l4xx_hal_rcc_ex.c **** #else
1675:Drivers/STM32L4xx_HAL_Driver/Src/stm32l4xx_hal_rcc_ex.c ****             /* f(PLL Source) * PLLSAI2N / PLLM */
1676:Drivers/STM32L4xx_HAL_Driver/Src/stm32l4xx_hal_rcc_ex.c ****             pllvco = ((pllvco * plln) / ((READ_BIT(RCC->PLLCFGR, RCC_PLLCFGR_PLLM) >> RCC_PLLCFGR_P
1677:Drivers/STM32L4xx_HAL_Driver/Src/stm32l4xx_hal_rcc_ex.c **** #endif
1678:Drivers/STM32L4xx_HAL_Driver/Src/stm32l4xx_hal_rcc_ex.c ****             /* f(PLLADC2CLK) = f(VCOSAI2 input) / PLLSAI2R */
1679:Drivers/STM32L4xx_HAL_Driver/Src/stm32l4xx_hal_rcc_ex.c ****             frequency = (pllvco / (((READ_BIT(RCC->PLLSAI2CFGR, RCC_PLLSAI2CFGR_PLLSAI2R) >> RCC_PL
1680:Drivers/STM32L4xx_HAL_Driver/Src/stm32l4xx_hal_rcc_ex.c ****           }
1681:Drivers/STM32L4xx_HAL_Driver/Src/stm32l4xx_hal_rcc_ex.c ****           break;
1682:Drivers/STM32L4xx_HAL_Driver/Src/stm32l4xx_hal_rcc_ex.c **** #endif /* STM32L471xx || STM32L475xx || STM32L476xx || STM32L485xx || STM32L486xx || STM32L496xx ||
1683:Drivers/STM32L4xx_HAL_Driver/Src/stm32l4xx_hal_rcc_ex.c ****         default:
ARM GAS  /tmp/ccFN0S9l.s 			page 31


1684:Drivers/STM32L4xx_HAL_Driver/Src/stm32l4xx_hal_rcc_ex.c ****           /* No clock source, frequency default init at 0 */
1685:Drivers/STM32L4xx_HAL_Driver/Src/stm32l4xx_hal_rcc_ex.c ****           break;
1686:Drivers/STM32L4xx_HAL_Driver/Src/stm32l4xx_hal_rcc_ex.c ****         }
1687:Drivers/STM32L4xx_HAL_Driver/Src/stm32l4xx_hal_rcc_ex.c **** 
1688:Drivers/STM32L4xx_HAL_Driver/Src/stm32l4xx_hal_rcc_ex.c ****         break;
1689:Drivers/STM32L4xx_HAL_Driver/Src/stm32l4xx_hal_rcc_ex.c ****       }
1690:Drivers/STM32L4xx_HAL_Driver/Src/stm32l4xx_hal_rcc_ex.c **** 
1691:Drivers/STM32L4xx_HAL_Driver/Src/stm32l4xx_hal_rcc_ex.c **** #if defined(DFSDM1_Filter0)
1692:Drivers/STM32L4xx_HAL_Driver/Src/stm32l4xx_hal_rcc_ex.c **** 
1693:Drivers/STM32L4xx_HAL_Driver/Src/stm32l4xx_hal_rcc_ex.c ****     case RCC_PERIPHCLK_DFSDM1:
1694:Drivers/STM32L4xx_HAL_Driver/Src/stm32l4xx_hal_rcc_ex.c ****       {
1695:Drivers/STM32L4xx_HAL_Driver/Src/stm32l4xx_hal_rcc_ex.c ****         /* Get the current DFSDM1 source */
1696:Drivers/STM32L4xx_HAL_Driver/Src/stm32l4xx_hal_rcc_ex.c ****         srcclk = __HAL_RCC_GET_DFSDM1_SOURCE();
1697:Drivers/STM32L4xx_HAL_Driver/Src/stm32l4xx_hal_rcc_ex.c **** 
1698:Drivers/STM32L4xx_HAL_Driver/Src/stm32l4xx_hal_rcc_ex.c ****         if(srcclk == RCC_DFSDM1CLKSOURCE_PCLK2)
1699:Drivers/STM32L4xx_HAL_Driver/Src/stm32l4xx_hal_rcc_ex.c ****         {
1700:Drivers/STM32L4xx_HAL_Driver/Src/stm32l4xx_hal_rcc_ex.c ****           frequency = HAL_RCC_GetPCLK2Freq();
1701:Drivers/STM32L4xx_HAL_Driver/Src/stm32l4xx_hal_rcc_ex.c ****         }
1702:Drivers/STM32L4xx_HAL_Driver/Src/stm32l4xx_hal_rcc_ex.c ****         else
1703:Drivers/STM32L4xx_HAL_Driver/Src/stm32l4xx_hal_rcc_ex.c ****         {
1704:Drivers/STM32L4xx_HAL_Driver/Src/stm32l4xx_hal_rcc_ex.c ****           frequency = HAL_RCC_GetSysClockFreq();
1705:Drivers/STM32L4xx_HAL_Driver/Src/stm32l4xx_hal_rcc_ex.c ****         }
1706:Drivers/STM32L4xx_HAL_Driver/Src/stm32l4xx_hal_rcc_ex.c **** 
1707:Drivers/STM32L4xx_HAL_Driver/Src/stm32l4xx_hal_rcc_ex.c ****         break;
1708:Drivers/STM32L4xx_HAL_Driver/Src/stm32l4xx_hal_rcc_ex.c ****       }
1709:Drivers/STM32L4xx_HAL_Driver/Src/stm32l4xx_hal_rcc_ex.c **** 
1710:Drivers/STM32L4xx_HAL_Driver/Src/stm32l4xx_hal_rcc_ex.c **** #if defined(STM32L4R5xx) || defined(STM32L4R7xx) || defined(STM32L4R9xx) || defined(STM32L4S5xx) ||
1711:Drivers/STM32L4xx_HAL_Driver/Src/stm32l4xx_hal_rcc_ex.c **** 
1712:Drivers/STM32L4xx_HAL_Driver/Src/stm32l4xx_hal_rcc_ex.c ****     case RCC_PERIPHCLK_DFSDM1AUDIO:
1713:Drivers/STM32L4xx_HAL_Driver/Src/stm32l4xx_hal_rcc_ex.c ****       {
1714:Drivers/STM32L4xx_HAL_Driver/Src/stm32l4xx_hal_rcc_ex.c ****         /* Get the current DFSDM1 audio source */
1715:Drivers/STM32L4xx_HAL_Driver/Src/stm32l4xx_hal_rcc_ex.c ****         srcclk = __HAL_RCC_GET_DFSDM1AUDIO_SOURCE();
1716:Drivers/STM32L4xx_HAL_Driver/Src/stm32l4xx_hal_rcc_ex.c **** 
1717:Drivers/STM32L4xx_HAL_Driver/Src/stm32l4xx_hal_rcc_ex.c ****         switch(srcclk)
1718:Drivers/STM32L4xx_HAL_Driver/Src/stm32l4xx_hal_rcc_ex.c ****         {
1719:Drivers/STM32L4xx_HAL_Driver/Src/stm32l4xx_hal_rcc_ex.c ****         case RCC_DFSDM1AUDIOCLKSOURCE_SAI1:
1720:Drivers/STM32L4xx_HAL_Driver/Src/stm32l4xx_hal_rcc_ex.c ****           frequency = RCCEx_GetSAIxPeriphCLKFreq(RCC_PERIPHCLK_SAI1, pllvco);
1721:Drivers/STM32L4xx_HAL_Driver/Src/stm32l4xx_hal_rcc_ex.c ****           break;
1722:Drivers/STM32L4xx_HAL_Driver/Src/stm32l4xx_hal_rcc_ex.c ****         case RCC_DFSDM1AUDIOCLKSOURCE_MSI:
1723:Drivers/STM32L4xx_HAL_Driver/Src/stm32l4xx_hal_rcc_ex.c ****           if(HAL_IS_BIT_SET(RCC->CR, RCC_CR_MSIRDY))
1724:Drivers/STM32L4xx_HAL_Driver/Src/stm32l4xx_hal_rcc_ex.c ****           {
1725:Drivers/STM32L4xx_HAL_Driver/Src/stm32l4xx_hal_rcc_ex.c ****             /*MSI frequency range in HZ*/
1726:Drivers/STM32L4xx_HAL_Driver/Src/stm32l4xx_hal_rcc_ex.c ****             frequency = MSIRangeTable[(__HAL_RCC_GET_MSI_RANGE() >> 4U)];
1727:Drivers/STM32L4xx_HAL_Driver/Src/stm32l4xx_hal_rcc_ex.c ****           }
1728:Drivers/STM32L4xx_HAL_Driver/Src/stm32l4xx_hal_rcc_ex.c ****           break;
1729:Drivers/STM32L4xx_HAL_Driver/Src/stm32l4xx_hal_rcc_ex.c ****         case RCC_DFSDM1AUDIOCLKSOURCE_HSI:
1730:Drivers/STM32L4xx_HAL_Driver/Src/stm32l4xx_hal_rcc_ex.c ****           if(HAL_IS_BIT_SET(RCC->CR, RCC_CR_HSIRDY))
1731:Drivers/STM32L4xx_HAL_Driver/Src/stm32l4xx_hal_rcc_ex.c ****           {
1732:Drivers/STM32L4xx_HAL_Driver/Src/stm32l4xx_hal_rcc_ex.c ****             frequency = HSI_VALUE;
1733:Drivers/STM32L4xx_HAL_Driver/Src/stm32l4xx_hal_rcc_ex.c ****           }
1734:Drivers/STM32L4xx_HAL_Driver/Src/stm32l4xx_hal_rcc_ex.c ****           break;
1735:Drivers/STM32L4xx_HAL_Driver/Src/stm32l4xx_hal_rcc_ex.c ****         default:
1736:Drivers/STM32L4xx_HAL_Driver/Src/stm32l4xx_hal_rcc_ex.c ****           /* No clock source, frequency default init at 0 */
1737:Drivers/STM32L4xx_HAL_Driver/Src/stm32l4xx_hal_rcc_ex.c ****           break;
1738:Drivers/STM32L4xx_HAL_Driver/Src/stm32l4xx_hal_rcc_ex.c ****         }
1739:Drivers/STM32L4xx_HAL_Driver/Src/stm32l4xx_hal_rcc_ex.c **** 
1740:Drivers/STM32L4xx_HAL_Driver/Src/stm32l4xx_hal_rcc_ex.c ****         break;
ARM GAS  /tmp/ccFN0S9l.s 			page 32


1741:Drivers/STM32L4xx_HAL_Driver/Src/stm32l4xx_hal_rcc_ex.c ****       }
1742:Drivers/STM32L4xx_HAL_Driver/Src/stm32l4xx_hal_rcc_ex.c **** 
1743:Drivers/STM32L4xx_HAL_Driver/Src/stm32l4xx_hal_rcc_ex.c **** #endif /* STM32L4R5xx || STM32L4R7xx || STM32L4R9xx || STM32L4S5xx || STM32L4S7xx || STM32L4S9xx */
1744:Drivers/STM32L4xx_HAL_Driver/Src/stm32l4xx_hal_rcc_ex.c **** 
1745:Drivers/STM32L4xx_HAL_Driver/Src/stm32l4xx_hal_rcc_ex.c **** #endif /* DFSDM1_Filter0 */
1746:Drivers/STM32L4xx_HAL_Driver/Src/stm32l4xx_hal_rcc_ex.c **** 
1747:Drivers/STM32L4xx_HAL_Driver/Src/stm32l4xx_hal_rcc_ex.c ****     case RCC_PERIPHCLK_I2C1:
1748:Drivers/STM32L4xx_HAL_Driver/Src/stm32l4xx_hal_rcc_ex.c ****       {
1749:Drivers/STM32L4xx_HAL_Driver/Src/stm32l4xx_hal_rcc_ex.c ****         /* Get the current I2C1 source */
1750:Drivers/STM32L4xx_HAL_Driver/Src/stm32l4xx_hal_rcc_ex.c ****         srcclk = __HAL_RCC_GET_I2C1_SOURCE();
1751:Drivers/STM32L4xx_HAL_Driver/Src/stm32l4xx_hal_rcc_ex.c **** 
1752:Drivers/STM32L4xx_HAL_Driver/Src/stm32l4xx_hal_rcc_ex.c ****         switch(srcclk)
1753:Drivers/STM32L4xx_HAL_Driver/Src/stm32l4xx_hal_rcc_ex.c ****         {
1754:Drivers/STM32L4xx_HAL_Driver/Src/stm32l4xx_hal_rcc_ex.c ****         case RCC_I2C1CLKSOURCE_PCLK1:
1755:Drivers/STM32L4xx_HAL_Driver/Src/stm32l4xx_hal_rcc_ex.c ****           frequency = HAL_RCC_GetPCLK1Freq();
1756:Drivers/STM32L4xx_HAL_Driver/Src/stm32l4xx_hal_rcc_ex.c ****           break;
1757:Drivers/STM32L4xx_HAL_Driver/Src/stm32l4xx_hal_rcc_ex.c ****         case RCC_I2C1CLKSOURCE_SYSCLK:
1758:Drivers/STM32L4xx_HAL_Driver/Src/stm32l4xx_hal_rcc_ex.c ****           frequency = HAL_RCC_GetSysClockFreq();
1759:Drivers/STM32L4xx_HAL_Driver/Src/stm32l4xx_hal_rcc_ex.c ****           break;
1760:Drivers/STM32L4xx_HAL_Driver/Src/stm32l4xx_hal_rcc_ex.c ****         case RCC_I2C1CLKSOURCE_HSI:
1761:Drivers/STM32L4xx_HAL_Driver/Src/stm32l4xx_hal_rcc_ex.c ****           if(HAL_IS_BIT_SET(RCC->CR, RCC_CR_HSIRDY))
1762:Drivers/STM32L4xx_HAL_Driver/Src/stm32l4xx_hal_rcc_ex.c ****           {
1763:Drivers/STM32L4xx_HAL_Driver/Src/stm32l4xx_hal_rcc_ex.c ****             frequency = HSI_VALUE;
1764:Drivers/STM32L4xx_HAL_Driver/Src/stm32l4xx_hal_rcc_ex.c ****           }
1765:Drivers/STM32L4xx_HAL_Driver/Src/stm32l4xx_hal_rcc_ex.c ****           break;
1766:Drivers/STM32L4xx_HAL_Driver/Src/stm32l4xx_hal_rcc_ex.c ****         default:
1767:Drivers/STM32L4xx_HAL_Driver/Src/stm32l4xx_hal_rcc_ex.c ****           /* No clock source, frequency default init at 0 */
1768:Drivers/STM32L4xx_HAL_Driver/Src/stm32l4xx_hal_rcc_ex.c ****           break;
1769:Drivers/STM32L4xx_HAL_Driver/Src/stm32l4xx_hal_rcc_ex.c ****         }
1770:Drivers/STM32L4xx_HAL_Driver/Src/stm32l4xx_hal_rcc_ex.c **** 
1771:Drivers/STM32L4xx_HAL_Driver/Src/stm32l4xx_hal_rcc_ex.c ****         break;
1772:Drivers/STM32L4xx_HAL_Driver/Src/stm32l4xx_hal_rcc_ex.c ****       }
1773:Drivers/STM32L4xx_HAL_Driver/Src/stm32l4xx_hal_rcc_ex.c **** 
1774:Drivers/STM32L4xx_HAL_Driver/Src/stm32l4xx_hal_rcc_ex.c **** #if defined(I2C2)
1775:Drivers/STM32L4xx_HAL_Driver/Src/stm32l4xx_hal_rcc_ex.c **** 
1776:Drivers/STM32L4xx_HAL_Driver/Src/stm32l4xx_hal_rcc_ex.c ****     case RCC_PERIPHCLK_I2C2:
1777:Drivers/STM32L4xx_HAL_Driver/Src/stm32l4xx_hal_rcc_ex.c ****       {
1778:Drivers/STM32L4xx_HAL_Driver/Src/stm32l4xx_hal_rcc_ex.c ****         /* Get the current I2C2 source */
1779:Drivers/STM32L4xx_HAL_Driver/Src/stm32l4xx_hal_rcc_ex.c ****         srcclk = __HAL_RCC_GET_I2C2_SOURCE();
1780:Drivers/STM32L4xx_HAL_Driver/Src/stm32l4xx_hal_rcc_ex.c **** 
1781:Drivers/STM32L4xx_HAL_Driver/Src/stm32l4xx_hal_rcc_ex.c ****         switch(srcclk)
1782:Drivers/STM32L4xx_HAL_Driver/Src/stm32l4xx_hal_rcc_ex.c ****         {
1783:Drivers/STM32L4xx_HAL_Driver/Src/stm32l4xx_hal_rcc_ex.c ****         case RCC_I2C2CLKSOURCE_PCLK1:
1784:Drivers/STM32L4xx_HAL_Driver/Src/stm32l4xx_hal_rcc_ex.c ****           frequency = HAL_RCC_GetPCLK1Freq();
1785:Drivers/STM32L4xx_HAL_Driver/Src/stm32l4xx_hal_rcc_ex.c ****           break;
1786:Drivers/STM32L4xx_HAL_Driver/Src/stm32l4xx_hal_rcc_ex.c ****         case RCC_I2C2CLKSOURCE_SYSCLK:
1787:Drivers/STM32L4xx_HAL_Driver/Src/stm32l4xx_hal_rcc_ex.c ****           frequency = HAL_RCC_GetSysClockFreq();
1788:Drivers/STM32L4xx_HAL_Driver/Src/stm32l4xx_hal_rcc_ex.c ****           break;
1789:Drivers/STM32L4xx_HAL_Driver/Src/stm32l4xx_hal_rcc_ex.c ****         case RCC_I2C2CLKSOURCE_HSI:
1790:Drivers/STM32L4xx_HAL_Driver/Src/stm32l4xx_hal_rcc_ex.c ****           if(HAL_IS_BIT_SET(RCC->CR, RCC_CR_HSIRDY))
1791:Drivers/STM32L4xx_HAL_Driver/Src/stm32l4xx_hal_rcc_ex.c ****           {
1792:Drivers/STM32L4xx_HAL_Driver/Src/stm32l4xx_hal_rcc_ex.c ****             frequency = HSI_VALUE;
1793:Drivers/STM32L4xx_HAL_Driver/Src/stm32l4xx_hal_rcc_ex.c ****           }
1794:Drivers/STM32L4xx_HAL_Driver/Src/stm32l4xx_hal_rcc_ex.c ****           break;
1795:Drivers/STM32L4xx_HAL_Driver/Src/stm32l4xx_hal_rcc_ex.c ****         default:
1796:Drivers/STM32L4xx_HAL_Driver/Src/stm32l4xx_hal_rcc_ex.c ****           /* No clock source, frequency default init at 0 */
1797:Drivers/STM32L4xx_HAL_Driver/Src/stm32l4xx_hal_rcc_ex.c ****           break;
ARM GAS  /tmp/ccFN0S9l.s 			page 33


1798:Drivers/STM32L4xx_HAL_Driver/Src/stm32l4xx_hal_rcc_ex.c ****         }
1799:Drivers/STM32L4xx_HAL_Driver/Src/stm32l4xx_hal_rcc_ex.c **** 
1800:Drivers/STM32L4xx_HAL_Driver/Src/stm32l4xx_hal_rcc_ex.c ****         break;
1801:Drivers/STM32L4xx_HAL_Driver/Src/stm32l4xx_hal_rcc_ex.c ****       }
1802:Drivers/STM32L4xx_HAL_Driver/Src/stm32l4xx_hal_rcc_ex.c **** 
1803:Drivers/STM32L4xx_HAL_Driver/Src/stm32l4xx_hal_rcc_ex.c **** #endif /* I2C2 */
1804:Drivers/STM32L4xx_HAL_Driver/Src/stm32l4xx_hal_rcc_ex.c **** 
1805:Drivers/STM32L4xx_HAL_Driver/Src/stm32l4xx_hal_rcc_ex.c ****     case RCC_PERIPHCLK_I2C3:
1806:Drivers/STM32L4xx_HAL_Driver/Src/stm32l4xx_hal_rcc_ex.c ****       {
1807:Drivers/STM32L4xx_HAL_Driver/Src/stm32l4xx_hal_rcc_ex.c ****         /* Get the current I2C3 source */
1808:Drivers/STM32L4xx_HAL_Driver/Src/stm32l4xx_hal_rcc_ex.c ****         srcclk = __HAL_RCC_GET_I2C3_SOURCE();
1809:Drivers/STM32L4xx_HAL_Driver/Src/stm32l4xx_hal_rcc_ex.c **** 
1810:Drivers/STM32L4xx_HAL_Driver/Src/stm32l4xx_hal_rcc_ex.c ****         switch(srcclk)
1811:Drivers/STM32L4xx_HAL_Driver/Src/stm32l4xx_hal_rcc_ex.c ****         {
1812:Drivers/STM32L4xx_HAL_Driver/Src/stm32l4xx_hal_rcc_ex.c ****         case RCC_I2C3CLKSOURCE_PCLK1:
1813:Drivers/STM32L4xx_HAL_Driver/Src/stm32l4xx_hal_rcc_ex.c ****           frequency = HAL_RCC_GetPCLK1Freq();
1814:Drivers/STM32L4xx_HAL_Driver/Src/stm32l4xx_hal_rcc_ex.c ****           break;
1815:Drivers/STM32L4xx_HAL_Driver/Src/stm32l4xx_hal_rcc_ex.c ****         case RCC_I2C3CLKSOURCE_SYSCLK:
1816:Drivers/STM32L4xx_HAL_Driver/Src/stm32l4xx_hal_rcc_ex.c ****           frequency = HAL_RCC_GetSysClockFreq();
1817:Drivers/STM32L4xx_HAL_Driver/Src/stm32l4xx_hal_rcc_ex.c ****           break;
1818:Drivers/STM32L4xx_HAL_Driver/Src/stm32l4xx_hal_rcc_ex.c ****         case RCC_I2C3CLKSOURCE_HSI:
1819:Drivers/STM32L4xx_HAL_Driver/Src/stm32l4xx_hal_rcc_ex.c ****           if(HAL_IS_BIT_SET(RCC->CR, RCC_CR_HSIRDY))
1820:Drivers/STM32L4xx_HAL_Driver/Src/stm32l4xx_hal_rcc_ex.c ****           {
1821:Drivers/STM32L4xx_HAL_Driver/Src/stm32l4xx_hal_rcc_ex.c ****             frequency = HSI_VALUE;
1822:Drivers/STM32L4xx_HAL_Driver/Src/stm32l4xx_hal_rcc_ex.c ****           }
1823:Drivers/STM32L4xx_HAL_Driver/Src/stm32l4xx_hal_rcc_ex.c ****           break;
1824:Drivers/STM32L4xx_HAL_Driver/Src/stm32l4xx_hal_rcc_ex.c ****         default:
1825:Drivers/STM32L4xx_HAL_Driver/Src/stm32l4xx_hal_rcc_ex.c ****           /* No clock source, frequency default init at 0 */
1826:Drivers/STM32L4xx_HAL_Driver/Src/stm32l4xx_hal_rcc_ex.c ****           break;
1827:Drivers/STM32L4xx_HAL_Driver/Src/stm32l4xx_hal_rcc_ex.c ****         }
1828:Drivers/STM32L4xx_HAL_Driver/Src/stm32l4xx_hal_rcc_ex.c **** 
1829:Drivers/STM32L4xx_HAL_Driver/Src/stm32l4xx_hal_rcc_ex.c ****         break;
1830:Drivers/STM32L4xx_HAL_Driver/Src/stm32l4xx_hal_rcc_ex.c ****       }
1831:Drivers/STM32L4xx_HAL_Driver/Src/stm32l4xx_hal_rcc_ex.c **** 
1832:Drivers/STM32L4xx_HAL_Driver/Src/stm32l4xx_hal_rcc_ex.c **** #if defined(I2C4)
1833:Drivers/STM32L4xx_HAL_Driver/Src/stm32l4xx_hal_rcc_ex.c **** 
1834:Drivers/STM32L4xx_HAL_Driver/Src/stm32l4xx_hal_rcc_ex.c ****     case RCC_PERIPHCLK_I2C4:
1835:Drivers/STM32L4xx_HAL_Driver/Src/stm32l4xx_hal_rcc_ex.c ****       {
1836:Drivers/STM32L4xx_HAL_Driver/Src/stm32l4xx_hal_rcc_ex.c ****         /* Get the current I2C4 source */
1837:Drivers/STM32L4xx_HAL_Driver/Src/stm32l4xx_hal_rcc_ex.c ****         srcclk = __HAL_RCC_GET_I2C4_SOURCE();
1838:Drivers/STM32L4xx_HAL_Driver/Src/stm32l4xx_hal_rcc_ex.c **** 
1839:Drivers/STM32L4xx_HAL_Driver/Src/stm32l4xx_hal_rcc_ex.c ****         switch(srcclk)
1840:Drivers/STM32L4xx_HAL_Driver/Src/stm32l4xx_hal_rcc_ex.c ****         {
1841:Drivers/STM32L4xx_HAL_Driver/Src/stm32l4xx_hal_rcc_ex.c ****         case RCC_I2C4CLKSOURCE_PCLK1:
1842:Drivers/STM32L4xx_HAL_Driver/Src/stm32l4xx_hal_rcc_ex.c ****           frequency = HAL_RCC_GetPCLK1Freq();
1843:Drivers/STM32L4xx_HAL_Driver/Src/stm32l4xx_hal_rcc_ex.c ****           break;
1844:Drivers/STM32L4xx_HAL_Driver/Src/stm32l4xx_hal_rcc_ex.c ****         case RCC_I2C4CLKSOURCE_SYSCLK:
1845:Drivers/STM32L4xx_HAL_Driver/Src/stm32l4xx_hal_rcc_ex.c ****           frequency = HAL_RCC_GetSysClockFreq();
1846:Drivers/STM32L4xx_HAL_Driver/Src/stm32l4xx_hal_rcc_ex.c ****           break;
1847:Drivers/STM32L4xx_HAL_Driver/Src/stm32l4xx_hal_rcc_ex.c ****         case RCC_I2C4CLKSOURCE_HSI:
1848:Drivers/STM32L4xx_HAL_Driver/Src/stm32l4xx_hal_rcc_ex.c ****           if(HAL_IS_BIT_SET(RCC->CR, RCC_CR_HSIRDY))
1849:Drivers/STM32L4xx_HAL_Driver/Src/stm32l4xx_hal_rcc_ex.c ****           {
1850:Drivers/STM32L4xx_HAL_Driver/Src/stm32l4xx_hal_rcc_ex.c ****             frequency = HSI_VALUE;
1851:Drivers/STM32L4xx_HAL_Driver/Src/stm32l4xx_hal_rcc_ex.c ****           }
1852:Drivers/STM32L4xx_HAL_Driver/Src/stm32l4xx_hal_rcc_ex.c ****           break;
1853:Drivers/STM32L4xx_HAL_Driver/Src/stm32l4xx_hal_rcc_ex.c ****         default:
1854:Drivers/STM32L4xx_HAL_Driver/Src/stm32l4xx_hal_rcc_ex.c ****           /* No clock source, frequency default init at 0 */
ARM GAS  /tmp/ccFN0S9l.s 			page 34


1855:Drivers/STM32L4xx_HAL_Driver/Src/stm32l4xx_hal_rcc_ex.c ****           break;
1856:Drivers/STM32L4xx_HAL_Driver/Src/stm32l4xx_hal_rcc_ex.c ****         }
1857:Drivers/STM32L4xx_HAL_Driver/Src/stm32l4xx_hal_rcc_ex.c **** 
1858:Drivers/STM32L4xx_HAL_Driver/Src/stm32l4xx_hal_rcc_ex.c ****         break;
1859:Drivers/STM32L4xx_HAL_Driver/Src/stm32l4xx_hal_rcc_ex.c ****       }
1860:Drivers/STM32L4xx_HAL_Driver/Src/stm32l4xx_hal_rcc_ex.c **** 
1861:Drivers/STM32L4xx_HAL_Driver/Src/stm32l4xx_hal_rcc_ex.c **** #endif /* I2C4 */
1862:Drivers/STM32L4xx_HAL_Driver/Src/stm32l4xx_hal_rcc_ex.c **** 
1863:Drivers/STM32L4xx_HAL_Driver/Src/stm32l4xx_hal_rcc_ex.c ****     case RCC_PERIPHCLK_LPTIM1:
1864:Drivers/STM32L4xx_HAL_Driver/Src/stm32l4xx_hal_rcc_ex.c ****       {
1865:Drivers/STM32L4xx_HAL_Driver/Src/stm32l4xx_hal_rcc_ex.c ****         /* Get the current LPTIM1 source */
1866:Drivers/STM32L4xx_HAL_Driver/Src/stm32l4xx_hal_rcc_ex.c ****         srcclk = __HAL_RCC_GET_LPTIM1_SOURCE();
1867:Drivers/STM32L4xx_HAL_Driver/Src/stm32l4xx_hal_rcc_ex.c **** 
1868:Drivers/STM32L4xx_HAL_Driver/Src/stm32l4xx_hal_rcc_ex.c ****         switch(srcclk)
1869:Drivers/STM32L4xx_HAL_Driver/Src/stm32l4xx_hal_rcc_ex.c ****         {
1870:Drivers/STM32L4xx_HAL_Driver/Src/stm32l4xx_hal_rcc_ex.c ****         case RCC_LPTIM1CLKSOURCE_PCLK1:
1871:Drivers/STM32L4xx_HAL_Driver/Src/stm32l4xx_hal_rcc_ex.c ****           frequency = HAL_RCC_GetPCLK1Freq();
1872:Drivers/STM32L4xx_HAL_Driver/Src/stm32l4xx_hal_rcc_ex.c ****           break;
1873:Drivers/STM32L4xx_HAL_Driver/Src/stm32l4xx_hal_rcc_ex.c ****         case RCC_LPTIM1CLKSOURCE_LSI:
1874:Drivers/STM32L4xx_HAL_Driver/Src/stm32l4xx_hal_rcc_ex.c ****           if(HAL_IS_BIT_SET(RCC->CSR, RCC_CSR_LSIRDY))
1875:Drivers/STM32L4xx_HAL_Driver/Src/stm32l4xx_hal_rcc_ex.c ****           {
1876:Drivers/STM32L4xx_HAL_Driver/Src/stm32l4xx_hal_rcc_ex.c **** #if defined(RCC_CSR_LSIPREDIV)
1877:Drivers/STM32L4xx_HAL_Driver/Src/stm32l4xx_hal_rcc_ex.c ****             if(HAL_IS_BIT_SET(RCC->CSR, RCC_CSR_LSIPREDIV))
1878:Drivers/STM32L4xx_HAL_Driver/Src/stm32l4xx_hal_rcc_ex.c ****             {
1879:Drivers/STM32L4xx_HAL_Driver/Src/stm32l4xx_hal_rcc_ex.c ****               frequency = LSI_VALUE/128U;
1880:Drivers/STM32L4xx_HAL_Driver/Src/stm32l4xx_hal_rcc_ex.c ****             }
1881:Drivers/STM32L4xx_HAL_Driver/Src/stm32l4xx_hal_rcc_ex.c ****             else
1882:Drivers/STM32L4xx_HAL_Driver/Src/stm32l4xx_hal_rcc_ex.c **** #endif /* RCC_CSR_LSIPREDIV */
1883:Drivers/STM32L4xx_HAL_Driver/Src/stm32l4xx_hal_rcc_ex.c ****             {
1884:Drivers/STM32L4xx_HAL_Driver/Src/stm32l4xx_hal_rcc_ex.c ****               frequency = LSI_VALUE;
1885:Drivers/STM32L4xx_HAL_Driver/Src/stm32l4xx_hal_rcc_ex.c ****             }
1886:Drivers/STM32L4xx_HAL_Driver/Src/stm32l4xx_hal_rcc_ex.c ****           }
1887:Drivers/STM32L4xx_HAL_Driver/Src/stm32l4xx_hal_rcc_ex.c ****           break;
1888:Drivers/STM32L4xx_HAL_Driver/Src/stm32l4xx_hal_rcc_ex.c ****         case RCC_LPTIM1CLKSOURCE_HSI:
1889:Drivers/STM32L4xx_HAL_Driver/Src/stm32l4xx_hal_rcc_ex.c ****           if(HAL_IS_BIT_SET(RCC->CR, RCC_CR_HSIRDY))
1890:Drivers/STM32L4xx_HAL_Driver/Src/stm32l4xx_hal_rcc_ex.c ****           {
1891:Drivers/STM32L4xx_HAL_Driver/Src/stm32l4xx_hal_rcc_ex.c ****             frequency = HSI_VALUE;
1892:Drivers/STM32L4xx_HAL_Driver/Src/stm32l4xx_hal_rcc_ex.c ****           }
1893:Drivers/STM32L4xx_HAL_Driver/Src/stm32l4xx_hal_rcc_ex.c ****           break;
1894:Drivers/STM32L4xx_HAL_Driver/Src/stm32l4xx_hal_rcc_ex.c ****         case RCC_LPTIM1CLKSOURCE_LSE:
1895:Drivers/STM32L4xx_HAL_Driver/Src/stm32l4xx_hal_rcc_ex.c ****           if(HAL_IS_BIT_SET(RCC->BDCR, RCC_BDCR_LSERDY))
1896:Drivers/STM32L4xx_HAL_Driver/Src/stm32l4xx_hal_rcc_ex.c ****           {
1897:Drivers/STM32L4xx_HAL_Driver/Src/stm32l4xx_hal_rcc_ex.c ****             frequency = LSE_VALUE;
1898:Drivers/STM32L4xx_HAL_Driver/Src/stm32l4xx_hal_rcc_ex.c ****           }
1899:Drivers/STM32L4xx_HAL_Driver/Src/stm32l4xx_hal_rcc_ex.c ****           break;
1900:Drivers/STM32L4xx_HAL_Driver/Src/stm32l4xx_hal_rcc_ex.c ****         default:
1901:Drivers/STM32L4xx_HAL_Driver/Src/stm32l4xx_hal_rcc_ex.c ****           /* No clock source, frequency default init at 0 */
1902:Drivers/STM32L4xx_HAL_Driver/Src/stm32l4xx_hal_rcc_ex.c ****           break;
1903:Drivers/STM32L4xx_HAL_Driver/Src/stm32l4xx_hal_rcc_ex.c ****         }
1904:Drivers/STM32L4xx_HAL_Driver/Src/stm32l4xx_hal_rcc_ex.c **** 
1905:Drivers/STM32L4xx_HAL_Driver/Src/stm32l4xx_hal_rcc_ex.c ****         break;
1906:Drivers/STM32L4xx_HAL_Driver/Src/stm32l4xx_hal_rcc_ex.c ****       }
1907:Drivers/STM32L4xx_HAL_Driver/Src/stm32l4xx_hal_rcc_ex.c **** 
1908:Drivers/STM32L4xx_HAL_Driver/Src/stm32l4xx_hal_rcc_ex.c ****     case RCC_PERIPHCLK_LPTIM2:
1909:Drivers/STM32L4xx_HAL_Driver/Src/stm32l4xx_hal_rcc_ex.c ****       {
1910:Drivers/STM32L4xx_HAL_Driver/Src/stm32l4xx_hal_rcc_ex.c ****         /* Get the current LPTIM2 source */
1911:Drivers/STM32L4xx_HAL_Driver/Src/stm32l4xx_hal_rcc_ex.c ****        srcclk = __HAL_RCC_GET_LPTIM2_SOURCE();
ARM GAS  /tmp/ccFN0S9l.s 			page 35


1912:Drivers/STM32L4xx_HAL_Driver/Src/stm32l4xx_hal_rcc_ex.c **** 
1913:Drivers/STM32L4xx_HAL_Driver/Src/stm32l4xx_hal_rcc_ex.c ****         switch(srcclk)
1914:Drivers/STM32L4xx_HAL_Driver/Src/stm32l4xx_hal_rcc_ex.c ****         {
1915:Drivers/STM32L4xx_HAL_Driver/Src/stm32l4xx_hal_rcc_ex.c ****         case RCC_LPTIM2CLKSOURCE_PCLK1:
1916:Drivers/STM32L4xx_HAL_Driver/Src/stm32l4xx_hal_rcc_ex.c ****           frequency = HAL_RCC_GetPCLK1Freq();
1917:Drivers/STM32L4xx_HAL_Driver/Src/stm32l4xx_hal_rcc_ex.c ****           break;
1918:Drivers/STM32L4xx_HAL_Driver/Src/stm32l4xx_hal_rcc_ex.c ****         case RCC_LPTIM2CLKSOURCE_LSI:
1919:Drivers/STM32L4xx_HAL_Driver/Src/stm32l4xx_hal_rcc_ex.c ****           if(HAL_IS_BIT_SET(RCC->CSR, RCC_CSR_LSIRDY))
1920:Drivers/STM32L4xx_HAL_Driver/Src/stm32l4xx_hal_rcc_ex.c ****           {
1921:Drivers/STM32L4xx_HAL_Driver/Src/stm32l4xx_hal_rcc_ex.c **** #if defined(RCC_CSR_LSIPREDIV)
1922:Drivers/STM32L4xx_HAL_Driver/Src/stm32l4xx_hal_rcc_ex.c ****             if(HAL_IS_BIT_SET(RCC->CSR, RCC_CSR_LSIPREDIV))
1923:Drivers/STM32L4xx_HAL_Driver/Src/stm32l4xx_hal_rcc_ex.c ****             {
1924:Drivers/STM32L4xx_HAL_Driver/Src/stm32l4xx_hal_rcc_ex.c ****               frequency = LSI_VALUE/128U;
1925:Drivers/STM32L4xx_HAL_Driver/Src/stm32l4xx_hal_rcc_ex.c ****             }
1926:Drivers/STM32L4xx_HAL_Driver/Src/stm32l4xx_hal_rcc_ex.c ****             else
1927:Drivers/STM32L4xx_HAL_Driver/Src/stm32l4xx_hal_rcc_ex.c **** #endif /* RCC_CSR_LSIPREDIV */
1928:Drivers/STM32L4xx_HAL_Driver/Src/stm32l4xx_hal_rcc_ex.c ****             {
1929:Drivers/STM32L4xx_HAL_Driver/Src/stm32l4xx_hal_rcc_ex.c ****               frequency = LSI_VALUE;
1930:Drivers/STM32L4xx_HAL_Driver/Src/stm32l4xx_hal_rcc_ex.c ****             }
1931:Drivers/STM32L4xx_HAL_Driver/Src/stm32l4xx_hal_rcc_ex.c ****           }
1932:Drivers/STM32L4xx_HAL_Driver/Src/stm32l4xx_hal_rcc_ex.c ****           break;
1933:Drivers/STM32L4xx_HAL_Driver/Src/stm32l4xx_hal_rcc_ex.c ****         case RCC_LPTIM2CLKSOURCE_HSI:
1934:Drivers/STM32L4xx_HAL_Driver/Src/stm32l4xx_hal_rcc_ex.c ****           if(HAL_IS_BIT_SET(RCC->CR, RCC_CR_HSIRDY))
1935:Drivers/STM32L4xx_HAL_Driver/Src/stm32l4xx_hal_rcc_ex.c ****           {
1936:Drivers/STM32L4xx_HAL_Driver/Src/stm32l4xx_hal_rcc_ex.c ****             frequency = HSI_VALUE;
1937:Drivers/STM32L4xx_HAL_Driver/Src/stm32l4xx_hal_rcc_ex.c ****           }
1938:Drivers/STM32L4xx_HAL_Driver/Src/stm32l4xx_hal_rcc_ex.c ****           break;
1939:Drivers/STM32L4xx_HAL_Driver/Src/stm32l4xx_hal_rcc_ex.c ****         case RCC_LPTIM2CLKSOURCE_LSE:
1940:Drivers/STM32L4xx_HAL_Driver/Src/stm32l4xx_hal_rcc_ex.c ****           if(HAL_IS_BIT_SET(RCC->BDCR, RCC_BDCR_LSERDY))
1941:Drivers/STM32L4xx_HAL_Driver/Src/stm32l4xx_hal_rcc_ex.c ****           {
1942:Drivers/STM32L4xx_HAL_Driver/Src/stm32l4xx_hal_rcc_ex.c ****             frequency = LSE_VALUE;
1943:Drivers/STM32L4xx_HAL_Driver/Src/stm32l4xx_hal_rcc_ex.c ****           }
1944:Drivers/STM32L4xx_HAL_Driver/Src/stm32l4xx_hal_rcc_ex.c ****           break;
1945:Drivers/STM32L4xx_HAL_Driver/Src/stm32l4xx_hal_rcc_ex.c ****         default:
1946:Drivers/STM32L4xx_HAL_Driver/Src/stm32l4xx_hal_rcc_ex.c ****           /* No clock source, frequency default init at 0 */
1947:Drivers/STM32L4xx_HAL_Driver/Src/stm32l4xx_hal_rcc_ex.c ****           break;
1948:Drivers/STM32L4xx_HAL_Driver/Src/stm32l4xx_hal_rcc_ex.c ****         }
1949:Drivers/STM32L4xx_HAL_Driver/Src/stm32l4xx_hal_rcc_ex.c **** 
1950:Drivers/STM32L4xx_HAL_Driver/Src/stm32l4xx_hal_rcc_ex.c ****         break;
1951:Drivers/STM32L4xx_HAL_Driver/Src/stm32l4xx_hal_rcc_ex.c ****       }
1952:Drivers/STM32L4xx_HAL_Driver/Src/stm32l4xx_hal_rcc_ex.c **** 
1953:Drivers/STM32L4xx_HAL_Driver/Src/stm32l4xx_hal_rcc_ex.c **** #if defined(SWPMI1)
1954:Drivers/STM32L4xx_HAL_Driver/Src/stm32l4xx_hal_rcc_ex.c **** 
1955:Drivers/STM32L4xx_HAL_Driver/Src/stm32l4xx_hal_rcc_ex.c ****     case RCC_PERIPHCLK_SWPMI1:
1956:Drivers/STM32L4xx_HAL_Driver/Src/stm32l4xx_hal_rcc_ex.c ****       {
1957:Drivers/STM32L4xx_HAL_Driver/Src/stm32l4xx_hal_rcc_ex.c ****         /* Get the current SWPMI1 source */
1958:Drivers/STM32L4xx_HAL_Driver/Src/stm32l4xx_hal_rcc_ex.c ****         srcclk = __HAL_RCC_GET_SWPMI1_SOURCE();
1959:Drivers/STM32L4xx_HAL_Driver/Src/stm32l4xx_hal_rcc_ex.c **** 
1960:Drivers/STM32L4xx_HAL_Driver/Src/stm32l4xx_hal_rcc_ex.c ****         switch(srcclk)
1961:Drivers/STM32L4xx_HAL_Driver/Src/stm32l4xx_hal_rcc_ex.c ****         {
1962:Drivers/STM32L4xx_HAL_Driver/Src/stm32l4xx_hal_rcc_ex.c ****         case RCC_SWPMI1CLKSOURCE_PCLK1:
1963:Drivers/STM32L4xx_HAL_Driver/Src/stm32l4xx_hal_rcc_ex.c ****           frequency = HAL_RCC_GetPCLK1Freq();
1964:Drivers/STM32L4xx_HAL_Driver/Src/stm32l4xx_hal_rcc_ex.c ****           break;
1965:Drivers/STM32L4xx_HAL_Driver/Src/stm32l4xx_hal_rcc_ex.c ****         case RCC_SWPMI1CLKSOURCE_HSI:
1966:Drivers/STM32L4xx_HAL_Driver/Src/stm32l4xx_hal_rcc_ex.c ****           if(HAL_IS_BIT_SET(RCC->CR, RCC_CR_HSIRDY))
1967:Drivers/STM32L4xx_HAL_Driver/Src/stm32l4xx_hal_rcc_ex.c ****           {
1968:Drivers/STM32L4xx_HAL_Driver/Src/stm32l4xx_hal_rcc_ex.c ****             frequency = HSI_VALUE;
ARM GAS  /tmp/ccFN0S9l.s 			page 36


1969:Drivers/STM32L4xx_HAL_Driver/Src/stm32l4xx_hal_rcc_ex.c ****           }
1970:Drivers/STM32L4xx_HAL_Driver/Src/stm32l4xx_hal_rcc_ex.c ****           break;
1971:Drivers/STM32L4xx_HAL_Driver/Src/stm32l4xx_hal_rcc_ex.c ****         default:
1972:Drivers/STM32L4xx_HAL_Driver/Src/stm32l4xx_hal_rcc_ex.c ****           /* No clock source, frequency default init at 0 */
1973:Drivers/STM32L4xx_HAL_Driver/Src/stm32l4xx_hal_rcc_ex.c ****           break;
1974:Drivers/STM32L4xx_HAL_Driver/Src/stm32l4xx_hal_rcc_ex.c ****         }
1975:Drivers/STM32L4xx_HAL_Driver/Src/stm32l4xx_hal_rcc_ex.c **** 
1976:Drivers/STM32L4xx_HAL_Driver/Src/stm32l4xx_hal_rcc_ex.c ****         break;
1977:Drivers/STM32L4xx_HAL_Driver/Src/stm32l4xx_hal_rcc_ex.c ****       }
1978:Drivers/STM32L4xx_HAL_Driver/Src/stm32l4xx_hal_rcc_ex.c **** 
1979:Drivers/STM32L4xx_HAL_Driver/Src/stm32l4xx_hal_rcc_ex.c **** #endif /* SWPMI1 */
1980:Drivers/STM32L4xx_HAL_Driver/Src/stm32l4xx_hal_rcc_ex.c **** 
1981:Drivers/STM32L4xx_HAL_Driver/Src/stm32l4xx_hal_rcc_ex.c **** #if defined(OCTOSPI1) || defined(OCTOSPI2)
1982:Drivers/STM32L4xx_HAL_Driver/Src/stm32l4xx_hal_rcc_ex.c **** 
1983:Drivers/STM32L4xx_HAL_Driver/Src/stm32l4xx_hal_rcc_ex.c ****     case RCC_PERIPHCLK_OSPI:
1984:Drivers/STM32L4xx_HAL_Driver/Src/stm32l4xx_hal_rcc_ex.c ****       {
1985:Drivers/STM32L4xx_HAL_Driver/Src/stm32l4xx_hal_rcc_ex.c ****         /* Get the current OctoSPI clock source */
1986:Drivers/STM32L4xx_HAL_Driver/Src/stm32l4xx_hal_rcc_ex.c ****         srcclk = __HAL_RCC_GET_OSPI_SOURCE();
1987:Drivers/STM32L4xx_HAL_Driver/Src/stm32l4xx_hal_rcc_ex.c **** 
1988:Drivers/STM32L4xx_HAL_Driver/Src/stm32l4xx_hal_rcc_ex.c ****         switch(srcclk)
1989:Drivers/STM32L4xx_HAL_Driver/Src/stm32l4xx_hal_rcc_ex.c ****         {
1990:Drivers/STM32L4xx_HAL_Driver/Src/stm32l4xx_hal_rcc_ex.c ****         case RCC_OSPICLKSOURCE_SYSCLK:
1991:Drivers/STM32L4xx_HAL_Driver/Src/stm32l4xx_hal_rcc_ex.c ****           frequency = HAL_RCC_GetSysClockFreq();
1992:Drivers/STM32L4xx_HAL_Driver/Src/stm32l4xx_hal_rcc_ex.c ****           break;
1993:Drivers/STM32L4xx_HAL_Driver/Src/stm32l4xx_hal_rcc_ex.c ****         case RCC_OSPICLKSOURCE_MSI:
1994:Drivers/STM32L4xx_HAL_Driver/Src/stm32l4xx_hal_rcc_ex.c ****           if(HAL_IS_BIT_SET(RCC->CR, RCC_CR_MSIRDY))
1995:Drivers/STM32L4xx_HAL_Driver/Src/stm32l4xx_hal_rcc_ex.c ****           {
1996:Drivers/STM32L4xx_HAL_Driver/Src/stm32l4xx_hal_rcc_ex.c ****             /*MSI frequency range in HZ*/
1997:Drivers/STM32L4xx_HAL_Driver/Src/stm32l4xx_hal_rcc_ex.c ****             frequency = MSIRangeTable[(__HAL_RCC_GET_MSI_RANGE() >> 4U)];
1998:Drivers/STM32L4xx_HAL_Driver/Src/stm32l4xx_hal_rcc_ex.c ****           }
1999:Drivers/STM32L4xx_HAL_Driver/Src/stm32l4xx_hal_rcc_ex.c ****           break;
2000:Drivers/STM32L4xx_HAL_Driver/Src/stm32l4xx_hal_rcc_ex.c ****         case RCC_OSPICLKSOURCE_PLL:
2001:Drivers/STM32L4xx_HAL_Driver/Src/stm32l4xx_hal_rcc_ex.c ****           if(HAL_IS_BIT_SET(RCC->CR, RCC_CR_PLLRDY))
2002:Drivers/STM32L4xx_HAL_Driver/Src/stm32l4xx_hal_rcc_ex.c ****           {
2003:Drivers/STM32L4xx_HAL_Driver/Src/stm32l4xx_hal_rcc_ex.c ****             if(HAL_IS_BIT_SET(RCC->PLLCFGR, RCC_PLLCFGR_PLLQEN))
2004:Drivers/STM32L4xx_HAL_Driver/Src/stm32l4xx_hal_rcc_ex.c ****             {
2005:Drivers/STM32L4xx_HAL_Driver/Src/stm32l4xx_hal_rcc_ex.c ****               /* f(PLL Source) * PLLN / PLLM */
2006:Drivers/STM32L4xx_HAL_Driver/Src/stm32l4xx_hal_rcc_ex.c ****               plln = READ_BIT(RCC->PLLCFGR, RCC_PLLCFGR_PLLN) >> RCC_PLLCFGR_PLLN_Pos;
2007:Drivers/STM32L4xx_HAL_Driver/Src/stm32l4xx_hal_rcc_ex.c ****               pllvco = ((pllvco * plln) / ((READ_BIT(RCC->PLLCFGR, RCC_PLLCFGR_PLLM) >> RCC_PLLCFGR
2008:Drivers/STM32L4xx_HAL_Driver/Src/stm32l4xx_hal_rcc_ex.c ****               /* f(PLL48M1CLK) = f(VCO input) / PLLQ */
2009:Drivers/STM32L4xx_HAL_Driver/Src/stm32l4xx_hal_rcc_ex.c ****               frequency = (pllvco / (((READ_BIT(RCC->PLLCFGR, RCC_PLLCFGR_PLLQ) >> RCC_PLLCFGR_PLLQ
2010:Drivers/STM32L4xx_HAL_Driver/Src/stm32l4xx_hal_rcc_ex.c ****             }
2011:Drivers/STM32L4xx_HAL_Driver/Src/stm32l4xx_hal_rcc_ex.c ****           }
2012:Drivers/STM32L4xx_HAL_Driver/Src/stm32l4xx_hal_rcc_ex.c ****           break;
2013:Drivers/STM32L4xx_HAL_Driver/Src/stm32l4xx_hal_rcc_ex.c ****         default:
2014:Drivers/STM32L4xx_HAL_Driver/Src/stm32l4xx_hal_rcc_ex.c ****           /* No clock source, frequency default init at 0 */
2015:Drivers/STM32L4xx_HAL_Driver/Src/stm32l4xx_hal_rcc_ex.c ****           break;
2016:Drivers/STM32L4xx_HAL_Driver/Src/stm32l4xx_hal_rcc_ex.c ****         }
2017:Drivers/STM32L4xx_HAL_Driver/Src/stm32l4xx_hal_rcc_ex.c **** 
2018:Drivers/STM32L4xx_HAL_Driver/Src/stm32l4xx_hal_rcc_ex.c ****         break;
2019:Drivers/STM32L4xx_HAL_Driver/Src/stm32l4xx_hal_rcc_ex.c ****       }
2020:Drivers/STM32L4xx_HAL_Driver/Src/stm32l4xx_hal_rcc_ex.c **** 
2021:Drivers/STM32L4xx_HAL_Driver/Src/stm32l4xx_hal_rcc_ex.c **** #endif /* OCTOSPI1 || OCTOSPI2 */
2022:Drivers/STM32L4xx_HAL_Driver/Src/stm32l4xx_hal_rcc_ex.c **** 
2023:Drivers/STM32L4xx_HAL_Driver/Src/stm32l4xx_hal_rcc_ex.c ****     default:
2024:Drivers/STM32L4xx_HAL_Driver/Src/stm32l4xx_hal_rcc_ex.c ****       break;
2025:Drivers/STM32L4xx_HAL_Driver/Src/stm32l4xx_hal_rcc_ex.c ****     }
ARM GAS  /tmp/ccFN0S9l.s 			page 37


2026:Drivers/STM32L4xx_HAL_Driver/Src/stm32l4xx_hal_rcc_ex.c ****   }
2027:Drivers/STM32L4xx_HAL_Driver/Src/stm32l4xx_hal_rcc_ex.c **** 
2028:Drivers/STM32L4xx_HAL_Driver/Src/stm32l4xx_hal_rcc_ex.c ****   return(frequency);
2029:Drivers/STM32L4xx_HAL_Driver/Src/stm32l4xx_hal_rcc_ex.c **** }
2030:Drivers/STM32L4xx_HAL_Driver/Src/stm32l4xx_hal_rcc_ex.c **** 
2031:Drivers/STM32L4xx_HAL_Driver/Src/stm32l4xx_hal_rcc_ex.c **** /**
2032:Drivers/STM32L4xx_HAL_Driver/Src/stm32l4xx_hal_rcc_ex.c ****   * @}
2033:Drivers/STM32L4xx_HAL_Driver/Src/stm32l4xx_hal_rcc_ex.c ****   */
2034:Drivers/STM32L4xx_HAL_Driver/Src/stm32l4xx_hal_rcc_ex.c **** 
2035:Drivers/STM32L4xx_HAL_Driver/Src/stm32l4xx_hal_rcc_ex.c **** /** @defgroup RCCEx_Exported_Functions_Group2 Extended Clock management functions
2036:Drivers/STM32L4xx_HAL_Driver/Src/stm32l4xx_hal_rcc_ex.c ****  *  @brief  Extended Clock management functions
2037:Drivers/STM32L4xx_HAL_Driver/Src/stm32l4xx_hal_rcc_ex.c ****  *
2038:Drivers/STM32L4xx_HAL_Driver/Src/stm32l4xx_hal_rcc_ex.c **** @verbatim
2039:Drivers/STM32L4xx_HAL_Driver/Src/stm32l4xx_hal_rcc_ex.c ****  ===============================================================================
2040:Drivers/STM32L4xx_HAL_Driver/Src/stm32l4xx_hal_rcc_ex.c ****                 ##### Extended clock management functions  #####
2041:Drivers/STM32L4xx_HAL_Driver/Src/stm32l4xx_hal_rcc_ex.c ****  ===============================================================================
2042:Drivers/STM32L4xx_HAL_Driver/Src/stm32l4xx_hal_rcc_ex.c ****     [..]
2043:Drivers/STM32L4xx_HAL_Driver/Src/stm32l4xx_hal_rcc_ex.c ****     This subsection provides a set of functions allowing to control the
2044:Drivers/STM32L4xx_HAL_Driver/Src/stm32l4xx_hal_rcc_ex.c ****     activation or deactivation of MSI PLL-mode, PLLSAI1, PLLSAI2, LSE CSS,
2045:Drivers/STM32L4xx_HAL_Driver/Src/stm32l4xx_hal_rcc_ex.c ****     Low speed clock output and clock after wake-up from STOP mode.
2046:Drivers/STM32L4xx_HAL_Driver/Src/stm32l4xx_hal_rcc_ex.c **** @endverbatim
2047:Drivers/STM32L4xx_HAL_Driver/Src/stm32l4xx_hal_rcc_ex.c ****   * @{
2048:Drivers/STM32L4xx_HAL_Driver/Src/stm32l4xx_hal_rcc_ex.c ****   */
2049:Drivers/STM32L4xx_HAL_Driver/Src/stm32l4xx_hal_rcc_ex.c **** 
2050:Drivers/STM32L4xx_HAL_Driver/Src/stm32l4xx_hal_rcc_ex.c **** #if defined(RCC_PLLSAI1_SUPPORT)
2051:Drivers/STM32L4xx_HAL_Driver/Src/stm32l4xx_hal_rcc_ex.c **** 
2052:Drivers/STM32L4xx_HAL_Driver/Src/stm32l4xx_hal_rcc_ex.c **** /**
2053:Drivers/STM32L4xx_HAL_Driver/Src/stm32l4xx_hal_rcc_ex.c ****   * @brief  Enable PLLSAI1.
2054:Drivers/STM32L4xx_HAL_Driver/Src/stm32l4xx_hal_rcc_ex.c ****   * @param  PLLSAI1Init  pointer to an RCC_PLLSAI1InitTypeDef structure that
2055:Drivers/STM32L4xx_HAL_Driver/Src/stm32l4xx_hal_rcc_ex.c ****   *         contains the configuration information for the PLLSAI1
2056:Drivers/STM32L4xx_HAL_Driver/Src/stm32l4xx_hal_rcc_ex.c ****   * @retval HAL status
2057:Drivers/STM32L4xx_HAL_Driver/Src/stm32l4xx_hal_rcc_ex.c ****   */
2058:Drivers/STM32L4xx_HAL_Driver/Src/stm32l4xx_hal_rcc_ex.c **** HAL_StatusTypeDef HAL_RCCEx_EnablePLLSAI1(RCC_PLLSAI1InitTypeDef  *PLLSAI1Init)
2059:Drivers/STM32L4xx_HAL_Driver/Src/stm32l4xx_hal_rcc_ex.c **** {
2060:Drivers/STM32L4xx_HAL_Driver/Src/stm32l4xx_hal_rcc_ex.c ****   uint32_t tickstart;
2061:Drivers/STM32L4xx_HAL_Driver/Src/stm32l4xx_hal_rcc_ex.c ****   HAL_StatusTypeDef status = HAL_OK;
2062:Drivers/STM32L4xx_HAL_Driver/Src/stm32l4xx_hal_rcc_ex.c **** 
2063:Drivers/STM32L4xx_HAL_Driver/Src/stm32l4xx_hal_rcc_ex.c ****   /* check for PLLSAI1 Parameters used to output PLLSAI1CLK */
2064:Drivers/STM32L4xx_HAL_Driver/Src/stm32l4xx_hal_rcc_ex.c ****   assert_param(IS_RCC_PLLSAI1SOURCE(PLLSAI1Init->PLLSAI1Source));
2065:Drivers/STM32L4xx_HAL_Driver/Src/stm32l4xx_hal_rcc_ex.c ****   assert_param(IS_RCC_PLLSAI1M_VALUE(PLLSAI1Init->PLLSAI1M));
2066:Drivers/STM32L4xx_HAL_Driver/Src/stm32l4xx_hal_rcc_ex.c ****   assert_param(IS_RCC_PLLSAI1N_VALUE(PLLSAI1Init->PLLSAI1N));
2067:Drivers/STM32L4xx_HAL_Driver/Src/stm32l4xx_hal_rcc_ex.c ****   assert_param(IS_RCC_PLLSAI1P_VALUE(PLLSAI1Init->PLLSAI1P));
2068:Drivers/STM32L4xx_HAL_Driver/Src/stm32l4xx_hal_rcc_ex.c ****   assert_param(IS_RCC_PLLSAI1Q_VALUE(PLLSAI1Init->PLLSAI1Q));
2069:Drivers/STM32L4xx_HAL_Driver/Src/stm32l4xx_hal_rcc_ex.c ****   assert_param(IS_RCC_PLLSAI1R_VALUE(PLLSAI1Init->PLLSAI1R));
2070:Drivers/STM32L4xx_HAL_Driver/Src/stm32l4xx_hal_rcc_ex.c ****   assert_param(IS_RCC_PLLSAI1CLOCKOUT_VALUE(PLLSAI1Init->PLLSAI1ClockOut));
2071:Drivers/STM32L4xx_HAL_Driver/Src/stm32l4xx_hal_rcc_ex.c **** 
2072:Drivers/STM32L4xx_HAL_Driver/Src/stm32l4xx_hal_rcc_ex.c ****   /* Disable the PLLSAI1 */
2073:Drivers/STM32L4xx_HAL_Driver/Src/stm32l4xx_hal_rcc_ex.c ****   __HAL_RCC_PLLSAI1_DISABLE();
2074:Drivers/STM32L4xx_HAL_Driver/Src/stm32l4xx_hal_rcc_ex.c **** 
2075:Drivers/STM32L4xx_HAL_Driver/Src/stm32l4xx_hal_rcc_ex.c ****   /* Get Start Tick*/
2076:Drivers/STM32L4xx_HAL_Driver/Src/stm32l4xx_hal_rcc_ex.c ****   tickstart = HAL_GetTick();
2077:Drivers/STM32L4xx_HAL_Driver/Src/stm32l4xx_hal_rcc_ex.c **** 
2078:Drivers/STM32L4xx_HAL_Driver/Src/stm32l4xx_hal_rcc_ex.c ****   /* Wait till PLLSAI1 is ready to be updated */
2079:Drivers/STM32L4xx_HAL_Driver/Src/stm32l4xx_hal_rcc_ex.c ****   while(READ_BIT(RCC->CR, RCC_CR_PLLSAI1RDY) != 0U)
2080:Drivers/STM32L4xx_HAL_Driver/Src/stm32l4xx_hal_rcc_ex.c ****   {
2081:Drivers/STM32L4xx_HAL_Driver/Src/stm32l4xx_hal_rcc_ex.c ****     if((HAL_GetTick() - tickstart) > PLLSAI1_TIMEOUT_VALUE)
2082:Drivers/STM32L4xx_HAL_Driver/Src/stm32l4xx_hal_rcc_ex.c ****     {
ARM GAS  /tmp/ccFN0S9l.s 			page 38


2083:Drivers/STM32L4xx_HAL_Driver/Src/stm32l4xx_hal_rcc_ex.c ****       status = HAL_TIMEOUT;
2084:Drivers/STM32L4xx_HAL_Driver/Src/stm32l4xx_hal_rcc_ex.c ****       break;
2085:Drivers/STM32L4xx_HAL_Driver/Src/stm32l4xx_hal_rcc_ex.c ****     }
2086:Drivers/STM32L4xx_HAL_Driver/Src/stm32l4xx_hal_rcc_ex.c ****   }
2087:Drivers/STM32L4xx_HAL_Driver/Src/stm32l4xx_hal_rcc_ex.c **** 
2088:Drivers/STM32L4xx_HAL_Driver/Src/stm32l4xx_hal_rcc_ex.c ****   if(status == HAL_OK)
2089:Drivers/STM32L4xx_HAL_Driver/Src/stm32l4xx_hal_rcc_ex.c ****   {
2090:Drivers/STM32L4xx_HAL_Driver/Src/stm32l4xx_hal_rcc_ex.c **** #if defined(RCC_PLLSAI1M_DIV_1_16_SUPPORT)
2091:Drivers/STM32L4xx_HAL_Driver/Src/stm32l4xx_hal_rcc_ex.c ****     /* Configure the PLLSAI1 Multiplication factor N */
2092:Drivers/STM32L4xx_HAL_Driver/Src/stm32l4xx_hal_rcc_ex.c ****     /* Configure the PLLSAI1 Division factors M, P, Q and R */
2093:Drivers/STM32L4xx_HAL_Driver/Src/stm32l4xx_hal_rcc_ex.c ****     __HAL_RCC_PLLSAI1_CONFIG(PLLSAI1Init->PLLSAI1M, PLLSAI1Init->PLLSAI1N, PLLSAI1Init->PLLSAI1P, P
2094:Drivers/STM32L4xx_HAL_Driver/Src/stm32l4xx_hal_rcc_ex.c **** #else
2095:Drivers/STM32L4xx_HAL_Driver/Src/stm32l4xx_hal_rcc_ex.c ****     /* Configure the PLLSAI1 Multiplication factor N */
2096:Drivers/STM32L4xx_HAL_Driver/Src/stm32l4xx_hal_rcc_ex.c ****     /* Configure the PLLSAI1 Division factors P, Q and R */
2097:Drivers/STM32L4xx_HAL_Driver/Src/stm32l4xx_hal_rcc_ex.c ****     __HAL_RCC_PLLSAI1_CONFIG(PLLSAI1Init->PLLSAI1N, PLLSAI1Init->PLLSAI1P, PLLSAI1Init->PLLSAI1Q, P
2098:Drivers/STM32L4xx_HAL_Driver/Src/stm32l4xx_hal_rcc_ex.c **** #endif /* RCC_PLLSAI1M_DIV_1_16_SUPPORT */
2099:Drivers/STM32L4xx_HAL_Driver/Src/stm32l4xx_hal_rcc_ex.c ****     /* Configure the PLLSAI1 Clock output(s) */
2100:Drivers/STM32L4xx_HAL_Driver/Src/stm32l4xx_hal_rcc_ex.c ****     __HAL_RCC_PLLSAI1CLKOUT_ENABLE(PLLSAI1Init->PLLSAI1ClockOut);
2101:Drivers/STM32L4xx_HAL_Driver/Src/stm32l4xx_hal_rcc_ex.c **** 
2102:Drivers/STM32L4xx_HAL_Driver/Src/stm32l4xx_hal_rcc_ex.c ****     /* Enable the PLLSAI1 again by setting PLLSAI1ON to 1*/
2103:Drivers/STM32L4xx_HAL_Driver/Src/stm32l4xx_hal_rcc_ex.c ****     __HAL_RCC_PLLSAI1_ENABLE();
2104:Drivers/STM32L4xx_HAL_Driver/Src/stm32l4xx_hal_rcc_ex.c **** 
2105:Drivers/STM32L4xx_HAL_Driver/Src/stm32l4xx_hal_rcc_ex.c ****     /* Get Start Tick*/
2106:Drivers/STM32L4xx_HAL_Driver/Src/stm32l4xx_hal_rcc_ex.c ****     tickstart = HAL_GetTick();
2107:Drivers/STM32L4xx_HAL_Driver/Src/stm32l4xx_hal_rcc_ex.c **** 
2108:Drivers/STM32L4xx_HAL_Driver/Src/stm32l4xx_hal_rcc_ex.c ****     /* Wait till PLLSAI1 is ready */
2109:Drivers/STM32L4xx_HAL_Driver/Src/stm32l4xx_hal_rcc_ex.c ****     while(READ_BIT(RCC->CR, RCC_CR_PLLSAI1RDY) == 0U)
2110:Drivers/STM32L4xx_HAL_Driver/Src/stm32l4xx_hal_rcc_ex.c ****     {
2111:Drivers/STM32L4xx_HAL_Driver/Src/stm32l4xx_hal_rcc_ex.c ****       if((HAL_GetTick() - tickstart) > PLLSAI1_TIMEOUT_VALUE)
2112:Drivers/STM32L4xx_HAL_Driver/Src/stm32l4xx_hal_rcc_ex.c ****       {
2113:Drivers/STM32L4xx_HAL_Driver/Src/stm32l4xx_hal_rcc_ex.c ****         status = HAL_TIMEOUT;
2114:Drivers/STM32L4xx_HAL_Driver/Src/stm32l4xx_hal_rcc_ex.c ****         break;
2115:Drivers/STM32L4xx_HAL_Driver/Src/stm32l4xx_hal_rcc_ex.c ****       }
2116:Drivers/STM32L4xx_HAL_Driver/Src/stm32l4xx_hal_rcc_ex.c ****     }
2117:Drivers/STM32L4xx_HAL_Driver/Src/stm32l4xx_hal_rcc_ex.c ****   }
2118:Drivers/STM32L4xx_HAL_Driver/Src/stm32l4xx_hal_rcc_ex.c **** 
2119:Drivers/STM32L4xx_HAL_Driver/Src/stm32l4xx_hal_rcc_ex.c ****   return status;
2120:Drivers/STM32L4xx_HAL_Driver/Src/stm32l4xx_hal_rcc_ex.c **** }
2121:Drivers/STM32L4xx_HAL_Driver/Src/stm32l4xx_hal_rcc_ex.c **** 
2122:Drivers/STM32L4xx_HAL_Driver/Src/stm32l4xx_hal_rcc_ex.c **** /**
2123:Drivers/STM32L4xx_HAL_Driver/Src/stm32l4xx_hal_rcc_ex.c ****   * @brief  Disable PLLSAI1.
2124:Drivers/STM32L4xx_HAL_Driver/Src/stm32l4xx_hal_rcc_ex.c ****   * @retval HAL status
2125:Drivers/STM32L4xx_HAL_Driver/Src/stm32l4xx_hal_rcc_ex.c ****   */
2126:Drivers/STM32L4xx_HAL_Driver/Src/stm32l4xx_hal_rcc_ex.c **** HAL_StatusTypeDef HAL_RCCEx_DisablePLLSAI1(void)
2127:Drivers/STM32L4xx_HAL_Driver/Src/stm32l4xx_hal_rcc_ex.c **** {
2128:Drivers/STM32L4xx_HAL_Driver/Src/stm32l4xx_hal_rcc_ex.c ****   uint32_t tickstart;
2129:Drivers/STM32L4xx_HAL_Driver/Src/stm32l4xx_hal_rcc_ex.c ****   HAL_StatusTypeDef status = HAL_OK;
2130:Drivers/STM32L4xx_HAL_Driver/Src/stm32l4xx_hal_rcc_ex.c **** 
2131:Drivers/STM32L4xx_HAL_Driver/Src/stm32l4xx_hal_rcc_ex.c ****   /* Disable the PLLSAI1 */
2132:Drivers/STM32L4xx_HAL_Driver/Src/stm32l4xx_hal_rcc_ex.c ****   __HAL_RCC_PLLSAI1_DISABLE();
2133:Drivers/STM32L4xx_HAL_Driver/Src/stm32l4xx_hal_rcc_ex.c **** 
2134:Drivers/STM32L4xx_HAL_Driver/Src/stm32l4xx_hal_rcc_ex.c ****   /* Get Start Tick*/
2135:Drivers/STM32L4xx_HAL_Driver/Src/stm32l4xx_hal_rcc_ex.c ****   tickstart = HAL_GetTick();
2136:Drivers/STM32L4xx_HAL_Driver/Src/stm32l4xx_hal_rcc_ex.c **** 
2137:Drivers/STM32L4xx_HAL_Driver/Src/stm32l4xx_hal_rcc_ex.c ****   /* Wait till PLLSAI1 is ready */
2138:Drivers/STM32L4xx_HAL_Driver/Src/stm32l4xx_hal_rcc_ex.c ****   while(READ_BIT(RCC->CR, RCC_CR_PLLSAI1RDY) != 0U)
2139:Drivers/STM32L4xx_HAL_Driver/Src/stm32l4xx_hal_rcc_ex.c ****   {
ARM GAS  /tmp/ccFN0S9l.s 			page 39


2140:Drivers/STM32L4xx_HAL_Driver/Src/stm32l4xx_hal_rcc_ex.c ****     if((HAL_GetTick() - tickstart) > PLLSAI1_TIMEOUT_VALUE)
2141:Drivers/STM32L4xx_HAL_Driver/Src/stm32l4xx_hal_rcc_ex.c ****     {
2142:Drivers/STM32L4xx_HAL_Driver/Src/stm32l4xx_hal_rcc_ex.c ****       status = HAL_TIMEOUT;
2143:Drivers/STM32L4xx_HAL_Driver/Src/stm32l4xx_hal_rcc_ex.c ****       break;
2144:Drivers/STM32L4xx_HAL_Driver/Src/stm32l4xx_hal_rcc_ex.c ****     }
2145:Drivers/STM32L4xx_HAL_Driver/Src/stm32l4xx_hal_rcc_ex.c ****   }
2146:Drivers/STM32L4xx_HAL_Driver/Src/stm32l4xx_hal_rcc_ex.c **** 
2147:Drivers/STM32L4xx_HAL_Driver/Src/stm32l4xx_hal_rcc_ex.c ****   /* Disable the PLLSAI1 Clock outputs */
2148:Drivers/STM32L4xx_HAL_Driver/Src/stm32l4xx_hal_rcc_ex.c ****   __HAL_RCC_PLLSAI1CLKOUT_DISABLE(RCC_PLLSAI1CFGR_PLLSAI1PEN|RCC_PLLSAI1CFGR_PLLSAI1QEN|RCC_PLLSAI1
2149:Drivers/STM32L4xx_HAL_Driver/Src/stm32l4xx_hal_rcc_ex.c **** 
2150:Drivers/STM32L4xx_HAL_Driver/Src/stm32l4xx_hal_rcc_ex.c ****   /* Reset PLL source to save power if no PLLs on */
2151:Drivers/STM32L4xx_HAL_Driver/Src/stm32l4xx_hal_rcc_ex.c **** #if defined(RCC_PLLSAI2_SUPPORT)
2152:Drivers/STM32L4xx_HAL_Driver/Src/stm32l4xx_hal_rcc_ex.c ****   if(READ_BIT(RCC->CR, (RCC_CR_PLLRDY | RCC_CR_PLLSAI2RDY)) == 0U)
2153:Drivers/STM32L4xx_HAL_Driver/Src/stm32l4xx_hal_rcc_ex.c ****   {
2154:Drivers/STM32L4xx_HAL_Driver/Src/stm32l4xx_hal_rcc_ex.c ****     MODIFY_REG(RCC->PLLCFGR, RCC_PLLCFGR_PLLSRC, RCC_PLLSOURCE_NONE);
2155:Drivers/STM32L4xx_HAL_Driver/Src/stm32l4xx_hal_rcc_ex.c ****   }
2156:Drivers/STM32L4xx_HAL_Driver/Src/stm32l4xx_hal_rcc_ex.c **** #else
2157:Drivers/STM32L4xx_HAL_Driver/Src/stm32l4xx_hal_rcc_ex.c ****   if(READ_BIT(RCC->CR, RCC_CR_PLLRDY) == 0U)
2158:Drivers/STM32L4xx_HAL_Driver/Src/stm32l4xx_hal_rcc_ex.c ****   {
2159:Drivers/STM32L4xx_HAL_Driver/Src/stm32l4xx_hal_rcc_ex.c ****     MODIFY_REG(RCC->PLLCFGR, RCC_PLLCFGR_PLLSRC, RCC_PLLSOURCE_NONE);
2160:Drivers/STM32L4xx_HAL_Driver/Src/stm32l4xx_hal_rcc_ex.c ****   }
2161:Drivers/STM32L4xx_HAL_Driver/Src/stm32l4xx_hal_rcc_ex.c **** #endif /* RCC_PLLSAI2_SUPPORT */
2162:Drivers/STM32L4xx_HAL_Driver/Src/stm32l4xx_hal_rcc_ex.c **** 
2163:Drivers/STM32L4xx_HAL_Driver/Src/stm32l4xx_hal_rcc_ex.c ****   return status;
2164:Drivers/STM32L4xx_HAL_Driver/Src/stm32l4xx_hal_rcc_ex.c **** }
2165:Drivers/STM32L4xx_HAL_Driver/Src/stm32l4xx_hal_rcc_ex.c **** 
2166:Drivers/STM32L4xx_HAL_Driver/Src/stm32l4xx_hal_rcc_ex.c **** #endif /* RCC_PLLSAI1_SUPPORT */
2167:Drivers/STM32L4xx_HAL_Driver/Src/stm32l4xx_hal_rcc_ex.c **** 
2168:Drivers/STM32L4xx_HAL_Driver/Src/stm32l4xx_hal_rcc_ex.c **** #if defined(RCC_PLLSAI2_SUPPORT)
2169:Drivers/STM32L4xx_HAL_Driver/Src/stm32l4xx_hal_rcc_ex.c **** 
2170:Drivers/STM32L4xx_HAL_Driver/Src/stm32l4xx_hal_rcc_ex.c **** /**
2171:Drivers/STM32L4xx_HAL_Driver/Src/stm32l4xx_hal_rcc_ex.c ****   * @brief  Enable PLLSAI2.
2172:Drivers/STM32L4xx_HAL_Driver/Src/stm32l4xx_hal_rcc_ex.c ****   * @param  PLLSAI2Init  pointer to an RCC_PLLSAI2InitTypeDef structure that
2173:Drivers/STM32L4xx_HAL_Driver/Src/stm32l4xx_hal_rcc_ex.c ****   *         contains the configuration information for the PLLSAI2
2174:Drivers/STM32L4xx_HAL_Driver/Src/stm32l4xx_hal_rcc_ex.c ****   * @retval HAL status
2175:Drivers/STM32L4xx_HAL_Driver/Src/stm32l4xx_hal_rcc_ex.c ****   */
2176:Drivers/STM32L4xx_HAL_Driver/Src/stm32l4xx_hal_rcc_ex.c **** HAL_StatusTypeDef HAL_RCCEx_EnablePLLSAI2(RCC_PLLSAI2InitTypeDef  *PLLSAI2Init)
2177:Drivers/STM32L4xx_HAL_Driver/Src/stm32l4xx_hal_rcc_ex.c **** {
2178:Drivers/STM32L4xx_HAL_Driver/Src/stm32l4xx_hal_rcc_ex.c ****   uint32_t tickstart;
2179:Drivers/STM32L4xx_HAL_Driver/Src/stm32l4xx_hal_rcc_ex.c ****   HAL_StatusTypeDef status = HAL_OK;
2180:Drivers/STM32L4xx_HAL_Driver/Src/stm32l4xx_hal_rcc_ex.c **** 
2181:Drivers/STM32L4xx_HAL_Driver/Src/stm32l4xx_hal_rcc_ex.c ****   /* check for PLLSAI2 Parameters used to output PLLSAI2CLK */
2182:Drivers/STM32L4xx_HAL_Driver/Src/stm32l4xx_hal_rcc_ex.c ****   assert_param(IS_RCC_PLLSAI2SOURCE(PLLSAI2Init->PLLSAI2Source));
2183:Drivers/STM32L4xx_HAL_Driver/Src/stm32l4xx_hal_rcc_ex.c ****   assert_param(IS_RCC_PLLSAI2M_VALUE(PLLSAI2Init->PLLSAI2M));
2184:Drivers/STM32L4xx_HAL_Driver/Src/stm32l4xx_hal_rcc_ex.c ****   assert_param(IS_RCC_PLLSAI2N_VALUE(PLLSAI2Init->PLLSAI2N));
2185:Drivers/STM32L4xx_HAL_Driver/Src/stm32l4xx_hal_rcc_ex.c ****   assert_param(IS_RCC_PLLSAI2P_VALUE(PLLSAI2Init->PLLSAI2P));
2186:Drivers/STM32L4xx_HAL_Driver/Src/stm32l4xx_hal_rcc_ex.c **** #if defined(RCC_PLLSAI2Q_DIV_SUPPORT)
2187:Drivers/STM32L4xx_HAL_Driver/Src/stm32l4xx_hal_rcc_ex.c ****   assert_param(IS_RCC_PLLSAI2Q_VALUE(PLLSAI2Init->PLLSAI2Q));
2188:Drivers/STM32L4xx_HAL_Driver/Src/stm32l4xx_hal_rcc_ex.c **** #endif /* RCC_PLLSAI2Q_DIV_SUPPORT */
2189:Drivers/STM32L4xx_HAL_Driver/Src/stm32l4xx_hal_rcc_ex.c ****   assert_param(IS_RCC_PLLSAI2R_VALUE(PLLSAI2Init->PLLSAI2R));
2190:Drivers/STM32L4xx_HAL_Driver/Src/stm32l4xx_hal_rcc_ex.c ****   assert_param(IS_RCC_PLLSAI2CLOCKOUT_VALUE(PLLSAI2Init->PLLSAI2ClockOut));
2191:Drivers/STM32L4xx_HAL_Driver/Src/stm32l4xx_hal_rcc_ex.c **** 
2192:Drivers/STM32L4xx_HAL_Driver/Src/stm32l4xx_hal_rcc_ex.c ****   /* Disable the PLLSAI2 */
2193:Drivers/STM32L4xx_HAL_Driver/Src/stm32l4xx_hal_rcc_ex.c ****   __HAL_RCC_PLLSAI2_DISABLE();
2194:Drivers/STM32L4xx_HAL_Driver/Src/stm32l4xx_hal_rcc_ex.c **** 
2195:Drivers/STM32L4xx_HAL_Driver/Src/stm32l4xx_hal_rcc_ex.c ****   /* Get Start Tick*/
2196:Drivers/STM32L4xx_HAL_Driver/Src/stm32l4xx_hal_rcc_ex.c ****   tickstart = HAL_GetTick();
ARM GAS  /tmp/ccFN0S9l.s 			page 40


2197:Drivers/STM32L4xx_HAL_Driver/Src/stm32l4xx_hal_rcc_ex.c **** 
2198:Drivers/STM32L4xx_HAL_Driver/Src/stm32l4xx_hal_rcc_ex.c ****   /* Wait till PLLSAI2 is ready to be updated */
2199:Drivers/STM32L4xx_HAL_Driver/Src/stm32l4xx_hal_rcc_ex.c ****   while(READ_BIT(RCC->CR, RCC_CR_PLLSAI2RDY) != 0U)
2200:Drivers/STM32L4xx_HAL_Driver/Src/stm32l4xx_hal_rcc_ex.c ****   {
2201:Drivers/STM32L4xx_HAL_Driver/Src/stm32l4xx_hal_rcc_ex.c ****     if((HAL_GetTick() - tickstart) > PLLSAI2_TIMEOUT_VALUE)
2202:Drivers/STM32L4xx_HAL_Driver/Src/stm32l4xx_hal_rcc_ex.c ****     {
2203:Drivers/STM32L4xx_HAL_Driver/Src/stm32l4xx_hal_rcc_ex.c ****       status = HAL_TIMEOUT;
2204:Drivers/STM32L4xx_HAL_Driver/Src/stm32l4xx_hal_rcc_ex.c ****       break;
2205:Drivers/STM32L4xx_HAL_Driver/Src/stm32l4xx_hal_rcc_ex.c ****     }
2206:Drivers/STM32L4xx_HAL_Driver/Src/stm32l4xx_hal_rcc_ex.c ****   }
2207:Drivers/STM32L4xx_HAL_Driver/Src/stm32l4xx_hal_rcc_ex.c **** 
2208:Drivers/STM32L4xx_HAL_Driver/Src/stm32l4xx_hal_rcc_ex.c ****   if(status == HAL_OK)
2209:Drivers/STM32L4xx_HAL_Driver/Src/stm32l4xx_hal_rcc_ex.c ****   {
2210:Drivers/STM32L4xx_HAL_Driver/Src/stm32l4xx_hal_rcc_ex.c **** #if defined(RCC_PLLSAI2M_DIV_1_16_SUPPORT) && defined(RCC_PLLSAI2Q_DIV_SUPPORT)
2211:Drivers/STM32L4xx_HAL_Driver/Src/stm32l4xx_hal_rcc_ex.c ****     /* Configure the PLLSAI2 Multiplication factor N */
2212:Drivers/STM32L4xx_HAL_Driver/Src/stm32l4xx_hal_rcc_ex.c ****     /* Configure the PLLSAI2 Division factors M, P, Q and R */
2213:Drivers/STM32L4xx_HAL_Driver/Src/stm32l4xx_hal_rcc_ex.c ****     __HAL_RCC_PLLSAI2_CONFIG(PLLSAI2Init->PLLSAI2M, PLLSAI2Init->PLLSAI2N, PLLSAI2Init->PLLSAI2P, P
2214:Drivers/STM32L4xx_HAL_Driver/Src/stm32l4xx_hal_rcc_ex.c **** #elif defined(RCC_PLLSAI2M_DIV_1_16_SUPPORT)
2215:Drivers/STM32L4xx_HAL_Driver/Src/stm32l4xx_hal_rcc_ex.c ****     /* Configure the PLLSAI2 Multiplication factor N */
2216:Drivers/STM32L4xx_HAL_Driver/Src/stm32l4xx_hal_rcc_ex.c ****     /* Configure the PLLSAI2 Division factors M, P and R */
2217:Drivers/STM32L4xx_HAL_Driver/Src/stm32l4xx_hal_rcc_ex.c ****     __HAL_RCC_PLLSAI2_CONFIG(PLLSAI2Init->PLLSAI2M, PLLSAI2Init->PLLSAI2N, PLLSAI2Init->PLLSAI2P, P
2218:Drivers/STM32L4xx_HAL_Driver/Src/stm32l4xx_hal_rcc_ex.c **** #elif defined(RCC_PLLSAI2Q_DIV_SUPPORT)
2219:Drivers/STM32L4xx_HAL_Driver/Src/stm32l4xx_hal_rcc_ex.c ****     /* Configure the PLLSAI2 Multiplication factor N */
2220:Drivers/STM32L4xx_HAL_Driver/Src/stm32l4xx_hal_rcc_ex.c ****     /* Configure the PLLSAI2 Division factors P, Q and R */
2221:Drivers/STM32L4xx_HAL_Driver/Src/stm32l4xx_hal_rcc_ex.c ****     __HAL_RCC_PLLSAI2_CONFIG(PLLSAI2Init->PLLSAI2N, PLLSAI2Init->PLLSAI2P, PLLSAI2Init->PLLSAI2Q, P
2222:Drivers/STM32L4xx_HAL_Driver/Src/stm32l4xx_hal_rcc_ex.c **** #else
2223:Drivers/STM32L4xx_HAL_Driver/Src/stm32l4xx_hal_rcc_ex.c ****     /* Configure the PLLSAI2 Multiplication factor N */
2224:Drivers/STM32L4xx_HAL_Driver/Src/stm32l4xx_hal_rcc_ex.c ****     /* Configure the PLLSAI2 Division factors P and R */
2225:Drivers/STM32L4xx_HAL_Driver/Src/stm32l4xx_hal_rcc_ex.c ****     __HAL_RCC_PLLSAI2_CONFIG(PLLSAI2Init->PLLSAI2N, PLLSAI2Init->PLLSAI2P, PLLSAI2Init->PLLSAI2R);
2226:Drivers/STM32L4xx_HAL_Driver/Src/stm32l4xx_hal_rcc_ex.c **** #endif /* RCC_PLLSAI2M_DIV_1_16_SUPPORT && RCC_PLLSAI2Q_DIV_SUPPORT */
2227:Drivers/STM32L4xx_HAL_Driver/Src/stm32l4xx_hal_rcc_ex.c ****     /* Configure the PLLSAI2 Clock output(s) */
2228:Drivers/STM32L4xx_HAL_Driver/Src/stm32l4xx_hal_rcc_ex.c ****     __HAL_RCC_PLLSAI2CLKOUT_ENABLE(PLLSAI2Init->PLLSAI2ClockOut);
2229:Drivers/STM32L4xx_HAL_Driver/Src/stm32l4xx_hal_rcc_ex.c **** 
2230:Drivers/STM32L4xx_HAL_Driver/Src/stm32l4xx_hal_rcc_ex.c ****     /* Enable the PLLSAI2 again by setting PLLSAI2ON to 1*/
2231:Drivers/STM32L4xx_HAL_Driver/Src/stm32l4xx_hal_rcc_ex.c ****     __HAL_RCC_PLLSAI2_ENABLE();
2232:Drivers/STM32L4xx_HAL_Driver/Src/stm32l4xx_hal_rcc_ex.c **** 
2233:Drivers/STM32L4xx_HAL_Driver/Src/stm32l4xx_hal_rcc_ex.c ****     /* Get Start Tick*/
2234:Drivers/STM32L4xx_HAL_Driver/Src/stm32l4xx_hal_rcc_ex.c ****     tickstart = HAL_GetTick();
2235:Drivers/STM32L4xx_HAL_Driver/Src/stm32l4xx_hal_rcc_ex.c **** 
2236:Drivers/STM32L4xx_HAL_Driver/Src/stm32l4xx_hal_rcc_ex.c ****     /* Wait till PLLSAI2 is ready */
2237:Drivers/STM32L4xx_HAL_Driver/Src/stm32l4xx_hal_rcc_ex.c ****     while(READ_BIT(RCC->CR, RCC_CR_PLLSAI2RDY) == 0U)
2238:Drivers/STM32L4xx_HAL_Driver/Src/stm32l4xx_hal_rcc_ex.c ****     {
2239:Drivers/STM32L4xx_HAL_Driver/Src/stm32l4xx_hal_rcc_ex.c ****       if((HAL_GetTick() - tickstart) > PLLSAI2_TIMEOUT_VALUE)
2240:Drivers/STM32L4xx_HAL_Driver/Src/stm32l4xx_hal_rcc_ex.c ****       {
2241:Drivers/STM32L4xx_HAL_Driver/Src/stm32l4xx_hal_rcc_ex.c ****         status = HAL_TIMEOUT;
2242:Drivers/STM32L4xx_HAL_Driver/Src/stm32l4xx_hal_rcc_ex.c ****         break;
2243:Drivers/STM32L4xx_HAL_Driver/Src/stm32l4xx_hal_rcc_ex.c ****       }
2244:Drivers/STM32L4xx_HAL_Driver/Src/stm32l4xx_hal_rcc_ex.c ****     }
2245:Drivers/STM32L4xx_HAL_Driver/Src/stm32l4xx_hal_rcc_ex.c ****   }
2246:Drivers/STM32L4xx_HAL_Driver/Src/stm32l4xx_hal_rcc_ex.c **** 
2247:Drivers/STM32L4xx_HAL_Driver/Src/stm32l4xx_hal_rcc_ex.c ****   return status;
2248:Drivers/STM32L4xx_HAL_Driver/Src/stm32l4xx_hal_rcc_ex.c **** }
2249:Drivers/STM32L4xx_HAL_Driver/Src/stm32l4xx_hal_rcc_ex.c **** 
2250:Drivers/STM32L4xx_HAL_Driver/Src/stm32l4xx_hal_rcc_ex.c **** /**
2251:Drivers/STM32L4xx_HAL_Driver/Src/stm32l4xx_hal_rcc_ex.c ****   * @brief  Disable PLLISAI2.
2252:Drivers/STM32L4xx_HAL_Driver/Src/stm32l4xx_hal_rcc_ex.c ****   * @retval HAL status
2253:Drivers/STM32L4xx_HAL_Driver/Src/stm32l4xx_hal_rcc_ex.c ****   */
ARM GAS  /tmp/ccFN0S9l.s 			page 41


2254:Drivers/STM32L4xx_HAL_Driver/Src/stm32l4xx_hal_rcc_ex.c **** HAL_StatusTypeDef HAL_RCCEx_DisablePLLSAI2(void)
2255:Drivers/STM32L4xx_HAL_Driver/Src/stm32l4xx_hal_rcc_ex.c **** {
2256:Drivers/STM32L4xx_HAL_Driver/Src/stm32l4xx_hal_rcc_ex.c ****   uint32_t tickstart;
2257:Drivers/STM32L4xx_HAL_Driver/Src/stm32l4xx_hal_rcc_ex.c ****   HAL_StatusTypeDef status = HAL_OK;
2258:Drivers/STM32L4xx_HAL_Driver/Src/stm32l4xx_hal_rcc_ex.c **** 
2259:Drivers/STM32L4xx_HAL_Driver/Src/stm32l4xx_hal_rcc_ex.c ****   /* Disable the PLLSAI2 */
2260:Drivers/STM32L4xx_HAL_Driver/Src/stm32l4xx_hal_rcc_ex.c ****   __HAL_RCC_PLLSAI2_DISABLE();
2261:Drivers/STM32L4xx_HAL_Driver/Src/stm32l4xx_hal_rcc_ex.c **** 
2262:Drivers/STM32L4xx_HAL_Driver/Src/stm32l4xx_hal_rcc_ex.c ****   /* Get Start Tick*/
2263:Drivers/STM32L4xx_HAL_Driver/Src/stm32l4xx_hal_rcc_ex.c ****   tickstart = HAL_GetTick();
2264:Drivers/STM32L4xx_HAL_Driver/Src/stm32l4xx_hal_rcc_ex.c **** 
2265:Drivers/STM32L4xx_HAL_Driver/Src/stm32l4xx_hal_rcc_ex.c ****   /* Wait till PLLSAI2 is ready */
2266:Drivers/STM32L4xx_HAL_Driver/Src/stm32l4xx_hal_rcc_ex.c ****   while(READ_BIT(RCC->CR, RCC_CR_PLLSAI2RDY) != 0U)
2267:Drivers/STM32L4xx_HAL_Driver/Src/stm32l4xx_hal_rcc_ex.c ****   {
2268:Drivers/STM32L4xx_HAL_Driver/Src/stm32l4xx_hal_rcc_ex.c ****     if((HAL_GetTick() - tickstart) > PLLSAI2_TIMEOUT_VALUE)
2269:Drivers/STM32L4xx_HAL_Driver/Src/stm32l4xx_hal_rcc_ex.c ****     {
2270:Drivers/STM32L4xx_HAL_Driver/Src/stm32l4xx_hal_rcc_ex.c ****       status = HAL_TIMEOUT;
2271:Drivers/STM32L4xx_HAL_Driver/Src/stm32l4xx_hal_rcc_ex.c ****       break;
2272:Drivers/STM32L4xx_HAL_Driver/Src/stm32l4xx_hal_rcc_ex.c ****     }
2273:Drivers/STM32L4xx_HAL_Driver/Src/stm32l4xx_hal_rcc_ex.c ****   }
2274:Drivers/STM32L4xx_HAL_Driver/Src/stm32l4xx_hal_rcc_ex.c **** 
2275:Drivers/STM32L4xx_HAL_Driver/Src/stm32l4xx_hal_rcc_ex.c ****   /* Disable the PLLSAI2 Clock outputs */
2276:Drivers/STM32L4xx_HAL_Driver/Src/stm32l4xx_hal_rcc_ex.c **** #if defined(RCC_PLLSAI2Q_DIV_SUPPORT)
2277:Drivers/STM32L4xx_HAL_Driver/Src/stm32l4xx_hal_rcc_ex.c ****   __HAL_RCC_PLLSAI2CLKOUT_DISABLE(RCC_PLLSAI2CFGR_PLLSAI2PEN|RCC_PLLSAI2CFGR_PLLSAI2QEN|RCC_PLLSAI2
2278:Drivers/STM32L4xx_HAL_Driver/Src/stm32l4xx_hal_rcc_ex.c **** #else
2279:Drivers/STM32L4xx_HAL_Driver/Src/stm32l4xx_hal_rcc_ex.c ****   __HAL_RCC_PLLSAI2CLKOUT_DISABLE(RCC_PLLSAI2CFGR_PLLSAI2PEN|RCC_PLLSAI2CFGR_PLLSAI2REN);
2280:Drivers/STM32L4xx_HAL_Driver/Src/stm32l4xx_hal_rcc_ex.c **** #endif /* RCC_PLLSAI2M_DIV_1_16_SUPPORT && RCC_PLLSAI2Q_DIV_SUPPORT */
2281:Drivers/STM32L4xx_HAL_Driver/Src/stm32l4xx_hal_rcc_ex.c **** 
2282:Drivers/STM32L4xx_HAL_Driver/Src/stm32l4xx_hal_rcc_ex.c ****   /* Reset PLL source to save power if no PLLs on */
2283:Drivers/STM32L4xx_HAL_Driver/Src/stm32l4xx_hal_rcc_ex.c ****   if(READ_BIT(RCC->CR, (RCC_CR_PLLRDY | RCC_CR_PLLSAI1RDY)) == 0U)
2284:Drivers/STM32L4xx_HAL_Driver/Src/stm32l4xx_hal_rcc_ex.c ****   {
2285:Drivers/STM32L4xx_HAL_Driver/Src/stm32l4xx_hal_rcc_ex.c ****     MODIFY_REG(RCC->PLLCFGR, RCC_PLLCFGR_PLLSRC, RCC_PLLSOURCE_NONE);
2286:Drivers/STM32L4xx_HAL_Driver/Src/stm32l4xx_hal_rcc_ex.c ****   }
2287:Drivers/STM32L4xx_HAL_Driver/Src/stm32l4xx_hal_rcc_ex.c **** 
2288:Drivers/STM32L4xx_HAL_Driver/Src/stm32l4xx_hal_rcc_ex.c ****   return status;
2289:Drivers/STM32L4xx_HAL_Driver/Src/stm32l4xx_hal_rcc_ex.c **** }
2290:Drivers/STM32L4xx_HAL_Driver/Src/stm32l4xx_hal_rcc_ex.c **** 
2291:Drivers/STM32L4xx_HAL_Driver/Src/stm32l4xx_hal_rcc_ex.c **** #endif /* RCC_PLLSAI2_SUPPORT */
2292:Drivers/STM32L4xx_HAL_Driver/Src/stm32l4xx_hal_rcc_ex.c **** 
2293:Drivers/STM32L4xx_HAL_Driver/Src/stm32l4xx_hal_rcc_ex.c **** /**
2294:Drivers/STM32L4xx_HAL_Driver/Src/stm32l4xx_hal_rcc_ex.c ****   * @brief  Configure the oscillator clock source for wakeup from Stop and CSS backup clock.
2295:Drivers/STM32L4xx_HAL_Driver/Src/stm32l4xx_hal_rcc_ex.c ****   * @param  WakeUpClk  Wakeup clock
2296:Drivers/STM32L4xx_HAL_Driver/Src/stm32l4xx_hal_rcc_ex.c ****   *         This parameter can be one of the following values:
2297:Drivers/STM32L4xx_HAL_Driver/Src/stm32l4xx_hal_rcc_ex.c ****   *            @arg @ref RCC_STOP_WAKEUPCLOCK_MSI  MSI oscillator selection
2298:Drivers/STM32L4xx_HAL_Driver/Src/stm32l4xx_hal_rcc_ex.c ****   *            @arg @ref RCC_STOP_WAKEUPCLOCK_HSI  HSI oscillator selection
2299:Drivers/STM32L4xx_HAL_Driver/Src/stm32l4xx_hal_rcc_ex.c ****   * @note   This function shall not be called after the Clock Security System on HSE has been
2300:Drivers/STM32L4xx_HAL_Driver/Src/stm32l4xx_hal_rcc_ex.c ****   *         enabled.
2301:Drivers/STM32L4xx_HAL_Driver/Src/stm32l4xx_hal_rcc_ex.c ****   * @retval None
2302:Drivers/STM32L4xx_HAL_Driver/Src/stm32l4xx_hal_rcc_ex.c ****   */
2303:Drivers/STM32L4xx_HAL_Driver/Src/stm32l4xx_hal_rcc_ex.c **** void HAL_RCCEx_WakeUpStopCLKConfig(uint32_t WakeUpClk)
2304:Drivers/STM32L4xx_HAL_Driver/Src/stm32l4xx_hal_rcc_ex.c **** {
2305:Drivers/STM32L4xx_HAL_Driver/Src/stm32l4xx_hal_rcc_ex.c ****   assert_param(IS_RCC_STOP_WAKEUPCLOCK(WakeUpClk));
2306:Drivers/STM32L4xx_HAL_Driver/Src/stm32l4xx_hal_rcc_ex.c **** 
2307:Drivers/STM32L4xx_HAL_Driver/Src/stm32l4xx_hal_rcc_ex.c ****   __HAL_RCC_WAKEUPSTOP_CLK_CONFIG(WakeUpClk);
2308:Drivers/STM32L4xx_HAL_Driver/Src/stm32l4xx_hal_rcc_ex.c **** }
2309:Drivers/STM32L4xx_HAL_Driver/Src/stm32l4xx_hal_rcc_ex.c **** 
2310:Drivers/STM32L4xx_HAL_Driver/Src/stm32l4xx_hal_rcc_ex.c **** /**
ARM GAS  /tmp/ccFN0S9l.s 			page 42


2311:Drivers/STM32L4xx_HAL_Driver/Src/stm32l4xx_hal_rcc_ex.c ****   * @brief  Configure the MSI range after standby mode.
2312:Drivers/STM32L4xx_HAL_Driver/Src/stm32l4xx_hal_rcc_ex.c ****   * @note   After Standby its frequency can be selected between 4 possible values (1, 2, 4 or 8 MHz
2313:Drivers/STM32L4xx_HAL_Driver/Src/stm32l4xx_hal_rcc_ex.c ****   * @param  MSIRange  MSI range
2314:Drivers/STM32L4xx_HAL_Driver/Src/stm32l4xx_hal_rcc_ex.c ****   *         This parameter can be one of the following values:
2315:Drivers/STM32L4xx_HAL_Driver/Src/stm32l4xx_hal_rcc_ex.c ****   *            @arg @ref RCC_MSIRANGE_4  Range 4 around 1 MHz
2316:Drivers/STM32L4xx_HAL_Driver/Src/stm32l4xx_hal_rcc_ex.c ****   *            @arg @ref RCC_MSIRANGE_5  Range 5 around 2 MHz
2317:Drivers/STM32L4xx_HAL_Driver/Src/stm32l4xx_hal_rcc_ex.c ****   *            @arg @ref RCC_MSIRANGE_6  Range 6 around 4 MHz (reset value)
2318:Drivers/STM32L4xx_HAL_Driver/Src/stm32l4xx_hal_rcc_ex.c ****   *            @arg @ref RCC_MSIRANGE_7  Range 7 around 8 MHz
2319:Drivers/STM32L4xx_HAL_Driver/Src/stm32l4xx_hal_rcc_ex.c ****   * @retval None
2320:Drivers/STM32L4xx_HAL_Driver/Src/stm32l4xx_hal_rcc_ex.c ****   */
2321:Drivers/STM32L4xx_HAL_Driver/Src/stm32l4xx_hal_rcc_ex.c **** void HAL_RCCEx_StandbyMSIRangeConfig(uint32_t MSIRange)
2322:Drivers/STM32L4xx_HAL_Driver/Src/stm32l4xx_hal_rcc_ex.c **** {
2323:Drivers/STM32L4xx_HAL_Driver/Src/stm32l4xx_hal_rcc_ex.c ****   assert_param(IS_RCC_MSI_STANDBY_CLOCK_RANGE(MSIRange));
2324:Drivers/STM32L4xx_HAL_Driver/Src/stm32l4xx_hal_rcc_ex.c **** 
2325:Drivers/STM32L4xx_HAL_Driver/Src/stm32l4xx_hal_rcc_ex.c ****   __HAL_RCC_MSI_STANDBY_RANGE_CONFIG(MSIRange);
2326:Drivers/STM32L4xx_HAL_Driver/Src/stm32l4xx_hal_rcc_ex.c **** }
2327:Drivers/STM32L4xx_HAL_Driver/Src/stm32l4xx_hal_rcc_ex.c **** 
2328:Drivers/STM32L4xx_HAL_Driver/Src/stm32l4xx_hal_rcc_ex.c **** /**
2329:Drivers/STM32L4xx_HAL_Driver/Src/stm32l4xx_hal_rcc_ex.c ****   * @brief  Enable the LSE Clock Security System.
2330:Drivers/STM32L4xx_HAL_Driver/Src/stm32l4xx_hal_rcc_ex.c ****   * @note   Prior to enable the LSE Clock Security System, LSE oscillator is to be enabled
2331:Drivers/STM32L4xx_HAL_Driver/Src/stm32l4xx_hal_rcc_ex.c ****   *         with HAL_RCC_OscConfig() and the LSE oscillator clock is to be selected as RTC
2332:Drivers/STM32L4xx_HAL_Driver/Src/stm32l4xx_hal_rcc_ex.c ****   *         clock with HAL_RCCEx_PeriphCLKConfig().
2333:Drivers/STM32L4xx_HAL_Driver/Src/stm32l4xx_hal_rcc_ex.c ****   * @retval None
2334:Drivers/STM32L4xx_HAL_Driver/Src/stm32l4xx_hal_rcc_ex.c ****   */
2335:Drivers/STM32L4xx_HAL_Driver/Src/stm32l4xx_hal_rcc_ex.c **** void HAL_RCCEx_EnableLSECSS(void)
2336:Drivers/STM32L4xx_HAL_Driver/Src/stm32l4xx_hal_rcc_ex.c **** {
2337:Drivers/STM32L4xx_HAL_Driver/Src/stm32l4xx_hal_rcc_ex.c ****   SET_BIT(RCC->BDCR, RCC_BDCR_LSECSSON);
2338:Drivers/STM32L4xx_HAL_Driver/Src/stm32l4xx_hal_rcc_ex.c **** }
2339:Drivers/STM32L4xx_HAL_Driver/Src/stm32l4xx_hal_rcc_ex.c **** 
2340:Drivers/STM32L4xx_HAL_Driver/Src/stm32l4xx_hal_rcc_ex.c **** /**
2341:Drivers/STM32L4xx_HAL_Driver/Src/stm32l4xx_hal_rcc_ex.c ****   * @brief  Disable the LSE Clock Security System.
2342:Drivers/STM32L4xx_HAL_Driver/Src/stm32l4xx_hal_rcc_ex.c ****   * @note   LSE Clock Security System can only be disabled after a LSE failure detection.
2343:Drivers/STM32L4xx_HAL_Driver/Src/stm32l4xx_hal_rcc_ex.c ****   * @retval None
2344:Drivers/STM32L4xx_HAL_Driver/Src/stm32l4xx_hal_rcc_ex.c ****   */
2345:Drivers/STM32L4xx_HAL_Driver/Src/stm32l4xx_hal_rcc_ex.c **** void HAL_RCCEx_DisableLSECSS(void)
2346:Drivers/STM32L4xx_HAL_Driver/Src/stm32l4xx_hal_rcc_ex.c **** {
2347:Drivers/STM32L4xx_HAL_Driver/Src/stm32l4xx_hal_rcc_ex.c ****   CLEAR_BIT(RCC->BDCR, RCC_BDCR_LSECSSON) ;
2348:Drivers/STM32L4xx_HAL_Driver/Src/stm32l4xx_hal_rcc_ex.c **** 
2349:Drivers/STM32L4xx_HAL_Driver/Src/stm32l4xx_hal_rcc_ex.c ****   /* Disable LSE CSS IT if any */
2350:Drivers/STM32L4xx_HAL_Driver/Src/stm32l4xx_hal_rcc_ex.c ****   __HAL_RCC_DISABLE_IT(RCC_IT_LSECSS);
2351:Drivers/STM32L4xx_HAL_Driver/Src/stm32l4xx_hal_rcc_ex.c **** }
2352:Drivers/STM32L4xx_HAL_Driver/Src/stm32l4xx_hal_rcc_ex.c **** 
2353:Drivers/STM32L4xx_HAL_Driver/Src/stm32l4xx_hal_rcc_ex.c **** /**
2354:Drivers/STM32L4xx_HAL_Driver/Src/stm32l4xx_hal_rcc_ex.c ****   * @brief  Enable the LSE Clock Security System Interrupt & corresponding EXTI line.
2355:Drivers/STM32L4xx_HAL_Driver/Src/stm32l4xx_hal_rcc_ex.c ****   * @note   LSE Clock Security System Interrupt is mapped on RTC EXTI line 19
2356:Drivers/STM32L4xx_HAL_Driver/Src/stm32l4xx_hal_rcc_ex.c ****   * @retval None
2357:Drivers/STM32L4xx_HAL_Driver/Src/stm32l4xx_hal_rcc_ex.c ****   */
2358:Drivers/STM32L4xx_HAL_Driver/Src/stm32l4xx_hal_rcc_ex.c **** void HAL_RCCEx_EnableLSECSS_IT(void)
2359:Drivers/STM32L4xx_HAL_Driver/Src/stm32l4xx_hal_rcc_ex.c **** {
2360:Drivers/STM32L4xx_HAL_Driver/Src/stm32l4xx_hal_rcc_ex.c ****   /* Enable LSE CSS */
2361:Drivers/STM32L4xx_HAL_Driver/Src/stm32l4xx_hal_rcc_ex.c ****   SET_BIT(RCC->BDCR, RCC_BDCR_LSECSSON) ;
2362:Drivers/STM32L4xx_HAL_Driver/Src/stm32l4xx_hal_rcc_ex.c **** 
2363:Drivers/STM32L4xx_HAL_Driver/Src/stm32l4xx_hal_rcc_ex.c ****   /* Enable LSE CSS IT */
2364:Drivers/STM32L4xx_HAL_Driver/Src/stm32l4xx_hal_rcc_ex.c ****   __HAL_RCC_ENABLE_IT(RCC_IT_LSECSS);
2365:Drivers/STM32L4xx_HAL_Driver/Src/stm32l4xx_hal_rcc_ex.c **** 
2366:Drivers/STM32L4xx_HAL_Driver/Src/stm32l4xx_hal_rcc_ex.c ****   /* Enable IT on EXTI Line 19 */
2367:Drivers/STM32L4xx_HAL_Driver/Src/stm32l4xx_hal_rcc_ex.c ****   __HAL_RCC_LSECSS_EXTI_ENABLE_IT();
ARM GAS  /tmp/ccFN0S9l.s 			page 43


2368:Drivers/STM32L4xx_HAL_Driver/Src/stm32l4xx_hal_rcc_ex.c ****   __HAL_RCC_LSECSS_EXTI_ENABLE_RISING_EDGE();
2369:Drivers/STM32L4xx_HAL_Driver/Src/stm32l4xx_hal_rcc_ex.c **** }
2370:Drivers/STM32L4xx_HAL_Driver/Src/stm32l4xx_hal_rcc_ex.c **** 
2371:Drivers/STM32L4xx_HAL_Driver/Src/stm32l4xx_hal_rcc_ex.c **** /**
2372:Drivers/STM32L4xx_HAL_Driver/Src/stm32l4xx_hal_rcc_ex.c ****   * @brief Handle the RCC LSE Clock Security System interrupt request.
2373:Drivers/STM32L4xx_HAL_Driver/Src/stm32l4xx_hal_rcc_ex.c ****   * @retval None
2374:Drivers/STM32L4xx_HAL_Driver/Src/stm32l4xx_hal_rcc_ex.c ****   */
2375:Drivers/STM32L4xx_HAL_Driver/Src/stm32l4xx_hal_rcc_ex.c **** void HAL_RCCEx_LSECSS_IRQHandler(void)
2376:Drivers/STM32L4xx_HAL_Driver/Src/stm32l4xx_hal_rcc_ex.c **** {
2377:Drivers/STM32L4xx_HAL_Driver/Src/stm32l4xx_hal_rcc_ex.c ****   /* Check RCC LSE CSSF flag  */
2378:Drivers/STM32L4xx_HAL_Driver/Src/stm32l4xx_hal_rcc_ex.c ****   if(__HAL_RCC_GET_IT(RCC_IT_LSECSS))
2379:Drivers/STM32L4xx_HAL_Driver/Src/stm32l4xx_hal_rcc_ex.c ****   {
2380:Drivers/STM32L4xx_HAL_Driver/Src/stm32l4xx_hal_rcc_ex.c ****     /* RCC LSE Clock Security System interrupt user callback */
2381:Drivers/STM32L4xx_HAL_Driver/Src/stm32l4xx_hal_rcc_ex.c ****     HAL_RCCEx_LSECSS_Callback();
2382:Drivers/STM32L4xx_HAL_Driver/Src/stm32l4xx_hal_rcc_ex.c **** 
2383:Drivers/STM32L4xx_HAL_Driver/Src/stm32l4xx_hal_rcc_ex.c ****     /* Clear RCC LSE CSS pending bit */
2384:Drivers/STM32L4xx_HAL_Driver/Src/stm32l4xx_hal_rcc_ex.c ****     __HAL_RCC_CLEAR_IT(RCC_IT_LSECSS);
2385:Drivers/STM32L4xx_HAL_Driver/Src/stm32l4xx_hal_rcc_ex.c ****   }
2386:Drivers/STM32L4xx_HAL_Driver/Src/stm32l4xx_hal_rcc_ex.c **** }
2387:Drivers/STM32L4xx_HAL_Driver/Src/stm32l4xx_hal_rcc_ex.c **** 
2388:Drivers/STM32L4xx_HAL_Driver/Src/stm32l4xx_hal_rcc_ex.c **** /**
2389:Drivers/STM32L4xx_HAL_Driver/Src/stm32l4xx_hal_rcc_ex.c ****   * @brief  RCCEx LSE Clock Security System interrupt callback.
2390:Drivers/STM32L4xx_HAL_Driver/Src/stm32l4xx_hal_rcc_ex.c ****   * @retval none
2391:Drivers/STM32L4xx_HAL_Driver/Src/stm32l4xx_hal_rcc_ex.c ****   */
2392:Drivers/STM32L4xx_HAL_Driver/Src/stm32l4xx_hal_rcc_ex.c **** __weak void HAL_RCCEx_LSECSS_Callback(void)
2393:Drivers/STM32L4xx_HAL_Driver/Src/stm32l4xx_hal_rcc_ex.c **** {
2394:Drivers/STM32L4xx_HAL_Driver/Src/stm32l4xx_hal_rcc_ex.c ****   /* NOTE : This function should not be modified, when the callback is needed,
2395:Drivers/STM32L4xx_HAL_Driver/Src/stm32l4xx_hal_rcc_ex.c ****             the @ref HAL_RCCEx_LSECSS_Callback should be implemented in the user file
2396:Drivers/STM32L4xx_HAL_Driver/Src/stm32l4xx_hal_rcc_ex.c ****    */
2397:Drivers/STM32L4xx_HAL_Driver/Src/stm32l4xx_hal_rcc_ex.c **** }
2398:Drivers/STM32L4xx_HAL_Driver/Src/stm32l4xx_hal_rcc_ex.c **** 
2399:Drivers/STM32L4xx_HAL_Driver/Src/stm32l4xx_hal_rcc_ex.c **** /**
2400:Drivers/STM32L4xx_HAL_Driver/Src/stm32l4xx_hal_rcc_ex.c ****   * @brief  Select the Low Speed clock source to output on LSCO pin (PA2).
2401:Drivers/STM32L4xx_HAL_Driver/Src/stm32l4xx_hal_rcc_ex.c ****   * @param  LSCOSource  specifies the Low Speed clock source to output.
2402:Drivers/STM32L4xx_HAL_Driver/Src/stm32l4xx_hal_rcc_ex.c ****   *          This parameter can be one of the following values:
2403:Drivers/STM32L4xx_HAL_Driver/Src/stm32l4xx_hal_rcc_ex.c ****   *            @arg @ref RCC_LSCOSOURCE_LSI  LSI clock selected as LSCO source
2404:Drivers/STM32L4xx_HAL_Driver/Src/stm32l4xx_hal_rcc_ex.c ****   *            @arg @ref RCC_LSCOSOURCE_LSE  LSE clock selected as LSCO source
2405:Drivers/STM32L4xx_HAL_Driver/Src/stm32l4xx_hal_rcc_ex.c ****   * @retval None
2406:Drivers/STM32L4xx_HAL_Driver/Src/stm32l4xx_hal_rcc_ex.c ****   */
2407:Drivers/STM32L4xx_HAL_Driver/Src/stm32l4xx_hal_rcc_ex.c **** void HAL_RCCEx_EnableLSCO(uint32_t LSCOSource)
2408:Drivers/STM32L4xx_HAL_Driver/Src/stm32l4xx_hal_rcc_ex.c **** {
2409:Drivers/STM32L4xx_HAL_Driver/Src/stm32l4xx_hal_rcc_ex.c ****   GPIO_InitTypeDef GPIO_InitStruct = {0};
2410:Drivers/STM32L4xx_HAL_Driver/Src/stm32l4xx_hal_rcc_ex.c ****   FlagStatus       pwrclkchanged = RESET;
2411:Drivers/STM32L4xx_HAL_Driver/Src/stm32l4xx_hal_rcc_ex.c ****   FlagStatus       backupchanged = RESET;
2412:Drivers/STM32L4xx_HAL_Driver/Src/stm32l4xx_hal_rcc_ex.c **** 
2413:Drivers/STM32L4xx_HAL_Driver/Src/stm32l4xx_hal_rcc_ex.c ****   /* Check the parameters */
2414:Drivers/STM32L4xx_HAL_Driver/Src/stm32l4xx_hal_rcc_ex.c ****   assert_param(IS_RCC_LSCOSOURCE(LSCOSource));
2415:Drivers/STM32L4xx_HAL_Driver/Src/stm32l4xx_hal_rcc_ex.c **** 
2416:Drivers/STM32L4xx_HAL_Driver/Src/stm32l4xx_hal_rcc_ex.c ****   /* LSCO Pin Clock Enable */
2417:Drivers/STM32L4xx_HAL_Driver/Src/stm32l4xx_hal_rcc_ex.c ****   __LSCO_CLK_ENABLE();
2418:Drivers/STM32L4xx_HAL_Driver/Src/stm32l4xx_hal_rcc_ex.c **** 
2419:Drivers/STM32L4xx_HAL_Driver/Src/stm32l4xx_hal_rcc_ex.c ****   /* Configure the LSCO pin in analog mode */
2420:Drivers/STM32L4xx_HAL_Driver/Src/stm32l4xx_hal_rcc_ex.c ****   GPIO_InitStruct.Pin = LSCO_PIN;
2421:Drivers/STM32L4xx_HAL_Driver/Src/stm32l4xx_hal_rcc_ex.c ****   GPIO_InitStruct.Mode = GPIO_MODE_ANALOG;
2422:Drivers/STM32L4xx_HAL_Driver/Src/stm32l4xx_hal_rcc_ex.c ****   GPIO_InitStruct.Speed = GPIO_SPEED_FREQ_HIGH;
2423:Drivers/STM32L4xx_HAL_Driver/Src/stm32l4xx_hal_rcc_ex.c ****   GPIO_InitStruct.Pull = GPIO_NOPULL;
2424:Drivers/STM32L4xx_HAL_Driver/Src/stm32l4xx_hal_rcc_ex.c ****   HAL_GPIO_Init(LSCO_GPIO_PORT, &GPIO_InitStruct);
ARM GAS  /tmp/ccFN0S9l.s 			page 44


2425:Drivers/STM32L4xx_HAL_Driver/Src/stm32l4xx_hal_rcc_ex.c **** 
2426:Drivers/STM32L4xx_HAL_Driver/Src/stm32l4xx_hal_rcc_ex.c ****   /* Update LSCOSEL clock source in Backup Domain control register */
2427:Drivers/STM32L4xx_HAL_Driver/Src/stm32l4xx_hal_rcc_ex.c ****   if(__HAL_RCC_PWR_IS_CLK_DISABLED())
2428:Drivers/STM32L4xx_HAL_Driver/Src/stm32l4xx_hal_rcc_ex.c ****   {
2429:Drivers/STM32L4xx_HAL_Driver/Src/stm32l4xx_hal_rcc_ex.c ****     __HAL_RCC_PWR_CLK_ENABLE();
2430:Drivers/STM32L4xx_HAL_Driver/Src/stm32l4xx_hal_rcc_ex.c ****     pwrclkchanged = SET;
2431:Drivers/STM32L4xx_HAL_Driver/Src/stm32l4xx_hal_rcc_ex.c ****   }
2432:Drivers/STM32L4xx_HAL_Driver/Src/stm32l4xx_hal_rcc_ex.c ****   if(HAL_IS_BIT_CLR(PWR->CR1, PWR_CR1_DBP))
2433:Drivers/STM32L4xx_HAL_Driver/Src/stm32l4xx_hal_rcc_ex.c ****   {
2434:Drivers/STM32L4xx_HAL_Driver/Src/stm32l4xx_hal_rcc_ex.c ****     HAL_PWR_EnableBkUpAccess();
2435:Drivers/STM32L4xx_HAL_Driver/Src/stm32l4xx_hal_rcc_ex.c ****     backupchanged = SET;
2436:Drivers/STM32L4xx_HAL_Driver/Src/stm32l4xx_hal_rcc_ex.c ****   }
2437:Drivers/STM32L4xx_HAL_Driver/Src/stm32l4xx_hal_rcc_ex.c **** 
2438:Drivers/STM32L4xx_HAL_Driver/Src/stm32l4xx_hal_rcc_ex.c ****   MODIFY_REG(RCC->BDCR, RCC_BDCR_LSCOSEL | RCC_BDCR_LSCOEN, LSCOSource | RCC_BDCR_LSCOEN);
2439:Drivers/STM32L4xx_HAL_Driver/Src/stm32l4xx_hal_rcc_ex.c **** 
2440:Drivers/STM32L4xx_HAL_Driver/Src/stm32l4xx_hal_rcc_ex.c ****   if(backupchanged == SET)
2441:Drivers/STM32L4xx_HAL_Driver/Src/stm32l4xx_hal_rcc_ex.c ****   {
2442:Drivers/STM32L4xx_HAL_Driver/Src/stm32l4xx_hal_rcc_ex.c ****     HAL_PWR_DisableBkUpAccess();
2443:Drivers/STM32L4xx_HAL_Driver/Src/stm32l4xx_hal_rcc_ex.c ****   }
2444:Drivers/STM32L4xx_HAL_Driver/Src/stm32l4xx_hal_rcc_ex.c ****   if(pwrclkchanged == SET)
2445:Drivers/STM32L4xx_HAL_Driver/Src/stm32l4xx_hal_rcc_ex.c ****   {
2446:Drivers/STM32L4xx_HAL_Driver/Src/stm32l4xx_hal_rcc_ex.c ****     __HAL_RCC_PWR_CLK_DISABLE();
2447:Drivers/STM32L4xx_HAL_Driver/Src/stm32l4xx_hal_rcc_ex.c ****   }
2448:Drivers/STM32L4xx_HAL_Driver/Src/stm32l4xx_hal_rcc_ex.c **** }
2449:Drivers/STM32L4xx_HAL_Driver/Src/stm32l4xx_hal_rcc_ex.c **** 
2450:Drivers/STM32L4xx_HAL_Driver/Src/stm32l4xx_hal_rcc_ex.c **** /**
2451:Drivers/STM32L4xx_HAL_Driver/Src/stm32l4xx_hal_rcc_ex.c ****   * @brief  Disable the Low Speed clock output.
2452:Drivers/STM32L4xx_HAL_Driver/Src/stm32l4xx_hal_rcc_ex.c ****   * @retval None
2453:Drivers/STM32L4xx_HAL_Driver/Src/stm32l4xx_hal_rcc_ex.c ****   */
2454:Drivers/STM32L4xx_HAL_Driver/Src/stm32l4xx_hal_rcc_ex.c **** void HAL_RCCEx_DisableLSCO(void)
2455:Drivers/STM32L4xx_HAL_Driver/Src/stm32l4xx_hal_rcc_ex.c **** {
2456:Drivers/STM32L4xx_HAL_Driver/Src/stm32l4xx_hal_rcc_ex.c ****   FlagStatus       pwrclkchanged = RESET;
2457:Drivers/STM32L4xx_HAL_Driver/Src/stm32l4xx_hal_rcc_ex.c ****   FlagStatus       backupchanged = RESET;
2458:Drivers/STM32L4xx_HAL_Driver/Src/stm32l4xx_hal_rcc_ex.c **** 
2459:Drivers/STM32L4xx_HAL_Driver/Src/stm32l4xx_hal_rcc_ex.c ****   /* Update LSCOEN bit in Backup Domain control register */
2460:Drivers/STM32L4xx_HAL_Driver/Src/stm32l4xx_hal_rcc_ex.c ****   if(__HAL_RCC_PWR_IS_CLK_DISABLED())
2461:Drivers/STM32L4xx_HAL_Driver/Src/stm32l4xx_hal_rcc_ex.c ****   {
2462:Drivers/STM32L4xx_HAL_Driver/Src/stm32l4xx_hal_rcc_ex.c ****     __HAL_RCC_PWR_CLK_ENABLE();
2463:Drivers/STM32L4xx_HAL_Driver/Src/stm32l4xx_hal_rcc_ex.c ****     pwrclkchanged = SET;
2464:Drivers/STM32L4xx_HAL_Driver/Src/stm32l4xx_hal_rcc_ex.c ****   }
2465:Drivers/STM32L4xx_HAL_Driver/Src/stm32l4xx_hal_rcc_ex.c ****   if(HAL_IS_BIT_CLR(PWR->CR1, PWR_CR1_DBP))
2466:Drivers/STM32L4xx_HAL_Driver/Src/stm32l4xx_hal_rcc_ex.c ****   {
2467:Drivers/STM32L4xx_HAL_Driver/Src/stm32l4xx_hal_rcc_ex.c ****     /* Enable access to the backup domain */
2468:Drivers/STM32L4xx_HAL_Driver/Src/stm32l4xx_hal_rcc_ex.c ****     HAL_PWR_EnableBkUpAccess();
2469:Drivers/STM32L4xx_HAL_Driver/Src/stm32l4xx_hal_rcc_ex.c ****     backupchanged = SET;
2470:Drivers/STM32L4xx_HAL_Driver/Src/stm32l4xx_hal_rcc_ex.c ****   }
2471:Drivers/STM32L4xx_HAL_Driver/Src/stm32l4xx_hal_rcc_ex.c **** 
2472:Drivers/STM32L4xx_HAL_Driver/Src/stm32l4xx_hal_rcc_ex.c ****   CLEAR_BIT(RCC->BDCR, RCC_BDCR_LSCOEN);
2473:Drivers/STM32L4xx_HAL_Driver/Src/stm32l4xx_hal_rcc_ex.c **** 
2474:Drivers/STM32L4xx_HAL_Driver/Src/stm32l4xx_hal_rcc_ex.c ****   /* Restore previous configuration */
2475:Drivers/STM32L4xx_HAL_Driver/Src/stm32l4xx_hal_rcc_ex.c ****   if(backupchanged == SET)
2476:Drivers/STM32L4xx_HAL_Driver/Src/stm32l4xx_hal_rcc_ex.c ****   {
2477:Drivers/STM32L4xx_HAL_Driver/Src/stm32l4xx_hal_rcc_ex.c ****     /* Disable access to the backup domain */
2478:Drivers/STM32L4xx_HAL_Driver/Src/stm32l4xx_hal_rcc_ex.c ****     HAL_PWR_DisableBkUpAccess();
2479:Drivers/STM32L4xx_HAL_Driver/Src/stm32l4xx_hal_rcc_ex.c ****   }
2480:Drivers/STM32L4xx_HAL_Driver/Src/stm32l4xx_hal_rcc_ex.c ****   if(pwrclkchanged == SET)
2481:Drivers/STM32L4xx_HAL_Driver/Src/stm32l4xx_hal_rcc_ex.c ****   {
ARM GAS  /tmp/ccFN0S9l.s 			page 45


2482:Drivers/STM32L4xx_HAL_Driver/Src/stm32l4xx_hal_rcc_ex.c ****     __HAL_RCC_PWR_CLK_DISABLE();
2483:Drivers/STM32L4xx_HAL_Driver/Src/stm32l4xx_hal_rcc_ex.c ****   }
2484:Drivers/STM32L4xx_HAL_Driver/Src/stm32l4xx_hal_rcc_ex.c **** }
2485:Drivers/STM32L4xx_HAL_Driver/Src/stm32l4xx_hal_rcc_ex.c **** 
2486:Drivers/STM32L4xx_HAL_Driver/Src/stm32l4xx_hal_rcc_ex.c **** /**
2487:Drivers/STM32L4xx_HAL_Driver/Src/stm32l4xx_hal_rcc_ex.c ****   * @brief  Enable the PLL-mode of the MSI.
2488:Drivers/STM32L4xx_HAL_Driver/Src/stm32l4xx_hal_rcc_ex.c ****   * @note   Prior to enable the PLL-mode of the MSI for automatic hardware
2489:Drivers/STM32L4xx_HAL_Driver/Src/stm32l4xx_hal_rcc_ex.c ****   *         calibration LSE oscillator is to be enabled with HAL_RCC_OscConfig().
2490:Drivers/STM32L4xx_HAL_Driver/Src/stm32l4xx_hal_rcc_ex.c ****   * @retval None
2491:Drivers/STM32L4xx_HAL_Driver/Src/stm32l4xx_hal_rcc_ex.c ****   */
2492:Drivers/STM32L4xx_HAL_Driver/Src/stm32l4xx_hal_rcc_ex.c **** void HAL_RCCEx_EnableMSIPLLMode(void)
2493:Drivers/STM32L4xx_HAL_Driver/Src/stm32l4xx_hal_rcc_ex.c **** {
2494:Drivers/STM32L4xx_HAL_Driver/Src/stm32l4xx_hal_rcc_ex.c ****   SET_BIT(RCC->CR, RCC_CR_MSIPLLEN) ;
2495:Drivers/STM32L4xx_HAL_Driver/Src/stm32l4xx_hal_rcc_ex.c **** }
2496:Drivers/STM32L4xx_HAL_Driver/Src/stm32l4xx_hal_rcc_ex.c **** 
2497:Drivers/STM32L4xx_HAL_Driver/Src/stm32l4xx_hal_rcc_ex.c **** /**
2498:Drivers/STM32L4xx_HAL_Driver/Src/stm32l4xx_hal_rcc_ex.c ****   * @brief  Disable the PLL-mode of the MSI.
2499:Drivers/STM32L4xx_HAL_Driver/Src/stm32l4xx_hal_rcc_ex.c ****   * @note   PLL-mode of the MSI is automatically reset when LSE oscillator is disabled.
2500:Drivers/STM32L4xx_HAL_Driver/Src/stm32l4xx_hal_rcc_ex.c ****   * @retval None
2501:Drivers/STM32L4xx_HAL_Driver/Src/stm32l4xx_hal_rcc_ex.c ****   */
2502:Drivers/STM32L4xx_HAL_Driver/Src/stm32l4xx_hal_rcc_ex.c **** void HAL_RCCEx_DisableMSIPLLMode(void)
2503:Drivers/STM32L4xx_HAL_Driver/Src/stm32l4xx_hal_rcc_ex.c **** {
2504:Drivers/STM32L4xx_HAL_Driver/Src/stm32l4xx_hal_rcc_ex.c ****   CLEAR_BIT(RCC->CR, RCC_CR_MSIPLLEN) ;
2505:Drivers/STM32L4xx_HAL_Driver/Src/stm32l4xx_hal_rcc_ex.c **** }
2506:Drivers/STM32L4xx_HAL_Driver/Src/stm32l4xx_hal_rcc_ex.c **** 
2507:Drivers/STM32L4xx_HAL_Driver/Src/stm32l4xx_hal_rcc_ex.c **** #if defined (OCTOSPI1) && defined (OCTOSPI2)
2508:Drivers/STM32L4xx_HAL_Driver/Src/stm32l4xx_hal_rcc_ex.c **** /**
2509:Drivers/STM32L4xx_HAL_Driver/Src/stm32l4xx_hal_rcc_ex.c ****   * @brief  Configure OCTOSPI instances DQS delays.
2510:Drivers/STM32L4xx_HAL_Driver/Src/stm32l4xx_hal_rcc_ex.c ****   * @param  Delay1  OCTOSPI1 DQS delay
2511:Drivers/STM32L4xx_HAL_Driver/Src/stm32l4xx_hal_rcc_ex.c ****   * @param  Delay2  OCTOSPI2 DQS delay
2512:Drivers/STM32L4xx_HAL_Driver/Src/stm32l4xx_hal_rcc_ex.c ****   * @note   Delay parameters stand for unitary delays from 0 to 15. Actual delay is Delay1 or Delay
2513:Drivers/STM32L4xx_HAL_Driver/Src/stm32l4xx_hal_rcc_ex.c ****   * @retval None
2514:Drivers/STM32L4xx_HAL_Driver/Src/stm32l4xx_hal_rcc_ex.c ****   */
2515:Drivers/STM32L4xx_HAL_Driver/Src/stm32l4xx_hal_rcc_ex.c **** void HAL_RCCEx_OCTOSPIDelayConfig(uint32_t Delay1, uint32_t Delay2)
2516:Drivers/STM32L4xx_HAL_Driver/Src/stm32l4xx_hal_rcc_ex.c **** {
2517:Drivers/STM32L4xx_HAL_Driver/Src/stm32l4xx_hal_rcc_ex.c ****   assert_param(IS_RCC_OCTOSPIDELAY(Delay1));
2518:Drivers/STM32L4xx_HAL_Driver/Src/stm32l4xx_hal_rcc_ex.c ****   assert_param(IS_RCC_OCTOSPIDELAY(Delay2));
2519:Drivers/STM32L4xx_HAL_Driver/Src/stm32l4xx_hal_rcc_ex.c **** 
2520:Drivers/STM32L4xx_HAL_Driver/Src/stm32l4xx_hal_rcc_ex.c ****   MODIFY_REG(RCC->DLYCFGR, RCC_DLYCFGR_OCTOSPI1_DLY|RCC_DLYCFGR_OCTOSPI2_DLY, (Delay1 | (Delay2 << 
2521:Drivers/STM32L4xx_HAL_Driver/Src/stm32l4xx_hal_rcc_ex.c **** }
2522:Drivers/STM32L4xx_HAL_Driver/Src/stm32l4xx_hal_rcc_ex.c **** #endif /* OCTOSPI1 && OCTOSPI2 */
2523:Drivers/STM32L4xx_HAL_Driver/Src/stm32l4xx_hal_rcc_ex.c **** 
2524:Drivers/STM32L4xx_HAL_Driver/Src/stm32l4xx_hal_rcc_ex.c **** /**
2525:Drivers/STM32L4xx_HAL_Driver/Src/stm32l4xx_hal_rcc_ex.c ****   * @}
2526:Drivers/STM32L4xx_HAL_Driver/Src/stm32l4xx_hal_rcc_ex.c ****   */
2527:Drivers/STM32L4xx_HAL_Driver/Src/stm32l4xx_hal_rcc_ex.c **** 
2528:Drivers/STM32L4xx_HAL_Driver/Src/stm32l4xx_hal_rcc_ex.c **** #if defined(CRS)
2529:Drivers/STM32L4xx_HAL_Driver/Src/stm32l4xx_hal_rcc_ex.c **** 
2530:Drivers/STM32L4xx_HAL_Driver/Src/stm32l4xx_hal_rcc_ex.c **** /** @defgroup RCCEx_Exported_Functions_Group3 Extended Clock Recovery System Control functions
2531:Drivers/STM32L4xx_HAL_Driver/Src/stm32l4xx_hal_rcc_ex.c ****  *  @brief  Extended Clock Recovery System Control functions
2532:Drivers/STM32L4xx_HAL_Driver/Src/stm32l4xx_hal_rcc_ex.c ****  *
2533:Drivers/STM32L4xx_HAL_Driver/Src/stm32l4xx_hal_rcc_ex.c **** @verbatim
2534:Drivers/STM32L4xx_HAL_Driver/Src/stm32l4xx_hal_rcc_ex.c ****  ===============================================================================
2535:Drivers/STM32L4xx_HAL_Driver/Src/stm32l4xx_hal_rcc_ex.c ****                 ##### Extended Clock Recovery System Control functions  #####
2536:Drivers/STM32L4xx_HAL_Driver/Src/stm32l4xx_hal_rcc_ex.c ****  ===============================================================================
2537:Drivers/STM32L4xx_HAL_Driver/Src/stm32l4xx_hal_rcc_ex.c ****     [..]
2538:Drivers/STM32L4xx_HAL_Driver/Src/stm32l4xx_hal_rcc_ex.c ****       For devices with Clock Recovery System feature (CRS), RCC Extension HAL driver can be used as
ARM GAS  /tmp/ccFN0S9l.s 			page 46


2539:Drivers/STM32L4xx_HAL_Driver/Src/stm32l4xx_hal_rcc_ex.c **** 
2540:Drivers/STM32L4xx_HAL_Driver/Src/stm32l4xx_hal_rcc_ex.c ****       (#) In System clock config, HSI48 needs to be enabled
2541:Drivers/STM32L4xx_HAL_Driver/Src/stm32l4xx_hal_rcc_ex.c **** 
2542:Drivers/STM32L4xx_HAL_Driver/Src/stm32l4xx_hal_rcc_ex.c ****       (#) Enable CRS clock in IP MSP init which will use CRS functions
2543:Drivers/STM32L4xx_HAL_Driver/Src/stm32l4xx_hal_rcc_ex.c **** 
2544:Drivers/STM32L4xx_HAL_Driver/Src/stm32l4xx_hal_rcc_ex.c ****       (#) Call CRS functions as follows:
2545:Drivers/STM32L4xx_HAL_Driver/Src/stm32l4xx_hal_rcc_ex.c ****           (##) Prepare synchronization configuration necessary for HSI48 calibration
2546:Drivers/STM32L4xx_HAL_Driver/Src/stm32l4xx_hal_rcc_ex.c ****               (+++) Default values can be set for frequency Error Measurement (reload and error lim
2547:Drivers/STM32L4xx_HAL_Driver/Src/stm32l4xx_hal_rcc_ex.c ****                         and also HSI48 oscillator smooth trimming.
2548:Drivers/STM32L4xx_HAL_Driver/Src/stm32l4xx_hal_rcc_ex.c ****               (+++) Macro __HAL_RCC_CRS_RELOADVALUE_CALCULATE can be also used to calculate
2549:Drivers/STM32L4xx_HAL_Driver/Src/stm32l4xx_hal_rcc_ex.c ****                         directly reload value with target and synchronization frequencies values
2550:Drivers/STM32L4xx_HAL_Driver/Src/stm32l4xx_hal_rcc_ex.c ****           (##) Call function HAL_RCCEx_CRSConfig which
2551:Drivers/STM32L4xx_HAL_Driver/Src/stm32l4xx_hal_rcc_ex.c ****               (+++) Resets CRS registers to their default values.
2552:Drivers/STM32L4xx_HAL_Driver/Src/stm32l4xx_hal_rcc_ex.c ****               (+++) Configures CRS registers with synchronization configuration
2553:Drivers/STM32L4xx_HAL_Driver/Src/stm32l4xx_hal_rcc_ex.c ****               (+++) Enables automatic calibration and frequency error counter feature
2554:Drivers/STM32L4xx_HAL_Driver/Src/stm32l4xx_hal_rcc_ex.c ****            Note: When using USB LPM (Link Power Management) and the device is in Sleep mode, the
2555:Drivers/STM32L4xx_HAL_Driver/Src/stm32l4xx_hal_rcc_ex.c ****            periodic USB SOF will not be generated by the host. No SYNC signal will therefore be
2556:Drivers/STM32L4xx_HAL_Driver/Src/stm32l4xx_hal_rcc_ex.c ****            provided to the CRS to calibrate the HSI48 on the run. To guarantee the required clock
2557:Drivers/STM32L4xx_HAL_Driver/Src/stm32l4xx_hal_rcc_ex.c ****            precision after waking up from Sleep mode, the LSE or reference clock on the GPIOs
2558:Drivers/STM32L4xx_HAL_Driver/Src/stm32l4xx_hal_rcc_ex.c ****            should be used as SYNC signal.
2559:Drivers/STM32L4xx_HAL_Driver/Src/stm32l4xx_hal_rcc_ex.c **** 
2560:Drivers/STM32L4xx_HAL_Driver/Src/stm32l4xx_hal_rcc_ex.c ****           (##) A polling function is provided to wait for complete synchronization
2561:Drivers/STM32L4xx_HAL_Driver/Src/stm32l4xx_hal_rcc_ex.c ****               (+++) Call function HAL_RCCEx_CRSWaitSynchronization()
2562:Drivers/STM32L4xx_HAL_Driver/Src/stm32l4xx_hal_rcc_ex.c ****               (+++) According to CRS status, user can decide to adjust again the calibration or con
2563:Drivers/STM32L4xx_HAL_Driver/Src/stm32l4xx_hal_rcc_ex.c ****                         application if synchronization is OK
2564:Drivers/STM32L4xx_HAL_Driver/Src/stm32l4xx_hal_rcc_ex.c **** 
2565:Drivers/STM32L4xx_HAL_Driver/Src/stm32l4xx_hal_rcc_ex.c ****       (#) User can retrieve information related to synchronization in calling function
2566:Drivers/STM32L4xx_HAL_Driver/Src/stm32l4xx_hal_rcc_ex.c ****             HAL_RCCEx_CRSGetSynchronizationInfo()
2567:Drivers/STM32L4xx_HAL_Driver/Src/stm32l4xx_hal_rcc_ex.c **** 
2568:Drivers/STM32L4xx_HAL_Driver/Src/stm32l4xx_hal_rcc_ex.c ****       (#) Regarding synchronization status and synchronization information, user can try a new cali
2569:Drivers/STM32L4xx_HAL_Driver/Src/stm32l4xx_hal_rcc_ex.c ****            in changing synchronization configuration and call again HAL_RCCEx_CRSConfig.
2570:Drivers/STM32L4xx_HAL_Driver/Src/stm32l4xx_hal_rcc_ex.c ****            Note: When the SYNC event is detected during the downcounting phase (before reaching the
2571:Drivers/STM32L4xx_HAL_Driver/Src/stm32l4xx_hal_rcc_ex.c ****            it means that the actual frequency is lower than the target (and so, that the TRIM value
2572:Drivers/STM32L4xx_HAL_Driver/Src/stm32l4xx_hal_rcc_ex.c ****            incremented), while when it is detected during the upcounting phase it means that the ac
2573:Drivers/STM32L4xx_HAL_Driver/Src/stm32l4xx_hal_rcc_ex.c ****            is higher (and that the TRIM value should be decremented).
2574:Drivers/STM32L4xx_HAL_Driver/Src/stm32l4xx_hal_rcc_ex.c **** 
2575:Drivers/STM32L4xx_HAL_Driver/Src/stm32l4xx_hal_rcc_ex.c ****       (#) In interrupt mode, user can resort to the available macros (__HAL_RCC_CRS_XXX_IT). Interr
2576:Drivers/STM32L4xx_HAL_Driver/Src/stm32l4xx_hal_rcc_ex.c ****           through CRS Handler (CRS_IRQn/CRS_IRQHandler)
2577:Drivers/STM32L4xx_HAL_Driver/Src/stm32l4xx_hal_rcc_ex.c ****               (++) Call function HAL_RCCEx_CRSConfig()
2578:Drivers/STM32L4xx_HAL_Driver/Src/stm32l4xx_hal_rcc_ex.c ****               (++) Enable CRS_IRQn (thanks to NVIC functions)
2579:Drivers/STM32L4xx_HAL_Driver/Src/stm32l4xx_hal_rcc_ex.c ****               (++) Enable CRS interrupt (__HAL_RCC_CRS_ENABLE_IT)
2580:Drivers/STM32L4xx_HAL_Driver/Src/stm32l4xx_hal_rcc_ex.c ****               (++) Implement CRS status management in the following user callbacks called from
2581:Drivers/STM32L4xx_HAL_Driver/Src/stm32l4xx_hal_rcc_ex.c ****                    HAL_RCCEx_CRS_IRQHandler():
2582:Drivers/STM32L4xx_HAL_Driver/Src/stm32l4xx_hal_rcc_ex.c ****                    (+++) HAL_RCCEx_CRS_SyncOkCallback()
2583:Drivers/STM32L4xx_HAL_Driver/Src/stm32l4xx_hal_rcc_ex.c ****                    (+++) HAL_RCCEx_CRS_SyncWarnCallback()
2584:Drivers/STM32L4xx_HAL_Driver/Src/stm32l4xx_hal_rcc_ex.c ****                    (+++) HAL_RCCEx_CRS_ExpectedSyncCallback()
2585:Drivers/STM32L4xx_HAL_Driver/Src/stm32l4xx_hal_rcc_ex.c ****                    (+++) HAL_RCCEx_CRS_ErrorCallback()
2586:Drivers/STM32L4xx_HAL_Driver/Src/stm32l4xx_hal_rcc_ex.c **** 
2587:Drivers/STM32L4xx_HAL_Driver/Src/stm32l4xx_hal_rcc_ex.c ****       (#) To force a SYNC EVENT, user can use the function HAL_RCCEx_CRSSoftwareSynchronizationGene
2588:Drivers/STM32L4xx_HAL_Driver/Src/stm32l4xx_hal_rcc_ex.c ****           This function can be called before calling HAL_RCCEx_CRSConfig (for instance in Systick h
2589:Drivers/STM32L4xx_HAL_Driver/Src/stm32l4xx_hal_rcc_ex.c **** 
2590:Drivers/STM32L4xx_HAL_Driver/Src/stm32l4xx_hal_rcc_ex.c **** @endverbatim
2591:Drivers/STM32L4xx_HAL_Driver/Src/stm32l4xx_hal_rcc_ex.c ****  * @{
2592:Drivers/STM32L4xx_HAL_Driver/Src/stm32l4xx_hal_rcc_ex.c ****  */
2593:Drivers/STM32L4xx_HAL_Driver/Src/stm32l4xx_hal_rcc_ex.c **** 
2594:Drivers/STM32L4xx_HAL_Driver/Src/stm32l4xx_hal_rcc_ex.c **** /**
2595:Drivers/STM32L4xx_HAL_Driver/Src/stm32l4xx_hal_rcc_ex.c ****   * @brief  Start automatic synchronization for polling mode
ARM GAS  /tmp/ccFN0S9l.s 			page 47


2596:Drivers/STM32L4xx_HAL_Driver/Src/stm32l4xx_hal_rcc_ex.c ****   * @param  pInit Pointer on RCC_CRSInitTypeDef structure
2597:Drivers/STM32L4xx_HAL_Driver/Src/stm32l4xx_hal_rcc_ex.c ****   * @retval None
2598:Drivers/STM32L4xx_HAL_Driver/Src/stm32l4xx_hal_rcc_ex.c ****   */
2599:Drivers/STM32L4xx_HAL_Driver/Src/stm32l4xx_hal_rcc_ex.c **** void HAL_RCCEx_CRSConfig(RCC_CRSInitTypeDef *pInit)
2600:Drivers/STM32L4xx_HAL_Driver/Src/stm32l4xx_hal_rcc_ex.c **** {
2601:Drivers/STM32L4xx_HAL_Driver/Src/stm32l4xx_hal_rcc_ex.c ****   uint32_t value;  /* no init needed */
2602:Drivers/STM32L4xx_HAL_Driver/Src/stm32l4xx_hal_rcc_ex.c **** 
2603:Drivers/STM32L4xx_HAL_Driver/Src/stm32l4xx_hal_rcc_ex.c ****   /* Check the parameters */
2604:Drivers/STM32L4xx_HAL_Driver/Src/stm32l4xx_hal_rcc_ex.c ****   assert_param(IS_RCC_CRS_SYNC_DIV(pInit->Prescaler));
2605:Drivers/STM32L4xx_HAL_Driver/Src/stm32l4xx_hal_rcc_ex.c ****   assert_param(IS_RCC_CRS_SYNC_SOURCE(pInit->Source));
2606:Drivers/STM32L4xx_HAL_Driver/Src/stm32l4xx_hal_rcc_ex.c ****   assert_param(IS_RCC_CRS_SYNC_POLARITY(pInit->Polarity));
2607:Drivers/STM32L4xx_HAL_Driver/Src/stm32l4xx_hal_rcc_ex.c ****   assert_param(IS_RCC_CRS_RELOADVALUE(pInit->ReloadValue));
2608:Drivers/STM32L4xx_HAL_Driver/Src/stm32l4xx_hal_rcc_ex.c ****   assert_param(IS_RCC_CRS_ERRORLIMIT(pInit->ErrorLimitValue));
2609:Drivers/STM32L4xx_HAL_Driver/Src/stm32l4xx_hal_rcc_ex.c ****   assert_param(IS_RCC_CRS_HSI48CALIBRATION(pInit->HSI48CalibrationValue));
2610:Drivers/STM32L4xx_HAL_Driver/Src/stm32l4xx_hal_rcc_ex.c **** 
2611:Drivers/STM32L4xx_HAL_Driver/Src/stm32l4xx_hal_rcc_ex.c ****   /* CONFIGURATION */
2612:Drivers/STM32L4xx_HAL_Driver/Src/stm32l4xx_hal_rcc_ex.c **** 
2613:Drivers/STM32L4xx_HAL_Driver/Src/stm32l4xx_hal_rcc_ex.c ****   /* Before configuration, reset CRS registers to their default values*/
2614:Drivers/STM32L4xx_HAL_Driver/Src/stm32l4xx_hal_rcc_ex.c ****   __HAL_RCC_CRS_FORCE_RESET();
2615:Drivers/STM32L4xx_HAL_Driver/Src/stm32l4xx_hal_rcc_ex.c ****   __HAL_RCC_CRS_RELEASE_RESET();
2616:Drivers/STM32L4xx_HAL_Driver/Src/stm32l4xx_hal_rcc_ex.c **** 
2617:Drivers/STM32L4xx_HAL_Driver/Src/stm32l4xx_hal_rcc_ex.c ****   /* Set the SYNCDIV[2:0] bits according to Prescaler value */
2618:Drivers/STM32L4xx_HAL_Driver/Src/stm32l4xx_hal_rcc_ex.c ****   /* Set the SYNCSRC[1:0] bits according to Source value */
2619:Drivers/STM32L4xx_HAL_Driver/Src/stm32l4xx_hal_rcc_ex.c ****   /* Set the SYNCSPOL bit according to Polarity value */
2620:Drivers/STM32L4xx_HAL_Driver/Src/stm32l4xx_hal_rcc_ex.c ****   value = (pInit->Prescaler | pInit->Source | pInit->Polarity);
2621:Drivers/STM32L4xx_HAL_Driver/Src/stm32l4xx_hal_rcc_ex.c ****   /* Set the RELOAD[15:0] bits according to ReloadValue value */
2622:Drivers/STM32L4xx_HAL_Driver/Src/stm32l4xx_hal_rcc_ex.c ****   value |= pInit->ReloadValue;
2623:Drivers/STM32L4xx_HAL_Driver/Src/stm32l4xx_hal_rcc_ex.c ****   /* Set the FELIM[7:0] bits according to ErrorLimitValue value */
2624:Drivers/STM32L4xx_HAL_Driver/Src/stm32l4xx_hal_rcc_ex.c ****   value |= (pInit->ErrorLimitValue << CRS_CFGR_FELIM_Pos);
2625:Drivers/STM32L4xx_HAL_Driver/Src/stm32l4xx_hal_rcc_ex.c ****   WRITE_REG(CRS->CFGR, value);
2626:Drivers/STM32L4xx_HAL_Driver/Src/stm32l4xx_hal_rcc_ex.c **** 
2627:Drivers/STM32L4xx_HAL_Driver/Src/stm32l4xx_hal_rcc_ex.c ****   /* Adjust HSI48 oscillator smooth trimming */
2628:Drivers/STM32L4xx_HAL_Driver/Src/stm32l4xx_hal_rcc_ex.c ****   /* Set the TRIM[6:0] bits for STM32L412xx/L422xx or TRIM[5:0] bits otherwise
2629:Drivers/STM32L4xx_HAL_Driver/Src/stm32l4xx_hal_rcc_ex.c ****      according to RCC_CRS_HSI48CalibrationValue value */
2630:Drivers/STM32L4xx_HAL_Driver/Src/stm32l4xx_hal_rcc_ex.c ****   MODIFY_REG(CRS->CR, CRS_CR_TRIM, (pInit->HSI48CalibrationValue << CRS_CR_TRIM_Pos));
2631:Drivers/STM32L4xx_HAL_Driver/Src/stm32l4xx_hal_rcc_ex.c **** 
2632:Drivers/STM32L4xx_HAL_Driver/Src/stm32l4xx_hal_rcc_ex.c ****   /* START AUTOMATIC SYNCHRONIZATION*/
2633:Drivers/STM32L4xx_HAL_Driver/Src/stm32l4xx_hal_rcc_ex.c **** 
2634:Drivers/STM32L4xx_HAL_Driver/Src/stm32l4xx_hal_rcc_ex.c ****   /* Enable Automatic trimming & Frequency error counter */
2635:Drivers/STM32L4xx_HAL_Driver/Src/stm32l4xx_hal_rcc_ex.c ****   SET_BIT(CRS->CR, CRS_CR_AUTOTRIMEN | CRS_CR_CEN);
2636:Drivers/STM32L4xx_HAL_Driver/Src/stm32l4xx_hal_rcc_ex.c **** }
2637:Drivers/STM32L4xx_HAL_Driver/Src/stm32l4xx_hal_rcc_ex.c **** 
2638:Drivers/STM32L4xx_HAL_Driver/Src/stm32l4xx_hal_rcc_ex.c **** /**
2639:Drivers/STM32L4xx_HAL_Driver/Src/stm32l4xx_hal_rcc_ex.c ****   * @brief  Generate the software synchronization event
2640:Drivers/STM32L4xx_HAL_Driver/Src/stm32l4xx_hal_rcc_ex.c ****   * @retval None
2641:Drivers/STM32L4xx_HAL_Driver/Src/stm32l4xx_hal_rcc_ex.c ****   */
2642:Drivers/STM32L4xx_HAL_Driver/Src/stm32l4xx_hal_rcc_ex.c **** void HAL_RCCEx_CRSSoftwareSynchronizationGenerate(void)
2643:Drivers/STM32L4xx_HAL_Driver/Src/stm32l4xx_hal_rcc_ex.c **** {
2644:Drivers/STM32L4xx_HAL_Driver/Src/stm32l4xx_hal_rcc_ex.c ****   SET_BIT(CRS->CR, CRS_CR_SWSYNC);
2645:Drivers/STM32L4xx_HAL_Driver/Src/stm32l4xx_hal_rcc_ex.c **** }
2646:Drivers/STM32L4xx_HAL_Driver/Src/stm32l4xx_hal_rcc_ex.c **** 
2647:Drivers/STM32L4xx_HAL_Driver/Src/stm32l4xx_hal_rcc_ex.c **** /**
2648:Drivers/STM32L4xx_HAL_Driver/Src/stm32l4xx_hal_rcc_ex.c ****   * @brief  Return synchronization info
2649:Drivers/STM32L4xx_HAL_Driver/Src/stm32l4xx_hal_rcc_ex.c ****   * @param  pSynchroInfo Pointer on RCC_CRSSynchroInfoTypeDef structure
2650:Drivers/STM32L4xx_HAL_Driver/Src/stm32l4xx_hal_rcc_ex.c ****   * @retval None
2651:Drivers/STM32L4xx_HAL_Driver/Src/stm32l4xx_hal_rcc_ex.c ****   */
2652:Drivers/STM32L4xx_HAL_Driver/Src/stm32l4xx_hal_rcc_ex.c **** void HAL_RCCEx_CRSGetSynchronizationInfo(RCC_CRSSynchroInfoTypeDef *pSynchroInfo)
ARM GAS  /tmp/ccFN0S9l.s 			page 48


2653:Drivers/STM32L4xx_HAL_Driver/Src/stm32l4xx_hal_rcc_ex.c **** {
2654:Drivers/STM32L4xx_HAL_Driver/Src/stm32l4xx_hal_rcc_ex.c ****   /* Check the parameter */
2655:Drivers/STM32L4xx_HAL_Driver/Src/stm32l4xx_hal_rcc_ex.c ****   assert_param(pSynchroInfo != (void *)NULL);
2656:Drivers/STM32L4xx_HAL_Driver/Src/stm32l4xx_hal_rcc_ex.c **** 
2657:Drivers/STM32L4xx_HAL_Driver/Src/stm32l4xx_hal_rcc_ex.c ****   /* Get the reload value */
2658:Drivers/STM32L4xx_HAL_Driver/Src/stm32l4xx_hal_rcc_ex.c ****   pSynchroInfo->ReloadValue = (READ_BIT(CRS->CFGR, CRS_CFGR_RELOAD));
2659:Drivers/STM32L4xx_HAL_Driver/Src/stm32l4xx_hal_rcc_ex.c **** 
2660:Drivers/STM32L4xx_HAL_Driver/Src/stm32l4xx_hal_rcc_ex.c ****   /* Get HSI48 oscillator smooth trimming */
2661:Drivers/STM32L4xx_HAL_Driver/Src/stm32l4xx_hal_rcc_ex.c ****   pSynchroInfo->HSI48CalibrationValue = (READ_BIT(CRS->CR, CRS_CR_TRIM) >> CRS_CR_TRIM_Pos);
2662:Drivers/STM32L4xx_HAL_Driver/Src/stm32l4xx_hal_rcc_ex.c **** 
2663:Drivers/STM32L4xx_HAL_Driver/Src/stm32l4xx_hal_rcc_ex.c ****   /* Get Frequency error capture */
2664:Drivers/STM32L4xx_HAL_Driver/Src/stm32l4xx_hal_rcc_ex.c ****   pSynchroInfo->FreqErrorCapture = (READ_BIT(CRS->ISR, CRS_ISR_FECAP) >> CRS_ISR_FECAP_Pos);
2665:Drivers/STM32L4xx_HAL_Driver/Src/stm32l4xx_hal_rcc_ex.c **** 
2666:Drivers/STM32L4xx_HAL_Driver/Src/stm32l4xx_hal_rcc_ex.c ****   /* Get Frequency error direction */
2667:Drivers/STM32L4xx_HAL_Driver/Src/stm32l4xx_hal_rcc_ex.c ****   pSynchroInfo->FreqErrorDirection = (READ_BIT(CRS->ISR, CRS_ISR_FEDIR));
2668:Drivers/STM32L4xx_HAL_Driver/Src/stm32l4xx_hal_rcc_ex.c **** }
2669:Drivers/STM32L4xx_HAL_Driver/Src/stm32l4xx_hal_rcc_ex.c **** 
2670:Drivers/STM32L4xx_HAL_Driver/Src/stm32l4xx_hal_rcc_ex.c **** /**
2671:Drivers/STM32L4xx_HAL_Driver/Src/stm32l4xx_hal_rcc_ex.c **** * @brief Wait for CRS Synchronization status.
2672:Drivers/STM32L4xx_HAL_Driver/Src/stm32l4xx_hal_rcc_ex.c **** * @param Timeout  Duration of the timeout
2673:Drivers/STM32L4xx_HAL_Driver/Src/stm32l4xx_hal_rcc_ex.c **** * @note  Timeout is based on the maximum time to receive a SYNC event based on synchronization
2674:Drivers/STM32L4xx_HAL_Driver/Src/stm32l4xx_hal_rcc_ex.c **** *        frequency.
2675:Drivers/STM32L4xx_HAL_Driver/Src/stm32l4xx_hal_rcc_ex.c **** * @note    If Timeout set to HAL_MAX_DELAY, HAL_TIMEOUT will be never returned.
2676:Drivers/STM32L4xx_HAL_Driver/Src/stm32l4xx_hal_rcc_ex.c **** * @retval Combination of Synchronization status
2677:Drivers/STM32L4xx_HAL_Driver/Src/stm32l4xx_hal_rcc_ex.c **** *          This parameter can be a combination of the following values:
2678:Drivers/STM32L4xx_HAL_Driver/Src/stm32l4xx_hal_rcc_ex.c **** *            @arg @ref RCC_CRS_TIMEOUT
2679:Drivers/STM32L4xx_HAL_Driver/Src/stm32l4xx_hal_rcc_ex.c **** *            @arg @ref RCC_CRS_SYNCOK
2680:Drivers/STM32L4xx_HAL_Driver/Src/stm32l4xx_hal_rcc_ex.c **** *            @arg @ref RCC_CRS_SYNCWARN
2681:Drivers/STM32L4xx_HAL_Driver/Src/stm32l4xx_hal_rcc_ex.c **** *            @arg @ref RCC_CRS_SYNCERR
2682:Drivers/STM32L4xx_HAL_Driver/Src/stm32l4xx_hal_rcc_ex.c **** *            @arg @ref RCC_CRS_SYNCMISS
2683:Drivers/STM32L4xx_HAL_Driver/Src/stm32l4xx_hal_rcc_ex.c **** *            @arg @ref RCC_CRS_TRIMOVF
2684:Drivers/STM32L4xx_HAL_Driver/Src/stm32l4xx_hal_rcc_ex.c **** */
2685:Drivers/STM32L4xx_HAL_Driver/Src/stm32l4xx_hal_rcc_ex.c **** uint32_t HAL_RCCEx_CRSWaitSynchronization(uint32_t Timeout)
2686:Drivers/STM32L4xx_HAL_Driver/Src/stm32l4xx_hal_rcc_ex.c **** {
2687:Drivers/STM32L4xx_HAL_Driver/Src/stm32l4xx_hal_rcc_ex.c ****   uint32_t crsstatus = RCC_CRS_NONE;
2688:Drivers/STM32L4xx_HAL_Driver/Src/stm32l4xx_hal_rcc_ex.c ****   uint32_t tickstart;
2689:Drivers/STM32L4xx_HAL_Driver/Src/stm32l4xx_hal_rcc_ex.c **** 
2690:Drivers/STM32L4xx_HAL_Driver/Src/stm32l4xx_hal_rcc_ex.c ****   /* Get timeout */
2691:Drivers/STM32L4xx_HAL_Driver/Src/stm32l4xx_hal_rcc_ex.c ****   tickstart = HAL_GetTick();
2692:Drivers/STM32L4xx_HAL_Driver/Src/stm32l4xx_hal_rcc_ex.c **** 
2693:Drivers/STM32L4xx_HAL_Driver/Src/stm32l4xx_hal_rcc_ex.c ****   /* Wait for CRS flag or timeout detection */
2694:Drivers/STM32L4xx_HAL_Driver/Src/stm32l4xx_hal_rcc_ex.c ****   do
2695:Drivers/STM32L4xx_HAL_Driver/Src/stm32l4xx_hal_rcc_ex.c ****   {
2696:Drivers/STM32L4xx_HAL_Driver/Src/stm32l4xx_hal_rcc_ex.c ****     if(Timeout != HAL_MAX_DELAY)
2697:Drivers/STM32L4xx_HAL_Driver/Src/stm32l4xx_hal_rcc_ex.c ****     {
2698:Drivers/STM32L4xx_HAL_Driver/Src/stm32l4xx_hal_rcc_ex.c ****       if(((HAL_GetTick() - tickstart) > Timeout) || (Timeout == 0U))
2699:Drivers/STM32L4xx_HAL_Driver/Src/stm32l4xx_hal_rcc_ex.c ****       {
2700:Drivers/STM32L4xx_HAL_Driver/Src/stm32l4xx_hal_rcc_ex.c ****         crsstatus = RCC_CRS_TIMEOUT;
2701:Drivers/STM32L4xx_HAL_Driver/Src/stm32l4xx_hal_rcc_ex.c ****       }
2702:Drivers/STM32L4xx_HAL_Driver/Src/stm32l4xx_hal_rcc_ex.c ****     }
2703:Drivers/STM32L4xx_HAL_Driver/Src/stm32l4xx_hal_rcc_ex.c ****     /* Check CRS SYNCOK flag  */
2704:Drivers/STM32L4xx_HAL_Driver/Src/stm32l4xx_hal_rcc_ex.c ****     if(__HAL_RCC_CRS_GET_FLAG(RCC_CRS_FLAG_SYNCOK))
2705:Drivers/STM32L4xx_HAL_Driver/Src/stm32l4xx_hal_rcc_ex.c ****     {
2706:Drivers/STM32L4xx_HAL_Driver/Src/stm32l4xx_hal_rcc_ex.c ****       /* CRS SYNC event OK */
2707:Drivers/STM32L4xx_HAL_Driver/Src/stm32l4xx_hal_rcc_ex.c ****       crsstatus |= RCC_CRS_SYNCOK;
2708:Drivers/STM32L4xx_HAL_Driver/Src/stm32l4xx_hal_rcc_ex.c **** 
2709:Drivers/STM32L4xx_HAL_Driver/Src/stm32l4xx_hal_rcc_ex.c ****       /* Clear CRS SYNC event OK bit */
ARM GAS  /tmp/ccFN0S9l.s 			page 49


2710:Drivers/STM32L4xx_HAL_Driver/Src/stm32l4xx_hal_rcc_ex.c ****       __HAL_RCC_CRS_CLEAR_FLAG(RCC_CRS_FLAG_SYNCOK);
2711:Drivers/STM32L4xx_HAL_Driver/Src/stm32l4xx_hal_rcc_ex.c ****     }
2712:Drivers/STM32L4xx_HAL_Driver/Src/stm32l4xx_hal_rcc_ex.c **** 
2713:Drivers/STM32L4xx_HAL_Driver/Src/stm32l4xx_hal_rcc_ex.c ****     /* Check CRS SYNCWARN flag  */
2714:Drivers/STM32L4xx_HAL_Driver/Src/stm32l4xx_hal_rcc_ex.c ****     if(__HAL_RCC_CRS_GET_FLAG(RCC_CRS_FLAG_SYNCWARN))
2715:Drivers/STM32L4xx_HAL_Driver/Src/stm32l4xx_hal_rcc_ex.c ****     {
2716:Drivers/STM32L4xx_HAL_Driver/Src/stm32l4xx_hal_rcc_ex.c ****       /* CRS SYNC warning */
2717:Drivers/STM32L4xx_HAL_Driver/Src/stm32l4xx_hal_rcc_ex.c ****       crsstatus |= RCC_CRS_SYNCWARN;
2718:Drivers/STM32L4xx_HAL_Driver/Src/stm32l4xx_hal_rcc_ex.c **** 
2719:Drivers/STM32L4xx_HAL_Driver/Src/stm32l4xx_hal_rcc_ex.c ****       /* Clear CRS SYNCWARN bit */
2720:Drivers/STM32L4xx_HAL_Driver/Src/stm32l4xx_hal_rcc_ex.c ****       __HAL_RCC_CRS_CLEAR_FLAG(RCC_CRS_FLAG_SYNCWARN);
2721:Drivers/STM32L4xx_HAL_Driver/Src/stm32l4xx_hal_rcc_ex.c ****     }
2722:Drivers/STM32L4xx_HAL_Driver/Src/stm32l4xx_hal_rcc_ex.c **** 
2723:Drivers/STM32L4xx_HAL_Driver/Src/stm32l4xx_hal_rcc_ex.c ****     /* Check CRS TRIM overflow flag  */
2724:Drivers/STM32L4xx_HAL_Driver/Src/stm32l4xx_hal_rcc_ex.c ****     if(__HAL_RCC_CRS_GET_FLAG(RCC_CRS_FLAG_TRIMOVF))
2725:Drivers/STM32L4xx_HAL_Driver/Src/stm32l4xx_hal_rcc_ex.c ****     {
2726:Drivers/STM32L4xx_HAL_Driver/Src/stm32l4xx_hal_rcc_ex.c ****       /* CRS SYNC Error */
2727:Drivers/STM32L4xx_HAL_Driver/Src/stm32l4xx_hal_rcc_ex.c ****       crsstatus |= RCC_CRS_TRIMOVF;
2728:Drivers/STM32L4xx_HAL_Driver/Src/stm32l4xx_hal_rcc_ex.c **** 
2729:Drivers/STM32L4xx_HAL_Driver/Src/stm32l4xx_hal_rcc_ex.c ****       /* Clear CRS Error bit */
2730:Drivers/STM32L4xx_HAL_Driver/Src/stm32l4xx_hal_rcc_ex.c ****       __HAL_RCC_CRS_CLEAR_FLAG(RCC_CRS_FLAG_TRIMOVF);
2731:Drivers/STM32L4xx_HAL_Driver/Src/stm32l4xx_hal_rcc_ex.c ****     }
2732:Drivers/STM32L4xx_HAL_Driver/Src/stm32l4xx_hal_rcc_ex.c **** 
2733:Drivers/STM32L4xx_HAL_Driver/Src/stm32l4xx_hal_rcc_ex.c ****     /* Check CRS Error flag  */
2734:Drivers/STM32L4xx_HAL_Driver/Src/stm32l4xx_hal_rcc_ex.c ****     if(__HAL_RCC_CRS_GET_FLAG(RCC_CRS_FLAG_SYNCERR))
2735:Drivers/STM32L4xx_HAL_Driver/Src/stm32l4xx_hal_rcc_ex.c ****     {
2736:Drivers/STM32L4xx_HAL_Driver/Src/stm32l4xx_hal_rcc_ex.c ****       /* CRS SYNC Error */
2737:Drivers/STM32L4xx_HAL_Driver/Src/stm32l4xx_hal_rcc_ex.c ****       crsstatus |= RCC_CRS_SYNCERR;
2738:Drivers/STM32L4xx_HAL_Driver/Src/stm32l4xx_hal_rcc_ex.c **** 
2739:Drivers/STM32L4xx_HAL_Driver/Src/stm32l4xx_hal_rcc_ex.c ****       /* Clear CRS Error bit */
2740:Drivers/STM32L4xx_HAL_Driver/Src/stm32l4xx_hal_rcc_ex.c ****       __HAL_RCC_CRS_CLEAR_FLAG(RCC_CRS_FLAG_SYNCERR);
2741:Drivers/STM32L4xx_HAL_Driver/Src/stm32l4xx_hal_rcc_ex.c ****     }
2742:Drivers/STM32L4xx_HAL_Driver/Src/stm32l4xx_hal_rcc_ex.c **** 
2743:Drivers/STM32L4xx_HAL_Driver/Src/stm32l4xx_hal_rcc_ex.c ****     /* Check CRS SYNC Missed flag  */
2744:Drivers/STM32L4xx_HAL_Driver/Src/stm32l4xx_hal_rcc_ex.c ****     if(__HAL_RCC_CRS_GET_FLAG(RCC_CRS_FLAG_SYNCMISS))
2745:Drivers/STM32L4xx_HAL_Driver/Src/stm32l4xx_hal_rcc_ex.c ****     {
2746:Drivers/STM32L4xx_HAL_Driver/Src/stm32l4xx_hal_rcc_ex.c ****       /* CRS SYNC Missed */
2747:Drivers/STM32L4xx_HAL_Driver/Src/stm32l4xx_hal_rcc_ex.c ****       crsstatus |= RCC_CRS_SYNCMISS;
2748:Drivers/STM32L4xx_HAL_Driver/Src/stm32l4xx_hal_rcc_ex.c **** 
2749:Drivers/STM32L4xx_HAL_Driver/Src/stm32l4xx_hal_rcc_ex.c ****       /* Clear CRS SYNC Missed bit */
2750:Drivers/STM32L4xx_HAL_Driver/Src/stm32l4xx_hal_rcc_ex.c ****       __HAL_RCC_CRS_CLEAR_FLAG(RCC_CRS_FLAG_SYNCMISS);
2751:Drivers/STM32L4xx_HAL_Driver/Src/stm32l4xx_hal_rcc_ex.c ****     }
2752:Drivers/STM32L4xx_HAL_Driver/Src/stm32l4xx_hal_rcc_ex.c **** 
2753:Drivers/STM32L4xx_HAL_Driver/Src/stm32l4xx_hal_rcc_ex.c ****     /* Check CRS Expected SYNC flag  */
2754:Drivers/STM32L4xx_HAL_Driver/Src/stm32l4xx_hal_rcc_ex.c ****     if(__HAL_RCC_CRS_GET_FLAG(RCC_CRS_FLAG_ESYNC))
2755:Drivers/STM32L4xx_HAL_Driver/Src/stm32l4xx_hal_rcc_ex.c ****     {
2756:Drivers/STM32L4xx_HAL_Driver/Src/stm32l4xx_hal_rcc_ex.c ****       /* frequency error counter reached a zero value */
2757:Drivers/STM32L4xx_HAL_Driver/Src/stm32l4xx_hal_rcc_ex.c ****       __HAL_RCC_CRS_CLEAR_FLAG(RCC_CRS_FLAG_ESYNC);
2758:Drivers/STM32L4xx_HAL_Driver/Src/stm32l4xx_hal_rcc_ex.c ****     }
2759:Drivers/STM32L4xx_HAL_Driver/Src/stm32l4xx_hal_rcc_ex.c ****   } while(RCC_CRS_NONE == crsstatus);
2760:Drivers/STM32L4xx_HAL_Driver/Src/stm32l4xx_hal_rcc_ex.c **** 
2761:Drivers/STM32L4xx_HAL_Driver/Src/stm32l4xx_hal_rcc_ex.c ****   return crsstatus;
2762:Drivers/STM32L4xx_HAL_Driver/Src/stm32l4xx_hal_rcc_ex.c **** }
2763:Drivers/STM32L4xx_HAL_Driver/Src/stm32l4xx_hal_rcc_ex.c **** 
2764:Drivers/STM32L4xx_HAL_Driver/Src/stm32l4xx_hal_rcc_ex.c **** /**
2765:Drivers/STM32L4xx_HAL_Driver/Src/stm32l4xx_hal_rcc_ex.c ****   * @brief Handle the Clock Recovery System interrupt request.
2766:Drivers/STM32L4xx_HAL_Driver/Src/stm32l4xx_hal_rcc_ex.c ****   * @retval None
ARM GAS  /tmp/ccFN0S9l.s 			page 50


2767:Drivers/STM32L4xx_HAL_Driver/Src/stm32l4xx_hal_rcc_ex.c ****   */
2768:Drivers/STM32L4xx_HAL_Driver/Src/stm32l4xx_hal_rcc_ex.c **** void HAL_RCCEx_CRS_IRQHandler(void)
2769:Drivers/STM32L4xx_HAL_Driver/Src/stm32l4xx_hal_rcc_ex.c **** {
2770:Drivers/STM32L4xx_HAL_Driver/Src/stm32l4xx_hal_rcc_ex.c ****   uint32_t crserror = RCC_CRS_NONE;
2771:Drivers/STM32L4xx_HAL_Driver/Src/stm32l4xx_hal_rcc_ex.c ****   /* Get current IT flags and IT sources values */
2772:Drivers/STM32L4xx_HAL_Driver/Src/stm32l4xx_hal_rcc_ex.c ****   uint32_t itflags = READ_REG(CRS->ISR);
2773:Drivers/STM32L4xx_HAL_Driver/Src/stm32l4xx_hal_rcc_ex.c ****   uint32_t itsources = READ_REG(CRS->CR);
2774:Drivers/STM32L4xx_HAL_Driver/Src/stm32l4xx_hal_rcc_ex.c **** 
2775:Drivers/STM32L4xx_HAL_Driver/Src/stm32l4xx_hal_rcc_ex.c ****   /* Check CRS SYNCOK flag  */
2776:Drivers/STM32L4xx_HAL_Driver/Src/stm32l4xx_hal_rcc_ex.c ****   if(((itflags & RCC_CRS_FLAG_SYNCOK) != 0U) && ((itsources & RCC_CRS_IT_SYNCOK) != 0U))
2777:Drivers/STM32L4xx_HAL_Driver/Src/stm32l4xx_hal_rcc_ex.c ****   {
2778:Drivers/STM32L4xx_HAL_Driver/Src/stm32l4xx_hal_rcc_ex.c ****     /* Clear CRS SYNC event OK flag */
2779:Drivers/STM32L4xx_HAL_Driver/Src/stm32l4xx_hal_rcc_ex.c ****     WRITE_REG(CRS->ICR, CRS_ICR_SYNCOKC);
2780:Drivers/STM32L4xx_HAL_Driver/Src/stm32l4xx_hal_rcc_ex.c **** 
2781:Drivers/STM32L4xx_HAL_Driver/Src/stm32l4xx_hal_rcc_ex.c ****     /* user callback */
2782:Drivers/STM32L4xx_HAL_Driver/Src/stm32l4xx_hal_rcc_ex.c ****     HAL_RCCEx_CRS_SyncOkCallback();
2783:Drivers/STM32L4xx_HAL_Driver/Src/stm32l4xx_hal_rcc_ex.c ****   }
2784:Drivers/STM32L4xx_HAL_Driver/Src/stm32l4xx_hal_rcc_ex.c ****   /* Check CRS SYNCWARN flag  */
2785:Drivers/STM32L4xx_HAL_Driver/Src/stm32l4xx_hal_rcc_ex.c ****   else if(((itflags & RCC_CRS_FLAG_SYNCWARN) != 0U) && ((itsources & RCC_CRS_IT_SYNCWARN) != 0U))
2786:Drivers/STM32L4xx_HAL_Driver/Src/stm32l4xx_hal_rcc_ex.c ****   {
2787:Drivers/STM32L4xx_HAL_Driver/Src/stm32l4xx_hal_rcc_ex.c ****     /* Clear CRS SYNCWARN flag */
2788:Drivers/STM32L4xx_HAL_Driver/Src/stm32l4xx_hal_rcc_ex.c ****     WRITE_REG(CRS->ICR, CRS_ICR_SYNCWARNC);
2789:Drivers/STM32L4xx_HAL_Driver/Src/stm32l4xx_hal_rcc_ex.c **** 
2790:Drivers/STM32L4xx_HAL_Driver/Src/stm32l4xx_hal_rcc_ex.c ****     /* user callback */
2791:Drivers/STM32L4xx_HAL_Driver/Src/stm32l4xx_hal_rcc_ex.c ****     HAL_RCCEx_CRS_SyncWarnCallback();
2792:Drivers/STM32L4xx_HAL_Driver/Src/stm32l4xx_hal_rcc_ex.c ****   }
2793:Drivers/STM32L4xx_HAL_Driver/Src/stm32l4xx_hal_rcc_ex.c ****   /* Check CRS Expected SYNC flag  */
2794:Drivers/STM32L4xx_HAL_Driver/Src/stm32l4xx_hal_rcc_ex.c ****   else if(((itflags & RCC_CRS_FLAG_ESYNC) != 0U) && ((itsources & RCC_CRS_IT_ESYNC) != 0U))
2795:Drivers/STM32L4xx_HAL_Driver/Src/stm32l4xx_hal_rcc_ex.c ****   {
2796:Drivers/STM32L4xx_HAL_Driver/Src/stm32l4xx_hal_rcc_ex.c ****     /* frequency error counter reached a zero value */
2797:Drivers/STM32L4xx_HAL_Driver/Src/stm32l4xx_hal_rcc_ex.c ****     WRITE_REG(CRS->ICR, CRS_ICR_ESYNCC);
2798:Drivers/STM32L4xx_HAL_Driver/Src/stm32l4xx_hal_rcc_ex.c **** 
2799:Drivers/STM32L4xx_HAL_Driver/Src/stm32l4xx_hal_rcc_ex.c ****     /* user callback */
2800:Drivers/STM32L4xx_HAL_Driver/Src/stm32l4xx_hal_rcc_ex.c ****     HAL_RCCEx_CRS_ExpectedSyncCallback();
2801:Drivers/STM32L4xx_HAL_Driver/Src/stm32l4xx_hal_rcc_ex.c ****   }
2802:Drivers/STM32L4xx_HAL_Driver/Src/stm32l4xx_hal_rcc_ex.c ****   /* Check CRS Error flags  */
2803:Drivers/STM32L4xx_HAL_Driver/Src/stm32l4xx_hal_rcc_ex.c ****   else
2804:Drivers/STM32L4xx_HAL_Driver/Src/stm32l4xx_hal_rcc_ex.c ****   {
2805:Drivers/STM32L4xx_HAL_Driver/Src/stm32l4xx_hal_rcc_ex.c ****     if(((itflags & RCC_CRS_FLAG_ERR) != 0U) && ((itsources & RCC_CRS_IT_ERR) != 0U))
2806:Drivers/STM32L4xx_HAL_Driver/Src/stm32l4xx_hal_rcc_ex.c ****     {
2807:Drivers/STM32L4xx_HAL_Driver/Src/stm32l4xx_hal_rcc_ex.c ****       if((itflags & RCC_CRS_FLAG_SYNCERR) != 0U)
2808:Drivers/STM32L4xx_HAL_Driver/Src/stm32l4xx_hal_rcc_ex.c ****       {
2809:Drivers/STM32L4xx_HAL_Driver/Src/stm32l4xx_hal_rcc_ex.c ****         crserror |= RCC_CRS_SYNCERR;
2810:Drivers/STM32L4xx_HAL_Driver/Src/stm32l4xx_hal_rcc_ex.c ****       }
2811:Drivers/STM32L4xx_HAL_Driver/Src/stm32l4xx_hal_rcc_ex.c ****       if((itflags & RCC_CRS_FLAG_SYNCMISS) != 0U)
2812:Drivers/STM32L4xx_HAL_Driver/Src/stm32l4xx_hal_rcc_ex.c ****       {
2813:Drivers/STM32L4xx_HAL_Driver/Src/stm32l4xx_hal_rcc_ex.c ****         crserror |= RCC_CRS_SYNCMISS;
2814:Drivers/STM32L4xx_HAL_Driver/Src/stm32l4xx_hal_rcc_ex.c ****       }
2815:Drivers/STM32L4xx_HAL_Driver/Src/stm32l4xx_hal_rcc_ex.c ****       if((itflags & RCC_CRS_FLAG_TRIMOVF) != 0U)
2816:Drivers/STM32L4xx_HAL_Driver/Src/stm32l4xx_hal_rcc_ex.c ****       {
2817:Drivers/STM32L4xx_HAL_Driver/Src/stm32l4xx_hal_rcc_ex.c ****         crserror |= RCC_CRS_TRIMOVF;
2818:Drivers/STM32L4xx_HAL_Driver/Src/stm32l4xx_hal_rcc_ex.c ****       }
2819:Drivers/STM32L4xx_HAL_Driver/Src/stm32l4xx_hal_rcc_ex.c **** 
2820:Drivers/STM32L4xx_HAL_Driver/Src/stm32l4xx_hal_rcc_ex.c ****       /* Clear CRS Error flags */
2821:Drivers/STM32L4xx_HAL_Driver/Src/stm32l4xx_hal_rcc_ex.c ****       WRITE_REG(CRS->ICR, CRS_ICR_ERRC);
2822:Drivers/STM32L4xx_HAL_Driver/Src/stm32l4xx_hal_rcc_ex.c **** 
2823:Drivers/STM32L4xx_HAL_Driver/Src/stm32l4xx_hal_rcc_ex.c ****       /* user error callback */
ARM GAS  /tmp/ccFN0S9l.s 			page 51


2824:Drivers/STM32L4xx_HAL_Driver/Src/stm32l4xx_hal_rcc_ex.c ****       HAL_RCCEx_CRS_ErrorCallback(crserror);
2825:Drivers/STM32L4xx_HAL_Driver/Src/stm32l4xx_hal_rcc_ex.c ****     }
2826:Drivers/STM32L4xx_HAL_Driver/Src/stm32l4xx_hal_rcc_ex.c ****   }
2827:Drivers/STM32L4xx_HAL_Driver/Src/stm32l4xx_hal_rcc_ex.c **** }
2828:Drivers/STM32L4xx_HAL_Driver/Src/stm32l4xx_hal_rcc_ex.c **** 
2829:Drivers/STM32L4xx_HAL_Driver/Src/stm32l4xx_hal_rcc_ex.c **** /**
2830:Drivers/STM32L4xx_HAL_Driver/Src/stm32l4xx_hal_rcc_ex.c ****   * @brief  RCCEx Clock Recovery System SYNCOK interrupt callback.
2831:Drivers/STM32L4xx_HAL_Driver/Src/stm32l4xx_hal_rcc_ex.c ****   * @retval none
2832:Drivers/STM32L4xx_HAL_Driver/Src/stm32l4xx_hal_rcc_ex.c ****   */
2833:Drivers/STM32L4xx_HAL_Driver/Src/stm32l4xx_hal_rcc_ex.c **** __weak void HAL_RCCEx_CRS_SyncOkCallback(void)
2834:Drivers/STM32L4xx_HAL_Driver/Src/stm32l4xx_hal_rcc_ex.c **** {
2835:Drivers/STM32L4xx_HAL_Driver/Src/stm32l4xx_hal_rcc_ex.c ****   /* NOTE : This function should not be modified, when the callback is needed,
2836:Drivers/STM32L4xx_HAL_Driver/Src/stm32l4xx_hal_rcc_ex.c ****             the @ref HAL_RCCEx_CRS_SyncOkCallback should be implemented in the user file
2837:Drivers/STM32L4xx_HAL_Driver/Src/stm32l4xx_hal_rcc_ex.c ****    */
2838:Drivers/STM32L4xx_HAL_Driver/Src/stm32l4xx_hal_rcc_ex.c **** }
2839:Drivers/STM32L4xx_HAL_Driver/Src/stm32l4xx_hal_rcc_ex.c **** 
2840:Drivers/STM32L4xx_HAL_Driver/Src/stm32l4xx_hal_rcc_ex.c **** /**
2841:Drivers/STM32L4xx_HAL_Driver/Src/stm32l4xx_hal_rcc_ex.c ****   * @brief  RCCEx Clock Recovery System SYNCWARN interrupt callback.
2842:Drivers/STM32L4xx_HAL_Driver/Src/stm32l4xx_hal_rcc_ex.c ****   * @retval none
2843:Drivers/STM32L4xx_HAL_Driver/Src/stm32l4xx_hal_rcc_ex.c ****   */
2844:Drivers/STM32L4xx_HAL_Driver/Src/stm32l4xx_hal_rcc_ex.c **** __weak void HAL_RCCEx_CRS_SyncWarnCallback(void)
2845:Drivers/STM32L4xx_HAL_Driver/Src/stm32l4xx_hal_rcc_ex.c **** {
2846:Drivers/STM32L4xx_HAL_Driver/Src/stm32l4xx_hal_rcc_ex.c ****   /* NOTE : This function should not be modified, when the callback is needed,
2847:Drivers/STM32L4xx_HAL_Driver/Src/stm32l4xx_hal_rcc_ex.c ****             the @ref HAL_RCCEx_CRS_SyncWarnCallback should be implemented in the user file
2848:Drivers/STM32L4xx_HAL_Driver/Src/stm32l4xx_hal_rcc_ex.c ****    */
2849:Drivers/STM32L4xx_HAL_Driver/Src/stm32l4xx_hal_rcc_ex.c **** }
2850:Drivers/STM32L4xx_HAL_Driver/Src/stm32l4xx_hal_rcc_ex.c **** 
2851:Drivers/STM32L4xx_HAL_Driver/Src/stm32l4xx_hal_rcc_ex.c **** /**
2852:Drivers/STM32L4xx_HAL_Driver/Src/stm32l4xx_hal_rcc_ex.c ****   * @brief  RCCEx Clock Recovery System Expected SYNC interrupt callback.
2853:Drivers/STM32L4xx_HAL_Driver/Src/stm32l4xx_hal_rcc_ex.c ****   * @retval none
2854:Drivers/STM32L4xx_HAL_Driver/Src/stm32l4xx_hal_rcc_ex.c ****   */
2855:Drivers/STM32L4xx_HAL_Driver/Src/stm32l4xx_hal_rcc_ex.c **** __weak void HAL_RCCEx_CRS_ExpectedSyncCallback(void)
2856:Drivers/STM32L4xx_HAL_Driver/Src/stm32l4xx_hal_rcc_ex.c **** {
2857:Drivers/STM32L4xx_HAL_Driver/Src/stm32l4xx_hal_rcc_ex.c ****   /* NOTE : This function should not be modified, when the callback is needed,
2858:Drivers/STM32L4xx_HAL_Driver/Src/stm32l4xx_hal_rcc_ex.c ****             the @ref HAL_RCCEx_CRS_ExpectedSyncCallback should be implemented in the user file
2859:Drivers/STM32L4xx_HAL_Driver/Src/stm32l4xx_hal_rcc_ex.c ****    */
2860:Drivers/STM32L4xx_HAL_Driver/Src/stm32l4xx_hal_rcc_ex.c **** }
2861:Drivers/STM32L4xx_HAL_Driver/Src/stm32l4xx_hal_rcc_ex.c **** 
2862:Drivers/STM32L4xx_HAL_Driver/Src/stm32l4xx_hal_rcc_ex.c **** /**
2863:Drivers/STM32L4xx_HAL_Driver/Src/stm32l4xx_hal_rcc_ex.c ****   * @brief  RCCEx Clock Recovery System Error interrupt callback.
2864:Drivers/STM32L4xx_HAL_Driver/Src/stm32l4xx_hal_rcc_ex.c ****   * @param  Error Combination of Error status.
2865:Drivers/STM32L4xx_HAL_Driver/Src/stm32l4xx_hal_rcc_ex.c ****   *         This parameter can be a combination of the following values:
2866:Drivers/STM32L4xx_HAL_Driver/Src/stm32l4xx_hal_rcc_ex.c ****   *           @arg @ref RCC_CRS_SYNCERR
2867:Drivers/STM32L4xx_HAL_Driver/Src/stm32l4xx_hal_rcc_ex.c ****   *           @arg @ref RCC_CRS_SYNCMISS
2868:Drivers/STM32L4xx_HAL_Driver/Src/stm32l4xx_hal_rcc_ex.c ****   *           @arg @ref RCC_CRS_TRIMOVF
2869:Drivers/STM32L4xx_HAL_Driver/Src/stm32l4xx_hal_rcc_ex.c ****   * @retval none
2870:Drivers/STM32L4xx_HAL_Driver/Src/stm32l4xx_hal_rcc_ex.c ****   */
2871:Drivers/STM32L4xx_HAL_Driver/Src/stm32l4xx_hal_rcc_ex.c **** __weak void HAL_RCCEx_CRS_ErrorCallback(uint32_t Error)
2872:Drivers/STM32L4xx_HAL_Driver/Src/stm32l4xx_hal_rcc_ex.c **** {
2873:Drivers/STM32L4xx_HAL_Driver/Src/stm32l4xx_hal_rcc_ex.c ****   /* Prevent unused argument(s) compilation warning */
2874:Drivers/STM32L4xx_HAL_Driver/Src/stm32l4xx_hal_rcc_ex.c ****   UNUSED(Error);
2875:Drivers/STM32L4xx_HAL_Driver/Src/stm32l4xx_hal_rcc_ex.c **** 
2876:Drivers/STM32L4xx_HAL_Driver/Src/stm32l4xx_hal_rcc_ex.c ****   /* NOTE : This function should not be modified, when the callback is needed,
2877:Drivers/STM32L4xx_HAL_Driver/Src/stm32l4xx_hal_rcc_ex.c ****             the @ref HAL_RCCEx_CRS_ErrorCallback should be implemented in the user file
2878:Drivers/STM32L4xx_HAL_Driver/Src/stm32l4xx_hal_rcc_ex.c ****    */
2879:Drivers/STM32L4xx_HAL_Driver/Src/stm32l4xx_hal_rcc_ex.c **** }
2880:Drivers/STM32L4xx_HAL_Driver/Src/stm32l4xx_hal_rcc_ex.c **** 
ARM GAS  /tmp/ccFN0S9l.s 			page 52


2881:Drivers/STM32L4xx_HAL_Driver/Src/stm32l4xx_hal_rcc_ex.c **** /**
2882:Drivers/STM32L4xx_HAL_Driver/Src/stm32l4xx_hal_rcc_ex.c ****   * @}
2883:Drivers/STM32L4xx_HAL_Driver/Src/stm32l4xx_hal_rcc_ex.c ****   */
2884:Drivers/STM32L4xx_HAL_Driver/Src/stm32l4xx_hal_rcc_ex.c **** 
2885:Drivers/STM32L4xx_HAL_Driver/Src/stm32l4xx_hal_rcc_ex.c **** #endif /* CRS */
2886:Drivers/STM32L4xx_HAL_Driver/Src/stm32l4xx_hal_rcc_ex.c **** 
2887:Drivers/STM32L4xx_HAL_Driver/Src/stm32l4xx_hal_rcc_ex.c **** /**
2888:Drivers/STM32L4xx_HAL_Driver/Src/stm32l4xx_hal_rcc_ex.c ****   * @}
2889:Drivers/STM32L4xx_HAL_Driver/Src/stm32l4xx_hal_rcc_ex.c ****   */
2890:Drivers/STM32L4xx_HAL_Driver/Src/stm32l4xx_hal_rcc_ex.c **** 
2891:Drivers/STM32L4xx_HAL_Driver/Src/stm32l4xx_hal_rcc_ex.c **** /** @addtogroup RCCEx_Private_Functions
2892:Drivers/STM32L4xx_HAL_Driver/Src/stm32l4xx_hal_rcc_ex.c ****  * @{
2893:Drivers/STM32L4xx_HAL_Driver/Src/stm32l4xx_hal_rcc_ex.c ****  */
2894:Drivers/STM32L4xx_HAL_Driver/Src/stm32l4xx_hal_rcc_ex.c **** 
2895:Drivers/STM32L4xx_HAL_Driver/Src/stm32l4xx_hal_rcc_ex.c **** #if defined(RCC_PLLSAI1_SUPPORT)
2896:Drivers/STM32L4xx_HAL_Driver/Src/stm32l4xx_hal_rcc_ex.c **** 
2897:Drivers/STM32L4xx_HAL_Driver/Src/stm32l4xx_hal_rcc_ex.c **** /**
2898:Drivers/STM32L4xx_HAL_Driver/Src/stm32l4xx_hal_rcc_ex.c ****   * @brief  Configure the parameters N & P & optionally M of PLLSAI1 and enable PLLSAI1 output cloc
2899:Drivers/STM32L4xx_HAL_Driver/Src/stm32l4xx_hal_rcc_ex.c ****   * @param  PllSai1  pointer to an RCC_PLLSAI1InitTypeDef structure that
2900:Drivers/STM32L4xx_HAL_Driver/Src/stm32l4xx_hal_rcc_ex.c ****   *         contains the configuration parameters N & P & optionally M as well as PLLSAI1 output cl
2901:Drivers/STM32L4xx_HAL_Driver/Src/stm32l4xx_hal_rcc_ex.c ****   * @param  Divider  divider parameter to be updated
2902:Drivers/STM32L4xx_HAL_Driver/Src/stm32l4xx_hal_rcc_ex.c ****   *
2903:Drivers/STM32L4xx_HAL_Driver/Src/stm32l4xx_hal_rcc_ex.c ****   * @note   PLLSAI1 is temporary disable to apply new parameters
2904:Drivers/STM32L4xx_HAL_Driver/Src/stm32l4xx_hal_rcc_ex.c ****   *
2905:Drivers/STM32L4xx_HAL_Driver/Src/stm32l4xx_hal_rcc_ex.c ****   * @retval HAL status
2906:Drivers/STM32L4xx_HAL_Driver/Src/stm32l4xx_hal_rcc_ex.c ****   */
2907:Drivers/STM32L4xx_HAL_Driver/Src/stm32l4xx_hal_rcc_ex.c **** static HAL_StatusTypeDef RCCEx_PLLSAI1_Config(RCC_PLLSAI1InitTypeDef *PllSai1, uint32_t Divider)
2908:Drivers/STM32L4xx_HAL_Driver/Src/stm32l4xx_hal_rcc_ex.c **** {
2909:Drivers/STM32L4xx_HAL_Driver/Src/stm32l4xx_hal_rcc_ex.c ****   uint32_t tickstart;
2910:Drivers/STM32L4xx_HAL_Driver/Src/stm32l4xx_hal_rcc_ex.c ****   HAL_StatusTypeDef status = HAL_OK;
2911:Drivers/STM32L4xx_HAL_Driver/Src/stm32l4xx_hal_rcc_ex.c **** 
2912:Drivers/STM32L4xx_HAL_Driver/Src/stm32l4xx_hal_rcc_ex.c ****   /* check for PLLSAI1 Parameters used to output PLLSAI1CLK */
2913:Drivers/STM32L4xx_HAL_Driver/Src/stm32l4xx_hal_rcc_ex.c ****   /* P, Q and R dividers are verified in each specific divider case below */
2914:Drivers/STM32L4xx_HAL_Driver/Src/stm32l4xx_hal_rcc_ex.c ****   assert_param(IS_RCC_PLLSAI1SOURCE(PllSai1->PLLSAI1Source));
2915:Drivers/STM32L4xx_HAL_Driver/Src/stm32l4xx_hal_rcc_ex.c ****   assert_param(IS_RCC_PLLSAI1M_VALUE(PllSai1->PLLSAI1M));
2916:Drivers/STM32L4xx_HAL_Driver/Src/stm32l4xx_hal_rcc_ex.c ****   assert_param(IS_RCC_PLLSAI1N_VALUE(PllSai1->PLLSAI1N));
2917:Drivers/STM32L4xx_HAL_Driver/Src/stm32l4xx_hal_rcc_ex.c ****   assert_param(IS_RCC_PLLSAI1CLOCKOUT_VALUE(PllSai1->PLLSAI1ClockOut));
2918:Drivers/STM32L4xx_HAL_Driver/Src/stm32l4xx_hal_rcc_ex.c **** 
2919:Drivers/STM32L4xx_HAL_Driver/Src/stm32l4xx_hal_rcc_ex.c ****   /* Check that PLLSAI1 clock source and divider M can be applied */
2920:Drivers/STM32L4xx_HAL_Driver/Src/stm32l4xx_hal_rcc_ex.c ****   if(__HAL_RCC_GET_PLL_OSCSOURCE() != RCC_PLLSOURCE_NONE)
2921:Drivers/STM32L4xx_HAL_Driver/Src/stm32l4xx_hal_rcc_ex.c ****   {
2922:Drivers/STM32L4xx_HAL_Driver/Src/stm32l4xx_hal_rcc_ex.c ****     /* PLL clock source and divider M already set, check that no request for change  */
2923:Drivers/STM32L4xx_HAL_Driver/Src/stm32l4xx_hal_rcc_ex.c ****     if((__HAL_RCC_GET_PLL_OSCSOURCE() != PllSai1->PLLSAI1Source)
2924:Drivers/STM32L4xx_HAL_Driver/Src/stm32l4xx_hal_rcc_ex.c ****        ||
2925:Drivers/STM32L4xx_HAL_Driver/Src/stm32l4xx_hal_rcc_ex.c ****        (PllSai1->PLLSAI1Source == RCC_PLLSOURCE_NONE)
2926:Drivers/STM32L4xx_HAL_Driver/Src/stm32l4xx_hal_rcc_ex.c **** #if !defined(RCC_PLLSAI1M_DIV_1_16_SUPPORT)
2927:Drivers/STM32L4xx_HAL_Driver/Src/stm32l4xx_hal_rcc_ex.c ****        ||
2928:Drivers/STM32L4xx_HAL_Driver/Src/stm32l4xx_hal_rcc_ex.c ****        (((READ_BIT(RCC->PLLCFGR, RCC_PLLCFGR_PLLM) >> RCC_PLLCFGR_PLLM_Pos) + 1U) != PllSai1->PLLSA
2929:Drivers/STM32L4xx_HAL_Driver/Src/stm32l4xx_hal_rcc_ex.c **** #endif
2930:Drivers/STM32L4xx_HAL_Driver/Src/stm32l4xx_hal_rcc_ex.c ****       )
2931:Drivers/STM32L4xx_HAL_Driver/Src/stm32l4xx_hal_rcc_ex.c ****     {
2932:Drivers/STM32L4xx_HAL_Driver/Src/stm32l4xx_hal_rcc_ex.c ****       status = HAL_ERROR;
2933:Drivers/STM32L4xx_HAL_Driver/Src/stm32l4xx_hal_rcc_ex.c ****     }
2934:Drivers/STM32L4xx_HAL_Driver/Src/stm32l4xx_hal_rcc_ex.c ****   }
2935:Drivers/STM32L4xx_HAL_Driver/Src/stm32l4xx_hal_rcc_ex.c ****   else
2936:Drivers/STM32L4xx_HAL_Driver/Src/stm32l4xx_hal_rcc_ex.c ****   {
2937:Drivers/STM32L4xx_HAL_Driver/Src/stm32l4xx_hal_rcc_ex.c ****     /* Check PLLSAI1 clock source availability */
ARM GAS  /tmp/ccFN0S9l.s 			page 53


2938:Drivers/STM32L4xx_HAL_Driver/Src/stm32l4xx_hal_rcc_ex.c ****     switch(PllSai1->PLLSAI1Source)
2939:Drivers/STM32L4xx_HAL_Driver/Src/stm32l4xx_hal_rcc_ex.c ****     {
2940:Drivers/STM32L4xx_HAL_Driver/Src/stm32l4xx_hal_rcc_ex.c ****     case RCC_PLLSOURCE_MSI:
2941:Drivers/STM32L4xx_HAL_Driver/Src/stm32l4xx_hal_rcc_ex.c ****       if(HAL_IS_BIT_CLR(RCC->CR, RCC_CR_MSIRDY))
2942:Drivers/STM32L4xx_HAL_Driver/Src/stm32l4xx_hal_rcc_ex.c ****       {
2943:Drivers/STM32L4xx_HAL_Driver/Src/stm32l4xx_hal_rcc_ex.c ****         status = HAL_ERROR;
2944:Drivers/STM32L4xx_HAL_Driver/Src/stm32l4xx_hal_rcc_ex.c ****       }
2945:Drivers/STM32L4xx_HAL_Driver/Src/stm32l4xx_hal_rcc_ex.c ****       break;
2946:Drivers/STM32L4xx_HAL_Driver/Src/stm32l4xx_hal_rcc_ex.c ****     case RCC_PLLSOURCE_HSI:
2947:Drivers/STM32L4xx_HAL_Driver/Src/stm32l4xx_hal_rcc_ex.c ****       if(HAL_IS_BIT_CLR(RCC->CR, RCC_CR_HSIRDY))
2948:Drivers/STM32L4xx_HAL_Driver/Src/stm32l4xx_hal_rcc_ex.c ****       {
2949:Drivers/STM32L4xx_HAL_Driver/Src/stm32l4xx_hal_rcc_ex.c ****         status = HAL_ERROR;
2950:Drivers/STM32L4xx_HAL_Driver/Src/stm32l4xx_hal_rcc_ex.c ****       }
2951:Drivers/STM32L4xx_HAL_Driver/Src/stm32l4xx_hal_rcc_ex.c ****       break;
2952:Drivers/STM32L4xx_HAL_Driver/Src/stm32l4xx_hal_rcc_ex.c ****     case RCC_PLLSOURCE_HSE:
2953:Drivers/STM32L4xx_HAL_Driver/Src/stm32l4xx_hal_rcc_ex.c ****       if(HAL_IS_BIT_CLR(RCC->CR, RCC_CR_HSERDY))
2954:Drivers/STM32L4xx_HAL_Driver/Src/stm32l4xx_hal_rcc_ex.c ****       {
2955:Drivers/STM32L4xx_HAL_Driver/Src/stm32l4xx_hal_rcc_ex.c ****         if(HAL_IS_BIT_CLR(RCC->CR, RCC_CR_HSEBYP))
2956:Drivers/STM32L4xx_HAL_Driver/Src/stm32l4xx_hal_rcc_ex.c ****         {
2957:Drivers/STM32L4xx_HAL_Driver/Src/stm32l4xx_hal_rcc_ex.c ****           status = HAL_ERROR;
2958:Drivers/STM32L4xx_HAL_Driver/Src/stm32l4xx_hal_rcc_ex.c ****         }
2959:Drivers/STM32L4xx_HAL_Driver/Src/stm32l4xx_hal_rcc_ex.c ****       }
2960:Drivers/STM32L4xx_HAL_Driver/Src/stm32l4xx_hal_rcc_ex.c ****       break;
2961:Drivers/STM32L4xx_HAL_Driver/Src/stm32l4xx_hal_rcc_ex.c ****     default:
2962:Drivers/STM32L4xx_HAL_Driver/Src/stm32l4xx_hal_rcc_ex.c ****       status = HAL_ERROR;
2963:Drivers/STM32L4xx_HAL_Driver/Src/stm32l4xx_hal_rcc_ex.c ****       break;
2964:Drivers/STM32L4xx_HAL_Driver/Src/stm32l4xx_hal_rcc_ex.c ****     }
2965:Drivers/STM32L4xx_HAL_Driver/Src/stm32l4xx_hal_rcc_ex.c **** 
2966:Drivers/STM32L4xx_HAL_Driver/Src/stm32l4xx_hal_rcc_ex.c ****     if(status == HAL_OK)
2967:Drivers/STM32L4xx_HAL_Driver/Src/stm32l4xx_hal_rcc_ex.c ****     {
2968:Drivers/STM32L4xx_HAL_Driver/Src/stm32l4xx_hal_rcc_ex.c **** #if defined(RCC_PLLSAI1M_DIV_1_16_SUPPORT)
2969:Drivers/STM32L4xx_HAL_Driver/Src/stm32l4xx_hal_rcc_ex.c ****       /* Set PLLSAI1 clock source */
2970:Drivers/STM32L4xx_HAL_Driver/Src/stm32l4xx_hal_rcc_ex.c ****       MODIFY_REG(RCC->PLLCFGR, RCC_PLLCFGR_PLLSRC, PllSai1->PLLSAI1Source);
2971:Drivers/STM32L4xx_HAL_Driver/Src/stm32l4xx_hal_rcc_ex.c **** #else
2972:Drivers/STM32L4xx_HAL_Driver/Src/stm32l4xx_hal_rcc_ex.c ****       /* Set PLLSAI1 clock source and divider M */
2973:Drivers/STM32L4xx_HAL_Driver/Src/stm32l4xx_hal_rcc_ex.c ****       MODIFY_REG(RCC->PLLCFGR, RCC_PLLCFGR_PLLSRC | RCC_PLLCFGR_PLLM, PllSai1->PLLSAI1Source | (Pll
2974:Drivers/STM32L4xx_HAL_Driver/Src/stm32l4xx_hal_rcc_ex.c **** #endif
2975:Drivers/STM32L4xx_HAL_Driver/Src/stm32l4xx_hal_rcc_ex.c ****     }
2976:Drivers/STM32L4xx_HAL_Driver/Src/stm32l4xx_hal_rcc_ex.c ****   }
2977:Drivers/STM32L4xx_HAL_Driver/Src/stm32l4xx_hal_rcc_ex.c **** 
2978:Drivers/STM32L4xx_HAL_Driver/Src/stm32l4xx_hal_rcc_ex.c ****   if(status == HAL_OK)
2979:Drivers/STM32L4xx_HAL_Driver/Src/stm32l4xx_hal_rcc_ex.c ****   {
2980:Drivers/STM32L4xx_HAL_Driver/Src/stm32l4xx_hal_rcc_ex.c ****     /* Disable the PLLSAI1 */
2981:Drivers/STM32L4xx_HAL_Driver/Src/stm32l4xx_hal_rcc_ex.c ****     __HAL_RCC_PLLSAI1_DISABLE();
2982:Drivers/STM32L4xx_HAL_Driver/Src/stm32l4xx_hal_rcc_ex.c **** 
2983:Drivers/STM32L4xx_HAL_Driver/Src/stm32l4xx_hal_rcc_ex.c ****     /* Get Start Tick*/
2984:Drivers/STM32L4xx_HAL_Driver/Src/stm32l4xx_hal_rcc_ex.c ****     tickstart = HAL_GetTick();
2985:Drivers/STM32L4xx_HAL_Driver/Src/stm32l4xx_hal_rcc_ex.c **** 
2986:Drivers/STM32L4xx_HAL_Driver/Src/stm32l4xx_hal_rcc_ex.c ****     /* Wait till PLLSAI1 is ready to be updated */
2987:Drivers/STM32L4xx_HAL_Driver/Src/stm32l4xx_hal_rcc_ex.c ****     while(READ_BIT(RCC->CR, RCC_CR_PLLSAI1RDY) != 0U)
2988:Drivers/STM32L4xx_HAL_Driver/Src/stm32l4xx_hal_rcc_ex.c ****     {
2989:Drivers/STM32L4xx_HAL_Driver/Src/stm32l4xx_hal_rcc_ex.c ****       if((HAL_GetTick() - tickstart) > PLLSAI1_TIMEOUT_VALUE)
2990:Drivers/STM32L4xx_HAL_Driver/Src/stm32l4xx_hal_rcc_ex.c ****       {
2991:Drivers/STM32L4xx_HAL_Driver/Src/stm32l4xx_hal_rcc_ex.c ****         status = HAL_TIMEOUT;
2992:Drivers/STM32L4xx_HAL_Driver/Src/stm32l4xx_hal_rcc_ex.c ****         break;
2993:Drivers/STM32L4xx_HAL_Driver/Src/stm32l4xx_hal_rcc_ex.c ****       }
2994:Drivers/STM32L4xx_HAL_Driver/Src/stm32l4xx_hal_rcc_ex.c ****     }
ARM GAS  /tmp/ccFN0S9l.s 			page 54


2995:Drivers/STM32L4xx_HAL_Driver/Src/stm32l4xx_hal_rcc_ex.c **** 
2996:Drivers/STM32L4xx_HAL_Driver/Src/stm32l4xx_hal_rcc_ex.c ****     if(status == HAL_OK)
2997:Drivers/STM32L4xx_HAL_Driver/Src/stm32l4xx_hal_rcc_ex.c ****     {
2998:Drivers/STM32L4xx_HAL_Driver/Src/stm32l4xx_hal_rcc_ex.c ****       if(Divider == DIVIDER_P_UPDATE)
2999:Drivers/STM32L4xx_HAL_Driver/Src/stm32l4xx_hal_rcc_ex.c ****       {
3000:Drivers/STM32L4xx_HAL_Driver/Src/stm32l4xx_hal_rcc_ex.c ****         assert_param(IS_RCC_PLLSAI1P_VALUE(PllSai1->PLLSAI1P));
3001:Drivers/STM32L4xx_HAL_Driver/Src/stm32l4xx_hal_rcc_ex.c **** #if defined(RCC_PLLSAI1M_DIV_1_16_SUPPORT)
3002:Drivers/STM32L4xx_HAL_Driver/Src/stm32l4xx_hal_rcc_ex.c **** 
3003:Drivers/STM32L4xx_HAL_Driver/Src/stm32l4xx_hal_rcc_ex.c ****         /* Configure the PLLSAI1 Division factor M, P and Multiplication factor N*/
3004:Drivers/STM32L4xx_HAL_Driver/Src/stm32l4xx_hal_rcc_ex.c **** #if defined(RCC_PLLSAI1P_DIV_2_31_SUPPORT)
3005:Drivers/STM32L4xx_HAL_Driver/Src/stm32l4xx_hal_rcc_ex.c ****         MODIFY_REG(RCC->PLLSAI1CFGR,
3006:Drivers/STM32L4xx_HAL_Driver/Src/stm32l4xx_hal_rcc_ex.c ****                    RCC_PLLSAI1CFGR_PLLSAI1N | RCC_PLLSAI1CFGR_PLLSAI1PDIV | RCC_PLLSAI1CFGR_PLLSAI1
3007:Drivers/STM32L4xx_HAL_Driver/Src/stm32l4xx_hal_rcc_ex.c ****                    (PllSai1->PLLSAI1N << RCC_PLLSAI1CFGR_PLLSAI1N_Pos) |
3008:Drivers/STM32L4xx_HAL_Driver/Src/stm32l4xx_hal_rcc_ex.c ****                    (PllSai1->PLLSAI1P << RCC_PLLSAI1CFGR_PLLSAI1PDIV_Pos) |
3009:Drivers/STM32L4xx_HAL_Driver/Src/stm32l4xx_hal_rcc_ex.c ****                    ((PllSai1->PLLSAI1M - 1U) << RCC_PLLSAI1CFGR_PLLSAI1M_Pos));
3010:Drivers/STM32L4xx_HAL_Driver/Src/stm32l4xx_hal_rcc_ex.c **** #else
3011:Drivers/STM32L4xx_HAL_Driver/Src/stm32l4xx_hal_rcc_ex.c ****         MODIFY_REG(RCC->PLLSAI1CFGR,
3012:Drivers/STM32L4xx_HAL_Driver/Src/stm32l4xx_hal_rcc_ex.c ****                    RCC_PLLSAI1CFGR_PLLSAI1N | RCC_PLLSAI1CFGR_PLLSAI1P | RCC_PLLSAI1CFGR_PLLSAI1M,
3013:Drivers/STM32L4xx_HAL_Driver/Src/stm32l4xx_hal_rcc_ex.c ****                    (PllSai1->PLLSAI1N << RCC_PLLSAI1CFGR_PLLSAI1N_Pos) |
3014:Drivers/STM32L4xx_HAL_Driver/Src/stm32l4xx_hal_rcc_ex.c ****                    ((PllSai1->PLLSAI1P >> 4U) << RCC_PLLSAI1CFGR_PLLSAI1P_Pos) |
3015:Drivers/STM32L4xx_HAL_Driver/Src/stm32l4xx_hal_rcc_ex.c ****                    ((PllSai1->PLLSAI1M - 1U) << RCC_PLLSAI1CFGR_PLLSAI1M_Pos));
3016:Drivers/STM32L4xx_HAL_Driver/Src/stm32l4xx_hal_rcc_ex.c **** #endif /* RCC_PLLSAI1P_DIV_2_31_SUPPORT */
3017:Drivers/STM32L4xx_HAL_Driver/Src/stm32l4xx_hal_rcc_ex.c **** 
3018:Drivers/STM32L4xx_HAL_Driver/Src/stm32l4xx_hal_rcc_ex.c **** #else
3019:Drivers/STM32L4xx_HAL_Driver/Src/stm32l4xx_hal_rcc_ex.c ****         /* Configure the PLLSAI1 Division factor P and Multiplication factor N*/
3020:Drivers/STM32L4xx_HAL_Driver/Src/stm32l4xx_hal_rcc_ex.c **** #if defined(RCC_PLLSAI1P_DIV_2_31_SUPPORT)
3021:Drivers/STM32L4xx_HAL_Driver/Src/stm32l4xx_hal_rcc_ex.c ****         MODIFY_REG(RCC->PLLSAI1CFGR,
3022:Drivers/STM32L4xx_HAL_Driver/Src/stm32l4xx_hal_rcc_ex.c ****                    RCC_PLLSAI1CFGR_PLLSAI1N | RCC_PLLSAI1CFGR_PLLSAI1PDIV,
3023:Drivers/STM32L4xx_HAL_Driver/Src/stm32l4xx_hal_rcc_ex.c ****                    (PllSai1->PLLSAI1N << RCC_PLLSAI1CFGR_PLLSAI1N_Pos) |
3024:Drivers/STM32L4xx_HAL_Driver/Src/stm32l4xx_hal_rcc_ex.c ****                    (PllSai1->PLLSAI1P << RCC_PLLSAI1CFGR_PLLSAI1PDIV_Pos));
3025:Drivers/STM32L4xx_HAL_Driver/Src/stm32l4xx_hal_rcc_ex.c **** #else
3026:Drivers/STM32L4xx_HAL_Driver/Src/stm32l4xx_hal_rcc_ex.c ****         MODIFY_REG(RCC->PLLSAI1CFGR,
3027:Drivers/STM32L4xx_HAL_Driver/Src/stm32l4xx_hal_rcc_ex.c ****                    RCC_PLLSAI1CFGR_PLLSAI1N | RCC_PLLSAI1CFGR_PLLSAI1P,
3028:Drivers/STM32L4xx_HAL_Driver/Src/stm32l4xx_hal_rcc_ex.c ****                    (PllSai1->PLLSAI1N << RCC_PLLSAI1CFGR_PLLSAI1N_Pos) |
3029:Drivers/STM32L4xx_HAL_Driver/Src/stm32l4xx_hal_rcc_ex.c ****                    ((PllSai1->PLLSAI1P >> 4U) << RCC_PLLSAI1CFGR_PLLSAI1P_Pos));
3030:Drivers/STM32L4xx_HAL_Driver/Src/stm32l4xx_hal_rcc_ex.c **** #endif /* RCC_PLLSAI1P_DIV_2_31_SUPPORT */
3031:Drivers/STM32L4xx_HAL_Driver/Src/stm32l4xx_hal_rcc_ex.c **** 
3032:Drivers/STM32L4xx_HAL_Driver/Src/stm32l4xx_hal_rcc_ex.c **** #endif /* RCC_PLLSAI1M_DIV_1_16_SUPPORT */
3033:Drivers/STM32L4xx_HAL_Driver/Src/stm32l4xx_hal_rcc_ex.c ****       }
3034:Drivers/STM32L4xx_HAL_Driver/Src/stm32l4xx_hal_rcc_ex.c ****       else if(Divider == DIVIDER_Q_UPDATE)
3035:Drivers/STM32L4xx_HAL_Driver/Src/stm32l4xx_hal_rcc_ex.c ****       {
3036:Drivers/STM32L4xx_HAL_Driver/Src/stm32l4xx_hal_rcc_ex.c ****         assert_param(IS_RCC_PLLSAI1Q_VALUE(PllSai1->PLLSAI1Q));
3037:Drivers/STM32L4xx_HAL_Driver/Src/stm32l4xx_hal_rcc_ex.c **** #if defined(RCC_PLLSAI1M_DIV_1_16_SUPPORT)
3038:Drivers/STM32L4xx_HAL_Driver/Src/stm32l4xx_hal_rcc_ex.c ****         /* Configure the PLLSAI1 Division factor M, Q and Multiplication factor N*/
3039:Drivers/STM32L4xx_HAL_Driver/Src/stm32l4xx_hal_rcc_ex.c ****         MODIFY_REG(RCC->PLLSAI1CFGR,
3040:Drivers/STM32L4xx_HAL_Driver/Src/stm32l4xx_hal_rcc_ex.c ****                    RCC_PLLSAI1CFGR_PLLSAI1N | RCC_PLLSAI1CFGR_PLLSAI1Q | RCC_PLLSAI1CFGR_PLLSAI1M,
3041:Drivers/STM32L4xx_HAL_Driver/Src/stm32l4xx_hal_rcc_ex.c ****                    (PllSai1->PLLSAI1N << RCC_PLLSAI1CFGR_PLLSAI1N_Pos) |
3042:Drivers/STM32L4xx_HAL_Driver/Src/stm32l4xx_hal_rcc_ex.c ****                    (((PllSai1->PLLSAI1Q >> 1U) - 1U) << RCC_PLLSAI1CFGR_PLLSAI1Q_Pos) |
3043:Drivers/STM32L4xx_HAL_Driver/Src/stm32l4xx_hal_rcc_ex.c ****                    ((PllSai1->PLLSAI1M - 1U) << RCC_PLLSAI1CFGR_PLLSAI1M_Pos));
3044:Drivers/STM32L4xx_HAL_Driver/Src/stm32l4xx_hal_rcc_ex.c **** #else
3045:Drivers/STM32L4xx_HAL_Driver/Src/stm32l4xx_hal_rcc_ex.c ****         /* Configure the PLLSAI1 Division factor Q and Multiplication factor N*/
3046:Drivers/STM32L4xx_HAL_Driver/Src/stm32l4xx_hal_rcc_ex.c ****         MODIFY_REG(RCC->PLLSAI1CFGR,
3047:Drivers/STM32L4xx_HAL_Driver/Src/stm32l4xx_hal_rcc_ex.c ****                    RCC_PLLSAI1CFGR_PLLSAI1N | RCC_PLLSAI1CFGR_PLLSAI1Q,
3048:Drivers/STM32L4xx_HAL_Driver/Src/stm32l4xx_hal_rcc_ex.c ****                    (PllSai1->PLLSAI1N << RCC_PLLSAI1CFGR_PLLSAI1N_Pos) |
3049:Drivers/STM32L4xx_HAL_Driver/Src/stm32l4xx_hal_rcc_ex.c ****                    (((PllSai1->PLLSAI1Q >> 1U) - 1U) << RCC_PLLSAI1CFGR_PLLSAI1Q_Pos));
3050:Drivers/STM32L4xx_HAL_Driver/Src/stm32l4xx_hal_rcc_ex.c **** #endif /* RCC_PLLSAI1M_DIV_1_16_SUPPORT */
3051:Drivers/STM32L4xx_HAL_Driver/Src/stm32l4xx_hal_rcc_ex.c ****       }
ARM GAS  /tmp/ccFN0S9l.s 			page 55


3052:Drivers/STM32L4xx_HAL_Driver/Src/stm32l4xx_hal_rcc_ex.c ****       else
3053:Drivers/STM32L4xx_HAL_Driver/Src/stm32l4xx_hal_rcc_ex.c ****       {
3054:Drivers/STM32L4xx_HAL_Driver/Src/stm32l4xx_hal_rcc_ex.c ****         assert_param(IS_RCC_PLLSAI1R_VALUE(PllSai1->PLLSAI1R));
3055:Drivers/STM32L4xx_HAL_Driver/Src/stm32l4xx_hal_rcc_ex.c **** #if defined(RCC_PLLSAI1M_DIV_1_16_SUPPORT)
3056:Drivers/STM32L4xx_HAL_Driver/Src/stm32l4xx_hal_rcc_ex.c ****         /* Configure the PLLSAI1 Division factor M, R and Multiplication factor N*/
3057:Drivers/STM32L4xx_HAL_Driver/Src/stm32l4xx_hal_rcc_ex.c ****         MODIFY_REG(RCC->PLLSAI1CFGR,
3058:Drivers/STM32L4xx_HAL_Driver/Src/stm32l4xx_hal_rcc_ex.c ****                    RCC_PLLSAI1CFGR_PLLSAI1N | RCC_PLLSAI1CFGR_PLLSAI1R | RCC_PLLSAI1CFGR_PLLSAI1M,
3059:Drivers/STM32L4xx_HAL_Driver/Src/stm32l4xx_hal_rcc_ex.c ****                    (PllSai1->PLLSAI1N << RCC_PLLSAI1CFGR_PLLSAI1N_Pos) |
3060:Drivers/STM32L4xx_HAL_Driver/Src/stm32l4xx_hal_rcc_ex.c ****                    (((PllSai1->PLLSAI1R >> 1U) - 1U) << RCC_PLLSAI1CFGR_PLLSAI1R_Pos) |
3061:Drivers/STM32L4xx_HAL_Driver/Src/stm32l4xx_hal_rcc_ex.c ****                    ((PllSai1->PLLSAI1M - 1U) << RCC_PLLSAI1CFGR_PLLSAI1M_Pos));
3062:Drivers/STM32L4xx_HAL_Driver/Src/stm32l4xx_hal_rcc_ex.c **** #else
3063:Drivers/STM32L4xx_HAL_Driver/Src/stm32l4xx_hal_rcc_ex.c ****         /* Configure the PLLSAI1 Division factor R and Multiplication factor N*/
3064:Drivers/STM32L4xx_HAL_Driver/Src/stm32l4xx_hal_rcc_ex.c ****         MODIFY_REG(RCC->PLLSAI1CFGR,
3065:Drivers/STM32L4xx_HAL_Driver/Src/stm32l4xx_hal_rcc_ex.c ****                    RCC_PLLSAI1CFGR_PLLSAI1N | RCC_PLLSAI1CFGR_PLLSAI1R,
3066:Drivers/STM32L4xx_HAL_Driver/Src/stm32l4xx_hal_rcc_ex.c ****                    (PllSai1->PLLSAI1N << RCC_PLLSAI1CFGR_PLLSAI1N_Pos) |
3067:Drivers/STM32L4xx_HAL_Driver/Src/stm32l4xx_hal_rcc_ex.c ****                    (((PllSai1->PLLSAI1R >> 1U) - 1U) << RCC_PLLSAI1CFGR_PLLSAI1R_Pos));
3068:Drivers/STM32L4xx_HAL_Driver/Src/stm32l4xx_hal_rcc_ex.c **** #endif /* RCC_PLLSAI1M_DIV_1_16_SUPPORT */
3069:Drivers/STM32L4xx_HAL_Driver/Src/stm32l4xx_hal_rcc_ex.c ****       }
3070:Drivers/STM32L4xx_HAL_Driver/Src/stm32l4xx_hal_rcc_ex.c **** 
3071:Drivers/STM32L4xx_HAL_Driver/Src/stm32l4xx_hal_rcc_ex.c ****       /* Enable the PLLSAI1 again by setting PLLSAI1ON to 1*/
3072:Drivers/STM32L4xx_HAL_Driver/Src/stm32l4xx_hal_rcc_ex.c ****       __HAL_RCC_PLLSAI1_ENABLE();
3073:Drivers/STM32L4xx_HAL_Driver/Src/stm32l4xx_hal_rcc_ex.c **** 
3074:Drivers/STM32L4xx_HAL_Driver/Src/stm32l4xx_hal_rcc_ex.c ****       /* Get Start Tick*/
3075:Drivers/STM32L4xx_HAL_Driver/Src/stm32l4xx_hal_rcc_ex.c ****       tickstart = HAL_GetTick();
3076:Drivers/STM32L4xx_HAL_Driver/Src/stm32l4xx_hal_rcc_ex.c **** 
3077:Drivers/STM32L4xx_HAL_Driver/Src/stm32l4xx_hal_rcc_ex.c ****       /* Wait till PLLSAI1 is ready */
3078:Drivers/STM32L4xx_HAL_Driver/Src/stm32l4xx_hal_rcc_ex.c ****       while(READ_BIT(RCC->CR, RCC_CR_PLLSAI1RDY) == 0U)
3079:Drivers/STM32L4xx_HAL_Driver/Src/stm32l4xx_hal_rcc_ex.c ****       {
3080:Drivers/STM32L4xx_HAL_Driver/Src/stm32l4xx_hal_rcc_ex.c ****         if((HAL_GetTick() - tickstart) > PLLSAI1_TIMEOUT_VALUE)
3081:Drivers/STM32L4xx_HAL_Driver/Src/stm32l4xx_hal_rcc_ex.c ****         {
3082:Drivers/STM32L4xx_HAL_Driver/Src/stm32l4xx_hal_rcc_ex.c ****           status = HAL_TIMEOUT;
3083:Drivers/STM32L4xx_HAL_Driver/Src/stm32l4xx_hal_rcc_ex.c ****           break;
3084:Drivers/STM32L4xx_HAL_Driver/Src/stm32l4xx_hal_rcc_ex.c ****         }
3085:Drivers/STM32L4xx_HAL_Driver/Src/stm32l4xx_hal_rcc_ex.c ****       }
3086:Drivers/STM32L4xx_HAL_Driver/Src/stm32l4xx_hal_rcc_ex.c **** 
3087:Drivers/STM32L4xx_HAL_Driver/Src/stm32l4xx_hal_rcc_ex.c ****       if(status == HAL_OK)
3088:Drivers/STM32L4xx_HAL_Driver/Src/stm32l4xx_hal_rcc_ex.c ****       {
3089:Drivers/STM32L4xx_HAL_Driver/Src/stm32l4xx_hal_rcc_ex.c ****         /* Configure the PLLSAI1 Clock output(s) */
3090:Drivers/STM32L4xx_HAL_Driver/Src/stm32l4xx_hal_rcc_ex.c ****         __HAL_RCC_PLLSAI1CLKOUT_ENABLE(PllSai1->PLLSAI1ClockOut);
3091:Drivers/STM32L4xx_HAL_Driver/Src/stm32l4xx_hal_rcc_ex.c ****       }
3092:Drivers/STM32L4xx_HAL_Driver/Src/stm32l4xx_hal_rcc_ex.c ****     }
3093:Drivers/STM32L4xx_HAL_Driver/Src/stm32l4xx_hal_rcc_ex.c ****   }
3094:Drivers/STM32L4xx_HAL_Driver/Src/stm32l4xx_hal_rcc_ex.c **** 
3095:Drivers/STM32L4xx_HAL_Driver/Src/stm32l4xx_hal_rcc_ex.c ****   return status;
3096:Drivers/STM32L4xx_HAL_Driver/Src/stm32l4xx_hal_rcc_ex.c **** }
3097:Drivers/STM32L4xx_HAL_Driver/Src/stm32l4xx_hal_rcc_ex.c **** 
3098:Drivers/STM32L4xx_HAL_Driver/Src/stm32l4xx_hal_rcc_ex.c **** #endif /* RCC_PLLSAI1_SUPPORT */
3099:Drivers/STM32L4xx_HAL_Driver/Src/stm32l4xx_hal_rcc_ex.c **** 
3100:Drivers/STM32L4xx_HAL_Driver/Src/stm32l4xx_hal_rcc_ex.c **** #if defined(RCC_PLLSAI2_SUPPORT)
3101:Drivers/STM32L4xx_HAL_Driver/Src/stm32l4xx_hal_rcc_ex.c **** 
3102:Drivers/STM32L4xx_HAL_Driver/Src/stm32l4xx_hal_rcc_ex.c **** /**
3103:Drivers/STM32L4xx_HAL_Driver/Src/stm32l4xx_hal_rcc_ex.c ****   * @brief  Configure the parameters N & P & optionally M of PLLSAI2 and enable PLLSAI2 output cloc
3104:Drivers/STM32L4xx_HAL_Driver/Src/stm32l4xx_hal_rcc_ex.c ****   * @param  PllSai2  pointer to an RCC_PLLSAI2InitTypeDef structure that
3105:Drivers/STM32L4xx_HAL_Driver/Src/stm32l4xx_hal_rcc_ex.c ****   *         contains the configuration parameters N & P & optionally M as well as PLLSAI2 output cl
3106:Drivers/STM32L4xx_HAL_Driver/Src/stm32l4xx_hal_rcc_ex.c ****   * @param  Divider  divider parameter to be updated
3107:Drivers/STM32L4xx_HAL_Driver/Src/stm32l4xx_hal_rcc_ex.c ****   *
3108:Drivers/STM32L4xx_HAL_Driver/Src/stm32l4xx_hal_rcc_ex.c ****   * @note   PLLSAI2 is temporary disable to apply new parameters
ARM GAS  /tmp/ccFN0S9l.s 			page 56


3109:Drivers/STM32L4xx_HAL_Driver/Src/stm32l4xx_hal_rcc_ex.c ****   *
3110:Drivers/STM32L4xx_HAL_Driver/Src/stm32l4xx_hal_rcc_ex.c ****   * @retval HAL status
3111:Drivers/STM32L4xx_HAL_Driver/Src/stm32l4xx_hal_rcc_ex.c ****   */
3112:Drivers/STM32L4xx_HAL_Driver/Src/stm32l4xx_hal_rcc_ex.c **** static HAL_StatusTypeDef RCCEx_PLLSAI2_Config(RCC_PLLSAI2InitTypeDef *PllSai2, uint32_t Divider)
3113:Drivers/STM32L4xx_HAL_Driver/Src/stm32l4xx_hal_rcc_ex.c **** {
3114:Drivers/STM32L4xx_HAL_Driver/Src/stm32l4xx_hal_rcc_ex.c ****   uint32_t tickstart;
3115:Drivers/STM32L4xx_HAL_Driver/Src/stm32l4xx_hal_rcc_ex.c ****   HAL_StatusTypeDef status = HAL_OK;
3116:Drivers/STM32L4xx_HAL_Driver/Src/stm32l4xx_hal_rcc_ex.c **** 
3117:Drivers/STM32L4xx_HAL_Driver/Src/stm32l4xx_hal_rcc_ex.c ****   /* check for PLLSAI2 Parameters used to output PLLSAI2CLK */
3118:Drivers/STM32L4xx_HAL_Driver/Src/stm32l4xx_hal_rcc_ex.c ****   /* P, Q and R dividers are verified in each specific divider case below */
3119:Drivers/STM32L4xx_HAL_Driver/Src/stm32l4xx_hal_rcc_ex.c ****   assert_param(IS_RCC_PLLSAI2SOURCE(PllSai2->PLLSAI2Source));
3120:Drivers/STM32L4xx_HAL_Driver/Src/stm32l4xx_hal_rcc_ex.c ****   assert_param(IS_RCC_PLLSAI2M_VALUE(PllSai2->PLLSAI2M));
3121:Drivers/STM32L4xx_HAL_Driver/Src/stm32l4xx_hal_rcc_ex.c ****   assert_param(IS_RCC_PLLSAI2N_VALUE(PllSai2->PLLSAI2N));
3122:Drivers/STM32L4xx_HAL_Driver/Src/stm32l4xx_hal_rcc_ex.c ****   assert_param(IS_RCC_PLLSAI2CLOCKOUT_VALUE(PllSai2->PLLSAI2ClockOut));
3123:Drivers/STM32L4xx_HAL_Driver/Src/stm32l4xx_hal_rcc_ex.c **** 
3124:Drivers/STM32L4xx_HAL_Driver/Src/stm32l4xx_hal_rcc_ex.c ****   /* Check that PLLSAI2 clock source and divider M can be applied */
3125:Drivers/STM32L4xx_HAL_Driver/Src/stm32l4xx_hal_rcc_ex.c ****   if(__HAL_RCC_GET_PLL_OSCSOURCE() != RCC_PLLSOURCE_NONE)
3126:Drivers/STM32L4xx_HAL_Driver/Src/stm32l4xx_hal_rcc_ex.c ****   {
3127:Drivers/STM32L4xx_HAL_Driver/Src/stm32l4xx_hal_rcc_ex.c ****     /* PLL clock source and divider M already set, check that no request for change  */
3128:Drivers/STM32L4xx_HAL_Driver/Src/stm32l4xx_hal_rcc_ex.c ****     if((__HAL_RCC_GET_PLL_OSCSOURCE() != PllSai2->PLLSAI2Source)
3129:Drivers/STM32L4xx_HAL_Driver/Src/stm32l4xx_hal_rcc_ex.c ****        ||
3130:Drivers/STM32L4xx_HAL_Driver/Src/stm32l4xx_hal_rcc_ex.c ****        (PllSai2->PLLSAI2Source == RCC_PLLSOURCE_NONE)
3131:Drivers/STM32L4xx_HAL_Driver/Src/stm32l4xx_hal_rcc_ex.c **** #if !defined(RCC_PLLSAI2M_DIV_1_16_SUPPORT)
3132:Drivers/STM32L4xx_HAL_Driver/Src/stm32l4xx_hal_rcc_ex.c ****        ||
3133:Drivers/STM32L4xx_HAL_Driver/Src/stm32l4xx_hal_rcc_ex.c ****        (((READ_BIT(RCC->PLLCFGR, RCC_PLLCFGR_PLLM) >> RCC_PLLCFGR_PLLM_Pos) + 1U) != PllSai2->PLLSA
3134:Drivers/STM32L4xx_HAL_Driver/Src/stm32l4xx_hal_rcc_ex.c **** #endif
3135:Drivers/STM32L4xx_HAL_Driver/Src/stm32l4xx_hal_rcc_ex.c ****       )
3136:Drivers/STM32L4xx_HAL_Driver/Src/stm32l4xx_hal_rcc_ex.c ****     {
3137:Drivers/STM32L4xx_HAL_Driver/Src/stm32l4xx_hal_rcc_ex.c ****       status = HAL_ERROR;
3138:Drivers/STM32L4xx_HAL_Driver/Src/stm32l4xx_hal_rcc_ex.c ****     }
3139:Drivers/STM32L4xx_HAL_Driver/Src/stm32l4xx_hal_rcc_ex.c ****   }
3140:Drivers/STM32L4xx_HAL_Driver/Src/stm32l4xx_hal_rcc_ex.c ****   else
3141:Drivers/STM32L4xx_HAL_Driver/Src/stm32l4xx_hal_rcc_ex.c ****   {
3142:Drivers/STM32L4xx_HAL_Driver/Src/stm32l4xx_hal_rcc_ex.c ****     /* Check PLLSAI2 clock source availability */
3143:Drivers/STM32L4xx_HAL_Driver/Src/stm32l4xx_hal_rcc_ex.c ****     switch(PllSai2->PLLSAI2Source)
3144:Drivers/STM32L4xx_HAL_Driver/Src/stm32l4xx_hal_rcc_ex.c ****     {
3145:Drivers/STM32L4xx_HAL_Driver/Src/stm32l4xx_hal_rcc_ex.c ****     case RCC_PLLSOURCE_MSI:
3146:Drivers/STM32L4xx_HAL_Driver/Src/stm32l4xx_hal_rcc_ex.c ****       if(HAL_IS_BIT_CLR(RCC->CR, RCC_CR_MSIRDY))
3147:Drivers/STM32L4xx_HAL_Driver/Src/stm32l4xx_hal_rcc_ex.c ****       {
3148:Drivers/STM32L4xx_HAL_Driver/Src/stm32l4xx_hal_rcc_ex.c ****         status = HAL_ERROR;
3149:Drivers/STM32L4xx_HAL_Driver/Src/stm32l4xx_hal_rcc_ex.c ****       }
3150:Drivers/STM32L4xx_HAL_Driver/Src/stm32l4xx_hal_rcc_ex.c ****       break;
3151:Drivers/STM32L4xx_HAL_Driver/Src/stm32l4xx_hal_rcc_ex.c ****     case RCC_PLLSOURCE_HSI:
3152:Drivers/STM32L4xx_HAL_Driver/Src/stm32l4xx_hal_rcc_ex.c ****       if(HAL_IS_BIT_CLR(RCC->CR, RCC_CR_HSIRDY))
3153:Drivers/STM32L4xx_HAL_Driver/Src/stm32l4xx_hal_rcc_ex.c ****       {
3154:Drivers/STM32L4xx_HAL_Driver/Src/stm32l4xx_hal_rcc_ex.c ****         status = HAL_ERROR;
3155:Drivers/STM32L4xx_HAL_Driver/Src/stm32l4xx_hal_rcc_ex.c ****       }
3156:Drivers/STM32L4xx_HAL_Driver/Src/stm32l4xx_hal_rcc_ex.c ****       break;
3157:Drivers/STM32L4xx_HAL_Driver/Src/stm32l4xx_hal_rcc_ex.c ****     case RCC_PLLSOURCE_HSE:
3158:Drivers/STM32L4xx_HAL_Driver/Src/stm32l4xx_hal_rcc_ex.c ****       if(HAL_IS_BIT_CLR(RCC->CR, RCC_CR_HSERDY))
3159:Drivers/STM32L4xx_HAL_Driver/Src/stm32l4xx_hal_rcc_ex.c ****       {
3160:Drivers/STM32L4xx_HAL_Driver/Src/stm32l4xx_hal_rcc_ex.c ****         if(HAL_IS_BIT_CLR(RCC->CR, RCC_CR_HSEBYP))
3161:Drivers/STM32L4xx_HAL_Driver/Src/stm32l4xx_hal_rcc_ex.c ****         {
3162:Drivers/STM32L4xx_HAL_Driver/Src/stm32l4xx_hal_rcc_ex.c ****           status = HAL_ERROR;
3163:Drivers/STM32L4xx_HAL_Driver/Src/stm32l4xx_hal_rcc_ex.c ****         }
3164:Drivers/STM32L4xx_HAL_Driver/Src/stm32l4xx_hal_rcc_ex.c ****       }
3165:Drivers/STM32L4xx_HAL_Driver/Src/stm32l4xx_hal_rcc_ex.c ****       break;
ARM GAS  /tmp/ccFN0S9l.s 			page 57


3166:Drivers/STM32L4xx_HAL_Driver/Src/stm32l4xx_hal_rcc_ex.c ****     default:
3167:Drivers/STM32L4xx_HAL_Driver/Src/stm32l4xx_hal_rcc_ex.c ****       status = HAL_ERROR;
3168:Drivers/STM32L4xx_HAL_Driver/Src/stm32l4xx_hal_rcc_ex.c ****       break;
3169:Drivers/STM32L4xx_HAL_Driver/Src/stm32l4xx_hal_rcc_ex.c ****     }
3170:Drivers/STM32L4xx_HAL_Driver/Src/stm32l4xx_hal_rcc_ex.c **** 
3171:Drivers/STM32L4xx_HAL_Driver/Src/stm32l4xx_hal_rcc_ex.c ****     if(status == HAL_OK)
3172:Drivers/STM32L4xx_HAL_Driver/Src/stm32l4xx_hal_rcc_ex.c ****     {
3173:Drivers/STM32L4xx_HAL_Driver/Src/stm32l4xx_hal_rcc_ex.c **** #if defined(RCC_PLLSAI2M_DIV_1_16_SUPPORT)
3174:Drivers/STM32L4xx_HAL_Driver/Src/stm32l4xx_hal_rcc_ex.c ****       /* Set PLLSAI2 clock source */
3175:Drivers/STM32L4xx_HAL_Driver/Src/stm32l4xx_hal_rcc_ex.c ****       MODIFY_REG(RCC->PLLCFGR, RCC_PLLCFGR_PLLSRC, PllSai2->PLLSAI2Source);
3176:Drivers/STM32L4xx_HAL_Driver/Src/stm32l4xx_hal_rcc_ex.c **** #else
3177:Drivers/STM32L4xx_HAL_Driver/Src/stm32l4xx_hal_rcc_ex.c ****       /* Set PLLSAI2 clock source and divider M */
3178:Drivers/STM32L4xx_HAL_Driver/Src/stm32l4xx_hal_rcc_ex.c ****       MODIFY_REG(RCC->PLLCFGR, RCC_PLLCFGR_PLLSRC | RCC_PLLCFGR_PLLM, PllSai2->PLLSAI2Source | (Pll
3179:Drivers/STM32L4xx_HAL_Driver/Src/stm32l4xx_hal_rcc_ex.c **** #endif
3180:Drivers/STM32L4xx_HAL_Driver/Src/stm32l4xx_hal_rcc_ex.c ****     }
3181:Drivers/STM32L4xx_HAL_Driver/Src/stm32l4xx_hal_rcc_ex.c ****   }
3182:Drivers/STM32L4xx_HAL_Driver/Src/stm32l4xx_hal_rcc_ex.c **** 
3183:Drivers/STM32L4xx_HAL_Driver/Src/stm32l4xx_hal_rcc_ex.c ****   if(status == HAL_OK)
3184:Drivers/STM32L4xx_HAL_Driver/Src/stm32l4xx_hal_rcc_ex.c ****   {
3185:Drivers/STM32L4xx_HAL_Driver/Src/stm32l4xx_hal_rcc_ex.c ****     /* Disable the PLLSAI2 */
3186:Drivers/STM32L4xx_HAL_Driver/Src/stm32l4xx_hal_rcc_ex.c ****     __HAL_RCC_PLLSAI2_DISABLE();
3187:Drivers/STM32L4xx_HAL_Driver/Src/stm32l4xx_hal_rcc_ex.c **** 
3188:Drivers/STM32L4xx_HAL_Driver/Src/stm32l4xx_hal_rcc_ex.c ****     /* Get Start Tick*/
3189:Drivers/STM32L4xx_HAL_Driver/Src/stm32l4xx_hal_rcc_ex.c ****     tickstart = HAL_GetTick();
3190:Drivers/STM32L4xx_HAL_Driver/Src/stm32l4xx_hal_rcc_ex.c **** 
3191:Drivers/STM32L4xx_HAL_Driver/Src/stm32l4xx_hal_rcc_ex.c ****     /* Wait till PLLSAI2 is ready to be updated */
3192:Drivers/STM32L4xx_HAL_Driver/Src/stm32l4xx_hal_rcc_ex.c ****     while(READ_BIT(RCC->CR, RCC_CR_PLLSAI2RDY) != 0U)
3193:Drivers/STM32L4xx_HAL_Driver/Src/stm32l4xx_hal_rcc_ex.c ****     {
3194:Drivers/STM32L4xx_HAL_Driver/Src/stm32l4xx_hal_rcc_ex.c ****       if((HAL_GetTick() - tickstart) > PLLSAI2_TIMEOUT_VALUE)
3195:Drivers/STM32L4xx_HAL_Driver/Src/stm32l4xx_hal_rcc_ex.c ****       {
3196:Drivers/STM32L4xx_HAL_Driver/Src/stm32l4xx_hal_rcc_ex.c ****         status = HAL_TIMEOUT;
3197:Drivers/STM32L4xx_HAL_Driver/Src/stm32l4xx_hal_rcc_ex.c ****         break;
3198:Drivers/STM32L4xx_HAL_Driver/Src/stm32l4xx_hal_rcc_ex.c ****       }
3199:Drivers/STM32L4xx_HAL_Driver/Src/stm32l4xx_hal_rcc_ex.c ****     }
3200:Drivers/STM32L4xx_HAL_Driver/Src/stm32l4xx_hal_rcc_ex.c **** 
3201:Drivers/STM32L4xx_HAL_Driver/Src/stm32l4xx_hal_rcc_ex.c ****     if(status == HAL_OK)
3202:Drivers/STM32L4xx_HAL_Driver/Src/stm32l4xx_hal_rcc_ex.c ****     {
3203:Drivers/STM32L4xx_HAL_Driver/Src/stm32l4xx_hal_rcc_ex.c ****       if(Divider == DIVIDER_P_UPDATE)
3204:Drivers/STM32L4xx_HAL_Driver/Src/stm32l4xx_hal_rcc_ex.c ****       {
3205:Drivers/STM32L4xx_HAL_Driver/Src/stm32l4xx_hal_rcc_ex.c ****         assert_param(IS_RCC_PLLSAI2P_VALUE(PllSai2->PLLSAI2P));
3206:Drivers/STM32L4xx_HAL_Driver/Src/stm32l4xx_hal_rcc_ex.c **** #if defined(RCC_PLLSAI2M_DIV_1_16_SUPPORT)
3207:Drivers/STM32L4xx_HAL_Driver/Src/stm32l4xx_hal_rcc_ex.c **** 
3208:Drivers/STM32L4xx_HAL_Driver/Src/stm32l4xx_hal_rcc_ex.c ****         /* Configure the PLLSAI2 Division factor M, P and Multiplication factor N*/
3209:Drivers/STM32L4xx_HAL_Driver/Src/stm32l4xx_hal_rcc_ex.c **** #if defined(RCC_PLLSAI2P_DIV_2_31_SUPPORT)
3210:Drivers/STM32L4xx_HAL_Driver/Src/stm32l4xx_hal_rcc_ex.c ****         MODIFY_REG(RCC->PLLSAI2CFGR,
3211:Drivers/STM32L4xx_HAL_Driver/Src/stm32l4xx_hal_rcc_ex.c ****                    RCC_PLLSAI2CFGR_PLLSAI2N | RCC_PLLSAI2CFGR_PLLSAI2PDIV | RCC_PLLSAI2CFGR_PLLSAI2
3212:Drivers/STM32L4xx_HAL_Driver/Src/stm32l4xx_hal_rcc_ex.c ****                    (PllSai2->PLLSAI2N << RCC_PLLSAI2CFGR_PLLSAI2N_Pos) |
3213:Drivers/STM32L4xx_HAL_Driver/Src/stm32l4xx_hal_rcc_ex.c ****                    (PllSai2->PLLSAI2P << RCC_PLLSAI2CFGR_PLLSAI2PDIV_Pos) |
3214:Drivers/STM32L4xx_HAL_Driver/Src/stm32l4xx_hal_rcc_ex.c ****                    ((PllSai2->PLLSAI2M - 1U) << RCC_PLLSAI2CFGR_PLLSAI2M_Pos));
3215:Drivers/STM32L4xx_HAL_Driver/Src/stm32l4xx_hal_rcc_ex.c **** #else
3216:Drivers/STM32L4xx_HAL_Driver/Src/stm32l4xx_hal_rcc_ex.c ****         MODIFY_REG(RCC->PLLSAI2CFGR,
3217:Drivers/STM32L4xx_HAL_Driver/Src/stm32l4xx_hal_rcc_ex.c ****                    RCC_PLLSAI2CFGR_PLLSAI2N | RCC_PLLSAI2CFGR_PLLSAI2P | RCC_PLLSAI2CFGR_PLLSAI2M,
3218:Drivers/STM32L4xx_HAL_Driver/Src/stm32l4xx_hal_rcc_ex.c ****                    (PllSai2->PLLSAI2N << RCC_PLLSAI2CFGR_PLLSAI2N_Pos) |
3219:Drivers/STM32L4xx_HAL_Driver/Src/stm32l4xx_hal_rcc_ex.c ****                    ((PllSai2->PLLSAI2P >> 4U) << RCC_PLLSAI2CFGR_PLLSAI2P_Pos) |
3220:Drivers/STM32L4xx_HAL_Driver/Src/stm32l4xx_hal_rcc_ex.c ****                    ((PllSai2->PLLSAI2M - 1U) << RCC_PLLSAI2CFGR_PLLSAI2M_Pos));
3221:Drivers/STM32L4xx_HAL_Driver/Src/stm32l4xx_hal_rcc_ex.c **** #endif /* RCC_PLLSAI2P_DIV_2_31_SUPPORT */
3222:Drivers/STM32L4xx_HAL_Driver/Src/stm32l4xx_hal_rcc_ex.c **** 
ARM GAS  /tmp/ccFN0S9l.s 			page 58


3223:Drivers/STM32L4xx_HAL_Driver/Src/stm32l4xx_hal_rcc_ex.c **** #else
3224:Drivers/STM32L4xx_HAL_Driver/Src/stm32l4xx_hal_rcc_ex.c ****         /* Configure the PLLSAI2 Division factor P and Multiplication factor N*/
3225:Drivers/STM32L4xx_HAL_Driver/Src/stm32l4xx_hal_rcc_ex.c **** #if defined(RCC_PLLSAI2P_DIV_2_31_SUPPORT)
3226:Drivers/STM32L4xx_HAL_Driver/Src/stm32l4xx_hal_rcc_ex.c ****         MODIFY_REG(RCC->PLLSAI2CFGR,
3227:Drivers/STM32L4xx_HAL_Driver/Src/stm32l4xx_hal_rcc_ex.c ****                    RCC_PLLSAI2CFGR_PLLSAI2N | RCC_PLLSAI2CFGR_PLLSAI2PDIV,
3228:Drivers/STM32L4xx_HAL_Driver/Src/stm32l4xx_hal_rcc_ex.c ****                    (PllSai2->PLLSAI2N << RCC_PLLSAI2CFGR_PLLSAI2N_Pos) |
3229:Drivers/STM32L4xx_HAL_Driver/Src/stm32l4xx_hal_rcc_ex.c ****                    (PllSai2->PLLSAI2P << RCC_PLLSAI2CFGR_PLLSAI2PDIV_Pos));
3230:Drivers/STM32L4xx_HAL_Driver/Src/stm32l4xx_hal_rcc_ex.c **** #else
3231:Drivers/STM32L4xx_HAL_Driver/Src/stm32l4xx_hal_rcc_ex.c ****         MODIFY_REG(RCC->PLLSAI2CFGR,
3232:Drivers/STM32L4xx_HAL_Driver/Src/stm32l4xx_hal_rcc_ex.c ****                    RCC_PLLSAI2CFGR_PLLSAI2N | RCC_PLLSAI2CFGR_PLLSAI2P,
3233:Drivers/STM32L4xx_HAL_Driver/Src/stm32l4xx_hal_rcc_ex.c ****                    (PllSai2->PLLSAI2N << RCC_PLLSAI2CFGR_PLLSAI2N_Pos) |
3234:Drivers/STM32L4xx_HAL_Driver/Src/stm32l4xx_hal_rcc_ex.c ****                    ((PllSai2->PLLSAI2P >> 4U) << RCC_PLLSAI2CFGR_PLLSAI2P_Pos));
3235:Drivers/STM32L4xx_HAL_Driver/Src/stm32l4xx_hal_rcc_ex.c **** #endif /* RCC_PLLSAI2P_DIV_2_31_SUPPORT */
3236:Drivers/STM32L4xx_HAL_Driver/Src/stm32l4xx_hal_rcc_ex.c **** 
3237:Drivers/STM32L4xx_HAL_Driver/Src/stm32l4xx_hal_rcc_ex.c **** #endif /* RCC_PLLSAI2M_DIV_1_16_SUPPORT */
3238:Drivers/STM32L4xx_HAL_Driver/Src/stm32l4xx_hal_rcc_ex.c ****       }
3239:Drivers/STM32L4xx_HAL_Driver/Src/stm32l4xx_hal_rcc_ex.c **** #if defined(RCC_PLLSAI2Q_DIV_SUPPORT)
3240:Drivers/STM32L4xx_HAL_Driver/Src/stm32l4xx_hal_rcc_ex.c ****       else if(Divider == DIVIDER_Q_UPDATE)
3241:Drivers/STM32L4xx_HAL_Driver/Src/stm32l4xx_hal_rcc_ex.c ****       {
3242:Drivers/STM32L4xx_HAL_Driver/Src/stm32l4xx_hal_rcc_ex.c ****         assert_param(IS_RCC_PLLSAI2Q_VALUE(PllSai2->PLLSAI2Q));
3243:Drivers/STM32L4xx_HAL_Driver/Src/stm32l4xx_hal_rcc_ex.c **** #if defined(RCC_PLLSAI2M_DIV_1_16_SUPPORT)
3244:Drivers/STM32L4xx_HAL_Driver/Src/stm32l4xx_hal_rcc_ex.c ****         /* Configure the PLLSAI2 Division factor M, Q and Multiplication factor N*/
3245:Drivers/STM32L4xx_HAL_Driver/Src/stm32l4xx_hal_rcc_ex.c ****         MODIFY_REG(RCC->PLLSAI2CFGR,
3246:Drivers/STM32L4xx_HAL_Driver/Src/stm32l4xx_hal_rcc_ex.c ****                    RCC_PLLSAI2CFGR_PLLSAI2N | RCC_PLLSAI2CFGR_PLLSAI2Q | RCC_PLLSAI2CFGR_PLLSAI2M,
3247:Drivers/STM32L4xx_HAL_Driver/Src/stm32l4xx_hal_rcc_ex.c ****                    (PllSai2->PLLSAI2N << RCC_PLLSAI2CFGR_PLLSAI2N_Pos) |
3248:Drivers/STM32L4xx_HAL_Driver/Src/stm32l4xx_hal_rcc_ex.c ****                    (((PllSai2->PLLSAI2Q >> 1U) - 1U) << RCC_PLLSAI2CFGR_PLLSAI2Q_Pos) |
3249:Drivers/STM32L4xx_HAL_Driver/Src/stm32l4xx_hal_rcc_ex.c ****                    ((PllSai2->PLLSAI2M - 1U) << RCC_PLLSAI2CFGR_PLLSAI2M_Pos));
3250:Drivers/STM32L4xx_HAL_Driver/Src/stm32l4xx_hal_rcc_ex.c **** #else
3251:Drivers/STM32L4xx_HAL_Driver/Src/stm32l4xx_hal_rcc_ex.c ****         /* Configure the PLLSAI2 Division factor Q and Multiplication factor N*/
3252:Drivers/STM32L4xx_HAL_Driver/Src/stm32l4xx_hal_rcc_ex.c ****         MODIFY_REG(RCC->PLLSAI2CFGR,
3253:Drivers/STM32L4xx_HAL_Driver/Src/stm32l4xx_hal_rcc_ex.c ****                    RCC_PLLSAI2CFGR_PLLSAI2N | RCC_PLLSAI2CFGR_PLLSAI2Q,
3254:Drivers/STM32L4xx_HAL_Driver/Src/stm32l4xx_hal_rcc_ex.c ****                    (PllSai2->PLLSAI2N << RCC_PLLSAI2CFGR_PLLSAI2N_Pos) |
3255:Drivers/STM32L4xx_HAL_Driver/Src/stm32l4xx_hal_rcc_ex.c ****                    (((PllSai2->PLLSAI2Q >> 1U) - 1U) << RCC_PLLSAI2CFGR_PLLSAI2Q_Pos));
3256:Drivers/STM32L4xx_HAL_Driver/Src/stm32l4xx_hal_rcc_ex.c **** #endif /* RCC_PLLSAI2M_DIV_1_16_SUPPORT */
3257:Drivers/STM32L4xx_HAL_Driver/Src/stm32l4xx_hal_rcc_ex.c ****       }
3258:Drivers/STM32L4xx_HAL_Driver/Src/stm32l4xx_hal_rcc_ex.c **** #endif /* RCC_PLLSAI2Q_DIV_SUPPORT */
3259:Drivers/STM32L4xx_HAL_Driver/Src/stm32l4xx_hal_rcc_ex.c ****       else
3260:Drivers/STM32L4xx_HAL_Driver/Src/stm32l4xx_hal_rcc_ex.c ****       {
3261:Drivers/STM32L4xx_HAL_Driver/Src/stm32l4xx_hal_rcc_ex.c ****         assert_param(IS_RCC_PLLSAI2R_VALUE(PllSai2->PLLSAI2R));
3262:Drivers/STM32L4xx_HAL_Driver/Src/stm32l4xx_hal_rcc_ex.c **** #if defined(RCC_PLLSAI2M_DIV_1_16_SUPPORT)
3263:Drivers/STM32L4xx_HAL_Driver/Src/stm32l4xx_hal_rcc_ex.c ****         /* Configure the PLLSAI2 Division factor M, R and Multiplication factor N*/
3264:Drivers/STM32L4xx_HAL_Driver/Src/stm32l4xx_hal_rcc_ex.c ****         MODIFY_REG(RCC->PLLSAI2CFGR,
3265:Drivers/STM32L4xx_HAL_Driver/Src/stm32l4xx_hal_rcc_ex.c ****                    RCC_PLLSAI2CFGR_PLLSAI2N | RCC_PLLSAI2CFGR_PLLSAI2R | RCC_PLLSAI2CFGR_PLLSAI2M,
3266:Drivers/STM32L4xx_HAL_Driver/Src/stm32l4xx_hal_rcc_ex.c ****                    (PllSai2->PLLSAI2N << RCC_PLLSAI2CFGR_PLLSAI2N_Pos) |
3267:Drivers/STM32L4xx_HAL_Driver/Src/stm32l4xx_hal_rcc_ex.c ****                    (((PllSai2->PLLSAI2R >> 1U) - 1U) << RCC_PLLSAI2CFGR_PLLSAI2R_Pos) |
3268:Drivers/STM32L4xx_HAL_Driver/Src/stm32l4xx_hal_rcc_ex.c ****                    ((PllSai2->PLLSAI2M - 1U) << RCC_PLLSAI2CFGR_PLLSAI2M_Pos));
3269:Drivers/STM32L4xx_HAL_Driver/Src/stm32l4xx_hal_rcc_ex.c **** #else
3270:Drivers/STM32L4xx_HAL_Driver/Src/stm32l4xx_hal_rcc_ex.c ****         /* Configure the PLLSAI2 Division factor R and Multiplication factor N*/
3271:Drivers/STM32L4xx_HAL_Driver/Src/stm32l4xx_hal_rcc_ex.c ****         MODIFY_REG(RCC->PLLSAI2CFGR,
3272:Drivers/STM32L4xx_HAL_Driver/Src/stm32l4xx_hal_rcc_ex.c ****                    RCC_PLLSAI2CFGR_PLLSAI2N | RCC_PLLSAI2CFGR_PLLSAI2R,
3273:Drivers/STM32L4xx_HAL_Driver/Src/stm32l4xx_hal_rcc_ex.c ****                    (PllSai2->PLLSAI2N << RCC_PLLSAI2CFGR_PLLSAI2N_Pos) |
3274:Drivers/STM32L4xx_HAL_Driver/Src/stm32l4xx_hal_rcc_ex.c ****                    (((PllSai2->PLLSAI2R >> 1U) - 1U) << RCC_PLLSAI2CFGR_PLLSAI2R_Pos));
3275:Drivers/STM32L4xx_HAL_Driver/Src/stm32l4xx_hal_rcc_ex.c **** #endif /* RCC_PLLSAI2M_DIV_1_16_SUPPORT */
3276:Drivers/STM32L4xx_HAL_Driver/Src/stm32l4xx_hal_rcc_ex.c ****       }
3277:Drivers/STM32L4xx_HAL_Driver/Src/stm32l4xx_hal_rcc_ex.c **** 
3278:Drivers/STM32L4xx_HAL_Driver/Src/stm32l4xx_hal_rcc_ex.c ****       /* Enable the PLLSAI2 again by setting PLLSAI2ON to 1*/
3279:Drivers/STM32L4xx_HAL_Driver/Src/stm32l4xx_hal_rcc_ex.c ****       __HAL_RCC_PLLSAI2_ENABLE();
ARM GAS  /tmp/ccFN0S9l.s 			page 59


3280:Drivers/STM32L4xx_HAL_Driver/Src/stm32l4xx_hal_rcc_ex.c **** 
3281:Drivers/STM32L4xx_HAL_Driver/Src/stm32l4xx_hal_rcc_ex.c ****       /* Get Start Tick*/
3282:Drivers/STM32L4xx_HAL_Driver/Src/stm32l4xx_hal_rcc_ex.c ****       tickstart = HAL_GetTick();
3283:Drivers/STM32L4xx_HAL_Driver/Src/stm32l4xx_hal_rcc_ex.c **** 
3284:Drivers/STM32L4xx_HAL_Driver/Src/stm32l4xx_hal_rcc_ex.c ****       /* Wait till PLLSAI2 is ready */
3285:Drivers/STM32L4xx_HAL_Driver/Src/stm32l4xx_hal_rcc_ex.c ****       while(READ_BIT(RCC->CR, RCC_CR_PLLSAI2RDY) == 0U)
3286:Drivers/STM32L4xx_HAL_Driver/Src/stm32l4xx_hal_rcc_ex.c ****       {
3287:Drivers/STM32L4xx_HAL_Driver/Src/stm32l4xx_hal_rcc_ex.c ****         if((HAL_GetTick() - tickstart) > PLLSAI2_TIMEOUT_VALUE)
3288:Drivers/STM32L4xx_HAL_Driver/Src/stm32l4xx_hal_rcc_ex.c ****         {
3289:Drivers/STM32L4xx_HAL_Driver/Src/stm32l4xx_hal_rcc_ex.c ****           status = HAL_TIMEOUT;
3290:Drivers/STM32L4xx_HAL_Driver/Src/stm32l4xx_hal_rcc_ex.c ****           break;
3291:Drivers/STM32L4xx_HAL_Driver/Src/stm32l4xx_hal_rcc_ex.c ****         }
3292:Drivers/STM32L4xx_HAL_Driver/Src/stm32l4xx_hal_rcc_ex.c ****       }
3293:Drivers/STM32L4xx_HAL_Driver/Src/stm32l4xx_hal_rcc_ex.c **** 
3294:Drivers/STM32L4xx_HAL_Driver/Src/stm32l4xx_hal_rcc_ex.c ****       if(status == HAL_OK)
3295:Drivers/STM32L4xx_HAL_Driver/Src/stm32l4xx_hal_rcc_ex.c ****       {
3296:Drivers/STM32L4xx_HAL_Driver/Src/stm32l4xx_hal_rcc_ex.c ****         /* Configure the PLLSAI2 Clock output(s) */
3297:Drivers/STM32L4xx_HAL_Driver/Src/stm32l4xx_hal_rcc_ex.c ****         __HAL_RCC_PLLSAI2CLKOUT_ENABLE(PllSai2->PLLSAI2ClockOut);
3298:Drivers/STM32L4xx_HAL_Driver/Src/stm32l4xx_hal_rcc_ex.c ****       }
3299:Drivers/STM32L4xx_HAL_Driver/Src/stm32l4xx_hal_rcc_ex.c ****     }
3300:Drivers/STM32L4xx_HAL_Driver/Src/stm32l4xx_hal_rcc_ex.c ****   }
3301:Drivers/STM32L4xx_HAL_Driver/Src/stm32l4xx_hal_rcc_ex.c **** 
3302:Drivers/STM32L4xx_HAL_Driver/Src/stm32l4xx_hal_rcc_ex.c ****   return status;
3303:Drivers/STM32L4xx_HAL_Driver/Src/stm32l4xx_hal_rcc_ex.c **** }
3304:Drivers/STM32L4xx_HAL_Driver/Src/stm32l4xx_hal_rcc_ex.c **** 
3305:Drivers/STM32L4xx_HAL_Driver/Src/stm32l4xx_hal_rcc_ex.c **** #endif /* RCC_PLLSAI2_SUPPORT */
3306:Drivers/STM32L4xx_HAL_Driver/Src/stm32l4xx_hal_rcc_ex.c **** 
3307:Drivers/STM32L4xx_HAL_Driver/Src/stm32l4xx_hal_rcc_ex.c **** #if defined(SAI1)
3308:Drivers/STM32L4xx_HAL_Driver/Src/stm32l4xx_hal_rcc_ex.c **** 
3309:Drivers/STM32L4xx_HAL_Driver/Src/stm32l4xx_hal_rcc_ex.c **** static uint32_t RCCEx_GetSAIxPeriphCLKFreq(uint32_t PeriphClk, uint32_t InputFrequency)
3310:Drivers/STM32L4xx_HAL_Driver/Src/stm32l4xx_hal_rcc_ex.c **** {
  29              		.loc 1 3310 1 view -0
  30              		.cfi_startproc
  31              		@ args = 0, pretend = 0, frame = 0
  32              		@ frame_needed = 0, uses_anonymous_args = 0
  33              		@ link register save eliminated.
3311:Drivers/STM32L4xx_HAL_Driver/Src/stm32l4xx_hal_rcc_ex.c ****   uint32_t frequency = 0U;
  34              		.loc 1 3311 3 view .LVU1
3312:Drivers/STM32L4xx_HAL_Driver/Src/stm32l4xx_hal_rcc_ex.c ****   uint32_t srcclk = 0U;
  35              		.loc 1 3312 3 view .LVU2
3313:Drivers/STM32L4xx_HAL_Driver/Src/stm32l4xx_hal_rcc_ex.c ****   uint32_t pllvco, plln;    /* no init needed */
  36              		.loc 1 3313 3 view .LVU3
3314:Drivers/STM32L4xx_HAL_Driver/Src/stm32l4xx_hal_rcc_ex.c **** #if defined(RCC_PLLP_SUPPORT)
3315:Drivers/STM32L4xx_HAL_Driver/Src/stm32l4xx_hal_rcc_ex.c ****   uint32_t pllp = 0U;
  37              		.loc 1 3315 3 view .LVU4
3316:Drivers/STM32L4xx_HAL_Driver/Src/stm32l4xx_hal_rcc_ex.c **** #endif /* RCC_PLLP_SUPPORT */
3317:Drivers/STM32L4xx_HAL_Driver/Src/stm32l4xx_hal_rcc_ex.c **** 
3318:Drivers/STM32L4xx_HAL_Driver/Src/stm32l4xx_hal_rcc_ex.c ****   /* Handle SAIs */
3319:Drivers/STM32L4xx_HAL_Driver/Src/stm32l4xx_hal_rcc_ex.c ****   if(PeriphClk == RCC_PERIPHCLK_SAI1)
  38              		.loc 1 3319 3 view .LVU5
  39              		.loc 1 3319 5 is_stmt 0 view .LVU6
  40 0000 B0F5006F 		cmp	r0, #2048
  41 0004 2AD0     		beq	.L19
3312:Drivers/STM32L4xx_HAL_Driver/Src/stm32l4xx_hal_rcc_ex.c ****   uint32_t pllvco, plln;    /* no init needed */
  42              		.loc 1 3312 12 view .LVU7
  43 0006 0023     		movs	r3, #0
  44              	.LVL1:
ARM GAS  /tmp/ccFN0S9l.s 			page 60


  45              	.L2:
3310:Drivers/STM32L4xx_HAL_Driver/Src/stm32l4xx_hal_rcc_ex.c ****   uint32_t frequency = 0U;
  46              		.loc 1 3310 1 view .LVU8
  47 0008 10B4     		push	{r4}
  48              	.LCFI0:
  49              		.cfi_def_cfa_offset 4
  50              		.cfi_offset 4, -4
  51              	.LVL2:
3320:Drivers/STM32L4xx_HAL_Driver/Src/stm32l4xx_hal_rcc_ex.c ****   {
3321:Drivers/STM32L4xx_HAL_Driver/Src/stm32l4xx_hal_rcc_ex.c ****     srcclk = __HAL_RCC_GET_SAI1_SOURCE();
3322:Drivers/STM32L4xx_HAL_Driver/Src/stm32l4xx_hal_rcc_ex.c ****     if(srcclk == RCC_SAI1CLKSOURCE_PIN)
3323:Drivers/STM32L4xx_HAL_Driver/Src/stm32l4xx_hal_rcc_ex.c ****     {
3324:Drivers/STM32L4xx_HAL_Driver/Src/stm32l4xx_hal_rcc_ex.c ****       frequency = EXTERNAL_SAI1_CLOCK_VALUE;
3325:Drivers/STM32L4xx_HAL_Driver/Src/stm32l4xx_hal_rcc_ex.c ****     }
3326:Drivers/STM32L4xx_HAL_Driver/Src/stm32l4xx_hal_rcc_ex.c ****     /* Else, PLL clock output to check below */
3327:Drivers/STM32L4xx_HAL_Driver/Src/stm32l4xx_hal_rcc_ex.c ****   }
3328:Drivers/STM32L4xx_HAL_Driver/Src/stm32l4xx_hal_rcc_ex.c **** #if defined(SAI2)
3329:Drivers/STM32L4xx_HAL_Driver/Src/stm32l4xx_hal_rcc_ex.c ****   else
3330:Drivers/STM32L4xx_HAL_Driver/Src/stm32l4xx_hal_rcc_ex.c ****   {
3331:Drivers/STM32L4xx_HAL_Driver/Src/stm32l4xx_hal_rcc_ex.c ****     if(PeriphClk == RCC_PERIPHCLK_SAI2)
3332:Drivers/STM32L4xx_HAL_Driver/Src/stm32l4xx_hal_rcc_ex.c ****     {
3333:Drivers/STM32L4xx_HAL_Driver/Src/stm32l4xx_hal_rcc_ex.c ****       srcclk = __HAL_RCC_GET_SAI2_SOURCE();
3334:Drivers/STM32L4xx_HAL_Driver/Src/stm32l4xx_hal_rcc_ex.c ****       if(srcclk == RCC_SAI2CLKSOURCE_PIN)
3335:Drivers/STM32L4xx_HAL_Driver/Src/stm32l4xx_hal_rcc_ex.c ****       {
3336:Drivers/STM32L4xx_HAL_Driver/Src/stm32l4xx_hal_rcc_ex.c ****         frequency = EXTERNAL_SAI2_CLOCK_VALUE;
3337:Drivers/STM32L4xx_HAL_Driver/Src/stm32l4xx_hal_rcc_ex.c ****       }
3338:Drivers/STM32L4xx_HAL_Driver/Src/stm32l4xx_hal_rcc_ex.c ****       /* Else, PLL clock output to check below */
3339:Drivers/STM32L4xx_HAL_Driver/Src/stm32l4xx_hal_rcc_ex.c ****     }
3340:Drivers/STM32L4xx_HAL_Driver/Src/stm32l4xx_hal_rcc_ex.c ****   }
3341:Drivers/STM32L4xx_HAL_Driver/Src/stm32l4xx_hal_rcc_ex.c **** #endif /* SAI2 */
3342:Drivers/STM32L4xx_HAL_Driver/Src/stm32l4xx_hal_rcc_ex.c **** 
3343:Drivers/STM32L4xx_HAL_Driver/Src/stm32l4xx_hal_rcc_ex.c ****   if(frequency == 0U)
3344:Drivers/STM32L4xx_HAL_Driver/Src/stm32l4xx_hal_rcc_ex.c ****   {
3345:Drivers/STM32L4xx_HAL_Driver/Src/stm32l4xx_hal_rcc_ex.c ****     pllvco = InputFrequency;
  52              		.loc 1 3345 5 is_stmt 1 view .LVU9
3346:Drivers/STM32L4xx_HAL_Driver/Src/stm32l4xx_hal_rcc_ex.c **** 
3347:Drivers/STM32L4xx_HAL_Driver/Src/stm32l4xx_hal_rcc_ex.c **** #if defined(SAI2)
3348:Drivers/STM32L4xx_HAL_Driver/Src/stm32l4xx_hal_rcc_ex.c ****     if((srcclk == RCC_SAI1CLKSOURCE_PLL) || (srcclk == RCC_SAI2CLKSOURCE_PLL))
3349:Drivers/STM32L4xx_HAL_Driver/Src/stm32l4xx_hal_rcc_ex.c ****     {
3350:Drivers/STM32L4xx_HAL_Driver/Src/stm32l4xx_hal_rcc_ex.c ****       if(HAL_IS_BIT_SET(RCC->CR, RCC_CR_PLLRDY) && (__HAL_RCC_GET_PLLCLKOUT_CONFIG(RCC_PLL_SAI3CLK)
3351:Drivers/STM32L4xx_HAL_Driver/Src/stm32l4xx_hal_rcc_ex.c ****       {
3352:Drivers/STM32L4xx_HAL_Driver/Src/stm32l4xx_hal_rcc_ex.c ****         /* f(PLL Source) / PLLM */
3353:Drivers/STM32L4xx_HAL_Driver/Src/stm32l4xx_hal_rcc_ex.c ****         pllvco = (pllvco / ((READ_BIT(RCC->PLLCFGR, RCC_PLLCFGR_PLLM) >> RCC_PLLCFGR_PLLM_Pos) + 1U
3354:Drivers/STM32L4xx_HAL_Driver/Src/stm32l4xx_hal_rcc_ex.c ****         /* f(PLLSAI3CLK) = f(VCO input) * PLLN / PLLP */
3355:Drivers/STM32L4xx_HAL_Driver/Src/stm32l4xx_hal_rcc_ex.c ****         plln = READ_BIT(RCC->PLLCFGR, RCC_PLLCFGR_PLLN) >> RCC_PLLCFGR_PLLN_Pos;
3356:Drivers/STM32L4xx_HAL_Driver/Src/stm32l4xx_hal_rcc_ex.c **** #if defined(RCC_PLLP_DIV_2_31_SUPPORT)
3357:Drivers/STM32L4xx_HAL_Driver/Src/stm32l4xx_hal_rcc_ex.c ****         pllp = READ_BIT(RCC->PLLCFGR, RCC_PLLCFGR_PLLPDIV) >> RCC_PLLCFGR_PLLPDIV_Pos;
3358:Drivers/STM32L4xx_HAL_Driver/Src/stm32l4xx_hal_rcc_ex.c **** #endif
3359:Drivers/STM32L4xx_HAL_Driver/Src/stm32l4xx_hal_rcc_ex.c ****         if(pllp == 0U)
3360:Drivers/STM32L4xx_HAL_Driver/Src/stm32l4xx_hal_rcc_ex.c ****         {
3361:Drivers/STM32L4xx_HAL_Driver/Src/stm32l4xx_hal_rcc_ex.c ****           if(READ_BIT(RCC->PLLCFGR, RCC_PLLCFGR_PLLP) != 0U)
3362:Drivers/STM32L4xx_HAL_Driver/Src/stm32l4xx_hal_rcc_ex.c ****           {
3363:Drivers/STM32L4xx_HAL_Driver/Src/stm32l4xx_hal_rcc_ex.c ****             pllp = 17U;
3364:Drivers/STM32L4xx_HAL_Driver/Src/stm32l4xx_hal_rcc_ex.c ****           }
3365:Drivers/STM32L4xx_HAL_Driver/Src/stm32l4xx_hal_rcc_ex.c ****           else
3366:Drivers/STM32L4xx_HAL_Driver/Src/stm32l4xx_hal_rcc_ex.c ****           {
3367:Drivers/STM32L4xx_HAL_Driver/Src/stm32l4xx_hal_rcc_ex.c ****             pllp = 7U;
ARM GAS  /tmp/ccFN0S9l.s 			page 61


3368:Drivers/STM32L4xx_HAL_Driver/Src/stm32l4xx_hal_rcc_ex.c ****           }
3369:Drivers/STM32L4xx_HAL_Driver/Src/stm32l4xx_hal_rcc_ex.c ****         }
3370:Drivers/STM32L4xx_HAL_Driver/Src/stm32l4xx_hal_rcc_ex.c ****         frequency = (pllvco * plln) / pllp;
3371:Drivers/STM32L4xx_HAL_Driver/Src/stm32l4xx_hal_rcc_ex.c ****       }
3372:Drivers/STM32L4xx_HAL_Driver/Src/stm32l4xx_hal_rcc_ex.c ****     }
3373:Drivers/STM32L4xx_HAL_Driver/Src/stm32l4xx_hal_rcc_ex.c ****     else if(srcclk == 0U)  /* RCC_SAI1CLKSOURCE_PLLSAI1 || RCC_SAI2CLKSOURCE_PLLSAI1 */
3374:Drivers/STM32L4xx_HAL_Driver/Src/stm32l4xx_hal_rcc_ex.c ****     {
3375:Drivers/STM32L4xx_HAL_Driver/Src/stm32l4xx_hal_rcc_ex.c ****       if(HAL_IS_BIT_SET(RCC->CR, RCC_CR_PLLSAI1RDY) && (__HAL_RCC_GET_PLLSAI1CLKOUT_CONFIG(RCC_PLLS
3376:Drivers/STM32L4xx_HAL_Driver/Src/stm32l4xx_hal_rcc_ex.c ****       {
3377:Drivers/STM32L4xx_HAL_Driver/Src/stm32l4xx_hal_rcc_ex.c **** #if defined(RCC_PLLSAI1M_DIV_1_16_SUPPORT)
3378:Drivers/STM32L4xx_HAL_Driver/Src/stm32l4xx_hal_rcc_ex.c ****         /* PLLSAI1M exists: apply PLLSAI1M divider for PLLSAI1 output computation */
3379:Drivers/STM32L4xx_HAL_Driver/Src/stm32l4xx_hal_rcc_ex.c ****         /* f(PLLSAI1 Source) / PLLSAI1M */
3380:Drivers/STM32L4xx_HAL_Driver/Src/stm32l4xx_hal_rcc_ex.c ****         pllvco = (pllvco / ((READ_BIT(RCC->PLLSAI1CFGR, RCC_PLLSAI1CFGR_PLLSAI1M) >> RCC_PLLSAI1CFG
3381:Drivers/STM32L4xx_HAL_Driver/Src/stm32l4xx_hal_rcc_ex.c **** #else
3382:Drivers/STM32L4xx_HAL_Driver/Src/stm32l4xx_hal_rcc_ex.c ****         /* f(PLL Source) / PLLM */
3383:Drivers/STM32L4xx_HAL_Driver/Src/stm32l4xx_hal_rcc_ex.c ****         pllvco = (pllvco / ((READ_BIT(RCC->PLLCFGR, RCC_PLLCFGR_PLLM) >> RCC_PLLCFGR_PLLM_Pos) + 1U
3384:Drivers/STM32L4xx_HAL_Driver/Src/stm32l4xx_hal_rcc_ex.c **** #endif
3385:Drivers/STM32L4xx_HAL_Driver/Src/stm32l4xx_hal_rcc_ex.c ****         /* f(PLLSAI1CLK) = f(VCOSAI1 input) * PLLSAI1N / PLLSAI1P */
3386:Drivers/STM32L4xx_HAL_Driver/Src/stm32l4xx_hal_rcc_ex.c ****         plln = READ_BIT(RCC->PLLSAI1CFGR, RCC_PLLSAI1CFGR_PLLSAI1N) >> RCC_PLLSAI1CFGR_PLLSAI1N_Pos
3387:Drivers/STM32L4xx_HAL_Driver/Src/stm32l4xx_hal_rcc_ex.c **** #if defined(RCC_PLLSAI1P_DIV_2_31_SUPPORT)
3388:Drivers/STM32L4xx_HAL_Driver/Src/stm32l4xx_hal_rcc_ex.c ****         pllp = READ_BIT(RCC->PLLSAI1CFGR, RCC_PLLSAI1CFGR_PLLSAI1PDIV) >> RCC_PLLSAI1CFGR_PLLSAI1PD
3389:Drivers/STM32L4xx_HAL_Driver/Src/stm32l4xx_hal_rcc_ex.c **** #endif
3390:Drivers/STM32L4xx_HAL_Driver/Src/stm32l4xx_hal_rcc_ex.c ****         if(pllp == 0U)
3391:Drivers/STM32L4xx_HAL_Driver/Src/stm32l4xx_hal_rcc_ex.c ****         {
3392:Drivers/STM32L4xx_HAL_Driver/Src/stm32l4xx_hal_rcc_ex.c ****           if(READ_BIT(RCC->PLLSAI1CFGR, RCC_PLLSAI1CFGR_PLLSAI1P) != 0U)
3393:Drivers/STM32L4xx_HAL_Driver/Src/stm32l4xx_hal_rcc_ex.c ****           {
3394:Drivers/STM32L4xx_HAL_Driver/Src/stm32l4xx_hal_rcc_ex.c ****             pllp = 17U;
3395:Drivers/STM32L4xx_HAL_Driver/Src/stm32l4xx_hal_rcc_ex.c ****           }
3396:Drivers/STM32L4xx_HAL_Driver/Src/stm32l4xx_hal_rcc_ex.c ****           else
3397:Drivers/STM32L4xx_HAL_Driver/Src/stm32l4xx_hal_rcc_ex.c ****           {
3398:Drivers/STM32L4xx_HAL_Driver/Src/stm32l4xx_hal_rcc_ex.c ****             pllp = 7U;
3399:Drivers/STM32L4xx_HAL_Driver/Src/stm32l4xx_hal_rcc_ex.c ****           }
3400:Drivers/STM32L4xx_HAL_Driver/Src/stm32l4xx_hal_rcc_ex.c ****         }
3401:Drivers/STM32L4xx_HAL_Driver/Src/stm32l4xx_hal_rcc_ex.c ****         frequency = (pllvco * plln) / pllp;
3402:Drivers/STM32L4xx_HAL_Driver/Src/stm32l4xx_hal_rcc_ex.c ****       }
3403:Drivers/STM32L4xx_HAL_Driver/Src/stm32l4xx_hal_rcc_ex.c ****     }
3404:Drivers/STM32L4xx_HAL_Driver/Src/stm32l4xx_hal_rcc_ex.c **** #if defined(STM32L4P5xx) || defined(STM32L4Q5xx) || defined(STM32L4R5xx) || defined(STM32L4R7xx) ||
3405:Drivers/STM32L4xx_HAL_Driver/Src/stm32l4xx_hal_rcc_ex.c ****     else if((srcclk == RCC_SAI1CLKSOURCE_HSI) || (srcclk == RCC_SAI2CLKSOURCE_HSI))
3406:Drivers/STM32L4xx_HAL_Driver/Src/stm32l4xx_hal_rcc_ex.c ****     {
3407:Drivers/STM32L4xx_HAL_Driver/Src/stm32l4xx_hal_rcc_ex.c ****       if(HAL_IS_BIT_SET(RCC->CR, RCC_CR_HSIRDY))
3408:Drivers/STM32L4xx_HAL_Driver/Src/stm32l4xx_hal_rcc_ex.c ****       {
3409:Drivers/STM32L4xx_HAL_Driver/Src/stm32l4xx_hal_rcc_ex.c ****         frequency = HSI_VALUE;
3410:Drivers/STM32L4xx_HAL_Driver/Src/stm32l4xx_hal_rcc_ex.c ****       }
3411:Drivers/STM32L4xx_HAL_Driver/Src/stm32l4xx_hal_rcc_ex.c ****     }
3412:Drivers/STM32L4xx_HAL_Driver/Src/stm32l4xx_hal_rcc_ex.c **** #endif /* STM32L4P5xx || STM32L4Q5xx || STM32L4R5xx || STM32L4R7xx || STM32L4R9xx || STM32L4S5xx ||
3413:Drivers/STM32L4xx_HAL_Driver/Src/stm32l4xx_hal_rcc_ex.c **** 
3414:Drivers/STM32L4xx_HAL_Driver/Src/stm32l4xx_hal_rcc_ex.c **** #else
3415:Drivers/STM32L4xx_HAL_Driver/Src/stm32l4xx_hal_rcc_ex.c ****     if(srcclk == RCC_SAI1CLKSOURCE_PLL)
  53              		.loc 1 3415 5 view .LVU10
  54              		.loc 1 3415 7 is_stmt 0 view .LVU11
  55 000a B3F5000F 		cmp	r3, #8388608
  56 000e 2FD0     		beq	.L20
3416:Drivers/STM32L4xx_HAL_Driver/Src/stm32l4xx_hal_rcc_ex.c ****     {
3417:Drivers/STM32L4xx_HAL_Driver/Src/stm32l4xx_hal_rcc_ex.c ****       if(HAL_IS_BIT_SET(RCC->CR, RCC_CR_PLLRDY) && (__HAL_RCC_GET_PLLCLKOUT_CONFIG(RCC_PLL_SAI2CLK)
3418:Drivers/STM32L4xx_HAL_Driver/Src/stm32l4xx_hal_rcc_ex.c ****       {
3419:Drivers/STM32L4xx_HAL_Driver/Src/stm32l4xx_hal_rcc_ex.c ****         /* f(PLL Source) / PLLM */
3420:Drivers/STM32L4xx_HAL_Driver/Src/stm32l4xx_hal_rcc_ex.c ****         pllvco = (pllvco / ((READ_BIT(RCC->PLLCFGR, RCC_PLLCFGR_PLLM) >> RCC_PLLCFGR_PLLM_Pos) + 1U
ARM GAS  /tmp/ccFN0S9l.s 			page 62


3421:Drivers/STM32L4xx_HAL_Driver/Src/stm32l4xx_hal_rcc_ex.c ****         /* f(PLLSAI2CLK) = f(VCO input) * PLLN / PLLP */
3422:Drivers/STM32L4xx_HAL_Driver/Src/stm32l4xx_hal_rcc_ex.c ****         plln = READ_BIT(RCC->PLLCFGR, RCC_PLLCFGR_PLLN) >> RCC_PLLCFGR_PLLN_Pos;
3423:Drivers/STM32L4xx_HAL_Driver/Src/stm32l4xx_hal_rcc_ex.c **** #if defined(RCC_PLLP_DIV_2_31_SUPPORT)
3424:Drivers/STM32L4xx_HAL_Driver/Src/stm32l4xx_hal_rcc_ex.c ****         pllp = READ_BIT(RCC->PLLCFGR, RCC_PLLCFGR_PLLPDIV) >> RCC_PLLCFGR_PLLPDIV_Pos;
3425:Drivers/STM32L4xx_HAL_Driver/Src/stm32l4xx_hal_rcc_ex.c **** #endif
3426:Drivers/STM32L4xx_HAL_Driver/Src/stm32l4xx_hal_rcc_ex.c ****         if(pllp == 0U)
3427:Drivers/STM32L4xx_HAL_Driver/Src/stm32l4xx_hal_rcc_ex.c ****         {
3428:Drivers/STM32L4xx_HAL_Driver/Src/stm32l4xx_hal_rcc_ex.c ****           if(READ_BIT(RCC->PLLCFGR, RCC_PLLCFGR_PLLP) != 0U)
3429:Drivers/STM32L4xx_HAL_Driver/Src/stm32l4xx_hal_rcc_ex.c ****           {
3430:Drivers/STM32L4xx_HAL_Driver/Src/stm32l4xx_hal_rcc_ex.c ****             pllp = 17U;
3431:Drivers/STM32L4xx_HAL_Driver/Src/stm32l4xx_hal_rcc_ex.c ****           }
3432:Drivers/STM32L4xx_HAL_Driver/Src/stm32l4xx_hal_rcc_ex.c ****           else
3433:Drivers/STM32L4xx_HAL_Driver/Src/stm32l4xx_hal_rcc_ex.c ****           {
3434:Drivers/STM32L4xx_HAL_Driver/Src/stm32l4xx_hal_rcc_ex.c ****             pllp = 7U;
3435:Drivers/STM32L4xx_HAL_Driver/Src/stm32l4xx_hal_rcc_ex.c ****           }
3436:Drivers/STM32L4xx_HAL_Driver/Src/stm32l4xx_hal_rcc_ex.c ****         }
3437:Drivers/STM32L4xx_HAL_Driver/Src/stm32l4xx_hal_rcc_ex.c ****         frequency = (pllvco * plln) / pllp;
3438:Drivers/STM32L4xx_HAL_Driver/Src/stm32l4xx_hal_rcc_ex.c ****       }
3439:Drivers/STM32L4xx_HAL_Driver/Src/stm32l4xx_hal_rcc_ex.c ****       else if(HAL_IS_BIT_SET(RCC->CR, RCC_CR_HSIRDY))
3440:Drivers/STM32L4xx_HAL_Driver/Src/stm32l4xx_hal_rcc_ex.c ****       {
3441:Drivers/STM32L4xx_HAL_Driver/Src/stm32l4xx_hal_rcc_ex.c ****         /* HSI automatically selected as clock source if PLLs not enabled */
3442:Drivers/STM32L4xx_HAL_Driver/Src/stm32l4xx_hal_rcc_ex.c ****         frequency = HSI_VALUE;
3443:Drivers/STM32L4xx_HAL_Driver/Src/stm32l4xx_hal_rcc_ex.c ****       }
3444:Drivers/STM32L4xx_HAL_Driver/Src/stm32l4xx_hal_rcc_ex.c ****       else
3445:Drivers/STM32L4xx_HAL_Driver/Src/stm32l4xx_hal_rcc_ex.c ****       {
3446:Drivers/STM32L4xx_HAL_Driver/Src/stm32l4xx_hal_rcc_ex.c ****         /* No clock source, frequency default init at 0 */
3447:Drivers/STM32L4xx_HAL_Driver/Src/stm32l4xx_hal_rcc_ex.c ****       }
3448:Drivers/STM32L4xx_HAL_Driver/Src/stm32l4xx_hal_rcc_ex.c ****     }
3449:Drivers/STM32L4xx_HAL_Driver/Src/stm32l4xx_hal_rcc_ex.c ****     else if(srcclk == RCC_SAI1CLKSOURCE_PLLSAI1)
  57              		.loc 1 3449 10 is_stmt 1 view .LVU12
  58              		.loc 1 3449 12 is_stmt 0 view .LVU13
  59 0010 002B     		cmp	r3, #0
  60 0012 63D1     		bne	.L13
3450:Drivers/STM32L4xx_HAL_Driver/Src/stm32l4xx_hal_rcc_ex.c ****     {
3451:Drivers/STM32L4xx_HAL_Driver/Src/stm32l4xx_hal_rcc_ex.c ****       if(HAL_IS_BIT_SET(RCC->CR, RCC_CR_PLLSAI1RDY) && (__HAL_RCC_GET_PLLSAI1CLKOUT_CONFIG(RCC_PLLS
  61              		.loc 1 3451 7 is_stmt 1 view .LVU14
  62              		.loc 1 3451 10 is_stmt 0 view .LVU15
  63 0014 03F18043 		add	r3, r3, #1073741824
  64 0018 03F50433 		add	r3, r3, #135168
  65 001c 1B68     		ldr	r3, [r3]
  66              		.loc 1 3451 9 view .LVU16
  67 001e 13F0006F 		tst	r3, #134217728
  68 0022 54D0     		beq	.L7
  69              		.loc 1 3451 57 discriminator 1 view .LVU17
  70 0024 2F4B     		ldr	r3, .L21
  71 0026 1B69     		ldr	r3, [r3, #16]
  72              		.loc 1 3451 53 discriminator 1 view .LVU18
  73 0028 13F4803F 		tst	r3, #65536
  74 002c 4FD0     		beq	.L7
3452:Drivers/STM32L4xx_HAL_Driver/Src/stm32l4xx_hal_rcc_ex.c ****       {
3453:Drivers/STM32L4xx_HAL_Driver/Src/stm32l4xx_hal_rcc_ex.c **** #if defined(RCC_PLLSAI1M_DIV_1_16_SUPPORT)
3454:Drivers/STM32L4xx_HAL_Driver/Src/stm32l4xx_hal_rcc_ex.c ****         /* PLLSAI1M exists: apply PLLSAI1M divider for PLLSAI1 output computation */
3455:Drivers/STM32L4xx_HAL_Driver/Src/stm32l4xx_hal_rcc_ex.c ****         /* f(PLLSAI1 Source) / PLLSAI1M */
3456:Drivers/STM32L4xx_HAL_Driver/Src/stm32l4xx_hal_rcc_ex.c ****         pllvco = (pllvco / ((READ_BIT(RCC->PLLSAI1CFGR, RCC_PLLSAI1CFGR_PLLSAI1M) >> RCC_PLLSAI1CFG
3457:Drivers/STM32L4xx_HAL_Driver/Src/stm32l4xx_hal_rcc_ex.c **** #else
3458:Drivers/STM32L4xx_HAL_Driver/Src/stm32l4xx_hal_rcc_ex.c ****         /* f(PLL Source) / PLLM */
3459:Drivers/STM32L4xx_HAL_Driver/Src/stm32l4xx_hal_rcc_ex.c ****         pllvco = (pllvco / ((READ_BIT(RCC->PLLCFGR, RCC_PLLCFGR_PLLM) >> RCC_PLLCFGR_PLLM_Pos) + 1U
ARM GAS  /tmp/ccFN0S9l.s 			page 63


  75              		.loc 1 3459 9 is_stmt 1 view .LVU19
  76              		.loc 1 3459 30 is_stmt 0 view .LVU20
  77 002e 2D4C     		ldr	r4, .L21
  78 0030 E368     		ldr	r3, [r4, #12]
  79              		.loc 1 3459 71 view .LVU21
  80 0032 C3F30213 		ubfx	r3, r3, #4, #3
  81              		.loc 1 3459 96 view .LVU22
  82 0036 0133     		adds	r3, r3, #1
  83              		.loc 1 3459 16 view .LVU23
  84 0038 B1FBF3F0 		udiv	r0, r1, r3
  85              	.LVL3:
3460:Drivers/STM32L4xx_HAL_Driver/Src/stm32l4xx_hal_rcc_ex.c **** #endif
3461:Drivers/STM32L4xx_HAL_Driver/Src/stm32l4xx_hal_rcc_ex.c ****         /* f(PLLSAI1CLK) = f(VCOSAI1 input) * PLLSAI1N / PLLSAI1P */
3462:Drivers/STM32L4xx_HAL_Driver/Src/stm32l4xx_hal_rcc_ex.c ****         plln = READ_BIT(RCC->PLLSAI1CFGR, RCC_PLLSAI1CFGR_PLLSAI1N) >> RCC_PLLSAI1CFGR_PLLSAI1N_Pos
  86              		.loc 1 3462 9 is_stmt 1 view .LVU24
  87              		.loc 1 3462 16 is_stmt 0 view .LVU25
  88 003c 2269     		ldr	r2, [r4, #16]
  89              		.loc 1 3462 14 view .LVU26
  90 003e C2F30622 		ubfx	r2, r2, #8, #7
  91              	.LVL4:
3463:Drivers/STM32L4xx_HAL_Driver/Src/stm32l4xx_hal_rcc_ex.c **** #if defined(RCC_PLLSAI1P_DIV_2_31_SUPPORT)
3464:Drivers/STM32L4xx_HAL_Driver/Src/stm32l4xx_hal_rcc_ex.c ****         pllp = READ_BIT(RCC->PLLSAI1CFGR, RCC_PLLSAI1CFGR_PLLSAI1PDIV) >> RCC_PLLSAI1CFGR_PLLSAI1PD
  92              		.loc 1 3464 9 is_stmt 1 view .LVU27
  93              		.loc 1 3464 16 is_stmt 0 view .LVU28
  94 0042 2369     		ldr	r3, [r4, #16]
  95              	.LVL5:
3465:Drivers/STM32L4xx_HAL_Driver/Src/stm32l4xx_hal_rcc_ex.c **** #endif
3466:Drivers/STM32L4xx_HAL_Driver/Src/stm32l4xx_hal_rcc_ex.c ****         if(pllp == 0U)
  96              		.loc 1 3466 9 is_stmt 1 view .LVU29
  97              		.loc 1 3466 11 is_stmt 0 view .LVU30
  98 0044 DB0E     		lsrs	r3, r3, #27
  99              	.LVL6:
 100              		.loc 1 3466 11 view .LVU31
 101 0046 04D1     		bne	.L8
3467:Drivers/STM32L4xx_HAL_Driver/Src/stm32l4xx_hal_rcc_ex.c ****         {
3468:Drivers/STM32L4xx_HAL_Driver/Src/stm32l4xx_hal_rcc_ex.c ****           if(READ_BIT(RCC->PLLSAI1CFGR, RCC_PLLSAI1CFGR_PLLSAI1P) != 0U)
 102              		.loc 1 3468 11 is_stmt 1 view .LVU32
 103              		.loc 1 3468 14 is_stmt 0 view .LVU33
 104 0048 2369     		ldr	r3, [r4, #16]
 105              	.LVL7:
 106              		.loc 1 3468 13 view .LVU34
 107 004a 13F4003F 		tst	r3, #131072
 108 004e 3CD0     		beq	.L14
3469:Drivers/STM32L4xx_HAL_Driver/Src/stm32l4xx_hal_rcc_ex.c ****           {
3470:Drivers/STM32L4xx_HAL_Driver/Src/stm32l4xx_hal_rcc_ex.c ****             pllp = 17U;
 109              		.loc 1 3470 18 view .LVU35
 110 0050 1123     		movs	r3, #17
 111              	.L8:
 112              	.LVL8:
3471:Drivers/STM32L4xx_HAL_Driver/Src/stm32l4xx_hal_rcc_ex.c ****           }
3472:Drivers/STM32L4xx_HAL_Driver/Src/stm32l4xx_hal_rcc_ex.c ****           else
3473:Drivers/STM32L4xx_HAL_Driver/Src/stm32l4xx_hal_rcc_ex.c ****           {
3474:Drivers/STM32L4xx_HAL_Driver/Src/stm32l4xx_hal_rcc_ex.c ****             pllp = 7U;
3475:Drivers/STM32L4xx_HAL_Driver/Src/stm32l4xx_hal_rcc_ex.c ****           }
3476:Drivers/STM32L4xx_HAL_Driver/Src/stm32l4xx_hal_rcc_ex.c ****         }
3477:Drivers/STM32L4xx_HAL_Driver/Src/stm32l4xx_hal_rcc_ex.c ****         frequency = (pllvco * plln) / pllp;
 113              		.loc 1 3477 9 is_stmt 1 view .LVU36
ARM GAS  /tmp/ccFN0S9l.s 			page 64


 114              		.loc 1 3477 29 is_stmt 0 view .LVU37
 115 0052 02FB00F0 		mul	r0, r2, r0
 116              	.LVL9:
 117              		.loc 1 3477 19 view .LVU38
 118 0056 B0FBF3F0 		udiv	r0, r0, r3
 119              	.LVL10:
 120              		.loc 1 3477 19 view .LVU39
 121 005a 40E0     		b	.L1
 122              	.LVL11:
 123              	.L19:
 124              	.LCFI1:
 125              		.cfi_def_cfa_offset 0
 126              		.cfi_restore 4
3321:Drivers/STM32L4xx_HAL_Driver/Src/stm32l4xx_hal_rcc_ex.c ****     if(srcclk == RCC_SAI1CLKSOURCE_PIN)
 127              		.loc 1 3321 5 is_stmt 1 view .LVU40
3321:Drivers/STM32L4xx_HAL_Driver/Src/stm32l4xx_hal_rcc_ex.c ****     if(srcclk == RCC_SAI1CLKSOURCE_PIN)
 128              		.loc 1 3321 14 is_stmt 0 view .LVU41
 129 005c 214B     		ldr	r3, .L21
 130 005e D3F88830 		ldr	r3, [r3, #136]
3321:Drivers/STM32L4xx_HAL_Driver/Src/stm32l4xx_hal_rcc_ex.c ****     if(srcclk == RCC_SAI1CLKSOURCE_PIN)
 131              		.loc 1 3321 12 view .LVU42
 132 0062 03F44003 		and	r3, r3, #12582912
 133              	.LVL12:
3322:Drivers/STM32L4xx_HAL_Driver/Src/stm32l4xx_hal_rcc_ex.c ****     {
 134              		.loc 1 3322 5 is_stmt 1 view .LVU43
3322:Drivers/STM32L4xx_HAL_Driver/Src/stm32l4xx_hal_rcc_ex.c ****     {
 135              		.loc 1 3322 7 is_stmt 0 view .LVU44
 136 0066 B3F5400F 		cmp	r3, #12582912
 137 006a CDD1     		bne	.L2
3324:Drivers/STM32L4xx_HAL_Driver/Src/stm32l4xx_hal_rcc_ex.c ****     }
 138              		.loc 1 3324 17 view .LVU45
 139 006c 1E48     		ldr	r0, .L21+4
 140              	.LVL13:
3478:Drivers/STM32L4xx_HAL_Driver/Src/stm32l4xx_hal_rcc_ex.c ****       }
3479:Drivers/STM32L4xx_HAL_Driver/Src/stm32l4xx_hal_rcc_ex.c ****       else if(HAL_IS_BIT_SET(RCC->CR, RCC_CR_HSIRDY))
3480:Drivers/STM32L4xx_HAL_Driver/Src/stm32l4xx_hal_rcc_ex.c ****       {
3481:Drivers/STM32L4xx_HAL_Driver/Src/stm32l4xx_hal_rcc_ex.c ****         /* HSI automatically selected as clock source if PLLs not enabled */
3482:Drivers/STM32L4xx_HAL_Driver/Src/stm32l4xx_hal_rcc_ex.c ****         frequency = HSI_VALUE;
3483:Drivers/STM32L4xx_HAL_Driver/Src/stm32l4xx_hal_rcc_ex.c ****       }
3484:Drivers/STM32L4xx_HAL_Driver/Src/stm32l4xx_hal_rcc_ex.c ****       else
3485:Drivers/STM32L4xx_HAL_Driver/Src/stm32l4xx_hal_rcc_ex.c ****       {
3486:Drivers/STM32L4xx_HAL_Driver/Src/stm32l4xx_hal_rcc_ex.c ****         /* No clock source, frequency default init at 0 */
3487:Drivers/STM32L4xx_HAL_Driver/Src/stm32l4xx_hal_rcc_ex.c ****       }
3488:Drivers/STM32L4xx_HAL_Driver/Src/stm32l4xx_hal_rcc_ex.c ****     }
3489:Drivers/STM32L4xx_HAL_Driver/Src/stm32l4xx_hal_rcc_ex.c **** #endif /* SAI2 */
3490:Drivers/STM32L4xx_HAL_Driver/Src/stm32l4xx_hal_rcc_ex.c **** 
3491:Drivers/STM32L4xx_HAL_Driver/Src/stm32l4xx_hal_rcc_ex.c **** #if defined(RCC_PLLSAI2_SUPPORT)
3492:Drivers/STM32L4xx_HAL_Driver/Src/stm32l4xx_hal_rcc_ex.c **** 
3493:Drivers/STM32L4xx_HAL_Driver/Src/stm32l4xx_hal_rcc_ex.c ****     else if((srcclk == RCC_SAI1CLKSOURCE_PLLSAI2) || (srcclk == RCC_SAI2CLKSOURCE_PLLSAI2))
3494:Drivers/STM32L4xx_HAL_Driver/Src/stm32l4xx_hal_rcc_ex.c ****     {
3495:Drivers/STM32L4xx_HAL_Driver/Src/stm32l4xx_hal_rcc_ex.c ****       if(HAL_IS_BIT_SET(RCC->CR, RCC_CR_PLLSAI2RDY) && (__HAL_RCC_GET_PLLSAI2CLKOUT_CONFIG(RCC_PLLS
3496:Drivers/STM32L4xx_HAL_Driver/Src/stm32l4xx_hal_rcc_ex.c ****       {
3497:Drivers/STM32L4xx_HAL_Driver/Src/stm32l4xx_hal_rcc_ex.c **** #if defined(RCC_PLLSAI2M_DIV_1_16_SUPPORT)
3498:Drivers/STM32L4xx_HAL_Driver/Src/stm32l4xx_hal_rcc_ex.c ****         /* PLLSAI2M exists: apply PLLSAI2M divider for PLLSAI2 output computation */
3499:Drivers/STM32L4xx_HAL_Driver/Src/stm32l4xx_hal_rcc_ex.c ****         /* f(PLLSAI2 Source) / PLLSAI2M */
3500:Drivers/STM32L4xx_HAL_Driver/Src/stm32l4xx_hal_rcc_ex.c ****         pllvco = (pllvco / ((READ_BIT(RCC->PLLSAI2CFGR, RCC_PLLSAI2CFGR_PLLSAI2M) >> RCC_PLLSAI2CFG
3501:Drivers/STM32L4xx_HAL_Driver/Src/stm32l4xx_hal_rcc_ex.c **** #else
ARM GAS  /tmp/ccFN0S9l.s 			page 65


3502:Drivers/STM32L4xx_HAL_Driver/Src/stm32l4xx_hal_rcc_ex.c ****         /* f(PLL Source) / PLLM */
3503:Drivers/STM32L4xx_HAL_Driver/Src/stm32l4xx_hal_rcc_ex.c ****         pllvco = (pllvco / ((READ_BIT(RCC->PLLCFGR, RCC_PLLCFGR_PLLM) >> RCC_PLLCFGR_PLLM_Pos) + 1U
3504:Drivers/STM32L4xx_HAL_Driver/Src/stm32l4xx_hal_rcc_ex.c **** #endif
3505:Drivers/STM32L4xx_HAL_Driver/Src/stm32l4xx_hal_rcc_ex.c ****         /* f(PLLSAI2CLK) = f(VCOSAI2 input) * PLLSAI2N / PLLSAI2P */
3506:Drivers/STM32L4xx_HAL_Driver/Src/stm32l4xx_hal_rcc_ex.c ****         plln = READ_BIT(RCC->PLLSAI2CFGR, RCC_PLLSAI2CFGR_PLLSAI2N) >> RCC_PLLSAI2CFGR_PLLSAI2N_Pos
3507:Drivers/STM32L4xx_HAL_Driver/Src/stm32l4xx_hal_rcc_ex.c **** #if defined(RCC_PLLSAI2P_DIV_2_31_SUPPORT)
3508:Drivers/STM32L4xx_HAL_Driver/Src/stm32l4xx_hal_rcc_ex.c ****         pllp = READ_BIT(RCC->PLLSAI2CFGR, RCC_PLLSAI2CFGR_PLLSAI2PDIV) >> RCC_PLLSAI2CFGR_PLLSAI2PD
3509:Drivers/STM32L4xx_HAL_Driver/Src/stm32l4xx_hal_rcc_ex.c **** #endif
3510:Drivers/STM32L4xx_HAL_Driver/Src/stm32l4xx_hal_rcc_ex.c ****         if(pllp == 0U)
3511:Drivers/STM32L4xx_HAL_Driver/Src/stm32l4xx_hal_rcc_ex.c ****         {
3512:Drivers/STM32L4xx_HAL_Driver/Src/stm32l4xx_hal_rcc_ex.c ****           if(READ_BIT(RCC->PLLSAI2CFGR, RCC_PLLSAI2CFGR_PLLSAI2P) != 0U)
3513:Drivers/STM32L4xx_HAL_Driver/Src/stm32l4xx_hal_rcc_ex.c ****           {
3514:Drivers/STM32L4xx_HAL_Driver/Src/stm32l4xx_hal_rcc_ex.c ****             pllp = 17U;
3515:Drivers/STM32L4xx_HAL_Driver/Src/stm32l4xx_hal_rcc_ex.c ****           }
3516:Drivers/STM32L4xx_HAL_Driver/Src/stm32l4xx_hal_rcc_ex.c ****           else
3517:Drivers/STM32L4xx_HAL_Driver/Src/stm32l4xx_hal_rcc_ex.c ****           {
3518:Drivers/STM32L4xx_HAL_Driver/Src/stm32l4xx_hal_rcc_ex.c ****             pllp = 7U;
3519:Drivers/STM32L4xx_HAL_Driver/Src/stm32l4xx_hal_rcc_ex.c ****           }
3520:Drivers/STM32L4xx_HAL_Driver/Src/stm32l4xx_hal_rcc_ex.c ****         }
3521:Drivers/STM32L4xx_HAL_Driver/Src/stm32l4xx_hal_rcc_ex.c ****         frequency = (pllvco * plln) / pllp;
3522:Drivers/STM32L4xx_HAL_Driver/Src/stm32l4xx_hal_rcc_ex.c ****       }
3523:Drivers/STM32L4xx_HAL_Driver/Src/stm32l4xx_hal_rcc_ex.c ****     }
3524:Drivers/STM32L4xx_HAL_Driver/Src/stm32l4xx_hal_rcc_ex.c **** 
3525:Drivers/STM32L4xx_HAL_Driver/Src/stm32l4xx_hal_rcc_ex.c **** #endif /* RCC_PLLSAI2_SUPPORT */
3526:Drivers/STM32L4xx_HAL_Driver/Src/stm32l4xx_hal_rcc_ex.c **** 
3527:Drivers/STM32L4xx_HAL_Driver/Src/stm32l4xx_hal_rcc_ex.c ****     else
3528:Drivers/STM32L4xx_HAL_Driver/Src/stm32l4xx_hal_rcc_ex.c ****     {
3529:Drivers/STM32L4xx_HAL_Driver/Src/stm32l4xx_hal_rcc_ex.c ****       /* No clock source, frequency default init at 0 */
3530:Drivers/STM32L4xx_HAL_Driver/Src/stm32l4xx_hal_rcc_ex.c ****     }
3531:Drivers/STM32L4xx_HAL_Driver/Src/stm32l4xx_hal_rcc_ex.c ****   }
3532:Drivers/STM32L4xx_HAL_Driver/Src/stm32l4xx_hal_rcc_ex.c **** 
3533:Drivers/STM32L4xx_HAL_Driver/Src/stm32l4xx_hal_rcc_ex.c **** 
3534:Drivers/STM32L4xx_HAL_Driver/Src/stm32l4xx_hal_rcc_ex.c ****   return frequency;
3535:Drivers/STM32L4xx_HAL_Driver/Src/stm32l4xx_hal_rcc_ex.c **** }
 141              		.loc 1 3535 1 view .LVU46
 142 006e 7047     		bx	lr
 143              	.LVL14:
 144              	.L20:
 145              	.LCFI2:
 146              		.cfi_def_cfa_offset 4
 147              		.cfi_offset 4, -4
3417:Drivers/STM32L4xx_HAL_Driver/Src/stm32l4xx_hal_rcc_ex.c ****       {
 148              		.loc 1 3417 7 is_stmt 1 view .LVU47
3417:Drivers/STM32L4xx_HAL_Driver/Src/stm32l4xx_hal_rcc_ex.c ****       {
 149              		.loc 1 3417 10 is_stmt 0 view .LVU48
 150 0070 03F17E53 		add	r3, r3, #1065353216
 151 0074 03F50433 		add	r3, r3, #135168
 152 0078 1B68     		ldr	r3, [r3]
3417:Drivers/STM32L4xx_HAL_Driver/Src/stm32l4xx_hal_rcc_ex.c ****       {
 153              		.loc 1 3417 9 view .LVU49
 154 007a 13F0007F 		tst	r3, #33554432
 155 007e 1DD0     		beq	.L5
3417:Drivers/STM32L4xx_HAL_Driver/Src/stm32l4xx_hal_rcc_ex.c ****       {
 156              		.loc 1 3417 53 discriminator 1 view .LVU50
 157 0080 184B     		ldr	r3, .L21
 158 0082 DB68     		ldr	r3, [r3, #12]
3417:Drivers/STM32L4xx_HAL_Driver/Src/stm32l4xx_hal_rcc_ex.c ****       {
ARM GAS  /tmp/ccFN0S9l.s 			page 66


 159              		.loc 1 3417 49 discriminator 1 view .LVU51
 160 0084 13F4803F 		tst	r3, #65536
 161 0088 18D0     		beq	.L5
3420:Drivers/STM32L4xx_HAL_Driver/Src/stm32l4xx_hal_rcc_ex.c ****         /* f(PLLSAI2CLK) = f(VCO input) * PLLN / PLLP */
 162              		.loc 1 3420 9 is_stmt 1 view .LVU52
3420:Drivers/STM32L4xx_HAL_Driver/Src/stm32l4xx_hal_rcc_ex.c ****         /* f(PLLSAI2CLK) = f(VCO input) * PLLN / PLLP */
 163              		.loc 1 3420 30 is_stmt 0 view .LVU53
 164 008a 164C     		ldr	r4, .L21
 165 008c E368     		ldr	r3, [r4, #12]
3420:Drivers/STM32L4xx_HAL_Driver/Src/stm32l4xx_hal_rcc_ex.c ****         /* f(PLLSAI2CLK) = f(VCO input) * PLLN / PLLP */
 166              		.loc 1 3420 71 view .LVU54
 167 008e C3F30213 		ubfx	r3, r3, #4, #3
3420:Drivers/STM32L4xx_HAL_Driver/Src/stm32l4xx_hal_rcc_ex.c ****         /* f(PLLSAI2CLK) = f(VCO input) * PLLN / PLLP */
 168              		.loc 1 3420 96 view .LVU55
 169 0092 0133     		adds	r3, r3, #1
3420:Drivers/STM32L4xx_HAL_Driver/Src/stm32l4xx_hal_rcc_ex.c ****         /* f(PLLSAI2CLK) = f(VCO input) * PLLN / PLLP */
 170              		.loc 1 3420 16 view .LVU56
 171 0094 B1FBF3F0 		udiv	r0, r1, r3
 172              	.LVL15:
3422:Drivers/STM32L4xx_HAL_Driver/Src/stm32l4xx_hal_rcc_ex.c **** #if defined(RCC_PLLP_DIV_2_31_SUPPORT)
 173              		.loc 1 3422 9 is_stmt 1 view .LVU57
3422:Drivers/STM32L4xx_HAL_Driver/Src/stm32l4xx_hal_rcc_ex.c **** #if defined(RCC_PLLP_DIV_2_31_SUPPORT)
 174              		.loc 1 3422 16 is_stmt 0 view .LVU58
 175 0098 E268     		ldr	r2, [r4, #12]
3422:Drivers/STM32L4xx_HAL_Driver/Src/stm32l4xx_hal_rcc_ex.c **** #if defined(RCC_PLLP_DIV_2_31_SUPPORT)
 176              		.loc 1 3422 14 view .LVU59
 177 009a C2F30622 		ubfx	r2, r2, #8, #7
 178              	.LVL16:
3424:Drivers/STM32L4xx_HAL_Driver/Src/stm32l4xx_hal_rcc_ex.c **** #endif
 179              		.loc 1 3424 9 is_stmt 1 view .LVU60
3424:Drivers/STM32L4xx_HAL_Driver/Src/stm32l4xx_hal_rcc_ex.c **** #endif
 180              		.loc 1 3424 16 is_stmt 0 view .LVU61
 181 009e E368     		ldr	r3, [r4, #12]
 182              	.LVL17:
3426:Drivers/STM32L4xx_HAL_Driver/Src/stm32l4xx_hal_rcc_ex.c ****         {
 183              		.loc 1 3426 9 is_stmt 1 view .LVU62
3426:Drivers/STM32L4xx_HAL_Driver/Src/stm32l4xx_hal_rcc_ex.c ****         {
 184              		.loc 1 3426 11 is_stmt 0 view .LVU63
 185 00a0 DB0E     		lsrs	r3, r3, #27
 186              	.LVL18:
3426:Drivers/STM32L4xx_HAL_Driver/Src/stm32l4xx_hal_rcc_ex.c ****         {
 187              		.loc 1 3426 11 view .LVU64
 188 00a2 04D1     		bne	.L6
3428:Drivers/STM32L4xx_HAL_Driver/Src/stm32l4xx_hal_rcc_ex.c ****           {
 189              		.loc 1 3428 11 is_stmt 1 view .LVU65
3428:Drivers/STM32L4xx_HAL_Driver/Src/stm32l4xx_hal_rcc_ex.c ****           {
 190              		.loc 1 3428 14 is_stmt 0 view .LVU66
 191 00a4 E368     		ldr	r3, [r4, #12]
 192              	.LVL19:
3428:Drivers/STM32L4xx_HAL_Driver/Src/stm32l4xx_hal_rcc_ex.c ****           {
 193              		.loc 1 3428 13 view .LVU67
 194 00a6 13F4003F 		tst	r3, #131072
 195 00aa 05D0     		beq	.L11
3430:Drivers/STM32L4xx_HAL_Driver/Src/stm32l4xx_hal_rcc_ex.c ****           }
 196              		.loc 1 3430 18 view .LVU68
 197 00ac 1123     		movs	r3, #17
 198              	.L6:
ARM GAS  /tmp/ccFN0S9l.s 			page 67


 199              	.LVL20:
3437:Drivers/STM32L4xx_HAL_Driver/Src/stm32l4xx_hal_rcc_ex.c ****       }
 200              		.loc 1 3437 9 is_stmt 1 view .LVU69
3437:Drivers/STM32L4xx_HAL_Driver/Src/stm32l4xx_hal_rcc_ex.c ****       }
 201              		.loc 1 3437 29 is_stmt 0 view .LVU70
 202 00ae 02FB00F0 		mul	r0, r2, r0
 203              	.LVL21:
3437:Drivers/STM32L4xx_HAL_Driver/Src/stm32l4xx_hal_rcc_ex.c ****       }
 204              		.loc 1 3437 19 view .LVU71
 205 00b2 B0FBF3F0 		udiv	r0, r0, r3
 206              	.LVL22:
3437:Drivers/STM32L4xx_HAL_Driver/Src/stm32l4xx_hal_rcc_ex.c ****       }
 207              		.loc 1 3437 19 view .LVU72
 208 00b6 12E0     		b	.L1
 209              	.LVL23:
 210              	.L11:
3434:Drivers/STM32L4xx_HAL_Driver/Src/stm32l4xx_hal_rcc_ex.c ****           }
 211              		.loc 1 3434 18 view .LVU73
 212 00b8 0723     		movs	r3, #7
 213 00ba F8E7     		b	.L6
 214              	.LVL24:
 215              	.L5:
3439:Drivers/STM32L4xx_HAL_Driver/Src/stm32l4xx_hal_rcc_ex.c ****       {
 216              		.loc 1 3439 12 is_stmt 1 view .LVU74
3439:Drivers/STM32L4xx_HAL_Driver/Src/stm32l4xx_hal_rcc_ex.c ****       {
 217              		.loc 1 3439 15 is_stmt 0 view .LVU75
 218 00bc 094B     		ldr	r3, .L21
 219 00be 1868     		ldr	r0, [r3]
 220              	.LVL25:
3439:Drivers/STM32L4xx_HAL_Driver/Src/stm32l4xx_hal_rcc_ex.c ****       {
 221              		.loc 1 3439 14 view .LVU76
 222 00c0 10F48060 		ands	r0, r0, #1024
 223 00c4 0BD0     		beq	.L1
3442:Drivers/STM32L4xx_HAL_Driver/Src/stm32l4xx_hal_rcc_ex.c ****       }
 224              		.loc 1 3442 19 view .LVU77
 225 00c6 0948     		ldr	r0, .L21+8
 226 00c8 09E0     		b	.L1
 227              	.LVL26:
 228              	.L14:
3474:Drivers/STM32L4xx_HAL_Driver/Src/stm32l4xx_hal_rcc_ex.c ****           }
 229              		.loc 1 3474 18 view .LVU78
 230 00ca 0723     		movs	r3, #7
 231 00cc C1E7     		b	.L8
 232              	.LVL27:
 233              	.L7:
3479:Drivers/STM32L4xx_HAL_Driver/Src/stm32l4xx_hal_rcc_ex.c ****       {
 234              		.loc 1 3479 12 is_stmt 1 view .LVU79
3479:Drivers/STM32L4xx_HAL_Driver/Src/stm32l4xx_hal_rcc_ex.c ****       {
 235              		.loc 1 3479 15 is_stmt 0 view .LVU80
 236 00ce 054B     		ldr	r3, .L21
 237 00d0 1868     		ldr	r0, [r3]
 238              	.LVL28:
3479:Drivers/STM32L4xx_HAL_Driver/Src/stm32l4xx_hal_rcc_ex.c ****       {
 239              		.loc 1 3479 14 view .LVU81
 240 00d2 10F48060 		ands	r0, r0, #1024
 241 00d6 02D0     		beq	.L1
3482:Drivers/STM32L4xx_HAL_Driver/Src/stm32l4xx_hal_rcc_ex.c ****       }
ARM GAS  /tmp/ccFN0S9l.s 			page 68


 242              		.loc 1 3482 19 view .LVU82
 243 00d8 0448     		ldr	r0, .L21+8
 244              	.LVL29:
3530:Drivers/STM32L4xx_HAL_Driver/Src/stm32l4xx_hal_rcc_ex.c ****   }
 245              		.loc 1 3530 5 is_stmt 1 view .LVU83
3534:Drivers/STM32L4xx_HAL_Driver/Src/stm32l4xx_hal_rcc_ex.c **** }
 246              		.loc 1 3534 3 view .LVU84
3534:Drivers/STM32L4xx_HAL_Driver/Src/stm32l4xx_hal_rcc_ex.c **** }
 247              		.loc 1 3534 10 is_stmt 0 view .LVU85
 248 00da 00E0     		b	.L1
 249              	.LVL30:
 250              	.L13:
3534:Drivers/STM32L4xx_HAL_Driver/Src/stm32l4xx_hal_rcc_ex.c **** }
 251              		.loc 1 3534 10 view .LVU86
 252 00dc 0020     		movs	r0, #0
 253              	.LVL31:
 254              	.L1:
 255              		.loc 1 3535 1 view .LVU87
 256 00de 5DF8044B 		ldr	r4, [sp], #4
 257              	.LCFI3:
 258              		.cfi_restore 4
 259              		.cfi_def_cfa_offset 0
 260 00e2 7047     		bx	lr
 261              	.L22:
 262              		.align	2
 263              	.L21:
 264 00e4 00100240 		.word	1073876992
 265 00e8 68FF1F00 		.word	2097000
 266 00ec 0024F400 		.word	16000000
 267              		.cfi_endproc
 268              	.LFE410:
 270              		.section	.text.RCCEx_PLLSAI1_Config,"ax",%progbits
 271              		.align	1
 272              		.syntax unified
 273              		.thumb
 274              		.thumb_func
 276              	RCCEx_PLLSAI1_Config:
 277              	.LVL32:
 278              	.LFB409:
2908:Drivers/STM32L4xx_HAL_Driver/Src/stm32l4xx_hal_rcc_ex.c ****   uint32_t tickstart;
 279              		.loc 1 2908 1 is_stmt 1 view -0
 280              		.cfi_startproc
 281              		@ args = 0, pretend = 0, frame = 0
 282              		@ frame_needed = 0, uses_anonymous_args = 0
2908:Drivers/STM32L4xx_HAL_Driver/Src/stm32l4xx_hal_rcc_ex.c ****   uint32_t tickstart;
 283              		.loc 1 2908 1 is_stmt 0 view .LVU89
 284 0000 F8B5     		push	{r3, r4, r5, r6, r7, lr}
 285              	.LCFI4:
 286              		.cfi_def_cfa_offset 24
 287              		.cfi_offset 3, -24
 288              		.cfi_offset 4, -20
 289              		.cfi_offset 5, -16
 290              		.cfi_offset 6, -12
 291              		.cfi_offset 7, -8
 292              		.cfi_offset 14, -4
 293 0002 0446     		mov	r4, r0
 294 0004 0D46     		mov	r5, r1
ARM GAS  /tmp/ccFN0S9l.s 			page 69


2909:Drivers/STM32L4xx_HAL_Driver/Src/stm32l4xx_hal_rcc_ex.c ****   HAL_StatusTypeDef status = HAL_OK;
 295              		.loc 1 2909 3 is_stmt 1 view .LVU90
2910:Drivers/STM32L4xx_HAL_Driver/Src/stm32l4xx_hal_rcc_ex.c **** 
 296              		.loc 1 2910 3 view .LVU91
 297              	.LVL33:
2914:Drivers/STM32L4xx_HAL_Driver/Src/stm32l4xx_hal_rcc_ex.c ****   assert_param(IS_RCC_PLLSAI1M_VALUE(PllSai1->PLLSAI1M));
 298              		.loc 1 2914 3 view .LVU92
2915:Drivers/STM32L4xx_HAL_Driver/Src/stm32l4xx_hal_rcc_ex.c ****   assert_param(IS_RCC_PLLSAI1N_VALUE(PllSai1->PLLSAI1N));
 299              		.loc 1 2915 3 view .LVU93
2916:Drivers/STM32L4xx_HAL_Driver/Src/stm32l4xx_hal_rcc_ex.c ****   assert_param(IS_RCC_PLLSAI1CLOCKOUT_VALUE(PllSai1->PLLSAI1ClockOut));
 300              		.loc 1 2916 3 view .LVU94
2917:Drivers/STM32L4xx_HAL_Driver/Src/stm32l4xx_hal_rcc_ex.c **** 
 301              		.loc 1 2917 3 view .LVU95
2920:Drivers/STM32L4xx_HAL_Driver/Src/stm32l4xx_hal_rcc_ex.c ****   {
 302              		.loc 1 2920 3 view .LVU96
2920:Drivers/STM32L4xx_HAL_Driver/Src/stm32l4xx_hal_rcc_ex.c ****   {
 303              		.loc 1 2920 6 is_stmt 0 view .LVU97
 304 0006 594B     		ldr	r3, .L53
 305 0008 DB68     		ldr	r3, [r3, #12]
2920:Drivers/STM32L4xx_HAL_Driver/Src/stm32l4xx_hal_rcc_ex.c ****   {
 306              		.loc 1 2920 5 view .LVU98
 307 000a 13F0030F 		tst	r3, #3
 308 000e 18D0     		beq	.L24
2923:Drivers/STM32L4xx_HAL_Driver/Src/stm32l4xx_hal_rcc_ex.c ****        ||
 309              		.loc 1 2923 5 is_stmt 1 view .LVU99
2923:Drivers/STM32L4xx_HAL_Driver/Src/stm32l4xx_hal_rcc_ex.c ****        ||
 310              		.loc 1 2923 9 is_stmt 0 view .LVU100
 311 0010 564B     		ldr	r3, .L53
 312 0012 DB68     		ldr	r3, [r3, #12]
 313 0014 03F00303 		and	r3, r3, #3
2923:Drivers/STM32L4xx_HAL_Driver/Src/stm32l4xx_hal_rcc_ex.c ****        ||
 314              		.loc 1 2923 49 view .LVU101
 315 0018 0268     		ldr	r2, [r0]
2923:Drivers/STM32L4xx_HAL_Driver/Src/stm32l4xx_hal_rcc_ex.c ****        ||
 316              		.loc 1 2923 7 view .LVU102
 317 001a 9342     		cmp	r3, r2
 318 001c 02D0     		beq	.L50
2932:Drivers/STM32L4xx_HAL_Driver/Src/stm32l4xx_hal_rcc_ex.c ****     }
 319              		.loc 1 2932 14 view .LVU103
 320 001e 0126     		movs	r6, #1
 321              	.LVL34:
 322              	.L25:
3095:Drivers/STM32L4xx_HAL_Driver/Src/stm32l4xx_hal_rcc_ex.c **** }
 323              		.loc 1 3095 3 is_stmt 1 view .LVU104
3096:Drivers/STM32L4xx_HAL_Driver/Src/stm32l4xx_hal_rcc_ex.c **** 
 324              		.loc 1 3096 1 is_stmt 0 view .LVU105
 325 0020 3046     		mov	r0, r6
 326 0022 F8BD     		pop	{r3, r4, r5, r6, r7, pc}
 327              	.LVL35:
 328              	.L50:
2924:Drivers/STM32L4xx_HAL_Driver/Src/stm32l4xx_hal_rcc_ex.c ****        (PllSai1->PLLSAI1Source == RCC_PLLSOURCE_NONE)
 329              		.loc 1 2924 8 view .LVU106
 330 0024 002A     		cmp	r2, #0
 331 0026 00F09C80 		beq	.L41
2928:Drivers/STM32L4xx_HAL_Driver/Src/stm32l4xx_hal_rcc_ex.c **** #endif
 332              		.loc 1 2928 11 view .LVU107
 333 002a 504B     		ldr	r3, .L53
ARM GAS  /tmp/ccFN0S9l.s 			page 70


 334 002c DB68     		ldr	r3, [r3, #12]
2928:Drivers/STM32L4xx_HAL_Driver/Src/stm32l4xx_hal_rcc_ex.c **** #endif
 335              		.loc 1 2928 52 view .LVU108
 336 002e C3F30213 		ubfx	r3, r3, #4, #3
2928:Drivers/STM32L4xx_HAL_Driver/Src/stm32l4xx_hal_rcc_ex.c **** #endif
 337              		.loc 1 2928 77 view .LVU109
 338 0032 0133     		adds	r3, r3, #1
2928:Drivers/STM32L4xx_HAL_Driver/Src/stm32l4xx_hal_rcc_ex.c **** #endif
 339              		.loc 1 2928 93 view .LVU110
 340 0034 4268     		ldr	r2, [r0, #4]
2927:Drivers/STM32L4xx_HAL_Driver/Src/stm32l4xx_hal_rcc_ex.c ****        (((READ_BIT(RCC->PLLCFGR, RCC_PLLCFGR_PLLM) >> RCC_PLLCFGR_PLLM_Pos) + 1U) != PllSai1->PLLSA
 341              		.loc 1 2927 8 view .LVU111
 342 0036 9342     		cmp	r3, r2
 343 0038 01D0     		beq	.L51
2932:Drivers/STM32L4xx_HAL_Driver/Src/stm32l4xx_hal_rcc_ex.c ****     }
 344              		.loc 1 2932 14 view .LVU112
 345 003a 0126     		movs	r6, #1
 346 003c F0E7     		b	.L25
 347              	.L51:
2910:Drivers/STM32L4xx_HAL_Driver/Src/stm32l4xx_hal_rcc_ex.c **** 
 348              		.loc 1 2910 21 view .LVU113
 349 003e 0026     		movs	r6, #0
 350 0040 19E0     		b	.L26
 351              	.L24:
2938:Drivers/STM32L4xx_HAL_Driver/Src/stm32l4xx_hal_rcc_ex.c ****     {
 352              		.loc 1 2938 5 is_stmt 1 view .LVU114
2938:Drivers/STM32L4xx_HAL_Driver/Src/stm32l4xx_hal_rcc_ex.c ****     {
 353              		.loc 1 2938 19 is_stmt 0 view .LVU115
 354 0042 0368     		ldr	r3, [r0]
2938:Drivers/STM32L4xx_HAL_Driver/Src/stm32l4xx_hal_rcc_ex.c ****     {
 355              		.loc 1 2938 5 view .LVU116
 356 0044 022B     		cmp	r3, #2
 357 0046 55D0     		beq	.L27
 358 0048 032B     		cmp	r3, #3
 359 004a 5AD0     		beq	.L28
 360 004c 012B     		cmp	r3, #1
 361 004e 40F08A80 		bne	.L43
2941:Drivers/STM32L4xx_HAL_Driver/Src/stm32l4xx_hal_rcc_ex.c ****       {
 362              		.loc 1 2941 7 is_stmt 1 view .LVU117
2941:Drivers/STM32L4xx_HAL_Driver/Src/stm32l4xx_hal_rcc_ex.c ****       {
 363              		.loc 1 2941 10 is_stmt 0 view .LVU118
 364 0052 464A     		ldr	r2, .L53
 365 0054 1268     		ldr	r2, [r2]
2941:Drivers/STM32L4xx_HAL_Driver/Src/stm32l4xx_hal_rcc_ex.c ****       {
 366              		.loc 1 2941 9 view .LVU119
 367 0056 12F0020F 		tst	r2, #2
 368 005a 5ED0     		beq	.L44
 369              	.L30:
 370              	.LVL36:
2973:Drivers/STM32L4xx_HAL_Driver/Src/stm32l4xx_hal_rcc_ex.c **** #endif
 371              		.loc 1 2973 7 is_stmt 1 view .LVU120
 372 005c 4348     		ldr	r0, .L53
 373              	.LVL37:
2973:Drivers/STM32L4xx_HAL_Driver/Src/stm32l4xx_hal_rcc_ex.c **** #endif
 374              		.loc 1 2973 7 is_stmt 0 view .LVU121
 375 005e C268     		ldr	r2, [r0, #12]
 376 0060 22F07302 		bic	r2, r2, #115
ARM GAS  /tmp/ccFN0S9l.s 			page 71


 377 0064 6168     		ldr	r1, [r4, #4]
 378              	.LVL38:
2973:Drivers/STM32L4xx_HAL_Driver/Src/stm32l4xx_hal_rcc_ex.c **** #endif
 379              		.loc 1 2973 7 view .LVU122
 380 0066 0139     		subs	r1, r1, #1
 381 0068 43EA0113 		orr	r3, r3, r1, lsl #4
 382 006c 1343     		orrs	r3, r3, r2
 383 006e C360     		str	r3, [r0, #12]
 384 0070 0026     		movs	r6, #0
 385              	.L29:
 386              	.LVL39:
2978:Drivers/STM32L4xx_HAL_Driver/Src/stm32l4xx_hal_rcc_ex.c ****   {
 387              		.loc 1 2978 3 is_stmt 1 view .LVU123
2978:Drivers/STM32L4xx_HAL_Driver/Src/stm32l4xx_hal_rcc_ex.c ****   {
 388              		.loc 1 2978 5 is_stmt 0 view .LVU124
 389 0072 002E     		cmp	r6, #0
 390 0074 D4D1     		bne	.L25
 391              	.LVL40:
 392              	.L26:
2981:Drivers/STM32L4xx_HAL_Driver/Src/stm32l4xx_hal_rcc_ex.c **** 
 393              		.loc 1 2981 5 is_stmt 1 view .LVU125
 394 0076 3D4A     		ldr	r2, .L53
 395 0078 1368     		ldr	r3, [r2]
 396 007a 23F08063 		bic	r3, r3, #67108864
 397 007e 1360     		str	r3, [r2]
2984:Drivers/STM32L4xx_HAL_Driver/Src/stm32l4xx_hal_rcc_ex.c **** 
 398              		.loc 1 2984 5 view .LVU126
2984:Drivers/STM32L4xx_HAL_Driver/Src/stm32l4xx_hal_rcc_ex.c **** 
 399              		.loc 1 2984 17 is_stmt 0 view .LVU127
 400 0080 FFF7FEFF 		bl	HAL_GetTick
 401              	.LVL41:
 402 0084 0746     		mov	r7, r0
 403              	.LVL42:
2987:Drivers/STM32L4xx_HAL_Driver/Src/stm32l4xx_hal_rcc_ex.c ****     {
 404              		.loc 1 2987 5 is_stmt 1 view .LVU128
 405              	.L31:
2987:Drivers/STM32L4xx_HAL_Driver/Src/stm32l4xx_hal_rcc_ex.c ****     {
 406              		.loc 1 2987 48 view .LVU129
2987:Drivers/STM32L4xx_HAL_Driver/Src/stm32l4xx_hal_rcc_ex.c ****     {
 407              		.loc 1 2987 11 is_stmt 0 view .LVU130
 408 0086 394B     		ldr	r3, .L53
 409 0088 1B68     		ldr	r3, [r3]
2987:Drivers/STM32L4xx_HAL_Driver/Src/stm32l4xx_hal_rcc_ex.c ****     {
 410              		.loc 1 2987 48 view .LVU131
 411 008a 13F0006F 		tst	r3, #134217728
 412 008e 05D0     		beq	.L32
2989:Drivers/STM32L4xx_HAL_Driver/Src/stm32l4xx_hal_rcc_ex.c ****       {
 413              		.loc 1 2989 7 is_stmt 1 view .LVU132
2989:Drivers/STM32L4xx_HAL_Driver/Src/stm32l4xx_hal_rcc_ex.c ****       {
 414              		.loc 1 2989 11 is_stmt 0 view .LVU133
 415 0090 FFF7FEFF 		bl	HAL_GetTick
 416              	.LVL43:
2989:Drivers/STM32L4xx_HAL_Driver/Src/stm32l4xx_hal_rcc_ex.c ****       {
 417              		.loc 1 2989 25 discriminator 1 view .LVU134
 418 0094 C31B     		subs	r3, r0, r7
2989:Drivers/STM32L4xx_HAL_Driver/Src/stm32l4xx_hal_rcc_ex.c ****       {
 419              		.loc 1 2989 9 discriminator 1 view .LVU135
ARM GAS  /tmp/ccFN0S9l.s 			page 72


 420 0096 022B     		cmp	r3, #2
 421 0098 F5D9     		bls	.L31
2991:Drivers/STM32L4xx_HAL_Driver/Src/stm32l4xx_hal_rcc_ex.c ****         break;
 422              		.loc 1 2991 16 view .LVU136
 423 009a 0326     		movs	r6, #3
 424              	.L32:
 425              	.LVL44:
2996:Drivers/STM32L4xx_HAL_Driver/Src/stm32l4xx_hal_rcc_ex.c ****     {
 426              		.loc 1 2996 5 is_stmt 1 view .LVU137
2996:Drivers/STM32L4xx_HAL_Driver/Src/stm32l4xx_hal_rcc_ex.c ****     {
 427              		.loc 1 2996 7 is_stmt 0 view .LVU138
 428 009c 002E     		cmp	r6, #0
 429 009e BFD1     		bne	.L25
2998:Drivers/STM32L4xx_HAL_Driver/Src/stm32l4xx_hal_rcc_ex.c ****       {
 430              		.loc 1 2998 7 is_stmt 1 view .LVU139
2998:Drivers/STM32L4xx_HAL_Driver/Src/stm32l4xx_hal_rcc_ex.c ****       {
 431              		.loc 1 2998 9 is_stmt 0 view .LVU140
 432 00a0 002D     		cmp	r5, #0
 433 00a2 3CD1     		bne	.L34
3000:Drivers/STM32L4xx_HAL_Driver/Src/stm32l4xx_hal_rcc_ex.c **** #if defined(RCC_PLLSAI1M_DIV_1_16_SUPPORT)
 434              		.loc 1 3000 9 is_stmt 1 view .LVU141
3021:Drivers/STM32L4xx_HAL_Driver/Src/stm32l4xx_hal_rcc_ex.c ****                    RCC_PLLSAI1CFGR_PLLSAI1N | RCC_PLLSAI1CFGR_PLLSAI1PDIV,
 435              		.loc 1 3021 9 view .LVU142
 436 00a4 3149     		ldr	r1, .L53
 437 00a6 0B69     		ldr	r3, [r1, #16]
 438 00a8 23F07843 		bic	r3, r3, #-134217728
 439 00ac 23F4FE43 		bic	r3, r3, #32512
 440 00b0 A068     		ldr	r0, [r4, #8]
 441 00b2 E268     		ldr	r2, [r4, #12]
 442 00b4 D206     		lsls	r2, r2, #27
 443 00b6 42EA0022 		orr	r2, r2, r0, lsl #8
 444 00ba 1343     		orrs	r3, r3, r2
 445 00bc 0B61     		str	r3, [r1, #16]
 446              	.L35:
3072:Drivers/STM32L4xx_HAL_Driver/Src/stm32l4xx_hal_rcc_ex.c **** 
 447              		.loc 1 3072 7 view .LVU143
 448 00be 2B4A     		ldr	r2, .L53
 449 00c0 1368     		ldr	r3, [r2]
 450 00c2 43F08063 		orr	r3, r3, #67108864
 451 00c6 1360     		str	r3, [r2]
3075:Drivers/STM32L4xx_HAL_Driver/Src/stm32l4xx_hal_rcc_ex.c **** 
 452              		.loc 1 3075 7 view .LVU144
3075:Drivers/STM32L4xx_HAL_Driver/Src/stm32l4xx_hal_rcc_ex.c **** 
 453              		.loc 1 3075 19 is_stmt 0 view .LVU145
 454 00c8 FFF7FEFF 		bl	HAL_GetTick
 455              	.LVL45:
 456 00cc 0546     		mov	r5, r0
 457              	.LVL46:
3078:Drivers/STM32L4xx_HAL_Driver/Src/stm32l4xx_hal_rcc_ex.c ****       {
 458              		.loc 1 3078 7 is_stmt 1 view .LVU146
 459              	.L37:
3078:Drivers/STM32L4xx_HAL_Driver/Src/stm32l4xx_hal_rcc_ex.c ****       {
 460              		.loc 1 3078 50 view .LVU147
3078:Drivers/STM32L4xx_HAL_Driver/Src/stm32l4xx_hal_rcc_ex.c ****       {
 461              		.loc 1 3078 13 is_stmt 0 view .LVU148
 462 00ce 274B     		ldr	r3, .L53
 463 00d0 1B68     		ldr	r3, [r3]
ARM GAS  /tmp/ccFN0S9l.s 			page 73


3078:Drivers/STM32L4xx_HAL_Driver/Src/stm32l4xx_hal_rcc_ex.c ****       {
 464              		.loc 1 3078 50 view .LVU149
 465 00d2 13F0006F 		tst	r3, #134217728
 466 00d6 05D1     		bne	.L38
3080:Drivers/STM32L4xx_HAL_Driver/Src/stm32l4xx_hal_rcc_ex.c ****         {
 467              		.loc 1 3080 9 is_stmt 1 view .LVU150
3080:Drivers/STM32L4xx_HAL_Driver/Src/stm32l4xx_hal_rcc_ex.c ****         {
 468              		.loc 1 3080 13 is_stmt 0 view .LVU151
 469 00d8 FFF7FEFF 		bl	HAL_GetTick
 470              	.LVL47:
3080:Drivers/STM32L4xx_HAL_Driver/Src/stm32l4xx_hal_rcc_ex.c ****         {
 471              		.loc 1 3080 27 discriminator 1 view .LVU152
 472 00dc 401B     		subs	r0, r0, r5
3080:Drivers/STM32L4xx_HAL_Driver/Src/stm32l4xx_hal_rcc_ex.c ****         {
 473              		.loc 1 3080 11 discriminator 1 view .LVU153
 474 00de 0228     		cmp	r0, #2
 475 00e0 F5D9     		bls	.L37
3082:Drivers/STM32L4xx_HAL_Driver/Src/stm32l4xx_hal_rcc_ex.c ****           break;
 476              		.loc 1 3082 18 view .LVU154
 477 00e2 0326     		movs	r6, #3
 478              	.LVL48:
 479              	.L38:
3087:Drivers/STM32L4xx_HAL_Driver/Src/stm32l4xx_hal_rcc_ex.c ****       {
 480              		.loc 1 3087 7 is_stmt 1 view .LVU155
3087:Drivers/STM32L4xx_HAL_Driver/Src/stm32l4xx_hal_rcc_ex.c ****       {
 481              		.loc 1 3087 9 is_stmt 0 view .LVU156
 482 00e4 002E     		cmp	r6, #0
 483 00e6 9BD1     		bne	.L25
3090:Drivers/STM32L4xx_HAL_Driver/Src/stm32l4xx_hal_rcc_ex.c ****       }
 484              		.loc 1 3090 9 is_stmt 1 view .LVU157
 485 00e8 204A     		ldr	r2, .L53
 486 00ea 1369     		ldr	r3, [r2, #16]
 487 00ec A169     		ldr	r1, [r4, #24]
 488 00ee 0B43     		orrs	r3, r3, r1
 489 00f0 1361     		str	r3, [r2, #16]
 490 00f2 95E7     		b	.L25
 491              	.LVL49:
 492              	.L27:
2947:Drivers/STM32L4xx_HAL_Driver/Src/stm32l4xx_hal_rcc_ex.c ****       {
 493              		.loc 1 2947 7 view .LVU158
2947:Drivers/STM32L4xx_HAL_Driver/Src/stm32l4xx_hal_rcc_ex.c ****       {
 494              		.loc 1 2947 10 is_stmt 0 view .LVU159
 495 00f4 1D4A     		ldr	r2, .L53
 496 00f6 1268     		ldr	r2, [r2]
2947:Drivers/STM32L4xx_HAL_Driver/Src/stm32l4xx_hal_rcc_ex.c ****       {
 497              		.loc 1 2947 9 view .LVU160
 498 00f8 12F4806F 		tst	r2, #1024
 499 00fc AED1     		bne	.L30
 500 00fe 0126     		movs	r6, #1
 501 0100 8EE7     		b	.L25
 502              	.L28:
2953:Drivers/STM32L4xx_HAL_Driver/Src/stm32l4xx_hal_rcc_ex.c ****       {
 503              		.loc 1 2953 7 is_stmt 1 view .LVU161
2953:Drivers/STM32L4xx_HAL_Driver/Src/stm32l4xx_hal_rcc_ex.c ****       {
 504              		.loc 1 2953 10 is_stmt 0 view .LVU162
 505 0102 1A4A     		ldr	r2, .L53
 506 0104 1268     		ldr	r2, [r2]
ARM GAS  /tmp/ccFN0S9l.s 			page 74


2953:Drivers/STM32L4xx_HAL_Driver/Src/stm32l4xx_hal_rcc_ex.c ****       {
 507              		.loc 1 2953 9 view .LVU163
 508 0106 12F4003F 		tst	r2, #131072
 509 010a A7D1     		bne	.L30
2955:Drivers/STM32L4xx_HAL_Driver/Src/stm32l4xx_hal_rcc_ex.c ****         {
 510              		.loc 1 2955 9 is_stmt 1 view .LVU164
2955:Drivers/STM32L4xx_HAL_Driver/Src/stm32l4xx_hal_rcc_ex.c ****         {
 511              		.loc 1 2955 12 is_stmt 0 view .LVU165
 512 010c 174A     		ldr	r2, .L53
 513 010e 1268     		ldr	r2, [r2]
2955:Drivers/STM32L4xx_HAL_Driver/Src/stm32l4xx_hal_rcc_ex.c ****         {
 514              		.loc 1 2955 11 view .LVU166
 515 0110 12F4802F 		tst	r2, #262144
 516 0114 A2D1     		bne	.L30
 517 0116 0126     		movs	r6, #1
 518 0118 82E7     		b	.L25
 519              	.L44:
2943:Drivers/STM32L4xx_HAL_Driver/Src/stm32l4xx_hal_rcc_ex.c ****       }
 520              		.loc 1 2943 16 view .LVU167
 521 011a 0126     		movs	r6, #1
 522 011c A9E7     		b	.L29
 523              	.LVL50:
 524              	.L34:
3034:Drivers/STM32L4xx_HAL_Driver/Src/stm32l4xx_hal_rcc_ex.c ****       {
 525              		.loc 1 3034 12 is_stmt 1 view .LVU168
3034:Drivers/STM32L4xx_HAL_Driver/Src/stm32l4xx_hal_rcc_ex.c ****       {
 526              		.loc 1 3034 14 is_stmt 0 view .LVU169
 527 011e 012D     		cmp	r5, #1
 528 0120 0FD0     		beq	.L52
3054:Drivers/STM32L4xx_HAL_Driver/Src/stm32l4xx_hal_rcc_ex.c **** #if defined(RCC_PLLSAI1M_DIV_1_16_SUPPORT)
 529              		.loc 1 3054 9 is_stmt 1 view .LVU170
3064:Drivers/STM32L4xx_HAL_Driver/Src/stm32l4xx_hal_rcc_ex.c ****                    RCC_PLLSAI1CFGR_PLLSAI1N | RCC_PLLSAI1CFGR_PLLSAI1R,
 530              		.loc 1 3064 9 view .LVU171
 531 0122 1248     		ldr	r0, .L53
 532 0124 0269     		ldr	r2, [r0, #16]
 533 0126 22F0C062 		bic	r2, r2, #100663296
 534 012a 22F4FE42 		bic	r2, r2, #32512
 535 012e A168     		ldr	r1, [r4, #8]
 536 0130 6369     		ldr	r3, [r4, #20]
 537 0132 5B08     		lsrs	r3, r3, #1
 538 0134 013B     		subs	r3, r3, #1
 539 0136 5B06     		lsls	r3, r3, #25
 540 0138 43EA0123 		orr	r3, r3, r1, lsl #8
 541 013c 1A43     		orrs	r2, r2, r3
 542 013e 0261     		str	r2, [r0, #16]
 543 0140 BDE7     		b	.L35
 544              	.L52:
3036:Drivers/STM32L4xx_HAL_Driver/Src/stm32l4xx_hal_rcc_ex.c **** #if defined(RCC_PLLSAI1M_DIV_1_16_SUPPORT)
 545              		.loc 1 3036 9 view .LVU172
3046:Drivers/STM32L4xx_HAL_Driver/Src/stm32l4xx_hal_rcc_ex.c ****                    RCC_PLLSAI1CFGR_PLLSAI1N | RCC_PLLSAI1CFGR_PLLSAI1Q,
 546              		.loc 1 3046 9 view .LVU173
 547 0142 0A48     		ldr	r0, .L53
 548 0144 0269     		ldr	r2, [r0, #16]
 549 0146 22F4C002 		bic	r2, r2, #6291456
 550 014a 22F4FE42 		bic	r2, r2, #32512
 551 014e A168     		ldr	r1, [r4, #8]
 552 0150 2369     		ldr	r3, [r4, #16]
ARM GAS  /tmp/ccFN0S9l.s 			page 75


 553 0152 5B08     		lsrs	r3, r3, #1
 554 0154 013B     		subs	r3, r3, #1
 555 0156 5B05     		lsls	r3, r3, #21
 556 0158 43EA0123 		orr	r3, r3, r1, lsl #8
 557 015c 1A43     		orrs	r2, r2, r3
 558 015e 0261     		str	r2, [r0, #16]
 559 0160 ADE7     		b	.L35
 560              	.LVL51:
 561              	.L41:
2932:Drivers/STM32L4xx_HAL_Driver/Src/stm32l4xx_hal_rcc_ex.c ****     }
 562              		.loc 1 2932 14 is_stmt 0 view .LVU174
 563 0162 0126     		movs	r6, #1
 564 0164 5CE7     		b	.L25
 565              	.L43:
2938:Drivers/STM32L4xx_HAL_Driver/Src/stm32l4xx_hal_rcc_ex.c ****     {
 566              		.loc 1 2938 5 view .LVU175
 567 0166 0126     		movs	r6, #1
 568 0168 5AE7     		b	.L25
 569              	.L54:
 570 016a 00BF     		.align	2
 571              	.L53:
 572 016c 00100240 		.word	1073876992
 573              		.cfi_endproc
 574              	.LFE409:
 576              		.section	.text.HAL_RCCEx_PeriphCLKConfig,"ax",%progbits
 577              		.align	1
 578              		.global	HAL_RCCEx_PeriphCLKConfig
 579              		.syntax unified
 580              		.thumb
 581              		.thumb_func
 583              	HAL_RCCEx_PeriphCLKConfig:
 584              	.LVL52:
 585              	.LFB384:
 195:Drivers/STM32L4xx_HAL_Driver/Src/stm32l4xx_hal_rcc_ex.c ****   uint32_t tmpregister, tickstart;     /* no init needed */
 586              		.loc 1 195 1 is_stmt 1 view -0
 587              		.cfi_startproc
 588              		@ args = 0, pretend = 0, frame = 8
 589              		@ frame_needed = 0, uses_anonymous_args = 0
 195:Drivers/STM32L4xx_HAL_Driver/Src/stm32l4xx_hal_rcc_ex.c ****   uint32_t tmpregister, tickstart;     /* no init needed */
 590              		.loc 1 195 1 is_stmt 0 view .LVU177
 591 0000 2DE9F041 		push	{r4, r5, r6, r7, r8, lr}
 592              	.LCFI5:
 593              		.cfi_def_cfa_offset 24
 594              		.cfi_offset 4, -24
 595              		.cfi_offset 5, -20
 596              		.cfi_offset 6, -16
 597              		.cfi_offset 7, -12
 598              		.cfi_offset 8, -8
 599              		.cfi_offset 14, -4
 600 0004 82B0     		sub	sp, sp, #8
 601              	.LCFI6:
 602              		.cfi_def_cfa_offset 32
 603 0006 0446     		mov	r4, r0
 196:Drivers/STM32L4xx_HAL_Driver/Src/stm32l4xx_hal_rcc_ex.c ****   HAL_StatusTypeDef ret = HAL_OK;      /* Intermediate status */
 604              		.loc 1 196 3 is_stmt 1 view .LVU178
 197:Drivers/STM32L4xx_HAL_Driver/Src/stm32l4xx_hal_rcc_ex.c ****   HAL_StatusTypeDef status = HAL_OK;   /* Final status */
 605              		.loc 1 197 3 view .LVU179
ARM GAS  /tmp/ccFN0S9l.s 			page 76


 606              	.LVL53:
 198:Drivers/STM32L4xx_HAL_Driver/Src/stm32l4xx_hal_rcc_ex.c **** 
 607              		.loc 1 198 3 view .LVU180
 201:Drivers/STM32L4xx_HAL_Driver/Src/stm32l4xx_hal_rcc_ex.c **** 
 608              		.loc 1 201 3 view .LVU181
 206:Drivers/STM32L4xx_HAL_Driver/Src/stm32l4xx_hal_rcc_ex.c ****   {
 609              		.loc 1 206 3 view .LVU182
 206:Drivers/STM32L4xx_HAL_Driver/Src/stm32l4xx_hal_rcc_ex.c ****   {
 610              		.loc 1 206 22 is_stmt 0 view .LVU183
 611 0008 0368     		ldr	r3, [r0]
 206:Drivers/STM32L4xx_HAL_Driver/Src/stm32l4xx_hal_rcc_ex.c ****   {
 612              		.loc 1 206 5 view .LVU184
 613 000a 13F4006F 		tst	r3, #2048
 614 000e 26D0     		beq	.L87
 209:Drivers/STM32L4xx_HAL_Driver/Src/stm32l4xx_hal_rcc_ex.c **** 
 615              		.loc 1 209 5 is_stmt 1 view .LVU185
 211:Drivers/STM32L4xx_HAL_Driver/Src/stm32l4xx_hal_rcc_ex.c ****     {
 616              		.loc 1 211 5 view .LVU186
 211:Drivers/STM32L4xx_HAL_Driver/Src/stm32l4xx_hal_rcc_ex.c ****     {
 617              		.loc 1 211 25 is_stmt 0 view .LVU187
 618 0010 436C     		ldr	r3, [r0, #68]
 211:Drivers/STM32L4xx_HAL_Driver/Src/stm32l4xx_hal_rcc_ex.c ****     {
 619              		.loc 1 211 5 view .LVU188
 620 0012 B3F5000F 		cmp	r3, #8388608
 621 0016 06D0     		beq	.L57
 622 0018 B3F5400F 		cmp	r3, #12582912
 623 001c 1DD0     		beq	.L88
 624 001e 9BB1     		cbz	r3, .L59
 625 0020 0126     		movs	r6, #1
 626 0022 3746     		mov	r7, r6
 627 0024 1DE0     		b	.L56
 628              	.L57:
 218:Drivers/STM32L4xx_HAL_Driver/Src/stm32l4xx_hal_rcc_ex.c **** #endif /* RCC_PLLSAI2_SUPPORT */
 629              		.loc 1 218 7 is_stmt 1 view .LVU189
 630 0026 B14A     		ldr	r2, .L109
 631 0028 D368     		ldr	r3, [r2, #12]
 632 002a 43F48033 		orr	r3, r3, #65536
 633 002e D360     		str	r3, [r2, #12]
 221:Drivers/STM32L4xx_HAL_Driver/Src/stm32l4xx_hal_rcc_ex.c **** 
 634              		.loc 1 221 7 view .LVU190
 251:Drivers/STM32L4xx_HAL_Driver/Src/stm32l4xx_hal_rcc_ex.c ****     {
 635              		.loc 1 251 5 view .LVU191
 197:Drivers/STM32L4xx_HAL_Driver/Src/stm32l4xx_hal_rcc_ex.c ****   HAL_StatusTypeDef status = HAL_OK;   /* Final status */
 636              		.loc 1 197 21 is_stmt 0 view .LVU192
 637 0030 0027     		movs	r7, #0
 638              	.LVL54:
 639              	.L58:
 254:Drivers/STM32L4xx_HAL_Driver/Src/stm32l4xx_hal_rcc_ex.c ****     }
 640              		.loc 1 254 7 is_stmt 1 view .LVU193
 641 0032 AE4A     		ldr	r2, .L109
 642 0034 D2F88830 		ldr	r3, [r2, #136]
 643 0038 23F44003 		bic	r3, r3, #12582912
 644 003c 616C     		ldr	r1, [r4, #68]
 645 003e 0B43     		orrs	r3, r3, r1
 646 0040 C2F88830 		str	r3, [r2, #136]
 198:Drivers/STM32L4xx_HAL_Driver/Src/stm32l4xx_hal_rcc_ex.c **** 
 647              		.loc 1 198 21 is_stmt 0 view .LVU194
ARM GAS  /tmp/ccFN0S9l.s 			page 77


 648 0044 0026     		movs	r6, #0
 649 0046 0CE0     		b	.L56
 650              	.LVL55:
 651              	.L59:
 225:Drivers/STM32L4xx_HAL_Driver/Src/stm32l4xx_hal_rcc_ex.c ****       /* SAI1 clock source config set later after clock selection check */
 652              		.loc 1 225 7 is_stmt 1 view .LVU195
 225:Drivers/STM32L4xx_HAL_Driver/Src/stm32l4xx_hal_rcc_ex.c ****       /* SAI1 clock source config set later after clock selection check */
 653              		.loc 1 225 13 is_stmt 0 view .LVU196
 654 0048 0021     		movs	r1, #0
 655 004a 0430     		adds	r0, r0, #4
 656              	.LVL56:
 225:Drivers/STM32L4xx_HAL_Driver/Src/stm32l4xx_hal_rcc_ex.c ****       /* SAI1 clock source config set later after clock selection check */
 657              		.loc 1 225 13 view .LVU197
 658 004c FFF7FEFF 		bl	RCCEx_PLLSAI1_Config
 659              	.LVL57:
 227:Drivers/STM32L4xx_HAL_Driver/Src/stm32l4xx_hal_rcc_ex.c **** 
 660              		.loc 1 227 7 is_stmt 1 view .LVU198
 251:Drivers/STM32L4xx_HAL_Driver/Src/stm32l4xx_hal_rcc_ex.c ****     {
 661              		.loc 1 251 5 view .LVU199
 251:Drivers/STM32L4xx_HAL_Driver/Src/stm32l4xx_hal_rcc_ex.c ****     {
 662              		.loc 1 251 7 is_stmt 0 view .LVU200
 663 0050 0746     		mov	r7, r0
 664 0052 0028     		cmp	r0, #0
 665 0054 EDD0     		beq	.L58
 259:Drivers/STM32L4xx_HAL_Driver/Src/stm32l4xx_hal_rcc_ex.c ****     }
 666              		.loc 1 259 14 view .LVU201
 667 0056 0646     		mov	r6, r0
 668 0058 03E0     		b	.L56
 669              	.LVL58:
 670              	.L88:
 211:Drivers/STM32L4xx_HAL_Driver/Src/stm32l4xx_hal_rcc_ex.c ****     {
 671              		.loc 1 211 5 view .LVU202
 672 005a 0027     		movs	r7, #0
 673 005c E9E7     		b	.L58
 674              	.L87:
 198:Drivers/STM32L4xx_HAL_Driver/Src/stm32l4xx_hal_rcc_ex.c **** 
 675              		.loc 1 198 21 view .LVU203
 676 005e 0026     		movs	r6, #0
 197:Drivers/STM32L4xx_HAL_Driver/Src/stm32l4xx_hal_rcc_ex.c ****   HAL_StatusTypeDef status = HAL_OK;   /* Final status */
 677              		.loc 1 197 21 view .LVU204
 678 0060 3746     		mov	r7, r6
 679              	.LVL59:
 680              	.L56:
 319:Drivers/STM32L4xx_HAL_Driver/Src/stm32l4xx_hal_rcc_ex.c ****   {
 681              		.loc 1 319 3 is_stmt 1 view .LVU205
 319:Drivers/STM32L4xx_HAL_Driver/Src/stm32l4xx_hal_rcc_ex.c ****   {
 682              		.loc 1 319 20 is_stmt 0 view .LVU206
 683 0062 2368     		ldr	r3, [r4]
 319:Drivers/STM32L4xx_HAL_Driver/Src/stm32l4xx_hal_rcc_ex.c ****   {
 684              		.loc 1 319 5 view .LVU207
 685 0064 13F4003F 		tst	r3, #131072
 686 0068 6BD0     		beq	.L60
 687              	.LBB2:
 321:Drivers/STM32L4xx_HAL_Driver/Src/stm32l4xx_hal_rcc_ex.c **** 
 688              		.loc 1 321 5 is_stmt 1 view .LVU208
 689              	.LVL60:
 324:Drivers/STM32L4xx_HAL_Driver/Src/stm32l4xx_hal_rcc_ex.c **** 
ARM GAS  /tmp/ccFN0S9l.s 			page 78


 690              		.loc 1 324 5 view .LVU209
 327:Drivers/STM32L4xx_HAL_Driver/Src/stm32l4xx_hal_rcc_ex.c ****     {
 691              		.loc 1 327 5 view .LVU210
 327:Drivers/STM32L4xx_HAL_Driver/Src/stm32l4xx_hal_rcc_ex.c ****     {
 692              		.loc 1 327 8 is_stmt 0 view .LVU211
 693 006a A04B     		ldr	r3, .L109
 694 006c 9B6D     		ldr	r3, [r3, #88]
 327:Drivers/STM32L4xx_HAL_Driver/Src/stm32l4xx_hal_rcc_ex.c ****     {
 695              		.loc 1 327 40 view .LVU212
 696 006e 13F0805F 		tst	r3, #268435456
 697 0072 4CD1     		bne	.L90
 329:Drivers/STM32L4xx_HAL_Driver/Src/stm32l4xx_hal_rcc_ex.c ****       pwrclkchanged = SET;
 698              		.loc 1 329 7 is_stmt 1 view .LVU213
 699              	.LBB3:
 329:Drivers/STM32L4xx_HAL_Driver/Src/stm32l4xx_hal_rcc_ex.c ****       pwrclkchanged = SET;
 700              		.loc 1 329 7 view .LVU214
 329:Drivers/STM32L4xx_HAL_Driver/Src/stm32l4xx_hal_rcc_ex.c ****       pwrclkchanged = SET;
 701              		.loc 1 329 7 view .LVU215
 702 0074 9D4B     		ldr	r3, .L109
 703 0076 9A6D     		ldr	r2, [r3, #88]
 704 0078 42F08052 		orr	r2, r2, #268435456
 705 007c 9A65     		str	r2, [r3, #88]
 329:Drivers/STM32L4xx_HAL_Driver/Src/stm32l4xx_hal_rcc_ex.c ****       pwrclkchanged = SET;
 706              		.loc 1 329 7 view .LVU216
 707 007e 9B6D     		ldr	r3, [r3, #88]
 708 0080 03F08053 		and	r3, r3, #268435456
 709 0084 0193     		str	r3, [sp, #4]
 329:Drivers/STM32L4xx_HAL_Driver/Src/stm32l4xx_hal_rcc_ex.c ****       pwrclkchanged = SET;
 710              		.loc 1 329 7 view .LVU217
 711 0086 019B     		ldr	r3, [sp, #4]
 712              	.LBE3:
 329:Drivers/STM32L4xx_HAL_Driver/Src/stm32l4xx_hal_rcc_ex.c ****       pwrclkchanged = SET;
 713              		.loc 1 329 7 view .LVU218
 330:Drivers/STM32L4xx_HAL_Driver/Src/stm32l4xx_hal_rcc_ex.c ****     }
 714              		.loc 1 330 7 view .LVU219
 715              	.LVL61:
 330:Drivers/STM32L4xx_HAL_Driver/Src/stm32l4xx_hal_rcc_ex.c ****     }
 716              		.loc 1 330 21 is_stmt 0 view .LVU220
 717 0088 4FF00108 		mov	r8, #1
 718              	.LVL62:
 719              	.L61:
 334:Drivers/STM32L4xx_HAL_Driver/Src/stm32l4xx_hal_rcc_ex.c **** 
 720              		.loc 1 334 5 is_stmt 1 view .LVU221
 721 008c 984A     		ldr	r2, .L109+4
 722 008e 1368     		ldr	r3, [r2]
 723 0090 43F48073 		orr	r3, r3, #256
 724 0094 1360     		str	r3, [r2]
 337:Drivers/STM32L4xx_HAL_Driver/Src/stm32l4xx_hal_rcc_ex.c **** 
 725              		.loc 1 337 5 view .LVU222
 337:Drivers/STM32L4xx_HAL_Driver/Src/stm32l4xx_hal_rcc_ex.c **** 
 726              		.loc 1 337 17 is_stmt 0 view .LVU223
 727 0096 FFF7FEFF 		bl	HAL_GetTick
 728              	.LVL63:
 729 009a 0546     		mov	r5, r0
 730              	.LVL64:
 339:Drivers/STM32L4xx_HAL_Driver/Src/stm32l4xx_hal_rcc_ex.c ****     {
 731              		.loc 1 339 5 is_stmt 1 view .LVU224
ARM GAS  /tmp/ccFN0S9l.s 			page 79


 732              	.L62:
 339:Drivers/STM32L4xx_HAL_Driver/Src/stm32l4xx_hal_rcc_ex.c ****     {
 733              		.loc 1 339 43 view .LVU225
 339:Drivers/STM32L4xx_HAL_Driver/Src/stm32l4xx_hal_rcc_ex.c ****     {
 734              		.loc 1 339 11 is_stmt 0 view .LVU226
 735 009c 944B     		ldr	r3, .L109+4
 736 009e 1B68     		ldr	r3, [r3]
 339:Drivers/STM32L4xx_HAL_Driver/Src/stm32l4xx_hal_rcc_ex.c ****     {
 737              		.loc 1 339 43 view .LVU227
 738 00a0 13F4807F 		tst	r3, #256
 739 00a4 05D1     		bne	.L63
 341:Drivers/STM32L4xx_HAL_Driver/Src/stm32l4xx_hal_rcc_ex.c ****       {
 740              		.loc 1 341 7 is_stmt 1 view .LVU228
 341:Drivers/STM32L4xx_HAL_Driver/Src/stm32l4xx_hal_rcc_ex.c ****       {
 741              		.loc 1 341 11 is_stmt 0 view .LVU229
 742 00a6 FFF7FEFF 		bl	HAL_GetTick
 743              	.LVL65:
 341:Drivers/STM32L4xx_HAL_Driver/Src/stm32l4xx_hal_rcc_ex.c ****       {
 744              		.loc 1 341 25 discriminator 1 view .LVU230
 745 00aa 401B     		subs	r0, r0, r5
 341:Drivers/STM32L4xx_HAL_Driver/Src/stm32l4xx_hal_rcc_ex.c ****       {
 746              		.loc 1 341 9 discriminator 1 view .LVU231
 747 00ac 0228     		cmp	r0, #2
 748 00ae F5D9     		bls	.L62
 343:Drivers/STM32L4xx_HAL_Driver/Src/stm32l4xx_hal_rcc_ex.c ****         break;
 749              		.loc 1 343 13 view .LVU232
 750 00b0 0327     		movs	r7, #3
 751              	.LVL66:
 752              	.L63:
 348:Drivers/STM32L4xx_HAL_Driver/Src/stm32l4xx_hal_rcc_ex.c ****     {
 753              		.loc 1 348 5 is_stmt 1 view .LVU233
 348:Drivers/STM32L4xx_HAL_Driver/Src/stm32l4xx_hal_rcc_ex.c ****     {
 754              		.loc 1 348 7 is_stmt 0 view .LVU234
 755 00b2 002F     		cmp	r7, #0
 756 00b4 40D1     		bne	.L92
 351:Drivers/STM32L4xx_HAL_Driver/Src/stm32l4xx_hal_rcc_ex.c **** 
 757              		.loc 1 351 7 is_stmt 1 view .LVU235
 351:Drivers/STM32L4xx_HAL_Driver/Src/stm32l4xx_hal_rcc_ex.c **** 
 758              		.loc 1 351 21 is_stmt 0 view .LVU236
 759 00b6 8D4B     		ldr	r3, .L109
 760 00b8 D3F89030 		ldr	r3, [r3, #144]
 761              	.LVL67:
 353:Drivers/STM32L4xx_HAL_Driver/Src/stm32l4xx_hal_rcc_ex.c ****       {
 762              		.loc 1 353 7 is_stmt 1 view .LVU237
 353:Drivers/STM32L4xx_HAL_Driver/Src/stm32l4xx_hal_rcc_ex.c ****       {
 763              		.loc 1 353 9 is_stmt 0 view .LVU238
 764 00bc 13F44073 		ands	r3, r3, #768
 765              	.LVL68:
 353:Drivers/STM32L4xx_HAL_Driver/Src/stm32l4xx_hal_rcc_ex.c ****       {
 766              		.loc 1 353 9 view .LVU239
 767 00c0 15D0     		beq	.L66
 353:Drivers/STM32L4xx_HAL_Driver/Src/stm32l4xx_hal_rcc_ex.c ****       {
 768              		.loc 1 353 81 discriminator 1 view .LVU240
 769 00c2 E26D     		ldr	r2, [r4, #92]
 353:Drivers/STM32L4xx_HAL_Driver/Src/stm32l4xx_hal_rcc_ex.c ****       {
 770              		.loc 1 353 49 discriminator 1 view .LVU241
 771 00c4 9A42     		cmp	r2, r3
ARM GAS  /tmp/ccFN0S9l.s 			page 80


 772 00c6 12D0     		beq	.L66
 356:Drivers/STM32L4xx_HAL_Driver/Src/stm32l4xx_hal_rcc_ex.c ****         /* RTC Clock selection can be changed only if the Backup Domain is reset */
 773              		.loc 1 356 9 is_stmt 1 view .LVU242
 356:Drivers/STM32L4xx_HAL_Driver/Src/stm32l4xx_hal_rcc_ex.c ****         /* RTC Clock selection can be changed only if the Backup Domain is reset */
 774              		.loc 1 356 23 is_stmt 0 view .LVU243
 775 00c8 884A     		ldr	r2, .L109
 776 00ca D2F89030 		ldr	r3, [r2, #144]
 777              	.LVL69:
 356:Drivers/STM32L4xx_HAL_Driver/Src/stm32l4xx_hal_rcc_ex.c ****         /* RTC Clock selection can be changed only if the Backup Domain is reset */
 778              		.loc 1 356 21 view .LVU244
 779 00ce 23F44073 		bic	r3, r3, #768
 780              	.LVL70:
 358:Drivers/STM32L4xx_HAL_Driver/Src/stm32l4xx_hal_rcc_ex.c ****         __HAL_RCC_BACKUPRESET_RELEASE();
 781              		.loc 1 358 9 is_stmt 1 view .LVU245
 782 00d2 D2F89010 		ldr	r1, [r2, #144]
 783 00d6 41F48031 		orr	r1, r1, #65536
 784 00da C2F89010 		str	r1, [r2, #144]
 359:Drivers/STM32L4xx_HAL_Driver/Src/stm32l4xx_hal_rcc_ex.c ****         /* Restore the Content of BDCR register */
 785              		.loc 1 359 9 view .LVU246
 786 00de D2F89010 		ldr	r1, [r2, #144]
 787 00e2 21F48031 		bic	r1, r1, #65536
 788 00e6 C2F89010 		str	r1, [r2, #144]
 361:Drivers/STM32L4xx_HAL_Driver/Src/stm32l4xx_hal_rcc_ex.c ****       }
 789              		.loc 1 361 9 view .LVU247
 361:Drivers/STM32L4xx_HAL_Driver/Src/stm32l4xx_hal_rcc_ex.c ****       }
 790              		.loc 1 361 19 is_stmt 0 view .LVU248
 791 00ea C2F89030 		str	r3, [r2, #144]
 792              	.L66:
 365:Drivers/STM32L4xx_HAL_Driver/Src/stm32l4xx_hal_rcc_ex.c ****       {
 793              		.loc 1 365 7 is_stmt 1 view .LVU249
 365:Drivers/STM32L4xx_HAL_Driver/Src/stm32l4xx_hal_rcc_ex.c ****       {
 794              		.loc 1 365 10 is_stmt 0 view .LVU250
 795 00ee 13F0010F 		tst	r3, #1
 796 00f2 0FD1     		bne	.L100
 797              	.LVL71:
 798              	.L67:
 381:Drivers/STM32L4xx_HAL_Driver/Src/stm32l4xx_hal_rcc_ex.c ****       {
 799              		.loc 1 381 7 is_stmt 1 view .LVU251
 381:Drivers/STM32L4xx_HAL_Driver/Src/stm32l4xx_hal_rcc_ex.c ****       {
 800              		.loc 1 381 9 is_stmt 0 view .LVU252
 801 00f4 002F     		cmp	r7, #0
 802 00f6 40F0F780 		bne	.L94
 384:Drivers/STM32L4xx_HAL_Driver/Src/stm32l4xx_hal_rcc_ex.c ****       }
 803              		.loc 1 384 9 is_stmt 1 view .LVU253
 804 00fa 7C4A     		ldr	r2, .L109
 805 00fc D2F89030 		ldr	r3, [r2, #144]
 806 0100 23F44073 		bic	r3, r3, #768
 807 0104 E16D     		ldr	r1, [r4, #92]
 808 0106 0B43     		orrs	r3, r3, r1
 809 0108 C2F89030 		str	r3, [r2, #144]
 810 010c 15E0     		b	.L65
 811              	.LVL72:
 812              	.L90:
 321:Drivers/STM32L4xx_HAL_Driver/Src/stm32l4xx_hal_rcc_ex.c **** 
 813              		.loc 1 321 22 is_stmt 0 view .LVU254
 814 010e 4FF00008 		mov	r8, #0
 815 0112 BBE7     		b	.L61
ARM GAS  /tmp/ccFN0S9l.s 			page 81


 816              	.LVL73:
 817              	.L100:
 368:Drivers/STM32L4xx_HAL_Driver/Src/stm32l4xx_hal_rcc_ex.c **** 
 818              		.loc 1 368 9 is_stmt 1 view .LVU255
 368:Drivers/STM32L4xx_HAL_Driver/Src/stm32l4xx_hal_rcc_ex.c **** 
 819              		.loc 1 368 21 is_stmt 0 view .LVU256
 820 0114 FFF7FEFF 		bl	HAL_GetTick
 821              	.LVL74:
 368:Drivers/STM32L4xx_HAL_Driver/Src/stm32l4xx_hal_rcc_ex.c **** 
 822              		.loc 1 368 21 view .LVU257
 823 0118 0546     		mov	r5, r0
 824              	.LVL75:
 371:Drivers/STM32L4xx_HAL_Driver/Src/stm32l4xx_hal_rcc_ex.c ****         {
 825              		.loc 1 371 9 is_stmt 1 view .LVU258
 826              	.L68:
 371:Drivers/STM32L4xx_HAL_Driver/Src/stm32l4xx_hal_rcc_ex.c ****         {
 827              		.loc 1 371 52 view .LVU259
 371:Drivers/STM32L4xx_HAL_Driver/Src/stm32l4xx_hal_rcc_ex.c ****         {
 828              		.loc 1 371 15 is_stmt 0 view .LVU260
 829 011a 744B     		ldr	r3, .L109
 830 011c D3F89030 		ldr	r3, [r3, #144]
 371:Drivers/STM32L4xx_HAL_Driver/Src/stm32l4xx_hal_rcc_ex.c ****         {
 831              		.loc 1 371 52 view .LVU261
 832 0120 13F0020F 		tst	r3, #2
 833 0124 E6D1     		bne	.L67
 373:Drivers/STM32L4xx_HAL_Driver/Src/stm32l4xx_hal_rcc_ex.c ****           {
 834              		.loc 1 373 11 is_stmt 1 view .LVU262
 373:Drivers/STM32L4xx_HAL_Driver/Src/stm32l4xx_hal_rcc_ex.c ****           {
 835              		.loc 1 373 15 is_stmt 0 view .LVU263
 836 0126 FFF7FEFF 		bl	HAL_GetTick
 837              	.LVL76:
 373:Drivers/STM32L4xx_HAL_Driver/Src/stm32l4xx_hal_rcc_ex.c ****           {
 838              		.loc 1 373 29 discriminator 1 view .LVU264
 839 012a 401B     		subs	r0, r0, r5
 373:Drivers/STM32L4xx_HAL_Driver/Src/stm32l4xx_hal_rcc_ex.c ****           {
 840              		.loc 1 373 13 discriminator 1 view .LVU265
 841 012c 41F28833 		movw	r3, #5000
 842 0130 9842     		cmp	r0, r3
 843 0132 F2D9     		bls	.L68
 375:Drivers/STM32L4xx_HAL_Driver/Src/stm32l4xx_hal_rcc_ex.c ****             break;
 844              		.loc 1 375 17 view .LVU266
 845 0134 0327     		movs	r7, #3
 846              	.LVL77:
 375:Drivers/STM32L4xx_HAL_Driver/Src/stm32l4xx_hal_rcc_ex.c ****             break;
 847              		.loc 1 375 17 view .LVU267
 848 0136 DDE7     		b	.L67
 849              	.LVL78:
 850              	.L92:
 395:Drivers/STM32L4xx_HAL_Driver/Src/stm32l4xx_hal_rcc_ex.c ****     }
 851              		.loc 1 395 14 view .LVU268
 852 0138 3E46     		mov	r6, r7
 853              	.LVL79:
 854              	.L65:
 399:Drivers/STM32L4xx_HAL_Driver/Src/stm32l4xx_hal_rcc_ex.c ****     {
 855              		.loc 1 399 5 is_stmt 1 view .LVU269
 399:Drivers/STM32L4xx_HAL_Driver/Src/stm32l4xx_hal_rcc_ex.c ****     {
 856              		.loc 1 399 7 is_stmt 0 view .LVU270
ARM GAS  /tmp/ccFN0S9l.s 			page 82


 857 013a B8F1000F 		cmp	r8, #0
 858 013e 40F0D980 		bne	.L101
 859              	.LVL80:
 860              	.L60:
 399:Drivers/STM32L4xx_HAL_Driver/Src/stm32l4xx_hal_rcc_ex.c ****     {
 861              		.loc 1 399 7 view .LVU271
 862              	.LBE2:
 406:Drivers/STM32L4xx_HAL_Driver/Src/stm32l4xx_hal_rcc_ex.c ****   {
 863              		.loc 1 406 3 is_stmt 1 view .LVU272
 406:Drivers/STM32L4xx_HAL_Driver/Src/stm32l4xx_hal_rcc_ex.c ****   {
 864              		.loc 1 406 21 is_stmt 0 view .LVU273
 865 0142 2368     		ldr	r3, [r4]
 406:Drivers/STM32L4xx_HAL_Driver/Src/stm32l4xx_hal_rcc_ex.c ****   {
 866              		.loc 1 406 5 view .LVU274
 867 0144 13F0010F 		tst	r3, #1
 868 0148 08D0     		beq	.L70
 409:Drivers/STM32L4xx_HAL_Driver/Src/stm32l4xx_hal_rcc_ex.c **** 
 869              		.loc 1 409 5 is_stmt 1 view .LVU275
 412:Drivers/STM32L4xx_HAL_Driver/Src/stm32l4xx_hal_rcc_ex.c ****   }
 870              		.loc 1 412 5 view .LVU276
 871 014a 684A     		ldr	r2, .L109
 872 014c D2F88830 		ldr	r3, [r2, #136]
 873 0150 23F00303 		bic	r3, r3, #3
 874 0154 216A     		ldr	r1, [r4, #32]
 875 0156 0B43     		orrs	r3, r3, r1
 876 0158 C2F88830 		str	r3, [r2, #136]
 877              	.L70:
 416:Drivers/STM32L4xx_HAL_Driver/Src/stm32l4xx_hal_rcc_ex.c ****   {
 878              		.loc 1 416 3 view .LVU277
 416:Drivers/STM32L4xx_HAL_Driver/Src/stm32l4xx_hal_rcc_ex.c ****   {
 879              		.loc 1 416 21 is_stmt 0 view .LVU278
 880 015c 2368     		ldr	r3, [r4]
 416:Drivers/STM32L4xx_HAL_Driver/Src/stm32l4xx_hal_rcc_ex.c ****   {
 881              		.loc 1 416 5 view .LVU279
 882 015e 13F0020F 		tst	r3, #2
 883 0162 08D0     		beq	.L71
 419:Drivers/STM32L4xx_HAL_Driver/Src/stm32l4xx_hal_rcc_ex.c **** 
 884              		.loc 1 419 5 is_stmt 1 view .LVU280
 422:Drivers/STM32L4xx_HAL_Driver/Src/stm32l4xx_hal_rcc_ex.c ****   }
 885              		.loc 1 422 5 view .LVU281
 886 0164 614A     		ldr	r2, .L109
 887 0166 D2F88830 		ldr	r3, [r2, #136]
 888 016a 23F00C03 		bic	r3, r3, #12
 889 016e 616A     		ldr	r1, [r4, #36]
 890 0170 0B43     		orrs	r3, r3, r1
 891 0172 C2F88830 		str	r3, [r2, #136]
 892              	.L71:
 428:Drivers/STM32L4xx_HAL_Driver/Src/stm32l4xx_hal_rcc_ex.c ****   {
 893              		.loc 1 428 3 view .LVU282
 428:Drivers/STM32L4xx_HAL_Driver/Src/stm32l4xx_hal_rcc_ex.c ****   {
 894              		.loc 1 428 21 is_stmt 0 view .LVU283
 895 0176 2368     		ldr	r3, [r4]
 428:Drivers/STM32L4xx_HAL_Driver/Src/stm32l4xx_hal_rcc_ex.c ****   {
 896              		.loc 1 428 5 view .LVU284
 897 0178 13F0040F 		tst	r3, #4
 898 017c 08D0     		beq	.L72
 431:Drivers/STM32L4xx_HAL_Driver/Src/stm32l4xx_hal_rcc_ex.c **** 
ARM GAS  /tmp/ccFN0S9l.s 			page 83


 899              		.loc 1 431 5 is_stmt 1 view .LVU285
 434:Drivers/STM32L4xx_HAL_Driver/Src/stm32l4xx_hal_rcc_ex.c ****   }
 900              		.loc 1 434 5 view .LVU286
 901 017e 5B4A     		ldr	r2, .L109
 902 0180 D2F88830 		ldr	r3, [r2, #136]
 903 0184 23F03003 		bic	r3, r3, #48
 904 0188 A16A     		ldr	r1, [r4, #40]
 905 018a 0B43     		orrs	r3, r3, r1
 906 018c C2F88830 		str	r3, [r2, #136]
 907              	.L72:
 468:Drivers/STM32L4xx_HAL_Driver/Src/stm32l4xx_hal_rcc_ex.c ****   {
 908              		.loc 1 468 3 view .LVU287
 468:Drivers/STM32L4xx_HAL_Driver/Src/stm32l4xx_hal_rcc_ex.c ****   {
 909              		.loc 1 468 21 is_stmt 0 view .LVU288
 910 0190 2368     		ldr	r3, [r4]
 468:Drivers/STM32L4xx_HAL_Driver/Src/stm32l4xx_hal_rcc_ex.c ****   {
 911              		.loc 1 468 5 view .LVU289
 912 0192 13F0200F 		tst	r3, #32
 913 0196 08D0     		beq	.L73
 471:Drivers/STM32L4xx_HAL_Driver/Src/stm32l4xx_hal_rcc_ex.c **** 
 914              		.loc 1 471 5 is_stmt 1 view .LVU290
 474:Drivers/STM32L4xx_HAL_Driver/Src/stm32l4xx_hal_rcc_ex.c ****   }
 915              		.loc 1 474 5 view .LVU291
 916 0198 544A     		ldr	r2, .L109
 917 019a D2F88830 		ldr	r3, [r2, #136]
 918 019e 23F44063 		bic	r3, r3, #3072
 919 01a2 E16A     		ldr	r1, [r4, #44]
 920 01a4 0B43     		orrs	r3, r3, r1
 921 01a6 C2F88830 		str	r3, [r2, #136]
 922              	.L73:
 478:Drivers/STM32L4xx_HAL_Driver/Src/stm32l4xx_hal_rcc_ex.c ****   {
 923              		.loc 1 478 3 view .LVU292
 478:Drivers/STM32L4xx_HAL_Driver/Src/stm32l4xx_hal_rcc_ex.c ****   {
 924              		.loc 1 478 21 is_stmt 0 view .LVU293
 925 01aa 2368     		ldr	r3, [r4]
 478:Drivers/STM32L4xx_HAL_Driver/Src/stm32l4xx_hal_rcc_ex.c ****   {
 926              		.loc 1 478 5 view .LVU294
 927 01ac 13F4007F 		tst	r3, #512
 928 01b0 08D0     		beq	.L74
 480:Drivers/STM32L4xx_HAL_Driver/Src/stm32l4xx_hal_rcc_ex.c ****     __HAL_RCC_LPTIM1_CONFIG(PeriphClkInit->Lptim1ClockSelection);
 929              		.loc 1 480 5 is_stmt 1 view .LVU295
 481:Drivers/STM32L4xx_HAL_Driver/Src/stm32l4xx_hal_rcc_ex.c ****   }
 930              		.loc 1 481 5 view .LVU296
 931 01b2 4E4A     		ldr	r2, .L109
 932 01b4 D2F88830 		ldr	r3, [r2, #136]
 933 01b8 23F44023 		bic	r3, r3, #786432
 934 01bc E16B     		ldr	r1, [r4, #60]
 935 01be 0B43     		orrs	r3, r3, r1
 936 01c0 C2F88830 		str	r3, [r2, #136]
 937              	.L74:
 485:Drivers/STM32L4xx_HAL_Driver/Src/stm32l4xx_hal_rcc_ex.c ****   {
 938              		.loc 1 485 3 view .LVU297
 485:Drivers/STM32L4xx_HAL_Driver/Src/stm32l4xx_hal_rcc_ex.c ****   {
 939              		.loc 1 485 21 is_stmt 0 view .LVU298
 940 01c4 2368     		ldr	r3, [r4]
 485:Drivers/STM32L4xx_HAL_Driver/Src/stm32l4xx_hal_rcc_ex.c ****   {
 941              		.loc 1 485 5 view .LVU299
ARM GAS  /tmp/ccFN0S9l.s 			page 84


 942 01c6 13F4806F 		tst	r3, #1024
 943 01ca 08D0     		beq	.L75
 487:Drivers/STM32L4xx_HAL_Driver/Src/stm32l4xx_hal_rcc_ex.c ****     __HAL_RCC_LPTIM2_CONFIG(PeriphClkInit->Lptim2ClockSelection);
 944              		.loc 1 487 5 is_stmt 1 view .LVU300
 488:Drivers/STM32L4xx_HAL_Driver/Src/stm32l4xx_hal_rcc_ex.c ****   }
 945              		.loc 1 488 5 view .LVU301
 946 01cc 474A     		ldr	r2, .L109
 947 01ce D2F88830 		ldr	r3, [r2, #136]
 948 01d2 23F44013 		bic	r3, r3, #3145728
 949 01d6 216C     		ldr	r1, [r4, #64]
 950 01d8 0B43     		orrs	r3, r3, r1
 951 01da C2F88830 		str	r3, [r2, #136]
 952              	.L75:
 492:Drivers/STM32L4xx_HAL_Driver/Src/stm32l4xx_hal_rcc_ex.c ****   {
 953              		.loc 1 492 3 view .LVU302
 492:Drivers/STM32L4xx_HAL_Driver/Src/stm32l4xx_hal_rcc_ex.c ****   {
 954              		.loc 1 492 21 is_stmt 0 view .LVU303
 955 01de 2368     		ldr	r3, [r4]
 492:Drivers/STM32L4xx_HAL_Driver/Src/stm32l4xx_hal_rcc_ex.c ****   {
 956              		.loc 1 492 5 view .LVU304
 957 01e0 13F0400F 		tst	r3, #64
 958 01e4 08D0     		beq	.L76
 495:Drivers/STM32L4xx_HAL_Driver/Src/stm32l4xx_hal_rcc_ex.c **** 
 959              		.loc 1 495 5 is_stmt 1 view .LVU305
 498:Drivers/STM32L4xx_HAL_Driver/Src/stm32l4xx_hal_rcc_ex.c ****   }
 960              		.loc 1 498 5 view .LVU306
 961 01e6 414A     		ldr	r2, .L109
 962 01e8 D2F88830 		ldr	r3, [r2, #136]
 963 01ec 23F44053 		bic	r3, r3, #12288
 964 01f0 216B     		ldr	r1, [r4, #48]
 965 01f2 0B43     		orrs	r3, r3, r1
 966 01f4 C2F88830 		str	r3, [r2, #136]
 967              	.L76:
 504:Drivers/STM32L4xx_HAL_Driver/Src/stm32l4xx_hal_rcc_ex.c ****   {
 968              		.loc 1 504 3 view .LVU307
 504:Drivers/STM32L4xx_HAL_Driver/Src/stm32l4xx_hal_rcc_ex.c ****   {
 969              		.loc 1 504 21 is_stmt 0 view .LVU308
 970 01f8 2368     		ldr	r3, [r4]
 504:Drivers/STM32L4xx_HAL_Driver/Src/stm32l4xx_hal_rcc_ex.c ****   {
 971              		.loc 1 504 5 view .LVU309
 972 01fa 13F0800F 		tst	r3, #128
 973 01fe 08D0     		beq	.L77
 507:Drivers/STM32L4xx_HAL_Driver/Src/stm32l4xx_hal_rcc_ex.c **** 
 974              		.loc 1 507 5 is_stmt 1 view .LVU310
 510:Drivers/STM32L4xx_HAL_Driver/Src/stm32l4xx_hal_rcc_ex.c ****   }
 975              		.loc 1 510 5 view .LVU311
 976 0200 3A4A     		ldr	r2, .L109
 977 0202 D2F88830 		ldr	r3, [r2, #136]
 978 0206 23F44043 		bic	r3, r3, #49152
 979 020a 616B     		ldr	r1, [r4, #52]
 980 020c 0B43     		orrs	r3, r3, r1
 981 020e C2F88830 		str	r3, [r2, #136]
 982              	.L77:
 516:Drivers/STM32L4xx_HAL_Driver/Src/stm32l4xx_hal_rcc_ex.c ****   {
 983              		.loc 1 516 3 view .LVU312
 516:Drivers/STM32L4xx_HAL_Driver/Src/stm32l4xx_hal_rcc_ex.c ****   {
 984              		.loc 1 516 21 is_stmt 0 view .LVU313
ARM GAS  /tmp/ccFN0S9l.s 			page 85


 985 0212 2368     		ldr	r3, [r4]
 516:Drivers/STM32L4xx_HAL_Driver/Src/stm32l4xx_hal_rcc_ex.c ****   {
 986              		.loc 1 516 5 view .LVU314
 987 0214 13F4807F 		tst	r3, #256
 988 0218 08D0     		beq	.L78
 519:Drivers/STM32L4xx_HAL_Driver/Src/stm32l4xx_hal_rcc_ex.c **** 
 989              		.loc 1 519 5 is_stmt 1 view .LVU315
 522:Drivers/STM32L4xx_HAL_Driver/Src/stm32l4xx_hal_rcc_ex.c ****   }
 990              		.loc 1 522 5 view .LVU316
 991 021a 344A     		ldr	r2, .L109
 992 021c D2F88830 		ldr	r3, [r2, #136]
 993 0220 23F44033 		bic	r3, r3, #196608
 994 0224 A16B     		ldr	r1, [r4, #56]
 995 0226 0B43     		orrs	r3, r3, r1
 996 0228 C2F88830 		str	r3, [r2, #136]
 997              	.L78:
 542:Drivers/STM32L4xx_HAL_Driver/Src/stm32l4xx_hal_rcc_ex.c ****   {
 998              		.loc 1 542 3 view .LVU317
 542:Drivers/STM32L4xx_HAL_Driver/Src/stm32l4xx_hal_rcc_ex.c ****   {
 999              		.loc 1 542 21 is_stmt 0 view .LVU318
 1000 022c 2368     		ldr	r3, [r4]
 542:Drivers/STM32L4xx_HAL_Driver/Src/stm32l4xx_hal_rcc_ex.c ****   {
 1001              		.loc 1 542 5 view .LVU319
 1002 022e 13F4005F 		tst	r3, #8192
 1003 0232 0FD0     		beq	.L79
 544:Drivers/STM32L4xx_HAL_Driver/Src/stm32l4xx_hal_rcc_ex.c ****     __HAL_RCC_USB_CONFIG(PeriphClkInit->UsbClockSelection);
 1004              		.loc 1 544 5 is_stmt 1 view .LVU320
 545:Drivers/STM32L4xx_HAL_Driver/Src/stm32l4xx_hal_rcc_ex.c **** 
 1005              		.loc 1 545 5 view .LVU321
 1006 0234 2D4A     		ldr	r2, .L109
 1007 0236 D2F88830 		ldr	r3, [r2, #136]
 1008 023a 23F04063 		bic	r3, r3, #201326592
 1009 023e A16C     		ldr	r1, [r4, #72]
 1010 0240 0B43     		orrs	r3, r3, r1
 1011 0242 C2F88830 		str	r3, [r2, #136]
 547:Drivers/STM32L4xx_HAL_Driver/Src/stm32l4xx_hal_rcc_ex.c ****     {
 1012              		.loc 1 547 5 view .LVU322
 547:Drivers/STM32L4xx_HAL_Driver/Src/stm32l4xx_hal_rcc_ex.c ****     {
 1013              		.loc 1 547 21 is_stmt 0 view .LVU323
 1014 0246 A36C     		ldr	r3, [r4, #72]
 547:Drivers/STM32L4xx_HAL_Driver/Src/stm32l4xx_hal_rcc_ex.c ****     {
 1015              		.loc 1 547 7 view .LVU324
 1016 0248 B3F1006F 		cmp	r3, #134217728
 1017 024c 58D0     		beq	.L102
 555:Drivers/STM32L4xx_HAL_Driver/Src/stm32l4xx_hal_rcc_ex.c ****       {
 1018              		.loc 1 555 7 is_stmt 1 view .LVU325
 555:Drivers/STM32L4xx_HAL_Driver/Src/stm32l4xx_hal_rcc_ex.c ****       {
 1019              		.loc 1 555 9 is_stmt 0 view .LVU326
 1020 024e B3F1806F 		cmp	r3, #67108864
 1021 0252 5AD0     		beq	.L103
 1022              	.LVL81:
 1023              	.L79:
 575:Drivers/STM32L4xx_HAL_Driver/Src/stm32l4xx_hal_rcc_ex.c ****   {
 1024              		.loc 1 575 3 is_stmt 1 view .LVU327
 575:Drivers/STM32L4xx_HAL_Driver/Src/stm32l4xx_hal_rcc_ex.c ****   {
 1025              		.loc 1 575 21 is_stmt 0 view .LVU328
 1026 0254 2368     		ldr	r3, [r4]
ARM GAS  /tmp/ccFN0S9l.s 			page 86


 575:Drivers/STM32L4xx_HAL_Driver/Src/stm32l4xx_hal_rcc_ex.c ****   {
 1027              		.loc 1 575 5 view .LVU329
 1028 0256 13F4002F 		tst	r3, #524288
 1029 025a 0FD0     		beq	.L81
 577:Drivers/STM32L4xx_HAL_Driver/Src/stm32l4xx_hal_rcc_ex.c ****     __HAL_RCC_SDMMC1_CONFIG(PeriphClkInit->Sdmmc1ClockSelection);
 1030              		.loc 1 577 5 is_stmt 1 view .LVU330
 578:Drivers/STM32L4xx_HAL_Driver/Src/stm32l4xx_hal_rcc_ex.c **** 
 1031              		.loc 1 578 5 view .LVU331
 1032 025c 234A     		ldr	r2, .L109
 1033 025e D2F88830 		ldr	r3, [r2, #136]
 1034 0262 23F04063 		bic	r3, r3, #201326592
 1035 0266 E16C     		ldr	r1, [r4, #76]
 1036 0268 0B43     		orrs	r3, r3, r1
 1037 026a C2F88830 		str	r3, [r2, #136]
 580:Drivers/STM32L4xx_HAL_Driver/Src/stm32l4xx_hal_rcc_ex.c ****     {
 1038              		.loc 1 580 5 view .LVU332
 580:Drivers/STM32L4xx_HAL_Driver/Src/stm32l4xx_hal_rcc_ex.c ****     {
 1039              		.loc 1 580 21 is_stmt 0 view .LVU333
 1040 026e E36C     		ldr	r3, [r4, #76]
 580:Drivers/STM32L4xx_HAL_Driver/Src/stm32l4xx_hal_rcc_ex.c ****     {
 1041              		.loc 1 580 7 view .LVU334
 1042 0270 B3F1006F 		cmp	r3, #134217728
 1043 0274 51D0     		beq	.L104
 592:Drivers/STM32L4xx_HAL_Driver/Src/stm32l4xx_hal_rcc_ex.c ****     {
 1044              		.loc 1 592 10 is_stmt 1 view .LVU335
 592:Drivers/STM32L4xx_HAL_Driver/Src/stm32l4xx_hal_rcc_ex.c ****     {
 1045              		.loc 1 592 12 is_stmt 0 view .LVU336
 1046 0276 B3F1806F 		cmp	r3, #67108864
 1047 027a 53D0     		beq	.L105
 1048              	.LVL82:
 1049              	.L81:
 606:Drivers/STM32L4xx_HAL_Driver/Src/stm32l4xx_hal_rcc_ex.c ****   }
 1050              		.loc 1 606 5 is_stmt 1 view .LVU337
 612:Drivers/STM32L4xx_HAL_Driver/Src/stm32l4xx_hal_rcc_ex.c ****   {
 1051              		.loc 1 612 3 view .LVU338
 612:Drivers/STM32L4xx_HAL_Driver/Src/stm32l4xx_hal_rcc_ex.c ****   {
 1052              		.loc 1 612 21 is_stmt 0 view .LVU339
 1053 027c 2368     		ldr	r3, [r4]
 612:Drivers/STM32L4xx_HAL_Driver/Src/stm32l4xx_hal_rcc_ex.c ****   {
 1054              		.loc 1 612 5 view .LVU340
 1055 027e 13F4802F 		tst	r3, #262144
 1056 0282 0FD0     		beq	.L83
 614:Drivers/STM32L4xx_HAL_Driver/Src/stm32l4xx_hal_rcc_ex.c ****     __HAL_RCC_RNG_CONFIG(PeriphClkInit->RngClockSelection);
 1057              		.loc 1 614 5 is_stmt 1 view .LVU341
 615:Drivers/STM32L4xx_HAL_Driver/Src/stm32l4xx_hal_rcc_ex.c **** 
 1058              		.loc 1 615 5 view .LVU342
 1059 0284 194A     		ldr	r2, .L109
 1060 0286 D2F88830 		ldr	r3, [r2, #136]
 1061 028a 23F04063 		bic	r3, r3, #201326592
 1062 028e 216D     		ldr	r1, [r4, #80]
 1063 0290 0B43     		orrs	r3, r3, r1
 1064 0292 C2F88830 		str	r3, [r2, #136]
 617:Drivers/STM32L4xx_HAL_Driver/Src/stm32l4xx_hal_rcc_ex.c ****     {
 1065              		.loc 1 617 5 view .LVU343
 617:Drivers/STM32L4xx_HAL_Driver/Src/stm32l4xx_hal_rcc_ex.c ****     {
 1066              		.loc 1 617 21 is_stmt 0 view .LVU344
 1067 0296 236D     		ldr	r3, [r4, #80]
ARM GAS  /tmp/ccFN0S9l.s 			page 87


 617:Drivers/STM32L4xx_HAL_Driver/Src/stm32l4xx_hal_rcc_ex.c ****     {
 1068              		.loc 1 617 7 view .LVU345
 1069 0298 B3F1006F 		cmp	r3, #134217728
 1070 029c 4AD0     		beq	.L106
 623:Drivers/STM32L4xx_HAL_Driver/Src/stm32l4xx_hal_rcc_ex.c ****     {
 1071              		.loc 1 623 10 is_stmt 1 view .LVU346
 623:Drivers/STM32L4xx_HAL_Driver/Src/stm32l4xx_hal_rcc_ex.c ****     {
 1072              		.loc 1 623 12 is_stmt 0 view .LVU347
 1073 029e B3F1806F 		cmp	r3, #67108864
 1074 02a2 4CD0     		beq	.L107
 1075              	.LVL83:
 1076              	.L83:
 638:Drivers/STM32L4xx_HAL_Driver/Src/stm32l4xx_hal_rcc_ex.c ****   }
 1077              		.loc 1 638 5 is_stmt 1 view .LVU348
 643:Drivers/STM32L4xx_HAL_Driver/Src/stm32l4xx_hal_rcc_ex.c ****   {
 1078              		.loc 1 643 3 view .LVU349
 643:Drivers/STM32L4xx_HAL_Driver/Src/stm32l4xx_hal_rcc_ex.c ****   {
 1079              		.loc 1 643 21 is_stmt 0 view .LVU350
 1080 02a4 2368     		ldr	r3, [r4]
 643:Drivers/STM32L4xx_HAL_Driver/Src/stm32l4xx_hal_rcc_ex.c ****   {
 1081              		.loc 1 643 5 view .LVU351
 1082 02a6 13F4804F 		tst	r3, #16384
 1083 02aa 0CD0     		beq	.L85
 646:Drivers/STM32L4xx_HAL_Driver/Src/stm32l4xx_hal_rcc_ex.c **** 
 1084              		.loc 1 646 5 is_stmt 1 view .LVU352
 649:Drivers/STM32L4xx_HAL_Driver/Src/stm32l4xx_hal_rcc_ex.c **** 
 1085              		.loc 1 649 5 view .LVU353
 1086 02ac 0F4A     		ldr	r2, .L109
 1087 02ae D2F88830 		ldr	r3, [r2, #136]
 1088 02b2 23F04053 		bic	r3, r3, #805306368
 1089 02b6 616D     		ldr	r1, [r4, #84]
 1090 02b8 0B43     		orrs	r3, r3, r1
 1091 02ba C2F88830 		str	r3, [r2, #136]
 652:Drivers/STM32L4xx_HAL_Driver/Src/stm32l4xx_hal_rcc_ex.c ****     {
 1092              		.loc 1 652 5 view .LVU354
 652:Drivers/STM32L4xx_HAL_Driver/Src/stm32l4xx_hal_rcc_ex.c ****     {
 1093              		.loc 1 652 21 is_stmt 0 view .LVU355
 1094 02be 636D     		ldr	r3, [r4, #84]
 652:Drivers/STM32L4xx_HAL_Driver/Src/stm32l4xx_hal_rcc_ex.c ****     {
 1095              		.loc 1 652 7 view .LVU356
 1096 02c0 B3F1805F 		cmp	r3, #268435456
 1097 02c4 43D0     		beq	.L108
 1098              	.LVL84:
 1099              	.L85:
 691:Drivers/STM32L4xx_HAL_Driver/Src/stm32l4xx_hal_rcc_ex.c ****   {
 1100              		.loc 1 691 3 is_stmt 1 view .LVU357
 691:Drivers/STM32L4xx_HAL_Driver/Src/stm32l4xx_hal_rcc_ex.c ****   {
 1101              		.loc 1 691 21 is_stmt 0 view .LVU358
 1102 02c6 2368     		ldr	r3, [r4]
 691:Drivers/STM32L4xx_HAL_Driver/Src/stm32l4xx_hal_rcc_ex.c ****   {
 1103              		.loc 1 691 5 view .LVU359
 1104 02c8 13F4004F 		tst	r3, #32768
 1105 02cc 08D0     		beq	.L86
 694:Drivers/STM32L4xx_HAL_Driver/Src/stm32l4xx_hal_rcc_ex.c **** 
 1106              		.loc 1 694 5 is_stmt 1 view .LVU360
 697:Drivers/STM32L4xx_HAL_Driver/Src/stm32l4xx_hal_rcc_ex.c ****   }
 1107              		.loc 1 697 5 view .LVU361
ARM GAS  /tmp/ccFN0S9l.s 			page 88


 1108 02ce 074A     		ldr	r2, .L109
 1109 02d0 D2F88830 		ldr	r3, [r2, #136]
 1110 02d4 23F08043 		bic	r3, r3, #1073741824
 1111 02d8 A16D     		ldr	r1, [r4, #88]
 1112 02da 0B43     		orrs	r3, r3, r1
 1113 02dc C2F88830 		str	r3, [r2, #136]
 1114              	.L86:
 817:Drivers/STM32L4xx_HAL_Driver/Src/stm32l4xx_hal_rcc_ex.c **** }
 1115              		.loc 1 817 3 view .LVU362
 818:Drivers/STM32L4xx_HAL_Driver/Src/stm32l4xx_hal_rcc_ex.c **** 
 1116              		.loc 1 818 1 is_stmt 0 view .LVU363
 1117 02e0 3046     		mov	r0, r6
 1118 02e2 02B0     		add	sp, sp, #8
 1119              	.LCFI7:
 1120              		.cfi_remember_state
 1121              		.cfi_def_cfa_offset 24
 1122              		@ sp needed
 1123 02e4 BDE8F081 		pop	{r4, r5, r6, r7, r8, pc}
 1124              	.LVL85:
 1125              	.L94:
 1126              	.LCFI8:
 1127              		.cfi_restore_state
 1128              	.LBB4:
 389:Drivers/STM32L4xx_HAL_Driver/Src/stm32l4xx_hal_rcc_ex.c ****       }
 1129              		.loc 1 389 16 view .LVU364
 1130 02e8 3E46     		mov	r6, r7
 1131              	.LVL86:
 389:Drivers/STM32L4xx_HAL_Driver/Src/stm32l4xx_hal_rcc_ex.c ****       }
 1132              		.loc 1 389 16 view .LVU365
 1133 02ea 26E7     		b	.L65
 1134              	.L110:
 1135              		.align	2
 1136              	.L109:
 1137 02ec 00100240 		.word	1073876992
 1138 02f0 00700040 		.word	1073770496
 1139              	.LVL87:
 1140              	.L101:
 401:Drivers/STM32L4xx_HAL_Driver/Src/stm32l4xx_hal_rcc_ex.c ****     }
 1141              		.loc 1 401 7 is_stmt 1 view .LVU366
 1142 02f4 1A4A     		ldr	r2, .L111
 1143 02f6 936D     		ldr	r3, [r2, #88]
 1144 02f8 23F08053 		bic	r3, r3, #268435456
 1145 02fc 9365     		str	r3, [r2, #88]
 1146 02fe 20E7     		b	.L60
 1147              	.LVL88:
 1148              	.L102:
 401:Drivers/STM32L4xx_HAL_Driver/Src/stm32l4xx_hal_rcc_ex.c ****     }
 1149              		.loc 1 401 7 is_stmt 0 view .LVU367
 1150              	.LBE4:
 550:Drivers/STM32L4xx_HAL_Driver/Src/stm32l4xx_hal_rcc_ex.c ****     }
 1151              		.loc 1 550 7 is_stmt 1 view .LVU368
 1152 0300 D368     		ldr	r3, [r2, #12]
 1153 0302 43F48013 		orr	r3, r3, #1048576
 1154 0306 D360     		str	r3, [r2, #12]
 1155 0308 A4E7     		b	.L79
 1156              	.L103:
 558:Drivers/STM32L4xx_HAL_Driver/Src/stm32l4xx_hal_rcc_ex.c **** 
ARM GAS  /tmp/ccFN0S9l.s 			page 89


 1157              		.loc 1 558 9 view .LVU369
 558:Drivers/STM32L4xx_HAL_Driver/Src/stm32l4xx_hal_rcc_ex.c **** 
 1158              		.loc 1 558 15 is_stmt 0 view .LVU370
 1159 030a 0121     		movs	r1, #1
 1160 030c 201D     		adds	r0, r4, #4
 1161 030e FFF7FEFF 		bl	RCCEx_PLLSAI1_Config
 1162              	.LVL89:
 560:Drivers/STM32L4xx_HAL_Driver/Src/stm32l4xx_hal_rcc_ex.c ****         {
 1163              		.loc 1 560 9 is_stmt 1 view .LVU371
 560:Drivers/STM32L4xx_HAL_Driver/Src/stm32l4xx_hal_rcc_ex.c ****         {
 1164              		.loc 1 560 11 is_stmt 0 view .LVU372
 1165 0312 0028     		cmp	r0, #0
 1166 0314 9ED0     		beq	.L79
 563:Drivers/STM32L4xx_HAL_Driver/Src/stm32l4xx_hal_rcc_ex.c ****         }
 1167              		.loc 1 563 18 view .LVU373
 1168 0316 0646     		mov	r6, r0
 1169              	.LVL90:
 563:Drivers/STM32L4xx_HAL_Driver/Src/stm32l4xx_hal_rcc_ex.c ****         }
 1170              		.loc 1 563 18 view .LVU374
 1171 0318 9CE7     		b	.L79
 1172              	.LVL91:
 1173              	.L104:
 583:Drivers/STM32L4xx_HAL_Driver/Src/stm32l4xx_hal_rcc_ex.c ****     }
 1174              		.loc 1 583 7 is_stmt 1 view .LVU375
 1175 031a D368     		ldr	r3, [r2, #12]
 1176 031c 43F48013 		orr	r3, r3, #1048576
 1177 0320 D360     		str	r3, [r2, #12]
 1178 0322 ABE7     		b	.L81
 1179              	.L105:
 595:Drivers/STM32L4xx_HAL_Driver/Src/stm32l4xx_hal_rcc_ex.c **** 
 1180              		.loc 1 595 7 view .LVU376
 595:Drivers/STM32L4xx_HAL_Driver/Src/stm32l4xx_hal_rcc_ex.c **** 
 1181              		.loc 1 595 13 is_stmt 0 view .LVU377
 1182 0324 0121     		movs	r1, #1
 1183 0326 201D     		adds	r0, r4, #4
 1184 0328 FFF7FEFF 		bl	RCCEx_PLLSAI1_Config
 1185              	.LVL92:
 597:Drivers/STM32L4xx_HAL_Driver/Src/stm32l4xx_hal_rcc_ex.c ****       {
 1186              		.loc 1 597 7 is_stmt 1 view .LVU378
 597:Drivers/STM32L4xx_HAL_Driver/Src/stm32l4xx_hal_rcc_ex.c ****       {
 1187              		.loc 1 597 9 is_stmt 0 view .LVU379
 1188 032c 0028     		cmp	r0, #0
 1189 032e A5D0     		beq	.L81
 600:Drivers/STM32L4xx_HAL_Driver/Src/stm32l4xx_hal_rcc_ex.c ****       }
 1190              		.loc 1 600 16 view .LVU380
 1191 0330 0646     		mov	r6, r0
 1192              	.LVL93:
 600:Drivers/STM32L4xx_HAL_Driver/Src/stm32l4xx_hal_rcc_ex.c ****       }
 1193              		.loc 1 600 16 view .LVU381
 1194 0332 A3E7     		b	.L81
 1195              	.LVL94:
 1196              	.L106:
 620:Drivers/STM32L4xx_HAL_Driver/Src/stm32l4xx_hal_rcc_ex.c ****     }
 1197              		.loc 1 620 7 is_stmt 1 view .LVU382
 1198 0334 D368     		ldr	r3, [r2, #12]
 1199 0336 43F48013 		orr	r3, r3, #1048576
 1200 033a D360     		str	r3, [r2, #12]
ARM GAS  /tmp/ccFN0S9l.s 			page 90


 1201 033c B2E7     		b	.L83
 1202              	.L107:
 626:Drivers/STM32L4xx_HAL_Driver/Src/stm32l4xx_hal_rcc_ex.c **** 
 1203              		.loc 1 626 7 view .LVU383
 626:Drivers/STM32L4xx_HAL_Driver/Src/stm32l4xx_hal_rcc_ex.c **** 
 1204              		.loc 1 626 13 is_stmt 0 view .LVU384
 1205 033e 0121     		movs	r1, #1
 1206 0340 201D     		adds	r0, r4, #4
 1207 0342 FFF7FEFF 		bl	RCCEx_PLLSAI1_Config
 1208              	.LVL95:
 628:Drivers/STM32L4xx_HAL_Driver/Src/stm32l4xx_hal_rcc_ex.c ****       {
 1209              		.loc 1 628 7 is_stmt 1 view .LVU385
 628:Drivers/STM32L4xx_HAL_Driver/Src/stm32l4xx_hal_rcc_ex.c ****       {
 1210              		.loc 1 628 9 is_stmt 0 view .LVU386
 1211 0346 0028     		cmp	r0, #0
 1212 0348 ACD0     		beq	.L83
 631:Drivers/STM32L4xx_HAL_Driver/Src/stm32l4xx_hal_rcc_ex.c ****       }
 1213              		.loc 1 631 16 view .LVU387
 1214 034a 0646     		mov	r6, r0
 1215              	.LVL96:
 631:Drivers/STM32L4xx_HAL_Driver/Src/stm32l4xx_hal_rcc_ex.c ****       }
 1216              		.loc 1 631 16 view .LVU388
 1217 034c AAE7     		b	.L83
 1218              	.LVL97:
 1219              	.L108:
 655:Drivers/STM32L4xx_HAL_Driver/Src/stm32l4xx_hal_rcc_ex.c **** 
 1220              		.loc 1 655 7 is_stmt 1 view .LVU389
 655:Drivers/STM32L4xx_HAL_Driver/Src/stm32l4xx_hal_rcc_ex.c **** 
 1221              		.loc 1 655 13 is_stmt 0 view .LVU390
 1222 034e 0221     		movs	r1, #2
 1223 0350 201D     		adds	r0, r4, #4
 1224 0352 FFF7FEFF 		bl	RCCEx_PLLSAI1_Config
 1225              	.LVL98:
 657:Drivers/STM32L4xx_HAL_Driver/Src/stm32l4xx_hal_rcc_ex.c ****       {
 1226              		.loc 1 657 7 is_stmt 1 view .LVU391
 657:Drivers/STM32L4xx_HAL_Driver/Src/stm32l4xx_hal_rcc_ex.c ****       {
 1227              		.loc 1 657 9 is_stmt 0 view .LVU392
 1228 0356 0028     		cmp	r0, #0
 1229 0358 B5D0     		beq	.L85
 660:Drivers/STM32L4xx_HAL_Driver/Src/stm32l4xx_hal_rcc_ex.c ****       }
 1230              		.loc 1 660 16 view .LVU393
 1231 035a 0646     		mov	r6, r0
 1232              	.LVL99:
 660:Drivers/STM32L4xx_HAL_Driver/Src/stm32l4xx_hal_rcc_ex.c ****       }
 1233              		.loc 1 660 16 view .LVU394
 1234 035c B3E7     		b	.L85
 1235              	.L112:
 1236 035e 00BF     		.align	2
 1237              	.L111:
 1238 0360 00100240 		.word	1073876992
 1239              		.cfi_endproc
 1240              	.LFE384:
 1242              		.section	.text.HAL_RCCEx_GetPeriphCLKConfig,"ax",%progbits
 1243              		.align	1
 1244              		.global	HAL_RCCEx_GetPeriphCLKConfig
 1245              		.syntax unified
 1246              		.thumb
ARM GAS  /tmp/ccFN0S9l.s 			page 91


 1247              		.thumb_func
 1249              	HAL_RCCEx_GetPeriphCLKConfig:
 1250              	.LVL100:
 1251              	.LFB385:
 829:Drivers/STM32L4xx_HAL_Driver/Src/stm32l4xx_hal_rcc_ex.c ****   /* Set all possible values for the extended clock type parameter------------*/
 1252              		.loc 1 829 1 is_stmt 1 view -0
 1253              		.cfi_startproc
 1254              		@ args = 0, pretend = 0, frame = 0
 1255              		@ frame_needed = 0, uses_anonymous_args = 0
 1256              		@ link register save eliminated.
 858:Drivers/STM32L4xx_HAL_Driver/Src/stm32l4xx_hal_rcc_ex.c ****                                         RCC_PERIPHCLK_LPUART1 | RCC_PERIPHCLK_I2C1   | RCC_PERIPHCL
 1257              		.loc 1 858 3 view .LVU396
 858:Drivers/STM32L4xx_HAL_Driver/Src/stm32l4xx_hal_rcc_ex.c ****                                         RCC_PERIPHCLK_LPUART1 | RCC_PERIPHCLK_I2C1   | RCC_PERIPHCL
 1258              		.loc 1 858 39 is_stmt 0 view .LVU397
 1259 0000 394B     		ldr	r3, .L114
 1260 0002 0360     		str	r3, [r0]
 934:Drivers/STM32L4xx_HAL_Driver/Src/stm32l4xx_hal_rcc_ex.c **** #if defined(RCC_PLLSAI1M_DIV_1_16_SUPPORT)
 1261              		.loc 1 934 3 is_stmt 1 view .LVU398
 934:Drivers/STM32L4xx_HAL_Driver/Src/stm32l4xx_hal_rcc_ex.c **** #if defined(RCC_PLLSAI1M_DIV_1_16_SUPPORT)
 1262              		.loc 1 934 42 is_stmt 0 view .LVU399
 1263 0004 394B     		ldr	r3, .L114+4
 1264 0006 DA68     		ldr	r2, [r3, #12]
 934:Drivers/STM32L4xx_HAL_Driver/Src/stm32l4xx_hal_rcc_ex.c **** #if defined(RCC_PLLSAI1M_DIV_1_16_SUPPORT)
 1265              		.loc 1 934 85 view .LVU400
 1266 0008 02F00302 		and	r2, r2, #3
 934:Drivers/STM32L4xx_HAL_Driver/Src/stm32l4xx_hal_rcc_ex.c **** #if defined(RCC_PLLSAI1M_DIV_1_16_SUPPORT)
 1267              		.loc 1 934 40 view .LVU401
 1268 000c 4260     		str	r2, [r0, #4]
 938:Drivers/STM32L4xx_HAL_Driver/Src/stm32l4xx_hal_rcc_ex.c **** #endif /* RCC_PLLSAI1M_DIV_1_16_SUPPORT */
 1269              		.loc 1 938 3 is_stmt 1 view .LVU402
 938:Drivers/STM32L4xx_HAL_Driver/Src/stm32l4xx_hal_rcc_ex.c **** #endif /* RCC_PLLSAI1M_DIV_1_16_SUPPORT */
 1270              		.loc 1 938 38 is_stmt 0 view .LVU403
 1271 000e DA68     		ldr	r2, [r3, #12]
 938:Drivers/STM32L4xx_HAL_Driver/Src/stm32l4xx_hal_rcc_ex.c **** #endif /* RCC_PLLSAI1M_DIV_1_16_SUPPORT */
 1272              		.loc 1 938 79 view .LVU404
 1273 0010 C2F30212 		ubfx	r2, r2, #4, #3
 938:Drivers/STM32L4xx_HAL_Driver/Src/stm32l4xx_hal_rcc_ex.c **** #endif /* RCC_PLLSAI1M_DIV_1_16_SUPPORT */
 1274              		.loc 1 938 104 view .LVU405
 1275 0014 0132     		adds	r2, r2, #1
 938:Drivers/STM32L4xx_HAL_Driver/Src/stm32l4xx_hal_rcc_ex.c **** #endif /* RCC_PLLSAI1M_DIV_1_16_SUPPORT */
 1276              		.loc 1 938 35 view .LVU406
 1277 0016 8260     		str	r2, [r0, #8]
 940:Drivers/STM32L4xx_HAL_Driver/Src/stm32l4xx_hal_rcc_ex.c ****   PeriphClkInit->PLLSAI1.PLLSAI1P = ((READ_BIT(RCC->PLLSAI1CFGR, RCC_PLLSAI1CFGR_PLLSAI1P) >> RCC_P
 1278              		.loc 1 940 3 is_stmt 1 view .LVU407
 940:Drivers/STM32L4xx_HAL_Driver/Src/stm32l4xx_hal_rcc_ex.c ****   PeriphClkInit->PLLSAI1.PLLSAI1P = ((READ_BIT(RCC->PLLSAI1CFGR, RCC_PLLSAI1CFGR_PLLSAI1P) >> RCC_P
 1279              		.loc 1 940 37 is_stmt 0 view .LVU408
 1280 0018 1A69     		ldr	r2, [r3, #16]
 940:Drivers/STM32L4xx_HAL_Driver/Src/stm32l4xx_hal_rcc_ex.c ****   PeriphClkInit->PLLSAI1.PLLSAI1P = ((READ_BIT(RCC->PLLSAI1CFGR, RCC_PLLSAI1CFGR_PLLSAI1P) >> RCC_P
 1281              		.loc 1 940 90 view .LVU409
 1282 001a C2F30622 		ubfx	r2, r2, #8, #7
 940:Drivers/STM32L4xx_HAL_Driver/Src/stm32l4xx_hal_rcc_ex.c ****   PeriphClkInit->PLLSAI1.PLLSAI1P = ((READ_BIT(RCC->PLLSAI1CFGR, RCC_PLLSAI1CFGR_PLLSAI1P) >> RCC_P
 1283              		.loc 1 940 35 view .LVU410
 1284 001e C260     		str	r2, [r0, #12]
 941:Drivers/STM32L4xx_HAL_Driver/Src/stm32l4xx_hal_rcc_ex.c ****   PeriphClkInit->PLLSAI1.PLLSAI1Q = ((READ_BIT(RCC->PLLSAI1CFGR, RCC_PLLSAI1CFGR_PLLSAI1Q) >> RCC_P
 1285              		.loc 1 941 3 is_stmt 1 view .LVU411
 941:Drivers/STM32L4xx_HAL_Driver/Src/stm32l4xx_hal_rcc_ex.c ****   PeriphClkInit->PLLSAI1.PLLSAI1Q = ((READ_BIT(RCC->PLLSAI1CFGR, RCC_PLLSAI1CFGR_PLLSAI1Q) >> RCC_P
 1286              		.loc 1 941 39 is_stmt 0 view .LVU412
ARM GAS  /tmp/ccFN0S9l.s 			page 92


 1287 0020 1A69     		ldr	r2, [r3, #16]
 941:Drivers/STM32L4xx_HAL_Driver/Src/stm32l4xx_hal_rcc_ex.c ****   PeriphClkInit->PLLSAI1.PLLSAI1Q = ((READ_BIT(RCC->PLLSAI1CFGR, RCC_PLLSAI1CFGR_PLLSAI1Q) >> RCC_P
 1288              		.loc 1 941 92 view .LVU413
 1289 0022 520C     		lsrs	r2, r2, #17
 941:Drivers/STM32L4xx_HAL_Driver/Src/stm32l4xx_hal_rcc_ex.c ****   PeriphClkInit->PLLSAI1.PLLSAI1Q = ((READ_BIT(RCC->PLLSAI1CFGR, RCC_PLLSAI1CFGR_PLLSAI1Q) >> RCC_P
 1290              		.loc 1 941 125 view .LVU414
 1291 0024 1201     		lsls	r2, r2, #4
 1292 0026 02F01002 		and	r2, r2, #16
 941:Drivers/STM32L4xx_HAL_Driver/Src/stm32l4xx_hal_rcc_ex.c ****   PeriphClkInit->PLLSAI1.PLLSAI1Q = ((READ_BIT(RCC->PLLSAI1CFGR, RCC_PLLSAI1CFGR_PLLSAI1Q) >> RCC_P
 1293              		.loc 1 941 132 view .LVU415
 1294 002a 0732     		adds	r2, r2, #7
 941:Drivers/STM32L4xx_HAL_Driver/Src/stm32l4xx_hal_rcc_ex.c ****   PeriphClkInit->PLLSAI1.PLLSAI1Q = ((READ_BIT(RCC->PLLSAI1CFGR, RCC_PLLSAI1CFGR_PLLSAI1Q) >> RCC_P
 1295              		.loc 1 941 35 view .LVU416
 1296 002c 0261     		str	r2, [r0, #16]
 942:Drivers/STM32L4xx_HAL_Driver/Src/stm32l4xx_hal_rcc_ex.c ****   PeriphClkInit->PLLSAI1.PLLSAI1R = ((READ_BIT(RCC->PLLSAI1CFGR, RCC_PLLSAI1CFGR_PLLSAI1R) >> RCC_P
 1297              		.loc 1 942 3 is_stmt 1 view .LVU417
 942:Drivers/STM32L4xx_HAL_Driver/Src/stm32l4xx_hal_rcc_ex.c ****   PeriphClkInit->PLLSAI1.PLLSAI1R = ((READ_BIT(RCC->PLLSAI1CFGR, RCC_PLLSAI1CFGR_PLLSAI1R) >> RCC_P
 1298              		.loc 1 942 39 is_stmt 0 view .LVU418
 1299 002e 1A69     		ldr	r2, [r3, #16]
 942:Drivers/STM32L4xx_HAL_Driver/Src/stm32l4xx_hal_rcc_ex.c ****   PeriphClkInit->PLLSAI1.PLLSAI1R = ((READ_BIT(RCC->PLLSAI1CFGR, RCC_PLLSAI1CFGR_PLLSAI1R) >> RCC_P
 1300              		.loc 1 942 92 view .LVU419
 1301 0030 C2F34152 		ubfx	r2, r2, #21, #2
 942:Drivers/STM32L4xx_HAL_Driver/Src/stm32l4xx_hal_rcc_ex.c ****   PeriphClkInit->PLLSAI1.PLLSAI1R = ((READ_BIT(RCC->PLLSAI1CFGR, RCC_PLLSAI1CFGR_PLLSAI1R) >> RCC_P
 1302              		.loc 1 942 125 view .LVU420
 1303 0034 0132     		adds	r2, r2, #1
 942:Drivers/STM32L4xx_HAL_Driver/Src/stm32l4xx_hal_rcc_ex.c ****   PeriphClkInit->PLLSAI1.PLLSAI1R = ((READ_BIT(RCC->PLLSAI1CFGR, RCC_PLLSAI1CFGR_PLLSAI1R) >> RCC_P
 1304              		.loc 1 942 131 view .LVU421
 1305 0036 5200     		lsls	r2, r2, #1
 942:Drivers/STM32L4xx_HAL_Driver/Src/stm32l4xx_hal_rcc_ex.c ****   PeriphClkInit->PLLSAI1.PLLSAI1R = ((READ_BIT(RCC->PLLSAI1CFGR, RCC_PLLSAI1CFGR_PLLSAI1R) >> RCC_P
 1306              		.loc 1 942 35 view .LVU422
 1307 0038 4261     		str	r2, [r0, #20]
 943:Drivers/STM32L4xx_HAL_Driver/Src/stm32l4xx_hal_rcc_ex.c **** 
 1308              		.loc 1 943 3 is_stmt 1 view .LVU423
 943:Drivers/STM32L4xx_HAL_Driver/Src/stm32l4xx_hal_rcc_ex.c **** 
 1309              		.loc 1 943 39 is_stmt 0 view .LVU424
 1310 003a 1A69     		ldr	r2, [r3, #16]
 943:Drivers/STM32L4xx_HAL_Driver/Src/stm32l4xx_hal_rcc_ex.c **** 
 1311              		.loc 1 943 92 view .LVU425
 1312 003c C2F34162 		ubfx	r2, r2, #25, #2
 943:Drivers/STM32L4xx_HAL_Driver/Src/stm32l4xx_hal_rcc_ex.c **** 
 1313              		.loc 1 943 125 view .LVU426
 1314 0040 0132     		adds	r2, r2, #1
 943:Drivers/STM32L4xx_HAL_Driver/Src/stm32l4xx_hal_rcc_ex.c **** 
 1315              		.loc 1 943 131 view .LVU427
 1316 0042 5200     		lsls	r2, r2, #1
 943:Drivers/STM32L4xx_HAL_Driver/Src/stm32l4xx_hal_rcc_ex.c **** 
 1317              		.loc 1 943 35 view .LVU428
 1318 0044 8261     		str	r2, [r0, #24]
 967:Drivers/STM32L4xx_HAL_Driver/Src/stm32l4xx_hal_rcc_ex.c ****   /* Get the USART2 clock source ---------------------------------------------*/
 1319              		.loc 1 967 3 is_stmt 1 view .LVU429
 967:Drivers/STM32L4xx_HAL_Driver/Src/stm32l4xx_hal_rcc_ex.c ****   /* Get the USART2 clock source ---------------------------------------------*/
 1320              		.loc 1 967 42 is_stmt 0 view .LVU430
 1321 0046 D3F88820 		ldr	r2, [r3, #136]
 1322 004a 02F00302 		and	r2, r2, #3
 967:Drivers/STM32L4xx_HAL_Driver/Src/stm32l4xx_hal_rcc_ex.c ****   /* Get the USART2 clock source ---------------------------------------------*/
 1323              		.loc 1 967 40 view .LVU431
 1324 004e 0262     		str	r2, [r0, #32]
ARM GAS  /tmp/ccFN0S9l.s 			page 93


 969:Drivers/STM32L4xx_HAL_Driver/Src/stm32l4xx_hal_rcc_ex.c **** 
 1325              		.loc 1 969 3 is_stmt 1 view .LVU432
 969:Drivers/STM32L4xx_HAL_Driver/Src/stm32l4xx_hal_rcc_ex.c **** 
 1326              		.loc 1 969 42 is_stmt 0 view .LVU433
 1327 0050 D3F88820 		ldr	r2, [r3, #136]
 1328 0054 02F00C02 		and	r2, r2, #12
 969:Drivers/STM32L4xx_HAL_Driver/Src/stm32l4xx_hal_rcc_ex.c **** 
 1329              		.loc 1 969 40 view .LVU434
 1330 0058 4262     		str	r2, [r0, #36]
 973:Drivers/STM32L4xx_HAL_Driver/Src/stm32l4xx_hal_rcc_ex.c **** #endif /* USART3 */
 1331              		.loc 1 973 3 is_stmt 1 view .LVU435
 973:Drivers/STM32L4xx_HAL_Driver/Src/stm32l4xx_hal_rcc_ex.c **** #endif /* USART3 */
 1332              		.loc 1 973 42 is_stmt 0 view .LVU436
 1333 005a D3F88820 		ldr	r2, [r3, #136]
 1334 005e 02F03002 		and	r2, r2, #48
 973:Drivers/STM32L4xx_HAL_Driver/Src/stm32l4xx_hal_rcc_ex.c **** #endif /* USART3 */
 1335              		.loc 1 973 40 view .LVU437
 1336 0062 8262     		str	r2, [r0, #40]
 987:Drivers/STM32L4xx_HAL_Driver/Src/stm32l4xx_hal_rcc_ex.c **** 
 1337              		.loc 1 987 3 is_stmt 1 view .LVU438
 987:Drivers/STM32L4xx_HAL_Driver/Src/stm32l4xx_hal_rcc_ex.c **** 
 1338              		.loc 1 987 42 is_stmt 0 view .LVU439
 1339 0064 D3F88820 		ldr	r2, [r3, #136]
 1340 0068 02F44062 		and	r2, r2, #3072
 987:Drivers/STM32L4xx_HAL_Driver/Src/stm32l4xx_hal_rcc_ex.c **** 
 1341              		.loc 1 987 40 view .LVU440
 1342 006c C262     		str	r2, [r0, #44]
 990:Drivers/STM32L4xx_HAL_Driver/Src/stm32l4xx_hal_rcc_ex.c **** 
 1343              		.loc 1 990 3 is_stmt 1 view .LVU441
 990:Drivers/STM32L4xx_HAL_Driver/Src/stm32l4xx_hal_rcc_ex.c **** 
 1344              		.loc 1 990 42 is_stmt 0 view .LVU442
 1345 006e D3F88820 		ldr	r2, [r3, #136]
 1346 0072 02F44052 		and	r2, r2, #12288
 990:Drivers/STM32L4xx_HAL_Driver/Src/stm32l4xx_hal_rcc_ex.c **** 
 1347              		.loc 1 990 40 view .LVU443
 1348 0076 0263     		str	r2, [r0, #48]
 994:Drivers/STM32L4xx_HAL_Driver/Src/stm32l4xx_hal_rcc_ex.c **** #endif /* I2C2 */
 1349              		.loc 1 994 3 is_stmt 1 view .LVU444
 994:Drivers/STM32L4xx_HAL_Driver/Src/stm32l4xx_hal_rcc_ex.c **** #endif /* I2C2 */
 1350              		.loc 1 994 42 is_stmt 0 view .LVU445
 1351 0078 D3F88820 		ldr	r2, [r3, #136]
 1352 007c 02F44042 		and	r2, r2, #49152
 994:Drivers/STM32L4xx_HAL_Driver/Src/stm32l4xx_hal_rcc_ex.c **** #endif /* I2C2 */
 1353              		.loc 1 994 40 view .LVU446
 1354 0080 4263     		str	r2, [r0, #52]
 998:Drivers/STM32L4xx_HAL_Driver/Src/stm32l4xx_hal_rcc_ex.c **** 
 1355              		.loc 1 998 3 is_stmt 1 view .LVU447
 998:Drivers/STM32L4xx_HAL_Driver/Src/stm32l4xx_hal_rcc_ex.c **** 
 1356              		.loc 1 998 42 is_stmt 0 view .LVU448
 1357 0082 D3F88820 		ldr	r2, [r3, #136]
 1358 0086 02F44032 		and	r2, r2, #196608
 998:Drivers/STM32L4xx_HAL_Driver/Src/stm32l4xx_hal_rcc_ex.c **** 
 1359              		.loc 1 998 40 view .LVU449
 1360 008a 8263     		str	r2, [r0, #56]
1006:Drivers/STM32L4xx_HAL_Driver/Src/stm32l4xx_hal_rcc_ex.c **** 
 1361              		.loc 1 1006 3 is_stmt 1 view .LVU450
1006:Drivers/STM32L4xx_HAL_Driver/Src/stm32l4xx_hal_rcc_ex.c **** 
ARM GAS  /tmp/ccFN0S9l.s 			page 94


 1362              		.loc 1 1006 42 is_stmt 0 view .LVU451
 1363 008c D3F88820 		ldr	r2, [r3, #136]
 1364 0090 02F44022 		and	r2, r2, #786432
1006:Drivers/STM32L4xx_HAL_Driver/Src/stm32l4xx_hal_rcc_ex.c **** 
 1365              		.loc 1 1006 40 view .LVU452
 1366 0094 C263     		str	r2, [r0, #60]
1009:Drivers/STM32L4xx_HAL_Driver/Src/stm32l4xx_hal_rcc_ex.c **** 
 1367              		.loc 1 1009 3 is_stmt 1 view .LVU453
1009:Drivers/STM32L4xx_HAL_Driver/Src/stm32l4xx_hal_rcc_ex.c **** 
 1368              		.loc 1 1009 42 is_stmt 0 view .LVU454
 1369 0096 D3F88820 		ldr	r2, [r3, #136]
 1370 009a 02F44012 		and	r2, r2, #3145728
1009:Drivers/STM32L4xx_HAL_Driver/Src/stm32l4xx_hal_rcc_ex.c **** 
 1371              		.loc 1 1009 40 view .LVU455
 1372 009e 0264     		str	r2, [r0, #64]
1013:Drivers/STM32L4xx_HAL_Driver/Src/stm32l4xx_hal_rcc_ex.c **** #endif /* SAI1 */
 1373              		.loc 1 1013 3 is_stmt 1 view .LVU456
1013:Drivers/STM32L4xx_HAL_Driver/Src/stm32l4xx_hal_rcc_ex.c **** #endif /* SAI1 */
 1374              		.loc 1 1013 42 is_stmt 0 view .LVU457
 1375 00a0 D3F88820 		ldr	r2, [r3, #136]
 1376 00a4 02F44002 		and	r2, r2, #12582912
1013:Drivers/STM32L4xx_HAL_Driver/Src/stm32l4xx_hal_rcc_ex.c **** #endif /* SAI1 */
 1377              		.loc 1 1013 40 view .LVU458
 1378 00a8 4264     		str	r2, [r0, #68]
1022:Drivers/STM32L4xx_HAL_Driver/Src/stm32l4xx_hal_rcc_ex.c **** 
 1379              		.loc 1 1022 3 is_stmt 1 view .LVU459
1022:Drivers/STM32L4xx_HAL_Driver/Src/stm32l4xx_hal_rcc_ex.c **** 
 1380              		.loc 1 1022 42 is_stmt 0 view .LVU460
 1381 00aa D3F89020 		ldr	r2, [r3, #144]
 1382 00ae 02F44072 		and	r2, r2, #768
1022:Drivers/STM32L4xx_HAL_Driver/Src/stm32l4xx_hal_rcc_ex.c **** 
 1383              		.loc 1 1022 40 view .LVU461
 1384 00b2 C265     		str	r2, [r0, #92]
1026:Drivers/STM32L4xx_HAL_Driver/Src/stm32l4xx_hal_rcc_ex.c **** #endif /* USB_OTG_FS || USB */
 1385              		.loc 1 1026 3 is_stmt 1 view .LVU462
1026:Drivers/STM32L4xx_HAL_Driver/Src/stm32l4xx_hal_rcc_ex.c **** #endif /* USB_OTG_FS || USB */
 1386              		.loc 1 1026 40 is_stmt 0 view .LVU463
 1387 00b4 D3F88820 		ldr	r2, [r3, #136]
 1388 00b8 02F04062 		and	r2, r2, #201326592
1026:Drivers/STM32L4xx_HAL_Driver/Src/stm32l4xx_hal_rcc_ex.c **** #endif /* USB_OTG_FS || USB */
 1389              		.loc 1 1026 38 view .LVU464
 1390 00bc 8264     		str	r2, [r0, #72]
1031:Drivers/STM32L4xx_HAL_Driver/Src/stm32l4xx_hal_rcc_ex.c **** #endif /* SDMMC1 */
 1391              		.loc 1 1031 3 is_stmt 1 view .LVU465
1031:Drivers/STM32L4xx_HAL_Driver/Src/stm32l4xx_hal_rcc_ex.c **** #endif /* SDMMC1 */
 1392              		.loc 1 1031 43 is_stmt 0 view .LVU466
 1393 00be D3F88820 		ldr	r2, [r3, #136]
 1394 00c2 02F04062 		and	r2, r2, #201326592
1031:Drivers/STM32L4xx_HAL_Driver/Src/stm32l4xx_hal_rcc_ex.c **** #endif /* SDMMC1 */
 1395              		.loc 1 1031 41 view .LVU467
 1396 00c6 C264     		str	r2, [r0, #76]
1035:Drivers/STM32L4xx_HAL_Driver/Src/stm32l4xx_hal_rcc_ex.c **** 
 1397              		.loc 1 1035 3 is_stmt 1 view .LVU468
1035:Drivers/STM32L4xx_HAL_Driver/Src/stm32l4xx_hal_rcc_ex.c **** 
 1398              		.loc 1 1035 40 is_stmt 0 view .LVU469
 1399 00c8 D3F88820 		ldr	r2, [r3, #136]
 1400 00cc 02F04062 		and	r2, r2, #201326592
ARM GAS  /tmp/ccFN0S9l.s 			page 95


1035:Drivers/STM32L4xx_HAL_Driver/Src/stm32l4xx_hal_rcc_ex.c **** 
 1401              		.loc 1 1035 38 view .LVU470
 1402 00d0 0265     		str	r2, [r0, #80]
1039:Drivers/STM32L4xx_HAL_Driver/Src/stm32l4xx_hal_rcc_ex.c **** #endif /* !STM32L412xx && !STM32L422xx */
 1403              		.loc 1 1039 3 is_stmt 1 view .LVU471
1039:Drivers/STM32L4xx_HAL_Driver/Src/stm32l4xx_hal_rcc_ex.c **** #endif /* !STM32L412xx && !STM32L422xx */
 1404              		.loc 1 1039 42 is_stmt 0 view .LVU472
 1405 00d2 D3F88820 		ldr	r2, [r3, #136]
 1406 00d6 02F04052 		and	r2, r2, #805306368
1039:Drivers/STM32L4xx_HAL_Driver/Src/stm32l4xx_hal_rcc_ex.c **** #endif /* !STM32L412xx && !STM32L422xx */
 1407              		.loc 1 1039 40 view .LVU473
 1408 00da 4265     		str	r2, [r0, #84]
1044:Drivers/STM32L4xx_HAL_Driver/Src/stm32l4xx_hal_rcc_ex.c **** #endif /* SWPMI1 */
 1409              		.loc 1 1044 3 is_stmt 1 view .LVU474
1044:Drivers/STM32L4xx_HAL_Driver/Src/stm32l4xx_hal_rcc_ex.c **** #endif /* SWPMI1 */
 1410              		.loc 1 1044 42 is_stmt 0 view .LVU475
 1411 00dc D3F88830 		ldr	r3, [r3, #136]
 1412 00e0 03F08043 		and	r3, r3, #1073741824
1044:Drivers/STM32L4xx_HAL_Driver/Src/stm32l4xx_hal_rcc_ex.c **** #endif /* SWPMI1 */
 1413              		.loc 1 1044 40 view .LVU476
 1414 00e4 8365     		str	r3, [r0, #88]
1071:Drivers/STM32L4xx_HAL_Driver/Src/stm32l4xx_hal_rcc_ex.c **** 
 1415              		.loc 1 1071 1 view .LVU477
 1416 00e6 7047     		bx	lr
 1417              	.L115:
 1418              		.align	2
 1419              	.L114:
 1420 00e8 E7EF0E00 		.word	978919
 1421 00ec 00100240 		.word	1073876992
 1422              		.cfi_endproc
 1423              	.LFE385:
 1425              		.section	.text.HAL_RCCEx_GetPeriphCLKFreq,"ax",%progbits
 1426              		.align	1
 1427              		.global	HAL_RCCEx_GetPeriphCLKFreq
 1428              		.syntax unified
 1429              		.thumb
 1430              		.thumb_func
 1432              	HAL_RCCEx_GetPeriphCLKFreq:
 1433              	.LVL101:
 1434              	.LFB386:
1155:Drivers/STM32L4xx_HAL_Driver/Src/stm32l4xx_hal_rcc_ex.c ****   uint32_t frequency = 0U;
 1435              		.loc 1 1155 1 is_stmt 1 view -0
 1436              		.cfi_startproc
 1437              		@ args = 0, pretend = 0, frame = 0
 1438              		@ frame_needed = 0, uses_anonymous_args = 0
1155:Drivers/STM32L4xx_HAL_Driver/Src/stm32l4xx_hal_rcc_ex.c ****   uint32_t frequency = 0U;
 1439              		.loc 1 1155 1 is_stmt 0 view .LVU479
 1440 0000 08B5     		push	{r3, lr}
 1441              	.LCFI9:
 1442              		.cfi_def_cfa_offset 8
 1443              		.cfi_offset 3, -8
 1444              		.cfi_offset 14, -4
1156:Drivers/STM32L4xx_HAL_Driver/Src/stm32l4xx_hal_rcc_ex.c ****   uint32_t srcclk, pll_oscsource, pllvco, plln;    /* no init needed */
 1445              		.loc 1 1156 3 is_stmt 1 view .LVU480
 1446              	.LVL102:
1157:Drivers/STM32L4xx_HAL_Driver/Src/stm32l4xx_hal_rcc_ex.c **** #if defined(SDMMC1) && defined(RCC_CCIPR2_SDMMCSEL)
 1447              		.loc 1 1157 3 view .LVU481
ARM GAS  /tmp/ccFN0S9l.s 			page 96


1163:Drivers/STM32L4xx_HAL_Driver/Src/stm32l4xx_hal_rcc_ex.c **** 
 1448              		.loc 1 1163 3 view .LVU482
1165:Drivers/STM32L4xx_HAL_Driver/Src/stm32l4xx_hal_rcc_ex.c ****   {
 1449              		.loc 1 1165 3 view .LVU483
1165:Drivers/STM32L4xx_HAL_Driver/Src/stm32l4xx_hal_rcc_ex.c ****   {
 1450              		.loc 1 1165 5 is_stmt 0 view .LVU484
 1451 0002 B0F5003F 		cmp	r0, #131072
 1452 0006 1AD0     		beq	.L223
1210:Drivers/STM32L4xx_HAL_Driver/Src/stm32l4xx_hal_rcc_ex.c **** 
 1453              		.loc 1 1210 5 is_stmt 1 view .LVU485
1210:Drivers/STM32L4xx_HAL_Driver/Src/stm32l4xx_hal_rcc_ex.c **** 
 1454              		.loc 1 1210 21 is_stmt 0 view .LVU486
 1455 0008 A24B     		ldr	r3, .L238
 1456 000a DB68     		ldr	r3, [r3, #12]
1210:Drivers/STM32L4xx_HAL_Driver/Src/stm32l4xx_hal_rcc_ex.c **** 
 1457              		.loc 1 1210 19 view .LVU487
 1458 000c 03F00303 		and	r3, r3, #3
 1459              	.LVL103:
1213:Drivers/STM32L4xx_HAL_Driver/Src/stm32l4xx_hal_rcc_ex.c ****     {
 1460              		.loc 1 1213 5 is_stmt 1 view .LVU488
 1461 0010 022B     		cmp	r3, #2
 1462 0012 45D0     		beq	.L121
 1463 0014 032B     		cmp	r3, #3
 1464 0016 4AD0     		beq	.L122
 1465 0018 012B     		cmp	r3, #1
 1466 001a 4FD1     		bne	.L193
1216:Drivers/STM32L4xx_HAL_Driver/Src/stm32l4xx_hal_rcc_ex.c ****       {
 1467              		.loc 1 1216 7 view .LVU489
1216:Drivers/STM32L4xx_HAL_Driver/Src/stm32l4xx_hal_rcc_ex.c ****       {
 1468              		.loc 1 1216 10 is_stmt 0 view .LVU490
 1469 001c 9D4B     		ldr	r3, .L238
 1470              	.LVL104:
1216:Drivers/STM32L4xx_HAL_Driver/Src/stm32l4xx_hal_rcc_ex.c ****       {
 1471              		.loc 1 1216 10 view .LVU491
 1472 001e 1968     		ldr	r1, [r3]
1216:Drivers/STM32L4xx_HAL_Driver/Src/stm32l4xx_hal_rcc_ex.c ****       {
 1473              		.loc 1 1216 9 view .LVU492
 1474 0020 11F00201 		ands	r1, r1, #2
 1475 0024 4BD0     		beq	.L123
1219:Drivers/STM32L4xx_HAL_Driver/Src/stm32l4xx_hal_rcc_ex.c ****       }
 1476              		.loc 1 1219 9 is_stmt 1 view .LVU493
1219:Drivers/STM32L4xx_HAL_Driver/Src/stm32l4xx_hal_rcc_ex.c ****       }
 1477              		.loc 1 1219 33 is_stmt 0 view .LVU494
 1478 0026 1B68     		ldr	r3, [r3]
1219:Drivers/STM32L4xx_HAL_Driver/Src/stm32l4xx_hal_rcc_ex.c ****       }
 1479              		.loc 1 1219 59 view .LVU495
 1480 0028 13F0080F 		tst	r3, #8
 1481 002c 32D0     		beq	.L124
1219:Drivers/STM32L4xx_HAL_Driver/Src/stm32l4xx_hal_rcc_ex.c ****       }
 1482              		.loc 1 1219 33 discriminator 1 view .LVU496
 1483 002e 994B     		ldr	r3, .L238
 1484 0030 1B68     		ldr	r3, [r3]
1219:Drivers/STM32L4xx_HAL_Driver/Src/stm32l4xx_hal_rcc_ex.c ****       }
 1485              		.loc 1 1219 59 discriminator 1 view .LVU497
 1486 0032 C3F30313 		ubfx	r3, r3, #4, #4
 1487              	.L125:
1219:Drivers/STM32L4xx_HAL_Driver/Src/stm32l4xx_hal_rcc_ex.c ****       }
ARM GAS  /tmp/ccFN0S9l.s 			page 97


 1488              		.loc 1 1219 16 discriminator 4 view .LVU498
 1489 0036 984A     		ldr	r2, .L238+4
 1490 0038 52F82310 		ldr	r1, [r2, r3, lsl #2]
 1491              	.LVL105:
1219:Drivers/STM32L4xx_HAL_Driver/Src/stm32l4xx_hal_rcc_ex.c ****       }
 1492              		.loc 1 1219 16 discriminator 4 view .LVU499
 1493 003c 3FE0     		b	.L123
 1494              	.LVL106:
 1495              	.L223:
1168:Drivers/STM32L4xx_HAL_Driver/Src/stm32l4xx_hal_rcc_ex.c **** 
 1496              		.loc 1 1168 5 is_stmt 1 view .LVU500
1168:Drivers/STM32L4xx_HAL_Driver/Src/stm32l4xx_hal_rcc_ex.c **** 
 1497              		.loc 1 1168 14 is_stmt 0 view .LVU501
 1498 003e 954B     		ldr	r3, .L238
 1499 0040 D3F89030 		ldr	r3, [r3, #144]
1168:Drivers/STM32L4xx_HAL_Driver/Src/stm32l4xx_hal_rcc_ex.c **** 
 1500              		.loc 1 1168 12 view .LVU502
 1501 0044 03F44073 		and	r3, r3, #768
 1502              	.LVL107:
1170:Drivers/STM32L4xx_HAL_Driver/Src/stm32l4xx_hal_rcc_ex.c ****     {
 1503              		.loc 1 1170 5 is_stmt 1 view .LVU503
 1504 0048 B3F5007F 		cmp	r3, #512
 1505 004c 10D0     		beq	.L118
 1506 004e B3F5407F 		cmp	r3, #768
 1507 0052 17D0     		beq	.L119
 1508 0054 B3F5807F 		cmp	r3, #256
 1509 0058 40F0BB82 		bne	.L189
1174:Drivers/STM32L4xx_HAL_Driver/Src/stm32l4xx_hal_rcc_ex.c ****       {
 1510              		.loc 1 1174 7 view .LVU504
1174:Drivers/STM32L4xx_HAL_Driver/Src/stm32l4xx_hal_rcc_ex.c ****       {
 1511              		.loc 1 1174 10 is_stmt 0 view .LVU505
 1512 005c 8D4B     		ldr	r3, .L238
 1513              	.LVL108:
1174:Drivers/STM32L4xx_HAL_Driver/Src/stm32l4xx_hal_rcc_ex.c ****       {
 1514              		.loc 1 1174 10 view .LVU506
 1515 005e D3F89000 		ldr	r0, [r3, #144]
 1516              	.LVL109:
1174:Drivers/STM32L4xx_HAL_Driver/Src/stm32l4xx_hal_rcc_ex.c ****       {
 1517              		.loc 1 1174 9 view .LVU507
 1518 0062 10F00200 		ands	r0, r0, #2
 1519 0066 00F0B982 		beq	.L116
1176:Drivers/STM32L4xx_HAL_Driver/Src/stm32l4xx_hal_rcc_ex.c ****       }
 1520              		.loc 1 1176 19 view .LVU508
 1521 006a 4FF40040 		mov	r0, #32768
 1522 006e B5E2     		b	.L116
 1523              	.LVL110:
 1524              	.L118:
1181:Drivers/STM32L4xx_HAL_Driver/Src/stm32l4xx_hal_rcc_ex.c ****       {
 1525              		.loc 1 1181 7 is_stmt 1 view .LVU509
1181:Drivers/STM32L4xx_HAL_Driver/Src/stm32l4xx_hal_rcc_ex.c ****       {
 1526              		.loc 1 1181 10 is_stmt 0 view .LVU510
 1527 0070 884B     		ldr	r3, .L238
 1528              	.LVL111:
1181:Drivers/STM32L4xx_HAL_Driver/Src/stm32l4xx_hal_rcc_ex.c ****       {
 1529              		.loc 1 1181 10 view .LVU511
 1530 0072 D3F89400 		ldr	r0, [r3, #148]
 1531              	.LVL112:
ARM GAS  /tmp/ccFN0S9l.s 			page 98


1181:Drivers/STM32L4xx_HAL_Driver/Src/stm32l4xx_hal_rcc_ex.c ****       {
 1532              		.loc 1 1181 9 view .LVU512
 1533 0076 10F00200 		ands	r0, r0, #2
 1534 007a 00F0AF82 		beq	.L116
1191:Drivers/STM32L4xx_HAL_Driver/Src/stm32l4xx_hal_rcc_ex.c ****         }
 1535              		.loc 1 1191 21 view .LVU513
 1536 007e 4FF4FA40 		mov	r0, #32000
 1537 0082 ABE2     		b	.L116
 1538              	.LVL113:
 1539              	.L119:
1197:Drivers/STM32L4xx_HAL_Driver/Src/stm32l4xx_hal_rcc_ex.c ****       {
 1540              		.loc 1 1197 7 is_stmt 1 view .LVU514
1197:Drivers/STM32L4xx_HAL_Driver/Src/stm32l4xx_hal_rcc_ex.c ****       {
 1541              		.loc 1 1197 10 is_stmt 0 view .LVU515
 1542 0084 834B     		ldr	r3, .L238
 1543              	.LVL114:
1197:Drivers/STM32L4xx_HAL_Driver/Src/stm32l4xx_hal_rcc_ex.c ****       {
 1544              		.loc 1 1197 10 view .LVU516
 1545 0086 1868     		ldr	r0, [r3]
 1546              	.LVL115:
1197:Drivers/STM32L4xx_HAL_Driver/Src/stm32l4xx_hal_rcc_ex.c ****       {
 1547              		.loc 1 1197 9 view .LVU517
 1548 0088 10F40030 		ands	r0, r0, #131072
 1549 008c 00F0A682 		beq	.L116
1199:Drivers/STM32L4xx_HAL_Driver/Src/stm32l4xx_hal_rcc_ex.c ****       }
 1550              		.loc 1 1199 19 view .LVU518
 1551 0090 8248     		ldr	r0, .L238+8
 1552 0092 A3E2     		b	.L116
 1553              	.LVL116:
 1554              	.L124:
1219:Drivers/STM32L4xx_HAL_Driver/Src/stm32l4xx_hal_rcc_ex.c ****       }
 1555              		.loc 1 1219 33 discriminator 2 view .LVU519
 1556 0094 7F4B     		ldr	r3, .L238
 1557 0096 D3F89430 		ldr	r3, [r3, #148]
1219:Drivers/STM32L4xx_HAL_Driver/Src/stm32l4xx_hal_rcc_ex.c ****       }
 1558              		.loc 1 1219 59 discriminator 2 view .LVU520
 1559 009a C3F30323 		ubfx	r3, r3, #8, #4
 1560 009e CAE7     		b	.L125
 1561              	.LVL117:
 1562              	.L121:
1227:Drivers/STM32L4xx_HAL_Driver/Src/stm32l4xx_hal_rcc_ex.c ****       {
 1563              		.loc 1 1227 7 is_stmt 1 view .LVU521
1227:Drivers/STM32L4xx_HAL_Driver/Src/stm32l4xx_hal_rcc_ex.c ****       {
 1564              		.loc 1 1227 10 is_stmt 0 view .LVU522
 1565 00a0 7C4B     		ldr	r3, .L238
 1566              	.LVL118:
1227:Drivers/STM32L4xx_HAL_Driver/Src/stm32l4xx_hal_rcc_ex.c ****       {
 1567              		.loc 1 1227 10 view .LVU523
 1568 00a2 1968     		ldr	r1, [r3]
1227:Drivers/STM32L4xx_HAL_Driver/Src/stm32l4xx_hal_rcc_ex.c ****       {
 1569              		.loc 1 1227 9 view .LVU524
 1570 00a4 11F48061 		ands	r1, r1, #1024
 1571 00a8 09D0     		beq	.L123
1229:Drivers/STM32L4xx_HAL_Driver/Src/stm32l4xx_hal_rcc_ex.c ****       }
 1572              		.loc 1 1229 16 view .LVU525
 1573 00aa 7D49     		ldr	r1, .L238+12
 1574 00ac 07E0     		b	.L123
ARM GAS  /tmp/ccFN0S9l.s 			page 99


 1575              	.LVL119:
 1576              	.L122:
1237:Drivers/STM32L4xx_HAL_Driver/Src/stm32l4xx_hal_rcc_ex.c ****       {
 1577              		.loc 1 1237 7 is_stmt 1 view .LVU526
1237:Drivers/STM32L4xx_HAL_Driver/Src/stm32l4xx_hal_rcc_ex.c ****       {
 1578              		.loc 1 1237 10 is_stmt 0 view .LVU527
 1579 00ae 794B     		ldr	r3, .L238
 1580              	.LVL120:
1237:Drivers/STM32L4xx_HAL_Driver/Src/stm32l4xx_hal_rcc_ex.c ****       {
 1581              		.loc 1 1237 10 view .LVU528
 1582 00b0 1968     		ldr	r1, [r3]
1237:Drivers/STM32L4xx_HAL_Driver/Src/stm32l4xx_hal_rcc_ex.c ****       {
 1583              		.loc 1 1237 9 view .LVU529
 1584 00b2 11F40031 		ands	r1, r1, #131072
 1585 00b6 02D0     		beq	.L123
1239:Drivers/STM32L4xx_HAL_Driver/Src/stm32l4xx_hal_rcc_ex.c ****       }
 1586              		.loc 1 1239 16 view .LVU530
 1587 00b8 7A49     		ldr	r1, .L238+16
 1588 00ba 00E0     		b	.L123
 1589              	.LVL121:
 1590              	.L193:
1213:Drivers/STM32L4xx_HAL_Driver/Src/stm32l4xx_hal_rcc_ex.c ****     {
 1591              		.loc 1 1213 5 view .LVU531
 1592 00bc 0021     		movs	r1, #0
 1593              	.LVL122:
 1594              	.L123:
1252:Drivers/STM32L4xx_HAL_Driver/Src/stm32l4xx_hal_rcc_ex.c ****     {
 1595              		.loc 1 1252 5 is_stmt 1 view .LVU532
 1596 00be B0F5807F 		cmp	r0, #256
 1597 00c2 00F00782 		beq	.L126
 1598 00c6 44D8     		bhi	.L127
 1599 00c8 2028     		cmp	r0, #32
 1600 00ca 28D8     		bhi	.L128
 1601 00cc 0028     		cmp	r0, #0
 1602 00ce 00F08282 		beq	.L194
 1603 00d2 0138     		subs	r0, r0, #1
 1604              	.LVL123:
1252:Drivers/STM32L4xx_HAL_Driver/Src/stm32l4xx_hal_rcc_ex.c ****     {
 1605              		.loc 1 1252 5 is_stmt 0 view .LVU533
 1606 00d4 1F28     		cmp	r0, #31
 1607 00d6 00F28082 		bhi	.L195
 1608 00da DFE810F0 		tbh	[pc, r0, lsl #1]
 1609              	.L130:
 1610 00de 0D01     		.2byte	(.L133-.L130)/2
 1611 00e0 3101     		.2byte	(.L132-.L130)/2
 1612 00e2 7E02     		.2byte	(.L195-.L130)/2
 1613 00e4 6001     		.2byte	(.L131-.L130)/2
 1614 00e6 7E02     		.2byte	(.L195-.L130)/2
 1615 00e8 7E02     		.2byte	(.L195-.L130)/2
 1616 00ea 7E02     		.2byte	(.L195-.L130)/2
 1617 00ec 7E02     		.2byte	(.L195-.L130)/2
 1618 00ee 7E02     		.2byte	(.L195-.L130)/2
 1619 00f0 7E02     		.2byte	(.L195-.L130)/2
 1620 00f2 7E02     		.2byte	(.L195-.L130)/2
 1621 00f4 7E02     		.2byte	(.L195-.L130)/2
 1622 00f6 7E02     		.2byte	(.L195-.L130)/2
 1623 00f8 7E02     		.2byte	(.L195-.L130)/2
ARM GAS  /tmp/ccFN0S9l.s 			page 100


 1624 00fa 7E02     		.2byte	(.L195-.L130)/2
 1625 00fc 7E02     		.2byte	(.L195-.L130)/2
 1626 00fe 7E02     		.2byte	(.L195-.L130)/2
 1627 0100 7E02     		.2byte	(.L195-.L130)/2
 1628 0102 7E02     		.2byte	(.L195-.L130)/2
 1629 0104 7E02     		.2byte	(.L195-.L130)/2
 1630 0106 7E02     		.2byte	(.L195-.L130)/2
 1631 0108 7E02     		.2byte	(.L195-.L130)/2
 1632 010a 7E02     		.2byte	(.L195-.L130)/2
 1633 010c 7E02     		.2byte	(.L195-.L130)/2
 1634 010e 7E02     		.2byte	(.L195-.L130)/2
 1635 0110 7E02     		.2byte	(.L195-.L130)/2
 1636 0112 7E02     		.2byte	(.L195-.L130)/2
 1637 0114 7E02     		.2byte	(.L195-.L130)/2
 1638 0116 7E02     		.2byte	(.L195-.L130)/2
 1639 0118 7E02     		.2byte	(.L195-.L130)/2
 1640 011a 7E02     		.2byte	(.L195-.L130)/2
 1641 011c 8901     		.2byte	(.L129-.L130)/2
 1642              	.LVL124:
 1643              		.p2align 1
 1644              	.L128:
1252:Drivers/STM32L4xx_HAL_Driver/Src/stm32l4xx_hal_rcc_ex.c ****     {
 1645              		.loc 1 1252 5 view .LVU534
 1646 011e 4028     		cmp	r0, #64
 1647 0120 00F0B181 		beq	.L134
 1648 0124 8028     		cmp	r0, #128
 1649 0126 12D1     		bne	.L224
1779:Drivers/STM32L4xx_HAL_Driver/Src/stm32l4xx_hal_rcc_ex.c **** 
 1650              		.loc 1 1779 9 is_stmt 1 view .LVU535
1779:Drivers/STM32L4xx_HAL_Driver/Src/stm32l4xx_hal_rcc_ex.c **** 
 1651              		.loc 1 1779 18 is_stmt 0 view .LVU536
 1652 0128 5A4B     		ldr	r3, .L238
 1653 012a D3F88830 		ldr	r3, [r3, #136]
1779:Drivers/STM32L4xx_HAL_Driver/Src/stm32l4xx_hal_rcc_ex.c **** 
 1654              		.loc 1 1779 16 view .LVU537
 1655 012e 03F44043 		and	r3, r3, #49152
 1656              	.LVL125:
1781:Drivers/STM32L4xx_HAL_Driver/Src/stm32l4xx_hal_rcc_ex.c ****         {
 1657              		.loc 1 1781 9 is_stmt 1 view .LVU538
 1658 0132 B3F5804F 		cmp	r3, #16384
 1659 0136 00F0C281 		beq	.L173
 1660 013a B3F5004F 		cmp	r3, #32768
 1661 013e 00F0C181 		beq	.L174
 1662 0142 002B     		cmp	r3, #0
 1663 0144 40F05582 		bne	.L211
1784:Drivers/STM32L4xx_HAL_Driver/Src/stm32l4xx_hal_rcc_ex.c ****           break;
 1664              		.loc 1 1784 11 view .LVU539
1784:Drivers/STM32L4xx_HAL_Driver/Src/stm32l4xx_hal_rcc_ex.c ****           break;
 1665              		.loc 1 1784 23 is_stmt 0 view .LVU540
 1666 0148 FFF7FEFF 		bl	HAL_RCC_GetPCLK1Freq
 1667              	.LVL126:
1785:Drivers/STM32L4xx_HAL_Driver/Src/stm32l4xx_hal_rcc_ex.c ****         case RCC_I2C2CLKSOURCE_SYSCLK:
 1668              		.loc 1 1785 11 is_stmt 1 view .LVU541
 1669 014c 46E2     		b	.L116
 1670              	.LVL127:
 1671              	.L224:
1252:Drivers/STM32L4xx_HAL_Driver/Src/stm32l4xx_hal_rcc_ex.c ****     {
ARM GAS  /tmp/ccFN0S9l.s 			page 101


 1672              		.loc 1 1252 5 is_stmt 0 view .LVU542
 1673 014e 0020     		movs	r0, #0
 1674              	.LVL128:
1252:Drivers/STM32L4xx_HAL_Driver/Src/stm32l4xx_hal_rcc_ex.c ****     {
 1675              		.loc 1 1252 5 view .LVU543
 1676 0150 44E2     		b	.L116
 1677              	.LVL129:
 1678              	.L127:
1252:Drivers/STM32L4xx_HAL_Driver/Src/stm32l4xx_hal_rcc_ex.c ****     {
 1679              		.loc 1 1252 5 view .LVU544
 1680 0152 B0F5006F 		cmp	r0, #2048
 1681 0156 77D0     		beq	.L136
 1682 0158 1AD9     		bls	.L225
 1683 015a B0F5004F 		cmp	r0, #32768
 1684 015e 00F02582 		beq	.L140
 1685 0162 3CD8     		bhi	.L141
 1686 0164 B0F5005F 		cmp	r0, #8192
 1687 0168 3FD0     		beq	.L142
 1688 016a B0F5804F 		cmp	r0, #16384
 1689 016e 34D1     		bne	.L226
1640:Drivers/STM32L4xx_HAL_Driver/Src/stm32l4xx_hal_rcc_ex.c **** 
 1690              		.loc 1 1640 9 is_stmt 1 view .LVU545
1640:Drivers/STM32L4xx_HAL_Driver/Src/stm32l4xx_hal_rcc_ex.c **** 
 1691              		.loc 1 1640 18 is_stmt 0 view .LVU546
 1692 0170 484B     		ldr	r3, .L238
 1693 0172 D3F88830 		ldr	r3, [r3, #136]
1640:Drivers/STM32L4xx_HAL_Driver/Src/stm32l4xx_hal_rcc_ex.c **** 
 1694              		.loc 1 1640 16 view .LVU547
 1695 0176 03F04053 		and	r3, r3, #805306368
 1696              	.LVL130:
1642:Drivers/STM32L4xx_HAL_Driver/Src/stm32l4xx_hal_rcc_ex.c ****         {
 1697              		.loc 1 1642 9 is_stmt 1 view .LVU548
 1698 017a B3F1805F 		cmp	r3, #268435456
 1699 017e 00F06381 		beq	.L170
 1700 0182 B3F1405F 		cmp	r3, #805306368
 1701 0186 40F03082 		bne	.L208
1645:Drivers/STM32L4xx_HAL_Driver/Src/stm32l4xx_hal_rcc_ex.c ****           break;
 1702              		.loc 1 1645 11 view .LVU549
1645:Drivers/STM32L4xx_HAL_Driver/Src/stm32l4xx_hal_rcc_ex.c ****           break;
 1703              		.loc 1 1645 23 is_stmt 0 view .LVU550
 1704 018a FFF7FEFF 		bl	HAL_RCC_GetSysClockFreq
 1705              	.LVL131:
1646:Drivers/STM32L4xx_HAL_Driver/Src/stm32l4xx_hal_rcc_ex.c **** #if defined(RCC_PLLSAI1_SUPPORT)
 1706              		.loc 1 1646 11 is_stmt 1 view .LVU551
 1707 018e 25E2     		b	.L116
 1708              	.LVL132:
 1709              	.L225:
1252:Drivers/STM32L4xx_HAL_Driver/Src/stm32l4xx_hal_rcc_ex.c ****     {
 1710              		.loc 1 1252 5 is_stmt 0 view .LVU552
 1711 0190 B0F5007F 		cmp	r0, #512
 1712 0194 00F0B981 		beq	.L138
 1713 0198 B0F5806F 		cmp	r0, #1024
 1714 019c 1BD1     		bne	.L227
1911:Drivers/STM32L4xx_HAL_Driver/Src/stm32l4xx_hal_rcc_ex.c **** 
 1715              		.loc 1 1911 8 is_stmt 1 view .LVU553
1911:Drivers/STM32L4xx_HAL_Driver/Src/stm32l4xx_hal_rcc_ex.c **** 
 1716              		.loc 1 1911 17 is_stmt 0 view .LVU554
ARM GAS  /tmp/ccFN0S9l.s 			page 102


 1717 019e 3D4B     		ldr	r3, .L238
 1718 01a0 D3F88830 		ldr	r3, [r3, #136]
1911:Drivers/STM32L4xx_HAL_Driver/Src/stm32l4xx_hal_rcc_ex.c **** 
 1719              		.loc 1 1911 15 view .LVU555
 1720 01a4 03F44013 		and	r3, r3, #3145728
 1721              	.LVL133:
1913:Drivers/STM32L4xx_HAL_Driver/Src/stm32l4xx_hal_rcc_ex.c ****         {
 1722              		.loc 1 1913 9 is_stmt 1 view .LVU556
 1723 01a8 B3F5001F 		cmp	r3, #2097152
 1724 01ac 00F0F781 		beq	.L182
 1725 01b0 00F2E481 		bhi	.L183
 1726 01b4 002B     		cmp	r3, #0
 1727 01b6 00F0EF81 		beq	.L184
 1728 01ba B3F5801F 		cmp	r3, #1048576
 1729 01be 40F0DB81 		bne	.L228
1919:Drivers/STM32L4xx_HAL_Driver/Src/stm32l4xx_hal_rcc_ex.c ****           {
 1730              		.loc 1 1919 11 view .LVU557
1919:Drivers/STM32L4xx_HAL_Driver/Src/stm32l4xx_hal_rcc_ex.c ****           {
 1731              		.loc 1 1919 14 is_stmt 0 view .LVU558
 1732 01c2 344B     		ldr	r3, .L238
 1733              	.LVL134:
1919:Drivers/STM32L4xx_HAL_Driver/Src/stm32l4xx_hal_rcc_ex.c ****           {
 1734              		.loc 1 1919 14 view .LVU559
 1735 01c4 D3F89400 		ldr	r0, [r3, #148]
 1736              	.LVL135:
1919:Drivers/STM32L4xx_HAL_Driver/Src/stm32l4xx_hal_rcc_ex.c ****           {
 1737              		.loc 1 1919 13 view .LVU560
 1738 01c8 10F00200 		ands	r0, r0, #2
 1739 01cc 00F00682 		beq	.L116
1929:Drivers/STM32L4xx_HAL_Driver/Src/stm32l4xx_hal_rcc_ex.c ****             }
 1740              		.loc 1 1929 25 view .LVU561
 1741 01d0 4FF4FA40 		mov	r0, #32000
 1742 01d4 02E2     		b	.L116
 1743              	.LVL136:
 1744              	.L227:
1252:Drivers/STM32L4xx_HAL_Driver/Src/stm32l4xx_hal_rcc_ex.c ****     {
 1745              		.loc 1 1252 5 view .LVU562
 1746 01d6 0020     		movs	r0, #0
 1747              	.LVL137:
1252:Drivers/STM32L4xx_HAL_Driver/Src/stm32l4xx_hal_rcc_ex.c ****     {
 1748              		.loc 1 1252 5 view .LVU563
 1749 01d8 00E2     		b	.L116
 1750              	.LVL138:
 1751              	.L226:
1252:Drivers/STM32L4xx_HAL_Driver/Src/stm32l4xx_hal_rcc_ex.c ****     {
 1752              		.loc 1 1252 5 view .LVU564
 1753 01da 0020     		movs	r0, #0
 1754              	.LVL139:
1252:Drivers/STM32L4xx_HAL_Driver/Src/stm32l4xx_hal_rcc_ex.c ****     {
 1755              		.loc 1 1252 5 view .LVU565
 1756 01dc FEE1     		b	.L116
 1757              	.LVL140:
 1758              	.L141:
1252:Drivers/STM32L4xx_HAL_Driver/Src/stm32l4xx_hal_rcc_ex.c ****     {
 1759              		.loc 1 1252 5 view .LVU566
 1760 01de B0F5802F 		cmp	r0, #262144
 1761 01e2 02D0     		beq	.L142
ARM GAS  /tmp/ccFN0S9l.s 			page 103


 1762 01e4 B0F5002F 		cmp	r0, #524288
 1763 01e8 2CD1     		bne	.L229
 1764              	.L142:
1284:Drivers/STM32L4xx_HAL_Driver/Src/stm32l4xx_hal_rcc_ex.c **** 
 1765              		.loc 1 1284 9 is_stmt 1 view .LVU567
1284:Drivers/STM32L4xx_HAL_Driver/Src/stm32l4xx_hal_rcc_ex.c **** 
 1766              		.loc 1 1284 18 is_stmt 0 view .LVU568
 1767 01ea 2A4B     		ldr	r3, .L238
 1768 01ec D3F88830 		ldr	r3, [r3, #136]
1284:Drivers/STM32L4xx_HAL_Driver/Src/stm32l4xx_hal_rcc_ex.c **** 
 1769              		.loc 1 1284 16 view .LVU569
 1770 01f0 03F04063 		and	r3, r3, #201326592
 1771              	.LVL141:
1286:Drivers/STM32L4xx_HAL_Driver/Src/stm32l4xx_hal_rcc_ex.c ****         {
 1772              		.loc 1 1286 9 is_stmt 1 view .LVU570
 1773 01f4 B3F1006F 		cmp	r3, #134217728
 1774 01f8 56D0     		beq	.L144
 1775 01fa 2CD8     		bhi	.L145
 1776 01fc 002B     		cmp	r3, #0
 1777 01fe 72D0     		beq	.L146
 1778 0200 B3F1806F 		cmp	r3, #67108864
 1779 0204 25D1     		bne	.L230
1310:Drivers/STM32L4xx_HAL_Driver/Src/stm32l4xx_hal_rcc_ex.c ****           {
 1780              		.loc 1 1310 11 view .LVU571
1310:Drivers/STM32L4xx_HAL_Driver/Src/stm32l4xx_hal_rcc_ex.c ****           {
 1781              		.loc 1 1310 14 is_stmt 0 view .LVU572
 1782 0206 234B     		ldr	r3, .L238
 1783              	.LVL142:
1310:Drivers/STM32L4xx_HAL_Driver/Src/stm32l4xx_hal_rcc_ex.c ****           {
 1784              		.loc 1 1310 14 view .LVU573
 1785 0208 1868     		ldr	r0, [r3]
 1786              	.LVL143:
1310:Drivers/STM32L4xx_HAL_Driver/Src/stm32l4xx_hal_rcc_ex.c ****           {
 1787              		.loc 1 1310 13 view .LVU574
 1788 020a 10F00060 		ands	r0, r0, #134217728
 1789 020e 00F0E581 		beq	.L116
1312:Drivers/STM32L4xx_HAL_Driver/Src/stm32l4xx_hal_rcc_ex.c ****             {
 1790              		.loc 1 1312 13 is_stmt 1 view .LVU575
1312:Drivers/STM32L4xx_HAL_Driver/Src/stm32l4xx_hal_rcc_ex.c ****             {
 1791              		.loc 1 1312 16 is_stmt 0 view .LVU576
 1792 0212 1869     		ldr	r0, [r3, #16]
1312:Drivers/STM32L4xx_HAL_Driver/Src/stm32l4xx_hal_rcc_ex.c ****             {
 1793              		.loc 1 1312 15 view .LVU577
 1794 0214 10F48010 		ands	r0, r0, #1048576
 1795 0218 00F0E081 		beq	.L116
1314:Drivers/STM32L4xx_HAL_Driver/Src/stm32l4xx_hal_rcc_ex.c **** #if defined(RCC_PLLSAI1M_DIV_1_16_SUPPORT)
 1796              		.loc 1 1314 15 is_stmt 1 view .LVU578
1314:Drivers/STM32L4xx_HAL_Driver/Src/stm32l4xx_hal_rcc_ex.c **** #if defined(RCC_PLLSAI1M_DIV_1_16_SUPPORT)
 1797              		.loc 1 1314 22 is_stmt 0 view .LVU579
 1798 021c 1A46     		mov	r2, r3
 1799 021e 1B69     		ldr	r3, [r3, #16]
1314:Drivers/STM32L4xx_HAL_Driver/Src/stm32l4xx_hal_rcc_ex.c **** #if defined(RCC_PLLSAI1M_DIV_1_16_SUPPORT)
 1800              		.loc 1 1314 20 view .LVU580
 1801 0220 C3F30623 		ubfx	r3, r3, #8, #7
 1802              	.LVL144:
1321:Drivers/STM32L4xx_HAL_Driver/Src/stm32l4xx_hal_rcc_ex.c **** #endif
 1803              		.loc 1 1321 15 is_stmt 1 view .LVU581
ARM GAS  /tmp/ccFN0S9l.s 			page 104


1321:Drivers/STM32L4xx_HAL_Driver/Src/stm32l4xx_hal_rcc_ex.c **** #endif
 1804              		.loc 1 1321 33 is_stmt 0 view .LVU582
 1805 0224 03FB01F0 		mul	r0, r3, r1
1321:Drivers/STM32L4xx_HAL_Driver/Src/stm32l4xx_hal_rcc_ex.c **** #endif
 1806              		.loc 1 1321 45 view .LVU583
 1807 0228 D368     		ldr	r3, [r2, #12]
 1808              	.LVL145:
1321:Drivers/STM32L4xx_HAL_Driver/Src/stm32l4xx_hal_rcc_ex.c **** #endif
 1809              		.loc 1 1321 86 view .LVU584
 1810 022a C3F30213 		ubfx	r3, r3, #4, #3
1321:Drivers/STM32L4xx_HAL_Driver/Src/stm32l4xx_hal_rcc_ex.c **** #endif
 1811              		.loc 1 1321 111 view .LVU585
 1812 022e 0133     		adds	r3, r3, #1
1321:Drivers/STM32L4xx_HAL_Driver/Src/stm32l4xx_hal_rcc_ex.c **** #endif
 1813              		.loc 1 1321 22 view .LVU586
 1814 0230 B0FBF3F0 		udiv	r0, r0, r3
 1815              	.LVL146:
1324:Drivers/STM32L4xx_HAL_Driver/Src/stm32l4xx_hal_rcc_ex.c ****             }
 1816              		.loc 1 1324 15 is_stmt 1 view .LVU587
1324:Drivers/STM32L4xx_HAL_Driver/Src/stm32l4xx_hal_rcc_ex.c ****             }
 1817              		.loc 1 1324 40 is_stmt 0 view .LVU588
 1818 0234 1369     		ldr	r3, [r2, #16]
1324:Drivers/STM32L4xx_HAL_Driver/Src/stm32l4xx_hal_rcc_ex.c ****             }
 1819              		.loc 1 1324 93 view .LVU589
 1820 0236 C3F34153 		ubfx	r3, r3, #21, #2
1324:Drivers/STM32L4xx_HAL_Driver/Src/stm32l4xx_hal_rcc_ex.c ****             }
 1821              		.loc 1 1324 126 view .LVU590
 1822 023a 0133     		adds	r3, r3, #1
1324:Drivers/STM32L4xx_HAL_Driver/Src/stm32l4xx_hal_rcc_ex.c ****             }
 1823              		.loc 1 1324 132 view .LVU591
 1824 023c 5B00     		lsls	r3, r3, #1
1324:Drivers/STM32L4xx_HAL_Driver/Src/stm32l4xx_hal_rcc_ex.c ****             }
 1825              		.loc 1 1324 25 view .LVU592
 1826 023e B0FBF3F0 		udiv	r0, r0, r3
 1827              	.LVL147:
1324:Drivers/STM32L4xx_HAL_Driver/Src/stm32l4xx_hal_rcc_ex.c ****             }
 1828              		.loc 1 1324 25 view .LVU593
 1829 0242 CBE1     		b	.L116
 1830              	.LVL148:
 1831              	.L229:
1252:Drivers/STM32L4xx_HAL_Driver/Src/stm32l4xx_hal_rcc_ex.c ****     {
 1832              		.loc 1 1252 5 view .LVU594
 1833 0244 0020     		movs	r0, #0
 1834              	.LVL149:
1252:Drivers/STM32L4xx_HAL_Driver/Src/stm32l4xx_hal_rcc_ex.c ****     {
 1835              		.loc 1 1252 5 view .LVU595
 1836 0246 C9E1     		b	.L116
 1837              	.LVL150:
 1838              	.L136:
1257:Drivers/STM32L4xx_HAL_Driver/Src/stm32l4xx_hal_rcc_ex.c ****       break;
 1839              		.loc 1 1257 7 is_stmt 1 view .LVU596
1257:Drivers/STM32L4xx_HAL_Driver/Src/stm32l4xx_hal_rcc_ex.c ****       break;
 1840              		.loc 1 1257 19 is_stmt 0 view .LVU597
 1841 0248 4FF40060 		mov	r0, #2048
 1842              	.LVL151:
1257:Drivers/STM32L4xx_HAL_Driver/Src/stm32l4xx_hal_rcc_ex.c ****       break;
 1843              		.loc 1 1257 19 view .LVU598
ARM GAS  /tmp/ccFN0S9l.s 			page 105


 1844 024c FFF7FEFF 		bl	RCCEx_GetSAIxPeriphCLKFreq
 1845              	.LVL152:
1258:Drivers/STM32L4xx_HAL_Driver/Src/stm32l4xx_hal_rcc_ex.c **** 
 1846              		.loc 1 1258 7 is_stmt 1 view .LVU599
 1847 0250 C4E1     		b	.L116
 1848              	.LVL153:
 1849              	.L230:
1258:Drivers/STM32L4xx_HAL_Driver/Src/stm32l4xx_hal_rcc_ex.c **** 
 1850              		.loc 1 1258 7 is_stmt 0 view .LVU600
 1851 0252 0020     		movs	r0, #0
 1852              	.LVL154:
1258:Drivers/STM32L4xx_HAL_Driver/Src/stm32l4xx_hal_rcc_ex.c **** 
 1853              		.loc 1 1258 7 view .LVU601
 1854 0254 C2E1     		b	.L116
 1855              	.LVL155:
 1856              	.L145:
1258:Drivers/STM32L4xx_HAL_Driver/Src/stm32l4xx_hal_rcc_ex.c **** 
 1857              		.loc 1 1258 7 view .LVU602
 1858 0256 B3F1406F 		cmp	r3, #201326592
 1859 025a 40F0C081 		bne	.L196
1289:Drivers/STM32L4xx_HAL_Driver/Src/stm32l4xx_hal_rcc_ex.c ****           {
 1860              		.loc 1 1289 11 is_stmt 1 view .LVU603
1289:Drivers/STM32L4xx_HAL_Driver/Src/stm32l4xx_hal_rcc_ex.c ****           {
 1861              		.loc 1 1289 14 is_stmt 0 view .LVU604
 1862 025e 03F15053 		add	r3, r3, #872415232
 1863              	.LVL156:
1289:Drivers/STM32L4xx_HAL_Driver/Src/stm32l4xx_hal_rcc_ex.c ****           {
 1864              		.loc 1 1289 14 view .LVU605
 1865 0262 03F50433 		add	r3, r3, #135168
 1866              	.LVL157:
1289:Drivers/STM32L4xx_HAL_Driver/Src/stm32l4xx_hal_rcc_ex.c ****           {
 1867              		.loc 1 1289 14 view .LVU606
 1868 0266 1868     		ldr	r0, [r3]
 1869              	.LVL158:
1289:Drivers/STM32L4xx_HAL_Driver/Src/stm32l4xx_hal_rcc_ex.c ****           {
 1870              		.loc 1 1289 13 view .LVU607
 1871 0268 10F00200 		ands	r0, r0, #2
 1872 026c 00F0B681 		beq	.L116
1292:Drivers/STM32L4xx_HAL_Driver/Src/stm32l4xx_hal_rcc_ex.c ****           }
 1873              		.loc 1 1292 13 is_stmt 1 view .LVU608
1292:Drivers/STM32L4xx_HAL_Driver/Src/stm32l4xx_hal_rcc_ex.c ****           }
 1874              		.loc 1 1292 40 is_stmt 0 view .LVU609
 1875 0270 1B68     		ldr	r3, [r3]
 1876              	.LVL159:
1292:Drivers/STM32L4xx_HAL_Driver/Src/stm32l4xx_hal_rcc_ex.c ****           }
 1877              		.loc 1 1292 66 view .LVU610
 1878 0272 13F0080F 		tst	r3, #8
 1879 0276 07D0     		beq	.L148
1292:Drivers/STM32L4xx_HAL_Driver/Src/stm32l4xx_hal_rcc_ex.c ****           }
 1880              		.loc 1 1292 40 discriminator 1 view .LVU611
 1881 0278 064B     		ldr	r3, .L238
 1882 027a 1B68     		ldr	r3, [r3]
1292:Drivers/STM32L4xx_HAL_Driver/Src/stm32l4xx_hal_rcc_ex.c ****           }
 1883              		.loc 1 1292 66 discriminator 1 view .LVU612
 1884 027c C3F30313 		ubfx	r3, r3, #4, #4
 1885              	.L149:
1292:Drivers/STM32L4xx_HAL_Driver/Src/stm32l4xx_hal_rcc_ex.c ****           }
ARM GAS  /tmp/ccFN0S9l.s 			page 106


 1886              		.loc 1 1292 23 discriminator 4 view .LVU613
 1887 0280 054A     		ldr	r2, .L238+4
 1888 0282 52F82300 		ldr	r0, [r2, r3, lsl #2]
 1889              	.LVL160:
1292:Drivers/STM32L4xx_HAL_Driver/Src/stm32l4xx_hal_rcc_ex.c ****           }
 1890              		.loc 1 1292 23 discriminator 4 view .LVU614
 1891 0286 A9E1     		b	.L116
 1892              	.LVL161:
 1893              	.L148:
1292:Drivers/STM32L4xx_HAL_Driver/Src/stm32l4xx_hal_rcc_ex.c ****           }
 1894              		.loc 1 1292 40 discriminator 2 view .LVU615
 1895 0288 024B     		ldr	r3, .L238
 1896 028a D3F89430 		ldr	r3, [r3, #148]
1292:Drivers/STM32L4xx_HAL_Driver/Src/stm32l4xx_hal_rcc_ex.c ****           }
 1897              		.loc 1 1292 66 discriminator 2 view .LVU616
 1898 028e C3F30323 		ubfx	r3, r3, #8, #4
 1899 0292 F5E7     		b	.L149
 1900              	.L239:
 1901              		.align	2
 1902              	.L238:
 1903 0294 00100240 		.word	1073876992
 1904 0298 00000000 		.word	MSIRangeTable
 1905 029c C2EB0B00 		.word	781250
 1906 02a0 0024F400 		.word	16000000
 1907 02a4 40787D01 		.word	25000000
 1908              	.LVL162:
 1909              	.L144:
1296:Drivers/STM32L4xx_HAL_Driver/Src/stm32l4xx_hal_rcc_ex.c ****           {
 1910              		.loc 1 1296 11 is_stmt 1 view .LVU617
1296:Drivers/STM32L4xx_HAL_Driver/Src/stm32l4xx_hal_rcc_ex.c ****           {
 1911              		.loc 1 1296 14 is_stmt 0 view .LVU618
 1912 02a8 A44B     		ldr	r3, .L240
 1913              	.LVL163:
1296:Drivers/STM32L4xx_HAL_Driver/Src/stm32l4xx_hal_rcc_ex.c ****           {
 1914              		.loc 1 1296 14 view .LVU619
 1915 02aa 1868     		ldr	r0, [r3]
 1916              	.LVL164:
1296:Drivers/STM32L4xx_HAL_Driver/Src/stm32l4xx_hal_rcc_ex.c ****           {
 1917              		.loc 1 1296 13 view .LVU620
 1918 02ac 10F00070 		ands	r0, r0, #33554432
 1919 02b0 00F09481 		beq	.L116
1298:Drivers/STM32L4xx_HAL_Driver/Src/stm32l4xx_hal_rcc_ex.c ****             {
 1920              		.loc 1 1298 13 is_stmt 1 view .LVU621
1298:Drivers/STM32L4xx_HAL_Driver/Src/stm32l4xx_hal_rcc_ex.c ****             {
 1921              		.loc 1 1298 16 is_stmt 0 view .LVU622
 1922 02b4 D868     		ldr	r0, [r3, #12]
1298:Drivers/STM32L4xx_HAL_Driver/Src/stm32l4xx_hal_rcc_ex.c ****             {
 1923              		.loc 1 1298 15 view .LVU623
 1924 02b6 10F48010 		ands	r0, r0, #1048576
 1925 02ba 00F08F81 		beq	.L116
1301:Drivers/STM32L4xx_HAL_Driver/Src/stm32l4xx_hal_rcc_ex.c ****               pllvco = ((pllvco * plln) / ((READ_BIT(RCC->PLLCFGR, RCC_PLLCFGR_PLLM) >> RCC_PLLCFGR
 1926              		.loc 1 1301 15 is_stmt 1 view .LVU624
1301:Drivers/STM32L4xx_HAL_Driver/Src/stm32l4xx_hal_rcc_ex.c ****               pllvco = ((pllvco * plln) / ((READ_BIT(RCC->PLLCFGR, RCC_PLLCFGR_PLLM) >> RCC_PLLCFGR
 1927              		.loc 1 1301 22 is_stmt 0 view .LVU625
 1928 02be 1A46     		mov	r2, r3
 1929 02c0 DB68     		ldr	r3, [r3, #12]
1301:Drivers/STM32L4xx_HAL_Driver/Src/stm32l4xx_hal_rcc_ex.c ****               pllvco = ((pllvco * plln) / ((READ_BIT(RCC->PLLCFGR, RCC_PLLCFGR_PLLM) >> RCC_PLLCFGR
ARM GAS  /tmp/ccFN0S9l.s 			page 107


 1930              		.loc 1 1301 20 view .LVU626
 1931 02c2 C3F30623 		ubfx	r3, r3, #8, #7
 1932              	.LVL165:
1302:Drivers/STM32L4xx_HAL_Driver/Src/stm32l4xx_hal_rcc_ex.c ****               /* f(PLL48M1CLK) = f(VCO input) / PLLQ */
 1933              		.loc 1 1302 15 is_stmt 1 view .LVU627
1302:Drivers/STM32L4xx_HAL_Driver/Src/stm32l4xx_hal_rcc_ex.c ****               /* f(PLL48M1CLK) = f(VCO input) / PLLQ */
 1934              		.loc 1 1302 33 is_stmt 0 view .LVU628
 1935 02c6 03FB01F0 		mul	r0, r3, r1
1302:Drivers/STM32L4xx_HAL_Driver/Src/stm32l4xx_hal_rcc_ex.c ****               /* f(PLL48M1CLK) = f(VCO input) / PLLQ */
 1936              		.loc 1 1302 45 view .LVU629
 1937 02ca D368     		ldr	r3, [r2, #12]
 1938              	.LVL166:
1302:Drivers/STM32L4xx_HAL_Driver/Src/stm32l4xx_hal_rcc_ex.c ****               /* f(PLL48M1CLK) = f(VCO input) / PLLQ */
 1939              		.loc 1 1302 86 view .LVU630
 1940 02cc C3F30213 		ubfx	r3, r3, #4, #3
1302:Drivers/STM32L4xx_HAL_Driver/Src/stm32l4xx_hal_rcc_ex.c ****               /* f(PLL48M1CLK) = f(VCO input) / PLLQ */
 1941              		.loc 1 1302 111 view .LVU631
 1942 02d0 0133     		adds	r3, r3, #1
1302:Drivers/STM32L4xx_HAL_Driver/Src/stm32l4xx_hal_rcc_ex.c ****               /* f(PLL48M1CLK) = f(VCO input) / PLLQ */
 1943              		.loc 1 1302 22 view .LVU632
 1944 02d2 B0FBF3F0 		udiv	r0, r0, r3
 1945              	.LVL167:
1304:Drivers/STM32L4xx_HAL_Driver/Src/stm32l4xx_hal_rcc_ex.c ****             }
 1946              		.loc 1 1304 15 is_stmt 1 view .LVU633
1304:Drivers/STM32L4xx_HAL_Driver/Src/stm32l4xx_hal_rcc_ex.c ****             }
 1947              		.loc 1 1304 40 is_stmt 0 view .LVU634
 1948 02d6 D368     		ldr	r3, [r2, #12]
1304:Drivers/STM32L4xx_HAL_Driver/Src/stm32l4xx_hal_rcc_ex.c ****             }
 1949              		.loc 1 1304 81 view .LVU635
 1950 02d8 C3F34153 		ubfx	r3, r3, #21, #2
1304:Drivers/STM32L4xx_HAL_Driver/Src/stm32l4xx_hal_rcc_ex.c ****             }
 1951              		.loc 1 1304 106 view .LVU636
 1952 02dc 0133     		adds	r3, r3, #1
1304:Drivers/STM32L4xx_HAL_Driver/Src/stm32l4xx_hal_rcc_ex.c ****             }
 1953              		.loc 1 1304 112 view .LVU637
 1954 02de 5B00     		lsls	r3, r3, #1
1304:Drivers/STM32L4xx_HAL_Driver/Src/stm32l4xx_hal_rcc_ex.c ****             }
 1955              		.loc 1 1304 25 view .LVU638
 1956 02e0 B0FBF3F0 		udiv	r0, r0, r3
 1957              	.LVL168:
1304:Drivers/STM32L4xx_HAL_Driver/Src/stm32l4xx_hal_rcc_ex.c ****             }
 1958              		.loc 1 1304 25 view .LVU639
 1959 02e4 7AE1     		b	.L116
 1960              	.LVL169:
 1961              	.L146:
1331:Drivers/STM32L4xx_HAL_Driver/Src/stm32l4xx_hal_rcc_ex.c ****           {
 1962              		.loc 1 1331 11 is_stmt 1 view .LVU640
1331:Drivers/STM32L4xx_HAL_Driver/Src/stm32l4xx_hal_rcc_ex.c ****           {
 1963              		.loc 1 1331 14 is_stmt 0 view .LVU641
 1964 02e6 954B     		ldr	r3, .L240
 1965              	.LVL170:
1331:Drivers/STM32L4xx_HAL_Driver/Src/stm32l4xx_hal_rcc_ex.c ****           {
 1966              		.loc 1 1331 14 view .LVU642
 1967 02e8 D3F89800 		ldr	r0, [r3, #152]
 1968              	.LVL171:
1331:Drivers/STM32L4xx_HAL_Driver/Src/stm32l4xx_hal_rcc_ex.c ****           {
 1969              		.loc 1 1331 13 view .LVU643
ARM GAS  /tmp/ccFN0S9l.s 			page 108


 1970 02ec 10F00200 		ands	r0, r0, #2
 1971 02f0 00F07481 		beq	.L116
1333:Drivers/STM32L4xx_HAL_Driver/Src/stm32l4xx_hal_rcc_ex.c ****           }
 1972              		.loc 1 1333 23 view .LVU644
 1973 02f4 9248     		ldr	r0, .L240+4
 1974 02f6 71E1     		b	.L116
 1975              	.LVL172:
 1976              	.L133:
1431:Drivers/STM32L4xx_HAL_Driver/Src/stm32l4xx_hal_rcc_ex.c **** 
 1977              		.loc 1 1431 9 is_stmt 1 view .LVU645
1431:Drivers/STM32L4xx_HAL_Driver/Src/stm32l4xx_hal_rcc_ex.c **** 
 1978              		.loc 1 1431 18 is_stmt 0 view .LVU646
 1979 02f8 904B     		ldr	r3, .L240
 1980 02fa D3F88830 		ldr	r3, [r3, #136]
1431:Drivers/STM32L4xx_HAL_Driver/Src/stm32l4xx_hal_rcc_ex.c **** 
 1981              		.loc 1 1431 16 view .LVU647
 1982 02fe 03F00303 		and	r3, r3, #3
 1983              	.LVL173:
1433:Drivers/STM32L4xx_HAL_Driver/Src/stm32l4xx_hal_rcc_ex.c ****         {
 1984              		.loc 1 1433 9 is_stmt 1 view .LVU648
 1985 0302 032B     		cmp	r3, #3
 1986 0304 00F26D81 		bhi	.L198
 1987 0308 DFE803F0 		tbb	[pc, r3]
 1988              	.L151:
 1989 030c 02       		.byte	(.L154-.L151)/2
 1990 030d 05       		.byte	(.L153-.L151)/2
 1991 030e 08       		.byte	(.L152-.L151)/2
 1992 030f 10       		.byte	(.L150-.L151)/2
 1993              		.p2align 1
 1994              	.L154:
1436:Drivers/STM32L4xx_HAL_Driver/Src/stm32l4xx_hal_rcc_ex.c ****           break;
 1995              		.loc 1 1436 11 view .LVU649
1436:Drivers/STM32L4xx_HAL_Driver/Src/stm32l4xx_hal_rcc_ex.c ****           break;
 1996              		.loc 1 1436 23 is_stmt 0 view .LVU650
 1997 0310 FFF7FEFF 		bl	HAL_RCC_GetPCLK2Freq
 1998              	.LVL174:
1437:Drivers/STM32L4xx_HAL_Driver/Src/stm32l4xx_hal_rcc_ex.c ****         case RCC_USART1CLKSOURCE_SYSCLK:
 1999              		.loc 1 1437 11 is_stmt 1 view .LVU651
 2000 0314 62E1     		b	.L116
 2001              	.LVL175:
 2002              	.L153:
1439:Drivers/STM32L4xx_HAL_Driver/Src/stm32l4xx_hal_rcc_ex.c ****           break;
 2003              		.loc 1 1439 11 view .LVU652
1439:Drivers/STM32L4xx_HAL_Driver/Src/stm32l4xx_hal_rcc_ex.c ****           break;
 2004              		.loc 1 1439 23 is_stmt 0 view .LVU653
 2005 0316 FFF7FEFF 		bl	HAL_RCC_GetSysClockFreq
 2006              	.LVL176:
1440:Drivers/STM32L4xx_HAL_Driver/Src/stm32l4xx_hal_rcc_ex.c ****         case RCC_USART1CLKSOURCE_HSI:
 2007              		.loc 1 1440 11 is_stmt 1 view .LVU654
 2008 031a 5FE1     		b	.L116
 2009              	.LVL177:
 2010              	.L152:
1442:Drivers/STM32L4xx_HAL_Driver/Src/stm32l4xx_hal_rcc_ex.c ****           {
 2011              		.loc 1 1442 11 view .LVU655
1442:Drivers/STM32L4xx_HAL_Driver/Src/stm32l4xx_hal_rcc_ex.c ****           {
 2012              		.loc 1 1442 14 is_stmt 0 view .LVU656
 2013 031c 874B     		ldr	r3, .L240
ARM GAS  /tmp/ccFN0S9l.s 			page 109


 2014              	.LVL178:
1442:Drivers/STM32L4xx_HAL_Driver/Src/stm32l4xx_hal_rcc_ex.c ****           {
 2015              		.loc 1 1442 14 view .LVU657
 2016 031e 1868     		ldr	r0, [r3]
1442:Drivers/STM32L4xx_HAL_Driver/Src/stm32l4xx_hal_rcc_ex.c ****           {
 2017              		.loc 1 1442 13 view .LVU658
 2018 0320 10F48060 		ands	r0, r0, #1024
 2019 0324 00F05A81 		beq	.L116
1444:Drivers/STM32L4xx_HAL_Driver/Src/stm32l4xx_hal_rcc_ex.c ****           }
 2020              		.loc 1 1444 23 view .LVU659
 2021 0328 8648     		ldr	r0, .L240+8
 2022 032a 57E1     		b	.L116
 2023              	.LVL179:
 2024              	.L150:
1448:Drivers/STM32L4xx_HAL_Driver/Src/stm32l4xx_hal_rcc_ex.c ****           {
 2025              		.loc 1 1448 11 is_stmt 1 view .LVU660
1448:Drivers/STM32L4xx_HAL_Driver/Src/stm32l4xx_hal_rcc_ex.c ****           {
 2026              		.loc 1 1448 14 is_stmt 0 view .LVU661
 2027 032c 834B     		ldr	r3, .L240
 2028              	.LVL180:
1448:Drivers/STM32L4xx_HAL_Driver/Src/stm32l4xx_hal_rcc_ex.c ****           {
 2029              		.loc 1 1448 14 view .LVU662
 2030 032e D3F89000 		ldr	r0, [r3, #144]
1448:Drivers/STM32L4xx_HAL_Driver/Src/stm32l4xx_hal_rcc_ex.c ****           {
 2031              		.loc 1 1448 13 view .LVU663
 2032 0332 10F00200 		ands	r0, r0, #2
 2033 0336 00F05181 		beq	.L116
1450:Drivers/STM32L4xx_HAL_Driver/Src/stm32l4xx_hal_rcc_ex.c ****           }
 2034              		.loc 1 1450 23 view .LVU664
 2035 033a 4FF40040 		mov	r0, #32768
 2036 033e 4DE1     		b	.L116
 2037              	.LVL181:
 2038              	.L132:
1464:Drivers/STM32L4xx_HAL_Driver/Src/stm32l4xx_hal_rcc_ex.c **** 
 2039              		.loc 1 1464 9 is_stmt 1 view .LVU665
1464:Drivers/STM32L4xx_HAL_Driver/Src/stm32l4xx_hal_rcc_ex.c **** 
 2040              		.loc 1 1464 18 is_stmt 0 view .LVU666
 2041 0340 7E4B     		ldr	r3, .L240
 2042 0342 D3F88830 		ldr	r3, [r3, #136]
1464:Drivers/STM32L4xx_HAL_Driver/Src/stm32l4xx_hal_rcc_ex.c **** 
 2043              		.loc 1 1464 16 view .LVU667
 2044 0346 03F00C03 		and	r3, r3, #12
 2045              	.LVL182:
1466:Drivers/STM32L4xx_HAL_Driver/Src/stm32l4xx_hal_rcc_ex.c ****         {
 2046              		.loc 1 1466 9 is_stmt 1 view .LVU668
 2047 034a 0C2B     		cmp	r3, #12
 2048 034c 00F24B81 		bhi	.L201
 2049 0350 DFE813F0 		tbh	[pc, r3, lsl #1]
 2050              	.L156:
 2051 0354 0D00     		.2byte	(.L159-.L156)/2
 2052 0356 4901     		.2byte	(.L201-.L156)/2
 2053 0358 4901     		.2byte	(.L201-.L156)/2
 2054 035a 4901     		.2byte	(.L201-.L156)/2
 2055 035c 1000     		.2byte	(.L158-.L156)/2
 2056 035e 4901     		.2byte	(.L201-.L156)/2
 2057 0360 4901     		.2byte	(.L201-.L156)/2
 2058 0362 4901     		.2byte	(.L201-.L156)/2
ARM GAS  /tmp/ccFN0S9l.s 			page 110


 2059 0364 1300     		.2byte	(.L157-.L156)/2
 2060 0366 4901     		.2byte	(.L201-.L156)/2
 2061 0368 4901     		.2byte	(.L201-.L156)/2
 2062 036a 4901     		.2byte	(.L201-.L156)/2
 2063 036c 1B00     		.2byte	(.L155-.L156)/2
 2064              		.p2align 1
 2065              	.L159:
1469:Drivers/STM32L4xx_HAL_Driver/Src/stm32l4xx_hal_rcc_ex.c ****           break;
 2066              		.loc 1 1469 11 view .LVU669
1469:Drivers/STM32L4xx_HAL_Driver/Src/stm32l4xx_hal_rcc_ex.c ****           break;
 2067              		.loc 1 1469 23 is_stmt 0 view .LVU670
 2068 036e FFF7FEFF 		bl	HAL_RCC_GetPCLK1Freq
 2069              	.LVL183:
1470:Drivers/STM32L4xx_HAL_Driver/Src/stm32l4xx_hal_rcc_ex.c ****         case RCC_USART2CLKSOURCE_SYSCLK:
 2070              		.loc 1 1470 11 is_stmt 1 view .LVU671
 2071 0372 33E1     		b	.L116
 2072              	.LVL184:
 2073              	.L158:
1472:Drivers/STM32L4xx_HAL_Driver/Src/stm32l4xx_hal_rcc_ex.c ****           break;
 2074              		.loc 1 1472 11 view .LVU672
1472:Drivers/STM32L4xx_HAL_Driver/Src/stm32l4xx_hal_rcc_ex.c ****           break;
 2075              		.loc 1 1472 23 is_stmt 0 view .LVU673
 2076 0374 FFF7FEFF 		bl	HAL_RCC_GetSysClockFreq
 2077              	.LVL185:
1473:Drivers/STM32L4xx_HAL_Driver/Src/stm32l4xx_hal_rcc_ex.c ****         case RCC_USART2CLKSOURCE_HSI:
 2078              		.loc 1 1473 11 is_stmt 1 view .LVU674
 2079 0378 30E1     		b	.L116
 2080              	.LVL186:
 2081              	.L157:
1475:Drivers/STM32L4xx_HAL_Driver/Src/stm32l4xx_hal_rcc_ex.c ****           {
 2082              		.loc 1 1475 11 view .LVU675
1475:Drivers/STM32L4xx_HAL_Driver/Src/stm32l4xx_hal_rcc_ex.c ****           {
 2083              		.loc 1 1475 14 is_stmt 0 view .LVU676
 2084 037a 704B     		ldr	r3, .L240
 2085              	.LVL187:
1475:Drivers/STM32L4xx_HAL_Driver/Src/stm32l4xx_hal_rcc_ex.c ****           {
 2086              		.loc 1 1475 14 view .LVU677
 2087 037c 1868     		ldr	r0, [r3]
1475:Drivers/STM32L4xx_HAL_Driver/Src/stm32l4xx_hal_rcc_ex.c ****           {
 2088              		.loc 1 1475 13 view .LVU678
 2089 037e 10F48060 		ands	r0, r0, #1024
 2090 0382 00F02B81 		beq	.L116
1477:Drivers/STM32L4xx_HAL_Driver/Src/stm32l4xx_hal_rcc_ex.c ****           }
 2091              		.loc 1 1477 23 view .LVU679
 2092 0386 6F48     		ldr	r0, .L240+8
 2093 0388 28E1     		b	.L116
 2094              	.LVL188:
 2095              	.L155:
1481:Drivers/STM32L4xx_HAL_Driver/Src/stm32l4xx_hal_rcc_ex.c ****           {
 2096              		.loc 1 1481 11 is_stmt 1 view .LVU680
1481:Drivers/STM32L4xx_HAL_Driver/Src/stm32l4xx_hal_rcc_ex.c ****           {
 2097              		.loc 1 1481 14 is_stmt 0 view .LVU681
 2098 038a 6C4B     		ldr	r3, .L240
 2099              	.LVL189:
1481:Drivers/STM32L4xx_HAL_Driver/Src/stm32l4xx_hal_rcc_ex.c ****           {
 2100              		.loc 1 1481 14 view .LVU682
 2101 038c D3F89000 		ldr	r0, [r3, #144]
ARM GAS  /tmp/ccFN0S9l.s 			page 111


1481:Drivers/STM32L4xx_HAL_Driver/Src/stm32l4xx_hal_rcc_ex.c ****           {
 2102              		.loc 1 1481 13 view .LVU683
 2103 0390 10F00200 		ands	r0, r0, #2
 2104 0394 00F02281 		beq	.L116
1483:Drivers/STM32L4xx_HAL_Driver/Src/stm32l4xx_hal_rcc_ex.c ****           }
 2105              		.loc 1 1483 23 view .LVU684
 2106 0398 4FF40040 		mov	r0, #32768
 2107 039c 1EE1     		b	.L116
 2108              	.LVL190:
 2109              	.L131:
1499:Drivers/STM32L4xx_HAL_Driver/Src/stm32l4xx_hal_rcc_ex.c **** 
 2110              		.loc 1 1499 9 is_stmt 1 view .LVU685
1499:Drivers/STM32L4xx_HAL_Driver/Src/stm32l4xx_hal_rcc_ex.c **** 
 2111              		.loc 1 1499 18 is_stmt 0 view .LVU686
 2112 039e 674B     		ldr	r3, .L240
 2113 03a0 D3F88830 		ldr	r3, [r3, #136]
1499:Drivers/STM32L4xx_HAL_Driver/Src/stm32l4xx_hal_rcc_ex.c **** 
 2114              		.loc 1 1499 16 view .LVU687
 2115 03a4 03F03003 		and	r3, r3, #48
 2116              	.LVL191:
1501:Drivers/STM32L4xx_HAL_Driver/Src/stm32l4xx_hal_rcc_ex.c ****         {
 2117              		.loc 1 1501 9 is_stmt 1 view .LVU688
 2118 03a8 202B     		cmp	r3, #32
 2119 03aa 19D0     		beq	.L160
 2120 03ac 07D8     		bhi	.L161
 2121 03ae A3B1     		cbz	r3, .L162
 2122 03b0 102B     		cmp	r3, #16
 2123 03b2 02D1     		bne	.L231
1507:Drivers/STM32L4xx_HAL_Driver/Src/stm32l4xx_hal_rcc_ex.c ****           break;
 2124              		.loc 1 1507 11 view .LVU689
1507:Drivers/STM32L4xx_HAL_Driver/Src/stm32l4xx_hal_rcc_ex.c ****           break;
 2125              		.loc 1 1507 23 is_stmt 0 view .LVU690
 2126 03b4 FFF7FEFF 		bl	HAL_RCC_GetSysClockFreq
 2127              	.LVL192:
1508:Drivers/STM32L4xx_HAL_Driver/Src/stm32l4xx_hal_rcc_ex.c ****         case RCC_USART3CLKSOURCE_HSI:
 2128              		.loc 1 1508 11 is_stmt 1 view .LVU691
 2129 03b8 10E1     		b	.L116
 2130              	.LVL193:
 2131              	.L231:
1508:Drivers/STM32L4xx_HAL_Driver/Src/stm32l4xx_hal_rcc_ex.c ****         case RCC_USART3CLKSOURCE_HSI:
 2132              		.loc 1 1508 11 is_stmt 0 view .LVU692
 2133 03ba 0020     		movs	r0, #0
 2134 03bc 0EE1     		b	.L116
 2135              	.L161:
 2136 03be 302B     		cmp	r3, #48
 2137 03c0 09D1     		bne	.L232
1516:Drivers/STM32L4xx_HAL_Driver/Src/stm32l4xx_hal_rcc_ex.c ****           {
 2138              		.loc 1 1516 11 is_stmt 1 view .LVU693
1516:Drivers/STM32L4xx_HAL_Driver/Src/stm32l4xx_hal_rcc_ex.c ****           {
 2139              		.loc 1 1516 14 is_stmt 0 view .LVU694
 2140 03c2 5E4B     		ldr	r3, .L240
 2141              	.LVL194:
1516:Drivers/STM32L4xx_HAL_Driver/Src/stm32l4xx_hal_rcc_ex.c ****           {
 2142              		.loc 1 1516 14 view .LVU695
 2143 03c4 D3F89000 		ldr	r0, [r3, #144]
1516:Drivers/STM32L4xx_HAL_Driver/Src/stm32l4xx_hal_rcc_ex.c ****           {
 2144              		.loc 1 1516 13 view .LVU696
ARM GAS  /tmp/ccFN0S9l.s 			page 112


 2145 03c8 10F00200 		ands	r0, r0, #2
 2146 03cc 00F00681 		beq	.L116
1518:Drivers/STM32L4xx_HAL_Driver/Src/stm32l4xx_hal_rcc_ex.c ****           }
 2147              		.loc 1 1518 23 view .LVU697
 2148 03d0 4FF40040 		mov	r0, #32768
 2149 03d4 02E1     		b	.L116
 2150              	.LVL195:
 2151              	.L232:
1518:Drivers/STM32L4xx_HAL_Driver/Src/stm32l4xx_hal_rcc_ex.c ****           }
 2152              		.loc 1 1518 23 view .LVU698
 2153 03d6 0020     		movs	r0, #0
 2154 03d8 00E1     		b	.L116
 2155              	.L162:
1504:Drivers/STM32L4xx_HAL_Driver/Src/stm32l4xx_hal_rcc_ex.c ****           break;
 2156              		.loc 1 1504 11 is_stmt 1 view .LVU699
1504:Drivers/STM32L4xx_HAL_Driver/Src/stm32l4xx_hal_rcc_ex.c ****           break;
 2157              		.loc 1 1504 23 is_stmt 0 view .LVU700
 2158 03da FFF7FEFF 		bl	HAL_RCC_GetPCLK1Freq
 2159              	.LVL196:
1505:Drivers/STM32L4xx_HAL_Driver/Src/stm32l4xx_hal_rcc_ex.c ****         case RCC_USART3CLKSOURCE_SYSCLK:
 2160              		.loc 1 1505 11 is_stmt 1 view .LVU701
 2161 03de FDE0     		b	.L116
 2162              	.LVL197:
 2163              	.L160:
1510:Drivers/STM32L4xx_HAL_Driver/Src/stm32l4xx_hal_rcc_ex.c ****           {
 2164              		.loc 1 1510 11 view .LVU702
1510:Drivers/STM32L4xx_HAL_Driver/Src/stm32l4xx_hal_rcc_ex.c ****           {
 2165              		.loc 1 1510 14 is_stmt 0 view .LVU703
 2166 03e0 564B     		ldr	r3, .L240
 2167              	.LVL198:
1510:Drivers/STM32L4xx_HAL_Driver/Src/stm32l4xx_hal_rcc_ex.c ****           {
 2168              		.loc 1 1510 14 view .LVU704
 2169 03e2 1868     		ldr	r0, [r3]
1510:Drivers/STM32L4xx_HAL_Driver/Src/stm32l4xx_hal_rcc_ex.c ****           {
 2170              		.loc 1 1510 13 view .LVU705
 2171 03e4 10F48060 		ands	r0, r0, #1024
 2172 03e8 00F0F880 		beq	.L116
1512:Drivers/STM32L4xx_HAL_Driver/Src/stm32l4xx_hal_rcc_ex.c ****           }
 2173              		.loc 1 1512 23 view .LVU706
 2174 03ec 5548     		ldr	r0, .L240+8
 2175 03ee F5E0     		b	.L116
 2176              	.LVL199:
 2177              	.L129:
1608:Drivers/STM32L4xx_HAL_Driver/Src/stm32l4xx_hal_rcc_ex.c **** 
 2178              		.loc 1 1608 9 is_stmt 1 view .LVU707
1608:Drivers/STM32L4xx_HAL_Driver/Src/stm32l4xx_hal_rcc_ex.c **** 
 2179              		.loc 1 1608 18 is_stmt 0 view .LVU708
 2180 03f0 524B     		ldr	r3, .L240
 2181 03f2 D3F88830 		ldr	r3, [r3, #136]
1608:Drivers/STM32L4xx_HAL_Driver/Src/stm32l4xx_hal_rcc_ex.c **** 
 2182              		.loc 1 1608 16 view .LVU709
 2183 03f6 03F44063 		and	r3, r3, #3072
 2184              	.LVL200:
1610:Drivers/STM32L4xx_HAL_Driver/Src/stm32l4xx_hal_rcc_ex.c ****         {
 2185              		.loc 1 1610 9 is_stmt 1 view .LVU710
 2186 03fa B3F5006F 		cmp	r3, #2048
 2187 03fe 1BD0     		beq	.L165
ARM GAS  /tmp/ccFN0S9l.s 			page 113


 2188 0400 08D8     		bhi	.L166
 2189 0402 B3B1     		cbz	r3, .L167
 2190 0404 B3F5806F 		cmp	r3, #1024
 2191 0408 02D1     		bne	.L233
1616:Drivers/STM32L4xx_HAL_Driver/Src/stm32l4xx_hal_rcc_ex.c ****           break;
 2192              		.loc 1 1616 11 view .LVU711
1616:Drivers/STM32L4xx_HAL_Driver/Src/stm32l4xx_hal_rcc_ex.c ****           break;
 2193              		.loc 1 1616 23 is_stmt 0 view .LVU712
 2194 040a FFF7FEFF 		bl	HAL_RCC_GetSysClockFreq
 2195              	.LVL201:
1617:Drivers/STM32L4xx_HAL_Driver/Src/stm32l4xx_hal_rcc_ex.c ****         case RCC_LPUART1CLKSOURCE_HSI:
 2196              		.loc 1 1617 11 is_stmt 1 view .LVU713
 2197 040e E5E0     		b	.L116
 2198              	.LVL202:
 2199              	.L233:
1617:Drivers/STM32L4xx_HAL_Driver/Src/stm32l4xx_hal_rcc_ex.c ****         case RCC_LPUART1CLKSOURCE_HSI:
 2200              		.loc 1 1617 11 is_stmt 0 view .LVU714
 2201 0410 0020     		movs	r0, #0
 2202 0412 E3E0     		b	.L116
 2203              	.L166:
 2204 0414 B3F5406F 		cmp	r3, #3072
 2205 0418 09D1     		bne	.L234
1625:Drivers/STM32L4xx_HAL_Driver/Src/stm32l4xx_hal_rcc_ex.c ****           {
 2206              		.loc 1 1625 11 is_stmt 1 view .LVU715
1625:Drivers/STM32L4xx_HAL_Driver/Src/stm32l4xx_hal_rcc_ex.c ****           {
 2207              		.loc 1 1625 14 is_stmt 0 view .LVU716
 2208 041a 484B     		ldr	r3, .L240
 2209              	.LVL203:
1625:Drivers/STM32L4xx_HAL_Driver/Src/stm32l4xx_hal_rcc_ex.c ****           {
 2210              		.loc 1 1625 14 view .LVU717
 2211 041c D3F89000 		ldr	r0, [r3, #144]
1625:Drivers/STM32L4xx_HAL_Driver/Src/stm32l4xx_hal_rcc_ex.c ****           {
 2212              		.loc 1 1625 13 view .LVU718
 2213 0420 10F00200 		ands	r0, r0, #2
 2214 0424 00F0DA80 		beq	.L116
1627:Drivers/STM32L4xx_HAL_Driver/Src/stm32l4xx_hal_rcc_ex.c ****           }
 2215              		.loc 1 1627 23 view .LVU719
 2216 0428 4FF40040 		mov	r0, #32768
 2217 042c D6E0     		b	.L116
 2218              	.LVL204:
 2219              	.L234:
1627:Drivers/STM32L4xx_HAL_Driver/Src/stm32l4xx_hal_rcc_ex.c ****           }
 2220              		.loc 1 1627 23 view .LVU720
 2221 042e 0020     		movs	r0, #0
 2222 0430 D4E0     		b	.L116
 2223              	.L167:
1613:Drivers/STM32L4xx_HAL_Driver/Src/stm32l4xx_hal_rcc_ex.c ****           break;
 2224              		.loc 1 1613 11 is_stmt 1 view .LVU721
1613:Drivers/STM32L4xx_HAL_Driver/Src/stm32l4xx_hal_rcc_ex.c ****           break;
 2225              		.loc 1 1613 23 is_stmt 0 view .LVU722
 2226 0432 FFF7FEFF 		bl	HAL_RCC_GetPCLK1Freq
 2227              	.LVL205:
1614:Drivers/STM32L4xx_HAL_Driver/Src/stm32l4xx_hal_rcc_ex.c ****         case RCC_LPUART1CLKSOURCE_SYSCLK:
 2228              		.loc 1 1614 11 is_stmt 1 view .LVU723
 2229 0436 D1E0     		b	.L116
 2230              	.LVL206:
 2231              	.L165:
ARM GAS  /tmp/ccFN0S9l.s 			page 114


1619:Drivers/STM32L4xx_HAL_Driver/Src/stm32l4xx_hal_rcc_ex.c ****           {
 2232              		.loc 1 1619 11 view .LVU724
1619:Drivers/STM32L4xx_HAL_Driver/Src/stm32l4xx_hal_rcc_ex.c ****           {
 2233              		.loc 1 1619 14 is_stmt 0 view .LVU725
 2234 0438 404B     		ldr	r3, .L240
 2235              	.LVL207:
1619:Drivers/STM32L4xx_HAL_Driver/Src/stm32l4xx_hal_rcc_ex.c ****           {
 2236              		.loc 1 1619 14 view .LVU726
 2237 043a 1868     		ldr	r0, [r3]
1619:Drivers/STM32L4xx_HAL_Driver/Src/stm32l4xx_hal_rcc_ex.c ****           {
 2238              		.loc 1 1619 13 view .LVU727
 2239 043c 10F48060 		ands	r0, r0, #1024
 2240 0440 00F0CC80 		beq	.L116
1621:Drivers/STM32L4xx_HAL_Driver/Src/stm32l4xx_hal_rcc_ex.c ****           }
 2241              		.loc 1 1621 23 view .LVU728
 2242 0444 3F48     		ldr	r0, .L240+8
 2243 0446 C9E0     		b	.L116
 2244              	.LVL208:
 2245              	.L170:
1649:Drivers/STM32L4xx_HAL_Driver/Src/stm32l4xx_hal_rcc_ex.c ****           {
 2246              		.loc 1 1649 11 is_stmt 1 view .LVU729
1649:Drivers/STM32L4xx_HAL_Driver/Src/stm32l4xx_hal_rcc_ex.c ****           {
 2247              		.loc 1 1649 14 is_stmt 0 view .LVU730
 2248 0448 3C4B     		ldr	r3, .L240
 2249              	.LVL209:
1649:Drivers/STM32L4xx_HAL_Driver/Src/stm32l4xx_hal_rcc_ex.c ****           {
 2250              		.loc 1 1649 14 view .LVU731
 2251 044a 1868     		ldr	r0, [r3]
 2252              	.LVL210:
1649:Drivers/STM32L4xx_HAL_Driver/Src/stm32l4xx_hal_rcc_ex.c ****           {
 2253              		.loc 1 1649 13 view .LVU732
 2254 044c 10F00060 		ands	r0, r0, #134217728
 2255 0450 00F0C480 		beq	.L116
1649:Drivers/STM32L4xx_HAL_Driver/Src/stm32l4xx_hal_rcc_ex.c ****           {
 2256              		.loc 1 1649 61 discriminator 1 view .LVU733
 2257 0454 1869     		ldr	r0, [r3, #16]
1649:Drivers/STM32L4xx_HAL_Driver/Src/stm32l4xx_hal_rcc_ex.c ****           {
 2258              		.loc 1 1649 57 discriminator 1 view .LVU734
 2259 0456 10F08070 		ands	r0, r0, #16777216
 2260 045a 00F0BF80 		beq	.L116
1651:Drivers/STM32L4xx_HAL_Driver/Src/stm32l4xx_hal_rcc_ex.c **** #if defined(RCC_PLLSAI1M_DIV_1_16_SUPPORT)
 2261              		.loc 1 1651 13 is_stmt 1 view .LVU735
1651:Drivers/STM32L4xx_HAL_Driver/Src/stm32l4xx_hal_rcc_ex.c **** #if defined(RCC_PLLSAI1M_DIV_1_16_SUPPORT)
 2262              		.loc 1 1651 20 is_stmt 0 view .LVU736
 2263 045e 1846     		mov	r0, r3
 2264 0460 1B69     		ldr	r3, [r3, #16]
1651:Drivers/STM32L4xx_HAL_Driver/Src/stm32l4xx_hal_rcc_ex.c **** #if defined(RCC_PLLSAI1M_DIV_1_16_SUPPORT)
 2265              		.loc 1 1651 18 view .LVU737
 2266 0462 C3F30623 		ubfx	r3, r3, #8, #7
 2267              	.LVL211:
1658:Drivers/STM32L4xx_HAL_Driver/Src/stm32l4xx_hal_rcc_ex.c **** #endif
 2268              		.loc 1 1658 13 is_stmt 1 view .LVU738
1658:Drivers/STM32L4xx_HAL_Driver/Src/stm32l4xx_hal_rcc_ex.c **** #endif
 2269              		.loc 1 1658 31 is_stmt 0 view .LVU739
 2270 0466 01FB03F3 		mul	r3, r1, r3
 2271              	.LVL212:
1658:Drivers/STM32L4xx_HAL_Driver/Src/stm32l4xx_hal_rcc_ex.c **** #endif
ARM GAS  /tmp/ccFN0S9l.s 			page 115


 2272              		.loc 1 1658 43 view .LVU740
 2273 046a C268     		ldr	r2, [r0, #12]
1658:Drivers/STM32L4xx_HAL_Driver/Src/stm32l4xx_hal_rcc_ex.c **** #endif
 2274              		.loc 1 1658 84 view .LVU741
 2275 046c C2F30212 		ubfx	r2, r2, #4, #3
1658:Drivers/STM32L4xx_HAL_Driver/Src/stm32l4xx_hal_rcc_ex.c **** #endif
 2276              		.loc 1 1658 109 view .LVU742
 2277 0470 0132     		adds	r2, r2, #1
1658:Drivers/STM32L4xx_HAL_Driver/Src/stm32l4xx_hal_rcc_ex.c **** #endif
 2278              		.loc 1 1658 20 view .LVU743
 2279 0472 B3FBF2F3 		udiv	r3, r3, r2
 2280              	.LVL213:
1661:Drivers/STM32L4xx_HAL_Driver/Src/stm32l4xx_hal_rcc_ex.c ****           }
 2281              		.loc 1 1661 13 is_stmt 1 view .LVU744
1661:Drivers/STM32L4xx_HAL_Driver/Src/stm32l4xx_hal_rcc_ex.c ****           }
 2282              		.loc 1 1661 38 is_stmt 0 view .LVU745
 2283 0476 0069     		ldr	r0, [r0, #16]
1661:Drivers/STM32L4xx_HAL_Driver/Src/stm32l4xx_hal_rcc_ex.c ****           }
 2284              		.loc 1 1661 91 view .LVU746
 2285 0478 C0F34160 		ubfx	r0, r0, #25, #2
1661:Drivers/STM32L4xx_HAL_Driver/Src/stm32l4xx_hal_rcc_ex.c ****           }
 2286              		.loc 1 1661 124 view .LVU747
 2287 047c 0130     		adds	r0, r0, #1
1661:Drivers/STM32L4xx_HAL_Driver/Src/stm32l4xx_hal_rcc_ex.c ****           }
 2288              		.loc 1 1661 130 view .LVU748
 2289 047e 4000     		lsls	r0, r0, #1
1661:Drivers/STM32L4xx_HAL_Driver/Src/stm32l4xx_hal_rcc_ex.c ****           }
 2290              		.loc 1 1661 23 view .LVU749
 2291 0480 B3FBF0F0 		udiv	r0, r3, r0
 2292              	.LVL214:
1661:Drivers/STM32L4xx_HAL_Driver/Src/stm32l4xx_hal_rcc_ex.c ****           }
 2293              		.loc 1 1661 23 view .LVU750
 2294 0484 AAE0     		b	.L116
 2295              	.LVL215:
 2296              	.L134:
1750:Drivers/STM32L4xx_HAL_Driver/Src/stm32l4xx_hal_rcc_ex.c **** 
 2297              		.loc 1 1750 9 is_stmt 1 view .LVU751
1750:Drivers/STM32L4xx_HAL_Driver/Src/stm32l4xx_hal_rcc_ex.c **** 
 2298              		.loc 1 1750 18 is_stmt 0 view .LVU752
 2299 0486 2D4B     		ldr	r3, .L240
 2300 0488 D3F88830 		ldr	r3, [r3, #136]
1750:Drivers/STM32L4xx_HAL_Driver/Src/stm32l4xx_hal_rcc_ex.c **** 
 2301              		.loc 1 1750 16 view .LVU753
 2302 048c 03F44053 		and	r3, r3, #12288
 2303              	.LVL216:
1752:Drivers/STM32L4xx_HAL_Driver/Src/stm32l4xx_hal_rcc_ex.c ****         {
 2304              		.loc 1 1752 9 is_stmt 1 view .LVU754
 2305 0490 B3F5805F 		cmp	r3, #4096
 2306 0494 08D0     		beq	.L171
 2307 0496 B3F5005F 		cmp	r3, #8192
 2308 049a 08D0     		beq	.L172
 2309 049c 002B     		cmp	r3, #0
 2310 049e 40F0A680 		bne	.L209
1755:Drivers/STM32L4xx_HAL_Driver/Src/stm32l4xx_hal_rcc_ex.c ****           break;
 2311              		.loc 1 1755 11 view .LVU755
1755:Drivers/STM32L4xx_HAL_Driver/Src/stm32l4xx_hal_rcc_ex.c ****           break;
 2312              		.loc 1 1755 23 is_stmt 0 view .LVU756
ARM GAS  /tmp/ccFN0S9l.s 			page 116


 2313 04a2 FFF7FEFF 		bl	HAL_RCC_GetPCLK1Freq
 2314              	.LVL217:
1756:Drivers/STM32L4xx_HAL_Driver/Src/stm32l4xx_hal_rcc_ex.c ****         case RCC_I2C1CLKSOURCE_SYSCLK:
 2315              		.loc 1 1756 11 is_stmt 1 view .LVU757
 2316 04a6 99E0     		b	.L116
 2317              	.LVL218:
 2318              	.L171:
1758:Drivers/STM32L4xx_HAL_Driver/Src/stm32l4xx_hal_rcc_ex.c ****           break;
 2319              		.loc 1 1758 11 view .LVU758
1758:Drivers/STM32L4xx_HAL_Driver/Src/stm32l4xx_hal_rcc_ex.c ****           break;
 2320              		.loc 1 1758 23 is_stmt 0 view .LVU759
 2321 04a8 FFF7FEFF 		bl	HAL_RCC_GetSysClockFreq
 2322              	.LVL219:
1759:Drivers/STM32L4xx_HAL_Driver/Src/stm32l4xx_hal_rcc_ex.c ****         case RCC_I2C1CLKSOURCE_HSI:
 2323              		.loc 1 1759 11 is_stmt 1 view .LVU760
 2324 04ac 96E0     		b	.L116
 2325              	.LVL220:
 2326              	.L172:
1761:Drivers/STM32L4xx_HAL_Driver/Src/stm32l4xx_hal_rcc_ex.c ****           {
 2327              		.loc 1 1761 11 view .LVU761
1761:Drivers/STM32L4xx_HAL_Driver/Src/stm32l4xx_hal_rcc_ex.c ****           {
 2328              		.loc 1 1761 14 is_stmt 0 view .LVU762
 2329 04ae 234B     		ldr	r3, .L240
 2330              	.LVL221:
1761:Drivers/STM32L4xx_HAL_Driver/Src/stm32l4xx_hal_rcc_ex.c ****           {
 2331              		.loc 1 1761 14 view .LVU763
 2332 04b0 1868     		ldr	r0, [r3]
 2333              	.LVL222:
1761:Drivers/STM32L4xx_HAL_Driver/Src/stm32l4xx_hal_rcc_ex.c ****           {
 2334              		.loc 1 1761 13 view .LVU764
 2335 04b2 10F48060 		ands	r0, r0, #1024
 2336 04b6 00F09180 		beq	.L116
1763:Drivers/STM32L4xx_HAL_Driver/Src/stm32l4xx_hal_rcc_ex.c ****           }
 2337              		.loc 1 1763 23 view .LVU765
 2338 04ba 2248     		ldr	r0, .L240+8
 2339 04bc 8EE0     		b	.L116
 2340              	.LVL223:
 2341              	.L173:
1787:Drivers/STM32L4xx_HAL_Driver/Src/stm32l4xx_hal_rcc_ex.c ****           break;
 2342              		.loc 1 1787 11 is_stmt 1 view .LVU766
1787:Drivers/STM32L4xx_HAL_Driver/Src/stm32l4xx_hal_rcc_ex.c ****           break;
 2343              		.loc 1 1787 23 is_stmt 0 view .LVU767
 2344 04be FFF7FEFF 		bl	HAL_RCC_GetSysClockFreq
 2345              	.LVL224:
1788:Drivers/STM32L4xx_HAL_Driver/Src/stm32l4xx_hal_rcc_ex.c ****         case RCC_I2C2CLKSOURCE_HSI:
 2346              		.loc 1 1788 11 is_stmt 1 view .LVU768
 2347 04c2 8BE0     		b	.L116
 2348              	.LVL225:
 2349              	.L174:
1790:Drivers/STM32L4xx_HAL_Driver/Src/stm32l4xx_hal_rcc_ex.c ****           {
 2350              		.loc 1 1790 11 view .LVU769
1790:Drivers/STM32L4xx_HAL_Driver/Src/stm32l4xx_hal_rcc_ex.c ****           {
 2351              		.loc 1 1790 14 is_stmt 0 view .LVU770
 2352 04c4 1D4B     		ldr	r3, .L240
 2353              	.LVL226:
1790:Drivers/STM32L4xx_HAL_Driver/Src/stm32l4xx_hal_rcc_ex.c ****           {
 2354              		.loc 1 1790 14 view .LVU771
ARM GAS  /tmp/ccFN0S9l.s 			page 117


 2355 04c6 1868     		ldr	r0, [r3]
 2356              	.LVL227:
1790:Drivers/STM32L4xx_HAL_Driver/Src/stm32l4xx_hal_rcc_ex.c ****           {
 2357              		.loc 1 1790 13 view .LVU772
 2358 04c8 10F48060 		ands	r0, r0, #1024
 2359 04cc 00F08680 		beq	.L116
1792:Drivers/STM32L4xx_HAL_Driver/Src/stm32l4xx_hal_rcc_ex.c ****           }
 2360              		.loc 1 1792 23 view .LVU773
 2361 04d0 1C48     		ldr	r0, .L240+8
 2362 04d2 83E0     		b	.L116
 2363              	.LVL228:
 2364              	.L126:
1808:Drivers/STM32L4xx_HAL_Driver/Src/stm32l4xx_hal_rcc_ex.c **** 
 2365              		.loc 1 1808 9 is_stmt 1 view .LVU774
1808:Drivers/STM32L4xx_HAL_Driver/Src/stm32l4xx_hal_rcc_ex.c **** 
 2366              		.loc 1 1808 18 is_stmt 0 view .LVU775
 2367 04d4 194B     		ldr	r3, .L240
 2368 04d6 D3F88830 		ldr	r3, [r3, #136]
1808:Drivers/STM32L4xx_HAL_Driver/Src/stm32l4xx_hal_rcc_ex.c **** 
 2369              		.loc 1 1808 16 view .LVU776
 2370 04da 03F44033 		and	r3, r3, #196608
 2371              	.LVL229:
1810:Drivers/STM32L4xx_HAL_Driver/Src/stm32l4xx_hal_rcc_ex.c ****         {
 2372              		.loc 1 1810 9 is_stmt 1 view .LVU777
 2373 04de B3F5803F 		cmp	r3, #65536
 2374 04e2 08D0     		beq	.L175
 2375 04e4 B3F5003F 		cmp	r3, #131072
 2376 04e8 08D0     		beq	.L176
 2377 04ea 002B     		cmp	r3, #0
 2378 04ec 40F08380 		bne	.L213
1813:Drivers/STM32L4xx_HAL_Driver/Src/stm32l4xx_hal_rcc_ex.c ****           break;
 2379              		.loc 1 1813 11 view .LVU778
1813:Drivers/STM32L4xx_HAL_Driver/Src/stm32l4xx_hal_rcc_ex.c ****           break;
 2380              		.loc 1 1813 23 is_stmt 0 view .LVU779
 2381 04f0 FFF7FEFF 		bl	HAL_RCC_GetPCLK1Freq
 2382              	.LVL230:
1814:Drivers/STM32L4xx_HAL_Driver/Src/stm32l4xx_hal_rcc_ex.c ****         case RCC_I2C3CLKSOURCE_SYSCLK:
 2383              		.loc 1 1814 11 is_stmt 1 view .LVU780
 2384 04f4 72E0     		b	.L116
 2385              	.LVL231:
 2386              	.L175:
1816:Drivers/STM32L4xx_HAL_Driver/Src/stm32l4xx_hal_rcc_ex.c ****           break;
 2387              		.loc 1 1816 11 view .LVU781
1816:Drivers/STM32L4xx_HAL_Driver/Src/stm32l4xx_hal_rcc_ex.c ****           break;
 2388              		.loc 1 1816 23 is_stmt 0 view .LVU782
 2389 04f6 FFF7FEFF 		bl	HAL_RCC_GetSysClockFreq
 2390              	.LVL232:
1817:Drivers/STM32L4xx_HAL_Driver/Src/stm32l4xx_hal_rcc_ex.c ****         case RCC_I2C3CLKSOURCE_HSI:
 2391              		.loc 1 1817 11 is_stmt 1 view .LVU783
 2392 04fa 6FE0     		b	.L116
 2393              	.LVL233:
 2394              	.L176:
1819:Drivers/STM32L4xx_HAL_Driver/Src/stm32l4xx_hal_rcc_ex.c ****           {
 2395              		.loc 1 1819 11 view .LVU784
1819:Drivers/STM32L4xx_HAL_Driver/Src/stm32l4xx_hal_rcc_ex.c ****           {
 2396              		.loc 1 1819 14 is_stmt 0 view .LVU785
 2397 04fc 0F4B     		ldr	r3, .L240
ARM GAS  /tmp/ccFN0S9l.s 			page 118


 2398              	.LVL234:
1819:Drivers/STM32L4xx_HAL_Driver/Src/stm32l4xx_hal_rcc_ex.c ****           {
 2399              		.loc 1 1819 14 view .LVU786
 2400 04fe 1868     		ldr	r0, [r3]
 2401              	.LVL235:
1819:Drivers/STM32L4xx_HAL_Driver/Src/stm32l4xx_hal_rcc_ex.c ****           {
 2402              		.loc 1 1819 13 view .LVU787
 2403 0500 10F48060 		ands	r0, r0, #1024
 2404 0504 6AD0     		beq	.L116
1821:Drivers/STM32L4xx_HAL_Driver/Src/stm32l4xx_hal_rcc_ex.c ****           }
 2405              		.loc 1 1821 23 view .LVU788
 2406 0506 0F48     		ldr	r0, .L240+8
 2407 0508 68E0     		b	.L116
 2408              	.LVL236:
 2409              	.L138:
1866:Drivers/STM32L4xx_HAL_Driver/Src/stm32l4xx_hal_rcc_ex.c **** 
 2410              		.loc 1 1866 9 is_stmt 1 view .LVU789
1866:Drivers/STM32L4xx_HAL_Driver/Src/stm32l4xx_hal_rcc_ex.c **** 
 2411              		.loc 1 1866 18 is_stmt 0 view .LVU790
 2412 050a 0C4B     		ldr	r3, .L240
 2413 050c D3F88830 		ldr	r3, [r3, #136]
1866:Drivers/STM32L4xx_HAL_Driver/Src/stm32l4xx_hal_rcc_ex.c **** 
 2414              		.loc 1 1866 16 view .LVU791
 2415 0510 03F44023 		and	r3, r3, #786432
 2416              	.LVL237:
1868:Drivers/STM32L4xx_HAL_Driver/Src/stm32l4xx_hal_rcc_ex.c ****         {
 2417              		.loc 1 1868 9 is_stmt 1 view .LVU792
 2418 0514 B3F5002F 		cmp	r3, #524288
 2419 0518 27D0     		beq	.L177
 2420 051a 15D8     		bhi	.L178
 2421 051c 13B3     		cbz	r3, .L179
 2422 051e B3F5802F 		cmp	r3, #262144
 2423 0522 08D1     		bne	.L235
1874:Drivers/STM32L4xx_HAL_Driver/Src/stm32l4xx_hal_rcc_ex.c ****           {
 2424              		.loc 1 1874 11 view .LVU793
1874:Drivers/STM32L4xx_HAL_Driver/Src/stm32l4xx_hal_rcc_ex.c ****           {
 2425              		.loc 1 1874 14 is_stmt 0 view .LVU794
 2426 0524 054B     		ldr	r3, .L240
 2427              	.LVL238:
1874:Drivers/STM32L4xx_HAL_Driver/Src/stm32l4xx_hal_rcc_ex.c ****           {
 2428              		.loc 1 1874 14 view .LVU795
 2429 0526 D3F89400 		ldr	r0, [r3, #148]
 2430              	.LVL239:
1874:Drivers/STM32L4xx_HAL_Driver/Src/stm32l4xx_hal_rcc_ex.c ****           {
 2431              		.loc 1 1874 13 view .LVU796
 2432 052a 10F00200 		ands	r0, r0, #2
 2433 052e 55D0     		beq	.L116
1884:Drivers/STM32L4xx_HAL_Driver/Src/stm32l4xx_hal_rcc_ex.c ****             }
 2434              		.loc 1 1884 25 view .LVU797
 2435 0530 4FF4FA40 		mov	r0, #32000
 2436 0534 52E0     		b	.L116
 2437              	.LVL240:
 2438              	.L235:
1884:Drivers/STM32L4xx_HAL_Driver/Src/stm32l4xx_hal_rcc_ex.c ****             }
 2439              		.loc 1 1884 25 view .LVU798
 2440 0536 0020     		movs	r0, #0
 2441              	.LVL241:
ARM GAS  /tmp/ccFN0S9l.s 			page 119


1884:Drivers/STM32L4xx_HAL_Driver/Src/stm32l4xx_hal_rcc_ex.c ****             }
 2442              		.loc 1 1884 25 view .LVU799
 2443 0538 50E0     		b	.L116
 2444              	.L241:
 2445 053a 00BF     		.align	2
 2446              	.L240:
 2447 053c 00100240 		.word	1073876992
 2448 0540 006CDC02 		.word	48000000
 2449 0544 0024F400 		.word	16000000
 2450              	.LVL242:
 2451              	.L178:
1884:Drivers/STM32L4xx_HAL_Driver/Src/stm32l4xx_hal_rcc_ex.c ****             }
 2452              		.loc 1 1884 25 view .LVU800
 2453 0548 B3F5402F 		cmp	r3, #786432
 2454 054c 08D1     		bne	.L236
1895:Drivers/STM32L4xx_HAL_Driver/Src/stm32l4xx_hal_rcc_ex.c ****           {
 2455              		.loc 1 1895 11 is_stmt 1 view .LVU801
1895:Drivers/STM32L4xx_HAL_Driver/Src/stm32l4xx_hal_rcc_ex.c ****           {
 2456              		.loc 1 1895 14 is_stmt 0 view .LVU802
 2457 054e 2B4B     		ldr	r3, .L242
 2458              	.LVL243:
1895:Drivers/STM32L4xx_HAL_Driver/Src/stm32l4xx_hal_rcc_ex.c ****           {
 2459              		.loc 1 1895 14 view .LVU803
 2460 0550 D3F89000 		ldr	r0, [r3, #144]
 2461              	.LVL244:
1895:Drivers/STM32L4xx_HAL_Driver/Src/stm32l4xx_hal_rcc_ex.c ****           {
 2462              		.loc 1 1895 13 view .LVU804
 2463 0554 10F00200 		ands	r0, r0, #2
 2464 0558 40D0     		beq	.L116
1897:Drivers/STM32L4xx_HAL_Driver/Src/stm32l4xx_hal_rcc_ex.c ****           }
 2465              		.loc 1 1897 23 view .LVU805
 2466 055a 4FF40040 		mov	r0, #32768
 2467 055e 3DE0     		b	.L116
 2468              	.LVL245:
 2469              	.L236:
1897:Drivers/STM32L4xx_HAL_Driver/Src/stm32l4xx_hal_rcc_ex.c ****           }
 2470              		.loc 1 1897 23 view .LVU806
 2471 0560 0020     		movs	r0, #0
 2472              	.LVL246:
1897:Drivers/STM32L4xx_HAL_Driver/Src/stm32l4xx_hal_rcc_ex.c ****           }
 2473              		.loc 1 1897 23 view .LVU807
 2474 0562 3BE0     		b	.L116
 2475              	.LVL247:
 2476              	.L179:
1871:Drivers/STM32L4xx_HAL_Driver/Src/stm32l4xx_hal_rcc_ex.c ****           break;
 2477              		.loc 1 1871 11 is_stmt 1 view .LVU808
1871:Drivers/STM32L4xx_HAL_Driver/Src/stm32l4xx_hal_rcc_ex.c ****           break;
 2478              		.loc 1 1871 23 is_stmt 0 view .LVU809
 2479 0564 FFF7FEFF 		bl	HAL_RCC_GetPCLK1Freq
 2480              	.LVL248:
1872:Drivers/STM32L4xx_HAL_Driver/Src/stm32l4xx_hal_rcc_ex.c ****         case RCC_LPTIM1CLKSOURCE_LSI:
 2481              		.loc 1 1872 11 is_stmt 1 view .LVU810
 2482 0568 38E0     		b	.L116
 2483              	.LVL249:
 2484              	.L177:
1889:Drivers/STM32L4xx_HAL_Driver/Src/stm32l4xx_hal_rcc_ex.c ****           {
 2485              		.loc 1 1889 11 view .LVU811
ARM GAS  /tmp/ccFN0S9l.s 			page 120


1889:Drivers/STM32L4xx_HAL_Driver/Src/stm32l4xx_hal_rcc_ex.c ****           {
 2486              		.loc 1 1889 14 is_stmt 0 view .LVU812
 2487 056a 244B     		ldr	r3, .L242
 2488              	.LVL250:
1889:Drivers/STM32L4xx_HAL_Driver/Src/stm32l4xx_hal_rcc_ex.c ****           {
 2489              		.loc 1 1889 14 view .LVU813
 2490 056c 1868     		ldr	r0, [r3]
 2491              	.LVL251:
1889:Drivers/STM32L4xx_HAL_Driver/Src/stm32l4xx_hal_rcc_ex.c ****           {
 2492              		.loc 1 1889 13 view .LVU814
 2493 056e 10F48060 		ands	r0, r0, #1024
 2494 0572 33D0     		beq	.L116
1891:Drivers/STM32L4xx_HAL_Driver/Src/stm32l4xx_hal_rcc_ex.c ****           }
 2495              		.loc 1 1891 23 view .LVU815
 2496 0574 2248     		ldr	r0, .L242+4
 2497 0576 31E0     		b	.L116
 2498              	.LVL252:
 2499              	.L228:
1891:Drivers/STM32L4xx_HAL_Driver/Src/stm32l4xx_hal_rcc_ex.c ****           }
 2500              		.loc 1 1891 23 view .LVU816
 2501 0578 0020     		movs	r0, #0
 2502              	.LVL253:
1891:Drivers/STM32L4xx_HAL_Driver/Src/stm32l4xx_hal_rcc_ex.c ****           }
 2503              		.loc 1 1891 23 view .LVU817
 2504 057a 2FE0     		b	.L116
 2505              	.LVL254:
 2506              	.L183:
1891:Drivers/STM32L4xx_HAL_Driver/Src/stm32l4xx_hal_rcc_ex.c ****           }
 2507              		.loc 1 1891 23 view .LVU818
 2508 057c B3F5401F 		cmp	r3, #3145728
 2509 0580 08D1     		bne	.L237
1940:Drivers/STM32L4xx_HAL_Driver/Src/stm32l4xx_hal_rcc_ex.c ****           {
 2510              		.loc 1 1940 11 is_stmt 1 view .LVU819
1940:Drivers/STM32L4xx_HAL_Driver/Src/stm32l4xx_hal_rcc_ex.c ****           {
 2511              		.loc 1 1940 14 is_stmt 0 view .LVU820
 2512 0582 1E4B     		ldr	r3, .L242
 2513              	.LVL255:
1940:Drivers/STM32L4xx_HAL_Driver/Src/stm32l4xx_hal_rcc_ex.c ****           {
 2514              		.loc 1 1940 14 view .LVU821
 2515 0584 D3F89000 		ldr	r0, [r3, #144]
 2516              	.LVL256:
1940:Drivers/STM32L4xx_HAL_Driver/Src/stm32l4xx_hal_rcc_ex.c ****           {
 2517              		.loc 1 1940 13 view .LVU822
 2518 0588 10F00200 		ands	r0, r0, #2
 2519 058c 26D0     		beq	.L116
1942:Drivers/STM32L4xx_HAL_Driver/Src/stm32l4xx_hal_rcc_ex.c ****           }
 2520              		.loc 1 1942 23 view .LVU823
 2521 058e 4FF40040 		mov	r0, #32768
 2522 0592 23E0     		b	.L116
 2523              	.LVL257:
 2524              	.L237:
1942:Drivers/STM32L4xx_HAL_Driver/Src/stm32l4xx_hal_rcc_ex.c ****           }
 2525              		.loc 1 1942 23 view .LVU824
 2526 0594 0020     		movs	r0, #0
 2527              	.LVL258:
1942:Drivers/STM32L4xx_HAL_Driver/Src/stm32l4xx_hal_rcc_ex.c ****           }
 2528              		.loc 1 1942 23 view .LVU825
ARM GAS  /tmp/ccFN0S9l.s 			page 121


 2529 0596 21E0     		b	.L116
 2530              	.LVL259:
 2531              	.L184:
1916:Drivers/STM32L4xx_HAL_Driver/Src/stm32l4xx_hal_rcc_ex.c ****           break;
 2532              		.loc 1 1916 11 is_stmt 1 view .LVU826
1916:Drivers/STM32L4xx_HAL_Driver/Src/stm32l4xx_hal_rcc_ex.c ****           break;
 2533              		.loc 1 1916 23 is_stmt 0 view .LVU827
 2534 0598 FFF7FEFF 		bl	HAL_RCC_GetPCLK1Freq
 2535              	.LVL260:
1917:Drivers/STM32L4xx_HAL_Driver/Src/stm32l4xx_hal_rcc_ex.c ****         case RCC_LPTIM2CLKSOURCE_LSI:
 2536              		.loc 1 1917 11 is_stmt 1 view .LVU828
 2537 059c 1EE0     		b	.L116
 2538              	.LVL261:
 2539              	.L182:
1934:Drivers/STM32L4xx_HAL_Driver/Src/stm32l4xx_hal_rcc_ex.c ****           {
 2540              		.loc 1 1934 11 view .LVU829
1934:Drivers/STM32L4xx_HAL_Driver/Src/stm32l4xx_hal_rcc_ex.c ****           {
 2541              		.loc 1 1934 14 is_stmt 0 view .LVU830
 2542 059e 174B     		ldr	r3, .L242
 2543              	.LVL262:
1934:Drivers/STM32L4xx_HAL_Driver/Src/stm32l4xx_hal_rcc_ex.c ****           {
 2544              		.loc 1 1934 14 view .LVU831
 2545 05a0 1868     		ldr	r0, [r3]
 2546              	.LVL263:
1934:Drivers/STM32L4xx_HAL_Driver/Src/stm32l4xx_hal_rcc_ex.c ****           {
 2547              		.loc 1 1934 13 view .LVU832
 2548 05a2 10F48060 		ands	r0, r0, #1024
 2549 05a6 19D0     		beq	.L116
1936:Drivers/STM32L4xx_HAL_Driver/Src/stm32l4xx_hal_rcc_ex.c ****           }
 2550              		.loc 1 1936 23 view .LVU833
 2551 05a8 1548     		ldr	r0, .L242+4
 2552 05aa 17E0     		b	.L116
 2553              	.LVL264:
 2554              	.L140:
1958:Drivers/STM32L4xx_HAL_Driver/Src/stm32l4xx_hal_rcc_ex.c **** 
 2555              		.loc 1 1958 9 is_stmt 1 view .LVU834
1958:Drivers/STM32L4xx_HAL_Driver/Src/stm32l4xx_hal_rcc_ex.c **** 
 2556              		.loc 1 1958 18 is_stmt 0 view .LVU835
 2557 05ac 134B     		ldr	r3, .L242
 2558 05ae D3F88830 		ldr	r3, [r3, #136]
 2559              	.LVL265:
1960:Drivers/STM32L4xx_HAL_Driver/Src/stm32l4xx_hal_rcc_ex.c ****         {
 2560              		.loc 1 1960 9 is_stmt 1 view .LVU836
 2561 05b2 13F08043 		ands	r3, r3, #1073741824
 2562              	.LVL266:
1960:Drivers/STM32L4xx_HAL_Driver/Src/stm32l4xx_hal_rcc_ex.c ****         {
 2563              		.loc 1 1960 9 is_stmt 0 view .LVU837
 2564 05b6 02D0     		beq	.L187
 2565 05b8 23B9     		cbnz	r3, .L188
 2566 05ba 0020     		movs	r0, #0
 2567              	.LVL267:
1960:Drivers/STM32L4xx_HAL_Driver/Src/stm32l4xx_hal_rcc_ex.c ****         {
 2568              		.loc 1 1960 9 view .LVU838
 2569 05bc 0EE0     		b	.L116
 2570              	.LVL268:
 2571              	.L187:
1963:Drivers/STM32L4xx_HAL_Driver/Src/stm32l4xx_hal_rcc_ex.c ****           break;
ARM GAS  /tmp/ccFN0S9l.s 			page 122


 2572              		.loc 1 1963 11 is_stmt 1 view .LVU839
1963:Drivers/STM32L4xx_HAL_Driver/Src/stm32l4xx_hal_rcc_ex.c ****           break;
 2573              		.loc 1 1963 23 is_stmt 0 view .LVU840
 2574 05be FFF7FEFF 		bl	HAL_RCC_GetPCLK1Freq
 2575              	.LVL269:
1964:Drivers/STM32L4xx_HAL_Driver/Src/stm32l4xx_hal_rcc_ex.c ****         case RCC_SWPMI1CLKSOURCE_HSI:
 2576              		.loc 1 1964 11 is_stmt 1 view .LVU841
 2577 05c2 0BE0     		b	.L116
 2578              	.LVL270:
 2579              	.L188:
1966:Drivers/STM32L4xx_HAL_Driver/Src/stm32l4xx_hal_rcc_ex.c ****           {
 2580              		.loc 1 1966 11 view .LVU842
1966:Drivers/STM32L4xx_HAL_Driver/Src/stm32l4xx_hal_rcc_ex.c ****           {
 2581              		.loc 1 1966 14 is_stmt 0 view .LVU843
 2582 05c4 0D4B     		ldr	r3, .L242
 2583              	.LVL271:
1966:Drivers/STM32L4xx_HAL_Driver/Src/stm32l4xx_hal_rcc_ex.c ****           {
 2584              		.loc 1 1966 14 view .LVU844
 2585 05c6 1868     		ldr	r0, [r3]
 2586              	.LVL272:
1966:Drivers/STM32L4xx_HAL_Driver/Src/stm32l4xx_hal_rcc_ex.c ****           {
 2587              		.loc 1 1966 13 view .LVU845
 2588 05c8 10F48060 		ands	r0, r0, #1024
 2589 05cc 06D0     		beq	.L116
1968:Drivers/STM32L4xx_HAL_Driver/Src/stm32l4xx_hal_rcc_ex.c ****           }
 2590              		.loc 1 1968 23 view .LVU846
 2591 05ce 0C48     		ldr	r0, .L242+4
 2592              	.LVL273:
2028:Drivers/STM32L4xx_HAL_Driver/Src/stm32l4xx_hal_rcc_ex.c **** }
 2593              		.loc 1 2028 3 is_stmt 1 view .LVU847
2028:Drivers/STM32L4xx_HAL_Driver/Src/stm32l4xx_hal_rcc_ex.c **** }
 2594              		.loc 1 2028 9 is_stmt 0 view .LVU848
 2595 05d0 04E0     		b	.L116
 2596              	.LVL274:
 2597              	.L189:
1170:Drivers/STM32L4xx_HAL_Driver/Src/stm32l4xx_hal_rcc_ex.c ****     {
 2598              		.loc 1 1170 5 view .LVU849
 2599 05d2 0020     		movs	r0, #0
 2600              	.LVL275:
1170:Drivers/STM32L4xx_HAL_Driver/Src/stm32l4xx_hal_rcc_ex.c ****     {
 2601              		.loc 1 1170 5 view .LVU850
 2602 05d4 02E0     		b	.L116
 2603              	.LVL276:
 2604              	.L194:
1252:Drivers/STM32L4xx_HAL_Driver/Src/stm32l4xx_hal_rcc_ex.c ****     {
 2605              		.loc 1 1252 5 view .LVU851
 2606 05d6 0020     		movs	r0, #0
 2607              	.LVL277:
1252:Drivers/STM32L4xx_HAL_Driver/Src/stm32l4xx_hal_rcc_ex.c ****     {
 2608              		.loc 1 1252 5 view .LVU852
 2609 05d8 00E0     		b	.L116
 2610              	.L195:
 2611 05da 0020     		movs	r0, #0
 2612              	.LVL278:
 2613              	.L116:
2029:Drivers/STM32L4xx_HAL_Driver/Src/stm32l4xx_hal_rcc_ex.c **** 
 2614              		.loc 1 2029 1 view .LVU853
ARM GAS  /tmp/ccFN0S9l.s 			page 123


 2615 05dc 08BD     		pop	{r3, pc}
 2616              	.LVL279:
 2617              	.L196:
2029:Drivers/STM32L4xx_HAL_Driver/Src/stm32l4xx_hal_rcc_ex.c **** 
 2618              		.loc 1 2029 1 view .LVU854
 2619 05de 0020     		movs	r0, #0
 2620              	.LVL280:
2029:Drivers/STM32L4xx_HAL_Driver/Src/stm32l4xx_hal_rcc_ex.c **** 
 2621              		.loc 1 2029 1 view .LVU855
 2622 05e0 FCE7     		b	.L116
 2623              	.LVL281:
 2624              	.L198:
2029:Drivers/STM32L4xx_HAL_Driver/Src/stm32l4xx_hal_rcc_ex.c **** 
 2625              		.loc 1 2029 1 view .LVU856
 2626 05e2 0020     		movs	r0, #0
 2627              	.LVL282:
2029:Drivers/STM32L4xx_HAL_Driver/Src/stm32l4xx_hal_rcc_ex.c **** 
 2628              		.loc 1 2029 1 view .LVU857
 2629 05e4 FAE7     		b	.L116
 2630              	.L201:
2029:Drivers/STM32L4xx_HAL_Driver/Src/stm32l4xx_hal_rcc_ex.c **** 
 2631              		.loc 1 2029 1 view .LVU858
 2632 05e6 0020     		movs	r0, #0
 2633 05e8 F8E7     		b	.L116
 2634              	.LVL283:
 2635              	.L208:
2029:Drivers/STM32L4xx_HAL_Driver/Src/stm32l4xx_hal_rcc_ex.c **** 
 2636              		.loc 1 2029 1 view .LVU859
 2637 05ea 0020     		movs	r0, #0
 2638              	.LVL284:
2029:Drivers/STM32L4xx_HAL_Driver/Src/stm32l4xx_hal_rcc_ex.c **** 
 2639              		.loc 1 2029 1 view .LVU860
 2640 05ec F6E7     		b	.L116
 2641              	.LVL285:
 2642              	.L209:
2029:Drivers/STM32L4xx_HAL_Driver/Src/stm32l4xx_hal_rcc_ex.c **** 
 2643              		.loc 1 2029 1 view .LVU861
 2644 05ee 0020     		movs	r0, #0
 2645              	.LVL286:
2029:Drivers/STM32L4xx_HAL_Driver/Src/stm32l4xx_hal_rcc_ex.c **** 
 2646              		.loc 1 2029 1 view .LVU862
 2647 05f0 F4E7     		b	.L116
 2648              	.LVL287:
 2649              	.L211:
2029:Drivers/STM32L4xx_HAL_Driver/Src/stm32l4xx_hal_rcc_ex.c **** 
 2650              		.loc 1 2029 1 view .LVU863
 2651 05f2 0020     		movs	r0, #0
 2652              	.LVL288:
2029:Drivers/STM32L4xx_HAL_Driver/Src/stm32l4xx_hal_rcc_ex.c **** 
 2653              		.loc 1 2029 1 view .LVU864
 2654 05f4 F2E7     		b	.L116
 2655              	.LVL289:
 2656              	.L213:
2029:Drivers/STM32L4xx_HAL_Driver/Src/stm32l4xx_hal_rcc_ex.c **** 
 2657              		.loc 1 2029 1 view .LVU865
 2658 05f6 0020     		movs	r0, #0
 2659              	.LVL290:
ARM GAS  /tmp/ccFN0S9l.s 			page 124


2029:Drivers/STM32L4xx_HAL_Driver/Src/stm32l4xx_hal_rcc_ex.c **** 
 2660              		.loc 1 2029 1 view .LVU866
 2661 05f8 F0E7     		b	.L116
 2662              	.L243:
 2663 05fa 00BF     		.align	2
 2664              	.L242:
 2665 05fc 00100240 		.word	1073876992
 2666 0600 0024F400 		.word	16000000
 2667              		.cfi_endproc
 2668              	.LFE386:
 2670              		.section	.text.HAL_RCCEx_EnablePLLSAI1,"ax",%progbits
 2671              		.align	1
 2672              		.global	HAL_RCCEx_EnablePLLSAI1
 2673              		.syntax unified
 2674              		.thumb
 2675              		.thumb_func
 2677              	HAL_RCCEx_EnablePLLSAI1:
 2678              	.LVL291:
 2679              	.LFB387:
2059:Drivers/STM32L4xx_HAL_Driver/Src/stm32l4xx_hal_rcc_ex.c ****   uint32_t tickstart;
 2680              		.loc 1 2059 1 is_stmt 1 view -0
 2681              		.cfi_startproc
 2682              		@ args = 0, pretend = 0, frame = 0
 2683              		@ frame_needed = 0, uses_anonymous_args = 0
2059:Drivers/STM32L4xx_HAL_Driver/Src/stm32l4xx_hal_rcc_ex.c ****   uint32_t tickstart;
 2684              		.loc 1 2059 1 is_stmt 0 view .LVU868
 2685 0000 38B5     		push	{r3, r4, r5, lr}
 2686              	.LCFI10:
 2687              		.cfi_def_cfa_offset 16
 2688              		.cfi_offset 3, -16
 2689              		.cfi_offset 4, -12
 2690              		.cfi_offset 5, -8
 2691              		.cfi_offset 14, -4
 2692 0002 0546     		mov	r5, r0
2060:Drivers/STM32L4xx_HAL_Driver/Src/stm32l4xx_hal_rcc_ex.c ****   HAL_StatusTypeDef status = HAL_OK;
 2693              		.loc 1 2060 3 is_stmt 1 view .LVU869
2061:Drivers/STM32L4xx_HAL_Driver/Src/stm32l4xx_hal_rcc_ex.c **** 
 2694              		.loc 1 2061 3 view .LVU870
 2695              	.LVL292:
2064:Drivers/STM32L4xx_HAL_Driver/Src/stm32l4xx_hal_rcc_ex.c ****   assert_param(IS_RCC_PLLSAI1M_VALUE(PLLSAI1Init->PLLSAI1M));
 2696              		.loc 1 2064 3 view .LVU871
2065:Drivers/STM32L4xx_HAL_Driver/Src/stm32l4xx_hal_rcc_ex.c ****   assert_param(IS_RCC_PLLSAI1N_VALUE(PLLSAI1Init->PLLSAI1N));
 2697              		.loc 1 2065 3 view .LVU872
2066:Drivers/STM32L4xx_HAL_Driver/Src/stm32l4xx_hal_rcc_ex.c ****   assert_param(IS_RCC_PLLSAI1P_VALUE(PLLSAI1Init->PLLSAI1P));
 2698              		.loc 1 2066 3 view .LVU873
2067:Drivers/STM32L4xx_HAL_Driver/Src/stm32l4xx_hal_rcc_ex.c ****   assert_param(IS_RCC_PLLSAI1Q_VALUE(PLLSAI1Init->PLLSAI1Q));
 2699              		.loc 1 2067 3 view .LVU874
2068:Drivers/STM32L4xx_HAL_Driver/Src/stm32l4xx_hal_rcc_ex.c ****   assert_param(IS_RCC_PLLSAI1R_VALUE(PLLSAI1Init->PLLSAI1R));
 2700              		.loc 1 2068 3 view .LVU875
2069:Drivers/STM32L4xx_HAL_Driver/Src/stm32l4xx_hal_rcc_ex.c ****   assert_param(IS_RCC_PLLSAI1CLOCKOUT_VALUE(PLLSAI1Init->PLLSAI1ClockOut));
 2701              		.loc 1 2069 3 view .LVU876
2070:Drivers/STM32L4xx_HAL_Driver/Src/stm32l4xx_hal_rcc_ex.c **** 
 2702              		.loc 1 2070 3 view .LVU877
2073:Drivers/STM32L4xx_HAL_Driver/Src/stm32l4xx_hal_rcc_ex.c **** 
 2703              		.loc 1 2073 3 view .LVU878
 2704 0004 214A     		ldr	r2, .L256
 2705 0006 1368     		ldr	r3, [r2]
ARM GAS  /tmp/ccFN0S9l.s 			page 125


 2706 0008 23F08063 		bic	r3, r3, #67108864
 2707 000c 1360     		str	r3, [r2]
2076:Drivers/STM32L4xx_HAL_Driver/Src/stm32l4xx_hal_rcc_ex.c **** 
 2708              		.loc 1 2076 3 view .LVU879
2076:Drivers/STM32L4xx_HAL_Driver/Src/stm32l4xx_hal_rcc_ex.c **** 
 2709              		.loc 1 2076 15 is_stmt 0 view .LVU880
 2710 000e FFF7FEFF 		bl	HAL_GetTick
 2711              	.LVL293:
2076:Drivers/STM32L4xx_HAL_Driver/Src/stm32l4xx_hal_rcc_ex.c **** 
 2712              		.loc 1 2076 15 view .LVU881
 2713 0012 0446     		mov	r4, r0
 2714              	.LVL294:
2079:Drivers/STM32L4xx_HAL_Driver/Src/stm32l4xx_hal_rcc_ex.c ****   {
 2715              		.loc 1 2079 3 is_stmt 1 view .LVU882
 2716              	.L245:
2079:Drivers/STM32L4xx_HAL_Driver/Src/stm32l4xx_hal_rcc_ex.c ****   {
 2717              		.loc 1 2079 46 view .LVU883
2079:Drivers/STM32L4xx_HAL_Driver/Src/stm32l4xx_hal_rcc_ex.c ****   {
 2718              		.loc 1 2079 9 is_stmt 0 view .LVU884
 2719 0014 1D4B     		ldr	r3, .L256
 2720 0016 1B68     		ldr	r3, [r3]
2079:Drivers/STM32L4xx_HAL_Driver/Src/stm32l4xx_hal_rcc_ex.c ****   {
 2721              		.loc 1 2079 46 view .LVU885
 2722 0018 13F0006F 		tst	r3, #134217728
 2723 001c 06D0     		beq	.L254
2081:Drivers/STM32L4xx_HAL_Driver/Src/stm32l4xx_hal_rcc_ex.c ****     {
 2724              		.loc 1 2081 5 is_stmt 1 view .LVU886
2081:Drivers/STM32L4xx_HAL_Driver/Src/stm32l4xx_hal_rcc_ex.c ****     {
 2725              		.loc 1 2081 9 is_stmt 0 view .LVU887
 2726 001e FFF7FEFF 		bl	HAL_GetTick
 2727              	.LVL295:
2081:Drivers/STM32L4xx_HAL_Driver/Src/stm32l4xx_hal_rcc_ex.c ****     {
 2728              		.loc 1 2081 23 discriminator 1 view .LVU888
 2729 0022 001B     		subs	r0, r0, r4
2081:Drivers/STM32L4xx_HAL_Driver/Src/stm32l4xx_hal_rcc_ex.c ****     {
 2730              		.loc 1 2081 7 discriminator 1 view .LVU889
 2731 0024 0228     		cmp	r0, #2
 2732 0026 F5D9     		bls	.L245
2083:Drivers/STM32L4xx_HAL_Driver/Src/stm32l4xx_hal_rcc_ex.c ****       break;
 2733              		.loc 1 2083 14 view .LVU890
 2734 0028 0324     		movs	r4, #3
 2735              	.LVL296:
2083:Drivers/STM32L4xx_HAL_Driver/Src/stm32l4xx_hal_rcc_ex.c ****       break;
 2736              		.loc 1 2083 14 view .LVU891
 2737 002a 00E0     		b	.L246
 2738              	.LVL297:
 2739              	.L254:
2061:Drivers/STM32L4xx_HAL_Driver/Src/stm32l4xx_hal_rcc_ex.c **** 
 2740              		.loc 1 2061 21 view .LVU892
 2741 002c 0024     		movs	r4, #0
 2742              	.LVL298:
 2743              	.L246:
2088:Drivers/STM32L4xx_HAL_Driver/Src/stm32l4xx_hal_rcc_ex.c ****   {
 2744              		.loc 1 2088 3 is_stmt 1 view .LVU893
2088:Drivers/STM32L4xx_HAL_Driver/Src/stm32l4xx_hal_rcc_ex.c ****   {
 2745              		.loc 1 2088 5 is_stmt 0 view .LVU894
 2746 002e 0CB1     		cbz	r4, .L255
ARM GAS  /tmp/ccFN0S9l.s 			page 126


 2747              	.LVL299:
 2748              	.L248:
2119:Drivers/STM32L4xx_HAL_Driver/Src/stm32l4xx_hal_rcc_ex.c **** }
 2749              		.loc 1 2119 3 is_stmt 1 view .LVU895
2120:Drivers/STM32L4xx_HAL_Driver/Src/stm32l4xx_hal_rcc_ex.c **** 
 2750              		.loc 1 2120 1 is_stmt 0 view .LVU896
 2751 0030 2046     		mov	r0, r4
 2752 0032 38BD     		pop	{r3, r4, r5, pc}
 2753              	.LVL300:
 2754              	.L255:
2097:Drivers/STM32L4xx_HAL_Driver/Src/stm32l4xx_hal_rcc_ex.c **** #endif /* RCC_PLLSAI1M_DIV_1_16_SUPPORT */
 2755              		.loc 1 2097 5 is_stmt 1 view .LVU897
 2756 0034 154A     		ldr	r2, .L256
 2757 0036 1369     		ldr	r3, [r2, #16]
 2758 0038 1548     		ldr	r0, .L256+4
 2759 003a 1840     		ands	r0, r0, r3
 2760 003c A968     		ldr	r1, [r5, #8]
 2761 003e 2B69     		ldr	r3, [r5, #16]
 2762 0040 5B08     		lsrs	r3, r3, #1
 2763 0042 013B     		subs	r3, r3, #1
 2764 0044 5B05     		lsls	r3, r3, #21
 2765 0046 43EA0123 		orr	r3, r3, r1, lsl #8
 2766 004a 6969     		ldr	r1, [r5, #20]
 2767 004c 4908     		lsrs	r1, r1, #1
 2768 004e 0139     		subs	r1, r1, #1
 2769 0050 43EA4163 		orr	r3, r3, r1, lsl #25
 2770 0054 E968     		ldr	r1, [r5, #12]
 2771 0056 43EAC163 		orr	r3, r3, r1, lsl #27
 2772 005a 1843     		orrs	r0, r0, r3
 2773 005c 1061     		str	r0, [r2, #16]
2100:Drivers/STM32L4xx_HAL_Driver/Src/stm32l4xx_hal_rcc_ex.c **** 
 2774              		.loc 1 2100 5 view .LVU898
 2775 005e 1369     		ldr	r3, [r2, #16]
 2776 0060 A969     		ldr	r1, [r5, #24]
 2777 0062 0B43     		orrs	r3, r3, r1
 2778 0064 1361     		str	r3, [r2, #16]
2103:Drivers/STM32L4xx_HAL_Driver/Src/stm32l4xx_hal_rcc_ex.c **** 
 2779              		.loc 1 2103 5 view .LVU899
 2780 0066 1368     		ldr	r3, [r2]
 2781 0068 43F08063 		orr	r3, r3, #67108864
 2782 006c 1360     		str	r3, [r2]
2106:Drivers/STM32L4xx_HAL_Driver/Src/stm32l4xx_hal_rcc_ex.c **** 
 2783              		.loc 1 2106 5 view .LVU900
2106:Drivers/STM32L4xx_HAL_Driver/Src/stm32l4xx_hal_rcc_ex.c **** 
 2784              		.loc 1 2106 17 is_stmt 0 view .LVU901
 2785 006e FFF7FEFF 		bl	HAL_GetTick
 2786              	.LVL301:
 2787 0072 0546     		mov	r5, r0
 2788              	.LVL302:
2109:Drivers/STM32L4xx_HAL_Driver/Src/stm32l4xx_hal_rcc_ex.c ****     {
 2789              		.loc 1 2109 5 is_stmt 1 view .LVU902
 2790              	.L249:
2109:Drivers/STM32L4xx_HAL_Driver/Src/stm32l4xx_hal_rcc_ex.c ****     {
 2791              		.loc 1 2109 48 view .LVU903
2109:Drivers/STM32L4xx_HAL_Driver/Src/stm32l4xx_hal_rcc_ex.c ****     {
 2792              		.loc 1 2109 11 is_stmt 0 view .LVU904
 2793 0074 054B     		ldr	r3, .L256
ARM GAS  /tmp/ccFN0S9l.s 			page 127


 2794 0076 1B68     		ldr	r3, [r3]
2109:Drivers/STM32L4xx_HAL_Driver/Src/stm32l4xx_hal_rcc_ex.c ****     {
 2795              		.loc 1 2109 48 view .LVU905
 2796 0078 13F0006F 		tst	r3, #134217728
 2797 007c D8D1     		bne	.L248
2111:Drivers/STM32L4xx_HAL_Driver/Src/stm32l4xx_hal_rcc_ex.c ****       {
 2798              		.loc 1 2111 7 is_stmt 1 view .LVU906
2111:Drivers/STM32L4xx_HAL_Driver/Src/stm32l4xx_hal_rcc_ex.c ****       {
 2799              		.loc 1 2111 11 is_stmt 0 view .LVU907
 2800 007e FFF7FEFF 		bl	HAL_GetTick
 2801              	.LVL303:
2111:Drivers/STM32L4xx_HAL_Driver/Src/stm32l4xx_hal_rcc_ex.c ****       {
 2802              		.loc 1 2111 25 discriminator 1 view .LVU908
 2803 0082 401B     		subs	r0, r0, r5
2111:Drivers/STM32L4xx_HAL_Driver/Src/stm32l4xx_hal_rcc_ex.c ****       {
 2804              		.loc 1 2111 9 discriminator 1 view .LVU909
 2805 0084 0228     		cmp	r0, #2
 2806 0086 F5D9     		bls	.L249
2113:Drivers/STM32L4xx_HAL_Driver/Src/stm32l4xx_hal_rcc_ex.c ****         break;
 2807              		.loc 1 2113 16 view .LVU910
 2808 0088 0324     		movs	r4, #3
 2809              	.LVL304:
2113:Drivers/STM32L4xx_HAL_Driver/Src/stm32l4xx_hal_rcc_ex.c ****         break;
 2810              		.loc 1 2113 16 view .LVU911
 2811 008a D1E7     		b	.L248
 2812              	.L257:
 2813              		.align	2
 2814              	.L256:
 2815 008c 00100240 		.word	1073876992
 2816 0090 FF809D01 		.word	27099391
 2817              		.cfi_endproc
 2818              	.LFE387:
 2820              		.section	.text.HAL_RCCEx_DisablePLLSAI1,"ax",%progbits
 2821              		.align	1
 2822              		.global	HAL_RCCEx_DisablePLLSAI1
 2823              		.syntax unified
 2824              		.thumb
 2825              		.thumb_func
 2827              	HAL_RCCEx_DisablePLLSAI1:
 2828              	.LFB388:
2127:Drivers/STM32L4xx_HAL_Driver/Src/stm32l4xx_hal_rcc_ex.c ****   uint32_t tickstart;
 2829              		.loc 1 2127 1 is_stmt 1 view -0
 2830              		.cfi_startproc
 2831              		@ args = 0, pretend = 0, frame = 0
 2832              		@ frame_needed = 0, uses_anonymous_args = 0
 2833 0000 10B5     		push	{r4, lr}
 2834              	.LCFI11:
 2835              		.cfi_def_cfa_offset 8
 2836              		.cfi_offset 4, -8
 2837              		.cfi_offset 14, -4
2128:Drivers/STM32L4xx_HAL_Driver/Src/stm32l4xx_hal_rcc_ex.c ****   HAL_StatusTypeDef status = HAL_OK;
 2838              		.loc 1 2128 3 view .LVU913
2129:Drivers/STM32L4xx_HAL_Driver/Src/stm32l4xx_hal_rcc_ex.c **** 
 2839              		.loc 1 2129 3 view .LVU914
 2840              	.LVL305:
2132:Drivers/STM32L4xx_HAL_Driver/Src/stm32l4xx_hal_rcc_ex.c **** 
 2841              		.loc 1 2132 3 view .LVU915
ARM GAS  /tmp/ccFN0S9l.s 			page 128


 2842 0002 124A     		ldr	r2, .L266
 2843 0004 1368     		ldr	r3, [r2]
 2844 0006 23F08063 		bic	r3, r3, #67108864
 2845 000a 1360     		str	r3, [r2]
2135:Drivers/STM32L4xx_HAL_Driver/Src/stm32l4xx_hal_rcc_ex.c **** 
 2846              		.loc 1 2135 3 view .LVU916
2135:Drivers/STM32L4xx_HAL_Driver/Src/stm32l4xx_hal_rcc_ex.c **** 
 2847              		.loc 1 2135 15 is_stmt 0 view .LVU917
 2848 000c FFF7FEFF 		bl	HAL_GetTick
 2849              	.LVL306:
 2850 0010 0446     		mov	r4, r0
 2851              	.LVL307:
2138:Drivers/STM32L4xx_HAL_Driver/Src/stm32l4xx_hal_rcc_ex.c ****   {
 2852              		.loc 1 2138 3 is_stmt 1 view .LVU918
 2853              	.L259:
2138:Drivers/STM32L4xx_HAL_Driver/Src/stm32l4xx_hal_rcc_ex.c ****   {
 2854              		.loc 1 2138 46 view .LVU919
2138:Drivers/STM32L4xx_HAL_Driver/Src/stm32l4xx_hal_rcc_ex.c ****   {
 2855              		.loc 1 2138 9 is_stmt 0 view .LVU920
 2856 0012 0E4B     		ldr	r3, .L266
 2857 0014 1B68     		ldr	r3, [r3]
2138:Drivers/STM32L4xx_HAL_Driver/Src/stm32l4xx_hal_rcc_ex.c ****   {
 2858              		.loc 1 2138 46 view .LVU921
 2859 0016 13F0006F 		tst	r3, #134217728
 2860 001a 06D0     		beq	.L265
2140:Drivers/STM32L4xx_HAL_Driver/Src/stm32l4xx_hal_rcc_ex.c ****     {
 2861              		.loc 1 2140 5 is_stmt 1 view .LVU922
2140:Drivers/STM32L4xx_HAL_Driver/Src/stm32l4xx_hal_rcc_ex.c ****     {
 2862              		.loc 1 2140 9 is_stmt 0 view .LVU923
 2863 001c FFF7FEFF 		bl	HAL_GetTick
 2864              	.LVL308:
2140:Drivers/STM32L4xx_HAL_Driver/Src/stm32l4xx_hal_rcc_ex.c ****     {
 2865              		.loc 1 2140 23 discriminator 1 view .LVU924
 2866 0020 001B     		subs	r0, r0, r4
2140:Drivers/STM32L4xx_HAL_Driver/Src/stm32l4xx_hal_rcc_ex.c ****     {
 2867              		.loc 1 2140 7 discriminator 1 view .LVU925
 2868 0022 0228     		cmp	r0, #2
 2869 0024 F5D9     		bls	.L259
2142:Drivers/STM32L4xx_HAL_Driver/Src/stm32l4xx_hal_rcc_ex.c ****       break;
 2870              		.loc 1 2142 14 view .LVU926
 2871 0026 0320     		movs	r0, #3
 2872 0028 00E0     		b	.L260
 2873              	.L265:
2129:Drivers/STM32L4xx_HAL_Driver/Src/stm32l4xx_hal_rcc_ex.c **** 
 2874              		.loc 1 2129 21 view .LVU927
 2875 002a 0020     		movs	r0, #0
 2876              	.L260:
 2877              	.LVL309:
2148:Drivers/STM32L4xx_HAL_Driver/Src/stm32l4xx_hal_rcc_ex.c **** 
 2878              		.loc 1 2148 3 is_stmt 1 view .LVU928
 2879 002c 074A     		ldr	r2, .L266
 2880 002e 1369     		ldr	r3, [r2, #16]
 2881 0030 23F08873 		bic	r3, r3, #17825792
 2882 0034 23F48033 		bic	r3, r3, #65536
 2883 0038 1361     		str	r3, [r2, #16]
2157:Drivers/STM32L4xx_HAL_Driver/Src/stm32l4xx_hal_rcc_ex.c ****   {
 2884              		.loc 1 2157 3 view .LVU929
ARM GAS  /tmp/ccFN0S9l.s 			page 129


2157:Drivers/STM32L4xx_HAL_Driver/Src/stm32l4xx_hal_rcc_ex.c ****   {
 2885              		.loc 1 2157 6 is_stmt 0 view .LVU930
 2886 003a 1368     		ldr	r3, [r2]
2157:Drivers/STM32L4xx_HAL_Driver/Src/stm32l4xx_hal_rcc_ex.c ****   {
 2887              		.loc 1 2157 5 view .LVU931
 2888 003c 13F0007F 		tst	r3, #33554432
 2889 0040 03D1     		bne	.L262
2159:Drivers/STM32L4xx_HAL_Driver/Src/stm32l4xx_hal_rcc_ex.c ****   }
 2890              		.loc 1 2159 5 is_stmt 1 view .LVU932
 2891 0042 D368     		ldr	r3, [r2, #12]
 2892 0044 23F00303 		bic	r3, r3, #3
 2893 0048 D360     		str	r3, [r2, #12]
 2894              	.L262:
2163:Drivers/STM32L4xx_HAL_Driver/Src/stm32l4xx_hal_rcc_ex.c **** }
 2895              		.loc 1 2163 3 view .LVU933
2164:Drivers/STM32L4xx_HAL_Driver/Src/stm32l4xx_hal_rcc_ex.c **** 
 2896              		.loc 1 2164 1 is_stmt 0 view .LVU934
 2897 004a 10BD     		pop	{r4, pc}
 2898              	.LVL310:
 2899              	.L267:
2164:Drivers/STM32L4xx_HAL_Driver/Src/stm32l4xx_hal_rcc_ex.c **** 
 2900              		.loc 1 2164 1 view .LVU935
 2901              		.align	2
 2902              	.L266:
 2903 004c 00100240 		.word	1073876992
 2904              		.cfi_endproc
 2905              	.LFE388:
 2907              		.section	.text.HAL_RCCEx_WakeUpStopCLKConfig,"ax",%progbits
 2908              		.align	1
 2909              		.global	HAL_RCCEx_WakeUpStopCLKConfig
 2910              		.syntax unified
 2911              		.thumb
 2912              		.thumb_func
 2914              	HAL_RCCEx_WakeUpStopCLKConfig:
 2915              	.LVL311:
 2916              	.LFB389:
2304:Drivers/STM32L4xx_HAL_Driver/Src/stm32l4xx_hal_rcc_ex.c ****   assert_param(IS_RCC_STOP_WAKEUPCLOCK(WakeUpClk));
 2917              		.loc 1 2304 1 is_stmt 1 view -0
 2918              		.cfi_startproc
 2919              		@ args = 0, pretend = 0, frame = 0
 2920              		@ frame_needed = 0, uses_anonymous_args = 0
 2921              		@ link register save eliminated.
2305:Drivers/STM32L4xx_HAL_Driver/Src/stm32l4xx_hal_rcc_ex.c **** 
 2922              		.loc 1 2305 3 view .LVU937
2307:Drivers/STM32L4xx_HAL_Driver/Src/stm32l4xx_hal_rcc_ex.c **** }
 2923              		.loc 1 2307 3 view .LVU938
 2924 0000 034A     		ldr	r2, .L269
 2925 0002 9368     		ldr	r3, [r2, #8]
 2926 0004 23F40043 		bic	r3, r3, #32768
 2927 0008 0343     		orrs	r3, r3, r0
 2928 000a 9360     		str	r3, [r2, #8]
2308:Drivers/STM32L4xx_HAL_Driver/Src/stm32l4xx_hal_rcc_ex.c **** 
 2929              		.loc 1 2308 1 is_stmt 0 view .LVU939
 2930 000c 7047     		bx	lr
 2931              	.L270:
 2932 000e 00BF     		.align	2
 2933              	.L269:
ARM GAS  /tmp/ccFN0S9l.s 			page 130


 2934 0010 00100240 		.word	1073876992
 2935              		.cfi_endproc
 2936              	.LFE389:
 2938              		.section	.text.HAL_RCCEx_StandbyMSIRangeConfig,"ax",%progbits
 2939              		.align	1
 2940              		.global	HAL_RCCEx_StandbyMSIRangeConfig
 2941              		.syntax unified
 2942              		.thumb
 2943              		.thumb_func
 2945              	HAL_RCCEx_StandbyMSIRangeConfig:
 2946              	.LVL312:
 2947              	.LFB390:
2322:Drivers/STM32L4xx_HAL_Driver/Src/stm32l4xx_hal_rcc_ex.c ****   assert_param(IS_RCC_MSI_STANDBY_CLOCK_RANGE(MSIRange));
 2948              		.loc 1 2322 1 is_stmt 1 view -0
 2949              		.cfi_startproc
 2950              		@ args = 0, pretend = 0, frame = 0
 2951              		@ frame_needed = 0, uses_anonymous_args = 0
 2952              		@ link register save eliminated.
2323:Drivers/STM32L4xx_HAL_Driver/Src/stm32l4xx_hal_rcc_ex.c **** 
 2953              		.loc 1 2323 3 view .LVU941
2325:Drivers/STM32L4xx_HAL_Driver/Src/stm32l4xx_hal_rcc_ex.c **** }
 2954              		.loc 1 2325 3 view .LVU942
 2955 0000 044A     		ldr	r2, .L272
 2956 0002 D2F89430 		ldr	r3, [r2, #148]
 2957 0006 23F47063 		bic	r3, r3, #3840
 2958 000a 43EA0013 		orr	r3, r3, r0, lsl #4
 2959 000e C2F89430 		str	r3, [r2, #148]
2326:Drivers/STM32L4xx_HAL_Driver/Src/stm32l4xx_hal_rcc_ex.c **** 
 2960              		.loc 1 2326 1 is_stmt 0 view .LVU943
 2961 0012 7047     		bx	lr
 2962              	.L273:
 2963              		.align	2
 2964              	.L272:
 2965 0014 00100240 		.word	1073876992
 2966              		.cfi_endproc
 2967              	.LFE390:
 2969              		.section	.text.HAL_RCCEx_EnableLSECSS,"ax",%progbits
 2970              		.align	1
 2971              		.global	HAL_RCCEx_EnableLSECSS
 2972              		.syntax unified
 2973              		.thumb
 2974              		.thumb_func
 2976              	HAL_RCCEx_EnableLSECSS:
 2977              	.LFB391:
2336:Drivers/STM32L4xx_HAL_Driver/Src/stm32l4xx_hal_rcc_ex.c ****   SET_BIT(RCC->BDCR, RCC_BDCR_LSECSSON);
 2978              		.loc 1 2336 1 is_stmt 1 view -0
 2979              		.cfi_startproc
 2980              		@ args = 0, pretend = 0, frame = 0
 2981              		@ frame_needed = 0, uses_anonymous_args = 0
 2982              		@ link register save eliminated.
2337:Drivers/STM32L4xx_HAL_Driver/Src/stm32l4xx_hal_rcc_ex.c **** }
 2983              		.loc 1 2337 3 view .LVU945
 2984 0000 034A     		ldr	r2, .L275
 2985 0002 D2F89030 		ldr	r3, [r2, #144]
 2986 0006 43F02003 		orr	r3, r3, #32
 2987 000a C2F89030 		str	r3, [r2, #144]
2338:Drivers/STM32L4xx_HAL_Driver/Src/stm32l4xx_hal_rcc_ex.c **** 
ARM GAS  /tmp/ccFN0S9l.s 			page 131


 2988              		.loc 1 2338 1 is_stmt 0 view .LVU946
 2989 000e 7047     		bx	lr
 2990              	.L276:
 2991              		.align	2
 2992              	.L275:
 2993 0010 00100240 		.word	1073876992
 2994              		.cfi_endproc
 2995              	.LFE391:
 2997              		.section	.text.HAL_RCCEx_DisableLSECSS,"ax",%progbits
 2998              		.align	1
 2999              		.global	HAL_RCCEx_DisableLSECSS
 3000              		.syntax unified
 3001              		.thumb
 3002              		.thumb_func
 3004              	HAL_RCCEx_DisableLSECSS:
 3005              	.LFB392:
2346:Drivers/STM32L4xx_HAL_Driver/Src/stm32l4xx_hal_rcc_ex.c ****   CLEAR_BIT(RCC->BDCR, RCC_BDCR_LSECSSON) ;
 3006              		.loc 1 2346 1 is_stmt 1 view -0
 3007              		.cfi_startproc
 3008              		@ args = 0, pretend = 0, frame = 0
 3009              		@ frame_needed = 0, uses_anonymous_args = 0
 3010              		@ link register save eliminated.
2347:Drivers/STM32L4xx_HAL_Driver/Src/stm32l4xx_hal_rcc_ex.c **** 
 3011              		.loc 1 2347 3 view .LVU948
 3012 0000 054B     		ldr	r3, .L278
 3013 0002 D3F89020 		ldr	r2, [r3, #144]
 3014 0006 22F02002 		bic	r2, r2, #32
 3015 000a C3F89020 		str	r2, [r3, #144]
2350:Drivers/STM32L4xx_HAL_Driver/Src/stm32l4xx_hal_rcc_ex.c **** }
 3016              		.loc 1 2350 3 view .LVU949
 3017 000e 9A69     		ldr	r2, [r3, #24]
 3018 0010 22F40072 		bic	r2, r2, #512
 3019 0014 9A61     		str	r2, [r3, #24]
2351:Drivers/STM32L4xx_HAL_Driver/Src/stm32l4xx_hal_rcc_ex.c **** 
 3020              		.loc 1 2351 1 is_stmt 0 view .LVU950
 3021 0016 7047     		bx	lr
 3022              	.L279:
 3023              		.align	2
 3024              	.L278:
 3025 0018 00100240 		.word	1073876992
 3026              		.cfi_endproc
 3027              	.LFE392:
 3029              		.section	.text.HAL_RCCEx_EnableLSECSS_IT,"ax",%progbits
 3030              		.align	1
 3031              		.global	HAL_RCCEx_EnableLSECSS_IT
 3032              		.syntax unified
 3033              		.thumb
 3034              		.thumb_func
 3036              	HAL_RCCEx_EnableLSECSS_IT:
 3037              	.LFB393:
2359:Drivers/STM32L4xx_HAL_Driver/Src/stm32l4xx_hal_rcc_ex.c ****   /* Enable LSE CSS */
 3038              		.loc 1 2359 1 is_stmt 1 view -0
 3039              		.cfi_startproc
 3040              		@ args = 0, pretend = 0, frame = 0
 3041              		@ frame_needed = 0, uses_anonymous_args = 0
 3042              		@ link register save eliminated.
2361:Drivers/STM32L4xx_HAL_Driver/Src/stm32l4xx_hal_rcc_ex.c **** 
ARM GAS  /tmp/ccFN0S9l.s 			page 132


 3043              		.loc 1 2361 3 view .LVU952
 3044 0000 0A4B     		ldr	r3, .L281
 3045 0002 D3F89020 		ldr	r2, [r3, #144]
 3046 0006 42F02002 		orr	r2, r2, #32
 3047 000a C3F89020 		str	r2, [r3, #144]
2364:Drivers/STM32L4xx_HAL_Driver/Src/stm32l4xx_hal_rcc_ex.c **** 
 3048              		.loc 1 2364 3 view .LVU953
 3049 000e 9A69     		ldr	r2, [r3, #24]
 3050 0010 42F40072 		orr	r2, r2, #512
 3051 0014 9A61     		str	r2, [r3, #24]
2367:Drivers/STM32L4xx_HAL_Driver/Src/stm32l4xx_hal_rcc_ex.c ****   __HAL_RCC_LSECSS_EXTI_ENABLE_RISING_EDGE();
 3052              		.loc 1 2367 3 view .LVU954
 3053 0016 A3F58633 		sub	r3, r3, #68608
 3054 001a 1A68     		ldr	r2, [r3]
 3055 001c 42F40022 		orr	r2, r2, #524288
 3056 0020 1A60     		str	r2, [r3]
2368:Drivers/STM32L4xx_HAL_Driver/Src/stm32l4xx_hal_rcc_ex.c **** }
 3057              		.loc 1 2368 3 view .LVU955
 3058 0022 9A68     		ldr	r2, [r3, #8]
 3059 0024 42F40022 		orr	r2, r2, #524288
 3060 0028 9A60     		str	r2, [r3, #8]
2369:Drivers/STM32L4xx_HAL_Driver/Src/stm32l4xx_hal_rcc_ex.c **** 
 3061              		.loc 1 2369 1 is_stmt 0 view .LVU956
 3062 002a 7047     		bx	lr
 3063              	.L282:
 3064              		.align	2
 3065              	.L281:
 3066 002c 00100240 		.word	1073876992
 3067              		.cfi_endproc
 3068              	.LFE393:
 3070              		.section	.text.HAL_RCCEx_LSECSS_Callback,"ax",%progbits
 3071              		.align	1
 3072              		.weak	HAL_RCCEx_LSECSS_Callback
 3073              		.syntax unified
 3074              		.thumb
 3075              		.thumb_func
 3077              	HAL_RCCEx_LSECSS_Callback:
 3078              	.LFB395:
2393:Drivers/STM32L4xx_HAL_Driver/Src/stm32l4xx_hal_rcc_ex.c ****   /* NOTE : This function should not be modified, when the callback is needed,
 3079              		.loc 1 2393 1 is_stmt 1 view -0
 3080              		.cfi_startproc
 3081              		@ args = 0, pretend = 0, frame = 0
 3082              		@ frame_needed = 0, uses_anonymous_args = 0
 3083              		@ link register save eliminated.
2397:Drivers/STM32L4xx_HAL_Driver/Src/stm32l4xx_hal_rcc_ex.c **** 
 3084              		.loc 1 2397 1 view .LVU958
 3085 0000 7047     		bx	lr
 3086              		.cfi_endproc
 3087              	.LFE395:
 3089              		.section	.text.HAL_RCCEx_LSECSS_IRQHandler,"ax",%progbits
 3090              		.align	1
 3091              		.global	HAL_RCCEx_LSECSS_IRQHandler
 3092              		.syntax unified
 3093              		.thumb
 3094              		.thumb_func
 3096              	HAL_RCCEx_LSECSS_IRQHandler:
 3097              	.LFB394:
ARM GAS  /tmp/ccFN0S9l.s 			page 133


2376:Drivers/STM32L4xx_HAL_Driver/Src/stm32l4xx_hal_rcc_ex.c ****   /* Check RCC LSE CSSF flag  */
 3098              		.loc 1 2376 1 view -0
 3099              		.cfi_startproc
 3100              		@ args = 0, pretend = 0, frame = 0
 3101              		@ frame_needed = 0, uses_anonymous_args = 0
 3102 0000 08B5     		push	{r3, lr}
 3103              	.LCFI12:
 3104              		.cfi_def_cfa_offset 8
 3105              		.cfi_offset 3, -8
 3106              		.cfi_offset 14, -4
2378:Drivers/STM32L4xx_HAL_Driver/Src/stm32l4xx_hal_rcc_ex.c ****   {
 3107              		.loc 1 2378 3 view .LVU960
2378:Drivers/STM32L4xx_HAL_Driver/Src/stm32l4xx_hal_rcc_ex.c ****   {
 3108              		.loc 1 2378 6 is_stmt 0 view .LVU961
 3109 0002 064B     		ldr	r3, .L288
 3110 0004 DB69     		ldr	r3, [r3, #28]
2378:Drivers/STM32L4xx_HAL_Driver/Src/stm32l4xx_hal_rcc_ex.c ****   {
 3111              		.loc 1 2378 5 view .LVU962
 3112 0006 13F4007F 		tst	r3, #512
 3113 000a 00D1     		bne	.L287
 3114              	.L284:
2386:Drivers/STM32L4xx_HAL_Driver/Src/stm32l4xx_hal_rcc_ex.c **** 
 3115              		.loc 1 2386 1 view .LVU963
 3116 000c 08BD     		pop	{r3, pc}
 3117              	.L287:
2381:Drivers/STM32L4xx_HAL_Driver/Src/stm32l4xx_hal_rcc_ex.c **** 
 3118              		.loc 1 2381 5 is_stmt 1 view .LVU964
 3119 000e FFF7FEFF 		bl	HAL_RCCEx_LSECSS_Callback
 3120              	.LVL313:
2384:Drivers/STM32L4xx_HAL_Driver/Src/stm32l4xx_hal_rcc_ex.c ****   }
 3121              		.loc 1 2384 5 view .LVU965
 3122 0012 024B     		ldr	r3, .L288
 3123 0014 4FF40072 		mov	r2, #512
 3124 0018 1A62     		str	r2, [r3, #32]
2386:Drivers/STM32L4xx_HAL_Driver/Src/stm32l4xx_hal_rcc_ex.c **** 
 3125              		.loc 1 2386 1 is_stmt 0 view .LVU966
 3126 001a F7E7     		b	.L284
 3127              	.L289:
 3128              		.align	2
 3129              	.L288:
 3130 001c 00100240 		.word	1073876992
 3131              		.cfi_endproc
 3132              	.LFE394:
 3134              		.section	.text.HAL_RCCEx_EnableLSCO,"ax",%progbits
 3135              		.align	1
 3136              		.global	HAL_RCCEx_EnableLSCO
 3137              		.syntax unified
 3138              		.thumb
 3139              		.thumb_func
 3141              	HAL_RCCEx_EnableLSCO:
 3142              	.LVL314:
 3143              	.LFB396:
2408:Drivers/STM32L4xx_HAL_Driver/Src/stm32l4xx_hal_rcc_ex.c ****   GPIO_InitTypeDef GPIO_InitStruct = {0};
 3144              		.loc 1 2408 1 is_stmt 1 view -0
 3145              		.cfi_startproc
 3146              		@ args = 0, pretend = 0, frame = 32
 3147              		@ frame_needed = 0, uses_anonymous_args = 0
ARM GAS  /tmp/ccFN0S9l.s 			page 134


2408:Drivers/STM32L4xx_HAL_Driver/Src/stm32l4xx_hal_rcc_ex.c ****   GPIO_InitTypeDef GPIO_InitStruct = {0};
 3148              		.loc 1 2408 1 is_stmt 0 view .LVU968
 3149 0000 30B5     		push	{r4, r5, lr}
 3150              	.LCFI13:
 3151              		.cfi_def_cfa_offset 12
 3152              		.cfi_offset 4, -12
 3153              		.cfi_offset 5, -8
 3154              		.cfi_offset 14, -4
 3155 0002 89B0     		sub	sp, sp, #36
 3156              	.LCFI14:
 3157              		.cfi_def_cfa_offset 48
 3158 0004 0546     		mov	r5, r0
2409:Drivers/STM32L4xx_HAL_Driver/Src/stm32l4xx_hal_rcc_ex.c ****   FlagStatus       pwrclkchanged = RESET;
 3159              		.loc 1 2409 3 is_stmt 1 view .LVU969
2409:Drivers/STM32L4xx_HAL_Driver/Src/stm32l4xx_hal_rcc_ex.c ****   FlagStatus       pwrclkchanged = RESET;
 3160              		.loc 1 2409 20 is_stmt 0 view .LVU970
 3161 0006 0023     		movs	r3, #0
 3162 0008 0393     		str	r3, [sp, #12]
 3163 000a 0493     		str	r3, [sp, #16]
 3164 000c 0593     		str	r3, [sp, #20]
 3165 000e 0693     		str	r3, [sp, #24]
 3166 0010 0793     		str	r3, [sp, #28]
2410:Drivers/STM32L4xx_HAL_Driver/Src/stm32l4xx_hal_rcc_ex.c ****   FlagStatus       backupchanged = RESET;
 3167              		.loc 1 2410 3 is_stmt 1 view .LVU971
 3168              	.LVL315:
2411:Drivers/STM32L4xx_HAL_Driver/Src/stm32l4xx_hal_rcc_ex.c **** 
 3169              		.loc 1 2411 3 view .LVU972
2414:Drivers/STM32L4xx_HAL_Driver/Src/stm32l4xx_hal_rcc_ex.c **** 
 3170              		.loc 1 2414 3 view .LVU973
2417:Drivers/STM32L4xx_HAL_Driver/Src/stm32l4xx_hal_rcc_ex.c **** 
 3171              		.loc 1 2417 3 view .LVU974
 3172              	.LBB5:
2417:Drivers/STM32L4xx_HAL_Driver/Src/stm32l4xx_hal_rcc_ex.c **** 
 3173              		.loc 1 2417 3 view .LVU975
2417:Drivers/STM32L4xx_HAL_Driver/Src/stm32l4xx_hal_rcc_ex.c **** 
 3174              		.loc 1 2417 3 view .LVU976
 3175 0012 234C     		ldr	r4, .L301
 3176 0014 E36C     		ldr	r3, [r4, #76]
 3177 0016 43F00103 		orr	r3, r3, #1
 3178 001a E364     		str	r3, [r4, #76]
2417:Drivers/STM32L4xx_HAL_Driver/Src/stm32l4xx_hal_rcc_ex.c **** 
 3179              		.loc 1 2417 3 view .LVU977
 3180 001c E36C     		ldr	r3, [r4, #76]
 3181 001e 03F00103 		and	r3, r3, #1
 3182 0022 0193     		str	r3, [sp, #4]
2417:Drivers/STM32L4xx_HAL_Driver/Src/stm32l4xx_hal_rcc_ex.c **** 
 3183              		.loc 1 2417 3 view .LVU978
 3184 0024 019B     		ldr	r3, [sp, #4]
 3185              	.LBE5:
2417:Drivers/STM32L4xx_HAL_Driver/Src/stm32l4xx_hal_rcc_ex.c **** 
 3186              		.loc 1 2417 3 view .LVU979
2420:Drivers/STM32L4xx_HAL_Driver/Src/stm32l4xx_hal_rcc_ex.c ****   GPIO_InitStruct.Mode = GPIO_MODE_ANALOG;
 3187              		.loc 1 2420 3 view .LVU980
2420:Drivers/STM32L4xx_HAL_Driver/Src/stm32l4xx_hal_rcc_ex.c ****   GPIO_InitStruct.Mode = GPIO_MODE_ANALOG;
 3188              		.loc 1 2420 23 is_stmt 0 view .LVU981
 3189 0026 0423     		movs	r3, #4
 3190 0028 0393     		str	r3, [sp, #12]
ARM GAS  /tmp/ccFN0S9l.s 			page 135


2421:Drivers/STM32L4xx_HAL_Driver/Src/stm32l4xx_hal_rcc_ex.c ****   GPIO_InitStruct.Speed = GPIO_SPEED_FREQ_HIGH;
 3191              		.loc 1 2421 3 is_stmt 1 view .LVU982
2421:Drivers/STM32L4xx_HAL_Driver/Src/stm32l4xx_hal_rcc_ex.c ****   GPIO_InitStruct.Speed = GPIO_SPEED_FREQ_HIGH;
 3192              		.loc 1 2421 24 is_stmt 0 view .LVU983
 3193 002a 0323     		movs	r3, #3
 3194 002c 0493     		str	r3, [sp, #16]
2422:Drivers/STM32L4xx_HAL_Driver/Src/stm32l4xx_hal_rcc_ex.c ****   GPIO_InitStruct.Pull = GPIO_NOPULL;
 3195              		.loc 1 2422 3 is_stmt 1 view .LVU984
2422:Drivers/STM32L4xx_HAL_Driver/Src/stm32l4xx_hal_rcc_ex.c ****   GPIO_InitStruct.Pull = GPIO_NOPULL;
 3196              		.loc 1 2422 25 is_stmt 0 view .LVU985
 3197 002e 0223     		movs	r3, #2
 3198 0030 0693     		str	r3, [sp, #24]
2423:Drivers/STM32L4xx_HAL_Driver/Src/stm32l4xx_hal_rcc_ex.c ****   HAL_GPIO_Init(LSCO_GPIO_PORT, &GPIO_InitStruct);
 3199              		.loc 1 2423 3 is_stmt 1 view .LVU986
2424:Drivers/STM32L4xx_HAL_Driver/Src/stm32l4xx_hal_rcc_ex.c **** 
 3200              		.loc 1 2424 3 view .LVU987
 3201 0032 03A9     		add	r1, sp, #12
 3202 0034 4FF09040 		mov	r0, #1207959552
 3203              	.LVL316:
2424:Drivers/STM32L4xx_HAL_Driver/Src/stm32l4xx_hal_rcc_ex.c **** 
 3204              		.loc 1 2424 3 is_stmt 0 view .LVU988
 3205 0038 FFF7FEFF 		bl	HAL_GPIO_Init
 3206              	.LVL317:
2427:Drivers/STM32L4xx_HAL_Driver/Src/stm32l4xx_hal_rcc_ex.c ****   {
 3207              		.loc 1 2427 3 is_stmt 1 view .LVU989
2427:Drivers/STM32L4xx_HAL_Driver/Src/stm32l4xx_hal_rcc_ex.c ****   {
 3208              		.loc 1 2427 6 is_stmt 0 view .LVU990
 3209 003c A36D     		ldr	r3, [r4, #88]
2427:Drivers/STM32L4xx_HAL_Driver/Src/stm32l4xx_hal_rcc_ex.c ****   {
 3210              		.loc 1 2427 5 view .LVU991
 3211 003e 13F0805F 		tst	r3, #268435456
 3212 0042 1DD1     		bne	.L295
2429:Drivers/STM32L4xx_HAL_Driver/Src/stm32l4xx_hal_rcc_ex.c ****     pwrclkchanged = SET;
 3213              		.loc 1 2429 5 is_stmt 1 view .LVU992
 3214              	.LBB6:
2429:Drivers/STM32L4xx_HAL_Driver/Src/stm32l4xx_hal_rcc_ex.c ****     pwrclkchanged = SET;
 3215              		.loc 1 2429 5 view .LVU993
2429:Drivers/STM32L4xx_HAL_Driver/Src/stm32l4xx_hal_rcc_ex.c ****     pwrclkchanged = SET;
 3216              		.loc 1 2429 5 view .LVU994
 3217 0044 A26D     		ldr	r2, [r4, #88]
 3218 0046 42F08052 		orr	r2, r2, #268435456
 3219 004a A265     		str	r2, [r4, #88]
2429:Drivers/STM32L4xx_HAL_Driver/Src/stm32l4xx_hal_rcc_ex.c ****     pwrclkchanged = SET;
 3220              		.loc 1 2429 5 view .LVU995
 3221 004c A36D     		ldr	r3, [r4, #88]
 3222 004e 03F08053 		and	r3, r3, #268435456
 3223 0052 0293     		str	r3, [sp, #8]
2429:Drivers/STM32L4xx_HAL_Driver/Src/stm32l4xx_hal_rcc_ex.c ****     pwrclkchanged = SET;
 3224              		.loc 1 2429 5 view .LVU996
 3225 0054 029B     		ldr	r3, [sp, #8]
 3226              	.LBE6:
2429:Drivers/STM32L4xx_HAL_Driver/Src/stm32l4xx_hal_rcc_ex.c ****     pwrclkchanged = SET;
 3227              		.loc 1 2429 5 view .LVU997
2430:Drivers/STM32L4xx_HAL_Driver/Src/stm32l4xx_hal_rcc_ex.c ****   }
 3228              		.loc 1 2430 5 view .LVU998
 3229              	.LVL318:
2430:Drivers/STM32L4xx_HAL_Driver/Src/stm32l4xx_hal_rcc_ex.c ****   }
ARM GAS  /tmp/ccFN0S9l.s 			page 136


 3230              		.loc 1 2430 19 is_stmt 0 view .LVU999
 3231 0056 0124     		movs	r4, #1
 3232              	.LVL319:
 3233              	.L291:
2432:Drivers/STM32L4xx_HAL_Driver/Src/stm32l4xx_hal_rcc_ex.c ****   {
 3234              		.loc 1 2432 3 is_stmt 1 view .LVU1000
2432:Drivers/STM32L4xx_HAL_Driver/Src/stm32l4xx_hal_rcc_ex.c ****   {
 3235              		.loc 1 2432 6 is_stmt 0 view .LVU1001
 3236 0058 124B     		ldr	r3, .L301+4
 3237 005a 1B68     		ldr	r3, [r3]
2432:Drivers/STM32L4xx_HAL_Driver/Src/stm32l4xx_hal_rcc_ex.c ****   {
 3238              		.loc 1 2432 5 view .LVU1002
 3239 005c 13F4807F 		tst	r3, #256
 3240 0060 10D0     		beq	.L298
2411:Drivers/STM32L4xx_HAL_Driver/Src/stm32l4xx_hal_rcc_ex.c **** 
 3241              		.loc 1 2411 20 view .LVU1003
 3242 0062 0022     		movs	r2, #0
 3243              	.LVL320:
 3244              	.L292:
2438:Drivers/STM32L4xx_HAL_Driver/Src/stm32l4xx_hal_rcc_ex.c **** 
 3245              		.loc 1 2438 3 is_stmt 1 view .LVU1004
 3246 0064 0E4B     		ldr	r3, .L301
 3247 0066 D3F89000 		ldr	r0, [r3, #144]
 3248 006a 20F04070 		bic	r0, r0, #50331648
 3249 006e 2843     		orrs	r0, r0, r5
 3250 0070 40F08070 		orr	r0, r0, #16777216
 3251 0074 C3F89000 		str	r0, [r3, #144]
2440:Drivers/STM32L4xx_HAL_Driver/Src/stm32l4xx_hal_rcc_ex.c ****   {
 3252              		.loc 1 2440 3 view .LVU1005
2440:Drivers/STM32L4xx_HAL_Driver/Src/stm32l4xx_hal_rcc_ex.c ****   {
 3253              		.loc 1 2440 5 is_stmt 0 view .LVU1006
 3254 0078 42B9     		cbnz	r2, .L299
 3255              	.LVL321:
 3256              	.L293:
2444:Drivers/STM32L4xx_HAL_Driver/Src/stm32l4xx_hal_rcc_ex.c ****   {
 3257              		.loc 1 2444 3 is_stmt 1 view .LVU1007
2444:Drivers/STM32L4xx_HAL_Driver/Src/stm32l4xx_hal_rcc_ex.c ****   {
 3258              		.loc 1 2444 5 is_stmt 0 view .LVU1008
 3259 007a 54B9     		cbnz	r4, .L300
 3260              	.L290:
2448:Drivers/STM32L4xx_HAL_Driver/Src/stm32l4xx_hal_rcc_ex.c **** 
 3261              		.loc 1 2448 1 view .LVU1009
 3262 007c 09B0     		add	sp, sp, #36
 3263              	.LCFI15:
 3264              		.cfi_remember_state
 3265              		.cfi_def_cfa_offset 12
 3266              		@ sp needed
 3267 007e 30BD     		pop	{r4, r5, pc}
 3268              	.LVL322:
 3269              	.L295:
 3270              	.LCFI16:
 3271              		.cfi_restore_state
2410:Drivers/STM32L4xx_HAL_Driver/Src/stm32l4xx_hal_rcc_ex.c ****   FlagStatus       backupchanged = RESET;
 3272              		.loc 1 2410 20 view .LVU1010
 3273 0080 0024     		movs	r4, #0
 3274 0082 E9E7     		b	.L291
 3275              	.LVL323:
ARM GAS  /tmp/ccFN0S9l.s 			page 137


 3276              	.L298:
2434:Drivers/STM32L4xx_HAL_Driver/Src/stm32l4xx_hal_rcc_ex.c ****     backupchanged = SET;
 3277              		.loc 1 2434 5 is_stmt 1 view .LVU1011
 3278 0084 FFF7FEFF 		bl	HAL_PWR_EnableBkUpAccess
 3279              	.LVL324:
2435:Drivers/STM32L4xx_HAL_Driver/Src/stm32l4xx_hal_rcc_ex.c ****   }
 3280              		.loc 1 2435 5 view .LVU1012
2435:Drivers/STM32L4xx_HAL_Driver/Src/stm32l4xx_hal_rcc_ex.c ****   }
 3281              		.loc 1 2435 19 is_stmt 0 view .LVU1013
 3282 0088 0122     		movs	r2, #1
 3283 008a EBE7     		b	.L292
 3284              	.LVL325:
 3285              	.L299:
2442:Drivers/STM32L4xx_HAL_Driver/Src/stm32l4xx_hal_rcc_ex.c ****   }
 3286              		.loc 1 2442 5 is_stmt 1 view .LVU1014
 3287 008c FFF7FEFF 		bl	HAL_PWR_DisableBkUpAccess
 3288              	.LVL326:
2442:Drivers/STM32L4xx_HAL_Driver/Src/stm32l4xx_hal_rcc_ex.c ****   }
 3289              		.loc 1 2442 5 is_stmt 0 view .LVU1015
 3290 0090 F3E7     		b	.L293
 3291              	.L300:
2446:Drivers/STM32L4xx_HAL_Driver/Src/stm32l4xx_hal_rcc_ex.c ****   }
 3292              		.loc 1 2446 5 is_stmt 1 view .LVU1016
 3293 0092 034A     		ldr	r2, .L301
 3294 0094 936D     		ldr	r3, [r2, #88]
 3295 0096 23F08053 		bic	r3, r3, #268435456
 3296 009a 9365     		str	r3, [r2, #88]
2448:Drivers/STM32L4xx_HAL_Driver/Src/stm32l4xx_hal_rcc_ex.c **** 
 3297              		.loc 1 2448 1 is_stmt 0 view .LVU1017
 3298 009c EEE7     		b	.L290
 3299              	.L302:
 3300 009e 00BF     		.align	2
 3301              	.L301:
 3302 00a0 00100240 		.word	1073876992
 3303 00a4 00700040 		.word	1073770496
 3304              		.cfi_endproc
 3305              	.LFE396:
 3307              		.section	.text.HAL_RCCEx_DisableLSCO,"ax",%progbits
 3308              		.align	1
 3309              		.global	HAL_RCCEx_DisableLSCO
 3310              		.syntax unified
 3311              		.thumb
 3312              		.thumb_func
 3314              	HAL_RCCEx_DisableLSCO:
 3315              	.LFB397:
2455:Drivers/STM32L4xx_HAL_Driver/Src/stm32l4xx_hal_rcc_ex.c ****   FlagStatus       pwrclkchanged = RESET;
 3316              		.loc 1 2455 1 is_stmt 1 view -0
 3317              		.cfi_startproc
 3318              		@ args = 0, pretend = 0, frame = 8
 3319              		@ frame_needed = 0, uses_anonymous_args = 0
 3320 0000 10B5     		push	{r4, lr}
 3321              	.LCFI17:
 3322              		.cfi_def_cfa_offset 8
 3323              		.cfi_offset 4, -8
 3324              		.cfi_offset 14, -4
 3325 0002 82B0     		sub	sp, sp, #8
 3326              	.LCFI18:
ARM GAS  /tmp/ccFN0S9l.s 			page 138


 3327              		.cfi_def_cfa_offset 16
2456:Drivers/STM32L4xx_HAL_Driver/Src/stm32l4xx_hal_rcc_ex.c ****   FlagStatus       backupchanged = RESET;
 3328              		.loc 1 2456 3 view .LVU1019
 3329              	.LVL327:
2457:Drivers/STM32L4xx_HAL_Driver/Src/stm32l4xx_hal_rcc_ex.c **** 
 3330              		.loc 1 2457 3 view .LVU1020
2460:Drivers/STM32L4xx_HAL_Driver/Src/stm32l4xx_hal_rcc_ex.c ****   {
 3331              		.loc 1 2460 3 view .LVU1021
2460:Drivers/STM32L4xx_HAL_Driver/Src/stm32l4xx_hal_rcc_ex.c ****   {
 3332              		.loc 1 2460 6 is_stmt 0 view .LVU1022
 3333 0004 174B     		ldr	r3, .L314
 3334 0006 9B6D     		ldr	r3, [r3, #88]
2460:Drivers/STM32L4xx_HAL_Driver/Src/stm32l4xx_hal_rcc_ex.c ****   {
 3335              		.loc 1 2460 5 view .LVU1023
 3336 0008 13F0805F 		tst	r3, #268435456
 3337 000c 1BD1     		bne	.L308
2462:Drivers/STM32L4xx_HAL_Driver/Src/stm32l4xx_hal_rcc_ex.c ****     pwrclkchanged = SET;
 3338              		.loc 1 2462 5 is_stmt 1 view .LVU1024
 3339              	.LBB7:
2462:Drivers/STM32L4xx_HAL_Driver/Src/stm32l4xx_hal_rcc_ex.c ****     pwrclkchanged = SET;
 3340              		.loc 1 2462 5 view .LVU1025
2462:Drivers/STM32L4xx_HAL_Driver/Src/stm32l4xx_hal_rcc_ex.c ****     pwrclkchanged = SET;
 3341              		.loc 1 2462 5 view .LVU1026
 3342 000e 154B     		ldr	r3, .L314
 3343 0010 9A6D     		ldr	r2, [r3, #88]
 3344 0012 42F08052 		orr	r2, r2, #268435456
 3345 0016 9A65     		str	r2, [r3, #88]
2462:Drivers/STM32L4xx_HAL_Driver/Src/stm32l4xx_hal_rcc_ex.c ****     pwrclkchanged = SET;
 3346              		.loc 1 2462 5 view .LVU1027
 3347 0018 9B6D     		ldr	r3, [r3, #88]
 3348 001a 03F08053 		and	r3, r3, #268435456
 3349 001e 0193     		str	r3, [sp, #4]
2462:Drivers/STM32L4xx_HAL_Driver/Src/stm32l4xx_hal_rcc_ex.c ****     pwrclkchanged = SET;
 3350              		.loc 1 2462 5 view .LVU1028
 3351 0020 019B     		ldr	r3, [sp, #4]
 3352              	.LBE7:
2462:Drivers/STM32L4xx_HAL_Driver/Src/stm32l4xx_hal_rcc_ex.c ****     pwrclkchanged = SET;
 3353              		.loc 1 2462 5 view .LVU1029
2463:Drivers/STM32L4xx_HAL_Driver/Src/stm32l4xx_hal_rcc_ex.c ****   }
 3354              		.loc 1 2463 5 view .LVU1030
 3355              	.LVL328:
2463:Drivers/STM32L4xx_HAL_Driver/Src/stm32l4xx_hal_rcc_ex.c ****   }
 3356              		.loc 1 2463 19 is_stmt 0 view .LVU1031
 3357 0022 0124     		movs	r4, #1
 3358              	.LVL329:
 3359              	.L304:
2465:Drivers/STM32L4xx_HAL_Driver/Src/stm32l4xx_hal_rcc_ex.c ****   {
 3360              		.loc 1 2465 3 is_stmt 1 view .LVU1032
2465:Drivers/STM32L4xx_HAL_Driver/Src/stm32l4xx_hal_rcc_ex.c ****   {
 3361              		.loc 1 2465 6 is_stmt 0 view .LVU1033
 3362 0024 104B     		ldr	r3, .L314+4
 3363 0026 1B68     		ldr	r3, [r3]
2465:Drivers/STM32L4xx_HAL_Driver/Src/stm32l4xx_hal_rcc_ex.c ****   {
 3364              		.loc 1 2465 5 view .LVU1034
 3365 0028 13F4807F 		tst	r3, #256
 3366 002c 0DD0     		beq	.L311
2457:Drivers/STM32L4xx_HAL_Driver/Src/stm32l4xx_hal_rcc_ex.c **** 
ARM GAS  /tmp/ccFN0S9l.s 			page 139


 3367              		.loc 1 2457 20 view .LVU1035
 3368 002e 0021     		movs	r1, #0
 3369              	.LVL330:
 3370              	.L305:
2472:Drivers/STM32L4xx_HAL_Driver/Src/stm32l4xx_hal_rcc_ex.c **** 
 3371              		.loc 1 2472 3 is_stmt 1 view .LVU1036
 3372 0030 0C4A     		ldr	r2, .L314
 3373 0032 D2F89030 		ldr	r3, [r2, #144]
 3374 0036 23F08073 		bic	r3, r3, #16777216
 3375 003a C2F89030 		str	r3, [r2, #144]
2475:Drivers/STM32L4xx_HAL_Driver/Src/stm32l4xx_hal_rcc_ex.c ****   {
 3376              		.loc 1 2475 3 view .LVU1037
2475:Drivers/STM32L4xx_HAL_Driver/Src/stm32l4xx_hal_rcc_ex.c ****   {
 3377              		.loc 1 2475 5 is_stmt 0 view .LVU1038
 3378 003e 41B9     		cbnz	r1, .L312
 3379              	.LVL331:
 3380              	.L306:
2480:Drivers/STM32L4xx_HAL_Driver/Src/stm32l4xx_hal_rcc_ex.c ****   {
 3381              		.loc 1 2480 3 is_stmt 1 view .LVU1039
2480:Drivers/STM32L4xx_HAL_Driver/Src/stm32l4xx_hal_rcc_ex.c ****   {
 3382              		.loc 1 2480 5 is_stmt 0 view .LVU1040
 3383 0040 54B9     		cbnz	r4, .L313
 3384              	.L303:
2484:Drivers/STM32L4xx_HAL_Driver/Src/stm32l4xx_hal_rcc_ex.c **** 
 3385              		.loc 1 2484 1 view .LVU1041
 3386 0042 02B0     		add	sp, sp, #8
 3387              	.LCFI19:
 3388              		.cfi_remember_state
 3389              		.cfi_def_cfa_offset 8
 3390              		@ sp needed
 3391 0044 10BD     		pop	{r4, pc}
 3392              	.LVL332:
 3393              	.L308:
 3394              	.LCFI20:
 3395              		.cfi_restore_state
2456:Drivers/STM32L4xx_HAL_Driver/Src/stm32l4xx_hal_rcc_ex.c ****   FlagStatus       backupchanged = RESET;
 3396              		.loc 1 2456 20 view .LVU1042
 3397 0046 0024     		movs	r4, #0
 3398 0048 ECE7     		b	.L304
 3399              	.LVL333:
 3400              	.L311:
2468:Drivers/STM32L4xx_HAL_Driver/Src/stm32l4xx_hal_rcc_ex.c ****     backupchanged = SET;
 3401              		.loc 1 2468 5 is_stmt 1 view .LVU1043
 3402 004a FFF7FEFF 		bl	HAL_PWR_EnableBkUpAccess
 3403              	.LVL334:
2469:Drivers/STM32L4xx_HAL_Driver/Src/stm32l4xx_hal_rcc_ex.c ****   }
 3404              		.loc 1 2469 5 view .LVU1044
2469:Drivers/STM32L4xx_HAL_Driver/Src/stm32l4xx_hal_rcc_ex.c ****   }
 3405              		.loc 1 2469 19 is_stmt 0 view .LVU1045
 3406 004e 0121     		movs	r1, #1
 3407 0050 EEE7     		b	.L305
 3408              	.LVL335:
 3409              	.L312:
2478:Drivers/STM32L4xx_HAL_Driver/Src/stm32l4xx_hal_rcc_ex.c ****   }
 3410              		.loc 1 2478 5 is_stmt 1 view .LVU1046
 3411 0052 FFF7FEFF 		bl	HAL_PWR_DisableBkUpAccess
 3412              	.LVL336:
ARM GAS  /tmp/ccFN0S9l.s 			page 140


2478:Drivers/STM32L4xx_HAL_Driver/Src/stm32l4xx_hal_rcc_ex.c ****   }
 3413              		.loc 1 2478 5 is_stmt 0 view .LVU1047
 3414 0056 F3E7     		b	.L306
 3415              	.L313:
2482:Drivers/STM32L4xx_HAL_Driver/Src/stm32l4xx_hal_rcc_ex.c ****   }
 3416              		.loc 1 2482 5 is_stmt 1 view .LVU1048
 3417 0058 024A     		ldr	r2, .L314
 3418 005a 936D     		ldr	r3, [r2, #88]
 3419 005c 23F08053 		bic	r3, r3, #268435456
 3420 0060 9365     		str	r3, [r2, #88]
2484:Drivers/STM32L4xx_HAL_Driver/Src/stm32l4xx_hal_rcc_ex.c **** 
 3421              		.loc 1 2484 1 is_stmt 0 view .LVU1049
 3422 0062 EEE7     		b	.L303
 3423              	.L315:
 3424              		.align	2
 3425              	.L314:
 3426 0064 00100240 		.word	1073876992
 3427 0068 00700040 		.word	1073770496
 3428              		.cfi_endproc
 3429              	.LFE397:
 3431              		.section	.text.HAL_RCCEx_EnableMSIPLLMode,"ax",%progbits
 3432              		.align	1
 3433              		.global	HAL_RCCEx_EnableMSIPLLMode
 3434              		.syntax unified
 3435              		.thumb
 3436              		.thumb_func
 3438              	HAL_RCCEx_EnableMSIPLLMode:
 3439              	.LFB398:
2493:Drivers/STM32L4xx_HAL_Driver/Src/stm32l4xx_hal_rcc_ex.c ****   SET_BIT(RCC->CR, RCC_CR_MSIPLLEN) ;
 3440              		.loc 1 2493 1 is_stmt 1 view -0
 3441              		.cfi_startproc
 3442              		@ args = 0, pretend = 0, frame = 0
 3443              		@ frame_needed = 0, uses_anonymous_args = 0
 3444              		@ link register save eliminated.
2494:Drivers/STM32L4xx_HAL_Driver/Src/stm32l4xx_hal_rcc_ex.c **** }
 3445              		.loc 1 2494 3 view .LVU1051
 3446 0000 024A     		ldr	r2, .L317
 3447 0002 1368     		ldr	r3, [r2]
 3448 0004 43F00403 		orr	r3, r3, #4
 3449 0008 1360     		str	r3, [r2]
2495:Drivers/STM32L4xx_HAL_Driver/Src/stm32l4xx_hal_rcc_ex.c **** 
 3450              		.loc 1 2495 1 is_stmt 0 view .LVU1052
 3451 000a 7047     		bx	lr
 3452              	.L318:
 3453              		.align	2
 3454              	.L317:
 3455 000c 00100240 		.word	1073876992
 3456              		.cfi_endproc
 3457              	.LFE398:
 3459              		.section	.text.HAL_RCCEx_DisableMSIPLLMode,"ax",%progbits
 3460              		.align	1
 3461              		.global	HAL_RCCEx_DisableMSIPLLMode
 3462              		.syntax unified
 3463              		.thumb
 3464              		.thumb_func
 3466              	HAL_RCCEx_DisableMSIPLLMode:
 3467              	.LFB399:
ARM GAS  /tmp/ccFN0S9l.s 			page 141


2503:Drivers/STM32L4xx_HAL_Driver/Src/stm32l4xx_hal_rcc_ex.c ****   CLEAR_BIT(RCC->CR, RCC_CR_MSIPLLEN) ;
 3468              		.loc 1 2503 1 is_stmt 1 view -0
 3469              		.cfi_startproc
 3470              		@ args = 0, pretend = 0, frame = 0
 3471              		@ frame_needed = 0, uses_anonymous_args = 0
 3472              		@ link register save eliminated.
2504:Drivers/STM32L4xx_HAL_Driver/Src/stm32l4xx_hal_rcc_ex.c **** }
 3473              		.loc 1 2504 3 view .LVU1054
 3474 0000 024A     		ldr	r2, .L320
 3475 0002 1368     		ldr	r3, [r2]
 3476 0004 23F00403 		bic	r3, r3, #4
 3477 0008 1360     		str	r3, [r2]
2505:Drivers/STM32L4xx_HAL_Driver/Src/stm32l4xx_hal_rcc_ex.c **** 
 3478              		.loc 1 2505 1 is_stmt 0 view .LVU1055
 3479 000a 7047     		bx	lr
 3480              	.L321:
 3481              		.align	2
 3482              	.L320:
 3483 000c 00100240 		.word	1073876992
 3484              		.cfi_endproc
 3485              	.LFE399:
 3487              		.section	.text.HAL_RCCEx_CRSConfig,"ax",%progbits
 3488              		.align	1
 3489              		.global	HAL_RCCEx_CRSConfig
 3490              		.syntax unified
 3491              		.thumb
 3492              		.thumb_func
 3494              	HAL_RCCEx_CRSConfig:
 3495              	.LVL337:
 3496              	.LFB400:
2600:Drivers/STM32L4xx_HAL_Driver/Src/stm32l4xx_hal_rcc_ex.c ****   uint32_t value;  /* no init needed */
 3497              		.loc 1 2600 1 is_stmt 1 view -0
 3498              		.cfi_startproc
 3499              		@ args = 0, pretend = 0, frame = 0
 3500              		@ frame_needed = 0, uses_anonymous_args = 0
 3501              		@ link register save eliminated.
2601:Drivers/STM32L4xx_HAL_Driver/Src/stm32l4xx_hal_rcc_ex.c **** 
 3502              		.loc 1 2601 3 view .LVU1057
2604:Drivers/STM32L4xx_HAL_Driver/Src/stm32l4xx_hal_rcc_ex.c ****   assert_param(IS_RCC_CRS_SYNC_SOURCE(pInit->Source));
 3503              		.loc 1 2604 3 view .LVU1058
2605:Drivers/STM32L4xx_HAL_Driver/Src/stm32l4xx_hal_rcc_ex.c ****   assert_param(IS_RCC_CRS_SYNC_POLARITY(pInit->Polarity));
 3504              		.loc 1 2605 3 view .LVU1059
2606:Drivers/STM32L4xx_HAL_Driver/Src/stm32l4xx_hal_rcc_ex.c ****   assert_param(IS_RCC_CRS_RELOADVALUE(pInit->ReloadValue));
 3505              		.loc 1 2606 3 view .LVU1060
2607:Drivers/STM32L4xx_HAL_Driver/Src/stm32l4xx_hal_rcc_ex.c ****   assert_param(IS_RCC_CRS_ERRORLIMIT(pInit->ErrorLimitValue));
 3506              		.loc 1 2607 3 view .LVU1061
2608:Drivers/STM32L4xx_HAL_Driver/Src/stm32l4xx_hal_rcc_ex.c ****   assert_param(IS_RCC_CRS_HSI48CALIBRATION(pInit->HSI48CalibrationValue));
 3507              		.loc 1 2608 3 view .LVU1062
2609:Drivers/STM32L4xx_HAL_Driver/Src/stm32l4xx_hal_rcc_ex.c **** 
 3508              		.loc 1 2609 3 view .LVU1063
2614:Drivers/STM32L4xx_HAL_Driver/Src/stm32l4xx_hal_rcc_ex.c ****   __HAL_RCC_CRS_RELEASE_RESET();
 3509              		.loc 1 2614 3 view .LVU1064
 3510 0000 104B     		ldr	r3, .L323
 3511 0002 9A6B     		ldr	r2, [r3, #56]
 3512 0004 42F08072 		orr	r2, r2, #16777216
 3513 0008 9A63     		str	r2, [r3, #56]
2615:Drivers/STM32L4xx_HAL_Driver/Src/stm32l4xx_hal_rcc_ex.c **** 
ARM GAS  /tmp/ccFN0S9l.s 			page 142


 3514              		.loc 1 2615 3 view .LVU1065
 3515 000a 9A6B     		ldr	r2, [r3, #56]
 3516 000c 22F08072 		bic	r2, r2, #16777216
 3517 0010 9A63     		str	r2, [r3, #56]
2620:Drivers/STM32L4xx_HAL_Driver/Src/stm32l4xx_hal_rcc_ex.c ****   /* Set the RELOAD[15:0] bits according to ReloadValue value */
 3518              		.loc 1 2620 3 view .LVU1066
2620:Drivers/STM32L4xx_HAL_Driver/Src/stm32l4xx_hal_rcc_ex.c ****   /* Set the RELOAD[15:0] bits according to ReloadValue value */
 3519              		.loc 1 2620 17 is_stmt 0 view .LVU1067
 3520 0012 0368     		ldr	r3, [r0]
2620:Drivers/STM32L4xx_HAL_Driver/Src/stm32l4xx_hal_rcc_ex.c ****   /* Set the RELOAD[15:0] bits according to ReloadValue value */
 3521              		.loc 1 2620 36 view .LVU1068
 3522 0014 4268     		ldr	r2, [r0, #4]
2620:Drivers/STM32L4xx_HAL_Driver/Src/stm32l4xx_hal_rcc_ex.c ****   /* Set the RELOAD[15:0] bits according to ReloadValue value */
 3523              		.loc 1 2620 29 view .LVU1069
 3524 0016 1343     		orrs	r3, r3, r2
2620:Drivers/STM32L4xx_HAL_Driver/Src/stm32l4xx_hal_rcc_ex.c ****   /* Set the RELOAD[15:0] bits according to ReloadValue value */
 3525              		.loc 1 2620 52 view .LVU1070
 3526 0018 8268     		ldr	r2, [r0, #8]
2620:Drivers/STM32L4xx_HAL_Driver/Src/stm32l4xx_hal_rcc_ex.c ****   /* Set the RELOAD[15:0] bits according to ReloadValue value */
 3527              		.loc 1 2620 9 view .LVU1071
 3528 001a 1A43     		orrs	r2, r2, r3
 3529              	.LVL338:
2622:Drivers/STM32L4xx_HAL_Driver/Src/stm32l4xx_hal_rcc_ex.c ****   /* Set the FELIM[7:0] bits according to ErrorLimitValue value */
 3530              		.loc 1 2622 3 is_stmt 1 view .LVU1072
2622:Drivers/STM32L4xx_HAL_Driver/Src/stm32l4xx_hal_rcc_ex.c ****   /* Set the FELIM[7:0] bits according to ErrorLimitValue value */
 3531              		.loc 1 2622 17 is_stmt 0 view .LVU1073
 3532 001c C368     		ldr	r3, [r0, #12]
2622:Drivers/STM32L4xx_HAL_Driver/Src/stm32l4xx_hal_rcc_ex.c ****   /* Set the FELIM[7:0] bits according to ErrorLimitValue value */
 3533              		.loc 1 2622 9 view .LVU1074
 3534 001e 1343     		orrs	r3, r3, r2
 3535              	.LVL339:
2624:Drivers/STM32L4xx_HAL_Driver/Src/stm32l4xx_hal_rcc_ex.c ****   WRITE_REG(CRS->CFGR, value);
 3536              		.loc 1 2624 3 is_stmt 1 view .LVU1075
2624:Drivers/STM32L4xx_HAL_Driver/Src/stm32l4xx_hal_rcc_ex.c ****   WRITE_REG(CRS->CFGR, value);
 3537              		.loc 1 2624 18 is_stmt 0 view .LVU1076
 3538 0020 0269     		ldr	r2, [r0, #16]
2624:Drivers/STM32L4xx_HAL_Driver/Src/stm32l4xx_hal_rcc_ex.c ****   WRITE_REG(CRS->CFGR, value);
 3539              		.loc 1 2624 9 view .LVU1077
 3540 0022 43EA0242 		orr	r2, r3, r2, lsl #16
 3541              	.LVL340:
2625:Drivers/STM32L4xx_HAL_Driver/Src/stm32l4xx_hal_rcc_ex.c **** 
 3542              		.loc 1 2625 3 is_stmt 1 view .LVU1078
 3543 0026 084B     		ldr	r3, .L323+4
 3544 0028 5A60     		str	r2, [r3, #4]
2630:Drivers/STM32L4xx_HAL_Driver/Src/stm32l4xx_hal_rcc_ex.c **** 
 3545              		.loc 1 2630 3 view .LVU1079
 3546 002a 1A68     		ldr	r2, [r3]
 3547              	.LVL341:
2630:Drivers/STM32L4xx_HAL_Driver/Src/stm32l4xx_hal_rcc_ex.c **** 
 3548              		.loc 1 2630 3 is_stmt 0 view .LVU1080
 3549 002c 22F47C52 		bic	r2, r2, #16128
 3550 0030 4169     		ldr	r1, [r0, #20]
 3551 0032 42EA0122 		orr	r2, r2, r1, lsl #8
 3552 0036 1A60     		str	r2, [r3]
 3553              	.LVL342:
2635:Drivers/STM32L4xx_HAL_Driver/Src/stm32l4xx_hal_rcc_ex.c **** }
 3554              		.loc 1 2635 3 is_stmt 1 view .LVU1081
ARM GAS  /tmp/ccFN0S9l.s 			page 143


 3555 0038 1A68     		ldr	r2, [r3]
 3556 003a 42F06002 		orr	r2, r2, #96
 3557 003e 1A60     		str	r2, [r3]
2636:Drivers/STM32L4xx_HAL_Driver/Src/stm32l4xx_hal_rcc_ex.c **** 
 3558              		.loc 1 2636 1 is_stmt 0 view .LVU1082
 3559 0040 7047     		bx	lr
 3560              	.L324:
 3561 0042 00BF     		.align	2
 3562              	.L323:
 3563 0044 00100240 		.word	1073876992
 3564 0048 00600040 		.word	1073766400
 3565              		.cfi_endproc
 3566              	.LFE400:
 3568              		.section	.text.HAL_RCCEx_CRSSoftwareSynchronizationGenerate,"ax",%progbits
 3569              		.align	1
 3570              		.global	HAL_RCCEx_CRSSoftwareSynchronizationGenerate
 3571              		.syntax unified
 3572              		.thumb
 3573              		.thumb_func
 3575              	HAL_RCCEx_CRSSoftwareSynchronizationGenerate:
 3576              	.LFB401:
2643:Drivers/STM32L4xx_HAL_Driver/Src/stm32l4xx_hal_rcc_ex.c ****   SET_BIT(CRS->CR, CRS_CR_SWSYNC);
 3577              		.loc 1 2643 1 is_stmt 1 view -0
 3578              		.cfi_startproc
 3579              		@ args = 0, pretend = 0, frame = 0
 3580              		@ frame_needed = 0, uses_anonymous_args = 0
 3581              		@ link register save eliminated.
2644:Drivers/STM32L4xx_HAL_Driver/Src/stm32l4xx_hal_rcc_ex.c **** }
 3582              		.loc 1 2644 3 view .LVU1084
 3583 0000 024A     		ldr	r2, .L326
 3584 0002 1368     		ldr	r3, [r2]
 3585 0004 43F08003 		orr	r3, r3, #128
 3586 0008 1360     		str	r3, [r2]
2645:Drivers/STM32L4xx_HAL_Driver/Src/stm32l4xx_hal_rcc_ex.c **** 
 3587              		.loc 1 2645 1 is_stmt 0 view .LVU1085
 3588 000a 7047     		bx	lr
 3589              	.L327:
 3590              		.align	2
 3591              	.L326:
 3592 000c 00600040 		.word	1073766400
 3593              		.cfi_endproc
 3594              	.LFE401:
 3596              		.section	.text.HAL_RCCEx_CRSGetSynchronizationInfo,"ax",%progbits
 3597              		.align	1
 3598              		.global	HAL_RCCEx_CRSGetSynchronizationInfo
 3599              		.syntax unified
 3600              		.thumb
 3601              		.thumb_func
 3603              	HAL_RCCEx_CRSGetSynchronizationInfo:
 3604              	.LVL343:
 3605              	.LFB402:
2653:Drivers/STM32L4xx_HAL_Driver/Src/stm32l4xx_hal_rcc_ex.c ****   /* Check the parameter */
 3606              		.loc 1 2653 1 is_stmt 1 view -0
 3607              		.cfi_startproc
 3608              		@ args = 0, pretend = 0, frame = 0
 3609              		@ frame_needed = 0, uses_anonymous_args = 0
 3610              		@ link register save eliminated.
ARM GAS  /tmp/ccFN0S9l.s 			page 144


2655:Drivers/STM32L4xx_HAL_Driver/Src/stm32l4xx_hal_rcc_ex.c **** 
 3611              		.loc 1 2655 3 view .LVU1087
2658:Drivers/STM32L4xx_HAL_Driver/Src/stm32l4xx_hal_rcc_ex.c **** 
 3612              		.loc 1 2658 3 view .LVU1088
2658:Drivers/STM32L4xx_HAL_Driver/Src/stm32l4xx_hal_rcc_ex.c **** 
 3613              		.loc 1 2658 32 is_stmt 0 view .LVU1089
 3614 0000 074B     		ldr	r3, .L329
 3615 0002 5A68     		ldr	r2, [r3, #4]
 3616 0004 92B2     		uxth	r2, r2
2658:Drivers/STM32L4xx_HAL_Driver/Src/stm32l4xx_hal_rcc_ex.c **** 
 3617              		.loc 1 2658 29 view .LVU1090
 3618 0006 0260     		str	r2, [r0]
2661:Drivers/STM32L4xx_HAL_Driver/Src/stm32l4xx_hal_rcc_ex.c **** 
 3619              		.loc 1 2661 3 is_stmt 1 view .LVU1091
2661:Drivers/STM32L4xx_HAL_Driver/Src/stm32l4xx_hal_rcc_ex.c **** 
 3620              		.loc 1 2661 42 is_stmt 0 view .LVU1092
 3621 0008 1A68     		ldr	r2, [r3]
2661:Drivers/STM32L4xx_HAL_Driver/Src/stm32l4xx_hal_rcc_ex.c **** 
 3622              		.loc 1 2661 73 view .LVU1093
 3623 000a C2F30522 		ubfx	r2, r2, #8, #6
2661:Drivers/STM32L4xx_HAL_Driver/Src/stm32l4xx_hal_rcc_ex.c **** 
 3624              		.loc 1 2661 39 view .LVU1094
 3625 000e 4260     		str	r2, [r0, #4]
2664:Drivers/STM32L4xx_HAL_Driver/Src/stm32l4xx_hal_rcc_ex.c **** 
 3626              		.loc 1 2664 3 is_stmt 1 view .LVU1095
2664:Drivers/STM32L4xx_HAL_Driver/Src/stm32l4xx_hal_rcc_ex.c **** 
 3627              		.loc 1 2664 37 is_stmt 0 view .LVU1096
 3628 0010 9A68     		ldr	r2, [r3, #8]
2664:Drivers/STM32L4xx_HAL_Driver/Src/stm32l4xx_hal_rcc_ex.c **** 
 3629              		.loc 1 2664 71 view .LVU1097
 3630 0012 120C     		lsrs	r2, r2, #16
2664:Drivers/STM32L4xx_HAL_Driver/Src/stm32l4xx_hal_rcc_ex.c **** 
 3631              		.loc 1 2664 34 view .LVU1098
 3632 0014 8260     		str	r2, [r0, #8]
2667:Drivers/STM32L4xx_HAL_Driver/Src/stm32l4xx_hal_rcc_ex.c **** }
 3633              		.loc 1 2667 3 is_stmt 1 view .LVU1099
2667:Drivers/STM32L4xx_HAL_Driver/Src/stm32l4xx_hal_rcc_ex.c **** }
 3634              		.loc 1 2667 39 is_stmt 0 view .LVU1100
 3635 0016 9B68     		ldr	r3, [r3, #8]
 3636 0018 03F40043 		and	r3, r3, #32768
2667:Drivers/STM32L4xx_HAL_Driver/Src/stm32l4xx_hal_rcc_ex.c **** }
 3637              		.loc 1 2667 36 view .LVU1101
 3638 001c C360     		str	r3, [r0, #12]
2668:Drivers/STM32L4xx_HAL_Driver/Src/stm32l4xx_hal_rcc_ex.c **** 
 3639              		.loc 1 2668 1 view .LVU1102
 3640 001e 7047     		bx	lr
 3641              	.L330:
 3642              		.align	2
 3643              	.L329:
 3644 0020 00600040 		.word	1073766400
 3645              		.cfi_endproc
 3646              	.LFE402:
 3648              		.section	.text.HAL_RCCEx_CRSWaitSynchronization,"ax",%progbits
 3649              		.align	1
 3650              		.global	HAL_RCCEx_CRSWaitSynchronization
 3651              		.syntax unified
 3652              		.thumb
ARM GAS  /tmp/ccFN0S9l.s 			page 145


 3653              		.thumb_func
 3655              	HAL_RCCEx_CRSWaitSynchronization:
 3656              	.LVL344:
 3657              	.LFB403:
2686:Drivers/STM32L4xx_HAL_Driver/Src/stm32l4xx_hal_rcc_ex.c ****   uint32_t crsstatus = RCC_CRS_NONE;
 3658              		.loc 1 2686 1 is_stmt 1 view -0
 3659              		.cfi_startproc
 3660              		@ args = 0, pretend = 0, frame = 0
 3661              		@ frame_needed = 0, uses_anonymous_args = 0
2686:Drivers/STM32L4xx_HAL_Driver/Src/stm32l4xx_hal_rcc_ex.c ****   uint32_t crsstatus = RCC_CRS_NONE;
 3662              		.loc 1 2686 1 is_stmt 0 view .LVU1104
 3663 0000 70B5     		push	{r4, r5, r6, lr}
 3664              	.LCFI21:
 3665              		.cfi_def_cfa_offset 16
 3666              		.cfi_offset 4, -16
 3667              		.cfi_offset 5, -12
 3668              		.cfi_offset 6, -8
 3669              		.cfi_offset 14, -4
 3670 0002 0546     		mov	r5, r0
2687:Drivers/STM32L4xx_HAL_Driver/Src/stm32l4xx_hal_rcc_ex.c ****   uint32_t tickstart;
 3671              		.loc 1 2687 3 is_stmt 1 view .LVU1105
 3672              	.LVL345:
2688:Drivers/STM32L4xx_HAL_Driver/Src/stm32l4xx_hal_rcc_ex.c **** 
 3673              		.loc 1 2688 3 view .LVU1106
2691:Drivers/STM32L4xx_HAL_Driver/Src/stm32l4xx_hal_rcc_ex.c **** 
 3674              		.loc 1 2691 3 view .LVU1107
2691:Drivers/STM32L4xx_HAL_Driver/Src/stm32l4xx_hal_rcc_ex.c **** 
 3675              		.loc 1 2691 15 is_stmt 0 view .LVU1108
 3676 0004 FFF7FEFF 		bl	HAL_GetTick
 3677              	.LVL346:
2691:Drivers/STM32L4xx_HAL_Driver/Src/stm32l4xx_hal_rcc_ex.c **** 
 3678              		.loc 1 2691 15 view .LVU1109
 3679 0008 0646     		mov	r6, r0
 3680              	.LVL347:
2687:Drivers/STM32L4xx_HAL_Driver/Src/stm32l4xx_hal_rcc_ex.c ****   uint32_t tickstart;
 3681              		.loc 1 2687 12 view .LVU1110
 3682 000a 0024     		movs	r4, #0
 3683 000c 0EE0     		b	.L339
 3684              	.LVL348:
 3685              	.L344:
2698:Drivers/STM32L4xx_HAL_Driver/Src/stm32l4xx_hal_rcc_ex.c ****       {
 3686              		.loc 1 2698 7 is_stmt 1 view .LVU1111
2698:Drivers/STM32L4xx_HAL_Driver/Src/stm32l4xx_hal_rcc_ex.c ****       {
 3687              		.loc 1 2698 12 is_stmt 0 view .LVU1112
 3688 000e FFF7FEFF 		bl	HAL_GetTick
 3689              	.LVL349:
2698:Drivers/STM32L4xx_HAL_Driver/Src/stm32l4xx_hal_rcc_ex.c ****       {
 3690              		.loc 1 2698 26 discriminator 1 view .LVU1113
 3691 0012 801B     		subs	r0, r0, r6
2698:Drivers/STM32L4xx_HAL_Driver/Src/stm32l4xx_hal_rcc_ex.c ****       {
 3692              		.loc 1 2698 9 discriminator 1 view .LVU1114
 3693 0014 A842     		cmp	r0, r5
 3694 0016 02D8     		bhi	.L340
2698:Drivers/STM32L4xx_HAL_Driver/Src/stm32l4xx_hal_rcc_ex.c ****       {
 3695              		.loc 1 2698 50 discriminator 1 view .LVU1115
 3696 0018 5DB9     		cbnz	r5, .L332
2700:Drivers/STM32L4xx_HAL_Driver/Src/stm32l4xx_hal_rcc_ex.c ****       }
ARM GAS  /tmp/ccFN0S9l.s 			page 146


 3697              		.loc 1 2700 19 view .LVU1116
 3698 001a 0124     		movs	r4, #1
 3699              	.LVL350:
2700:Drivers/STM32L4xx_HAL_Driver/Src/stm32l4xx_hal_rcc_ex.c ****       }
 3700              		.loc 1 2700 19 view .LVU1117
 3701 001c 09E0     		b	.L332
 3702              	.LVL351:
 3703              	.L340:
2700:Drivers/STM32L4xx_HAL_Driver/Src/stm32l4xx_hal_rcc_ex.c ****       }
 3704              		.loc 1 2700 19 view .LVU1118
 3705 001e 0124     		movs	r4, #1
 3706              	.LVL352:
2700:Drivers/STM32L4xx_HAL_Driver/Src/stm32l4xx_hal_rcc_ex.c ****       }
 3707              		.loc 1 2700 19 view .LVU1119
 3708 0020 07E0     		b	.L332
 3709              	.LVL353:
 3710              	.L345:
2757:Drivers/STM32L4xx_HAL_Driver/Src/stm32l4xx_hal_rcc_ex.c ****     }
 3711              		.loc 1 2757 7 is_stmt 1 view .LVU1120
2757:Drivers/STM32L4xx_HAL_Driver/Src/stm32l4xx_hal_rcc_ex.c ****     }
 3712              		.loc 1 2757 7 view .LVU1121
2757:Drivers/STM32L4xx_HAL_Driver/Src/stm32l4xx_hal_rcc_ex.c ****     }
 3713              		.loc 1 2757 7 discriminator 2 view .LVU1122
 3714 0022 214B     		ldr	r3, .L346
 3715 0024 0822     		movs	r2, #8
 3716 0026 DA60     		str	r2, [r3, #12]
 3717              	.L338:
2757:Drivers/STM32L4xx_HAL_Driver/Src/stm32l4xx_hal_rcc_ex.c ****     }
 3718              		.loc 1 2757 7 discriminator 4 view .LVU1123
2759:Drivers/STM32L4xx_HAL_Driver/Src/stm32l4xx_hal_rcc_ex.c **** 
 3719              		.loc 1 2759 24 view .LVU1124
 3720 0028 002C     		cmp	r4, #0
 3721 002a 3AD1     		bne	.L343
 3722              	.LVL354:
 3723              	.L339:
2694:Drivers/STM32L4xx_HAL_Driver/Src/stm32l4xx_hal_rcc_ex.c ****   {
 3724              		.loc 1 2694 3 view .LVU1125
2696:Drivers/STM32L4xx_HAL_Driver/Src/stm32l4xx_hal_rcc_ex.c ****     {
 3725              		.loc 1 2696 5 view .LVU1126
2696:Drivers/STM32L4xx_HAL_Driver/Src/stm32l4xx_hal_rcc_ex.c ****     {
 3726              		.loc 1 2696 7 is_stmt 0 view .LVU1127
 3727 002c B5F1FF3F 		cmp	r5, #-1
 3728 0030 EDD1     		bne	.L344
 3729              	.LVL355:
 3730              	.L332:
2704:Drivers/STM32L4xx_HAL_Driver/Src/stm32l4xx_hal_rcc_ex.c ****     {
 3731              		.loc 1 2704 5 is_stmt 1 view .LVU1128
2704:Drivers/STM32L4xx_HAL_Driver/Src/stm32l4xx_hal_rcc_ex.c ****     {
 3732              		.loc 1 2704 8 is_stmt 0 view .LVU1129
 3733 0032 1D4B     		ldr	r3, .L346
 3734 0034 9B68     		ldr	r3, [r3, #8]
2704:Drivers/STM32L4xx_HAL_Driver/Src/stm32l4xx_hal_rcc_ex.c ****     {
 3735              		.loc 1 2704 7 view .LVU1130
 3736 0036 13F0010F 		tst	r3, #1
 3737 003a 04D0     		beq	.L333
2707:Drivers/STM32L4xx_HAL_Driver/Src/stm32l4xx_hal_rcc_ex.c **** 
 3738              		.loc 1 2707 7 is_stmt 1 view .LVU1131
ARM GAS  /tmp/ccFN0S9l.s 			page 147


2707:Drivers/STM32L4xx_HAL_Driver/Src/stm32l4xx_hal_rcc_ex.c **** 
 3739              		.loc 1 2707 17 is_stmt 0 view .LVU1132
 3740 003c 44F00204 		orr	r4, r4, #2
 3741              	.LVL356:
2710:Drivers/STM32L4xx_HAL_Driver/Src/stm32l4xx_hal_rcc_ex.c ****     }
 3742              		.loc 1 2710 7 is_stmt 1 view .LVU1133
2710:Drivers/STM32L4xx_HAL_Driver/Src/stm32l4xx_hal_rcc_ex.c ****     }
 3743              		.loc 1 2710 7 view .LVU1134
2710:Drivers/STM32L4xx_HAL_Driver/Src/stm32l4xx_hal_rcc_ex.c ****     }
 3744              		.loc 1 2710 7 discriminator 2 view .LVU1135
 3745 0040 194B     		ldr	r3, .L346
 3746 0042 0122     		movs	r2, #1
 3747 0044 DA60     		str	r2, [r3, #12]
 3748              	.L333:
2710:Drivers/STM32L4xx_HAL_Driver/Src/stm32l4xx_hal_rcc_ex.c ****     }
 3749              		.loc 1 2710 7 discriminator 4 view .LVU1136
2714:Drivers/STM32L4xx_HAL_Driver/Src/stm32l4xx_hal_rcc_ex.c ****     {
 3750              		.loc 1 2714 5 view .LVU1137
2714:Drivers/STM32L4xx_HAL_Driver/Src/stm32l4xx_hal_rcc_ex.c ****     {
 3751              		.loc 1 2714 8 is_stmt 0 view .LVU1138
 3752 0046 184B     		ldr	r3, .L346
 3753 0048 9B68     		ldr	r3, [r3, #8]
2714:Drivers/STM32L4xx_HAL_Driver/Src/stm32l4xx_hal_rcc_ex.c ****     {
 3754              		.loc 1 2714 7 view .LVU1139
 3755 004a 13F0020F 		tst	r3, #2
 3756 004e 04D0     		beq	.L334
2717:Drivers/STM32L4xx_HAL_Driver/Src/stm32l4xx_hal_rcc_ex.c **** 
 3757              		.loc 1 2717 7 is_stmt 1 view .LVU1140
2717:Drivers/STM32L4xx_HAL_Driver/Src/stm32l4xx_hal_rcc_ex.c **** 
 3758              		.loc 1 2717 17 is_stmt 0 view .LVU1141
 3759 0050 44F00404 		orr	r4, r4, #4
 3760              	.LVL357:
2720:Drivers/STM32L4xx_HAL_Driver/Src/stm32l4xx_hal_rcc_ex.c ****     }
 3761              		.loc 1 2720 7 is_stmt 1 view .LVU1142
2720:Drivers/STM32L4xx_HAL_Driver/Src/stm32l4xx_hal_rcc_ex.c ****     }
 3762              		.loc 1 2720 7 view .LVU1143
2720:Drivers/STM32L4xx_HAL_Driver/Src/stm32l4xx_hal_rcc_ex.c ****     }
 3763              		.loc 1 2720 7 discriminator 2 view .LVU1144
 3764 0054 144B     		ldr	r3, .L346
 3765 0056 0222     		movs	r2, #2
 3766 0058 DA60     		str	r2, [r3, #12]
 3767              	.L334:
2720:Drivers/STM32L4xx_HAL_Driver/Src/stm32l4xx_hal_rcc_ex.c ****     }
 3768              		.loc 1 2720 7 discriminator 4 view .LVU1145
2724:Drivers/STM32L4xx_HAL_Driver/Src/stm32l4xx_hal_rcc_ex.c ****     {
 3769              		.loc 1 2724 5 view .LVU1146
2724:Drivers/STM32L4xx_HAL_Driver/Src/stm32l4xx_hal_rcc_ex.c ****     {
 3770              		.loc 1 2724 8 is_stmt 0 view .LVU1147
 3771 005a 134B     		ldr	r3, .L346
 3772 005c 9B68     		ldr	r3, [r3, #8]
2724:Drivers/STM32L4xx_HAL_Driver/Src/stm32l4xx_hal_rcc_ex.c ****     {
 3773              		.loc 1 2724 7 view .LVU1148
 3774 005e 13F4806F 		tst	r3, #1024
 3775 0062 04D0     		beq	.L335
2727:Drivers/STM32L4xx_HAL_Driver/Src/stm32l4xx_hal_rcc_ex.c **** 
 3776              		.loc 1 2727 7 is_stmt 1 view .LVU1149
2727:Drivers/STM32L4xx_HAL_Driver/Src/stm32l4xx_hal_rcc_ex.c **** 
ARM GAS  /tmp/ccFN0S9l.s 			page 148


 3777              		.loc 1 2727 17 is_stmt 0 view .LVU1150
 3778 0064 44F02004 		orr	r4, r4, #32
 3779              	.LVL358:
2730:Drivers/STM32L4xx_HAL_Driver/Src/stm32l4xx_hal_rcc_ex.c ****     }
 3780              		.loc 1 2730 7 is_stmt 1 view .LVU1151
2730:Drivers/STM32L4xx_HAL_Driver/Src/stm32l4xx_hal_rcc_ex.c ****     }
 3781              		.loc 1 2730 7 view .LVU1152
2730:Drivers/STM32L4xx_HAL_Driver/Src/stm32l4xx_hal_rcc_ex.c ****     }
 3782              		.loc 1 2730 7 discriminator 1 view .LVU1153
 3783 0068 0F4B     		ldr	r3, .L346
 3784 006a 0422     		movs	r2, #4
 3785 006c DA60     		str	r2, [r3, #12]
 3786              	.L335:
2730:Drivers/STM32L4xx_HAL_Driver/Src/stm32l4xx_hal_rcc_ex.c ****     }
 3787              		.loc 1 2730 7 discriminator 4 view .LVU1154
2734:Drivers/STM32L4xx_HAL_Driver/Src/stm32l4xx_hal_rcc_ex.c ****     {
 3788              		.loc 1 2734 5 view .LVU1155
2734:Drivers/STM32L4xx_HAL_Driver/Src/stm32l4xx_hal_rcc_ex.c ****     {
 3789              		.loc 1 2734 8 is_stmt 0 view .LVU1156
 3790 006e 0E4B     		ldr	r3, .L346
 3791 0070 9B68     		ldr	r3, [r3, #8]
2734:Drivers/STM32L4xx_HAL_Driver/Src/stm32l4xx_hal_rcc_ex.c ****     {
 3792              		.loc 1 2734 7 view .LVU1157
 3793 0072 13F4807F 		tst	r3, #256
 3794 0076 04D0     		beq	.L336
2737:Drivers/STM32L4xx_HAL_Driver/Src/stm32l4xx_hal_rcc_ex.c **** 
 3795              		.loc 1 2737 7 is_stmt 1 view .LVU1158
2737:Drivers/STM32L4xx_HAL_Driver/Src/stm32l4xx_hal_rcc_ex.c **** 
 3796              		.loc 1 2737 17 is_stmt 0 view .LVU1159
 3797 0078 44F00804 		orr	r4, r4, #8
 3798              	.LVL359:
2740:Drivers/STM32L4xx_HAL_Driver/Src/stm32l4xx_hal_rcc_ex.c ****     }
 3799              		.loc 1 2740 7 is_stmt 1 view .LVU1160
2740:Drivers/STM32L4xx_HAL_Driver/Src/stm32l4xx_hal_rcc_ex.c ****     }
 3800              		.loc 1 2740 7 view .LVU1161
2740:Drivers/STM32L4xx_HAL_Driver/Src/stm32l4xx_hal_rcc_ex.c ****     }
 3801              		.loc 1 2740 7 discriminator 1 view .LVU1162
 3802 007c 0A4B     		ldr	r3, .L346
 3803 007e 0422     		movs	r2, #4
 3804 0080 DA60     		str	r2, [r3, #12]
 3805              	.L336:
2740:Drivers/STM32L4xx_HAL_Driver/Src/stm32l4xx_hal_rcc_ex.c ****     }
 3806              		.loc 1 2740 7 discriminator 4 view .LVU1163
2744:Drivers/STM32L4xx_HAL_Driver/Src/stm32l4xx_hal_rcc_ex.c ****     {
 3807              		.loc 1 2744 5 view .LVU1164
2744:Drivers/STM32L4xx_HAL_Driver/Src/stm32l4xx_hal_rcc_ex.c ****     {
 3808              		.loc 1 2744 8 is_stmt 0 view .LVU1165
 3809 0082 094B     		ldr	r3, .L346
 3810 0084 9B68     		ldr	r3, [r3, #8]
2744:Drivers/STM32L4xx_HAL_Driver/Src/stm32l4xx_hal_rcc_ex.c ****     {
 3811              		.loc 1 2744 7 view .LVU1166
 3812 0086 13F4007F 		tst	r3, #512
 3813 008a 04D0     		beq	.L337
2747:Drivers/STM32L4xx_HAL_Driver/Src/stm32l4xx_hal_rcc_ex.c **** 
 3814              		.loc 1 2747 7 is_stmt 1 view .LVU1167
2747:Drivers/STM32L4xx_HAL_Driver/Src/stm32l4xx_hal_rcc_ex.c **** 
 3815              		.loc 1 2747 17 is_stmt 0 view .LVU1168
ARM GAS  /tmp/ccFN0S9l.s 			page 149


 3816 008c 44F01004 		orr	r4, r4, #16
 3817              	.LVL360:
2750:Drivers/STM32L4xx_HAL_Driver/Src/stm32l4xx_hal_rcc_ex.c ****     }
 3818              		.loc 1 2750 7 is_stmt 1 view .LVU1169
2750:Drivers/STM32L4xx_HAL_Driver/Src/stm32l4xx_hal_rcc_ex.c ****     }
 3819              		.loc 1 2750 7 view .LVU1170
2750:Drivers/STM32L4xx_HAL_Driver/Src/stm32l4xx_hal_rcc_ex.c ****     }
 3820              		.loc 1 2750 7 discriminator 1 view .LVU1171
 3821 0090 054B     		ldr	r3, .L346
 3822 0092 0422     		movs	r2, #4
 3823 0094 DA60     		str	r2, [r3, #12]
 3824              	.L337:
2750:Drivers/STM32L4xx_HAL_Driver/Src/stm32l4xx_hal_rcc_ex.c ****     }
 3825              		.loc 1 2750 7 discriminator 4 view .LVU1172
2754:Drivers/STM32L4xx_HAL_Driver/Src/stm32l4xx_hal_rcc_ex.c ****     {
 3826              		.loc 1 2754 5 view .LVU1173
2754:Drivers/STM32L4xx_HAL_Driver/Src/stm32l4xx_hal_rcc_ex.c ****     {
 3827              		.loc 1 2754 8 is_stmt 0 view .LVU1174
 3828 0096 044B     		ldr	r3, .L346
 3829 0098 9B68     		ldr	r3, [r3, #8]
2754:Drivers/STM32L4xx_HAL_Driver/Src/stm32l4xx_hal_rcc_ex.c ****     {
 3830              		.loc 1 2754 7 view .LVU1175
 3831 009a 13F0080F 		tst	r3, #8
 3832 009e C3D0     		beq	.L338
2754:Drivers/STM32L4xx_HAL_Driver/Src/stm32l4xx_hal_rcc_ex.c ****     {
 3833              		.loc 1 2754 7 view .LVU1176
 3834 00a0 BFE7     		b	.L345
 3835              	.L343:
2761:Drivers/STM32L4xx_HAL_Driver/Src/stm32l4xx_hal_rcc_ex.c **** }
 3836              		.loc 1 2761 3 is_stmt 1 view .LVU1177
2762:Drivers/STM32L4xx_HAL_Driver/Src/stm32l4xx_hal_rcc_ex.c **** 
 3837              		.loc 1 2762 1 is_stmt 0 view .LVU1178
 3838 00a2 2046     		mov	r0, r4
 3839 00a4 70BD     		pop	{r4, r5, r6, pc}
 3840              	.LVL361:
 3841              	.L347:
2762:Drivers/STM32L4xx_HAL_Driver/Src/stm32l4xx_hal_rcc_ex.c **** 
 3842              		.loc 1 2762 1 view .LVU1179
 3843 00a6 00BF     		.align	2
 3844              	.L346:
 3845 00a8 00600040 		.word	1073766400
 3846              		.cfi_endproc
 3847              	.LFE403:
 3849              		.section	.text.HAL_RCCEx_CRS_SyncOkCallback,"ax",%progbits
 3850              		.align	1
 3851              		.weak	HAL_RCCEx_CRS_SyncOkCallback
 3852              		.syntax unified
 3853              		.thumb
 3854              		.thumb_func
 3856              	HAL_RCCEx_CRS_SyncOkCallback:
 3857              	.LFB405:
2834:Drivers/STM32L4xx_HAL_Driver/Src/stm32l4xx_hal_rcc_ex.c ****   /* NOTE : This function should not be modified, when the callback is needed,
 3858              		.loc 1 2834 1 is_stmt 1 view -0
 3859              		.cfi_startproc
 3860              		@ args = 0, pretend = 0, frame = 0
 3861              		@ frame_needed = 0, uses_anonymous_args = 0
 3862              		@ link register save eliminated.
ARM GAS  /tmp/ccFN0S9l.s 			page 150


2838:Drivers/STM32L4xx_HAL_Driver/Src/stm32l4xx_hal_rcc_ex.c **** 
 3863              		.loc 1 2838 1 view .LVU1181
 3864 0000 7047     		bx	lr
 3865              		.cfi_endproc
 3866              	.LFE405:
 3868              		.section	.text.HAL_RCCEx_CRS_SyncWarnCallback,"ax",%progbits
 3869              		.align	1
 3870              		.weak	HAL_RCCEx_CRS_SyncWarnCallback
 3871              		.syntax unified
 3872              		.thumb
 3873              		.thumb_func
 3875              	HAL_RCCEx_CRS_SyncWarnCallback:
 3876              	.LFB406:
2845:Drivers/STM32L4xx_HAL_Driver/Src/stm32l4xx_hal_rcc_ex.c ****   /* NOTE : This function should not be modified, when the callback is needed,
 3877              		.loc 1 2845 1 view -0
 3878              		.cfi_startproc
 3879              		@ args = 0, pretend = 0, frame = 0
 3880              		@ frame_needed = 0, uses_anonymous_args = 0
 3881              		@ link register save eliminated.
2849:Drivers/STM32L4xx_HAL_Driver/Src/stm32l4xx_hal_rcc_ex.c **** 
 3882              		.loc 1 2849 1 view .LVU1183
 3883 0000 7047     		bx	lr
 3884              		.cfi_endproc
 3885              	.LFE406:
 3887              		.section	.text.HAL_RCCEx_CRS_ExpectedSyncCallback,"ax",%progbits
 3888              		.align	1
 3889              		.weak	HAL_RCCEx_CRS_ExpectedSyncCallback
 3890              		.syntax unified
 3891              		.thumb
 3892              		.thumb_func
 3894              	HAL_RCCEx_CRS_ExpectedSyncCallback:
 3895              	.LFB407:
2856:Drivers/STM32L4xx_HAL_Driver/Src/stm32l4xx_hal_rcc_ex.c ****   /* NOTE : This function should not be modified, when the callback is needed,
 3896              		.loc 1 2856 1 view -0
 3897              		.cfi_startproc
 3898              		@ args = 0, pretend = 0, frame = 0
 3899              		@ frame_needed = 0, uses_anonymous_args = 0
 3900              		@ link register save eliminated.
2860:Drivers/STM32L4xx_HAL_Driver/Src/stm32l4xx_hal_rcc_ex.c **** 
 3901              		.loc 1 2860 1 view .LVU1185
 3902 0000 7047     		bx	lr
 3903              		.cfi_endproc
 3904              	.LFE407:
 3906              		.section	.text.HAL_RCCEx_CRS_ErrorCallback,"ax",%progbits
 3907              		.align	1
 3908              		.weak	HAL_RCCEx_CRS_ErrorCallback
 3909              		.syntax unified
 3910              		.thumb
 3911              		.thumb_func
 3913              	HAL_RCCEx_CRS_ErrorCallback:
 3914              	.LVL362:
 3915              	.LFB408:
2872:Drivers/STM32L4xx_HAL_Driver/Src/stm32l4xx_hal_rcc_ex.c ****   /* Prevent unused argument(s) compilation warning */
 3916              		.loc 1 2872 1 view -0
 3917              		.cfi_startproc
 3918              		@ args = 0, pretend = 0, frame = 0
 3919              		@ frame_needed = 0, uses_anonymous_args = 0
ARM GAS  /tmp/ccFN0S9l.s 			page 151


 3920              		@ link register save eliminated.
2874:Drivers/STM32L4xx_HAL_Driver/Src/stm32l4xx_hal_rcc_ex.c **** 
 3921              		.loc 1 2874 3 view .LVU1187
2879:Drivers/STM32L4xx_HAL_Driver/Src/stm32l4xx_hal_rcc_ex.c **** 
 3922              		.loc 1 2879 1 is_stmt 0 view .LVU1188
 3923 0000 7047     		bx	lr
 3924              		.cfi_endproc
 3925              	.LFE408:
 3927              		.section	.text.HAL_RCCEx_CRS_IRQHandler,"ax",%progbits
 3928              		.align	1
 3929              		.global	HAL_RCCEx_CRS_IRQHandler
 3930              		.syntax unified
 3931              		.thumb
 3932              		.thumb_func
 3934              	HAL_RCCEx_CRS_IRQHandler:
 3935              	.LFB404:
2769:Drivers/STM32L4xx_HAL_Driver/Src/stm32l4xx_hal_rcc_ex.c ****   uint32_t crserror = RCC_CRS_NONE;
 3936              		.loc 1 2769 1 is_stmt 1 view -0
 3937              		.cfi_startproc
 3938              		@ args = 0, pretend = 0, frame = 0
 3939              		@ frame_needed = 0, uses_anonymous_args = 0
 3940 0000 08B5     		push	{r3, lr}
 3941              	.LCFI22:
 3942              		.cfi_def_cfa_offset 8
 3943              		.cfi_offset 3, -8
 3944              		.cfi_offset 14, -4
2770:Drivers/STM32L4xx_HAL_Driver/Src/stm32l4xx_hal_rcc_ex.c ****   /* Get current IT flags and IT sources values */
 3945              		.loc 1 2770 3 view .LVU1190
 3946              	.LVL363:
2772:Drivers/STM32L4xx_HAL_Driver/Src/stm32l4xx_hal_rcc_ex.c ****   uint32_t itsources = READ_REG(CRS->CR);
 3947              		.loc 1 2772 3 view .LVU1191
2772:Drivers/STM32L4xx_HAL_Driver/Src/stm32l4xx_hal_rcc_ex.c ****   uint32_t itsources = READ_REG(CRS->CR);
 3948              		.loc 1 2772 12 is_stmt 0 view .LVU1192
 3949 0002 204A     		ldr	r2, .L365
 3950 0004 9368     		ldr	r3, [r2, #8]
 3951              	.LVL364:
2773:Drivers/STM32L4xx_HAL_Driver/Src/stm32l4xx_hal_rcc_ex.c **** 
 3952              		.loc 1 2773 3 is_stmt 1 view .LVU1193
2773:Drivers/STM32L4xx_HAL_Driver/Src/stm32l4xx_hal_rcc_ex.c **** 
 3953              		.loc 1 2773 12 is_stmt 0 view .LVU1194
 3954 0006 1268     		ldr	r2, [r2]
 3955              	.LVL365:
2776:Drivers/STM32L4xx_HAL_Driver/Src/stm32l4xx_hal_rcc_ex.c ****   {
 3956              		.loc 1 2776 3 is_stmt 1 view .LVU1195
2776:Drivers/STM32L4xx_HAL_Driver/Src/stm32l4xx_hal_rcc_ex.c ****   {
 3957              		.loc 1 2776 5 is_stmt 0 view .LVU1196
 3958 0008 13F0010F 		tst	r3, #1
 3959 000c 02D0     		beq	.L353
2776:Drivers/STM32L4xx_HAL_Driver/Src/stm32l4xx_hal_rcc_ex.c ****   {
 3960              		.loc 1 2776 46 discriminator 1 view .LVU1197
 3961 000e 12F0010F 		tst	r2, #1
 3962 0012 25D1     		bne	.L362
 3963              	.L353:
2785:Drivers/STM32L4xx_HAL_Driver/Src/stm32l4xx_hal_rcc_ex.c ****   {
 3964              		.loc 1 2785 8 is_stmt 1 view .LVU1198
2785:Drivers/STM32L4xx_HAL_Driver/Src/stm32l4xx_hal_rcc_ex.c ****   {
 3965              		.loc 1 2785 10 is_stmt 0 view .LVU1199
ARM GAS  /tmp/ccFN0S9l.s 			page 152


 3966 0014 13F0020F 		tst	r3, #2
 3967 0018 02D0     		beq	.L355
2785:Drivers/STM32L4xx_HAL_Driver/Src/stm32l4xx_hal_rcc_ex.c ****   {
 3968              		.loc 1 2785 53 discriminator 1 view .LVU1200
 3969 001a 12F0020F 		tst	r2, #2
 3970 001e 25D1     		bne	.L363
 3971              	.L355:
2794:Drivers/STM32L4xx_HAL_Driver/Src/stm32l4xx_hal_rcc_ex.c ****   {
 3972              		.loc 1 2794 8 is_stmt 1 view .LVU1201
2794:Drivers/STM32L4xx_HAL_Driver/Src/stm32l4xx_hal_rcc_ex.c ****   {
 3973              		.loc 1 2794 10 is_stmt 0 view .LVU1202
 3974 0020 13F0080F 		tst	r3, #8
 3975 0024 02D0     		beq	.L356
2794:Drivers/STM32L4xx_HAL_Driver/Src/stm32l4xx_hal_rcc_ex.c ****   {
 3976              		.loc 1 2794 50 discriminator 1 view .LVU1203
 3977 0026 12F0080F 		tst	r2, #8
 3978 002a 25D1     		bne	.L364
 3979              	.L356:
2805:Drivers/STM32L4xx_HAL_Driver/Src/stm32l4xx_hal_rcc_ex.c ****     {
 3980              		.loc 1 2805 5 is_stmt 1 view .LVU1204
2805:Drivers/STM32L4xx_HAL_Driver/Src/stm32l4xx_hal_rcc_ex.c ****     {
 3981              		.loc 1 2805 7 is_stmt 0 view .LVU1205
 3982 002c 13F0040F 		tst	r3, #4
 3983 0030 1BD0     		beq	.L352
2805:Drivers/STM32L4xx_HAL_Driver/Src/stm32l4xx_hal_rcc_ex.c ****     {
 3984              		.loc 1 2805 45 discriminator 1 view .LVU1206
 3985 0032 12F0040F 		tst	r2, #4
 3986 0036 18D0     		beq	.L352
2807:Drivers/STM32L4xx_HAL_Driver/Src/stm32l4xx_hal_rcc_ex.c ****       {
 3987              		.loc 1 2807 7 is_stmt 1 view .LVU1207
2807:Drivers/STM32L4xx_HAL_Driver/Src/stm32l4xx_hal_rcc_ex.c ****       {
 3988              		.loc 1 2807 9 is_stmt 0 view .LVU1208
 3989 0038 13F48070 		ands	r0, r3, #256
 3990 003c 00D0     		beq	.L357
2809:Drivers/STM32L4xx_HAL_Driver/Src/stm32l4xx_hal_rcc_ex.c ****       }
 3991              		.loc 1 2809 18 view .LVU1209
 3992 003e 0820     		movs	r0, #8
 3993              	.L357:
 3994              	.LVL366:
2811:Drivers/STM32L4xx_HAL_Driver/Src/stm32l4xx_hal_rcc_ex.c ****       {
 3995              		.loc 1 2811 7 is_stmt 1 view .LVU1210
2811:Drivers/STM32L4xx_HAL_Driver/Src/stm32l4xx_hal_rcc_ex.c ****       {
 3996              		.loc 1 2811 9 is_stmt 0 view .LVU1211
 3997 0040 13F4007F 		tst	r3, #512
 3998 0044 01D0     		beq	.L358
2813:Drivers/STM32L4xx_HAL_Driver/Src/stm32l4xx_hal_rcc_ex.c ****       }
 3999              		.loc 1 2813 9 is_stmt 1 view .LVU1212
2813:Drivers/STM32L4xx_HAL_Driver/Src/stm32l4xx_hal_rcc_ex.c ****       }
 4000              		.loc 1 2813 18 is_stmt 0 view .LVU1213
 4001 0046 40F01000 		orr	r0, r0, #16
 4002              	.LVL367:
 4003              	.L358:
2815:Drivers/STM32L4xx_HAL_Driver/Src/stm32l4xx_hal_rcc_ex.c ****       {
 4004              		.loc 1 2815 7 is_stmt 1 view .LVU1214
2815:Drivers/STM32L4xx_HAL_Driver/Src/stm32l4xx_hal_rcc_ex.c ****       {
 4005              		.loc 1 2815 9 is_stmt 0 view .LVU1215
 4006 004a 13F4806F 		tst	r3, #1024
ARM GAS  /tmp/ccFN0S9l.s 			page 153


 4007 004e 01D0     		beq	.L359
2817:Drivers/STM32L4xx_HAL_Driver/Src/stm32l4xx_hal_rcc_ex.c ****       }
 4008              		.loc 1 2817 9 is_stmt 1 view .LVU1216
2817:Drivers/STM32L4xx_HAL_Driver/Src/stm32l4xx_hal_rcc_ex.c ****       }
 4009              		.loc 1 2817 18 is_stmt 0 view .LVU1217
 4010 0050 40F02000 		orr	r0, r0, #32
 4011              	.LVL368:
 4012              	.L359:
2821:Drivers/STM32L4xx_HAL_Driver/Src/stm32l4xx_hal_rcc_ex.c **** 
 4013              		.loc 1 2821 7 is_stmt 1 view .LVU1218
 4014 0054 0B4B     		ldr	r3, .L365
 4015              	.LVL369:
2821:Drivers/STM32L4xx_HAL_Driver/Src/stm32l4xx_hal_rcc_ex.c **** 
 4016              		.loc 1 2821 7 is_stmt 0 view .LVU1219
 4017 0056 0422     		movs	r2, #4
 4018              	.LVL370:
2821:Drivers/STM32L4xx_HAL_Driver/Src/stm32l4xx_hal_rcc_ex.c **** 
 4019              		.loc 1 2821 7 view .LVU1220
 4020 0058 DA60     		str	r2, [r3, #12]
2824:Drivers/STM32L4xx_HAL_Driver/Src/stm32l4xx_hal_rcc_ex.c ****     }
 4021              		.loc 1 2824 7 is_stmt 1 view .LVU1221
 4022 005a FFF7FEFF 		bl	HAL_RCCEx_CRS_ErrorCallback
 4023              	.LVL371:
2827:Drivers/STM32L4xx_HAL_Driver/Src/stm32l4xx_hal_rcc_ex.c **** 
 4024              		.loc 1 2827 1 is_stmt 0 view .LVU1222
 4025 005e 04E0     		b	.L352
 4026              	.LVL372:
 4027              	.L362:
2779:Drivers/STM32L4xx_HAL_Driver/Src/stm32l4xx_hal_rcc_ex.c **** 
 4028              		.loc 1 2779 5 is_stmt 1 view .LVU1223
 4029 0060 084B     		ldr	r3, .L365
 4030              	.LVL373:
2779:Drivers/STM32L4xx_HAL_Driver/Src/stm32l4xx_hal_rcc_ex.c **** 
 4031              		.loc 1 2779 5 is_stmt 0 view .LVU1224
 4032 0062 0122     		movs	r2, #1
 4033              	.LVL374:
2779:Drivers/STM32L4xx_HAL_Driver/Src/stm32l4xx_hal_rcc_ex.c **** 
 4034              		.loc 1 2779 5 view .LVU1225
 4035 0064 DA60     		str	r2, [r3, #12]
2782:Drivers/STM32L4xx_HAL_Driver/Src/stm32l4xx_hal_rcc_ex.c ****   }
 4036              		.loc 1 2782 5 is_stmt 1 view .LVU1226
 4037 0066 FFF7FEFF 		bl	HAL_RCCEx_CRS_SyncOkCallback
 4038              	.LVL375:
 4039              	.L352:
2827:Drivers/STM32L4xx_HAL_Driver/Src/stm32l4xx_hal_rcc_ex.c **** 
 4040              		.loc 1 2827 1 is_stmt 0 view .LVU1227
 4041 006a 08BD     		pop	{r3, pc}
 4042              	.LVL376:
 4043              	.L363:
2788:Drivers/STM32L4xx_HAL_Driver/Src/stm32l4xx_hal_rcc_ex.c **** 
 4044              		.loc 1 2788 5 is_stmt 1 view .LVU1228
 4045 006c 054B     		ldr	r3, .L365
 4046              	.LVL377:
2788:Drivers/STM32L4xx_HAL_Driver/Src/stm32l4xx_hal_rcc_ex.c **** 
 4047              		.loc 1 2788 5 is_stmt 0 view .LVU1229
 4048 006e 0222     		movs	r2, #2
 4049              	.LVL378:
ARM GAS  /tmp/ccFN0S9l.s 			page 154


2788:Drivers/STM32L4xx_HAL_Driver/Src/stm32l4xx_hal_rcc_ex.c **** 
 4050              		.loc 1 2788 5 view .LVU1230
 4051 0070 DA60     		str	r2, [r3, #12]
2791:Drivers/STM32L4xx_HAL_Driver/Src/stm32l4xx_hal_rcc_ex.c ****   }
 4052              		.loc 1 2791 5 is_stmt 1 view .LVU1231
 4053 0072 FFF7FEFF 		bl	HAL_RCCEx_CRS_SyncWarnCallback
 4054              	.LVL379:
 4055 0076 F8E7     		b	.L352
 4056              	.LVL380:
 4057              	.L364:
2797:Drivers/STM32L4xx_HAL_Driver/Src/stm32l4xx_hal_rcc_ex.c **** 
 4058              		.loc 1 2797 5 view .LVU1232
 4059 0078 024B     		ldr	r3, .L365
 4060              	.LVL381:
2797:Drivers/STM32L4xx_HAL_Driver/Src/stm32l4xx_hal_rcc_ex.c **** 
 4061              		.loc 1 2797 5 is_stmt 0 view .LVU1233
 4062 007a 0822     		movs	r2, #8
 4063              	.LVL382:
2797:Drivers/STM32L4xx_HAL_Driver/Src/stm32l4xx_hal_rcc_ex.c **** 
 4064              		.loc 1 2797 5 view .LVU1234
 4065 007c DA60     		str	r2, [r3, #12]
2800:Drivers/STM32L4xx_HAL_Driver/Src/stm32l4xx_hal_rcc_ex.c ****   }
 4066              		.loc 1 2800 5 is_stmt 1 view .LVU1235
 4067 007e FFF7FEFF 		bl	HAL_RCCEx_CRS_ExpectedSyncCallback
 4068              	.LVL383:
 4069 0082 F2E7     		b	.L352
 4070              	.L366:
 4071              		.align	2
 4072              	.L365:
 4073 0084 00600040 		.word	1073766400
 4074              		.cfi_endproc
 4075              	.LFE404:
 4077              		.text
 4078              	.Letext0:
 4079              		.file 2 "/usr/lib/gcc/arm-none-eabi/13.2.1/include/stdint.h"
 4080              		.file 3 "Drivers/CMSIS/Device/ST/STM32L4xx/Include/stm32l433xx.h"
 4081              		.file 4 "Drivers/CMSIS/Device/ST/STM32L4xx/Include/stm32l4xx.h"
 4082              		.file 5 "Drivers/STM32L4xx_HAL_Driver/Inc/stm32l4xx_hal_def.h"
 4083              		.file 6 "Drivers/STM32L4xx_HAL_Driver/Inc/stm32l4xx_hal_rcc_ex.h"
 4084              		.file 7 "Drivers/STM32L4xx_HAL_Driver/Inc/stm32l4xx_hal_gpio.h"
 4085              		.file 8 "Drivers/STM32L4xx_HAL_Driver/Inc/stm32l4xx_hal_pwr.h"
 4086              		.file 9 "Drivers/STM32L4xx_HAL_Driver/Inc/stm32l4xx_hal_rcc.h"
 4087              		.file 10 "Drivers/STM32L4xx_HAL_Driver/Inc/stm32l4xx_hal.h"
 4088              		.file 11 "Drivers/CMSIS/Device/ST/STM32L4xx/Include/system_stm32l4xx.h"
 4089              		.file 12 "Drivers/STM32L4xx_HAL_Driver/Inc/stm32l4xx_ll_dma.h"
ARM GAS  /tmp/ccFN0S9l.s 			page 155


DEFINED SYMBOLS
                            *ABS*:00000000 stm32l4xx_hal_rcc_ex.c
     /tmp/ccFN0S9l.s:21     .text.RCCEx_GetSAIxPeriphCLKFreq:00000000 $t
     /tmp/ccFN0S9l.s:26     .text.RCCEx_GetSAIxPeriphCLKFreq:00000000 RCCEx_GetSAIxPeriphCLKFreq
     /tmp/ccFN0S9l.s:264    .text.RCCEx_GetSAIxPeriphCLKFreq:000000e4 $d
     /tmp/ccFN0S9l.s:271    .text.RCCEx_PLLSAI1_Config:00000000 $t
     /tmp/ccFN0S9l.s:276    .text.RCCEx_PLLSAI1_Config:00000000 RCCEx_PLLSAI1_Config
     /tmp/ccFN0S9l.s:572    .text.RCCEx_PLLSAI1_Config:0000016c $d
     /tmp/ccFN0S9l.s:577    .text.HAL_RCCEx_PeriphCLKConfig:00000000 $t
     /tmp/ccFN0S9l.s:583    .text.HAL_RCCEx_PeriphCLKConfig:00000000 HAL_RCCEx_PeriphCLKConfig
     /tmp/ccFN0S9l.s:1137   .text.HAL_RCCEx_PeriphCLKConfig:000002ec $d
     /tmp/ccFN0S9l.s:1142   .text.HAL_RCCEx_PeriphCLKConfig:000002f4 $t
     /tmp/ccFN0S9l.s:1238   .text.HAL_RCCEx_PeriphCLKConfig:00000360 $d
     /tmp/ccFN0S9l.s:1243   .text.HAL_RCCEx_GetPeriphCLKConfig:00000000 $t
     /tmp/ccFN0S9l.s:1249   .text.HAL_RCCEx_GetPeriphCLKConfig:00000000 HAL_RCCEx_GetPeriphCLKConfig
     /tmp/ccFN0S9l.s:1420   .text.HAL_RCCEx_GetPeriphCLKConfig:000000e8 $d
     /tmp/ccFN0S9l.s:1426   .text.HAL_RCCEx_GetPeriphCLKFreq:00000000 $t
     /tmp/ccFN0S9l.s:1432   .text.HAL_RCCEx_GetPeriphCLKFreq:00000000 HAL_RCCEx_GetPeriphCLKFreq
     /tmp/ccFN0S9l.s:1610   .text.HAL_RCCEx_GetPeriphCLKFreq:000000de $d
     /tmp/ccFN0S9l.s:1643   .text.HAL_RCCEx_GetPeriphCLKFreq:0000011e $t
     /tmp/ccFN0S9l.s:1903   .text.HAL_RCCEx_GetPeriphCLKFreq:00000294 $d
     /tmp/ccFN0S9l.s:1912   .text.HAL_RCCEx_GetPeriphCLKFreq:000002a8 $t
     /tmp/ccFN0S9l.s:1989   .text.HAL_RCCEx_GetPeriphCLKFreq:0000030c $d
     /tmp/ccFN0S9l.s:1993   .text.HAL_RCCEx_GetPeriphCLKFreq:00000310 $t
     /tmp/ccFN0S9l.s:2051   .text.HAL_RCCEx_GetPeriphCLKFreq:00000354 $d
     /tmp/ccFN0S9l.s:2064   .text.HAL_RCCEx_GetPeriphCLKFreq:0000036e $t
     /tmp/ccFN0S9l.s:2447   .text.HAL_RCCEx_GetPeriphCLKFreq:0000053c $d
     /tmp/ccFN0S9l.s:2453   .text.HAL_RCCEx_GetPeriphCLKFreq:00000548 $t
     /tmp/ccFN0S9l.s:2665   .text.HAL_RCCEx_GetPeriphCLKFreq:000005fc $d
     /tmp/ccFN0S9l.s:2671   .text.HAL_RCCEx_EnablePLLSAI1:00000000 $t
     /tmp/ccFN0S9l.s:2677   .text.HAL_RCCEx_EnablePLLSAI1:00000000 HAL_RCCEx_EnablePLLSAI1
     /tmp/ccFN0S9l.s:2815   .text.HAL_RCCEx_EnablePLLSAI1:0000008c $d
     /tmp/ccFN0S9l.s:2821   .text.HAL_RCCEx_DisablePLLSAI1:00000000 $t
     /tmp/ccFN0S9l.s:2827   .text.HAL_RCCEx_DisablePLLSAI1:00000000 HAL_RCCEx_DisablePLLSAI1
     /tmp/ccFN0S9l.s:2903   .text.HAL_RCCEx_DisablePLLSAI1:0000004c $d
     /tmp/ccFN0S9l.s:2908   .text.HAL_RCCEx_WakeUpStopCLKConfig:00000000 $t
     /tmp/ccFN0S9l.s:2914   .text.HAL_RCCEx_WakeUpStopCLKConfig:00000000 HAL_RCCEx_WakeUpStopCLKConfig
     /tmp/ccFN0S9l.s:2934   .text.HAL_RCCEx_WakeUpStopCLKConfig:00000010 $d
     /tmp/ccFN0S9l.s:2939   .text.HAL_RCCEx_StandbyMSIRangeConfig:00000000 $t
     /tmp/ccFN0S9l.s:2945   .text.HAL_RCCEx_StandbyMSIRangeConfig:00000000 HAL_RCCEx_StandbyMSIRangeConfig
     /tmp/ccFN0S9l.s:2965   .text.HAL_RCCEx_StandbyMSIRangeConfig:00000014 $d
     /tmp/ccFN0S9l.s:2970   .text.HAL_RCCEx_EnableLSECSS:00000000 $t
     /tmp/ccFN0S9l.s:2976   .text.HAL_RCCEx_EnableLSECSS:00000000 HAL_RCCEx_EnableLSECSS
     /tmp/ccFN0S9l.s:2993   .text.HAL_RCCEx_EnableLSECSS:00000010 $d
     /tmp/ccFN0S9l.s:2998   .text.HAL_RCCEx_DisableLSECSS:00000000 $t
     /tmp/ccFN0S9l.s:3004   .text.HAL_RCCEx_DisableLSECSS:00000000 HAL_RCCEx_DisableLSECSS
     /tmp/ccFN0S9l.s:3025   .text.HAL_RCCEx_DisableLSECSS:00000018 $d
     /tmp/ccFN0S9l.s:3030   .text.HAL_RCCEx_EnableLSECSS_IT:00000000 $t
     /tmp/ccFN0S9l.s:3036   .text.HAL_RCCEx_EnableLSECSS_IT:00000000 HAL_RCCEx_EnableLSECSS_IT
     /tmp/ccFN0S9l.s:3066   .text.HAL_RCCEx_EnableLSECSS_IT:0000002c $d
     /tmp/ccFN0S9l.s:3071   .text.HAL_RCCEx_LSECSS_Callback:00000000 $t
     /tmp/ccFN0S9l.s:3077   .text.HAL_RCCEx_LSECSS_Callback:00000000 HAL_RCCEx_LSECSS_Callback
     /tmp/ccFN0S9l.s:3090   .text.HAL_RCCEx_LSECSS_IRQHandler:00000000 $t
     /tmp/ccFN0S9l.s:3096   .text.HAL_RCCEx_LSECSS_IRQHandler:00000000 HAL_RCCEx_LSECSS_IRQHandler
     /tmp/ccFN0S9l.s:3130   .text.HAL_RCCEx_LSECSS_IRQHandler:0000001c $d
     /tmp/ccFN0S9l.s:3135   .text.HAL_RCCEx_EnableLSCO:00000000 $t
     /tmp/ccFN0S9l.s:3141   .text.HAL_RCCEx_EnableLSCO:00000000 HAL_RCCEx_EnableLSCO
ARM GAS  /tmp/ccFN0S9l.s 			page 156


     /tmp/ccFN0S9l.s:3302   .text.HAL_RCCEx_EnableLSCO:000000a0 $d
     /tmp/ccFN0S9l.s:3308   .text.HAL_RCCEx_DisableLSCO:00000000 $t
     /tmp/ccFN0S9l.s:3314   .text.HAL_RCCEx_DisableLSCO:00000000 HAL_RCCEx_DisableLSCO
     /tmp/ccFN0S9l.s:3426   .text.HAL_RCCEx_DisableLSCO:00000064 $d
     /tmp/ccFN0S9l.s:3432   .text.HAL_RCCEx_EnableMSIPLLMode:00000000 $t
     /tmp/ccFN0S9l.s:3438   .text.HAL_RCCEx_EnableMSIPLLMode:00000000 HAL_RCCEx_EnableMSIPLLMode
     /tmp/ccFN0S9l.s:3455   .text.HAL_RCCEx_EnableMSIPLLMode:0000000c $d
     /tmp/ccFN0S9l.s:3460   .text.HAL_RCCEx_DisableMSIPLLMode:00000000 $t
     /tmp/ccFN0S9l.s:3466   .text.HAL_RCCEx_DisableMSIPLLMode:00000000 HAL_RCCEx_DisableMSIPLLMode
     /tmp/ccFN0S9l.s:3483   .text.HAL_RCCEx_DisableMSIPLLMode:0000000c $d
     /tmp/ccFN0S9l.s:3488   .text.HAL_RCCEx_CRSConfig:00000000 $t
     /tmp/ccFN0S9l.s:3494   .text.HAL_RCCEx_CRSConfig:00000000 HAL_RCCEx_CRSConfig
     /tmp/ccFN0S9l.s:3563   .text.HAL_RCCEx_CRSConfig:00000044 $d
     /tmp/ccFN0S9l.s:3569   .text.HAL_RCCEx_CRSSoftwareSynchronizationGenerate:00000000 $t
     /tmp/ccFN0S9l.s:3575   .text.HAL_RCCEx_CRSSoftwareSynchronizationGenerate:00000000 HAL_RCCEx_CRSSoftwareSynchronizationGenerate
     /tmp/ccFN0S9l.s:3592   .text.HAL_RCCEx_CRSSoftwareSynchronizationGenerate:0000000c $d
     /tmp/ccFN0S9l.s:3597   .text.HAL_RCCEx_CRSGetSynchronizationInfo:00000000 $t
     /tmp/ccFN0S9l.s:3603   .text.HAL_RCCEx_CRSGetSynchronizationInfo:00000000 HAL_RCCEx_CRSGetSynchronizationInfo
     /tmp/ccFN0S9l.s:3644   .text.HAL_RCCEx_CRSGetSynchronizationInfo:00000020 $d
     /tmp/ccFN0S9l.s:3649   .text.HAL_RCCEx_CRSWaitSynchronization:00000000 $t
     /tmp/ccFN0S9l.s:3655   .text.HAL_RCCEx_CRSWaitSynchronization:00000000 HAL_RCCEx_CRSWaitSynchronization
     /tmp/ccFN0S9l.s:3845   .text.HAL_RCCEx_CRSWaitSynchronization:000000a8 $d
     /tmp/ccFN0S9l.s:3850   .text.HAL_RCCEx_CRS_SyncOkCallback:00000000 $t
     /tmp/ccFN0S9l.s:3856   .text.HAL_RCCEx_CRS_SyncOkCallback:00000000 HAL_RCCEx_CRS_SyncOkCallback
     /tmp/ccFN0S9l.s:3869   .text.HAL_RCCEx_CRS_SyncWarnCallback:00000000 $t
     /tmp/ccFN0S9l.s:3875   .text.HAL_RCCEx_CRS_SyncWarnCallback:00000000 HAL_RCCEx_CRS_SyncWarnCallback
     /tmp/ccFN0S9l.s:3888   .text.HAL_RCCEx_CRS_ExpectedSyncCallback:00000000 $t
     /tmp/ccFN0S9l.s:3894   .text.HAL_RCCEx_CRS_ExpectedSyncCallback:00000000 HAL_RCCEx_CRS_ExpectedSyncCallback
     /tmp/ccFN0S9l.s:3907   .text.HAL_RCCEx_CRS_ErrorCallback:00000000 $t
     /tmp/ccFN0S9l.s:3913   .text.HAL_RCCEx_CRS_ErrorCallback:00000000 HAL_RCCEx_CRS_ErrorCallback
     /tmp/ccFN0S9l.s:3928   .text.HAL_RCCEx_CRS_IRQHandler:00000000 $t
     /tmp/ccFN0S9l.s:3934   .text.HAL_RCCEx_CRS_IRQHandler:00000000 HAL_RCCEx_CRS_IRQHandler
     /tmp/ccFN0S9l.s:4073   .text.HAL_RCCEx_CRS_IRQHandler:00000084 $d

UNDEFINED SYMBOLS
HAL_GetTick
HAL_RCC_GetPCLK1Freq
HAL_RCC_GetSysClockFreq
MSIRangeTable
HAL_RCC_GetPCLK2Freq
HAL_GPIO_Init
HAL_PWR_EnableBkUpAccess
HAL_PWR_DisableBkUpAccess
