ARM GAS  /tmp/ccDx2qBe.s 			page 1


   1              		.cpu cortex-m4
   2              		.arch armv7e-m
   3              		.fpu fpv4-sp-d16
   4              		.eabi_attribute 27, 1
   5              		.eabi_attribute 28, 1
   6              		.eabi_attribute 20, 1
   7              		.eabi_attribute 21, 1
   8              		.eabi_attribute 23, 3
   9              		.eabi_attribute 24, 1
  10              		.eabi_attribute 25, 1
  11              		.eabi_attribute 26, 1
  12              		.eabi_attribute 30, 1
  13              		.eabi_attribute 34, 1
  14              		.eabi_attribute 18, 4
  15              		.file	"usbd_ctlreq.c"
  16              		.text
  17              	.Ltext0:
  18              		.cfi_sections	.debug_frame
  19              		.file 1 "Middlewares/ST/STM32_USB_Device_Library/Core/Src/usbd_ctlreq.c"
  20              		.section	.text.USBD_GetLen,"ax",%progbits
  21              		.align	1
  22              		.syntax unified
  23              		.thumb
  24              		.thumb_func
  26              	USBD_GetLen:
  27              	.LVL0:
  28              	.LFB401:
   1:Middlewares/ST/STM32_USB_Device_Library/Core/Src/usbd_ctlreq.c **** /**
   2:Middlewares/ST/STM32_USB_Device_Library/Core/Src/usbd_ctlreq.c ****   ******************************************************************************
   3:Middlewares/ST/STM32_USB_Device_Library/Core/Src/usbd_ctlreq.c ****   * @file    usbd_req.c
   4:Middlewares/ST/STM32_USB_Device_Library/Core/Src/usbd_ctlreq.c ****   * @author  MCD Application Team
   5:Middlewares/ST/STM32_USB_Device_Library/Core/Src/usbd_ctlreq.c ****   * @brief   This file provides the standard USB requests following chapter 9.
   6:Middlewares/ST/STM32_USB_Device_Library/Core/Src/usbd_ctlreq.c ****   ******************************************************************************
   7:Middlewares/ST/STM32_USB_Device_Library/Core/Src/usbd_ctlreq.c ****   * @attention
   8:Middlewares/ST/STM32_USB_Device_Library/Core/Src/usbd_ctlreq.c ****   *
   9:Middlewares/ST/STM32_USB_Device_Library/Core/Src/usbd_ctlreq.c ****   * Copyright (c) 2015 STMicroelectronics.
  10:Middlewares/ST/STM32_USB_Device_Library/Core/Src/usbd_ctlreq.c ****   * All rights reserved.
  11:Middlewares/ST/STM32_USB_Device_Library/Core/Src/usbd_ctlreq.c ****   *
  12:Middlewares/ST/STM32_USB_Device_Library/Core/Src/usbd_ctlreq.c ****   * This software is licensed under terms that can be found in the LICENSE file
  13:Middlewares/ST/STM32_USB_Device_Library/Core/Src/usbd_ctlreq.c ****   * in the root directory of this software component.
  14:Middlewares/ST/STM32_USB_Device_Library/Core/Src/usbd_ctlreq.c ****   * If no LICENSE file comes with this software, it is provided AS-IS.
  15:Middlewares/ST/STM32_USB_Device_Library/Core/Src/usbd_ctlreq.c ****   *
  16:Middlewares/ST/STM32_USB_Device_Library/Core/Src/usbd_ctlreq.c ****   ******************************************************************************
  17:Middlewares/ST/STM32_USB_Device_Library/Core/Src/usbd_ctlreq.c ****   */
  18:Middlewares/ST/STM32_USB_Device_Library/Core/Src/usbd_ctlreq.c **** 
  19:Middlewares/ST/STM32_USB_Device_Library/Core/Src/usbd_ctlreq.c **** /* Includes ------------------------------------------------------------------*/
  20:Middlewares/ST/STM32_USB_Device_Library/Core/Src/usbd_ctlreq.c **** #include "usbd_ctlreq.h"
  21:Middlewares/ST/STM32_USB_Device_Library/Core/Src/usbd_ctlreq.c **** #include "usbd_ioreq.h"
  22:Middlewares/ST/STM32_USB_Device_Library/Core/Src/usbd_ctlreq.c **** 
  23:Middlewares/ST/STM32_USB_Device_Library/Core/Src/usbd_ctlreq.c **** #ifdef USE_USBD_COMPOSITE
  24:Middlewares/ST/STM32_USB_Device_Library/Core/Src/usbd_ctlreq.c **** #include "usbd_composite_builder.h"
  25:Middlewares/ST/STM32_USB_Device_Library/Core/Src/usbd_ctlreq.c **** #endif /* USE_USBD_COMPOSITE */
  26:Middlewares/ST/STM32_USB_Device_Library/Core/Src/usbd_ctlreq.c **** 
  27:Middlewares/ST/STM32_USB_Device_Library/Core/Src/usbd_ctlreq.c **** /** @addtogroup STM32_USBD_STATE_DEVICE_LIBRARY
  28:Middlewares/ST/STM32_USB_Device_Library/Core/Src/usbd_ctlreq.c ****   * @{
  29:Middlewares/ST/STM32_USB_Device_Library/Core/Src/usbd_ctlreq.c ****   */
  30:Middlewares/ST/STM32_USB_Device_Library/Core/Src/usbd_ctlreq.c **** 
ARM GAS  /tmp/ccDx2qBe.s 			page 2


  31:Middlewares/ST/STM32_USB_Device_Library/Core/Src/usbd_ctlreq.c **** 
  32:Middlewares/ST/STM32_USB_Device_Library/Core/Src/usbd_ctlreq.c **** /** @defgroup USBD_REQ
  33:Middlewares/ST/STM32_USB_Device_Library/Core/Src/usbd_ctlreq.c ****   * @brief USB standard requests module
  34:Middlewares/ST/STM32_USB_Device_Library/Core/Src/usbd_ctlreq.c ****   * @{
  35:Middlewares/ST/STM32_USB_Device_Library/Core/Src/usbd_ctlreq.c ****   */
  36:Middlewares/ST/STM32_USB_Device_Library/Core/Src/usbd_ctlreq.c **** 
  37:Middlewares/ST/STM32_USB_Device_Library/Core/Src/usbd_ctlreq.c **** /** @defgroup USBD_REQ_Private_TypesDefinitions
  38:Middlewares/ST/STM32_USB_Device_Library/Core/Src/usbd_ctlreq.c ****   * @{
  39:Middlewares/ST/STM32_USB_Device_Library/Core/Src/usbd_ctlreq.c ****   */
  40:Middlewares/ST/STM32_USB_Device_Library/Core/Src/usbd_ctlreq.c **** 
  41:Middlewares/ST/STM32_USB_Device_Library/Core/Src/usbd_ctlreq.c **** /**
  42:Middlewares/ST/STM32_USB_Device_Library/Core/Src/usbd_ctlreq.c ****   * @}
  43:Middlewares/ST/STM32_USB_Device_Library/Core/Src/usbd_ctlreq.c ****   */
  44:Middlewares/ST/STM32_USB_Device_Library/Core/Src/usbd_ctlreq.c **** 
  45:Middlewares/ST/STM32_USB_Device_Library/Core/Src/usbd_ctlreq.c **** 
  46:Middlewares/ST/STM32_USB_Device_Library/Core/Src/usbd_ctlreq.c **** /** @defgroup USBD_REQ_Private_Defines
  47:Middlewares/ST/STM32_USB_Device_Library/Core/Src/usbd_ctlreq.c ****   * @{
  48:Middlewares/ST/STM32_USB_Device_Library/Core/Src/usbd_ctlreq.c ****   */
  49:Middlewares/ST/STM32_USB_Device_Library/Core/Src/usbd_ctlreq.c **** #ifndef USBD_MAX_STR_DESC_SIZ
  50:Middlewares/ST/STM32_USB_Device_Library/Core/Src/usbd_ctlreq.c **** #define USBD_MAX_STR_DESC_SIZ                          64U
  51:Middlewares/ST/STM32_USB_Device_Library/Core/Src/usbd_ctlreq.c **** #endif /* USBD_MAX_STR_DESC_SIZ */
  52:Middlewares/ST/STM32_USB_Device_Library/Core/Src/usbd_ctlreq.c **** /**
  53:Middlewares/ST/STM32_USB_Device_Library/Core/Src/usbd_ctlreq.c ****   * @}
  54:Middlewares/ST/STM32_USB_Device_Library/Core/Src/usbd_ctlreq.c ****   */
  55:Middlewares/ST/STM32_USB_Device_Library/Core/Src/usbd_ctlreq.c **** 
  56:Middlewares/ST/STM32_USB_Device_Library/Core/Src/usbd_ctlreq.c **** 
  57:Middlewares/ST/STM32_USB_Device_Library/Core/Src/usbd_ctlreq.c **** /** @defgroup USBD_REQ_Private_Macros
  58:Middlewares/ST/STM32_USB_Device_Library/Core/Src/usbd_ctlreq.c ****   * @{
  59:Middlewares/ST/STM32_USB_Device_Library/Core/Src/usbd_ctlreq.c ****   */
  60:Middlewares/ST/STM32_USB_Device_Library/Core/Src/usbd_ctlreq.c **** 
  61:Middlewares/ST/STM32_USB_Device_Library/Core/Src/usbd_ctlreq.c **** /**
  62:Middlewares/ST/STM32_USB_Device_Library/Core/Src/usbd_ctlreq.c ****   * @}
  63:Middlewares/ST/STM32_USB_Device_Library/Core/Src/usbd_ctlreq.c ****   */
  64:Middlewares/ST/STM32_USB_Device_Library/Core/Src/usbd_ctlreq.c **** 
  65:Middlewares/ST/STM32_USB_Device_Library/Core/Src/usbd_ctlreq.c **** 
  66:Middlewares/ST/STM32_USB_Device_Library/Core/Src/usbd_ctlreq.c **** /** @defgroup USBD_REQ_Private_Variables
  67:Middlewares/ST/STM32_USB_Device_Library/Core/Src/usbd_ctlreq.c ****   * @{
  68:Middlewares/ST/STM32_USB_Device_Library/Core/Src/usbd_ctlreq.c ****   */
  69:Middlewares/ST/STM32_USB_Device_Library/Core/Src/usbd_ctlreq.c **** 
  70:Middlewares/ST/STM32_USB_Device_Library/Core/Src/usbd_ctlreq.c **** /**
  71:Middlewares/ST/STM32_USB_Device_Library/Core/Src/usbd_ctlreq.c ****   * @}
  72:Middlewares/ST/STM32_USB_Device_Library/Core/Src/usbd_ctlreq.c ****   */
  73:Middlewares/ST/STM32_USB_Device_Library/Core/Src/usbd_ctlreq.c **** 
  74:Middlewares/ST/STM32_USB_Device_Library/Core/Src/usbd_ctlreq.c **** 
  75:Middlewares/ST/STM32_USB_Device_Library/Core/Src/usbd_ctlreq.c **** /** @defgroup USBD_REQ_Private_FunctionPrototypes
  76:Middlewares/ST/STM32_USB_Device_Library/Core/Src/usbd_ctlreq.c ****   * @{
  77:Middlewares/ST/STM32_USB_Device_Library/Core/Src/usbd_ctlreq.c ****   */
  78:Middlewares/ST/STM32_USB_Device_Library/Core/Src/usbd_ctlreq.c **** static void USBD_GetDescriptor(USBD_HandleTypeDef *pdev, USBD_SetupReqTypedef *req);
  79:Middlewares/ST/STM32_USB_Device_Library/Core/Src/usbd_ctlreq.c **** static void USBD_SetAddress(USBD_HandleTypeDef *pdev, USBD_SetupReqTypedef *req);
  80:Middlewares/ST/STM32_USB_Device_Library/Core/Src/usbd_ctlreq.c **** static USBD_StatusTypeDef USBD_SetConfig(USBD_HandleTypeDef *pdev, USBD_SetupReqTypedef *req);
  81:Middlewares/ST/STM32_USB_Device_Library/Core/Src/usbd_ctlreq.c **** static void USBD_GetConfig(USBD_HandleTypeDef *pdev, USBD_SetupReqTypedef *req);
  82:Middlewares/ST/STM32_USB_Device_Library/Core/Src/usbd_ctlreq.c **** static void USBD_GetStatus(USBD_HandleTypeDef *pdev, USBD_SetupReqTypedef *req);
  83:Middlewares/ST/STM32_USB_Device_Library/Core/Src/usbd_ctlreq.c **** static void USBD_SetFeature(USBD_HandleTypeDef *pdev, USBD_SetupReqTypedef *req);
  84:Middlewares/ST/STM32_USB_Device_Library/Core/Src/usbd_ctlreq.c **** static void USBD_ClrFeature(USBD_HandleTypeDef *pdev, USBD_SetupReqTypedef *req);
  85:Middlewares/ST/STM32_USB_Device_Library/Core/Src/usbd_ctlreq.c **** static uint8_t USBD_GetLen(uint8_t *buf);
  86:Middlewares/ST/STM32_USB_Device_Library/Core/Src/usbd_ctlreq.c **** 
  87:Middlewares/ST/STM32_USB_Device_Library/Core/Src/usbd_ctlreq.c **** /**
ARM GAS  /tmp/ccDx2qBe.s 			page 3


  88:Middlewares/ST/STM32_USB_Device_Library/Core/Src/usbd_ctlreq.c ****   * @}
  89:Middlewares/ST/STM32_USB_Device_Library/Core/Src/usbd_ctlreq.c ****   */
  90:Middlewares/ST/STM32_USB_Device_Library/Core/Src/usbd_ctlreq.c **** 
  91:Middlewares/ST/STM32_USB_Device_Library/Core/Src/usbd_ctlreq.c **** 
  92:Middlewares/ST/STM32_USB_Device_Library/Core/Src/usbd_ctlreq.c **** /** @defgroup USBD_REQ_Private_Functions
  93:Middlewares/ST/STM32_USB_Device_Library/Core/Src/usbd_ctlreq.c ****   * @{
  94:Middlewares/ST/STM32_USB_Device_Library/Core/Src/usbd_ctlreq.c ****   */
  95:Middlewares/ST/STM32_USB_Device_Library/Core/Src/usbd_ctlreq.c **** 
  96:Middlewares/ST/STM32_USB_Device_Library/Core/Src/usbd_ctlreq.c **** 
  97:Middlewares/ST/STM32_USB_Device_Library/Core/Src/usbd_ctlreq.c **** /**
  98:Middlewares/ST/STM32_USB_Device_Library/Core/Src/usbd_ctlreq.c ****   * @brief  USBD_StdDevReq
  99:Middlewares/ST/STM32_USB_Device_Library/Core/Src/usbd_ctlreq.c ****   *         Handle standard usb device requests
 100:Middlewares/ST/STM32_USB_Device_Library/Core/Src/usbd_ctlreq.c ****   * @param  pdev: device instance
 101:Middlewares/ST/STM32_USB_Device_Library/Core/Src/usbd_ctlreq.c ****   * @param  req: usb request
 102:Middlewares/ST/STM32_USB_Device_Library/Core/Src/usbd_ctlreq.c ****   * @retval status
 103:Middlewares/ST/STM32_USB_Device_Library/Core/Src/usbd_ctlreq.c ****   */
 104:Middlewares/ST/STM32_USB_Device_Library/Core/Src/usbd_ctlreq.c **** USBD_StatusTypeDef USBD_StdDevReq(USBD_HandleTypeDef *pdev, USBD_SetupReqTypedef *req)
 105:Middlewares/ST/STM32_USB_Device_Library/Core/Src/usbd_ctlreq.c **** {
 106:Middlewares/ST/STM32_USB_Device_Library/Core/Src/usbd_ctlreq.c ****   USBD_StatusTypeDef ret = USBD_OK;
 107:Middlewares/ST/STM32_USB_Device_Library/Core/Src/usbd_ctlreq.c **** 
 108:Middlewares/ST/STM32_USB_Device_Library/Core/Src/usbd_ctlreq.c ****   switch (req->bmRequest & USB_REQ_TYPE_MASK)
 109:Middlewares/ST/STM32_USB_Device_Library/Core/Src/usbd_ctlreq.c ****   {
 110:Middlewares/ST/STM32_USB_Device_Library/Core/Src/usbd_ctlreq.c ****     case USB_REQ_TYPE_CLASS:
 111:Middlewares/ST/STM32_USB_Device_Library/Core/Src/usbd_ctlreq.c ****     case USB_REQ_TYPE_VENDOR:
 112:Middlewares/ST/STM32_USB_Device_Library/Core/Src/usbd_ctlreq.c ****       ret = (USBD_StatusTypeDef)pdev->pClass[pdev->classId]->Setup(pdev, req);
 113:Middlewares/ST/STM32_USB_Device_Library/Core/Src/usbd_ctlreq.c ****       break;
 114:Middlewares/ST/STM32_USB_Device_Library/Core/Src/usbd_ctlreq.c **** 
 115:Middlewares/ST/STM32_USB_Device_Library/Core/Src/usbd_ctlreq.c ****     case USB_REQ_TYPE_STANDARD:
 116:Middlewares/ST/STM32_USB_Device_Library/Core/Src/usbd_ctlreq.c ****       switch (req->bRequest)
 117:Middlewares/ST/STM32_USB_Device_Library/Core/Src/usbd_ctlreq.c ****       {
 118:Middlewares/ST/STM32_USB_Device_Library/Core/Src/usbd_ctlreq.c ****         case USB_REQ_GET_DESCRIPTOR:
 119:Middlewares/ST/STM32_USB_Device_Library/Core/Src/usbd_ctlreq.c ****           USBD_GetDescriptor(pdev, req);
 120:Middlewares/ST/STM32_USB_Device_Library/Core/Src/usbd_ctlreq.c ****           break;
 121:Middlewares/ST/STM32_USB_Device_Library/Core/Src/usbd_ctlreq.c **** 
 122:Middlewares/ST/STM32_USB_Device_Library/Core/Src/usbd_ctlreq.c ****         case USB_REQ_SET_ADDRESS:
 123:Middlewares/ST/STM32_USB_Device_Library/Core/Src/usbd_ctlreq.c ****           USBD_SetAddress(pdev, req);
 124:Middlewares/ST/STM32_USB_Device_Library/Core/Src/usbd_ctlreq.c ****           break;
 125:Middlewares/ST/STM32_USB_Device_Library/Core/Src/usbd_ctlreq.c **** 
 126:Middlewares/ST/STM32_USB_Device_Library/Core/Src/usbd_ctlreq.c ****         case USB_REQ_SET_CONFIGURATION:
 127:Middlewares/ST/STM32_USB_Device_Library/Core/Src/usbd_ctlreq.c ****           ret = USBD_SetConfig(pdev, req);
 128:Middlewares/ST/STM32_USB_Device_Library/Core/Src/usbd_ctlreq.c ****           break;
 129:Middlewares/ST/STM32_USB_Device_Library/Core/Src/usbd_ctlreq.c **** 
 130:Middlewares/ST/STM32_USB_Device_Library/Core/Src/usbd_ctlreq.c ****         case USB_REQ_GET_CONFIGURATION:
 131:Middlewares/ST/STM32_USB_Device_Library/Core/Src/usbd_ctlreq.c ****           USBD_GetConfig(pdev, req);
 132:Middlewares/ST/STM32_USB_Device_Library/Core/Src/usbd_ctlreq.c ****           break;
 133:Middlewares/ST/STM32_USB_Device_Library/Core/Src/usbd_ctlreq.c **** 
 134:Middlewares/ST/STM32_USB_Device_Library/Core/Src/usbd_ctlreq.c ****         case USB_REQ_GET_STATUS:
 135:Middlewares/ST/STM32_USB_Device_Library/Core/Src/usbd_ctlreq.c ****           USBD_GetStatus(pdev, req);
 136:Middlewares/ST/STM32_USB_Device_Library/Core/Src/usbd_ctlreq.c ****           break;
 137:Middlewares/ST/STM32_USB_Device_Library/Core/Src/usbd_ctlreq.c **** 
 138:Middlewares/ST/STM32_USB_Device_Library/Core/Src/usbd_ctlreq.c ****         case USB_REQ_SET_FEATURE:
 139:Middlewares/ST/STM32_USB_Device_Library/Core/Src/usbd_ctlreq.c ****           USBD_SetFeature(pdev, req);
 140:Middlewares/ST/STM32_USB_Device_Library/Core/Src/usbd_ctlreq.c ****           break;
 141:Middlewares/ST/STM32_USB_Device_Library/Core/Src/usbd_ctlreq.c **** 
 142:Middlewares/ST/STM32_USB_Device_Library/Core/Src/usbd_ctlreq.c ****         case USB_REQ_CLEAR_FEATURE:
 143:Middlewares/ST/STM32_USB_Device_Library/Core/Src/usbd_ctlreq.c ****           USBD_ClrFeature(pdev, req);
 144:Middlewares/ST/STM32_USB_Device_Library/Core/Src/usbd_ctlreq.c ****           break;
ARM GAS  /tmp/ccDx2qBe.s 			page 4


 145:Middlewares/ST/STM32_USB_Device_Library/Core/Src/usbd_ctlreq.c **** 
 146:Middlewares/ST/STM32_USB_Device_Library/Core/Src/usbd_ctlreq.c ****         default:
 147:Middlewares/ST/STM32_USB_Device_Library/Core/Src/usbd_ctlreq.c ****           USBD_CtlError(pdev, req);
 148:Middlewares/ST/STM32_USB_Device_Library/Core/Src/usbd_ctlreq.c ****           break;
 149:Middlewares/ST/STM32_USB_Device_Library/Core/Src/usbd_ctlreq.c ****       }
 150:Middlewares/ST/STM32_USB_Device_Library/Core/Src/usbd_ctlreq.c ****       break;
 151:Middlewares/ST/STM32_USB_Device_Library/Core/Src/usbd_ctlreq.c **** 
 152:Middlewares/ST/STM32_USB_Device_Library/Core/Src/usbd_ctlreq.c ****     default:
 153:Middlewares/ST/STM32_USB_Device_Library/Core/Src/usbd_ctlreq.c ****       USBD_CtlError(pdev, req);
 154:Middlewares/ST/STM32_USB_Device_Library/Core/Src/usbd_ctlreq.c ****       break;
 155:Middlewares/ST/STM32_USB_Device_Library/Core/Src/usbd_ctlreq.c ****   }
 156:Middlewares/ST/STM32_USB_Device_Library/Core/Src/usbd_ctlreq.c **** 
 157:Middlewares/ST/STM32_USB_Device_Library/Core/Src/usbd_ctlreq.c ****   return ret;
 158:Middlewares/ST/STM32_USB_Device_Library/Core/Src/usbd_ctlreq.c **** }
 159:Middlewares/ST/STM32_USB_Device_Library/Core/Src/usbd_ctlreq.c **** 
 160:Middlewares/ST/STM32_USB_Device_Library/Core/Src/usbd_ctlreq.c **** /**
 161:Middlewares/ST/STM32_USB_Device_Library/Core/Src/usbd_ctlreq.c ****   * @brief  USBD_StdItfReq
 162:Middlewares/ST/STM32_USB_Device_Library/Core/Src/usbd_ctlreq.c ****   *         Handle standard usb interface requests
 163:Middlewares/ST/STM32_USB_Device_Library/Core/Src/usbd_ctlreq.c ****   * @param  pdev: device instance
 164:Middlewares/ST/STM32_USB_Device_Library/Core/Src/usbd_ctlreq.c ****   * @param  req: usb request
 165:Middlewares/ST/STM32_USB_Device_Library/Core/Src/usbd_ctlreq.c ****   * @retval status
 166:Middlewares/ST/STM32_USB_Device_Library/Core/Src/usbd_ctlreq.c ****   */
 167:Middlewares/ST/STM32_USB_Device_Library/Core/Src/usbd_ctlreq.c **** USBD_StatusTypeDef USBD_StdItfReq(USBD_HandleTypeDef *pdev, USBD_SetupReqTypedef *req)
 168:Middlewares/ST/STM32_USB_Device_Library/Core/Src/usbd_ctlreq.c **** {
 169:Middlewares/ST/STM32_USB_Device_Library/Core/Src/usbd_ctlreq.c ****   USBD_StatusTypeDef ret = USBD_OK;
 170:Middlewares/ST/STM32_USB_Device_Library/Core/Src/usbd_ctlreq.c ****   uint8_t idx;
 171:Middlewares/ST/STM32_USB_Device_Library/Core/Src/usbd_ctlreq.c **** 
 172:Middlewares/ST/STM32_USB_Device_Library/Core/Src/usbd_ctlreq.c ****   switch (req->bmRequest & USB_REQ_TYPE_MASK)
 173:Middlewares/ST/STM32_USB_Device_Library/Core/Src/usbd_ctlreq.c ****   {
 174:Middlewares/ST/STM32_USB_Device_Library/Core/Src/usbd_ctlreq.c ****     case USB_REQ_TYPE_CLASS:
 175:Middlewares/ST/STM32_USB_Device_Library/Core/Src/usbd_ctlreq.c ****     case USB_REQ_TYPE_VENDOR:
 176:Middlewares/ST/STM32_USB_Device_Library/Core/Src/usbd_ctlreq.c ****     case USB_REQ_TYPE_STANDARD:
 177:Middlewares/ST/STM32_USB_Device_Library/Core/Src/usbd_ctlreq.c ****       switch (pdev->dev_state)
 178:Middlewares/ST/STM32_USB_Device_Library/Core/Src/usbd_ctlreq.c ****       {
 179:Middlewares/ST/STM32_USB_Device_Library/Core/Src/usbd_ctlreq.c ****         case USBD_STATE_DEFAULT:
 180:Middlewares/ST/STM32_USB_Device_Library/Core/Src/usbd_ctlreq.c ****         case USBD_STATE_ADDRESSED:
 181:Middlewares/ST/STM32_USB_Device_Library/Core/Src/usbd_ctlreq.c ****         case USBD_STATE_CONFIGURED:
 182:Middlewares/ST/STM32_USB_Device_Library/Core/Src/usbd_ctlreq.c **** 
 183:Middlewares/ST/STM32_USB_Device_Library/Core/Src/usbd_ctlreq.c ****           if (LOBYTE(req->wIndex) <= USBD_MAX_NUM_INTERFACES)
 184:Middlewares/ST/STM32_USB_Device_Library/Core/Src/usbd_ctlreq.c ****           {
 185:Middlewares/ST/STM32_USB_Device_Library/Core/Src/usbd_ctlreq.c ****             /* Get the class index relative to this interface */
 186:Middlewares/ST/STM32_USB_Device_Library/Core/Src/usbd_ctlreq.c ****             idx = USBD_CoreFindIF(pdev, LOBYTE(req->wIndex));
 187:Middlewares/ST/STM32_USB_Device_Library/Core/Src/usbd_ctlreq.c ****             if (((uint8_t)idx != 0xFFU) && (idx < USBD_MAX_SUPPORTED_CLASS))
 188:Middlewares/ST/STM32_USB_Device_Library/Core/Src/usbd_ctlreq.c ****             {
 189:Middlewares/ST/STM32_USB_Device_Library/Core/Src/usbd_ctlreq.c ****               /* Call the class data out function to manage the request */
 190:Middlewares/ST/STM32_USB_Device_Library/Core/Src/usbd_ctlreq.c ****               if (pdev->pClass[idx]->Setup != NULL)
 191:Middlewares/ST/STM32_USB_Device_Library/Core/Src/usbd_ctlreq.c ****               {
 192:Middlewares/ST/STM32_USB_Device_Library/Core/Src/usbd_ctlreq.c ****                 pdev->classId = idx;
 193:Middlewares/ST/STM32_USB_Device_Library/Core/Src/usbd_ctlreq.c ****                 ret = (USBD_StatusTypeDef)(pdev->pClass[idx]->Setup(pdev, req));
 194:Middlewares/ST/STM32_USB_Device_Library/Core/Src/usbd_ctlreq.c ****               }
 195:Middlewares/ST/STM32_USB_Device_Library/Core/Src/usbd_ctlreq.c ****               else
 196:Middlewares/ST/STM32_USB_Device_Library/Core/Src/usbd_ctlreq.c ****               {
 197:Middlewares/ST/STM32_USB_Device_Library/Core/Src/usbd_ctlreq.c ****                 /* should never reach this condition */
 198:Middlewares/ST/STM32_USB_Device_Library/Core/Src/usbd_ctlreq.c ****                 ret = USBD_FAIL;
 199:Middlewares/ST/STM32_USB_Device_Library/Core/Src/usbd_ctlreq.c ****               }
 200:Middlewares/ST/STM32_USB_Device_Library/Core/Src/usbd_ctlreq.c ****             }
 201:Middlewares/ST/STM32_USB_Device_Library/Core/Src/usbd_ctlreq.c ****             else
ARM GAS  /tmp/ccDx2qBe.s 			page 5


 202:Middlewares/ST/STM32_USB_Device_Library/Core/Src/usbd_ctlreq.c ****             {
 203:Middlewares/ST/STM32_USB_Device_Library/Core/Src/usbd_ctlreq.c ****               /* No relative interface found */
 204:Middlewares/ST/STM32_USB_Device_Library/Core/Src/usbd_ctlreq.c ****               ret = USBD_FAIL;
 205:Middlewares/ST/STM32_USB_Device_Library/Core/Src/usbd_ctlreq.c ****             }
 206:Middlewares/ST/STM32_USB_Device_Library/Core/Src/usbd_ctlreq.c **** 
 207:Middlewares/ST/STM32_USB_Device_Library/Core/Src/usbd_ctlreq.c ****             if ((req->wLength == 0U) && (ret == USBD_OK))
 208:Middlewares/ST/STM32_USB_Device_Library/Core/Src/usbd_ctlreq.c ****             {
 209:Middlewares/ST/STM32_USB_Device_Library/Core/Src/usbd_ctlreq.c ****               (void)USBD_CtlSendStatus(pdev);
 210:Middlewares/ST/STM32_USB_Device_Library/Core/Src/usbd_ctlreq.c ****             }
 211:Middlewares/ST/STM32_USB_Device_Library/Core/Src/usbd_ctlreq.c ****           }
 212:Middlewares/ST/STM32_USB_Device_Library/Core/Src/usbd_ctlreq.c ****           else
 213:Middlewares/ST/STM32_USB_Device_Library/Core/Src/usbd_ctlreq.c ****           {
 214:Middlewares/ST/STM32_USB_Device_Library/Core/Src/usbd_ctlreq.c ****             USBD_CtlError(pdev, req);
 215:Middlewares/ST/STM32_USB_Device_Library/Core/Src/usbd_ctlreq.c ****           }
 216:Middlewares/ST/STM32_USB_Device_Library/Core/Src/usbd_ctlreq.c ****           break;
 217:Middlewares/ST/STM32_USB_Device_Library/Core/Src/usbd_ctlreq.c **** 
 218:Middlewares/ST/STM32_USB_Device_Library/Core/Src/usbd_ctlreq.c ****         default:
 219:Middlewares/ST/STM32_USB_Device_Library/Core/Src/usbd_ctlreq.c ****           USBD_CtlError(pdev, req);
 220:Middlewares/ST/STM32_USB_Device_Library/Core/Src/usbd_ctlreq.c ****           break;
 221:Middlewares/ST/STM32_USB_Device_Library/Core/Src/usbd_ctlreq.c ****       }
 222:Middlewares/ST/STM32_USB_Device_Library/Core/Src/usbd_ctlreq.c ****       break;
 223:Middlewares/ST/STM32_USB_Device_Library/Core/Src/usbd_ctlreq.c **** 
 224:Middlewares/ST/STM32_USB_Device_Library/Core/Src/usbd_ctlreq.c ****     default:
 225:Middlewares/ST/STM32_USB_Device_Library/Core/Src/usbd_ctlreq.c ****       USBD_CtlError(pdev, req);
 226:Middlewares/ST/STM32_USB_Device_Library/Core/Src/usbd_ctlreq.c ****       break;
 227:Middlewares/ST/STM32_USB_Device_Library/Core/Src/usbd_ctlreq.c ****   }
 228:Middlewares/ST/STM32_USB_Device_Library/Core/Src/usbd_ctlreq.c **** 
 229:Middlewares/ST/STM32_USB_Device_Library/Core/Src/usbd_ctlreq.c ****   return ret;
 230:Middlewares/ST/STM32_USB_Device_Library/Core/Src/usbd_ctlreq.c **** }
 231:Middlewares/ST/STM32_USB_Device_Library/Core/Src/usbd_ctlreq.c **** 
 232:Middlewares/ST/STM32_USB_Device_Library/Core/Src/usbd_ctlreq.c **** /**
 233:Middlewares/ST/STM32_USB_Device_Library/Core/Src/usbd_ctlreq.c ****   * @brief  USBD_StdEPReq
 234:Middlewares/ST/STM32_USB_Device_Library/Core/Src/usbd_ctlreq.c ****   *         Handle standard usb endpoint requests
 235:Middlewares/ST/STM32_USB_Device_Library/Core/Src/usbd_ctlreq.c ****   * @param  pdev: device instance
 236:Middlewares/ST/STM32_USB_Device_Library/Core/Src/usbd_ctlreq.c ****   * @param  req: usb request
 237:Middlewares/ST/STM32_USB_Device_Library/Core/Src/usbd_ctlreq.c ****   * @retval status
 238:Middlewares/ST/STM32_USB_Device_Library/Core/Src/usbd_ctlreq.c ****   */
 239:Middlewares/ST/STM32_USB_Device_Library/Core/Src/usbd_ctlreq.c **** USBD_StatusTypeDef USBD_StdEPReq(USBD_HandleTypeDef *pdev, USBD_SetupReqTypedef *req)
 240:Middlewares/ST/STM32_USB_Device_Library/Core/Src/usbd_ctlreq.c **** {
 241:Middlewares/ST/STM32_USB_Device_Library/Core/Src/usbd_ctlreq.c ****   USBD_EndpointTypeDef *pep;
 242:Middlewares/ST/STM32_USB_Device_Library/Core/Src/usbd_ctlreq.c ****   uint8_t ep_addr;
 243:Middlewares/ST/STM32_USB_Device_Library/Core/Src/usbd_ctlreq.c ****   uint8_t idx;
 244:Middlewares/ST/STM32_USB_Device_Library/Core/Src/usbd_ctlreq.c ****   USBD_StatusTypeDef ret = USBD_OK;
 245:Middlewares/ST/STM32_USB_Device_Library/Core/Src/usbd_ctlreq.c **** 
 246:Middlewares/ST/STM32_USB_Device_Library/Core/Src/usbd_ctlreq.c ****   ep_addr = LOBYTE(req->wIndex);
 247:Middlewares/ST/STM32_USB_Device_Library/Core/Src/usbd_ctlreq.c **** 
 248:Middlewares/ST/STM32_USB_Device_Library/Core/Src/usbd_ctlreq.c ****   switch (req->bmRequest & USB_REQ_TYPE_MASK)
 249:Middlewares/ST/STM32_USB_Device_Library/Core/Src/usbd_ctlreq.c ****   {
 250:Middlewares/ST/STM32_USB_Device_Library/Core/Src/usbd_ctlreq.c ****     case USB_REQ_TYPE_CLASS:
 251:Middlewares/ST/STM32_USB_Device_Library/Core/Src/usbd_ctlreq.c ****     case USB_REQ_TYPE_VENDOR:
 252:Middlewares/ST/STM32_USB_Device_Library/Core/Src/usbd_ctlreq.c ****       /* Get the class index relative to this endpoint */
 253:Middlewares/ST/STM32_USB_Device_Library/Core/Src/usbd_ctlreq.c ****       idx = USBD_CoreFindEP(pdev, ep_addr);
 254:Middlewares/ST/STM32_USB_Device_Library/Core/Src/usbd_ctlreq.c ****       if (((uint8_t)idx != 0xFFU) && (idx < USBD_MAX_SUPPORTED_CLASS))
 255:Middlewares/ST/STM32_USB_Device_Library/Core/Src/usbd_ctlreq.c ****       {
 256:Middlewares/ST/STM32_USB_Device_Library/Core/Src/usbd_ctlreq.c ****         pdev->classId = idx;
 257:Middlewares/ST/STM32_USB_Device_Library/Core/Src/usbd_ctlreq.c ****         /* Call the class data out function to manage the request */
 258:Middlewares/ST/STM32_USB_Device_Library/Core/Src/usbd_ctlreq.c ****         if (pdev->pClass[idx]->Setup != NULL)
ARM GAS  /tmp/ccDx2qBe.s 			page 6


 259:Middlewares/ST/STM32_USB_Device_Library/Core/Src/usbd_ctlreq.c ****         {
 260:Middlewares/ST/STM32_USB_Device_Library/Core/Src/usbd_ctlreq.c ****           ret = (USBD_StatusTypeDef)pdev->pClass[idx]->Setup(pdev, req);
 261:Middlewares/ST/STM32_USB_Device_Library/Core/Src/usbd_ctlreq.c ****         }
 262:Middlewares/ST/STM32_USB_Device_Library/Core/Src/usbd_ctlreq.c ****       }
 263:Middlewares/ST/STM32_USB_Device_Library/Core/Src/usbd_ctlreq.c ****       break;
 264:Middlewares/ST/STM32_USB_Device_Library/Core/Src/usbd_ctlreq.c **** 
 265:Middlewares/ST/STM32_USB_Device_Library/Core/Src/usbd_ctlreq.c ****     case USB_REQ_TYPE_STANDARD:
 266:Middlewares/ST/STM32_USB_Device_Library/Core/Src/usbd_ctlreq.c ****       switch (req->bRequest)
 267:Middlewares/ST/STM32_USB_Device_Library/Core/Src/usbd_ctlreq.c ****       {
 268:Middlewares/ST/STM32_USB_Device_Library/Core/Src/usbd_ctlreq.c ****         case USB_REQ_SET_FEATURE:
 269:Middlewares/ST/STM32_USB_Device_Library/Core/Src/usbd_ctlreq.c ****           switch (pdev->dev_state)
 270:Middlewares/ST/STM32_USB_Device_Library/Core/Src/usbd_ctlreq.c ****           {
 271:Middlewares/ST/STM32_USB_Device_Library/Core/Src/usbd_ctlreq.c ****             case USBD_STATE_ADDRESSED:
 272:Middlewares/ST/STM32_USB_Device_Library/Core/Src/usbd_ctlreq.c ****               if ((ep_addr != 0x00U) && (ep_addr != 0x80U))
 273:Middlewares/ST/STM32_USB_Device_Library/Core/Src/usbd_ctlreq.c ****               {
 274:Middlewares/ST/STM32_USB_Device_Library/Core/Src/usbd_ctlreq.c ****                 (void)USBD_LL_StallEP(pdev, ep_addr);
 275:Middlewares/ST/STM32_USB_Device_Library/Core/Src/usbd_ctlreq.c ****                 (void)USBD_LL_StallEP(pdev, 0x80U);
 276:Middlewares/ST/STM32_USB_Device_Library/Core/Src/usbd_ctlreq.c ****               }
 277:Middlewares/ST/STM32_USB_Device_Library/Core/Src/usbd_ctlreq.c ****               else
 278:Middlewares/ST/STM32_USB_Device_Library/Core/Src/usbd_ctlreq.c ****               {
 279:Middlewares/ST/STM32_USB_Device_Library/Core/Src/usbd_ctlreq.c ****                 USBD_CtlError(pdev, req);
 280:Middlewares/ST/STM32_USB_Device_Library/Core/Src/usbd_ctlreq.c ****               }
 281:Middlewares/ST/STM32_USB_Device_Library/Core/Src/usbd_ctlreq.c ****               break;
 282:Middlewares/ST/STM32_USB_Device_Library/Core/Src/usbd_ctlreq.c **** 
 283:Middlewares/ST/STM32_USB_Device_Library/Core/Src/usbd_ctlreq.c ****             case USBD_STATE_CONFIGURED:
 284:Middlewares/ST/STM32_USB_Device_Library/Core/Src/usbd_ctlreq.c ****               if (req->wValue == USB_FEATURE_EP_HALT)
 285:Middlewares/ST/STM32_USB_Device_Library/Core/Src/usbd_ctlreq.c ****               {
 286:Middlewares/ST/STM32_USB_Device_Library/Core/Src/usbd_ctlreq.c ****                 if ((ep_addr != 0x00U) && (ep_addr != 0x80U) && (req->wLength == 0x00U))
 287:Middlewares/ST/STM32_USB_Device_Library/Core/Src/usbd_ctlreq.c ****                 {
 288:Middlewares/ST/STM32_USB_Device_Library/Core/Src/usbd_ctlreq.c ****                   (void)USBD_LL_StallEP(pdev, ep_addr);
 289:Middlewares/ST/STM32_USB_Device_Library/Core/Src/usbd_ctlreq.c ****                 }
 290:Middlewares/ST/STM32_USB_Device_Library/Core/Src/usbd_ctlreq.c ****               }
 291:Middlewares/ST/STM32_USB_Device_Library/Core/Src/usbd_ctlreq.c ****               (void)USBD_CtlSendStatus(pdev);
 292:Middlewares/ST/STM32_USB_Device_Library/Core/Src/usbd_ctlreq.c **** 
 293:Middlewares/ST/STM32_USB_Device_Library/Core/Src/usbd_ctlreq.c ****               break;
 294:Middlewares/ST/STM32_USB_Device_Library/Core/Src/usbd_ctlreq.c **** 
 295:Middlewares/ST/STM32_USB_Device_Library/Core/Src/usbd_ctlreq.c ****             default:
 296:Middlewares/ST/STM32_USB_Device_Library/Core/Src/usbd_ctlreq.c ****               USBD_CtlError(pdev, req);
 297:Middlewares/ST/STM32_USB_Device_Library/Core/Src/usbd_ctlreq.c ****               break;
 298:Middlewares/ST/STM32_USB_Device_Library/Core/Src/usbd_ctlreq.c ****           }
 299:Middlewares/ST/STM32_USB_Device_Library/Core/Src/usbd_ctlreq.c ****           break;
 300:Middlewares/ST/STM32_USB_Device_Library/Core/Src/usbd_ctlreq.c **** 
 301:Middlewares/ST/STM32_USB_Device_Library/Core/Src/usbd_ctlreq.c ****         case USB_REQ_CLEAR_FEATURE:
 302:Middlewares/ST/STM32_USB_Device_Library/Core/Src/usbd_ctlreq.c **** 
 303:Middlewares/ST/STM32_USB_Device_Library/Core/Src/usbd_ctlreq.c ****           switch (pdev->dev_state)
 304:Middlewares/ST/STM32_USB_Device_Library/Core/Src/usbd_ctlreq.c ****           {
 305:Middlewares/ST/STM32_USB_Device_Library/Core/Src/usbd_ctlreq.c ****             case USBD_STATE_ADDRESSED:
 306:Middlewares/ST/STM32_USB_Device_Library/Core/Src/usbd_ctlreq.c ****               if ((ep_addr != 0x00U) && (ep_addr != 0x80U))
 307:Middlewares/ST/STM32_USB_Device_Library/Core/Src/usbd_ctlreq.c ****               {
 308:Middlewares/ST/STM32_USB_Device_Library/Core/Src/usbd_ctlreq.c ****                 (void)USBD_LL_StallEP(pdev, ep_addr);
 309:Middlewares/ST/STM32_USB_Device_Library/Core/Src/usbd_ctlreq.c ****                 (void)USBD_LL_StallEP(pdev, 0x80U);
 310:Middlewares/ST/STM32_USB_Device_Library/Core/Src/usbd_ctlreq.c ****               }
 311:Middlewares/ST/STM32_USB_Device_Library/Core/Src/usbd_ctlreq.c ****               else
 312:Middlewares/ST/STM32_USB_Device_Library/Core/Src/usbd_ctlreq.c ****               {
 313:Middlewares/ST/STM32_USB_Device_Library/Core/Src/usbd_ctlreq.c ****                 USBD_CtlError(pdev, req);
 314:Middlewares/ST/STM32_USB_Device_Library/Core/Src/usbd_ctlreq.c ****               }
 315:Middlewares/ST/STM32_USB_Device_Library/Core/Src/usbd_ctlreq.c ****               break;
ARM GAS  /tmp/ccDx2qBe.s 			page 7


 316:Middlewares/ST/STM32_USB_Device_Library/Core/Src/usbd_ctlreq.c **** 
 317:Middlewares/ST/STM32_USB_Device_Library/Core/Src/usbd_ctlreq.c ****             case USBD_STATE_CONFIGURED:
 318:Middlewares/ST/STM32_USB_Device_Library/Core/Src/usbd_ctlreq.c ****               if (req->wValue == USB_FEATURE_EP_HALT)
 319:Middlewares/ST/STM32_USB_Device_Library/Core/Src/usbd_ctlreq.c ****               {
 320:Middlewares/ST/STM32_USB_Device_Library/Core/Src/usbd_ctlreq.c ****                 if ((ep_addr & 0x7FU) != 0x00U)
 321:Middlewares/ST/STM32_USB_Device_Library/Core/Src/usbd_ctlreq.c ****                 {
 322:Middlewares/ST/STM32_USB_Device_Library/Core/Src/usbd_ctlreq.c ****                   (void)USBD_LL_ClearStallEP(pdev, ep_addr);
 323:Middlewares/ST/STM32_USB_Device_Library/Core/Src/usbd_ctlreq.c ****                 }
 324:Middlewares/ST/STM32_USB_Device_Library/Core/Src/usbd_ctlreq.c ****                 (void)USBD_CtlSendStatus(pdev);
 325:Middlewares/ST/STM32_USB_Device_Library/Core/Src/usbd_ctlreq.c **** 
 326:Middlewares/ST/STM32_USB_Device_Library/Core/Src/usbd_ctlreq.c ****                 /* Get the class index relative to this interface */
 327:Middlewares/ST/STM32_USB_Device_Library/Core/Src/usbd_ctlreq.c ****                 idx = USBD_CoreFindEP(pdev, ep_addr);
 328:Middlewares/ST/STM32_USB_Device_Library/Core/Src/usbd_ctlreq.c ****                 if (((uint8_t)idx != 0xFFU) && (idx < USBD_MAX_SUPPORTED_CLASS))
 329:Middlewares/ST/STM32_USB_Device_Library/Core/Src/usbd_ctlreq.c ****                 {
 330:Middlewares/ST/STM32_USB_Device_Library/Core/Src/usbd_ctlreq.c ****                   pdev->classId = idx;
 331:Middlewares/ST/STM32_USB_Device_Library/Core/Src/usbd_ctlreq.c ****                   /* Call the class data out function to manage the request */
 332:Middlewares/ST/STM32_USB_Device_Library/Core/Src/usbd_ctlreq.c ****                   if (pdev->pClass[idx]->Setup != NULL)
 333:Middlewares/ST/STM32_USB_Device_Library/Core/Src/usbd_ctlreq.c ****                   {
 334:Middlewares/ST/STM32_USB_Device_Library/Core/Src/usbd_ctlreq.c ****                     ret = (USBD_StatusTypeDef)(pdev->pClass[idx]->Setup(pdev, req));
 335:Middlewares/ST/STM32_USB_Device_Library/Core/Src/usbd_ctlreq.c ****                   }
 336:Middlewares/ST/STM32_USB_Device_Library/Core/Src/usbd_ctlreq.c ****                 }
 337:Middlewares/ST/STM32_USB_Device_Library/Core/Src/usbd_ctlreq.c ****               }
 338:Middlewares/ST/STM32_USB_Device_Library/Core/Src/usbd_ctlreq.c ****               break;
 339:Middlewares/ST/STM32_USB_Device_Library/Core/Src/usbd_ctlreq.c **** 
 340:Middlewares/ST/STM32_USB_Device_Library/Core/Src/usbd_ctlreq.c ****             default:
 341:Middlewares/ST/STM32_USB_Device_Library/Core/Src/usbd_ctlreq.c ****               USBD_CtlError(pdev, req);
 342:Middlewares/ST/STM32_USB_Device_Library/Core/Src/usbd_ctlreq.c ****               break;
 343:Middlewares/ST/STM32_USB_Device_Library/Core/Src/usbd_ctlreq.c ****           }
 344:Middlewares/ST/STM32_USB_Device_Library/Core/Src/usbd_ctlreq.c ****           break;
 345:Middlewares/ST/STM32_USB_Device_Library/Core/Src/usbd_ctlreq.c **** 
 346:Middlewares/ST/STM32_USB_Device_Library/Core/Src/usbd_ctlreq.c ****         case USB_REQ_GET_STATUS:
 347:Middlewares/ST/STM32_USB_Device_Library/Core/Src/usbd_ctlreq.c ****           switch (pdev->dev_state)
 348:Middlewares/ST/STM32_USB_Device_Library/Core/Src/usbd_ctlreq.c ****           {
 349:Middlewares/ST/STM32_USB_Device_Library/Core/Src/usbd_ctlreq.c ****             case USBD_STATE_ADDRESSED:
 350:Middlewares/ST/STM32_USB_Device_Library/Core/Src/usbd_ctlreq.c ****               if ((ep_addr != 0x00U) && (ep_addr != 0x80U))
 351:Middlewares/ST/STM32_USB_Device_Library/Core/Src/usbd_ctlreq.c ****               {
 352:Middlewares/ST/STM32_USB_Device_Library/Core/Src/usbd_ctlreq.c ****                 USBD_CtlError(pdev, req);
 353:Middlewares/ST/STM32_USB_Device_Library/Core/Src/usbd_ctlreq.c ****                 break;
 354:Middlewares/ST/STM32_USB_Device_Library/Core/Src/usbd_ctlreq.c ****               }
 355:Middlewares/ST/STM32_USB_Device_Library/Core/Src/usbd_ctlreq.c ****               pep = ((ep_addr & 0x80U) == 0x80U) ? &pdev->ep_in[ep_addr & 0x7FU] : \
 356:Middlewares/ST/STM32_USB_Device_Library/Core/Src/usbd_ctlreq.c ****                     &pdev->ep_out[ep_addr & 0x7FU];
 357:Middlewares/ST/STM32_USB_Device_Library/Core/Src/usbd_ctlreq.c **** 
 358:Middlewares/ST/STM32_USB_Device_Library/Core/Src/usbd_ctlreq.c ****               pep->status = 0x0000U;
 359:Middlewares/ST/STM32_USB_Device_Library/Core/Src/usbd_ctlreq.c **** 
 360:Middlewares/ST/STM32_USB_Device_Library/Core/Src/usbd_ctlreq.c ****               (void)USBD_CtlSendData(pdev, (uint8_t *)&pep->status, 2U);
 361:Middlewares/ST/STM32_USB_Device_Library/Core/Src/usbd_ctlreq.c ****               break;
 362:Middlewares/ST/STM32_USB_Device_Library/Core/Src/usbd_ctlreq.c **** 
 363:Middlewares/ST/STM32_USB_Device_Library/Core/Src/usbd_ctlreq.c ****             case USBD_STATE_CONFIGURED:
 364:Middlewares/ST/STM32_USB_Device_Library/Core/Src/usbd_ctlreq.c ****               if ((ep_addr & 0x80U) == 0x80U)
 365:Middlewares/ST/STM32_USB_Device_Library/Core/Src/usbd_ctlreq.c ****               {
 366:Middlewares/ST/STM32_USB_Device_Library/Core/Src/usbd_ctlreq.c ****                 if (pdev->ep_in[ep_addr & 0xFU].is_used == 0U)
 367:Middlewares/ST/STM32_USB_Device_Library/Core/Src/usbd_ctlreq.c ****                 {
 368:Middlewares/ST/STM32_USB_Device_Library/Core/Src/usbd_ctlreq.c ****                   USBD_CtlError(pdev, req);
 369:Middlewares/ST/STM32_USB_Device_Library/Core/Src/usbd_ctlreq.c ****                   break;
 370:Middlewares/ST/STM32_USB_Device_Library/Core/Src/usbd_ctlreq.c ****                 }
 371:Middlewares/ST/STM32_USB_Device_Library/Core/Src/usbd_ctlreq.c ****               }
 372:Middlewares/ST/STM32_USB_Device_Library/Core/Src/usbd_ctlreq.c ****               else
ARM GAS  /tmp/ccDx2qBe.s 			page 8


 373:Middlewares/ST/STM32_USB_Device_Library/Core/Src/usbd_ctlreq.c ****               {
 374:Middlewares/ST/STM32_USB_Device_Library/Core/Src/usbd_ctlreq.c ****                 if (pdev->ep_out[ep_addr & 0xFU].is_used == 0U)
 375:Middlewares/ST/STM32_USB_Device_Library/Core/Src/usbd_ctlreq.c ****                 {
 376:Middlewares/ST/STM32_USB_Device_Library/Core/Src/usbd_ctlreq.c ****                   USBD_CtlError(pdev, req);
 377:Middlewares/ST/STM32_USB_Device_Library/Core/Src/usbd_ctlreq.c ****                   break;
 378:Middlewares/ST/STM32_USB_Device_Library/Core/Src/usbd_ctlreq.c ****                 }
 379:Middlewares/ST/STM32_USB_Device_Library/Core/Src/usbd_ctlreq.c ****               }
 380:Middlewares/ST/STM32_USB_Device_Library/Core/Src/usbd_ctlreq.c **** 
 381:Middlewares/ST/STM32_USB_Device_Library/Core/Src/usbd_ctlreq.c ****               pep = ((ep_addr & 0x80U) == 0x80U) ? &pdev->ep_in[ep_addr & 0x7FU] : \
 382:Middlewares/ST/STM32_USB_Device_Library/Core/Src/usbd_ctlreq.c ****                     &pdev->ep_out[ep_addr & 0x7FU];
 383:Middlewares/ST/STM32_USB_Device_Library/Core/Src/usbd_ctlreq.c **** 
 384:Middlewares/ST/STM32_USB_Device_Library/Core/Src/usbd_ctlreq.c ****               if ((ep_addr == 0x00U) || (ep_addr == 0x80U))
 385:Middlewares/ST/STM32_USB_Device_Library/Core/Src/usbd_ctlreq.c ****               {
 386:Middlewares/ST/STM32_USB_Device_Library/Core/Src/usbd_ctlreq.c ****                 pep->status = 0x0000U;
 387:Middlewares/ST/STM32_USB_Device_Library/Core/Src/usbd_ctlreq.c ****               }
 388:Middlewares/ST/STM32_USB_Device_Library/Core/Src/usbd_ctlreq.c ****               else if (USBD_LL_IsStallEP(pdev, ep_addr) != 0U)
 389:Middlewares/ST/STM32_USB_Device_Library/Core/Src/usbd_ctlreq.c ****               {
 390:Middlewares/ST/STM32_USB_Device_Library/Core/Src/usbd_ctlreq.c ****                 pep->status = 0x0001U;
 391:Middlewares/ST/STM32_USB_Device_Library/Core/Src/usbd_ctlreq.c ****               }
 392:Middlewares/ST/STM32_USB_Device_Library/Core/Src/usbd_ctlreq.c ****               else
 393:Middlewares/ST/STM32_USB_Device_Library/Core/Src/usbd_ctlreq.c ****               {
 394:Middlewares/ST/STM32_USB_Device_Library/Core/Src/usbd_ctlreq.c ****                 pep->status = 0x0000U;
 395:Middlewares/ST/STM32_USB_Device_Library/Core/Src/usbd_ctlreq.c ****               }
 396:Middlewares/ST/STM32_USB_Device_Library/Core/Src/usbd_ctlreq.c **** 
 397:Middlewares/ST/STM32_USB_Device_Library/Core/Src/usbd_ctlreq.c ****               (void)USBD_CtlSendData(pdev, (uint8_t *)&pep->status, 2U);
 398:Middlewares/ST/STM32_USB_Device_Library/Core/Src/usbd_ctlreq.c ****               break;
 399:Middlewares/ST/STM32_USB_Device_Library/Core/Src/usbd_ctlreq.c **** 
 400:Middlewares/ST/STM32_USB_Device_Library/Core/Src/usbd_ctlreq.c ****             default:
 401:Middlewares/ST/STM32_USB_Device_Library/Core/Src/usbd_ctlreq.c ****               USBD_CtlError(pdev, req);
 402:Middlewares/ST/STM32_USB_Device_Library/Core/Src/usbd_ctlreq.c ****               break;
 403:Middlewares/ST/STM32_USB_Device_Library/Core/Src/usbd_ctlreq.c ****           }
 404:Middlewares/ST/STM32_USB_Device_Library/Core/Src/usbd_ctlreq.c ****           break;
 405:Middlewares/ST/STM32_USB_Device_Library/Core/Src/usbd_ctlreq.c **** 
 406:Middlewares/ST/STM32_USB_Device_Library/Core/Src/usbd_ctlreq.c ****         default:
 407:Middlewares/ST/STM32_USB_Device_Library/Core/Src/usbd_ctlreq.c ****           USBD_CtlError(pdev, req);
 408:Middlewares/ST/STM32_USB_Device_Library/Core/Src/usbd_ctlreq.c ****           break;
 409:Middlewares/ST/STM32_USB_Device_Library/Core/Src/usbd_ctlreq.c ****       }
 410:Middlewares/ST/STM32_USB_Device_Library/Core/Src/usbd_ctlreq.c ****       break;
 411:Middlewares/ST/STM32_USB_Device_Library/Core/Src/usbd_ctlreq.c **** 
 412:Middlewares/ST/STM32_USB_Device_Library/Core/Src/usbd_ctlreq.c ****     default:
 413:Middlewares/ST/STM32_USB_Device_Library/Core/Src/usbd_ctlreq.c ****       USBD_CtlError(pdev, req);
 414:Middlewares/ST/STM32_USB_Device_Library/Core/Src/usbd_ctlreq.c ****       break;
 415:Middlewares/ST/STM32_USB_Device_Library/Core/Src/usbd_ctlreq.c ****   }
 416:Middlewares/ST/STM32_USB_Device_Library/Core/Src/usbd_ctlreq.c **** 
 417:Middlewares/ST/STM32_USB_Device_Library/Core/Src/usbd_ctlreq.c ****   return ret;
 418:Middlewares/ST/STM32_USB_Device_Library/Core/Src/usbd_ctlreq.c **** }
 419:Middlewares/ST/STM32_USB_Device_Library/Core/Src/usbd_ctlreq.c **** 
 420:Middlewares/ST/STM32_USB_Device_Library/Core/Src/usbd_ctlreq.c **** 
 421:Middlewares/ST/STM32_USB_Device_Library/Core/Src/usbd_ctlreq.c **** /**
 422:Middlewares/ST/STM32_USB_Device_Library/Core/Src/usbd_ctlreq.c ****   * @brief  USBD_GetDescriptor
 423:Middlewares/ST/STM32_USB_Device_Library/Core/Src/usbd_ctlreq.c ****   *         Handle Get Descriptor requests
 424:Middlewares/ST/STM32_USB_Device_Library/Core/Src/usbd_ctlreq.c ****   * @param  pdev: device instance
 425:Middlewares/ST/STM32_USB_Device_Library/Core/Src/usbd_ctlreq.c ****   * @param  req: usb request
 426:Middlewares/ST/STM32_USB_Device_Library/Core/Src/usbd_ctlreq.c ****   * @retval None
 427:Middlewares/ST/STM32_USB_Device_Library/Core/Src/usbd_ctlreq.c ****   */
 428:Middlewares/ST/STM32_USB_Device_Library/Core/Src/usbd_ctlreq.c **** static void USBD_GetDescriptor(USBD_HandleTypeDef *pdev, USBD_SetupReqTypedef *req)
 429:Middlewares/ST/STM32_USB_Device_Library/Core/Src/usbd_ctlreq.c **** {
ARM GAS  /tmp/ccDx2qBe.s 			page 9


 430:Middlewares/ST/STM32_USB_Device_Library/Core/Src/usbd_ctlreq.c ****   uint16_t len = 0U;
 431:Middlewares/ST/STM32_USB_Device_Library/Core/Src/usbd_ctlreq.c ****   uint8_t *pbuf = NULL;
 432:Middlewares/ST/STM32_USB_Device_Library/Core/Src/usbd_ctlreq.c ****   uint8_t err = 0U;
 433:Middlewares/ST/STM32_USB_Device_Library/Core/Src/usbd_ctlreq.c **** 
 434:Middlewares/ST/STM32_USB_Device_Library/Core/Src/usbd_ctlreq.c ****   switch (req->wValue >> 8)
 435:Middlewares/ST/STM32_USB_Device_Library/Core/Src/usbd_ctlreq.c ****   {
 436:Middlewares/ST/STM32_USB_Device_Library/Core/Src/usbd_ctlreq.c **** #if ((USBD_LPM_ENABLED == 1U) || (USBD_CLASS_BOS_ENABLED == 1U))
 437:Middlewares/ST/STM32_USB_Device_Library/Core/Src/usbd_ctlreq.c ****     case USB_DESC_TYPE_BOS:
 438:Middlewares/ST/STM32_USB_Device_Library/Core/Src/usbd_ctlreq.c ****       if (pdev->pDesc->GetBOSDescriptor != NULL)
 439:Middlewares/ST/STM32_USB_Device_Library/Core/Src/usbd_ctlreq.c ****       {
 440:Middlewares/ST/STM32_USB_Device_Library/Core/Src/usbd_ctlreq.c ****         pbuf = pdev->pDesc->GetBOSDescriptor(pdev->dev_speed, &len);
 441:Middlewares/ST/STM32_USB_Device_Library/Core/Src/usbd_ctlreq.c ****       }
 442:Middlewares/ST/STM32_USB_Device_Library/Core/Src/usbd_ctlreq.c ****       else
 443:Middlewares/ST/STM32_USB_Device_Library/Core/Src/usbd_ctlreq.c ****       {
 444:Middlewares/ST/STM32_USB_Device_Library/Core/Src/usbd_ctlreq.c ****         USBD_CtlError(pdev, req);
 445:Middlewares/ST/STM32_USB_Device_Library/Core/Src/usbd_ctlreq.c ****         err++;
 446:Middlewares/ST/STM32_USB_Device_Library/Core/Src/usbd_ctlreq.c ****       }
 447:Middlewares/ST/STM32_USB_Device_Library/Core/Src/usbd_ctlreq.c ****       break;
 448:Middlewares/ST/STM32_USB_Device_Library/Core/Src/usbd_ctlreq.c **** #endif /* (USBD_LPM_ENABLED == 1U) || (USBD_CLASS_BOS_ENABLED == 1U) */
 449:Middlewares/ST/STM32_USB_Device_Library/Core/Src/usbd_ctlreq.c ****     case USB_DESC_TYPE_DEVICE:
 450:Middlewares/ST/STM32_USB_Device_Library/Core/Src/usbd_ctlreq.c ****       pbuf = pdev->pDesc->GetDeviceDescriptor(pdev->dev_speed, &len);
 451:Middlewares/ST/STM32_USB_Device_Library/Core/Src/usbd_ctlreq.c ****       break;
 452:Middlewares/ST/STM32_USB_Device_Library/Core/Src/usbd_ctlreq.c **** 
 453:Middlewares/ST/STM32_USB_Device_Library/Core/Src/usbd_ctlreq.c ****     case USB_DESC_TYPE_CONFIGURATION:
 454:Middlewares/ST/STM32_USB_Device_Library/Core/Src/usbd_ctlreq.c ****       if (pdev->dev_speed == USBD_SPEED_HIGH)
 455:Middlewares/ST/STM32_USB_Device_Library/Core/Src/usbd_ctlreq.c ****       {
 456:Middlewares/ST/STM32_USB_Device_Library/Core/Src/usbd_ctlreq.c **** #ifdef USE_USBD_COMPOSITE
 457:Middlewares/ST/STM32_USB_Device_Library/Core/Src/usbd_ctlreq.c ****         if ((uint8_t)(pdev->NumClasses) > 0U)
 458:Middlewares/ST/STM32_USB_Device_Library/Core/Src/usbd_ctlreq.c ****         {
 459:Middlewares/ST/STM32_USB_Device_Library/Core/Src/usbd_ctlreq.c ****           pbuf = (uint8_t *)USBD_CMPSIT.GetHSConfigDescriptor(&len);
 460:Middlewares/ST/STM32_USB_Device_Library/Core/Src/usbd_ctlreq.c ****         }
 461:Middlewares/ST/STM32_USB_Device_Library/Core/Src/usbd_ctlreq.c ****         else
 462:Middlewares/ST/STM32_USB_Device_Library/Core/Src/usbd_ctlreq.c **** #endif /* USE_USBD_COMPOSITE */
 463:Middlewares/ST/STM32_USB_Device_Library/Core/Src/usbd_ctlreq.c ****         {
 464:Middlewares/ST/STM32_USB_Device_Library/Core/Src/usbd_ctlreq.c ****           pbuf = (uint8_t *)pdev->pClass[0]->GetHSConfigDescriptor(&len);
 465:Middlewares/ST/STM32_USB_Device_Library/Core/Src/usbd_ctlreq.c ****         }
 466:Middlewares/ST/STM32_USB_Device_Library/Core/Src/usbd_ctlreq.c ****         pbuf[1] = USB_DESC_TYPE_CONFIGURATION;
 467:Middlewares/ST/STM32_USB_Device_Library/Core/Src/usbd_ctlreq.c ****       }
 468:Middlewares/ST/STM32_USB_Device_Library/Core/Src/usbd_ctlreq.c ****       else
 469:Middlewares/ST/STM32_USB_Device_Library/Core/Src/usbd_ctlreq.c ****       {
 470:Middlewares/ST/STM32_USB_Device_Library/Core/Src/usbd_ctlreq.c **** #ifdef USE_USBD_COMPOSITE
 471:Middlewares/ST/STM32_USB_Device_Library/Core/Src/usbd_ctlreq.c ****         if ((uint8_t)(pdev->NumClasses) > 0U)
 472:Middlewares/ST/STM32_USB_Device_Library/Core/Src/usbd_ctlreq.c ****         {
 473:Middlewares/ST/STM32_USB_Device_Library/Core/Src/usbd_ctlreq.c ****           pbuf = (uint8_t *)USBD_CMPSIT.GetFSConfigDescriptor(&len);
 474:Middlewares/ST/STM32_USB_Device_Library/Core/Src/usbd_ctlreq.c ****         }
 475:Middlewares/ST/STM32_USB_Device_Library/Core/Src/usbd_ctlreq.c ****         else
 476:Middlewares/ST/STM32_USB_Device_Library/Core/Src/usbd_ctlreq.c **** #endif /* USE_USBD_COMPOSITE */
 477:Middlewares/ST/STM32_USB_Device_Library/Core/Src/usbd_ctlreq.c ****         {
 478:Middlewares/ST/STM32_USB_Device_Library/Core/Src/usbd_ctlreq.c ****           pbuf = (uint8_t *)pdev->pClass[0]->GetFSConfigDescriptor(&len);
 479:Middlewares/ST/STM32_USB_Device_Library/Core/Src/usbd_ctlreq.c ****         }
 480:Middlewares/ST/STM32_USB_Device_Library/Core/Src/usbd_ctlreq.c ****         pbuf[1] = USB_DESC_TYPE_CONFIGURATION;
 481:Middlewares/ST/STM32_USB_Device_Library/Core/Src/usbd_ctlreq.c ****       }
 482:Middlewares/ST/STM32_USB_Device_Library/Core/Src/usbd_ctlreq.c ****       break;
 483:Middlewares/ST/STM32_USB_Device_Library/Core/Src/usbd_ctlreq.c **** 
 484:Middlewares/ST/STM32_USB_Device_Library/Core/Src/usbd_ctlreq.c ****     case USB_DESC_TYPE_STRING:
 485:Middlewares/ST/STM32_USB_Device_Library/Core/Src/usbd_ctlreq.c ****       switch ((uint8_t)(req->wValue))
 486:Middlewares/ST/STM32_USB_Device_Library/Core/Src/usbd_ctlreq.c ****       {
ARM GAS  /tmp/ccDx2qBe.s 			page 10


 487:Middlewares/ST/STM32_USB_Device_Library/Core/Src/usbd_ctlreq.c ****         case USBD_IDX_LANGID_STR:
 488:Middlewares/ST/STM32_USB_Device_Library/Core/Src/usbd_ctlreq.c ****           if (pdev->pDesc->GetLangIDStrDescriptor != NULL)
 489:Middlewares/ST/STM32_USB_Device_Library/Core/Src/usbd_ctlreq.c ****           {
 490:Middlewares/ST/STM32_USB_Device_Library/Core/Src/usbd_ctlreq.c ****             pbuf = pdev->pDesc->GetLangIDStrDescriptor(pdev->dev_speed, &len);
 491:Middlewares/ST/STM32_USB_Device_Library/Core/Src/usbd_ctlreq.c ****           }
 492:Middlewares/ST/STM32_USB_Device_Library/Core/Src/usbd_ctlreq.c ****           else
 493:Middlewares/ST/STM32_USB_Device_Library/Core/Src/usbd_ctlreq.c ****           {
 494:Middlewares/ST/STM32_USB_Device_Library/Core/Src/usbd_ctlreq.c ****             USBD_CtlError(pdev, req);
 495:Middlewares/ST/STM32_USB_Device_Library/Core/Src/usbd_ctlreq.c ****             err++;
 496:Middlewares/ST/STM32_USB_Device_Library/Core/Src/usbd_ctlreq.c ****           }
 497:Middlewares/ST/STM32_USB_Device_Library/Core/Src/usbd_ctlreq.c ****           break;
 498:Middlewares/ST/STM32_USB_Device_Library/Core/Src/usbd_ctlreq.c **** 
 499:Middlewares/ST/STM32_USB_Device_Library/Core/Src/usbd_ctlreq.c ****         case USBD_IDX_MFC_STR:
 500:Middlewares/ST/STM32_USB_Device_Library/Core/Src/usbd_ctlreq.c ****           if (pdev->pDesc->GetManufacturerStrDescriptor != NULL)
 501:Middlewares/ST/STM32_USB_Device_Library/Core/Src/usbd_ctlreq.c ****           {
 502:Middlewares/ST/STM32_USB_Device_Library/Core/Src/usbd_ctlreq.c ****             pbuf = pdev->pDesc->GetManufacturerStrDescriptor(pdev->dev_speed, &len);
 503:Middlewares/ST/STM32_USB_Device_Library/Core/Src/usbd_ctlreq.c ****           }
 504:Middlewares/ST/STM32_USB_Device_Library/Core/Src/usbd_ctlreq.c ****           else
 505:Middlewares/ST/STM32_USB_Device_Library/Core/Src/usbd_ctlreq.c ****           {
 506:Middlewares/ST/STM32_USB_Device_Library/Core/Src/usbd_ctlreq.c ****             USBD_CtlError(pdev, req);
 507:Middlewares/ST/STM32_USB_Device_Library/Core/Src/usbd_ctlreq.c ****             err++;
 508:Middlewares/ST/STM32_USB_Device_Library/Core/Src/usbd_ctlreq.c ****           }
 509:Middlewares/ST/STM32_USB_Device_Library/Core/Src/usbd_ctlreq.c ****           break;
 510:Middlewares/ST/STM32_USB_Device_Library/Core/Src/usbd_ctlreq.c **** 
 511:Middlewares/ST/STM32_USB_Device_Library/Core/Src/usbd_ctlreq.c ****         case USBD_IDX_PRODUCT_STR:
 512:Middlewares/ST/STM32_USB_Device_Library/Core/Src/usbd_ctlreq.c ****           if (pdev->pDesc->GetProductStrDescriptor != NULL)
 513:Middlewares/ST/STM32_USB_Device_Library/Core/Src/usbd_ctlreq.c ****           {
 514:Middlewares/ST/STM32_USB_Device_Library/Core/Src/usbd_ctlreq.c ****             pbuf = pdev->pDesc->GetProductStrDescriptor(pdev->dev_speed, &len);
 515:Middlewares/ST/STM32_USB_Device_Library/Core/Src/usbd_ctlreq.c ****           }
 516:Middlewares/ST/STM32_USB_Device_Library/Core/Src/usbd_ctlreq.c ****           else
 517:Middlewares/ST/STM32_USB_Device_Library/Core/Src/usbd_ctlreq.c ****           {
 518:Middlewares/ST/STM32_USB_Device_Library/Core/Src/usbd_ctlreq.c ****             USBD_CtlError(pdev, req);
 519:Middlewares/ST/STM32_USB_Device_Library/Core/Src/usbd_ctlreq.c ****             err++;
 520:Middlewares/ST/STM32_USB_Device_Library/Core/Src/usbd_ctlreq.c ****           }
 521:Middlewares/ST/STM32_USB_Device_Library/Core/Src/usbd_ctlreq.c ****           break;
 522:Middlewares/ST/STM32_USB_Device_Library/Core/Src/usbd_ctlreq.c **** 
 523:Middlewares/ST/STM32_USB_Device_Library/Core/Src/usbd_ctlreq.c ****         case USBD_IDX_SERIAL_STR:
 524:Middlewares/ST/STM32_USB_Device_Library/Core/Src/usbd_ctlreq.c ****           if (pdev->pDesc->GetSerialStrDescriptor != NULL)
 525:Middlewares/ST/STM32_USB_Device_Library/Core/Src/usbd_ctlreq.c ****           {
 526:Middlewares/ST/STM32_USB_Device_Library/Core/Src/usbd_ctlreq.c ****             pbuf = pdev->pDesc->GetSerialStrDescriptor(pdev->dev_speed, &len);
 527:Middlewares/ST/STM32_USB_Device_Library/Core/Src/usbd_ctlreq.c ****           }
 528:Middlewares/ST/STM32_USB_Device_Library/Core/Src/usbd_ctlreq.c ****           else
 529:Middlewares/ST/STM32_USB_Device_Library/Core/Src/usbd_ctlreq.c ****           {
 530:Middlewares/ST/STM32_USB_Device_Library/Core/Src/usbd_ctlreq.c ****             USBD_CtlError(pdev, req);
 531:Middlewares/ST/STM32_USB_Device_Library/Core/Src/usbd_ctlreq.c ****             err++;
 532:Middlewares/ST/STM32_USB_Device_Library/Core/Src/usbd_ctlreq.c ****           }
 533:Middlewares/ST/STM32_USB_Device_Library/Core/Src/usbd_ctlreq.c ****           break;
 534:Middlewares/ST/STM32_USB_Device_Library/Core/Src/usbd_ctlreq.c **** 
 535:Middlewares/ST/STM32_USB_Device_Library/Core/Src/usbd_ctlreq.c ****         case USBD_IDX_CONFIG_STR:
 536:Middlewares/ST/STM32_USB_Device_Library/Core/Src/usbd_ctlreq.c ****           if (pdev->pDesc->GetConfigurationStrDescriptor != NULL)
 537:Middlewares/ST/STM32_USB_Device_Library/Core/Src/usbd_ctlreq.c ****           {
 538:Middlewares/ST/STM32_USB_Device_Library/Core/Src/usbd_ctlreq.c ****             pbuf = pdev->pDesc->GetConfigurationStrDescriptor(pdev->dev_speed, &len);
 539:Middlewares/ST/STM32_USB_Device_Library/Core/Src/usbd_ctlreq.c ****           }
 540:Middlewares/ST/STM32_USB_Device_Library/Core/Src/usbd_ctlreq.c ****           else
 541:Middlewares/ST/STM32_USB_Device_Library/Core/Src/usbd_ctlreq.c ****           {
 542:Middlewares/ST/STM32_USB_Device_Library/Core/Src/usbd_ctlreq.c ****             USBD_CtlError(pdev, req);
 543:Middlewares/ST/STM32_USB_Device_Library/Core/Src/usbd_ctlreq.c ****             err++;
ARM GAS  /tmp/ccDx2qBe.s 			page 11


 544:Middlewares/ST/STM32_USB_Device_Library/Core/Src/usbd_ctlreq.c ****           }
 545:Middlewares/ST/STM32_USB_Device_Library/Core/Src/usbd_ctlreq.c ****           break;
 546:Middlewares/ST/STM32_USB_Device_Library/Core/Src/usbd_ctlreq.c **** 
 547:Middlewares/ST/STM32_USB_Device_Library/Core/Src/usbd_ctlreq.c ****         case USBD_IDX_INTERFACE_STR:
 548:Middlewares/ST/STM32_USB_Device_Library/Core/Src/usbd_ctlreq.c ****           if (pdev->pDesc->GetInterfaceStrDescriptor != NULL)
 549:Middlewares/ST/STM32_USB_Device_Library/Core/Src/usbd_ctlreq.c ****           {
 550:Middlewares/ST/STM32_USB_Device_Library/Core/Src/usbd_ctlreq.c ****             pbuf = pdev->pDesc->GetInterfaceStrDescriptor(pdev->dev_speed, &len);
 551:Middlewares/ST/STM32_USB_Device_Library/Core/Src/usbd_ctlreq.c ****           }
 552:Middlewares/ST/STM32_USB_Device_Library/Core/Src/usbd_ctlreq.c ****           else
 553:Middlewares/ST/STM32_USB_Device_Library/Core/Src/usbd_ctlreq.c ****           {
 554:Middlewares/ST/STM32_USB_Device_Library/Core/Src/usbd_ctlreq.c ****             USBD_CtlError(pdev, req);
 555:Middlewares/ST/STM32_USB_Device_Library/Core/Src/usbd_ctlreq.c ****             err++;
 556:Middlewares/ST/STM32_USB_Device_Library/Core/Src/usbd_ctlreq.c ****           }
 557:Middlewares/ST/STM32_USB_Device_Library/Core/Src/usbd_ctlreq.c ****           break;
 558:Middlewares/ST/STM32_USB_Device_Library/Core/Src/usbd_ctlreq.c **** 
 559:Middlewares/ST/STM32_USB_Device_Library/Core/Src/usbd_ctlreq.c ****         default:
 560:Middlewares/ST/STM32_USB_Device_Library/Core/Src/usbd_ctlreq.c **** #if (USBD_SUPPORT_USER_STRING_DESC == 1U)
 561:Middlewares/ST/STM32_USB_Device_Library/Core/Src/usbd_ctlreq.c ****           pbuf = NULL;
 562:Middlewares/ST/STM32_USB_Device_Library/Core/Src/usbd_ctlreq.c **** 
 563:Middlewares/ST/STM32_USB_Device_Library/Core/Src/usbd_ctlreq.c ****           for (uint32_t idx = 0U; (idx < pdev->NumClasses); idx++)
 564:Middlewares/ST/STM32_USB_Device_Library/Core/Src/usbd_ctlreq.c ****           {
 565:Middlewares/ST/STM32_USB_Device_Library/Core/Src/usbd_ctlreq.c ****             if (pdev->pClass[idx]->GetUsrStrDescriptor != NULL)
 566:Middlewares/ST/STM32_USB_Device_Library/Core/Src/usbd_ctlreq.c ****             {
 567:Middlewares/ST/STM32_USB_Device_Library/Core/Src/usbd_ctlreq.c ****               pdev->classId = idx;
 568:Middlewares/ST/STM32_USB_Device_Library/Core/Src/usbd_ctlreq.c ****               pbuf = pdev->pClass[idx]->GetUsrStrDescriptor(pdev, LOBYTE(req->wValue), &len);
 569:Middlewares/ST/STM32_USB_Device_Library/Core/Src/usbd_ctlreq.c **** 
 570:Middlewares/ST/STM32_USB_Device_Library/Core/Src/usbd_ctlreq.c ****               if (pbuf == NULL) /* This means that no class recognized the string index */
 571:Middlewares/ST/STM32_USB_Device_Library/Core/Src/usbd_ctlreq.c ****               {
 572:Middlewares/ST/STM32_USB_Device_Library/Core/Src/usbd_ctlreq.c ****                 continue;
 573:Middlewares/ST/STM32_USB_Device_Library/Core/Src/usbd_ctlreq.c ****               }
 574:Middlewares/ST/STM32_USB_Device_Library/Core/Src/usbd_ctlreq.c ****               else
 575:Middlewares/ST/STM32_USB_Device_Library/Core/Src/usbd_ctlreq.c ****               {
 576:Middlewares/ST/STM32_USB_Device_Library/Core/Src/usbd_ctlreq.c ****                 break;
 577:Middlewares/ST/STM32_USB_Device_Library/Core/Src/usbd_ctlreq.c ****               }
 578:Middlewares/ST/STM32_USB_Device_Library/Core/Src/usbd_ctlreq.c ****             }
 579:Middlewares/ST/STM32_USB_Device_Library/Core/Src/usbd_ctlreq.c ****           }
 580:Middlewares/ST/STM32_USB_Device_Library/Core/Src/usbd_ctlreq.c **** #endif /* USBD_SUPPORT_USER_STRING_DESC  */
 581:Middlewares/ST/STM32_USB_Device_Library/Core/Src/usbd_ctlreq.c **** 
 582:Middlewares/ST/STM32_USB_Device_Library/Core/Src/usbd_ctlreq.c **** #if (USBD_CLASS_USER_STRING_DESC == 1U)
 583:Middlewares/ST/STM32_USB_Device_Library/Core/Src/usbd_ctlreq.c ****           if (pdev->pDesc->GetUserStrDescriptor != NULL)
 584:Middlewares/ST/STM32_USB_Device_Library/Core/Src/usbd_ctlreq.c ****           {
 585:Middlewares/ST/STM32_USB_Device_Library/Core/Src/usbd_ctlreq.c ****             pbuf = pdev->pDesc->GetUserStrDescriptor(pdev->dev_speed, LOBYTE(req->wValue), &len);
 586:Middlewares/ST/STM32_USB_Device_Library/Core/Src/usbd_ctlreq.c ****           }
 587:Middlewares/ST/STM32_USB_Device_Library/Core/Src/usbd_ctlreq.c ****           else
 588:Middlewares/ST/STM32_USB_Device_Library/Core/Src/usbd_ctlreq.c ****           {
 589:Middlewares/ST/STM32_USB_Device_Library/Core/Src/usbd_ctlreq.c ****             USBD_CtlError(pdev, req);
 590:Middlewares/ST/STM32_USB_Device_Library/Core/Src/usbd_ctlreq.c ****             err++;
 591:Middlewares/ST/STM32_USB_Device_Library/Core/Src/usbd_ctlreq.c ****           }
 592:Middlewares/ST/STM32_USB_Device_Library/Core/Src/usbd_ctlreq.c **** #endif /* USBD_SUPPORT_USER_STRING_DESC  */
 593:Middlewares/ST/STM32_USB_Device_Library/Core/Src/usbd_ctlreq.c **** 
 594:Middlewares/ST/STM32_USB_Device_Library/Core/Src/usbd_ctlreq.c **** #if ((USBD_CLASS_USER_STRING_DESC == 0U) && (USBD_SUPPORT_USER_STRING_DESC == 0U))
 595:Middlewares/ST/STM32_USB_Device_Library/Core/Src/usbd_ctlreq.c ****           USBD_CtlError(pdev, req);
 596:Middlewares/ST/STM32_USB_Device_Library/Core/Src/usbd_ctlreq.c ****           err++;
 597:Middlewares/ST/STM32_USB_Device_Library/Core/Src/usbd_ctlreq.c **** #endif /* (USBD_CLASS_USER_STRING_DESC == 0U) && (USBD_SUPPORT_USER_STRING_DESC == 0U) */
 598:Middlewares/ST/STM32_USB_Device_Library/Core/Src/usbd_ctlreq.c ****           break;
 599:Middlewares/ST/STM32_USB_Device_Library/Core/Src/usbd_ctlreq.c ****       }
 600:Middlewares/ST/STM32_USB_Device_Library/Core/Src/usbd_ctlreq.c ****       break;
ARM GAS  /tmp/ccDx2qBe.s 			page 12


 601:Middlewares/ST/STM32_USB_Device_Library/Core/Src/usbd_ctlreq.c **** 
 602:Middlewares/ST/STM32_USB_Device_Library/Core/Src/usbd_ctlreq.c ****     case USB_DESC_TYPE_DEVICE_QUALIFIER:
 603:Middlewares/ST/STM32_USB_Device_Library/Core/Src/usbd_ctlreq.c ****       if (pdev->dev_speed == USBD_SPEED_HIGH)
 604:Middlewares/ST/STM32_USB_Device_Library/Core/Src/usbd_ctlreq.c ****       {
 605:Middlewares/ST/STM32_USB_Device_Library/Core/Src/usbd_ctlreq.c **** #ifdef USE_USBD_COMPOSITE
 606:Middlewares/ST/STM32_USB_Device_Library/Core/Src/usbd_ctlreq.c ****         if ((uint8_t)(pdev->NumClasses) > 0U)
 607:Middlewares/ST/STM32_USB_Device_Library/Core/Src/usbd_ctlreq.c ****         {
 608:Middlewares/ST/STM32_USB_Device_Library/Core/Src/usbd_ctlreq.c ****           pbuf = (uint8_t *)USBD_CMPSIT.GetDeviceQualifierDescriptor(&len);
 609:Middlewares/ST/STM32_USB_Device_Library/Core/Src/usbd_ctlreq.c ****         }
 610:Middlewares/ST/STM32_USB_Device_Library/Core/Src/usbd_ctlreq.c ****         else
 611:Middlewares/ST/STM32_USB_Device_Library/Core/Src/usbd_ctlreq.c **** #endif /* USE_USBD_COMPOSITE */
 612:Middlewares/ST/STM32_USB_Device_Library/Core/Src/usbd_ctlreq.c ****         {
 613:Middlewares/ST/STM32_USB_Device_Library/Core/Src/usbd_ctlreq.c ****           pbuf = (uint8_t *)pdev->pClass[0]->GetDeviceQualifierDescriptor(&len);
 614:Middlewares/ST/STM32_USB_Device_Library/Core/Src/usbd_ctlreq.c ****         }
 615:Middlewares/ST/STM32_USB_Device_Library/Core/Src/usbd_ctlreq.c ****       }
 616:Middlewares/ST/STM32_USB_Device_Library/Core/Src/usbd_ctlreq.c ****       else
 617:Middlewares/ST/STM32_USB_Device_Library/Core/Src/usbd_ctlreq.c ****       {
 618:Middlewares/ST/STM32_USB_Device_Library/Core/Src/usbd_ctlreq.c ****         USBD_CtlError(pdev, req);
 619:Middlewares/ST/STM32_USB_Device_Library/Core/Src/usbd_ctlreq.c ****         err++;
 620:Middlewares/ST/STM32_USB_Device_Library/Core/Src/usbd_ctlreq.c ****       }
 621:Middlewares/ST/STM32_USB_Device_Library/Core/Src/usbd_ctlreq.c ****       break;
 622:Middlewares/ST/STM32_USB_Device_Library/Core/Src/usbd_ctlreq.c **** 
 623:Middlewares/ST/STM32_USB_Device_Library/Core/Src/usbd_ctlreq.c ****     case USB_DESC_TYPE_OTHER_SPEED_CONFIGURATION:
 624:Middlewares/ST/STM32_USB_Device_Library/Core/Src/usbd_ctlreq.c ****       if (pdev->dev_speed == USBD_SPEED_HIGH)
 625:Middlewares/ST/STM32_USB_Device_Library/Core/Src/usbd_ctlreq.c ****       {
 626:Middlewares/ST/STM32_USB_Device_Library/Core/Src/usbd_ctlreq.c **** #ifdef USE_USBD_COMPOSITE
 627:Middlewares/ST/STM32_USB_Device_Library/Core/Src/usbd_ctlreq.c ****         if ((uint8_t)(pdev->NumClasses) > 0U)
 628:Middlewares/ST/STM32_USB_Device_Library/Core/Src/usbd_ctlreq.c ****         {
 629:Middlewares/ST/STM32_USB_Device_Library/Core/Src/usbd_ctlreq.c ****           pbuf = (uint8_t *)USBD_CMPSIT.GetOtherSpeedConfigDescriptor(&len);
 630:Middlewares/ST/STM32_USB_Device_Library/Core/Src/usbd_ctlreq.c ****         }
 631:Middlewares/ST/STM32_USB_Device_Library/Core/Src/usbd_ctlreq.c ****         else
 632:Middlewares/ST/STM32_USB_Device_Library/Core/Src/usbd_ctlreq.c **** #endif /* USE_USBD_COMPOSITE */
 633:Middlewares/ST/STM32_USB_Device_Library/Core/Src/usbd_ctlreq.c ****         {
 634:Middlewares/ST/STM32_USB_Device_Library/Core/Src/usbd_ctlreq.c ****           pbuf = (uint8_t *)pdev->pClass[0]->GetOtherSpeedConfigDescriptor(&len);
 635:Middlewares/ST/STM32_USB_Device_Library/Core/Src/usbd_ctlreq.c ****         }
 636:Middlewares/ST/STM32_USB_Device_Library/Core/Src/usbd_ctlreq.c ****         pbuf[1] = USB_DESC_TYPE_OTHER_SPEED_CONFIGURATION;
 637:Middlewares/ST/STM32_USB_Device_Library/Core/Src/usbd_ctlreq.c ****       }
 638:Middlewares/ST/STM32_USB_Device_Library/Core/Src/usbd_ctlreq.c ****       else
 639:Middlewares/ST/STM32_USB_Device_Library/Core/Src/usbd_ctlreq.c ****       {
 640:Middlewares/ST/STM32_USB_Device_Library/Core/Src/usbd_ctlreq.c ****         USBD_CtlError(pdev, req);
 641:Middlewares/ST/STM32_USB_Device_Library/Core/Src/usbd_ctlreq.c ****         err++;
 642:Middlewares/ST/STM32_USB_Device_Library/Core/Src/usbd_ctlreq.c ****       }
 643:Middlewares/ST/STM32_USB_Device_Library/Core/Src/usbd_ctlreq.c ****       break;
 644:Middlewares/ST/STM32_USB_Device_Library/Core/Src/usbd_ctlreq.c **** 
 645:Middlewares/ST/STM32_USB_Device_Library/Core/Src/usbd_ctlreq.c ****     default:
 646:Middlewares/ST/STM32_USB_Device_Library/Core/Src/usbd_ctlreq.c ****       USBD_CtlError(pdev, req);
 647:Middlewares/ST/STM32_USB_Device_Library/Core/Src/usbd_ctlreq.c ****       err++;
 648:Middlewares/ST/STM32_USB_Device_Library/Core/Src/usbd_ctlreq.c ****       break;
 649:Middlewares/ST/STM32_USB_Device_Library/Core/Src/usbd_ctlreq.c ****   }
 650:Middlewares/ST/STM32_USB_Device_Library/Core/Src/usbd_ctlreq.c **** 
 651:Middlewares/ST/STM32_USB_Device_Library/Core/Src/usbd_ctlreq.c ****   if (err != 0U)
 652:Middlewares/ST/STM32_USB_Device_Library/Core/Src/usbd_ctlreq.c ****   {
 653:Middlewares/ST/STM32_USB_Device_Library/Core/Src/usbd_ctlreq.c ****     return;
 654:Middlewares/ST/STM32_USB_Device_Library/Core/Src/usbd_ctlreq.c ****   }
 655:Middlewares/ST/STM32_USB_Device_Library/Core/Src/usbd_ctlreq.c **** 
 656:Middlewares/ST/STM32_USB_Device_Library/Core/Src/usbd_ctlreq.c ****   if (req->wLength != 0U)
 657:Middlewares/ST/STM32_USB_Device_Library/Core/Src/usbd_ctlreq.c ****   {
ARM GAS  /tmp/ccDx2qBe.s 			page 13


 658:Middlewares/ST/STM32_USB_Device_Library/Core/Src/usbd_ctlreq.c ****     if (len != 0U)
 659:Middlewares/ST/STM32_USB_Device_Library/Core/Src/usbd_ctlreq.c ****     {
 660:Middlewares/ST/STM32_USB_Device_Library/Core/Src/usbd_ctlreq.c ****       len = MIN(len, req->wLength);
 661:Middlewares/ST/STM32_USB_Device_Library/Core/Src/usbd_ctlreq.c ****       (void)USBD_CtlSendData(pdev, pbuf, len);
 662:Middlewares/ST/STM32_USB_Device_Library/Core/Src/usbd_ctlreq.c ****     }
 663:Middlewares/ST/STM32_USB_Device_Library/Core/Src/usbd_ctlreq.c ****     else
 664:Middlewares/ST/STM32_USB_Device_Library/Core/Src/usbd_ctlreq.c ****     {
 665:Middlewares/ST/STM32_USB_Device_Library/Core/Src/usbd_ctlreq.c ****       USBD_CtlError(pdev, req);
 666:Middlewares/ST/STM32_USB_Device_Library/Core/Src/usbd_ctlreq.c ****     }
 667:Middlewares/ST/STM32_USB_Device_Library/Core/Src/usbd_ctlreq.c ****   }
 668:Middlewares/ST/STM32_USB_Device_Library/Core/Src/usbd_ctlreq.c ****   else
 669:Middlewares/ST/STM32_USB_Device_Library/Core/Src/usbd_ctlreq.c ****   {
 670:Middlewares/ST/STM32_USB_Device_Library/Core/Src/usbd_ctlreq.c ****     (void)USBD_CtlSendStatus(pdev);
 671:Middlewares/ST/STM32_USB_Device_Library/Core/Src/usbd_ctlreq.c ****   }
 672:Middlewares/ST/STM32_USB_Device_Library/Core/Src/usbd_ctlreq.c **** }
 673:Middlewares/ST/STM32_USB_Device_Library/Core/Src/usbd_ctlreq.c **** 
 674:Middlewares/ST/STM32_USB_Device_Library/Core/Src/usbd_ctlreq.c **** 
 675:Middlewares/ST/STM32_USB_Device_Library/Core/Src/usbd_ctlreq.c **** /**
 676:Middlewares/ST/STM32_USB_Device_Library/Core/Src/usbd_ctlreq.c ****   * @brief  USBD_SetAddress
 677:Middlewares/ST/STM32_USB_Device_Library/Core/Src/usbd_ctlreq.c ****   *         Set device address
 678:Middlewares/ST/STM32_USB_Device_Library/Core/Src/usbd_ctlreq.c ****   * @param  pdev: device instance
 679:Middlewares/ST/STM32_USB_Device_Library/Core/Src/usbd_ctlreq.c ****   * @param  req: usb request
 680:Middlewares/ST/STM32_USB_Device_Library/Core/Src/usbd_ctlreq.c ****   * @retval None
 681:Middlewares/ST/STM32_USB_Device_Library/Core/Src/usbd_ctlreq.c ****   */
 682:Middlewares/ST/STM32_USB_Device_Library/Core/Src/usbd_ctlreq.c **** static void USBD_SetAddress(USBD_HandleTypeDef *pdev, USBD_SetupReqTypedef *req)
 683:Middlewares/ST/STM32_USB_Device_Library/Core/Src/usbd_ctlreq.c **** {
 684:Middlewares/ST/STM32_USB_Device_Library/Core/Src/usbd_ctlreq.c ****   uint8_t  dev_addr;
 685:Middlewares/ST/STM32_USB_Device_Library/Core/Src/usbd_ctlreq.c **** 
 686:Middlewares/ST/STM32_USB_Device_Library/Core/Src/usbd_ctlreq.c ****   if ((req->wIndex == 0U) && (req->wLength == 0U) && (req->wValue < 128U))
 687:Middlewares/ST/STM32_USB_Device_Library/Core/Src/usbd_ctlreq.c ****   {
 688:Middlewares/ST/STM32_USB_Device_Library/Core/Src/usbd_ctlreq.c ****     dev_addr = (uint8_t)(req->wValue) & 0x7FU;
 689:Middlewares/ST/STM32_USB_Device_Library/Core/Src/usbd_ctlreq.c **** 
 690:Middlewares/ST/STM32_USB_Device_Library/Core/Src/usbd_ctlreq.c ****     if (pdev->dev_state == USBD_STATE_CONFIGURED)
 691:Middlewares/ST/STM32_USB_Device_Library/Core/Src/usbd_ctlreq.c ****     {
 692:Middlewares/ST/STM32_USB_Device_Library/Core/Src/usbd_ctlreq.c ****       USBD_CtlError(pdev, req);
 693:Middlewares/ST/STM32_USB_Device_Library/Core/Src/usbd_ctlreq.c ****     }
 694:Middlewares/ST/STM32_USB_Device_Library/Core/Src/usbd_ctlreq.c ****     else
 695:Middlewares/ST/STM32_USB_Device_Library/Core/Src/usbd_ctlreq.c ****     {
 696:Middlewares/ST/STM32_USB_Device_Library/Core/Src/usbd_ctlreq.c ****       pdev->dev_address = dev_addr;
 697:Middlewares/ST/STM32_USB_Device_Library/Core/Src/usbd_ctlreq.c ****       (void)USBD_LL_SetUSBAddress(pdev, dev_addr);
 698:Middlewares/ST/STM32_USB_Device_Library/Core/Src/usbd_ctlreq.c ****       (void)USBD_CtlSendStatus(pdev);
 699:Middlewares/ST/STM32_USB_Device_Library/Core/Src/usbd_ctlreq.c **** 
 700:Middlewares/ST/STM32_USB_Device_Library/Core/Src/usbd_ctlreq.c ****       if (dev_addr != 0U)
 701:Middlewares/ST/STM32_USB_Device_Library/Core/Src/usbd_ctlreq.c ****       {
 702:Middlewares/ST/STM32_USB_Device_Library/Core/Src/usbd_ctlreq.c ****         pdev->dev_state = USBD_STATE_ADDRESSED;
 703:Middlewares/ST/STM32_USB_Device_Library/Core/Src/usbd_ctlreq.c ****       }
 704:Middlewares/ST/STM32_USB_Device_Library/Core/Src/usbd_ctlreq.c ****       else
 705:Middlewares/ST/STM32_USB_Device_Library/Core/Src/usbd_ctlreq.c ****       {
 706:Middlewares/ST/STM32_USB_Device_Library/Core/Src/usbd_ctlreq.c ****         pdev->dev_state = USBD_STATE_DEFAULT;
 707:Middlewares/ST/STM32_USB_Device_Library/Core/Src/usbd_ctlreq.c ****       }
 708:Middlewares/ST/STM32_USB_Device_Library/Core/Src/usbd_ctlreq.c ****     }
 709:Middlewares/ST/STM32_USB_Device_Library/Core/Src/usbd_ctlreq.c ****   }
 710:Middlewares/ST/STM32_USB_Device_Library/Core/Src/usbd_ctlreq.c ****   else
 711:Middlewares/ST/STM32_USB_Device_Library/Core/Src/usbd_ctlreq.c ****   {
 712:Middlewares/ST/STM32_USB_Device_Library/Core/Src/usbd_ctlreq.c ****     USBD_CtlError(pdev, req);
 713:Middlewares/ST/STM32_USB_Device_Library/Core/Src/usbd_ctlreq.c ****   }
 714:Middlewares/ST/STM32_USB_Device_Library/Core/Src/usbd_ctlreq.c **** }
ARM GAS  /tmp/ccDx2qBe.s 			page 14


 715:Middlewares/ST/STM32_USB_Device_Library/Core/Src/usbd_ctlreq.c **** 
 716:Middlewares/ST/STM32_USB_Device_Library/Core/Src/usbd_ctlreq.c **** /**
 717:Middlewares/ST/STM32_USB_Device_Library/Core/Src/usbd_ctlreq.c ****   * @brief  USBD_SetConfig
 718:Middlewares/ST/STM32_USB_Device_Library/Core/Src/usbd_ctlreq.c ****   *         Handle Set device configuration request
 719:Middlewares/ST/STM32_USB_Device_Library/Core/Src/usbd_ctlreq.c ****   * @param  pdev: device instance
 720:Middlewares/ST/STM32_USB_Device_Library/Core/Src/usbd_ctlreq.c ****   * @param  req: usb request
 721:Middlewares/ST/STM32_USB_Device_Library/Core/Src/usbd_ctlreq.c ****   * @retval status
 722:Middlewares/ST/STM32_USB_Device_Library/Core/Src/usbd_ctlreq.c ****   */
 723:Middlewares/ST/STM32_USB_Device_Library/Core/Src/usbd_ctlreq.c **** static USBD_StatusTypeDef USBD_SetConfig(USBD_HandleTypeDef *pdev, USBD_SetupReqTypedef *req)
 724:Middlewares/ST/STM32_USB_Device_Library/Core/Src/usbd_ctlreq.c **** {
 725:Middlewares/ST/STM32_USB_Device_Library/Core/Src/usbd_ctlreq.c ****   USBD_StatusTypeDef ret = USBD_OK;
 726:Middlewares/ST/STM32_USB_Device_Library/Core/Src/usbd_ctlreq.c ****   static uint8_t cfgidx;
 727:Middlewares/ST/STM32_USB_Device_Library/Core/Src/usbd_ctlreq.c **** 
 728:Middlewares/ST/STM32_USB_Device_Library/Core/Src/usbd_ctlreq.c ****   cfgidx = (uint8_t)(req->wValue);
 729:Middlewares/ST/STM32_USB_Device_Library/Core/Src/usbd_ctlreq.c **** 
 730:Middlewares/ST/STM32_USB_Device_Library/Core/Src/usbd_ctlreq.c ****   if (cfgidx > USBD_MAX_NUM_CONFIGURATION)
 731:Middlewares/ST/STM32_USB_Device_Library/Core/Src/usbd_ctlreq.c ****   {
 732:Middlewares/ST/STM32_USB_Device_Library/Core/Src/usbd_ctlreq.c ****     USBD_CtlError(pdev, req);
 733:Middlewares/ST/STM32_USB_Device_Library/Core/Src/usbd_ctlreq.c ****     return USBD_FAIL;
 734:Middlewares/ST/STM32_USB_Device_Library/Core/Src/usbd_ctlreq.c ****   }
 735:Middlewares/ST/STM32_USB_Device_Library/Core/Src/usbd_ctlreq.c **** 
 736:Middlewares/ST/STM32_USB_Device_Library/Core/Src/usbd_ctlreq.c ****   switch (pdev->dev_state)
 737:Middlewares/ST/STM32_USB_Device_Library/Core/Src/usbd_ctlreq.c ****   {
 738:Middlewares/ST/STM32_USB_Device_Library/Core/Src/usbd_ctlreq.c ****     case USBD_STATE_ADDRESSED:
 739:Middlewares/ST/STM32_USB_Device_Library/Core/Src/usbd_ctlreq.c ****       if (cfgidx != 0U)
 740:Middlewares/ST/STM32_USB_Device_Library/Core/Src/usbd_ctlreq.c ****       {
 741:Middlewares/ST/STM32_USB_Device_Library/Core/Src/usbd_ctlreq.c ****         pdev->dev_config = cfgidx;
 742:Middlewares/ST/STM32_USB_Device_Library/Core/Src/usbd_ctlreq.c **** 
 743:Middlewares/ST/STM32_USB_Device_Library/Core/Src/usbd_ctlreq.c ****         ret = USBD_SetClassConfig(pdev, cfgidx);
 744:Middlewares/ST/STM32_USB_Device_Library/Core/Src/usbd_ctlreq.c **** 
 745:Middlewares/ST/STM32_USB_Device_Library/Core/Src/usbd_ctlreq.c ****         if (ret != USBD_OK)
 746:Middlewares/ST/STM32_USB_Device_Library/Core/Src/usbd_ctlreq.c ****         {
 747:Middlewares/ST/STM32_USB_Device_Library/Core/Src/usbd_ctlreq.c ****           USBD_CtlError(pdev, req);
 748:Middlewares/ST/STM32_USB_Device_Library/Core/Src/usbd_ctlreq.c ****           pdev->dev_state = USBD_STATE_ADDRESSED;
 749:Middlewares/ST/STM32_USB_Device_Library/Core/Src/usbd_ctlreq.c ****         }
 750:Middlewares/ST/STM32_USB_Device_Library/Core/Src/usbd_ctlreq.c ****         else
 751:Middlewares/ST/STM32_USB_Device_Library/Core/Src/usbd_ctlreq.c ****         {
 752:Middlewares/ST/STM32_USB_Device_Library/Core/Src/usbd_ctlreq.c ****           (void)USBD_CtlSendStatus(pdev);
 753:Middlewares/ST/STM32_USB_Device_Library/Core/Src/usbd_ctlreq.c ****           pdev->dev_state = USBD_STATE_CONFIGURED;
 754:Middlewares/ST/STM32_USB_Device_Library/Core/Src/usbd_ctlreq.c **** 
 755:Middlewares/ST/STM32_USB_Device_Library/Core/Src/usbd_ctlreq.c **** #if (USBD_USER_REGISTER_CALLBACK == 1U)
 756:Middlewares/ST/STM32_USB_Device_Library/Core/Src/usbd_ctlreq.c ****           if (pdev->DevStateCallback != NULL)
 757:Middlewares/ST/STM32_USB_Device_Library/Core/Src/usbd_ctlreq.c ****           {
 758:Middlewares/ST/STM32_USB_Device_Library/Core/Src/usbd_ctlreq.c ****             pdev->DevStateCallback(USBD_STATE_CONFIGURED, cfgidx);
 759:Middlewares/ST/STM32_USB_Device_Library/Core/Src/usbd_ctlreq.c ****           }
 760:Middlewares/ST/STM32_USB_Device_Library/Core/Src/usbd_ctlreq.c **** #endif /* USBD_USER_REGISTER_CALLBACK */
 761:Middlewares/ST/STM32_USB_Device_Library/Core/Src/usbd_ctlreq.c ****         }
 762:Middlewares/ST/STM32_USB_Device_Library/Core/Src/usbd_ctlreq.c ****       }
 763:Middlewares/ST/STM32_USB_Device_Library/Core/Src/usbd_ctlreq.c ****       else
 764:Middlewares/ST/STM32_USB_Device_Library/Core/Src/usbd_ctlreq.c ****       {
 765:Middlewares/ST/STM32_USB_Device_Library/Core/Src/usbd_ctlreq.c ****         (void)USBD_CtlSendStatus(pdev);
 766:Middlewares/ST/STM32_USB_Device_Library/Core/Src/usbd_ctlreq.c ****       }
 767:Middlewares/ST/STM32_USB_Device_Library/Core/Src/usbd_ctlreq.c ****       break;
 768:Middlewares/ST/STM32_USB_Device_Library/Core/Src/usbd_ctlreq.c **** 
 769:Middlewares/ST/STM32_USB_Device_Library/Core/Src/usbd_ctlreq.c ****     case USBD_STATE_CONFIGURED:
 770:Middlewares/ST/STM32_USB_Device_Library/Core/Src/usbd_ctlreq.c ****       if (cfgidx == 0U)
 771:Middlewares/ST/STM32_USB_Device_Library/Core/Src/usbd_ctlreq.c ****       {
ARM GAS  /tmp/ccDx2qBe.s 			page 15


 772:Middlewares/ST/STM32_USB_Device_Library/Core/Src/usbd_ctlreq.c ****         pdev->dev_state = USBD_STATE_ADDRESSED;
 773:Middlewares/ST/STM32_USB_Device_Library/Core/Src/usbd_ctlreq.c ****         pdev->dev_config = cfgidx;
 774:Middlewares/ST/STM32_USB_Device_Library/Core/Src/usbd_ctlreq.c ****         (void)USBD_ClrClassConfig(pdev, cfgidx);
 775:Middlewares/ST/STM32_USB_Device_Library/Core/Src/usbd_ctlreq.c ****         (void)USBD_CtlSendStatus(pdev);
 776:Middlewares/ST/STM32_USB_Device_Library/Core/Src/usbd_ctlreq.c ****       }
 777:Middlewares/ST/STM32_USB_Device_Library/Core/Src/usbd_ctlreq.c ****       else if (cfgidx != pdev->dev_config)
 778:Middlewares/ST/STM32_USB_Device_Library/Core/Src/usbd_ctlreq.c ****       {
 779:Middlewares/ST/STM32_USB_Device_Library/Core/Src/usbd_ctlreq.c ****         /* Clear old configuration */
 780:Middlewares/ST/STM32_USB_Device_Library/Core/Src/usbd_ctlreq.c ****         (void)USBD_ClrClassConfig(pdev, (uint8_t)pdev->dev_config);
 781:Middlewares/ST/STM32_USB_Device_Library/Core/Src/usbd_ctlreq.c **** 
 782:Middlewares/ST/STM32_USB_Device_Library/Core/Src/usbd_ctlreq.c ****         /* set new configuration */
 783:Middlewares/ST/STM32_USB_Device_Library/Core/Src/usbd_ctlreq.c ****         pdev->dev_config = cfgidx;
 784:Middlewares/ST/STM32_USB_Device_Library/Core/Src/usbd_ctlreq.c **** 
 785:Middlewares/ST/STM32_USB_Device_Library/Core/Src/usbd_ctlreq.c ****         ret = USBD_SetClassConfig(pdev, cfgidx);
 786:Middlewares/ST/STM32_USB_Device_Library/Core/Src/usbd_ctlreq.c **** 
 787:Middlewares/ST/STM32_USB_Device_Library/Core/Src/usbd_ctlreq.c ****         if (ret != USBD_OK)
 788:Middlewares/ST/STM32_USB_Device_Library/Core/Src/usbd_ctlreq.c ****         {
 789:Middlewares/ST/STM32_USB_Device_Library/Core/Src/usbd_ctlreq.c ****           USBD_CtlError(pdev, req);
 790:Middlewares/ST/STM32_USB_Device_Library/Core/Src/usbd_ctlreq.c ****           (void)USBD_ClrClassConfig(pdev, (uint8_t)pdev->dev_config);
 791:Middlewares/ST/STM32_USB_Device_Library/Core/Src/usbd_ctlreq.c ****           pdev->dev_state = USBD_STATE_ADDRESSED;
 792:Middlewares/ST/STM32_USB_Device_Library/Core/Src/usbd_ctlreq.c ****         }
 793:Middlewares/ST/STM32_USB_Device_Library/Core/Src/usbd_ctlreq.c ****         else
 794:Middlewares/ST/STM32_USB_Device_Library/Core/Src/usbd_ctlreq.c ****         {
 795:Middlewares/ST/STM32_USB_Device_Library/Core/Src/usbd_ctlreq.c ****           (void)USBD_CtlSendStatus(pdev);
 796:Middlewares/ST/STM32_USB_Device_Library/Core/Src/usbd_ctlreq.c ****         }
 797:Middlewares/ST/STM32_USB_Device_Library/Core/Src/usbd_ctlreq.c ****       }
 798:Middlewares/ST/STM32_USB_Device_Library/Core/Src/usbd_ctlreq.c ****       else
 799:Middlewares/ST/STM32_USB_Device_Library/Core/Src/usbd_ctlreq.c ****       {
 800:Middlewares/ST/STM32_USB_Device_Library/Core/Src/usbd_ctlreq.c ****         (void)USBD_CtlSendStatus(pdev);
 801:Middlewares/ST/STM32_USB_Device_Library/Core/Src/usbd_ctlreq.c ****       }
 802:Middlewares/ST/STM32_USB_Device_Library/Core/Src/usbd_ctlreq.c ****       break;
 803:Middlewares/ST/STM32_USB_Device_Library/Core/Src/usbd_ctlreq.c **** 
 804:Middlewares/ST/STM32_USB_Device_Library/Core/Src/usbd_ctlreq.c ****     default:
 805:Middlewares/ST/STM32_USB_Device_Library/Core/Src/usbd_ctlreq.c ****       USBD_CtlError(pdev, req);
 806:Middlewares/ST/STM32_USB_Device_Library/Core/Src/usbd_ctlreq.c ****       (void)USBD_ClrClassConfig(pdev, cfgidx);
 807:Middlewares/ST/STM32_USB_Device_Library/Core/Src/usbd_ctlreq.c ****       ret = USBD_FAIL;
 808:Middlewares/ST/STM32_USB_Device_Library/Core/Src/usbd_ctlreq.c ****       break;
 809:Middlewares/ST/STM32_USB_Device_Library/Core/Src/usbd_ctlreq.c ****   }
 810:Middlewares/ST/STM32_USB_Device_Library/Core/Src/usbd_ctlreq.c **** 
 811:Middlewares/ST/STM32_USB_Device_Library/Core/Src/usbd_ctlreq.c ****   return ret;
 812:Middlewares/ST/STM32_USB_Device_Library/Core/Src/usbd_ctlreq.c **** }
 813:Middlewares/ST/STM32_USB_Device_Library/Core/Src/usbd_ctlreq.c **** 
 814:Middlewares/ST/STM32_USB_Device_Library/Core/Src/usbd_ctlreq.c **** /**
 815:Middlewares/ST/STM32_USB_Device_Library/Core/Src/usbd_ctlreq.c ****   * @brief  USBD_GetConfig
 816:Middlewares/ST/STM32_USB_Device_Library/Core/Src/usbd_ctlreq.c ****   *         Handle Get device configuration request
 817:Middlewares/ST/STM32_USB_Device_Library/Core/Src/usbd_ctlreq.c ****   * @param  pdev: device instance
 818:Middlewares/ST/STM32_USB_Device_Library/Core/Src/usbd_ctlreq.c ****   * @param  req: usb request
 819:Middlewares/ST/STM32_USB_Device_Library/Core/Src/usbd_ctlreq.c ****   * @retval None
 820:Middlewares/ST/STM32_USB_Device_Library/Core/Src/usbd_ctlreq.c ****   */
 821:Middlewares/ST/STM32_USB_Device_Library/Core/Src/usbd_ctlreq.c **** static void USBD_GetConfig(USBD_HandleTypeDef *pdev, USBD_SetupReqTypedef *req)
 822:Middlewares/ST/STM32_USB_Device_Library/Core/Src/usbd_ctlreq.c **** {
 823:Middlewares/ST/STM32_USB_Device_Library/Core/Src/usbd_ctlreq.c ****   if (req->wLength != 1U)
 824:Middlewares/ST/STM32_USB_Device_Library/Core/Src/usbd_ctlreq.c ****   {
 825:Middlewares/ST/STM32_USB_Device_Library/Core/Src/usbd_ctlreq.c ****     USBD_CtlError(pdev, req);
 826:Middlewares/ST/STM32_USB_Device_Library/Core/Src/usbd_ctlreq.c ****   }
 827:Middlewares/ST/STM32_USB_Device_Library/Core/Src/usbd_ctlreq.c ****   else
 828:Middlewares/ST/STM32_USB_Device_Library/Core/Src/usbd_ctlreq.c ****   {
ARM GAS  /tmp/ccDx2qBe.s 			page 16


 829:Middlewares/ST/STM32_USB_Device_Library/Core/Src/usbd_ctlreq.c ****     switch (pdev->dev_state)
 830:Middlewares/ST/STM32_USB_Device_Library/Core/Src/usbd_ctlreq.c ****     {
 831:Middlewares/ST/STM32_USB_Device_Library/Core/Src/usbd_ctlreq.c ****       case USBD_STATE_DEFAULT:
 832:Middlewares/ST/STM32_USB_Device_Library/Core/Src/usbd_ctlreq.c ****       case USBD_STATE_ADDRESSED:
 833:Middlewares/ST/STM32_USB_Device_Library/Core/Src/usbd_ctlreq.c ****         pdev->dev_default_config = 0U;
 834:Middlewares/ST/STM32_USB_Device_Library/Core/Src/usbd_ctlreq.c ****         (void)USBD_CtlSendData(pdev, (uint8_t *)&pdev->dev_default_config, 1U);
 835:Middlewares/ST/STM32_USB_Device_Library/Core/Src/usbd_ctlreq.c ****         break;
 836:Middlewares/ST/STM32_USB_Device_Library/Core/Src/usbd_ctlreq.c **** 
 837:Middlewares/ST/STM32_USB_Device_Library/Core/Src/usbd_ctlreq.c ****       case USBD_STATE_CONFIGURED:
 838:Middlewares/ST/STM32_USB_Device_Library/Core/Src/usbd_ctlreq.c ****         (void)USBD_CtlSendData(pdev, (uint8_t *)&pdev->dev_config, 1U);
 839:Middlewares/ST/STM32_USB_Device_Library/Core/Src/usbd_ctlreq.c ****         break;
 840:Middlewares/ST/STM32_USB_Device_Library/Core/Src/usbd_ctlreq.c **** 
 841:Middlewares/ST/STM32_USB_Device_Library/Core/Src/usbd_ctlreq.c ****       default:
 842:Middlewares/ST/STM32_USB_Device_Library/Core/Src/usbd_ctlreq.c ****         USBD_CtlError(pdev, req);
 843:Middlewares/ST/STM32_USB_Device_Library/Core/Src/usbd_ctlreq.c ****         break;
 844:Middlewares/ST/STM32_USB_Device_Library/Core/Src/usbd_ctlreq.c ****     }
 845:Middlewares/ST/STM32_USB_Device_Library/Core/Src/usbd_ctlreq.c ****   }
 846:Middlewares/ST/STM32_USB_Device_Library/Core/Src/usbd_ctlreq.c **** }
 847:Middlewares/ST/STM32_USB_Device_Library/Core/Src/usbd_ctlreq.c **** 
 848:Middlewares/ST/STM32_USB_Device_Library/Core/Src/usbd_ctlreq.c **** /**
 849:Middlewares/ST/STM32_USB_Device_Library/Core/Src/usbd_ctlreq.c ****   * @brief  USBD_GetStatus
 850:Middlewares/ST/STM32_USB_Device_Library/Core/Src/usbd_ctlreq.c ****   *         Handle Get Status request
 851:Middlewares/ST/STM32_USB_Device_Library/Core/Src/usbd_ctlreq.c ****   * @param  pdev: device instance
 852:Middlewares/ST/STM32_USB_Device_Library/Core/Src/usbd_ctlreq.c ****   * @param  req: usb request
 853:Middlewares/ST/STM32_USB_Device_Library/Core/Src/usbd_ctlreq.c ****   * @retval None
 854:Middlewares/ST/STM32_USB_Device_Library/Core/Src/usbd_ctlreq.c ****   */
 855:Middlewares/ST/STM32_USB_Device_Library/Core/Src/usbd_ctlreq.c **** static void USBD_GetStatus(USBD_HandleTypeDef *pdev, USBD_SetupReqTypedef *req)
 856:Middlewares/ST/STM32_USB_Device_Library/Core/Src/usbd_ctlreq.c **** {
 857:Middlewares/ST/STM32_USB_Device_Library/Core/Src/usbd_ctlreq.c ****   switch (pdev->dev_state)
 858:Middlewares/ST/STM32_USB_Device_Library/Core/Src/usbd_ctlreq.c ****   {
 859:Middlewares/ST/STM32_USB_Device_Library/Core/Src/usbd_ctlreq.c ****     case USBD_STATE_DEFAULT:
 860:Middlewares/ST/STM32_USB_Device_Library/Core/Src/usbd_ctlreq.c ****     case USBD_STATE_ADDRESSED:
 861:Middlewares/ST/STM32_USB_Device_Library/Core/Src/usbd_ctlreq.c ****     case USBD_STATE_CONFIGURED:
 862:Middlewares/ST/STM32_USB_Device_Library/Core/Src/usbd_ctlreq.c ****       if (req->wLength != 0x2U)
 863:Middlewares/ST/STM32_USB_Device_Library/Core/Src/usbd_ctlreq.c ****       {
 864:Middlewares/ST/STM32_USB_Device_Library/Core/Src/usbd_ctlreq.c ****         USBD_CtlError(pdev, req);
 865:Middlewares/ST/STM32_USB_Device_Library/Core/Src/usbd_ctlreq.c ****         break;
 866:Middlewares/ST/STM32_USB_Device_Library/Core/Src/usbd_ctlreq.c ****       }
 867:Middlewares/ST/STM32_USB_Device_Library/Core/Src/usbd_ctlreq.c **** 
 868:Middlewares/ST/STM32_USB_Device_Library/Core/Src/usbd_ctlreq.c **** #if (USBD_SELF_POWERED == 1U)
 869:Middlewares/ST/STM32_USB_Device_Library/Core/Src/usbd_ctlreq.c ****       pdev->dev_config_status = USB_CONFIG_SELF_POWERED;
 870:Middlewares/ST/STM32_USB_Device_Library/Core/Src/usbd_ctlreq.c **** #else
 871:Middlewares/ST/STM32_USB_Device_Library/Core/Src/usbd_ctlreq.c ****       pdev->dev_config_status = 0U;
 872:Middlewares/ST/STM32_USB_Device_Library/Core/Src/usbd_ctlreq.c **** #endif /* USBD_SELF_POWERED */
 873:Middlewares/ST/STM32_USB_Device_Library/Core/Src/usbd_ctlreq.c **** 
 874:Middlewares/ST/STM32_USB_Device_Library/Core/Src/usbd_ctlreq.c ****       if (pdev->dev_remote_wakeup != 0U)
 875:Middlewares/ST/STM32_USB_Device_Library/Core/Src/usbd_ctlreq.c ****       {
 876:Middlewares/ST/STM32_USB_Device_Library/Core/Src/usbd_ctlreq.c ****         pdev->dev_config_status |= USB_CONFIG_REMOTE_WAKEUP;
 877:Middlewares/ST/STM32_USB_Device_Library/Core/Src/usbd_ctlreq.c ****       }
 878:Middlewares/ST/STM32_USB_Device_Library/Core/Src/usbd_ctlreq.c **** 
 879:Middlewares/ST/STM32_USB_Device_Library/Core/Src/usbd_ctlreq.c ****       (void)USBD_CtlSendData(pdev, (uint8_t *)&pdev->dev_config_status, 2U);
 880:Middlewares/ST/STM32_USB_Device_Library/Core/Src/usbd_ctlreq.c ****       break;
 881:Middlewares/ST/STM32_USB_Device_Library/Core/Src/usbd_ctlreq.c **** 
 882:Middlewares/ST/STM32_USB_Device_Library/Core/Src/usbd_ctlreq.c ****     default:
 883:Middlewares/ST/STM32_USB_Device_Library/Core/Src/usbd_ctlreq.c ****       USBD_CtlError(pdev, req);
 884:Middlewares/ST/STM32_USB_Device_Library/Core/Src/usbd_ctlreq.c ****       break;
 885:Middlewares/ST/STM32_USB_Device_Library/Core/Src/usbd_ctlreq.c ****   }
ARM GAS  /tmp/ccDx2qBe.s 			page 17


 886:Middlewares/ST/STM32_USB_Device_Library/Core/Src/usbd_ctlreq.c **** }
 887:Middlewares/ST/STM32_USB_Device_Library/Core/Src/usbd_ctlreq.c **** 
 888:Middlewares/ST/STM32_USB_Device_Library/Core/Src/usbd_ctlreq.c **** 
 889:Middlewares/ST/STM32_USB_Device_Library/Core/Src/usbd_ctlreq.c **** /**
 890:Middlewares/ST/STM32_USB_Device_Library/Core/Src/usbd_ctlreq.c ****   * @brief  USBD_SetFeature
 891:Middlewares/ST/STM32_USB_Device_Library/Core/Src/usbd_ctlreq.c ****   *         Handle Set device feature request
 892:Middlewares/ST/STM32_USB_Device_Library/Core/Src/usbd_ctlreq.c ****   * @param  pdev: device instance
 893:Middlewares/ST/STM32_USB_Device_Library/Core/Src/usbd_ctlreq.c ****   * @param  req: usb request
 894:Middlewares/ST/STM32_USB_Device_Library/Core/Src/usbd_ctlreq.c ****   * @retval None
 895:Middlewares/ST/STM32_USB_Device_Library/Core/Src/usbd_ctlreq.c ****   */
 896:Middlewares/ST/STM32_USB_Device_Library/Core/Src/usbd_ctlreq.c **** static void USBD_SetFeature(USBD_HandleTypeDef *pdev, USBD_SetupReqTypedef *req)
 897:Middlewares/ST/STM32_USB_Device_Library/Core/Src/usbd_ctlreq.c **** {
 898:Middlewares/ST/STM32_USB_Device_Library/Core/Src/usbd_ctlreq.c ****   if (req->wValue == USB_FEATURE_REMOTE_WAKEUP)
 899:Middlewares/ST/STM32_USB_Device_Library/Core/Src/usbd_ctlreq.c ****   {
 900:Middlewares/ST/STM32_USB_Device_Library/Core/Src/usbd_ctlreq.c ****     pdev->dev_remote_wakeup = 1U;
 901:Middlewares/ST/STM32_USB_Device_Library/Core/Src/usbd_ctlreq.c ****     (void)USBD_CtlSendStatus(pdev);
 902:Middlewares/ST/STM32_USB_Device_Library/Core/Src/usbd_ctlreq.c ****   }
 903:Middlewares/ST/STM32_USB_Device_Library/Core/Src/usbd_ctlreq.c ****   else if (req->wValue == USB_FEATURE_TEST_MODE)
 904:Middlewares/ST/STM32_USB_Device_Library/Core/Src/usbd_ctlreq.c ****   {
 905:Middlewares/ST/STM32_USB_Device_Library/Core/Src/usbd_ctlreq.c ****     pdev->dev_test_mode = (uint8_t)(req->wIndex >> 8);
 906:Middlewares/ST/STM32_USB_Device_Library/Core/Src/usbd_ctlreq.c ****     (void)USBD_CtlSendStatus(pdev);
 907:Middlewares/ST/STM32_USB_Device_Library/Core/Src/usbd_ctlreq.c ****   }
 908:Middlewares/ST/STM32_USB_Device_Library/Core/Src/usbd_ctlreq.c ****   else
 909:Middlewares/ST/STM32_USB_Device_Library/Core/Src/usbd_ctlreq.c ****   {
 910:Middlewares/ST/STM32_USB_Device_Library/Core/Src/usbd_ctlreq.c ****     USBD_CtlError(pdev, req);
 911:Middlewares/ST/STM32_USB_Device_Library/Core/Src/usbd_ctlreq.c ****   }
 912:Middlewares/ST/STM32_USB_Device_Library/Core/Src/usbd_ctlreq.c **** }
 913:Middlewares/ST/STM32_USB_Device_Library/Core/Src/usbd_ctlreq.c **** 
 914:Middlewares/ST/STM32_USB_Device_Library/Core/Src/usbd_ctlreq.c **** 
 915:Middlewares/ST/STM32_USB_Device_Library/Core/Src/usbd_ctlreq.c **** /**
 916:Middlewares/ST/STM32_USB_Device_Library/Core/Src/usbd_ctlreq.c ****   * @brief  USBD_ClrFeature
 917:Middlewares/ST/STM32_USB_Device_Library/Core/Src/usbd_ctlreq.c ****   *         Handle clear device feature request
 918:Middlewares/ST/STM32_USB_Device_Library/Core/Src/usbd_ctlreq.c ****   * @param  pdev: device instance
 919:Middlewares/ST/STM32_USB_Device_Library/Core/Src/usbd_ctlreq.c ****   * @param  req: usb request
 920:Middlewares/ST/STM32_USB_Device_Library/Core/Src/usbd_ctlreq.c ****   * @retval None
 921:Middlewares/ST/STM32_USB_Device_Library/Core/Src/usbd_ctlreq.c ****   */
 922:Middlewares/ST/STM32_USB_Device_Library/Core/Src/usbd_ctlreq.c **** static void USBD_ClrFeature(USBD_HandleTypeDef *pdev, USBD_SetupReqTypedef *req)
 923:Middlewares/ST/STM32_USB_Device_Library/Core/Src/usbd_ctlreq.c **** {
 924:Middlewares/ST/STM32_USB_Device_Library/Core/Src/usbd_ctlreq.c ****   switch (pdev->dev_state)
 925:Middlewares/ST/STM32_USB_Device_Library/Core/Src/usbd_ctlreq.c ****   {
 926:Middlewares/ST/STM32_USB_Device_Library/Core/Src/usbd_ctlreq.c ****     case USBD_STATE_DEFAULT:
 927:Middlewares/ST/STM32_USB_Device_Library/Core/Src/usbd_ctlreq.c ****     case USBD_STATE_ADDRESSED:
 928:Middlewares/ST/STM32_USB_Device_Library/Core/Src/usbd_ctlreq.c ****     case USBD_STATE_CONFIGURED:
 929:Middlewares/ST/STM32_USB_Device_Library/Core/Src/usbd_ctlreq.c ****       if (req->wValue == USB_FEATURE_REMOTE_WAKEUP)
 930:Middlewares/ST/STM32_USB_Device_Library/Core/Src/usbd_ctlreq.c ****       {
 931:Middlewares/ST/STM32_USB_Device_Library/Core/Src/usbd_ctlreq.c ****         pdev->dev_remote_wakeup = 0U;
 932:Middlewares/ST/STM32_USB_Device_Library/Core/Src/usbd_ctlreq.c ****         (void)USBD_CtlSendStatus(pdev);
 933:Middlewares/ST/STM32_USB_Device_Library/Core/Src/usbd_ctlreq.c ****       }
 934:Middlewares/ST/STM32_USB_Device_Library/Core/Src/usbd_ctlreq.c ****       break;
 935:Middlewares/ST/STM32_USB_Device_Library/Core/Src/usbd_ctlreq.c **** 
 936:Middlewares/ST/STM32_USB_Device_Library/Core/Src/usbd_ctlreq.c ****     default:
 937:Middlewares/ST/STM32_USB_Device_Library/Core/Src/usbd_ctlreq.c ****       USBD_CtlError(pdev, req);
 938:Middlewares/ST/STM32_USB_Device_Library/Core/Src/usbd_ctlreq.c ****       break;
 939:Middlewares/ST/STM32_USB_Device_Library/Core/Src/usbd_ctlreq.c ****   }
 940:Middlewares/ST/STM32_USB_Device_Library/Core/Src/usbd_ctlreq.c **** }
 941:Middlewares/ST/STM32_USB_Device_Library/Core/Src/usbd_ctlreq.c **** 
 942:Middlewares/ST/STM32_USB_Device_Library/Core/Src/usbd_ctlreq.c **** 
ARM GAS  /tmp/ccDx2qBe.s 			page 18


 943:Middlewares/ST/STM32_USB_Device_Library/Core/Src/usbd_ctlreq.c **** /**
 944:Middlewares/ST/STM32_USB_Device_Library/Core/Src/usbd_ctlreq.c ****   * @brief  USBD_ParseSetupRequest
 945:Middlewares/ST/STM32_USB_Device_Library/Core/Src/usbd_ctlreq.c ****   *         Copy buffer into setup structure
 946:Middlewares/ST/STM32_USB_Device_Library/Core/Src/usbd_ctlreq.c ****   * @param  req: usb request
 947:Middlewares/ST/STM32_USB_Device_Library/Core/Src/usbd_ctlreq.c ****   * @param  pdata: setup data pointer
 948:Middlewares/ST/STM32_USB_Device_Library/Core/Src/usbd_ctlreq.c ****   * @retval None
 949:Middlewares/ST/STM32_USB_Device_Library/Core/Src/usbd_ctlreq.c ****   */
 950:Middlewares/ST/STM32_USB_Device_Library/Core/Src/usbd_ctlreq.c **** void USBD_ParseSetupRequest(USBD_SetupReqTypedef *req, uint8_t *pdata)
 951:Middlewares/ST/STM32_USB_Device_Library/Core/Src/usbd_ctlreq.c **** {
 952:Middlewares/ST/STM32_USB_Device_Library/Core/Src/usbd_ctlreq.c ****   uint8_t *pbuff = pdata;
 953:Middlewares/ST/STM32_USB_Device_Library/Core/Src/usbd_ctlreq.c **** 
 954:Middlewares/ST/STM32_USB_Device_Library/Core/Src/usbd_ctlreq.c ****   req->bmRequest = *(uint8_t *)(pbuff);
 955:Middlewares/ST/STM32_USB_Device_Library/Core/Src/usbd_ctlreq.c **** 
 956:Middlewares/ST/STM32_USB_Device_Library/Core/Src/usbd_ctlreq.c ****   pbuff++;
 957:Middlewares/ST/STM32_USB_Device_Library/Core/Src/usbd_ctlreq.c ****   req->bRequest = *(uint8_t *)(pbuff);
 958:Middlewares/ST/STM32_USB_Device_Library/Core/Src/usbd_ctlreq.c **** 
 959:Middlewares/ST/STM32_USB_Device_Library/Core/Src/usbd_ctlreq.c ****   pbuff++;
 960:Middlewares/ST/STM32_USB_Device_Library/Core/Src/usbd_ctlreq.c ****   req->wValue = SWAPBYTE(pbuff);
 961:Middlewares/ST/STM32_USB_Device_Library/Core/Src/usbd_ctlreq.c **** 
 962:Middlewares/ST/STM32_USB_Device_Library/Core/Src/usbd_ctlreq.c ****   pbuff++;
 963:Middlewares/ST/STM32_USB_Device_Library/Core/Src/usbd_ctlreq.c ****   pbuff++;
 964:Middlewares/ST/STM32_USB_Device_Library/Core/Src/usbd_ctlreq.c ****   req->wIndex = SWAPBYTE(pbuff);
 965:Middlewares/ST/STM32_USB_Device_Library/Core/Src/usbd_ctlreq.c **** 
 966:Middlewares/ST/STM32_USB_Device_Library/Core/Src/usbd_ctlreq.c ****   pbuff++;
 967:Middlewares/ST/STM32_USB_Device_Library/Core/Src/usbd_ctlreq.c ****   pbuff++;
 968:Middlewares/ST/STM32_USB_Device_Library/Core/Src/usbd_ctlreq.c ****   req->wLength = SWAPBYTE(pbuff);
 969:Middlewares/ST/STM32_USB_Device_Library/Core/Src/usbd_ctlreq.c **** }
 970:Middlewares/ST/STM32_USB_Device_Library/Core/Src/usbd_ctlreq.c **** 
 971:Middlewares/ST/STM32_USB_Device_Library/Core/Src/usbd_ctlreq.c **** 
 972:Middlewares/ST/STM32_USB_Device_Library/Core/Src/usbd_ctlreq.c **** /**
 973:Middlewares/ST/STM32_USB_Device_Library/Core/Src/usbd_ctlreq.c ****   * @brief  USBD_CtlError
 974:Middlewares/ST/STM32_USB_Device_Library/Core/Src/usbd_ctlreq.c ****   *         Handle USB low level Error
 975:Middlewares/ST/STM32_USB_Device_Library/Core/Src/usbd_ctlreq.c ****   * @param  pdev: device instance
 976:Middlewares/ST/STM32_USB_Device_Library/Core/Src/usbd_ctlreq.c ****   * @param  req: usb request
 977:Middlewares/ST/STM32_USB_Device_Library/Core/Src/usbd_ctlreq.c ****   * @retval None
 978:Middlewares/ST/STM32_USB_Device_Library/Core/Src/usbd_ctlreq.c ****   */
 979:Middlewares/ST/STM32_USB_Device_Library/Core/Src/usbd_ctlreq.c **** void USBD_CtlError(USBD_HandleTypeDef *pdev, USBD_SetupReqTypedef *req)
 980:Middlewares/ST/STM32_USB_Device_Library/Core/Src/usbd_ctlreq.c **** {
 981:Middlewares/ST/STM32_USB_Device_Library/Core/Src/usbd_ctlreq.c ****   UNUSED(req);
 982:Middlewares/ST/STM32_USB_Device_Library/Core/Src/usbd_ctlreq.c **** 
 983:Middlewares/ST/STM32_USB_Device_Library/Core/Src/usbd_ctlreq.c ****   (void)USBD_LL_StallEP(pdev, 0x80U);
 984:Middlewares/ST/STM32_USB_Device_Library/Core/Src/usbd_ctlreq.c ****   (void)USBD_LL_StallEP(pdev, 0U);
 985:Middlewares/ST/STM32_USB_Device_Library/Core/Src/usbd_ctlreq.c **** }
 986:Middlewares/ST/STM32_USB_Device_Library/Core/Src/usbd_ctlreq.c **** 
 987:Middlewares/ST/STM32_USB_Device_Library/Core/Src/usbd_ctlreq.c **** 
 988:Middlewares/ST/STM32_USB_Device_Library/Core/Src/usbd_ctlreq.c **** /**
 989:Middlewares/ST/STM32_USB_Device_Library/Core/Src/usbd_ctlreq.c ****   * @brief  USBD_GetString
 990:Middlewares/ST/STM32_USB_Device_Library/Core/Src/usbd_ctlreq.c ****   *         Convert Ascii string into unicode one
 991:Middlewares/ST/STM32_USB_Device_Library/Core/Src/usbd_ctlreq.c ****   * @param  desc : descriptor buffer
 992:Middlewares/ST/STM32_USB_Device_Library/Core/Src/usbd_ctlreq.c ****   * @param  unicode : Formatted string buffer (unicode)
 993:Middlewares/ST/STM32_USB_Device_Library/Core/Src/usbd_ctlreq.c ****   * @param  len : descriptor length
 994:Middlewares/ST/STM32_USB_Device_Library/Core/Src/usbd_ctlreq.c ****   * @retval None
 995:Middlewares/ST/STM32_USB_Device_Library/Core/Src/usbd_ctlreq.c ****   */
 996:Middlewares/ST/STM32_USB_Device_Library/Core/Src/usbd_ctlreq.c **** void USBD_GetString(uint8_t *desc, uint8_t *unicode, uint16_t *len)
 997:Middlewares/ST/STM32_USB_Device_Library/Core/Src/usbd_ctlreq.c **** {
 998:Middlewares/ST/STM32_USB_Device_Library/Core/Src/usbd_ctlreq.c ****   uint8_t idx = 0U;
 999:Middlewares/ST/STM32_USB_Device_Library/Core/Src/usbd_ctlreq.c ****   uint8_t *pdesc;
ARM GAS  /tmp/ccDx2qBe.s 			page 19


1000:Middlewares/ST/STM32_USB_Device_Library/Core/Src/usbd_ctlreq.c **** 
1001:Middlewares/ST/STM32_USB_Device_Library/Core/Src/usbd_ctlreq.c ****   if (desc == NULL)
1002:Middlewares/ST/STM32_USB_Device_Library/Core/Src/usbd_ctlreq.c ****   {
1003:Middlewares/ST/STM32_USB_Device_Library/Core/Src/usbd_ctlreq.c ****     return;
1004:Middlewares/ST/STM32_USB_Device_Library/Core/Src/usbd_ctlreq.c ****   }
1005:Middlewares/ST/STM32_USB_Device_Library/Core/Src/usbd_ctlreq.c **** 
1006:Middlewares/ST/STM32_USB_Device_Library/Core/Src/usbd_ctlreq.c ****   pdesc = desc;
1007:Middlewares/ST/STM32_USB_Device_Library/Core/Src/usbd_ctlreq.c ****   *len = MIN(USBD_MAX_STR_DESC_SIZ, ((uint16_t)USBD_GetLen(pdesc) * 2U) + 2U);
1008:Middlewares/ST/STM32_USB_Device_Library/Core/Src/usbd_ctlreq.c **** 
1009:Middlewares/ST/STM32_USB_Device_Library/Core/Src/usbd_ctlreq.c ****   unicode[idx] = *(uint8_t *)len;
1010:Middlewares/ST/STM32_USB_Device_Library/Core/Src/usbd_ctlreq.c ****   idx++;
1011:Middlewares/ST/STM32_USB_Device_Library/Core/Src/usbd_ctlreq.c ****   unicode[idx] = USB_DESC_TYPE_STRING;
1012:Middlewares/ST/STM32_USB_Device_Library/Core/Src/usbd_ctlreq.c ****   idx++;
1013:Middlewares/ST/STM32_USB_Device_Library/Core/Src/usbd_ctlreq.c **** 
1014:Middlewares/ST/STM32_USB_Device_Library/Core/Src/usbd_ctlreq.c ****   while (*pdesc != (uint8_t)'\0')
1015:Middlewares/ST/STM32_USB_Device_Library/Core/Src/usbd_ctlreq.c ****   {
1016:Middlewares/ST/STM32_USB_Device_Library/Core/Src/usbd_ctlreq.c ****     unicode[idx] = *pdesc;
1017:Middlewares/ST/STM32_USB_Device_Library/Core/Src/usbd_ctlreq.c ****     pdesc++;
1018:Middlewares/ST/STM32_USB_Device_Library/Core/Src/usbd_ctlreq.c ****     idx++;
1019:Middlewares/ST/STM32_USB_Device_Library/Core/Src/usbd_ctlreq.c **** 
1020:Middlewares/ST/STM32_USB_Device_Library/Core/Src/usbd_ctlreq.c ****     unicode[idx] = 0U;
1021:Middlewares/ST/STM32_USB_Device_Library/Core/Src/usbd_ctlreq.c ****     idx++;
1022:Middlewares/ST/STM32_USB_Device_Library/Core/Src/usbd_ctlreq.c ****   }
1023:Middlewares/ST/STM32_USB_Device_Library/Core/Src/usbd_ctlreq.c **** }
1024:Middlewares/ST/STM32_USB_Device_Library/Core/Src/usbd_ctlreq.c **** 
1025:Middlewares/ST/STM32_USB_Device_Library/Core/Src/usbd_ctlreq.c **** 
1026:Middlewares/ST/STM32_USB_Device_Library/Core/Src/usbd_ctlreq.c **** /**
1027:Middlewares/ST/STM32_USB_Device_Library/Core/Src/usbd_ctlreq.c ****   * @brief  USBD_GetLen
1028:Middlewares/ST/STM32_USB_Device_Library/Core/Src/usbd_ctlreq.c ****   *         return the string length
1029:Middlewares/ST/STM32_USB_Device_Library/Core/Src/usbd_ctlreq.c ****    * @param  buf : pointer to the ascii string buffer
1030:Middlewares/ST/STM32_USB_Device_Library/Core/Src/usbd_ctlreq.c ****   * @retval string length
1031:Middlewares/ST/STM32_USB_Device_Library/Core/Src/usbd_ctlreq.c ****   */
1032:Middlewares/ST/STM32_USB_Device_Library/Core/Src/usbd_ctlreq.c **** static uint8_t USBD_GetLen(uint8_t *buf)
1033:Middlewares/ST/STM32_USB_Device_Library/Core/Src/usbd_ctlreq.c **** {
  29              		.loc 1 1033 1 view -0
  30              		.cfi_startproc
  31              		@ args = 0, pretend = 0, frame = 0
  32              		@ frame_needed = 0, uses_anonymous_args = 0
  33              		@ link register save eliminated.
  34              		.loc 1 1033 1 is_stmt 0 view .LVU1
  35 0000 0346     		mov	r3, r0
1034:Middlewares/ST/STM32_USB_Device_Library/Core/Src/usbd_ctlreq.c ****   uint8_t  len = 0U;
  36              		.loc 1 1034 3 is_stmt 1 view .LVU2
  37              	.LVL1:
1035:Middlewares/ST/STM32_USB_Device_Library/Core/Src/usbd_ctlreq.c ****   uint8_t *pbuff = buf;
  38              		.loc 1 1035 3 view .LVU3
1036:Middlewares/ST/STM32_USB_Device_Library/Core/Src/usbd_ctlreq.c **** 
1037:Middlewares/ST/STM32_USB_Device_Library/Core/Src/usbd_ctlreq.c ****   while (*pbuff != (uint8_t)'\0')
  39              		.loc 1 1037 3 view .LVU4
1034:Middlewares/ST/STM32_USB_Device_Library/Core/Src/usbd_ctlreq.c ****   uint8_t *pbuff = buf;
  40              		.loc 1 1034 12 is_stmt 0 view .LVU5
  41 0002 0020     		movs	r0, #0
  42              	.LVL2:
  43              		.loc 1 1037 9 view .LVU6
  44 0004 02E0     		b	.L2
  45              	.LVL3:
  46              	.L3:
ARM GAS  /tmp/ccDx2qBe.s 			page 20


1038:Middlewares/ST/STM32_USB_Device_Library/Core/Src/usbd_ctlreq.c ****   {
1039:Middlewares/ST/STM32_USB_Device_Library/Core/Src/usbd_ctlreq.c ****     len++;
  47              		.loc 1 1039 5 is_stmt 1 view .LVU7
  48              		.loc 1 1039 8 is_stmt 0 view .LVU8
  49 0006 0130     		adds	r0, r0, #1
  50              	.LVL4:
  51              		.loc 1 1039 8 view .LVU9
  52 0008 C0B2     		uxtb	r0, r0
  53              	.LVL5:
1040:Middlewares/ST/STM32_USB_Device_Library/Core/Src/usbd_ctlreq.c ****     pbuff++;
  54              		.loc 1 1040 5 is_stmt 1 view .LVU10
  55              		.loc 1 1040 10 is_stmt 0 view .LVU11
  56 000a 0133     		adds	r3, r3, #1
  57              	.LVL6:
  58              	.L2:
1037:Middlewares/ST/STM32_USB_Device_Library/Core/Src/usbd_ctlreq.c ****   {
  59              		.loc 1 1037 17 is_stmt 1 view .LVU12
1037:Middlewares/ST/STM32_USB_Device_Library/Core/Src/usbd_ctlreq.c ****   {
  60              		.loc 1 1037 10 is_stmt 0 view .LVU13
  61 000c 1A78     		ldrb	r2, [r3]	@ zero_extendqisi2
1037:Middlewares/ST/STM32_USB_Device_Library/Core/Src/usbd_ctlreq.c ****   {
  62              		.loc 1 1037 17 view .LVU14
  63 000e 002A     		cmp	r2, #0
  64 0010 F9D1     		bne	.L3
1041:Middlewares/ST/STM32_USB_Device_Library/Core/Src/usbd_ctlreq.c ****   }
1042:Middlewares/ST/STM32_USB_Device_Library/Core/Src/usbd_ctlreq.c **** 
1043:Middlewares/ST/STM32_USB_Device_Library/Core/Src/usbd_ctlreq.c ****   return len;
  65              		.loc 1 1043 3 is_stmt 1 view .LVU15
1044:Middlewares/ST/STM32_USB_Device_Library/Core/Src/usbd_ctlreq.c **** }
  66              		.loc 1 1044 1 is_stmt 0 view .LVU16
  67 0012 7047     		bx	lr
  68              		.cfi_endproc
  69              	.LFE401:
  71              		.section	.text.USBD_ParseSetupRequest,"ax",%progbits
  72              		.align	1
  73              		.global	USBD_ParseSetupRequest
  74              		.syntax unified
  75              		.thumb
  76              		.thumb_func
  78              	USBD_ParseSetupRequest:
  79              	.LVL7:
  80              	.LFB398:
 951:Middlewares/ST/STM32_USB_Device_Library/Core/Src/usbd_ctlreq.c ****   uint8_t *pbuff = pdata;
  81              		.loc 1 951 1 is_stmt 1 view -0
  82              		.cfi_startproc
  83              		@ args = 0, pretend = 0, frame = 0
  84              		@ frame_needed = 0, uses_anonymous_args = 0
  85              		@ link register save eliminated.
 952:Middlewares/ST/STM32_USB_Device_Library/Core/Src/usbd_ctlreq.c **** 
  86              		.loc 1 952 3 view .LVU18
 954:Middlewares/ST/STM32_USB_Device_Library/Core/Src/usbd_ctlreq.c **** 
  87              		.loc 1 954 3 view .LVU19
 954:Middlewares/ST/STM32_USB_Device_Library/Core/Src/usbd_ctlreq.c **** 
  88              		.loc 1 954 20 is_stmt 0 view .LVU20
  89 0000 0B78     		ldrb	r3, [r1]	@ zero_extendqisi2
 954:Middlewares/ST/STM32_USB_Device_Library/Core/Src/usbd_ctlreq.c **** 
  90              		.loc 1 954 18 view .LVU21
ARM GAS  /tmp/ccDx2qBe.s 			page 21


  91 0002 0370     		strb	r3, [r0]
 956:Middlewares/ST/STM32_USB_Device_Library/Core/Src/usbd_ctlreq.c ****   req->bRequest = *(uint8_t *)(pbuff);
  92              		.loc 1 956 3 is_stmt 1 view .LVU22
  93              	.LVL8:
 957:Middlewares/ST/STM32_USB_Device_Library/Core/Src/usbd_ctlreq.c **** 
  94              		.loc 1 957 3 view .LVU23
 957:Middlewares/ST/STM32_USB_Device_Library/Core/Src/usbd_ctlreq.c **** 
  95              		.loc 1 957 19 is_stmt 0 view .LVU24
  96 0004 4B78     		ldrb	r3, [r1, #1]	@ zero_extendqisi2
 957:Middlewares/ST/STM32_USB_Device_Library/Core/Src/usbd_ctlreq.c **** 
  97              		.loc 1 957 17 view .LVU25
  98 0006 4370     		strb	r3, [r0, #1]
 959:Middlewares/ST/STM32_USB_Device_Library/Core/Src/usbd_ctlreq.c ****   req->wValue = SWAPBYTE(pbuff);
  99              		.loc 1 959 3 is_stmt 1 view .LVU26
 100              	.LVL9:
 960:Middlewares/ST/STM32_USB_Device_Library/Core/Src/usbd_ctlreq.c **** 
 101              		.loc 1 960 3 view .LVU27
 102              	.LBB8:
 103              	.LBI8:
 104              		.file 2 "Middlewares/ST/STM32_USB_Device_Library/Core/Inc/usbd_def.h"
   1:Middlewares/ST/STM32_USB_Device_Library/Core/Inc/usbd_def.h **** /**
   2:Middlewares/ST/STM32_USB_Device_Library/Core/Inc/usbd_def.h ****   ******************************************************************************
   3:Middlewares/ST/STM32_USB_Device_Library/Core/Inc/usbd_def.h ****   * @file    usbd_def.h
   4:Middlewares/ST/STM32_USB_Device_Library/Core/Inc/usbd_def.h ****   * @author  MCD Application Team
   5:Middlewares/ST/STM32_USB_Device_Library/Core/Inc/usbd_def.h ****   * @brief   General defines for the usb device library
   6:Middlewares/ST/STM32_USB_Device_Library/Core/Inc/usbd_def.h ****   ******************************************************************************
   7:Middlewares/ST/STM32_USB_Device_Library/Core/Inc/usbd_def.h ****   * @attention
   8:Middlewares/ST/STM32_USB_Device_Library/Core/Inc/usbd_def.h ****   *
   9:Middlewares/ST/STM32_USB_Device_Library/Core/Inc/usbd_def.h ****   * Copyright (c) 2015 STMicroelectronics.
  10:Middlewares/ST/STM32_USB_Device_Library/Core/Inc/usbd_def.h ****   * All rights reserved.
  11:Middlewares/ST/STM32_USB_Device_Library/Core/Inc/usbd_def.h ****   *
  12:Middlewares/ST/STM32_USB_Device_Library/Core/Inc/usbd_def.h ****   * This software is licensed under terms that can be found in the LICENSE file
  13:Middlewares/ST/STM32_USB_Device_Library/Core/Inc/usbd_def.h ****   * in the root directory of this software component.
  14:Middlewares/ST/STM32_USB_Device_Library/Core/Inc/usbd_def.h ****   * If no LICENSE file comes with this software, it is provided AS-IS.
  15:Middlewares/ST/STM32_USB_Device_Library/Core/Inc/usbd_def.h ****   *
  16:Middlewares/ST/STM32_USB_Device_Library/Core/Inc/usbd_def.h ****   ******************************************************************************
  17:Middlewares/ST/STM32_USB_Device_Library/Core/Inc/usbd_def.h ****   */
  18:Middlewares/ST/STM32_USB_Device_Library/Core/Inc/usbd_def.h **** 
  19:Middlewares/ST/STM32_USB_Device_Library/Core/Inc/usbd_def.h **** /* Define to prevent recursive inclusion -------------------------------------*/
  20:Middlewares/ST/STM32_USB_Device_Library/Core/Inc/usbd_def.h **** #ifndef __USBD_DEF_H
  21:Middlewares/ST/STM32_USB_Device_Library/Core/Inc/usbd_def.h **** #define __USBD_DEF_H
  22:Middlewares/ST/STM32_USB_Device_Library/Core/Inc/usbd_def.h **** 
  23:Middlewares/ST/STM32_USB_Device_Library/Core/Inc/usbd_def.h **** #ifdef __cplusplus
  24:Middlewares/ST/STM32_USB_Device_Library/Core/Inc/usbd_def.h **** extern "C" {
  25:Middlewares/ST/STM32_USB_Device_Library/Core/Inc/usbd_def.h **** #endif
  26:Middlewares/ST/STM32_USB_Device_Library/Core/Inc/usbd_def.h **** 
  27:Middlewares/ST/STM32_USB_Device_Library/Core/Inc/usbd_def.h **** /* Includes ------------------------------------------------------------------*/
  28:Middlewares/ST/STM32_USB_Device_Library/Core/Inc/usbd_def.h **** #include "usbd_conf.h"
  29:Middlewares/ST/STM32_USB_Device_Library/Core/Inc/usbd_def.h **** 
  30:Middlewares/ST/STM32_USB_Device_Library/Core/Inc/usbd_def.h **** /** @addtogroup STM32_USBD_DEVICE_LIBRARY
  31:Middlewares/ST/STM32_USB_Device_Library/Core/Inc/usbd_def.h ****   * @{
  32:Middlewares/ST/STM32_USB_Device_Library/Core/Inc/usbd_def.h ****   */
  33:Middlewares/ST/STM32_USB_Device_Library/Core/Inc/usbd_def.h **** 
  34:Middlewares/ST/STM32_USB_Device_Library/Core/Inc/usbd_def.h **** /** @defgroup USB_DEF
  35:Middlewares/ST/STM32_USB_Device_Library/Core/Inc/usbd_def.h ****   * @brief general defines for the usb device library file
  36:Middlewares/ST/STM32_USB_Device_Library/Core/Inc/usbd_def.h ****   * @{
  37:Middlewares/ST/STM32_USB_Device_Library/Core/Inc/usbd_def.h ****   */
ARM GAS  /tmp/ccDx2qBe.s 			page 22


  38:Middlewares/ST/STM32_USB_Device_Library/Core/Inc/usbd_def.h **** 
  39:Middlewares/ST/STM32_USB_Device_Library/Core/Inc/usbd_def.h **** /** @defgroup USB_DEF_Exported_Defines
  40:Middlewares/ST/STM32_USB_Device_Library/Core/Inc/usbd_def.h ****   * @{
  41:Middlewares/ST/STM32_USB_Device_Library/Core/Inc/usbd_def.h ****   */
  42:Middlewares/ST/STM32_USB_Device_Library/Core/Inc/usbd_def.h **** 
  43:Middlewares/ST/STM32_USB_Device_Library/Core/Inc/usbd_def.h **** #ifndef NULL
  44:Middlewares/ST/STM32_USB_Device_Library/Core/Inc/usbd_def.h **** #define NULL                                            0U
  45:Middlewares/ST/STM32_USB_Device_Library/Core/Inc/usbd_def.h **** #endif /* NULL */
  46:Middlewares/ST/STM32_USB_Device_Library/Core/Inc/usbd_def.h **** 
  47:Middlewares/ST/STM32_USB_Device_Library/Core/Inc/usbd_def.h **** #ifndef USBD_MAX_NUM_INTERFACES
  48:Middlewares/ST/STM32_USB_Device_Library/Core/Inc/usbd_def.h **** #define USBD_MAX_NUM_INTERFACES                         1U
  49:Middlewares/ST/STM32_USB_Device_Library/Core/Inc/usbd_def.h **** #endif /* USBD_MAX_NUM_CONFIGURATION */
  50:Middlewares/ST/STM32_USB_Device_Library/Core/Inc/usbd_def.h **** 
  51:Middlewares/ST/STM32_USB_Device_Library/Core/Inc/usbd_def.h **** #ifndef USBD_MAX_NUM_CONFIGURATION
  52:Middlewares/ST/STM32_USB_Device_Library/Core/Inc/usbd_def.h **** #define USBD_MAX_NUM_CONFIGURATION                      1U
  53:Middlewares/ST/STM32_USB_Device_Library/Core/Inc/usbd_def.h **** #endif /* USBD_MAX_NUM_CONFIGURATION */
  54:Middlewares/ST/STM32_USB_Device_Library/Core/Inc/usbd_def.h **** 
  55:Middlewares/ST/STM32_USB_Device_Library/Core/Inc/usbd_def.h **** #ifdef USE_USBD_COMPOSITE
  56:Middlewares/ST/STM32_USB_Device_Library/Core/Inc/usbd_def.h **** #ifndef USBD_MAX_SUPPORTED_CLASS
  57:Middlewares/ST/STM32_USB_Device_Library/Core/Inc/usbd_def.h **** #define USBD_MAX_SUPPORTED_CLASS                       4U
  58:Middlewares/ST/STM32_USB_Device_Library/Core/Inc/usbd_def.h **** #endif /* USBD_MAX_SUPPORTED_CLASS */
  59:Middlewares/ST/STM32_USB_Device_Library/Core/Inc/usbd_def.h **** #else
  60:Middlewares/ST/STM32_USB_Device_Library/Core/Inc/usbd_def.h **** #ifndef USBD_MAX_SUPPORTED_CLASS
  61:Middlewares/ST/STM32_USB_Device_Library/Core/Inc/usbd_def.h **** #define USBD_MAX_SUPPORTED_CLASS                       1U
  62:Middlewares/ST/STM32_USB_Device_Library/Core/Inc/usbd_def.h **** #endif /* USBD_MAX_SUPPORTED_CLASS */
  63:Middlewares/ST/STM32_USB_Device_Library/Core/Inc/usbd_def.h **** #endif /* USE_USBD_COMPOSITE */
  64:Middlewares/ST/STM32_USB_Device_Library/Core/Inc/usbd_def.h **** 
  65:Middlewares/ST/STM32_USB_Device_Library/Core/Inc/usbd_def.h **** #ifndef USBD_MAX_CLASS_ENDPOINTS
  66:Middlewares/ST/STM32_USB_Device_Library/Core/Inc/usbd_def.h **** #define USBD_MAX_CLASS_ENDPOINTS                       5U
  67:Middlewares/ST/STM32_USB_Device_Library/Core/Inc/usbd_def.h **** #endif /* USBD_MAX_CLASS_ENDPOINTS */
  68:Middlewares/ST/STM32_USB_Device_Library/Core/Inc/usbd_def.h **** 
  69:Middlewares/ST/STM32_USB_Device_Library/Core/Inc/usbd_def.h **** #ifndef USBD_MAX_CLASS_INTERFACES
  70:Middlewares/ST/STM32_USB_Device_Library/Core/Inc/usbd_def.h **** #define USBD_MAX_CLASS_INTERFACES                      5U
  71:Middlewares/ST/STM32_USB_Device_Library/Core/Inc/usbd_def.h **** #endif /* USBD_MAX_CLASS_INTERFACES */
  72:Middlewares/ST/STM32_USB_Device_Library/Core/Inc/usbd_def.h **** 
  73:Middlewares/ST/STM32_USB_Device_Library/Core/Inc/usbd_def.h **** #ifndef USBD_LPM_ENABLED
  74:Middlewares/ST/STM32_USB_Device_Library/Core/Inc/usbd_def.h **** #define USBD_LPM_ENABLED                                0U
  75:Middlewares/ST/STM32_USB_Device_Library/Core/Inc/usbd_def.h **** #endif /* USBD_LPM_ENABLED */
  76:Middlewares/ST/STM32_USB_Device_Library/Core/Inc/usbd_def.h **** 
  77:Middlewares/ST/STM32_USB_Device_Library/Core/Inc/usbd_def.h **** #ifndef USBD_SELF_POWERED
  78:Middlewares/ST/STM32_USB_Device_Library/Core/Inc/usbd_def.h **** #define USBD_SELF_POWERED                               1U
  79:Middlewares/ST/STM32_USB_Device_Library/Core/Inc/usbd_def.h **** #endif /*USBD_SELF_POWERED */
  80:Middlewares/ST/STM32_USB_Device_Library/Core/Inc/usbd_def.h **** 
  81:Middlewares/ST/STM32_USB_Device_Library/Core/Inc/usbd_def.h **** #ifndef USBD_MAX_POWER
  82:Middlewares/ST/STM32_USB_Device_Library/Core/Inc/usbd_def.h **** #define USBD_MAX_POWER                                  0x32U /* 100 mA */
  83:Middlewares/ST/STM32_USB_Device_Library/Core/Inc/usbd_def.h **** #endif /* USBD_MAX_POWER */
  84:Middlewares/ST/STM32_USB_Device_Library/Core/Inc/usbd_def.h **** 
  85:Middlewares/ST/STM32_USB_Device_Library/Core/Inc/usbd_def.h **** #ifndef USBD_SUPPORT_USER_STRING_DESC
  86:Middlewares/ST/STM32_USB_Device_Library/Core/Inc/usbd_def.h **** #define USBD_SUPPORT_USER_STRING_DESC                   0U
  87:Middlewares/ST/STM32_USB_Device_Library/Core/Inc/usbd_def.h **** #endif /* USBD_SUPPORT_USER_STRING_DESC */
  88:Middlewares/ST/STM32_USB_Device_Library/Core/Inc/usbd_def.h **** 
  89:Middlewares/ST/STM32_USB_Device_Library/Core/Inc/usbd_def.h **** #ifndef USBD_CLASS_USER_STRING_DESC
  90:Middlewares/ST/STM32_USB_Device_Library/Core/Inc/usbd_def.h **** #define USBD_CLASS_USER_STRING_DESC                     0U
  91:Middlewares/ST/STM32_USB_Device_Library/Core/Inc/usbd_def.h **** #endif /* USBD_CLASS_USER_STRING_DESC */
  92:Middlewares/ST/STM32_USB_Device_Library/Core/Inc/usbd_def.h **** 
  93:Middlewares/ST/STM32_USB_Device_Library/Core/Inc/usbd_def.h **** #define  USB_LEN_DEV_QUALIFIER_DESC                     0x0AU
  94:Middlewares/ST/STM32_USB_Device_Library/Core/Inc/usbd_def.h **** #define  USB_LEN_DEV_DESC                               0x12U
ARM GAS  /tmp/ccDx2qBe.s 			page 23


  95:Middlewares/ST/STM32_USB_Device_Library/Core/Inc/usbd_def.h **** #define  USB_LEN_CFG_DESC                               0x09U
  96:Middlewares/ST/STM32_USB_Device_Library/Core/Inc/usbd_def.h **** #define  USB_LEN_IF_DESC                                0x09U
  97:Middlewares/ST/STM32_USB_Device_Library/Core/Inc/usbd_def.h **** #define  USB_LEN_EP_DESC                                0x07U
  98:Middlewares/ST/STM32_USB_Device_Library/Core/Inc/usbd_def.h **** #define  USB_LEN_OTG_DESC                               0x03U
  99:Middlewares/ST/STM32_USB_Device_Library/Core/Inc/usbd_def.h **** #define  USB_LEN_LANGID_STR_DESC                        0x04U
 100:Middlewares/ST/STM32_USB_Device_Library/Core/Inc/usbd_def.h **** #define  USB_LEN_OTHER_SPEED_DESC_SIZ                   0x09U
 101:Middlewares/ST/STM32_USB_Device_Library/Core/Inc/usbd_def.h **** 
 102:Middlewares/ST/STM32_USB_Device_Library/Core/Inc/usbd_def.h **** #define  USBD_IDX_LANGID_STR                            0x00U
 103:Middlewares/ST/STM32_USB_Device_Library/Core/Inc/usbd_def.h **** #define  USBD_IDX_MFC_STR                               0x01U
 104:Middlewares/ST/STM32_USB_Device_Library/Core/Inc/usbd_def.h **** #define  USBD_IDX_PRODUCT_STR                           0x02U
 105:Middlewares/ST/STM32_USB_Device_Library/Core/Inc/usbd_def.h **** #define  USBD_IDX_SERIAL_STR                            0x03U
 106:Middlewares/ST/STM32_USB_Device_Library/Core/Inc/usbd_def.h **** #define  USBD_IDX_CONFIG_STR                            0x04U
 107:Middlewares/ST/STM32_USB_Device_Library/Core/Inc/usbd_def.h **** #define  USBD_IDX_INTERFACE_STR                         0x05U
 108:Middlewares/ST/STM32_USB_Device_Library/Core/Inc/usbd_def.h **** 
 109:Middlewares/ST/STM32_USB_Device_Library/Core/Inc/usbd_def.h **** #define  USB_REQ_TYPE_STANDARD                          0x00U
 110:Middlewares/ST/STM32_USB_Device_Library/Core/Inc/usbd_def.h **** #define  USB_REQ_TYPE_CLASS                             0x20U
 111:Middlewares/ST/STM32_USB_Device_Library/Core/Inc/usbd_def.h **** #define  USB_REQ_TYPE_VENDOR                            0x40U
 112:Middlewares/ST/STM32_USB_Device_Library/Core/Inc/usbd_def.h **** #define  USB_REQ_TYPE_MASK                              0x60U
 113:Middlewares/ST/STM32_USB_Device_Library/Core/Inc/usbd_def.h **** 
 114:Middlewares/ST/STM32_USB_Device_Library/Core/Inc/usbd_def.h **** #define  USB_REQ_RECIPIENT_DEVICE                       0x00U
 115:Middlewares/ST/STM32_USB_Device_Library/Core/Inc/usbd_def.h **** #define  USB_REQ_RECIPIENT_INTERFACE                    0x01U
 116:Middlewares/ST/STM32_USB_Device_Library/Core/Inc/usbd_def.h **** #define  USB_REQ_RECIPIENT_ENDPOINT                     0x02U
 117:Middlewares/ST/STM32_USB_Device_Library/Core/Inc/usbd_def.h **** #define  USB_REQ_RECIPIENT_MASK                         0x03U
 118:Middlewares/ST/STM32_USB_Device_Library/Core/Inc/usbd_def.h **** 
 119:Middlewares/ST/STM32_USB_Device_Library/Core/Inc/usbd_def.h **** #define  USB_REQ_GET_STATUS                             0x00U
 120:Middlewares/ST/STM32_USB_Device_Library/Core/Inc/usbd_def.h **** #define  USB_REQ_CLEAR_FEATURE                          0x01U
 121:Middlewares/ST/STM32_USB_Device_Library/Core/Inc/usbd_def.h **** #define  USB_REQ_SET_FEATURE                            0x03U
 122:Middlewares/ST/STM32_USB_Device_Library/Core/Inc/usbd_def.h **** #define  USB_REQ_SET_ADDRESS                            0x05U
 123:Middlewares/ST/STM32_USB_Device_Library/Core/Inc/usbd_def.h **** #define  USB_REQ_GET_DESCRIPTOR                         0x06U
 124:Middlewares/ST/STM32_USB_Device_Library/Core/Inc/usbd_def.h **** #define  USB_REQ_SET_DESCRIPTOR                         0x07U
 125:Middlewares/ST/STM32_USB_Device_Library/Core/Inc/usbd_def.h **** #define  USB_REQ_GET_CONFIGURATION                      0x08U
 126:Middlewares/ST/STM32_USB_Device_Library/Core/Inc/usbd_def.h **** #define  USB_REQ_SET_CONFIGURATION                      0x09U
 127:Middlewares/ST/STM32_USB_Device_Library/Core/Inc/usbd_def.h **** #define  USB_REQ_GET_INTERFACE                          0x0AU
 128:Middlewares/ST/STM32_USB_Device_Library/Core/Inc/usbd_def.h **** #define  USB_REQ_SET_INTERFACE                          0x0BU
 129:Middlewares/ST/STM32_USB_Device_Library/Core/Inc/usbd_def.h **** #define  USB_REQ_SYNCH_FRAME                            0x0CU
 130:Middlewares/ST/STM32_USB_Device_Library/Core/Inc/usbd_def.h **** 
 131:Middlewares/ST/STM32_USB_Device_Library/Core/Inc/usbd_def.h **** #define  USB_DESC_TYPE_DEVICE                           0x01U
 132:Middlewares/ST/STM32_USB_Device_Library/Core/Inc/usbd_def.h **** #define  USB_DESC_TYPE_CONFIGURATION                    0x02U
 133:Middlewares/ST/STM32_USB_Device_Library/Core/Inc/usbd_def.h **** #define  USB_DESC_TYPE_STRING                           0x03U
 134:Middlewares/ST/STM32_USB_Device_Library/Core/Inc/usbd_def.h **** #define  USB_DESC_TYPE_INTERFACE                        0x04U
 135:Middlewares/ST/STM32_USB_Device_Library/Core/Inc/usbd_def.h **** #define  USB_DESC_TYPE_ENDPOINT                         0x05U
 136:Middlewares/ST/STM32_USB_Device_Library/Core/Inc/usbd_def.h **** #define  USB_DESC_TYPE_DEVICE_QUALIFIER                 0x06U
 137:Middlewares/ST/STM32_USB_Device_Library/Core/Inc/usbd_def.h **** #define  USB_DESC_TYPE_OTHER_SPEED_CONFIGURATION        0x07U
 138:Middlewares/ST/STM32_USB_Device_Library/Core/Inc/usbd_def.h **** #define  USB_DESC_TYPE_IAD                              0x0BU
 139:Middlewares/ST/STM32_USB_Device_Library/Core/Inc/usbd_def.h **** #define  USB_DESC_TYPE_BOS                              0x0FU
 140:Middlewares/ST/STM32_USB_Device_Library/Core/Inc/usbd_def.h **** 
 141:Middlewares/ST/STM32_USB_Device_Library/Core/Inc/usbd_def.h **** #define USB_CONFIG_REMOTE_WAKEUP                        0x02U
 142:Middlewares/ST/STM32_USB_Device_Library/Core/Inc/usbd_def.h **** #define USB_CONFIG_SELF_POWERED                         0x01U
 143:Middlewares/ST/STM32_USB_Device_Library/Core/Inc/usbd_def.h **** 
 144:Middlewares/ST/STM32_USB_Device_Library/Core/Inc/usbd_def.h **** #define USB_FEATURE_EP_HALT                             0x00U
 145:Middlewares/ST/STM32_USB_Device_Library/Core/Inc/usbd_def.h **** #define USB_FEATURE_REMOTE_WAKEUP                       0x01U
 146:Middlewares/ST/STM32_USB_Device_Library/Core/Inc/usbd_def.h **** #define USB_FEATURE_TEST_MODE                           0x02U
 147:Middlewares/ST/STM32_USB_Device_Library/Core/Inc/usbd_def.h **** 
 148:Middlewares/ST/STM32_USB_Device_Library/Core/Inc/usbd_def.h **** #define USB_DEVICE_CAPABITY_TYPE                        0x10U
 149:Middlewares/ST/STM32_USB_Device_Library/Core/Inc/usbd_def.h **** 
 150:Middlewares/ST/STM32_USB_Device_Library/Core/Inc/usbd_def.h **** #define USB_CONF_DESC_SIZE                              0x09U
 151:Middlewares/ST/STM32_USB_Device_Library/Core/Inc/usbd_def.h **** #define USB_IF_DESC_SIZE                                0x09U
ARM GAS  /tmp/ccDx2qBe.s 			page 24


 152:Middlewares/ST/STM32_USB_Device_Library/Core/Inc/usbd_def.h **** #define USB_EP_DESC_SIZE                                0x07U
 153:Middlewares/ST/STM32_USB_Device_Library/Core/Inc/usbd_def.h **** #define USB_IAD_DESC_SIZE                               0x08U
 154:Middlewares/ST/STM32_USB_Device_Library/Core/Inc/usbd_def.h **** 
 155:Middlewares/ST/STM32_USB_Device_Library/Core/Inc/usbd_def.h **** #define USB_HS_MAX_PACKET_SIZE                          512U
 156:Middlewares/ST/STM32_USB_Device_Library/Core/Inc/usbd_def.h **** #define USB_FS_MAX_PACKET_SIZE                          64U
 157:Middlewares/ST/STM32_USB_Device_Library/Core/Inc/usbd_def.h **** #define USB_MAX_EP0_SIZE                                64U
 158:Middlewares/ST/STM32_USB_Device_Library/Core/Inc/usbd_def.h **** 
 159:Middlewares/ST/STM32_USB_Device_Library/Core/Inc/usbd_def.h **** /*  Device Status */
 160:Middlewares/ST/STM32_USB_Device_Library/Core/Inc/usbd_def.h **** #define USBD_STATE_DEFAULT                              0x01U
 161:Middlewares/ST/STM32_USB_Device_Library/Core/Inc/usbd_def.h **** #define USBD_STATE_ADDRESSED                            0x02U
 162:Middlewares/ST/STM32_USB_Device_Library/Core/Inc/usbd_def.h **** #define USBD_STATE_CONFIGURED                           0x03U
 163:Middlewares/ST/STM32_USB_Device_Library/Core/Inc/usbd_def.h **** #define USBD_STATE_SUSPENDED                            0x04U
 164:Middlewares/ST/STM32_USB_Device_Library/Core/Inc/usbd_def.h **** 
 165:Middlewares/ST/STM32_USB_Device_Library/Core/Inc/usbd_def.h **** 
 166:Middlewares/ST/STM32_USB_Device_Library/Core/Inc/usbd_def.h **** /*  EP0 State */
 167:Middlewares/ST/STM32_USB_Device_Library/Core/Inc/usbd_def.h **** #define USBD_EP0_IDLE                                   0x00U
 168:Middlewares/ST/STM32_USB_Device_Library/Core/Inc/usbd_def.h **** #define USBD_EP0_SETUP                                  0x01U
 169:Middlewares/ST/STM32_USB_Device_Library/Core/Inc/usbd_def.h **** #define USBD_EP0_DATA_IN                                0x02U
 170:Middlewares/ST/STM32_USB_Device_Library/Core/Inc/usbd_def.h **** #define USBD_EP0_DATA_OUT                               0x03U
 171:Middlewares/ST/STM32_USB_Device_Library/Core/Inc/usbd_def.h **** #define USBD_EP0_STATUS_IN                              0x04U
 172:Middlewares/ST/STM32_USB_Device_Library/Core/Inc/usbd_def.h **** #define USBD_EP0_STATUS_OUT                             0x05U
 173:Middlewares/ST/STM32_USB_Device_Library/Core/Inc/usbd_def.h **** #define USBD_EP0_STALL                                  0x06U
 174:Middlewares/ST/STM32_USB_Device_Library/Core/Inc/usbd_def.h **** 
 175:Middlewares/ST/STM32_USB_Device_Library/Core/Inc/usbd_def.h **** #define USBD_EP_TYPE_CTRL                               0x00U
 176:Middlewares/ST/STM32_USB_Device_Library/Core/Inc/usbd_def.h **** #define USBD_EP_TYPE_ISOC                               0x01U
 177:Middlewares/ST/STM32_USB_Device_Library/Core/Inc/usbd_def.h **** #define USBD_EP_TYPE_BULK                               0x02U
 178:Middlewares/ST/STM32_USB_Device_Library/Core/Inc/usbd_def.h **** #define USBD_EP_TYPE_INTR                               0x03U
 179:Middlewares/ST/STM32_USB_Device_Library/Core/Inc/usbd_def.h **** 
 180:Middlewares/ST/STM32_USB_Device_Library/Core/Inc/usbd_def.h **** #ifdef USE_USBD_COMPOSITE
 181:Middlewares/ST/STM32_USB_Device_Library/Core/Inc/usbd_def.h **** #define USBD_EP_IN                                      0x80U
 182:Middlewares/ST/STM32_USB_Device_Library/Core/Inc/usbd_def.h **** #define USBD_EP_OUT                                     0x00U
 183:Middlewares/ST/STM32_USB_Device_Library/Core/Inc/usbd_def.h **** #define USBD_FUNC_DESCRIPTOR_TYPE                       0x24U
 184:Middlewares/ST/STM32_USB_Device_Library/Core/Inc/usbd_def.h **** #define USBD_DESC_SUBTYPE_ACM                           0x0FU
 185:Middlewares/ST/STM32_USB_Device_Library/Core/Inc/usbd_def.h **** #define USBD_DESC_ECM_BCD_LOW                           0x00U
 186:Middlewares/ST/STM32_USB_Device_Library/Core/Inc/usbd_def.h **** #define USBD_DESC_ECM_BCD_HIGH                          0x10U
 187:Middlewares/ST/STM32_USB_Device_Library/Core/Inc/usbd_def.h **** #endif /* USE_USBD_COMPOSITE */
 188:Middlewares/ST/STM32_USB_Device_Library/Core/Inc/usbd_def.h **** /**
 189:Middlewares/ST/STM32_USB_Device_Library/Core/Inc/usbd_def.h ****   * @}
 190:Middlewares/ST/STM32_USB_Device_Library/Core/Inc/usbd_def.h ****   */
 191:Middlewares/ST/STM32_USB_Device_Library/Core/Inc/usbd_def.h **** 
 192:Middlewares/ST/STM32_USB_Device_Library/Core/Inc/usbd_def.h **** 
 193:Middlewares/ST/STM32_USB_Device_Library/Core/Inc/usbd_def.h **** /** @defgroup USBD_DEF_Exported_TypesDefinitions
 194:Middlewares/ST/STM32_USB_Device_Library/Core/Inc/usbd_def.h ****   * @{
 195:Middlewares/ST/STM32_USB_Device_Library/Core/Inc/usbd_def.h ****   */
 196:Middlewares/ST/STM32_USB_Device_Library/Core/Inc/usbd_def.h **** 
 197:Middlewares/ST/STM32_USB_Device_Library/Core/Inc/usbd_def.h **** typedef  struct  usb_setup_req
 198:Middlewares/ST/STM32_USB_Device_Library/Core/Inc/usbd_def.h **** {
 199:Middlewares/ST/STM32_USB_Device_Library/Core/Inc/usbd_def.h ****   uint8_t   bmRequest;
 200:Middlewares/ST/STM32_USB_Device_Library/Core/Inc/usbd_def.h ****   uint8_t   bRequest;
 201:Middlewares/ST/STM32_USB_Device_Library/Core/Inc/usbd_def.h ****   uint16_t  wValue;
 202:Middlewares/ST/STM32_USB_Device_Library/Core/Inc/usbd_def.h ****   uint16_t  wIndex;
 203:Middlewares/ST/STM32_USB_Device_Library/Core/Inc/usbd_def.h ****   uint16_t  wLength;
 204:Middlewares/ST/STM32_USB_Device_Library/Core/Inc/usbd_def.h **** } USBD_SetupReqTypedef;
 205:Middlewares/ST/STM32_USB_Device_Library/Core/Inc/usbd_def.h **** 
 206:Middlewares/ST/STM32_USB_Device_Library/Core/Inc/usbd_def.h **** typedef struct
 207:Middlewares/ST/STM32_USB_Device_Library/Core/Inc/usbd_def.h **** {
 208:Middlewares/ST/STM32_USB_Device_Library/Core/Inc/usbd_def.h ****   uint8_t   bLength;
ARM GAS  /tmp/ccDx2qBe.s 			page 25


 209:Middlewares/ST/STM32_USB_Device_Library/Core/Inc/usbd_def.h ****   uint8_t   bDescriptorType;
 210:Middlewares/ST/STM32_USB_Device_Library/Core/Inc/usbd_def.h ****   uint16_t  wTotalLength;
 211:Middlewares/ST/STM32_USB_Device_Library/Core/Inc/usbd_def.h ****   uint8_t   bNumInterfaces;
 212:Middlewares/ST/STM32_USB_Device_Library/Core/Inc/usbd_def.h ****   uint8_t   bConfigurationValue;
 213:Middlewares/ST/STM32_USB_Device_Library/Core/Inc/usbd_def.h ****   uint8_t   iConfiguration;
 214:Middlewares/ST/STM32_USB_Device_Library/Core/Inc/usbd_def.h ****   uint8_t   bmAttributes;
 215:Middlewares/ST/STM32_USB_Device_Library/Core/Inc/usbd_def.h ****   uint8_t   bMaxPower;
 216:Middlewares/ST/STM32_USB_Device_Library/Core/Inc/usbd_def.h **** } __PACKED USBD_ConfigDescTypeDef;
 217:Middlewares/ST/STM32_USB_Device_Library/Core/Inc/usbd_def.h **** 
 218:Middlewares/ST/STM32_USB_Device_Library/Core/Inc/usbd_def.h **** typedef struct
 219:Middlewares/ST/STM32_USB_Device_Library/Core/Inc/usbd_def.h **** {
 220:Middlewares/ST/STM32_USB_Device_Library/Core/Inc/usbd_def.h ****   uint8_t   bLength;
 221:Middlewares/ST/STM32_USB_Device_Library/Core/Inc/usbd_def.h ****   uint8_t   bDescriptorType;
 222:Middlewares/ST/STM32_USB_Device_Library/Core/Inc/usbd_def.h ****   uint16_t  wTotalLength;
 223:Middlewares/ST/STM32_USB_Device_Library/Core/Inc/usbd_def.h ****   uint8_t   bNumDeviceCaps;
 224:Middlewares/ST/STM32_USB_Device_Library/Core/Inc/usbd_def.h **** } USBD_BosDescTypeDef;
 225:Middlewares/ST/STM32_USB_Device_Library/Core/Inc/usbd_def.h **** 
 226:Middlewares/ST/STM32_USB_Device_Library/Core/Inc/usbd_def.h **** typedef struct
 227:Middlewares/ST/STM32_USB_Device_Library/Core/Inc/usbd_def.h **** {
 228:Middlewares/ST/STM32_USB_Device_Library/Core/Inc/usbd_def.h ****   uint8_t   bLength;
 229:Middlewares/ST/STM32_USB_Device_Library/Core/Inc/usbd_def.h ****   uint8_t   bDescriptorType;
 230:Middlewares/ST/STM32_USB_Device_Library/Core/Inc/usbd_def.h ****   uint8_t   bEndpointAddress;
 231:Middlewares/ST/STM32_USB_Device_Library/Core/Inc/usbd_def.h ****   uint8_t   bmAttributes;
 232:Middlewares/ST/STM32_USB_Device_Library/Core/Inc/usbd_def.h ****   uint16_t  wMaxPacketSize;
 233:Middlewares/ST/STM32_USB_Device_Library/Core/Inc/usbd_def.h ****   uint8_t   bInterval;
 234:Middlewares/ST/STM32_USB_Device_Library/Core/Inc/usbd_def.h **** } __PACKED USBD_EpDescTypeDef;
 235:Middlewares/ST/STM32_USB_Device_Library/Core/Inc/usbd_def.h **** 
 236:Middlewares/ST/STM32_USB_Device_Library/Core/Inc/usbd_def.h **** typedef  struct
 237:Middlewares/ST/STM32_USB_Device_Library/Core/Inc/usbd_def.h **** {
 238:Middlewares/ST/STM32_USB_Device_Library/Core/Inc/usbd_def.h ****   uint8_t  bLength;
 239:Middlewares/ST/STM32_USB_Device_Library/Core/Inc/usbd_def.h ****   uint8_t  bDescriptorType;
 240:Middlewares/ST/STM32_USB_Device_Library/Core/Inc/usbd_def.h ****   uint8_t  bDescriptorSubType;
 241:Middlewares/ST/STM32_USB_Device_Library/Core/Inc/usbd_def.h **** } USBD_DescHeaderTypeDef;
 242:Middlewares/ST/STM32_USB_Device_Library/Core/Inc/usbd_def.h **** 
 243:Middlewares/ST/STM32_USB_Device_Library/Core/Inc/usbd_def.h **** struct _USBD_HandleTypeDef;
 244:Middlewares/ST/STM32_USB_Device_Library/Core/Inc/usbd_def.h **** 
 245:Middlewares/ST/STM32_USB_Device_Library/Core/Inc/usbd_def.h **** typedef struct _Device_cb
 246:Middlewares/ST/STM32_USB_Device_Library/Core/Inc/usbd_def.h **** {
 247:Middlewares/ST/STM32_USB_Device_Library/Core/Inc/usbd_def.h ****   uint8_t (*Init)(struct _USBD_HandleTypeDef *pdev, uint8_t cfgidx);
 248:Middlewares/ST/STM32_USB_Device_Library/Core/Inc/usbd_def.h ****   uint8_t (*DeInit)(struct _USBD_HandleTypeDef *pdev, uint8_t cfgidx);
 249:Middlewares/ST/STM32_USB_Device_Library/Core/Inc/usbd_def.h ****   /* Control Endpoints*/
 250:Middlewares/ST/STM32_USB_Device_Library/Core/Inc/usbd_def.h ****   uint8_t (*Setup)(struct _USBD_HandleTypeDef *pdev, USBD_SetupReqTypedef  *req);
 251:Middlewares/ST/STM32_USB_Device_Library/Core/Inc/usbd_def.h ****   uint8_t (*EP0_TxSent)(struct _USBD_HandleTypeDef *pdev);
 252:Middlewares/ST/STM32_USB_Device_Library/Core/Inc/usbd_def.h ****   uint8_t (*EP0_RxReady)(struct _USBD_HandleTypeDef *pdev);
 253:Middlewares/ST/STM32_USB_Device_Library/Core/Inc/usbd_def.h ****   /* Class Specific Endpoints*/
 254:Middlewares/ST/STM32_USB_Device_Library/Core/Inc/usbd_def.h ****   uint8_t (*DataIn)(struct _USBD_HandleTypeDef *pdev, uint8_t epnum);
 255:Middlewares/ST/STM32_USB_Device_Library/Core/Inc/usbd_def.h ****   uint8_t (*DataOut)(struct _USBD_HandleTypeDef *pdev, uint8_t epnum);
 256:Middlewares/ST/STM32_USB_Device_Library/Core/Inc/usbd_def.h ****   uint8_t (*SOF)(struct _USBD_HandleTypeDef *pdev);
 257:Middlewares/ST/STM32_USB_Device_Library/Core/Inc/usbd_def.h ****   uint8_t (*IsoINIncomplete)(struct _USBD_HandleTypeDef *pdev, uint8_t epnum);
 258:Middlewares/ST/STM32_USB_Device_Library/Core/Inc/usbd_def.h ****   uint8_t (*IsoOUTIncomplete)(struct _USBD_HandleTypeDef *pdev, uint8_t epnum);
 259:Middlewares/ST/STM32_USB_Device_Library/Core/Inc/usbd_def.h **** 
 260:Middlewares/ST/STM32_USB_Device_Library/Core/Inc/usbd_def.h ****   uint8_t  *(*GetHSConfigDescriptor)(uint16_t *length);
 261:Middlewares/ST/STM32_USB_Device_Library/Core/Inc/usbd_def.h ****   uint8_t  *(*GetFSConfigDescriptor)(uint16_t *length);
 262:Middlewares/ST/STM32_USB_Device_Library/Core/Inc/usbd_def.h ****   uint8_t  *(*GetOtherSpeedConfigDescriptor)(uint16_t *length);
 263:Middlewares/ST/STM32_USB_Device_Library/Core/Inc/usbd_def.h ****   uint8_t  *(*GetDeviceQualifierDescriptor)(uint16_t *length);
 264:Middlewares/ST/STM32_USB_Device_Library/Core/Inc/usbd_def.h **** #if (USBD_SUPPORT_USER_STRING_DESC == 1U)
 265:Middlewares/ST/STM32_USB_Device_Library/Core/Inc/usbd_def.h ****   uint8_t  *(*GetUsrStrDescriptor)(struct _USBD_HandleTypeDef *pdev, uint8_t index,  uint16_t *leng
ARM GAS  /tmp/ccDx2qBe.s 			page 26


 266:Middlewares/ST/STM32_USB_Device_Library/Core/Inc/usbd_def.h **** #endif /* USBD_SUPPORT_USER_STRING_DESC  */
 267:Middlewares/ST/STM32_USB_Device_Library/Core/Inc/usbd_def.h **** 
 268:Middlewares/ST/STM32_USB_Device_Library/Core/Inc/usbd_def.h **** } USBD_ClassTypeDef;
 269:Middlewares/ST/STM32_USB_Device_Library/Core/Inc/usbd_def.h **** 
 270:Middlewares/ST/STM32_USB_Device_Library/Core/Inc/usbd_def.h **** /* Following USB Device Speed */
 271:Middlewares/ST/STM32_USB_Device_Library/Core/Inc/usbd_def.h **** typedef enum
 272:Middlewares/ST/STM32_USB_Device_Library/Core/Inc/usbd_def.h **** {
 273:Middlewares/ST/STM32_USB_Device_Library/Core/Inc/usbd_def.h ****   USBD_SPEED_HIGH  = 0U,
 274:Middlewares/ST/STM32_USB_Device_Library/Core/Inc/usbd_def.h ****   USBD_SPEED_FULL  = 1U,
 275:Middlewares/ST/STM32_USB_Device_Library/Core/Inc/usbd_def.h ****   USBD_SPEED_LOW   = 2U,
 276:Middlewares/ST/STM32_USB_Device_Library/Core/Inc/usbd_def.h **** } USBD_SpeedTypeDef;
 277:Middlewares/ST/STM32_USB_Device_Library/Core/Inc/usbd_def.h **** 
 278:Middlewares/ST/STM32_USB_Device_Library/Core/Inc/usbd_def.h **** /* Following USB Device status */
 279:Middlewares/ST/STM32_USB_Device_Library/Core/Inc/usbd_def.h **** typedef enum
 280:Middlewares/ST/STM32_USB_Device_Library/Core/Inc/usbd_def.h **** {
 281:Middlewares/ST/STM32_USB_Device_Library/Core/Inc/usbd_def.h ****   USBD_OK = 0U,
 282:Middlewares/ST/STM32_USB_Device_Library/Core/Inc/usbd_def.h ****   USBD_BUSY,
 283:Middlewares/ST/STM32_USB_Device_Library/Core/Inc/usbd_def.h ****   USBD_EMEM,
 284:Middlewares/ST/STM32_USB_Device_Library/Core/Inc/usbd_def.h ****   USBD_FAIL,
 285:Middlewares/ST/STM32_USB_Device_Library/Core/Inc/usbd_def.h **** } USBD_StatusTypeDef;
 286:Middlewares/ST/STM32_USB_Device_Library/Core/Inc/usbd_def.h **** 
 287:Middlewares/ST/STM32_USB_Device_Library/Core/Inc/usbd_def.h **** /* USB Device descriptors structure */
 288:Middlewares/ST/STM32_USB_Device_Library/Core/Inc/usbd_def.h **** typedef struct
 289:Middlewares/ST/STM32_USB_Device_Library/Core/Inc/usbd_def.h **** {
 290:Middlewares/ST/STM32_USB_Device_Library/Core/Inc/usbd_def.h ****   uint8_t *(*GetDeviceDescriptor)(USBD_SpeedTypeDef speed, uint16_t *length);
 291:Middlewares/ST/STM32_USB_Device_Library/Core/Inc/usbd_def.h ****   uint8_t *(*GetLangIDStrDescriptor)(USBD_SpeedTypeDef speed, uint16_t *length);
 292:Middlewares/ST/STM32_USB_Device_Library/Core/Inc/usbd_def.h ****   uint8_t *(*GetManufacturerStrDescriptor)(USBD_SpeedTypeDef speed, uint16_t *length);
 293:Middlewares/ST/STM32_USB_Device_Library/Core/Inc/usbd_def.h ****   uint8_t *(*GetProductStrDescriptor)(USBD_SpeedTypeDef speed, uint16_t *length);
 294:Middlewares/ST/STM32_USB_Device_Library/Core/Inc/usbd_def.h ****   uint8_t *(*GetSerialStrDescriptor)(USBD_SpeedTypeDef speed, uint16_t *length);
 295:Middlewares/ST/STM32_USB_Device_Library/Core/Inc/usbd_def.h ****   uint8_t *(*GetConfigurationStrDescriptor)(USBD_SpeedTypeDef speed, uint16_t *length);
 296:Middlewares/ST/STM32_USB_Device_Library/Core/Inc/usbd_def.h ****   uint8_t *(*GetInterfaceStrDescriptor)(USBD_SpeedTypeDef speed, uint16_t *length);
 297:Middlewares/ST/STM32_USB_Device_Library/Core/Inc/usbd_def.h **** #if (USBD_CLASS_USER_STRING_DESC == 1)
 298:Middlewares/ST/STM32_USB_Device_Library/Core/Inc/usbd_def.h ****   uint8_t *(*GetUserStrDescriptor)(USBD_SpeedTypeDef speed, uint8_t idx, uint16_t *length);
 299:Middlewares/ST/STM32_USB_Device_Library/Core/Inc/usbd_def.h **** #endif /* USBD_CLASS_USER_STRING_DESC */
 300:Middlewares/ST/STM32_USB_Device_Library/Core/Inc/usbd_def.h **** #if ((USBD_LPM_ENABLED == 1U) || (USBD_CLASS_BOS_ENABLED == 1))
 301:Middlewares/ST/STM32_USB_Device_Library/Core/Inc/usbd_def.h ****   uint8_t *(*GetBOSDescriptor)(USBD_SpeedTypeDef speed, uint16_t *length);
 302:Middlewares/ST/STM32_USB_Device_Library/Core/Inc/usbd_def.h **** #endif /* (USBD_LPM_ENABLED == 1U) || (USBD_CLASS_BOS_ENABLED == 1) */
 303:Middlewares/ST/STM32_USB_Device_Library/Core/Inc/usbd_def.h **** } USBD_DescriptorsTypeDef;
 304:Middlewares/ST/STM32_USB_Device_Library/Core/Inc/usbd_def.h **** 
 305:Middlewares/ST/STM32_USB_Device_Library/Core/Inc/usbd_def.h **** /* USB Device handle structure */
 306:Middlewares/ST/STM32_USB_Device_Library/Core/Inc/usbd_def.h **** typedef struct
 307:Middlewares/ST/STM32_USB_Device_Library/Core/Inc/usbd_def.h **** {
 308:Middlewares/ST/STM32_USB_Device_Library/Core/Inc/usbd_def.h ****   uint32_t total_length;
 309:Middlewares/ST/STM32_USB_Device_Library/Core/Inc/usbd_def.h ****   uint32_t rem_length;
 310:Middlewares/ST/STM32_USB_Device_Library/Core/Inc/usbd_def.h ****   uint32_t bInterval;
 311:Middlewares/ST/STM32_USB_Device_Library/Core/Inc/usbd_def.h ****   uint16_t maxpacket;
 312:Middlewares/ST/STM32_USB_Device_Library/Core/Inc/usbd_def.h ****   uint8_t status;
 313:Middlewares/ST/STM32_USB_Device_Library/Core/Inc/usbd_def.h ****   uint8_t is_used;
 314:Middlewares/ST/STM32_USB_Device_Library/Core/Inc/usbd_def.h ****   uint8_t *pbuffer;
 315:Middlewares/ST/STM32_USB_Device_Library/Core/Inc/usbd_def.h **** } USBD_EndpointTypeDef;
 316:Middlewares/ST/STM32_USB_Device_Library/Core/Inc/usbd_def.h **** 
 317:Middlewares/ST/STM32_USB_Device_Library/Core/Inc/usbd_def.h **** #ifdef USE_USBD_COMPOSITE
 318:Middlewares/ST/STM32_USB_Device_Library/Core/Inc/usbd_def.h **** typedef enum
 319:Middlewares/ST/STM32_USB_Device_Library/Core/Inc/usbd_def.h **** {
 320:Middlewares/ST/STM32_USB_Device_Library/Core/Inc/usbd_def.h ****   CLASS_TYPE_NONE    = 0,
 321:Middlewares/ST/STM32_USB_Device_Library/Core/Inc/usbd_def.h ****   CLASS_TYPE_HID     = 1,
 322:Middlewares/ST/STM32_USB_Device_Library/Core/Inc/usbd_def.h ****   CLASS_TYPE_CDC     = 2,
ARM GAS  /tmp/ccDx2qBe.s 			page 27


 323:Middlewares/ST/STM32_USB_Device_Library/Core/Inc/usbd_def.h ****   CLASS_TYPE_MSC     = 3,
 324:Middlewares/ST/STM32_USB_Device_Library/Core/Inc/usbd_def.h ****   CLASS_TYPE_DFU     = 4,
 325:Middlewares/ST/STM32_USB_Device_Library/Core/Inc/usbd_def.h ****   CLASS_TYPE_CHID    = 5,
 326:Middlewares/ST/STM32_USB_Device_Library/Core/Inc/usbd_def.h ****   CLASS_TYPE_AUDIO   = 6,
 327:Middlewares/ST/STM32_USB_Device_Library/Core/Inc/usbd_def.h ****   CLASS_TYPE_ECM     = 7,
 328:Middlewares/ST/STM32_USB_Device_Library/Core/Inc/usbd_def.h ****   CLASS_TYPE_RNDIS   = 8,
 329:Middlewares/ST/STM32_USB_Device_Library/Core/Inc/usbd_def.h ****   CLASS_TYPE_MTP     = 9,
 330:Middlewares/ST/STM32_USB_Device_Library/Core/Inc/usbd_def.h ****   CLASS_TYPE_VIDEO   = 10,
 331:Middlewares/ST/STM32_USB_Device_Library/Core/Inc/usbd_def.h ****   CLASS_TYPE_PRINTER = 11,
 332:Middlewares/ST/STM32_USB_Device_Library/Core/Inc/usbd_def.h ****   CLASS_TYPE_CCID    = 12,
 333:Middlewares/ST/STM32_USB_Device_Library/Core/Inc/usbd_def.h **** } USBD_CompositeClassTypeDef;
 334:Middlewares/ST/STM32_USB_Device_Library/Core/Inc/usbd_def.h **** 
 335:Middlewares/ST/STM32_USB_Device_Library/Core/Inc/usbd_def.h **** 
 336:Middlewares/ST/STM32_USB_Device_Library/Core/Inc/usbd_def.h **** /* USB Device handle structure */
 337:Middlewares/ST/STM32_USB_Device_Library/Core/Inc/usbd_def.h **** typedef struct
 338:Middlewares/ST/STM32_USB_Device_Library/Core/Inc/usbd_def.h **** {
 339:Middlewares/ST/STM32_USB_Device_Library/Core/Inc/usbd_def.h ****   uint8_t                     add;
 340:Middlewares/ST/STM32_USB_Device_Library/Core/Inc/usbd_def.h ****   uint8_t                     type;
 341:Middlewares/ST/STM32_USB_Device_Library/Core/Inc/usbd_def.h ****   uint8_t                     size;
 342:Middlewares/ST/STM32_USB_Device_Library/Core/Inc/usbd_def.h ****   uint8_t                     is_used;
 343:Middlewares/ST/STM32_USB_Device_Library/Core/Inc/usbd_def.h **** } USBD_EPTypeDef;
 344:Middlewares/ST/STM32_USB_Device_Library/Core/Inc/usbd_def.h **** 
 345:Middlewares/ST/STM32_USB_Device_Library/Core/Inc/usbd_def.h **** /* USB Device handle structure */
 346:Middlewares/ST/STM32_USB_Device_Library/Core/Inc/usbd_def.h **** typedef struct
 347:Middlewares/ST/STM32_USB_Device_Library/Core/Inc/usbd_def.h **** {
 348:Middlewares/ST/STM32_USB_Device_Library/Core/Inc/usbd_def.h ****   USBD_CompositeClassTypeDef   ClassType;
 349:Middlewares/ST/STM32_USB_Device_Library/Core/Inc/usbd_def.h ****   uint32_t                     ClassId;
 350:Middlewares/ST/STM32_USB_Device_Library/Core/Inc/usbd_def.h ****   uint32_t                     Active;
 351:Middlewares/ST/STM32_USB_Device_Library/Core/Inc/usbd_def.h ****   uint32_t                     NumEps;
 352:Middlewares/ST/STM32_USB_Device_Library/Core/Inc/usbd_def.h ****   USBD_EPTypeDef               Eps[USBD_MAX_CLASS_ENDPOINTS];
 353:Middlewares/ST/STM32_USB_Device_Library/Core/Inc/usbd_def.h ****   uint8_t                      *EpAdd;
 354:Middlewares/ST/STM32_USB_Device_Library/Core/Inc/usbd_def.h ****   uint32_t                     NumIf;
 355:Middlewares/ST/STM32_USB_Device_Library/Core/Inc/usbd_def.h ****   uint8_t                      Ifs[USBD_MAX_CLASS_INTERFACES];
 356:Middlewares/ST/STM32_USB_Device_Library/Core/Inc/usbd_def.h ****   uint32_t                     CurrPcktSze;
 357:Middlewares/ST/STM32_USB_Device_Library/Core/Inc/usbd_def.h **** } USBD_CompositeElementTypeDef;
 358:Middlewares/ST/STM32_USB_Device_Library/Core/Inc/usbd_def.h **** #endif /* USE_USBD_COMPOSITE */
 359:Middlewares/ST/STM32_USB_Device_Library/Core/Inc/usbd_def.h **** 
 360:Middlewares/ST/STM32_USB_Device_Library/Core/Inc/usbd_def.h **** /* USB Device handle structure */
 361:Middlewares/ST/STM32_USB_Device_Library/Core/Inc/usbd_def.h **** typedef struct _USBD_HandleTypeDef
 362:Middlewares/ST/STM32_USB_Device_Library/Core/Inc/usbd_def.h **** {
 363:Middlewares/ST/STM32_USB_Device_Library/Core/Inc/usbd_def.h ****   uint8_t                 id;
 364:Middlewares/ST/STM32_USB_Device_Library/Core/Inc/usbd_def.h ****   uint32_t                dev_config;
 365:Middlewares/ST/STM32_USB_Device_Library/Core/Inc/usbd_def.h ****   uint32_t                dev_default_config;
 366:Middlewares/ST/STM32_USB_Device_Library/Core/Inc/usbd_def.h ****   uint32_t                dev_config_status;
 367:Middlewares/ST/STM32_USB_Device_Library/Core/Inc/usbd_def.h ****   USBD_SpeedTypeDef       dev_speed;
 368:Middlewares/ST/STM32_USB_Device_Library/Core/Inc/usbd_def.h ****   USBD_EndpointTypeDef    ep_in[16];
 369:Middlewares/ST/STM32_USB_Device_Library/Core/Inc/usbd_def.h ****   USBD_EndpointTypeDef    ep_out[16];
 370:Middlewares/ST/STM32_USB_Device_Library/Core/Inc/usbd_def.h ****   __IO uint32_t           ep0_state;
 371:Middlewares/ST/STM32_USB_Device_Library/Core/Inc/usbd_def.h ****   uint32_t                ep0_data_len;
 372:Middlewares/ST/STM32_USB_Device_Library/Core/Inc/usbd_def.h ****   __IO uint8_t            dev_state;
 373:Middlewares/ST/STM32_USB_Device_Library/Core/Inc/usbd_def.h ****   __IO uint8_t            dev_old_state;
 374:Middlewares/ST/STM32_USB_Device_Library/Core/Inc/usbd_def.h ****   uint8_t                 dev_address;
 375:Middlewares/ST/STM32_USB_Device_Library/Core/Inc/usbd_def.h ****   uint8_t                 dev_connection_status;
 376:Middlewares/ST/STM32_USB_Device_Library/Core/Inc/usbd_def.h ****   uint8_t                 dev_test_mode;
 377:Middlewares/ST/STM32_USB_Device_Library/Core/Inc/usbd_def.h ****   uint32_t                dev_remote_wakeup;
 378:Middlewares/ST/STM32_USB_Device_Library/Core/Inc/usbd_def.h ****   uint8_t                 ConfIdx;
 379:Middlewares/ST/STM32_USB_Device_Library/Core/Inc/usbd_def.h **** 
ARM GAS  /tmp/ccDx2qBe.s 			page 28


 380:Middlewares/ST/STM32_USB_Device_Library/Core/Inc/usbd_def.h ****   USBD_SetupReqTypedef    request;
 381:Middlewares/ST/STM32_USB_Device_Library/Core/Inc/usbd_def.h ****   USBD_DescriptorsTypeDef *pDesc;
 382:Middlewares/ST/STM32_USB_Device_Library/Core/Inc/usbd_def.h ****   USBD_ClassTypeDef       *pClass[USBD_MAX_SUPPORTED_CLASS];
 383:Middlewares/ST/STM32_USB_Device_Library/Core/Inc/usbd_def.h ****   void                    *pClassData;
 384:Middlewares/ST/STM32_USB_Device_Library/Core/Inc/usbd_def.h ****   void                    *pClassDataCmsit[USBD_MAX_SUPPORTED_CLASS];
 385:Middlewares/ST/STM32_USB_Device_Library/Core/Inc/usbd_def.h ****   void                    *pUserData[USBD_MAX_SUPPORTED_CLASS];
 386:Middlewares/ST/STM32_USB_Device_Library/Core/Inc/usbd_def.h ****   void                    *pData;
 387:Middlewares/ST/STM32_USB_Device_Library/Core/Inc/usbd_def.h ****   void                    *pBosDesc;
 388:Middlewares/ST/STM32_USB_Device_Library/Core/Inc/usbd_def.h ****   void                    *pConfDesc;
 389:Middlewares/ST/STM32_USB_Device_Library/Core/Inc/usbd_def.h ****   uint32_t                classId;
 390:Middlewares/ST/STM32_USB_Device_Library/Core/Inc/usbd_def.h ****   uint32_t                NumClasses;
 391:Middlewares/ST/STM32_USB_Device_Library/Core/Inc/usbd_def.h **** #ifdef USE_USBD_COMPOSITE
 392:Middlewares/ST/STM32_USB_Device_Library/Core/Inc/usbd_def.h ****   USBD_CompositeElementTypeDef tclasslist[USBD_MAX_SUPPORTED_CLASS];
 393:Middlewares/ST/STM32_USB_Device_Library/Core/Inc/usbd_def.h **** #endif /* USE_USBD_COMPOSITE */
 394:Middlewares/ST/STM32_USB_Device_Library/Core/Inc/usbd_def.h **** #if (USBD_USER_REGISTER_CALLBACK == 1U)
 395:Middlewares/ST/STM32_USB_Device_Library/Core/Inc/usbd_def.h ****   void (* DevStateCallback)(uint8_t dev_state, uint8_t cfgidx);                    /*!< User Notifi
 396:Middlewares/ST/STM32_USB_Device_Library/Core/Inc/usbd_def.h **** #endif /* USBD_USER_REGISTER_CALLBACK */
 397:Middlewares/ST/STM32_USB_Device_Library/Core/Inc/usbd_def.h **** } USBD_HandleTypeDef;
 398:Middlewares/ST/STM32_USB_Device_Library/Core/Inc/usbd_def.h **** 
 399:Middlewares/ST/STM32_USB_Device_Library/Core/Inc/usbd_def.h **** #if (USBD_USER_REGISTER_CALLBACK == 1U)
 400:Middlewares/ST/STM32_USB_Device_Library/Core/Inc/usbd_def.h **** typedef void (*USBD_DevStateCallbackTypeDef)(uint8_t dev_state, uint8_t cfgidx);   /*!< pointer to 
 401:Middlewares/ST/STM32_USB_Device_Library/Core/Inc/usbd_def.h **** #endif /* USBD_USER_REGISTER_CALLBACK */
 402:Middlewares/ST/STM32_USB_Device_Library/Core/Inc/usbd_def.h **** 
 403:Middlewares/ST/STM32_USB_Device_Library/Core/Inc/usbd_def.h **** /* USB Device endpoint direction */
 404:Middlewares/ST/STM32_USB_Device_Library/Core/Inc/usbd_def.h **** typedef enum
 405:Middlewares/ST/STM32_USB_Device_Library/Core/Inc/usbd_def.h **** {
 406:Middlewares/ST/STM32_USB_Device_Library/Core/Inc/usbd_def.h ****   OUT   = 0x00,
 407:Middlewares/ST/STM32_USB_Device_Library/Core/Inc/usbd_def.h ****   IN    = 0x80,
 408:Middlewares/ST/STM32_USB_Device_Library/Core/Inc/usbd_def.h **** } USBD_EPDirectionTypeDef;
 409:Middlewares/ST/STM32_USB_Device_Library/Core/Inc/usbd_def.h **** 
 410:Middlewares/ST/STM32_USB_Device_Library/Core/Inc/usbd_def.h **** typedef enum
 411:Middlewares/ST/STM32_USB_Device_Library/Core/Inc/usbd_def.h **** {
 412:Middlewares/ST/STM32_USB_Device_Library/Core/Inc/usbd_def.h ****   NETWORK_CONNECTION = 0x00,
 413:Middlewares/ST/STM32_USB_Device_Library/Core/Inc/usbd_def.h ****   RESPONSE_AVAILABLE = 0x01,
 414:Middlewares/ST/STM32_USB_Device_Library/Core/Inc/usbd_def.h ****   CONNECTION_SPEED_CHANGE = 0x2A
 415:Middlewares/ST/STM32_USB_Device_Library/Core/Inc/usbd_def.h **** } USBD_CDC_NotifCodeTypeDef;
 416:Middlewares/ST/STM32_USB_Device_Library/Core/Inc/usbd_def.h **** /**
 417:Middlewares/ST/STM32_USB_Device_Library/Core/Inc/usbd_def.h ****   * @}
 418:Middlewares/ST/STM32_USB_Device_Library/Core/Inc/usbd_def.h ****   */
 419:Middlewares/ST/STM32_USB_Device_Library/Core/Inc/usbd_def.h **** 
 420:Middlewares/ST/STM32_USB_Device_Library/Core/Inc/usbd_def.h **** 
 421:Middlewares/ST/STM32_USB_Device_Library/Core/Inc/usbd_def.h **** 
 422:Middlewares/ST/STM32_USB_Device_Library/Core/Inc/usbd_def.h **** /** @defgroup USBD_DEF_Exported_Macros
 423:Middlewares/ST/STM32_USB_Device_Library/Core/Inc/usbd_def.h ****   * @{
 424:Middlewares/ST/STM32_USB_Device_Library/Core/Inc/usbd_def.h ****   */
 425:Middlewares/ST/STM32_USB_Device_Library/Core/Inc/usbd_def.h **** __STATIC_INLINE uint16_t SWAPBYTE(uint8_t *addr)
 105              		.loc 2 425 26 view .LVU28
 106              	.LBB9:
 426:Middlewares/ST/STM32_USB_Device_Library/Core/Inc/usbd_def.h **** {
 427:Middlewares/ST/STM32_USB_Device_Library/Core/Inc/usbd_def.h ****   uint16_t _SwapVal;
 107              		.loc 2 427 3 view .LVU29
 428:Middlewares/ST/STM32_USB_Device_Library/Core/Inc/usbd_def.h ****   uint16_t _Byte1;
 108              		.loc 2 428 3 view .LVU30
 429:Middlewares/ST/STM32_USB_Device_Library/Core/Inc/usbd_def.h ****   uint16_t _Byte2;
 109              		.loc 2 429 3 view .LVU31
 430:Middlewares/ST/STM32_USB_Device_Library/Core/Inc/usbd_def.h ****   uint8_t *_pbuff = addr;
 110              		.loc 2 430 3 view .LVU32
ARM GAS  /tmp/ccDx2qBe.s 			page 29


 431:Middlewares/ST/STM32_USB_Device_Library/Core/Inc/usbd_def.h **** 
 432:Middlewares/ST/STM32_USB_Device_Library/Core/Inc/usbd_def.h ****   _Byte1 = *(uint8_t *)_pbuff;
 111              		.loc 2 432 3 view .LVU33
 112              		.loc 2 432 12 is_stmt 0 view .LVU34
 113 0008 8B78     		ldrb	r3, [r1, #2]	@ zero_extendqisi2
 114              	.LVL10:
 433:Middlewares/ST/STM32_USB_Device_Library/Core/Inc/usbd_def.h ****   _pbuff++;
 115              		.loc 2 433 3 is_stmt 1 view .LVU35
 434:Middlewares/ST/STM32_USB_Device_Library/Core/Inc/usbd_def.h ****   _Byte2 = *(uint8_t *)_pbuff;
 116              		.loc 2 434 3 view .LVU36
 117              		.loc 2 434 12 is_stmt 0 view .LVU37
 118 000a CA78     		ldrb	r2, [r1, #3]	@ zero_extendqisi2
 119              	.LVL11:
 435:Middlewares/ST/STM32_USB_Device_Library/Core/Inc/usbd_def.h **** 
 436:Middlewares/ST/STM32_USB_Device_Library/Core/Inc/usbd_def.h ****   _SwapVal = (_Byte2 << 8) | _Byte1;
 120              		.loc 2 436 3 is_stmt 1 view .LVU38
 121              		.loc 2 436 12 is_stmt 0 view .LVU39
 122 000c 43EA0223 		orr	r3, r3, r2, lsl #8
 123              	.LVL12:
 437:Middlewares/ST/STM32_USB_Device_Library/Core/Inc/usbd_def.h **** 
 438:Middlewares/ST/STM32_USB_Device_Library/Core/Inc/usbd_def.h ****   return _SwapVal;
 124              		.loc 2 438 3 is_stmt 1 view .LVU40
 125              		.loc 2 438 3 is_stmt 0 view .LVU41
 126              	.LBE9:
 127              	.LBE8:
 960:Middlewares/ST/STM32_USB_Device_Library/Core/Src/usbd_ctlreq.c **** 
 128              		.loc 1 960 15 discriminator 1 view .LVU42
 129 0010 4380     		strh	r3, [r0, #2]	@ movhi
 130              	.LVL13:
 962:Middlewares/ST/STM32_USB_Device_Library/Core/Src/usbd_ctlreq.c ****   pbuff++;
 131              		.loc 1 962 3 is_stmt 1 view .LVU43
 963:Middlewares/ST/STM32_USB_Device_Library/Core/Src/usbd_ctlreq.c ****   req->wIndex = SWAPBYTE(pbuff);
 132              		.loc 1 963 3 view .LVU44
 964:Middlewares/ST/STM32_USB_Device_Library/Core/Src/usbd_ctlreq.c **** 
 133              		.loc 1 964 3 view .LVU45
 134              	.LBB10:
 135              	.LBI10:
 425:Middlewares/ST/STM32_USB_Device_Library/Core/Inc/usbd_def.h **** {
 136              		.loc 2 425 26 view .LVU46
 137              	.LBB11:
 427:Middlewares/ST/STM32_USB_Device_Library/Core/Inc/usbd_def.h ****   uint16_t _Byte1;
 138              		.loc 2 427 3 view .LVU47
 428:Middlewares/ST/STM32_USB_Device_Library/Core/Inc/usbd_def.h ****   uint16_t _Byte2;
 139              		.loc 2 428 3 view .LVU48
 429:Middlewares/ST/STM32_USB_Device_Library/Core/Inc/usbd_def.h ****   uint8_t *_pbuff = addr;
 140              		.loc 2 429 3 view .LVU49
 430:Middlewares/ST/STM32_USB_Device_Library/Core/Inc/usbd_def.h **** 
 141              		.loc 2 430 3 view .LVU50
 432:Middlewares/ST/STM32_USB_Device_Library/Core/Inc/usbd_def.h ****   _pbuff++;
 142              		.loc 2 432 3 view .LVU51
 432:Middlewares/ST/STM32_USB_Device_Library/Core/Inc/usbd_def.h ****   _pbuff++;
 143              		.loc 2 432 12 is_stmt 0 view .LVU52
 144 0012 0B79     		ldrb	r3, [r1, #4]	@ zero_extendqisi2
 145              	.LVL14:
 433:Middlewares/ST/STM32_USB_Device_Library/Core/Inc/usbd_def.h ****   _Byte2 = *(uint8_t *)_pbuff;
 146              		.loc 2 433 3 is_stmt 1 view .LVU53
 434:Middlewares/ST/STM32_USB_Device_Library/Core/Inc/usbd_def.h **** 
ARM GAS  /tmp/ccDx2qBe.s 			page 30


 147              		.loc 2 434 3 view .LVU54
 434:Middlewares/ST/STM32_USB_Device_Library/Core/Inc/usbd_def.h **** 
 148              		.loc 2 434 12 is_stmt 0 view .LVU55
 149 0014 4A79     		ldrb	r2, [r1, #5]	@ zero_extendqisi2
 150              	.LVL15:
 436:Middlewares/ST/STM32_USB_Device_Library/Core/Inc/usbd_def.h **** 
 151              		.loc 2 436 3 is_stmt 1 view .LVU56
 436:Middlewares/ST/STM32_USB_Device_Library/Core/Inc/usbd_def.h **** 
 152              		.loc 2 436 12 is_stmt 0 view .LVU57
 153 0016 43EA0223 		orr	r3, r3, r2, lsl #8
 154              	.LVL16:
 155              		.loc 2 438 3 is_stmt 1 view .LVU58
 156              		.loc 2 438 3 is_stmt 0 view .LVU59
 157              	.LBE11:
 158              	.LBE10:
 964:Middlewares/ST/STM32_USB_Device_Library/Core/Src/usbd_ctlreq.c **** 
 159              		.loc 1 964 15 discriminator 1 view .LVU60
 160 001a 8380     		strh	r3, [r0, #4]	@ movhi
 161              	.LVL17:
 966:Middlewares/ST/STM32_USB_Device_Library/Core/Src/usbd_ctlreq.c ****   pbuff++;
 162              		.loc 1 966 3 is_stmt 1 view .LVU61
 967:Middlewares/ST/STM32_USB_Device_Library/Core/Src/usbd_ctlreq.c ****   req->wLength = SWAPBYTE(pbuff);
 163              		.loc 1 967 3 view .LVU62
 968:Middlewares/ST/STM32_USB_Device_Library/Core/Src/usbd_ctlreq.c **** }
 164              		.loc 1 968 3 view .LVU63
 165              	.LBB12:
 166              	.LBI12:
 425:Middlewares/ST/STM32_USB_Device_Library/Core/Inc/usbd_def.h **** {
 167              		.loc 2 425 26 view .LVU64
 168              	.LBB13:
 427:Middlewares/ST/STM32_USB_Device_Library/Core/Inc/usbd_def.h ****   uint16_t _Byte1;
 169              		.loc 2 427 3 view .LVU65
 428:Middlewares/ST/STM32_USB_Device_Library/Core/Inc/usbd_def.h ****   uint16_t _Byte2;
 170              		.loc 2 428 3 view .LVU66
 429:Middlewares/ST/STM32_USB_Device_Library/Core/Inc/usbd_def.h ****   uint8_t *_pbuff = addr;
 171              		.loc 2 429 3 view .LVU67
 430:Middlewares/ST/STM32_USB_Device_Library/Core/Inc/usbd_def.h **** 
 172              		.loc 2 430 3 view .LVU68
 432:Middlewares/ST/STM32_USB_Device_Library/Core/Inc/usbd_def.h ****   _pbuff++;
 173              		.loc 2 432 3 view .LVU69
 432:Middlewares/ST/STM32_USB_Device_Library/Core/Inc/usbd_def.h ****   _pbuff++;
 174              		.loc 2 432 12 is_stmt 0 view .LVU70
 175 001c 8B79     		ldrb	r3, [r1, #6]	@ zero_extendqisi2
 176              	.LVL18:
 433:Middlewares/ST/STM32_USB_Device_Library/Core/Inc/usbd_def.h ****   _Byte2 = *(uint8_t *)_pbuff;
 177              		.loc 2 433 3 is_stmt 1 view .LVU71
 434:Middlewares/ST/STM32_USB_Device_Library/Core/Inc/usbd_def.h **** 
 178              		.loc 2 434 3 view .LVU72
 434:Middlewares/ST/STM32_USB_Device_Library/Core/Inc/usbd_def.h **** 
 179              		.loc 2 434 12 is_stmt 0 view .LVU73
 180 001e CA79     		ldrb	r2, [r1, #7]	@ zero_extendqisi2
 181              	.LVL19:
 436:Middlewares/ST/STM32_USB_Device_Library/Core/Inc/usbd_def.h **** 
 182              		.loc 2 436 3 is_stmt 1 view .LVU74
 436:Middlewares/ST/STM32_USB_Device_Library/Core/Inc/usbd_def.h **** 
 183              		.loc 2 436 12 is_stmt 0 view .LVU75
 184 0020 43EA0223 		orr	r3, r3, r2, lsl #8
ARM GAS  /tmp/ccDx2qBe.s 			page 31


 185              	.LVL20:
 186              		.loc 2 438 3 is_stmt 1 view .LVU76
 187              		.loc 2 438 3 is_stmt 0 view .LVU77
 188              	.LBE13:
 189              	.LBE12:
 968:Middlewares/ST/STM32_USB_Device_Library/Core/Src/usbd_ctlreq.c **** }
 190              		.loc 1 968 16 discriminator 1 view .LVU78
 191 0024 C380     		strh	r3, [r0, #6]	@ movhi
 192              	.LVL21:
 969:Middlewares/ST/STM32_USB_Device_Library/Core/Src/usbd_ctlreq.c **** 
 193              		.loc 1 969 1 view .LVU79
 194 0026 7047     		bx	lr
 195              		.cfi_endproc
 196              	.LFE398:
 198              		.section	.text.USBD_CtlError,"ax",%progbits
 199              		.align	1
 200              		.global	USBD_CtlError
 201              		.syntax unified
 202              		.thumb
 203              		.thumb_func
 205              	USBD_CtlError:
 206              	.LVL22:
 207              	.LFB399:
 980:Middlewares/ST/STM32_USB_Device_Library/Core/Src/usbd_ctlreq.c ****   UNUSED(req);
 208              		.loc 1 980 1 is_stmt 1 view -0
 209              		.cfi_startproc
 210              		@ args = 0, pretend = 0, frame = 0
 211              		@ frame_needed = 0, uses_anonymous_args = 0
 980:Middlewares/ST/STM32_USB_Device_Library/Core/Src/usbd_ctlreq.c ****   UNUSED(req);
 212              		.loc 1 980 1 is_stmt 0 view .LVU81
 213 0000 10B5     		push	{r4, lr}
 214              	.LCFI0:
 215              		.cfi_def_cfa_offset 8
 216              		.cfi_offset 4, -8
 217              		.cfi_offset 14, -4
 218 0002 0446     		mov	r4, r0
 981:Middlewares/ST/STM32_USB_Device_Library/Core/Src/usbd_ctlreq.c **** 
 219              		.loc 1 981 3 is_stmt 1 view .LVU82
 983:Middlewares/ST/STM32_USB_Device_Library/Core/Src/usbd_ctlreq.c ****   (void)USBD_LL_StallEP(pdev, 0U);
 220              		.loc 1 983 3 view .LVU83
 983:Middlewares/ST/STM32_USB_Device_Library/Core/Src/usbd_ctlreq.c ****   (void)USBD_LL_StallEP(pdev, 0U);
 221              		.loc 1 983 9 is_stmt 0 view .LVU84
 222 0004 8021     		movs	r1, #128
 223              	.LVL23:
 983:Middlewares/ST/STM32_USB_Device_Library/Core/Src/usbd_ctlreq.c ****   (void)USBD_LL_StallEP(pdev, 0U);
 224              		.loc 1 983 9 view .LVU85
 225 0006 FFF7FEFF 		bl	USBD_LL_StallEP
 226              	.LVL24:
 984:Middlewares/ST/STM32_USB_Device_Library/Core/Src/usbd_ctlreq.c **** }
 227              		.loc 1 984 3 is_stmt 1 view .LVU86
 984:Middlewares/ST/STM32_USB_Device_Library/Core/Src/usbd_ctlreq.c **** }
 228              		.loc 1 984 9 is_stmt 0 view .LVU87
 229 000a 0021     		movs	r1, #0
 230 000c 2046     		mov	r0, r4
 231 000e FFF7FEFF 		bl	USBD_LL_StallEP
 232              	.LVL25:
 985:Middlewares/ST/STM32_USB_Device_Library/Core/Src/usbd_ctlreq.c **** 
ARM GAS  /tmp/ccDx2qBe.s 			page 32


 233              		.loc 1 985 1 view .LVU88
 234 0012 10BD     		pop	{r4, pc}
 985:Middlewares/ST/STM32_USB_Device_Library/Core/Src/usbd_ctlreq.c **** 
 235              		.loc 1 985 1 view .LVU89
 236              		.cfi_endproc
 237              	.LFE399:
 239              		.section	.text.USBD_GetDescriptor,"ax",%progbits
 240              		.align	1
 241              		.syntax unified
 242              		.thumb
 243              		.thumb_func
 245              	USBD_GetDescriptor:
 246              	.LVL26:
 247              	.LFB391:
 429:Middlewares/ST/STM32_USB_Device_Library/Core/Src/usbd_ctlreq.c ****   uint16_t len = 0U;
 248              		.loc 1 429 1 is_stmt 1 view -0
 249              		.cfi_startproc
 250              		@ args = 0, pretend = 0, frame = 8
 251              		@ frame_needed = 0, uses_anonymous_args = 0
 429:Middlewares/ST/STM32_USB_Device_Library/Core/Src/usbd_ctlreq.c ****   uint16_t len = 0U;
 252              		.loc 1 429 1 is_stmt 0 view .LVU91
 253 0000 30B5     		push	{r4, r5, lr}
 254              	.LCFI1:
 255              		.cfi_def_cfa_offset 12
 256              		.cfi_offset 4, -12
 257              		.cfi_offset 5, -8
 258              		.cfi_offset 14, -4
 259 0002 83B0     		sub	sp, sp, #12
 260              	.LCFI2:
 261              		.cfi_def_cfa_offset 24
 262 0004 0446     		mov	r4, r0
 263 0006 0D46     		mov	r5, r1
 430:Middlewares/ST/STM32_USB_Device_Library/Core/Src/usbd_ctlreq.c ****   uint8_t *pbuf = NULL;
 264              		.loc 1 430 3 is_stmt 1 view .LVU92
 430:Middlewares/ST/STM32_USB_Device_Library/Core/Src/usbd_ctlreq.c ****   uint8_t *pbuf = NULL;
 265              		.loc 1 430 12 is_stmt 0 view .LVU93
 266 0008 0023     		movs	r3, #0
 267 000a ADF80630 		strh	r3, [sp, #6]	@ movhi
 431:Middlewares/ST/STM32_USB_Device_Library/Core/Src/usbd_ctlreq.c ****   uint8_t err = 0U;
 268              		.loc 1 431 3 is_stmt 1 view .LVU94
 269              	.LVL27:
 432:Middlewares/ST/STM32_USB_Device_Library/Core/Src/usbd_ctlreq.c **** 
 270              		.loc 1 432 3 view .LVU95
 434:Middlewares/ST/STM32_USB_Device_Library/Core/Src/usbd_ctlreq.c ****   {
 271              		.loc 1 434 3 view .LVU96
 434:Middlewares/ST/STM32_USB_Device_Library/Core/Src/usbd_ctlreq.c ****   {
 272              		.loc 1 434 14 is_stmt 0 view .LVU97
 273 000e 4A88     		ldrh	r2, [r1, #2]
 434:Middlewares/ST/STM32_USB_Device_Library/Core/Src/usbd_ctlreq.c ****   {
 274              		.loc 1 434 23 view .LVU98
 275 0010 130A     		lsrs	r3, r2, #8
 434:Middlewares/ST/STM32_USB_Device_Library/Core/Src/usbd_ctlreq.c ****   {
 276              		.loc 1 434 3 view .LVU99
 277 0012 013B     		subs	r3, r3, #1
 278 0014 0E2B     		cmp	r3, #14
 279 0016 00F2BC80 		bhi	.L8
 280 001a DFE803F0 		tbb	[pc, r3]
ARM GAS  /tmp/ccDx2qBe.s 			page 33


 281              	.LVL28:
 282              	.L10:
 283 001e 15       		.byte	(.L15-.L10)/2
 284 001f 30       		.byte	(.L14-.L10)/2
 285 0020 44       		.byte	(.L13-.L10)/2
 286 0021 BA       		.byte	(.L8-.L10)/2
 287 0022 BA       		.byte	(.L8-.L10)/2
 288 0023 9E       		.byte	(.L12-.L10)/2
 289 0024 AB       		.byte	(.L11-.L10)/2
 290 0025 BA       		.byte	(.L8-.L10)/2
 291 0026 BA       		.byte	(.L8-.L10)/2
 292 0027 BA       		.byte	(.L8-.L10)/2
 293 0028 BA       		.byte	(.L8-.L10)/2
 294 0029 BA       		.byte	(.L8-.L10)/2
 295 002a BA       		.byte	(.L8-.L10)/2
 296 002b BA       		.byte	(.L8-.L10)/2
 297 002c 08       		.byte	(.L9-.L10)/2
 298 002d 00       		.p2align 1
 299              	.L9:
 438:Middlewares/ST/STM32_USB_Device_Library/Core/Src/usbd_ctlreq.c ****       {
 300              		.loc 1 438 7 is_stmt 1 view .LVU100
 438:Middlewares/ST/STM32_USB_Device_Library/Core/Src/usbd_ctlreq.c ****       {
 301              		.loc 1 438 15 is_stmt 0 view .LVU101
 302 002e D0F8B432 		ldr	r3, [r0, #692]
 438:Middlewares/ST/STM32_USB_Device_Library/Core/Src/usbd_ctlreq.c ****       {
 303              		.loc 1 438 22 view .LVU102
 304 0032 DB69     		ldr	r3, [r3, #28]
 438:Middlewares/ST/STM32_USB_Device_Library/Core/Src/usbd_ctlreq.c ****       {
 305              		.loc 1 438 10 view .LVU103
 306 0034 23B1     		cbz	r3, .L16
 440:Middlewares/ST/STM32_USB_Device_Library/Core/Src/usbd_ctlreq.c ****       }
 307              		.loc 1 440 9 is_stmt 1 view .LVU104
 440:Middlewares/ST/STM32_USB_Device_Library/Core/Src/usbd_ctlreq.c ****       }
 308              		.loc 1 440 16 is_stmt 0 view .LVU105
 309 0036 0DF10601 		add	r1, sp, #6
 310 003a 007C     		ldrb	r0, [r0, #16]	@ zero_extendqisi2
 311              	.LVL29:
 440:Middlewares/ST/STM32_USB_Device_Library/Core/Src/usbd_ctlreq.c ****       }
 312              		.loc 1 440 16 view .LVU106
 313 003c 9847     		blx	r3
 314              	.LVL30:
 651:Middlewares/ST/STM32_USB_Device_Library/Core/Src/usbd_ctlreq.c ****   {
 315              		.loc 1 651 3 is_stmt 1 view .LVU107
 316 003e 0AE0     		b	.L17
 317              	.LVL31:
 318              	.L16:
 444:Middlewares/ST/STM32_USB_Device_Library/Core/Src/usbd_ctlreq.c ****         err++;
 319              		.loc 1 444 9 view .LVU108
 320 0040 2946     		mov	r1, r5
 321 0042 FFF7FEFF 		bl	USBD_CtlError
 322              	.LVL32:
 445:Middlewares/ST/STM32_USB_Device_Library/Core/Src/usbd_ctlreq.c ****       }
 323              		.loc 1 445 9 view .LVU109
 651:Middlewares/ST/STM32_USB_Device_Library/Core/Src/usbd_ctlreq.c ****   {
 324              		.loc 1 651 3 view .LVU110
 325 0046 18E0     		b	.L7
 326              	.LVL33:
ARM GAS  /tmp/ccDx2qBe.s 			page 34


 327              	.L15:
 450:Middlewares/ST/STM32_USB_Device_Library/Core/Src/usbd_ctlreq.c ****       break;
 328              		.loc 1 450 7 view .LVU111
 450:Middlewares/ST/STM32_USB_Device_Library/Core/Src/usbd_ctlreq.c ****       break;
 329              		.loc 1 450 18 is_stmt 0 view .LVU112
 330 0048 D0F8B432 		ldr	r3, [r0, #692]
 450:Middlewares/ST/STM32_USB_Device_Library/Core/Src/usbd_ctlreq.c ****       break;
 331              		.loc 1 450 25 view .LVU113
 332 004c 1B68     		ldr	r3, [r3]
 450:Middlewares/ST/STM32_USB_Device_Library/Core/Src/usbd_ctlreq.c ****       break;
 333              		.loc 1 450 14 view .LVU114
 334 004e 0DF10601 		add	r1, sp, #6
 335 0052 007C     		ldrb	r0, [r0, #16]	@ zero_extendqisi2
 336              	.LVL34:
 450:Middlewares/ST/STM32_USB_Device_Library/Core/Src/usbd_ctlreq.c ****       break;
 337              		.loc 1 450 14 view .LVU115
 338 0054 9847     		blx	r3
 339              	.LVL35:
 451:Middlewares/ST/STM32_USB_Device_Library/Core/Src/usbd_ctlreq.c **** 
 340              		.loc 1 451 7 is_stmt 1 view .LVU116
 651:Middlewares/ST/STM32_USB_Device_Library/Core/Src/usbd_ctlreq.c ****   {
 341              		.loc 1 651 3 view .LVU117
 342              	.L17:
 656:Middlewares/ST/STM32_USB_Device_Library/Core/Src/usbd_ctlreq.c ****   {
 343              		.loc 1 656 3 view .LVU118
 656:Middlewares/ST/STM32_USB_Device_Library/Core/Src/usbd_ctlreq.c ****   {
 344              		.loc 1 656 10 is_stmt 0 view .LVU119
 345 0056 EA88     		ldrh	r2, [r5, #6]
 656:Middlewares/ST/STM32_USB_Device_Library/Core/Src/usbd_ctlreq.c ****   {
 346              		.loc 1 656 6 view .LVU120
 347 0058 002A     		cmp	r2, #0
 348 005a 00F0A380 		beq	.L37
 658:Middlewares/ST/STM32_USB_Device_Library/Core/Src/usbd_ctlreq.c ****     {
 349              		.loc 1 658 5 is_stmt 1 view .LVU121
 658:Middlewares/ST/STM32_USB_Device_Library/Core/Src/usbd_ctlreq.c ****     {
 350              		.loc 1 658 13 is_stmt 0 view .LVU122
 351 005e BDF80630 		ldrh	r3, [sp, #6]
 658:Middlewares/ST/STM32_USB_Device_Library/Core/Src/usbd_ctlreq.c ****     {
 352              		.loc 1 658 8 view .LVU123
 353 0062 002B     		cmp	r3, #0
 354 0064 00F09980 		beq	.L38
 660:Middlewares/ST/STM32_USB_Device_Library/Core/Src/usbd_ctlreq.c ****       (void)USBD_CtlSendData(pdev, pbuf, len);
 355              		.loc 1 660 7 is_stmt 1 view .LVU124
 660:Middlewares/ST/STM32_USB_Device_Library/Core/Src/usbd_ctlreq.c ****       (void)USBD_CtlSendData(pdev, pbuf, len);
 356              		.loc 1 660 13 is_stmt 0 view .LVU125
 357 0068 9A42     		cmp	r2, r3
 358 006a 28BF     		it	cs
 359 006c 1A46     		movcs	r2, r3
 660:Middlewares/ST/STM32_USB_Device_Library/Core/Src/usbd_ctlreq.c ****       (void)USBD_CtlSendData(pdev, pbuf, len);
 360              		.loc 1 660 11 view .LVU126
 361 006e ADF80620 		strh	r2, [sp, #6]	@ movhi
 661:Middlewares/ST/STM32_USB_Device_Library/Core/Src/usbd_ctlreq.c ****     }
 362              		.loc 1 661 7 is_stmt 1 view .LVU127
 661:Middlewares/ST/STM32_USB_Device_Library/Core/Src/usbd_ctlreq.c ****     }
 363              		.loc 1 661 13 is_stmt 0 view .LVU128
 364 0072 0146     		mov	r1, r0
 365 0074 2046     		mov	r0, r4
ARM GAS  /tmp/ccDx2qBe.s 			page 35


 366              	.LVL36:
 661:Middlewares/ST/STM32_USB_Device_Library/Core/Src/usbd_ctlreq.c ****     }
 367              		.loc 1 661 13 view .LVU129
 368 0076 FFF7FEFF 		bl	USBD_CtlSendData
 369              	.LVL37:
 370              	.L7:
 672:Middlewares/ST/STM32_USB_Device_Library/Core/Src/usbd_ctlreq.c **** 
 371              		.loc 1 672 1 view .LVU130
 372 007a 03B0     		add	sp, sp, #12
 373              	.LCFI3:
 374              		.cfi_remember_state
 375              		.cfi_def_cfa_offset 12
 376              		@ sp needed
 377 007c 30BD     		pop	{r4, r5, pc}
 378              	.LVL38:
 379              	.L14:
 380              	.LCFI4:
 381              		.cfi_restore_state
 454:Middlewares/ST/STM32_USB_Device_Library/Core/Src/usbd_ctlreq.c ****       {
 382              		.loc 1 454 7 is_stmt 1 view .LVU131
 454:Middlewares/ST/STM32_USB_Device_Library/Core/Src/usbd_ctlreq.c ****       {
 383              		.loc 1 454 15 is_stmt 0 view .LVU132
 384 007e 037C     		ldrb	r3, [r0, #16]	@ zero_extendqisi2
 454:Middlewares/ST/STM32_USB_Device_Library/Core/Src/usbd_ctlreq.c ****       {
 385              		.loc 1 454 10 view .LVU133
 386 0080 43B9     		cbnz	r3, .L19
 464:Middlewares/ST/STM32_USB_Device_Library/Core/Src/usbd_ctlreq.c ****         }
 387              		.loc 1 464 11 is_stmt 1 view .LVU134
 464:Middlewares/ST/STM32_USB_Device_Library/Core/Src/usbd_ctlreq.c ****         }
 388              		.loc 1 464 41 is_stmt 0 view .LVU135
 389 0082 D0F8B832 		ldr	r3, [r0, #696]
 464:Middlewares/ST/STM32_USB_Device_Library/Core/Src/usbd_ctlreq.c ****         }
 390              		.loc 1 464 44 view .LVU136
 391 0086 9B6A     		ldr	r3, [r3, #40]
 464:Middlewares/ST/STM32_USB_Device_Library/Core/Src/usbd_ctlreq.c ****         }
 392              		.loc 1 464 18 view .LVU137
 393 0088 0DF10600 		add	r0, sp, #6
 394              	.LVL39:
 464:Middlewares/ST/STM32_USB_Device_Library/Core/Src/usbd_ctlreq.c ****         }
 395              		.loc 1 464 18 view .LVU138
 396 008c 9847     		blx	r3
 397              	.LVL40:
 466:Middlewares/ST/STM32_USB_Device_Library/Core/Src/usbd_ctlreq.c ****       }
 398              		.loc 1 466 9 is_stmt 1 view .LVU139
 466:Middlewares/ST/STM32_USB_Device_Library/Core/Src/usbd_ctlreq.c ****       }
 399              		.loc 1 466 17 is_stmt 0 view .LVU140
 400 008e 0223     		movs	r3, #2
 401 0090 4370     		strb	r3, [r0, #1]
 651:Middlewares/ST/STM32_USB_Device_Library/Core/Src/usbd_ctlreq.c ****   {
 402              		.loc 1 651 3 is_stmt 1 view .LVU141
 403 0092 E0E7     		b	.L17
 404              	.LVL41:
 405              	.L19:
 478:Middlewares/ST/STM32_USB_Device_Library/Core/Src/usbd_ctlreq.c ****         }
 406              		.loc 1 478 11 view .LVU142
 478:Middlewares/ST/STM32_USB_Device_Library/Core/Src/usbd_ctlreq.c ****         }
 407              		.loc 1 478 41 is_stmt 0 view .LVU143
ARM GAS  /tmp/ccDx2qBe.s 			page 36


 408 0094 D0F8B832 		ldr	r3, [r0, #696]
 478:Middlewares/ST/STM32_USB_Device_Library/Core/Src/usbd_ctlreq.c ****         }
 409              		.loc 1 478 44 view .LVU144
 410 0098 DB6A     		ldr	r3, [r3, #44]
 478:Middlewares/ST/STM32_USB_Device_Library/Core/Src/usbd_ctlreq.c ****         }
 411              		.loc 1 478 18 view .LVU145
 412 009a 0DF10600 		add	r0, sp, #6
 413              	.LVL42:
 478:Middlewares/ST/STM32_USB_Device_Library/Core/Src/usbd_ctlreq.c ****         }
 414              		.loc 1 478 18 view .LVU146
 415 009e 9847     		blx	r3
 416              	.LVL43:
 480:Middlewares/ST/STM32_USB_Device_Library/Core/Src/usbd_ctlreq.c ****       }
 417              		.loc 1 480 9 is_stmt 1 view .LVU147
 480:Middlewares/ST/STM32_USB_Device_Library/Core/Src/usbd_ctlreq.c ****       }
 418              		.loc 1 480 17 is_stmt 0 view .LVU148
 419 00a0 0223     		movs	r3, #2
 420 00a2 4370     		strb	r3, [r0, #1]
 651:Middlewares/ST/STM32_USB_Device_Library/Core/Src/usbd_ctlreq.c ****   {
 421              		.loc 1 651 3 is_stmt 1 view .LVU149
 422 00a4 D7E7     		b	.L17
 423              	.LVL44:
 424              	.L13:
 485:Middlewares/ST/STM32_USB_Device_Library/Core/Src/usbd_ctlreq.c ****       {
 425              		.loc 1 485 7 view .LVU150
 485:Middlewares/ST/STM32_USB_Device_Library/Core/Src/usbd_ctlreq.c ****       {
 426              		.loc 1 485 15 is_stmt 0 view .LVU151
 427 00a6 D2B2     		uxtb	r2, r2
 428 00a8 052A     		cmp	r2, #5
 429 00aa 52D8     		bhi	.L20
 430 00ac DFE802F0 		tbb	[pc, r2]
 431              	.L22:
 432 00b0 03       		.byte	(.L27-.L22)/2
 433 00b1 10       		.byte	(.L26-.L22)/2
 434 00b2 1D       		.byte	(.L25-.L22)/2
 435 00b3 2A       		.byte	(.L24-.L22)/2
 436 00b4 37       		.byte	(.L23-.L22)/2
 437 00b5 44       		.byte	(.L21-.L22)/2
 438              		.p2align 1
 439              	.L27:
 488:Middlewares/ST/STM32_USB_Device_Library/Core/Src/usbd_ctlreq.c ****           {
 440              		.loc 1 488 11 is_stmt 1 view .LVU152
 488:Middlewares/ST/STM32_USB_Device_Library/Core/Src/usbd_ctlreq.c ****           {
 441              		.loc 1 488 19 is_stmt 0 view .LVU153
 442 00b6 D0F8B432 		ldr	r3, [r0, #692]
 488:Middlewares/ST/STM32_USB_Device_Library/Core/Src/usbd_ctlreq.c ****           {
 443              		.loc 1 488 26 view .LVU154
 444 00ba 5B68     		ldr	r3, [r3, #4]
 488:Middlewares/ST/STM32_USB_Device_Library/Core/Src/usbd_ctlreq.c ****           {
 445              		.loc 1 488 14 view .LVU155
 446 00bc 23B1     		cbz	r3, .L28
 490:Middlewares/ST/STM32_USB_Device_Library/Core/Src/usbd_ctlreq.c ****           }
 447              		.loc 1 490 13 is_stmt 1 view .LVU156
 490:Middlewares/ST/STM32_USB_Device_Library/Core/Src/usbd_ctlreq.c ****           }
 448              		.loc 1 490 20 is_stmt 0 view .LVU157
 449 00be 0DF10601 		add	r1, sp, #6
 450 00c2 007C     		ldrb	r0, [r0, #16]	@ zero_extendqisi2
ARM GAS  /tmp/ccDx2qBe.s 			page 37


 451              	.LVL45:
 490:Middlewares/ST/STM32_USB_Device_Library/Core/Src/usbd_ctlreq.c ****           }
 452              		.loc 1 490 20 view .LVU158
 453 00c4 9847     		blx	r3
 454              	.LVL46:
 651:Middlewares/ST/STM32_USB_Device_Library/Core/Src/usbd_ctlreq.c ****   {
 455              		.loc 1 651 3 is_stmt 1 view .LVU159
 456 00c6 C6E7     		b	.L17
 457              	.LVL47:
 458              	.L28:
 494:Middlewares/ST/STM32_USB_Device_Library/Core/Src/usbd_ctlreq.c ****             err++;
 459              		.loc 1 494 13 view .LVU160
 460 00c8 2946     		mov	r1, r5
 461 00ca FFF7FEFF 		bl	USBD_CtlError
 462              	.LVL48:
 495:Middlewares/ST/STM32_USB_Device_Library/Core/Src/usbd_ctlreq.c ****           }
 463              		.loc 1 495 13 view .LVU161
 651:Middlewares/ST/STM32_USB_Device_Library/Core/Src/usbd_ctlreq.c ****   {
 464              		.loc 1 651 3 view .LVU162
 465 00ce D4E7     		b	.L7
 466              	.LVL49:
 467              	.L26:
 500:Middlewares/ST/STM32_USB_Device_Library/Core/Src/usbd_ctlreq.c ****           {
 468              		.loc 1 500 11 view .LVU163
 500:Middlewares/ST/STM32_USB_Device_Library/Core/Src/usbd_ctlreq.c ****           {
 469              		.loc 1 500 19 is_stmt 0 view .LVU164
 470 00d0 D0F8B432 		ldr	r3, [r0, #692]
 500:Middlewares/ST/STM32_USB_Device_Library/Core/Src/usbd_ctlreq.c ****           {
 471              		.loc 1 500 26 view .LVU165
 472 00d4 9B68     		ldr	r3, [r3, #8]
 500:Middlewares/ST/STM32_USB_Device_Library/Core/Src/usbd_ctlreq.c ****           {
 473              		.loc 1 500 14 view .LVU166
 474 00d6 23B1     		cbz	r3, .L29
 502:Middlewares/ST/STM32_USB_Device_Library/Core/Src/usbd_ctlreq.c ****           }
 475              		.loc 1 502 13 is_stmt 1 view .LVU167
 502:Middlewares/ST/STM32_USB_Device_Library/Core/Src/usbd_ctlreq.c ****           }
 476              		.loc 1 502 20 is_stmt 0 view .LVU168
 477 00d8 0DF10601 		add	r1, sp, #6
 478 00dc 007C     		ldrb	r0, [r0, #16]	@ zero_extendqisi2
 479              	.LVL50:
 502:Middlewares/ST/STM32_USB_Device_Library/Core/Src/usbd_ctlreq.c ****           }
 480              		.loc 1 502 20 view .LVU169
 481 00de 9847     		blx	r3
 482              	.LVL51:
 651:Middlewares/ST/STM32_USB_Device_Library/Core/Src/usbd_ctlreq.c ****   {
 483              		.loc 1 651 3 is_stmt 1 view .LVU170
 484 00e0 B9E7     		b	.L17
 485              	.LVL52:
 486              	.L29:
 506:Middlewares/ST/STM32_USB_Device_Library/Core/Src/usbd_ctlreq.c ****             err++;
 487              		.loc 1 506 13 view .LVU171
 488 00e2 2946     		mov	r1, r5
 489 00e4 FFF7FEFF 		bl	USBD_CtlError
 490              	.LVL53:
 507:Middlewares/ST/STM32_USB_Device_Library/Core/Src/usbd_ctlreq.c ****           }
 491              		.loc 1 507 13 view .LVU172
 651:Middlewares/ST/STM32_USB_Device_Library/Core/Src/usbd_ctlreq.c ****   {
ARM GAS  /tmp/ccDx2qBe.s 			page 38


 492              		.loc 1 651 3 view .LVU173
 493 00e8 C7E7     		b	.L7
 494              	.LVL54:
 495              	.L25:
 512:Middlewares/ST/STM32_USB_Device_Library/Core/Src/usbd_ctlreq.c ****           {
 496              		.loc 1 512 11 view .LVU174
 512:Middlewares/ST/STM32_USB_Device_Library/Core/Src/usbd_ctlreq.c ****           {
 497              		.loc 1 512 19 is_stmt 0 view .LVU175
 498 00ea D0F8B432 		ldr	r3, [r0, #692]
 512:Middlewares/ST/STM32_USB_Device_Library/Core/Src/usbd_ctlreq.c ****           {
 499              		.loc 1 512 26 view .LVU176
 500 00ee DB68     		ldr	r3, [r3, #12]
 512:Middlewares/ST/STM32_USB_Device_Library/Core/Src/usbd_ctlreq.c ****           {
 501              		.loc 1 512 14 view .LVU177
 502 00f0 23B1     		cbz	r3, .L30
 514:Middlewares/ST/STM32_USB_Device_Library/Core/Src/usbd_ctlreq.c ****           }
 503              		.loc 1 514 13 is_stmt 1 view .LVU178
 514:Middlewares/ST/STM32_USB_Device_Library/Core/Src/usbd_ctlreq.c ****           }
 504              		.loc 1 514 20 is_stmt 0 view .LVU179
 505 00f2 0DF10601 		add	r1, sp, #6
 506 00f6 007C     		ldrb	r0, [r0, #16]	@ zero_extendqisi2
 507              	.LVL55:
 514:Middlewares/ST/STM32_USB_Device_Library/Core/Src/usbd_ctlreq.c ****           }
 508              		.loc 1 514 20 view .LVU180
 509 00f8 9847     		blx	r3
 510              	.LVL56:
 651:Middlewares/ST/STM32_USB_Device_Library/Core/Src/usbd_ctlreq.c ****   {
 511              		.loc 1 651 3 is_stmt 1 view .LVU181
 512 00fa ACE7     		b	.L17
 513              	.LVL57:
 514              	.L30:
 518:Middlewares/ST/STM32_USB_Device_Library/Core/Src/usbd_ctlreq.c ****             err++;
 515              		.loc 1 518 13 view .LVU182
 516 00fc 2946     		mov	r1, r5
 517 00fe FFF7FEFF 		bl	USBD_CtlError
 518              	.LVL58:
 519:Middlewares/ST/STM32_USB_Device_Library/Core/Src/usbd_ctlreq.c ****           }
 519              		.loc 1 519 13 view .LVU183
 651:Middlewares/ST/STM32_USB_Device_Library/Core/Src/usbd_ctlreq.c ****   {
 520              		.loc 1 651 3 view .LVU184
 521 0102 BAE7     		b	.L7
 522              	.LVL59:
 523              	.L24:
 524:Middlewares/ST/STM32_USB_Device_Library/Core/Src/usbd_ctlreq.c ****           {
 524              		.loc 1 524 11 view .LVU185
 524:Middlewares/ST/STM32_USB_Device_Library/Core/Src/usbd_ctlreq.c ****           {
 525              		.loc 1 524 19 is_stmt 0 view .LVU186
 526 0104 D0F8B432 		ldr	r3, [r0, #692]
 524:Middlewares/ST/STM32_USB_Device_Library/Core/Src/usbd_ctlreq.c ****           {
 527              		.loc 1 524 26 view .LVU187
 528 0108 1B69     		ldr	r3, [r3, #16]
 524:Middlewares/ST/STM32_USB_Device_Library/Core/Src/usbd_ctlreq.c ****           {
 529              		.loc 1 524 14 view .LVU188
 530 010a 23B1     		cbz	r3, .L31
 526:Middlewares/ST/STM32_USB_Device_Library/Core/Src/usbd_ctlreq.c ****           }
 531              		.loc 1 526 13 is_stmt 1 view .LVU189
 526:Middlewares/ST/STM32_USB_Device_Library/Core/Src/usbd_ctlreq.c ****           }
ARM GAS  /tmp/ccDx2qBe.s 			page 39


 532              		.loc 1 526 20 is_stmt 0 view .LVU190
 533 010c 0DF10601 		add	r1, sp, #6
 534 0110 007C     		ldrb	r0, [r0, #16]	@ zero_extendqisi2
 535              	.LVL60:
 526:Middlewares/ST/STM32_USB_Device_Library/Core/Src/usbd_ctlreq.c ****           }
 536              		.loc 1 526 20 view .LVU191
 537 0112 9847     		blx	r3
 538              	.LVL61:
 651:Middlewares/ST/STM32_USB_Device_Library/Core/Src/usbd_ctlreq.c ****   {
 539              		.loc 1 651 3 is_stmt 1 view .LVU192
 540 0114 9FE7     		b	.L17
 541              	.LVL62:
 542              	.L31:
 530:Middlewares/ST/STM32_USB_Device_Library/Core/Src/usbd_ctlreq.c ****             err++;
 543              		.loc 1 530 13 view .LVU193
 544 0116 2946     		mov	r1, r5
 545 0118 FFF7FEFF 		bl	USBD_CtlError
 546              	.LVL63:
 531:Middlewares/ST/STM32_USB_Device_Library/Core/Src/usbd_ctlreq.c ****           }
 547              		.loc 1 531 13 view .LVU194
 651:Middlewares/ST/STM32_USB_Device_Library/Core/Src/usbd_ctlreq.c ****   {
 548              		.loc 1 651 3 view .LVU195
 549 011c ADE7     		b	.L7
 550              	.LVL64:
 551              	.L23:
 536:Middlewares/ST/STM32_USB_Device_Library/Core/Src/usbd_ctlreq.c ****           {
 552              		.loc 1 536 11 view .LVU196
 536:Middlewares/ST/STM32_USB_Device_Library/Core/Src/usbd_ctlreq.c ****           {
 553              		.loc 1 536 19 is_stmt 0 view .LVU197
 554 011e D0F8B432 		ldr	r3, [r0, #692]
 536:Middlewares/ST/STM32_USB_Device_Library/Core/Src/usbd_ctlreq.c ****           {
 555              		.loc 1 536 26 view .LVU198
 556 0122 5B69     		ldr	r3, [r3, #20]
 536:Middlewares/ST/STM32_USB_Device_Library/Core/Src/usbd_ctlreq.c ****           {
 557              		.loc 1 536 14 view .LVU199
 558 0124 23B1     		cbz	r3, .L32
 538:Middlewares/ST/STM32_USB_Device_Library/Core/Src/usbd_ctlreq.c ****           }
 559              		.loc 1 538 13 is_stmt 1 view .LVU200
 538:Middlewares/ST/STM32_USB_Device_Library/Core/Src/usbd_ctlreq.c ****           }
 560              		.loc 1 538 20 is_stmt 0 view .LVU201
 561 0126 0DF10601 		add	r1, sp, #6
 562 012a 007C     		ldrb	r0, [r0, #16]	@ zero_extendqisi2
 563              	.LVL65:
 538:Middlewares/ST/STM32_USB_Device_Library/Core/Src/usbd_ctlreq.c ****           }
 564              		.loc 1 538 20 view .LVU202
 565 012c 9847     		blx	r3
 566              	.LVL66:
 651:Middlewares/ST/STM32_USB_Device_Library/Core/Src/usbd_ctlreq.c ****   {
 567              		.loc 1 651 3 is_stmt 1 view .LVU203
 568 012e 92E7     		b	.L17
 569              	.LVL67:
 570              	.L32:
 542:Middlewares/ST/STM32_USB_Device_Library/Core/Src/usbd_ctlreq.c ****             err++;
 571              		.loc 1 542 13 view .LVU204
 572 0130 2946     		mov	r1, r5
 573 0132 FFF7FEFF 		bl	USBD_CtlError
 574              	.LVL68:
ARM GAS  /tmp/ccDx2qBe.s 			page 40


 543:Middlewares/ST/STM32_USB_Device_Library/Core/Src/usbd_ctlreq.c ****           }
 575              		.loc 1 543 13 view .LVU205
 651:Middlewares/ST/STM32_USB_Device_Library/Core/Src/usbd_ctlreq.c ****   {
 576              		.loc 1 651 3 view .LVU206
 577 0136 A0E7     		b	.L7
 578              	.LVL69:
 579              	.L21:
 548:Middlewares/ST/STM32_USB_Device_Library/Core/Src/usbd_ctlreq.c ****           {
 580              		.loc 1 548 11 view .LVU207
 548:Middlewares/ST/STM32_USB_Device_Library/Core/Src/usbd_ctlreq.c ****           {
 581              		.loc 1 548 19 is_stmt 0 view .LVU208
 582 0138 D0F8B432 		ldr	r3, [r0, #692]
 548:Middlewares/ST/STM32_USB_Device_Library/Core/Src/usbd_ctlreq.c ****           {
 583              		.loc 1 548 26 view .LVU209
 584 013c 9B69     		ldr	r3, [r3, #24]
 548:Middlewares/ST/STM32_USB_Device_Library/Core/Src/usbd_ctlreq.c ****           {
 585              		.loc 1 548 14 view .LVU210
 586 013e 23B1     		cbz	r3, .L33
 550:Middlewares/ST/STM32_USB_Device_Library/Core/Src/usbd_ctlreq.c ****           }
 587              		.loc 1 550 13 is_stmt 1 view .LVU211
 550:Middlewares/ST/STM32_USB_Device_Library/Core/Src/usbd_ctlreq.c ****           }
 588              		.loc 1 550 20 is_stmt 0 view .LVU212
 589 0140 0DF10601 		add	r1, sp, #6
 590 0144 007C     		ldrb	r0, [r0, #16]	@ zero_extendqisi2
 591              	.LVL70:
 550:Middlewares/ST/STM32_USB_Device_Library/Core/Src/usbd_ctlreq.c ****           }
 592              		.loc 1 550 20 view .LVU213
 593 0146 9847     		blx	r3
 594              	.LVL71:
 651:Middlewares/ST/STM32_USB_Device_Library/Core/Src/usbd_ctlreq.c ****   {
 595              		.loc 1 651 3 is_stmt 1 view .LVU214
 596 0148 85E7     		b	.L17
 597              	.LVL72:
 598              	.L33:
 554:Middlewares/ST/STM32_USB_Device_Library/Core/Src/usbd_ctlreq.c ****             err++;
 599              		.loc 1 554 13 view .LVU215
 600 014a 2946     		mov	r1, r5
 601 014c FFF7FEFF 		bl	USBD_CtlError
 602              	.LVL73:
 555:Middlewares/ST/STM32_USB_Device_Library/Core/Src/usbd_ctlreq.c ****           }
 603              		.loc 1 555 13 view .LVU216
 651:Middlewares/ST/STM32_USB_Device_Library/Core/Src/usbd_ctlreq.c ****   {
 604              		.loc 1 651 3 view .LVU217
 605 0150 93E7     		b	.L7
 606              	.LVL74:
 607              	.L20:
 595:Middlewares/ST/STM32_USB_Device_Library/Core/Src/usbd_ctlreq.c ****           err++;
 608              		.loc 1 595 11 view .LVU218
 609 0152 2946     		mov	r1, r5
 610 0154 FFF7FEFF 		bl	USBD_CtlError
 611              	.LVL75:
 596:Middlewares/ST/STM32_USB_Device_Library/Core/Src/usbd_ctlreq.c **** #endif /* (USBD_CLASS_USER_STRING_DESC == 0U) && (USBD_SUPPORT_USER_STRING_DESC == 0U) */
 612              		.loc 1 596 11 view .LVU219
 598:Middlewares/ST/STM32_USB_Device_Library/Core/Src/usbd_ctlreq.c ****       }
 613              		.loc 1 598 11 view .LVU220
 651:Middlewares/ST/STM32_USB_Device_Library/Core/Src/usbd_ctlreq.c ****   {
 614              		.loc 1 651 3 view .LVU221
ARM GAS  /tmp/ccDx2qBe.s 			page 41


 615 0158 8FE7     		b	.L7
 616              	.LVL76:
 617              	.L12:
 603:Middlewares/ST/STM32_USB_Device_Library/Core/Src/usbd_ctlreq.c ****       {
 618              		.loc 1 603 7 view .LVU222
 603:Middlewares/ST/STM32_USB_Device_Library/Core/Src/usbd_ctlreq.c ****       {
 619              		.loc 1 603 15 is_stmt 0 view .LVU223
 620 015a 037C     		ldrb	r3, [r0, #16]	@ zero_extendqisi2
 603:Middlewares/ST/STM32_USB_Device_Library/Core/Src/usbd_ctlreq.c ****       {
 621              		.loc 1 603 10 view .LVU224
 622 015c 33B9     		cbnz	r3, .L34
 613:Middlewares/ST/STM32_USB_Device_Library/Core/Src/usbd_ctlreq.c ****         }
 623              		.loc 1 613 11 is_stmt 1 view .LVU225
 613:Middlewares/ST/STM32_USB_Device_Library/Core/Src/usbd_ctlreq.c ****         }
 624              		.loc 1 613 41 is_stmt 0 view .LVU226
 625 015e D0F8B832 		ldr	r3, [r0, #696]
 613:Middlewares/ST/STM32_USB_Device_Library/Core/Src/usbd_ctlreq.c ****         }
 626              		.loc 1 613 44 view .LVU227
 627 0162 5B6B     		ldr	r3, [r3, #52]
 613:Middlewares/ST/STM32_USB_Device_Library/Core/Src/usbd_ctlreq.c ****         }
 628              		.loc 1 613 18 view .LVU228
 629 0164 0DF10600 		add	r0, sp, #6
 630              	.LVL77:
 613:Middlewares/ST/STM32_USB_Device_Library/Core/Src/usbd_ctlreq.c ****         }
 631              		.loc 1 613 18 view .LVU229
 632 0168 9847     		blx	r3
 633              	.LVL78:
 651:Middlewares/ST/STM32_USB_Device_Library/Core/Src/usbd_ctlreq.c ****   {
 634              		.loc 1 651 3 is_stmt 1 view .LVU230
 635 016a 74E7     		b	.L17
 636              	.LVL79:
 637              	.L34:
 618:Middlewares/ST/STM32_USB_Device_Library/Core/Src/usbd_ctlreq.c ****         err++;
 638              		.loc 1 618 9 view .LVU231
 639 016c 2946     		mov	r1, r5
 640 016e FFF7FEFF 		bl	USBD_CtlError
 641              	.LVL80:
 619:Middlewares/ST/STM32_USB_Device_Library/Core/Src/usbd_ctlreq.c ****       }
 642              		.loc 1 619 9 view .LVU232
 651:Middlewares/ST/STM32_USB_Device_Library/Core/Src/usbd_ctlreq.c ****   {
 643              		.loc 1 651 3 view .LVU233
 644 0172 82E7     		b	.L7
 645              	.LVL81:
 646              	.L11:
 624:Middlewares/ST/STM32_USB_Device_Library/Core/Src/usbd_ctlreq.c ****       {
 647              		.loc 1 624 7 view .LVU234
 624:Middlewares/ST/STM32_USB_Device_Library/Core/Src/usbd_ctlreq.c ****       {
 648              		.loc 1 624 15 is_stmt 0 view .LVU235
 649 0174 037C     		ldrb	r3, [r0, #16]	@ zero_extendqisi2
 624:Middlewares/ST/STM32_USB_Device_Library/Core/Src/usbd_ctlreq.c ****       {
 650              		.loc 1 624 10 view .LVU236
 651 0176 43B9     		cbnz	r3, .L35
 634:Middlewares/ST/STM32_USB_Device_Library/Core/Src/usbd_ctlreq.c ****         }
 652              		.loc 1 634 11 is_stmt 1 view .LVU237
 634:Middlewares/ST/STM32_USB_Device_Library/Core/Src/usbd_ctlreq.c ****         }
 653              		.loc 1 634 41 is_stmt 0 view .LVU238
 654 0178 D0F8B832 		ldr	r3, [r0, #696]
ARM GAS  /tmp/ccDx2qBe.s 			page 42


 634:Middlewares/ST/STM32_USB_Device_Library/Core/Src/usbd_ctlreq.c ****         }
 655              		.loc 1 634 44 view .LVU239
 656 017c 1B6B     		ldr	r3, [r3, #48]
 634:Middlewares/ST/STM32_USB_Device_Library/Core/Src/usbd_ctlreq.c ****         }
 657              		.loc 1 634 18 view .LVU240
 658 017e 0DF10600 		add	r0, sp, #6
 659              	.LVL82:
 634:Middlewares/ST/STM32_USB_Device_Library/Core/Src/usbd_ctlreq.c ****         }
 660              		.loc 1 634 18 view .LVU241
 661 0182 9847     		blx	r3
 662              	.LVL83:
 636:Middlewares/ST/STM32_USB_Device_Library/Core/Src/usbd_ctlreq.c ****       }
 663              		.loc 1 636 9 is_stmt 1 view .LVU242
 636:Middlewares/ST/STM32_USB_Device_Library/Core/Src/usbd_ctlreq.c ****       }
 664              		.loc 1 636 17 is_stmt 0 view .LVU243
 665 0184 0723     		movs	r3, #7
 666 0186 4370     		strb	r3, [r0, #1]
 651:Middlewares/ST/STM32_USB_Device_Library/Core/Src/usbd_ctlreq.c ****   {
 667              		.loc 1 651 3 is_stmt 1 view .LVU244
 668 0188 65E7     		b	.L17
 669              	.LVL84:
 670              	.L35:
 640:Middlewares/ST/STM32_USB_Device_Library/Core/Src/usbd_ctlreq.c ****         err++;
 671              		.loc 1 640 9 view .LVU245
 672 018a 2946     		mov	r1, r5
 673 018c FFF7FEFF 		bl	USBD_CtlError
 674              	.LVL85:
 641:Middlewares/ST/STM32_USB_Device_Library/Core/Src/usbd_ctlreq.c ****       }
 675              		.loc 1 641 9 view .LVU246
 651:Middlewares/ST/STM32_USB_Device_Library/Core/Src/usbd_ctlreq.c ****   {
 676              		.loc 1 651 3 view .LVU247
 677 0190 73E7     		b	.L7
 678              	.LVL86:
 679              	.L8:
 646:Middlewares/ST/STM32_USB_Device_Library/Core/Src/usbd_ctlreq.c ****       err++;
 680              		.loc 1 646 7 view .LVU248
 681 0192 2946     		mov	r1, r5
 682 0194 FFF7FEFF 		bl	USBD_CtlError
 683              	.LVL87:
 647:Middlewares/ST/STM32_USB_Device_Library/Core/Src/usbd_ctlreq.c ****       break;
 684              		.loc 1 647 7 view .LVU249
 648:Middlewares/ST/STM32_USB_Device_Library/Core/Src/usbd_ctlreq.c ****   }
 685              		.loc 1 648 7 view .LVU250
 651:Middlewares/ST/STM32_USB_Device_Library/Core/Src/usbd_ctlreq.c ****   {
 686              		.loc 1 651 3 view .LVU251
 653:Middlewares/ST/STM32_USB_Device_Library/Core/Src/usbd_ctlreq.c ****   }
 687              		.loc 1 653 5 view .LVU252
 688 0198 6FE7     		b	.L7
 689              	.LVL88:
 690              	.L38:
 665:Middlewares/ST/STM32_USB_Device_Library/Core/Src/usbd_ctlreq.c ****     }
 691              		.loc 1 665 7 view .LVU253
 692 019a 2946     		mov	r1, r5
 693 019c 2046     		mov	r0, r4
 694              	.LVL89:
 665:Middlewares/ST/STM32_USB_Device_Library/Core/Src/usbd_ctlreq.c ****     }
 695              		.loc 1 665 7 is_stmt 0 view .LVU254
ARM GAS  /tmp/ccDx2qBe.s 			page 43


 696 019e FFF7FEFF 		bl	USBD_CtlError
 697              	.LVL90:
 698 01a2 6AE7     		b	.L7
 699              	.LVL91:
 700              	.L37:
 670:Middlewares/ST/STM32_USB_Device_Library/Core/Src/usbd_ctlreq.c ****   }
 701              		.loc 1 670 5 is_stmt 1 view .LVU255
 670:Middlewares/ST/STM32_USB_Device_Library/Core/Src/usbd_ctlreq.c ****   }
 702              		.loc 1 670 11 is_stmt 0 view .LVU256
 703 01a4 2046     		mov	r0, r4
 704              	.LVL92:
 670:Middlewares/ST/STM32_USB_Device_Library/Core/Src/usbd_ctlreq.c ****   }
 705              		.loc 1 670 11 view .LVU257
 706 01a6 FFF7FEFF 		bl	USBD_CtlSendStatus
 707              	.LVL93:
 708 01aa 66E7     		b	.L7
 709              		.cfi_endproc
 710              	.LFE391:
 712              		.section	.text.USBD_SetAddress,"ax",%progbits
 713              		.align	1
 714              		.syntax unified
 715              		.thumb
 716              		.thumb_func
 718              	USBD_SetAddress:
 719              	.LVL94:
 720              	.LFB392:
 683:Middlewares/ST/STM32_USB_Device_Library/Core/Src/usbd_ctlreq.c ****   uint8_t  dev_addr;
 721              		.loc 1 683 1 is_stmt 1 view -0
 722              		.cfi_startproc
 723              		@ args = 0, pretend = 0, frame = 0
 724              		@ frame_needed = 0, uses_anonymous_args = 0
 683:Middlewares/ST/STM32_USB_Device_Library/Core/Src/usbd_ctlreq.c ****   uint8_t  dev_addr;
 725              		.loc 1 683 1 is_stmt 0 view .LVU259
 726 0000 38B5     		push	{r3, r4, r5, lr}
 727              	.LCFI5:
 728              		.cfi_def_cfa_offset 16
 729              		.cfi_offset 3, -16
 730              		.cfi_offset 4, -12
 731              		.cfi_offset 5, -8
 732              		.cfi_offset 14, -4
 733 0002 0446     		mov	r4, r0
 684:Middlewares/ST/STM32_USB_Device_Library/Core/Src/usbd_ctlreq.c **** 
 734              		.loc 1 684 3 is_stmt 1 view .LVU260
 686:Middlewares/ST/STM32_USB_Device_Library/Core/Src/usbd_ctlreq.c ****   {
 735              		.loc 1 686 3 view .LVU261
 686:Middlewares/ST/STM32_USB_Device_Library/Core/Src/usbd_ctlreq.c ****   {
 736              		.loc 1 686 11 is_stmt 0 view .LVU262
 737 0004 8B88     		ldrh	r3, [r1, #4]
 686:Middlewares/ST/STM32_USB_Device_Library/Core/Src/usbd_ctlreq.c ****   {
 738              		.loc 1 686 6 view .LVU263
 739 0006 FBB9     		cbnz	r3, .L42
 686:Middlewares/ST/STM32_USB_Device_Library/Core/Src/usbd_ctlreq.c ****   {
 740              		.loc 1 686 34 discriminator 1 view .LVU264
 741 0008 CB88     		ldrh	r3, [r1, #6]
 686:Middlewares/ST/STM32_USB_Device_Library/Core/Src/usbd_ctlreq.c ****   {
 742              		.loc 1 686 27 discriminator 1 view .LVU265
 743 000a EBB9     		cbnz	r3, .L42
ARM GAS  /tmp/ccDx2qBe.s 			page 44


 686:Middlewares/ST/STM32_USB_Device_Library/Core/Src/usbd_ctlreq.c ****   {
 744              		.loc 1 686 58 discriminator 2 view .LVU266
 745 000c 4B88     		ldrh	r3, [r1, #2]
 686:Middlewares/ST/STM32_USB_Device_Library/Core/Src/usbd_ctlreq.c ****   {
 746              		.loc 1 686 51 discriminator 2 view .LVU267
 747 000e 7F2B     		cmp	r3, #127
 748 0010 1AD8     		bhi	.L42
 688:Middlewares/ST/STM32_USB_Device_Library/Core/Src/usbd_ctlreq.c **** 
 749              		.loc 1 688 5 is_stmt 1 view .LVU268
 688:Middlewares/ST/STM32_USB_Device_Library/Core/Src/usbd_ctlreq.c **** 
 750              		.loc 1 688 14 is_stmt 0 view .LVU269
 751 0012 03F07F05 		and	r5, r3, #127
 752              	.LVL95:
 690:Middlewares/ST/STM32_USB_Device_Library/Core/Src/usbd_ctlreq.c ****     {
 753              		.loc 1 690 5 is_stmt 1 view .LVU270
 690:Middlewares/ST/STM32_USB_Device_Library/Core/Src/usbd_ctlreq.c ****     {
 754              		.loc 1 690 13 is_stmt 0 view .LVU271
 755 0016 90F89C32 		ldrb	r3, [r0, #668]	@ zero_extendqisi2
 756 001a DBB2     		uxtb	r3, r3
 690:Middlewares/ST/STM32_USB_Device_Library/Core/Src/usbd_ctlreq.c ****     {
 757              		.loc 1 690 8 view .LVU272
 758 001c 032B     		cmp	r3, #3
 759 001e 0CD0     		beq	.L47
 696:Middlewares/ST/STM32_USB_Device_Library/Core/Src/usbd_ctlreq.c ****       (void)USBD_LL_SetUSBAddress(pdev, dev_addr);
 760              		.loc 1 696 7 is_stmt 1 view .LVU273
 696:Middlewares/ST/STM32_USB_Device_Library/Core/Src/usbd_ctlreq.c ****       (void)USBD_LL_SetUSBAddress(pdev, dev_addr);
 761              		.loc 1 696 25 is_stmt 0 view .LVU274
 762 0020 80F89E52 		strb	r5, [r0, #670]
 697:Middlewares/ST/STM32_USB_Device_Library/Core/Src/usbd_ctlreq.c ****       (void)USBD_CtlSendStatus(pdev);
 763              		.loc 1 697 7 is_stmt 1 view .LVU275
 697:Middlewares/ST/STM32_USB_Device_Library/Core/Src/usbd_ctlreq.c ****       (void)USBD_CtlSendStatus(pdev);
 764              		.loc 1 697 13 is_stmt 0 view .LVU276
 765 0024 2946     		mov	r1, r5
 766              	.LVL96:
 697:Middlewares/ST/STM32_USB_Device_Library/Core/Src/usbd_ctlreq.c ****       (void)USBD_CtlSendStatus(pdev);
 767              		.loc 1 697 13 view .LVU277
 768 0026 FFF7FEFF 		bl	USBD_LL_SetUSBAddress
 769              	.LVL97:
 698:Middlewares/ST/STM32_USB_Device_Library/Core/Src/usbd_ctlreq.c **** 
 770              		.loc 1 698 7 is_stmt 1 view .LVU278
 698:Middlewares/ST/STM32_USB_Device_Library/Core/Src/usbd_ctlreq.c **** 
 771              		.loc 1 698 13 is_stmt 0 view .LVU279
 772 002a 2046     		mov	r0, r4
 773 002c FFF7FEFF 		bl	USBD_CtlSendStatus
 774              	.LVL98:
 700:Middlewares/ST/STM32_USB_Device_Library/Core/Src/usbd_ctlreq.c ****       {
 775              		.loc 1 700 7 is_stmt 1 view .LVU280
 700:Middlewares/ST/STM32_USB_Device_Library/Core/Src/usbd_ctlreq.c ****       {
 776              		.loc 1 700 10 is_stmt 0 view .LVU281
 777 0030 35B1     		cbz	r5, .L45
 702:Middlewares/ST/STM32_USB_Device_Library/Core/Src/usbd_ctlreq.c ****       }
 778              		.loc 1 702 9 is_stmt 1 view .LVU282
 702:Middlewares/ST/STM32_USB_Device_Library/Core/Src/usbd_ctlreq.c ****       }
 779              		.loc 1 702 25 is_stmt 0 view .LVU283
 780 0032 0223     		movs	r3, #2
 781 0034 84F89C32 		strb	r3, [r4, #668]
 782 0038 09E0     		b	.L41
ARM GAS  /tmp/ccDx2qBe.s 			page 45


 783              	.LVL99:
 784              	.L47:
 692:Middlewares/ST/STM32_USB_Device_Library/Core/Src/usbd_ctlreq.c ****     }
 785              		.loc 1 692 7 is_stmt 1 view .LVU284
 786 003a FFF7FEFF 		bl	USBD_CtlError
 787              	.LVL100:
 692:Middlewares/ST/STM32_USB_Device_Library/Core/Src/usbd_ctlreq.c ****     }
 788              		.loc 1 692 7 is_stmt 0 view .LVU285
 789 003e 06E0     		b	.L41
 790              	.L45:
 706:Middlewares/ST/STM32_USB_Device_Library/Core/Src/usbd_ctlreq.c ****       }
 791              		.loc 1 706 9 is_stmt 1 view .LVU286
 706:Middlewares/ST/STM32_USB_Device_Library/Core/Src/usbd_ctlreq.c ****       }
 792              		.loc 1 706 25 is_stmt 0 view .LVU287
 793 0040 0123     		movs	r3, #1
 794 0042 84F89C32 		strb	r3, [r4, #668]
 795 0046 02E0     		b	.L41
 796              	.LVL101:
 797              	.L42:
 712:Middlewares/ST/STM32_USB_Device_Library/Core/Src/usbd_ctlreq.c ****   }
 798              		.loc 1 712 5 is_stmt 1 view .LVU288
 799 0048 2046     		mov	r0, r4
 800              	.LVL102:
 712:Middlewares/ST/STM32_USB_Device_Library/Core/Src/usbd_ctlreq.c ****   }
 801              		.loc 1 712 5 is_stmt 0 view .LVU289
 802 004a FFF7FEFF 		bl	USBD_CtlError
 803              	.LVL103:
 804              	.L41:
 714:Middlewares/ST/STM32_USB_Device_Library/Core/Src/usbd_ctlreq.c **** 
 805              		.loc 1 714 1 view .LVU290
 806 004e 38BD     		pop	{r3, r4, r5, pc}
 714:Middlewares/ST/STM32_USB_Device_Library/Core/Src/usbd_ctlreq.c **** 
 807              		.loc 1 714 1 view .LVU291
 808              		.cfi_endproc
 809              	.LFE392:
 811              		.section	.text.USBD_SetConfig,"ax",%progbits
 812              		.align	1
 813              		.syntax unified
 814              		.thumb
 815              		.thumb_func
 817              	USBD_SetConfig:
 818              	.LVL104:
 819              	.LFB393:
 724:Middlewares/ST/STM32_USB_Device_Library/Core/Src/usbd_ctlreq.c ****   USBD_StatusTypeDef ret = USBD_OK;
 820              		.loc 1 724 1 is_stmt 1 view -0
 821              		.cfi_startproc
 822              		@ args = 0, pretend = 0, frame = 0
 823              		@ frame_needed = 0, uses_anonymous_args = 0
 724:Middlewares/ST/STM32_USB_Device_Library/Core/Src/usbd_ctlreq.c ****   USBD_StatusTypeDef ret = USBD_OK;
 824              		.loc 1 724 1 is_stmt 0 view .LVU293
 825 0000 70B5     		push	{r4, r5, r6, lr}
 826              	.LCFI6:
 827              		.cfi_def_cfa_offset 16
 828              		.cfi_offset 4, -16
 829              		.cfi_offset 5, -12
 830              		.cfi_offset 6, -8
 831              		.cfi_offset 14, -4
ARM GAS  /tmp/ccDx2qBe.s 			page 46


 832 0002 0446     		mov	r4, r0
 833 0004 0E46     		mov	r6, r1
 725:Middlewares/ST/STM32_USB_Device_Library/Core/Src/usbd_ctlreq.c ****   static uint8_t cfgidx;
 834              		.loc 1 725 3 is_stmt 1 view .LVU294
 835              	.LVL105:
 726:Middlewares/ST/STM32_USB_Device_Library/Core/Src/usbd_ctlreq.c **** 
 836              		.loc 1 726 3 view .LVU295
 728:Middlewares/ST/STM32_USB_Device_Library/Core/Src/usbd_ctlreq.c **** 
 837              		.loc 1 728 3 view .LVU296
 728:Middlewares/ST/STM32_USB_Device_Library/Core/Src/usbd_ctlreq.c **** 
 838              		.loc 1 728 12 is_stmt 0 view .LVU297
 839 0006 8D78     		ldrb	r5, [r1, #2]	@ zero_extendqisi2
 728:Middlewares/ST/STM32_USB_Device_Library/Core/Src/usbd_ctlreq.c **** 
 840              		.loc 1 728 10 view .LVU298
 841 0008 2F4B     		ldr	r3, .L63
 842 000a 1D70     		strb	r5, [r3]
 730:Middlewares/ST/STM32_USB_Device_Library/Core/Src/usbd_ctlreq.c ****   {
 843              		.loc 1 730 3 is_stmt 1 view .LVU299
 730:Middlewares/ST/STM32_USB_Device_Library/Core/Src/usbd_ctlreq.c ****   {
 844              		.loc 1 730 6 is_stmt 0 view .LVU300
 845 000c 012D     		cmp	r5, #1
 846 000e 10D8     		bhi	.L61
 736:Middlewares/ST/STM32_USB_Device_Library/Core/Src/usbd_ctlreq.c ****   {
 847              		.loc 1 736 3 is_stmt 1 view .LVU301
 736:Middlewares/ST/STM32_USB_Device_Library/Core/Src/usbd_ctlreq.c ****   {
 848              		.loc 1 736 15 is_stmt 0 view .LVU302
 849 0010 90F89C32 		ldrb	r3, [r0, #668]	@ zero_extendqisi2
 850 0014 DBB2     		uxtb	r3, r3
 736:Middlewares/ST/STM32_USB_Device_Library/Core/Src/usbd_ctlreq.c ****   {
 851              		.loc 1 736 3 view .LVU303
 852 0016 022B     		cmp	r3, #2
 853 0018 0FD0     		beq	.L51
 854 001a 032B     		cmp	r3, #3
 855 001c 26D0     		beq	.L52
 805:Middlewares/ST/STM32_USB_Device_Library/Core/Src/usbd_ctlreq.c ****       (void)USBD_ClrClassConfig(pdev, cfgidx);
 856              		.loc 1 805 7 is_stmt 1 view .LVU304
 857 001e FFF7FEFF 		bl	USBD_CtlError
 858              	.LVL106:
 806:Middlewares/ST/STM32_USB_Device_Library/Core/Src/usbd_ctlreq.c ****       ret = USBD_FAIL;
 859              		.loc 1 806 7 view .LVU305
 806:Middlewares/ST/STM32_USB_Device_Library/Core/Src/usbd_ctlreq.c ****       ret = USBD_FAIL;
 860              		.loc 1 806 13 is_stmt 0 view .LVU306
 861 0022 294B     		ldr	r3, .L63
 862 0024 1978     		ldrb	r1, [r3]	@ zero_extendqisi2
 863 0026 2046     		mov	r0, r4
 864 0028 FFF7FEFF 		bl	USBD_ClrClassConfig
 865              	.LVL107:
 807:Middlewares/ST/STM32_USB_Device_Library/Core/Src/usbd_ctlreq.c ****       break;
 866              		.loc 1 807 7 is_stmt 1 view .LVU307
 808:Middlewares/ST/STM32_USB_Device_Library/Core/Src/usbd_ctlreq.c ****   }
 867              		.loc 1 808 7 view .LVU308
 807:Middlewares/ST/STM32_USB_Device_Library/Core/Src/usbd_ctlreq.c ****       break;
 868              		.loc 1 807 11 is_stmt 0 view .LVU309
 869 002c 0325     		movs	r5, #3
 870              	.LVL108:
 871              	.L50:
 812:Middlewares/ST/STM32_USB_Device_Library/Core/Src/usbd_ctlreq.c **** 
ARM GAS  /tmp/ccDx2qBe.s 			page 47


 872              		.loc 1 812 1 view .LVU310
 873 002e 2846     		mov	r0, r5
 874 0030 70BD     		pop	{r4, r5, r6, pc}
 875              	.LVL109:
 876              	.L61:
 732:Middlewares/ST/STM32_USB_Device_Library/Core/Src/usbd_ctlreq.c ****     return USBD_FAIL;
 877              		.loc 1 732 5 is_stmt 1 view .LVU311
 878 0032 FFF7FEFF 		bl	USBD_CtlError
 879              	.LVL110:
 733:Middlewares/ST/STM32_USB_Device_Library/Core/Src/usbd_ctlreq.c ****   }
 880              		.loc 1 733 5 view .LVU312
 733:Middlewares/ST/STM32_USB_Device_Library/Core/Src/usbd_ctlreq.c ****   }
 881              		.loc 1 733 12 is_stmt 0 view .LVU313
 882 0036 0325     		movs	r5, #3
 883 0038 F9E7     		b	.L50
 884              	.LVL111:
 885              	.L51:
 739:Middlewares/ST/STM32_USB_Device_Library/Core/Src/usbd_ctlreq.c ****       {
 886              		.loc 1 739 7 is_stmt 1 view .LVU314
 739:Middlewares/ST/STM32_USB_Device_Library/Core/Src/usbd_ctlreq.c ****       {
 887              		.loc 1 739 10 is_stmt 0 view .LVU315
 888 003a A5B1     		cbz	r5, .L54
 741:Middlewares/ST/STM32_USB_Device_Library/Core/Src/usbd_ctlreq.c **** 
 889              		.loc 1 741 9 is_stmt 1 view .LVU316
 741:Middlewares/ST/STM32_USB_Device_Library/Core/Src/usbd_ctlreq.c **** 
 890              		.loc 1 741 26 is_stmt 0 view .LVU317
 891 003c 4560     		str	r5, [r0, #4]
 743:Middlewares/ST/STM32_USB_Device_Library/Core/Src/usbd_ctlreq.c **** 
 892              		.loc 1 743 9 is_stmt 1 view .LVU318
 743:Middlewares/ST/STM32_USB_Device_Library/Core/Src/usbd_ctlreq.c **** 
 893              		.loc 1 743 15 is_stmt 0 view .LVU319
 894 003e 2946     		mov	r1, r5
 895              	.LVL112:
 743:Middlewares/ST/STM32_USB_Device_Library/Core/Src/usbd_ctlreq.c **** 
 896              		.loc 1 743 15 view .LVU320
 897 0040 FFF7FEFF 		bl	USBD_SetClassConfig
 898              	.LVL113:
 745:Middlewares/ST/STM32_USB_Device_Library/Core/Src/usbd_ctlreq.c ****         {
 899              		.loc 1 745 9 is_stmt 1 view .LVU321
 745:Middlewares/ST/STM32_USB_Device_Library/Core/Src/usbd_ctlreq.c ****         {
 900              		.loc 1 745 12 is_stmt 0 view .LVU322
 901 0044 0546     		mov	r5, r0
 902 0046 38B1     		cbz	r0, .L55
 747:Middlewares/ST/STM32_USB_Device_Library/Core/Src/usbd_ctlreq.c ****           pdev->dev_state = USBD_STATE_ADDRESSED;
 903              		.loc 1 747 11 is_stmt 1 view .LVU323
 904 0048 3146     		mov	r1, r6
 905 004a 2046     		mov	r0, r4
 906              	.LVL114:
 747:Middlewares/ST/STM32_USB_Device_Library/Core/Src/usbd_ctlreq.c ****           pdev->dev_state = USBD_STATE_ADDRESSED;
 907              		.loc 1 747 11 is_stmt 0 view .LVU324
 908 004c FFF7FEFF 		bl	USBD_CtlError
 909              	.LVL115:
 748:Middlewares/ST/STM32_USB_Device_Library/Core/Src/usbd_ctlreq.c ****         }
 910              		.loc 1 748 11 is_stmt 1 view .LVU325
 748:Middlewares/ST/STM32_USB_Device_Library/Core/Src/usbd_ctlreq.c ****         }
 911              		.loc 1 748 27 is_stmt 0 view .LVU326
 912 0050 0223     		movs	r3, #2
ARM GAS  /tmp/ccDx2qBe.s 			page 48


 913 0052 84F89C32 		strb	r3, [r4, #668]
 914 0056 EAE7     		b	.L50
 915              	.LVL116:
 916              	.L55:
 752:Middlewares/ST/STM32_USB_Device_Library/Core/Src/usbd_ctlreq.c ****           pdev->dev_state = USBD_STATE_CONFIGURED;
 917              		.loc 1 752 11 is_stmt 1 view .LVU327
 752:Middlewares/ST/STM32_USB_Device_Library/Core/Src/usbd_ctlreq.c ****           pdev->dev_state = USBD_STATE_CONFIGURED;
 918              		.loc 1 752 17 is_stmt 0 view .LVU328
 919 0058 2046     		mov	r0, r4
 920              	.LVL117:
 752:Middlewares/ST/STM32_USB_Device_Library/Core/Src/usbd_ctlreq.c ****           pdev->dev_state = USBD_STATE_CONFIGURED;
 921              		.loc 1 752 17 view .LVU329
 922 005a FFF7FEFF 		bl	USBD_CtlSendStatus
 923              	.LVL118:
 753:Middlewares/ST/STM32_USB_Device_Library/Core/Src/usbd_ctlreq.c **** 
 924              		.loc 1 753 11 is_stmt 1 view .LVU330
 753:Middlewares/ST/STM32_USB_Device_Library/Core/Src/usbd_ctlreq.c **** 
 925              		.loc 1 753 27 is_stmt 0 view .LVU331
 926 005e 0323     		movs	r3, #3
 927 0060 84F89C32 		strb	r3, [r4, #668]
 928 0064 E3E7     		b	.L50
 929              	.LVL119:
 930              	.L54:
 765:Middlewares/ST/STM32_USB_Device_Library/Core/Src/usbd_ctlreq.c ****       }
 931              		.loc 1 765 9 is_stmt 1 view .LVU332
 765:Middlewares/ST/STM32_USB_Device_Library/Core/Src/usbd_ctlreq.c ****       }
 932              		.loc 1 765 15 is_stmt 0 view .LVU333
 933 0066 FFF7FEFF 		bl	USBD_CtlSendStatus
 934              	.LVL120:
 765:Middlewares/ST/STM32_USB_Device_Library/Core/Src/usbd_ctlreq.c ****       }
 935              		.loc 1 765 15 view .LVU334
 936 006a E0E7     		b	.L50
 937              	.LVL121:
 938              	.L52:
 770:Middlewares/ST/STM32_USB_Device_Library/Core/Src/usbd_ctlreq.c ****       {
 939              		.loc 1 770 7 is_stmt 1 view .LVU335
 770:Middlewares/ST/STM32_USB_Device_Library/Core/Src/usbd_ctlreq.c ****       {
 940              		.loc 1 770 10 is_stmt 0 view .LVU336
 941 006c CDB1     		cbz	r5, .L62
 777:Middlewares/ST/STM32_USB_Device_Library/Core/Src/usbd_ctlreq.c ****       {
 942              		.loc 1 777 12 is_stmt 1 view .LVU337
 777:Middlewares/ST/STM32_USB_Device_Library/Core/Src/usbd_ctlreq.c ****       {
 943              		.loc 1 777 30 is_stmt 0 view .LVU338
 944 006e 4168     		ldr	r1, [r0, #4]
 945              	.LVL122:
 777:Middlewares/ST/STM32_USB_Device_Library/Core/Src/usbd_ctlreq.c ****       {
 946              		.loc 1 777 15 view .LVU339
 947 0070 8D42     		cmp	r5, r1
 948 0072 25D0     		beq	.L57
 780:Middlewares/ST/STM32_USB_Device_Library/Core/Src/usbd_ctlreq.c **** 
 949              		.loc 1 780 9 is_stmt 1 view .LVU340
 780:Middlewares/ST/STM32_USB_Device_Library/Core/Src/usbd_ctlreq.c **** 
 950              		.loc 1 780 15 is_stmt 0 view .LVU341
 951 0074 C9B2     		uxtb	r1, r1
 952 0076 FFF7FEFF 		bl	USBD_ClrClassConfig
 953              	.LVL123:
 783:Middlewares/ST/STM32_USB_Device_Library/Core/Src/usbd_ctlreq.c **** 
ARM GAS  /tmp/ccDx2qBe.s 			page 49


 954              		.loc 1 783 9 is_stmt 1 view .LVU342
 783:Middlewares/ST/STM32_USB_Device_Library/Core/Src/usbd_ctlreq.c **** 
 955              		.loc 1 783 26 is_stmt 0 view .LVU343
 956 007a 134B     		ldr	r3, .L63
 957 007c 1978     		ldrb	r1, [r3]	@ zero_extendqisi2
 958 007e 6160     		str	r1, [r4, #4]
 785:Middlewares/ST/STM32_USB_Device_Library/Core/Src/usbd_ctlreq.c **** 
 959              		.loc 1 785 9 is_stmt 1 view .LVU344
 785:Middlewares/ST/STM32_USB_Device_Library/Core/Src/usbd_ctlreq.c **** 
 960              		.loc 1 785 15 is_stmt 0 view .LVU345
 961 0080 2046     		mov	r0, r4
 962 0082 FFF7FEFF 		bl	USBD_SetClassConfig
 963              	.LVL124:
 787:Middlewares/ST/STM32_USB_Device_Library/Core/Src/usbd_ctlreq.c ****         {
 964              		.loc 1 787 9 is_stmt 1 view .LVU346
 787:Middlewares/ST/STM32_USB_Device_Library/Core/Src/usbd_ctlreq.c ****         {
 965              		.loc 1 787 12 is_stmt 0 view .LVU347
 966 0086 0546     		mov	r5, r0
 967 0088 B0B1     		cbz	r0, .L58
 789:Middlewares/ST/STM32_USB_Device_Library/Core/Src/usbd_ctlreq.c ****           (void)USBD_ClrClassConfig(pdev, (uint8_t)pdev->dev_config);
 968              		.loc 1 789 11 is_stmt 1 view .LVU348
 969 008a 3146     		mov	r1, r6
 970 008c 2046     		mov	r0, r4
 971              	.LVL125:
 789:Middlewares/ST/STM32_USB_Device_Library/Core/Src/usbd_ctlreq.c ****           (void)USBD_ClrClassConfig(pdev, (uint8_t)pdev->dev_config);
 972              		.loc 1 789 11 is_stmt 0 view .LVU349
 973 008e FFF7FEFF 		bl	USBD_CtlError
 974              	.LVL126:
 790:Middlewares/ST/STM32_USB_Device_Library/Core/Src/usbd_ctlreq.c ****           pdev->dev_state = USBD_STATE_ADDRESSED;
 975              		.loc 1 790 11 is_stmt 1 view .LVU350
 790:Middlewares/ST/STM32_USB_Device_Library/Core/Src/usbd_ctlreq.c ****           pdev->dev_state = USBD_STATE_ADDRESSED;
 976              		.loc 1 790 17 is_stmt 0 view .LVU351
 977 0092 2179     		ldrb	r1, [r4, #4]	@ zero_extendqisi2
 978 0094 2046     		mov	r0, r4
 979 0096 FFF7FEFF 		bl	USBD_ClrClassConfig
 980              	.LVL127:
 791:Middlewares/ST/STM32_USB_Device_Library/Core/Src/usbd_ctlreq.c ****         }
 981              		.loc 1 791 11 is_stmt 1 view .LVU352
 791:Middlewares/ST/STM32_USB_Device_Library/Core/Src/usbd_ctlreq.c ****         }
 982              		.loc 1 791 27 is_stmt 0 view .LVU353
 983 009a 0223     		movs	r3, #2
 984 009c 84F89C32 		strb	r3, [r4, #668]
 985 00a0 C5E7     		b	.L50
 986              	.LVL128:
 987              	.L62:
 772:Middlewares/ST/STM32_USB_Device_Library/Core/Src/usbd_ctlreq.c ****         pdev->dev_config = cfgidx;
 988              		.loc 1 772 9 is_stmt 1 view .LVU354
 772:Middlewares/ST/STM32_USB_Device_Library/Core/Src/usbd_ctlreq.c ****         pdev->dev_config = cfgidx;
 989              		.loc 1 772 25 is_stmt 0 view .LVU355
 990 00a2 0223     		movs	r3, #2
 991 00a4 80F89C32 		strb	r3, [r0, #668]
 773:Middlewares/ST/STM32_USB_Device_Library/Core/Src/usbd_ctlreq.c ****         (void)USBD_ClrClassConfig(pdev, cfgidx);
 992              		.loc 1 773 9 is_stmt 1 view .LVU356
 773:Middlewares/ST/STM32_USB_Device_Library/Core/Src/usbd_ctlreq.c ****         (void)USBD_ClrClassConfig(pdev, cfgidx);
 993              		.loc 1 773 26 is_stmt 0 view .LVU357
 994 00a8 4560     		str	r5, [r0, #4]
 774:Middlewares/ST/STM32_USB_Device_Library/Core/Src/usbd_ctlreq.c ****         (void)USBD_CtlSendStatus(pdev);
ARM GAS  /tmp/ccDx2qBe.s 			page 50


 995              		.loc 1 774 9 is_stmt 1 view .LVU358
 774:Middlewares/ST/STM32_USB_Device_Library/Core/Src/usbd_ctlreq.c ****         (void)USBD_CtlSendStatus(pdev);
 996              		.loc 1 774 15 is_stmt 0 view .LVU359
 997 00aa 2946     		mov	r1, r5
 998              	.LVL129:
 774:Middlewares/ST/STM32_USB_Device_Library/Core/Src/usbd_ctlreq.c ****         (void)USBD_CtlSendStatus(pdev);
 999              		.loc 1 774 15 view .LVU360
 1000 00ac FFF7FEFF 		bl	USBD_ClrClassConfig
 1001              	.LVL130:
 775:Middlewares/ST/STM32_USB_Device_Library/Core/Src/usbd_ctlreq.c ****       }
 1002              		.loc 1 775 9 is_stmt 1 view .LVU361
 775:Middlewares/ST/STM32_USB_Device_Library/Core/Src/usbd_ctlreq.c ****       }
 1003              		.loc 1 775 15 is_stmt 0 view .LVU362
 1004 00b0 2046     		mov	r0, r4
 1005 00b2 FFF7FEFF 		bl	USBD_CtlSendStatus
 1006              	.LVL131:
 1007 00b6 BAE7     		b	.L50
 1008              	.LVL132:
 1009              	.L58:
 795:Middlewares/ST/STM32_USB_Device_Library/Core/Src/usbd_ctlreq.c ****         }
 1010              		.loc 1 795 11 is_stmt 1 view .LVU363
 795:Middlewares/ST/STM32_USB_Device_Library/Core/Src/usbd_ctlreq.c ****         }
 1011              		.loc 1 795 17 is_stmt 0 view .LVU364
 1012 00b8 2046     		mov	r0, r4
 1013              	.LVL133:
 795:Middlewares/ST/STM32_USB_Device_Library/Core/Src/usbd_ctlreq.c ****         }
 1014              		.loc 1 795 17 view .LVU365
 1015 00ba FFF7FEFF 		bl	USBD_CtlSendStatus
 1016              	.LVL134:
 1017 00be B6E7     		b	.L50
 1018              	.LVL135:
 1019              	.L57:
 800:Middlewares/ST/STM32_USB_Device_Library/Core/Src/usbd_ctlreq.c ****       }
 1020              		.loc 1 800 9 is_stmt 1 view .LVU366
 800:Middlewares/ST/STM32_USB_Device_Library/Core/Src/usbd_ctlreq.c ****       }
 1021              		.loc 1 800 15 is_stmt 0 view .LVU367
 1022 00c0 FFF7FEFF 		bl	USBD_CtlSendStatus
 1023              	.LVL136:
 725:Middlewares/ST/STM32_USB_Device_Library/Core/Src/usbd_ctlreq.c ****   static uint8_t cfgidx;
 1024              		.loc 1 725 22 view .LVU368
 1025 00c4 0025     		movs	r5, #0
 1026 00c6 B2E7     		b	.L50
 1027              	.L64:
 1028              		.align	2
 1029              	.L63:
 1030 00c8 00000000 		.word	cfgidx.0
 1031              		.cfi_endproc
 1032              	.LFE393:
 1034              		.section	.text.USBD_GetConfig,"ax",%progbits
 1035              		.align	1
 1036              		.syntax unified
 1037              		.thumb
 1038              		.thumb_func
 1040              	USBD_GetConfig:
 1041              	.LVL137:
 1042              	.LFB394:
 822:Middlewares/ST/STM32_USB_Device_Library/Core/Src/usbd_ctlreq.c ****   if (req->wLength != 1U)
ARM GAS  /tmp/ccDx2qBe.s 			page 51


 1043              		.loc 1 822 1 is_stmt 1 view -0
 1044              		.cfi_startproc
 1045              		@ args = 0, pretend = 0, frame = 0
 1046              		@ frame_needed = 0, uses_anonymous_args = 0
 822:Middlewares/ST/STM32_USB_Device_Library/Core/Src/usbd_ctlreq.c ****   if (req->wLength != 1U)
 1047              		.loc 1 822 1 is_stmt 0 view .LVU370
 1048 0000 08B5     		push	{r3, lr}
 1049              	.LCFI7:
 1050              		.cfi_def_cfa_offset 8
 1051              		.cfi_offset 3, -8
 1052              		.cfi_offset 14, -4
 823:Middlewares/ST/STM32_USB_Device_Library/Core/Src/usbd_ctlreq.c ****   {
 1053              		.loc 1 823 3 is_stmt 1 view .LVU371
 823:Middlewares/ST/STM32_USB_Device_Library/Core/Src/usbd_ctlreq.c ****   {
 1054              		.loc 1 823 10 is_stmt 0 view .LVU372
 1055 0002 CB88     		ldrh	r3, [r1, #6]
 823:Middlewares/ST/STM32_USB_Device_Library/Core/Src/usbd_ctlreq.c ****   {
 1056              		.loc 1 823 6 view .LVU373
 1057 0004 012B     		cmp	r3, #1
 1058 0006 0BD1     		bne	.L73
 829:Middlewares/ST/STM32_USB_Device_Library/Core/Src/usbd_ctlreq.c ****     {
 1059              		.loc 1 829 5 is_stmt 1 view .LVU374
 829:Middlewares/ST/STM32_USB_Device_Library/Core/Src/usbd_ctlreq.c ****     {
 1060              		.loc 1 829 17 is_stmt 0 view .LVU375
 1061 0008 90F89C32 		ldrb	r3, [r0, #668]	@ zero_extendqisi2
 1062 000c DBB2     		uxtb	r3, r3
 829:Middlewares/ST/STM32_USB_Device_Library/Core/Src/usbd_ctlreq.c ****     {
 1063              		.loc 1 829 5 view .LVU376
 1064 000e 022B     		cmp	r3, #2
 1065 0010 09D9     		bls	.L74
 1066 0012 032B     		cmp	r3, #3
 1067 0014 11D1     		bne	.L70
 838:Middlewares/ST/STM32_USB_Device_Library/Core/Src/usbd_ctlreq.c ****         break;
 1068              		.loc 1 838 9 is_stmt 1 view .LVU377
 838:Middlewares/ST/STM32_USB_Device_Library/Core/Src/usbd_ctlreq.c ****         break;
 1069              		.loc 1 838 15 is_stmt 0 view .LVU378
 1070 0016 0122     		movs	r2, #1
 1071 0018 011D     		adds	r1, r0, #4
 1072              	.LVL138:
 838:Middlewares/ST/STM32_USB_Device_Library/Core/Src/usbd_ctlreq.c ****         break;
 1073              		.loc 1 838 15 view .LVU379
 1074 001a FFF7FEFF 		bl	USBD_CtlSendData
 1075              	.LVL139:
 839:Middlewares/ST/STM32_USB_Device_Library/Core/Src/usbd_ctlreq.c **** 
 1076              		.loc 1 839 9 is_stmt 1 view .LVU380
 1077 001e 01E0     		b	.L65
 1078              	.LVL140:
 1079              	.L73:
 825:Middlewares/ST/STM32_USB_Device_Library/Core/Src/usbd_ctlreq.c ****   }
 1080              		.loc 1 825 5 view .LVU381
 1081 0020 FFF7FEFF 		bl	USBD_CtlError
 1082              	.LVL141:
 1083              	.L65:
 846:Middlewares/ST/STM32_USB_Device_Library/Core/Src/usbd_ctlreq.c **** 
 1084              		.loc 1 846 1 is_stmt 0 view .LVU382
 1085 0024 08BD     		pop	{r3, pc}
 1086              	.LVL142:
ARM GAS  /tmp/ccDx2qBe.s 			page 52


 1087              	.L74:
 829:Middlewares/ST/STM32_USB_Device_Library/Core/Src/usbd_ctlreq.c ****     {
 1088              		.loc 1 829 5 view .LVU383
 1089 0026 5BB2     		sxtb	r3, r3
 1090 0028 3BB1     		cbz	r3, .L70
 833:Middlewares/ST/STM32_USB_Device_Library/Core/Src/usbd_ctlreq.c ****         (void)USBD_CtlSendData(pdev, (uint8_t *)&pdev->dev_default_config, 1U);
 1091              		.loc 1 833 9 is_stmt 1 view .LVU384
 833:Middlewares/ST/STM32_USB_Device_Library/Core/Src/usbd_ctlreq.c ****         (void)USBD_CtlSendData(pdev, (uint8_t *)&pdev->dev_default_config, 1U);
 1092              		.loc 1 833 34 is_stmt 0 view .LVU385
 1093 002a 0146     		mov	r1, r0
 1094              	.LVL143:
 833:Middlewares/ST/STM32_USB_Device_Library/Core/Src/usbd_ctlreq.c ****         (void)USBD_CtlSendData(pdev, (uint8_t *)&pdev->dev_default_config, 1U);
 1095              		.loc 1 833 34 view .LVU386
 1096 002c 0023     		movs	r3, #0
 1097 002e 41F8083F 		str	r3, [r1, #8]!
 834:Middlewares/ST/STM32_USB_Device_Library/Core/Src/usbd_ctlreq.c ****         break;
 1098              		.loc 1 834 9 is_stmt 1 view .LVU387
 834:Middlewares/ST/STM32_USB_Device_Library/Core/Src/usbd_ctlreq.c ****         break;
 1099              		.loc 1 834 15 is_stmt 0 view .LVU388
 1100 0032 0122     		movs	r2, #1
 1101 0034 FFF7FEFF 		bl	USBD_CtlSendData
 1102              	.LVL144:
 835:Middlewares/ST/STM32_USB_Device_Library/Core/Src/usbd_ctlreq.c **** 
 1103              		.loc 1 835 9 is_stmt 1 view .LVU389
 1104 0038 F4E7     		b	.L65
 1105              	.LVL145:
 1106              	.L70:
 842:Middlewares/ST/STM32_USB_Device_Library/Core/Src/usbd_ctlreq.c ****         break;
 1107              		.loc 1 842 9 view .LVU390
 1108 003a FFF7FEFF 		bl	USBD_CtlError
 1109              	.LVL146:
 843:Middlewares/ST/STM32_USB_Device_Library/Core/Src/usbd_ctlreq.c ****     }
 1110              		.loc 1 843 9 view .LVU391
 846:Middlewares/ST/STM32_USB_Device_Library/Core/Src/usbd_ctlreq.c **** 
 1111              		.loc 1 846 1 is_stmt 0 view .LVU392
 1112 003e F1E7     		b	.L65
 1113              		.cfi_endproc
 1114              	.LFE394:
 1116              		.section	.text.USBD_GetStatus,"ax",%progbits
 1117              		.align	1
 1118              		.syntax unified
 1119              		.thumb
 1120              		.thumb_func
 1122              	USBD_GetStatus:
 1123              	.LVL147:
 1124              	.LFB395:
 856:Middlewares/ST/STM32_USB_Device_Library/Core/Src/usbd_ctlreq.c ****   switch (pdev->dev_state)
 1125              		.loc 1 856 1 is_stmt 1 view -0
 1126              		.cfi_startproc
 1127              		@ args = 0, pretend = 0, frame = 0
 1128              		@ frame_needed = 0, uses_anonymous_args = 0
 856:Middlewares/ST/STM32_USB_Device_Library/Core/Src/usbd_ctlreq.c ****   switch (pdev->dev_state)
 1129              		.loc 1 856 1 is_stmt 0 view .LVU394
 1130 0000 08B5     		push	{r3, lr}
 1131              	.LCFI8:
 1132              		.cfi_def_cfa_offset 8
 1133              		.cfi_offset 3, -8
ARM GAS  /tmp/ccDx2qBe.s 			page 53


 1134              		.cfi_offset 14, -4
 857:Middlewares/ST/STM32_USB_Device_Library/Core/Src/usbd_ctlreq.c ****   {
 1135              		.loc 1 857 3 is_stmt 1 view .LVU395
 857:Middlewares/ST/STM32_USB_Device_Library/Core/Src/usbd_ctlreq.c ****   {
 1136              		.loc 1 857 15 is_stmt 0 view .LVU396
 1137 0002 90F89C32 		ldrb	r3, [r0, #668]	@ zero_extendqisi2
 857:Middlewares/ST/STM32_USB_Device_Library/Core/Src/usbd_ctlreq.c ****   {
 1138              		.loc 1 857 3 view .LVU397
 1139 0006 013B     		subs	r3, r3, #1
 1140 0008 022B     		cmp	r3, #2
 1141 000a 12D8     		bhi	.L76
 862:Middlewares/ST/STM32_USB_Device_Library/Core/Src/usbd_ctlreq.c ****       {
 1142              		.loc 1 862 7 is_stmt 1 view .LVU398
 862:Middlewares/ST/STM32_USB_Device_Library/Core/Src/usbd_ctlreq.c ****       {
 1143              		.loc 1 862 14 is_stmt 0 view .LVU399
 1144 000c CB88     		ldrh	r3, [r1, #6]
 862:Middlewares/ST/STM32_USB_Device_Library/Core/Src/usbd_ctlreq.c ****       {
 1145              		.loc 1 862 10 view .LVU400
 1146 000e 022B     		cmp	r3, #2
 1147 0010 0CD1     		bne	.L81
 869:Middlewares/ST/STM32_USB_Device_Library/Core/Src/usbd_ctlreq.c **** #else
 1148              		.loc 1 869 7 is_stmt 1 view .LVU401
 869:Middlewares/ST/STM32_USB_Device_Library/Core/Src/usbd_ctlreq.c **** #else
 1149              		.loc 1 869 31 is_stmt 0 view .LVU402
 1150 0012 0123     		movs	r3, #1
 1151 0014 C360     		str	r3, [r0, #12]
 874:Middlewares/ST/STM32_USB_Device_Library/Core/Src/usbd_ctlreq.c ****       {
 1152              		.loc 1 874 7 is_stmt 1 view .LVU403
 874:Middlewares/ST/STM32_USB_Device_Library/Core/Src/usbd_ctlreq.c ****       {
 1153              		.loc 1 874 15 is_stmt 0 view .LVU404
 1154 0016 D0F8A432 		ldr	r3, [r0, #676]
 874:Middlewares/ST/STM32_USB_Device_Library/Core/Src/usbd_ctlreq.c ****       {
 1155              		.loc 1 874 10 view .LVU405
 1156 001a 0BB1     		cbz	r3, .L79
 876:Middlewares/ST/STM32_USB_Device_Library/Core/Src/usbd_ctlreq.c ****       }
 1157              		.loc 1 876 9 is_stmt 1 view .LVU406
 876:Middlewares/ST/STM32_USB_Device_Library/Core/Src/usbd_ctlreq.c ****       }
 1158              		.loc 1 876 33 is_stmt 0 view .LVU407
 1159 001c 0323     		movs	r3, #3
 1160 001e C360     		str	r3, [r0, #12]
 1161              	.L79:
 879:Middlewares/ST/STM32_USB_Device_Library/Core/Src/usbd_ctlreq.c ****       break;
 1162              		.loc 1 879 7 is_stmt 1 view .LVU408
 879:Middlewares/ST/STM32_USB_Device_Library/Core/Src/usbd_ctlreq.c ****       break;
 1163              		.loc 1 879 13 is_stmt 0 view .LVU409
 1164 0020 0222     		movs	r2, #2
 1165 0022 00F10C01 		add	r1, r0, #12
 1166              	.LVL148:
 879:Middlewares/ST/STM32_USB_Device_Library/Core/Src/usbd_ctlreq.c ****       break;
 1167              		.loc 1 879 13 view .LVU410
 1168 0026 FFF7FEFF 		bl	USBD_CtlSendData
 1169              	.LVL149:
 880:Middlewares/ST/STM32_USB_Device_Library/Core/Src/usbd_ctlreq.c **** 
 1170              		.loc 1 880 7 is_stmt 1 view .LVU411
 1171              	.L75:
 886:Middlewares/ST/STM32_USB_Device_Library/Core/Src/usbd_ctlreq.c **** 
 1172              		.loc 1 886 1 is_stmt 0 view .LVU412
ARM GAS  /tmp/ccDx2qBe.s 			page 54


 1173 002a 08BD     		pop	{r3, pc}
 1174              	.LVL150:
 1175              	.L81:
 864:Middlewares/ST/STM32_USB_Device_Library/Core/Src/usbd_ctlreq.c ****         break;
 1176              		.loc 1 864 9 is_stmt 1 view .LVU413
 1177 002c FFF7FEFF 		bl	USBD_CtlError
 1178              	.LVL151:
 865:Middlewares/ST/STM32_USB_Device_Library/Core/Src/usbd_ctlreq.c ****       }
 1179              		.loc 1 865 9 view .LVU414
 1180 0030 FBE7     		b	.L75
 1181              	.LVL152:
 1182              	.L76:
 883:Middlewares/ST/STM32_USB_Device_Library/Core/Src/usbd_ctlreq.c ****       break;
 1183              		.loc 1 883 7 view .LVU415
 1184 0032 FFF7FEFF 		bl	USBD_CtlError
 1185              	.LVL153:
 884:Middlewares/ST/STM32_USB_Device_Library/Core/Src/usbd_ctlreq.c ****   }
 1186              		.loc 1 884 7 view .LVU416
 886:Middlewares/ST/STM32_USB_Device_Library/Core/Src/usbd_ctlreq.c **** 
 1187              		.loc 1 886 1 is_stmt 0 view .LVU417
 1188 0036 F8E7     		b	.L75
 1189              		.cfi_endproc
 1190              	.LFE395:
 1192              		.section	.text.USBD_SetFeature,"ax",%progbits
 1193              		.align	1
 1194              		.syntax unified
 1195              		.thumb
 1196              		.thumb_func
 1198              	USBD_SetFeature:
 1199              	.LVL154:
 1200              	.LFB396:
 897:Middlewares/ST/STM32_USB_Device_Library/Core/Src/usbd_ctlreq.c ****   if (req->wValue == USB_FEATURE_REMOTE_WAKEUP)
 1201              		.loc 1 897 1 is_stmt 1 view -0
 1202              		.cfi_startproc
 1203              		@ args = 0, pretend = 0, frame = 0
 1204              		@ frame_needed = 0, uses_anonymous_args = 0
 897:Middlewares/ST/STM32_USB_Device_Library/Core/Src/usbd_ctlreq.c ****   if (req->wValue == USB_FEATURE_REMOTE_WAKEUP)
 1205              		.loc 1 897 1 is_stmt 0 view .LVU419
 1206 0000 08B5     		push	{r3, lr}
 1207              	.LCFI9:
 1208              		.cfi_def_cfa_offset 8
 1209              		.cfi_offset 3, -8
 1210              		.cfi_offset 14, -4
 898:Middlewares/ST/STM32_USB_Device_Library/Core/Src/usbd_ctlreq.c ****   {
 1211              		.loc 1 898 3 is_stmt 1 view .LVU420
 898:Middlewares/ST/STM32_USB_Device_Library/Core/Src/usbd_ctlreq.c ****   {
 1212              		.loc 1 898 10 is_stmt 0 view .LVU421
 1213 0002 4B88     		ldrh	r3, [r1, #2]
 898:Middlewares/ST/STM32_USB_Device_Library/Core/Src/usbd_ctlreq.c ****   {
 1214              		.loc 1 898 6 view .LVU422
 1215 0004 012B     		cmp	r3, #1
 1216 0006 04D0     		beq	.L87
 903:Middlewares/ST/STM32_USB_Device_Library/Core/Src/usbd_ctlreq.c ****   {
 1217              		.loc 1 903 8 is_stmt 1 view .LVU423
 903:Middlewares/ST/STM32_USB_Device_Library/Core/Src/usbd_ctlreq.c ****   {
 1218              		.loc 1 903 11 is_stmt 0 view .LVU424
 1219 0008 022B     		cmp	r3, #2
ARM GAS  /tmp/ccDx2qBe.s 			page 55


 1220 000a 07D0     		beq	.L88
 910:Middlewares/ST/STM32_USB_Device_Library/Core/Src/usbd_ctlreq.c ****   }
 1221              		.loc 1 910 5 is_stmt 1 view .LVU425
 1222 000c FFF7FEFF 		bl	USBD_CtlError
 1223              	.LVL155:
 1224              	.L82:
 912:Middlewares/ST/STM32_USB_Device_Library/Core/Src/usbd_ctlreq.c **** 
 1225              		.loc 1 912 1 is_stmt 0 view .LVU426
 1226 0010 08BD     		pop	{r3, pc}
 1227              	.LVL156:
 1228              	.L87:
 900:Middlewares/ST/STM32_USB_Device_Library/Core/Src/usbd_ctlreq.c ****     (void)USBD_CtlSendStatus(pdev);
 1229              		.loc 1 900 5 is_stmt 1 view .LVU427
 900:Middlewares/ST/STM32_USB_Device_Library/Core/Src/usbd_ctlreq.c ****     (void)USBD_CtlSendStatus(pdev);
 1230              		.loc 1 900 29 is_stmt 0 view .LVU428
 1231 0012 C0F8A432 		str	r3, [r0, #676]
 901:Middlewares/ST/STM32_USB_Device_Library/Core/Src/usbd_ctlreq.c ****   }
 1232              		.loc 1 901 5 is_stmt 1 view .LVU429
 901:Middlewares/ST/STM32_USB_Device_Library/Core/Src/usbd_ctlreq.c ****   }
 1233              		.loc 1 901 11 is_stmt 0 view .LVU430
 1234 0016 FFF7FEFF 		bl	USBD_CtlSendStatus
 1235              	.LVL157:
 901:Middlewares/ST/STM32_USB_Device_Library/Core/Src/usbd_ctlreq.c ****   }
 1236              		.loc 1 901 11 view .LVU431
 1237 001a F9E7     		b	.L82
 1238              	.LVL158:
 1239              	.L88:
 905:Middlewares/ST/STM32_USB_Device_Library/Core/Src/usbd_ctlreq.c ****     (void)USBD_CtlSendStatus(pdev);
 1240              		.loc 1 905 5 is_stmt 1 view .LVU432
 905:Middlewares/ST/STM32_USB_Device_Library/Core/Src/usbd_ctlreq.c ****     (void)USBD_CtlSendStatus(pdev);
 1241              		.loc 1 905 40 is_stmt 0 view .LVU433
 1242 001c 8B88     		ldrh	r3, [r1, #4]
 905:Middlewares/ST/STM32_USB_Device_Library/Core/Src/usbd_ctlreq.c ****     (void)USBD_CtlSendStatus(pdev);
 1243              		.loc 1 905 27 view .LVU434
 1244 001e 1B0A     		lsrs	r3, r3, #8
 905:Middlewares/ST/STM32_USB_Device_Library/Core/Src/usbd_ctlreq.c ****     (void)USBD_CtlSendStatus(pdev);
 1245              		.loc 1 905 25 view .LVU435
 1246 0020 80F8A032 		strb	r3, [r0, #672]
 906:Middlewares/ST/STM32_USB_Device_Library/Core/Src/usbd_ctlreq.c ****   }
 1247              		.loc 1 906 5 is_stmt 1 view .LVU436
 906:Middlewares/ST/STM32_USB_Device_Library/Core/Src/usbd_ctlreq.c ****   }
 1248              		.loc 1 906 11 is_stmt 0 view .LVU437
 1249 0024 FFF7FEFF 		bl	USBD_CtlSendStatus
 1250              	.LVL159:
 906:Middlewares/ST/STM32_USB_Device_Library/Core/Src/usbd_ctlreq.c ****   }
 1251              		.loc 1 906 11 view .LVU438
 1252 0028 F2E7     		b	.L82
 1253              		.cfi_endproc
 1254              	.LFE396:
 1256              		.section	.text.USBD_ClrFeature,"ax",%progbits
 1257              		.align	1
 1258              		.syntax unified
 1259              		.thumb
 1260              		.thumb_func
 1262              	USBD_ClrFeature:
 1263              	.LVL160:
 1264              	.LFB397:
ARM GAS  /tmp/ccDx2qBe.s 			page 56


 923:Middlewares/ST/STM32_USB_Device_Library/Core/Src/usbd_ctlreq.c ****   switch (pdev->dev_state)
 1265              		.loc 1 923 1 is_stmt 1 view -0
 1266              		.cfi_startproc
 1267              		@ args = 0, pretend = 0, frame = 0
 1268              		@ frame_needed = 0, uses_anonymous_args = 0
 923:Middlewares/ST/STM32_USB_Device_Library/Core/Src/usbd_ctlreq.c ****   switch (pdev->dev_state)
 1269              		.loc 1 923 1 is_stmt 0 view .LVU440
 1270 0000 08B5     		push	{r3, lr}
 1271              	.LCFI10:
 1272              		.cfi_def_cfa_offset 8
 1273              		.cfi_offset 3, -8
 1274              		.cfi_offset 14, -4
 924:Middlewares/ST/STM32_USB_Device_Library/Core/Src/usbd_ctlreq.c ****   {
 1275              		.loc 1 924 3 is_stmt 1 view .LVU441
 924:Middlewares/ST/STM32_USB_Device_Library/Core/Src/usbd_ctlreq.c ****   {
 1276              		.loc 1 924 15 is_stmt 0 view .LVU442
 1277 0002 90F89C32 		ldrb	r3, [r0, #668]	@ zero_extendqisi2
 924:Middlewares/ST/STM32_USB_Device_Library/Core/Src/usbd_ctlreq.c ****   {
 1278              		.loc 1 924 3 view .LVU443
 1279 0006 013B     		subs	r3, r3, #1
 1280 0008 022B     		cmp	r3, #2
 1281 000a 09D8     		bhi	.L90
 929:Middlewares/ST/STM32_USB_Device_Library/Core/Src/usbd_ctlreq.c ****       {
 1282              		.loc 1 929 7 is_stmt 1 view .LVU444
 929:Middlewares/ST/STM32_USB_Device_Library/Core/Src/usbd_ctlreq.c ****       {
 1283              		.loc 1 929 14 is_stmt 0 view .LVU445
 1284 000c 4B88     		ldrh	r3, [r1, #2]
 929:Middlewares/ST/STM32_USB_Device_Library/Core/Src/usbd_ctlreq.c ****       {
 1285              		.loc 1 929 10 view .LVU446
 1286 000e 012B     		cmp	r3, #1
 1287 0010 00D0     		beq	.L93
 1288              	.LVL161:
 1289              	.L89:
 940:Middlewares/ST/STM32_USB_Device_Library/Core/Src/usbd_ctlreq.c **** 
 1290              		.loc 1 940 1 view .LVU447
 1291 0012 08BD     		pop	{r3, pc}
 1292              	.LVL162:
 1293              	.L93:
 931:Middlewares/ST/STM32_USB_Device_Library/Core/Src/usbd_ctlreq.c ****         (void)USBD_CtlSendStatus(pdev);
 1294              		.loc 1 931 9 is_stmt 1 view .LVU448
 931:Middlewares/ST/STM32_USB_Device_Library/Core/Src/usbd_ctlreq.c ****         (void)USBD_CtlSendStatus(pdev);
 1295              		.loc 1 931 33 is_stmt 0 view .LVU449
 1296 0014 0023     		movs	r3, #0
 1297 0016 C0F8A432 		str	r3, [r0, #676]
 932:Middlewares/ST/STM32_USB_Device_Library/Core/Src/usbd_ctlreq.c ****       }
 1298              		.loc 1 932 9 is_stmt 1 view .LVU450
 932:Middlewares/ST/STM32_USB_Device_Library/Core/Src/usbd_ctlreq.c ****       }
 1299              		.loc 1 932 15 is_stmt 0 view .LVU451
 1300 001a FFF7FEFF 		bl	USBD_CtlSendStatus
 1301              	.LVL163:
 932:Middlewares/ST/STM32_USB_Device_Library/Core/Src/usbd_ctlreq.c ****       }
 1302              		.loc 1 932 15 view .LVU452
 1303 001e F8E7     		b	.L89
 1304              	.LVL164:
 1305              	.L90:
 937:Middlewares/ST/STM32_USB_Device_Library/Core/Src/usbd_ctlreq.c ****       break;
 1306              		.loc 1 937 7 is_stmt 1 view .LVU453
ARM GAS  /tmp/ccDx2qBe.s 			page 57


 1307 0020 FFF7FEFF 		bl	USBD_CtlError
 1308              	.LVL165:
 938:Middlewares/ST/STM32_USB_Device_Library/Core/Src/usbd_ctlreq.c ****   }
 1309              		.loc 1 938 7 view .LVU454
 940:Middlewares/ST/STM32_USB_Device_Library/Core/Src/usbd_ctlreq.c **** 
 1310              		.loc 1 940 1 is_stmt 0 view .LVU455
 1311 0024 F5E7     		b	.L89
 1312              		.cfi_endproc
 1313              	.LFE397:
 1315              		.section	.text.USBD_StdDevReq,"ax",%progbits
 1316              		.align	1
 1317              		.global	USBD_StdDevReq
 1318              		.syntax unified
 1319              		.thumb
 1320              		.thumb_func
 1322              	USBD_StdDevReq:
 1323              	.LVL166:
 1324              	.LFB388:
 105:Middlewares/ST/STM32_USB_Device_Library/Core/Src/usbd_ctlreq.c ****   USBD_StatusTypeDef ret = USBD_OK;
 1325              		.loc 1 105 1 is_stmt 1 view -0
 1326              		.cfi_startproc
 1327              		@ args = 0, pretend = 0, frame = 0
 1328              		@ frame_needed = 0, uses_anonymous_args = 0
 105:Middlewares/ST/STM32_USB_Device_Library/Core/Src/usbd_ctlreq.c ****   USBD_StatusTypeDef ret = USBD_OK;
 1329              		.loc 1 105 1 is_stmt 0 view .LVU457
 1330 0000 38B5     		push	{r3, r4, r5, lr}
 1331              	.LCFI11:
 1332              		.cfi_def_cfa_offset 16
 1333              		.cfi_offset 3, -16
 1334              		.cfi_offset 4, -12
 1335              		.cfi_offset 5, -8
 1336              		.cfi_offset 14, -4
 106:Middlewares/ST/STM32_USB_Device_Library/Core/Src/usbd_ctlreq.c **** 
 1337              		.loc 1 106 3 is_stmt 1 view .LVU458
 1338              	.LVL167:
 108:Middlewares/ST/STM32_USB_Device_Library/Core/Src/usbd_ctlreq.c ****   {
 1339              		.loc 1 108 3 view .LVU459
 108:Middlewares/ST/STM32_USB_Device_Library/Core/Src/usbd_ctlreq.c ****   {
 1340              		.loc 1 108 14 is_stmt 0 view .LVU460
 1341 0002 0C78     		ldrb	r4, [r1]	@ zero_extendqisi2
 1342 0004 04F06004 		and	r4, r4, #96
 108:Middlewares/ST/STM32_USB_Device_Library/Core/Src/usbd_ctlreq.c ****   {
 1343              		.loc 1 108 3 view .LVU461
 1344 0008 202C     		cmp	r4, #32
 1345 000a 06D0     		beq	.L95
 1346 000c 402C     		cmp	r4, #64
 1347 000e 04D0     		beq	.L95
 1348 0010 6CB1     		cbz	r4, .L96
 153:Middlewares/ST/STM32_USB_Device_Library/Core/Src/usbd_ctlreq.c ****       break;
 1349              		.loc 1 153 7 is_stmt 1 view .LVU462
 1350 0012 FFF7FEFF 		bl	USBD_CtlError
 1351              	.LVL168:
 154:Middlewares/ST/STM32_USB_Device_Library/Core/Src/usbd_ctlreq.c ****   }
 1352              		.loc 1 154 7 view .LVU463
 106:Middlewares/ST/STM32_USB_Device_Library/Core/Src/usbd_ctlreq.c **** 
 1353              		.loc 1 106 22 is_stmt 0 view .LVU464
 1354 0016 0024     		movs	r4, #0
ARM GAS  /tmp/ccDx2qBe.s 			page 58


 154:Middlewares/ST/STM32_USB_Device_Library/Core/Src/usbd_ctlreq.c ****   }
 1355              		.loc 1 154 7 view .LVU465
 1356 0018 07E0     		b	.L98
 1357              	.LVL169:
 1358              	.L95:
 112:Middlewares/ST/STM32_USB_Device_Library/Core/Src/usbd_ctlreq.c ****       break;
 1359              		.loc 1 112 7 is_stmt 1 view .LVU466
 112:Middlewares/ST/STM32_USB_Device_Library/Core/Src/usbd_ctlreq.c ****       break;
 1360              		.loc 1 112 50 is_stmt 0 view .LVU467
 1361 001a D0F8D432 		ldr	r3, [r0, #724]
 112:Middlewares/ST/STM32_USB_Device_Library/Core/Src/usbd_ctlreq.c ****       break;
 1362              		.loc 1 112 45 view .LVU468
 1363 001e AE33     		adds	r3, r3, #174
 1364 0020 50F82330 		ldr	r3, [r0, r3, lsl #2]
 112:Middlewares/ST/STM32_USB_Device_Library/Core/Src/usbd_ctlreq.c ****       break;
 1365              		.loc 1 112 60 view .LVU469
 1366 0024 9B68     		ldr	r3, [r3, #8]
 112:Middlewares/ST/STM32_USB_Device_Library/Core/Src/usbd_ctlreq.c ****       break;
 1367              		.loc 1 112 33 view .LVU470
 1368 0026 9847     		blx	r3
 1369              	.LVL170:
 112:Middlewares/ST/STM32_USB_Device_Library/Core/Src/usbd_ctlreq.c ****       break;
 1370              		.loc 1 112 33 view .LVU471
 1371 0028 0446     		mov	r4, r0
 1372              	.LVL171:
 113:Middlewares/ST/STM32_USB_Device_Library/Core/Src/usbd_ctlreq.c **** 
 1373              		.loc 1 113 7 is_stmt 1 view .LVU472
 1374              	.L98:
 157:Middlewares/ST/STM32_USB_Device_Library/Core/Src/usbd_ctlreq.c **** }
 1375              		.loc 1 157 3 view .LVU473
 158:Middlewares/ST/STM32_USB_Device_Library/Core/Src/usbd_ctlreq.c **** 
 1376              		.loc 1 158 1 is_stmt 0 view .LVU474
 1377 002a 2046     		mov	r0, r4
 1378 002c 38BD     		pop	{r3, r4, r5, pc}
 1379              	.LVL172:
 1380              	.L96:
 116:Middlewares/ST/STM32_USB_Device_Library/Core/Src/usbd_ctlreq.c ****       {
 1381              		.loc 1 116 7 is_stmt 1 view .LVU475
 116:Middlewares/ST/STM32_USB_Device_Library/Core/Src/usbd_ctlreq.c ****       {
 1382              		.loc 1 116 18 is_stmt 0 view .LVU476
 1383 002e 4D78     		ldrb	r5, [r1, #1]	@ zero_extendqisi2
 1384 0030 092D     		cmp	r5, #9
 1385 0032 1DD8     		bhi	.L99
 1386 0034 DFE805F0 		tbb	[pc, r5]
 1387              	.L101:
 1388 0038 12       		.byte	(.L107-.L101)/2
 1389 0039 19       		.byte	(.L106-.L101)/2
 1390 003a 1C       		.byte	(.L99-.L101)/2
 1391 003b 16       		.byte	(.L105-.L101)/2
 1392 003c 1C       		.byte	(.L99-.L101)/2
 1393 003d 08       		.byte	(.L104-.L101)/2
 1394 003e 05       		.byte	(.L103-.L101)/2
 1395 003f 1C       		.byte	(.L99-.L101)/2
 1396 0040 0F       		.byte	(.L102-.L101)/2
 1397 0041 0B       		.byte	(.L100-.L101)/2
 1398              		.p2align 1
 1399              	.L103:
ARM GAS  /tmp/ccDx2qBe.s 			page 59


 119:Middlewares/ST/STM32_USB_Device_Library/Core/Src/usbd_ctlreq.c ****           break;
 1400              		.loc 1 119 11 is_stmt 1 view .LVU477
 1401 0042 FFF7FEFF 		bl	USBD_GetDescriptor
 1402              	.LVL173:
 120:Middlewares/ST/STM32_USB_Device_Library/Core/Src/usbd_ctlreq.c **** 
 1403              		.loc 1 120 11 view .LVU478
 1404 0046 F0E7     		b	.L98
 1405              	.LVL174:
 1406              	.L104:
 123:Middlewares/ST/STM32_USB_Device_Library/Core/Src/usbd_ctlreq.c ****           break;
 1407              		.loc 1 123 11 view .LVU479
 1408 0048 FFF7FEFF 		bl	USBD_SetAddress
 1409              	.LVL175:
 124:Middlewares/ST/STM32_USB_Device_Library/Core/Src/usbd_ctlreq.c **** 
 1410              		.loc 1 124 11 view .LVU480
 1411 004c EDE7     		b	.L98
 1412              	.LVL176:
 1413              	.L100:
 127:Middlewares/ST/STM32_USB_Device_Library/Core/Src/usbd_ctlreq.c ****           break;
 1414              		.loc 1 127 11 view .LVU481
 127:Middlewares/ST/STM32_USB_Device_Library/Core/Src/usbd_ctlreq.c ****           break;
 1415              		.loc 1 127 17 is_stmt 0 view .LVU482
 1416 004e FFF7FEFF 		bl	USBD_SetConfig
 1417              	.LVL177:
 127:Middlewares/ST/STM32_USB_Device_Library/Core/Src/usbd_ctlreq.c ****           break;
 1418              		.loc 1 127 17 view .LVU483
 1419 0052 0446     		mov	r4, r0
 1420              	.LVL178:
 128:Middlewares/ST/STM32_USB_Device_Library/Core/Src/usbd_ctlreq.c **** 
 1421              		.loc 1 128 11 is_stmt 1 view .LVU484
 1422 0054 E9E7     		b	.L98
 1423              	.LVL179:
 1424              	.L102:
 131:Middlewares/ST/STM32_USB_Device_Library/Core/Src/usbd_ctlreq.c ****           break;
 1425              		.loc 1 131 11 view .LVU485
 1426 0056 FFF7FEFF 		bl	USBD_GetConfig
 1427              	.LVL180:
 132:Middlewares/ST/STM32_USB_Device_Library/Core/Src/usbd_ctlreq.c **** 
 1428              		.loc 1 132 11 view .LVU486
 1429 005a E6E7     		b	.L98
 1430              	.LVL181:
 1431              	.L107:
 135:Middlewares/ST/STM32_USB_Device_Library/Core/Src/usbd_ctlreq.c ****           break;
 1432              		.loc 1 135 11 view .LVU487
 1433 005c FFF7FEFF 		bl	USBD_GetStatus
 1434              	.LVL182:
 136:Middlewares/ST/STM32_USB_Device_Library/Core/Src/usbd_ctlreq.c **** 
 1435              		.loc 1 136 11 view .LVU488
 106:Middlewares/ST/STM32_USB_Device_Library/Core/Src/usbd_ctlreq.c **** 
 1436              		.loc 1 106 22 is_stmt 0 view .LVU489
 1437 0060 2C46     		mov	r4, r5
 136:Middlewares/ST/STM32_USB_Device_Library/Core/Src/usbd_ctlreq.c **** 
 1438              		.loc 1 136 11 view .LVU490
 1439 0062 E2E7     		b	.L98
 1440              	.LVL183:
 1441              	.L105:
 139:Middlewares/ST/STM32_USB_Device_Library/Core/Src/usbd_ctlreq.c ****           break;
ARM GAS  /tmp/ccDx2qBe.s 			page 60


 1442              		.loc 1 139 11 is_stmt 1 view .LVU491
 1443 0064 FFF7FEFF 		bl	USBD_SetFeature
 1444              	.LVL184:
 140:Middlewares/ST/STM32_USB_Device_Library/Core/Src/usbd_ctlreq.c **** 
 1445              		.loc 1 140 11 view .LVU492
 1446 0068 DFE7     		b	.L98
 1447              	.LVL185:
 1448              	.L106:
 143:Middlewares/ST/STM32_USB_Device_Library/Core/Src/usbd_ctlreq.c ****           break;
 1449              		.loc 1 143 11 view .LVU493
 1450 006a FFF7FEFF 		bl	USBD_ClrFeature
 1451              	.LVL186:
 144:Middlewares/ST/STM32_USB_Device_Library/Core/Src/usbd_ctlreq.c **** 
 1452              		.loc 1 144 11 view .LVU494
 1453 006e DCE7     		b	.L98
 1454              	.LVL187:
 1455              	.L99:
 147:Middlewares/ST/STM32_USB_Device_Library/Core/Src/usbd_ctlreq.c ****           break;
 1456              		.loc 1 147 11 view .LVU495
 1457 0070 FFF7FEFF 		bl	USBD_CtlError
 1458              	.LVL188:
 148:Middlewares/ST/STM32_USB_Device_Library/Core/Src/usbd_ctlreq.c ****       }
 1459              		.loc 1 148 11 view .LVU496
 1460 0074 D9E7     		b	.L98
 1461              		.cfi_endproc
 1462              	.LFE388:
 1464              		.section	.text.USBD_StdItfReq,"ax",%progbits
 1465              		.align	1
 1466              		.global	USBD_StdItfReq
 1467              		.syntax unified
 1468              		.thumb
 1469              		.thumb_func
 1471              	USBD_StdItfReq:
 1472              	.LVL189:
 1473              	.LFB389:
 168:Middlewares/ST/STM32_USB_Device_Library/Core/Src/usbd_ctlreq.c ****   USBD_StatusTypeDef ret = USBD_OK;
 1474              		.loc 1 168 1 view -0
 1475              		.cfi_startproc
 1476              		@ args = 0, pretend = 0, frame = 0
 1477              		@ frame_needed = 0, uses_anonymous_args = 0
 168:Middlewares/ST/STM32_USB_Device_Library/Core/Src/usbd_ctlreq.c ****   USBD_StatusTypeDef ret = USBD_OK;
 1478              		.loc 1 168 1 is_stmt 0 view .LVU498
 1479 0000 70B5     		push	{r4, r5, r6, lr}
 1480              	.LCFI12:
 1481              		.cfi_def_cfa_offset 16
 1482              		.cfi_offset 4, -16
 1483              		.cfi_offset 5, -12
 1484              		.cfi_offset 6, -8
 1485              		.cfi_offset 14, -4
 1486 0002 0546     		mov	r5, r0
 1487 0004 0C46     		mov	r4, r1
 169:Middlewares/ST/STM32_USB_Device_Library/Core/Src/usbd_ctlreq.c ****   uint8_t idx;
 1488              		.loc 1 169 3 is_stmt 1 view .LVU499
 1489              	.LVL190:
 170:Middlewares/ST/STM32_USB_Device_Library/Core/Src/usbd_ctlreq.c **** 
 1490              		.loc 1 170 3 view .LVU500
 172:Middlewares/ST/STM32_USB_Device_Library/Core/Src/usbd_ctlreq.c ****   {
ARM GAS  /tmp/ccDx2qBe.s 			page 61


 1491              		.loc 1 172 3 view .LVU501
 172:Middlewares/ST/STM32_USB_Device_Library/Core/Src/usbd_ctlreq.c ****   {
 1492              		.loc 1 172 14 is_stmt 0 view .LVU502
 1493 0006 0B78     		ldrb	r3, [r1]	@ zero_extendqisi2
 1494 0008 03F06003 		and	r3, r3, #96
 172:Middlewares/ST/STM32_USB_Device_Library/Core/Src/usbd_ctlreq.c ****   {
 1495              		.loc 1 172 3 view .LVU503
 1496 000c 202B     		cmp	r3, #32
 1497 000e 07D0     		beq	.L111
 1498 0010 402B     		cmp	r3, #64
 1499 0012 05D0     		beq	.L111
 1500 0014 23B1     		cbz	r3, .L111
 225:Middlewares/ST/STM32_USB_Device_Library/Core/Src/usbd_ctlreq.c ****       break;
 1501              		.loc 1 225 7 is_stmt 1 view .LVU504
 1502 0016 FFF7FEFF 		bl	USBD_CtlError
 1503              	.LVL191:
 226:Middlewares/ST/STM32_USB_Device_Library/Core/Src/usbd_ctlreq.c ****   }
 1504              		.loc 1 226 7 view .LVU505
 169:Middlewares/ST/STM32_USB_Device_Library/Core/Src/usbd_ctlreq.c ****   uint8_t idx;
 1505              		.loc 1 169 22 is_stmt 0 view .LVU506
 1506 001a 0026     		movs	r6, #0
 1507              	.LVL192:
 1508              	.L116:
 229:Middlewares/ST/STM32_USB_Device_Library/Core/Src/usbd_ctlreq.c **** }
 1509              		.loc 1 229 3 is_stmt 1 view .LVU507
 230:Middlewares/ST/STM32_USB_Device_Library/Core/Src/usbd_ctlreq.c **** 
 1510              		.loc 1 230 1 is_stmt 0 view .LVU508
 1511 001c 3046     		mov	r0, r6
 1512 001e 70BD     		pop	{r4, r5, r6, pc}
 1513              	.LVL193:
 1514              	.L111:
 177:Middlewares/ST/STM32_USB_Device_Library/Core/Src/usbd_ctlreq.c ****       {
 1515              		.loc 1 177 7 is_stmt 1 view .LVU509
 177:Middlewares/ST/STM32_USB_Device_Library/Core/Src/usbd_ctlreq.c ****       {
 1516              		.loc 1 177 19 is_stmt 0 view .LVU510
 1517 0020 95F89C32 		ldrb	r3, [r5, #668]	@ zero_extendqisi2
 1518 0024 013B     		subs	r3, r3, #1
 1519 0026 022B     		cmp	r3, #2
 1520 0028 26D8     		bhi	.L113
 183:Middlewares/ST/STM32_USB_Device_Library/Core/Src/usbd_ctlreq.c ****           {
 1521              		.loc 1 183 11 is_stmt 1 view .LVU511
 183:Middlewares/ST/STM32_USB_Device_Library/Core/Src/usbd_ctlreq.c ****           {
 1522              		.loc 1 183 15 is_stmt 0 view .LVU512
 1523 002a 2179     		ldrb	r1, [r4, #4]	@ zero_extendqisi2
 1524              	.LVL194:
 183:Middlewares/ST/STM32_USB_Device_Library/Core/Src/usbd_ctlreq.c ****           {
 1525              		.loc 1 183 14 view .LVU513
 1526 002c 0129     		cmp	r1, #1
 1527 002e 05D9     		bls	.L120
 214:Middlewares/ST/STM32_USB_Device_Library/Core/Src/usbd_ctlreq.c ****           }
 1528              		.loc 1 214 13 is_stmt 1 view .LVU514
 1529 0030 2146     		mov	r1, r4
 1530 0032 2846     		mov	r0, r5
 1531              	.LVL195:
 214:Middlewares/ST/STM32_USB_Device_Library/Core/Src/usbd_ctlreq.c ****           }
 1532              		.loc 1 214 13 is_stmt 0 view .LVU515
 1533 0034 FFF7FEFF 		bl	USBD_CtlError
ARM GAS  /tmp/ccDx2qBe.s 			page 62


 1534              	.LVL196:
 169:Middlewares/ST/STM32_USB_Device_Library/Core/Src/usbd_ctlreq.c ****   uint8_t idx;
 1535              		.loc 1 169 22 view .LVU516
 1536 0038 0026     		movs	r6, #0
 1537 003a EFE7     		b	.L116
 1538              	.LVL197:
 1539              	.L120:
 186:Middlewares/ST/STM32_USB_Device_Library/Core/Src/usbd_ctlreq.c ****             if (((uint8_t)idx != 0xFFU) && (idx < USBD_MAX_SUPPORTED_CLASS))
 1540              		.loc 1 186 13 is_stmt 1 view .LVU517
 186:Middlewares/ST/STM32_USB_Device_Library/Core/Src/usbd_ctlreq.c ****             if (((uint8_t)idx != 0xFFU) && (idx < USBD_MAX_SUPPORTED_CLASS))
 1541              		.loc 1 186 19 is_stmt 0 view .LVU518
 1542 003c 2846     		mov	r0, r5
 1543              	.LVL198:
 186:Middlewares/ST/STM32_USB_Device_Library/Core/Src/usbd_ctlreq.c ****             if (((uint8_t)idx != 0xFFU) && (idx < USBD_MAX_SUPPORTED_CLASS))
 1544              		.loc 1 186 19 view .LVU519
 1545 003e FFF7FEFF 		bl	USBD_CoreFindIF
 1546              	.LVL199:
 187:Middlewares/ST/STM32_USB_Device_Library/Core/Src/usbd_ctlreq.c ****             {
 1547              		.loc 1 187 13 is_stmt 1 view .LVU520
 187:Middlewares/ST/STM32_USB_Device_Library/Core/Src/usbd_ctlreq.c ****             {
 1548              		.loc 1 187 16 is_stmt 0 view .LVU521
 1549 0042 68B9     		cbnz	r0, .L117
 190:Middlewares/ST/STM32_USB_Device_Library/Core/Src/usbd_ctlreq.c ****               {
 1550              		.loc 1 190 15 is_stmt 1 view .LVU522
 190:Middlewares/ST/STM32_USB_Device_Library/Core/Src/usbd_ctlreq.c ****               {
 1551              		.loc 1 190 31 is_stmt 0 view .LVU523
 1552 0044 00F1AE02 		add	r2, r0, #174
 1553 0048 55F82220 		ldr	r2, [r5, r2, lsl #2]
 190:Middlewares/ST/STM32_USB_Device_Library/Core/Src/usbd_ctlreq.c ****               {
 1554              		.loc 1 190 36 view .LVU524
 1555 004c 9168     		ldr	r1, [r2, #8]
 190:Middlewares/ST/STM32_USB_Device_Library/Core/Src/usbd_ctlreq.c ****               {
 1556              		.loc 1 190 18 view .LVU525
 1557 004e 89B1     		cbz	r1, .L118
 192:Middlewares/ST/STM32_USB_Device_Library/Core/Src/usbd_ctlreq.c ****                 ret = (USBD_StatusTypeDef)(pdev->pClass[idx]->Setup(pdev, req));
 1558              		.loc 1 192 17 is_stmt 1 view .LVU526
 192:Middlewares/ST/STM32_USB_Device_Library/Core/Src/usbd_ctlreq.c ****                 ret = (USBD_StatusTypeDef)(pdev->pClass[idx]->Setup(pdev, req));
 1559              		.loc 1 192 31 is_stmt 0 view .LVU527
 1560 0050 C5F8D402 		str	r0, [r5, #724]
 193:Middlewares/ST/STM32_USB_Device_Library/Core/Src/usbd_ctlreq.c ****               }
 1561              		.loc 1 193 17 is_stmt 1 view .LVU528
 193:Middlewares/ST/STM32_USB_Device_Library/Core/Src/usbd_ctlreq.c ****               }
 1562              		.loc 1 193 61 is_stmt 0 view .LVU529
 1563 0054 9368     		ldr	r3, [r2, #8]
 193:Middlewares/ST/STM32_USB_Device_Library/Core/Src/usbd_ctlreq.c ****               }
 1564              		.loc 1 193 44 view .LVU530
 1565 0056 2146     		mov	r1, r4
 1566 0058 2846     		mov	r0, r5
 1567              	.LVL200:
 193:Middlewares/ST/STM32_USB_Device_Library/Core/Src/usbd_ctlreq.c ****               }
 1568              		.loc 1 193 44 view .LVU531
 1569 005a 9847     		blx	r3
 1570              	.LVL201:
 193:Middlewares/ST/STM32_USB_Device_Library/Core/Src/usbd_ctlreq.c ****               }
 1571              		.loc 1 193 44 view .LVU532
 1572 005c 0646     		mov	r6, r0
 1573              	.LVL202:
ARM GAS  /tmp/ccDx2qBe.s 			page 63


 193:Middlewares/ST/STM32_USB_Device_Library/Core/Src/usbd_ctlreq.c ****               }
 1574              		.loc 1 193 44 view .LVU533
 1575 005e 00E0     		b	.L115
 1576              	.LVL203:
 1577              	.L117:
 204:Middlewares/ST/STM32_USB_Device_Library/Core/Src/usbd_ctlreq.c ****             }
 1578              		.loc 1 204 19 view .LVU534
 1579 0060 0326     		movs	r6, #3
 1580              	.LVL204:
 1581              	.L115:
 207:Middlewares/ST/STM32_USB_Device_Library/Core/Src/usbd_ctlreq.c ****             {
 1582              		.loc 1 207 13 is_stmt 1 view .LVU535
 207:Middlewares/ST/STM32_USB_Device_Library/Core/Src/usbd_ctlreq.c ****             {
 1583              		.loc 1 207 21 is_stmt 0 view .LVU536
 1584 0062 E388     		ldrh	r3, [r4, #6]
 207:Middlewares/ST/STM32_USB_Device_Library/Core/Src/usbd_ctlreq.c ****             {
 1585              		.loc 1 207 16 view .LVU537
 1586 0064 002B     		cmp	r3, #0
 1587 0066 D9D1     		bne	.L116
 207:Middlewares/ST/STM32_USB_Device_Library/Core/Src/usbd_ctlreq.c ****             {
 1588              		.loc 1 207 38 discriminator 1 view .LVU538
 1589 0068 002E     		cmp	r6, #0
 1590 006a D7D1     		bne	.L116
 209:Middlewares/ST/STM32_USB_Device_Library/Core/Src/usbd_ctlreq.c ****             }
 1591              		.loc 1 209 15 is_stmt 1 view .LVU539
 209:Middlewares/ST/STM32_USB_Device_Library/Core/Src/usbd_ctlreq.c ****             }
 1592              		.loc 1 209 21 is_stmt 0 view .LVU540
 1593 006c 2846     		mov	r0, r5
 1594 006e FFF7FEFF 		bl	USBD_CtlSendStatus
 1595              	.LVL205:
 1596 0072 D3E7     		b	.L116
 1597              	.LVL206:
 1598              	.L118:
 198:Middlewares/ST/STM32_USB_Device_Library/Core/Src/usbd_ctlreq.c ****               }
 1599              		.loc 1 198 21 view .LVU541
 1600 0074 0326     		movs	r6, #3
 1601 0076 F4E7     		b	.L115
 1602              	.LVL207:
 1603              	.L113:
 219:Middlewares/ST/STM32_USB_Device_Library/Core/Src/usbd_ctlreq.c ****           break;
 1604              		.loc 1 219 11 is_stmt 1 view .LVU542
 1605 0078 2146     		mov	r1, r4
 1606              	.LVL208:
 219:Middlewares/ST/STM32_USB_Device_Library/Core/Src/usbd_ctlreq.c ****           break;
 1607              		.loc 1 219 11 is_stmt 0 view .LVU543
 1608 007a 2846     		mov	r0, r5
 1609              	.LVL209:
 219:Middlewares/ST/STM32_USB_Device_Library/Core/Src/usbd_ctlreq.c ****           break;
 1610              		.loc 1 219 11 view .LVU544
 1611 007c FFF7FEFF 		bl	USBD_CtlError
 1612              	.LVL210:
 220:Middlewares/ST/STM32_USB_Device_Library/Core/Src/usbd_ctlreq.c ****       }
 1613              		.loc 1 220 11 is_stmt 1 view .LVU545
 169:Middlewares/ST/STM32_USB_Device_Library/Core/Src/usbd_ctlreq.c ****   uint8_t idx;
 1614              		.loc 1 169 22 is_stmt 0 view .LVU546
 1615 0080 0026     		movs	r6, #0
 220:Middlewares/ST/STM32_USB_Device_Library/Core/Src/usbd_ctlreq.c ****       }
ARM GAS  /tmp/ccDx2qBe.s 			page 64


 1616              		.loc 1 220 11 view .LVU547
 1617 0082 CBE7     		b	.L116
 1618              		.cfi_endproc
 1619              	.LFE389:
 1621              		.section	.text.USBD_StdEPReq,"ax",%progbits
 1622              		.align	1
 1623              		.global	USBD_StdEPReq
 1624              		.syntax unified
 1625              		.thumb
 1626              		.thumb_func
 1628              	USBD_StdEPReq:
 1629              	.LVL211:
 1630              	.LFB390:
 240:Middlewares/ST/STM32_USB_Device_Library/Core/Src/usbd_ctlreq.c ****   USBD_EndpointTypeDef *pep;
 1631              		.loc 1 240 1 is_stmt 1 view -0
 1632              		.cfi_startproc
 1633              		@ args = 0, pretend = 0, frame = 0
 1634              		@ frame_needed = 0, uses_anonymous_args = 0
 240:Middlewares/ST/STM32_USB_Device_Library/Core/Src/usbd_ctlreq.c ****   USBD_EndpointTypeDef *pep;
 1635              		.loc 1 240 1 is_stmt 0 view .LVU549
 1636 0000 2DE9F041 		push	{r4, r5, r6, r7, r8, lr}
 1637              	.LCFI13:
 1638              		.cfi_def_cfa_offset 24
 1639              		.cfi_offset 4, -24
 1640              		.cfi_offset 5, -20
 1641              		.cfi_offset 6, -16
 1642              		.cfi_offset 7, -12
 1643              		.cfi_offset 8, -8
 1644              		.cfi_offset 14, -4
 1645 0004 0646     		mov	r6, r0
 1646 0006 0D46     		mov	r5, r1
 241:Middlewares/ST/STM32_USB_Device_Library/Core/Src/usbd_ctlreq.c ****   uint8_t ep_addr;
 1647              		.loc 1 241 3 is_stmt 1 view .LVU550
 242:Middlewares/ST/STM32_USB_Device_Library/Core/Src/usbd_ctlreq.c ****   uint8_t idx;
 1648              		.loc 1 242 3 view .LVU551
 243:Middlewares/ST/STM32_USB_Device_Library/Core/Src/usbd_ctlreq.c ****   USBD_StatusTypeDef ret = USBD_OK;
 1649              		.loc 1 243 3 view .LVU552
 244:Middlewares/ST/STM32_USB_Device_Library/Core/Src/usbd_ctlreq.c **** 
 1650              		.loc 1 244 3 view .LVU553
 1651              	.LVL212:
 246:Middlewares/ST/STM32_USB_Device_Library/Core/Src/usbd_ctlreq.c **** 
 1652              		.loc 1 246 3 view .LVU554
 246:Middlewares/ST/STM32_USB_Device_Library/Core/Src/usbd_ctlreq.c **** 
 1653              		.loc 1 246 13 is_stmt 0 view .LVU555
 1654 0008 8B88     		ldrh	r3, [r1, #4]
 246:Middlewares/ST/STM32_USB_Device_Library/Core/Src/usbd_ctlreq.c **** 
 1655              		.loc 1 246 11 view .LVU556
 1656 000a DFB2     		uxtb	r7, r3
 1657              	.LVL213:
 248:Middlewares/ST/STM32_USB_Device_Library/Core/Src/usbd_ctlreq.c ****   {
 1658              		.loc 1 248 3 is_stmt 1 view .LVU557
 248:Middlewares/ST/STM32_USB_Device_Library/Core/Src/usbd_ctlreq.c ****   {
 1659              		.loc 1 248 14 is_stmt 0 view .LVU558
 1660 000c 0C78     		ldrb	r4, [r1]	@ zero_extendqisi2
 1661 000e 04F06004 		and	r4, r4, #96
 248:Middlewares/ST/STM32_USB_Device_Library/Core/Src/usbd_ctlreq.c ****   {
 1662              		.loc 1 248 3 view .LVU559
ARM GAS  /tmp/ccDx2qBe.s 			page 65


 1663 0012 202C     		cmp	r4, #32
 1664 0014 08D0     		beq	.L122
 1665 0016 402C     		cmp	r4, #64
 1666 0018 06D0     		beq	.L122
 1667 001a DCB1     		cbz	r4, .L123
 413:Middlewares/ST/STM32_USB_Device_Library/Core/Src/usbd_ctlreq.c ****       break;
 1668              		.loc 1 413 7 is_stmt 1 view .LVU560
 1669 001c FFF7FEFF 		bl	USBD_CtlError
 1670              	.LVL214:
 414:Middlewares/ST/STM32_USB_Device_Library/Core/Src/usbd_ctlreq.c ****   }
 1671              		.loc 1 414 7 view .LVU561
 244:Middlewares/ST/STM32_USB_Device_Library/Core/Src/usbd_ctlreq.c **** 
 1672              		.loc 1 244 22 is_stmt 0 view .LVU562
 1673 0020 0024     		movs	r4, #0
 1674              	.LVL215:
 1675              	.L125:
 417:Middlewares/ST/STM32_USB_Device_Library/Core/Src/usbd_ctlreq.c **** }
 1676              		.loc 1 417 3 is_stmt 1 view .LVU563
 418:Middlewares/ST/STM32_USB_Device_Library/Core/Src/usbd_ctlreq.c **** 
 1677              		.loc 1 418 1 is_stmt 0 view .LVU564
 1678 0022 2046     		mov	r0, r4
 1679 0024 BDE8F081 		pop	{r4, r5, r6, r7, r8, pc}
 1680              	.LVL216:
 1681              	.L122:
 253:Middlewares/ST/STM32_USB_Device_Library/Core/Src/usbd_ctlreq.c ****       if (((uint8_t)idx != 0xFFU) && (idx < USBD_MAX_SUPPORTED_CLASS))
 1682              		.loc 1 253 7 is_stmt 1 view .LVU565
 253:Middlewares/ST/STM32_USB_Device_Library/Core/Src/usbd_ctlreq.c ****       if (((uint8_t)idx != 0xFFU) && (idx < USBD_MAX_SUPPORTED_CLASS))
 1683              		.loc 1 253 13 is_stmt 0 view .LVU566
 1684 0028 3946     		mov	r1, r7
 1685              	.LVL217:
 253:Middlewares/ST/STM32_USB_Device_Library/Core/Src/usbd_ctlreq.c ****       if (((uint8_t)idx != 0xFFU) && (idx < USBD_MAX_SUPPORTED_CLASS))
 1686              		.loc 1 253 13 view .LVU567
 1687 002a 3046     		mov	r0, r6
 1688              	.LVL218:
 253:Middlewares/ST/STM32_USB_Device_Library/Core/Src/usbd_ctlreq.c ****       if (((uint8_t)idx != 0xFFU) && (idx < USBD_MAX_SUPPORTED_CLASS))
 1689              		.loc 1 253 13 view .LVU568
 1690 002c FFF7FEFF 		bl	USBD_CoreFindEP
 1691              	.LVL219:
 254:Middlewares/ST/STM32_USB_Device_Library/Core/Src/usbd_ctlreq.c ****       {
 1692              		.loc 1 254 7 is_stmt 1 view .LVU569
 254:Middlewares/ST/STM32_USB_Device_Library/Core/Src/usbd_ctlreq.c ****       {
 1693              		.loc 1 254 10 is_stmt 0 view .LVU570
 1694 0030 0446     		mov	r4, r0
 1695 0032 0028     		cmp	r0, #0
 1696 0034 40F0F980 		bne	.L154
 256:Middlewares/ST/STM32_USB_Device_Library/Core/Src/usbd_ctlreq.c ****         /* Call the class data out function to manage the request */
 1697              		.loc 1 256 9 is_stmt 1 view .LVU571
 256:Middlewares/ST/STM32_USB_Device_Library/Core/Src/usbd_ctlreq.c ****         /* Call the class data out function to manage the request */
 1698              		.loc 1 256 23 is_stmt 0 view .LVU572
 1699 0038 C6F8D402 		str	r0, [r6, #724]
 258:Middlewares/ST/STM32_USB_Device_Library/Core/Src/usbd_ctlreq.c ****         {
 1700              		.loc 1 258 9 is_stmt 1 view .LVU573
 258:Middlewares/ST/STM32_USB_Device_Library/Core/Src/usbd_ctlreq.c ****         {
 1701              		.loc 1 258 25 is_stmt 0 view .LVU574
 1702 003c 00F1AE03 		add	r3, r0, #174
 1703 0040 56F82330 		ldr	r3, [r6, r3, lsl #2]
 258:Middlewares/ST/STM32_USB_Device_Library/Core/Src/usbd_ctlreq.c ****         {
ARM GAS  /tmp/ccDx2qBe.s 			page 66


 1704              		.loc 1 258 30 view .LVU575
 1705 0044 9B68     		ldr	r3, [r3, #8]
 258:Middlewares/ST/STM32_USB_Device_Library/Core/Src/usbd_ctlreq.c ****         {
 1706              		.loc 1 258 12 view .LVU576
 1707 0046 002B     		cmp	r3, #0
 1708 0048 EBD0     		beq	.L125
 260:Middlewares/ST/STM32_USB_Device_Library/Core/Src/usbd_ctlreq.c ****         }
 1709              		.loc 1 260 11 is_stmt 1 view .LVU577
 260:Middlewares/ST/STM32_USB_Device_Library/Core/Src/usbd_ctlreq.c ****         }
 1710              		.loc 1 260 37 is_stmt 0 view .LVU578
 1711 004a 2946     		mov	r1, r5
 1712 004c 3046     		mov	r0, r6
 1713              	.LVL220:
 260:Middlewares/ST/STM32_USB_Device_Library/Core/Src/usbd_ctlreq.c ****         }
 1714              		.loc 1 260 37 view .LVU579
 1715 004e 9847     		blx	r3
 1716              	.LVL221:
 1717 0050 0446     		mov	r4, r0
 1718              	.LVL222:
 260:Middlewares/ST/STM32_USB_Device_Library/Core/Src/usbd_ctlreq.c ****         }
 1719              		.loc 1 260 37 view .LVU580
 1720 0052 E6E7     		b	.L125
 1721              	.LVL223:
 1722              	.L123:
 266:Middlewares/ST/STM32_USB_Device_Library/Core/Src/usbd_ctlreq.c ****       {
 1723              		.loc 1 266 7 is_stmt 1 view .LVU581
 266:Middlewares/ST/STM32_USB_Device_Library/Core/Src/usbd_ctlreq.c ****       {
 1724              		.loc 1 266 18 is_stmt 0 view .LVU582
 1725 0054 91F80180 		ldrb	r8, [r1, #1]	@ zero_extendqisi2
 1726 0058 B8F1010F 		cmp	r8, #1
 1727 005c 31D0     		beq	.L126
 1728 005e B8F1030F 		cmp	r8, #3
 1729 0062 05D0     		beq	.L127
 1730 0064 B8F1000F 		cmp	r8, #0
 1731 0068 67D0     		beq	.L128
 407:Middlewares/ST/STM32_USB_Device_Library/Core/Src/usbd_ctlreq.c ****           break;
 1732              		.loc 1 407 11 is_stmt 1 view .LVU583
 1733 006a FFF7FEFF 		bl	USBD_CtlError
 1734              	.LVL224:
 408:Middlewares/ST/STM32_USB_Device_Library/Core/Src/usbd_ctlreq.c ****       }
 1735              		.loc 1 408 11 view .LVU584
 1736 006e D8E7     		b	.L125
 1737              	.LVL225:
 1738              	.L127:
 269:Middlewares/ST/STM32_USB_Device_Library/Core/Src/usbd_ctlreq.c ****           {
 1739              		.loc 1 269 11 view .LVU585
 269:Middlewares/ST/STM32_USB_Device_Library/Core/Src/usbd_ctlreq.c ****           {
 1740              		.loc 1 269 23 is_stmt 0 view .LVU586
 1741 0070 90F89C32 		ldrb	r3, [r0, #668]	@ zero_extendqisi2
 1742 0074 DBB2     		uxtb	r3, r3
 1743 0076 022B     		cmp	r3, #2
 1744 0078 04D0     		beq	.L130
 1745 007a 032B     		cmp	r3, #3
 1746 007c 12D0     		beq	.L131
 296:Middlewares/ST/STM32_USB_Device_Library/Core/Src/usbd_ctlreq.c ****               break;
 1747              		.loc 1 296 15 is_stmt 1 view .LVU587
 1748 007e FFF7FEFF 		bl	USBD_CtlError
ARM GAS  /tmp/ccDx2qBe.s 			page 67


 1749              	.LVL226:
 297:Middlewares/ST/STM32_USB_Device_Library/Core/Src/usbd_ctlreq.c ****           }
 1750              		.loc 1 297 15 view .LVU588
 1751 0082 CEE7     		b	.L125
 1752              	.LVL227:
 1753              	.L130:
 272:Middlewares/ST/STM32_USB_Device_Library/Core/Src/usbd_ctlreq.c ****               {
 1754              		.loc 1 272 15 view .LVU589
 272:Middlewares/ST/STM32_USB_Device_Library/Core/Src/usbd_ctlreq.c ****               {
 1755              		.loc 1 272 18 is_stmt 0 view .LVU590
 1756 0084 0FB1     		cbz	r7, .L133
 272:Middlewares/ST/STM32_USB_Device_Library/Core/Src/usbd_ctlreq.c ****               {
 1757              		.loc 1 272 38 discriminator 1 view .LVU591
 1758 0086 802F     		cmp	r7, #128
 1759 0088 04D1     		bne	.L162
 1760              	.L133:
 279:Middlewares/ST/STM32_USB_Device_Library/Core/Src/usbd_ctlreq.c ****               }
 1761              		.loc 1 279 17 is_stmt 1 view .LVU592
 1762 008a 2946     		mov	r1, r5
 1763              	.LVL228:
 279:Middlewares/ST/STM32_USB_Device_Library/Core/Src/usbd_ctlreq.c ****               }
 1764              		.loc 1 279 17 is_stmt 0 view .LVU593
 1765 008c 3046     		mov	r0, r6
 1766              	.LVL229:
 279:Middlewares/ST/STM32_USB_Device_Library/Core/Src/usbd_ctlreq.c ****               }
 1767              		.loc 1 279 17 view .LVU594
 1768 008e FFF7FEFF 		bl	USBD_CtlError
 1769              	.LVL230:
 1770 0092 C6E7     		b	.L125
 1771              	.LVL231:
 1772              	.L162:
 274:Middlewares/ST/STM32_USB_Device_Library/Core/Src/usbd_ctlreq.c ****                 (void)USBD_LL_StallEP(pdev, 0x80U);
 1773              		.loc 1 274 17 is_stmt 1 view .LVU595
 274:Middlewares/ST/STM32_USB_Device_Library/Core/Src/usbd_ctlreq.c ****                 (void)USBD_LL_StallEP(pdev, 0x80U);
 1774              		.loc 1 274 23 is_stmt 0 view .LVU596
 1775 0094 3946     		mov	r1, r7
 1776              	.LVL232:
 274:Middlewares/ST/STM32_USB_Device_Library/Core/Src/usbd_ctlreq.c ****                 (void)USBD_LL_StallEP(pdev, 0x80U);
 1777              		.loc 1 274 23 view .LVU597
 1778 0096 FFF7FEFF 		bl	USBD_LL_StallEP
 1779              	.LVL233:
 275:Middlewares/ST/STM32_USB_Device_Library/Core/Src/usbd_ctlreq.c ****               }
 1780              		.loc 1 275 17 is_stmt 1 view .LVU598
 275:Middlewares/ST/STM32_USB_Device_Library/Core/Src/usbd_ctlreq.c ****               }
 1781              		.loc 1 275 23 is_stmt 0 view .LVU599
 1782 009a 8021     		movs	r1, #128
 1783 009c 3046     		mov	r0, r6
 1784 009e FFF7FEFF 		bl	USBD_LL_StallEP
 1785              	.LVL234:
 275:Middlewares/ST/STM32_USB_Device_Library/Core/Src/usbd_ctlreq.c ****               }
 1786              		.loc 1 275 17 view .LVU600
 1787 00a2 BEE7     		b	.L125
 1788              	.LVL235:
 1789              	.L131:
 284:Middlewares/ST/STM32_USB_Device_Library/Core/Src/usbd_ctlreq.c ****               {
 1790              		.loc 1 284 15 is_stmt 1 view .LVU601
 284:Middlewares/ST/STM32_USB_Device_Library/Core/Src/usbd_ctlreq.c ****               {
ARM GAS  /tmp/ccDx2qBe.s 			page 68


 1791              		.loc 1 284 22 is_stmt 0 view .LVU602
 1792 00a4 4B88     		ldrh	r3, [r1, #2]
 284:Middlewares/ST/STM32_USB_Device_Library/Core/Src/usbd_ctlreq.c ****               {
 1793              		.loc 1 284 18 view .LVU603
 1794 00a6 23B9     		cbnz	r3, .L134
 286:Middlewares/ST/STM32_USB_Device_Library/Core/Src/usbd_ctlreq.c ****                 {
 1795              		.loc 1 286 17 is_stmt 1 view .LVU604
 286:Middlewares/ST/STM32_USB_Device_Library/Core/Src/usbd_ctlreq.c ****                 {
 1796              		.loc 1 286 20 is_stmt 0 view .LVU605
 1797 00a8 1FB1     		cbz	r7, .L134
 286:Middlewares/ST/STM32_USB_Device_Library/Core/Src/usbd_ctlreq.c ****                 {
 1798              		.loc 1 286 40 discriminator 1 view .LVU606
 1799 00aa 802F     		cmp	r7, #128
 1800 00ac 01D0     		beq	.L134
 286:Middlewares/ST/STM32_USB_Device_Library/Core/Src/usbd_ctlreq.c ****                 {
 1801              		.loc 1 286 69 discriminator 2 view .LVU607
 1802 00ae CB88     		ldrh	r3, [r1, #6]
 286:Middlewares/ST/STM32_USB_Device_Library/Core/Src/usbd_ctlreq.c ****                 {
 1803              		.loc 1 286 62 discriminator 2 view .LVU608
 1804 00b0 1BB1     		cbz	r3, .L163
 1805              	.LVL236:
 1806              	.L134:
 291:Middlewares/ST/STM32_USB_Device_Library/Core/Src/usbd_ctlreq.c **** 
 1807              		.loc 1 291 15 is_stmt 1 view .LVU609
 291:Middlewares/ST/STM32_USB_Device_Library/Core/Src/usbd_ctlreq.c **** 
 1808              		.loc 1 291 21 is_stmt 0 view .LVU610
 1809 00b2 3046     		mov	r0, r6
 1810 00b4 FFF7FEFF 		bl	USBD_CtlSendStatus
 1811              	.LVL237:
 293:Middlewares/ST/STM32_USB_Device_Library/Core/Src/usbd_ctlreq.c **** 
 1812              		.loc 1 293 15 is_stmt 1 view .LVU611
 1813 00b8 B3E7     		b	.L125
 1814              	.LVL238:
 1815              	.L163:
 288:Middlewares/ST/STM32_USB_Device_Library/Core/Src/usbd_ctlreq.c ****                 }
 1816              		.loc 1 288 19 view .LVU612
 288:Middlewares/ST/STM32_USB_Device_Library/Core/Src/usbd_ctlreq.c ****                 }
 1817              		.loc 1 288 25 is_stmt 0 view .LVU613
 1818 00ba 3946     		mov	r1, r7
 1819              	.LVL239:
 288:Middlewares/ST/STM32_USB_Device_Library/Core/Src/usbd_ctlreq.c ****                 }
 1820              		.loc 1 288 25 view .LVU614
 1821 00bc FFF7FEFF 		bl	USBD_LL_StallEP
 1822              	.LVL240:
 288:Middlewares/ST/STM32_USB_Device_Library/Core/Src/usbd_ctlreq.c ****                 }
 1823              		.loc 1 288 25 view .LVU615
 1824 00c0 F7E7     		b	.L134
 1825              	.LVL241:
 1826              	.L126:
 303:Middlewares/ST/STM32_USB_Device_Library/Core/Src/usbd_ctlreq.c ****           {
 1827              		.loc 1 303 11 is_stmt 1 view .LVU616
 303:Middlewares/ST/STM32_USB_Device_Library/Core/Src/usbd_ctlreq.c ****           {
 1828              		.loc 1 303 23 is_stmt 0 view .LVU617
 1829 00c2 90F89C32 		ldrb	r3, [r0, #668]	@ zero_extendqisi2
 1830 00c6 DBB2     		uxtb	r3, r3
 1831 00c8 022B     		cmp	r3, #2
 1832 00ca 04D0     		beq	.L135
ARM GAS  /tmp/ccDx2qBe.s 			page 69


 1833 00cc 032B     		cmp	r3, #3
 1834 00ce 12D0     		beq	.L136
 341:Middlewares/ST/STM32_USB_Device_Library/Core/Src/usbd_ctlreq.c ****               break;
 1835              		.loc 1 341 15 is_stmt 1 view .LVU618
 1836 00d0 FFF7FEFF 		bl	USBD_CtlError
 1837              	.LVL242:
 342:Middlewares/ST/STM32_USB_Device_Library/Core/Src/usbd_ctlreq.c ****           }
 1838              		.loc 1 342 15 view .LVU619
 1839 00d4 A5E7     		b	.L125
 1840              	.LVL243:
 1841              	.L135:
 306:Middlewares/ST/STM32_USB_Device_Library/Core/Src/usbd_ctlreq.c ****               {
 1842              		.loc 1 306 15 view .LVU620
 306:Middlewares/ST/STM32_USB_Device_Library/Core/Src/usbd_ctlreq.c ****               {
 1843              		.loc 1 306 18 is_stmt 0 view .LVU621
 1844 00d6 0FB1     		cbz	r7, .L138
 306:Middlewares/ST/STM32_USB_Device_Library/Core/Src/usbd_ctlreq.c ****               {
 1845              		.loc 1 306 38 discriminator 1 view .LVU622
 1846 00d8 802F     		cmp	r7, #128
 1847 00da 04D1     		bne	.L164
 1848              	.L138:
 313:Middlewares/ST/STM32_USB_Device_Library/Core/Src/usbd_ctlreq.c ****               }
 1849              		.loc 1 313 17 is_stmt 1 view .LVU623
 1850 00dc 2946     		mov	r1, r5
 1851              	.LVL244:
 313:Middlewares/ST/STM32_USB_Device_Library/Core/Src/usbd_ctlreq.c ****               }
 1852              		.loc 1 313 17 is_stmt 0 view .LVU624
 1853 00de 3046     		mov	r0, r6
 1854              	.LVL245:
 313:Middlewares/ST/STM32_USB_Device_Library/Core/Src/usbd_ctlreq.c ****               }
 1855              		.loc 1 313 17 view .LVU625
 1856 00e0 FFF7FEFF 		bl	USBD_CtlError
 1857              	.LVL246:
 1858 00e4 9DE7     		b	.L125
 1859              	.LVL247:
 1860              	.L164:
 308:Middlewares/ST/STM32_USB_Device_Library/Core/Src/usbd_ctlreq.c ****                 (void)USBD_LL_StallEP(pdev, 0x80U);
 1861              		.loc 1 308 17 is_stmt 1 view .LVU626
 308:Middlewares/ST/STM32_USB_Device_Library/Core/Src/usbd_ctlreq.c ****                 (void)USBD_LL_StallEP(pdev, 0x80U);
 1862              		.loc 1 308 23 is_stmt 0 view .LVU627
 1863 00e6 3946     		mov	r1, r7
 1864              	.LVL248:
 308:Middlewares/ST/STM32_USB_Device_Library/Core/Src/usbd_ctlreq.c ****                 (void)USBD_LL_StallEP(pdev, 0x80U);
 1865              		.loc 1 308 23 view .LVU628
 1866 00e8 FFF7FEFF 		bl	USBD_LL_StallEP
 1867              	.LVL249:
 309:Middlewares/ST/STM32_USB_Device_Library/Core/Src/usbd_ctlreq.c ****               }
 1868              		.loc 1 309 17 is_stmt 1 view .LVU629
 309:Middlewares/ST/STM32_USB_Device_Library/Core/Src/usbd_ctlreq.c ****               }
 1869              		.loc 1 309 23 is_stmt 0 view .LVU630
 1870 00ec 8021     		movs	r1, #128
 1871 00ee 3046     		mov	r0, r6
 1872 00f0 FFF7FEFF 		bl	USBD_LL_StallEP
 1873              	.LVL250:
 309:Middlewares/ST/STM32_USB_Device_Library/Core/Src/usbd_ctlreq.c ****               }
 1874              		.loc 1 309 17 view .LVU631
 1875 00f4 95E7     		b	.L125
ARM GAS  /tmp/ccDx2qBe.s 			page 70


 1876              	.LVL251:
 1877              	.L136:
 318:Middlewares/ST/STM32_USB_Device_Library/Core/Src/usbd_ctlreq.c ****               {
 1878              		.loc 1 318 15 is_stmt 1 view .LVU632
 318:Middlewares/ST/STM32_USB_Device_Library/Core/Src/usbd_ctlreq.c ****               {
 1879              		.loc 1 318 22 is_stmt 0 view .LVU633
 1880 00f6 4B88     		ldrh	r3, [r1, #2]
 318:Middlewares/ST/STM32_USB_Device_Library/Core/Src/usbd_ctlreq.c ****               {
 1881              		.loc 1 318 18 view .LVU634
 1882 00f8 002B     		cmp	r3, #0
 1883 00fa 92D1     		bne	.L125
 320:Middlewares/ST/STM32_USB_Device_Library/Core/Src/usbd_ctlreq.c ****                 {
 1884              		.loc 1 320 17 is_stmt 1 view .LVU635
 320:Middlewares/ST/STM32_USB_Device_Library/Core/Src/usbd_ctlreq.c ****                 {
 1885              		.loc 1 320 20 is_stmt 0 view .LVU636
 1886 00fc 17F07F0F 		tst	r7, #127
 1887 0100 17D1     		bne	.L165
 1888              	.LVL252:
 1889              	.L139:
 324:Middlewares/ST/STM32_USB_Device_Library/Core/Src/usbd_ctlreq.c **** 
 1890              		.loc 1 324 17 is_stmt 1 view .LVU637
 324:Middlewares/ST/STM32_USB_Device_Library/Core/Src/usbd_ctlreq.c **** 
 1891              		.loc 1 324 23 is_stmt 0 view .LVU638
 1892 0102 3046     		mov	r0, r6
 1893 0104 FFF7FEFF 		bl	USBD_CtlSendStatus
 1894              	.LVL253:
 327:Middlewares/ST/STM32_USB_Device_Library/Core/Src/usbd_ctlreq.c ****                 if (((uint8_t)idx != 0xFFU) && (idx < USBD_MAX_SUPPORTED_CLASS))
 1895              		.loc 1 327 17 is_stmt 1 view .LVU639
 327:Middlewares/ST/STM32_USB_Device_Library/Core/Src/usbd_ctlreq.c ****                 if (((uint8_t)idx != 0xFFU) && (idx < USBD_MAX_SUPPORTED_CLASS))
 1896              		.loc 1 327 23 is_stmt 0 view .LVU640
 1897 0108 3946     		mov	r1, r7
 1898 010a 3046     		mov	r0, r6
 1899 010c FFF7FEFF 		bl	USBD_CoreFindEP
 1900              	.LVL254:
 328:Middlewares/ST/STM32_USB_Device_Library/Core/Src/usbd_ctlreq.c ****                 {
 1901              		.loc 1 328 17 is_stmt 1 view .LVU641
 328:Middlewares/ST/STM32_USB_Device_Library/Core/Src/usbd_ctlreq.c ****                 {
 1902              		.loc 1 328 20 is_stmt 0 view .LVU642
 1903 0110 0028     		cmp	r0, #0
 1904 0112 86D1     		bne	.L125
 330:Middlewares/ST/STM32_USB_Device_Library/Core/Src/usbd_ctlreq.c ****                   /* Call the class data out function to manage the request */
 1905              		.loc 1 330 19 is_stmt 1 view .LVU643
 330:Middlewares/ST/STM32_USB_Device_Library/Core/Src/usbd_ctlreq.c ****                   /* Call the class data out function to manage the request */
 1906              		.loc 1 330 33 is_stmt 0 view .LVU644
 1907 0114 C6F8D402 		str	r0, [r6, #724]
 332:Middlewares/ST/STM32_USB_Device_Library/Core/Src/usbd_ctlreq.c ****                   {
 1908              		.loc 1 332 19 is_stmt 1 view .LVU645
 332:Middlewares/ST/STM32_USB_Device_Library/Core/Src/usbd_ctlreq.c ****                   {
 1909              		.loc 1 332 35 is_stmt 0 view .LVU646
 1910 0118 00F1AE02 		add	r2, r0, #174
 1911 011c 56F82220 		ldr	r2, [r6, r2, lsl #2]
 332:Middlewares/ST/STM32_USB_Device_Library/Core/Src/usbd_ctlreq.c ****                   {
 1912              		.loc 1 332 40 view .LVU647
 1913 0120 9268     		ldr	r2, [r2, #8]
 332:Middlewares/ST/STM32_USB_Device_Library/Core/Src/usbd_ctlreq.c ****                   {
 1914              		.loc 1 332 22 view .LVU648
 1915 0122 002A     		cmp	r2, #0
ARM GAS  /tmp/ccDx2qBe.s 			page 71


 1916 0124 00F08380 		beq	.L155
 334:Middlewares/ST/STM32_USB_Device_Library/Core/Src/usbd_ctlreq.c ****                   }
 1917              		.loc 1 334 21 is_stmt 1 view .LVU649
 334:Middlewares/ST/STM32_USB_Device_Library/Core/Src/usbd_ctlreq.c ****                   }
 1918              		.loc 1 334 48 is_stmt 0 view .LVU650
 1919 0128 2946     		mov	r1, r5
 1920 012a 3046     		mov	r0, r6
 1921              	.LVL255:
 334:Middlewares/ST/STM32_USB_Device_Library/Core/Src/usbd_ctlreq.c ****                   }
 1922              		.loc 1 334 48 view .LVU651
 1923 012c 9047     		blx	r2
 1924              	.LVL256:
 334:Middlewares/ST/STM32_USB_Device_Library/Core/Src/usbd_ctlreq.c ****                   }
 1925              		.loc 1 334 48 view .LVU652
 1926 012e 0446     		mov	r4, r0
 1927              	.LVL257:
 334:Middlewares/ST/STM32_USB_Device_Library/Core/Src/usbd_ctlreq.c ****                   }
 1928              		.loc 1 334 48 view .LVU653
 1929 0130 77E7     		b	.L125
 1930              	.LVL258:
 1931              	.L165:
 322:Middlewares/ST/STM32_USB_Device_Library/Core/Src/usbd_ctlreq.c ****                 }
 1932              		.loc 1 322 19 is_stmt 1 view .LVU654
 322:Middlewares/ST/STM32_USB_Device_Library/Core/Src/usbd_ctlreq.c ****                 }
 1933              		.loc 1 322 25 is_stmt 0 view .LVU655
 1934 0132 3946     		mov	r1, r7
 1935              	.LVL259:
 322:Middlewares/ST/STM32_USB_Device_Library/Core/Src/usbd_ctlreq.c ****                 }
 1936              		.loc 1 322 25 view .LVU656
 1937 0134 FFF7FEFF 		bl	USBD_LL_ClearStallEP
 1938              	.LVL260:
 322:Middlewares/ST/STM32_USB_Device_Library/Core/Src/usbd_ctlreq.c ****                 }
 1939              		.loc 1 322 25 view .LVU657
 1940 0138 E3E7     		b	.L139
 1941              	.LVL261:
 1942              	.L128:
 347:Middlewares/ST/STM32_USB_Device_Library/Core/Src/usbd_ctlreq.c ****           {
 1943              		.loc 1 347 11 is_stmt 1 view .LVU658
 347:Middlewares/ST/STM32_USB_Device_Library/Core/Src/usbd_ctlreq.c ****           {
 1944              		.loc 1 347 23 is_stmt 0 view .LVU659
 1945 013a 90F89C22 		ldrb	r2, [r0, #668]	@ zero_extendqisi2
 1946 013e D2B2     		uxtb	r2, r2
 1947 0140 022A     		cmp	r2, #2
 1948 0142 05D0     		beq	.L140
 1949 0144 032A     		cmp	r2, #3
 1950 0146 28D0     		beq	.L141
 401:Middlewares/ST/STM32_USB_Device_Library/Core/Src/usbd_ctlreq.c ****               break;
 1951              		.loc 1 401 15 is_stmt 1 view .LVU660
 1952 0148 FFF7FEFF 		bl	USBD_CtlError
 1953              	.LVL262:
 402:Middlewares/ST/STM32_USB_Device_Library/Core/Src/usbd_ctlreq.c ****           }
 1954              		.loc 1 402 15 view .LVU661
 244:Middlewares/ST/STM32_USB_Device_Library/Core/Src/usbd_ctlreq.c **** 
 1955              		.loc 1 244 22 is_stmt 0 view .LVU662
 1956 014c 4446     		mov	r4, r8
 402:Middlewares/ST/STM32_USB_Device_Library/Core/Src/usbd_ctlreq.c ****           }
 1957              		.loc 1 402 15 view .LVU663
ARM GAS  /tmp/ccDx2qBe.s 			page 72


 1958 014e 68E7     		b	.L125
 1959              	.LVL263:
 1960              	.L140:
 350:Middlewares/ST/STM32_USB_Device_Library/Core/Src/usbd_ctlreq.c ****               {
 1961              		.loc 1 350 15 is_stmt 1 view .LVU664
 350:Middlewares/ST/STM32_USB_Device_Library/Core/Src/usbd_ctlreq.c ****               {
 1962              		.loc 1 350 18 is_stmt 0 view .LVU665
 1963 0150 0FB1     		cbz	r7, .L143
 350:Middlewares/ST/STM32_USB_Device_Library/Core/Src/usbd_ctlreq.c ****               {
 1964              		.loc 1 350 38 discriminator 1 view .LVU666
 1965 0152 802F     		cmp	r7, #128
 1966 0154 14D1     		bne	.L166
 1967              	.L143:
 355:Middlewares/ST/STM32_USB_Device_Library/Core/Src/usbd_ctlreq.c ****                     &pdev->ep_out[ep_addr & 0x7FU];
 1968              		.loc 1 355 15 is_stmt 1 view .LVU667
 355:Middlewares/ST/STM32_USB_Device_Library/Core/Src/usbd_ctlreq.c ****                     &pdev->ep_out[ep_addr & 0x7FU];
 1969              		.loc 1 355 82 is_stmt 0 view .LVU668
 1970 0156 13F0800F 		tst	r3, #128
 1971 015a 15D1     		bne	.L167
 356:Middlewares/ST/STM32_USB_Device_Library/Core/Src/usbd_ctlreq.c **** 
 1972              		.loc 1 356 43 view .LVU669
 1973 015c 07F07F07 		and	r7, r7, #127
 1974              	.LVL264:
 355:Middlewares/ST/STM32_USB_Device_Library/Core/Src/usbd_ctlreq.c ****                     &pdev->ep_out[ep_addr & 0x7FU];
 1975              		.loc 1 355 82 discriminator 2 view .LVU670
 1976 0160 07EB8707 		add	r7, r7, r7, lsl #2
 1977 0164 B900     		lsls	r1, r7, #2
 1978              	.LVL265:
 355:Middlewares/ST/STM32_USB_Device_Library/Core/Src/usbd_ctlreq.c ****                     &pdev->ep_out[ep_addr & 0x7FU];
 1979              		.loc 1 355 82 discriminator 2 view .LVU671
 1980 0166 01F5A871 		add	r1, r1, #336
 1981 016a 3144     		add	r1, r1, r6
 1982 016c 0431     		adds	r1, r1, #4
 1983              	.L145:
 1984              	.LVL266:
 358:Middlewares/ST/STM32_USB_Device_Library/Core/Src/usbd_ctlreq.c **** 
 1985              		.loc 1 358 15 is_stmt 1 view .LVU672
 358:Middlewares/ST/STM32_USB_Device_Library/Core/Src/usbd_ctlreq.c **** 
 1986              		.loc 1 358 27 is_stmt 0 view .LVU673
 1987 016e 0023     		movs	r3, #0
 1988              	.LVL267:
 358:Middlewares/ST/STM32_USB_Device_Library/Core/Src/usbd_ctlreq.c **** 
 1989              		.loc 1 358 27 view .LVU674
 1990 0170 01F80E3F 		strb	r3, [r1, #14]!
 1991              	.LVL268:
 360:Middlewares/ST/STM32_USB_Device_Library/Core/Src/usbd_ctlreq.c ****               break;
 1992              		.loc 1 360 15 is_stmt 1 view .LVU675
 360:Middlewares/ST/STM32_USB_Device_Library/Core/Src/usbd_ctlreq.c ****               break;
 1993              		.loc 1 360 21 is_stmt 0 view .LVU676
 1994 0174 0222     		movs	r2, #2
 1995 0176 3046     		mov	r0, r6
 1996              	.LVL269:
 360:Middlewares/ST/STM32_USB_Device_Library/Core/Src/usbd_ctlreq.c ****               break;
 1997              		.loc 1 360 21 view .LVU677
 1998 0178 FFF7FEFF 		bl	USBD_CtlSendData
 1999              	.LVL270:
 361:Middlewares/ST/STM32_USB_Device_Library/Core/Src/usbd_ctlreq.c **** 
ARM GAS  /tmp/ccDx2qBe.s 			page 73


 2000              		.loc 1 361 15 is_stmt 1 view .LVU678
 244:Middlewares/ST/STM32_USB_Device_Library/Core/Src/usbd_ctlreq.c **** 
 2001              		.loc 1 244 22 is_stmt 0 view .LVU679
 2002 017c 4446     		mov	r4, r8
 361:Middlewares/ST/STM32_USB_Device_Library/Core/Src/usbd_ctlreq.c **** 
 2003              		.loc 1 361 15 view .LVU680
 2004 017e 50E7     		b	.L125
 2005              	.LVL271:
 2006              	.L166:
 352:Middlewares/ST/STM32_USB_Device_Library/Core/Src/usbd_ctlreq.c ****                 break;
 2007              		.loc 1 352 17 is_stmt 1 view .LVU681
 2008 0180 FFF7FEFF 		bl	USBD_CtlError
 2009              	.LVL272:
 353:Middlewares/ST/STM32_USB_Device_Library/Core/Src/usbd_ctlreq.c ****               }
 2010              		.loc 1 353 17 view .LVU682
 244:Middlewares/ST/STM32_USB_Device_Library/Core/Src/usbd_ctlreq.c **** 
 2011              		.loc 1 244 22 is_stmt 0 view .LVU683
 2012 0184 4446     		mov	r4, r8
 353:Middlewares/ST/STM32_USB_Device_Library/Core/Src/usbd_ctlreq.c ****               }
 2013              		.loc 1 353 17 view .LVU684
 2014 0186 4CE7     		b	.L125
 2015              	.LVL273:
 2016              	.L167:
 355:Middlewares/ST/STM32_USB_Device_Library/Core/Src/usbd_ctlreq.c ****                     &pdev->ep_out[ep_addr & 0x7FU];
 2017              		.loc 1 355 73 discriminator 1 view .LVU685
 2018 0188 07F07F07 		and	r7, r7, #127
 2019              	.LVL274:
 355:Middlewares/ST/STM32_USB_Device_Library/Core/Src/usbd_ctlreq.c ****                     &pdev->ep_out[ep_addr & 0x7FU];
 2020              		.loc 1 355 82 discriminator 1 view .LVU686
 2021 018c 07EB8707 		add	r7, r7, r7, lsl #2
 2022 0190 B900     		lsls	r1, r7, #2
 2023              	.LVL275:
 355:Middlewares/ST/STM32_USB_Device_Library/Core/Src/usbd_ctlreq.c ****                     &pdev->ep_out[ep_addr & 0x7FU];
 2024              		.loc 1 355 82 discriminator 1 view .LVU687
 2025 0192 1031     		adds	r1, r1, #16
 2026 0194 3144     		add	r1, r1, r6
 2027 0196 0431     		adds	r1, r1, #4
 2028 0198 E9E7     		b	.L145
 2029              	.LVL276:
 2030              	.L141:
 364:Middlewares/ST/STM32_USB_Device_Library/Core/Src/usbd_ctlreq.c ****               {
 2031              		.loc 1 364 15 is_stmt 1 view .LVU688
 364:Middlewares/ST/STM32_USB_Device_Library/Core/Src/usbd_ctlreq.c ****               {
 2032              		.loc 1 364 37 is_stmt 0 view .LVU689
 2033 019a 5BB2     		sxtb	r3, r3
 364:Middlewares/ST/STM32_USB_Device_Library/Core/Src/usbd_ctlreq.c ****               {
 2034              		.loc 1 364 18 view .LVU690
 2035 019c 002B     		cmp	r3, #0
 2036 019e 20DB     		blt	.L168
 374:Middlewares/ST/STM32_USB_Device_Library/Core/Src/usbd_ctlreq.c ****                 {
 2037              		.loc 1 374 17 is_stmt 1 view .LVU691
 374:Middlewares/ST/STM32_USB_Device_Library/Core/Src/usbd_ctlreq.c ****                 {
 2038              		.loc 1 374 42 is_stmt 0 view .LVU692
 2039 01a0 07F00F02 		and	r2, r7, #15
 374:Middlewares/ST/STM32_USB_Device_Library/Core/Src/usbd_ctlreq.c ****                 {
 2040              		.loc 1 374 49 view .LVU693
 2041 01a4 02EB8202 		add	r2, r2, r2, lsl #2
ARM GAS  /tmp/ccDx2qBe.s 			page 74


 2042 01a8 00EB8202 		add	r2, r0, r2, lsl #2
 2043 01ac 92F86341 		ldrb	r4, [r2, #355]	@ zero_extendqisi2
 374:Middlewares/ST/STM32_USB_Device_Library/Core/Src/usbd_ctlreq.c ****                 {
 2044              		.loc 1 374 20 view .LVU694
 2045 01b0 24B3     		cbz	r4, .L169
 2046              	.L147:
 381:Middlewares/ST/STM32_USB_Device_Library/Core/Src/usbd_ctlreq.c ****                     &pdev->ep_out[ep_addr & 0x7FU];
 2047              		.loc 1 381 15 is_stmt 1 view .LVU695
 381:Middlewares/ST/STM32_USB_Device_Library/Core/Src/usbd_ctlreq.c ****                     &pdev->ep_out[ep_addr & 0x7FU];
 2048              		.loc 1 381 82 is_stmt 0 view .LVU696
 2049 01b2 002B     		cmp	r3, #0
 2050 01b4 25DB     		blt	.L170
 382:Middlewares/ST/STM32_USB_Device_Library/Core/Src/usbd_ctlreq.c **** 
 2051              		.loc 1 382 43 view .LVU697
 2052 01b6 07F07F03 		and	r3, r7, #127
 381:Middlewares/ST/STM32_USB_Device_Library/Core/Src/usbd_ctlreq.c ****                     &pdev->ep_out[ep_addr & 0x7FU];
 2053              		.loc 1 381 82 discriminator 2 view .LVU698
 2054 01ba 03EB8303 		add	r3, r3, r3, lsl #2
 2055 01be 9C00     		lsls	r4, r3, #2
 2056 01c0 04F5A874 		add	r4, r4, #336
 2057 01c4 3444     		add	r4, r4, r6
 2058 01c6 0434     		adds	r4, r4, #4
 2059              	.L149:
 2060              	.LVL277:
 384:Middlewares/ST/STM32_USB_Device_Library/Core/Src/usbd_ctlreq.c ****               {
 2061              		.loc 1 384 15 is_stmt 1 view .LVU699
 384:Middlewares/ST/STM32_USB_Device_Library/Core/Src/usbd_ctlreq.c ****               {
 2062              		.loc 1 384 18 is_stmt 0 view .LVU700
 2063 01c8 0FB1     		cbz	r7, .L150
 384:Middlewares/ST/STM32_USB_Device_Library/Core/Src/usbd_ctlreq.c ****               {
 2064              		.loc 1 384 38 discriminator 1 view .LVU701
 2065 01ca 802F     		cmp	r7, #128
 2066 01cc 22D1     		bne	.L151
 2067              	.L150:
 386:Middlewares/ST/STM32_USB_Device_Library/Core/Src/usbd_ctlreq.c ****               }
 2068              		.loc 1 386 17 is_stmt 1 view .LVU702
 386:Middlewares/ST/STM32_USB_Device_Library/Core/Src/usbd_ctlreq.c ****               }
 2069              		.loc 1 386 29 is_stmt 0 view .LVU703
 2070 01ce 0023     		movs	r3, #0
 2071 01d0 A373     		strb	r3, [r4, #14]
 2072              	.LVL278:
 2073              	.L152:
 397:Middlewares/ST/STM32_USB_Device_Library/Core/Src/usbd_ctlreq.c ****               break;
 2074              		.loc 1 397 15 is_stmt 1 view .LVU704
 397:Middlewares/ST/STM32_USB_Device_Library/Core/Src/usbd_ctlreq.c ****               break;
 2075              		.loc 1 397 21 is_stmt 0 view .LVU705
 2076 01d2 0222     		movs	r2, #2
 2077 01d4 04F10E01 		add	r1, r4, #14
 2078 01d8 3046     		mov	r0, r6
 2079 01da FFF7FEFF 		bl	USBD_CtlSendData
 2080              	.LVL279:
 398:Middlewares/ST/STM32_USB_Device_Library/Core/Src/usbd_ctlreq.c **** 
 2081              		.loc 1 398 15 is_stmt 1 view .LVU706
 244:Middlewares/ST/STM32_USB_Device_Library/Core/Src/usbd_ctlreq.c **** 
 2082              		.loc 1 244 22 is_stmt 0 view .LVU707
 2083 01de 4446     		mov	r4, r8
 2084              	.LVL280:
ARM GAS  /tmp/ccDx2qBe.s 			page 75


 398:Middlewares/ST/STM32_USB_Device_Library/Core/Src/usbd_ctlreq.c **** 
 2085              		.loc 1 398 15 view .LVU708
 2086 01e0 1FE7     		b	.L125
 2087              	.LVL281:
 2088              	.L168:
 366:Middlewares/ST/STM32_USB_Device_Library/Core/Src/usbd_ctlreq.c ****                 {
 2089              		.loc 1 366 17 is_stmt 1 view .LVU709
 366:Middlewares/ST/STM32_USB_Device_Library/Core/Src/usbd_ctlreq.c ****                 {
 2090              		.loc 1 366 41 is_stmt 0 view .LVU710
 2091 01e2 07F00F02 		and	r2, r7, #15
 366:Middlewares/ST/STM32_USB_Device_Library/Core/Src/usbd_ctlreq.c ****                 {
 2092              		.loc 1 366 48 view .LVU711
 2093 01e6 02EB8202 		add	r2, r2, r2, lsl #2
 2094 01ea 00EB8202 		add	r2, r0, r2, lsl #2
 2095 01ee 92F82340 		ldrb	r4, [r2, #35]	@ zero_extendqisi2
 366:Middlewares/ST/STM32_USB_Device_Library/Core/Src/usbd_ctlreq.c ****                 {
 2096              		.loc 1 366 20 view .LVU712
 2097 01f2 002C     		cmp	r4, #0
 2098 01f4 DDD1     		bne	.L147
 368:Middlewares/ST/STM32_USB_Device_Library/Core/Src/usbd_ctlreq.c ****                   break;
 2099              		.loc 1 368 19 is_stmt 1 view .LVU713
 2100 01f6 FFF7FEFF 		bl	USBD_CtlError
 2101              	.LVL282:
 369:Middlewares/ST/STM32_USB_Device_Library/Core/Src/usbd_ctlreq.c ****                 }
 2102              		.loc 1 369 19 view .LVU714
 2103 01fa 12E7     		b	.L125
 2104              	.LVL283:
 2105              	.L169:
 376:Middlewares/ST/STM32_USB_Device_Library/Core/Src/usbd_ctlreq.c ****                   break;
 2106              		.loc 1 376 19 view .LVU715
 2107 01fc FFF7FEFF 		bl	USBD_CtlError
 2108              	.LVL284:
 377:Middlewares/ST/STM32_USB_Device_Library/Core/Src/usbd_ctlreq.c ****                 }
 2109              		.loc 1 377 19 view .LVU716
 2110 0200 0FE7     		b	.L125
 2111              	.LVL285:
 2112              	.L170:
 381:Middlewares/ST/STM32_USB_Device_Library/Core/Src/usbd_ctlreq.c ****                     &pdev->ep_out[ep_addr & 0x7FU];
 2113              		.loc 1 381 73 is_stmt 0 discriminator 1 view .LVU717
 2114 0202 07F07F03 		and	r3, r7, #127
 381:Middlewares/ST/STM32_USB_Device_Library/Core/Src/usbd_ctlreq.c ****                     &pdev->ep_out[ep_addr & 0x7FU];
 2115              		.loc 1 381 82 discriminator 1 view .LVU718
 2116 0206 03EB8303 		add	r3, r3, r3, lsl #2
 2117 020a 9C00     		lsls	r4, r3, #2
 2118 020c 1034     		adds	r4, r4, #16
 2119 020e 3444     		add	r4, r4, r6
 2120 0210 0434     		adds	r4, r4, #4
 2121 0212 D9E7     		b	.L149
 2122              	.LVL286:
 2123              	.L151:
 388:Middlewares/ST/STM32_USB_Device_Library/Core/Src/usbd_ctlreq.c ****               {
 2124              		.loc 1 388 20 is_stmt 1 view .LVU719
 388:Middlewares/ST/STM32_USB_Device_Library/Core/Src/usbd_ctlreq.c ****               {
 2125              		.loc 1 388 24 is_stmt 0 view .LVU720
 2126 0214 3946     		mov	r1, r7
 2127              	.LVL287:
 388:Middlewares/ST/STM32_USB_Device_Library/Core/Src/usbd_ctlreq.c ****               {
ARM GAS  /tmp/ccDx2qBe.s 			page 76


 2128              		.loc 1 388 24 view .LVU721
 2129 0216 3046     		mov	r0, r6
 2130              	.LVL288:
 388:Middlewares/ST/STM32_USB_Device_Library/Core/Src/usbd_ctlreq.c ****               {
 2131              		.loc 1 388 24 view .LVU722
 2132 0218 FFF7FEFF 		bl	USBD_LL_IsStallEP
 2133              	.LVL289:
 388:Middlewares/ST/STM32_USB_Device_Library/Core/Src/usbd_ctlreq.c ****               {
 2134              		.loc 1 388 23 discriminator 1 view .LVU723
 2135 021c 10B1     		cbz	r0, .L153
 390:Middlewares/ST/STM32_USB_Device_Library/Core/Src/usbd_ctlreq.c ****               }
 2136              		.loc 1 390 17 is_stmt 1 view .LVU724
 390:Middlewares/ST/STM32_USB_Device_Library/Core/Src/usbd_ctlreq.c ****               }
 2137              		.loc 1 390 29 is_stmt 0 view .LVU725
 2138 021e 0123     		movs	r3, #1
 2139 0220 A373     		strb	r3, [r4, #14]
 2140 0222 D6E7     		b	.L152
 2141              	.L153:
 394:Middlewares/ST/STM32_USB_Device_Library/Core/Src/usbd_ctlreq.c ****               }
 2142              		.loc 1 394 17 is_stmt 1 view .LVU726
 394:Middlewares/ST/STM32_USB_Device_Library/Core/Src/usbd_ctlreq.c ****               }
 2143              		.loc 1 394 29 is_stmt 0 view .LVU727
 2144 0224 0023     		movs	r3, #0
 2145 0226 A373     		strb	r3, [r4, #14]
 2146 0228 D3E7     		b	.L152
 2147              	.LVL290:
 2148              	.L154:
 244:Middlewares/ST/STM32_USB_Device_Library/Core/Src/usbd_ctlreq.c **** 
 2149              		.loc 1 244 22 view .LVU728
 2150 022a 0024     		movs	r4, #0
 2151 022c F9E6     		b	.L125
 2152              	.L155:
 244:Middlewares/ST/STM32_USB_Device_Library/Core/Src/usbd_ctlreq.c **** 
 2153              		.loc 1 244 22 view .LVU729
 2154 022e 0446     		mov	r4, r0
 2155 0230 F7E6     		b	.L125
 2156              		.cfi_endproc
 2157              	.LFE390:
 2159              		.section	.text.USBD_GetString,"ax",%progbits
 2160              		.align	1
 2161              		.global	USBD_GetString
 2162              		.syntax unified
 2163              		.thumb
 2164              		.thumb_func
 2166              	USBD_GetString:
 2167              	.LVL291:
 2168              	.LFB400:
 997:Middlewares/ST/STM32_USB_Device_Library/Core/Src/usbd_ctlreq.c ****   uint8_t idx = 0U;
 2169              		.loc 1 997 1 is_stmt 1 view -0
 2170              		.cfi_startproc
 2171              		@ args = 0, pretend = 0, frame = 0
 2172              		@ frame_needed = 0, uses_anonymous_args = 0
 998:Middlewares/ST/STM32_USB_Device_Library/Core/Src/usbd_ctlreq.c ****   uint8_t *pdesc;
 2173              		.loc 1 998 3 view .LVU731
 999:Middlewares/ST/STM32_USB_Device_Library/Core/Src/usbd_ctlreq.c **** 
 2174              		.loc 1 999 3 view .LVU732
1001:Middlewares/ST/STM32_USB_Device_Library/Core/Src/usbd_ctlreq.c ****   {
ARM GAS  /tmp/ccDx2qBe.s 			page 77


 2175              		.loc 1 1001 3 view .LVU733
1001:Middlewares/ST/STM32_USB_Device_Library/Core/Src/usbd_ctlreq.c ****   {
 2176              		.loc 1 1001 6 is_stmt 0 view .LVU734
 2177 0000 00B3     		cbz	r0, .L178
 997:Middlewares/ST/STM32_USB_Device_Library/Core/Src/usbd_ctlreq.c ****   uint8_t idx = 0U;
 2178              		.loc 1 997 1 view .LVU735
 2179 0002 70B5     		push	{r4, r5, r6, lr}
 2180              	.LCFI14:
 2181              		.cfi_def_cfa_offset 16
 2182              		.cfi_offset 4, -16
 2183              		.cfi_offset 5, -12
 2184              		.cfi_offset 6, -8
 2185              		.cfi_offset 14, -4
 2186 0004 0D46     		mov	r5, r1
 2187 0006 1646     		mov	r6, r2
 2188 0008 0446     		mov	r4, r0
1006:Middlewares/ST/STM32_USB_Device_Library/Core/Src/usbd_ctlreq.c ****   *len = MIN(USBD_MAX_STR_DESC_SIZ, ((uint16_t)USBD_GetLen(pdesc) * 2U) + 2U);
 2189              		.loc 1 1006 3 is_stmt 1 view .LVU736
 2190              	.LVL292:
1007:Middlewares/ST/STM32_USB_Device_Library/Core/Src/usbd_ctlreq.c **** 
 2191              		.loc 1 1007 3 view .LVU737
1007:Middlewares/ST/STM32_USB_Device_Library/Core/Src/usbd_ctlreq.c **** 
 2192              		.loc 1 1007 10 is_stmt 0 view .LVU738
 2193 000a FFF7FEFF 		bl	USBD_GetLen
 2194              	.LVL293:
1007:Middlewares/ST/STM32_USB_Device_Library/Core/Src/usbd_ctlreq.c **** 
 2195              		.loc 1 1007 10 discriminator 1 view .LVU739
 2196 000e 0130     		adds	r0, r0, #1
 2197 0010 4300     		lsls	r3, r0, #1
1007:Middlewares/ST/STM32_USB_Device_Library/Core/Src/usbd_ctlreq.c **** 
 2198              		.loc 1 1007 8 discriminator 1 view .LVU740
 2199 0012 B3F5007F 		cmp	r3, #512
 2200 0016 06D8     		bhi	.L176
 2201 0018 9BB2     		uxth	r3, r3
 2202              	.L173:
1007:Middlewares/ST/STM32_USB_Device_Library/Core/Src/usbd_ctlreq.c **** 
 2203              		.loc 1 1007 8 discriminator 4 view .LVU741
 2204 001a 3380     		strh	r3, [r6]	@ movhi
1009:Middlewares/ST/STM32_USB_Device_Library/Core/Src/usbd_ctlreq.c ****   idx++;
 2205              		.loc 1 1009 3 is_stmt 1 view .LVU742
1009:Middlewares/ST/STM32_USB_Device_Library/Core/Src/usbd_ctlreq.c ****   idx++;
 2206              		.loc 1 1009 16 is_stmt 0 view .LVU743
 2207 001c 2B70     		strb	r3, [r5]
1010:Middlewares/ST/STM32_USB_Device_Library/Core/Src/usbd_ctlreq.c ****   unicode[idx] = USB_DESC_TYPE_STRING;
 2208              		.loc 1 1010 3 is_stmt 1 view .LVU744
 2209              	.LVL294:
1011:Middlewares/ST/STM32_USB_Device_Library/Core/Src/usbd_ctlreq.c ****   idx++;
 2210              		.loc 1 1011 3 view .LVU745
1011:Middlewares/ST/STM32_USB_Device_Library/Core/Src/usbd_ctlreq.c ****   idx++;
 2211              		.loc 1 1011 16 is_stmt 0 view .LVU746
 2212 001e 0323     		movs	r3, #3
 2213 0020 6B70     		strb	r3, [r5, #1]
1012:Middlewares/ST/STM32_USB_Device_Library/Core/Src/usbd_ctlreq.c **** 
 2214              		.loc 1 1012 3 is_stmt 1 view .LVU747
 2215              	.LVL295:
1014:Middlewares/ST/STM32_USB_Device_Library/Core/Src/usbd_ctlreq.c ****   {
 2216              		.loc 1 1014 3 view .LVU748
ARM GAS  /tmp/ccDx2qBe.s 			page 78


1012:Middlewares/ST/STM32_USB_Device_Library/Core/Src/usbd_ctlreq.c **** 
 2217              		.loc 1 1012 6 is_stmt 0 view .LVU749
 2218 0022 0223     		movs	r3, #2
1014:Middlewares/ST/STM32_USB_Device_Library/Core/Src/usbd_ctlreq.c ****   {
 2219              		.loc 1 1014 9 view .LVU750
 2220 0024 0AE0     		b	.L174
 2221              	.LVL296:
 2222              	.L176:
1007:Middlewares/ST/STM32_USB_Device_Library/Core/Src/usbd_ctlreq.c **** 
 2223              		.loc 1 1007 8 discriminator 2 view .LVU751
 2224 0026 4FF40073 		mov	r3, #512
 2225 002a F6E7     		b	.L173
 2226              	.LVL297:
 2227              	.L175:
1016:Middlewares/ST/STM32_USB_Device_Library/Core/Src/usbd_ctlreq.c ****     pdesc++;
 2228              		.loc 1 1016 5 is_stmt 1 view .LVU752
1016:Middlewares/ST/STM32_USB_Device_Library/Core/Src/usbd_ctlreq.c ****     pdesc++;
 2229              		.loc 1 1016 18 is_stmt 0 view .LVU753
 2230 002c EA54     		strb	r2, [r5, r3]
1017:Middlewares/ST/STM32_USB_Device_Library/Core/Src/usbd_ctlreq.c ****     idx++;
 2231              		.loc 1 1017 5 is_stmt 1 view .LVU754
1017:Middlewares/ST/STM32_USB_Device_Library/Core/Src/usbd_ctlreq.c ****     idx++;
 2232              		.loc 1 1017 10 is_stmt 0 view .LVU755
 2233 002e 0134     		adds	r4, r4, #1
 2234              	.LVL298:
1018:Middlewares/ST/STM32_USB_Device_Library/Core/Src/usbd_ctlreq.c **** 
 2235              		.loc 1 1018 5 is_stmt 1 view .LVU756
1018:Middlewares/ST/STM32_USB_Device_Library/Core/Src/usbd_ctlreq.c **** 
 2236              		.loc 1 1018 8 is_stmt 0 view .LVU757
 2237 0030 5A1C     		adds	r2, r3, #1
 2238 0032 D2B2     		uxtb	r2, r2
 2239              	.LVL299:
1020:Middlewares/ST/STM32_USB_Device_Library/Core/Src/usbd_ctlreq.c ****     idx++;
 2240              		.loc 1 1020 5 is_stmt 1 view .LVU758
1020:Middlewares/ST/STM32_USB_Device_Library/Core/Src/usbd_ctlreq.c ****     idx++;
 2241              		.loc 1 1020 18 is_stmt 0 view .LVU759
 2242 0034 0021     		movs	r1, #0
 2243 0036 A954     		strb	r1, [r5, r2]
1021:Middlewares/ST/STM32_USB_Device_Library/Core/Src/usbd_ctlreq.c ****   }
 2244              		.loc 1 1021 5 is_stmt 1 view .LVU760
1021:Middlewares/ST/STM32_USB_Device_Library/Core/Src/usbd_ctlreq.c ****   }
 2245              		.loc 1 1021 8 is_stmt 0 view .LVU761
 2246 0038 0233     		adds	r3, r3, #2
 2247 003a DBB2     		uxtb	r3, r3
 2248              	.LVL300:
 2249              	.L174:
1014:Middlewares/ST/STM32_USB_Device_Library/Core/Src/usbd_ctlreq.c ****   {
 2250              		.loc 1 1014 17 is_stmt 1 view .LVU762
1014:Middlewares/ST/STM32_USB_Device_Library/Core/Src/usbd_ctlreq.c ****   {
 2251              		.loc 1 1014 10 is_stmt 0 view .LVU763
 2252 003c 2278     		ldrb	r2, [r4]	@ zero_extendqisi2
1014:Middlewares/ST/STM32_USB_Device_Library/Core/Src/usbd_ctlreq.c ****   {
 2253              		.loc 1 1014 17 view .LVU764
 2254 003e 002A     		cmp	r2, #0
 2255 0040 F4D1     		bne	.L175
1023:Middlewares/ST/STM32_USB_Device_Library/Core/Src/usbd_ctlreq.c **** 
 2256              		.loc 1 1023 1 view .LVU765
ARM GAS  /tmp/ccDx2qBe.s 			page 79


 2257 0042 70BD     		pop	{r4, r5, r6, pc}
 2258              	.LVL301:
 2259              	.L178:
 2260              	.LCFI15:
 2261              		.cfi_def_cfa_offset 0
 2262              		.cfi_restore 4
 2263              		.cfi_restore 5
 2264              		.cfi_restore 6
 2265              		.cfi_restore 14
1023:Middlewares/ST/STM32_USB_Device_Library/Core/Src/usbd_ctlreq.c **** 
 2266              		.loc 1 1023 1 view .LVU766
 2267 0044 7047     		bx	lr
 2268              		.cfi_endproc
 2269              	.LFE400:
 2271              		.section	.bss.cfgidx.0,"aw",%nobits
 2274              	cfgidx.0:
 2275 0000 00       		.space	1
 2276              		.text
 2277              	.Letext0:
 2278              		.file 3 "/usr/lib/gcc/arm-none-eabi/13.2.1/include/stdint.h"
 2279              		.file 4 "Middlewares/ST/STM32_USB_Device_Library/Core/Inc/usbd_core.h"
 2280              		.file 5 "Middlewares/ST/STM32_USB_Device_Library/Core/Inc/usbd_ioreq.h"
 2281              		.file 6 "Drivers/STM32L4xx_HAL_Driver/Inc/stm32l4xx_ll_dma.h"
ARM GAS  /tmp/ccDx2qBe.s 			page 80


DEFINED SYMBOLS
                            *ABS*:00000000 usbd_ctlreq.c
     /tmp/ccDx2qBe.s:21     .text.USBD_GetLen:00000000 $t
     /tmp/ccDx2qBe.s:26     .text.USBD_GetLen:00000000 USBD_GetLen
     /tmp/ccDx2qBe.s:72     .text.USBD_ParseSetupRequest:00000000 $t
     /tmp/ccDx2qBe.s:78     .text.USBD_ParseSetupRequest:00000000 USBD_ParseSetupRequest
     /tmp/ccDx2qBe.s:199    .text.USBD_CtlError:00000000 $t
     /tmp/ccDx2qBe.s:205    .text.USBD_CtlError:00000000 USBD_CtlError
     /tmp/ccDx2qBe.s:240    .text.USBD_GetDescriptor:00000000 $t
     /tmp/ccDx2qBe.s:245    .text.USBD_GetDescriptor:00000000 USBD_GetDescriptor
     /tmp/ccDx2qBe.s:283    .text.USBD_GetDescriptor:0000001e $d
     /tmp/ccDx2qBe.s:432    .text.USBD_GetDescriptor:000000b0 $d
     /tmp/ccDx2qBe.s:438    .text.USBD_GetDescriptor:000000b6 $t
     /tmp/ccDx2qBe.s:713    .text.USBD_SetAddress:00000000 $t
     /tmp/ccDx2qBe.s:718    .text.USBD_SetAddress:00000000 USBD_SetAddress
     /tmp/ccDx2qBe.s:812    .text.USBD_SetConfig:00000000 $t
     /tmp/ccDx2qBe.s:817    .text.USBD_SetConfig:00000000 USBD_SetConfig
     /tmp/ccDx2qBe.s:1030   .text.USBD_SetConfig:000000c8 $d
     /tmp/ccDx2qBe.s:2274   .bss.cfgidx.0:00000000 cfgidx.0
     /tmp/ccDx2qBe.s:1035   .text.USBD_GetConfig:00000000 $t
     /tmp/ccDx2qBe.s:1040   .text.USBD_GetConfig:00000000 USBD_GetConfig
     /tmp/ccDx2qBe.s:1117   .text.USBD_GetStatus:00000000 $t
     /tmp/ccDx2qBe.s:1122   .text.USBD_GetStatus:00000000 USBD_GetStatus
     /tmp/ccDx2qBe.s:1193   .text.USBD_SetFeature:00000000 $t
     /tmp/ccDx2qBe.s:1198   .text.USBD_SetFeature:00000000 USBD_SetFeature
     /tmp/ccDx2qBe.s:1257   .text.USBD_ClrFeature:00000000 $t
     /tmp/ccDx2qBe.s:1262   .text.USBD_ClrFeature:00000000 USBD_ClrFeature
     /tmp/ccDx2qBe.s:1316   .text.USBD_StdDevReq:00000000 $t
     /tmp/ccDx2qBe.s:1322   .text.USBD_StdDevReq:00000000 USBD_StdDevReq
     /tmp/ccDx2qBe.s:1388   .text.USBD_StdDevReq:00000038 $d
     /tmp/ccDx2qBe.s:1398   .text.USBD_StdDevReq:00000042 $t
     /tmp/ccDx2qBe.s:1465   .text.USBD_StdItfReq:00000000 $t
     /tmp/ccDx2qBe.s:1471   .text.USBD_StdItfReq:00000000 USBD_StdItfReq
     /tmp/ccDx2qBe.s:1622   .text.USBD_StdEPReq:00000000 $t
     /tmp/ccDx2qBe.s:1628   .text.USBD_StdEPReq:00000000 USBD_StdEPReq
     /tmp/ccDx2qBe.s:2160   .text.USBD_GetString:00000000 $t
     /tmp/ccDx2qBe.s:2166   .text.USBD_GetString:00000000 USBD_GetString
     /tmp/ccDx2qBe.s:2275   .bss.cfgidx.0:00000000 $d
     /tmp/ccDx2qBe.s:298    .text.USBD_GetDescriptor:0000002d $d
     /tmp/ccDx2qBe.s:298    .text.USBD_GetDescriptor:0000002e $t

UNDEFINED SYMBOLS
USBD_LL_StallEP
USBD_CtlSendData
USBD_CtlSendStatus
USBD_LL_SetUSBAddress
USBD_ClrClassConfig
USBD_SetClassConfig
USBD_CoreFindIF
USBD_CoreFindEP
USBD_LL_ClearStallEP
USBD_LL_IsStallEP
