ARM GAS  /tmp/ccNbS6UW.s 			page 1


   1              		.cpu cortex-m4
   2              		.arch armv7e-m
   3              		.fpu fpv4-sp-d16
   4              		.eabi_attribute 27, 1
   5              		.eabi_attribute 28, 1
   6              		.eabi_attribute 20, 1
   7              		.eabi_attribute 21, 1
   8              		.eabi_attribute 23, 3
   9              		.eabi_attribute 24, 1
  10              		.eabi_attribute 25, 1
  11              		.eabi_attribute 26, 1
  12              		.eabi_attribute 30, 1
  13              		.eabi_attribute 34, 1
  14              		.eabi_attribute 18, 4
  15              		.file	"usbd_cdc.c"
  16              		.text
  17              	.Ltext0:
  18              		.cfi_sections	.debug_frame
  19              		.file 1 "Middlewares/ST/STM32_USB_Device_Library/Class/CDC/Src/usbd_cdc.c"
  20              		.section	.text.USBD_CDC_EP0_RxReady,"ax",%progbits
  21              		.align	1
  22              		.syntax unified
  23              		.thumb
  24              		.thumb_func
  26              	USBD_CDC_EP0_RxReady:
  27              	.LVL0:
  28              	.LFB393:
   1:Middlewares/ST/STM32_USB_Device_Library/Class/CDC/Src/usbd_cdc.c **** /**
   2:Middlewares/ST/STM32_USB_Device_Library/Class/CDC/Src/usbd_cdc.c ****   ******************************************************************************
   3:Middlewares/ST/STM32_USB_Device_Library/Class/CDC/Src/usbd_cdc.c ****   * @file    usbd_cdc.c
   4:Middlewares/ST/STM32_USB_Device_Library/Class/CDC/Src/usbd_cdc.c ****   * @author  MCD Application Team
   5:Middlewares/ST/STM32_USB_Device_Library/Class/CDC/Src/usbd_cdc.c ****   * @brief   This file provides the high layer firmware functions to manage the
   6:Middlewares/ST/STM32_USB_Device_Library/Class/CDC/Src/usbd_cdc.c ****   *          following functionalities of the USB CDC Class:
   7:Middlewares/ST/STM32_USB_Device_Library/Class/CDC/Src/usbd_cdc.c ****   *           - Initialization and Configuration of high and low layer
   8:Middlewares/ST/STM32_USB_Device_Library/Class/CDC/Src/usbd_cdc.c ****   *           - Enumeration as CDC Device (and enumeration for each implemented memory interface)
   9:Middlewares/ST/STM32_USB_Device_Library/Class/CDC/Src/usbd_cdc.c ****   *           - OUT/IN data transfer
  10:Middlewares/ST/STM32_USB_Device_Library/Class/CDC/Src/usbd_cdc.c ****   *           - Command IN transfer (class requests management)
  11:Middlewares/ST/STM32_USB_Device_Library/Class/CDC/Src/usbd_cdc.c ****   *           - Error management
  12:Middlewares/ST/STM32_USB_Device_Library/Class/CDC/Src/usbd_cdc.c ****   *
  13:Middlewares/ST/STM32_USB_Device_Library/Class/CDC/Src/usbd_cdc.c ****   ******************************************************************************
  14:Middlewares/ST/STM32_USB_Device_Library/Class/CDC/Src/usbd_cdc.c ****   * @attention
  15:Middlewares/ST/STM32_USB_Device_Library/Class/CDC/Src/usbd_cdc.c ****   *
  16:Middlewares/ST/STM32_USB_Device_Library/Class/CDC/Src/usbd_cdc.c ****   * Copyright (c) 2015 STMicroelectronics.
  17:Middlewares/ST/STM32_USB_Device_Library/Class/CDC/Src/usbd_cdc.c ****   * All rights reserved.
  18:Middlewares/ST/STM32_USB_Device_Library/Class/CDC/Src/usbd_cdc.c ****   *
  19:Middlewares/ST/STM32_USB_Device_Library/Class/CDC/Src/usbd_cdc.c ****   * This software is licensed under terms that can be found in the LICENSE file
  20:Middlewares/ST/STM32_USB_Device_Library/Class/CDC/Src/usbd_cdc.c ****   * in the root directory of this software component.
  21:Middlewares/ST/STM32_USB_Device_Library/Class/CDC/Src/usbd_cdc.c ****   * If no LICENSE file comes with this software, it is provided AS-IS.
  22:Middlewares/ST/STM32_USB_Device_Library/Class/CDC/Src/usbd_cdc.c ****   *
  23:Middlewares/ST/STM32_USB_Device_Library/Class/CDC/Src/usbd_cdc.c ****   ******************************************************************************
  24:Middlewares/ST/STM32_USB_Device_Library/Class/CDC/Src/usbd_cdc.c ****   *  @verbatim
  25:Middlewares/ST/STM32_USB_Device_Library/Class/CDC/Src/usbd_cdc.c ****   *
  26:Middlewares/ST/STM32_USB_Device_Library/Class/CDC/Src/usbd_cdc.c ****   *          ===================================================================
  27:Middlewares/ST/STM32_USB_Device_Library/Class/CDC/Src/usbd_cdc.c ****   *                                CDC Class Driver Description
  28:Middlewares/ST/STM32_USB_Device_Library/Class/CDC/Src/usbd_cdc.c ****   *          ===================================================================
  29:Middlewares/ST/STM32_USB_Device_Library/Class/CDC/Src/usbd_cdc.c ****   *           This driver manages the "Universal Serial Bus Class Definitions for Communications De
  30:Middlewares/ST/STM32_USB_Device_Library/Class/CDC/Src/usbd_cdc.c ****   *           Revision 1.2 November 16, 2007" and the sub-protocol specification of "Universal Seri
ARM GAS  /tmp/ccNbS6UW.s 			page 2


  31:Middlewares/ST/STM32_USB_Device_Library/Class/CDC/Src/usbd_cdc.c ****   *           Communications Class Subclass Specification for PSTN Devices Revision 1.2 February 9,
  32:Middlewares/ST/STM32_USB_Device_Library/Class/CDC/Src/usbd_cdc.c ****   *           This driver implements the following aspects of the specification:
  33:Middlewares/ST/STM32_USB_Device_Library/Class/CDC/Src/usbd_cdc.c ****   *             - Device descriptor management
  34:Middlewares/ST/STM32_USB_Device_Library/Class/CDC/Src/usbd_cdc.c ****   *             - Configuration descriptor management
  35:Middlewares/ST/STM32_USB_Device_Library/Class/CDC/Src/usbd_cdc.c ****   *             - Enumeration as CDC device with 2 data endpoints (IN and OUT) and 1 command endpoi
  36:Middlewares/ST/STM32_USB_Device_Library/Class/CDC/Src/usbd_cdc.c ****   *             - Requests management (as described in section 6.2 in specification)
  37:Middlewares/ST/STM32_USB_Device_Library/Class/CDC/Src/usbd_cdc.c ****   *             - Abstract Control Model compliant
  38:Middlewares/ST/STM32_USB_Device_Library/Class/CDC/Src/usbd_cdc.c ****   *             - Union Functional collection (using 1 IN endpoint for control)
  39:Middlewares/ST/STM32_USB_Device_Library/Class/CDC/Src/usbd_cdc.c ****   *             - Data interface class
  40:Middlewares/ST/STM32_USB_Device_Library/Class/CDC/Src/usbd_cdc.c ****   *
  41:Middlewares/ST/STM32_USB_Device_Library/Class/CDC/Src/usbd_cdc.c ****   *           These aspects may be enriched or modified for a specific user application.
  42:Middlewares/ST/STM32_USB_Device_Library/Class/CDC/Src/usbd_cdc.c ****   *
  43:Middlewares/ST/STM32_USB_Device_Library/Class/CDC/Src/usbd_cdc.c ****   *            This driver doesn't implement the following aspects of the specification
  44:Middlewares/ST/STM32_USB_Device_Library/Class/CDC/Src/usbd_cdc.c ****   *            (but it is possible to manage these features with some modifications on this driver)
  45:Middlewares/ST/STM32_USB_Device_Library/Class/CDC/Src/usbd_cdc.c ****   *             - Any class-specific aspect relative to communication classes should be managed by 
  46:Middlewares/ST/STM32_USB_Device_Library/Class/CDC/Src/usbd_cdc.c ****   *             - All communication classes other than PSTN are not managed
  47:Middlewares/ST/STM32_USB_Device_Library/Class/CDC/Src/usbd_cdc.c ****   *
  48:Middlewares/ST/STM32_USB_Device_Library/Class/CDC/Src/usbd_cdc.c ****   *  @endverbatim
  49:Middlewares/ST/STM32_USB_Device_Library/Class/CDC/Src/usbd_cdc.c ****   *
  50:Middlewares/ST/STM32_USB_Device_Library/Class/CDC/Src/usbd_cdc.c ****   ******************************************************************************
  51:Middlewares/ST/STM32_USB_Device_Library/Class/CDC/Src/usbd_cdc.c ****   */
  52:Middlewares/ST/STM32_USB_Device_Library/Class/CDC/Src/usbd_cdc.c **** 
  53:Middlewares/ST/STM32_USB_Device_Library/Class/CDC/Src/usbd_cdc.c **** /* BSPDependencies
  54:Middlewares/ST/STM32_USB_Device_Library/Class/CDC/Src/usbd_cdc.c **** - "stm32xxxxx_{eval}{discovery}{nucleo_144}.c"
  55:Middlewares/ST/STM32_USB_Device_Library/Class/CDC/Src/usbd_cdc.c **** - "stm32xxxxx_{eval}{discovery}_io.c"
  56:Middlewares/ST/STM32_USB_Device_Library/Class/CDC/Src/usbd_cdc.c **** EndBSPDependencies */
  57:Middlewares/ST/STM32_USB_Device_Library/Class/CDC/Src/usbd_cdc.c **** 
  58:Middlewares/ST/STM32_USB_Device_Library/Class/CDC/Src/usbd_cdc.c **** /* Includes ------------------------------------------------------------------*/
  59:Middlewares/ST/STM32_USB_Device_Library/Class/CDC/Src/usbd_cdc.c **** #include "usbd_cdc.h"
  60:Middlewares/ST/STM32_USB_Device_Library/Class/CDC/Src/usbd_cdc.c **** #include "usbd_ctlreq.h"
  61:Middlewares/ST/STM32_USB_Device_Library/Class/CDC/Src/usbd_cdc.c **** 
  62:Middlewares/ST/STM32_USB_Device_Library/Class/CDC/Src/usbd_cdc.c **** 
  63:Middlewares/ST/STM32_USB_Device_Library/Class/CDC/Src/usbd_cdc.c **** /** @addtogroup STM32_USB_DEVICE_LIBRARY
  64:Middlewares/ST/STM32_USB_Device_Library/Class/CDC/Src/usbd_cdc.c ****   * @{
  65:Middlewares/ST/STM32_USB_Device_Library/Class/CDC/Src/usbd_cdc.c ****   */
  66:Middlewares/ST/STM32_USB_Device_Library/Class/CDC/Src/usbd_cdc.c **** 
  67:Middlewares/ST/STM32_USB_Device_Library/Class/CDC/Src/usbd_cdc.c **** 
  68:Middlewares/ST/STM32_USB_Device_Library/Class/CDC/Src/usbd_cdc.c **** /** @defgroup USBD_CDC
  69:Middlewares/ST/STM32_USB_Device_Library/Class/CDC/Src/usbd_cdc.c ****   * @brief usbd core module
  70:Middlewares/ST/STM32_USB_Device_Library/Class/CDC/Src/usbd_cdc.c ****   * @{
  71:Middlewares/ST/STM32_USB_Device_Library/Class/CDC/Src/usbd_cdc.c ****   */
  72:Middlewares/ST/STM32_USB_Device_Library/Class/CDC/Src/usbd_cdc.c **** 
  73:Middlewares/ST/STM32_USB_Device_Library/Class/CDC/Src/usbd_cdc.c **** /** @defgroup USBD_CDC_Private_TypesDefinitions
  74:Middlewares/ST/STM32_USB_Device_Library/Class/CDC/Src/usbd_cdc.c ****   * @{
  75:Middlewares/ST/STM32_USB_Device_Library/Class/CDC/Src/usbd_cdc.c ****   */
  76:Middlewares/ST/STM32_USB_Device_Library/Class/CDC/Src/usbd_cdc.c **** /**
  77:Middlewares/ST/STM32_USB_Device_Library/Class/CDC/Src/usbd_cdc.c ****   * @}
  78:Middlewares/ST/STM32_USB_Device_Library/Class/CDC/Src/usbd_cdc.c ****   */
  79:Middlewares/ST/STM32_USB_Device_Library/Class/CDC/Src/usbd_cdc.c **** 
  80:Middlewares/ST/STM32_USB_Device_Library/Class/CDC/Src/usbd_cdc.c **** 
  81:Middlewares/ST/STM32_USB_Device_Library/Class/CDC/Src/usbd_cdc.c **** /** @defgroup USBD_CDC_Private_Defines
  82:Middlewares/ST/STM32_USB_Device_Library/Class/CDC/Src/usbd_cdc.c ****   * @{
  83:Middlewares/ST/STM32_USB_Device_Library/Class/CDC/Src/usbd_cdc.c ****   */
  84:Middlewares/ST/STM32_USB_Device_Library/Class/CDC/Src/usbd_cdc.c **** /**
  85:Middlewares/ST/STM32_USB_Device_Library/Class/CDC/Src/usbd_cdc.c ****   * @}
  86:Middlewares/ST/STM32_USB_Device_Library/Class/CDC/Src/usbd_cdc.c ****   */
  87:Middlewares/ST/STM32_USB_Device_Library/Class/CDC/Src/usbd_cdc.c **** 
ARM GAS  /tmp/ccNbS6UW.s 			page 3


  88:Middlewares/ST/STM32_USB_Device_Library/Class/CDC/Src/usbd_cdc.c **** 
  89:Middlewares/ST/STM32_USB_Device_Library/Class/CDC/Src/usbd_cdc.c **** /** @defgroup USBD_CDC_Private_Macros
  90:Middlewares/ST/STM32_USB_Device_Library/Class/CDC/Src/usbd_cdc.c ****   * @{
  91:Middlewares/ST/STM32_USB_Device_Library/Class/CDC/Src/usbd_cdc.c ****   */
  92:Middlewares/ST/STM32_USB_Device_Library/Class/CDC/Src/usbd_cdc.c **** 
  93:Middlewares/ST/STM32_USB_Device_Library/Class/CDC/Src/usbd_cdc.c **** /**
  94:Middlewares/ST/STM32_USB_Device_Library/Class/CDC/Src/usbd_cdc.c ****   * @}
  95:Middlewares/ST/STM32_USB_Device_Library/Class/CDC/Src/usbd_cdc.c ****   */
  96:Middlewares/ST/STM32_USB_Device_Library/Class/CDC/Src/usbd_cdc.c **** 
  97:Middlewares/ST/STM32_USB_Device_Library/Class/CDC/Src/usbd_cdc.c **** 
  98:Middlewares/ST/STM32_USB_Device_Library/Class/CDC/Src/usbd_cdc.c **** /** @defgroup USBD_CDC_Private_FunctionPrototypes
  99:Middlewares/ST/STM32_USB_Device_Library/Class/CDC/Src/usbd_cdc.c ****   * @{
 100:Middlewares/ST/STM32_USB_Device_Library/Class/CDC/Src/usbd_cdc.c ****   */
 101:Middlewares/ST/STM32_USB_Device_Library/Class/CDC/Src/usbd_cdc.c **** 
 102:Middlewares/ST/STM32_USB_Device_Library/Class/CDC/Src/usbd_cdc.c **** static uint8_t USBD_CDC_Init(USBD_HandleTypeDef *pdev, uint8_t cfgidx);
 103:Middlewares/ST/STM32_USB_Device_Library/Class/CDC/Src/usbd_cdc.c **** static uint8_t USBD_CDC_DeInit(USBD_HandleTypeDef *pdev, uint8_t cfgidx);
 104:Middlewares/ST/STM32_USB_Device_Library/Class/CDC/Src/usbd_cdc.c **** static uint8_t USBD_CDC_Setup(USBD_HandleTypeDef *pdev, USBD_SetupReqTypedef *req);
 105:Middlewares/ST/STM32_USB_Device_Library/Class/CDC/Src/usbd_cdc.c **** static uint8_t USBD_CDC_DataIn(USBD_HandleTypeDef *pdev, uint8_t epnum);
 106:Middlewares/ST/STM32_USB_Device_Library/Class/CDC/Src/usbd_cdc.c **** static uint8_t USBD_CDC_DataOut(USBD_HandleTypeDef *pdev, uint8_t epnum);
 107:Middlewares/ST/STM32_USB_Device_Library/Class/CDC/Src/usbd_cdc.c **** static uint8_t USBD_CDC_EP0_RxReady(USBD_HandleTypeDef *pdev);
 108:Middlewares/ST/STM32_USB_Device_Library/Class/CDC/Src/usbd_cdc.c **** #ifndef USE_USBD_COMPOSITE
 109:Middlewares/ST/STM32_USB_Device_Library/Class/CDC/Src/usbd_cdc.c **** static uint8_t *USBD_CDC_GetFSCfgDesc(uint16_t *length);
 110:Middlewares/ST/STM32_USB_Device_Library/Class/CDC/Src/usbd_cdc.c **** static uint8_t *USBD_CDC_GetHSCfgDesc(uint16_t *length);
 111:Middlewares/ST/STM32_USB_Device_Library/Class/CDC/Src/usbd_cdc.c **** static uint8_t *USBD_CDC_GetOtherSpeedCfgDesc(uint16_t *length);
 112:Middlewares/ST/STM32_USB_Device_Library/Class/CDC/Src/usbd_cdc.c **** uint8_t *USBD_CDC_GetDeviceQualifierDescriptor(uint16_t *length);
 113:Middlewares/ST/STM32_USB_Device_Library/Class/CDC/Src/usbd_cdc.c **** #endif /* USE_USBD_COMPOSITE  */
 114:Middlewares/ST/STM32_USB_Device_Library/Class/CDC/Src/usbd_cdc.c **** 
 115:Middlewares/ST/STM32_USB_Device_Library/Class/CDC/Src/usbd_cdc.c **** #ifndef USE_USBD_COMPOSITE
 116:Middlewares/ST/STM32_USB_Device_Library/Class/CDC/Src/usbd_cdc.c **** /* USB Standard Device Descriptor */
 117:Middlewares/ST/STM32_USB_Device_Library/Class/CDC/Src/usbd_cdc.c **** __ALIGN_BEGIN static uint8_t USBD_CDC_DeviceQualifierDesc[USB_LEN_DEV_QUALIFIER_DESC] __ALIGN_END =
 118:Middlewares/ST/STM32_USB_Device_Library/Class/CDC/Src/usbd_cdc.c **** {
 119:Middlewares/ST/STM32_USB_Device_Library/Class/CDC/Src/usbd_cdc.c ****   USB_LEN_DEV_QUALIFIER_DESC,
 120:Middlewares/ST/STM32_USB_Device_Library/Class/CDC/Src/usbd_cdc.c ****   USB_DESC_TYPE_DEVICE_QUALIFIER,
 121:Middlewares/ST/STM32_USB_Device_Library/Class/CDC/Src/usbd_cdc.c ****   0x00,
 122:Middlewares/ST/STM32_USB_Device_Library/Class/CDC/Src/usbd_cdc.c ****   0x02,
 123:Middlewares/ST/STM32_USB_Device_Library/Class/CDC/Src/usbd_cdc.c ****   0x00,
 124:Middlewares/ST/STM32_USB_Device_Library/Class/CDC/Src/usbd_cdc.c ****   0x00,
 125:Middlewares/ST/STM32_USB_Device_Library/Class/CDC/Src/usbd_cdc.c ****   0x00,
 126:Middlewares/ST/STM32_USB_Device_Library/Class/CDC/Src/usbd_cdc.c ****   0x40,
 127:Middlewares/ST/STM32_USB_Device_Library/Class/CDC/Src/usbd_cdc.c ****   0x01,
 128:Middlewares/ST/STM32_USB_Device_Library/Class/CDC/Src/usbd_cdc.c ****   0x00,
 129:Middlewares/ST/STM32_USB_Device_Library/Class/CDC/Src/usbd_cdc.c **** };
 130:Middlewares/ST/STM32_USB_Device_Library/Class/CDC/Src/usbd_cdc.c **** #endif /* USE_USBD_COMPOSITE  */
 131:Middlewares/ST/STM32_USB_Device_Library/Class/CDC/Src/usbd_cdc.c **** /**
 132:Middlewares/ST/STM32_USB_Device_Library/Class/CDC/Src/usbd_cdc.c ****   * @}
 133:Middlewares/ST/STM32_USB_Device_Library/Class/CDC/Src/usbd_cdc.c ****   */
 134:Middlewares/ST/STM32_USB_Device_Library/Class/CDC/Src/usbd_cdc.c **** 
 135:Middlewares/ST/STM32_USB_Device_Library/Class/CDC/Src/usbd_cdc.c **** /** @defgroup USBD_CDC_Private_Variables
 136:Middlewares/ST/STM32_USB_Device_Library/Class/CDC/Src/usbd_cdc.c ****   * @{
 137:Middlewares/ST/STM32_USB_Device_Library/Class/CDC/Src/usbd_cdc.c ****   */
 138:Middlewares/ST/STM32_USB_Device_Library/Class/CDC/Src/usbd_cdc.c **** 
 139:Middlewares/ST/STM32_USB_Device_Library/Class/CDC/Src/usbd_cdc.c **** 
 140:Middlewares/ST/STM32_USB_Device_Library/Class/CDC/Src/usbd_cdc.c **** /* CDC interface class callbacks structure */
 141:Middlewares/ST/STM32_USB_Device_Library/Class/CDC/Src/usbd_cdc.c **** USBD_ClassTypeDef  USBD_CDC =
 142:Middlewares/ST/STM32_USB_Device_Library/Class/CDC/Src/usbd_cdc.c **** {
 143:Middlewares/ST/STM32_USB_Device_Library/Class/CDC/Src/usbd_cdc.c ****   USBD_CDC_Init,
 144:Middlewares/ST/STM32_USB_Device_Library/Class/CDC/Src/usbd_cdc.c ****   USBD_CDC_DeInit,
ARM GAS  /tmp/ccNbS6UW.s 			page 4


 145:Middlewares/ST/STM32_USB_Device_Library/Class/CDC/Src/usbd_cdc.c ****   USBD_CDC_Setup,
 146:Middlewares/ST/STM32_USB_Device_Library/Class/CDC/Src/usbd_cdc.c ****   NULL,                 /* EP0_TxSent */
 147:Middlewares/ST/STM32_USB_Device_Library/Class/CDC/Src/usbd_cdc.c ****   USBD_CDC_EP0_RxReady,
 148:Middlewares/ST/STM32_USB_Device_Library/Class/CDC/Src/usbd_cdc.c ****   USBD_CDC_DataIn,
 149:Middlewares/ST/STM32_USB_Device_Library/Class/CDC/Src/usbd_cdc.c ****   USBD_CDC_DataOut,
 150:Middlewares/ST/STM32_USB_Device_Library/Class/CDC/Src/usbd_cdc.c ****   NULL,
 151:Middlewares/ST/STM32_USB_Device_Library/Class/CDC/Src/usbd_cdc.c ****   NULL,
 152:Middlewares/ST/STM32_USB_Device_Library/Class/CDC/Src/usbd_cdc.c ****   NULL,
 153:Middlewares/ST/STM32_USB_Device_Library/Class/CDC/Src/usbd_cdc.c **** #ifdef USE_USBD_COMPOSITE
 154:Middlewares/ST/STM32_USB_Device_Library/Class/CDC/Src/usbd_cdc.c ****   NULL,
 155:Middlewares/ST/STM32_USB_Device_Library/Class/CDC/Src/usbd_cdc.c ****   NULL,
 156:Middlewares/ST/STM32_USB_Device_Library/Class/CDC/Src/usbd_cdc.c ****   NULL,
 157:Middlewares/ST/STM32_USB_Device_Library/Class/CDC/Src/usbd_cdc.c ****   NULL,
 158:Middlewares/ST/STM32_USB_Device_Library/Class/CDC/Src/usbd_cdc.c **** #else
 159:Middlewares/ST/STM32_USB_Device_Library/Class/CDC/Src/usbd_cdc.c ****   USBD_CDC_GetHSCfgDesc,
 160:Middlewares/ST/STM32_USB_Device_Library/Class/CDC/Src/usbd_cdc.c ****   USBD_CDC_GetFSCfgDesc,
 161:Middlewares/ST/STM32_USB_Device_Library/Class/CDC/Src/usbd_cdc.c ****   USBD_CDC_GetOtherSpeedCfgDesc,
 162:Middlewares/ST/STM32_USB_Device_Library/Class/CDC/Src/usbd_cdc.c ****   USBD_CDC_GetDeviceQualifierDescriptor,
 163:Middlewares/ST/STM32_USB_Device_Library/Class/CDC/Src/usbd_cdc.c **** #endif /* USE_USBD_COMPOSITE  */
 164:Middlewares/ST/STM32_USB_Device_Library/Class/CDC/Src/usbd_cdc.c **** #if (USBD_SUPPORT_USER_STRING_DESC == 1U)
 165:Middlewares/ST/STM32_USB_Device_Library/Class/CDC/Src/usbd_cdc.c ****   NULL,
 166:Middlewares/ST/STM32_USB_Device_Library/Class/CDC/Src/usbd_cdc.c **** #endif /* USBD_SUPPORT_USER_STRING_DESC  */
 167:Middlewares/ST/STM32_USB_Device_Library/Class/CDC/Src/usbd_cdc.c **** };
 168:Middlewares/ST/STM32_USB_Device_Library/Class/CDC/Src/usbd_cdc.c **** 
 169:Middlewares/ST/STM32_USB_Device_Library/Class/CDC/Src/usbd_cdc.c **** #ifndef USE_USBD_COMPOSITE
 170:Middlewares/ST/STM32_USB_Device_Library/Class/CDC/Src/usbd_cdc.c **** /* USB CDC device Configuration Descriptor */
 171:Middlewares/ST/STM32_USB_Device_Library/Class/CDC/Src/usbd_cdc.c **** __ALIGN_BEGIN static uint8_t USBD_CDC_CfgDesc[USB_CDC_CONFIG_DESC_SIZ] __ALIGN_END =
 172:Middlewares/ST/STM32_USB_Device_Library/Class/CDC/Src/usbd_cdc.c **** {
 173:Middlewares/ST/STM32_USB_Device_Library/Class/CDC/Src/usbd_cdc.c ****   /* Configuration Descriptor */
 174:Middlewares/ST/STM32_USB_Device_Library/Class/CDC/Src/usbd_cdc.c ****   0x09,                                       /* bLength: Configuration Descriptor size */
 175:Middlewares/ST/STM32_USB_Device_Library/Class/CDC/Src/usbd_cdc.c ****   USB_DESC_TYPE_CONFIGURATION,                /* bDescriptorType: Configuration */
 176:Middlewares/ST/STM32_USB_Device_Library/Class/CDC/Src/usbd_cdc.c ****   USB_CDC_CONFIG_DESC_SIZ,                    /* wTotalLength */
 177:Middlewares/ST/STM32_USB_Device_Library/Class/CDC/Src/usbd_cdc.c ****   0x00,
 178:Middlewares/ST/STM32_USB_Device_Library/Class/CDC/Src/usbd_cdc.c ****   0x02,                                       /* bNumInterfaces: 2 interfaces */
 179:Middlewares/ST/STM32_USB_Device_Library/Class/CDC/Src/usbd_cdc.c ****   0x01,                                       /* bConfigurationValue: Configuration value */
 180:Middlewares/ST/STM32_USB_Device_Library/Class/CDC/Src/usbd_cdc.c ****   0x00,                                       /* iConfiguration: Index of string descriptor
 181:Middlewares/ST/STM32_USB_Device_Library/Class/CDC/Src/usbd_cdc.c ****                                                  describing the configuration */
 182:Middlewares/ST/STM32_USB_Device_Library/Class/CDC/Src/usbd_cdc.c **** #if (USBD_SELF_POWERED == 1U)
 183:Middlewares/ST/STM32_USB_Device_Library/Class/CDC/Src/usbd_cdc.c ****   0xC0,                                       /* bmAttributes: Bus Powered according to user config
 184:Middlewares/ST/STM32_USB_Device_Library/Class/CDC/Src/usbd_cdc.c **** #else
 185:Middlewares/ST/STM32_USB_Device_Library/Class/CDC/Src/usbd_cdc.c ****   0x80,                                       /* bmAttributes: Bus Powered according to user config
 186:Middlewares/ST/STM32_USB_Device_Library/Class/CDC/Src/usbd_cdc.c **** #endif /* USBD_SELF_POWERED */
 187:Middlewares/ST/STM32_USB_Device_Library/Class/CDC/Src/usbd_cdc.c ****   USBD_MAX_POWER,                             /* MaxPower (mA) */
 188:Middlewares/ST/STM32_USB_Device_Library/Class/CDC/Src/usbd_cdc.c **** 
 189:Middlewares/ST/STM32_USB_Device_Library/Class/CDC/Src/usbd_cdc.c ****   /*---------------------------------------------------------------------------*/
 190:Middlewares/ST/STM32_USB_Device_Library/Class/CDC/Src/usbd_cdc.c **** 
 191:Middlewares/ST/STM32_USB_Device_Library/Class/CDC/Src/usbd_cdc.c ****   /* Interface Descriptor */
 192:Middlewares/ST/STM32_USB_Device_Library/Class/CDC/Src/usbd_cdc.c ****   0x09,                                       /* bLength: Interface Descriptor size */
 193:Middlewares/ST/STM32_USB_Device_Library/Class/CDC/Src/usbd_cdc.c ****   USB_DESC_TYPE_INTERFACE,                    /* bDescriptorType: Interface */
 194:Middlewares/ST/STM32_USB_Device_Library/Class/CDC/Src/usbd_cdc.c ****   /* Interface descriptor type */
 195:Middlewares/ST/STM32_USB_Device_Library/Class/CDC/Src/usbd_cdc.c ****   0x00,                                       /* bInterfaceNumber: Number of Interface */
 196:Middlewares/ST/STM32_USB_Device_Library/Class/CDC/Src/usbd_cdc.c ****   0x00,                                       /* bAlternateSetting: Alternate setting */
 197:Middlewares/ST/STM32_USB_Device_Library/Class/CDC/Src/usbd_cdc.c ****   0x01,                                       /* bNumEndpoints: One endpoint used */
 198:Middlewares/ST/STM32_USB_Device_Library/Class/CDC/Src/usbd_cdc.c ****   0x02,                                       /* bInterfaceClass: Communication Interface Class */
 199:Middlewares/ST/STM32_USB_Device_Library/Class/CDC/Src/usbd_cdc.c ****   0x02,                                       /* bInterfaceSubClass: Abstract Control Model */
 200:Middlewares/ST/STM32_USB_Device_Library/Class/CDC/Src/usbd_cdc.c ****   0x01,                                       /* bInterfaceProtocol: Common AT commands */
 201:Middlewares/ST/STM32_USB_Device_Library/Class/CDC/Src/usbd_cdc.c ****   0x00,                                       /* iInterface */
ARM GAS  /tmp/ccNbS6UW.s 			page 5


 202:Middlewares/ST/STM32_USB_Device_Library/Class/CDC/Src/usbd_cdc.c **** 
 203:Middlewares/ST/STM32_USB_Device_Library/Class/CDC/Src/usbd_cdc.c ****   /* Header Functional Descriptor */
 204:Middlewares/ST/STM32_USB_Device_Library/Class/CDC/Src/usbd_cdc.c ****   0x05,                                       /* bLength: Endpoint Descriptor size */
 205:Middlewares/ST/STM32_USB_Device_Library/Class/CDC/Src/usbd_cdc.c ****   0x24,                                       /* bDescriptorType: CS_INTERFACE */
 206:Middlewares/ST/STM32_USB_Device_Library/Class/CDC/Src/usbd_cdc.c ****   0x00,                                       /* bDescriptorSubtype: Header Func Desc */
 207:Middlewares/ST/STM32_USB_Device_Library/Class/CDC/Src/usbd_cdc.c ****   0x10,                                       /* bcdCDC: spec release number */
 208:Middlewares/ST/STM32_USB_Device_Library/Class/CDC/Src/usbd_cdc.c ****   0x01,
 209:Middlewares/ST/STM32_USB_Device_Library/Class/CDC/Src/usbd_cdc.c **** 
 210:Middlewares/ST/STM32_USB_Device_Library/Class/CDC/Src/usbd_cdc.c ****   /* Call Management Functional Descriptor */
 211:Middlewares/ST/STM32_USB_Device_Library/Class/CDC/Src/usbd_cdc.c ****   0x05,                                       /* bFunctionLength */
 212:Middlewares/ST/STM32_USB_Device_Library/Class/CDC/Src/usbd_cdc.c ****   0x24,                                       /* bDescriptorType: CS_INTERFACE */
 213:Middlewares/ST/STM32_USB_Device_Library/Class/CDC/Src/usbd_cdc.c ****   0x01,                                       /* bDescriptorSubtype: Call Management Func Desc */
 214:Middlewares/ST/STM32_USB_Device_Library/Class/CDC/Src/usbd_cdc.c ****   0x00,                                       /* bmCapabilities: D0+D1 */
 215:Middlewares/ST/STM32_USB_Device_Library/Class/CDC/Src/usbd_cdc.c ****   0x01,                                       /* bDataInterface */
 216:Middlewares/ST/STM32_USB_Device_Library/Class/CDC/Src/usbd_cdc.c **** 
 217:Middlewares/ST/STM32_USB_Device_Library/Class/CDC/Src/usbd_cdc.c ****   /* ACM Functional Descriptor */
 218:Middlewares/ST/STM32_USB_Device_Library/Class/CDC/Src/usbd_cdc.c ****   0x04,                                       /* bFunctionLength */
 219:Middlewares/ST/STM32_USB_Device_Library/Class/CDC/Src/usbd_cdc.c ****   0x24,                                       /* bDescriptorType: CS_INTERFACE */
 220:Middlewares/ST/STM32_USB_Device_Library/Class/CDC/Src/usbd_cdc.c ****   0x02,                                       /* bDescriptorSubtype: Abstract Control Management de
 221:Middlewares/ST/STM32_USB_Device_Library/Class/CDC/Src/usbd_cdc.c ****   0x02,                                       /* bmCapabilities */
 222:Middlewares/ST/STM32_USB_Device_Library/Class/CDC/Src/usbd_cdc.c **** 
 223:Middlewares/ST/STM32_USB_Device_Library/Class/CDC/Src/usbd_cdc.c ****   /* Union Functional Descriptor */
 224:Middlewares/ST/STM32_USB_Device_Library/Class/CDC/Src/usbd_cdc.c ****   0x05,                                       /* bFunctionLength */
 225:Middlewares/ST/STM32_USB_Device_Library/Class/CDC/Src/usbd_cdc.c ****   0x24,                                       /* bDescriptorType: CS_INTERFACE */
 226:Middlewares/ST/STM32_USB_Device_Library/Class/CDC/Src/usbd_cdc.c ****   0x06,                                       /* bDescriptorSubtype: Union func desc */
 227:Middlewares/ST/STM32_USB_Device_Library/Class/CDC/Src/usbd_cdc.c ****   0x00,                                       /* bMasterInterface: Communication class interface */
 228:Middlewares/ST/STM32_USB_Device_Library/Class/CDC/Src/usbd_cdc.c ****   0x01,                                       /* bSlaveInterface0: Data Class Interface */
 229:Middlewares/ST/STM32_USB_Device_Library/Class/CDC/Src/usbd_cdc.c **** 
 230:Middlewares/ST/STM32_USB_Device_Library/Class/CDC/Src/usbd_cdc.c ****   /* Endpoint 2 Descriptor */
 231:Middlewares/ST/STM32_USB_Device_Library/Class/CDC/Src/usbd_cdc.c ****   0x07,                                       /* bLength: Endpoint Descriptor size */
 232:Middlewares/ST/STM32_USB_Device_Library/Class/CDC/Src/usbd_cdc.c ****   USB_DESC_TYPE_ENDPOINT,                     /* bDescriptorType: Endpoint */
 233:Middlewares/ST/STM32_USB_Device_Library/Class/CDC/Src/usbd_cdc.c ****   CDC_CMD_EP,                                 /* bEndpointAddress */
 234:Middlewares/ST/STM32_USB_Device_Library/Class/CDC/Src/usbd_cdc.c ****   0x03,                                       /* bmAttributes: Interrupt */
 235:Middlewares/ST/STM32_USB_Device_Library/Class/CDC/Src/usbd_cdc.c ****   LOBYTE(CDC_CMD_PACKET_SIZE),                /* wMaxPacketSize */
 236:Middlewares/ST/STM32_USB_Device_Library/Class/CDC/Src/usbd_cdc.c ****   HIBYTE(CDC_CMD_PACKET_SIZE),
 237:Middlewares/ST/STM32_USB_Device_Library/Class/CDC/Src/usbd_cdc.c ****   CDC_FS_BINTERVAL,                           /* bInterval */
 238:Middlewares/ST/STM32_USB_Device_Library/Class/CDC/Src/usbd_cdc.c ****   /*---------------------------------------------------------------------------*/
 239:Middlewares/ST/STM32_USB_Device_Library/Class/CDC/Src/usbd_cdc.c **** 
 240:Middlewares/ST/STM32_USB_Device_Library/Class/CDC/Src/usbd_cdc.c ****   /* Data class interface descriptor */
 241:Middlewares/ST/STM32_USB_Device_Library/Class/CDC/Src/usbd_cdc.c ****   0x09,                                       /* bLength: Endpoint Descriptor size */
 242:Middlewares/ST/STM32_USB_Device_Library/Class/CDC/Src/usbd_cdc.c ****   USB_DESC_TYPE_INTERFACE,                    /* bDescriptorType: */
 243:Middlewares/ST/STM32_USB_Device_Library/Class/CDC/Src/usbd_cdc.c ****   0x01,                                       /* bInterfaceNumber: Number of Interface */
 244:Middlewares/ST/STM32_USB_Device_Library/Class/CDC/Src/usbd_cdc.c ****   0x00,                                       /* bAlternateSetting: Alternate setting */
 245:Middlewares/ST/STM32_USB_Device_Library/Class/CDC/Src/usbd_cdc.c ****   0x02,                                       /* bNumEndpoints: Two endpoints used */
 246:Middlewares/ST/STM32_USB_Device_Library/Class/CDC/Src/usbd_cdc.c ****   0x0A,                                       /* bInterfaceClass: CDC */
 247:Middlewares/ST/STM32_USB_Device_Library/Class/CDC/Src/usbd_cdc.c ****   0x00,                                       /* bInterfaceSubClass */
 248:Middlewares/ST/STM32_USB_Device_Library/Class/CDC/Src/usbd_cdc.c ****   0x00,                                       /* bInterfaceProtocol */
 249:Middlewares/ST/STM32_USB_Device_Library/Class/CDC/Src/usbd_cdc.c ****   0x00,                                       /* iInterface */
 250:Middlewares/ST/STM32_USB_Device_Library/Class/CDC/Src/usbd_cdc.c **** 
 251:Middlewares/ST/STM32_USB_Device_Library/Class/CDC/Src/usbd_cdc.c ****   /* Endpoint OUT Descriptor */
 252:Middlewares/ST/STM32_USB_Device_Library/Class/CDC/Src/usbd_cdc.c ****   0x07,                                       /* bLength: Endpoint Descriptor size */
 253:Middlewares/ST/STM32_USB_Device_Library/Class/CDC/Src/usbd_cdc.c ****   USB_DESC_TYPE_ENDPOINT,                     /* bDescriptorType: Endpoint */
 254:Middlewares/ST/STM32_USB_Device_Library/Class/CDC/Src/usbd_cdc.c ****   CDC_OUT_EP,                                 /* bEndpointAddress */
 255:Middlewares/ST/STM32_USB_Device_Library/Class/CDC/Src/usbd_cdc.c ****   0x02,                                       /* bmAttributes: Bulk */
 256:Middlewares/ST/STM32_USB_Device_Library/Class/CDC/Src/usbd_cdc.c ****   LOBYTE(CDC_DATA_FS_MAX_PACKET_SIZE),        /* wMaxPacketSize */
 257:Middlewares/ST/STM32_USB_Device_Library/Class/CDC/Src/usbd_cdc.c ****   HIBYTE(CDC_DATA_FS_MAX_PACKET_SIZE),
 258:Middlewares/ST/STM32_USB_Device_Library/Class/CDC/Src/usbd_cdc.c ****   0x00,                                       /* bInterval */
ARM GAS  /tmp/ccNbS6UW.s 			page 6


 259:Middlewares/ST/STM32_USB_Device_Library/Class/CDC/Src/usbd_cdc.c **** 
 260:Middlewares/ST/STM32_USB_Device_Library/Class/CDC/Src/usbd_cdc.c ****   /* Endpoint IN Descriptor */
 261:Middlewares/ST/STM32_USB_Device_Library/Class/CDC/Src/usbd_cdc.c ****   0x07,                                       /* bLength: Endpoint Descriptor size */
 262:Middlewares/ST/STM32_USB_Device_Library/Class/CDC/Src/usbd_cdc.c ****   USB_DESC_TYPE_ENDPOINT,                     /* bDescriptorType: Endpoint */
 263:Middlewares/ST/STM32_USB_Device_Library/Class/CDC/Src/usbd_cdc.c ****   CDC_IN_EP,                                  /* bEndpointAddress */
 264:Middlewares/ST/STM32_USB_Device_Library/Class/CDC/Src/usbd_cdc.c ****   0x02,                                       /* bmAttributes: Bulk */
 265:Middlewares/ST/STM32_USB_Device_Library/Class/CDC/Src/usbd_cdc.c ****   LOBYTE(CDC_DATA_FS_MAX_PACKET_SIZE),        /* wMaxPacketSize */
 266:Middlewares/ST/STM32_USB_Device_Library/Class/CDC/Src/usbd_cdc.c ****   HIBYTE(CDC_DATA_FS_MAX_PACKET_SIZE),
 267:Middlewares/ST/STM32_USB_Device_Library/Class/CDC/Src/usbd_cdc.c ****   0x00                                        /* bInterval */
 268:Middlewares/ST/STM32_USB_Device_Library/Class/CDC/Src/usbd_cdc.c **** };
 269:Middlewares/ST/STM32_USB_Device_Library/Class/CDC/Src/usbd_cdc.c **** #endif /* USE_USBD_COMPOSITE  */
 270:Middlewares/ST/STM32_USB_Device_Library/Class/CDC/Src/usbd_cdc.c **** 
 271:Middlewares/ST/STM32_USB_Device_Library/Class/CDC/Src/usbd_cdc.c **** static uint8_t CDCInEpAdd = CDC_IN_EP;
 272:Middlewares/ST/STM32_USB_Device_Library/Class/CDC/Src/usbd_cdc.c **** static uint8_t CDCOutEpAdd = CDC_OUT_EP;
 273:Middlewares/ST/STM32_USB_Device_Library/Class/CDC/Src/usbd_cdc.c **** static uint8_t CDCCmdEpAdd = CDC_CMD_EP;
 274:Middlewares/ST/STM32_USB_Device_Library/Class/CDC/Src/usbd_cdc.c **** 
 275:Middlewares/ST/STM32_USB_Device_Library/Class/CDC/Src/usbd_cdc.c **** /**
 276:Middlewares/ST/STM32_USB_Device_Library/Class/CDC/Src/usbd_cdc.c ****   * @}
 277:Middlewares/ST/STM32_USB_Device_Library/Class/CDC/Src/usbd_cdc.c ****   */
 278:Middlewares/ST/STM32_USB_Device_Library/Class/CDC/Src/usbd_cdc.c **** 
 279:Middlewares/ST/STM32_USB_Device_Library/Class/CDC/Src/usbd_cdc.c **** /** @defgroup USBD_CDC_Private_Functions
 280:Middlewares/ST/STM32_USB_Device_Library/Class/CDC/Src/usbd_cdc.c ****   * @{
 281:Middlewares/ST/STM32_USB_Device_Library/Class/CDC/Src/usbd_cdc.c ****   */
 282:Middlewares/ST/STM32_USB_Device_Library/Class/CDC/Src/usbd_cdc.c **** 
 283:Middlewares/ST/STM32_USB_Device_Library/Class/CDC/Src/usbd_cdc.c **** /**
 284:Middlewares/ST/STM32_USB_Device_Library/Class/CDC/Src/usbd_cdc.c ****   * @brief  USBD_CDC_Init
 285:Middlewares/ST/STM32_USB_Device_Library/Class/CDC/Src/usbd_cdc.c ****   *         Initialize the CDC interface
 286:Middlewares/ST/STM32_USB_Device_Library/Class/CDC/Src/usbd_cdc.c ****   * @param  pdev: device instance
 287:Middlewares/ST/STM32_USB_Device_Library/Class/CDC/Src/usbd_cdc.c ****   * @param  cfgidx: Configuration index
 288:Middlewares/ST/STM32_USB_Device_Library/Class/CDC/Src/usbd_cdc.c ****   * @retval status
 289:Middlewares/ST/STM32_USB_Device_Library/Class/CDC/Src/usbd_cdc.c ****   */
 290:Middlewares/ST/STM32_USB_Device_Library/Class/CDC/Src/usbd_cdc.c **** static uint8_t USBD_CDC_Init(USBD_HandleTypeDef *pdev, uint8_t cfgidx)
 291:Middlewares/ST/STM32_USB_Device_Library/Class/CDC/Src/usbd_cdc.c **** {
 292:Middlewares/ST/STM32_USB_Device_Library/Class/CDC/Src/usbd_cdc.c ****   UNUSED(cfgidx);
 293:Middlewares/ST/STM32_USB_Device_Library/Class/CDC/Src/usbd_cdc.c ****   USBD_CDC_HandleTypeDef *hcdc;
 294:Middlewares/ST/STM32_USB_Device_Library/Class/CDC/Src/usbd_cdc.c **** 
 295:Middlewares/ST/STM32_USB_Device_Library/Class/CDC/Src/usbd_cdc.c ****   hcdc = (USBD_CDC_HandleTypeDef *)USBD_malloc(sizeof(USBD_CDC_HandleTypeDef));
 296:Middlewares/ST/STM32_USB_Device_Library/Class/CDC/Src/usbd_cdc.c **** 
 297:Middlewares/ST/STM32_USB_Device_Library/Class/CDC/Src/usbd_cdc.c ****   if (hcdc == NULL)
 298:Middlewares/ST/STM32_USB_Device_Library/Class/CDC/Src/usbd_cdc.c ****   {
 299:Middlewares/ST/STM32_USB_Device_Library/Class/CDC/Src/usbd_cdc.c ****     pdev->pClassDataCmsit[pdev->classId] = NULL;
 300:Middlewares/ST/STM32_USB_Device_Library/Class/CDC/Src/usbd_cdc.c ****     return (uint8_t)USBD_EMEM;
 301:Middlewares/ST/STM32_USB_Device_Library/Class/CDC/Src/usbd_cdc.c ****   }
 302:Middlewares/ST/STM32_USB_Device_Library/Class/CDC/Src/usbd_cdc.c **** 
 303:Middlewares/ST/STM32_USB_Device_Library/Class/CDC/Src/usbd_cdc.c ****   (void)USBD_memset(hcdc, 0, sizeof(USBD_CDC_HandleTypeDef));
 304:Middlewares/ST/STM32_USB_Device_Library/Class/CDC/Src/usbd_cdc.c **** 
 305:Middlewares/ST/STM32_USB_Device_Library/Class/CDC/Src/usbd_cdc.c ****   pdev->pClassDataCmsit[pdev->classId] = (void *)hcdc;
 306:Middlewares/ST/STM32_USB_Device_Library/Class/CDC/Src/usbd_cdc.c ****   pdev->pClassData = pdev->pClassDataCmsit[pdev->classId];
 307:Middlewares/ST/STM32_USB_Device_Library/Class/CDC/Src/usbd_cdc.c **** 
 308:Middlewares/ST/STM32_USB_Device_Library/Class/CDC/Src/usbd_cdc.c **** #ifdef USE_USBD_COMPOSITE
 309:Middlewares/ST/STM32_USB_Device_Library/Class/CDC/Src/usbd_cdc.c ****   /* Get the Endpoints addresses allocated for this class instance */
 310:Middlewares/ST/STM32_USB_Device_Library/Class/CDC/Src/usbd_cdc.c ****   CDCInEpAdd  = USBD_CoreGetEPAdd(pdev, USBD_EP_IN, USBD_EP_TYPE_BULK, (uint8_t)pdev->classId);
 311:Middlewares/ST/STM32_USB_Device_Library/Class/CDC/Src/usbd_cdc.c ****   CDCOutEpAdd = USBD_CoreGetEPAdd(pdev, USBD_EP_OUT, USBD_EP_TYPE_BULK, (uint8_t)pdev->classId);
 312:Middlewares/ST/STM32_USB_Device_Library/Class/CDC/Src/usbd_cdc.c ****   CDCCmdEpAdd = USBD_CoreGetEPAdd(pdev, USBD_EP_IN, USBD_EP_TYPE_INTR, (uint8_t)pdev->classId);
 313:Middlewares/ST/STM32_USB_Device_Library/Class/CDC/Src/usbd_cdc.c **** #endif /* USE_USBD_COMPOSITE */
 314:Middlewares/ST/STM32_USB_Device_Library/Class/CDC/Src/usbd_cdc.c **** 
 315:Middlewares/ST/STM32_USB_Device_Library/Class/CDC/Src/usbd_cdc.c ****   if (pdev->dev_speed == USBD_SPEED_HIGH)
ARM GAS  /tmp/ccNbS6UW.s 			page 7


 316:Middlewares/ST/STM32_USB_Device_Library/Class/CDC/Src/usbd_cdc.c ****   {
 317:Middlewares/ST/STM32_USB_Device_Library/Class/CDC/Src/usbd_cdc.c ****     /* Open EP IN */
 318:Middlewares/ST/STM32_USB_Device_Library/Class/CDC/Src/usbd_cdc.c ****     (void)USBD_LL_OpenEP(pdev, CDCInEpAdd, USBD_EP_TYPE_BULK,
 319:Middlewares/ST/STM32_USB_Device_Library/Class/CDC/Src/usbd_cdc.c ****                          CDC_DATA_HS_IN_PACKET_SIZE);
 320:Middlewares/ST/STM32_USB_Device_Library/Class/CDC/Src/usbd_cdc.c **** 
 321:Middlewares/ST/STM32_USB_Device_Library/Class/CDC/Src/usbd_cdc.c ****     pdev->ep_in[CDCInEpAdd & 0xFU].is_used = 1U;
 322:Middlewares/ST/STM32_USB_Device_Library/Class/CDC/Src/usbd_cdc.c **** 
 323:Middlewares/ST/STM32_USB_Device_Library/Class/CDC/Src/usbd_cdc.c ****     /* Open EP OUT */
 324:Middlewares/ST/STM32_USB_Device_Library/Class/CDC/Src/usbd_cdc.c ****     (void)USBD_LL_OpenEP(pdev, CDCOutEpAdd, USBD_EP_TYPE_BULK,
 325:Middlewares/ST/STM32_USB_Device_Library/Class/CDC/Src/usbd_cdc.c ****                          CDC_DATA_HS_OUT_PACKET_SIZE);
 326:Middlewares/ST/STM32_USB_Device_Library/Class/CDC/Src/usbd_cdc.c **** 
 327:Middlewares/ST/STM32_USB_Device_Library/Class/CDC/Src/usbd_cdc.c ****     pdev->ep_out[CDCOutEpAdd & 0xFU].is_used = 1U;
 328:Middlewares/ST/STM32_USB_Device_Library/Class/CDC/Src/usbd_cdc.c **** 
 329:Middlewares/ST/STM32_USB_Device_Library/Class/CDC/Src/usbd_cdc.c ****     /* Set bInterval for CDC CMD Endpoint */
 330:Middlewares/ST/STM32_USB_Device_Library/Class/CDC/Src/usbd_cdc.c ****     pdev->ep_in[CDCCmdEpAdd & 0xFU].bInterval = CDC_HS_BINTERVAL;
 331:Middlewares/ST/STM32_USB_Device_Library/Class/CDC/Src/usbd_cdc.c ****   }
 332:Middlewares/ST/STM32_USB_Device_Library/Class/CDC/Src/usbd_cdc.c ****   else
 333:Middlewares/ST/STM32_USB_Device_Library/Class/CDC/Src/usbd_cdc.c ****   {
 334:Middlewares/ST/STM32_USB_Device_Library/Class/CDC/Src/usbd_cdc.c ****     /* Open EP IN */
 335:Middlewares/ST/STM32_USB_Device_Library/Class/CDC/Src/usbd_cdc.c ****     (void)USBD_LL_OpenEP(pdev, CDCInEpAdd, USBD_EP_TYPE_BULK,
 336:Middlewares/ST/STM32_USB_Device_Library/Class/CDC/Src/usbd_cdc.c ****                          CDC_DATA_FS_IN_PACKET_SIZE);
 337:Middlewares/ST/STM32_USB_Device_Library/Class/CDC/Src/usbd_cdc.c **** 
 338:Middlewares/ST/STM32_USB_Device_Library/Class/CDC/Src/usbd_cdc.c ****     pdev->ep_in[CDCInEpAdd & 0xFU].is_used = 1U;
 339:Middlewares/ST/STM32_USB_Device_Library/Class/CDC/Src/usbd_cdc.c **** 
 340:Middlewares/ST/STM32_USB_Device_Library/Class/CDC/Src/usbd_cdc.c ****     /* Open EP OUT */
 341:Middlewares/ST/STM32_USB_Device_Library/Class/CDC/Src/usbd_cdc.c ****     (void)USBD_LL_OpenEP(pdev, CDCOutEpAdd, USBD_EP_TYPE_BULK,
 342:Middlewares/ST/STM32_USB_Device_Library/Class/CDC/Src/usbd_cdc.c ****                          CDC_DATA_FS_OUT_PACKET_SIZE);
 343:Middlewares/ST/STM32_USB_Device_Library/Class/CDC/Src/usbd_cdc.c **** 
 344:Middlewares/ST/STM32_USB_Device_Library/Class/CDC/Src/usbd_cdc.c ****     pdev->ep_out[CDCOutEpAdd & 0xFU].is_used = 1U;
 345:Middlewares/ST/STM32_USB_Device_Library/Class/CDC/Src/usbd_cdc.c **** 
 346:Middlewares/ST/STM32_USB_Device_Library/Class/CDC/Src/usbd_cdc.c ****     /* Set bInterval for CMD Endpoint */
 347:Middlewares/ST/STM32_USB_Device_Library/Class/CDC/Src/usbd_cdc.c ****     pdev->ep_in[CDCCmdEpAdd & 0xFU].bInterval = CDC_FS_BINTERVAL;
 348:Middlewares/ST/STM32_USB_Device_Library/Class/CDC/Src/usbd_cdc.c ****   }
 349:Middlewares/ST/STM32_USB_Device_Library/Class/CDC/Src/usbd_cdc.c **** 
 350:Middlewares/ST/STM32_USB_Device_Library/Class/CDC/Src/usbd_cdc.c ****   /* Open Command IN EP */
 351:Middlewares/ST/STM32_USB_Device_Library/Class/CDC/Src/usbd_cdc.c ****   (void)USBD_LL_OpenEP(pdev, CDCCmdEpAdd, USBD_EP_TYPE_INTR, CDC_CMD_PACKET_SIZE);
 352:Middlewares/ST/STM32_USB_Device_Library/Class/CDC/Src/usbd_cdc.c ****   pdev->ep_in[CDCCmdEpAdd & 0xFU].is_used = 1U;
 353:Middlewares/ST/STM32_USB_Device_Library/Class/CDC/Src/usbd_cdc.c **** 
 354:Middlewares/ST/STM32_USB_Device_Library/Class/CDC/Src/usbd_cdc.c ****   hcdc->RxBuffer = NULL;
 355:Middlewares/ST/STM32_USB_Device_Library/Class/CDC/Src/usbd_cdc.c **** 
 356:Middlewares/ST/STM32_USB_Device_Library/Class/CDC/Src/usbd_cdc.c ****   /* Init  physical Interface components */
 357:Middlewares/ST/STM32_USB_Device_Library/Class/CDC/Src/usbd_cdc.c ****   ((USBD_CDC_ItfTypeDef *)pdev->pUserData[pdev->classId])->Init();
 358:Middlewares/ST/STM32_USB_Device_Library/Class/CDC/Src/usbd_cdc.c **** 
 359:Middlewares/ST/STM32_USB_Device_Library/Class/CDC/Src/usbd_cdc.c ****   /* Init Xfer states */
 360:Middlewares/ST/STM32_USB_Device_Library/Class/CDC/Src/usbd_cdc.c ****   hcdc->TxState = 0U;
 361:Middlewares/ST/STM32_USB_Device_Library/Class/CDC/Src/usbd_cdc.c ****   hcdc->RxState = 0U;
 362:Middlewares/ST/STM32_USB_Device_Library/Class/CDC/Src/usbd_cdc.c **** 
 363:Middlewares/ST/STM32_USB_Device_Library/Class/CDC/Src/usbd_cdc.c ****   if (hcdc->RxBuffer == NULL)
 364:Middlewares/ST/STM32_USB_Device_Library/Class/CDC/Src/usbd_cdc.c ****   {
 365:Middlewares/ST/STM32_USB_Device_Library/Class/CDC/Src/usbd_cdc.c ****     return (uint8_t)USBD_EMEM;
 366:Middlewares/ST/STM32_USB_Device_Library/Class/CDC/Src/usbd_cdc.c ****   }
 367:Middlewares/ST/STM32_USB_Device_Library/Class/CDC/Src/usbd_cdc.c **** 
 368:Middlewares/ST/STM32_USB_Device_Library/Class/CDC/Src/usbd_cdc.c ****   if (pdev->dev_speed == USBD_SPEED_HIGH)
 369:Middlewares/ST/STM32_USB_Device_Library/Class/CDC/Src/usbd_cdc.c ****   {
 370:Middlewares/ST/STM32_USB_Device_Library/Class/CDC/Src/usbd_cdc.c ****     /* Prepare Out endpoint to receive next packet */
 371:Middlewares/ST/STM32_USB_Device_Library/Class/CDC/Src/usbd_cdc.c ****     (void)USBD_LL_PrepareReceive(pdev, CDCOutEpAdd, hcdc->RxBuffer,
 372:Middlewares/ST/STM32_USB_Device_Library/Class/CDC/Src/usbd_cdc.c ****                                  CDC_DATA_HS_OUT_PACKET_SIZE);
ARM GAS  /tmp/ccNbS6UW.s 			page 8


 373:Middlewares/ST/STM32_USB_Device_Library/Class/CDC/Src/usbd_cdc.c ****   }
 374:Middlewares/ST/STM32_USB_Device_Library/Class/CDC/Src/usbd_cdc.c ****   else
 375:Middlewares/ST/STM32_USB_Device_Library/Class/CDC/Src/usbd_cdc.c ****   {
 376:Middlewares/ST/STM32_USB_Device_Library/Class/CDC/Src/usbd_cdc.c ****     /* Prepare Out endpoint to receive next packet */
 377:Middlewares/ST/STM32_USB_Device_Library/Class/CDC/Src/usbd_cdc.c ****     (void)USBD_LL_PrepareReceive(pdev, CDCOutEpAdd, hcdc->RxBuffer,
 378:Middlewares/ST/STM32_USB_Device_Library/Class/CDC/Src/usbd_cdc.c ****                                  CDC_DATA_FS_OUT_PACKET_SIZE);
 379:Middlewares/ST/STM32_USB_Device_Library/Class/CDC/Src/usbd_cdc.c ****   }
 380:Middlewares/ST/STM32_USB_Device_Library/Class/CDC/Src/usbd_cdc.c **** 
 381:Middlewares/ST/STM32_USB_Device_Library/Class/CDC/Src/usbd_cdc.c ****   return (uint8_t)USBD_OK;
 382:Middlewares/ST/STM32_USB_Device_Library/Class/CDC/Src/usbd_cdc.c **** }
 383:Middlewares/ST/STM32_USB_Device_Library/Class/CDC/Src/usbd_cdc.c **** 
 384:Middlewares/ST/STM32_USB_Device_Library/Class/CDC/Src/usbd_cdc.c **** /**
 385:Middlewares/ST/STM32_USB_Device_Library/Class/CDC/Src/usbd_cdc.c ****   * @brief  USBD_CDC_Init
 386:Middlewares/ST/STM32_USB_Device_Library/Class/CDC/Src/usbd_cdc.c ****   *         DeInitialize the CDC layer
 387:Middlewares/ST/STM32_USB_Device_Library/Class/CDC/Src/usbd_cdc.c ****   * @param  pdev: device instance
 388:Middlewares/ST/STM32_USB_Device_Library/Class/CDC/Src/usbd_cdc.c ****   * @param  cfgidx: Configuration index
 389:Middlewares/ST/STM32_USB_Device_Library/Class/CDC/Src/usbd_cdc.c ****   * @retval status
 390:Middlewares/ST/STM32_USB_Device_Library/Class/CDC/Src/usbd_cdc.c ****   */
 391:Middlewares/ST/STM32_USB_Device_Library/Class/CDC/Src/usbd_cdc.c **** static uint8_t USBD_CDC_DeInit(USBD_HandleTypeDef *pdev, uint8_t cfgidx)
 392:Middlewares/ST/STM32_USB_Device_Library/Class/CDC/Src/usbd_cdc.c **** {
 393:Middlewares/ST/STM32_USB_Device_Library/Class/CDC/Src/usbd_cdc.c ****   UNUSED(cfgidx);
 394:Middlewares/ST/STM32_USB_Device_Library/Class/CDC/Src/usbd_cdc.c **** 
 395:Middlewares/ST/STM32_USB_Device_Library/Class/CDC/Src/usbd_cdc.c **** 
 396:Middlewares/ST/STM32_USB_Device_Library/Class/CDC/Src/usbd_cdc.c **** #ifdef USE_USBD_COMPOSITE
 397:Middlewares/ST/STM32_USB_Device_Library/Class/CDC/Src/usbd_cdc.c ****   /* Get the Endpoints addresses allocated for this CDC class instance */
 398:Middlewares/ST/STM32_USB_Device_Library/Class/CDC/Src/usbd_cdc.c ****   CDCInEpAdd  = USBD_CoreGetEPAdd(pdev, USBD_EP_IN, USBD_EP_TYPE_BULK, (uint8_t)pdev->classId);
 399:Middlewares/ST/STM32_USB_Device_Library/Class/CDC/Src/usbd_cdc.c ****   CDCOutEpAdd = USBD_CoreGetEPAdd(pdev, USBD_EP_OUT, USBD_EP_TYPE_BULK, (uint8_t)pdev->classId);
 400:Middlewares/ST/STM32_USB_Device_Library/Class/CDC/Src/usbd_cdc.c ****   CDCCmdEpAdd = USBD_CoreGetEPAdd(pdev, USBD_EP_IN, USBD_EP_TYPE_INTR, (uint8_t)pdev->classId);
 401:Middlewares/ST/STM32_USB_Device_Library/Class/CDC/Src/usbd_cdc.c **** #endif /* USE_USBD_COMPOSITE */
 402:Middlewares/ST/STM32_USB_Device_Library/Class/CDC/Src/usbd_cdc.c **** 
 403:Middlewares/ST/STM32_USB_Device_Library/Class/CDC/Src/usbd_cdc.c ****   /* Close EP IN */
 404:Middlewares/ST/STM32_USB_Device_Library/Class/CDC/Src/usbd_cdc.c ****   (void)USBD_LL_CloseEP(pdev, CDCInEpAdd);
 405:Middlewares/ST/STM32_USB_Device_Library/Class/CDC/Src/usbd_cdc.c ****   pdev->ep_in[CDCInEpAdd & 0xFU].is_used = 0U;
 406:Middlewares/ST/STM32_USB_Device_Library/Class/CDC/Src/usbd_cdc.c **** 
 407:Middlewares/ST/STM32_USB_Device_Library/Class/CDC/Src/usbd_cdc.c ****   /* Close EP OUT */
 408:Middlewares/ST/STM32_USB_Device_Library/Class/CDC/Src/usbd_cdc.c ****   (void)USBD_LL_CloseEP(pdev, CDCOutEpAdd);
 409:Middlewares/ST/STM32_USB_Device_Library/Class/CDC/Src/usbd_cdc.c ****   pdev->ep_out[CDCOutEpAdd & 0xFU].is_used = 0U;
 410:Middlewares/ST/STM32_USB_Device_Library/Class/CDC/Src/usbd_cdc.c **** 
 411:Middlewares/ST/STM32_USB_Device_Library/Class/CDC/Src/usbd_cdc.c ****   /* Close Command IN EP */
 412:Middlewares/ST/STM32_USB_Device_Library/Class/CDC/Src/usbd_cdc.c ****   (void)USBD_LL_CloseEP(pdev, CDCCmdEpAdd);
 413:Middlewares/ST/STM32_USB_Device_Library/Class/CDC/Src/usbd_cdc.c ****   pdev->ep_in[CDCCmdEpAdd & 0xFU].is_used = 0U;
 414:Middlewares/ST/STM32_USB_Device_Library/Class/CDC/Src/usbd_cdc.c ****   pdev->ep_in[CDCCmdEpAdd & 0xFU].bInterval = 0U;
 415:Middlewares/ST/STM32_USB_Device_Library/Class/CDC/Src/usbd_cdc.c **** 
 416:Middlewares/ST/STM32_USB_Device_Library/Class/CDC/Src/usbd_cdc.c ****   /* DeInit  physical Interface components */
 417:Middlewares/ST/STM32_USB_Device_Library/Class/CDC/Src/usbd_cdc.c ****   if (pdev->pClassDataCmsit[pdev->classId] != NULL)
 418:Middlewares/ST/STM32_USB_Device_Library/Class/CDC/Src/usbd_cdc.c ****   {
 419:Middlewares/ST/STM32_USB_Device_Library/Class/CDC/Src/usbd_cdc.c ****     ((USBD_CDC_ItfTypeDef *)pdev->pUserData[pdev->classId])->DeInit();
 420:Middlewares/ST/STM32_USB_Device_Library/Class/CDC/Src/usbd_cdc.c ****     (void)USBD_free(pdev->pClassDataCmsit[pdev->classId]);
 421:Middlewares/ST/STM32_USB_Device_Library/Class/CDC/Src/usbd_cdc.c ****     pdev->pClassDataCmsit[pdev->classId] = NULL;
 422:Middlewares/ST/STM32_USB_Device_Library/Class/CDC/Src/usbd_cdc.c ****     pdev->pClassData = NULL;
 423:Middlewares/ST/STM32_USB_Device_Library/Class/CDC/Src/usbd_cdc.c ****   }
 424:Middlewares/ST/STM32_USB_Device_Library/Class/CDC/Src/usbd_cdc.c **** 
 425:Middlewares/ST/STM32_USB_Device_Library/Class/CDC/Src/usbd_cdc.c ****   return (uint8_t)USBD_OK;
 426:Middlewares/ST/STM32_USB_Device_Library/Class/CDC/Src/usbd_cdc.c **** }
 427:Middlewares/ST/STM32_USB_Device_Library/Class/CDC/Src/usbd_cdc.c **** 
 428:Middlewares/ST/STM32_USB_Device_Library/Class/CDC/Src/usbd_cdc.c **** /**
 429:Middlewares/ST/STM32_USB_Device_Library/Class/CDC/Src/usbd_cdc.c ****   * @brief  USBD_CDC_Setup
ARM GAS  /tmp/ccNbS6UW.s 			page 9


 430:Middlewares/ST/STM32_USB_Device_Library/Class/CDC/Src/usbd_cdc.c ****   *         Handle the CDC specific requests
 431:Middlewares/ST/STM32_USB_Device_Library/Class/CDC/Src/usbd_cdc.c ****   * @param  pdev: instance
 432:Middlewares/ST/STM32_USB_Device_Library/Class/CDC/Src/usbd_cdc.c ****   * @param  req: usb requests
 433:Middlewares/ST/STM32_USB_Device_Library/Class/CDC/Src/usbd_cdc.c ****   * @retval status
 434:Middlewares/ST/STM32_USB_Device_Library/Class/CDC/Src/usbd_cdc.c ****   */
 435:Middlewares/ST/STM32_USB_Device_Library/Class/CDC/Src/usbd_cdc.c **** static uint8_t USBD_CDC_Setup(USBD_HandleTypeDef *pdev,
 436:Middlewares/ST/STM32_USB_Device_Library/Class/CDC/Src/usbd_cdc.c ****                               USBD_SetupReqTypedef *req)
 437:Middlewares/ST/STM32_USB_Device_Library/Class/CDC/Src/usbd_cdc.c **** {
 438:Middlewares/ST/STM32_USB_Device_Library/Class/CDC/Src/usbd_cdc.c ****   USBD_CDC_HandleTypeDef *hcdc = (USBD_CDC_HandleTypeDef *)pdev->pClassDataCmsit[pdev->classId];
 439:Middlewares/ST/STM32_USB_Device_Library/Class/CDC/Src/usbd_cdc.c ****   uint16_t len;
 440:Middlewares/ST/STM32_USB_Device_Library/Class/CDC/Src/usbd_cdc.c ****   uint8_t ifalt = 0U;
 441:Middlewares/ST/STM32_USB_Device_Library/Class/CDC/Src/usbd_cdc.c ****   uint16_t status_info = 0U;
 442:Middlewares/ST/STM32_USB_Device_Library/Class/CDC/Src/usbd_cdc.c ****   USBD_StatusTypeDef ret = USBD_OK;
 443:Middlewares/ST/STM32_USB_Device_Library/Class/CDC/Src/usbd_cdc.c **** 
 444:Middlewares/ST/STM32_USB_Device_Library/Class/CDC/Src/usbd_cdc.c ****   if (hcdc == NULL)
 445:Middlewares/ST/STM32_USB_Device_Library/Class/CDC/Src/usbd_cdc.c ****   {
 446:Middlewares/ST/STM32_USB_Device_Library/Class/CDC/Src/usbd_cdc.c ****     return (uint8_t)USBD_FAIL;
 447:Middlewares/ST/STM32_USB_Device_Library/Class/CDC/Src/usbd_cdc.c ****   }
 448:Middlewares/ST/STM32_USB_Device_Library/Class/CDC/Src/usbd_cdc.c **** 
 449:Middlewares/ST/STM32_USB_Device_Library/Class/CDC/Src/usbd_cdc.c ****   switch (req->bmRequest & USB_REQ_TYPE_MASK)
 450:Middlewares/ST/STM32_USB_Device_Library/Class/CDC/Src/usbd_cdc.c ****   {
 451:Middlewares/ST/STM32_USB_Device_Library/Class/CDC/Src/usbd_cdc.c ****     case USB_REQ_TYPE_CLASS:
 452:Middlewares/ST/STM32_USB_Device_Library/Class/CDC/Src/usbd_cdc.c ****       if (req->wLength != 0U)
 453:Middlewares/ST/STM32_USB_Device_Library/Class/CDC/Src/usbd_cdc.c ****       {
 454:Middlewares/ST/STM32_USB_Device_Library/Class/CDC/Src/usbd_cdc.c ****         if ((req->bmRequest & 0x80U) != 0U)
 455:Middlewares/ST/STM32_USB_Device_Library/Class/CDC/Src/usbd_cdc.c ****         {
 456:Middlewares/ST/STM32_USB_Device_Library/Class/CDC/Src/usbd_cdc.c ****           ((USBD_CDC_ItfTypeDef *)pdev->pUserData[pdev->classId])->Control(req->bRequest,
 457:Middlewares/ST/STM32_USB_Device_Library/Class/CDC/Src/usbd_cdc.c ****                                                                            (uint8_t *)hcdc->data,
 458:Middlewares/ST/STM32_USB_Device_Library/Class/CDC/Src/usbd_cdc.c ****                                                                            req->wLength);
 459:Middlewares/ST/STM32_USB_Device_Library/Class/CDC/Src/usbd_cdc.c **** 
 460:Middlewares/ST/STM32_USB_Device_Library/Class/CDC/Src/usbd_cdc.c ****           len = MIN(CDC_REQ_MAX_DATA_SIZE, req->wLength);
 461:Middlewares/ST/STM32_USB_Device_Library/Class/CDC/Src/usbd_cdc.c ****           (void)USBD_CtlSendData(pdev, (uint8_t *)hcdc->data, len);
 462:Middlewares/ST/STM32_USB_Device_Library/Class/CDC/Src/usbd_cdc.c ****         }
 463:Middlewares/ST/STM32_USB_Device_Library/Class/CDC/Src/usbd_cdc.c ****         else
 464:Middlewares/ST/STM32_USB_Device_Library/Class/CDC/Src/usbd_cdc.c ****         {
 465:Middlewares/ST/STM32_USB_Device_Library/Class/CDC/Src/usbd_cdc.c ****           hcdc->CmdOpCode = req->bRequest;
 466:Middlewares/ST/STM32_USB_Device_Library/Class/CDC/Src/usbd_cdc.c ****           hcdc->CmdLength = (uint8_t)MIN(req->wLength, USB_MAX_EP0_SIZE);
 467:Middlewares/ST/STM32_USB_Device_Library/Class/CDC/Src/usbd_cdc.c **** 
 468:Middlewares/ST/STM32_USB_Device_Library/Class/CDC/Src/usbd_cdc.c ****           (void)USBD_CtlPrepareRx(pdev, (uint8_t *)hcdc->data, hcdc->CmdLength);
 469:Middlewares/ST/STM32_USB_Device_Library/Class/CDC/Src/usbd_cdc.c ****         }
 470:Middlewares/ST/STM32_USB_Device_Library/Class/CDC/Src/usbd_cdc.c ****       }
 471:Middlewares/ST/STM32_USB_Device_Library/Class/CDC/Src/usbd_cdc.c ****       else
 472:Middlewares/ST/STM32_USB_Device_Library/Class/CDC/Src/usbd_cdc.c ****       {
 473:Middlewares/ST/STM32_USB_Device_Library/Class/CDC/Src/usbd_cdc.c ****         ((USBD_CDC_ItfTypeDef *)pdev->pUserData[pdev->classId])->Control(req->bRequest,
 474:Middlewares/ST/STM32_USB_Device_Library/Class/CDC/Src/usbd_cdc.c ****                                                                          (uint8_t *)req, 0U);
 475:Middlewares/ST/STM32_USB_Device_Library/Class/CDC/Src/usbd_cdc.c ****       }
 476:Middlewares/ST/STM32_USB_Device_Library/Class/CDC/Src/usbd_cdc.c ****       break;
 477:Middlewares/ST/STM32_USB_Device_Library/Class/CDC/Src/usbd_cdc.c **** 
 478:Middlewares/ST/STM32_USB_Device_Library/Class/CDC/Src/usbd_cdc.c ****     case USB_REQ_TYPE_STANDARD:
 479:Middlewares/ST/STM32_USB_Device_Library/Class/CDC/Src/usbd_cdc.c ****       switch (req->bRequest)
 480:Middlewares/ST/STM32_USB_Device_Library/Class/CDC/Src/usbd_cdc.c ****       {
 481:Middlewares/ST/STM32_USB_Device_Library/Class/CDC/Src/usbd_cdc.c ****         case USB_REQ_GET_STATUS:
 482:Middlewares/ST/STM32_USB_Device_Library/Class/CDC/Src/usbd_cdc.c ****           if (pdev->dev_state == USBD_STATE_CONFIGURED)
 483:Middlewares/ST/STM32_USB_Device_Library/Class/CDC/Src/usbd_cdc.c ****           {
 484:Middlewares/ST/STM32_USB_Device_Library/Class/CDC/Src/usbd_cdc.c ****             (void)USBD_CtlSendData(pdev, (uint8_t *)&status_info, 2U);
 485:Middlewares/ST/STM32_USB_Device_Library/Class/CDC/Src/usbd_cdc.c ****           }
 486:Middlewares/ST/STM32_USB_Device_Library/Class/CDC/Src/usbd_cdc.c ****           else
ARM GAS  /tmp/ccNbS6UW.s 			page 10


 487:Middlewares/ST/STM32_USB_Device_Library/Class/CDC/Src/usbd_cdc.c ****           {
 488:Middlewares/ST/STM32_USB_Device_Library/Class/CDC/Src/usbd_cdc.c ****             USBD_CtlError(pdev, req);
 489:Middlewares/ST/STM32_USB_Device_Library/Class/CDC/Src/usbd_cdc.c ****             ret = USBD_FAIL;
 490:Middlewares/ST/STM32_USB_Device_Library/Class/CDC/Src/usbd_cdc.c ****           }
 491:Middlewares/ST/STM32_USB_Device_Library/Class/CDC/Src/usbd_cdc.c ****           break;
 492:Middlewares/ST/STM32_USB_Device_Library/Class/CDC/Src/usbd_cdc.c **** 
 493:Middlewares/ST/STM32_USB_Device_Library/Class/CDC/Src/usbd_cdc.c ****         case USB_REQ_GET_INTERFACE:
 494:Middlewares/ST/STM32_USB_Device_Library/Class/CDC/Src/usbd_cdc.c ****           if (pdev->dev_state == USBD_STATE_CONFIGURED)
 495:Middlewares/ST/STM32_USB_Device_Library/Class/CDC/Src/usbd_cdc.c ****           {
 496:Middlewares/ST/STM32_USB_Device_Library/Class/CDC/Src/usbd_cdc.c ****             (void)USBD_CtlSendData(pdev, &ifalt, 1U);
 497:Middlewares/ST/STM32_USB_Device_Library/Class/CDC/Src/usbd_cdc.c ****           }
 498:Middlewares/ST/STM32_USB_Device_Library/Class/CDC/Src/usbd_cdc.c ****           else
 499:Middlewares/ST/STM32_USB_Device_Library/Class/CDC/Src/usbd_cdc.c ****           {
 500:Middlewares/ST/STM32_USB_Device_Library/Class/CDC/Src/usbd_cdc.c ****             USBD_CtlError(pdev, req);
 501:Middlewares/ST/STM32_USB_Device_Library/Class/CDC/Src/usbd_cdc.c ****             ret = USBD_FAIL;
 502:Middlewares/ST/STM32_USB_Device_Library/Class/CDC/Src/usbd_cdc.c ****           }
 503:Middlewares/ST/STM32_USB_Device_Library/Class/CDC/Src/usbd_cdc.c ****           break;
 504:Middlewares/ST/STM32_USB_Device_Library/Class/CDC/Src/usbd_cdc.c **** 
 505:Middlewares/ST/STM32_USB_Device_Library/Class/CDC/Src/usbd_cdc.c ****         case USB_REQ_SET_INTERFACE:
 506:Middlewares/ST/STM32_USB_Device_Library/Class/CDC/Src/usbd_cdc.c ****           if (pdev->dev_state != USBD_STATE_CONFIGURED)
 507:Middlewares/ST/STM32_USB_Device_Library/Class/CDC/Src/usbd_cdc.c ****           {
 508:Middlewares/ST/STM32_USB_Device_Library/Class/CDC/Src/usbd_cdc.c ****             USBD_CtlError(pdev, req);
 509:Middlewares/ST/STM32_USB_Device_Library/Class/CDC/Src/usbd_cdc.c ****             ret = USBD_FAIL;
 510:Middlewares/ST/STM32_USB_Device_Library/Class/CDC/Src/usbd_cdc.c ****           }
 511:Middlewares/ST/STM32_USB_Device_Library/Class/CDC/Src/usbd_cdc.c ****           break;
 512:Middlewares/ST/STM32_USB_Device_Library/Class/CDC/Src/usbd_cdc.c **** 
 513:Middlewares/ST/STM32_USB_Device_Library/Class/CDC/Src/usbd_cdc.c ****         case USB_REQ_CLEAR_FEATURE:
 514:Middlewares/ST/STM32_USB_Device_Library/Class/CDC/Src/usbd_cdc.c ****           break;
 515:Middlewares/ST/STM32_USB_Device_Library/Class/CDC/Src/usbd_cdc.c **** 
 516:Middlewares/ST/STM32_USB_Device_Library/Class/CDC/Src/usbd_cdc.c ****         default:
 517:Middlewares/ST/STM32_USB_Device_Library/Class/CDC/Src/usbd_cdc.c ****           USBD_CtlError(pdev, req);
 518:Middlewares/ST/STM32_USB_Device_Library/Class/CDC/Src/usbd_cdc.c ****           ret = USBD_FAIL;
 519:Middlewares/ST/STM32_USB_Device_Library/Class/CDC/Src/usbd_cdc.c ****           break;
 520:Middlewares/ST/STM32_USB_Device_Library/Class/CDC/Src/usbd_cdc.c ****       }
 521:Middlewares/ST/STM32_USB_Device_Library/Class/CDC/Src/usbd_cdc.c ****       break;
 522:Middlewares/ST/STM32_USB_Device_Library/Class/CDC/Src/usbd_cdc.c **** 
 523:Middlewares/ST/STM32_USB_Device_Library/Class/CDC/Src/usbd_cdc.c ****     default:
 524:Middlewares/ST/STM32_USB_Device_Library/Class/CDC/Src/usbd_cdc.c ****       USBD_CtlError(pdev, req);
 525:Middlewares/ST/STM32_USB_Device_Library/Class/CDC/Src/usbd_cdc.c ****       ret = USBD_FAIL;
 526:Middlewares/ST/STM32_USB_Device_Library/Class/CDC/Src/usbd_cdc.c ****       break;
 527:Middlewares/ST/STM32_USB_Device_Library/Class/CDC/Src/usbd_cdc.c ****   }
 528:Middlewares/ST/STM32_USB_Device_Library/Class/CDC/Src/usbd_cdc.c **** 
 529:Middlewares/ST/STM32_USB_Device_Library/Class/CDC/Src/usbd_cdc.c ****   return (uint8_t)ret;
 530:Middlewares/ST/STM32_USB_Device_Library/Class/CDC/Src/usbd_cdc.c **** }
 531:Middlewares/ST/STM32_USB_Device_Library/Class/CDC/Src/usbd_cdc.c **** 
 532:Middlewares/ST/STM32_USB_Device_Library/Class/CDC/Src/usbd_cdc.c **** /**
 533:Middlewares/ST/STM32_USB_Device_Library/Class/CDC/Src/usbd_cdc.c ****   * @brief  USBD_CDC_DataIn
 534:Middlewares/ST/STM32_USB_Device_Library/Class/CDC/Src/usbd_cdc.c ****   *         Data sent on non-control IN endpoint
 535:Middlewares/ST/STM32_USB_Device_Library/Class/CDC/Src/usbd_cdc.c ****   * @param  pdev: device instance
 536:Middlewares/ST/STM32_USB_Device_Library/Class/CDC/Src/usbd_cdc.c ****   * @param  epnum: endpoint number
 537:Middlewares/ST/STM32_USB_Device_Library/Class/CDC/Src/usbd_cdc.c ****   * @retval status
 538:Middlewares/ST/STM32_USB_Device_Library/Class/CDC/Src/usbd_cdc.c ****   */
 539:Middlewares/ST/STM32_USB_Device_Library/Class/CDC/Src/usbd_cdc.c **** static uint8_t USBD_CDC_DataIn(USBD_HandleTypeDef *pdev, uint8_t epnum)
 540:Middlewares/ST/STM32_USB_Device_Library/Class/CDC/Src/usbd_cdc.c **** {
 541:Middlewares/ST/STM32_USB_Device_Library/Class/CDC/Src/usbd_cdc.c ****   USBD_CDC_HandleTypeDef *hcdc;
 542:Middlewares/ST/STM32_USB_Device_Library/Class/CDC/Src/usbd_cdc.c ****   PCD_HandleTypeDef *hpcd = (PCD_HandleTypeDef *)pdev->pData;
 543:Middlewares/ST/STM32_USB_Device_Library/Class/CDC/Src/usbd_cdc.c **** 
ARM GAS  /tmp/ccNbS6UW.s 			page 11


 544:Middlewares/ST/STM32_USB_Device_Library/Class/CDC/Src/usbd_cdc.c ****   if (pdev->pClassDataCmsit[pdev->classId] == NULL)
 545:Middlewares/ST/STM32_USB_Device_Library/Class/CDC/Src/usbd_cdc.c ****   {
 546:Middlewares/ST/STM32_USB_Device_Library/Class/CDC/Src/usbd_cdc.c ****     return (uint8_t)USBD_FAIL;
 547:Middlewares/ST/STM32_USB_Device_Library/Class/CDC/Src/usbd_cdc.c ****   }
 548:Middlewares/ST/STM32_USB_Device_Library/Class/CDC/Src/usbd_cdc.c **** 
 549:Middlewares/ST/STM32_USB_Device_Library/Class/CDC/Src/usbd_cdc.c ****   hcdc = (USBD_CDC_HandleTypeDef *)pdev->pClassDataCmsit[pdev->classId];
 550:Middlewares/ST/STM32_USB_Device_Library/Class/CDC/Src/usbd_cdc.c **** 
 551:Middlewares/ST/STM32_USB_Device_Library/Class/CDC/Src/usbd_cdc.c ****   if ((pdev->ep_in[epnum & 0xFU].total_length > 0U) &&
 552:Middlewares/ST/STM32_USB_Device_Library/Class/CDC/Src/usbd_cdc.c ****       ((pdev->ep_in[epnum & 0xFU].total_length % hpcd->IN_ep[epnum & 0xFU].maxpacket) == 0U))
 553:Middlewares/ST/STM32_USB_Device_Library/Class/CDC/Src/usbd_cdc.c ****   {
 554:Middlewares/ST/STM32_USB_Device_Library/Class/CDC/Src/usbd_cdc.c ****     /* Update the packet total length */
 555:Middlewares/ST/STM32_USB_Device_Library/Class/CDC/Src/usbd_cdc.c ****     pdev->ep_in[epnum & 0xFU].total_length = 0U;
 556:Middlewares/ST/STM32_USB_Device_Library/Class/CDC/Src/usbd_cdc.c **** 
 557:Middlewares/ST/STM32_USB_Device_Library/Class/CDC/Src/usbd_cdc.c ****     /* Send ZLP */
 558:Middlewares/ST/STM32_USB_Device_Library/Class/CDC/Src/usbd_cdc.c ****     (void)USBD_LL_Transmit(pdev, epnum, NULL, 0U);
 559:Middlewares/ST/STM32_USB_Device_Library/Class/CDC/Src/usbd_cdc.c ****   }
 560:Middlewares/ST/STM32_USB_Device_Library/Class/CDC/Src/usbd_cdc.c ****   else
 561:Middlewares/ST/STM32_USB_Device_Library/Class/CDC/Src/usbd_cdc.c ****   {
 562:Middlewares/ST/STM32_USB_Device_Library/Class/CDC/Src/usbd_cdc.c ****     hcdc->TxState = 0U;
 563:Middlewares/ST/STM32_USB_Device_Library/Class/CDC/Src/usbd_cdc.c **** 
 564:Middlewares/ST/STM32_USB_Device_Library/Class/CDC/Src/usbd_cdc.c ****     if (((USBD_CDC_ItfTypeDef *)pdev->pUserData[pdev->classId])->TransmitCplt != NULL)
 565:Middlewares/ST/STM32_USB_Device_Library/Class/CDC/Src/usbd_cdc.c ****     {
 566:Middlewares/ST/STM32_USB_Device_Library/Class/CDC/Src/usbd_cdc.c ****       ((USBD_CDC_ItfTypeDef *)pdev->pUserData[pdev->classId])->TransmitCplt(hcdc->TxBuffer, &hcdc->
 567:Middlewares/ST/STM32_USB_Device_Library/Class/CDC/Src/usbd_cdc.c ****     }
 568:Middlewares/ST/STM32_USB_Device_Library/Class/CDC/Src/usbd_cdc.c ****   }
 569:Middlewares/ST/STM32_USB_Device_Library/Class/CDC/Src/usbd_cdc.c **** 
 570:Middlewares/ST/STM32_USB_Device_Library/Class/CDC/Src/usbd_cdc.c ****   return (uint8_t)USBD_OK;
 571:Middlewares/ST/STM32_USB_Device_Library/Class/CDC/Src/usbd_cdc.c **** }
 572:Middlewares/ST/STM32_USB_Device_Library/Class/CDC/Src/usbd_cdc.c **** 
 573:Middlewares/ST/STM32_USB_Device_Library/Class/CDC/Src/usbd_cdc.c **** /**
 574:Middlewares/ST/STM32_USB_Device_Library/Class/CDC/Src/usbd_cdc.c ****   * @brief  USBD_CDC_DataOut
 575:Middlewares/ST/STM32_USB_Device_Library/Class/CDC/Src/usbd_cdc.c ****   *         Data received on non-control Out endpoint
 576:Middlewares/ST/STM32_USB_Device_Library/Class/CDC/Src/usbd_cdc.c ****   * @param  pdev: device instance
 577:Middlewares/ST/STM32_USB_Device_Library/Class/CDC/Src/usbd_cdc.c ****   * @param  epnum: endpoint number
 578:Middlewares/ST/STM32_USB_Device_Library/Class/CDC/Src/usbd_cdc.c ****   * @retval status
 579:Middlewares/ST/STM32_USB_Device_Library/Class/CDC/Src/usbd_cdc.c ****   */
 580:Middlewares/ST/STM32_USB_Device_Library/Class/CDC/Src/usbd_cdc.c **** static uint8_t USBD_CDC_DataOut(USBD_HandleTypeDef *pdev, uint8_t epnum)
 581:Middlewares/ST/STM32_USB_Device_Library/Class/CDC/Src/usbd_cdc.c **** {
 582:Middlewares/ST/STM32_USB_Device_Library/Class/CDC/Src/usbd_cdc.c ****   USBD_CDC_HandleTypeDef *hcdc = (USBD_CDC_HandleTypeDef *)pdev->pClassDataCmsit[pdev->classId];
 583:Middlewares/ST/STM32_USB_Device_Library/Class/CDC/Src/usbd_cdc.c **** 
 584:Middlewares/ST/STM32_USB_Device_Library/Class/CDC/Src/usbd_cdc.c ****   if (pdev->pClassDataCmsit[pdev->classId] == NULL)
 585:Middlewares/ST/STM32_USB_Device_Library/Class/CDC/Src/usbd_cdc.c ****   {
 586:Middlewares/ST/STM32_USB_Device_Library/Class/CDC/Src/usbd_cdc.c ****     return (uint8_t)USBD_FAIL;
 587:Middlewares/ST/STM32_USB_Device_Library/Class/CDC/Src/usbd_cdc.c ****   }
 588:Middlewares/ST/STM32_USB_Device_Library/Class/CDC/Src/usbd_cdc.c **** 
 589:Middlewares/ST/STM32_USB_Device_Library/Class/CDC/Src/usbd_cdc.c ****   /* Get the received data length */
 590:Middlewares/ST/STM32_USB_Device_Library/Class/CDC/Src/usbd_cdc.c ****   hcdc->RxLength = USBD_LL_GetRxDataSize(pdev, epnum);
 591:Middlewares/ST/STM32_USB_Device_Library/Class/CDC/Src/usbd_cdc.c **** 
 592:Middlewares/ST/STM32_USB_Device_Library/Class/CDC/Src/usbd_cdc.c ****   /* USB data will be immediately processed, this allow next USB traffic being
 593:Middlewares/ST/STM32_USB_Device_Library/Class/CDC/Src/usbd_cdc.c ****   NAKed till the end of the application Xfer */
 594:Middlewares/ST/STM32_USB_Device_Library/Class/CDC/Src/usbd_cdc.c **** 
 595:Middlewares/ST/STM32_USB_Device_Library/Class/CDC/Src/usbd_cdc.c ****   ((USBD_CDC_ItfTypeDef *)pdev->pUserData[pdev->classId])->Receive(hcdc->RxBuffer, &hcdc->RxLength)
 596:Middlewares/ST/STM32_USB_Device_Library/Class/CDC/Src/usbd_cdc.c **** 
 597:Middlewares/ST/STM32_USB_Device_Library/Class/CDC/Src/usbd_cdc.c ****   return (uint8_t)USBD_OK;
 598:Middlewares/ST/STM32_USB_Device_Library/Class/CDC/Src/usbd_cdc.c **** }
 599:Middlewares/ST/STM32_USB_Device_Library/Class/CDC/Src/usbd_cdc.c **** 
 600:Middlewares/ST/STM32_USB_Device_Library/Class/CDC/Src/usbd_cdc.c **** /**
ARM GAS  /tmp/ccNbS6UW.s 			page 12


 601:Middlewares/ST/STM32_USB_Device_Library/Class/CDC/Src/usbd_cdc.c ****   * @brief  USBD_CDC_EP0_RxReady
 602:Middlewares/ST/STM32_USB_Device_Library/Class/CDC/Src/usbd_cdc.c ****   *         Handle EP0 Rx Ready event
 603:Middlewares/ST/STM32_USB_Device_Library/Class/CDC/Src/usbd_cdc.c ****   * @param  pdev: device instance
 604:Middlewares/ST/STM32_USB_Device_Library/Class/CDC/Src/usbd_cdc.c ****   * @retval status
 605:Middlewares/ST/STM32_USB_Device_Library/Class/CDC/Src/usbd_cdc.c ****   */
 606:Middlewares/ST/STM32_USB_Device_Library/Class/CDC/Src/usbd_cdc.c **** static uint8_t USBD_CDC_EP0_RxReady(USBD_HandleTypeDef *pdev)
 607:Middlewares/ST/STM32_USB_Device_Library/Class/CDC/Src/usbd_cdc.c **** {
  29              		.loc 1 607 1 view -0
  30              		.cfi_startproc
  31              		@ args = 0, pretend = 0, frame = 0
  32              		@ frame_needed = 0, uses_anonymous_args = 0
  33              		.loc 1 607 1 is_stmt 0 view .LVU1
  34 0000 10B5     		push	{r4, lr}
  35              	.LCFI0:
  36              		.cfi_def_cfa_offset 8
  37              		.cfi_offset 4, -8
  38              		.cfi_offset 14, -4
 608:Middlewares/ST/STM32_USB_Device_Library/Class/CDC/Src/usbd_cdc.c ****   USBD_CDC_HandleTypeDef *hcdc = (USBD_CDC_HandleTypeDef *)pdev->pClassDataCmsit[pdev->classId];
  39              		.loc 1 608 3 is_stmt 1 view .LVU2
  40              		.loc 1 608 86 is_stmt 0 view .LVU3
  41 0002 D0F8D432 		ldr	r3, [r0, #724]
  42              		.loc 1 608 27 view .LVU4
  43 0006 03F1B002 		add	r2, r3, #176
  44 000a 50F82240 		ldr	r4, [r0, r2, lsl #2]
  45              	.LVL1:
 609:Middlewares/ST/STM32_USB_Device_Library/Class/CDC/Src/usbd_cdc.c **** 
 610:Middlewares/ST/STM32_USB_Device_Library/Class/CDC/Src/usbd_cdc.c ****   if (hcdc == NULL)
  46              		.loc 1 610 3 is_stmt 1 view .LVU5
  47              		.loc 1 610 6 is_stmt 0 view .LVU6
  48 000e 8CB1     		cbz	r4, .L3
 611:Middlewares/ST/STM32_USB_Device_Library/Class/CDC/Src/usbd_cdc.c ****   {
 612:Middlewares/ST/STM32_USB_Device_Library/Class/CDC/Src/usbd_cdc.c ****     return (uint8_t)USBD_FAIL;
 613:Middlewares/ST/STM32_USB_Device_Library/Class/CDC/Src/usbd_cdc.c ****   }
 614:Middlewares/ST/STM32_USB_Device_Library/Class/CDC/Src/usbd_cdc.c **** 
 615:Middlewares/ST/STM32_USB_Device_Library/Class/CDC/Src/usbd_cdc.c ****   if ((pdev->pUserData[pdev->classId] != NULL) && (hcdc->CmdOpCode != 0xFFU))
  49              		.loc 1 615 3 is_stmt 1 view .LVU7
  50              		.loc 1 615 23 is_stmt 0 view .LVU8
  51 0010 00EB8200 		add	r0, r0, r2, lsl #2
  52              	.LVL2:
  53              		.loc 1 615 23 view .LVU9
  54 0014 4368     		ldr	r3, [r0, #4]
  55              		.loc 1 615 6 view .LVU10
  56 0016 7BB1     		cbz	r3, .L4
  57              		.loc 1 615 56 discriminator 1 view .LVU11
  58 0018 94F80002 		ldrb	r0, [r4, #512]	@ zero_extendqisi2
  59              		.loc 1 615 48 discriminator 1 view .LVU12
  60 001c FF28     		cmp	r0, #255
  61 001e 0DD0     		beq	.L5
 616:Middlewares/ST/STM32_USB_Device_Library/Class/CDC/Src/usbd_cdc.c ****   {
 617:Middlewares/ST/STM32_USB_Device_Library/Class/CDC/Src/usbd_cdc.c ****     ((USBD_CDC_ItfTypeDef *)pdev->pUserData[pdev->classId])->Control(hcdc->CmdOpCode,
  62              		.loc 1 617 5 is_stmt 1 view .LVU13
  63              		.loc 1 617 60 is_stmt 0 view .LVU14
  64 0020 9B68     		ldr	r3, [r3, #8]
  65              		.loc 1 617 6 view .LVU15
  66 0022 94F80122 		ldrb	r2, [r4, #513]	@ zero_extendqisi2
  67 0026 2146     		mov	r1, r4
  68 0028 9847     		blx	r3
ARM GAS  /tmp/ccNbS6UW.s 			page 13


  69              	.LVL3:
 618:Middlewares/ST/STM32_USB_Device_Library/Class/CDC/Src/usbd_cdc.c ****                                                                      (uint8_t *)hcdc->data,
 619:Middlewares/ST/STM32_USB_Device_Library/Class/CDC/Src/usbd_cdc.c ****                                                                      (uint16_t)hcdc->CmdLength);
 620:Middlewares/ST/STM32_USB_Device_Library/Class/CDC/Src/usbd_cdc.c ****     hcdc->CmdOpCode = 0xFFU;
  70              		.loc 1 620 5 is_stmt 1 view .LVU16
  71              		.loc 1 620 21 is_stmt 0 view .LVU17
  72 002a FF23     		movs	r3, #255
  73 002c 84F80032 		strb	r3, [r4, #512]
 621:Middlewares/ST/STM32_USB_Device_Library/Class/CDC/Src/usbd_cdc.c ****   }
 622:Middlewares/ST/STM32_USB_Device_Library/Class/CDC/Src/usbd_cdc.c **** 
 623:Middlewares/ST/STM32_USB_Device_Library/Class/CDC/Src/usbd_cdc.c ****   return (uint8_t)USBD_OK;
  74              		.loc 1 623 10 view .LVU18
  75 0030 0020     		movs	r0, #0
  76              	.L2:
 624:Middlewares/ST/STM32_USB_Device_Library/Class/CDC/Src/usbd_cdc.c **** }
  77              		.loc 1 624 1 view .LVU19
  78 0032 10BD     		pop	{r4, pc}
  79              	.LVL4:
  80              	.L3:
 612:Middlewares/ST/STM32_USB_Device_Library/Class/CDC/Src/usbd_cdc.c ****   }
  81              		.loc 1 612 12 view .LVU20
  82 0034 0320     		movs	r0, #3
  83              	.LVL5:
 612:Middlewares/ST/STM32_USB_Device_Library/Class/CDC/Src/usbd_cdc.c ****   }
  84              		.loc 1 612 12 view .LVU21
  85 0036 FCE7     		b	.L2
  86              	.L4:
 623:Middlewares/ST/STM32_USB_Device_Library/Class/CDC/Src/usbd_cdc.c **** }
  87              		.loc 1 623 10 view .LVU22
  88 0038 0020     		movs	r0, #0
  89 003a FAE7     		b	.L2
  90              	.L5:
  91 003c 0020     		movs	r0, #0
  92 003e F8E7     		b	.L2
  93              		.cfi_endproc
  94              	.LFE393:
  96              		.section	.text.USBD_CDC_GetDeviceQualifierDescriptor,"ax",%progbits
  97              		.align	1
  98              		.global	USBD_CDC_GetDeviceQualifierDescriptor
  99              		.syntax unified
 100              		.thumb
 101              		.thumb_func
 103              	USBD_CDC_GetDeviceQualifierDescriptor:
 104              	.LVL6:
 105              	.LFB397:
 625:Middlewares/ST/STM32_USB_Device_Library/Class/CDC/Src/usbd_cdc.c **** #ifndef USE_USBD_COMPOSITE
 626:Middlewares/ST/STM32_USB_Device_Library/Class/CDC/Src/usbd_cdc.c **** /**
 627:Middlewares/ST/STM32_USB_Device_Library/Class/CDC/Src/usbd_cdc.c ****   * @brief  USBD_CDC_GetFSCfgDesc
 628:Middlewares/ST/STM32_USB_Device_Library/Class/CDC/Src/usbd_cdc.c ****   *         Return configuration descriptor
 629:Middlewares/ST/STM32_USB_Device_Library/Class/CDC/Src/usbd_cdc.c ****   * @param  length : pointer data length
 630:Middlewares/ST/STM32_USB_Device_Library/Class/CDC/Src/usbd_cdc.c ****   * @retval pointer to descriptor buffer
 631:Middlewares/ST/STM32_USB_Device_Library/Class/CDC/Src/usbd_cdc.c ****   */
 632:Middlewares/ST/STM32_USB_Device_Library/Class/CDC/Src/usbd_cdc.c **** static uint8_t *USBD_CDC_GetFSCfgDesc(uint16_t *length)
 633:Middlewares/ST/STM32_USB_Device_Library/Class/CDC/Src/usbd_cdc.c **** {
 634:Middlewares/ST/STM32_USB_Device_Library/Class/CDC/Src/usbd_cdc.c ****   USBD_EpDescTypeDef *pEpCmdDesc = USBD_GetEpDesc(USBD_CDC_CfgDesc, CDC_CMD_EP);
 635:Middlewares/ST/STM32_USB_Device_Library/Class/CDC/Src/usbd_cdc.c ****   USBD_EpDescTypeDef *pEpOutDesc = USBD_GetEpDesc(USBD_CDC_CfgDesc, CDC_OUT_EP);
 636:Middlewares/ST/STM32_USB_Device_Library/Class/CDC/Src/usbd_cdc.c ****   USBD_EpDescTypeDef *pEpInDesc = USBD_GetEpDesc(USBD_CDC_CfgDesc, CDC_IN_EP);
ARM GAS  /tmp/ccNbS6UW.s 			page 14


 637:Middlewares/ST/STM32_USB_Device_Library/Class/CDC/Src/usbd_cdc.c **** 
 638:Middlewares/ST/STM32_USB_Device_Library/Class/CDC/Src/usbd_cdc.c ****   if (pEpCmdDesc != NULL)
 639:Middlewares/ST/STM32_USB_Device_Library/Class/CDC/Src/usbd_cdc.c ****   {
 640:Middlewares/ST/STM32_USB_Device_Library/Class/CDC/Src/usbd_cdc.c ****     pEpCmdDesc->bInterval = CDC_FS_BINTERVAL;
 641:Middlewares/ST/STM32_USB_Device_Library/Class/CDC/Src/usbd_cdc.c ****   }
 642:Middlewares/ST/STM32_USB_Device_Library/Class/CDC/Src/usbd_cdc.c **** 
 643:Middlewares/ST/STM32_USB_Device_Library/Class/CDC/Src/usbd_cdc.c ****   if (pEpOutDesc != NULL)
 644:Middlewares/ST/STM32_USB_Device_Library/Class/CDC/Src/usbd_cdc.c ****   {
 645:Middlewares/ST/STM32_USB_Device_Library/Class/CDC/Src/usbd_cdc.c ****     pEpOutDesc->wMaxPacketSize = CDC_DATA_FS_MAX_PACKET_SIZE;
 646:Middlewares/ST/STM32_USB_Device_Library/Class/CDC/Src/usbd_cdc.c ****   }
 647:Middlewares/ST/STM32_USB_Device_Library/Class/CDC/Src/usbd_cdc.c **** 
 648:Middlewares/ST/STM32_USB_Device_Library/Class/CDC/Src/usbd_cdc.c ****   if (pEpInDesc != NULL)
 649:Middlewares/ST/STM32_USB_Device_Library/Class/CDC/Src/usbd_cdc.c ****   {
 650:Middlewares/ST/STM32_USB_Device_Library/Class/CDC/Src/usbd_cdc.c ****     pEpInDesc->wMaxPacketSize = CDC_DATA_FS_MAX_PACKET_SIZE;
 651:Middlewares/ST/STM32_USB_Device_Library/Class/CDC/Src/usbd_cdc.c ****   }
 652:Middlewares/ST/STM32_USB_Device_Library/Class/CDC/Src/usbd_cdc.c **** 
 653:Middlewares/ST/STM32_USB_Device_Library/Class/CDC/Src/usbd_cdc.c ****   *length = (uint16_t)sizeof(USBD_CDC_CfgDesc);
 654:Middlewares/ST/STM32_USB_Device_Library/Class/CDC/Src/usbd_cdc.c ****   return USBD_CDC_CfgDesc;
 655:Middlewares/ST/STM32_USB_Device_Library/Class/CDC/Src/usbd_cdc.c **** }
 656:Middlewares/ST/STM32_USB_Device_Library/Class/CDC/Src/usbd_cdc.c **** 
 657:Middlewares/ST/STM32_USB_Device_Library/Class/CDC/Src/usbd_cdc.c **** /**
 658:Middlewares/ST/STM32_USB_Device_Library/Class/CDC/Src/usbd_cdc.c ****   * @brief  USBD_CDC_GetHSCfgDesc
 659:Middlewares/ST/STM32_USB_Device_Library/Class/CDC/Src/usbd_cdc.c ****   *         Return configuration descriptor
 660:Middlewares/ST/STM32_USB_Device_Library/Class/CDC/Src/usbd_cdc.c ****   * @param  length : pointer data length
 661:Middlewares/ST/STM32_USB_Device_Library/Class/CDC/Src/usbd_cdc.c ****   * @retval pointer to descriptor buffer
 662:Middlewares/ST/STM32_USB_Device_Library/Class/CDC/Src/usbd_cdc.c ****   */
 663:Middlewares/ST/STM32_USB_Device_Library/Class/CDC/Src/usbd_cdc.c **** static uint8_t *USBD_CDC_GetHSCfgDesc(uint16_t *length)
 664:Middlewares/ST/STM32_USB_Device_Library/Class/CDC/Src/usbd_cdc.c **** {
 665:Middlewares/ST/STM32_USB_Device_Library/Class/CDC/Src/usbd_cdc.c ****   USBD_EpDescTypeDef *pEpCmdDesc = USBD_GetEpDesc(USBD_CDC_CfgDesc, CDC_CMD_EP);
 666:Middlewares/ST/STM32_USB_Device_Library/Class/CDC/Src/usbd_cdc.c ****   USBD_EpDescTypeDef *pEpOutDesc = USBD_GetEpDesc(USBD_CDC_CfgDesc, CDC_OUT_EP);
 667:Middlewares/ST/STM32_USB_Device_Library/Class/CDC/Src/usbd_cdc.c ****   USBD_EpDescTypeDef *pEpInDesc = USBD_GetEpDesc(USBD_CDC_CfgDesc, CDC_IN_EP);
 668:Middlewares/ST/STM32_USB_Device_Library/Class/CDC/Src/usbd_cdc.c **** 
 669:Middlewares/ST/STM32_USB_Device_Library/Class/CDC/Src/usbd_cdc.c ****   if (pEpCmdDesc != NULL)
 670:Middlewares/ST/STM32_USB_Device_Library/Class/CDC/Src/usbd_cdc.c ****   {
 671:Middlewares/ST/STM32_USB_Device_Library/Class/CDC/Src/usbd_cdc.c ****     pEpCmdDesc->bInterval = CDC_HS_BINTERVAL;
 672:Middlewares/ST/STM32_USB_Device_Library/Class/CDC/Src/usbd_cdc.c ****   }
 673:Middlewares/ST/STM32_USB_Device_Library/Class/CDC/Src/usbd_cdc.c **** 
 674:Middlewares/ST/STM32_USB_Device_Library/Class/CDC/Src/usbd_cdc.c ****   if (pEpOutDesc != NULL)
 675:Middlewares/ST/STM32_USB_Device_Library/Class/CDC/Src/usbd_cdc.c ****   {
 676:Middlewares/ST/STM32_USB_Device_Library/Class/CDC/Src/usbd_cdc.c ****     pEpOutDesc->wMaxPacketSize = CDC_DATA_HS_MAX_PACKET_SIZE;
 677:Middlewares/ST/STM32_USB_Device_Library/Class/CDC/Src/usbd_cdc.c ****   }
 678:Middlewares/ST/STM32_USB_Device_Library/Class/CDC/Src/usbd_cdc.c **** 
 679:Middlewares/ST/STM32_USB_Device_Library/Class/CDC/Src/usbd_cdc.c ****   if (pEpInDesc != NULL)
 680:Middlewares/ST/STM32_USB_Device_Library/Class/CDC/Src/usbd_cdc.c ****   {
 681:Middlewares/ST/STM32_USB_Device_Library/Class/CDC/Src/usbd_cdc.c ****     pEpInDesc->wMaxPacketSize = CDC_DATA_HS_MAX_PACKET_SIZE;
 682:Middlewares/ST/STM32_USB_Device_Library/Class/CDC/Src/usbd_cdc.c ****   }
 683:Middlewares/ST/STM32_USB_Device_Library/Class/CDC/Src/usbd_cdc.c **** 
 684:Middlewares/ST/STM32_USB_Device_Library/Class/CDC/Src/usbd_cdc.c ****   *length = (uint16_t)sizeof(USBD_CDC_CfgDesc);
 685:Middlewares/ST/STM32_USB_Device_Library/Class/CDC/Src/usbd_cdc.c ****   return USBD_CDC_CfgDesc;
 686:Middlewares/ST/STM32_USB_Device_Library/Class/CDC/Src/usbd_cdc.c **** }
 687:Middlewares/ST/STM32_USB_Device_Library/Class/CDC/Src/usbd_cdc.c **** 
 688:Middlewares/ST/STM32_USB_Device_Library/Class/CDC/Src/usbd_cdc.c **** /**
 689:Middlewares/ST/STM32_USB_Device_Library/Class/CDC/Src/usbd_cdc.c ****   * @brief  USBD_CDC_GetOtherSpeedCfgDesc
 690:Middlewares/ST/STM32_USB_Device_Library/Class/CDC/Src/usbd_cdc.c ****   *         Return configuration descriptor
 691:Middlewares/ST/STM32_USB_Device_Library/Class/CDC/Src/usbd_cdc.c ****   * @param  length : pointer data length
 692:Middlewares/ST/STM32_USB_Device_Library/Class/CDC/Src/usbd_cdc.c ****   * @retval pointer to descriptor buffer
 693:Middlewares/ST/STM32_USB_Device_Library/Class/CDC/Src/usbd_cdc.c ****   */
ARM GAS  /tmp/ccNbS6UW.s 			page 15


 694:Middlewares/ST/STM32_USB_Device_Library/Class/CDC/Src/usbd_cdc.c **** static uint8_t *USBD_CDC_GetOtherSpeedCfgDesc(uint16_t *length)
 695:Middlewares/ST/STM32_USB_Device_Library/Class/CDC/Src/usbd_cdc.c **** {
 696:Middlewares/ST/STM32_USB_Device_Library/Class/CDC/Src/usbd_cdc.c ****   USBD_EpDescTypeDef *pEpCmdDesc = USBD_GetEpDesc(USBD_CDC_CfgDesc, CDC_CMD_EP);
 697:Middlewares/ST/STM32_USB_Device_Library/Class/CDC/Src/usbd_cdc.c ****   USBD_EpDescTypeDef *pEpOutDesc = USBD_GetEpDesc(USBD_CDC_CfgDesc, CDC_OUT_EP);
 698:Middlewares/ST/STM32_USB_Device_Library/Class/CDC/Src/usbd_cdc.c ****   USBD_EpDescTypeDef *pEpInDesc = USBD_GetEpDesc(USBD_CDC_CfgDesc, CDC_IN_EP);
 699:Middlewares/ST/STM32_USB_Device_Library/Class/CDC/Src/usbd_cdc.c **** 
 700:Middlewares/ST/STM32_USB_Device_Library/Class/CDC/Src/usbd_cdc.c ****   if (pEpCmdDesc != NULL)
 701:Middlewares/ST/STM32_USB_Device_Library/Class/CDC/Src/usbd_cdc.c ****   {
 702:Middlewares/ST/STM32_USB_Device_Library/Class/CDC/Src/usbd_cdc.c ****     pEpCmdDesc->bInterval = CDC_FS_BINTERVAL;
 703:Middlewares/ST/STM32_USB_Device_Library/Class/CDC/Src/usbd_cdc.c ****   }
 704:Middlewares/ST/STM32_USB_Device_Library/Class/CDC/Src/usbd_cdc.c **** 
 705:Middlewares/ST/STM32_USB_Device_Library/Class/CDC/Src/usbd_cdc.c ****   if (pEpOutDesc != NULL)
 706:Middlewares/ST/STM32_USB_Device_Library/Class/CDC/Src/usbd_cdc.c ****   {
 707:Middlewares/ST/STM32_USB_Device_Library/Class/CDC/Src/usbd_cdc.c ****     pEpOutDesc->wMaxPacketSize = CDC_DATA_FS_MAX_PACKET_SIZE;
 708:Middlewares/ST/STM32_USB_Device_Library/Class/CDC/Src/usbd_cdc.c ****   }
 709:Middlewares/ST/STM32_USB_Device_Library/Class/CDC/Src/usbd_cdc.c **** 
 710:Middlewares/ST/STM32_USB_Device_Library/Class/CDC/Src/usbd_cdc.c ****   if (pEpInDesc != NULL)
 711:Middlewares/ST/STM32_USB_Device_Library/Class/CDC/Src/usbd_cdc.c ****   {
 712:Middlewares/ST/STM32_USB_Device_Library/Class/CDC/Src/usbd_cdc.c ****     pEpInDesc->wMaxPacketSize = CDC_DATA_FS_MAX_PACKET_SIZE;
 713:Middlewares/ST/STM32_USB_Device_Library/Class/CDC/Src/usbd_cdc.c ****   }
 714:Middlewares/ST/STM32_USB_Device_Library/Class/CDC/Src/usbd_cdc.c **** 
 715:Middlewares/ST/STM32_USB_Device_Library/Class/CDC/Src/usbd_cdc.c ****   *length = (uint16_t)sizeof(USBD_CDC_CfgDesc);
 716:Middlewares/ST/STM32_USB_Device_Library/Class/CDC/Src/usbd_cdc.c ****   return USBD_CDC_CfgDesc;
 717:Middlewares/ST/STM32_USB_Device_Library/Class/CDC/Src/usbd_cdc.c **** }
 718:Middlewares/ST/STM32_USB_Device_Library/Class/CDC/Src/usbd_cdc.c **** 
 719:Middlewares/ST/STM32_USB_Device_Library/Class/CDC/Src/usbd_cdc.c **** /**
 720:Middlewares/ST/STM32_USB_Device_Library/Class/CDC/Src/usbd_cdc.c ****   * @brief  USBD_CDC_GetDeviceQualifierDescriptor
 721:Middlewares/ST/STM32_USB_Device_Library/Class/CDC/Src/usbd_cdc.c ****   *         return Device Qualifier descriptor
 722:Middlewares/ST/STM32_USB_Device_Library/Class/CDC/Src/usbd_cdc.c ****   * @param  length : pointer data length
 723:Middlewares/ST/STM32_USB_Device_Library/Class/CDC/Src/usbd_cdc.c ****   * @retval pointer to descriptor buffer
 724:Middlewares/ST/STM32_USB_Device_Library/Class/CDC/Src/usbd_cdc.c ****   */
 725:Middlewares/ST/STM32_USB_Device_Library/Class/CDC/Src/usbd_cdc.c **** uint8_t *USBD_CDC_GetDeviceQualifierDescriptor(uint16_t *length)
 726:Middlewares/ST/STM32_USB_Device_Library/Class/CDC/Src/usbd_cdc.c **** {
 106              		.loc 1 726 1 is_stmt 1 view -0
 107              		.cfi_startproc
 108              		@ args = 0, pretend = 0, frame = 0
 109              		@ frame_needed = 0, uses_anonymous_args = 0
 110              		@ link register save eliminated.
 727:Middlewares/ST/STM32_USB_Device_Library/Class/CDC/Src/usbd_cdc.c ****   *length = (uint16_t)sizeof(USBD_CDC_DeviceQualifierDesc);
 111              		.loc 1 727 3 view .LVU24
 112              		.loc 1 727 11 is_stmt 0 view .LVU25
 113 0000 0A23     		movs	r3, #10
 114 0002 0380     		strh	r3, [r0]	@ movhi
 728:Middlewares/ST/STM32_USB_Device_Library/Class/CDC/Src/usbd_cdc.c **** 
 729:Middlewares/ST/STM32_USB_Device_Library/Class/CDC/Src/usbd_cdc.c ****   return USBD_CDC_DeviceQualifierDesc;
 115              		.loc 1 729 3 is_stmt 1 view .LVU26
 730:Middlewares/ST/STM32_USB_Device_Library/Class/CDC/Src/usbd_cdc.c **** }
 116              		.loc 1 730 1 is_stmt 0 view .LVU27
 117 0004 0048     		ldr	r0, .L8
 118              	.LVL7:
 119              		.loc 1 730 1 view .LVU28
 120 0006 7047     		bx	lr
 121              	.L9:
 122              		.align	2
 123              	.L8:
 124 0008 00000000 		.word	USBD_CDC_DeviceQualifierDesc
 125              		.cfi_endproc
ARM GAS  /tmp/ccNbS6UW.s 			page 16


 126              	.LFE397:
 128              		.section	.text.USBD_CDC_GetOtherSpeedCfgDesc,"ax",%progbits
 129              		.align	1
 130              		.syntax unified
 131              		.thumb
 132              		.thumb_func
 134              	USBD_CDC_GetOtherSpeedCfgDesc:
 135              	.LVL8:
 136              	.LFB396:
 695:Middlewares/ST/STM32_USB_Device_Library/Class/CDC/Src/usbd_cdc.c ****   USBD_EpDescTypeDef *pEpCmdDesc = USBD_GetEpDesc(USBD_CDC_CfgDesc, CDC_CMD_EP);
 137              		.loc 1 695 1 is_stmt 1 view -0
 138              		.cfi_startproc
 139              		@ args = 0, pretend = 0, frame = 0
 140              		@ frame_needed = 0, uses_anonymous_args = 0
 695:Middlewares/ST/STM32_USB_Device_Library/Class/CDC/Src/usbd_cdc.c ****   USBD_EpDescTypeDef *pEpCmdDesc = USBD_GetEpDesc(USBD_CDC_CfgDesc, CDC_CMD_EP);
 141              		.loc 1 695 1 is_stmt 0 view .LVU30
 142 0000 F8B5     		push	{r3, r4, r5, r6, r7, lr}
 143              	.LCFI1:
 144              		.cfi_def_cfa_offset 24
 145              		.cfi_offset 3, -24
 146              		.cfi_offset 4, -20
 147              		.cfi_offset 5, -16
 148              		.cfi_offset 6, -12
 149              		.cfi_offset 7, -8
 150              		.cfi_offset 14, -4
 151 0002 0646     		mov	r6, r0
 696:Middlewares/ST/STM32_USB_Device_Library/Class/CDC/Src/usbd_cdc.c ****   USBD_EpDescTypeDef *pEpOutDesc = USBD_GetEpDesc(USBD_CDC_CfgDesc, CDC_OUT_EP);
 152              		.loc 1 696 3 is_stmt 1 view .LVU31
 696:Middlewares/ST/STM32_USB_Device_Library/Class/CDC/Src/usbd_cdc.c ****   USBD_EpDescTypeDef *pEpOutDesc = USBD_GetEpDesc(USBD_CDC_CfgDesc, CDC_OUT_EP);
 153              		.loc 1 696 36 is_stmt 0 view .LVU32
 154 0004 0F4F     		ldr	r7, .L15
 155 0006 8221     		movs	r1, #130
 156 0008 3846     		mov	r0, r7
 157              	.LVL9:
 696:Middlewares/ST/STM32_USB_Device_Library/Class/CDC/Src/usbd_cdc.c ****   USBD_EpDescTypeDef *pEpOutDesc = USBD_GetEpDesc(USBD_CDC_CfgDesc, CDC_OUT_EP);
 158              		.loc 1 696 36 view .LVU33
 159 000a FFF7FEFF 		bl	USBD_GetEpDesc
 160              	.LVL10:
 161 000e 0546     		mov	r5, r0
 162              	.LVL11:
 697:Middlewares/ST/STM32_USB_Device_Library/Class/CDC/Src/usbd_cdc.c ****   USBD_EpDescTypeDef *pEpInDesc = USBD_GetEpDesc(USBD_CDC_CfgDesc, CDC_IN_EP);
 163              		.loc 1 697 3 is_stmt 1 view .LVU34
 697:Middlewares/ST/STM32_USB_Device_Library/Class/CDC/Src/usbd_cdc.c ****   USBD_EpDescTypeDef *pEpInDesc = USBD_GetEpDesc(USBD_CDC_CfgDesc, CDC_IN_EP);
 164              		.loc 1 697 36 is_stmt 0 view .LVU35
 165 0010 0121     		movs	r1, #1
 166 0012 3846     		mov	r0, r7
 167              	.LVL12:
 697:Middlewares/ST/STM32_USB_Device_Library/Class/CDC/Src/usbd_cdc.c ****   USBD_EpDescTypeDef *pEpInDesc = USBD_GetEpDesc(USBD_CDC_CfgDesc, CDC_IN_EP);
 168              		.loc 1 697 36 view .LVU36
 169 0014 FFF7FEFF 		bl	USBD_GetEpDesc
 170              	.LVL13:
 171 0018 0446     		mov	r4, r0
 172              	.LVL14:
 698:Middlewares/ST/STM32_USB_Device_Library/Class/CDC/Src/usbd_cdc.c **** 
 173              		.loc 1 698 3 is_stmt 1 view .LVU37
 698:Middlewares/ST/STM32_USB_Device_Library/Class/CDC/Src/usbd_cdc.c **** 
 174              		.loc 1 698 35 is_stmt 0 view .LVU38
ARM GAS  /tmp/ccNbS6UW.s 			page 17


 175 001a 8121     		movs	r1, #129
 176 001c 3846     		mov	r0, r7
 177              	.LVL15:
 698:Middlewares/ST/STM32_USB_Device_Library/Class/CDC/Src/usbd_cdc.c **** 
 178              		.loc 1 698 35 view .LVU39
 179 001e FFF7FEFF 		bl	USBD_GetEpDesc
 180              	.LVL16:
 700:Middlewares/ST/STM32_USB_Device_Library/Class/CDC/Src/usbd_cdc.c ****   {
 181              		.loc 1 700 3 is_stmt 1 view .LVU40
 700:Middlewares/ST/STM32_USB_Device_Library/Class/CDC/Src/usbd_cdc.c ****   {
 182              		.loc 1 700 6 is_stmt 0 view .LVU41
 183 0022 0DB1     		cbz	r5, .L11
 702:Middlewares/ST/STM32_USB_Device_Library/Class/CDC/Src/usbd_cdc.c ****   }
 184              		.loc 1 702 5 is_stmt 1 view .LVU42
 702:Middlewares/ST/STM32_USB_Device_Library/Class/CDC/Src/usbd_cdc.c ****   }
 185              		.loc 1 702 27 is_stmt 0 view .LVU43
 186 0024 1022     		movs	r2, #16
 187 0026 AA71     		strb	r2, [r5, #6]
 188              	.L11:
 705:Middlewares/ST/STM32_USB_Device_Library/Class/CDC/Src/usbd_cdc.c ****   {
 189              		.loc 1 705 3 is_stmt 1 view .LVU44
 705:Middlewares/ST/STM32_USB_Device_Library/Class/CDC/Src/usbd_cdc.c ****   {
 190              		.loc 1 705 6 is_stmt 0 view .LVU45
 191 0028 1CB1     		cbz	r4, .L12
 707:Middlewares/ST/STM32_USB_Device_Library/Class/CDC/Src/usbd_cdc.c ****   }
 192              		.loc 1 707 5 is_stmt 1 view .LVU46
 707:Middlewares/ST/STM32_USB_Device_Library/Class/CDC/Src/usbd_cdc.c ****   }
 193              		.loc 1 707 32 is_stmt 0 view .LVU47
 194 002a 4022     		movs	r2, #64
 195 002c 2271     		strb	r2, [r4, #4]
 196 002e 0022     		movs	r2, #0
 197 0030 6271     		strb	r2, [r4, #5]
 198              	.L12:
 710:Middlewares/ST/STM32_USB_Device_Library/Class/CDC/Src/usbd_cdc.c ****   {
 199              		.loc 1 710 3 is_stmt 1 view .LVU48
 710:Middlewares/ST/STM32_USB_Device_Library/Class/CDC/Src/usbd_cdc.c ****   {
 200              		.loc 1 710 6 is_stmt 0 view .LVU49
 201 0032 18B1     		cbz	r0, .L13
 712:Middlewares/ST/STM32_USB_Device_Library/Class/CDC/Src/usbd_cdc.c ****   }
 202              		.loc 1 712 5 is_stmt 1 view .LVU50
 712:Middlewares/ST/STM32_USB_Device_Library/Class/CDC/Src/usbd_cdc.c ****   }
 203              		.loc 1 712 31 is_stmt 0 view .LVU51
 204 0034 4022     		movs	r2, #64
 205 0036 0271     		strb	r2, [r0, #4]
 206 0038 0022     		movs	r2, #0
 207 003a 4271     		strb	r2, [r0, #5]
 208              	.L13:
 715:Middlewares/ST/STM32_USB_Device_Library/Class/CDC/Src/usbd_cdc.c ****   return USBD_CDC_CfgDesc;
 209              		.loc 1 715 3 is_stmt 1 view .LVU52
 715:Middlewares/ST/STM32_USB_Device_Library/Class/CDC/Src/usbd_cdc.c ****   return USBD_CDC_CfgDesc;
 210              		.loc 1 715 11 is_stmt 0 view .LVU53
 211 003c 4323     		movs	r3, #67
 212 003e 3380     		strh	r3, [r6]	@ movhi
 716:Middlewares/ST/STM32_USB_Device_Library/Class/CDC/Src/usbd_cdc.c **** }
 213              		.loc 1 716 3 is_stmt 1 view .LVU54
 717:Middlewares/ST/STM32_USB_Device_Library/Class/CDC/Src/usbd_cdc.c **** 
 214              		.loc 1 717 1 is_stmt 0 view .LVU55
ARM GAS  /tmp/ccNbS6UW.s 			page 18


 215 0040 0048     		ldr	r0, .L15
 216              	.LVL17:
 717:Middlewares/ST/STM32_USB_Device_Library/Class/CDC/Src/usbd_cdc.c **** 
 217              		.loc 1 717 1 view .LVU56
 218 0042 F8BD     		pop	{r3, r4, r5, r6, r7, pc}
 219              	.LVL18:
 220              	.L16:
 717:Middlewares/ST/STM32_USB_Device_Library/Class/CDC/Src/usbd_cdc.c **** 
 221              		.loc 1 717 1 view .LVU57
 222              		.align	2
 223              	.L15:
 224 0044 00000000 		.word	USBD_CDC_CfgDesc
 225              		.cfi_endproc
 226              	.LFE396:
 228              		.section	.text.USBD_CDC_GetFSCfgDesc,"ax",%progbits
 229              		.align	1
 230              		.syntax unified
 231              		.thumb
 232              		.thumb_func
 234              	USBD_CDC_GetFSCfgDesc:
 235              	.LVL19:
 236              	.LFB394:
 633:Middlewares/ST/STM32_USB_Device_Library/Class/CDC/Src/usbd_cdc.c ****   USBD_EpDescTypeDef *pEpCmdDesc = USBD_GetEpDesc(USBD_CDC_CfgDesc, CDC_CMD_EP);
 237              		.loc 1 633 1 is_stmt 1 view -0
 238              		.cfi_startproc
 239              		@ args = 0, pretend = 0, frame = 0
 240              		@ frame_needed = 0, uses_anonymous_args = 0
 633:Middlewares/ST/STM32_USB_Device_Library/Class/CDC/Src/usbd_cdc.c ****   USBD_EpDescTypeDef *pEpCmdDesc = USBD_GetEpDesc(USBD_CDC_CfgDesc, CDC_CMD_EP);
 241              		.loc 1 633 1 is_stmt 0 view .LVU59
 242 0000 F8B5     		push	{r3, r4, r5, r6, r7, lr}
 243              	.LCFI2:
 244              		.cfi_def_cfa_offset 24
 245              		.cfi_offset 3, -24
 246              		.cfi_offset 4, -20
 247              		.cfi_offset 5, -16
 248              		.cfi_offset 6, -12
 249              		.cfi_offset 7, -8
 250              		.cfi_offset 14, -4
 251 0002 0646     		mov	r6, r0
 634:Middlewares/ST/STM32_USB_Device_Library/Class/CDC/Src/usbd_cdc.c ****   USBD_EpDescTypeDef *pEpOutDesc = USBD_GetEpDesc(USBD_CDC_CfgDesc, CDC_OUT_EP);
 252              		.loc 1 634 3 is_stmt 1 view .LVU60
 634:Middlewares/ST/STM32_USB_Device_Library/Class/CDC/Src/usbd_cdc.c ****   USBD_EpDescTypeDef *pEpOutDesc = USBD_GetEpDesc(USBD_CDC_CfgDesc, CDC_OUT_EP);
 253              		.loc 1 634 36 is_stmt 0 view .LVU61
 254 0004 0F4F     		ldr	r7, .L22
 255 0006 8221     		movs	r1, #130
 256 0008 3846     		mov	r0, r7
 257              	.LVL20:
 634:Middlewares/ST/STM32_USB_Device_Library/Class/CDC/Src/usbd_cdc.c ****   USBD_EpDescTypeDef *pEpOutDesc = USBD_GetEpDesc(USBD_CDC_CfgDesc, CDC_OUT_EP);
 258              		.loc 1 634 36 view .LVU62
 259 000a FFF7FEFF 		bl	USBD_GetEpDesc
 260              	.LVL21:
 261 000e 0546     		mov	r5, r0
 262              	.LVL22:
 635:Middlewares/ST/STM32_USB_Device_Library/Class/CDC/Src/usbd_cdc.c ****   USBD_EpDescTypeDef *pEpInDesc = USBD_GetEpDesc(USBD_CDC_CfgDesc, CDC_IN_EP);
 263              		.loc 1 635 3 is_stmt 1 view .LVU63
 635:Middlewares/ST/STM32_USB_Device_Library/Class/CDC/Src/usbd_cdc.c ****   USBD_EpDescTypeDef *pEpInDesc = USBD_GetEpDesc(USBD_CDC_CfgDesc, CDC_IN_EP);
 264              		.loc 1 635 36 is_stmt 0 view .LVU64
ARM GAS  /tmp/ccNbS6UW.s 			page 19


 265 0010 0121     		movs	r1, #1
 266 0012 3846     		mov	r0, r7
 267              	.LVL23:
 635:Middlewares/ST/STM32_USB_Device_Library/Class/CDC/Src/usbd_cdc.c ****   USBD_EpDescTypeDef *pEpInDesc = USBD_GetEpDesc(USBD_CDC_CfgDesc, CDC_IN_EP);
 268              		.loc 1 635 36 view .LVU65
 269 0014 FFF7FEFF 		bl	USBD_GetEpDesc
 270              	.LVL24:
 271 0018 0446     		mov	r4, r0
 272              	.LVL25:
 636:Middlewares/ST/STM32_USB_Device_Library/Class/CDC/Src/usbd_cdc.c **** 
 273              		.loc 1 636 3 is_stmt 1 view .LVU66
 636:Middlewares/ST/STM32_USB_Device_Library/Class/CDC/Src/usbd_cdc.c **** 
 274              		.loc 1 636 35 is_stmt 0 view .LVU67
 275 001a 8121     		movs	r1, #129
 276 001c 3846     		mov	r0, r7
 277              	.LVL26:
 636:Middlewares/ST/STM32_USB_Device_Library/Class/CDC/Src/usbd_cdc.c **** 
 278              		.loc 1 636 35 view .LVU68
 279 001e FFF7FEFF 		bl	USBD_GetEpDesc
 280              	.LVL27:
 638:Middlewares/ST/STM32_USB_Device_Library/Class/CDC/Src/usbd_cdc.c ****   {
 281              		.loc 1 638 3 is_stmt 1 view .LVU69
 638:Middlewares/ST/STM32_USB_Device_Library/Class/CDC/Src/usbd_cdc.c ****   {
 282              		.loc 1 638 6 is_stmt 0 view .LVU70
 283 0022 0DB1     		cbz	r5, .L18
 640:Middlewares/ST/STM32_USB_Device_Library/Class/CDC/Src/usbd_cdc.c ****   }
 284              		.loc 1 640 5 is_stmt 1 view .LVU71
 640:Middlewares/ST/STM32_USB_Device_Library/Class/CDC/Src/usbd_cdc.c ****   }
 285              		.loc 1 640 27 is_stmt 0 view .LVU72
 286 0024 1022     		movs	r2, #16
 287 0026 AA71     		strb	r2, [r5, #6]
 288              	.L18:
 643:Middlewares/ST/STM32_USB_Device_Library/Class/CDC/Src/usbd_cdc.c ****   {
 289              		.loc 1 643 3 is_stmt 1 view .LVU73
 643:Middlewares/ST/STM32_USB_Device_Library/Class/CDC/Src/usbd_cdc.c ****   {
 290              		.loc 1 643 6 is_stmt 0 view .LVU74
 291 0028 1CB1     		cbz	r4, .L19
 645:Middlewares/ST/STM32_USB_Device_Library/Class/CDC/Src/usbd_cdc.c ****   }
 292              		.loc 1 645 5 is_stmt 1 view .LVU75
 645:Middlewares/ST/STM32_USB_Device_Library/Class/CDC/Src/usbd_cdc.c ****   }
 293              		.loc 1 645 32 is_stmt 0 view .LVU76
 294 002a 4022     		movs	r2, #64
 295 002c 2271     		strb	r2, [r4, #4]
 296 002e 0022     		movs	r2, #0
 297 0030 6271     		strb	r2, [r4, #5]
 298              	.L19:
 648:Middlewares/ST/STM32_USB_Device_Library/Class/CDC/Src/usbd_cdc.c ****   {
 299              		.loc 1 648 3 is_stmt 1 view .LVU77
 648:Middlewares/ST/STM32_USB_Device_Library/Class/CDC/Src/usbd_cdc.c ****   {
 300              		.loc 1 648 6 is_stmt 0 view .LVU78
 301 0032 18B1     		cbz	r0, .L20
 650:Middlewares/ST/STM32_USB_Device_Library/Class/CDC/Src/usbd_cdc.c ****   }
 302              		.loc 1 650 5 is_stmt 1 view .LVU79
 650:Middlewares/ST/STM32_USB_Device_Library/Class/CDC/Src/usbd_cdc.c ****   }
 303              		.loc 1 650 31 is_stmt 0 view .LVU80
 304 0034 4022     		movs	r2, #64
 305 0036 0271     		strb	r2, [r0, #4]
ARM GAS  /tmp/ccNbS6UW.s 			page 20


 306 0038 0022     		movs	r2, #0
 307 003a 4271     		strb	r2, [r0, #5]
 308              	.L20:
 653:Middlewares/ST/STM32_USB_Device_Library/Class/CDC/Src/usbd_cdc.c ****   return USBD_CDC_CfgDesc;
 309              		.loc 1 653 3 is_stmt 1 view .LVU81
 653:Middlewares/ST/STM32_USB_Device_Library/Class/CDC/Src/usbd_cdc.c ****   return USBD_CDC_CfgDesc;
 310              		.loc 1 653 11 is_stmt 0 view .LVU82
 311 003c 4323     		movs	r3, #67
 312 003e 3380     		strh	r3, [r6]	@ movhi
 654:Middlewares/ST/STM32_USB_Device_Library/Class/CDC/Src/usbd_cdc.c **** }
 313              		.loc 1 654 3 is_stmt 1 view .LVU83
 655:Middlewares/ST/STM32_USB_Device_Library/Class/CDC/Src/usbd_cdc.c **** 
 314              		.loc 1 655 1 is_stmt 0 view .LVU84
 315 0040 0048     		ldr	r0, .L22
 316              	.LVL28:
 655:Middlewares/ST/STM32_USB_Device_Library/Class/CDC/Src/usbd_cdc.c **** 
 317              		.loc 1 655 1 view .LVU85
 318 0042 F8BD     		pop	{r3, r4, r5, r6, r7, pc}
 319              	.LVL29:
 320              	.L23:
 655:Middlewares/ST/STM32_USB_Device_Library/Class/CDC/Src/usbd_cdc.c **** 
 321              		.loc 1 655 1 view .LVU86
 322              		.align	2
 323              	.L22:
 324 0044 00000000 		.word	USBD_CDC_CfgDesc
 325              		.cfi_endproc
 326              	.LFE394:
 328              		.section	.text.USBD_CDC_GetHSCfgDesc,"ax",%progbits
 329              		.align	1
 330              		.syntax unified
 331              		.thumb
 332              		.thumb_func
 334              	USBD_CDC_GetHSCfgDesc:
 335              	.LVL30:
 336              	.LFB395:
 664:Middlewares/ST/STM32_USB_Device_Library/Class/CDC/Src/usbd_cdc.c ****   USBD_EpDescTypeDef *pEpCmdDesc = USBD_GetEpDesc(USBD_CDC_CfgDesc, CDC_CMD_EP);
 337              		.loc 1 664 1 is_stmt 1 view -0
 338              		.cfi_startproc
 339              		@ args = 0, pretend = 0, frame = 0
 340              		@ frame_needed = 0, uses_anonymous_args = 0
 664:Middlewares/ST/STM32_USB_Device_Library/Class/CDC/Src/usbd_cdc.c ****   USBD_EpDescTypeDef *pEpCmdDesc = USBD_GetEpDesc(USBD_CDC_CfgDesc, CDC_CMD_EP);
 341              		.loc 1 664 1 is_stmt 0 view .LVU88
 342 0000 F8B5     		push	{r3, r4, r5, r6, r7, lr}
 343              	.LCFI3:
 344              		.cfi_def_cfa_offset 24
 345              		.cfi_offset 3, -24
 346              		.cfi_offset 4, -20
 347              		.cfi_offset 5, -16
 348              		.cfi_offset 6, -12
 349              		.cfi_offset 7, -8
 350              		.cfi_offset 14, -4
 351 0002 0646     		mov	r6, r0
 665:Middlewares/ST/STM32_USB_Device_Library/Class/CDC/Src/usbd_cdc.c ****   USBD_EpDescTypeDef *pEpOutDesc = USBD_GetEpDesc(USBD_CDC_CfgDesc, CDC_OUT_EP);
 352              		.loc 1 665 3 is_stmt 1 view .LVU89
 665:Middlewares/ST/STM32_USB_Device_Library/Class/CDC/Src/usbd_cdc.c ****   USBD_EpDescTypeDef *pEpOutDesc = USBD_GetEpDesc(USBD_CDC_CfgDesc, CDC_OUT_EP);
 353              		.loc 1 665 36 is_stmt 0 view .LVU90
 354 0004 0F4F     		ldr	r7, .L29
ARM GAS  /tmp/ccNbS6UW.s 			page 21


 355 0006 8221     		movs	r1, #130
 356 0008 3846     		mov	r0, r7
 357              	.LVL31:
 665:Middlewares/ST/STM32_USB_Device_Library/Class/CDC/Src/usbd_cdc.c ****   USBD_EpDescTypeDef *pEpOutDesc = USBD_GetEpDesc(USBD_CDC_CfgDesc, CDC_OUT_EP);
 358              		.loc 1 665 36 view .LVU91
 359 000a FFF7FEFF 		bl	USBD_GetEpDesc
 360              	.LVL32:
 361 000e 0546     		mov	r5, r0
 362              	.LVL33:
 666:Middlewares/ST/STM32_USB_Device_Library/Class/CDC/Src/usbd_cdc.c ****   USBD_EpDescTypeDef *pEpInDesc = USBD_GetEpDesc(USBD_CDC_CfgDesc, CDC_IN_EP);
 363              		.loc 1 666 3 is_stmt 1 view .LVU92
 666:Middlewares/ST/STM32_USB_Device_Library/Class/CDC/Src/usbd_cdc.c ****   USBD_EpDescTypeDef *pEpInDesc = USBD_GetEpDesc(USBD_CDC_CfgDesc, CDC_IN_EP);
 364              		.loc 1 666 36 is_stmt 0 view .LVU93
 365 0010 0121     		movs	r1, #1
 366 0012 3846     		mov	r0, r7
 367              	.LVL34:
 666:Middlewares/ST/STM32_USB_Device_Library/Class/CDC/Src/usbd_cdc.c ****   USBD_EpDescTypeDef *pEpInDesc = USBD_GetEpDesc(USBD_CDC_CfgDesc, CDC_IN_EP);
 368              		.loc 1 666 36 view .LVU94
 369 0014 FFF7FEFF 		bl	USBD_GetEpDesc
 370              	.LVL35:
 371 0018 0446     		mov	r4, r0
 372              	.LVL36:
 667:Middlewares/ST/STM32_USB_Device_Library/Class/CDC/Src/usbd_cdc.c **** 
 373              		.loc 1 667 3 is_stmt 1 view .LVU95
 667:Middlewares/ST/STM32_USB_Device_Library/Class/CDC/Src/usbd_cdc.c **** 
 374              		.loc 1 667 35 is_stmt 0 view .LVU96
 375 001a 8121     		movs	r1, #129
 376 001c 3846     		mov	r0, r7
 377              	.LVL37:
 667:Middlewares/ST/STM32_USB_Device_Library/Class/CDC/Src/usbd_cdc.c **** 
 378              		.loc 1 667 35 view .LVU97
 379 001e FFF7FEFF 		bl	USBD_GetEpDesc
 380              	.LVL38:
 669:Middlewares/ST/STM32_USB_Device_Library/Class/CDC/Src/usbd_cdc.c ****   {
 381              		.loc 1 669 3 is_stmt 1 view .LVU98
 669:Middlewares/ST/STM32_USB_Device_Library/Class/CDC/Src/usbd_cdc.c ****   {
 382              		.loc 1 669 6 is_stmt 0 view .LVU99
 383 0022 0DB1     		cbz	r5, .L25
 671:Middlewares/ST/STM32_USB_Device_Library/Class/CDC/Src/usbd_cdc.c ****   }
 384              		.loc 1 671 5 is_stmt 1 view .LVU100
 671:Middlewares/ST/STM32_USB_Device_Library/Class/CDC/Src/usbd_cdc.c ****   }
 385              		.loc 1 671 27 is_stmt 0 view .LVU101
 386 0024 1022     		movs	r2, #16
 387 0026 AA71     		strb	r2, [r5, #6]
 388              	.L25:
 674:Middlewares/ST/STM32_USB_Device_Library/Class/CDC/Src/usbd_cdc.c ****   {
 389              		.loc 1 674 3 is_stmt 1 view .LVU102
 674:Middlewares/ST/STM32_USB_Device_Library/Class/CDC/Src/usbd_cdc.c ****   {
 390              		.loc 1 674 6 is_stmt 0 view .LVU103
 391 0028 1CB1     		cbz	r4, .L26
 676:Middlewares/ST/STM32_USB_Device_Library/Class/CDC/Src/usbd_cdc.c ****   }
 392              		.loc 1 676 5 is_stmt 1 view .LVU104
 676:Middlewares/ST/STM32_USB_Device_Library/Class/CDC/Src/usbd_cdc.c ****   }
 393              		.loc 1 676 32 is_stmt 0 view .LVU105
 394 002a 0022     		movs	r2, #0
 395 002c 2271     		strb	r2, [r4, #4]
 396 002e 0222     		movs	r2, #2
ARM GAS  /tmp/ccNbS6UW.s 			page 22


 397 0030 6271     		strb	r2, [r4, #5]
 398              	.L26:
 679:Middlewares/ST/STM32_USB_Device_Library/Class/CDC/Src/usbd_cdc.c ****   {
 399              		.loc 1 679 3 is_stmt 1 view .LVU106
 679:Middlewares/ST/STM32_USB_Device_Library/Class/CDC/Src/usbd_cdc.c ****   {
 400              		.loc 1 679 6 is_stmt 0 view .LVU107
 401 0032 18B1     		cbz	r0, .L27
 681:Middlewares/ST/STM32_USB_Device_Library/Class/CDC/Src/usbd_cdc.c ****   }
 402              		.loc 1 681 5 is_stmt 1 view .LVU108
 681:Middlewares/ST/STM32_USB_Device_Library/Class/CDC/Src/usbd_cdc.c ****   }
 403              		.loc 1 681 31 is_stmt 0 view .LVU109
 404 0034 0022     		movs	r2, #0
 405 0036 0271     		strb	r2, [r0, #4]
 406 0038 0222     		movs	r2, #2
 407 003a 4271     		strb	r2, [r0, #5]
 408              	.L27:
 684:Middlewares/ST/STM32_USB_Device_Library/Class/CDC/Src/usbd_cdc.c ****   return USBD_CDC_CfgDesc;
 409              		.loc 1 684 3 is_stmt 1 view .LVU110
 684:Middlewares/ST/STM32_USB_Device_Library/Class/CDC/Src/usbd_cdc.c ****   return USBD_CDC_CfgDesc;
 410              		.loc 1 684 11 is_stmt 0 view .LVU111
 411 003c 4323     		movs	r3, #67
 412 003e 3380     		strh	r3, [r6]	@ movhi
 685:Middlewares/ST/STM32_USB_Device_Library/Class/CDC/Src/usbd_cdc.c **** }
 413              		.loc 1 685 3 is_stmt 1 view .LVU112
 686:Middlewares/ST/STM32_USB_Device_Library/Class/CDC/Src/usbd_cdc.c **** 
 414              		.loc 1 686 1 is_stmt 0 view .LVU113
 415 0040 0048     		ldr	r0, .L29
 416              	.LVL39:
 686:Middlewares/ST/STM32_USB_Device_Library/Class/CDC/Src/usbd_cdc.c **** 
 417              		.loc 1 686 1 view .LVU114
 418 0042 F8BD     		pop	{r3, r4, r5, r6, r7, pc}
 419              	.LVL40:
 420              	.L30:
 686:Middlewares/ST/STM32_USB_Device_Library/Class/CDC/Src/usbd_cdc.c **** 
 421              		.loc 1 686 1 view .LVU115
 422              		.align	2
 423              	.L29:
 424 0044 00000000 		.word	USBD_CDC_CfgDesc
 425              		.cfi_endproc
 426              	.LFE395:
 428              		.section	.text.USBD_CDC_DataOut,"ax",%progbits
 429              		.align	1
 430              		.syntax unified
 431              		.thumb
 432              		.thumb_func
 434              	USBD_CDC_DataOut:
 435              	.LVL41:
 436              	.LFB392:
 581:Middlewares/ST/STM32_USB_Device_Library/Class/CDC/Src/usbd_cdc.c ****   USBD_CDC_HandleTypeDef *hcdc = (USBD_CDC_HandleTypeDef *)pdev->pClassDataCmsit[pdev->classId];
 437              		.loc 1 581 1 is_stmt 1 view -0
 438              		.cfi_startproc
 439              		@ args = 0, pretend = 0, frame = 0
 440              		@ frame_needed = 0, uses_anonymous_args = 0
 581:Middlewares/ST/STM32_USB_Device_Library/Class/CDC/Src/usbd_cdc.c ****   USBD_CDC_HandleTypeDef *hcdc = (USBD_CDC_HandleTypeDef *)pdev->pClassDataCmsit[pdev->classId];
 441              		.loc 1 581 1 is_stmt 0 view .LVU117
 442 0000 38B5     		push	{r3, r4, r5, lr}
 443              	.LCFI4:
ARM GAS  /tmp/ccNbS6UW.s 			page 23


 444              		.cfi_def_cfa_offset 16
 445              		.cfi_offset 3, -16
 446              		.cfi_offset 4, -12
 447              		.cfi_offset 5, -8
 448              		.cfi_offset 14, -4
 582:Middlewares/ST/STM32_USB_Device_Library/Class/CDC/Src/usbd_cdc.c **** 
 449              		.loc 1 582 3 is_stmt 1 view .LVU118
 582:Middlewares/ST/STM32_USB_Device_Library/Class/CDC/Src/usbd_cdc.c **** 
 450              		.loc 1 582 86 is_stmt 0 view .LVU119
 451 0002 D0F8D432 		ldr	r3, [r0, #724]
 582:Middlewares/ST/STM32_USB_Device_Library/Class/CDC/Src/usbd_cdc.c **** 
 452              		.loc 1 582 27 view .LVU120
 453 0006 B033     		adds	r3, r3, #176
 454 0008 50F82350 		ldr	r5, [r0, r3, lsl #2]
 455              	.LVL42:
 584:Middlewares/ST/STM32_USB_Device_Library/Class/CDC/Src/usbd_cdc.c ****   {
 456              		.loc 1 584 3 is_stmt 1 view .LVU121
 584:Middlewares/ST/STM32_USB_Device_Library/Class/CDC/Src/usbd_cdc.c ****   {
 457              		.loc 1 584 6 is_stmt 0 view .LVU122
 458 000c 95B1     		cbz	r5, .L33
 459 000e 0446     		mov	r4, r0
 590:Middlewares/ST/STM32_USB_Device_Library/Class/CDC/Src/usbd_cdc.c **** 
 460              		.loc 1 590 3 is_stmt 1 view .LVU123
 590:Middlewares/ST/STM32_USB_Device_Library/Class/CDC/Src/usbd_cdc.c **** 
 461              		.loc 1 590 20 is_stmt 0 view .LVU124
 462 0010 FFF7FEFF 		bl	USBD_LL_GetRxDataSize
 463              	.LVL43:
 590:Middlewares/ST/STM32_USB_Device_Library/Class/CDC/Src/usbd_cdc.c **** 
 464              		.loc 1 590 18 discriminator 1 view .LVU125
 465 0014 C5F80C02 		str	r0, [r5, #524]
 595:Middlewares/ST/STM32_USB_Device_Library/Class/CDC/Src/usbd_cdc.c **** 
 466              		.loc 1 595 3 is_stmt 1 view .LVU126
 595:Middlewares/ST/STM32_USB_Device_Library/Class/CDC/Src/usbd_cdc.c **** 
 467              		.loc 1 595 47 is_stmt 0 view .LVU127
 468 0018 D4F8D432 		ldr	r3, [r4, #724]
 595:Middlewares/ST/STM32_USB_Device_Library/Class/CDC/Src/usbd_cdc.c **** 
 469              		.loc 1 595 42 view .LVU128
 470 001c B033     		adds	r3, r3, #176
 471 001e 04EB8304 		add	r4, r4, r3, lsl #2
 472              	.LVL44:
 595:Middlewares/ST/STM32_USB_Device_Library/Class/CDC/Src/usbd_cdc.c **** 
 473              		.loc 1 595 42 view .LVU129
 474 0022 6368     		ldr	r3, [r4, #4]
 595:Middlewares/ST/STM32_USB_Device_Library/Class/CDC/Src/usbd_cdc.c **** 
 475              		.loc 1 595 58 view .LVU130
 476 0024 DB68     		ldr	r3, [r3, #12]
 595:Middlewares/ST/STM32_USB_Device_Library/Class/CDC/Src/usbd_cdc.c **** 
 477              		.loc 1 595 4 view .LVU131
 478 0026 05F50371 		add	r1, r5, #524
 479 002a D5F80402 		ldr	r0, [r5, #516]
 480 002e 9847     		blx	r3
 481              	.LVL45:
 597:Middlewares/ST/STM32_USB_Device_Library/Class/CDC/Src/usbd_cdc.c **** }
 482              		.loc 1 597 3 is_stmt 1 view .LVU132
 597:Middlewares/ST/STM32_USB_Device_Library/Class/CDC/Src/usbd_cdc.c **** }
 483              		.loc 1 597 10 is_stmt 0 view .LVU133
 484 0030 0020     		movs	r0, #0
ARM GAS  /tmp/ccNbS6UW.s 			page 24


 485              	.L32:
 598:Middlewares/ST/STM32_USB_Device_Library/Class/CDC/Src/usbd_cdc.c **** 
 486              		.loc 1 598 1 view .LVU134
 487 0032 38BD     		pop	{r3, r4, r5, pc}
 488              	.LVL46:
 489              	.L33:
 586:Middlewares/ST/STM32_USB_Device_Library/Class/CDC/Src/usbd_cdc.c ****   }
 490              		.loc 1 586 12 view .LVU135
 491 0034 0320     		movs	r0, #3
 492              	.LVL47:
 586:Middlewares/ST/STM32_USB_Device_Library/Class/CDC/Src/usbd_cdc.c ****   }
 493              		.loc 1 586 12 view .LVU136
 494 0036 FCE7     		b	.L32
 495              		.cfi_endproc
 496              	.LFE392:
 498              		.section	.text.USBD_CDC_DataIn,"ax",%progbits
 499              		.align	1
 500              		.syntax unified
 501              		.thumb
 502              		.thumb_func
 504              	USBD_CDC_DataIn:
 505              	.LVL48:
 506              	.LFB391:
 540:Middlewares/ST/STM32_USB_Device_Library/Class/CDC/Src/usbd_cdc.c ****   USBD_CDC_HandleTypeDef *hcdc;
 507              		.loc 1 540 1 is_stmt 1 view -0
 508              		.cfi_startproc
 509              		@ args = 0, pretend = 0, frame = 0
 510              		@ frame_needed = 0, uses_anonymous_args = 0
 540:Middlewares/ST/STM32_USB_Device_Library/Class/CDC/Src/usbd_cdc.c ****   USBD_CDC_HandleTypeDef *hcdc;
 511              		.loc 1 540 1 is_stmt 0 view .LVU138
 512 0000 38B5     		push	{r3, r4, r5, lr}
 513              	.LCFI5:
 514              		.cfi_def_cfa_offset 16
 515              		.cfi_offset 3, -16
 516              		.cfi_offset 4, -12
 517              		.cfi_offset 5, -8
 518              		.cfi_offset 14, -4
 541:Middlewares/ST/STM32_USB_Device_Library/Class/CDC/Src/usbd_cdc.c ****   PCD_HandleTypeDef *hpcd = (PCD_HandleTypeDef *)pdev->pData;
 519              		.loc 1 541 3 is_stmt 1 view .LVU139
 542:Middlewares/ST/STM32_USB_Device_Library/Class/CDC/Src/usbd_cdc.c **** 
 520              		.loc 1 542 3 view .LVU140
 542:Middlewares/ST/STM32_USB_Device_Library/Class/CDC/Src/usbd_cdc.c **** 
 521              		.loc 1 542 22 is_stmt 0 view .LVU141
 522 0002 D0F8C852 		ldr	r5, [r0, #712]
 523              	.LVL49:
 544:Middlewares/ST/STM32_USB_Device_Library/Class/CDC/Src/usbd_cdc.c ****   {
 524              		.loc 1 544 3 is_stmt 1 view .LVU142
 544:Middlewares/ST/STM32_USB_Device_Library/Class/CDC/Src/usbd_cdc.c ****   {
 525              		.loc 1 544 33 is_stmt 0 view .LVU143
 526 0006 D0F8D432 		ldr	r3, [r0, #724]
 544:Middlewares/ST/STM32_USB_Device_Library/Class/CDC/Src/usbd_cdc.c ****   {
 527              		.loc 1 544 28 view .LVU144
 528 000a B033     		adds	r3, r3, #176
 529 000c 50F82340 		ldr	r4, [r0, r3, lsl #2]
 544:Middlewares/ST/STM32_USB_Device_Library/Class/CDC/Src/usbd_cdc.c ****   {
 530              		.loc 1 544 6 view .LVU145
 531 0010 84B3     		cbz	r4, .L38
ARM GAS  /tmp/ccNbS6UW.s 			page 25


 549:Middlewares/ST/STM32_USB_Device_Library/Class/CDC/Src/usbd_cdc.c **** 
 532              		.loc 1 549 3 is_stmt 1 view .LVU146
 533              	.LVL50:
 551:Middlewares/ST/STM32_USB_Device_Library/Class/CDC/Src/usbd_cdc.c ****       ((pdev->ep_in[epnum & 0xFU].total_length % hpcd->IN_ep[epnum & 0xFU].maxpacket) == 0U))
 534              		.loc 1 551 3 view .LVU147
 551:Middlewares/ST/STM32_USB_Device_Library/Class/CDC/Src/usbd_cdc.c ****       ((pdev->ep_in[epnum & 0xFU].total_length % hpcd->IN_ep[epnum & 0xFU].maxpacket) == 0U))
 535              		.loc 1 551 26 is_stmt 0 view .LVU148
 536 0012 01F00F03 		and	r3, r1, #15
 551:Middlewares/ST/STM32_USB_Device_Library/Class/CDC/Src/usbd_cdc.c ****       ((pdev->ep_in[epnum & 0xFU].total_length % hpcd->IN_ep[epnum & 0xFU].maxpacket) == 0U))
 537              		.loc 1 551 33 view .LVU149
 538 0016 03EB8302 		add	r2, r3, r3, lsl #2
 539 001a 00EB8202 		add	r2, r0, r2, lsl #2
 540 001e 5269     		ldr	r2, [r2, #20]
 551:Middlewares/ST/STM32_USB_Device_Library/Class/CDC/Src/usbd_cdc.c ****       ((pdev->ep_in[epnum & 0xFU].total_length % hpcd->IN_ep[epnum & 0xFU].maxpacket) == 0U))
 541              		.loc 1 551 6 view .LVU150
 542 0020 4AB1     		cbz	r2, .L37
 552:Middlewares/ST/STM32_USB_Device_Library/Class/CDC/Src/usbd_cdc.c ****   {
 543              		.loc 1 552 75 view .LVU151
 544 0022 03EB830C 		add	ip, r3, r3, lsl #2
 545 0026 05EBCC05 		add	r5, r5, ip, lsl #3
 546              	.LVL51:
 552:Middlewares/ST/STM32_USB_Device_Library/Class/CDC/Src/usbd_cdc.c ****   {
 547              		.loc 1 552 75 view .LVU152
 548 002a 2D6A     		ldr	r5, [r5, #32]
 552:Middlewares/ST/STM32_USB_Device_Library/Class/CDC/Src/usbd_cdc.c ****   {
 549              		.loc 1 552 48 view .LVU153
 550 002c B2FBF5FC 		udiv	ip, r2, r5
 551 0030 05FB1C22 		mls	r2, r5, ip, r2
 551:Middlewares/ST/STM32_USB_Device_Library/Class/CDC/Src/usbd_cdc.c ****       ((pdev->ep_in[epnum & 0xFU].total_length % hpcd->IN_ep[epnum & 0xFU].maxpacket) == 0U))
 552              		.loc 1 551 53 discriminator 1 view .LVU154
 553 0034 92B1     		cbz	r2, .L41
 554              	.L37:
 562:Middlewares/ST/STM32_USB_Device_Library/Class/CDC/Src/usbd_cdc.c **** 
 555              		.loc 1 562 5 is_stmt 1 view .LVU155
 562:Middlewares/ST/STM32_USB_Device_Library/Class/CDC/Src/usbd_cdc.c **** 
 556              		.loc 1 562 19 is_stmt 0 view .LVU156
 557 0036 0023     		movs	r3, #0
 558 0038 C4F81432 		str	r3, [r4, #532]
 559              	.LVL52:
 564:Middlewares/ST/STM32_USB_Device_Library/Class/CDC/Src/usbd_cdc.c ****     {
 560              		.loc 1 564 5 is_stmt 1 view .LVU157
 564:Middlewares/ST/STM32_USB_Device_Library/Class/CDC/Src/usbd_cdc.c ****     {
 561              		.loc 1 564 53 is_stmt 0 view .LVU158
 562 003c D0F8D432 		ldr	r3, [r0, #724]
 564:Middlewares/ST/STM32_USB_Device_Library/Class/CDC/Src/usbd_cdc.c ****     {
 563              		.loc 1 564 48 view .LVU159
 564 0040 B033     		adds	r3, r3, #176
 565 0042 00EB8300 		add	r0, r0, r3, lsl #2
 566              	.LVL53:
 564:Middlewares/ST/STM32_USB_Device_Library/Class/CDC/Src/usbd_cdc.c ****     {
 567              		.loc 1 564 48 view .LVU160
 568 0046 4368     		ldr	r3, [r0, #4]
 564:Middlewares/ST/STM32_USB_Device_Library/Class/CDC/Src/usbd_cdc.c ****     {
 569              		.loc 1 564 64 view .LVU161
 570 0048 1B69     		ldr	r3, [r3, #16]
 564:Middlewares/ST/STM32_USB_Device_Library/Class/CDC/Src/usbd_cdc.c ****     {
 571              		.loc 1 564 8 view .LVU162
ARM GAS  /tmp/ccNbS6UW.s 			page 26


 572 004a ABB1     		cbz	r3, .L39
 566:Middlewares/ST/STM32_USB_Device_Library/Class/CDC/Src/usbd_cdc.c ****     }
 573              		.loc 1 566 7 is_stmt 1 view .LVU163
 566:Middlewares/ST/STM32_USB_Device_Library/Class/CDC/Src/usbd_cdc.c ****     }
 574              		.loc 1 566 8 is_stmt 0 view .LVU164
 575 004c 0A46     		mov	r2, r1
 576 004e 04F50471 		add	r1, r4, #528
 577              	.LVL54:
 566:Middlewares/ST/STM32_USB_Device_Library/Class/CDC/Src/usbd_cdc.c ****     }
 578              		.loc 1 566 8 view .LVU165
 579 0052 D4F80802 		ldr	r0, [r4, #520]
 580 0056 9847     		blx	r3
 581              	.LVL55:
 570:Middlewares/ST/STM32_USB_Device_Library/Class/CDC/Src/usbd_cdc.c **** }
 582              		.loc 1 570 10 view .LVU166
 583 0058 0020     		movs	r0, #0
 584              	.LVL56:
 585              	.L36:
 571:Middlewares/ST/STM32_USB_Device_Library/Class/CDC/Src/usbd_cdc.c **** 
 586              		.loc 1 571 1 view .LVU167
 587 005a 38BD     		pop	{r3, r4, r5, pc}
 588              	.LVL57:
 589              	.L41:
 555:Middlewares/ST/STM32_USB_Device_Library/Class/CDC/Src/usbd_cdc.c **** 
 590              		.loc 1 555 5 is_stmt 1 view .LVU168
 555:Middlewares/ST/STM32_USB_Device_Library/Class/CDC/Src/usbd_cdc.c **** 
 591              		.loc 1 555 44 is_stmt 0 view .LVU169
 592 005c 03EB8303 		add	r3, r3, r3, lsl #2
 593 0060 00EB8303 		add	r3, r0, r3, lsl #2
 594 0064 0024     		movs	r4, #0
 595              	.LVL58:
 555:Middlewares/ST/STM32_USB_Device_Library/Class/CDC/Src/usbd_cdc.c **** 
 596              		.loc 1 555 44 view .LVU170
 597 0066 5C61     		str	r4, [r3, #20]
 598              	.LVL59:
 558:Middlewares/ST/STM32_USB_Device_Library/Class/CDC/Src/usbd_cdc.c ****   }
 599              		.loc 1 558 5 is_stmt 1 view .LVU171
 558:Middlewares/ST/STM32_USB_Device_Library/Class/CDC/Src/usbd_cdc.c ****   }
 600              		.loc 1 558 11 is_stmt 0 view .LVU172
 601 0068 2346     		mov	r3, r4
 602 006a 2246     		mov	r2, r4
 603 006c FFF7FEFF 		bl	USBD_LL_Transmit
 604              	.LVL60:
 570:Middlewares/ST/STM32_USB_Device_Library/Class/CDC/Src/usbd_cdc.c **** }
 605              		.loc 1 570 10 view .LVU173
 606 0070 2046     		mov	r0, r4
 558:Middlewares/ST/STM32_USB_Device_Library/Class/CDC/Src/usbd_cdc.c ****   }
 607              		.loc 1 558 5 view .LVU174
 608 0072 F2E7     		b	.L36
 609              	.LVL61:
 610              	.L38:
 546:Middlewares/ST/STM32_USB_Device_Library/Class/CDC/Src/usbd_cdc.c ****   }
 611              		.loc 1 546 12 view .LVU175
 612 0074 0320     		movs	r0, #3
 613              	.LVL62:
 546:Middlewares/ST/STM32_USB_Device_Library/Class/CDC/Src/usbd_cdc.c ****   }
 614              		.loc 1 546 12 view .LVU176
ARM GAS  /tmp/ccNbS6UW.s 			page 27


 615 0076 F0E7     		b	.L36
 616              	.LVL63:
 617              	.L39:
 570:Middlewares/ST/STM32_USB_Device_Library/Class/CDC/Src/usbd_cdc.c **** }
 618              		.loc 1 570 10 view .LVU177
 619 0078 0020     		movs	r0, #0
 620 007a EEE7     		b	.L36
 621              		.cfi_endproc
 622              	.LFE391:
 624              		.section	.text.USBD_CDC_Setup,"ax",%progbits
 625              		.align	1
 626              		.syntax unified
 627              		.thumb
 628              		.thumb_func
 630              	USBD_CDC_Setup:
 631              	.LVL64:
 632              	.LFB390:
 437:Middlewares/ST/STM32_USB_Device_Library/Class/CDC/Src/usbd_cdc.c ****   USBD_CDC_HandleTypeDef *hcdc = (USBD_CDC_HandleTypeDef *)pdev->pClassDataCmsit[pdev->classId];
 633              		.loc 1 437 1 is_stmt 1 view -0
 634              		.cfi_startproc
 635              		@ args = 0, pretend = 0, frame = 8
 636              		@ frame_needed = 0, uses_anonymous_args = 0
 437:Middlewares/ST/STM32_USB_Device_Library/Class/CDC/Src/usbd_cdc.c ****   USBD_CDC_HandleTypeDef *hcdc = (USBD_CDC_HandleTypeDef *)pdev->pClassDataCmsit[pdev->classId];
 637              		.loc 1 437 1 is_stmt 0 view .LVU179
 638 0000 F0B5     		push	{r4, r5, r6, r7, lr}
 639              	.LCFI6:
 640              		.cfi_def_cfa_offset 20
 641              		.cfi_offset 4, -20
 642              		.cfi_offset 5, -16
 643              		.cfi_offset 6, -12
 644              		.cfi_offset 7, -8
 645              		.cfi_offset 14, -4
 646 0002 83B0     		sub	sp, sp, #12
 647              	.LCFI7:
 648              		.cfi_def_cfa_offset 32
 438:Middlewares/ST/STM32_USB_Device_Library/Class/CDC/Src/usbd_cdc.c ****   uint16_t len;
 649              		.loc 1 438 3 is_stmt 1 view .LVU180
 438:Middlewares/ST/STM32_USB_Device_Library/Class/CDC/Src/usbd_cdc.c ****   uint16_t len;
 650              		.loc 1 438 86 is_stmt 0 view .LVU181
 651 0004 D0F8D432 		ldr	r3, [r0, #724]
 438:Middlewares/ST/STM32_USB_Device_Library/Class/CDC/Src/usbd_cdc.c ****   uint16_t len;
 652              		.loc 1 438 27 view .LVU182
 653 0008 03F1B002 		add	r2, r3, #176
 654 000c 50F82270 		ldr	r7, [r0, r2, lsl #2]
 655              	.LVL65:
 439:Middlewares/ST/STM32_USB_Device_Library/Class/CDC/Src/usbd_cdc.c ****   uint8_t ifalt = 0U;
 656              		.loc 1 439 3 is_stmt 1 view .LVU183
 440:Middlewares/ST/STM32_USB_Device_Library/Class/CDC/Src/usbd_cdc.c ****   uint16_t status_info = 0U;
 657              		.loc 1 440 3 view .LVU184
 440:Middlewares/ST/STM32_USB_Device_Library/Class/CDC/Src/usbd_cdc.c ****   uint16_t status_info = 0U;
 658              		.loc 1 440 11 is_stmt 0 view .LVU185
 659 0010 0022     		movs	r2, #0
 660 0012 8DF80720 		strb	r2, [sp, #7]
 441:Middlewares/ST/STM32_USB_Device_Library/Class/CDC/Src/usbd_cdc.c ****   USBD_StatusTypeDef ret = USBD_OK;
 661              		.loc 1 441 3 is_stmt 1 view .LVU186
 441:Middlewares/ST/STM32_USB_Device_Library/Class/CDC/Src/usbd_cdc.c ****   USBD_StatusTypeDef ret = USBD_OK;
 662              		.loc 1 441 12 is_stmt 0 view .LVU187
ARM GAS  /tmp/ccNbS6UW.s 			page 28


 663 0016 ADF80420 		strh	r2, [sp, #4]	@ movhi
 442:Middlewares/ST/STM32_USB_Device_Library/Class/CDC/Src/usbd_cdc.c **** 
 664              		.loc 1 442 3 is_stmt 1 view .LVU188
 665              	.LVL66:
 444:Middlewares/ST/STM32_USB_Device_Library/Class/CDC/Src/usbd_cdc.c ****   {
 666              		.loc 1 444 3 view .LVU189
 444:Middlewares/ST/STM32_USB_Device_Library/Class/CDC/Src/usbd_cdc.c ****   {
 667              		.loc 1 444 6 is_stmt 0 view .LVU190
 668 001a 002F     		cmp	r7, #0
 669 001c 7BD0     		beq	.L56
 670 001e 0446     		mov	r4, r0
 671 0020 0D46     		mov	r5, r1
 449:Middlewares/ST/STM32_USB_Device_Library/Class/CDC/Src/usbd_cdc.c ****   {
 672              		.loc 1 449 3 is_stmt 1 view .LVU191
 449:Middlewares/ST/STM32_USB_Device_Library/Class/CDC/Src/usbd_cdc.c ****   {
 673              		.loc 1 449 14 is_stmt 0 view .LVU192
 674 0022 0978     		ldrb	r1, [r1]	@ zero_extendqisi2
 675              	.LVL67:
 449:Middlewares/ST/STM32_USB_Device_Library/Class/CDC/Src/usbd_cdc.c ****   {
 676              		.loc 1 449 3 view .LVU193
 677 0024 11F06006 		ands	r6, r1, #96
 678 0028 34D0     		beq	.L44
 679 002a 202E     		cmp	r6, #32
 680 002c 6CD1     		bne	.L45
 452:Middlewares/ST/STM32_USB_Device_Library/Class/CDC/Src/usbd_cdc.c ****       {
 681              		.loc 1 452 7 is_stmt 1 view .LVU194
 452:Middlewares/ST/STM32_USB_Device_Library/Class/CDC/Src/usbd_cdc.c ****       {
 682              		.loc 1 452 14 is_stmt 0 view .LVU195
 683 002e EA88     		ldrh	r2, [r5, #6]
 452:Middlewares/ST/STM32_USB_Device_Library/Class/CDC/Src/usbd_cdc.c ****       {
 684              		.loc 1 452 10 view .LVU196
 685 0030 2AB3     		cbz	r2, .L46
 454:Middlewares/ST/STM32_USB_Device_Library/Class/CDC/Src/usbd_cdc.c ****         {
 686              		.loc 1 454 9 is_stmt 1 view .LVU197
 454:Middlewares/ST/STM32_USB_Device_Library/Class/CDC/Src/usbd_cdc.c ****         {
 687              		.loc 1 454 12 is_stmt 0 view .LVU198
 688 0032 11F0800F 		tst	r1, #128
 689 0036 07D1     		bne	.L60
 465:Middlewares/ST/STM32_USB_Device_Library/Class/CDC/Src/usbd_cdc.c ****           hcdc->CmdLength = (uint8_t)MIN(req->wLength, USB_MAX_EP0_SIZE);
 690              		.loc 1 465 11 is_stmt 1 view .LVU199
 465:Middlewares/ST/STM32_USB_Device_Library/Class/CDC/Src/usbd_cdc.c ****           hcdc->CmdLength = (uint8_t)MIN(req->wLength, USB_MAX_EP0_SIZE);
 691              		.loc 1 465 32 is_stmt 0 view .LVU200
 692 0038 6B78     		ldrb	r3, [r5, #1]	@ zero_extendqisi2
 465:Middlewares/ST/STM32_USB_Device_Library/Class/CDC/Src/usbd_cdc.c ****           hcdc->CmdLength = (uint8_t)MIN(req->wLength, USB_MAX_EP0_SIZE);
 693              		.loc 1 465 27 view .LVU201
 694 003a 87F80032 		strb	r3, [r7, #512]
 466:Middlewares/ST/STM32_USB_Device_Library/Class/CDC/Src/usbd_cdc.c **** 
 695              		.loc 1 466 11 is_stmt 1 view .LVU202
 466:Middlewares/ST/STM32_USB_Device_Library/Class/CDC/Src/usbd_cdc.c **** 
 696              		.loc 1 466 38 is_stmt 0 view .LVU203
 697 003e EA88     		ldrh	r2, [r5, #6]
 466:Middlewares/ST/STM32_USB_Device_Library/Class/CDC/Src/usbd_cdc.c **** 
 698              		.loc 1 466 29 view .LVU204
 699 0040 3F2A     		cmp	r2, #63
 700 0042 13D8     		bhi	.L57
 466:Middlewares/ST/STM32_USB_Device_Library/Class/CDC/Src/usbd_cdc.c **** 
 701              		.loc 1 466 29 discriminator 1 view .LVU205
ARM GAS  /tmp/ccNbS6UW.s 			page 29


 702 0044 D2B2     		uxtb	r2, r2
 703 0046 12E0     		b	.L48
 704              	.L60:
 456:Middlewares/ST/STM32_USB_Device_Library/Class/CDC/Src/usbd_cdc.c ****                                                                            (uint8_t *)hcdc->data,
 705              		.loc 1 456 11 is_stmt 1 view .LVU206
 456:Middlewares/ST/STM32_USB_Device_Library/Class/CDC/Src/usbd_cdc.c ****                                                                            (uint8_t *)hcdc->data,
 706              		.loc 1 456 50 is_stmt 0 view .LVU207
 707 0048 B033     		adds	r3, r3, #176
 708 004a 00EB8303 		add	r3, r0, r3, lsl #2
 709 004e 5B68     		ldr	r3, [r3, #4]
 456:Middlewares/ST/STM32_USB_Device_Library/Class/CDC/Src/usbd_cdc.c ****                                                                            (uint8_t *)hcdc->data,
 710              		.loc 1 456 66 view .LVU208
 711 0050 9B68     		ldr	r3, [r3, #8]
 456:Middlewares/ST/STM32_USB_Device_Library/Class/CDC/Src/usbd_cdc.c ****                                                                            (uint8_t *)hcdc->data,
 712              		.loc 1 456 12 view .LVU209
 713 0052 3946     		mov	r1, r7
 714 0054 6878     		ldrb	r0, [r5, #1]	@ zero_extendqisi2
 715              	.LVL68:
 456:Middlewares/ST/STM32_USB_Device_Library/Class/CDC/Src/usbd_cdc.c ****                                                                            (uint8_t *)hcdc->data,
 716              		.loc 1 456 12 view .LVU210
 717 0056 9847     		blx	r3
 718              	.LVL69:
 460:Middlewares/ST/STM32_USB_Device_Library/Class/CDC/Src/usbd_cdc.c ****           (void)USBD_CtlSendData(pdev, (uint8_t *)hcdc->data, len);
 719              		.loc 1 460 11 is_stmt 1 view .LVU211
 460:Middlewares/ST/STM32_USB_Device_Library/Class/CDC/Src/usbd_cdc.c ****           (void)USBD_CtlSendData(pdev, (uint8_t *)hcdc->data, len);
 720              		.loc 1 460 17 is_stmt 0 view .LVU212
 721 0058 EA88     		ldrh	r2, [r5, #6]
 722              	.LVL70:
 461:Middlewares/ST/STM32_USB_Device_Library/Class/CDC/Src/usbd_cdc.c ****         }
 723              		.loc 1 461 11 is_stmt 1 view .LVU213
 461:Middlewares/ST/STM32_USB_Device_Library/Class/CDC/Src/usbd_cdc.c ****         }
 724              		.loc 1 461 17 is_stmt 0 view .LVU214
 725 005a 072A     		cmp	r2, #7
 726 005c 28BF     		it	cs
 727 005e 0722     		movcs	r2, #7
 728              	.LVL71:
 461:Middlewares/ST/STM32_USB_Device_Library/Class/CDC/Src/usbd_cdc.c ****         }
 729              		.loc 1 461 17 view .LVU215
 730 0060 3946     		mov	r1, r7
 731 0062 2046     		mov	r0, r4
 732 0064 FFF7FEFF 		bl	USBD_CtlSendData
 733              	.LVL72:
 442:Middlewares/ST/STM32_USB_Device_Library/Class/CDC/Src/usbd_cdc.c **** 
 734              		.loc 1 442 22 view .LVU216
 735 0068 0026     		movs	r6, #0
 736 006a 51E0     		b	.L43
 737              	.LVL73:
 738              	.L57:
 466:Middlewares/ST/STM32_USB_Device_Library/Class/CDC/Src/usbd_cdc.c **** 
 739              		.loc 1 466 29 discriminator 2 view .LVU217
 740 006c 4022     		movs	r2, #64
 741              	.L48:
 466:Middlewares/ST/STM32_USB_Device_Library/Class/CDC/Src/usbd_cdc.c **** 
 742              		.loc 1 466 27 discriminator 4 view .LVU218
 743 006e 87F80122 		strb	r2, [r7, #513]
 468:Middlewares/ST/STM32_USB_Device_Library/Class/CDC/Src/usbd_cdc.c ****         }
 744              		.loc 1 468 11 is_stmt 1 view .LVU219
ARM GAS  /tmp/ccNbS6UW.s 			page 30


 468:Middlewares/ST/STM32_USB_Device_Library/Class/CDC/Src/usbd_cdc.c ****         }
 745              		.loc 1 468 17 is_stmt 0 view .LVU220
 746 0072 3946     		mov	r1, r7
 747 0074 2046     		mov	r0, r4
 748              	.LVL74:
 468:Middlewares/ST/STM32_USB_Device_Library/Class/CDC/Src/usbd_cdc.c ****         }
 749              		.loc 1 468 17 view .LVU221
 750 0076 FFF7FEFF 		bl	USBD_CtlPrepareRx
 751              	.LVL75:
 442:Middlewares/ST/STM32_USB_Device_Library/Class/CDC/Src/usbd_cdc.c **** 
 752              		.loc 1 442 22 view .LVU222
 753 007a 0026     		movs	r6, #0
 754 007c 48E0     		b	.L43
 755              	.LVL76:
 756              	.L46:
 473:Middlewares/ST/STM32_USB_Device_Library/Class/CDC/Src/usbd_cdc.c ****                                                                          (uint8_t *)req, 0U);
 757              		.loc 1 473 9 is_stmt 1 view .LVU223
 473:Middlewares/ST/STM32_USB_Device_Library/Class/CDC/Src/usbd_cdc.c ****                                                                          (uint8_t *)req, 0U);
 758              		.loc 1 473 48 is_stmt 0 view .LVU224
 759 007e B033     		adds	r3, r3, #176
 760 0080 00EB8303 		add	r3, r0, r3, lsl #2
 761 0084 5B68     		ldr	r3, [r3, #4]
 473:Middlewares/ST/STM32_USB_Device_Library/Class/CDC/Src/usbd_cdc.c ****                                                                          (uint8_t *)req, 0U);
 762              		.loc 1 473 64 view .LVU225
 763 0086 9B68     		ldr	r3, [r3, #8]
 473:Middlewares/ST/STM32_USB_Device_Library/Class/CDC/Src/usbd_cdc.c ****                                                                          (uint8_t *)req, 0U);
 764              		.loc 1 473 10 view .LVU226
 765 0088 0022     		movs	r2, #0
 766 008a 2946     		mov	r1, r5
 767 008c 6878     		ldrb	r0, [r5, #1]	@ zero_extendqisi2
 768              	.LVL77:
 473:Middlewares/ST/STM32_USB_Device_Library/Class/CDC/Src/usbd_cdc.c ****                                                                          (uint8_t *)req, 0U);
 769              		.loc 1 473 10 view .LVU227
 770 008e 9847     		blx	r3
 771              	.LVL78:
 442:Middlewares/ST/STM32_USB_Device_Library/Class/CDC/Src/usbd_cdc.c **** 
 772              		.loc 1 442 22 view .LVU228
 773 0090 0026     		movs	r6, #0
 774 0092 3DE0     		b	.L43
 775              	.LVL79:
 776              	.L44:
 479:Middlewares/ST/STM32_USB_Device_Library/Class/CDC/Src/usbd_cdc.c ****       {
 777              		.loc 1 479 7 is_stmt 1 view .LVU229
 479:Middlewares/ST/STM32_USB_Device_Library/Class/CDC/Src/usbd_cdc.c ****       {
 778              		.loc 1 479 18 is_stmt 0 view .LVU230
 779 0094 6F78     		ldrb	r7, [r5, #1]	@ zero_extendqisi2
 780              	.LVL80:
 479:Middlewares/ST/STM32_USB_Device_Library/Class/CDC/Src/usbd_cdc.c ****       {
 781              		.loc 1 479 18 view .LVU231
 782 0096 0B2F     		cmp	r7, #11
 783 0098 31D8     		bhi	.L49
 784 009a DFE807F0 		tbb	[pc, r7]
 785              	.LVL81:
 786              	.L51:
 787 009e 06       		.byte	(.L53-.L51)/2
 788 009f 39       		.byte	(.L43-.L51)/2
 789 00a0 30       		.byte	(.L49-.L51)/2
ARM GAS  /tmp/ccNbS6UW.s 			page 31


 790 00a1 30       		.byte	(.L49-.L51)/2
 791 00a2 30       		.byte	(.L49-.L51)/2
 792 00a3 30       		.byte	(.L49-.L51)/2
 793 00a4 30       		.byte	(.L49-.L51)/2
 794 00a5 30       		.byte	(.L49-.L51)/2
 795 00a6 30       		.byte	(.L49-.L51)/2
 796 00a7 30       		.byte	(.L49-.L51)/2
 797 00a8 16       		.byte	(.L52-.L51)/2
 798 00a9 26       		.byte	(.L50-.L51)/2
 799              		.p2align 1
 800              	.L53:
 482:Middlewares/ST/STM32_USB_Device_Library/Class/CDC/Src/usbd_cdc.c ****           {
 801              		.loc 1 482 11 is_stmt 1 view .LVU232
 482:Middlewares/ST/STM32_USB_Device_Library/Class/CDC/Src/usbd_cdc.c ****           {
 802              		.loc 1 482 19 is_stmt 0 view .LVU233
 803 00aa 90F89C32 		ldrb	r3, [r0, #668]	@ zero_extendqisi2
 804 00ae DBB2     		uxtb	r3, r3
 482:Middlewares/ST/STM32_USB_Device_Library/Class/CDC/Src/usbd_cdc.c ****           {
 805              		.loc 1 482 14 view .LVU234
 806 00b0 032B     		cmp	r3, #3
 807 00b2 04D0     		beq	.L61
 488:Middlewares/ST/STM32_USB_Device_Library/Class/CDC/Src/usbd_cdc.c ****             ret = USBD_FAIL;
 808              		.loc 1 488 13 is_stmt 1 view .LVU235
 809 00b4 2946     		mov	r1, r5
 810 00b6 FFF7FEFF 		bl	USBD_CtlError
 811              	.LVL82:
 489:Middlewares/ST/STM32_USB_Device_Library/Class/CDC/Src/usbd_cdc.c ****           }
 812              		.loc 1 489 13 view .LVU236
 489:Middlewares/ST/STM32_USB_Device_Library/Class/CDC/Src/usbd_cdc.c ****           }
 813              		.loc 1 489 17 is_stmt 0 view .LVU237
 814 00ba 0326     		movs	r6, #3
 815 00bc 28E0     		b	.L43
 816              	.LVL83:
 817              	.L61:
 484:Middlewares/ST/STM32_USB_Device_Library/Class/CDC/Src/usbd_cdc.c ****           }
 818              		.loc 1 484 13 is_stmt 1 view .LVU238
 484:Middlewares/ST/STM32_USB_Device_Library/Class/CDC/Src/usbd_cdc.c ****           }
 819              		.loc 1 484 19 is_stmt 0 view .LVU239
 820 00be 0222     		movs	r2, #2
 821 00c0 01A9     		add	r1, sp, #4
 822 00c2 FFF7FEFF 		bl	USBD_CtlSendData
 823              	.LVL84:
 442:Middlewares/ST/STM32_USB_Device_Library/Class/CDC/Src/usbd_cdc.c **** 
 824              		.loc 1 442 22 view .LVU240
 825 00c6 3E46     		mov	r6, r7
 826 00c8 22E0     		b	.L43
 827              	.LVL85:
 828              	.L52:
 494:Middlewares/ST/STM32_USB_Device_Library/Class/CDC/Src/usbd_cdc.c ****           {
 829              		.loc 1 494 11 is_stmt 1 view .LVU241
 494:Middlewares/ST/STM32_USB_Device_Library/Class/CDC/Src/usbd_cdc.c ****           {
 830              		.loc 1 494 19 is_stmt 0 view .LVU242
 831 00ca 90F89C32 		ldrb	r3, [r0, #668]	@ zero_extendqisi2
 832 00ce DBB2     		uxtb	r3, r3
 494:Middlewares/ST/STM32_USB_Device_Library/Class/CDC/Src/usbd_cdc.c ****           {
 833              		.loc 1 494 14 view .LVU243
 834 00d0 032B     		cmp	r3, #3
ARM GAS  /tmp/ccNbS6UW.s 			page 32


 835 00d2 04D0     		beq	.L62
 500:Middlewares/ST/STM32_USB_Device_Library/Class/CDC/Src/usbd_cdc.c ****             ret = USBD_FAIL;
 836              		.loc 1 500 13 is_stmt 1 view .LVU244
 837 00d4 2946     		mov	r1, r5
 838 00d6 FFF7FEFF 		bl	USBD_CtlError
 839              	.LVL86:
 501:Middlewares/ST/STM32_USB_Device_Library/Class/CDC/Src/usbd_cdc.c ****           }
 840              		.loc 1 501 13 view .LVU245
 501:Middlewares/ST/STM32_USB_Device_Library/Class/CDC/Src/usbd_cdc.c ****           }
 841              		.loc 1 501 17 is_stmt 0 view .LVU246
 842 00da 0326     		movs	r6, #3
 843 00dc 18E0     		b	.L43
 844              	.LVL87:
 845              	.L62:
 496:Middlewares/ST/STM32_USB_Device_Library/Class/CDC/Src/usbd_cdc.c ****           }
 846              		.loc 1 496 13 is_stmt 1 view .LVU247
 496:Middlewares/ST/STM32_USB_Device_Library/Class/CDC/Src/usbd_cdc.c ****           }
 847              		.loc 1 496 19 is_stmt 0 view .LVU248
 848 00de 0122     		movs	r2, #1
 849 00e0 0DF10701 		add	r1, sp, #7
 850 00e4 FFF7FEFF 		bl	USBD_CtlSendData
 851              	.LVL88:
 496:Middlewares/ST/STM32_USB_Device_Library/Class/CDC/Src/usbd_cdc.c ****           }
 852              		.loc 1 496 19 view .LVU249
 853 00e8 12E0     		b	.L43
 854              	.LVL89:
 855              	.L50:
 506:Middlewares/ST/STM32_USB_Device_Library/Class/CDC/Src/usbd_cdc.c ****           {
 856              		.loc 1 506 11 is_stmt 1 view .LVU250
 506:Middlewares/ST/STM32_USB_Device_Library/Class/CDC/Src/usbd_cdc.c ****           {
 857              		.loc 1 506 19 is_stmt 0 view .LVU251
 858 00ea 90F89C32 		ldrb	r3, [r0, #668]	@ zero_extendqisi2
 859 00ee DBB2     		uxtb	r3, r3
 506:Middlewares/ST/STM32_USB_Device_Library/Class/CDC/Src/usbd_cdc.c ****           {
 860              		.loc 1 506 14 view .LVU252
 861 00f0 032B     		cmp	r3, #3
 862 00f2 0DD0     		beq	.L43
 508:Middlewares/ST/STM32_USB_Device_Library/Class/CDC/Src/usbd_cdc.c ****             ret = USBD_FAIL;
 863              		.loc 1 508 13 is_stmt 1 view .LVU253
 864 00f4 2946     		mov	r1, r5
 865 00f6 FFF7FEFF 		bl	USBD_CtlError
 866              	.LVL90:
 509:Middlewares/ST/STM32_USB_Device_Library/Class/CDC/Src/usbd_cdc.c ****           }
 867              		.loc 1 509 13 view .LVU254
 509:Middlewares/ST/STM32_USB_Device_Library/Class/CDC/Src/usbd_cdc.c ****           }
 868              		.loc 1 509 17 is_stmt 0 view .LVU255
 869 00fa 0326     		movs	r6, #3
 870 00fc 08E0     		b	.L43
 871              	.LVL91:
 872              	.L49:
 517:Middlewares/ST/STM32_USB_Device_Library/Class/CDC/Src/usbd_cdc.c ****           ret = USBD_FAIL;
 873              		.loc 1 517 11 is_stmt 1 view .LVU256
 874 00fe 2946     		mov	r1, r5
 875 0100 FFF7FEFF 		bl	USBD_CtlError
 876              	.LVL92:
 518:Middlewares/ST/STM32_USB_Device_Library/Class/CDC/Src/usbd_cdc.c ****           break;
 877              		.loc 1 518 11 view .LVU257
ARM GAS  /tmp/ccNbS6UW.s 			page 33


 519:Middlewares/ST/STM32_USB_Device_Library/Class/CDC/Src/usbd_cdc.c ****       }
 878              		.loc 1 519 11 view .LVU258
 518:Middlewares/ST/STM32_USB_Device_Library/Class/CDC/Src/usbd_cdc.c ****           break;
 879              		.loc 1 518 15 is_stmt 0 view .LVU259
 880 0104 0326     		movs	r6, #3
 519:Middlewares/ST/STM32_USB_Device_Library/Class/CDC/Src/usbd_cdc.c ****       }
 881              		.loc 1 519 11 view .LVU260
 882 0106 03E0     		b	.L43
 883              	.LVL93:
 884              	.L45:
 524:Middlewares/ST/STM32_USB_Device_Library/Class/CDC/Src/usbd_cdc.c ****       ret = USBD_FAIL;
 885              		.loc 1 524 7 is_stmt 1 view .LVU261
 886 0108 2946     		mov	r1, r5
 887 010a FFF7FEFF 		bl	USBD_CtlError
 888              	.LVL94:
 525:Middlewares/ST/STM32_USB_Device_Library/Class/CDC/Src/usbd_cdc.c ****       break;
 889              		.loc 1 525 7 view .LVU262
 526:Middlewares/ST/STM32_USB_Device_Library/Class/CDC/Src/usbd_cdc.c ****   }
 890              		.loc 1 526 7 view .LVU263
 525:Middlewares/ST/STM32_USB_Device_Library/Class/CDC/Src/usbd_cdc.c ****       break;
 891              		.loc 1 525 11 is_stmt 0 view .LVU264
 892 010e 0326     		movs	r6, #3
 893              	.LVL95:
 894              	.L43:
 530:Middlewares/ST/STM32_USB_Device_Library/Class/CDC/Src/usbd_cdc.c **** 
 895              		.loc 1 530 1 view .LVU265
 896 0110 3046     		mov	r0, r6
 897 0112 03B0     		add	sp, sp, #12
 898              	.LCFI8:
 899              		.cfi_remember_state
 900              		.cfi_def_cfa_offset 20
 901              		@ sp needed
 902 0114 F0BD     		pop	{r4, r5, r6, r7, pc}
 903              	.LVL96:
 904              	.L56:
 905              	.LCFI9:
 906              		.cfi_restore_state
 446:Middlewares/ST/STM32_USB_Device_Library/Class/CDC/Src/usbd_cdc.c ****   }
 907              		.loc 1 446 12 view .LVU266
 908 0116 0326     		movs	r6, #3
 909 0118 FAE7     		b	.L43
 910              		.cfi_endproc
 911              	.LFE390:
 913              		.section	.text.USBD_CDC_DeInit,"ax",%progbits
 914              		.align	1
 915              		.syntax unified
 916              		.thumb
 917              		.thumb_func
 919              	USBD_CDC_DeInit:
 920              	.LVL97:
 921              	.LFB389:
 392:Middlewares/ST/STM32_USB_Device_Library/Class/CDC/Src/usbd_cdc.c ****   UNUSED(cfgidx);
 922              		.loc 1 392 1 is_stmt 1 view -0
 923              		.cfi_startproc
 924              		@ args = 0, pretend = 0, frame = 0
 925              		@ frame_needed = 0, uses_anonymous_args = 0
 392:Middlewares/ST/STM32_USB_Device_Library/Class/CDC/Src/usbd_cdc.c ****   UNUSED(cfgidx);
ARM GAS  /tmp/ccNbS6UW.s 			page 34


 926              		.loc 1 392 1 is_stmt 0 view .LVU268
 927 0000 38B5     		push	{r3, r4, r5, lr}
 928              	.LCFI10:
 929              		.cfi_def_cfa_offset 16
 930              		.cfi_offset 3, -16
 931              		.cfi_offset 4, -12
 932              		.cfi_offset 5, -8
 933              		.cfi_offset 14, -4
 934 0002 0446     		mov	r4, r0
 393:Middlewares/ST/STM32_USB_Device_Library/Class/CDC/Src/usbd_cdc.c **** 
 935              		.loc 1 393 3 is_stmt 1 view .LVU269
 404:Middlewares/ST/STM32_USB_Device_Library/Class/CDC/Src/usbd_cdc.c ****   pdev->ep_in[CDCInEpAdd & 0xFU].is_used = 0U;
 936              		.loc 1 404 3 view .LVU270
 404:Middlewares/ST/STM32_USB_Device_Library/Class/CDC/Src/usbd_cdc.c ****   pdev->ep_in[CDCInEpAdd & 0xFU].is_used = 0U;
 937              		.loc 1 404 9 is_stmt 0 view .LVU271
 938 0004 8121     		movs	r1, #129
 939              	.LVL98:
 404:Middlewares/ST/STM32_USB_Device_Library/Class/CDC/Src/usbd_cdc.c ****   pdev->ep_in[CDCInEpAdd & 0xFU].is_used = 0U;
 940              		.loc 1 404 9 view .LVU272
 941 0006 FFF7FEFF 		bl	USBD_LL_CloseEP
 942              	.LVL99:
 405:Middlewares/ST/STM32_USB_Device_Library/Class/CDC/Src/usbd_cdc.c **** 
 943              		.loc 1 405 3 is_stmt 1 view .LVU273
 405:Middlewares/ST/STM32_USB_Device_Library/Class/CDC/Src/usbd_cdc.c **** 
 944              		.loc 1 405 42 is_stmt 0 view .LVU274
 945 000a 0025     		movs	r5, #0
 946 000c 84F83750 		strb	r5, [r4, #55]
 408:Middlewares/ST/STM32_USB_Device_Library/Class/CDC/Src/usbd_cdc.c ****   pdev->ep_out[CDCOutEpAdd & 0xFU].is_used = 0U;
 947              		.loc 1 408 3 is_stmt 1 view .LVU275
 408:Middlewares/ST/STM32_USB_Device_Library/Class/CDC/Src/usbd_cdc.c ****   pdev->ep_out[CDCOutEpAdd & 0xFU].is_used = 0U;
 948              		.loc 1 408 9 is_stmt 0 view .LVU276
 949 0010 0121     		movs	r1, #1
 950 0012 2046     		mov	r0, r4
 951 0014 FFF7FEFF 		bl	USBD_LL_CloseEP
 952              	.LVL100:
 409:Middlewares/ST/STM32_USB_Device_Library/Class/CDC/Src/usbd_cdc.c **** 
 953              		.loc 1 409 3 is_stmt 1 view .LVU277
 409:Middlewares/ST/STM32_USB_Device_Library/Class/CDC/Src/usbd_cdc.c **** 
 954              		.loc 1 409 44 is_stmt 0 view .LVU278
 955 0018 84F87751 		strb	r5, [r4, #375]
 412:Middlewares/ST/STM32_USB_Device_Library/Class/CDC/Src/usbd_cdc.c ****   pdev->ep_in[CDCCmdEpAdd & 0xFU].is_used = 0U;
 956              		.loc 1 412 3 is_stmt 1 view .LVU279
 412:Middlewares/ST/STM32_USB_Device_Library/Class/CDC/Src/usbd_cdc.c ****   pdev->ep_in[CDCCmdEpAdd & 0xFU].is_used = 0U;
 957              		.loc 1 412 9 is_stmt 0 view .LVU280
 958 001c 8221     		movs	r1, #130
 959 001e 2046     		mov	r0, r4
 960 0020 FFF7FEFF 		bl	USBD_LL_CloseEP
 961              	.LVL101:
 413:Middlewares/ST/STM32_USB_Device_Library/Class/CDC/Src/usbd_cdc.c ****   pdev->ep_in[CDCCmdEpAdd & 0xFU].bInterval = 0U;
 962              		.loc 1 413 3 is_stmt 1 view .LVU281
 413:Middlewares/ST/STM32_USB_Device_Library/Class/CDC/Src/usbd_cdc.c ****   pdev->ep_in[CDCCmdEpAdd & 0xFU].bInterval = 0U;
 963              		.loc 1 413 43 is_stmt 0 view .LVU282
 964 0024 84F84B50 		strb	r5, [r4, #75]
 414:Middlewares/ST/STM32_USB_Device_Library/Class/CDC/Src/usbd_cdc.c **** 
 965              		.loc 1 414 3 is_stmt 1 view .LVU283
 414:Middlewares/ST/STM32_USB_Device_Library/Class/CDC/Src/usbd_cdc.c **** 
 966              		.loc 1 414 45 is_stmt 0 view .LVU284
ARM GAS  /tmp/ccNbS6UW.s 			page 35


 967 0028 6564     		str	r5, [r4, #68]
 417:Middlewares/ST/STM32_USB_Device_Library/Class/CDC/Src/usbd_cdc.c ****   {
 968              		.loc 1 417 3 is_stmt 1 view .LVU285
 417:Middlewares/ST/STM32_USB_Device_Library/Class/CDC/Src/usbd_cdc.c ****   {
 969              		.loc 1 417 33 is_stmt 0 view .LVU286
 970 002a D4F8D432 		ldr	r3, [r4, #724]
 417:Middlewares/ST/STM32_USB_Device_Library/Class/CDC/Src/usbd_cdc.c ****   {
 971              		.loc 1 417 28 view .LVU287
 972 002e 03F1B002 		add	r2, r3, #176
 973 0032 54F82220 		ldr	r2, [r4, r2, lsl #2]
 417:Middlewares/ST/STM32_USB_Device_Library/Class/CDC/Src/usbd_cdc.c ****   {
 974              		.loc 1 417 6 view .LVU288
 975 0036 9AB1     		cbz	r2, .L64
 419:Middlewares/ST/STM32_USB_Device_Library/Class/CDC/Src/usbd_cdc.c ****     (void)USBD_free(pdev->pClassDataCmsit[pdev->classId]);
 976              		.loc 1 419 5 is_stmt 1 view .LVU289
 419:Middlewares/ST/STM32_USB_Device_Library/Class/CDC/Src/usbd_cdc.c ****     (void)USBD_free(pdev->pClassDataCmsit[pdev->classId]);
 977              		.loc 1 419 44 is_stmt 0 view .LVU290
 978 0038 B033     		adds	r3, r3, #176
 979 003a 04EB8303 		add	r3, r4, r3, lsl #2
 980 003e 5B68     		ldr	r3, [r3, #4]
 419:Middlewares/ST/STM32_USB_Device_Library/Class/CDC/Src/usbd_cdc.c ****     (void)USBD_free(pdev->pClassDataCmsit[pdev->classId]);
 981              		.loc 1 419 60 view .LVU291
 982 0040 5B68     		ldr	r3, [r3, #4]
 419:Middlewares/ST/STM32_USB_Device_Library/Class/CDC/Src/usbd_cdc.c ****     (void)USBD_free(pdev->pClassDataCmsit[pdev->classId]);
 983              		.loc 1 419 6 view .LVU292
 984 0042 9847     		blx	r3
 985              	.LVL102:
 420:Middlewares/ST/STM32_USB_Device_Library/Class/CDC/Src/usbd_cdc.c ****     pdev->pClassDataCmsit[pdev->classId] = NULL;
 986              		.loc 1 420 5 is_stmt 1 view .LVU293
 420:Middlewares/ST/STM32_USB_Device_Library/Class/CDC/Src/usbd_cdc.c ****     pdev->pClassDataCmsit[pdev->classId] = NULL;
 987              		.loc 1 420 47 is_stmt 0 view .LVU294
 988 0044 D4F8D432 		ldr	r3, [r4, #724]
 420:Middlewares/ST/STM32_USB_Device_Library/Class/CDC/Src/usbd_cdc.c ****     pdev->pClassDataCmsit[pdev->classId] = NULL;
 989              		.loc 1 420 5 view .LVU295
 990 0048 B033     		adds	r3, r3, #176
 991 004a 54F82300 		ldr	r0, [r4, r3, lsl #2]
 992 004e FFF7FEFF 		bl	USBD_static_free
 993              	.LVL103:
 421:Middlewares/ST/STM32_USB_Device_Library/Class/CDC/Src/usbd_cdc.c ****     pdev->pClassData = NULL;
 994              		.loc 1 421 5 is_stmt 1 view .LVU296
 421:Middlewares/ST/STM32_USB_Device_Library/Class/CDC/Src/usbd_cdc.c ****     pdev->pClassData = NULL;
 995              		.loc 1 421 31 is_stmt 0 view .LVU297
 996 0052 D4F8D432 		ldr	r3, [r4, #724]
 421:Middlewares/ST/STM32_USB_Device_Library/Class/CDC/Src/usbd_cdc.c ****     pdev->pClassData = NULL;
 997              		.loc 1 421 42 view .LVU298
 998 0056 B033     		adds	r3, r3, #176
 999 0058 44F82350 		str	r5, [r4, r3, lsl #2]
 422:Middlewares/ST/STM32_USB_Device_Library/Class/CDC/Src/usbd_cdc.c ****   }
 1000              		.loc 1 422 5 is_stmt 1 view .LVU299
 422:Middlewares/ST/STM32_USB_Device_Library/Class/CDC/Src/usbd_cdc.c ****   }
 1001              		.loc 1 422 22 is_stmt 0 view .LVU300
 1002 005c C4F8BC52 		str	r5, [r4, #700]
 1003              	.L64:
 425:Middlewares/ST/STM32_USB_Device_Library/Class/CDC/Src/usbd_cdc.c **** }
 1004              		.loc 1 425 3 is_stmt 1 view .LVU301
 426:Middlewares/ST/STM32_USB_Device_Library/Class/CDC/Src/usbd_cdc.c **** 
 1005              		.loc 1 426 1 is_stmt 0 view .LVU302
ARM GAS  /tmp/ccNbS6UW.s 			page 36


 1006 0060 0020     		movs	r0, #0
 1007 0062 38BD     		pop	{r3, r4, r5, pc}
 426:Middlewares/ST/STM32_USB_Device_Library/Class/CDC/Src/usbd_cdc.c **** 
 1008              		.loc 1 426 1 view .LVU303
 1009              		.cfi_endproc
 1010              	.LFE389:
 1012              		.section	.text.USBD_CDC_Init,"ax",%progbits
 1013              		.align	1
 1014              		.syntax unified
 1015              		.thumb
 1016              		.thumb_func
 1018              	USBD_CDC_Init:
 1019              	.LVL104:
 1020              	.LFB388:
 291:Middlewares/ST/STM32_USB_Device_Library/Class/CDC/Src/usbd_cdc.c ****   UNUSED(cfgidx);
 1021              		.loc 1 291 1 is_stmt 1 view -0
 1022              		.cfi_startproc
 1023              		@ args = 0, pretend = 0, frame = 0
 1024              		@ frame_needed = 0, uses_anonymous_args = 0
 291:Middlewares/ST/STM32_USB_Device_Library/Class/CDC/Src/usbd_cdc.c ****   UNUSED(cfgidx);
 1025              		.loc 1 291 1 is_stmt 0 view .LVU305
 1026 0000 70B5     		push	{r4, r5, r6, lr}
 1027              	.LCFI11:
 1028              		.cfi_def_cfa_offset 16
 1029              		.cfi_offset 4, -16
 1030              		.cfi_offset 5, -12
 1031              		.cfi_offset 6, -8
 1032              		.cfi_offset 14, -4
 1033 0002 0446     		mov	r4, r0
 292:Middlewares/ST/STM32_USB_Device_Library/Class/CDC/Src/usbd_cdc.c ****   USBD_CDC_HandleTypeDef *hcdc;
 1034              		.loc 1 292 3 is_stmt 1 view .LVU306
 293:Middlewares/ST/STM32_USB_Device_Library/Class/CDC/Src/usbd_cdc.c **** 
 1035              		.loc 1 293 3 view .LVU307
 295:Middlewares/ST/STM32_USB_Device_Library/Class/CDC/Src/usbd_cdc.c **** 
 1036              		.loc 1 295 3 view .LVU308
 295:Middlewares/ST/STM32_USB_Device_Library/Class/CDC/Src/usbd_cdc.c **** 
 1037              		.loc 1 295 36 is_stmt 0 view .LVU309
 1038 0004 4FF40770 		mov	r0, #540
 1039              	.LVL105:
 295:Middlewares/ST/STM32_USB_Device_Library/Class/CDC/Src/usbd_cdc.c **** 
 1040              		.loc 1 295 36 view .LVU310
 1041 0008 FFF7FEFF 		bl	USBD_static_malloc
 1042              	.LVL106:
 297:Middlewares/ST/STM32_USB_Device_Library/Class/CDC/Src/usbd_cdc.c ****   {
 1043              		.loc 1 297 3 is_stmt 1 view .LVU311
 297:Middlewares/ST/STM32_USB_Device_Library/Class/CDC/Src/usbd_cdc.c ****   {
 1044              		.loc 1 297 6 is_stmt 0 view .LVU312
 1045 000c 0028     		cmp	r0, #0
 1046 000e 49D0     		beq	.L74
 1047 0010 0546     		mov	r5, r0
 303:Middlewares/ST/STM32_USB_Device_Library/Class/CDC/Src/usbd_cdc.c **** 
 1048              		.loc 1 303 3 is_stmt 1 view .LVU313
 303:Middlewares/ST/STM32_USB_Device_Library/Class/CDC/Src/usbd_cdc.c **** 
 1049              		.loc 1 303 9 is_stmt 0 view .LVU314
 1050 0012 4FF40772 		mov	r2, #540
 1051 0016 0021     		movs	r1, #0
 1052 0018 FFF7FEFF 		bl	memset
ARM GAS  /tmp/ccNbS6UW.s 			page 37


 1053              	.LVL107:
 305:Middlewares/ST/STM32_USB_Device_Library/Class/CDC/Src/usbd_cdc.c ****   pdev->pClassData = pdev->pClassDataCmsit[pdev->classId];
 1054              		.loc 1 305 3 is_stmt 1 view .LVU315
 305:Middlewares/ST/STM32_USB_Device_Library/Class/CDC/Src/usbd_cdc.c ****   pdev->pClassData = pdev->pClassDataCmsit[pdev->classId];
 1055              		.loc 1 305 29 is_stmt 0 view .LVU316
 1056 001c D4F8D432 		ldr	r3, [r4, #724]
 305:Middlewares/ST/STM32_USB_Device_Library/Class/CDC/Src/usbd_cdc.c ****   pdev->pClassData = pdev->pClassDataCmsit[pdev->classId];
 1057              		.loc 1 305 40 view .LVU317
 1058 0020 B033     		adds	r3, r3, #176
 1059 0022 44F82350 		str	r5, [r4, r3, lsl #2]
 306:Middlewares/ST/STM32_USB_Device_Library/Class/CDC/Src/usbd_cdc.c **** 
 1060              		.loc 1 306 3 is_stmt 1 view .LVU318
 306:Middlewares/ST/STM32_USB_Device_Library/Class/CDC/Src/usbd_cdc.c **** 
 1061              		.loc 1 306 20 is_stmt 0 view .LVU319
 1062 0026 C4F8BC52 		str	r5, [r4, #700]
 315:Middlewares/ST/STM32_USB_Device_Library/Class/CDC/Src/usbd_cdc.c ****   {
 1063              		.loc 1 315 3 is_stmt 1 view .LVU320
 315:Middlewares/ST/STM32_USB_Device_Library/Class/CDC/Src/usbd_cdc.c ****   {
 1064              		.loc 1 315 11 is_stmt 0 view .LVU321
 1065 002a 237C     		ldrb	r3, [r4, #16]	@ zero_extendqisi2
 315:Middlewares/ST/STM32_USB_Device_Library/Class/CDC/Src/usbd_cdc.c ****   {
 1066              		.loc 1 315 6 view .LVU322
 1067 002c 002B     		cmp	r3, #0
 1068 002e 41D1     		bne	.L69
 318:Middlewares/ST/STM32_USB_Device_Library/Class/CDC/Src/usbd_cdc.c ****                          CDC_DATA_HS_IN_PACKET_SIZE);
 1069              		.loc 1 318 5 is_stmt 1 view .LVU323
 318:Middlewares/ST/STM32_USB_Device_Library/Class/CDC/Src/usbd_cdc.c ****                          CDC_DATA_HS_IN_PACKET_SIZE);
 1070              		.loc 1 318 11 is_stmt 0 view .LVU324
 1071 0030 4FF40073 		mov	r3, #512
 1072 0034 0222     		movs	r2, #2
 1073 0036 8121     		movs	r1, #129
 1074 0038 2046     		mov	r0, r4
 1075 003a FFF7FEFF 		bl	USBD_LL_OpenEP
 1076              	.LVL108:
 321:Middlewares/ST/STM32_USB_Device_Library/Class/CDC/Src/usbd_cdc.c **** 
 1077              		.loc 1 321 5 is_stmt 1 view .LVU325
 321:Middlewares/ST/STM32_USB_Device_Library/Class/CDC/Src/usbd_cdc.c **** 
 1078              		.loc 1 321 44 is_stmt 0 view .LVU326
 1079 003e 0126     		movs	r6, #1
 1080 0040 84F83760 		strb	r6, [r4, #55]
 324:Middlewares/ST/STM32_USB_Device_Library/Class/CDC/Src/usbd_cdc.c ****                          CDC_DATA_HS_OUT_PACKET_SIZE);
 1081              		.loc 1 324 5 is_stmt 1 view .LVU327
 324:Middlewares/ST/STM32_USB_Device_Library/Class/CDC/Src/usbd_cdc.c ****                          CDC_DATA_HS_OUT_PACKET_SIZE);
 1082              		.loc 1 324 11 is_stmt 0 view .LVU328
 1083 0044 4FF40073 		mov	r3, #512
 1084 0048 0222     		movs	r2, #2
 1085 004a 3146     		mov	r1, r6
 1086 004c 2046     		mov	r0, r4
 1087 004e FFF7FEFF 		bl	USBD_LL_OpenEP
 1088              	.LVL109:
 327:Middlewares/ST/STM32_USB_Device_Library/Class/CDC/Src/usbd_cdc.c **** 
 1089              		.loc 1 327 5 is_stmt 1 view .LVU329
 327:Middlewares/ST/STM32_USB_Device_Library/Class/CDC/Src/usbd_cdc.c **** 
 1090              		.loc 1 327 46 is_stmt 0 view .LVU330
 1091 0052 84F87761 		strb	r6, [r4, #375]
 330:Middlewares/ST/STM32_USB_Device_Library/Class/CDC/Src/usbd_cdc.c ****   }
 1092              		.loc 1 330 5 is_stmt 1 view .LVU331
ARM GAS  /tmp/ccNbS6UW.s 			page 38


 330:Middlewares/ST/STM32_USB_Device_Library/Class/CDC/Src/usbd_cdc.c ****   }
 1093              		.loc 1 330 47 is_stmt 0 view .LVU332
 1094 0056 1023     		movs	r3, #16
 1095 0058 6364     		str	r3, [r4, #68]
 1096              	.L70:
 351:Middlewares/ST/STM32_USB_Device_Library/Class/CDC/Src/usbd_cdc.c ****   pdev->ep_in[CDCCmdEpAdd & 0xFU].is_used = 1U;
 1097              		.loc 1 351 3 is_stmt 1 view .LVU333
 351:Middlewares/ST/STM32_USB_Device_Library/Class/CDC/Src/usbd_cdc.c ****   pdev->ep_in[CDCCmdEpAdd & 0xFU].is_used = 1U;
 1098              		.loc 1 351 9 is_stmt 0 view .LVU334
 1099 005a 0823     		movs	r3, #8
 1100 005c 0322     		movs	r2, #3
 1101 005e 8221     		movs	r1, #130
 1102 0060 2046     		mov	r0, r4
 1103 0062 FFF7FEFF 		bl	USBD_LL_OpenEP
 1104              	.LVL110:
 352:Middlewares/ST/STM32_USB_Device_Library/Class/CDC/Src/usbd_cdc.c **** 
 1105              		.loc 1 352 3 is_stmt 1 view .LVU335
 352:Middlewares/ST/STM32_USB_Device_Library/Class/CDC/Src/usbd_cdc.c **** 
 1106              		.loc 1 352 43 is_stmt 0 view .LVU336
 1107 0066 0123     		movs	r3, #1
 1108 0068 84F84B30 		strb	r3, [r4, #75]
 354:Middlewares/ST/STM32_USB_Device_Library/Class/CDC/Src/usbd_cdc.c **** 
 1109              		.loc 1 354 3 is_stmt 1 view .LVU337
 354:Middlewares/ST/STM32_USB_Device_Library/Class/CDC/Src/usbd_cdc.c **** 
 1110              		.loc 1 354 18 is_stmt 0 view .LVU338
 1111 006c 0026     		movs	r6, #0
 1112 006e C5F80462 		str	r6, [r5, #516]
 357:Middlewares/ST/STM32_USB_Device_Library/Class/CDC/Src/usbd_cdc.c **** 
 1113              		.loc 1 357 3 is_stmt 1 view .LVU339
 357:Middlewares/ST/STM32_USB_Device_Library/Class/CDC/Src/usbd_cdc.c **** 
 1114              		.loc 1 357 47 is_stmt 0 view .LVU340
 1115 0072 D4F8D432 		ldr	r3, [r4, #724]
 357:Middlewares/ST/STM32_USB_Device_Library/Class/CDC/Src/usbd_cdc.c **** 
 1116              		.loc 1 357 42 view .LVU341
 1117 0076 B033     		adds	r3, r3, #176
 1118 0078 04EB8303 		add	r3, r4, r3, lsl #2
 1119 007c 5B68     		ldr	r3, [r3, #4]
 357:Middlewares/ST/STM32_USB_Device_Library/Class/CDC/Src/usbd_cdc.c **** 
 1120              		.loc 1 357 58 view .LVU342
 1121 007e 1B68     		ldr	r3, [r3]
 357:Middlewares/ST/STM32_USB_Device_Library/Class/CDC/Src/usbd_cdc.c **** 
 1122              		.loc 1 357 4 view .LVU343
 1123 0080 9847     		blx	r3
 1124              	.LVL111:
 360:Middlewares/ST/STM32_USB_Device_Library/Class/CDC/Src/usbd_cdc.c ****   hcdc->RxState = 0U;
 1125              		.loc 1 360 3 is_stmt 1 view .LVU344
 360:Middlewares/ST/STM32_USB_Device_Library/Class/CDC/Src/usbd_cdc.c ****   hcdc->RxState = 0U;
 1126              		.loc 1 360 17 is_stmt 0 view .LVU345
 1127 0082 C5F81462 		str	r6, [r5, #532]
 361:Middlewares/ST/STM32_USB_Device_Library/Class/CDC/Src/usbd_cdc.c **** 
 1128              		.loc 1 361 3 is_stmt 1 view .LVU346
 361:Middlewares/ST/STM32_USB_Device_Library/Class/CDC/Src/usbd_cdc.c **** 
 1129              		.loc 1 361 17 is_stmt 0 view .LVU347
 1130 0086 C5F81862 		str	r6, [r5, #536]
 363:Middlewares/ST/STM32_USB_Device_Library/Class/CDC/Src/usbd_cdc.c ****   {
 1131              		.loc 1 363 3 is_stmt 1 view .LVU348
 363:Middlewares/ST/STM32_USB_Device_Library/Class/CDC/Src/usbd_cdc.c ****   {
ARM GAS  /tmp/ccNbS6UW.s 			page 39


 1132              		.loc 1 363 11 is_stmt 0 view .LVU349
 1133 008a D5F80422 		ldr	r2, [r5, #516]
 363:Middlewares/ST/STM32_USB_Device_Library/Class/CDC/Src/usbd_cdc.c ****   {
 1134              		.loc 1 363 6 view .LVU350
 1135 008e 62B3     		cbz	r2, .L72
 368:Middlewares/ST/STM32_USB_Device_Library/Class/CDC/Src/usbd_cdc.c ****   {
 1136              		.loc 1 368 3 is_stmt 1 view .LVU351
 368:Middlewares/ST/STM32_USB_Device_Library/Class/CDC/Src/usbd_cdc.c ****   {
 1137              		.loc 1 368 11 is_stmt 0 view .LVU352
 1138 0090 257C     		ldrb	r5, [r4, #16]	@ zero_extendqisi2
 1139              	.LVL112:
 368:Middlewares/ST/STM32_USB_Device_Library/Class/CDC/Src/usbd_cdc.c ****   {
 1140              		.loc 1 368 6 view .LVU353
 1141 0092 1DBB     		cbnz	r5, .L71
 371:Middlewares/ST/STM32_USB_Device_Library/Class/CDC/Src/usbd_cdc.c ****                                  CDC_DATA_HS_OUT_PACKET_SIZE);
 1142              		.loc 1 371 5 is_stmt 1 view .LVU354
 371:Middlewares/ST/STM32_USB_Device_Library/Class/CDC/Src/usbd_cdc.c ****                                  CDC_DATA_HS_OUT_PACKET_SIZE);
 1143              		.loc 1 371 11 is_stmt 0 view .LVU355
 1144 0094 4FF40073 		mov	r3, #512
 1145 0098 0121     		movs	r1, #1
 1146 009a 2046     		mov	r0, r4
 1147 009c FFF7FEFF 		bl	USBD_LL_PrepareReceive
 1148              	.LVL113:
 1149              	.L68:
 382:Middlewares/ST/STM32_USB_Device_Library/Class/CDC/Src/usbd_cdc.c **** 
 1150              		.loc 1 382 1 view .LVU356
 1151 00a0 2846     		mov	r0, r5
 1152 00a2 70BD     		pop	{r4, r5, r6, pc}
 1153              	.LVL114:
 1154              	.L74:
 299:Middlewares/ST/STM32_USB_Device_Library/Class/CDC/Src/usbd_cdc.c ****     return (uint8_t)USBD_EMEM;
 1155              		.loc 1 299 5 is_stmt 1 view .LVU357
 299:Middlewares/ST/STM32_USB_Device_Library/Class/CDC/Src/usbd_cdc.c ****     return (uint8_t)USBD_EMEM;
 1156              		.loc 1 299 31 is_stmt 0 view .LVU358
 1157 00a4 D4F8D432 		ldr	r3, [r4, #724]
 299:Middlewares/ST/STM32_USB_Device_Library/Class/CDC/Src/usbd_cdc.c ****     return (uint8_t)USBD_EMEM;
 1158              		.loc 1 299 42 view .LVU359
 1159 00a8 B033     		adds	r3, r3, #176
 1160 00aa 0022     		movs	r2, #0
 1161 00ac 44F82320 		str	r2, [r4, r3, lsl #2]
 300:Middlewares/ST/STM32_USB_Device_Library/Class/CDC/Src/usbd_cdc.c ****   }
 1162              		.loc 1 300 5 is_stmt 1 view .LVU360
 300:Middlewares/ST/STM32_USB_Device_Library/Class/CDC/Src/usbd_cdc.c ****   }
 1163              		.loc 1 300 12 is_stmt 0 view .LVU361
 1164 00b0 0225     		movs	r5, #2
 1165 00b2 F5E7     		b	.L68
 1166              	.LVL115:
 1167              	.L69:
 335:Middlewares/ST/STM32_USB_Device_Library/Class/CDC/Src/usbd_cdc.c ****                          CDC_DATA_FS_IN_PACKET_SIZE);
 1168              		.loc 1 335 5 is_stmt 1 view .LVU362
 335:Middlewares/ST/STM32_USB_Device_Library/Class/CDC/Src/usbd_cdc.c ****                          CDC_DATA_FS_IN_PACKET_SIZE);
 1169              		.loc 1 335 11 is_stmt 0 view .LVU363
 1170 00b4 4023     		movs	r3, #64
 1171 00b6 0222     		movs	r2, #2
 1172 00b8 8121     		movs	r1, #129
 1173 00ba 2046     		mov	r0, r4
 1174 00bc FFF7FEFF 		bl	USBD_LL_OpenEP
ARM GAS  /tmp/ccNbS6UW.s 			page 40


 1175              	.LVL116:
 338:Middlewares/ST/STM32_USB_Device_Library/Class/CDC/Src/usbd_cdc.c **** 
 1176              		.loc 1 338 5 is_stmt 1 view .LVU364
 338:Middlewares/ST/STM32_USB_Device_Library/Class/CDC/Src/usbd_cdc.c **** 
 1177              		.loc 1 338 44 is_stmt 0 view .LVU365
 1178 00c0 0126     		movs	r6, #1
 1179 00c2 84F83760 		strb	r6, [r4, #55]
 341:Middlewares/ST/STM32_USB_Device_Library/Class/CDC/Src/usbd_cdc.c ****                          CDC_DATA_FS_OUT_PACKET_SIZE);
 1180              		.loc 1 341 5 is_stmt 1 view .LVU366
 341:Middlewares/ST/STM32_USB_Device_Library/Class/CDC/Src/usbd_cdc.c ****                          CDC_DATA_FS_OUT_PACKET_SIZE);
 1181              		.loc 1 341 11 is_stmt 0 view .LVU367
 1182 00c6 4023     		movs	r3, #64
 1183 00c8 0222     		movs	r2, #2
 1184 00ca 3146     		mov	r1, r6
 1185 00cc 2046     		mov	r0, r4
 1186 00ce FFF7FEFF 		bl	USBD_LL_OpenEP
 1187              	.LVL117:
 344:Middlewares/ST/STM32_USB_Device_Library/Class/CDC/Src/usbd_cdc.c **** 
 1188              		.loc 1 344 5 is_stmt 1 view .LVU368
 344:Middlewares/ST/STM32_USB_Device_Library/Class/CDC/Src/usbd_cdc.c **** 
 1189              		.loc 1 344 46 is_stmt 0 view .LVU369
 1190 00d2 84F87761 		strb	r6, [r4, #375]
 347:Middlewares/ST/STM32_USB_Device_Library/Class/CDC/Src/usbd_cdc.c ****   }
 1191              		.loc 1 347 5 is_stmt 1 view .LVU370
 347:Middlewares/ST/STM32_USB_Device_Library/Class/CDC/Src/usbd_cdc.c ****   }
 1192              		.loc 1 347 47 is_stmt 0 view .LVU371
 1193 00d6 1023     		movs	r3, #16
 1194 00d8 6364     		str	r3, [r4, #68]
 1195 00da BEE7     		b	.L70
 1196              	.LVL118:
 1197              	.L71:
 377:Middlewares/ST/STM32_USB_Device_Library/Class/CDC/Src/usbd_cdc.c ****                                  CDC_DATA_FS_OUT_PACKET_SIZE);
 1198              		.loc 1 377 5 is_stmt 1 view .LVU372
 377:Middlewares/ST/STM32_USB_Device_Library/Class/CDC/Src/usbd_cdc.c ****                                  CDC_DATA_FS_OUT_PACKET_SIZE);
 1199              		.loc 1 377 11 is_stmt 0 view .LVU373
 1200 00dc 4023     		movs	r3, #64
 1201 00de 0121     		movs	r1, #1
 1202 00e0 2046     		mov	r0, r4
 1203 00e2 FFF7FEFF 		bl	USBD_LL_PrepareReceive
 1204              	.LVL119:
 381:Middlewares/ST/STM32_USB_Device_Library/Class/CDC/Src/usbd_cdc.c **** }
 1205              		.loc 1 381 10 view .LVU374
 1206 00e6 0025     		movs	r5, #0
 1207 00e8 DAE7     		b	.L68
 1208              	.LVL120:
 1209              	.L72:
 365:Middlewares/ST/STM32_USB_Device_Library/Class/CDC/Src/usbd_cdc.c ****   }
 1210              		.loc 1 365 12 view .LVU375
 1211 00ea 0225     		movs	r5, #2
 1212              	.LVL121:
 365:Middlewares/ST/STM32_USB_Device_Library/Class/CDC/Src/usbd_cdc.c ****   }
 1213              		.loc 1 365 12 view .LVU376
 1214 00ec D8E7     		b	.L68
 1215              		.cfi_endproc
 1216              	.LFE388:
 1218              		.section	.text.USBD_CDC_RegisterInterface,"ax",%progbits
 1219              		.align	1
ARM GAS  /tmp/ccNbS6UW.s 			page 41


 1220              		.global	USBD_CDC_RegisterInterface
 1221              		.syntax unified
 1222              		.thumb
 1223              		.thumb_func
 1225              	USBD_CDC_RegisterInterface:
 1226              	.LVL122:
 1227              	.LFB398:
 731:Middlewares/ST/STM32_USB_Device_Library/Class/CDC/Src/usbd_cdc.c **** #endif /* USE_USBD_COMPOSITE  */
 732:Middlewares/ST/STM32_USB_Device_Library/Class/CDC/Src/usbd_cdc.c **** /**
 733:Middlewares/ST/STM32_USB_Device_Library/Class/CDC/Src/usbd_cdc.c ****   * @brief  USBD_CDC_RegisterInterface
 734:Middlewares/ST/STM32_USB_Device_Library/Class/CDC/Src/usbd_cdc.c ****   * @param  pdev: device instance
 735:Middlewares/ST/STM32_USB_Device_Library/Class/CDC/Src/usbd_cdc.c ****   * @param  fops: CD  Interface callback
 736:Middlewares/ST/STM32_USB_Device_Library/Class/CDC/Src/usbd_cdc.c ****   * @retval status
 737:Middlewares/ST/STM32_USB_Device_Library/Class/CDC/Src/usbd_cdc.c ****   */
 738:Middlewares/ST/STM32_USB_Device_Library/Class/CDC/Src/usbd_cdc.c **** uint8_t USBD_CDC_RegisterInterface(USBD_HandleTypeDef *pdev,
 739:Middlewares/ST/STM32_USB_Device_Library/Class/CDC/Src/usbd_cdc.c ****                                    USBD_CDC_ItfTypeDef *fops)
 740:Middlewares/ST/STM32_USB_Device_Library/Class/CDC/Src/usbd_cdc.c **** {
 1228              		.loc 1 740 1 is_stmt 1 view -0
 1229              		.cfi_startproc
 1230              		@ args = 0, pretend = 0, frame = 0
 1231              		@ frame_needed = 0, uses_anonymous_args = 0
 1232              		@ link register save eliminated.
 741:Middlewares/ST/STM32_USB_Device_Library/Class/CDC/Src/usbd_cdc.c ****   if (fops == NULL)
 1233              		.loc 1 741 3 view .LVU378
 1234              		.loc 1 741 6 is_stmt 0 view .LVU379
 1235 0000 39B1     		cbz	r1, .L77
 742:Middlewares/ST/STM32_USB_Device_Library/Class/CDC/Src/usbd_cdc.c ****   {
 743:Middlewares/ST/STM32_USB_Device_Library/Class/CDC/Src/usbd_cdc.c ****     return (uint8_t)USBD_FAIL;
 744:Middlewares/ST/STM32_USB_Device_Library/Class/CDC/Src/usbd_cdc.c ****   }
 745:Middlewares/ST/STM32_USB_Device_Library/Class/CDC/Src/usbd_cdc.c **** 
 746:Middlewares/ST/STM32_USB_Device_Library/Class/CDC/Src/usbd_cdc.c ****   pdev->pUserData[pdev->classId] = fops;
 1236              		.loc 1 746 3 is_stmt 1 view .LVU380
 1237              		.loc 1 746 23 is_stmt 0 view .LVU381
 1238 0002 D0F8D432 		ldr	r3, [r0, #724]
 1239              		.loc 1 746 34 view .LVU382
 1240 0006 B033     		adds	r3, r3, #176
 1241 0008 00EB8300 		add	r0, r0, r3, lsl #2
 1242              	.LVL123:
 1243              		.loc 1 746 34 view .LVU383
 1244 000c 4160     		str	r1, [r0, #4]
 747:Middlewares/ST/STM32_USB_Device_Library/Class/CDC/Src/usbd_cdc.c **** 
 748:Middlewares/ST/STM32_USB_Device_Library/Class/CDC/Src/usbd_cdc.c ****   return (uint8_t)USBD_OK;
 1245              		.loc 1 748 3 is_stmt 1 view .LVU384
 1246              		.loc 1 748 10 is_stmt 0 view .LVU385
 1247 000e 0020     		movs	r0, #0
 1248 0010 7047     		bx	lr
 1249              	.LVL124:
 1250              	.L77:
 743:Middlewares/ST/STM32_USB_Device_Library/Class/CDC/Src/usbd_cdc.c ****   }
 1251              		.loc 1 743 12 view .LVU386
 1252 0012 0320     		movs	r0, #3
 1253              	.LVL125:
 749:Middlewares/ST/STM32_USB_Device_Library/Class/CDC/Src/usbd_cdc.c **** }
 1254              		.loc 1 749 1 view .LVU387
 1255 0014 7047     		bx	lr
 1256              		.cfi_endproc
 1257              	.LFE398:
ARM GAS  /tmp/ccNbS6UW.s 			page 42


 1259              		.section	.text.USBD_CDC_SetTxBuffer,"ax",%progbits
 1260              		.align	1
 1261              		.global	USBD_CDC_SetTxBuffer
 1262              		.syntax unified
 1263              		.thumb
 1264              		.thumb_func
 1266              	USBD_CDC_SetTxBuffer:
 1267              	.LVL126:
 1268              	.LFB399:
 750:Middlewares/ST/STM32_USB_Device_Library/Class/CDC/Src/usbd_cdc.c **** 
 751:Middlewares/ST/STM32_USB_Device_Library/Class/CDC/Src/usbd_cdc.c **** 
 752:Middlewares/ST/STM32_USB_Device_Library/Class/CDC/Src/usbd_cdc.c **** /**
 753:Middlewares/ST/STM32_USB_Device_Library/Class/CDC/Src/usbd_cdc.c ****   * @brief  USBD_CDC_SetTxBuffer
 754:Middlewares/ST/STM32_USB_Device_Library/Class/CDC/Src/usbd_cdc.c ****   * @param  pdev: device instance
 755:Middlewares/ST/STM32_USB_Device_Library/Class/CDC/Src/usbd_cdc.c ****   * @param  pbuff: Tx Buffer
 756:Middlewares/ST/STM32_USB_Device_Library/Class/CDC/Src/usbd_cdc.c ****   * @param  length: length of data to be sent
 757:Middlewares/ST/STM32_USB_Device_Library/Class/CDC/Src/usbd_cdc.c ****   * @param  ClassId: The Class ID
 758:Middlewares/ST/STM32_USB_Device_Library/Class/CDC/Src/usbd_cdc.c ****   * @retval status
 759:Middlewares/ST/STM32_USB_Device_Library/Class/CDC/Src/usbd_cdc.c ****   */
 760:Middlewares/ST/STM32_USB_Device_Library/Class/CDC/Src/usbd_cdc.c **** #ifdef USE_USBD_COMPOSITE
 761:Middlewares/ST/STM32_USB_Device_Library/Class/CDC/Src/usbd_cdc.c **** uint8_t USBD_CDC_SetTxBuffer(USBD_HandleTypeDef *pdev,
 762:Middlewares/ST/STM32_USB_Device_Library/Class/CDC/Src/usbd_cdc.c ****                              uint8_t *pbuff, uint32_t length, uint8_t ClassId)
 763:Middlewares/ST/STM32_USB_Device_Library/Class/CDC/Src/usbd_cdc.c **** {
 764:Middlewares/ST/STM32_USB_Device_Library/Class/CDC/Src/usbd_cdc.c ****   USBD_CDC_HandleTypeDef *hcdc = (USBD_CDC_HandleTypeDef *)pdev->pClassDataCmsit[ClassId];
 765:Middlewares/ST/STM32_USB_Device_Library/Class/CDC/Src/usbd_cdc.c **** #else
 766:Middlewares/ST/STM32_USB_Device_Library/Class/CDC/Src/usbd_cdc.c **** uint8_t USBD_CDC_SetTxBuffer(USBD_HandleTypeDef *pdev,
 767:Middlewares/ST/STM32_USB_Device_Library/Class/CDC/Src/usbd_cdc.c ****                              uint8_t *pbuff, uint32_t length)
 768:Middlewares/ST/STM32_USB_Device_Library/Class/CDC/Src/usbd_cdc.c **** {
 1269              		.loc 1 768 1 is_stmt 1 view -0
 1270              		.cfi_startproc
 1271              		@ args = 0, pretend = 0, frame = 0
 1272              		@ frame_needed = 0, uses_anonymous_args = 0
 1273              		@ link register save eliminated.
 769:Middlewares/ST/STM32_USB_Device_Library/Class/CDC/Src/usbd_cdc.c ****   USBD_CDC_HandleTypeDef *hcdc = (USBD_CDC_HandleTypeDef *)pdev->pClassDataCmsit[pdev->classId];
 1274              		.loc 1 769 3 view .LVU389
 1275              		.loc 1 769 86 is_stmt 0 view .LVU390
 1276 0000 D0F8D432 		ldr	r3, [r0, #724]
 1277              		.loc 1 769 27 view .LVU391
 1278 0004 B033     		adds	r3, r3, #176
 1279 0006 50F82330 		ldr	r3, [r0, r3, lsl #2]
 1280              	.LVL127:
 770:Middlewares/ST/STM32_USB_Device_Library/Class/CDC/Src/usbd_cdc.c **** #endif /* USE_USBD_COMPOSITE */
 771:Middlewares/ST/STM32_USB_Device_Library/Class/CDC/Src/usbd_cdc.c **** 
 772:Middlewares/ST/STM32_USB_Device_Library/Class/CDC/Src/usbd_cdc.c ****   if (hcdc == NULL)
 1281              		.loc 1 772 3 is_stmt 1 view .LVU392
 1282              		.loc 1 772 6 is_stmt 0 view .LVU393
 1283 000a 2BB1     		cbz	r3, .L80
 773:Middlewares/ST/STM32_USB_Device_Library/Class/CDC/Src/usbd_cdc.c ****   {
 774:Middlewares/ST/STM32_USB_Device_Library/Class/CDC/Src/usbd_cdc.c ****     return (uint8_t)USBD_FAIL;
 775:Middlewares/ST/STM32_USB_Device_Library/Class/CDC/Src/usbd_cdc.c ****   }
 776:Middlewares/ST/STM32_USB_Device_Library/Class/CDC/Src/usbd_cdc.c **** 
 777:Middlewares/ST/STM32_USB_Device_Library/Class/CDC/Src/usbd_cdc.c ****   hcdc->TxBuffer = pbuff;
 1284              		.loc 1 777 3 is_stmt 1 view .LVU394
 1285              		.loc 1 777 18 is_stmt 0 view .LVU395
 1286 000c C3F80812 		str	r1, [r3, #520]
 778:Middlewares/ST/STM32_USB_Device_Library/Class/CDC/Src/usbd_cdc.c ****   hcdc->TxLength = length;
 1287              		.loc 1 778 3 is_stmt 1 view .LVU396
ARM GAS  /tmp/ccNbS6UW.s 			page 43


 1288              		.loc 1 778 18 is_stmt 0 view .LVU397
 1289 0010 C3F81022 		str	r2, [r3, #528]
 779:Middlewares/ST/STM32_USB_Device_Library/Class/CDC/Src/usbd_cdc.c **** 
 780:Middlewares/ST/STM32_USB_Device_Library/Class/CDC/Src/usbd_cdc.c ****   return (uint8_t)USBD_OK;
 1290              		.loc 1 780 3 is_stmt 1 view .LVU398
 1291              		.loc 1 780 10 is_stmt 0 view .LVU399
 1292 0014 0020     		movs	r0, #0
 1293              	.LVL128:
 1294              		.loc 1 780 10 view .LVU400
 1295 0016 7047     		bx	lr
 1296              	.LVL129:
 1297              	.L80:
 774:Middlewares/ST/STM32_USB_Device_Library/Class/CDC/Src/usbd_cdc.c ****   }
 1298              		.loc 1 774 12 view .LVU401
 1299 0018 0320     		movs	r0, #3
 1300              	.LVL130:
 781:Middlewares/ST/STM32_USB_Device_Library/Class/CDC/Src/usbd_cdc.c **** }
 1301              		.loc 1 781 1 view .LVU402
 1302 001a 7047     		bx	lr
 1303              		.cfi_endproc
 1304              	.LFE399:
 1306              		.section	.text.USBD_CDC_SetRxBuffer,"ax",%progbits
 1307              		.align	1
 1308              		.global	USBD_CDC_SetRxBuffer
 1309              		.syntax unified
 1310              		.thumb
 1311              		.thumb_func
 1313              	USBD_CDC_SetRxBuffer:
 1314              	.LVL131:
 1315              	.LFB400:
 782:Middlewares/ST/STM32_USB_Device_Library/Class/CDC/Src/usbd_cdc.c **** 
 783:Middlewares/ST/STM32_USB_Device_Library/Class/CDC/Src/usbd_cdc.c **** /**
 784:Middlewares/ST/STM32_USB_Device_Library/Class/CDC/Src/usbd_cdc.c ****   * @brief  USBD_CDC_SetRxBuffer
 785:Middlewares/ST/STM32_USB_Device_Library/Class/CDC/Src/usbd_cdc.c ****   * @param  pdev: device instance
 786:Middlewares/ST/STM32_USB_Device_Library/Class/CDC/Src/usbd_cdc.c ****   * @param  pbuff: Rx Buffer
 787:Middlewares/ST/STM32_USB_Device_Library/Class/CDC/Src/usbd_cdc.c ****   * @retval status
 788:Middlewares/ST/STM32_USB_Device_Library/Class/CDC/Src/usbd_cdc.c ****   */
 789:Middlewares/ST/STM32_USB_Device_Library/Class/CDC/Src/usbd_cdc.c **** uint8_t USBD_CDC_SetRxBuffer(USBD_HandleTypeDef *pdev, uint8_t *pbuff)
 790:Middlewares/ST/STM32_USB_Device_Library/Class/CDC/Src/usbd_cdc.c **** {
 1316              		.loc 1 790 1 is_stmt 1 view -0
 1317              		.cfi_startproc
 1318              		@ args = 0, pretend = 0, frame = 0
 1319              		@ frame_needed = 0, uses_anonymous_args = 0
 1320              		@ link register save eliminated.
 791:Middlewares/ST/STM32_USB_Device_Library/Class/CDC/Src/usbd_cdc.c ****   USBD_CDC_HandleTypeDef *hcdc = (USBD_CDC_HandleTypeDef *)pdev->pClassDataCmsit[pdev->classId];
 1321              		.loc 1 791 3 view .LVU404
 1322              		.loc 1 791 86 is_stmt 0 view .LVU405
 1323 0000 D0F8D432 		ldr	r3, [r0, #724]
 1324              		.loc 1 791 27 view .LVU406
 1325 0004 B033     		adds	r3, r3, #176
 1326 0006 50F82330 		ldr	r3, [r0, r3, lsl #2]
 1327              	.LVL132:
 792:Middlewares/ST/STM32_USB_Device_Library/Class/CDC/Src/usbd_cdc.c **** 
 793:Middlewares/ST/STM32_USB_Device_Library/Class/CDC/Src/usbd_cdc.c ****   if (hcdc == NULL)
 1328              		.loc 1 793 3 is_stmt 1 view .LVU407
 1329              		.loc 1 793 6 is_stmt 0 view .LVU408
 1330 000a 1BB1     		cbz	r3, .L83
ARM GAS  /tmp/ccNbS6UW.s 			page 44


 794:Middlewares/ST/STM32_USB_Device_Library/Class/CDC/Src/usbd_cdc.c ****   {
 795:Middlewares/ST/STM32_USB_Device_Library/Class/CDC/Src/usbd_cdc.c ****     return (uint8_t)USBD_FAIL;
 796:Middlewares/ST/STM32_USB_Device_Library/Class/CDC/Src/usbd_cdc.c ****   }
 797:Middlewares/ST/STM32_USB_Device_Library/Class/CDC/Src/usbd_cdc.c **** 
 798:Middlewares/ST/STM32_USB_Device_Library/Class/CDC/Src/usbd_cdc.c ****   hcdc->RxBuffer = pbuff;
 1331              		.loc 1 798 3 is_stmt 1 view .LVU409
 1332              		.loc 1 798 18 is_stmt 0 view .LVU410
 1333 000c C3F80412 		str	r1, [r3, #516]
 799:Middlewares/ST/STM32_USB_Device_Library/Class/CDC/Src/usbd_cdc.c **** 
 800:Middlewares/ST/STM32_USB_Device_Library/Class/CDC/Src/usbd_cdc.c ****   return (uint8_t)USBD_OK;
 1334              		.loc 1 800 3 is_stmt 1 view .LVU411
 1335              		.loc 1 800 10 is_stmt 0 view .LVU412
 1336 0010 0020     		movs	r0, #0
 1337              	.LVL133:
 1338              		.loc 1 800 10 view .LVU413
 1339 0012 7047     		bx	lr
 1340              	.LVL134:
 1341              	.L83:
 795:Middlewares/ST/STM32_USB_Device_Library/Class/CDC/Src/usbd_cdc.c ****   }
 1342              		.loc 1 795 12 view .LVU414
 1343 0014 0320     		movs	r0, #3
 1344              	.LVL135:
 801:Middlewares/ST/STM32_USB_Device_Library/Class/CDC/Src/usbd_cdc.c **** }
 1345              		.loc 1 801 1 view .LVU415
 1346 0016 7047     		bx	lr
 1347              		.cfi_endproc
 1348              	.LFE400:
 1350              		.section	.text.USBD_CDC_TransmitPacket,"ax",%progbits
 1351              		.align	1
 1352              		.global	USBD_CDC_TransmitPacket
 1353              		.syntax unified
 1354              		.thumb
 1355              		.thumb_func
 1357              	USBD_CDC_TransmitPacket:
 1358              	.LVL136:
 1359              	.LFB401:
 802:Middlewares/ST/STM32_USB_Device_Library/Class/CDC/Src/usbd_cdc.c **** 
 803:Middlewares/ST/STM32_USB_Device_Library/Class/CDC/Src/usbd_cdc.c **** 
 804:Middlewares/ST/STM32_USB_Device_Library/Class/CDC/Src/usbd_cdc.c **** /**
 805:Middlewares/ST/STM32_USB_Device_Library/Class/CDC/Src/usbd_cdc.c ****   * @brief  USBD_CDC_TransmitPacket
 806:Middlewares/ST/STM32_USB_Device_Library/Class/CDC/Src/usbd_cdc.c ****   *         Transmit packet on IN endpoint
 807:Middlewares/ST/STM32_USB_Device_Library/Class/CDC/Src/usbd_cdc.c ****   * @param  pdev: device instance
 808:Middlewares/ST/STM32_USB_Device_Library/Class/CDC/Src/usbd_cdc.c ****   * @param  ClassId: The Class ID
 809:Middlewares/ST/STM32_USB_Device_Library/Class/CDC/Src/usbd_cdc.c ****   * @retval status
 810:Middlewares/ST/STM32_USB_Device_Library/Class/CDC/Src/usbd_cdc.c ****   */
 811:Middlewares/ST/STM32_USB_Device_Library/Class/CDC/Src/usbd_cdc.c **** #ifdef USE_USBD_COMPOSITE
 812:Middlewares/ST/STM32_USB_Device_Library/Class/CDC/Src/usbd_cdc.c **** uint8_t USBD_CDC_TransmitPacket(USBD_HandleTypeDef *pdev, uint8_t ClassId)
 813:Middlewares/ST/STM32_USB_Device_Library/Class/CDC/Src/usbd_cdc.c **** {
 814:Middlewares/ST/STM32_USB_Device_Library/Class/CDC/Src/usbd_cdc.c ****   USBD_CDC_HandleTypeDef *hcdc = (USBD_CDC_HandleTypeDef *)pdev->pClassDataCmsit[ClassId];
 815:Middlewares/ST/STM32_USB_Device_Library/Class/CDC/Src/usbd_cdc.c **** #else
 816:Middlewares/ST/STM32_USB_Device_Library/Class/CDC/Src/usbd_cdc.c **** uint8_t USBD_CDC_TransmitPacket(USBD_HandleTypeDef *pdev)
 817:Middlewares/ST/STM32_USB_Device_Library/Class/CDC/Src/usbd_cdc.c **** {
 1360              		.loc 1 817 1 is_stmt 1 view -0
 1361              		.cfi_startproc
 1362              		@ args = 0, pretend = 0, frame = 0
 1363              		@ frame_needed = 0, uses_anonymous_args = 0
 1364              		.loc 1 817 1 is_stmt 0 view .LVU417
ARM GAS  /tmp/ccNbS6UW.s 			page 45


 1365 0000 08B5     		push	{r3, lr}
 1366              	.LCFI12:
 1367              		.cfi_def_cfa_offset 8
 1368              		.cfi_offset 3, -8
 1369              		.cfi_offset 14, -4
 818:Middlewares/ST/STM32_USB_Device_Library/Class/CDC/Src/usbd_cdc.c ****   USBD_CDC_HandleTypeDef *hcdc = (USBD_CDC_HandleTypeDef *)pdev->pClassDataCmsit[pdev->classId];
 1370              		.loc 1 818 3 is_stmt 1 view .LVU418
 1371              		.loc 1 818 86 is_stmt 0 view .LVU419
 1372 0002 D0F8D432 		ldr	r3, [r0, #724]
 1373              		.loc 1 818 27 view .LVU420
 1374 0006 B033     		adds	r3, r3, #176
 1375 0008 50F82320 		ldr	r2, [r0, r3, lsl #2]
 1376              	.LVL137:
 819:Middlewares/ST/STM32_USB_Device_Library/Class/CDC/Src/usbd_cdc.c **** #endif  /* USE_USBD_COMPOSITE */
 820:Middlewares/ST/STM32_USB_Device_Library/Class/CDC/Src/usbd_cdc.c **** 
 821:Middlewares/ST/STM32_USB_Device_Library/Class/CDC/Src/usbd_cdc.c ****   USBD_StatusTypeDef ret = USBD_BUSY;
 1377              		.loc 1 821 3 is_stmt 1 view .LVU421
 822:Middlewares/ST/STM32_USB_Device_Library/Class/CDC/Src/usbd_cdc.c **** 
 823:Middlewares/ST/STM32_USB_Device_Library/Class/CDC/Src/usbd_cdc.c **** #ifdef USE_USBD_COMPOSITE
 824:Middlewares/ST/STM32_USB_Device_Library/Class/CDC/Src/usbd_cdc.c ****   /* Get the Endpoints addresses allocated for this class instance */
 825:Middlewares/ST/STM32_USB_Device_Library/Class/CDC/Src/usbd_cdc.c ****   CDCInEpAdd  = USBD_CoreGetEPAdd(pdev, USBD_EP_IN, USBD_EP_TYPE_BULK, ClassId);
 826:Middlewares/ST/STM32_USB_Device_Library/Class/CDC/Src/usbd_cdc.c **** #endif  /* USE_USBD_COMPOSITE */
 827:Middlewares/ST/STM32_USB_Device_Library/Class/CDC/Src/usbd_cdc.c **** 
 828:Middlewares/ST/STM32_USB_Device_Library/Class/CDC/Src/usbd_cdc.c ****   if (hcdc == NULL)
 1378              		.loc 1 828 3 view .LVU422
 1379              		.loc 1 828 6 is_stmt 0 view .LVU423
 1380 000c 8AB1     		cbz	r2, .L86
 829:Middlewares/ST/STM32_USB_Device_Library/Class/CDC/Src/usbd_cdc.c ****   {
 830:Middlewares/ST/STM32_USB_Device_Library/Class/CDC/Src/usbd_cdc.c ****     return (uint8_t)USBD_FAIL;
 831:Middlewares/ST/STM32_USB_Device_Library/Class/CDC/Src/usbd_cdc.c ****   }
 832:Middlewares/ST/STM32_USB_Device_Library/Class/CDC/Src/usbd_cdc.c **** 
 833:Middlewares/ST/STM32_USB_Device_Library/Class/CDC/Src/usbd_cdc.c ****   if (hcdc->TxState == 0U)
 1381              		.loc 1 833 3 is_stmt 1 view .LVU424
 1382              		.loc 1 833 11 is_stmt 0 view .LVU425
 1383 000e D2F81432 		ldr	r3, [r2, #532]
 1384              		.loc 1 833 6 view .LVU426
 1385 0012 0BB1     		cbz	r3, .L89
 821:Middlewares/ST/STM32_USB_Device_Library/Class/CDC/Src/usbd_cdc.c **** 
 1386              		.loc 1 821 22 view .LVU427
 1387 0014 0120     		movs	r0, #1
 1388              	.LVL138:
 1389              	.L85:
 834:Middlewares/ST/STM32_USB_Device_Library/Class/CDC/Src/usbd_cdc.c ****   {
 835:Middlewares/ST/STM32_USB_Device_Library/Class/CDC/Src/usbd_cdc.c ****     /* Tx Transfer in progress */
 836:Middlewares/ST/STM32_USB_Device_Library/Class/CDC/Src/usbd_cdc.c ****     hcdc->TxState = 1U;
 837:Middlewares/ST/STM32_USB_Device_Library/Class/CDC/Src/usbd_cdc.c **** 
 838:Middlewares/ST/STM32_USB_Device_Library/Class/CDC/Src/usbd_cdc.c ****     /* Update the packet total length */
 839:Middlewares/ST/STM32_USB_Device_Library/Class/CDC/Src/usbd_cdc.c ****     pdev->ep_in[CDCInEpAdd & 0xFU].total_length = hcdc->TxLength;
 840:Middlewares/ST/STM32_USB_Device_Library/Class/CDC/Src/usbd_cdc.c **** 
 841:Middlewares/ST/STM32_USB_Device_Library/Class/CDC/Src/usbd_cdc.c ****     /* Transmit next packet */
 842:Middlewares/ST/STM32_USB_Device_Library/Class/CDC/Src/usbd_cdc.c ****     (void)USBD_LL_Transmit(pdev, CDCInEpAdd, hcdc->TxBuffer, hcdc->TxLength);
 843:Middlewares/ST/STM32_USB_Device_Library/Class/CDC/Src/usbd_cdc.c **** 
 844:Middlewares/ST/STM32_USB_Device_Library/Class/CDC/Src/usbd_cdc.c ****     ret = USBD_OK;
 845:Middlewares/ST/STM32_USB_Device_Library/Class/CDC/Src/usbd_cdc.c ****   }
 846:Middlewares/ST/STM32_USB_Device_Library/Class/CDC/Src/usbd_cdc.c **** 
 847:Middlewares/ST/STM32_USB_Device_Library/Class/CDC/Src/usbd_cdc.c ****   return (uint8_t)ret;
 848:Middlewares/ST/STM32_USB_Device_Library/Class/CDC/Src/usbd_cdc.c **** }
ARM GAS  /tmp/ccNbS6UW.s 			page 46


 1390              		.loc 1 848 1 view .LVU428
 1391 0016 08BD     		pop	{r3, pc}
 1392              	.LVL139:
 1393              	.L89:
 836:Middlewares/ST/STM32_USB_Device_Library/Class/CDC/Src/usbd_cdc.c **** 
 1394              		.loc 1 836 5 is_stmt 1 view .LVU429
 836:Middlewares/ST/STM32_USB_Device_Library/Class/CDC/Src/usbd_cdc.c **** 
 1395              		.loc 1 836 19 is_stmt 0 view .LVU430
 1396 0018 0123     		movs	r3, #1
 1397 001a C2F81432 		str	r3, [r2, #532]
 839:Middlewares/ST/STM32_USB_Device_Library/Class/CDC/Src/usbd_cdc.c **** 
 1398              		.loc 1 839 5 is_stmt 1 view .LVU431
 839:Middlewares/ST/STM32_USB_Device_Library/Class/CDC/Src/usbd_cdc.c **** 
 1399              		.loc 1 839 55 is_stmt 0 view .LVU432
 1400 001e D2F81032 		ldr	r3, [r2, #528]
 839:Middlewares/ST/STM32_USB_Device_Library/Class/CDC/Src/usbd_cdc.c **** 
 1401              		.loc 1 839 49 view .LVU433
 1402 0022 8362     		str	r3, [r0, #40]
 842:Middlewares/ST/STM32_USB_Device_Library/Class/CDC/Src/usbd_cdc.c **** 
 1403              		.loc 1 842 5 is_stmt 1 view .LVU434
 842:Middlewares/ST/STM32_USB_Device_Library/Class/CDC/Src/usbd_cdc.c **** 
 1404              		.loc 1 842 11 is_stmt 0 view .LVU435
 1405 0024 D2F80822 		ldr	r2, [r2, #520]
 1406              	.LVL140:
 842:Middlewares/ST/STM32_USB_Device_Library/Class/CDC/Src/usbd_cdc.c **** 
 1407              		.loc 1 842 11 view .LVU436
 1408 0028 8121     		movs	r1, #129
 1409 002a FFF7FEFF 		bl	USBD_LL_Transmit
 1410              	.LVL141:
 844:Middlewares/ST/STM32_USB_Device_Library/Class/CDC/Src/usbd_cdc.c ****   }
 1411              		.loc 1 844 5 is_stmt 1 view .LVU437
 844:Middlewares/ST/STM32_USB_Device_Library/Class/CDC/Src/usbd_cdc.c ****   }
 1412              		.loc 1 844 9 is_stmt 0 view .LVU438
 1413 002e 0020     		movs	r0, #0
 1414 0030 F1E7     		b	.L85
 1415              	.LVL142:
 1416              	.L86:
 830:Middlewares/ST/STM32_USB_Device_Library/Class/CDC/Src/usbd_cdc.c ****   }
 1417              		.loc 1 830 12 view .LVU439
 1418 0032 0320     		movs	r0, #3
 1419              	.LVL143:
 830:Middlewares/ST/STM32_USB_Device_Library/Class/CDC/Src/usbd_cdc.c ****   }
 1420              		.loc 1 830 12 view .LVU440
 1421 0034 EFE7     		b	.L85
 1422              		.cfi_endproc
 1423              	.LFE401:
 1425              		.section	.text.USBD_CDC_ReceivePacket,"ax",%progbits
 1426              		.align	1
 1427              		.global	USBD_CDC_ReceivePacket
 1428              		.syntax unified
 1429              		.thumb
 1430              		.thumb_func
 1432              	USBD_CDC_ReceivePacket:
 1433              	.LVL144:
 1434              	.LFB402:
 849:Middlewares/ST/STM32_USB_Device_Library/Class/CDC/Src/usbd_cdc.c **** 
 850:Middlewares/ST/STM32_USB_Device_Library/Class/CDC/Src/usbd_cdc.c **** /**
ARM GAS  /tmp/ccNbS6UW.s 			page 47


 851:Middlewares/ST/STM32_USB_Device_Library/Class/CDC/Src/usbd_cdc.c ****   * @brief  USBD_CDC_ReceivePacket
 852:Middlewares/ST/STM32_USB_Device_Library/Class/CDC/Src/usbd_cdc.c ****   *         prepare OUT Endpoint for reception
 853:Middlewares/ST/STM32_USB_Device_Library/Class/CDC/Src/usbd_cdc.c ****   * @param  pdev: device instance
 854:Middlewares/ST/STM32_USB_Device_Library/Class/CDC/Src/usbd_cdc.c ****   * @retval status
 855:Middlewares/ST/STM32_USB_Device_Library/Class/CDC/Src/usbd_cdc.c ****   */
 856:Middlewares/ST/STM32_USB_Device_Library/Class/CDC/Src/usbd_cdc.c **** uint8_t USBD_CDC_ReceivePacket(USBD_HandleTypeDef *pdev)
 857:Middlewares/ST/STM32_USB_Device_Library/Class/CDC/Src/usbd_cdc.c **** {
 1435              		.loc 1 857 1 is_stmt 1 view -0
 1436              		.cfi_startproc
 1437              		@ args = 0, pretend = 0, frame = 0
 1438              		@ frame_needed = 0, uses_anonymous_args = 0
 1439              		.loc 1 857 1 is_stmt 0 view .LVU442
 1440 0000 10B5     		push	{r4, lr}
 1441              	.LCFI13:
 1442              		.cfi_def_cfa_offset 8
 1443              		.cfi_offset 4, -8
 1444              		.cfi_offset 14, -4
 858:Middlewares/ST/STM32_USB_Device_Library/Class/CDC/Src/usbd_cdc.c ****   USBD_CDC_HandleTypeDef *hcdc = (USBD_CDC_HandleTypeDef *)pdev->pClassDataCmsit[pdev->classId];
 1445              		.loc 1 858 3 is_stmt 1 view .LVU443
 1446              		.loc 1 858 86 is_stmt 0 view .LVU444
 1447 0002 D0F8D432 		ldr	r3, [r0, #724]
 1448              		.loc 1 858 27 view .LVU445
 1449 0006 B033     		adds	r3, r3, #176
 1450 0008 50F82320 		ldr	r2, [r0, r3, lsl #2]
 1451              	.LVL145:
 859:Middlewares/ST/STM32_USB_Device_Library/Class/CDC/Src/usbd_cdc.c **** 
 860:Middlewares/ST/STM32_USB_Device_Library/Class/CDC/Src/usbd_cdc.c **** #ifdef USE_USBD_COMPOSITE
 861:Middlewares/ST/STM32_USB_Device_Library/Class/CDC/Src/usbd_cdc.c ****   /* Get the Endpoints addresses allocated for this class instance */
 862:Middlewares/ST/STM32_USB_Device_Library/Class/CDC/Src/usbd_cdc.c ****   CDCOutEpAdd = USBD_CoreGetEPAdd(pdev, USBD_EP_OUT, USBD_EP_TYPE_BULK, (uint8_t)pdev->classId);
 863:Middlewares/ST/STM32_USB_Device_Library/Class/CDC/Src/usbd_cdc.c **** #endif /* USE_USBD_COMPOSITE */
 864:Middlewares/ST/STM32_USB_Device_Library/Class/CDC/Src/usbd_cdc.c **** 
 865:Middlewares/ST/STM32_USB_Device_Library/Class/CDC/Src/usbd_cdc.c ****   if (pdev->pClassDataCmsit[pdev->classId] == NULL)
 1452              		.loc 1 865 3 is_stmt 1 view .LVU446
 1453              		.loc 1 865 6 is_stmt 0 view .LVU447
 1454 000c 92B1     		cbz	r2, .L93
 866:Middlewares/ST/STM32_USB_Device_Library/Class/CDC/Src/usbd_cdc.c ****   {
 867:Middlewares/ST/STM32_USB_Device_Library/Class/CDC/Src/usbd_cdc.c ****     return (uint8_t)USBD_FAIL;
 868:Middlewares/ST/STM32_USB_Device_Library/Class/CDC/Src/usbd_cdc.c ****   }
 869:Middlewares/ST/STM32_USB_Device_Library/Class/CDC/Src/usbd_cdc.c **** 
 870:Middlewares/ST/STM32_USB_Device_Library/Class/CDC/Src/usbd_cdc.c ****   if (pdev->dev_speed == USBD_SPEED_HIGH)
 1455              		.loc 1 870 3 is_stmt 1 view .LVU448
 1456              		.loc 1 870 11 is_stmt 0 view .LVU449
 1457 000e 047C     		ldrb	r4, [r0, #16]	@ zero_extendqisi2
 1458              		.loc 1 870 6 view .LVU450
 1459 0010 44B9     		cbnz	r4, .L92
 871:Middlewares/ST/STM32_USB_Device_Library/Class/CDC/Src/usbd_cdc.c ****   {
 872:Middlewares/ST/STM32_USB_Device_Library/Class/CDC/Src/usbd_cdc.c ****     /* Prepare Out endpoint to receive next packet */
 873:Middlewares/ST/STM32_USB_Device_Library/Class/CDC/Src/usbd_cdc.c ****     (void)USBD_LL_PrepareReceive(pdev, CDCOutEpAdd, hcdc->RxBuffer,
 1460              		.loc 1 873 5 is_stmt 1 view .LVU451
 1461              		.loc 1 873 11 is_stmt 0 view .LVU452
 1462 0012 4FF40073 		mov	r3, #512
 1463 0016 D2F80422 		ldr	r2, [r2, #516]
 1464              	.LVL146:
 1465              		.loc 1 873 11 view .LVU453
 1466 001a 0121     		movs	r1, #1
 1467 001c FFF7FEFF 		bl	USBD_LL_PrepareReceive
 1468              	.LVL147:
ARM GAS  /tmp/ccNbS6UW.s 			page 48


 1469              	.L91:
 874:Middlewares/ST/STM32_USB_Device_Library/Class/CDC/Src/usbd_cdc.c ****                                  CDC_DATA_HS_OUT_PACKET_SIZE);
 875:Middlewares/ST/STM32_USB_Device_Library/Class/CDC/Src/usbd_cdc.c ****   }
 876:Middlewares/ST/STM32_USB_Device_Library/Class/CDC/Src/usbd_cdc.c ****   else
 877:Middlewares/ST/STM32_USB_Device_Library/Class/CDC/Src/usbd_cdc.c ****   {
 878:Middlewares/ST/STM32_USB_Device_Library/Class/CDC/Src/usbd_cdc.c ****     /* Prepare Out endpoint to receive next packet */
 879:Middlewares/ST/STM32_USB_Device_Library/Class/CDC/Src/usbd_cdc.c ****     (void)USBD_LL_PrepareReceive(pdev, CDCOutEpAdd, hcdc->RxBuffer,
 880:Middlewares/ST/STM32_USB_Device_Library/Class/CDC/Src/usbd_cdc.c ****                                  CDC_DATA_FS_OUT_PACKET_SIZE);
 881:Middlewares/ST/STM32_USB_Device_Library/Class/CDC/Src/usbd_cdc.c ****   }
 882:Middlewares/ST/STM32_USB_Device_Library/Class/CDC/Src/usbd_cdc.c **** 
 883:Middlewares/ST/STM32_USB_Device_Library/Class/CDC/Src/usbd_cdc.c ****   return (uint8_t)USBD_OK;
 884:Middlewares/ST/STM32_USB_Device_Library/Class/CDC/Src/usbd_cdc.c **** }
 1470              		.loc 1 884 1 view .LVU454
 1471 0020 2046     		mov	r0, r4
 1472 0022 10BD     		pop	{r4, pc}
 1473              	.LVL148:
 1474              	.L92:
 879:Middlewares/ST/STM32_USB_Device_Library/Class/CDC/Src/usbd_cdc.c ****                                  CDC_DATA_FS_OUT_PACKET_SIZE);
 1475              		.loc 1 879 5 is_stmt 1 view .LVU455
 879:Middlewares/ST/STM32_USB_Device_Library/Class/CDC/Src/usbd_cdc.c ****                                  CDC_DATA_FS_OUT_PACKET_SIZE);
 1476              		.loc 1 879 11 is_stmt 0 view .LVU456
 1477 0024 4023     		movs	r3, #64
 1478 0026 D2F80422 		ldr	r2, [r2, #516]
 1479              	.LVL149:
 879:Middlewares/ST/STM32_USB_Device_Library/Class/CDC/Src/usbd_cdc.c ****                                  CDC_DATA_FS_OUT_PACKET_SIZE);
 1480              		.loc 1 879 11 view .LVU457
 1481 002a 0121     		movs	r1, #1
 1482 002c FFF7FEFF 		bl	USBD_LL_PrepareReceive
 1483              	.LVL150:
 883:Middlewares/ST/STM32_USB_Device_Library/Class/CDC/Src/usbd_cdc.c **** }
 1484              		.loc 1 883 10 view .LVU458
 1485 0030 0024     		movs	r4, #0
 1486 0032 F5E7     		b	.L91
 1487              	.LVL151:
 1488              	.L93:
 867:Middlewares/ST/STM32_USB_Device_Library/Class/CDC/Src/usbd_cdc.c ****   }
 1489              		.loc 1 867 12 view .LVU459
 1490 0034 0324     		movs	r4, #3
 1491 0036 F3E7     		b	.L91
 1492              		.cfi_endproc
 1493              	.LFE402:
 1495              		.section	.data.USBD_CDC_CfgDesc,"aw"
 1496              		.align	2
 1499              	USBD_CDC_CfgDesc:
 1500 0000 09024300 		.ascii	"\011\002C\000\002\001\000\3002\011\004\000\000\001\002"
 1500      020100C0 
 1500      32090400 
 1500      000102
 1501 000f 02010005 		.ascii	"\002\001\000\005$\000\020\001\005$\001\000\001\004$"
 1501      24001001 
 1501      05240100 
 1501      010424
 1502 001e 02020524 		.ascii	"\002\002\005$\006\000\001\007\005\202\003\010\000\020"
 1502      06000107 
 1502      05820308 
 1502      0010
 1503 002c 09040100 		.ascii	"\011\004\001\000\002\012\000\000\000\007\005\001\002"
ARM GAS  /tmp/ccNbS6UW.s 			page 49


 1503      020A0000 
 1503      00070501 
 1503      02
 1504 0039 40000007 		.ascii	"@\000\000\007\005\201\002@\000\000"
 1504      05810240 
 1504      0000
 1505              		.global	USBD_CDC
 1506              		.section	.data.USBD_CDC,"aw"
 1507              		.align	2
 1510              	USBD_CDC:
 1511 0000 00000000 		.word	USBD_CDC_Init
 1512 0004 00000000 		.word	USBD_CDC_DeInit
 1513 0008 00000000 		.word	USBD_CDC_Setup
 1514 000c 00000000 		.word	0
 1515 0010 00000000 		.word	USBD_CDC_EP0_RxReady
 1516 0014 00000000 		.word	USBD_CDC_DataIn
 1517 0018 00000000 		.word	USBD_CDC_DataOut
 1518 001c 00000000 		.word	0
 1519 0020 00000000 		.word	0
 1520 0024 00000000 		.word	0
 1521 0028 00000000 		.word	USBD_CDC_GetHSCfgDesc
 1522 002c 00000000 		.word	USBD_CDC_GetFSCfgDesc
 1523 0030 00000000 		.word	USBD_CDC_GetOtherSpeedCfgDesc
 1524 0034 00000000 		.word	USBD_CDC_GetDeviceQualifierDescriptor
 1525              		.section	.data.USBD_CDC_DeviceQualifierDesc,"aw"
 1526              		.align	2
 1529              	USBD_CDC_DeviceQualifierDesc:
 1530 0000 0A060002 		.ascii	"\012\006\000\002\000\000\000@\001\000"
 1530      00000040 
 1530      0100
 1531              		.text
 1532              	.Letext0:
 1533              		.file 2 "/usr/lib/gcc/arm-none-eabi/13.2.1/include/stddef.h"
 1534              		.file 3 "/usr/lib/gcc/arm-none-eabi/13.2.1/include/stdint.h"
 1535              		.file 4 "Drivers/CMSIS/Device/ST/STM32L4xx/Include/stm32l433xx.h"
 1536              		.file 5 "Drivers/STM32L4xx_HAL_Driver/Inc/stm32l4xx_hal_def.h"
 1537              		.file 6 "Drivers/STM32L4xx_HAL_Driver/Inc/stm32l4xx_ll_usb.h"
 1538              		.file 7 "Drivers/STM32L4xx_HAL_Driver/Inc/stm32l4xx_hal_pcd.h"
 1539              		.file 8 "Middlewares/ST/STM32_USB_Device_Library/Core/Inc/usbd_def.h"
 1540              		.file 9 "Middlewares/ST/STM32_USB_Device_Library/Class/CDC/Inc/usbd_cdc.h"
 1541              		.file 10 "Middlewares/ST/STM32_USB_Device_Library/Core/Inc/usbd_core.h"
 1542              		.file 11 "/usr/include/newlib/string.h"
 1543              		.file 12 "USB_DEVICE/Target/usbd_conf.h"
 1544              		.file 13 "Middlewares/ST/STM32_USB_Device_Library/Core/Inc/usbd_ctlreq.h"
 1545              		.file 14 "Middlewares/ST/STM32_USB_Device_Library/Core/Inc/usbd_ioreq.h"
 1546              		.file 15 "Drivers/STM32L4xx_HAL_Driver/Inc/stm32l4xx_ll_dma.h"
 1547              		.file 16 "<built-in>"
ARM GAS  /tmp/ccNbS6UW.s 			page 50


DEFINED SYMBOLS
                            *ABS*:00000000 usbd_cdc.c
     /tmp/ccNbS6UW.s:21     .text.USBD_CDC_EP0_RxReady:00000000 $t
     /tmp/ccNbS6UW.s:26     .text.USBD_CDC_EP0_RxReady:00000000 USBD_CDC_EP0_RxReady
     /tmp/ccNbS6UW.s:97     .text.USBD_CDC_GetDeviceQualifierDescriptor:00000000 $t
     /tmp/ccNbS6UW.s:103    .text.USBD_CDC_GetDeviceQualifierDescriptor:00000000 USBD_CDC_GetDeviceQualifierDescriptor
     /tmp/ccNbS6UW.s:124    .text.USBD_CDC_GetDeviceQualifierDescriptor:00000008 $d
     /tmp/ccNbS6UW.s:1529   .data.USBD_CDC_DeviceQualifierDesc:00000000 USBD_CDC_DeviceQualifierDesc
     /tmp/ccNbS6UW.s:129    .text.USBD_CDC_GetOtherSpeedCfgDesc:00000000 $t
     /tmp/ccNbS6UW.s:134    .text.USBD_CDC_GetOtherSpeedCfgDesc:00000000 USBD_CDC_GetOtherSpeedCfgDesc
     /tmp/ccNbS6UW.s:224    .text.USBD_CDC_GetOtherSpeedCfgDesc:00000044 $d
     /tmp/ccNbS6UW.s:1499   .data.USBD_CDC_CfgDesc:00000000 USBD_CDC_CfgDesc
     /tmp/ccNbS6UW.s:229    .text.USBD_CDC_GetFSCfgDesc:00000000 $t
     /tmp/ccNbS6UW.s:234    .text.USBD_CDC_GetFSCfgDesc:00000000 USBD_CDC_GetFSCfgDesc
     /tmp/ccNbS6UW.s:324    .text.USBD_CDC_GetFSCfgDesc:00000044 $d
     /tmp/ccNbS6UW.s:329    .text.USBD_CDC_GetHSCfgDesc:00000000 $t
     /tmp/ccNbS6UW.s:334    .text.USBD_CDC_GetHSCfgDesc:00000000 USBD_CDC_GetHSCfgDesc
     /tmp/ccNbS6UW.s:424    .text.USBD_CDC_GetHSCfgDesc:00000044 $d
     /tmp/ccNbS6UW.s:429    .text.USBD_CDC_DataOut:00000000 $t
     /tmp/ccNbS6UW.s:434    .text.USBD_CDC_DataOut:00000000 USBD_CDC_DataOut
     /tmp/ccNbS6UW.s:499    .text.USBD_CDC_DataIn:00000000 $t
     /tmp/ccNbS6UW.s:504    .text.USBD_CDC_DataIn:00000000 USBD_CDC_DataIn
     /tmp/ccNbS6UW.s:625    .text.USBD_CDC_Setup:00000000 $t
     /tmp/ccNbS6UW.s:630    .text.USBD_CDC_Setup:00000000 USBD_CDC_Setup
     /tmp/ccNbS6UW.s:787    .text.USBD_CDC_Setup:0000009e $d
     /tmp/ccNbS6UW.s:799    .text.USBD_CDC_Setup:000000aa $t
     /tmp/ccNbS6UW.s:914    .text.USBD_CDC_DeInit:00000000 $t
     /tmp/ccNbS6UW.s:919    .text.USBD_CDC_DeInit:00000000 USBD_CDC_DeInit
     /tmp/ccNbS6UW.s:1013   .text.USBD_CDC_Init:00000000 $t
     /tmp/ccNbS6UW.s:1018   .text.USBD_CDC_Init:00000000 USBD_CDC_Init
     /tmp/ccNbS6UW.s:1219   .text.USBD_CDC_RegisterInterface:00000000 $t
     /tmp/ccNbS6UW.s:1225   .text.USBD_CDC_RegisterInterface:00000000 USBD_CDC_RegisterInterface
     /tmp/ccNbS6UW.s:1260   .text.USBD_CDC_SetTxBuffer:00000000 $t
     /tmp/ccNbS6UW.s:1266   .text.USBD_CDC_SetTxBuffer:00000000 USBD_CDC_SetTxBuffer
     /tmp/ccNbS6UW.s:1307   .text.USBD_CDC_SetRxBuffer:00000000 $t
     /tmp/ccNbS6UW.s:1313   .text.USBD_CDC_SetRxBuffer:00000000 USBD_CDC_SetRxBuffer
     /tmp/ccNbS6UW.s:1351   .text.USBD_CDC_TransmitPacket:00000000 $t
     /tmp/ccNbS6UW.s:1357   .text.USBD_CDC_TransmitPacket:00000000 USBD_CDC_TransmitPacket
     /tmp/ccNbS6UW.s:1426   .text.USBD_CDC_ReceivePacket:00000000 $t
     /tmp/ccNbS6UW.s:1432   .text.USBD_CDC_ReceivePacket:00000000 USBD_CDC_ReceivePacket
     /tmp/ccNbS6UW.s:1496   .data.USBD_CDC_CfgDesc:00000000 $d
     /tmp/ccNbS6UW.s:1510   .data.USBD_CDC:00000000 USBD_CDC
     /tmp/ccNbS6UW.s:1507   .data.USBD_CDC:00000000 $d
     /tmp/ccNbS6UW.s:1526   .data.USBD_CDC_DeviceQualifierDesc:00000000 $d

UNDEFINED SYMBOLS
USBD_GetEpDesc
USBD_LL_GetRxDataSize
USBD_LL_Transmit
USBD_CtlSendData
USBD_CtlPrepareRx
USBD_CtlError
USBD_LL_CloseEP
USBD_static_free
USBD_static_malloc
memset
USBD_LL_OpenEP
ARM GAS  /tmp/ccNbS6UW.s 			page 51


USBD_LL_PrepareReceive
